Discrepancy Report Results

Summary
FATAL: MISSING_PROTEIN_ID:1693 proteins have invalid IDs.
DISC_SOURCE_QUALS_ASNDISC:strain (all present, all same)
DISC_SOURCE_QUALS_ASNDISC:taxname (all present, all same)
DISC_FEATURE_COUNT:CDS: 1693 present
DISC_FEATURE_COUNT:tRNA: 40 present
DISC_FEATURE_COUNT:rRNA: 2 present
DISC_FEATURE_COUNT:tmRNA: 1 present
DISC_COUNT_NUCLEOTIDES:19 nucleotide Bioseqs are present
FEATURE_LOCATION_CONFLICT:1736 features have inconsistent gene locations.
OVERLAPPING_CDS:10 coding regions overlap another coding region with a similar or identical name.
SUSPECT_PRODUCT_NAMES:4 product_names contain suspect phrase or characters
	Suspicious phrase; should this be nonfunctional?
		1 features contains 'truncat'
	May contain database identifier more appropriate in note; remove from product name
		1 features contains three or more numbers together that may be identifiers more appropriate in note
	Use short product name instead of descriptive phrase
		2 features Is longer than 100 characters. Remove descriptive phrases or synonyms from product names. Keep valid long product names, eg long enzyme names
FATAL: EC_NUMBER_ON_UNKNOWN_PROTEIN:1 protein features have an EC number and a protein name of 'unknown protein' or 'hypothetical protein'
NO_ANNOTATION:4 bioseqs have no features
DISC_QUALITY_SCORES:Quality scores are missing on all sequences.
ONCALLER_COMMENT_PRESENT:19 comment descriptors were found (all same)
SHORT_PROT_SEQUENCES:17 protein sequences are shorter than 50 aa.
MISSING_GENOMEASSEMBLY_COMMENTS:19 bioseqs are missing GenomeAssembly structured comments
MOLTYPE_NOT_MRNA:19 molecule types are not set as mRNA.
TECHNIQUE_NOT_TSA:19 technique are not set as TSA
MISSING_STRUCTURED_COMMENT:19 sequences do not include structured comments.
MISSING_PROJECT:1712 sequences do not include project.
DISC_INCONSISTENT_MOLINFO_TECH:Molinfo Technique Report (some missing, all same)
SEQ_ID_PHRASES:Sequence Ids contain unacceptable phrases (cov_, length, node, paired, or trimmed)


Detailed Report

FATAL: DiscRep_ALL:MISSING_PROTEIN_ID::1693 proteins have invalid IDs.
prokka_out/CA140705:NODE_1_length_597876_cov_87.036437_1 (length 90)
prokka_out/CA140705:NODE_1_length_597876_cov_87.036437_2 (length 632)
prokka_out/CA140705:NODE_1_length_597876_cov_87.036437_3 (length 654)
prokka_out/CA140705:NODE_1_length_597876_cov_87.036437_4 (length 619)
prokka_out/CA140705:NODE_1_length_597876_cov_87.036437_5 (length 256)
prokka_out/CA140705:NODE_1_length_597876_cov_87.036437_6 (length 235)
prokka_out/CA140705:NODE_1_length_597876_cov_87.036437_7 (length 301)
prokka_out/CA140705:NODE_1_length_597876_cov_87.036437_8 (length 343)
prokka_out/CA140705:NODE_1_length_597876_cov_87.036437_9 (length 391)
prokka_out/CA140705:NODE_1_length_597876_cov_87.036437_10 (length 334)
prokka_out/CA140705:NODE_1_length_597876_cov_87.036437_11 (length 226)
prokka_out/CA140705:NODE_1_length_597876_cov_87.036437_12 (length 373)
prokka_out/CA140705:NODE_1_length_597876_cov_87.036437_13 (length 380)
prokka_out/CA140705:NODE_1_length_597876_cov_87.036437_14 (length 323)
prokka_out/CA140705:NODE_1_length_597876_cov_87.036437_15 (length 343)
prokka_out/CA140705:NODE_1_length_597876_cov_87.036437_16 (length 89)
prokka_out/CA140705:NODE_1_length_597876_cov_87.036437_17 (length 286)
prokka_out/CA140705:NODE_1_length_597876_cov_87.036437_18 (length 76)
prokka_out/CA140705:NODE_1_length_597876_cov_87.036437_19 (length 119)
prokka_out/CA140705:NODE_1_length_597876_cov_87.036437_20 (length 248)
prokka_out/CA140705:NODE_1_length_597876_cov_87.036437_21 (length 157)
prokka_out/CA140705:NODE_1_length_597876_cov_87.036437_22 (length 274)
prokka_out/CA140705:NODE_1_length_597876_cov_87.036437_23 (length 232)
prokka_out/CA140705:NODE_1_length_597876_cov_87.036437_24 (length 403)
prokka_out/CA140705:NODE_1_length_597876_cov_87.036437_25 (length 308)
prokka_out/CA140705:NODE_1_length_597876_cov_87.036437_26 (length 101)
prokka_out/CA140705:NODE_1_length_597876_cov_87.036437_27 (length 238)
prokka_out/CA140705:NODE_1_length_597876_cov_87.036437_28 (length 75)
prokka_out/CA140705:NODE_1_length_597876_cov_87.036437_29 (length 48)
prokka_out/CA140705:NODE_1_length_597876_cov_87.036437_30 (length 175)
prokka_out/CA140705:NODE_1_length_597876_cov_87.036437_31 (length 241)
prokka_out/CA140705:NODE_1_length_597876_cov_87.036437_32 (length 502)
prokka_out/CA140705:NODE_1_length_597876_cov_87.036437_33 (length 204)
prokka_out/CA140705:NODE_1_length_597876_cov_87.036437_34 (length 190)
prokka_out/CA140705:NODE_1_length_597876_cov_87.036437_35 (length 218)
prokka_out/CA140705:NODE_1_length_597876_cov_87.036437_36 (length 192)
prokka_out/CA140705:NODE_1_length_597876_cov_87.036437_37 (length 73)
prokka_out/CA140705:NODE_1_length_597876_cov_87.036437_38 (length 353)
prokka_out/CA140705:NODE_1_length_597876_cov_87.036437_39 (length 520)
prokka_out/CA140705:NODE_1_length_597876_cov_87.036437_40 (length 138)
prokka_out/CA140705:NODE_1_length_597876_cov_87.036437_41 (length 297)
prokka_out/CA140705:NODE_1_length_597876_cov_87.036437_42 (length 76)
prokka_out/CA140705:NODE_1_length_597876_cov_87.036437_43 (length 263)
prokka_out/CA140705:NODE_1_length_597876_cov_87.036437_44 (length 435)
prokka_out/CA140705:NODE_1_length_597876_cov_87.036437_45 (length 376)
prokka_out/CA140705:NODE_1_length_597876_cov_87.036437_46 (length 334)
prokka_out/CA140705:NODE_1_length_597876_cov_87.036437_47 (length 186)
prokka_out/CA140705:NODE_1_length_597876_cov_87.036437_48 (length 151)
prokka_out/CA140705:NODE_1_length_597876_cov_87.036437_49 (length 443)
prokka_out/CA140705:NODE_1_length_597876_cov_87.036437_50 (length 271)
prokka_out/CA140705:NODE_1_length_597876_cov_87.036437_51 (length 463)
prokka_out/CA140705:NODE_1_length_597876_cov_87.036437_52 (length 411)
prokka_out/CA140705:NODE_1_length_597876_cov_87.036437_53 (length 208)
prokka_out/CA140705:NODE_1_length_597876_cov_87.036437_54 (length 223)
prokka_out/CA140705:NODE_1_length_597876_cov_87.036437_55 (length 216)
prokka_out/CA140705:NODE_1_length_597876_cov_87.036437_56 (length 447)
prokka_out/CA140705:NODE_1_length_597876_cov_87.036437_57 (length 339)
prokka_out/CA140705:NODE_1_length_597876_cov_87.036437_58 (length 147)
prokka_out/CA140705:NODE_1_length_597876_cov_87.036437_59 (length 566)
prokka_out/CA140705:NODE_1_length_597876_cov_87.036437_60 (length 154)
prokka_out/CA140705:NODE_1_length_597876_cov_87.036437_61 (length 317)
prokka_out/CA140705:NODE_1_length_597876_cov_87.036437_62 (length 341)
prokka_out/CA140705:NODE_1_length_597876_cov_87.036437_63 (length 248)
prokka_out/CA140705:NODE_1_length_597876_cov_87.036437_64 (length 134)
prokka_out/CA140705:NODE_1_length_597876_cov_87.036437_65 (length 355)
prokka_out/CA140705:NODE_1_length_597876_cov_87.036437_66 (length 156)
prokka_out/CA140705:NODE_1_length_597876_cov_87.036437_67 (length 400)
prokka_out/CA140705:NODE_1_length_597876_cov_87.036437_68 (length 177)
prokka_out/CA140705:NODE_1_length_597876_cov_87.036437_69 (length 203)
prokka_out/CA140705:NODE_1_length_597876_cov_87.036437_70 (length 389)
prokka_out/CA140705:NODE_1_length_597876_cov_87.036437_71 (length 647)
prokka_out/CA140705:NODE_1_length_597876_cov_87.036437_72 (length 334)
prokka_out/CA140705:NODE_1_length_597876_cov_87.036437_73 (length 249)
prokka_out/CA140705:NODE_1_length_597876_cov_87.036437_74 (length 278)
prokka_out/CA140705:NODE_1_length_597876_cov_87.036437_75 (length 234)
prokka_out/CA140705:NODE_1_length_597876_cov_87.036437_76 (length 72)
prokka_out/CA140705:NODE_1_length_597876_cov_87.036437_77 (length 210)
prokka_out/CA140705:NODE_1_length_597876_cov_87.036437_78 (length 216)
prokka_out/CA140705:NODE_1_length_597876_cov_87.036437_79 (length 208)
prokka_out/CA140705:NODE_1_length_597876_cov_87.036437_80 (length 273)
prokka_out/CA140705:NODE_1_length_597876_cov_87.036437_81 (length 354)
prokka_out/CA140705:NODE_1_length_597876_cov_87.036437_82 (length 484)
prokka_out/CA140705:NODE_1_length_597876_cov_87.036437_83 (length 316)
prokka_out/CA140705:NODE_1_length_597876_cov_87.036437_84 (length 289)
prokka_out/CA140705:NODE_1_length_597876_cov_87.036437_85 (length 151)
prokka_out/CA140705:NODE_1_length_597876_cov_87.036437_86 (length 394)
prokka_out/CA140705:NODE_1_length_597876_cov_87.036437_87 (length 218)
prokka_out/CA140705:NODE_1_length_597876_cov_87.036437_88 (length 69)
prokka_out/CA140705:NODE_1_length_597876_cov_87.036437_89 (length 89)
prokka_out/CA140705:NODE_1_length_597876_cov_87.036437_90 (length 160)
prokka_out/CA140705:NODE_1_length_597876_cov_87.036437_91 (length 738)
prokka_out/CA140705:NODE_1_length_597876_cov_87.036437_92 (length 682)
prokka_out/CA140705:NODE_1_length_597876_cov_87.036437_93 (length 150)
prokka_out/CA140705:NODE_1_length_597876_cov_87.036437_94 (length 416)
prokka_out/CA140705:NODE_1_length_597876_cov_87.036437_95 (length 486)
prokka_out/CA140705:NODE_1_length_597876_cov_87.036437_96 (length 172)
prokka_out/CA140705:NODE_1_length_597876_cov_87.036437_97 (length 202)
prokka_out/CA140705:NODE_1_length_597876_cov_87.036437_98 (length 511)
prokka_out/CA140705:NODE_1_length_597876_cov_87.036437_99 (length 158)
prokka_out/CA140705:NODE_1_length_597876_cov_87.036437_1> (length 604)
prokka_out/CA140705:NODE_1_length_597876_cov_87.036437_1> (length 397)
prokka_out/CA140705:NODE_1_length_597876_cov_87.036437_1> (length 300)
prokka_out/CA140705:NODE_1_length_597876_cov_87.036437_1> (length 340)
prokka_out/CA140705:NODE_1_length_597876_cov_87.036437_1> (length 103)
prokka_out/CA140705:NODE_1_length_597876_cov_87.036437_1> (length 201)
prokka_out/CA140705:NODE_1_length_597876_cov_87.036437_1> (length 366)
prokka_out/CA140705:NODE_1_length_597876_cov_87.036437_1> (length 255)
prokka_out/CA140705:NODE_1_length_597876_cov_87.036437_1> (length 325)
prokka_out/CA140705:NODE_1_length_597876_cov_87.036437_1> (length 165)
prokka_out/CA140705:NODE_1_length_597876_cov_87.036437_1> (length 36)
prokka_out/CA140705:NODE_1_length_597876_cov_87.036437_1> (length 316)
prokka_out/CA140705:NODE_1_length_597876_cov_87.036437_1> (length 273)
prokka_out/CA140705:NODE_1_length_597876_cov_87.036437_1> (length 664)
prokka_out/CA140705:NODE_1_length_597876_cov_87.036437_1> (length 206)
prokka_out/CA140705:NODE_1_length_597876_cov_87.036437_1> (length 110)
prokka_out/CA140705:NODE_1_length_597876_cov_87.036437_1> (length 540)
prokka_out/CA140705:NODE_1_length_597876_cov_87.036437_1> (length 124)
prokka_out/CA140705:NODE_1_length_597876_cov_87.036437_1> (length 299)
prokka_out/CA140705:NODE_1_length_597876_cov_87.036437_1> (length 472)
prokka_out/CA140705:NODE_1_length_597876_cov_87.036437_1> (length 224)
prokka_out/CA140705:NODE_1_length_597876_cov_87.036437_1> (length 416)
prokka_out/CA140705:NODE_1_length_597876_cov_87.036437_1> (length 515)
prokka_out/CA140705:NODE_1_length_597876_cov_87.036437_1> (length 557)
prokka_out/CA140705:NODE_1_length_597876_cov_87.036437_1> (length 354)
prokka_out/CA140705:NODE_1_length_597876_cov_87.036437_1> (length 384)
prokka_out/CA140705:NODE_1_length_597876_cov_87.036437_1> (length 110)
prokka_out/CA140705:NODE_1_length_597876_cov_87.036437_1> (length 109)
prokka_out/CA140705:NODE_1_length_597876_cov_87.036437_1> (length 173)
prokka_out/CA140705:NODE_1_length_597876_cov_87.036437_1> (length 262)
prokka_out/CA140705:NODE_1_length_597876_cov_87.036437_1> (length 121)
prokka_out/CA140705:NODE_1_length_597876_cov_87.036437_1> (length 199)
prokka_out/CA140705:NODE_1_length_597876_cov_87.036437_1> (length 221)
prokka_out/CA140705:NODE_1_length_597876_cov_87.036437_1> (length 401)
prokka_out/CA140705:NODE_1_length_597876_cov_87.036437_1> (length 67)
prokka_out/CA140705:NODE_1_length_597876_cov_87.036437_1> (length 545)
prokka_out/CA140705:NODE_1_length_597876_cov_87.036437_1> (length 86)
prokka_out/CA140705:NODE_1_length_597876_cov_87.036437_1> (length 846)
prokka_out/CA140705:NODE_1_length_597876_cov_87.036437_1> (length 203)
prokka_out/CA140705:NODE_1_length_597876_cov_87.036437_1> (length 226)
prokka_out/CA140705:NODE_1_length_597876_cov_87.036437_1> (length 68)
prokka_out/CA140705:NODE_1_length_597876_cov_87.036437_1> (length 386)
prokka_out/CA140705:NODE_1_length_597876_cov_87.036437_1> (length 242)
prokka_out/CA140705:NODE_1_length_597876_cov_87.036437_1> (length 460)
prokka_out/CA140705:NODE_1_length_597876_cov_87.036437_1> (length 268)
prokka_out/CA140705:NODE_1_length_597876_cov_87.036437_1> (length 419)
prokka_out/CA140705:NODE_1_length_597876_cov_87.036437_1> (length 185)
prokka_out/CA140705:NODE_1_length_597876_cov_87.036437_1> (length 536)
prokka_out/CA140705:NODE_1_length_597876_cov_87.036437_1> (length 185)
prokka_out/CA140705:NODE_1_length_597876_cov_87.036437_1> (length 288)
prokka_out/CA140705:NODE_1_length_597876_cov_87.036437_1> (length 314)
prokka_out/CA140705:NODE_1_length_597876_cov_87.036437_1> (length 111)
prokka_out/CA140705:NODE_1_length_597876_cov_87.036437_1> (length 293)
prokka_out/CA140705:NODE_1_length_597876_cov_87.036437_1> (length 283)
prokka_out/CA140705:NODE_1_length_597876_cov_87.036437_1> (length 446)
prokka_out/CA140705:NODE_1_length_597876_cov_87.036437_1> (length 226)
prokka_out/CA140705:NODE_1_length_597876_cov_87.036437_1> (length 66)
prokka_out/CA140705:NODE_1_length_597876_cov_87.036437_1> (length 282)
prokka_out/CA140705:NODE_1_length_597876_cov_87.036437_1> (length 754)
prokka_out/CA140705:NODE_1_length_597876_cov_87.036437_1> (length 256)
prokka_out/CA140705:NODE_1_length_597876_cov_87.036437_1> (length 330)
prokka_out/CA140705:NODE_1_length_597876_cov_87.036437_1> (length 164)
prokka_out/CA140705:NODE_1_length_597876_cov_87.036437_1> (length 472)
prokka_out/CA140705:NODE_1_length_597876_cov_87.036437_1> (length 299)
prokka_out/CA140705:NODE_1_length_597876_cov_87.036437_1> (length 393)
prokka_out/CA140705:NODE_1_length_597876_cov_87.036437_1> (length 508)
prokka_out/CA140705:NODE_1_length_597876_cov_87.036437_1> (length 267)
prokka_out/CA140705:NODE_1_length_597876_cov_87.036437_1> (length 350)
prokka_out/CA140705:NODE_1_length_597876_cov_87.036437_1> (length 58)
prokka_out/CA140705:NODE_1_length_597876_cov_87.036437_1> (length 164)
prokka_out/CA140705:NODE_1_length_597876_cov_87.036437_1> (length 459)
prokka_out/CA140705:NODE_1_length_597876_cov_87.036437_1> (length 165)
prokka_out/CA140705:NODE_1_length_597876_cov_87.036437_1> (length 619)
prokka_out/CA140705:NODE_1_length_597876_cov_87.036437_1> (length 422)
prokka_out/CA140705:NODE_1_length_597876_cov_87.036437_1> (length 167)
prokka_out/CA140705:NODE_1_length_597876_cov_87.036437_1> (length 416)
prokka_out/CA140705:NODE_1_length_597876_cov_87.036437_1> (length 374)
prokka_out/CA140705:NODE_1_length_597876_cov_87.036437_1> (length 387)
prokka_out/CA140705:NODE_1_length_597876_cov_87.036437_1> (length 263)
prokka_out/CA140705:NODE_1_length_597876_cov_87.036437_1> (length 357)
prokka_out/CA140705:NODE_1_length_597876_cov_87.036437_1> (length 211)
prokka_out/CA140705:NODE_1_length_597876_cov_87.036437_1> (length 255)
prokka_out/CA140705:NODE_1_length_597876_cov_87.036437_1> (length 517)
prokka_out/CA140705:NODE_1_length_597876_cov_87.036437_1> (length 205)
prokka_out/CA140705:NODE_1_length_597876_cov_87.036437_1> (length 79)
prokka_out/CA140705:NODE_1_length_597876_cov_87.036437_1> (length 530)
prokka_out/CA140705:NODE_1_length_597876_cov_87.036437_1> (length 102)
prokka_out/CA140705:NODE_1_length_597876_cov_87.036437_1> (length 113)
prokka_out/CA140705:NODE_1_length_597876_cov_87.036437_1> (length 235)
prokka_out/CA140705:NODE_1_length_597876_cov_87.036437_1> (length 160)
prokka_out/CA140705:NODE_1_length_597876_cov_87.036437_1> (length 487)
prokka_out/CA140705:NODE_1_length_597876_cov_87.036437_1> (length 75)
prokka_out/CA140705:NODE_1_length_597876_cov_87.036437_1> (length 200)
prokka_out/CA140705:NODE_1_length_597876_cov_87.036437_1> (length 308)
prokka_out/CA140705:NODE_1_length_597876_cov_87.036437_1> (length 258)
prokka_out/CA140705:NODE_1_length_597876_cov_87.036437_1> (length 164)
prokka_out/CA140705:NODE_1_length_597876_cov_87.036437_1> (length 89)
prokka_out/CA140705:NODE_1_length_597876_cov_87.036437_1> (length 313)
prokka_out/CA140705:NODE_1_length_597876_cov_87.036437_1> (length 67)
prokka_out/CA140705:NODE_1_length_597876_cov_87.036437_1> (length 707)
prokka_out/CA140705:NODE_1_length_597876_cov_87.036437_2> (length 518)
prokka_out/CA140705:NODE_1_length_597876_cov_87.036437_2> (length 432)
prokka_out/CA140705:NODE_1_length_597876_cov_87.036437_2> (length 785)
prokka_out/CA140705:NODE_1_length_597876_cov_87.036437_2> (length 66)
prokka_out/CA140705:NODE_1_length_597876_cov_87.036437_2> (length 99)
prokka_out/CA140705:NODE_1_length_597876_cov_87.036437_2> (length 187)
prokka_out/CA140705:NODE_1_length_597876_cov_87.036437_2> (length 317)
prokka_out/CA140705:NODE_1_length_597876_cov_87.036437_2> (length 461)
prokka_out/CA140705:NODE_1_length_597876_cov_87.036437_2> (length 186)
prokka_out/CA140705:NODE_1_length_597876_cov_87.036437_2> (length 152)
prokka_out/CA140705:NODE_1_length_597876_cov_87.036437_2> (length 314)
prokka_out/CA140705:NODE_1_length_597876_cov_87.036437_2> (length 273)
prokka_out/CA140705:NODE_1_length_597876_cov_87.036437_2> (length 455)
prokka_out/CA140705:NODE_1_length_597876_cov_87.036437_2> (length 379)
prokka_out/CA140705:NODE_1_length_597876_cov_87.036437_2> (length 312)
prokka_out/CA140705:NODE_1_length_597876_cov_87.036437_2> (length 389)
prokka_out/CA140705:NODE_1_length_597876_cov_87.036437_2> (length 339)
prokka_out/CA140705:NODE_1_length_597876_cov_87.036437_2> (length 323)
prokka_out/CA140705:NODE_1_length_597876_cov_87.036437_2> (length 271)
prokka_out/CA140705:NODE_1_length_597876_cov_87.036437_2> (length 357)
prokka_out/CA140705:NODE_1_length_597876_cov_87.036437_2> (length 585)
prokka_out/CA140705:NODE_1_length_597876_cov_87.036437_2> (length 305)
prokka_out/CA140705:NODE_1_length_597876_cov_87.036437_2> (length 440)
prokka_out/CA140705:NODE_1_length_597876_cov_87.036437_2> (length 357)
prokka_out/CA140705:NODE_1_length_597876_cov_87.036437_2> (length 403)
prokka_out/CA140705:NODE_1_length_597876_cov_87.036437_2> (length 354)
prokka_out/CA140705:NODE_1_length_597876_cov_87.036437_2> (length 515)
prokka_out/CA140705:NODE_1_length_597876_cov_87.036437_2> (length 295)
prokka_out/CA140705:NODE_1_length_597876_cov_87.036437_2> (length 342)
prokka_out/CA140705:NODE_1_length_597876_cov_87.036437_2> (length 263)
prokka_out/CA140705:NODE_1_length_597876_cov_87.036437_2> (length 328)
prokka_out/CA140705:NODE_1_length_597876_cov_87.036437_2> (length 566)
prokka_out/CA140705:NODE_1_length_597876_cov_87.036437_2> (length 358)
prokka_out/CA140705:NODE_1_length_597876_cov_87.036437_2> (length 309)
prokka_out/CA140705:NODE_1_length_597876_cov_87.036437_2> (length 365)
prokka_out/CA140705:NODE_1_length_597876_cov_87.036437_2> (length 714)
prokka_out/CA140705:NODE_1_length_597876_cov_87.036437_2> (length 376)
prokka_out/CA140705:NODE_1_length_597876_cov_87.036437_2> (length 200)
prokka_out/CA140705:NODE_1_length_597876_cov_87.036437_2> (length 195)
prokka_out/CA140705:NODE_1_length_597876_cov_87.036437_2> (length 386)
prokka_out/CA140705:NODE_1_length_597876_cov_87.036437_2> (length 590)
prokka_out/CA140705:NODE_1_length_597876_cov_87.036437_2> (length 130)
prokka_out/CA140705:NODE_1_length_597876_cov_87.036437_2> (length 282)
prokka_out/CA140705:NODE_1_length_597876_cov_87.036437_2> (length 648)
prokka_out/CA140705:NODE_1_length_597876_cov_87.036437_2> (length 204)
prokka_out/CA140705:NODE_1_length_597876_cov_87.036437_2> (length 241)
prokka_out/CA140705:NODE_1_length_597876_cov_87.036437_2> (length 265)
prokka_out/CA140705:NODE_1_length_597876_cov_87.036437_2> (length 118)
prokka_out/CA140705:NODE_1_length_597876_cov_87.036437_2> (length 212)
prokka_out/CA140705:NODE_1_length_597876_cov_87.036437_2> (length 217)
prokka_out/CA140705:NODE_1_length_597876_cov_87.036437_2> (length 705)
prokka_out/CA140705:NODE_1_length_597876_cov_87.036437_2> (length 96)
prokka_out/CA140705:NODE_1_length_597876_cov_87.036437_2> (length 201)
prokka_out/CA140705:NODE_1_length_597876_cov_87.036437_2> (length 150)
prokka_out/CA140705:NODE_1_length_597876_cov_87.036437_2> (length 256)
prokka_out/CA140705:NODE_1_length_597876_cov_87.036437_2> (length 75)
prokka_out/CA140705:NODE_1_length_597876_cov_87.036437_2> (length 272)
prokka_out/CA140705:NODE_1_length_597876_cov_87.036437_2> (length 686)
prokka_out/CA140705:NODE_1_length_597876_cov_87.036437_2> (length 145)
prokka_out/CA140705:NODE_1_length_597876_cov_87.036437_2> (length 571)
prokka_out/CA140705:NODE_1_length_597876_cov_87.036437_2> (length 293)
prokka_out/CA140705:NODE_1_length_597876_cov_87.036437_2> (length 407)
prokka_out/CA140705:NODE_1_length_597876_cov_87.036437_2> (length 399)
prokka_out/CA140705:NODE_1_length_597876_cov_87.036437_2> (length 382)
prokka_out/CA140705:NODE_1_length_597876_cov_87.036437_2> (length 72)
prokka_out/CA140705:NODE_1_length_597876_cov_87.036437_2> (length 134)
prokka_out/CA140705:NODE_1_length_597876_cov_87.036437_2> (length 404)
prokka_out/CA140705:NODE_1_length_597876_cov_87.036437_2> (length 90)
prokka_out/CA140705:NODE_1_length_597876_cov_87.036437_2> (length 526)
prokka_out/CA140705:NODE_1_length_597876_cov_87.036437_2> (length 323)
prokka_out/CA140705:NODE_1_length_597876_cov_87.036437_2> (length 810)
prokka_out/CA140705:NODE_1_length_597876_cov_87.036437_2> (length 170)
prokka_out/CA140705:NODE_1_length_597876_cov_87.036437_2> (length 467)
prokka_out/CA140705:NODE_1_length_597876_cov_87.036437_2> (length 395)
prokka_out/CA140705:NODE_1_length_597876_cov_87.036437_2> (length 300)
prokka_out/CA140705:NODE_1_length_597876_cov_87.036437_2> (length 95)
prokka_out/CA140705:NODE_1_length_597876_cov_87.036437_2> (length 978)
prokka_out/CA140705:NODE_1_length_597876_cov_87.036437_2> (length 254)
prokka_out/CA140705:NODE_1_length_597876_cov_87.036437_2> (length 227)
prokka_out/CA140705:NODE_1_length_597876_cov_87.036437_2> (length 270)
prokka_out/CA140705:NODE_1_length_597876_cov_87.036437_2> (length 210)
prokka_out/CA140705:NODE_1_length_597876_cov_87.036437_2> (length 209)
prokka_out/CA140705:NODE_1_length_597876_cov_87.036437_2> (length 150)
prokka_out/CA140705:NODE_1_length_597876_cov_87.036437_2> (length 222)
prokka_out/CA140705:NODE_1_length_597876_cov_87.036437_2> (length 101)
prokka_out/CA140705:NODE_1_length_597876_cov_87.036437_2> (length 245)
prokka_out/CA140705:NODE_1_length_597876_cov_87.036437_2> (length 129)
prokka_out/CA140705:NODE_1_length_597876_cov_87.036437_2> (length 215)
prokka_out/CA140705:NODE_1_length_597876_cov_87.036437_2> (length 791)
prokka_out/CA140705:NODE_1_length_597876_cov_87.036437_2> (length 86)
prokka_out/CA140705:NODE_1_length_597876_cov_87.036437_2> (length 182)
prokka_out/CA140705:NODE_1_length_597876_cov_87.036437_2> (length 125)
prokka_out/CA140705:NODE_1_length_597876_cov_87.036437_2> (length 354)
prokka_out/CA140705:NODE_1_length_597876_cov_87.036437_2> (length 67)
prokka_out/CA140705:NODE_1_length_597876_cov_87.036437_2> (length 334)
prokka_out/CA140705:NODE_1_length_597876_cov_87.036437_2> (length 94)
prokka_out/CA140705:NODE_1_length_597876_cov_87.036437_2> (length 63)
prokka_out/CA140705:NODE_1_length_597876_cov_87.036437_2> (length 83)
prokka_out/CA140705:NODE_1_length_597876_cov_87.036437_2> (length 367)
prokka_out/CA140705:NODE_1_length_597876_cov_87.036437_2> (length 178)
prokka_out/CA140705:NODE_1_length_597876_cov_87.036437_3> (length 201)
prokka_out/CA140705:NODE_1_length_597876_cov_87.036437_3> (length 206)
prokka_out/CA140705:NODE_1_length_597876_cov_87.036437_3> (length 141)
prokka_out/CA140705:NODE_1_length_597876_cov_87.036437_3> (length 362)
prokka_out/CA140705:NODE_1_length_597876_cov_87.036437_3> (length 918)
prokka_out/CA140705:NODE_1_length_597876_cov_87.036437_3> (length 455)
prokka_out/CA140705:NODE_1_length_597876_cov_87.036437_3> (length 484)
prokka_out/CA140705:NODE_1_length_597876_cov_87.036437_3> (length 57)
prokka_out/CA140705:NODE_1_length_597876_cov_87.036437_3> (length 259)
prokka_out/CA140705:NODE_1_length_597876_cov_87.036437_3> (length 85)
prokka_out/CA140705:NODE_1_length_597876_cov_87.036437_3> (length 507)
prokka_out/CA140705:NODE_1_length_597876_cov_87.036437_3> (length 117)
prokka_out/CA140705:NODE_1_length_597876_cov_87.036437_3> (length 211)
prokka_out/CA140705:NODE_1_length_597876_cov_87.036437_3> (length 431)
prokka_out/CA140705:NODE_1_length_597876_cov_87.036437_3> (length 116)
prokka_out/CA140705:NODE_1_length_597876_cov_87.036437_3> (length 735)
prokka_out/CA140705:NODE_1_length_597876_cov_87.036437_3> (length 1331)
prokka_out/CA140705:NODE_1_length_597876_cov_87.036437_3> (length 233)
prokka_out/CA140705:NODE_1_length_597876_cov_87.036437_3> (length 200)
prokka_out/CA140705:NODE_1_length_597876_cov_87.036437_3> (length 366)
prokka_out/CA140705:NODE_1_length_597876_cov_87.036437_3> (length 1036)
prokka_out/CA140705:NODE_1_length_597876_cov_87.036437_3> (length 63)
prokka_out/CA140705:NODE_1_length_597876_cov_87.036437_3> (length 266)
prokka_out/CA140705:NODE_1_length_597876_cov_87.036437_3> (length 258)
prokka_out/CA140705:NODE_1_length_597876_cov_87.036437_3> (length 381)
prokka_out/CA140705:NODE_1_length_597876_cov_87.036437_3> (length 201)
prokka_out/CA140705:NODE_1_length_597876_cov_87.036437_3> (length 296)
prokka_out/CA140705:NODE_1_length_597876_cov_87.036437_3> (length 284)
prokka_out/CA140705:NODE_1_length_597876_cov_87.036437_3> (length 386)
prokka_out/CA140705:NODE_1_length_597876_cov_87.036437_3> (length 338)
prokka_out/CA140705:NODE_1_length_597876_cov_87.036437_3> (length 387)
prokka_out/CA140705:NODE_1_length_597876_cov_87.036437_3> (length 480)
prokka_out/CA140705:NODE_1_length_597876_cov_87.036437_3> (length 78)
prokka_out/CA140705:NODE_1_length_597876_cov_87.036437_3> (length 239)
prokka_out/CA140705:NODE_1_length_597876_cov_87.036437_3> (length 268)
prokka_out/CA140705:NODE_1_length_597876_cov_87.036437_3> (length 1005)
prokka_out/CA140705:NODE_1_length_597876_cov_87.036437_3> (length 246)
prokka_out/CA140705:NODE_1_length_597876_cov_87.036437_3> (length 424)
prokka_out/CA140705:NODE_1_length_597876_cov_87.036437_3> (length 598)
prokka_out/CA140705:NODE_1_length_597876_cov_87.036437_3> (length 214)
prokka_out/CA140705:NODE_1_length_597876_cov_87.036437_3> (length 191)
prokka_out/CA140705:NODE_1_length_597876_cov_87.036437_3> (length 855)
prokka_out/CA140705:NODE_1_length_597876_cov_87.036437_3> (length 173)
prokka_out/CA140705:NODE_1_length_597876_cov_87.036437_3> (length 149)
prokka_out/CA140705:NODE_1_length_597876_cov_87.036437_3> (length 432)
prokka_out/CA140705:NODE_1_length_597876_cov_87.036437_3> (length 343)
prokka_out/CA140705:NODE_1_length_597876_cov_87.036437_3> (length 168)
prokka_out/CA140705:NODE_1_length_597876_cov_87.036437_3> (length 66)
prokka_out/CA140705:NODE_1_length_597876_cov_87.036437_3> (length 143)
prokka_out/CA140705:NODE_1_length_597876_cov_87.036437_3> (length 374)
prokka_out/CA140705:NODE_1_length_597876_cov_87.036437_3> (length 369)
prokka_out/CA140705:NODE_1_length_597876_cov_87.036437_3> (length 319)
prokka_out/CA140705:NODE_1_length_597876_cov_87.036437_3> (length 346)
prokka_out/CA140705:NODE_1_length_597876_cov_87.036437_3> (length 256)
prokka_out/CA140705:NODE_1_length_597876_cov_87.036437_3> (length 231)
prokka_out/CA140705:NODE_1_length_597876_cov_87.036437_3> (length 1086)
prokka_out/CA140705:NODE_1_length_597876_cov_87.036437_3> (length 151)
prokka_out/CA140705:NODE_1_length_597876_cov_87.036437_3> (length 56)
prokka_out/CA140705:NODE_1_length_597876_cov_87.036437_3> (length 193)
prokka_out/CA140705:NODE_1_length_597876_cov_87.036437_3> (length 673)
prokka_out/CA140705:NODE_1_length_597876_cov_87.036437_3> (length 256)
prokka_out/CA140705:NODE_1_length_597876_cov_87.036437_3> (length 377)
prokka_out/CA140705:NODE_1_length_597876_cov_87.036437_3> (length 466)
prokka_out/CA140705:NODE_1_length_597876_cov_87.036437_3> (length 351)
prokka_out/CA140705:NODE_1_length_597876_cov_87.036437_3> (length 523)
prokka_out/CA140705:NODE_1_length_597876_cov_87.036437_3> (length 418)
prokka_out/CA140705:NODE_1_length_597876_cov_87.036437_3> (length 534)
prokka_out/CA140705:NODE_1_length_597876_cov_87.036437_3> (length 138)
prokka_out/CA140705:NODE_1_length_597876_cov_87.036437_3> (length 172)
prokka_out/CA140705:NODE_1_length_597876_cov_87.036437_3> (length 169)
prokka_out/CA140705:NODE_1_length_597876_cov_87.036437_3> (length 621)
prokka_out/CA140705:NODE_1_length_597876_cov_87.036437_3> (length 293)
prokka_out/CA140705:NODE_1_length_597876_cov_87.036437_3> (length 364)
prokka_out/CA140705:NODE_1_length_597876_cov_87.036437_3> (length 190)
prokka_out/CA140705:NODE_1_length_597876_cov_87.036437_3> (length 199)
prokka_out/CA140705:NODE_1_length_597876_cov_87.036437_3> (length 186)
prokka_out/CA140705:NODE_1_length_597876_cov_87.036437_3> (length 327)
prokka_out/CA140705:NODE_1_length_597876_cov_87.036437_3> (length 303)
prokka_out/CA140705:NODE_1_length_597876_cov_87.036437_3> (length 163)
prokka_out/CA140705:NODE_1_length_597876_cov_87.036437_3> (length 451)
prokka_out/CA140705:NODE_1_length_597876_cov_87.036437_3> (length 421)
prokka_out/CA140705:NODE_1_length_597876_cov_87.036437_3> (length 234)
prokka_out/CA140705:NODE_1_length_597876_cov_87.036437_3> (length 67)
prokka_out/CA140705:NODE_1_length_597876_cov_87.036437_3> (length 246)
prokka_out/CA140705:NODE_1_length_597876_cov_87.036437_3> (length 367)
prokka_out/CA140705:NODE_1_length_597876_cov_87.036437_3> (length 279)
prokka_out/CA140705:NODE_1_length_597876_cov_87.036437_3> (length 415)
prokka_out/CA140705:NODE_1_length_597876_cov_87.036437_3> (length 422)
prokka_out/CA140705:NODE_1_length_597876_cov_87.036437_3> (length 175)
prokka_out/CA140705:NODE_1_length_597876_cov_87.036437_3> (length 57)
prokka_out/CA140705:NODE_1_length_597876_cov_87.036437_3> (length 191)
prokka_out/CA140705:NODE_1_length_597876_cov_87.036437_3> (length 291)
prokka_out/CA140705:NODE_1_length_597876_cov_87.036437_3> (length 303)
prokka_out/CA140705:NODE_1_length_597876_cov_87.036437_3> (length 138)
prokka_out/CA140705:NODE_1_length_597876_cov_87.036437_3> (length 112)
prokka_out/CA140705:NODE_1_length_597876_cov_87.036437_3> (length 444)
prokka_out/CA140705:NODE_1_length_597876_cov_87.036437_3> (length 449)
prokka_out/CA140705:NODE_1_length_597876_cov_87.036437_3> (length 597)
prokka_out/CA140705:NODE_1_length_597876_cov_87.036437_3> (length 524)
prokka_out/CA140705:NODE_1_length_597876_cov_87.036437_3> (length 461)
prokka_out/CA140705:NODE_1_length_597876_cov_87.036437_4> (length 367)
prokka_out/CA140705:NODE_1_length_597876_cov_87.036437_4> (length 483)
prokka_out/CA140705:NODE_1_length_597876_cov_87.036437_4> (length 231)
prokka_out/CA140705:NODE_1_length_597876_cov_87.036437_4> (length 127)
prokka_out/CA140705:NODE_1_length_597876_cov_87.036437_4> (length 50)
prokka_out/CA140705:NODE_1_length_597876_cov_87.036437_4> (length 110)
prokka_out/CA140705:NODE_1_length_597876_cov_87.036437_4> (length 145)
prokka_out/CA140705:NODE_1_length_597876_cov_87.036437_4> (length 184)
prokka_out/CA140705:NODE_1_length_597876_cov_87.036437_4> (length 262)
prokka_out/CA140705:NODE_1_length_597876_cov_87.036437_4> (length 242)
prokka_out/CA140705:NODE_1_length_597876_cov_87.036437_4> (length 259)
prokka_out/CA140705:NODE_1_length_597876_cov_87.036437_4> (length 250)
prokka_out/CA140705:NODE_1_length_597876_cov_87.036437_4> (length 219)
prokka_out/CA140705:NODE_1_length_597876_cov_87.036437_4> (length 309)
prokka_out/CA140705:NODE_1_length_597876_cov_87.036437_4> (length 703)
prokka_out/CA140705:NODE_1_length_597876_cov_87.036437_4> (length 137)
prokka_out/CA140705:NODE_1_length_597876_cov_87.036437_4> (length 613)
prokka_out/CA140705:NODE_1_length_597876_cov_87.036437_4> (length 96)
prokka_out/CA140705:NODE_1_length_597876_cov_87.036437_4> (length 299)
prokka_out/CA140705:NODE_1_length_597876_cov_87.036437_4> (length 184)
prokka_out/CA140705:NODE_1_length_597876_cov_87.036437_4> (length 150)
prokka_out/CA140705:NODE_1_length_597876_cov_87.036437_4> (length 138)
prokka_out/CA140705:NODE_1_length_597876_cov_87.036437_4> (length 101)
prokka_out/CA140705:NODE_1_length_597876_cov_87.036437_4> (length 325)
prokka_out/CA140705:NODE_1_length_597876_cov_87.036437_4> (length 329)
prokka_out/CA140705:NODE_1_length_597876_cov_87.036437_4> (length 155)
prokka_out/CA140705:NODE_1_length_597876_cov_87.036437_4> (length 494)
prokka_out/CA140705:NODE_1_length_597876_cov_87.036437_4> (length 242)
prokka_out/CA140705:NODE_1_length_597876_cov_87.036437_4> (length 247)
prokka_out/CA140705:NODE_1_length_597876_cov_87.036437_4> (length 45)
prokka_out/CA140705:NODE_1_length_597876_cov_87.036437_4> (length 189)
prokka_out/CA140705:NODE_1_length_597876_cov_87.036437_4> (length 121)
prokka_out/CA140705:NODE_1_length_597876_cov_87.036437_4> (length 330)
prokka_out/CA140705:NODE_1_length_597876_cov_87.036437_4> (length 773)
prokka_out/CA140705:NODE_1_length_597876_cov_87.036437_4> (length 426)
prokka_out/CA140705:NODE_1_length_597876_cov_87.036437_4> (length 276)
prokka_out/CA140705:NODE_1_length_597876_cov_87.036437_4> (length 556)
prokka_out/CA140705:NODE_1_length_597876_cov_87.036437_4> (length 163)
prokka_out/CA140705:NODE_1_length_597876_cov_87.036437_4> (length 527)
prokka_out/CA140705:NODE_1_length_597876_cov_87.036437_4> (length 223)
prokka_out/CA140705:NODE_1_length_597876_cov_87.036437_4> (length 427)
prokka_out/CA140705:NODE_1_length_597876_cov_87.036437_4> (length 643)
prokka_out/CA140705:NODE_1_length_597876_cov_87.036437_4> (length 388)
prokka_out/CA140705:NODE_1_length_597876_cov_87.036437_4> (length 418)
prokka_out/CA140705:NODE_1_length_597876_cov_87.036437_4> (length 286)
prokka_out/CA140705:NODE_1_length_597876_cov_87.036437_4> (length 192)
prokka_out/CA140705:NODE_1_length_597876_cov_87.036437_4> (length 592)
prokka_out/CA140705:NODE_1_length_597876_cov_87.036437_4> (length 354)
prokka_out/CA140705:NODE_1_length_597876_cov_87.036437_4> (length 231)
prokka_out/CA140705:NODE_1_length_597876_cov_87.036437_4> (length 212)
prokka_out/CA140705:NODE_1_length_597876_cov_87.036437_4> (length 46)
prokka_out/CA140705:NODE_1_length_597876_cov_87.036437_4> (length 210)
prokka_out/CA140705:NODE_1_length_597876_cov_87.036437_4> (length 80)
prokka_out/CA140705:NODE_1_length_597876_cov_87.036437_4> (length 350)
prokka_out/CA140705:NODE_1_length_597876_cov_87.036437_4> (length 725)
prokka_out/CA140705:NODE_1_length_597876_cov_87.036437_4> (length 136)
prokka_out/CA140705:NODE_1_length_597876_cov_87.036437_4> (length 90)
prokka_out/CA140705:NODE_1_length_597876_cov_87.036437_4> (length 946)
prokka_out/CA140705:NODE_1_length_597876_cov_87.036437_4> (length 750)
prokka_out/CA140705:NODE_1_length_597876_cov_87.036437_4> (length 146)
prokka_out/CA140705:NODE_1_length_597876_cov_87.036437_4> (length 339)
prokka_out/CA140705:NODE_1_length_597876_cov_87.036437_4> (length 248)
prokka_out/CA140705:NODE_1_length_597876_cov_87.036437_4> (length 422)
prokka_out/CA140705:NODE_1_length_597876_cov_87.036437_4> (length 261)
prokka_out/CA140705:NODE_1_length_597876_cov_87.036437_4> (length 125)
prokka_out/CA140705:NODE_1_length_597876_cov_87.036437_4> (length 372)
prokka_out/CA140705:NODE_1_length_597876_cov_87.036437_4> (length 401)
prokka_out/CA140705:NODE_1_length_597876_cov_87.036437_4> (length 862)
prokka_out/CA140705:NODE_1_length_597876_cov_87.036437_4> (length 169)
prokka_out/CA140705:NODE_1_length_597876_cov_87.036437_4> (length 232)
prokka_out/CA140705:NODE_1_length_597876_cov_87.036437_4> (length 447)
prokka_out/CA140705:NODE_1_length_597876_cov_87.036437_4> (length 454)
prokka_out/CA140705:NODE_1_length_597876_cov_87.036437_4> (length 290)
prokka_out/CA140705:NODE_1_length_597876_cov_87.036437_4> (length 295)
prokka_out/CA140705:NODE_1_length_597876_cov_87.036437_4> (length 325)
prokka_out/CA140705:NODE_1_length_597876_cov_87.036437_4> (length 145)
prokka_out/CA140705:NODE_1_length_597876_cov_87.036437_4> (length 530)
prokka_out/CA140705:NODE_1_length_597876_cov_87.036437_4> (length 510)
prokka_out/CA140705:NODE_1_length_597876_cov_87.036437_4> (length 256)
prokka_out/CA140705:NODE_1_length_597876_cov_87.036437_4> (length 728)
prokka_out/CA140705:NODE_1_length_597876_cov_87.036437_4> (length 442)
prokka_out/CA140705:NODE_1_length_597876_cov_87.036437_4> (length 283)
prokka_out/CA140705:NODE_1_length_597876_cov_87.036437_4> (length 531)
prokka_out/CA140705:NODE_1_length_597876_cov_87.036437_4> (length 124)
prokka_out/CA140705:NODE_1_length_597876_cov_87.036437_4> (length 108)
prokka_out/CA140705:NODE_1_length_597876_cov_87.036437_4> (length 44)
prokka_out/CA140705:NODE_1_length_597876_cov_87.036437_4> (length 159)
prokka_out/CA140705:NODE_1_length_597876_cov_87.036437_4> (length 202)
prokka_out/CA140705:NODE_1_length_597876_cov_87.036437_4> (length 398)
prokka_out/CA140705:NODE_1_length_597876_cov_87.036437_4> (length 124)
prokka_out/CA140705:NODE_1_length_597876_cov_87.036437_4> (length 428)
prokka_out/CA140705:NODE_1_length_597876_cov_87.036437_4> (length 230)
prokka_out/CA140705:NODE_1_length_597876_cov_87.036437_4> (length 631)
prokka_out/CA140705:NODE_1_length_597876_cov_87.036437_4> (length 72)
prokka_out/CA140705:NODE_1_length_597876_cov_87.036437_4> (length 49)
prokka_out/CA140705:NODE_1_length_597876_cov_87.036437_4> (length 139)
prokka_out/CA140705:NODE_1_length_597876_cov_87.036437_4> (length 440)
prokka_out/CA140705:NODE_1_length_597876_cov_87.036437_4> (length 289)
prokka_out/CA140705:NODE_1_length_597876_cov_87.036437_4> (length 114)
prokka_out/CA140705:NODE_1_length_597876_cov_87.036437_4> (length 282)
prokka_out/CA140705:NODE_1_length_597876_cov_87.036437_5> (length 285)
prokka_out/CA140705:NODE_1_length_597876_cov_87.036437_5> (length 115)
prokka_out/CA140705:NODE_1_length_597876_cov_87.036437_5> (length 424)
prokka_out/CA140705:NODE_1_length_597876_cov_87.036437_5> (length 101)
prokka_out/CA140705:NODE_1_length_597876_cov_87.036437_5> (length 167)
prokka_out/CA140705:NODE_1_length_597876_cov_87.036437_5> (length 395)
prokka_out/CA140705:NODE_1_length_597876_cov_87.036437_5> (length 764)
prokka_out/CA140705:NODE_1_length_597876_cov_87.036437_5> (length 93)
prokka_out/CA140705:NODE_1_length_597876_cov_87.036437_5> (length 266)
prokka_out/CA140705:NODE_1_length_597876_cov_87.036437_5> (length 374)
prokka_out/CA140705:NODE_1_length_597876_cov_87.036437_5> (length 431)
prokka_out/CA140705:NODE_1_length_597876_cov_87.036437_5> (length 93)
prokka_out/CA140705:NODE_1_length_597876_cov_87.036437_5> (length 542)
prokka_out/CA140705:NODE_1_length_597876_cov_87.036437_5> (length 161)
prokka_out/CA140705:NODE_1_length_597876_cov_87.036437_5> (length 164)
prokka_out/CA140705:NODE_1_length_597876_cov_87.036437_5> (length 280)
prokka_out/CA140705:NODE_1_length_597876_cov_87.036437_5> (length 65)
prokka_out/CA140705:NODE_1_length_597876_cov_87.036437_5> (length 628)
prokka_out/CA140705:NODE_1_length_597876_cov_87.036437_5> (length 315)
prokka_out/CA140705:NODE_1_length_597876_cov_87.036437_5> (length 158)
prokka_out/CA140705:NODE_1_length_597876_cov_87.036437_5> (length 848)
prokka_out/CA140705:NODE_1_length_597876_cov_87.036437_5> (length 413)
prokka_out/CA140705:NODE_1_length_597876_cov_87.036437_5> (length 249)
prokka_out/CA140705:NODE_1_length_597876_cov_87.036437_5> (length 576)
prokka_out/CA140705:NODE_1_length_597876_cov_87.036437_5> (length 362)
prokka_out/CA140705:NODE_1_length_597876_cov_87.036437_5> (length 136)
prokka_out/CA140705:NODE_1_length_597876_cov_87.036437_5> (length 152)
prokka_out/CA140705:NODE_1_length_597876_cov_87.036437_5> (length 403)
prokka_out/CA140705:NODE_1_length_597876_cov_87.036437_5> (length 240)
prokka_out/CA140705:NODE_1_length_597876_cov_87.036437_5> (length 341)
prokka_out/CA140705:NODE_1_length_597876_cov_87.036437_5> (length 259)
prokka_out/CA140705:NODE_1_length_597876_cov_87.036437_5> (length 222)
prokka_out/CA140705:NODE_1_length_597876_cov_87.036437_5> (length 205)
prokka_out/CA140705:NODE_1_length_597876_cov_87.036437_5> (length 384)
prokka_out/CA140705:NODE_1_length_597876_cov_87.036437_5> (length 429)
prokka_out/CA140705:NODE_1_length_597876_cov_87.036437_5> (length 247)
prokka_out/CA140705:NODE_1_length_597876_cov_87.036437_5> (length 256)
prokka_out/CA140705:NODE_1_length_597876_cov_87.036437_5> (length 431)
prokka_out/CA140705:NODE_1_length_597876_cov_87.036437_5> (length 439)
prokka_out/CA140705:NODE_1_length_597876_cov_87.036437_5> (length 239)
prokka_out/CA140705:NODE_1_length_597876_cov_87.036437_5> (length 470)
prokka_out/CA140705:NODE_1_length_597876_cov_87.036437_5> (length 310)
prokka_out/CA140705:NODE_1_length_597876_cov_87.036437_5> (length 248)
prokka_out/CA140705:NODE_1_length_597876_cov_87.036437_5> (length 198)
prokka_out/CA140705:NODE_1_length_597876_cov_87.036437_5> (length 101)
prokka_out/CA140705:NODE_1_length_597876_cov_87.036437_5> (length 259)
prokka_out/CA140705:NODE_1_length_597876_cov_87.036437_5> (length 298)
prokka_out/CA140705:NODE_1_length_597876_cov_87.036437_5> (length 413)
prokka_out/CA140705:NODE_1_length_597876_cov_87.036437_5> (length 352)
prokka_out/CA140705:NODE_1_length_597876_cov_87.036437_5> (length 577)
prokka_out/CA140705:NODE_1_length_597876_cov_87.036437_5> (length 460)
prokka_out/CA140705:NODE_1_length_597876_cov_87.036437_5> (length 483)
prokka_out/CA140705:NODE_1_length_597876_cov_87.036437_5> (length 621)
prokka_out/CA140705:NODE_1_length_597876_cov_87.036437_5> (length 183)
prokka_out/CA140705:NODE_1_length_597876_cov_87.036437_5> (length 346)
prokka_out/CA140705:NODE_1_length_597876_cov_87.036437_5> (length 71)
prokka_out/CA140705:NODE_1_length_597876_cov_87.036437_5> (length 243)
prokka_out/CA140705:NODE_1_length_597876_cov_87.036437_5> (length 475)
prokka_out/CA140705:NODE_1_length_597876_cov_87.036437_5> (length 1169)
prokka_out/CA140705:NODE_1_length_597876_cov_87.036437_5> (length 303)
prokka_out/CA140705:NODE_1_length_597876_cov_87.036437_5> (length 274)
prokka_out/CA140705:NODE_1_length_597876_cov_87.036437_5> (length 371)
prokka_out/CA140705:NODE_1_length_597876_cov_87.036437_5> (length 165)
prokka_out/CA140705:NODE_1_length_597876_cov_87.036437_5> (length 81)
prokka_out/CA140705:NODE_1_length_597876_cov_87.036437_5> (length 193)
prokka_out/CA140705:NODE_1_length_597876_cov_87.036437_5> (length 106)
prokka_out/CA140705:NODE_1_length_597876_cov_87.036437_5> (length 226)
prokka_out/CA140705:NODE_1_length_597876_cov_87.036437_5> (length 58)
prokka_out/CA140705:NODE_1_length_597876_cov_87.036437_5> (length 111)
prokka_out/CA140705:NODE_1_length_597876_cov_87.036437_5> (length 306)
prokka_out/CA140705:NODE_1_length_597876_cov_87.036437_5> (length 173)
prokka_out/CA140705:NODE_1_length_597876_cov_87.036437_5> (length 260)
prokka_out/CA140705:NODE_1_length_597876_cov_87.036437_5> (length 246)
prokka_out/CA140705:NODE_1_length_597876_cov_87.036437_5> (length 924)
prokka_out/CA140705:NODE_1_length_597876_cov_87.036437_5> (length 175)
prokka_out/CA140705:NODE_1_length_597876_cov_87.036437_5> (length 94)
prokka_out/CA140705:NODE_1_length_597876_cov_87.036437_5> (length 86)
prokka_out/CA140705:NODE_1_length_597876_cov_87.036437_5> (length 676)
prokka_out/CA140705:NODE_1_length_597876_cov_87.036437_5> (length 309)
prokka_out/CA140705:NODE_1_length_597876_cov_87.036437_5> (length 870)
prokka_out/CA140705:NODE_1_length_597876_cov_87.036437_5> (length 336)
prokka_out/CA140705:NODE_1_length_597876_cov_87.036437_5> (length 301)
prokka_out/CA140705:NODE_1_length_597876_cov_87.036437_5> (length 257)
prokka_out/CA140705:NODE_1_length_597876_cov_87.036437_5> (length 256)
prokka_out/CA140705:NODE_1_length_597876_cov_87.036437_5> (length 258)
prokka_out/CA140705:NODE_1_length_597876_cov_87.036437_5> (length 220)
prokka_out/CA140705:NODE_1_length_597876_cov_87.036437_5> (length 187)
prokka_out/CA140705:NODE_1_length_597876_cov_87.036437_5> (length 158)
prokka_out/CA140705:NODE_1_length_597876_cov_87.036437_5> (length 192)
prokka_out/CA140705:NODE_1_length_597876_cov_87.036437_5> (length 408)
prokka_out/CA140705:NODE_1_length_597876_cov_87.036437_5> (length 611)
prokka_out/CA140705:NODE_1_length_597876_cov_87.036437_5> (length 210)
prokka_out/CA140705:NODE_1_length_597876_cov_87.036437_5> (length 389)
prokka_out/CA140705:NODE_1_length_597876_cov_87.036437_5> (length 113)
prokka_out/CA140705:NODE_1_length_597876_cov_87.036437_5> (length 340)
prokka_out/CA140705:NODE_1_length_597876_cov_87.036437_5> (length 76)
prokka_out/CA140705:NODE_1_length_597876_cov_87.036437_5> (length 95)
prokka_out/CA140705:NODE_1_length_597876_cov_87.036437_5> (length 623)
prokka_out/CA140705:NODE_1_length_597876_cov_87.036437_5> (length 176)
prokka_out/CA140705:NODE_1_length_597876_cov_87.036437_5> (length 263)
prokka_out/CA140705:NODE_1_length_597876_cov_87.036437_6> (length 696)
prokka_out/CA140705:NODE_1_length_597876_cov_87.036437_6> (length 232)
prokka_out/CA140705:NODE_1_length_597876_cov_87.036437_6> (length 271)
prokka_out/CA140705:NODE_1_length_597876_cov_87.036437_6> (length 94)
prokka_out/CA140705:NODE_2_length_271878_cov_89.820726_1 (length 256)
prokka_out/CA140705:NODE_2_length_271878_cov_89.820726_2 (length 212)
prokka_out/CA140705:NODE_2_length_271878_cov_89.820726_3 (length 329)
prokka_out/CA140705:NODE_2_length_271878_cov_89.820726_4 (length 259)
prokka_out/CA140705:NODE_2_length_271878_cov_89.820726_5 (length 279)
prokka_out/CA140705:NODE_2_length_271878_cov_89.820726_6 (length 268)
prokka_out/CA140705:NODE_2_length_271878_cov_89.820726_7 (length 441)
prokka_out/CA140705:NODE_2_length_271878_cov_89.820726_8 (length 348)
prokka_out/CA140705:NODE_2_length_271878_cov_89.820726_9 (length 327)
prokka_out/CA140705:NODE_2_length_271878_cov_89.820726_10 (length 180)
prokka_out/CA140705:NODE_2_length_271878_cov_89.820726_11 (length 61)
prokka_out/CA140705:NODE_2_length_271878_cov_89.820726_12 (length 395)
prokka_out/CA140705:NODE_2_length_271878_cov_89.820726_13 (length 266)
prokka_out/CA140705:NODE_2_length_271878_cov_89.820726_14 (length 157)
prokka_out/CA140705:NODE_2_length_271878_cov_89.820726_15 (length 249)
prokka_out/CA140705:NODE_2_length_271878_cov_89.820726_16 (length 210)
prokka_out/CA140705:NODE_2_length_271878_cov_89.820726_17 (length 1200)
prokka_out/CA140705:NODE_2_length_271878_cov_89.820726_18 (length 109)
prokka_out/CA140705:NODE_2_length_271878_cov_89.820726_19 (length 447)
prokka_out/CA140705:NODE_2_length_271878_cov_89.820726_20 (length 137)
prokka_out/CA140705:NODE_2_length_271878_cov_89.820726_21 (length 118)
prokka_out/CA140705:NODE_2_length_271878_cov_89.820726_22 (length 234)
prokka_out/CA140705:NODE_2_length_271878_cov_89.820726_23 (length 179)
prokka_out/CA140705:NODE_2_length_271878_cov_89.820726_24 (length 80)
prokka_out/CA140705:NODE_2_length_271878_cov_89.820726_25 (length 75)
prokka_out/CA140705:NODE_2_length_271878_cov_89.820726_26 (length 445)
prokka_out/CA140705:NODE_2_length_271878_cov_89.820726_27 (length 250)
prokka_out/CA140705:NODE_2_length_271878_cov_89.820726_28 (length 385)
prokka_out/CA140705:NODE_2_length_271878_cov_89.820726_29 (length 238)
prokka_out/CA140705:NODE_2_length_271878_cov_89.820726_30 (length 241)
prokka_out/CA140705:NODE_2_length_271878_cov_89.820726_31 (length 287)
prokka_out/CA140705:NODE_2_length_271878_cov_89.820726_32 (length 184)
prokka_out/CA140705:NODE_2_length_271878_cov_89.820726_33 (length 164)
prokka_out/CA140705:NODE_2_length_271878_cov_89.820726_34 (length 418)
prokka_out/CA140705:NODE_2_length_271878_cov_89.820726_35 (length 234)
prokka_out/CA140705:NODE_2_length_271878_cov_89.820726_36 (length 476)
prokka_out/CA140705:NODE_2_length_271878_cov_89.820726_37 (length 263)
prokka_out/CA140705:NODE_2_length_271878_cov_89.820726_38 (length 270)
prokka_out/CA140705:NODE_2_length_271878_cov_89.820726_39 (length 370)
prokka_out/CA140705:NODE_2_length_271878_cov_89.820726_40 (length 460)
prokka_out/CA140705:NODE_2_length_271878_cov_89.820726_41 (length 495)
prokka_out/CA140705:NODE_2_length_271878_cov_89.820726_42 (length 311)
prokka_out/CA140705:NODE_2_length_271878_cov_89.820726_43 (length 295)
prokka_out/CA140705:NODE_2_length_271878_cov_89.820726_44 (length 163)
prokka_out/CA140705:NODE_2_length_271878_cov_89.820726_45 (length 396)
prokka_out/CA140705:NODE_2_length_271878_cov_89.820726_46 (length 500)
prokka_out/CA140705:NODE_2_length_271878_cov_89.820726_47 (length 232)
prokka_out/CA140705:NODE_2_length_271878_cov_89.820726_48 (length 357)
prokka_out/CA140705:NODE_2_length_271878_cov_89.820726_49 (length 172)
prokka_out/CA140705:NODE_2_length_271878_cov_89.820726_50 (length 467)
prokka_out/CA140705:NODE_2_length_271878_cov_89.820726_51 (length 151)
prokka_out/CA140705:NODE_2_length_271878_cov_89.820726_52 (length 64)
prokka_out/CA140705:NODE_2_length_271878_cov_89.820726_53 (length 253)
prokka_out/CA140705:NODE_2_length_271878_cov_89.820726_54 (length 779)
prokka_out/CA140705:NODE_2_length_271878_cov_89.820726_55 (length 202)
prokka_out/CA140705:NODE_2_length_271878_cov_89.820726_56 (length 256)
prokka_out/CA140705:NODE_2_length_271878_cov_89.820726_57 (length 612)
prokka_out/CA140705:NODE_2_length_271878_cov_89.820726_58 (length 148)
prokka_out/CA140705:NODE_2_length_271878_cov_89.820726_59 (length 81)
prokka_out/CA140705:NODE_2_length_271878_cov_89.820726_60 (length 76)
prokka_out/CA140705:NODE_2_length_271878_cov_89.820726_61 (length 657)
prokka_out/CA140705:NODE_2_length_271878_cov_89.820726_62 (length 474)
prokka_out/CA140705:NODE_2_length_271878_cov_89.820726_63 (length 416)
prokka_out/CA140705:NODE_2_length_271878_cov_89.820726_64 (length 242)
prokka_out/CA140705:NODE_2_length_271878_cov_89.820726_65 (length 135)
prokka_out/CA140705:NODE_2_length_271878_cov_89.820726_66 (length 81)
prokka_out/CA140705:NODE_2_length_271878_cov_89.820726_67 (length 406)
prokka_out/CA140705:NODE_2_length_271878_cov_89.820726_68 (length 147)
prokka_out/CA140705:NODE_2_length_271878_cov_89.820726_69 (length 180)
prokka_out/CA140705:NODE_2_length_271878_cov_89.820726_70 (length 439)
prokka_out/CA140705:NODE_2_length_271878_cov_89.820726_71 (length 291)
prokka_out/CA140705:NODE_2_length_271878_cov_89.820726_72 (length 357)
prokka_out/CA140705:NODE_2_length_271878_cov_89.820726_73 (length 185)
prokka_out/CA140705:NODE_2_length_271878_cov_89.820726_74 (length 595)
prokka_out/CA140705:NODE_2_length_271878_cov_89.820726_75 (length 611)
prokka_out/CA140705:NODE_2_length_271878_cov_89.820726_76 (length 164)
prokka_out/CA140705:NODE_2_length_271878_cov_89.820726_77 (length 196)
prokka_out/CA140705:NODE_2_length_271878_cov_89.820726_78 (length 152)
prokka_out/CA140705:NODE_2_length_271878_cov_89.820726_79 (length 170)
prokka_out/CA140705:NODE_2_length_271878_cov_89.820726_80 (length 162)
prokka_out/CA140705:NODE_2_length_271878_cov_89.820726_81 (length 279)
prokka_out/CA140705:NODE_2_length_271878_cov_89.820726_82 (length 377)
prokka_out/CA140705:NODE_2_length_271878_cov_89.820726_83 (length 270)
prokka_out/CA140705:NODE_2_length_271878_cov_89.820726_84 (length 414)
prokka_out/CA140705:NODE_2_length_271878_cov_89.820726_85 (length 507)
prokka_out/CA140705:NODE_2_length_271878_cov_89.820726_86 (length 286)
prokka_out/CA140705:NODE_2_length_271878_cov_89.820726_87 (length 583)
prokka_out/CA140705:NODE_2_length_271878_cov_89.820726_88 (length 191)
prokka_out/CA140705:NODE_2_length_271878_cov_89.820726_89 (length 172)
prokka_out/CA140705:NODE_2_length_271878_cov_89.820726_90 (length 166)
prokka_out/CA140705:NODE_2_length_271878_cov_89.820726_91 (length 291)
prokka_out/CA140705:NODE_2_length_271878_cov_89.820726_92 (length 126)
prokka_out/CA140705:NODE_2_length_271878_cov_89.820726_93 (length 256)
prokka_out/CA140705:NODE_2_length_271878_cov_89.820726_94 (length 350)
prokka_out/CA140705:NODE_2_length_271878_cov_89.820726_95 (length 340)
prokka_out/CA140705:NODE_2_length_271878_cov_89.820726_96 (length 644)
prokka_out/CA140705:NODE_2_length_271878_cov_89.820726_97 (length 321)
prokka_out/CA140705:NODE_2_length_271878_cov_89.820726_98 (length 114)
prokka_out/CA140705:NODE_2_length_271878_cov_89.820726_99 (length 324)
prokka_out/CA140705:NODE_2_length_271878_cov_89.820726_1> (length 363)
prokka_out/CA140705:NODE_2_length_271878_cov_89.820726_1> (length 93)
prokka_out/CA140705:NODE_2_length_271878_cov_89.820726_1> (length 247)
prokka_out/CA140705:NODE_2_length_271878_cov_89.820726_1> (length 729)
prokka_out/CA140705:NODE_2_length_271878_cov_89.820726_1> (length 506)
prokka_out/CA140705:NODE_2_length_271878_cov_89.820726_1> (length 215)
prokka_out/CA140705:NODE_2_length_271878_cov_89.820726_1> (length 438)
prokka_out/CA140705:NODE_2_length_271878_cov_89.820726_1> (length 215)
prokka_out/CA140705:NODE_2_length_271878_cov_89.820726_1> (length 190)
prokka_out/CA140705:NODE_2_length_271878_cov_89.820726_1> (length 246)
prokka_out/CA140705:NODE_2_length_271878_cov_89.820726_1> (length 362)
prokka_out/CA140705:NODE_2_length_271878_cov_89.820726_1> (length 304)
prokka_out/CA140705:NODE_2_length_271878_cov_89.820726_1> (length 331)
prokka_out/CA140705:NODE_2_length_271878_cov_89.820726_1> (length 166)
prokka_out/CA140705:NODE_2_length_271878_cov_89.820726_1> (length 458)
prokka_out/CA140705:NODE_2_length_271878_cov_89.820726_1> (length 326)
prokka_out/CA140705:NODE_2_length_271878_cov_89.820726_1> (length 389)
prokka_out/CA140705:NODE_2_length_271878_cov_89.820726_1> (length 454)
prokka_out/CA140705:NODE_2_length_271878_cov_89.820726_1> (length 641)
prokka_out/CA140705:NODE_2_length_271878_cov_89.820726_1> (length 390)
prokka_out/CA140705:NODE_2_length_271878_cov_89.820726_1> (length 396)
prokka_out/CA140705:NODE_2_length_271878_cov_89.820726_1> (length 293)
prokka_out/CA140705:NODE_2_length_271878_cov_89.820726_1> (length 566)
prokka_out/CA140705:NODE_2_length_271878_cov_89.820726_1> (length 222)
prokka_out/CA140705:NODE_2_length_271878_cov_89.820726_1> (length 447)
prokka_out/CA140705:NODE_2_length_271878_cov_89.820726_1> (length 409)
prokka_out/CA140705:NODE_2_length_271878_cov_89.820726_1> (length 374)
prokka_out/CA140705:NODE_2_length_271878_cov_89.820726_1> (length 223)
prokka_out/CA140705:NODE_2_length_271878_cov_89.820726_1> (length 416)
prokka_out/CA140705:NODE_2_length_271878_cov_89.820726_1> (length 191)
prokka_out/CA140705:NODE_2_length_271878_cov_89.820726_1> (length 166)
prokka_out/CA140705:NODE_2_length_271878_cov_89.820726_1> (length 230)
prokka_out/CA140705:NODE_2_length_271878_cov_89.820726_1> (length 571)
prokka_out/CA140705:NODE_2_length_271878_cov_89.820726_1> (length 379)
prokka_out/CA140705:NODE_2_length_271878_cov_89.820726_1> (length 611)
prokka_out/CA140705:NODE_2_length_271878_cov_89.820726_1> (length 656)
prokka_out/CA140705:NODE_2_length_271878_cov_89.820726_1> (length 363)
prokka_out/CA140705:NODE_2_length_271878_cov_89.820726_1> (length 401)
prokka_out/CA140705:NODE_2_length_271878_cov_89.820726_1> (length 731)
prokka_out/CA140705:NODE_2_length_271878_cov_89.820726_1> (length 74)
prokka_out/CA140705:NODE_2_length_271878_cov_89.820726_1> (length 238)
prokka_out/CA140705:NODE_2_length_271878_cov_89.820726_1> (length 400)
prokka_out/CA140705:NODE_2_length_271878_cov_89.820726_1> (length 268)
prokka_out/CA140705:NODE_2_length_271878_cov_89.820726_1> (length 221)
prokka_out/CA140705:NODE_2_length_271878_cov_89.820726_1> (length 398)
prokka_out/CA140705:NODE_2_length_271878_cov_89.820726_1> (length 410)
prokka_out/CA140705:NODE_2_length_271878_cov_89.820726_1> (length 321)
prokka_out/CA140705:NODE_2_length_271878_cov_89.820726_1> (length 366)
prokka_out/CA140705:NODE_2_length_271878_cov_89.820726_1> (length 78)
prokka_out/CA140705:NODE_2_length_271878_cov_89.820726_1> (length 46)
prokka_out/CA140705:NODE_2_length_271878_cov_89.820726_1> (length 457)
prokka_out/CA140705:NODE_2_length_271878_cov_89.820726_1> (length 309)
prokka_out/CA140705:NODE_2_length_271878_cov_89.820726_1> (length 443)
prokka_out/CA140705:NODE_2_length_271878_cov_89.820726_1> (length 311)
prokka_out/CA140705:NODE_2_length_271878_cov_89.820726_1> (length 410)
prokka_out/CA140705:NODE_2_length_271878_cov_89.820726_1> (length 361)
prokka_out/CA140705:NODE_2_length_271878_cov_89.820726_1> (length 189)
prokka_out/CA140705:NODE_2_length_271878_cov_89.820726_1> (length 91)
prokka_out/CA140705:NODE_2_length_271878_cov_89.820726_1> (length 128)
prokka_out/CA140705:NODE_2_length_271878_cov_89.820726_1> (length 637)
prokka_out/CA140705:NODE_2_length_271878_cov_89.820726_1> (length 121)
prokka_out/CA140705:NODE_2_length_271878_cov_89.820726_1> (length 600)
prokka_out/CA140705:NODE_2_length_271878_cov_89.820726_1> (length 308)
prokka_out/CA140705:NODE_2_length_271878_cov_89.820726_1> (length 128)
prokka_out/CA140705:NODE_2_length_271878_cov_89.820726_1> (length 568)
prokka_out/CA140705:NODE_2_length_271878_cov_89.820726_1> (length 431)
prokka_out/CA140705:NODE_2_length_271878_cov_89.820726_1> (length 297)
prokka_out/CA140705:NODE_2_length_271878_cov_89.820726_1> (length 176)
prokka_out/CA140705:NODE_2_length_271878_cov_89.820726_1> (length 87)
prokka_out/CA140705:NODE_2_length_271878_cov_89.820726_1> (length 185)
prokka_out/CA140705:NODE_2_length_271878_cov_89.820726_1> (length 281)
prokka_out/CA140705:NODE_2_length_271878_cov_89.820726_1> (length 374)
prokka_out/CA140705:NODE_2_length_271878_cov_89.820726_1> (length 103)
prokka_out/CA140705:NODE_2_length_271878_cov_89.820726_1> (length 289)
prokka_out/CA140705:NODE_2_length_271878_cov_89.820726_1> (length 387)
prokka_out/CA140705:NODE_2_length_271878_cov_89.820726_1> (length 302)
prokka_out/CA140705:NODE_2_length_271878_cov_89.820726_1> (length 734)
prokka_out/CA140705:NODE_2_length_271878_cov_89.820726_1> (length 856)
prokka_out/CA140705:NODE_2_length_271878_cov_89.820726_1> (length 300)
prokka_out/CA140705:NODE_2_length_271878_cov_89.820726_1> (length 143)
prokka_out/CA140705:NODE_2_length_271878_cov_89.820726_1> (length 164)
prokka_out/CA140705:NODE_2_length_271878_cov_89.820726_1> (length 99)
prokka_out/CA140705:NODE_2_length_271878_cov_89.820726_1> (length 601)
prokka_out/CA140705:NODE_2_length_271878_cov_89.820726_1> (length 602)
prokka_out/CA140705:NODE_2_length_271878_cov_89.820726_1> (length 144)
prokka_out/CA140705:NODE_2_length_271878_cov_89.820726_1> (length 106)
prokka_out/CA140705:NODE_2_length_271878_cov_89.820726_1> (length 609)
prokka_out/CA140705:NODE_2_length_271878_cov_89.820726_1> (length 122)
prokka_out/CA140705:NODE_2_length_271878_cov_89.820726_1> (length 233)
prokka_out/CA140705:NODE_2_length_271878_cov_89.820726_1> (length 399)
prokka_out/CA140705:NODE_2_length_271878_cov_89.820726_1> (length 214)
prokka_out/CA140705:NODE_2_length_271878_cov_89.820726_1> (length 81)
prokka_out/CA140705:NODE_2_length_271878_cov_89.820726_1> (length 236)
prokka_out/CA140705:NODE_2_length_271878_cov_89.820726_1> (length 440)
prokka_out/CA140705:NODE_2_length_271878_cov_89.820726_1> (length 93)
prokka_out/CA140705:NODE_2_length_271878_cov_89.820726_1> (length 857)
prokka_out/CA140705:NODE_2_length_271878_cov_89.820726_1> (length 643)
prokka_out/CA140705:NODE_2_length_271878_cov_89.820726_1> (length 183)
prokka_out/CA140705:NODE_2_length_271878_cov_89.820726_1> (length 842)
prokka_out/CA140705:NODE_2_length_271878_cov_89.820726_1> (length 359)
prokka_out/CA140705:NODE_2_length_271878_cov_89.820726_2> (length 370)
prokka_out/CA140705:NODE_2_length_271878_cov_89.820726_2> (length 284)
prokka_out/CA140705:NODE_2_length_271878_cov_89.820726_2> (length 303)
prokka_out/CA140705:NODE_2_length_271878_cov_89.820726_2> (length 411)
prokka_out/CA140705:NODE_2_length_271878_cov_89.820726_2> (length 332)
prokka_out/CA140705:NODE_2_length_271878_cov_89.820726_2> (length 161)
prokka_out/CA140705:NODE_2_length_271878_cov_89.820726_2> (length 258)
prokka_out/CA140705:NODE_2_length_271878_cov_89.820726_2> (length 425)
prokka_out/CA140705:NODE_2_length_271878_cov_89.820726_2> (length 124)
prokka_out/CA140705:NODE_2_length_271878_cov_89.820726_2> (length 233)
prokka_out/CA140705:NODE_2_length_271878_cov_89.820726_2> (length 50)
prokka_out/CA140705:NODE_2_length_271878_cov_89.820726_2> (length 691)
prokka_out/CA140705:NODE_2_length_271878_cov_89.820726_2> (length 156)
prokka_out/CA140705:NODE_2_length_271878_cov_89.820726_2> (length 128)
prokka_out/CA140705:NODE_2_length_271878_cov_89.820726_2> (length 479)
prokka_out/CA140705:NODE_2_length_271878_cov_89.820726_2> (length 105)
prokka_out/CA140705:NODE_2_length_271878_cov_89.820726_2> (length 256)
prokka_out/CA140705:NODE_2_length_271878_cov_89.820726_2> (length 413)
prokka_out/CA140705:NODE_2_length_271878_cov_89.820726_2> (length 262)
prokka_out/CA140705:NODE_2_length_271878_cov_89.820726_2> (length 423)
prokka_out/CA140705:NODE_2_length_271878_cov_89.820726_2> (length 388)
prokka_out/CA140705:NODE_2_length_271878_cov_89.820726_2> (length 87)
prokka_out/CA140705:NODE_2_length_271878_cov_89.820726_2> (length 302)
prokka_out/CA140705:NODE_2_length_271878_cov_89.820726_2> (length 253)
prokka_out/CA140705:NODE_2_length_271878_cov_89.820726_2> (length 1516)
prokka_out/CA140705:NODE_2_length_271878_cov_89.820726_2> (length 1375)
prokka_out/CA140705:NODE_2_length_271878_cov_89.820726_2> (length 125)
prokka_out/CA140705:NODE_2_length_271878_cov_89.820726_2> (length 159)
prokka_out/CA140705:NODE_2_length_271878_cov_89.820726_2> (length 233)
prokka_out/CA140705:NODE_2_length_271878_cov_89.820726_2> (length 141)
prokka_out/CA140705:NODE_2_length_271878_cov_89.820726_2> (length 177)
prokka_out/CA140705:NODE_2_length_271878_cov_89.820726_2> (length 59)
prokka_out/CA140705:NODE_2_length_271878_cov_89.820726_2> (length 52)
prokka_out/CA140705:NODE_2_length_271878_cov_89.820726_2> (length 399)
prokka_out/CA140705:NODE_2_length_271878_cov_89.820726_2> (length 245)
prokka_out/CA140705:NODE_2_length_271878_cov_89.820726_2> (length 218)
prokka_out/CA140705:NODE_2_length_271878_cov_89.820726_2> (length 233)
prokka_out/CA140705:NODE_2_length_271878_cov_89.820726_2> (length 198)
prokka_out/CA140705:NODE_2_length_271878_cov_89.820726_2> (length 128)
prokka_out/CA140705:NODE_2_length_271878_cov_89.820726_2> (length 604)
prokka_out/CA140705:NODE_2_length_271878_cov_89.820726_2> (length 406)
prokka_out/CA140705:NODE_2_length_271878_cov_89.820726_2> (length 348)
prokka_out/CA140705:NODE_2_length_271878_cov_89.820726_2> (length 395)
prokka_out/CA140705:NODE_2_length_271878_cov_89.820726_2> (length 362)
prokka_out/CA140705:NODE_2_length_271878_cov_89.820726_2> (length 80)
prokka_out/CA140705:NODE_2_length_271878_cov_89.820726_2> (length 433)
prokka_out/CA140705:NODE_2_length_271878_cov_89.820726_2> (length 207)
prokka_out/CA140705:NODE_2_length_271878_cov_89.820726_2> (length 328)
prokka_out/CA140705:NODE_2_length_271878_cov_89.820726_2> (length 174)
prokka_out/CA140705:NODE_2_length_271878_cov_89.820726_2> (length 172)
prokka_out/CA140705:NODE_2_length_271878_cov_89.820726_2> (length 430)
prokka_out/CA140705:NODE_2_length_271878_cov_89.820726_2> (length 253)
prokka_out/CA140705:NODE_2_length_271878_cov_89.820726_2> (length 215)
prokka_out/CA140705:NODE_2_length_271878_cov_89.820726_2> (length 64)
prokka_out/CA140705:NODE_2_length_271878_cov_89.820726_2> (length 71)
prokka_out/CA140705:NODE_2_length_271878_cov_89.820726_2> (length 364)
prokka_out/CA140705:NODE_2_length_271878_cov_89.820726_2> (length 197)
prokka_out/CA140705:NODE_2_length_271878_cov_89.820726_2> (length 687)
prokka_out/CA140705:NODE_2_length_271878_cov_89.820726_2> (length 223)
prokka_out/CA140705:NODE_2_length_271878_cov_89.820726_2> (length 390)
prokka_out/CA140705:NODE_2_length_271878_cov_89.820726_2> (length 109)
prokka_out/CA140705:NODE_2_length_271878_cov_89.820726_2> (length 102)
prokka_out/CA140705:NODE_2_length_271878_cov_89.820726_2> (length 160)
prokka_out/CA140705:NODE_2_length_271878_cov_89.820726_2> (length 170)
prokka_out/CA140705:NODE_2_length_271878_cov_89.820726_2> (length 83)
prokka_out/CA140705:NODE_2_length_271878_cov_89.820726_2> (length 312)
prokka_out/CA140705:NODE_2_length_271878_cov_89.820726_2> (length 404)
prokka_out/CA140705:NODE_2_length_271878_cov_89.820726_2> (length 77)
prokka_out/CA140705:NODE_2_length_271878_cov_89.820726_2> (length 221)
prokka_out/CA140705:NODE_2_length_271878_cov_89.820726_2> (length 135)
prokka_out/CA140705:NODE_2_length_271878_cov_89.820726_2> (length 247)
prokka_out/CA140705:NODE_2_length_271878_cov_89.820726_2> (length 492)
prokka_out/CA140705:NODE_2_length_271878_cov_89.820726_2> (length 353)
prokka_out/CA140705:NODE_2_length_271878_cov_89.820726_2> (length 402)
prokka_out/CA140705:NODE_3_length_208642_cov_91.661952_1 (length 116)
prokka_out/CA140705:NODE_3_length_208642_cov_91.661952_2 (length 252)
prokka_out/CA140705:NODE_3_length_208642_cov_91.661952_3 (length 140)
prokka_out/CA140705:NODE_3_length_208642_cov_91.661952_4 (length 105)
prokka_out/CA140705:NODE_3_length_208642_cov_91.661952_5 (length 285)
prokka_out/CA140705:NODE_3_length_208642_cov_91.661952_6 (length 323)
prokka_out/CA140705:NODE_3_length_208642_cov_91.661952_7 (length 169)
prokka_out/CA140705:NODE_3_length_208642_cov_91.661952_8 (length 371)
prokka_out/CA140705:NODE_3_length_208642_cov_91.661952_9 (length 200)
prokka_out/CA140705:NODE_3_length_208642_cov_91.661952_10 (length 495)
prokka_out/CA140705:NODE_3_length_208642_cov_91.661952_11 (length 356)
prokka_out/CA140705:NODE_3_length_208642_cov_91.661952_12 (length 408)
prokka_out/CA140705:NODE_3_length_208642_cov_91.661952_13 (length 704)
prokka_out/CA140705:NODE_3_length_208642_cov_91.661952_14 (length 314)
prokka_out/CA140705:NODE_3_length_208642_cov_91.661952_15 (length 772)
prokka_out/CA140705:NODE_3_length_208642_cov_91.661952_16 (length 359)
prokka_out/CA140705:NODE_3_length_208642_cov_91.661952_17 (length 150)
prokka_out/CA140705:NODE_3_length_208642_cov_91.661952_18 (length 396)
prokka_out/CA140705:NODE_3_length_208642_cov_91.661952_19 (length 193)
prokka_out/CA140705:NODE_3_length_208642_cov_91.661952_20 (length 299)
prokka_out/CA140705:NODE_3_length_208642_cov_91.661952_21 (length 254)
prokka_out/CA140705:NODE_3_length_208642_cov_91.661952_22 (length 321)
prokka_out/CA140705:NODE_3_length_208642_cov_91.661952_23 (length 246)
prokka_out/CA140705:NODE_3_length_208642_cov_91.661952_24 (length 389)
prokka_out/CA140705:NODE_3_length_208642_cov_91.661952_25 (length 256)
prokka_out/CA140705:NODE_3_length_208642_cov_91.661952_26 (length 269)
prokka_out/CA140705:NODE_3_length_208642_cov_91.661952_27 (length 228)
prokka_out/CA140705:NODE_3_length_208642_cov_91.661952_28 (length 331)
prokka_out/CA140705:NODE_3_length_208642_cov_91.661952_29 (length 656)
prokka_out/CA140705:NODE_3_length_208642_cov_91.661952_30 (length 274)
prokka_out/CA140705:NODE_3_length_208642_cov_91.661952_31 (length 406)
prokka_out/CA140705:NODE_3_length_208642_cov_91.661952_32 (length 149)
prokka_out/CA140705:NODE_3_length_208642_cov_91.661952_33 (length 105)
prokka_out/CA140705:NODE_3_length_208642_cov_91.661952_34 (length 345)
prokka_out/CA140705:NODE_3_length_208642_cov_91.661952_35 (length 243)
prokka_out/CA140705:NODE_3_length_208642_cov_91.661952_36 (length 249)
prokka_out/CA140705:NODE_3_length_208642_cov_91.661952_37 (length 201)
prokka_out/CA140705:NODE_3_length_208642_cov_91.661952_38 (length 329)
prokka_out/CA140705:NODE_3_length_208642_cov_91.661952_39 (length 325)
prokka_out/CA140705:NODE_3_length_208642_cov_91.661952_40 (length 421)
prokka_out/CA140705:NODE_3_length_208642_cov_91.661952_41 (length 60)
prokka_out/CA140705:NODE_3_length_208642_cov_91.661952_42 (length 145)
prokka_out/CA140705:NODE_3_length_208642_cov_91.661952_43 (length 118)
prokka_out/CA140705:NODE_3_length_208642_cov_91.661952_44 (length 396)
prokka_out/CA140705:NODE_3_length_208642_cov_91.661952_45 (length 148)
prokka_out/CA140705:NODE_3_length_208642_cov_91.661952_46 (length 73)
prokka_out/CA140705:NODE_3_length_208642_cov_91.661952_47 (length 513)
prokka_out/CA140705:NODE_3_length_208642_cov_91.661952_48 (length 382)
prokka_out/CA140705:NODE_3_length_208642_cov_91.661952_49 (length 233)
prokka_out/CA140705:NODE_3_length_208642_cov_91.661952_50 (length 63)
prokka_out/CA140705:NODE_3_length_208642_cov_91.661952_51 (length 180)
prokka_out/CA140705:NODE_3_length_208642_cov_91.661952_52 (length 746)
prokka_out/CA140705:NODE_3_length_208642_cov_91.661952_53 (length 213)
prokka_out/CA140705:NODE_3_length_208642_cov_91.661952_54 (length 310)
prokka_out/CA140705:NODE_3_length_208642_cov_91.661952_55 (length 260)
prokka_out/CA140705:NODE_3_length_208642_cov_91.661952_56 (length 245)
prokka_out/CA140705:NODE_3_length_208642_cov_91.661952_57 (length 700)
prokka_out/CA140705:NODE_3_length_208642_cov_91.661952_58 (length 190)
prokka_out/CA140705:NODE_3_length_208642_cov_91.661952_59 (length 308)
prokka_out/CA140705:NODE_3_length_208642_cov_91.661952_60 (length 1167)
prokka_out/CA140705:NODE_3_length_208642_cov_91.661952_61 (length 493)
prokka_out/CA140705:NODE_3_length_208642_cov_91.661952_62 (length 75)
prokka_out/CA140705:NODE_3_length_208642_cov_91.661952_63 (length 403)
prokka_out/CA140705:NODE_3_length_208642_cov_91.661952_64 (length 416)
prokka_out/CA140705:NODE_3_length_208642_cov_91.661952_65 (length 142)
prokka_out/CA140705:NODE_3_length_208642_cov_91.661952_66 (length 172)
prokka_out/CA140705:NODE_3_length_208642_cov_91.661952_67 (length 183)
prokka_out/CA140705:NODE_3_length_208642_cov_91.661952_68 (length 372)
prokka_out/CA140705:NODE_3_length_208642_cov_91.661952_69 (length 223)
prokka_out/CA140705:NODE_3_length_208642_cov_91.661952_70 (length 404)
prokka_out/CA140705:NODE_3_length_208642_cov_91.661952_71 (length 222)
prokka_out/CA140705:NODE_3_length_208642_cov_91.661952_72 (length 488)
prokka_out/CA140705:NODE_3_length_208642_cov_91.661952_73 (length 221)
prokka_out/CA140705:NODE_3_length_208642_cov_91.661952_74 (length 83)
prokka_out/CA140705:NODE_3_length_208642_cov_91.661952_75 (length 287)
prokka_out/CA140705:NODE_3_length_208642_cov_91.661952_76 (length 73)
prokka_out/CA140705:NODE_3_length_208642_cov_91.661952_77 (length 33)
prokka_out/CA140705:NODE_3_length_208642_cov_91.661952_78 (length 196)
prokka_out/CA140705:NODE_3_length_208642_cov_91.661952_79 (length 174)
prokka_out/CA140705:NODE_3_length_208642_cov_91.661952_80 (length 788)
prokka_out/CA140705:NODE_3_length_208642_cov_91.661952_81 (length 920)
prokka_out/CA140705:NODE_3_length_208642_cov_91.661952_82 (length 384)
prokka_out/CA140705:NODE_3_length_208642_cov_91.661952_83 (length 266)
prokka_out/CA140705:NODE_3_length_208642_cov_91.661952_84 (length 141)
prokka_out/CA140705:NODE_3_length_208642_cov_91.661952_85 (length 129)
prokka_out/CA140705:NODE_3_length_208642_cov_91.661952_86 (length 332)
prokka_out/CA140705:NODE_3_length_208642_cov_91.661952_87 (length 212)
prokka_out/CA140705:NODE_3_length_208642_cov_91.661952_88 (length 1186)
prokka_out/CA140705:NODE_3_length_208642_cov_91.661952_89 (length 98)
prokka_out/CA140705:NODE_3_length_208642_cov_91.661952_90 (length 472)
prokka_out/CA140705:NODE_3_length_208642_cov_91.661952_91 (length 198)
prokka_out/CA140705:NODE_3_length_208642_cov_91.661952_92 (length 198)
prokka_out/CA140705:NODE_3_length_208642_cov_91.661952_93 (length 520)
prokka_out/CA140705:NODE_3_length_208642_cov_91.661952_94 (length 391)
prokka_out/CA140705:NODE_3_length_208642_cov_91.661952_95 (length 254)
prokka_out/CA140705:NODE_3_length_208642_cov_91.661952_96 (length 254)
prokka_out/CA140705:NODE_3_length_208642_cov_91.661952_97 (length 608)
prokka_out/CA140705:NODE_3_length_208642_cov_91.661952_98 (length 144)
prokka_out/CA140705:NODE_3_length_208642_cov_91.661952_99 (length 65)
prokka_out/CA140705:NODE_3_length_208642_cov_91.661952_1> (length 113)
prokka_out/CA140705:NODE_3_length_208642_cov_91.661952_1> (length 348)
prokka_out/CA140705:NODE_3_length_208642_cov_91.661952_1> (length 229)
prokka_out/CA140705:NODE_3_length_208642_cov_91.661952_1> (length 127)
prokka_out/CA140705:NODE_3_length_208642_cov_91.661952_1> (length 357)
prokka_out/CA140705:NODE_3_length_208642_cov_91.661952_1> (length 273)
prokka_out/CA140705:NODE_3_length_208642_cov_91.661952_1> (length 372)
prokka_out/CA140705:NODE_3_length_208642_cov_91.661952_1> (length 34)
prokka_out/CA140705:NODE_3_length_208642_cov_91.661952_1> (length 90)
prokka_out/CA140705:NODE_3_length_208642_cov_91.661952_1> (length 365)
prokka_out/CA140705:NODE_3_length_208642_cov_91.661952_1> (length 439)
prokka_out/CA140705:NODE_3_length_208642_cov_91.661952_1> (length 321)
prokka_out/CA140705:NODE_3_length_208642_cov_91.661952_1> (length 236)
prokka_out/CA140705:NODE_3_length_208642_cov_91.661952_1> (length 229)
prokka_out/CA140705:NODE_3_length_208642_cov_91.661952_1> (length 187)
prokka_out/CA140705:NODE_3_length_208642_cov_91.661952_1> (length 138)
prokka_out/CA140705:NODE_3_length_208642_cov_91.661952_1> (length 260)
prokka_out/CA140705:NODE_3_length_208642_cov_91.661952_1> (length 220)
prokka_out/CA140705:NODE_3_length_208642_cov_91.661952_1> (length 371)
prokka_out/CA140705:NODE_3_length_208642_cov_91.661952_1> (length 543)
prokka_out/CA140705:NODE_3_length_208642_cov_91.661952_1> (length 317)
prokka_out/CA140705:NODE_3_length_208642_cov_91.661952_1> (length 325)
prokka_out/CA140705:NODE_3_length_208642_cov_91.661952_1> (length 841)
prokka_out/CA140705:NODE_3_length_208642_cov_91.661952_1> (length 848)
prokka_out/CA140705:NODE_3_length_208642_cov_91.661952_1> (length 455)
prokka_out/CA140705:NODE_3_length_208642_cov_91.661952_1> (length 444)
prokka_out/CA140705:NODE_3_length_208642_cov_91.661952_1> (length 197)
prokka_out/CA140705:NODE_3_length_208642_cov_91.661952_1> (length 431)
prokka_out/CA140705:NODE_3_length_208642_cov_91.661952_1> (length 243)
prokka_out/CA140705:NODE_3_length_208642_cov_91.661952_1> (length 498)
prokka_out/CA140705:NODE_3_length_208642_cov_91.661952_1> (length 675)
prokka_out/CA140705:NODE_3_length_208642_cov_91.661952_1> (length 393)
prokka_out/CA140705:NODE_3_length_208642_cov_91.661952_1> (length 373)
prokka_out/CA140705:NODE_3_length_208642_cov_91.661952_1> (length 456)
prokka_out/CA140705:NODE_3_length_208642_cov_91.661952_1> (length 140)
prokka_out/CA140705:NODE_3_length_208642_cov_91.661952_1> (length 115)
prokka_out/CA140705:NODE_3_length_208642_cov_91.661952_1> (length 178)
prokka_out/CA140705:NODE_3_length_208642_cov_91.661952_1> (length 454)
prokka_out/CA140705:NODE_3_length_208642_cov_91.661952_1> (length 108)
prokka_out/CA140705:NODE_3_length_208642_cov_91.661952_1> (length 181)
prokka_out/CA140705:NODE_3_length_208642_cov_91.661952_1> (length 332)
prokka_out/CA140705:NODE_3_length_208642_cov_91.661952_1> (length 400)
prokka_out/CA140705:NODE_3_length_208642_cov_91.661952_1> (length 223)
prokka_out/CA140705:NODE_3_length_208642_cov_91.661952_1> (length 275)
prokka_out/CA140705:NODE_3_length_208642_cov_91.661952_1> (length 499)
prokka_out/CA140705:NODE_3_length_208642_cov_91.661952_1> (length 613)
prokka_out/CA140705:NODE_3_length_208642_cov_91.661952_1> (length 74)
prokka_out/CA140705:NODE_3_length_208642_cov_91.661952_1> (length 446)
prokka_out/CA140705:NODE_3_length_208642_cov_91.661952_1> (length 455)
prokka_out/CA140705:NODE_3_length_208642_cov_91.661952_1> (length 387)
prokka_out/CA140705:NODE_3_length_208642_cov_91.661952_1> (length 479)
prokka_out/CA140705:NODE_3_length_208642_cov_91.661952_1> (length 120)
prokka_out/CA140705:NODE_3_length_208642_cov_91.661952_1> (length 222)
prokka_out/CA140705:NODE_3_length_208642_cov_91.661952_1> (length 154)
prokka_out/CA140705:NODE_3_length_208642_cov_91.661952_1> (length 474)
prokka_out/CA140705:NODE_3_length_208642_cov_91.661952_1> (length 105)
prokka_out/CA140705:NODE_3_length_208642_cov_91.661952_1> (length 231)
prokka_out/CA140705:NODE_3_length_208642_cov_91.661952_1> (length 163)
prokka_out/CA140705:NODE_3_length_208642_cov_91.661952_1> (length 248)
prokka_out/CA140705:NODE_3_length_208642_cov_91.661952_1> (length 553)
prokka_out/CA140705:NODE_3_length_208642_cov_91.661952_1> (length 440)
prokka_out/CA140705:NODE_3_length_208642_cov_91.661952_1> (length 599)
prokka_out/CA140705:NODE_3_length_208642_cov_91.661952_1> (length 236)
prokka_out/CA140705:NODE_3_length_208642_cov_91.661952_1> (length 175)
prokka_out/CA140705:NODE_3_length_208642_cov_91.661952_1> (length 431)
prokka_out/CA140705:NODE_3_length_208642_cov_91.661952_1> (length 151)
prokka_out/CA140705:NODE_3_length_208642_cov_91.661952_1> (length 202)
prokka_out/CA140705:NODE_3_length_208642_cov_91.661952_1> (length 820)
prokka_out/CA140705:NODE_3_length_208642_cov_91.661952_1> (length 189)
prokka_out/CA140705:NODE_3_length_208642_cov_91.661952_1> (length 232)
prokka_out/CA140705:NODE_3_length_208642_cov_91.661952_1> (length 147)
prokka_out/CA140705:NODE_3_length_208642_cov_91.661952_1> (length 439)
prokka_out/CA140705:NODE_3_length_208642_cov_91.661952_1> (length 354)
prokka_out/CA140705:NODE_3_length_208642_cov_91.661952_1> (length 782)
prokka_out/CA140705:NODE_3_length_208642_cov_91.661952_1> (length 598)
prokka_out/CA140705:NODE_3_length_208642_cov_91.661952_1> (length 463)
prokka_out/CA140705:NODE_3_length_208642_cov_91.661952_1> (length 347)
prokka_out/CA140705:NODE_3_length_208642_cov_91.661952_1> (length 336)
prokka_out/CA140705:NODE_3_length_208642_cov_91.661952_1> (length 136)
prokka_out/CA140705:NODE_3_length_208642_cov_91.661952_1> (length 750)
prokka_out/CA140705:NODE_3_length_208642_cov_91.661952_1> (length 694)
prokka_out/CA140705:NODE_3_length_208642_cov_91.661952_1> (length 163)
prokka_out/CA140705:NODE_3_length_208642_cov_91.661952_1> (length 610)
prokka_out/CA140705:NODE_3_length_208642_cov_91.661952_1> (length 210)
prokka_out/CA140705:NODE_3_length_208642_cov_91.661952_1> (length 329)
prokka_out/CA140705:NODE_3_length_208642_cov_91.661952_1> (length 251)
prokka_out/CA140705:NODE_3_length_208642_cov_91.661952_1> (length 312)
prokka_out/CA140705:NODE_3_length_208642_cov_91.661952_1> (length 322)
prokka_out/CA140705:NODE_3_length_208642_cov_91.661952_1> (length 331)
prokka_out/CA140705:NODE_3_length_208642_cov_91.661952_1> (length 191)
prokka_out/CA140705:NODE_3_length_208642_cov_91.661952_1> (length 435)
prokka_out/CA140705:NODE_3_length_208642_cov_91.661952_1> (length 112)
prokka_out/CA140705:NODE_3_length_208642_cov_91.661952_1> (length 241)
prokka_out/CA140705:NODE_3_length_208642_cov_91.661952_1> (length 358)
prokka_out/CA140705:NODE_3_length_208642_cov_91.661952_1> (length 464)
prokka_out/CA140705:NODE_3_length_208642_cov_91.661952_1> (length 335)
prokka_out/CA140705:NODE_3_length_208642_cov_91.661952_1> (length 171)
prokka_out/CA140705:NODE_3_length_208642_cov_91.661952_1> (length 194)
prokka_out/CA140705:NODE_3_length_208642_cov_91.661952_1> (length 219)
prokka_out/CA140705:NODE_3_length_208642_cov_91.661952_1> (length 616)
prokka_out/CA140705:NODE_4_length_165410_cov_91.697422_1 (length 169)
prokka_out/CA140705:NODE_4_length_165410_cov_91.697422_2 (length 176)
prokka_out/CA140705:NODE_4_length_165410_cov_91.697422_3 (length 360)
prokka_out/CA140705:NODE_4_length_165410_cov_91.697422_4 (length 304)
prokka_out/CA140705:NODE_4_length_165410_cov_91.697422_5 (length 68)
prokka_out/CA140705:NODE_4_length_165410_cov_91.697422_6 (length 152)
prokka_out/CA140705:NODE_4_length_165410_cov_91.697422_7 (length 363)
prokka_out/CA140705:NODE_4_length_165410_cov_91.697422_8 (length 146)
prokka_out/CA140705:NODE_4_length_165410_cov_91.697422_9 (length 263)
prokka_out/CA140705:NODE_4_length_165410_cov_91.697422_10 (length 407)
prokka_out/CA140705:NODE_4_length_165410_cov_91.697422_11 (length 346)
prokka_out/CA140705:NODE_4_length_165410_cov_91.697422_12 (length 249)
prokka_out/CA140705:NODE_4_length_165410_cov_91.697422_13 (length 307)
prokka_out/CA140705:NODE_4_length_165410_cov_91.697422_14 (length 635)
prokka_out/CA140705:NODE_4_length_165410_cov_91.697422_15 (length 291)
prokka_out/CA140705:NODE_4_length_165410_cov_91.697422_16 (length 375)
prokka_out/CA140705:NODE_4_length_165410_cov_91.697422_17 (length 484)
prokka_out/CA140705:NODE_4_length_165410_cov_91.697422_18 (length 313)
prokka_out/CA140705:NODE_4_length_165410_cov_91.697422_19 (length 297)
prokka_out/CA140705:NODE_4_length_165410_cov_91.697422_20 (length 67)
prokka_out/CA140705:NODE_4_length_165410_cov_91.697422_21 (length 61)
prokka_out/CA140705:NODE_4_length_165410_cov_91.697422_22 (length 115)
prokka_out/CA140705:NODE_4_length_165410_cov_91.697422_23 (length 1089)
prokka_out/CA140705:NODE_4_length_165410_cov_91.697422_24 (length 355)
prokka_out/CA140705:NODE_4_length_165410_cov_91.697422_25 (length 237)
prokka_out/CA140705:NODE_4_length_165410_cov_91.697422_26 (length 140)
prokka_out/CA140705:NODE_4_length_165410_cov_91.697422_27 (length 328)
prokka_out/CA140705:NODE_4_length_165410_cov_91.697422_28 (length 207)
prokka_out/CA140705:NODE_4_length_165410_cov_91.697422_29 (length 173)
prokka_out/CA140705:NODE_4_length_165410_cov_91.697422_30 (length 764)
prokka_out/CA140705:NODE_4_length_165410_cov_91.697422_31 (length 318)
prokka_out/CA140705:NODE_4_length_165410_cov_91.697422_32 (length 211)
prokka_out/CA140705:NODE_4_length_165410_cov_91.697422_33 (length 161)
prokka_out/CA140705:NODE_4_length_165410_cov_91.697422_34 (length 363)
prokka_out/CA140705:NODE_4_length_165410_cov_91.697422_35 (length 294)
prokka_out/CA140705:NODE_4_length_165410_cov_91.697422_36 (length 190)
prokka_out/CA140705:NODE_4_length_165410_cov_91.697422_37 (length 267)
prokka_out/CA140705:NODE_4_length_165410_cov_91.697422_38 (length 258)
prokka_out/CA140705:NODE_4_length_165410_cov_91.697422_39 (length 125)
prokka_out/CA140705:NODE_4_length_165410_cov_91.697422_40 (length 61)
prokka_out/CA140705:NODE_4_length_165410_cov_91.697422_41 (length 67)
prokka_out/CA140705:NODE_4_length_165410_cov_91.697422_42 (length 44)
prokka_out/CA140705:NODE_4_length_165410_cov_91.697422_43 (length 258)
prokka_out/CA140705:NODE_4_length_165410_cov_91.697422_44 (length 218)
prokka_out/CA140705:NODE_4_length_165410_cov_91.697422_45 (length 152)
prokka_out/CA140705:NODE_4_length_165410_cov_91.697422_46 (length 126)
prokka_out/CA140705:NODE_4_length_165410_cov_91.697422_47 (length 282)
prokka_out/CA140705:NODE_4_length_165410_cov_91.697422_48 (length 274)
prokka_out/CA140705:NODE_4_length_165410_cov_91.697422_49 (length 257)
prokka_out/CA140705:NODE_4_length_165410_cov_91.697422_50 (length 294)
prokka_out/CA140705:NODE_4_length_165410_cov_91.697422_51 (length 222)
prokka_out/CA140705:NODE_4_length_165410_cov_91.697422_52 (length 133)
prokka_out/CA140705:NODE_4_length_165410_cov_91.697422_53 (length 249)
prokka_out/CA140705:NODE_4_length_165410_cov_91.697422_54 (length 228)
prokka_out/CA140705:NODE_4_length_165410_cov_91.697422_55 (length 203)
prokka_out/CA140705:NODE_4_length_165410_cov_91.697422_56 (length 380)
prokka_out/CA140705:NODE_4_length_165410_cov_91.697422_57 (length 203)
prokka_out/CA140705:NODE_4_length_165410_cov_91.697422_58 (length 424)
prokka_out/CA140705:NODE_4_length_165410_cov_91.697422_59 (length 201)
prokka_out/CA140705:NODE_4_length_165410_cov_91.697422_60 (length 104)
prokka_out/CA140705:NODE_4_length_165410_cov_91.697422_61 (length 120)
prokka_out/CA140705:NODE_4_length_165410_cov_91.697422_62 (length 178)
prokka_out/CA140705:NODE_4_length_165410_cov_91.697422_63 (length 180)
prokka_out/CA140705:NODE_4_length_165410_cov_91.697422_64 (length 352)
prokka_out/CA140705:NODE_4_length_165410_cov_91.697422_65 (length 402)
prokka_out/CA140705:NODE_4_length_165410_cov_91.697422_66 (length 255)
prokka_out/CA140705:NODE_4_length_165410_cov_91.697422_67 (length 360)
prokka_out/CA140705:NODE_4_length_165410_cov_91.697422_68 (length 364)
prokka_out/CA140705:NODE_4_length_165410_cov_91.697422_69 (length 560)
prokka_out/CA140705:NODE_4_length_165410_cov_91.697422_70 (length 342)
prokka_out/CA140705:NODE_4_length_165410_cov_91.697422_71 (length 276)
prokka_out/CA140705:NODE_4_length_165410_cov_91.697422_72 (length 625)
prokka_out/CA140705:NODE_4_length_165410_cov_91.697422_73 (length 136)
prokka_out/CA140705:NODE_4_length_165410_cov_91.697422_74 (length 400)
prokka_out/CA140705:NODE_4_length_165410_cov_91.697422_75 (length 235)
prokka_out/CA140705:NODE_4_length_165410_cov_91.697422_76 (length 497)
prokka_out/CA140705:NODE_4_length_165410_cov_91.697422_77 (length 147)
prokka_out/CA140705:NODE_4_length_165410_cov_91.697422_78 (length 321)
prokka_out/CA140705:NODE_4_length_165410_cov_91.697422_79 (length 387)
prokka_out/CA140705:NODE_4_length_165410_cov_91.697422_80 (length 358)
prokka_out/CA140705:NODE_4_length_165410_cov_91.697422_81 (length 325)
prokka_out/CA140705:NODE_4_length_165410_cov_91.697422_82 (length 328)
prokka_out/CA140705:NODE_4_length_165410_cov_91.697422_83 (length 48)
prokka_out/CA140705:NODE_4_length_165410_cov_91.697422_84 (length 119)
prokka_out/CA140705:NODE_4_length_165410_cov_91.697422_85 (length 137)
prokka_out/CA140705:NODE_4_length_165410_cov_91.697422_86 (length 94)
prokka_out/CA140705:NODE_4_length_165410_cov_91.697422_87 (length 198)
prokka_out/CA140705:NODE_4_length_165410_cov_91.697422_88 (length 362)
prokka_out/CA140705:NODE_4_length_165410_cov_91.697422_89 (length 243)
prokka_out/CA140705:NODE_4_length_165410_cov_91.697422_90 (length 258)
prokka_out/CA140705:NODE_4_length_165410_cov_91.697422_91 (length 879)
prokka_out/CA140705:NODE_4_length_165410_cov_91.697422_92 (length 147)
prokka_out/CA140705:NODE_4_length_165410_cov_91.697422_93 (length 196)
prokka_out/CA140705:NODE_4_length_165410_cov_91.697422_94 (length 225)
prokka_out/CA140705:NODE_4_length_165410_cov_91.697422_95 (length 177)
prokka_out/CA140705:NODE_4_length_165410_cov_91.697422_96 (length 940)
prokka_out/CA140705:NODE_4_length_165410_cov_91.697422_97 (length 261)
prokka_out/CA140705:NODE_4_length_165410_cov_91.697422_98 (length 413)
prokka_out/CA140705:NODE_4_length_165410_cov_91.697422_99 (length 530)
prokka_out/CA140705:NODE_4_length_165410_cov_91.697422_1> (length 199)
prokka_out/CA140705:NODE_4_length_165410_cov_91.697422_1> (length 392)
prokka_out/CA140705:NODE_4_length_165410_cov_91.697422_1> (length 249)
prokka_out/CA140705:NODE_4_length_165410_cov_91.697422_1> (length 140)
prokka_out/CA140705:NODE_4_length_165410_cov_91.697422_1> (length 102)
prokka_out/CA140705:NODE_4_length_165410_cov_91.697422_1> (length 263)
prokka_out/CA140705:NODE_4_length_165410_cov_91.697422_1> (length 486)
prokka_out/CA140705:NODE_4_length_165410_cov_91.697422_1> (length 81)
prokka_out/CA140705:NODE_4_length_165410_cov_91.697422_1> (length 223)
prokka_out/CA140705:NODE_4_length_165410_cov_91.697422_1> (length 105)
prokka_out/CA140705:NODE_4_length_165410_cov_91.697422_1> (length 203)
prokka_out/CA140705:NODE_4_length_165410_cov_91.697422_1> (length 341)
prokka_out/CA140705:NODE_4_length_165410_cov_91.697422_1> (length 446)
prokka_out/CA140705:NODE_4_length_165410_cov_91.697422_1> (length 156)
prokka_out/CA140705:NODE_4_length_165410_cov_91.697422_1> (length 150)
prokka_out/CA140705:NODE_4_length_165410_cov_91.697422_1> (length 436)
prokka_out/CA140705:NODE_4_length_165410_cov_91.697422_1> (length 83)
prokka_out/CA140705:NODE_4_length_165410_cov_91.697422_1> (length 492)
prokka_out/CA140705:NODE_4_length_165410_cov_91.697422_1> (length 1040)
prokka_out/CA140705:NODE_4_length_165410_cov_91.697422_1> (length 367)
prokka_out/CA140705:NODE_4_length_165410_cov_91.697422_1> (length 211)
prokka_out/CA140705:NODE_4_length_165410_cov_91.697422_1> (length 458)
prokka_out/CA140705:NODE_4_length_165410_cov_91.697422_1> (length 70)
prokka_out/CA140705:NODE_4_length_165410_cov_91.697422_1> (length 201)
prokka_out/CA140705:NODE_4_length_165410_cov_91.697422_1> (length 389)
prokka_out/CA140705:NODE_4_length_165410_cov_91.697422_1> (length 311)
prokka_out/CA140705:NODE_4_length_165410_cov_91.697422_1> (length 163)
prokka_out/CA140705:NODE_4_length_165410_cov_91.697422_1> (length 160)
prokka_out/CA140705:NODE_4_length_165410_cov_91.697422_1> (length 273)
prokka_out/CA140705:NODE_4_length_165410_cov_91.697422_1> (length 570)
prokka_out/CA140705:NODE_4_length_165410_cov_91.697422_1> (length 182)
prokka_out/CA140705:NODE_4_length_165410_cov_91.697422_1> (length 297)
prokka_out/CA140705:NODE_4_length_165410_cov_91.697422_1> (length 259)
prokka_out/CA140705:NODE_4_length_165410_cov_91.697422_1> (length 279)
prokka_out/CA140705:NODE_4_length_165410_cov_91.697422_1> (length 132)
prokka_out/CA140705:NODE_4_length_165410_cov_91.697422_1> (length 154)
prokka_out/CA140705:NODE_4_length_165410_cov_91.697422_1> (length 270)
prokka_out/CA140705:NODE_4_length_165410_cov_91.697422_1> (length 310)
prokka_out/CA140705:NODE_4_length_165410_cov_91.697422_1> (length 460)
prokka_out/CA140705:NODE_4_length_165410_cov_91.697422_1> (length 165)
prokka_out/CA140705:NODE_4_length_165410_cov_91.697422_1> (length 319)
prokka_out/CA140705:NODE_4_length_165410_cov_91.697422_1> (length 411)
prokka_out/CA140705:NODE_4_length_165410_cov_91.697422_1> (length 820)
prokka_out/CA140705:NODE_4_length_165410_cov_91.697422_1> (length 208)
prokka_out/CA140705:NODE_4_length_165410_cov_91.697422_1> (length 480)
prokka_out/CA140705:NODE_4_length_165410_cov_91.697422_1> (length 448)
prokka_out/CA140705:NODE_4_length_165410_cov_91.697422_1> (length 209)
prokka_out/CA140705:NODE_4_length_165410_cov_91.697422_1> (length 95)
prokka_out/CA140705:NODE_4_length_165410_cov_91.697422_1> (length 332)
prokka_out/CA140705:NODE_4_length_165410_cov_91.697422_1> (length 192)
prokka_out/CA140705:NODE_4_length_165410_cov_91.697422_1> (length 95)
prokka_out/CA140705:NODE_4_length_165410_cov_91.697422_1> (length 186)
prokka_out/CA140705:NODE_4_length_165410_cov_91.697422_1> (length 156)
prokka_out/CA140705:NODE_4_length_165410_cov_91.697422_1> (length 502)
prokka_out/CA140705:NODE_4_length_165410_cov_91.697422_1> (length 414)
prokka_out/CA140705:NODE_4_length_165410_cov_91.697422_1> (length 181)
prokka_out/CA140705:NODE_4_length_165410_cov_91.697422_1> (length 275)
prokka_out/CA140705:NODE_4_length_165410_cov_91.697422_1> (length 263)
prokka_out/CA140705:NODE_4_length_165410_cov_91.697422_1> (length 301)
prokka_out/CA140705:NODE_4_length_165410_cov_91.697422_1> (length 271)
prokka_out/CA140705:NODE_4_length_165410_cov_91.697422_1> (length 261)
prokka_out/CA140705:NODE_4_length_165410_cov_91.697422_1> (length 663)
prokka_out/CA140705:NODE_4_length_165410_cov_91.697422_1> (length 241)
prokka_out/CA140705:NODE_4_length_165410_cov_91.697422_1> (length 728)
prokka_out/CA140705:NODE_4_length_165410_cov_91.697422_1> (length 610)
prokka_out/CA140705:NODE_4_length_165410_cov_91.697422_1> (length 234)
prokka_out/CA140705:NODE_4_length_165410_cov_91.697422_1> (length 226)
prokka_out/CA140705:NODE_4_length_165410_cov_91.697422_1> (length 120)
prokka_out/CA140705:NODE_4_length_165410_cov_91.697422_1> (length 190)
prokka_out/CA140705:NODE_4_length_165410_cov_91.697422_1> (length 318)
prokka_out/CA140705:NODE_4_length_165410_cov_91.697422_1> (length 69)
prokka_out/CA140705:NODE_4_length_165410_cov_91.697422_1> (length 109)
prokka_out/CA140705:NODE_4_length_165410_cov_91.697422_1> (length 117)
prokka_out/CA140705:NODE_4_length_165410_cov_91.697422_1> (length 68)
prokka_out/CA140705:NODE_4_length_165410_cov_91.697422_1> (length 99)
prokka_out/CA140705:NODE_4_length_165410_cov_91.697422_1> (length 525)
prokka_out/CA140705:NODE_4_length_165410_cov_91.697422_1> (length 110)
prokka_out/CA140705:NODE_4_length_165410_cov_91.697422_1> (length 125)
prokka_out/CA140705:NODE_4_length_165410_cov_91.697422_1> (length 194)
prokka_out/CA140705:NODE_4_length_165410_cov_91.697422_1> (length 407)
prokka_out/CA140705:NODE_4_length_165410_cov_91.697422_1> (length 255)
prokka_out/CA140705:NODE_4_length_165410_cov_91.697422_1> (length 545)
prokka_out/CA140705:NODE_5_length_130343_cov_94.995446_1 (length 331)
prokka_out/CA140705:NODE_5_length_130343_cov_94.995446_2 (length 523)
prokka_out/CA140705:NODE_5_length_130343_cov_94.995446_3 (length 544)
prokka_out/CA140705:NODE_5_length_130343_cov_94.995446_4 (length 207)
prokka_out/CA140705:NODE_5_length_130343_cov_94.995446_5 (length 461)
prokka_out/CA140705:NODE_5_length_130343_cov_94.995446_6 (length 789)
prokka_out/CA140705:NODE_5_length_130343_cov_94.995446_7 (length 442)
prokka_out/CA140705:NODE_5_length_130343_cov_94.995446_8 (length 311)
prokka_out/CA140705:NODE_5_length_130343_cov_94.995446_9 (length 288)
prokka_out/CA140705:NODE_5_length_130343_cov_94.995446_10 (length 55)
prokka_out/CA140705:NODE_5_length_130343_cov_94.995446_11 (length 505)
prokka_out/CA140705:NODE_5_length_130343_cov_94.995446_12 (length 224)
prokka_out/CA140705:NODE_5_length_130343_cov_94.995446_13 (length 408)
prokka_out/CA140705:NODE_5_length_130343_cov_94.995446_14 (length 558)
prokka_out/CA140705:NODE_5_length_130343_cov_94.995446_15 (length 215)
prokka_out/CA140705:NODE_5_length_130343_cov_94.995446_16 (length 202)
prokka_out/CA140705:NODE_5_length_130343_cov_94.995446_17 (length 481)
prokka_out/CA140705:NODE_5_length_130343_cov_94.995446_18 (length 1496)
prokka_out/CA140705:NODE_5_length_130343_cov_94.995446_19 (length 433)
prokka_out/CA140705:NODE_5_length_130343_cov_94.995446_20 (length 119)
prokka_out/CA140705:NODE_5_length_130343_cov_94.995446_21 (length 548)
prokka_out/CA140705:NODE_5_length_130343_cov_94.995446_22 (length 144)
prokka_out/CA140705:NODE_5_length_130343_cov_94.995446_23 (length 52)
prokka_out/CA140705:NODE_5_length_130343_cov_94.995446_24 (length 176)
prokka_out/CA140705:NODE_5_length_130343_cov_94.995446_25 (length 83)
prokka_out/CA140705:NODE_5_length_130343_cov_94.995446_26 (length 31)
prokka_out/CA140705:NODE_5_length_130343_cov_94.995446_27 (length 125)
prokka_out/CA140705:NODE_5_length_130343_cov_94.995446_28 (length 770)
prokka_out/CA140705:NODE_5_length_130343_cov_94.995446_29 (length 355)
prokka_out/CA140705:NODE_5_length_130343_cov_94.995446_30 (length 440)
prokka_out/CA140705:NODE_5_length_130343_cov_94.995446_31 (length 158)
prokka_out/CA140705:NODE_5_length_130343_cov_94.995446_32 (length 846)
prokka_out/CA140705:NODE_5_length_130343_cov_94.995446_33 (length 423)
prokka_out/CA140705:NODE_5_length_130343_cov_94.995446_34 (length 344)
prokka_out/CA140705:NODE_5_length_130343_cov_94.995446_35 (length 73)
prokka_out/CA140705:NODE_5_length_130343_cov_94.995446_36 (length 293)
prokka_out/CA140705:NODE_5_length_130343_cov_94.995446_37 (length 199)
prokka_out/CA140705:NODE_5_length_130343_cov_94.995446_38 (length 127)
prokka_out/CA140705:NODE_5_length_130343_cov_94.995446_39 (length 108)
prokka_out/CA140705:NODE_5_length_130343_cov_94.995446_40 (length 214)
prokka_out/CA140705:NODE_5_length_130343_cov_94.995446_41 (length 209)
prokka_out/CA140705:NODE_5_length_130343_cov_94.995446_42 (length 511)
prokka_out/CA140705:NODE_5_length_130343_cov_94.995446_43 (length 358)
prokka_out/CA140705:NODE_5_length_130343_cov_94.995446_44 (length 468)
prokka_out/CA140705:NODE_5_length_130343_cov_94.995446_45 (length 200)
prokka_out/CA140705:NODE_5_length_130343_cov_94.995446_46 (length 176)
prokka_out/CA140705:NODE_5_length_130343_cov_94.995446_47 (length 137)
prokka_out/CA140705:NODE_5_length_130343_cov_94.995446_48 (length 189)
prokka_out/CA140705:NODE_5_length_130343_cov_94.995446_49 (length 34)
prokka_out/CA140705:NODE_5_length_130343_cov_94.995446_50 (length 356)
prokka_out/CA140705:NODE_5_length_130343_cov_94.995446_51 (length 178)
prokka_out/CA140705:NODE_5_length_130343_cov_94.995446_52 (length 264)
prokka_out/CA140705:NODE_5_length_130343_cov_94.995446_53 (length 676)
prokka_out/CA140705:NODE_5_length_130343_cov_94.995446_54 (length 253)
prokka_out/CA140705:NODE_5_length_130343_cov_94.995446_55 (length 103)
prokka_out/CA140705:NODE_5_length_130343_cov_94.995446_56 (length 191)
prokka_out/CA140705:NODE_5_length_130343_cov_94.995446_57 (length 204)
prokka_out/CA140705:NODE_5_length_130343_cov_94.995446_58 (length 93)
prokka_out/CA140705:NODE_5_length_130343_cov_94.995446_59 (length 276)
prokka_out/CA140705:NODE_5_length_130343_cov_94.995446_60 (length 93)
prokka_out/CA140705:NODE_5_length_130343_cov_94.995446_61 (length 135)
prokka_out/CA140705:NODE_5_length_130343_cov_94.995446_62 (length 233)
prokka_out/CA140705:NODE_5_length_130343_cov_94.995446_63 (length 141)
prokka_out/CA140705:NODE_5_length_130343_cov_94.995446_64 (length 61)
prokka_out/CA140705:NODE_5_length_130343_cov_94.995446_65 (length 83)
prokka_out/CA140705:NODE_5_length_130343_cov_94.995446_66 (length 122)
prokka_out/CA140705:NODE_5_length_130343_cov_94.995446_67 (length 77)
prokka_out/CA140705:NODE_5_length_130343_cov_94.995446_68 (length 180)
prokka_out/CA140705:NODE_5_length_130343_cov_94.995446_69 (length 61)
prokka_out/CA140705:NODE_5_length_130343_cov_94.995446_70 (length 131)
prokka_out/CA140705:NODE_5_length_130343_cov_94.995446_71 (length 178)
prokka_out/CA140705:NODE_5_length_130343_cov_94.995446_72 (length 118)
prokka_out/CA140705:NODE_5_length_130343_cov_94.995446_73 (length 147)
prokka_out/CA140705:NODE_5_length_130343_cov_94.995446_74 (length 130)
prokka_out/CA140705:NODE_5_length_130343_cov_94.995446_75 (length 421)
prokka_out/CA140705:NODE_5_length_130343_cov_94.995446_76 (length 419)
prokka_out/CA140705:NODE_5_length_130343_cov_94.995446_77 (length 700)
prokka_out/CA140705:NODE_5_length_130343_cov_94.995446_78 (length 278)
prokka_out/CA140705:NODE_5_length_130343_cov_94.995446_79 (length 391)
prokka_out/CA140705:NODE_5_length_130343_cov_94.995446_80 (length 422)
prokka_out/CA140705:NODE_5_length_130343_cov_94.995446_81 (length 254)
prokka_out/CA140705:NODE_5_length_130343_cov_94.995446_82 (length 253)
prokka_out/CA140705:NODE_5_length_130343_cov_94.995446_83 (length 57)
prokka_out/CA140705:NODE_5_length_130343_cov_94.995446_84 (length 258)
prokka_out/CA140705:NODE_5_length_130343_cov_94.995446_85 (length 89)
prokka_out/CA140705:NODE_5_length_130343_cov_94.995446_86 (length 287)
prokka_out/CA140705:NODE_5_length_130343_cov_94.995446_87 (length 343)
prokka_out/CA140705:NODE_5_length_130343_cov_94.995446_88 (length 414)
prokka_out/CA140705:NODE_5_length_130343_cov_94.995446_89 (length 67)
prokka_out/CA140705:NODE_5_length_130343_cov_94.995446_90 (length 220)
prokka_out/CA140705:NODE_5_length_130343_cov_94.995446_91 (length 279)
prokka_out/CA140705:NODE_5_length_130343_cov_94.995446_92 (length 251)
prokka_out/CA140705:NODE_5_length_130343_cov_94.995446_93 (length 44)
prokka_out/CA140705:NODE_5_length_130343_cov_94.995446_94 (length 344)
prokka_out/CA140705:NODE_5_length_130343_cov_94.995446_95 (length 306)
prokka_out/CA140705:NODE_5_length_130343_cov_94.995446_96 (length 217)
prokka_out/CA140705:NODE_5_length_130343_cov_94.995446_97 (length 261)
prokka_out/CA140705:NODE_5_length_130343_cov_94.995446_98 (length 278)
prokka_out/CA140705:NODE_5_length_130343_cov_94.995446_99 (length 141)
prokka_out/CA140705:NODE_5_length_130343_cov_94.995446_1> (length 170)
prokka_out/CA140705:NODE_5_length_130343_cov_94.995446_1> (length 173)
prokka_out/CA140705:NODE_5_length_130343_cov_94.995446_1> (length 501)
prokka_out/CA140705:NODE_5_length_130343_cov_94.995446_1> (length 294)
prokka_out/CA140705:NODE_5_length_130343_cov_94.995446_1> (length 465)
prokka_out/CA140705:NODE_5_length_130343_cov_94.995446_1> (length 129)
prokka_out/CA140705:NODE_5_length_130343_cov_94.995446_1> (length 184)
prokka_out/CA140705:NODE_5_length_130343_cov_94.995446_1> (length 129)
prokka_out/CA140705:NODE_5_length_130343_cov_94.995446_1> (length 258)
prokka_out/CA140705:NODE_5_length_130343_cov_94.995446_1> (length 403)
prokka_out/CA140705:NODE_5_length_130343_cov_94.995446_1> (length 165)
prokka_out/CA140705:NODE_5_length_130343_cov_94.995446_1> (length 317)
prokka_out/CA140705:NODE_5_length_130343_cov_94.995446_1> (length 192)
prokka_out/CA140705:NODE_5_length_130343_cov_94.995446_1> (length 326)
prokka_out/CA140705:NODE_5_length_130343_cov_94.995446_1> (length 228)
prokka_out/CA140705:NODE_5_length_130343_cov_94.995446_1> (length 253)
prokka_out/CA140705:NODE_5_length_130343_cov_94.995446_1> (length 173)
prokka_out/CA140705:NODE_5_length_130343_cov_94.995446_1> (length 204)
prokka_out/CA140705:NODE_5_length_130343_cov_94.995446_1> (length 135)
prokka_out/CA140705:NODE_5_length_130343_cov_94.995446_1> (length 230)
prokka_out/CA140705:NODE_5_length_130343_cov_94.995446_1> (length 412)
prokka_out/CA140705:NODE_5_length_130343_cov_94.995446_1> (length 308)
prokka_out/CA140705:NODE_5_length_130343_cov_94.995446_1> (length 328)
prokka_out/CA140705:NODE_5_length_130343_cov_94.995446_1> (length 117)
prokka_out/CA140705:NODE_5_length_130343_cov_94.995446_1> (length 149)
prokka_out/CA140705:NODE_5_length_130343_cov_94.995446_1> (length 280)
prokka_out/CA140705:NODE_5_length_130343_cov_94.995446_1> (length 238)
prokka_out/CA140705:NODE_5_length_130343_cov_94.995446_1> (length 738)
prokka_out/CA140705:NODE_5_length_130343_cov_94.995446_1> (length 275)
prokka_out/CA140705:NODE_5_length_130343_cov_94.995446_1> (length 457)
prokka_out/CA140705:NODE_5_length_130343_cov_94.995446_1> (length 294)
prokka_out/CA140705:NODE_5_length_130343_cov_94.995446_1> (length 133)
prokka_out/CA140705:NODE_5_length_130343_cov_94.995446_1> (length 292)
prokka_out/CA140705:NODE_5_length_130343_cov_94.995446_1> (length 97)
prokka_out/CA140705:NODE_5_length_130343_cov_94.995446_1> (length 856)
prokka_out/CA140705:NODE_5_length_130343_cov_94.995446_1> (length 120)
prokka_out/CA140705:NODE_5_length_130343_cov_94.995446_1> (length 147)
prokka_out/CA140705:NODE_5_length_130343_cov_94.995446_1> (length 95)
prokka_out/CA140705:NODE_5_length_130343_cov_94.995446_1> (length 691)
prokka_out/CA140705:NODE_5_length_130343_cov_94.995446_1> (length 457)
prokka_out/CA140705:NODE_5_length_130343_cov_94.995446_1> (length 268)
prokka_out/CA140705:NODE_5_length_130343_cov_94.995446_1> (length 284)
prokka_out/CA140705:NODE_5_length_130343_cov_94.995446_1> (length 284)
prokka_out/CA140705:NODE_6_length_110339_cov_89.964423_1 (length 112)
prokka_out/CA140705:NODE_6_length_110339_cov_89.964423_2 (length 78)
prokka_out/CA140705:NODE_6_length_110339_cov_89.964423_3 (length 252)
prokka_out/CA140705:NODE_6_length_110339_cov_89.964423_4 (length 109)
prokka_out/CA140705:NODE_6_length_110339_cov_89.964423_5 (length 585)
prokka_out/CA140705:NODE_6_length_110339_cov_89.964423_6 (length 326)
prokka_out/CA140705:NODE_6_length_110339_cov_89.964423_7 (length 173)
prokka_out/CA140705:NODE_6_length_110339_cov_89.964423_8 (length 454)
prokka_out/CA140705:NODE_6_length_110339_cov_89.964423_9 (length 440)
prokka_out/CA140705:NODE_6_length_110339_cov_89.964423_10 (length 138)
prokka_out/CA140705:NODE_6_length_110339_cov_89.964423_11 (length 245)
prokka_out/CA140705:NODE_6_length_110339_cov_89.964423_12 (length 141)
prokka_out/CA140705:NODE_6_length_110339_cov_89.964423_13 (length 129)
prokka_out/CA140705:NODE_6_length_110339_cov_89.964423_14 (length 289)
prokka_out/CA140705:NODE_6_length_110339_cov_89.964423_15 (length 53)
prokka_out/CA140705:NODE_6_length_110339_cov_89.964423_16 (length 327)
prokka_out/CA140705:NODE_6_length_110339_cov_89.964423_17 (length 447)
prokka_out/CA140705:NODE_6_length_110339_cov_89.964423_18 (length 85)
prokka_out/CA140705:NODE_6_length_110339_cov_89.964423_19 (length 546)
prokka_out/CA140705:NODE_6_length_110339_cov_89.964423_20 (length 283)
prokka_out/CA140705:NODE_6_length_110339_cov_89.964423_21 (length 330)
prokka_out/CA140705:NODE_6_length_110339_cov_89.964423_22 (length 379)
prokka_out/CA140705:NODE_6_length_110339_cov_89.964423_23 (length 182)
prokka_out/CA140705:NODE_6_length_110339_cov_89.964423_24 (length 363)
prokka_out/CA140705:NODE_6_length_110339_cov_89.964423_25 (length 224)
prokka_out/CA140705:NODE_6_length_110339_cov_89.964423_26 (length 146)
prokka_out/CA140705:NODE_6_length_110339_cov_89.964423_27 (length 327)
prokka_out/CA140705:NODE_6_length_110339_cov_89.964423_28 (length 608)
prokka_out/CA140705:NODE_6_length_110339_cov_89.964423_29 (length 89)
prokka_out/CA140705:NODE_6_length_110339_cov_89.964423_30 (length 185)
prokka_out/CA140705:NODE_6_length_110339_cov_89.964423_31 (length 427)
prokka_out/CA140705:NODE_6_length_110339_cov_89.964423_32 (length 101)
prokka_out/CA140705:NODE_6_length_110339_cov_89.964423_33 (length 365)
prokka_out/CA140705:NODE_6_length_110339_cov_89.964423_34 (length 279)
prokka_out/CA140705:NODE_6_length_110339_cov_89.964423_35 (length 632)
prokka_out/CA140705:NODE_6_length_110339_cov_89.964423_36 (length 371)
prokka_out/CA140705:NODE_6_length_110339_cov_89.964423_37 (length 240)
prokka_out/CA140705:NODE_6_length_110339_cov_89.964423_38 (length 298)
prokka_out/CA140705:NODE_6_length_110339_cov_89.964423_39 (length 200)
prokka_out/CA140705:NODE_6_length_110339_cov_89.964423_40 (length 166)
prokka_out/CA140705:NODE_6_length_110339_cov_89.964423_41 (length 252)
prokka_out/CA140705:NODE_6_length_110339_cov_89.964423_42 (length 247)
prokka_out/CA140705:NODE_6_length_110339_cov_89.964423_43 (length 154)
prokka_out/CA140705:NODE_6_length_110339_cov_89.964423_44 (length 389)
prokka_out/CA140705:NODE_6_length_110339_cov_89.964423_45 (length 382)
prokka_out/CA140705:NODE_6_length_110339_cov_89.964423_46 (length 60)
prokka_out/CA140705:NODE_6_length_110339_cov_89.964423_47 (length 689)
prokka_out/CA140705:NODE_6_length_110339_cov_89.964423_48 (length 179)
prokka_out/CA140705:NODE_6_length_110339_cov_89.964423_49 (length 467)
prokka_out/CA140705:NODE_6_length_110339_cov_89.964423_50 (length 431)
prokka_out/CA140705:NODE_6_length_110339_cov_89.964423_51 (length 372)
prokka_out/CA140705:NODE_6_length_110339_cov_89.964423_52 (length 215)
prokka_out/CA140705:NODE_6_length_110339_cov_89.964423_53 (length 162)
prokka_out/CA140705:NODE_6_length_110339_cov_89.964423_54 (length 167)
prokka_out/CA140705:NODE_6_length_110339_cov_89.964423_55 (length 351)
prokka_out/CA140705:NODE_6_length_110339_cov_89.964423_56 (length 84)
prokka_out/CA140705:NODE_6_length_110339_cov_89.964423_57 (length 102)
prokka_out/CA140705:NODE_6_length_110339_cov_89.964423_58 (length 328)
prokka_out/CA140705:NODE_6_length_110339_cov_89.964423_59 (length 207)
prokka_out/CA140705:NODE_6_length_110339_cov_89.964423_60 (length 450)
prokka_out/CA140705:NODE_6_length_110339_cov_89.964423_61 (length 445)
prokka_out/CA140705:NODE_6_length_110339_cov_89.964423_62 (length 468)
prokka_out/CA140705:NODE_6_length_110339_cov_89.964423_63 (length 231)
prokka_out/CA140705:NODE_6_length_110339_cov_89.964423_64 (length 230)
prokka_out/CA140705:NODE_6_length_110339_cov_89.964423_65 (length 66)
prokka_out/CA140705:NODE_6_length_110339_cov_89.964423_66 (length 207)
prokka_out/CA140705:NODE_6_length_110339_cov_89.964423_67 (length 34)
prokka_out/CA140705:NODE_6_length_110339_cov_89.964423_68 (length 374)
prokka_out/CA140705:NODE_6_length_110339_cov_89.964423_69 (length 520)
prokka_out/CA140705:NODE_6_length_110339_cov_89.964423_70 (length 76)
prokka_out/CA140705:NODE_6_length_110339_cov_89.964423_71 (length 555)
prokka_out/CA140705:NODE_6_length_110339_cov_89.964423_72 (length 245)
prokka_out/CA140705:NODE_6_length_110339_cov_89.964423_73 (length 479)
prokka_out/CA140705:NODE_6_length_110339_cov_89.964423_74 (length 218)
prokka_out/CA140705:NODE_6_length_110339_cov_89.964423_75 (length 229)
prokka_out/CA140705:NODE_6_length_110339_cov_89.964423_76 (length 203)
prokka_out/CA140705:NODE_6_length_110339_cov_89.964423_77 (length 343)
prokka_out/CA140705:NODE_6_length_110339_cov_89.964423_78 (length 298)
prokka_out/CA140705:NODE_6_length_110339_cov_89.964423_79 (length 409)
prokka_out/CA140705:NODE_6_length_110339_cov_89.964423_80 (length 162)
prokka_out/CA140705:NODE_6_length_110339_cov_89.964423_81 (length 160)
prokka_out/CA140705:NODE_6_length_110339_cov_89.964423_82 (length 476)
prokka_out/CA140705:NODE_6_length_110339_cov_89.964423_83 (length 288)
prokka_out/CA140705:NODE_6_length_110339_cov_89.964423_84 (length 118)
prokka_out/CA140705:NODE_6_length_110339_cov_89.964423_85 (length 230)
prokka_out/CA140705:NODE_6_length_110339_cov_89.964423_86 (length 358)
prokka_out/CA140705:NODE_6_length_110339_cov_89.964423_87 (length 278)
prokka_out/CA140705:NODE_6_length_110339_cov_89.964423_88 (length 183)
prokka_out/CA140705:NODE_6_length_110339_cov_89.964423_89 (length 284)
prokka_out/CA140705:NODE_6_length_110339_cov_89.964423_90 (length 210)
prokka_out/CA140705:NODE_6_length_110339_cov_89.964423_91 (length 262)
prokka_out/CA140705:NODE_6_length_110339_cov_89.964423_92 (length 201)
prokka_out/CA140705:NODE_6_length_110339_cov_89.964423_93 (length 338)
prokka_out/CA140705:NODE_6_length_110339_cov_89.964423_94 (length 602)
prokka_out/CA140705:NODE_6_length_110339_cov_89.964423_95 (length 239)
prokka_out/CA140705:NODE_6_length_110339_cov_89.964423_96 (length 623)
prokka_out/CA140705:NODE_6_length_110339_cov_89.964423_97 (length 545)
prokka_out/CA140705:NODE_6_length_110339_cov_89.964423_98 (length 287)
prokka_out/CA140705:NODE_6_length_110339_cov_89.964423_99 (length 628)
prokka_out/CA140705:NODE_6_length_110339_cov_89.964423_1> (length 107)
prokka_out/CA140705:NODE_6_length_110339_cov_89.964423_1> (length 602)
prokka_out/CA140705:NODE_6_length_110339_cov_89.964423_1> (length 216)
prokka_out/CA140705:NODE_6_length_110339_cov_89.964423_1> (length 449)
prokka_out/CA140705:NODE_6_length_110339_cov_89.964423_1> (length 402)
prokka_out/CA140705:NODE_6_length_110339_cov_89.964423_1> (length 233)
prokka_out/CA140705:NODE_6_length_110339_cov_89.964423_1> (length 712)
prokka_out/CA140705:NODE_6_length_110339_cov_89.964423_1> (length 393)
prokka_out/CA140705:NODE_6_length_110339_cov_89.964423_1> (length 878)
prokka_out/CA140705:NODE_6_length_110339_cov_89.964423_1> (length 365)
prokka_out/CA140705:NODE_6_length_110339_cov_89.964423_1> (length 340)
prokka_out/CA140705:NODE_6_length_110339_cov_89.964423_1> (length 235)
prokka_out/CA140705:NODE_7_length_61353_cov_92.227469_1 (length 177)
prokka_out/CA140705:NODE_7_length_61353_cov_92.227469_2 (length 339)
prokka_out/CA140705:NODE_7_length_61353_cov_92.227469_3 (length 420)
prokka_out/CA140705:NODE_7_length_61353_cov_92.227469_4 (length 285)
prokka_out/CA140705:NODE_7_length_61353_cov_92.227469_5 (length 268)
prokka_out/CA140705:NODE_7_length_61353_cov_92.227469_6 (length 259)
prokka_out/CA140705:NODE_7_length_61353_cov_92.227469_7 (length 333)
prokka_out/CA140705:NODE_7_length_61353_cov_92.227469_8 (length 702)
prokka_out/CA140705:NODE_7_length_61353_cov_92.227469_9 (length 251)
prokka_out/CA140705:NODE_7_length_61353_cov_92.227469_10 (length 355)
prokka_out/CA140705:NODE_7_length_61353_cov_92.227469_11 (length 87)
prokka_out/CA140705:NODE_7_length_61353_cov_92.227469_12 (length 166)
prokka_out/CA140705:NODE_7_length_61353_cov_92.227469_13 (length 386)
prokka_out/CA140705:NODE_7_length_61353_cov_92.227469_14 (length 295)
prokka_out/CA140705:NODE_7_length_61353_cov_92.227469_15 (length 371)
prokka_out/CA140705:NODE_7_length_61353_cov_92.227469_16 (length 368)
prokka_out/CA140705:NODE_7_length_61353_cov_92.227469_17 (length 387)
prokka_out/CA140705:NODE_7_length_61353_cov_92.227469_18 (length 171)
prokka_out/CA140705:NODE_7_length_61353_cov_92.227469_19 (length 207)
prokka_out/CA140705:NODE_7_length_61353_cov_92.227469_20 (length 255)
prokka_out/CA140705:NODE_7_length_61353_cov_92.227469_21 (length 242)
prokka_out/CA140705:NODE_7_length_61353_cov_92.227469_22 (length 195)
prokka_out/CA140705:NODE_7_length_61353_cov_92.227469_23 (length 353)
prokka_out/CA140705:NODE_7_length_61353_cov_92.227469_24 (length 428)
prokka_out/CA140705:NODE_7_length_61353_cov_92.227469_25 (length 299)
prokka_out/CA140705:NODE_7_length_61353_cov_92.227469_26 (length 117)
prokka_out/CA140705:NODE_7_length_61353_cov_92.227469_27 (length 337)
prokka_out/CA140705:NODE_7_length_61353_cov_92.227469_28 (length 208)
prokka_out/CA140705:NODE_7_length_61353_cov_92.227469_29 (length 130)
prokka_out/CA140705:NODE_7_length_61353_cov_92.227469_30 (length 121)
prokka_out/CA140705:NODE_7_length_61353_cov_92.227469_31 (length 72)
prokka_out/CA140705:NODE_7_length_61353_cov_92.227469_32 (length 286)
prokka_out/CA140705:NODE_7_length_61353_cov_92.227469_33 (length 162)
prokka_out/CA140705:NODE_7_length_61353_cov_92.227469_34 (length 104)
prokka_out/CA140705:NODE_7_length_61353_cov_92.227469_35 (length 81)
prokka_out/CA140705:NODE_7_length_61353_cov_92.227469_36 (length 203)
prokka_out/CA140705:NODE_7_length_61353_cov_92.227469_37 (length 367)
prokka_out/CA140705:NODE_7_length_61353_cov_92.227469_38 (length 52)
prokka_out/CA140705:NODE_7_length_61353_cov_92.227469_39 (length 144)
prokka_out/CA140705:NODE_7_length_61353_cov_92.227469_40 (length 72)
prokka_out/CA140705:NODE_7_length_61353_cov_92.227469_41 (length 435)
prokka_out/CA140705:NODE_7_length_61353_cov_92.227469_42 (length 541)
prokka_out/CA140705:NODE_7_length_61353_cov_92.227469_43 (length 157)
prokka_out/CA140705:NODE_7_length_61353_cov_92.227469_44 (length 142)
prokka_out/CA140705:NODE_7_length_61353_cov_92.227469_45 (length 925)
prokka_out/CA140705:NODE_7_length_61353_cov_92.227469_46 (length 512)
prokka_out/CA140705:NODE_7_length_61353_cov_92.227469_47 (length 314)
prokka_out/CA140705:NODE_7_length_61353_cov_92.227469_48 (length 251)
prokka_out/CA140705:NODE_7_length_61353_cov_92.227469_49 (length 236)
prokka_out/CA140705:NODE_7_length_61353_cov_92.227469_50 (length 221)
prokka_out/CA140705:NODE_7_length_61353_cov_92.227469_51 (length 129)
prokka_out/CA140705:NODE_7_length_61353_cov_92.227469_52 (length 167)
prokka_out/CA140705:NODE_7_length_61353_cov_92.227469_53 (length 263)
prokka_out/CA140705:NODE_7_length_61353_cov_92.227469_54 (length 408)
prokka_out/CA140705:NODE_7_length_61353_cov_92.227469_55 (length 75)
prokka_out/CA140705:NODE_7_length_61353_cov_92.227469_56 (length 230)
prokka_out/CA140705:NODE_7_length_61353_cov_92.227469_57 (length 820)
prokka_out/CA140705:NODE_7_length_61353_cov_92.227469_58 (length 332)
prokka_out/CA140705:NODE_7_length_61353_cov_92.227469_59 (length 221)
prokka_out/CA140705:NODE_7_length_61353_cov_92.227469_60 (length 171)
prokka_out/CA140705:NODE_7_length_61353_cov_92.227469_61 (length 97)
prokka_out/CA140705:NODE_7_length_61353_cov_92.227469_62 (length 596)
prokka_out/CA140705:NODE_7_length_61353_cov_92.227469_63 (length 496)
prokka_out/CA140705:NODE_7_length_61353_cov_92.227469_64 (length 457)
prokka_out/CA140705:NODE_7_length_61353_cov_92.227469_65 (length 788)
prokka_out/CA140705:NODE_8_length_49374_cov_88.962170_1 (length 236)
prokka_out/CA140705:NODE_8_length_49374_cov_88.962170_2 (length 124)
prokka_out/CA140705:NODE_8_length_49374_cov_88.962170_3 (length 334)
prokka_out/CA140705:NODE_8_length_49374_cov_88.962170_4 (length 80)
prokka_out/CA140705:NODE_8_length_49374_cov_88.962170_5 (length 118)
prokka_out/CA140705:NODE_8_length_49374_cov_88.962170_6 (length 515)
prokka_out/CA140705:NODE_8_length_49374_cov_88.962170_7 (length 252)
prokka_out/CA140705:NODE_8_length_49374_cov_88.962170_8 (length 378)
prokka_out/CA140705:NODE_8_length_49374_cov_88.962170_9 (length 87)
prokka_out/CA140705:NODE_8_length_49374_cov_88.962170_10 (length 157)
prokka_out/CA140705:NODE_8_length_49374_cov_88.962170_11 (length 50)
prokka_out/CA140705:NODE_8_length_49374_cov_88.962170_12 (length 436)
prokka_out/CA140705:NODE_8_length_49374_cov_88.962170_13 (length 158)
prokka_out/CA140705:NODE_8_length_49374_cov_88.962170_14 (length 287)
prokka_out/CA140705:NODE_8_length_49374_cov_88.962170_15 (length 117)
prokka_out/CA140705:NODE_8_length_49374_cov_88.962170_16 (length 63)
prokka_out/CA140705:NODE_8_length_49374_cov_88.962170_17 (length 388)
prokka_out/CA140705:NODE_8_length_49374_cov_88.962170_18 (length 393)
prokka_out/CA140705:NODE_8_length_49374_cov_88.962170_19 (length 323)
prokka_out/CA140705:NODE_8_length_49374_cov_88.962170_20 (length 627)
prokka_out/CA140705:NODE_8_length_49374_cov_88.962170_21 (length 211)
prokka_out/CA140705:NODE_8_length_49374_cov_88.962170_22 (length 231)
prokka_out/CA140705:NODE_8_length_49374_cov_88.962170_23 (length 118)
prokka_out/CA140705:NODE_8_length_49374_cov_88.962170_24 (length 185)
prokka_out/CA140705:NODE_8_length_49374_cov_88.962170_25 (length 202)
prokka_out/CA140705:NODE_8_length_49374_cov_88.962170_26 (length 136)
prokka_out/CA140705:NODE_8_length_49374_cov_88.962170_27 (length 340)
prokka_out/CA140705:NODE_8_length_49374_cov_88.962170_28 (length 462)
prokka_out/CA140705:NODE_8_length_49374_cov_88.962170_29 (length 179)
prokka_out/CA140705:NODE_8_length_49374_cov_88.962170_30 (length 209)
prokka_out/CA140705:NODE_8_length_49374_cov_88.962170_31 (length 394)
prokka_out/CA140705:NODE_8_length_49374_cov_88.962170_32 (length 279)
prokka_out/CA140705:NODE_8_length_49374_cov_88.962170_33 (length 148)
prokka_out/CA140705:NODE_8_length_49374_cov_88.962170_34 (length 342)
prokka_out/CA140705:NODE_8_length_49374_cov_88.962170_35 (length 367)
prokka_out/CA140705:NODE_8_length_49374_cov_88.962170_36 (length 172)
prokka_out/CA140705:NODE_8_length_49374_cov_88.962170_37 (length 602)
prokka_out/CA140705:NODE_8_length_49374_cov_88.962170_38 (length 267)
prokka_out/CA140705:NODE_8_length_49374_cov_88.962170_39 (length 663)
prokka_out/CA140705:NODE_8_length_49374_cov_88.962170_40 (length 740)
prokka_out/CA140705:NODE_8_length_49374_cov_88.962170_41 (length 1750)
prokka_out/CA140705:NODE_8_length_49374_cov_88.962170_42 (length 117)
prokka_out/CA140705:NODE_8_length_49374_cov_88.962170_43 (length 382)
prokka_out/CA140705:NODE_8_length_49374_cov_88.962170_44 (length 393)
prokka_out/CA140705:NODE_8_length_49374_cov_88.962170_45 (length 242)
prokka_out/CA140705:NODE_8_length_49374_cov_88.962170_46 (length 445)
prokka_out/CA140705:NODE_8_length_49374_cov_88.962170_47 (length 270)
prokka_out/CA140705:NODE_9_length_45724_cov_90.752659_1 (length 461)
prokka_out/CA140705:NODE_9_length_45724_cov_90.752659_2 (length 200)
prokka_out/CA140705:NODE_9_length_45724_cov_90.752659_3 (length 444)
prokka_out/CA140705:NODE_9_length_45724_cov_90.752659_4 (length 194)
prokka_out/CA140705:NODE_9_length_45724_cov_90.752659_5 (length 175)
prokka_out/CA140705:NODE_9_length_45724_cov_90.752659_6 (length 501)
prokka_out/CA140705:NODE_9_length_45724_cov_90.752659_7 (length 232)
prokka_out/CA140705:NODE_9_length_45724_cov_90.752659_8 (length 456)
prokka_out/CA140705:NODE_9_length_45724_cov_90.752659_9 (length 191)
prokka_out/CA140705:NODE_9_length_45724_cov_90.752659_10 (length 29)
prokka_out/CA140705:NODE_9_length_45724_cov_90.752659_11 (length 130)
prokka_out/CA140705:NODE_9_length_45724_cov_90.752659_12 (length 112)
prokka_out/CA140705:NODE_9_length_45724_cov_90.752659_13 (length 101)
prokka_out/CA140705:NODE_9_length_45724_cov_90.752659_14 (length 246)
prokka_out/CA140705:NODE_9_length_45724_cov_90.752659_15 (length 69)
prokka_out/CA140705:NODE_9_length_45724_cov_90.752659_16 (length 394)
prokka_out/CA140705:NODE_9_length_45724_cov_90.752659_17 (length 453)
prokka_out/CA140705:NODE_9_length_45724_cov_90.752659_18 (length 263)
prokka_out/CA140705:NODE_9_length_45724_cov_90.752659_19 (length 404)
prokka_out/CA140705:NODE_9_length_45724_cov_90.752659_20 (length 248)
prokka_out/CA140705:NODE_9_length_45724_cov_90.752659_21 (length 136)
prokka_out/CA140705:NODE_9_length_45724_cov_90.752659_22 (length 253)
prokka_out/CA140705:NODE_9_length_45724_cov_90.752659_23 (length 758)
prokka_out/CA140705:NODE_9_length_45724_cov_90.752659_24 (length 280)
prokka_out/CA140705:NODE_9_length_45724_cov_90.752659_25 (length 40)
prokka_out/CA140705:NODE_9_length_45724_cov_90.752659_26 (length 334)
prokka_out/CA140705:NODE_9_length_45724_cov_90.752659_27 (length 538)
prokka_out/CA140705:NODE_9_length_45724_cov_90.752659_28 (length 301)
prokka_out/CA140705:NODE_9_length_45724_cov_90.752659_29 (length 401)
prokka_out/CA140705:NODE_9_length_45724_cov_90.752659_30 (length 220)
prokka_out/CA140705:NODE_9_length_45724_cov_90.752659_31 (length 142)
prokka_out/CA140705:NODE_9_length_45724_cov_90.752659_32 (length 135)
prokka_out/CA140705:NODE_9_length_45724_cov_90.752659_33 (length 187)
prokka_out/CA140705:NODE_9_length_45724_cov_90.752659_34 (length 289)
prokka_out/CA140705:NODE_9_length_45724_cov_90.752659_35 (length 294)
prokka_out/CA140705:NODE_9_length_45724_cov_90.752659_36 (length 166)
prokka_out/CA140705:NODE_9_length_45724_cov_90.752659_37 (length 172)
prokka_out/CA140705:NODE_9_length_45724_cov_90.752659_38 (length 320)
prokka_out/CA140705:NODE_9_length_45724_cov_90.752659_39 (length 247)
prokka_out/CA140705:NODE_9_length_45724_cov_90.752659_40 (length 193)
prokka_out/CA140705:NODE_9_length_45724_cov_90.752659_41 (length 140)
prokka_out/CA140705:NODE_9_length_45724_cov_90.752659_42 (length 135)
prokka_out/CA140705:NODE_9_length_45724_cov_90.752659_43 (length 217)
prokka_out/CA140705:NODE_9_length_45724_cov_90.752659_44 (length 66)
prokka_out/CA140705:NODE_9_length_45724_cov_90.752659_45 (length 274)
prokka_out/CA140705:NODE_9_length_45724_cov_90.752659_46 (length 227)
prokka_out/CA140705:NODE_9_length_45724_cov_90.752659_47 (length 315)
prokka_out/CA140705:NODE_9_length_45724_cov_90.752659_48 (length 268)
prokka_out/CA140705:NODE_9_length_45724_cov_90.752659_49 (length 401)
prokka_out/CA140705:NODE_9_length_45724_cov_90.752659_50 (length 416)
prokka_out/CA140705:NODE_9_length_45724_cov_90.752659_51 (length 112)
prokka_out/CA140705:NODE_9_length_45724_cov_90.752659_52 (length 104)
prokka_out/CA140705:NODE_9_length_45724_cov_90.752659_53 (length 312)
prokka_out/CA140705:NODE_9_length_45724_cov_90.752659_54 (length 593)
prokka_out/CA140705:NODE_10_length_11181_cov_98.997467_1 (length 288)
prokka_out/CA140705:NODE_10_length_11181_cov_98.997467_2 (length 146)
prokka_out/CA140705:NODE_10_length_11181_cov_98.997467_3 (length 150)
prokka_out/CA140705:NODE_10_length_11181_cov_98.997467_4 (length 221)
prokka_out/CA140705:NODE_10_length_11181_cov_98.997467_5 (length 264)
prokka_out/CA140705:NODE_10_length_11181_cov_98.997467_6 (length 161)
prokka_out/CA140705:NODE_10_length_11181_cov_98.997467_7 (length 107)
prokka_out/CA140705:NODE_10_length_11181_cov_98.997467_8 (length 450)
prokka_out/CA140705:NODE_10_length_11181_cov_98.997467_9 (length 307)
prokka_out/CA140705:NODE_10_length_11181_cov_98.997467_10 (length 334)
prokka_out/CA140705:NODE_10_length_11181_cov_98.997467_11 (length 156)
prokka_out/CA140705:NODE_12_length_3781_cov_103.551450_1 (length 305)
prokka_out/CA140705:NODE_12_length_3781_cov_103.551450_2 (length 181)
prokka_out/CA140705:NODE_12_length_3781_cov_103.551450_3 (length 259)
prokka_out/CA140705:NODE_12_length_3781_cov_103.551450_4 (length 256)
prokka_out/CA140705:NODE_13_length_1167_cov_222.422115_1 (length 309)
prokka_out/CA140705:NODE_14_length_845_cov_96.791086_1 (length 90)
prokka_out/CA140705:NODE_15_length_773_cov_408.438080_1 (length 236)

DiscRep_ALL:DISC_SOURCE_QUALS_ASNDISC::strain (all present, all same)
DiscRep_SUB:DISC_SOURCE_QUALS_ASNDISC::19 sources have 'strain' for strain
DiscRep_ALL:DISC_SOURCE_QUALS_ASNDISC::taxname (all present, all same)
DiscRep_SUB:DISC_SOURCE_QUALS_ASNDISC::19 sources have 'Genus species' for taxname
DiscRep_ALL:DISC_FEATURE_COUNT::CDS: 1693 present
DiscRep_ALL:DISC_FEATURE_COUNT::tRNA: 40 present
DiscRep_ALL:DISC_FEATURE_COUNT::rRNA: 2 present
DiscRep_ALL:DISC_FEATURE_COUNT::tmRNA: 1 present
DiscRep_ALL:DISC_COUNT_NUCLEOTIDES::19 nucleotide Bioseqs are present
prokka_out/CA140705:NODE_1_length_597876_cov_87.036437 (length 597876)
prokka_out/CA140705:NODE_2_length_271878_cov_89.820726 (length 271878)
prokka_out/CA140705:NODE_3_length_208642_cov_91.661952 (length 208642)
prokka_out/CA140705:NODE_4_length_165410_cov_91.697422 (length 165410)
prokka_out/CA140705:NODE_5_length_130343_cov_94.995446 (length 130343)
prokka_out/CA140705:NODE_6_length_110339_cov_89.964423 (length 110339)
prokka_out/CA140705:NODE_7_length_61353_cov_92.227469 (length 61353)
prokka_out/CA140705:NODE_8_length_49374_cov_88.962170 (length 49374)
prokka_out/CA140705:NODE_9_length_45724_cov_90.752659 (length 45724)
prokka_out/CA140705:NODE_10_length_11181_cov_98.997467 (length 11181)
prokka_out/CA140705:NODE_11_length_6744_cov_323.804896 (length 6744)
prokka_out/CA140705:NODE_12_length_3781_cov_103.551450 (length 3781)
prokka_out/CA140705:NODE_13_length_1167_cov_222.422115 (length 1167)
prokka_out/CA140705:NODE_14_length_845_cov_96.791086 (length 845)
prokka_out/CA140705:NODE_15_length_773_cov_408.438080 (length 773)
prokka_out/CA140705:NODE_16_length_599_cov_219.192797 (length 599)
prokka_out/CA140705:NODE_21_length_381_cov_88.913386 (length 381)
prokka_out/CA140705:NODE_22_length_278_cov_96.470199 (length 278)
prokka_out/CA140705:NODE_23_length_253_cov_55.015873 (length 253)

DiscRep_ALL:FEATURE_LOCATION_CONFLICT::1736 features have inconsistent gene locations.
DiscRep_SUB:FEATURE_LOCATION_CONFLICT::Coding region xref gene does not exist
prokka_out/CA140705:CDS	Flagellin B	NODE_1_length_597876_cov_87.036437:72-344	HIOKELPH_00001

DiscRep_SUB:FEATURE_LOCATION_CONFLICT::Coding region xref gene does not exist
prokka_out/CA140705:CDS	hypothetical protein	NODE_1_length_597876_cov_87.036437:c2270-372	HIOKELPH_00002

DiscRep_SUB:FEATURE_LOCATION_CONFLICT::Coding region xref gene does not exist
prokka_out/CA140705:CDS	hypothetical protein	NODE_1_length_597876_cov_87.036437:c4221-2257	HIOKELPH_00003

DiscRep_SUB:FEATURE_LOCATION_CONFLICT::Coding region xref gene does not exist
prokka_out/CA140705:CDS	hypothetical protein	NODE_1_length_597876_cov_87.036437:c6077-4218	HIOKELPH_00004

DiscRep_SUB:FEATURE_LOCATION_CONFLICT::Coding region xref gene does not exist
prokka_out/CA140705:CDS	2,5-dichloro-2,5-cyclohexadiene-1,4-diol dehydrogenase LinX	NODE_1_length_597876_cov_87.036437:c6847-6077	HIOKELPH_00005

DiscRep_SUB:FEATURE_LOCATION_CONFLICT::Coding region xref gene does not exist
prokka_out/CA140705:CDS	CMP-N,N'-diacetyllegionaminic acid synthase	NODE_1_length_597876_cov_87.036437:c7554-6847	HIOKELPH_00006

DiscRep_SUB:FEATURE_LOCATION_CONFLICT::Coding region xref gene does not exist
prokka_out/CA140705:CDS	hypothetical protein	NODE_1_length_597876_cov_87.036437:c8452-7547	HIOKELPH_00007

DiscRep_SUB:FEATURE_LOCATION_CONFLICT::Coding region xref gene does not exist
prokka_out/CA140705:CDS	UTP--glucose-1-phosphate uridylyltransferase	NODE_1_length_597876_cov_87.036437:c9480-8449	HIOKELPH_00008

DiscRep_SUB:FEATURE_LOCATION_CONFLICT::Coding region xref gene does not exist
prokka_out/CA140705:CDS	GDP/UDP-N,N'-diacetylbacillosamine 2-epimerase (hydrolyzing)	NODE_1_length_597876_cov_87.036437:c10642-9467	HIOKELPH_00009

DiscRep_SUB:FEATURE_LOCATION_CONFLICT::Coding region xref gene does not exist
prokka_out/CA140705:CDS	N,N'-diacetyllegionaminic acid synthase	NODE_1_length_597876_cov_87.036437:c11639-10635	HIOKELPH_00010

DiscRep_SUB:FEATURE_LOCATION_CONFLICT::Coding region xref gene does not exist
prokka_out/CA140705:CDS	hypothetical protein	NODE_1_length_597876_cov_87.036437:c12361-11681	HIOKELPH_00011

DiscRep_SUB:FEATURE_LOCATION_CONFLICT::Coding region xref gene does not exist
prokka_out/CA140705:CDS	hypothetical protein	NODE_1_length_597876_cov_87.036437:c13493-12372	HIOKELPH_00012

DiscRep_SUB:FEATURE_LOCATION_CONFLICT::Coding region xref gene does not exist
prokka_out/CA140705:CDS	Putative pyridoxal phosphate-dependent aminotransferase EpsN	NODE_1_length_597876_cov_87.036437:c14852-13710	HIOKELPH_00013

DiscRep_SUB:FEATURE_LOCATION_CONFLICT::Coding region xref gene does not exist
prokka_out/CA140705:CDS	GDP-6-deoxy-D-mannose reductase	NODE_1_length_597876_cov_87.036437:c15816-14845	HIOKELPH_00014

DiscRep_SUB:FEATURE_LOCATION_CONFLICT::Coding region xref gene does not exist
prokka_out/CA140705:CDS	Pseudaminic acid synthase	NODE_1_length_597876_cov_87.036437:c16844-15813	HIOKELPH_00015

DiscRep_SUB:FEATURE_LOCATION_CONFLICT::Coding region xref gene does not exist
prokka_out/CA140705:CDS	hypothetical protein	NODE_1_length_597876_cov_87.036437:16994-17263	HIOKELPH_00016

DiscRep_SUB:FEATURE_LOCATION_CONFLICT::Coding region xref gene does not exist
prokka_out/CA140705:CDS	hypothetical protein	NODE_1_length_597876_cov_87.036437:17271-18131	HIOKELPH_00017

DiscRep_SUB:FEATURE_LOCATION_CONFLICT::Coding region xref gene does not exist
prokka_out/CA140705:CDS	Imidazole glycerol phosphate synthase subunit HisH	NODE_1_length_597876_cov_87.036437:18128-18358	HIOKELPH_00018

DiscRep_SUB:FEATURE_LOCATION_CONFLICT::Coding region xref gene does not exist
prokka_out/CA140705:CDS	Imidazole glycerol phosphate synthase subunit HisH	NODE_1_length_597876_cov_87.036437:18373-18732	HIOKELPH_00019

DiscRep_SUB:FEATURE_LOCATION_CONFLICT::Coding region xref gene does not exist
prokka_out/CA140705:CDS	Imidazole glycerol phosphate synthase subunit HisF	NODE_1_length_597876_cov_87.036437:18733-19479	HIOKELPH_00020

DiscRep_SUB:FEATURE_LOCATION_CONFLICT::Coding region xref gene does not exist
prokka_out/CA140705:CDS	UDP-4-amino-4,6-dideoxy-N-acetyl-beta-L-altrosamine N-acetyltransferase	NODE_1_length_597876_cov_87.036437:c19917-19444	HIOKELPH_00021

DiscRep_SUB:FEATURE_LOCATION_CONFLICT::Coding region xref gene does not exist
prokka_out/CA140705:CDS	UDP-2,4-diacetamido-2,4,6-trideoxy-beta-L-altropyranose hydrolase	NODE_1_length_597876_cov_87.036437:c20738-19914	HIOKELPH_00022

DiscRep_SUB:FEATURE_LOCATION_CONFLICT::Coding region xref gene does not exist
prokka_out/CA140705:CDS	CMP-N,N'-diacetyllegionaminic acid synthase	NODE_1_length_597876_cov_87.036437:c21420-20722	HIOKELPH_00023

DiscRep_SUB:FEATURE_LOCATION_CONFLICT::Coding region xref gene does not exist
prokka_out/CA140705:CDS	hypothetical protein	NODE_1_length_597876_cov_87.036437:21513-22724	HIOKELPH_00024

DiscRep_SUB:FEATURE_LOCATION_CONFLICT::Coding region xref gene does not exist
prokka_out/CA140705:CDS	3-oxoacyl-[acyl-carrier-protein] synthase 3	NODE_1_length_597876_cov_87.036437:c24057-23131	HIOKELPH_00025

DiscRep_SUB:FEATURE_LOCATION_CONFLICT::Coding region xref gene does not exist
prokka_out/CA140705:CDS	hypothetical protein	NODE_1_length_597876_cov_87.036437:24158-24463	HIOKELPH_00026

DiscRep_SUB:FEATURE_LOCATION_CONFLICT::Coding region xref gene does not exist
prokka_out/CA140705:CDS	hypothetical protein	NODE_1_length_597876_cov_87.036437:24511-25227	HIOKELPH_00027

DiscRep_SUB:FEATURE_LOCATION_CONFLICT::Coding region xref gene does not exist
prokka_out/CA140705:CDS	hypothetical protein	NODE_1_length_597876_cov_87.036437:c25451-25224	HIOKELPH_00028

DiscRep_SUB:FEATURE_LOCATION_CONFLICT::Coding region xref gene does not exist
prokka_out/CA140705:CDS	hypothetical protein	NODE_1_length_597876_cov_87.036437:c25599-25453	HIOKELPH_00029

DiscRep_SUB:FEATURE_LOCATION_CONFLICT::Coding region xref gene does not exist
prokka_out/CA140705:CDS	Methionyl-tRNA formyltransferase	NODE_1_length_597876_cov_87.036437:c26171-25644	HIOKELPH_00030

DiscRep_SUB:FEATURE_LOCATION_CONFLICT::Coding region xref gene does not exist
prokka_out/CA140705:CDS	hypothetical protein	NODE_1_length_597876_cov_87.036437:c26896-26171	HIOKELPH_00031

DiscRep_SUB:FEATURE_LOCATION_CONFLICT::Coding region xref gene does not exist
prokka_out/CA140705:CDS	D-alanine--D-alanyl carrier protein ligase	NODE_1_length_597876_cov_87.036437:c28397-26889	HIOKELPH_00032

DiscRep_SUB:FEATURE_LOCATION_CONFLICT::Coding region xref gene does not exist
prokka_out/CA140705:CDS	hypothetical protein	NODE_1_length_597876_cov_87.036437:28458-29072	HIOKELPH_00033

DiscRep_SUB:FEATURE_LOCATION_CONFLICT::Coding region xref gene does not exist
prokka_out/CA140705:CDS	hypothetical protein	NODE_1_length_597876_cov_87.036437:29093-29665	HIOKELPH_00034

DiscRep_SUB:FEATURE_LOCATION_CONFLICT::Coding region xref gene does not exist
prokka_out/CA140705:CDS	hypothetical protein	NODE_1_length_597876_cov_87.036437:29678-30334	HIOKELPH_00035

DiscRep_SUB:FEATURE_LOCATION_CONFLICT::Coding region xref gene does not exist
prokka_out/CA140705:CDS	hypothetical protein	NODE_1_length_597876_cov_87.036437:30318-30896	HIOKELPH_00036

DiscRep_SUB:FEATURE_LOCATION_CONFLICT::Coding region xref gene does not exist
prokka_out/CA140705:CDS	hypothetical protein	NODE_1_length_597876_cov_87.036437:c31131-30910	HIOKELPH_00037

DiscRep_SUB:FEATURE_LOCATION_CONFLICT::Coding region xref gene does not exist
prokka_out/CA140705:CDS	3-oxoacyl-[acyl-carrier-protein] synthase 3	NODE_1_length_597876_cov_87.036437:c32192-31131	HIOKELPH_00038

DiscRep_SUB:FEATURE_LOCATION_CONFLICT::Coding region xref gene does not exist
prokka_out/CA140705:CDS	hypothetical protein	NODE_1_length_597876_cov_87.036437:c33744-32182	HIOKELPH_00039

DiscRep_SUB:FEATURE_LOCATION_CONFLICT::Coding region xref gene does not exist
prokka_out/CA140705:CDS	hypothetical protein	NODE_1_length_597876_cov_87.036437:c34157-33741	HIOKELPH_00040

DiscRep_SUB:FEATURE_LOCATION_CONFLICT::Coding region xref gene does not exist
prokka_out/CA140705:CDS	Ubiquinone biosynthesis O-methyltransferase, mitochondrial	NODE_1_length_597876_cov_87.036437:c35043-34150	HIOKELPH_00041

DiscRep_SUB:FEATURE_LOCATION_CONFLICT::Coding region xref gene does not exist
prokka_out/CA140705:CDS	hypothetical protein	NODE_1_length_597876_cov_87.036437:c35270-35040	HIOKELPH_00042

DiscRep_SUB:FEATURE_LOCATION_CONFLICT::Coding region xref gene does not exist
prokka_out/CA140705:CDS	hypothetical protein	NODE_1_length_597876_cov_87.036437:c36092-35301	HIOKELPH_00043

DiscRep_SUB:FEATURE_LOCATION_CONFLICT::Coding region xref gene does not exist
prokka_out/CA140705:CDS	Putative polysaccharide biosynthesis protein with aminopeptidase-like domain protein	NODE_1_length_597876_cov_87.036437:c37396-36089	HIOKELPH_00044

DiscRep_SUB:FEATURE_LOCATION_CONFLICT::Coding region xref gene does not exist
prokka_out/CA140705:CDS	UDP-4-amino-4,6-dideoxy-N-acetyl-beta-L-altrosamine transaminase	NODE_1_length_597876_cov_87.036437:c38519-37389	HIOKELPH_00045

DiscRep_SUB:FEATURE_LOCATION_CONFLICT::Coding region xref gene does not exist
prokka_out/CA140705:CDS	UDP-N-acetylglucosamine 4,6-dehydratase (inverting)	NODE_1_length_597876_cov_87.036437:c39525-38521	HIOKELPH_00046

DiscRep_SUB:FEATURE_LOCATION_CONFLICT::Coding region xref gene does not exist
prokka_out/CA140705:CDS	dCTP deaminase	NODE_1_length_597876_cov_87.036437:c40139-39579	HIOKELPH_00047

DiscRep_SUB:FEATURE_LOCATION_CONFLICT::Coding region xref gene does not exist
prokka_out/CA140705:CDS	Biotin carboxyl carrier protein of acetyl-CoA carboxylase	NODE_1_length_597876_cov_87.036437:40298-40753	HIOKELPH_00048

DiscRep_SUB:FEATURE_LOCATION_CONFLICT::Coding region xref gene does not exist
prokka_out/CA140705:CDS	Biotin carboxylase	NODE_1_length_597876_cov_87.036437:40755-42086	HIOKELPH_00049

DiscRep_SUB:FEATURE_LOCATION_CONFLICT::Coding region xref gene does not exist
prokka_out/CA140705:CDS	Chaperone SurA	NODE_1_length_597876_cov_87.036437:c42929-42114	HIOKELPH_00050

DiscRep_SUB:FEATURE_LOCATION_CONFLICT::Coding region xref gene does not exist
prokka_out/CA140705:CDS	Glutamate--tRNA ligase 1	NODE_1_length_597876_cov_87.036437:42994-44385	HIOKELPH_00051

DiscRep_SUB:FEATURE_LOCATION_CONFLICT::Coding region xref gene does not exist
prokka_out/CA140705:CDS	NADP-dependent malic enzyme	NODE_1_length_597876_cov_87.036437:44385-45620	HIOKELPH_00052

DiscRep_SUB:FEATURE_LOCATION_CONFLICT::Coding region xref gene does not exist
prokka_out/CA140705:CDS	Uracil phosphoribosyltransferase	NODE_1_length_597876_cov_87.036437:45617-46243	HIOKELPH_00053

DiscRep_SUB:FEATURE_LOCATION_CONFLICT::Coding region xref gene does not exist
prokka_out/CA140705:CDS	Chorismate dehydratase	NODE_1_length_597876_cov_87.036437:46249-46920	HIOKELPH_00054

DiscRep_SUB:FEATURE_LOCATION_CONFLICT::Coding region xref gene does not exist
prokka_out/CA140705:CDS	Ktr system potassium uptake protein A	NODE_1_length_597876_cov_87.036437:c47571-46921	HIOKELPH_00055

DiscRep_SUB:FEATURE_LOCATION_CONFLICT::Coding region xref gene does not exist
prokka_out/CA140705:CDS	Ktr system potassium uptake protein B	NODE_1_length_597876_cov_87.036437:c48927-47584	HIOKELPH_00056

DiscRep_SUB:FEATURE_LOCATION_CONFLICT::Coding region xref gene does not exist
prokka_out/CA140705:CDS	Riboflavin biosynthesis protein RibBA	NODE_1_length_597876_cov_87.036437:49648-50667	HIOKELPH_00060

DiscRep_SUB:FEATURE_LOCATION_CONFLICT::Coding region xref gene does not exist
prokka_out/CA140705:CDS	putative protein YqeY	NODE_1_length_597876_cov_87.036437:50684-51127	HIOKELPH_00061

DiscRep_SUB:FEATURE_LOCATION_CONFLICT::Coding region xref gene does not exist
prokka_out/CA140705:CDS	Acetolactate synthase large subunit	NODE_1_length_597876_cov_87.036437:51205-52905	HIOKELPH_00062

DiscRep_SUB:FEATURE_LOCATION_CONFLICT::Coding region xref gene does not exist
prokka_out/CA140705:CDS	Acetolactate synthase isozyme 3 small subunit	NODE_1_length_597876_cov_87.036437:52902-53366	HIOKELPH_00063

DiscRep_SUB:FEATURE_LOCATION_CONFLICT::Coding region xref gene does not exist
prokka_out/CA140705:CDS	UDP-3-O-acylglucosamine N-acyltransferase	NODE_1_length_597876_cov_87.036437:53363-54316	HIOKELPH_00064

DiscRep_SUB:FEATURE_LOCATION_CONFLICT::Coding region xref gene does not exist
prokka_out/CA140705:CDS	S-adenosylmethionine:tRNA ribosyltransferase-isomerase	NODE_1_length_597876_cov_87.036437:c55344-54319	HIOKELPH_00065

DiscRep_SUB:FEATURE_LOCATION_CONFLICT::Coding region xref gene does not exist
prokka_out/CA140705:CDS	Sec-independent protein translocase protein TatC	NODE_1_length_597876_cov_87.036437:c56087-55341	HIOKELPH_00066

DiscRep_SUB:FEATURE_LOCATION_CONFLICT::Coding region xref gene does not exist
prokka_out/CA140705:CDS	Sec-independent protein translocase protein TatB	NODE_1_length_597876_cov_87.036437:c56492-56088	HIOKELPH_00067

DiscRep_SUB:FEATURE_LOCATION_CONFLICT::Coding region xref gene does not exist
prokka_out/CA140705:CDS	Heme chaperone HemW	NODE_1_length_597876_cov_87.036437:c57622-56555	HIOKELPH_00068

DiscRep_SUB:FEATURE_LOCATION_CONFLICT::Coding region xref gene does not exist
prokka_out/CA140705:CDS	RNA pyrophosphohydrolase	NODE_1_length_597876_cov_87.036437:57717-58187	HIOKELPH_00069

DiscRep_SUB:FEATURE_LOCATION_CONFLICT::Coding region xref gene does not exist
prokka_out/CA140705:CDS	Aspartate kinase	NODE_1_length_597876_cov_87.036437:58187-59389	HIOKELPH_00070

DiscRep_SUB:FEATURE_LOCATION_CONFLICT::Coding region xref gene does not exist
prokka_out/CA140705:CDS	hypothetical protein	NODE_1_length_597876_cov_87.036437:59390-59923	HIOKELPH_00071

DiscRep_SUB:FEATURE_LOCATION_CONFLICT::Coding region xref gene does not exist
prokka_out/CA140705:CDS	hypothetical protein	NODE_1_length_597876_cov_87.036437:59923-60534	HIOKELPH_00072

DiscRep_SUB:FEATURE_LOCATION_CONFLICT::Coding region xref gene does not exist
prokka_out/CA140705:CDS	Bifunctional dihydropteroate synthase/dihydropteroate reductase	NODE_1_length_597876_cov_87.036437:60531-61700	HIOKELPH_00073

DiscRep_SUB:FEATURE_LOCATION_CONFLICT::Coding region xref gene does not exist
prokka_out/CA140705:CDS	DNA ligase	NODE_1_length_597876_cov_87.036437:61701-63644	HIOKELPH_00074

DiscRep_SUB:FEATURE_LOCATION_CONFLICT::Coding region xref gene does not exist
prokka_out/CA140705:CDS	hypothetical protein	NODE_1_length_597876_cov_87.036437:63625-64629	HIOKELPH_00075

DiscRep_SUB:FEATURE_LOCATION_CONFLICT::Coding region xref gene does not exist
prokka_out/CA140705:CDS	16S/23S rRNA (cytidine-2'-O)-methyltransferase TlyA	NODE_1_length_597876_cov_87.036437:64626-65375	HIOKELPH_00076

DiscRep_SUB:FEATURE_LOCATION_CONFLICT::Coding region xref gene does not exist
prokka_out/CA140705:CDS	Bifunctional riboflavin kinase/FMN adenylyltransferase	NODE_1_length_597876_cov_87.036437:65344-66180	HIOKELPH_00077

DiscRep_SUB:FEATURE_LOCATION_CONFLICT::Coding region xref gene does not exist
prokka_out/CA140705:CDS	Carboxy-S-adenosyl-L-methionine synthase	NODE_1_length_597876_cov_87.036437:66184-66888	HIOKELPH_00078

DiscRep_SUB:FEATURE_LOCATION_CONFLICT::Coding region xref gene does not exist
prokka_out/CA140705:CDS	hypothetical protein	NODE_1_length_597876_cov_87.036437:c67110-66892	HIOKELPH_00079

DiscRep_SUB:FEATURE_LOCATION_CONFLICT::Coding region xref gene does not exist
prokka_out/CA140705:CDS	hypothetical protein	NODE_1_length_597876_cov_87.036437:c67821-67189	HIOKELPH_00080

DiscRep_SUB:FEATURE_LOCATION_CONFLICT::Coding region xref gene does not exist
prokka_out/CA140705:CDS	hypothetical protein	NODE_1_length_597876_cov_87.036437:c68481-67831	HIOKELPH_00081

DiscRep_SUB:FEATURE_LOCATION_CONFLICT::Coding region xref gene does not exist
prokka_out/CA140705:CDS	Endonuclease III	NODE_1_length_597876_cov_87.036437:c69104-68478	HIOKELPH_00082

DiscRep_SUB:FEATURE_LOCATION_CONFLICT::Coding region xref gene does not exist
prokka_out/CA140705:CDS	Putative peptidyl-prolyl cis-trans isomerase Cbf2	NODE_1_length_597876_cov_87.036437:69187-70008	HIOKELPH_00083

DiscRep_SUB:FEATURE_LOCATION_CONFLICT::Coding region xref gene does not exist
prokka_out/CA140705:CDS	Fructose-bisphosphate aldolase	NODE_1_length_597876_cov_87.036437:70008-71072	HIOKELPH_00084

DiscRep_SUB:FEATURE_LOCATION_CONFLICT::Coding region xref gene does not exist
prokka_out/CA140705:CDS	hypothetical protein	NODE_1_length_597876_cov_87.036437:71171-72625	HIOKELPH_00085

DiscRep_SUB:FEATURE_LOCATION_CONFLICT::Coding region xref gene does not exist
prokka_out/CA140705:CDS	Peptidoglycan-associated lipoprotein	NODE_1_length_597876_cov_87.036437:72622-73572	HIOKELPH_00086

DiscRep_SUB:FEATURE_LOCATION_CONFLICT::Coding region xref gene does not exist
prokka_out/CA140705:CDS	hypothetical protein	NODE_1_length_597876_cov_87.036437:73582-74451	HIOKELPH_00087

DiscRep_SUB:FEATURE_LOCATION_CONFLICT::Coding region xref gene does not exist
prokka_out/CA140705:CDS	Low molecular weight protein-tyrosine-phosphatase YfkJ	NODE_1_length_597876_cov_87.036437:c74908-74453	HIOKELPH_00088

DiscRep_SUB:FEATURE_LOCATION_CONFLICT::Coding region xref gene does not exist
prokka_out/CA140705:CDS	Staphyloferrin B transporter	NODE_1_length_597876_cov_87.036437:74962-76146	HIOKELPH_00089

DiscRep_SUB:FEATURE_LOCATION_CONFLICT::Coding region xref gene does not exist
prokka_out/CA140705:CDS	hypothetical protein	NODE_1_length_597876_cov_87.036437:76167-76823	HIOKELPH_00090

DiscRep_SUB:FEATURE_LOCATION_CONFLICT::Coding region xref gene does not exist
prokka_out/CA140705:CDS	putative tautomerase	NODE_1_length_597876_cov_87.036437:c77029-76820	HIOKELPH_00091

DiscRep_SUB:FEATURE_LOCATION_CONFLICT::Coding region xref gene does not exist
prokka_out/CA140705:CDS	hypothetical protein	NODE_1_length_597876_cov_87.036437:77276-77545	HIOKELPH_00092

DiscRep_SUB:FEATURE_LOCATION_CONFLICT::Coding region xref gene does not exist
prokka_out/CA140705:CDS	hypothetical protein	NODE_1_length_597876_cov_87.036437:c77965-77483	HIOKELPH_00093

DiscRep_SUB:FEATURE_LOCATION_CONFLICT::Coding region xref gene does not exist
prokka_out/CA140705:CDS	Polyribonucleotide nucleotidyltransferase	NODE_1_length_597876_cov_87.036437:c80178-77962	HIOKELPH_00094

DiscRep_SUB:FEATURE_LOCATION_CONFLICT::Coding region xref gene does not exist
prokka_out/CA140705:CDS	LPS-assembly protein LptD	NODE_1_length_597876_cov_87.036437:c82243-80195	HIOKELPH_00095

DiscRep_SUB:FEATURE_LOCATION_CONFLICT::Coding region xref gene does not exist
prokka_out/CA140705:CDS	hypothetical protein	NODE_1_length_597876_cov_87.036437:c82685-82233	HIOKELPH_00096

DiscRep_SUB:FEATURE_LOCATION_CONFLICT::Coding region xref gene does not exist
prokka_out/CA140705:CDS	Phosphoribosylamine--glycine ligase	NODE_1_length_597876_cov_87.036437:c83932-82682	HIOKELPH_00097

DiscRep_SUB:FEATURE_LOCATION_CONFLICT::Coding region xref gene does not exist
prokka_out/CA140705:CDS	hypothetical protein	NODE_1_length_597876_cov_87.036437:c85633-84173	HIOKELPH_00098

DiscRep_SUB:FEATURE_LOCATION_CONFLICT::Coding region xref gene does not exist
prokka_out/CA140705:CDS	hypothetical protein	NODE_1_length_597876_cov_87.036437:85768-86286	HIOKELPH_00099

DiscRep_SUB:FEATURE_LOCATION_CONFLICT::Coding region xref gene does not exist
prokka_out/CA140705:CDS	Ubiquinone biosynthesis O-methyltransferase, mitochondrial	NODE_1_length_597876_cov_87.036437:c87056-86448	HIOKELPH_00100

DiscRep_SUB:FEATURE_LOCATION_CONFLICT::Coding region xref gene does not exist
prokka_out/CA140705:CDS	GMP synthase [glutamine-hydrolyzing]	NODE_1_length_597876_cov_87.036437:c88765-87230	HIOKELPH_00101

DiscRep_SUB:FEATURE_LOCATION_CONFLICT::Coding region xref gene does not exist
prokka_out/CA140705:CDS	hypothetical protein	NODE_1_length_597876_cov_87.036437:88902-89378	HIOKELPH_00102

DiscRep_SUB:FEATURE_LOCATION_CONFLICT::Coding region xref gene does not exist
prokka_out/CA140705:CDS	UvrABC system protein C	NODE_1_length_597876_cov_87.036437:89371-91185	HIOKELPH_00103

DiscRep_SUB:FEATURE_LOCATION_CONFLICT::Coding region xref gene does not exist
prokka_out/CA140705:CDS	hypothetical protein	NODE_1_length_597876_cov_87.036437:91187-92380	HIOKELPH_00104

DiscRep_SUB:FEATURE_LOCATION_CONFLICT::Coding region xref gene does not exist
prokka_out/CA140705:CDS	GTP 3',8-cyclase	NODE_1_length_597876_cov_87.036437:c93279-92377	HIOKELPH_00105

DiscRep_SUB:FEATURE_LOCATION_CONFLICT::Coding region xref gene does not exist
prokka_out/CA140705:CDS	Uroporphyrinogen decarboxylase	NODE_1_length_597876_cov_87.036437:c94298-93276	HIOKELPH_00106

DiscRep_SUB:FEATURE_LOCATION_CONFLICT::Coding region xref gene does not exist
prokka_out/CA140705:CDS	hypothetical protein	NODE_1_length_597876_cov_87.036437:c94757-94446	HIOKELPH_00107

DiscRep_SUB:FEATURE_LOCATION_CONFLICT::Coding region xref gene does not exist
prokka_out/CA140705:CDS	hypothetical protein	NODE_1_length_597876_cov_87.036437:95000-95605	HIOKELPH_00108

DiscRep_SUB:FEATURE_LOCATION_CONFLICT::Coding region xref gene does not exist
prokka_out/CA140705:CDS	4-hydroxythreonine-4-phosphate dehydrogenase	NODE_1_length_597876_cov_87.036437:c96689-95589	HIOKELPH_00109

DiscRep_SUB:FEATURE_LOCATION_CONFLICT::Coding region xref gene does not exist
prokka_out/CA140705:CDS	Pyridoxine 5'-phosphate synthase	NODE_1_length_597876_cov_87.036437:c97459-96692	HIOKELPH_00110

DiscRep_SUB:FEATURE_LOCATION_CONFLICT::Coding region xref gene does not exist
prokka_out/CA140705:CDS	hypothetical protein	NODE_1_length_597876_cov_87.036437:97515-98492	HIOKELPH_00111

DiscRep_SUB:FEATURE_LOCATION_CONFLICT::Coding region xref gene does not exist
prokka_out/CA140705:CDS	hypothetical protein	NODE_1_length_597876_cov_87.036437:98642-99139	HIOKELPH_00112

DiscRep_SUB:FEATURE_LOCATION_CONFLICT::Coding region xref gene does not exist
prokka_out/CA140705:CDS	hypothetical protein	NODE_1_length_597876_cov_87.036437:99139-99249	HIOKELPH_00113

DiscRep_SUB:FEATURE_LOCATION_CONFLICT::Coding region xref gene does not exist
prokka_out/CA140705:CDS	hypothetical protein	NODE_1_length_597876_cov_87.036437:c100189-99239	HIOKELPH_00114

DiscRep_SUB:FEATURE_LOCATION_CONFLICT::Coding region xref gene does not exist
prokka_out/CA140705:CDS	hypothetical protein	NODE_1_length_597876_cov_87.036437:c101007-100186	HIOKELPH_00115

DiscRep_SUB:FEATURE_LOCATION_CONFLICT::Coding region xref gene does not exist
prokka_out/CA140705:CDS	Glycine--tRNA ligase beta subunit	NODE_1_length_597876_cov_87.036437:c102998-101004	HIOKELPH_00116

DiscRep_SUB:FEATURE_LOCATION_CONFLICT::Coding region xref gene does not exist
prokka_out/CA140705:CDS	Phosphoglycolate phosphatase	NODE_1_length_597876_cov_87.036437:c103671-103051	HIOKELPH_00117

DiscRep_SUB:FEATURE_LOCATION_CONFLICT::Coding region xref gene does not exist
prokka_out/CA140705:CDS	hypothetical protein	NODE_1_length_597876_cov_87.036437:c103996-103664	HIOKELPH_00118

DiscRep_SUB:FEATURE_LOCATION_CONFLICT::Coding region xref gene does not exist
prokka_out/CA140705:CDS	Glutathione-regulated potassium-efflux system protein KefC	NODE_1_length_597876_cov_87.036437:c105628-104006	HIOKELPH_00119

DiscRep_SUB:FEATURE_LOCATION_CONFLICT::Coding region xref gene does not exist
prokka_out/CA140705:CDS	hypothetical protein	NODE_1_length_597876_cov_87.036437:c106003-105629	HIOKELPH_00120

DiscRep_SUB:FEATURE_LOCATION_CONFLICT::Coding region xref gene does not exist
prokka_out/CA140705:CDS	Curved DNA-binding protein	NODE_1_length_597876_cov_87.036437:c106919-106020	HIOKELPH_00121

DiscRep_SUB:FEATURE_LOCATION_CONFLICT::Coding region xref gene does not exist
prokka_out/CA140705:CDS	Periplasmic serine endoprotease DegP	NODE_1_length_597876_cov_87.036437:107125-108543	HIOKELPH_00122

DiscRep_SUB:FEATURE_LOCATION_CONFLICT::Coding region xref gene does not exist
prokka_out/CA140705:CDS	Sensory transduction protein regX3	NODE_1_length_597876_cov_87.036437:108626-109300	HIOKELPH_00123

DiscRep_SUB:FEATURE_LOCATION_CONFLICT::Coding region xref gene does not exist
prokka_out/CA140705:CDS	hypothetical protein	NODE_1_length_597876_cov_87.036437:109297-110547	HIOKELPH_00124

DiscRep_SUB:FEATURE_LOCATION_CONFLICT::Coding region xref gene does not exist
prokka_out/CA140705:CDS	hypothetical protein	NODE_1_length_597876_cov_87.036437:111170-112717	HIOKELPH_00126

DiscRep_SUB:FEATURE_LOCATION_CONFLICT::Coding region xref gene does not exist
prokka_out/CA140705:CDS	hypothetical protein	NODE_1_length_597876_cov_87.036437:112724-114397	HIOKELPH_00127

DiscRep_SUB:FEATURE_LOCATION_CONFLICT::Coding region xref gene does not exist
prokka_out/CA140705:CDS	hypothetical protein	NODE_1_length_597876_cov_87.036437:114485-115549	HIOKELPH_00128

DiscRep_SUB:FEATURE_LOCATION_CONFLICT::Coding region xref gene does not exist
prokka_out/CA140705:CDS	hypothetical protein	NODE_1_length_597876_cov_87.036437:115645-116799	HIOKELPH_00129

DiscRep_SUB:FEATURE_LOCATION_CONFLICT::Coding region xref gene does not exist
prokka_out/CA140705:CDS	hypothetical protein	NODE_1_length_597876_cov_87.036437:117117-117449	HIOKELPH_00130

DiscRep_SUB:FEATURE_LOCATION_CONFLICT::Coding region xref gene does not exist
prokka_out/CA140705:CDS	hypothetical protein	NODE_1_length_597876_cov_87.036437:117472-117801	HIOKELPH_00131

DiscRep_SUB:FEATURE_LOCATION_CONFLICT::Coding region xref gene does not exist
prokka_out/CA140705:CDS	Heme/hemopexin transporter protein HuxB	NODE_1_length_597876_cov_87.036437:117879-118400	HIOKELPH_00132

DiscRep_SUB:FEATURE_LOCATION_CONFLICT::Coding region xref gene does not exist
prokka_out/CA140705:CDS	hypothetical protein	NODE_1_length_597876_cov_87.036437:118424-119212	HIOKELPH_00133

DiscRep_SUB:FEATURE_LOCATION_CONFLICT::Coding region xref gene does not exist
prokka_out/CA140705:CDS	hypothetical protein	NODE_1_length_597876_cov_87.036437:c119644-119279	HIOKELPH_00134

DiscRep_SUB:FEATURE_LOCATION_CONFLICT::Coding region xref gene does not exist
prokka_out/CA140705:CDS	Bacteriohemerythrin	NODE_1_length_597876_cov_87.036437:c120257-119658	HIOKELPH_00135

DiscRep_SUB:FEATURE_LOCATION_CONFLICT::Coding region xref gene does not exist
prokka_out/CA140705:CDS	Response regulator MprA	NODE_1_length_597876_cov_87.036437:120392-121057	HIOKELPH_00136

DiscRep_SUB:FEATURE_LOCATION_CONFLICT::Coding region xref gene does not exist
prokka_out/CA140705:CDS	Adaptive-response sensory-kinase SasA	NODE_1_length_597876_cov_87.036437:121050-122255	HIOKELPH_00137

DiscRep_SUB:FEATURE_LOCATION_CONFLICT::Coding region xref gene does not exist
prokka_out/CA140705:CDS	hypothetical protein	NODE_1_length_597876_cov_87.036437:122501-122704	HIOKELPH_00138

DiscRep_SUB:FEATURE_LOCATION_CONFLICT::Coding region xref gene does not exist
prokka_out/CA140705:CDS	60 kDa chaperonin	NODE_1_length_597876_cov_87.036437:c124610-122973	HIOKELPH_00139

DiscRep_SUB:FEATURE_LOCATION_CONFLICT::Coding region xref gene does not exist
prokka_out/CA140705:CDS	10 kDa chaperonin	NODE_1_length_597876_cov_87.036437:c124891-124631	HIOKELPH_00140

DiscRep_SUB:FEATURE_LOCATION_CONFLICT::Coding region xref gene does not exist
prokka_out/CA140705:CDS	hypothetical protein	NODE_1_length_597876_cov_87.036437:125054-127594	HIOKELPH_00141

DiscRep_SUB:FEATURE_LOCATION_CONFLICT::Coding region xref gene does not exist
prokka_out/CA140705:CDS	Riboflavin synthase	NODE_1_length_597876_cov_87.036437:127604-128215	HIOKELPH_00142

DiscRep_SUB:FEATURE_LOCATION_CONFLICT::Coding region xref gene does not exist
prokka_out/CA140705:CDS	hypothetical protein	NODE_1_length_597876_cov_87.036437:128179-128859	HIOKELPH_00143

DiscRep_SUB:FEATURE_LOCATION_CONFLICT::Coding region xref gene does not exist
prokka_out/CA140705:CDS	hypothetical protein	NODE_1_length_597876_cov_87.036437:128863-129069	HIOKELPH_00144

DiscRep_SUB:FEATURE_LOCATION_CONFLICT::Coding region xref gene does not exist
prokka_out/CA140705:CDS	Murein DD-endopeptidase MepM	NODE_1_length_597876_cov_87.036437:c130226-129066	HIOKELPH_00145

DiscRep_SUB:FEATURE_LOCATION_CONFLICT::Coding region xref gene does not exist
prokka_out/CA140705:CDS	Plasminogen-binding protein PgbA	NODE_1_length_597876_cov_87.036437:130350-131078	HIOKELPH_00146

DiscRep_SUB:FEATURE_LOCATION_CONFLICT::Coding region xref gene does not exist
prokka_out/CA140705:CDS	putative FAD-linked oxidoreductase	NODE_1_length_597876_cov_87.036437:131075-132457	HIOKELPH_00147

DiscRep_SUB:FEATURE_LOCATION_CONFLICT::Coding region xref gene does not exist
prokka_out/CA140705:CDS	hypothetical protein	NODE_1_length_597876_cov_87.036437:132469-133275	HIOKELPH_00148

DiscRep_SUB:FEATURE_LOCATION_CONFLICT::Coding region xref gene does not exist
prokka_out/CA140705:CDS	hypothetical protein	NODE_1_length_597876_cov_87.036437:c134478-133219	HIOKELPH_00149

DiscRep_SUB:FEATURE_LOCATION_CONFLICT::Coding region xref gene does not exist
prokka_out/CA140705:CDS	Inner membrane protein YohD	NODE_1_length_597876_cov_87.036437:c135035-134478	HIOKELPH_00150

DiscRep_SUB:FEATURE_LOCATION_CONFLICT::Coding region xref gene does not exist
prokka_out/CA140705:CDS	Ribonuclease Y	NODE_1_length_597876_cov_87.036437:c136656-135046	HIOKELPH_00151

DiscRep_SUB:FEATURE_LOCATION_CONFLICT::Coding region xref gene does not exist
prokka_out/CA140705:CDS	Thiol-disulfide oxidoreductase ResA	NODE_1_length_597876_cov_87.036437:137227-137784	HIOKELPH_00152

DiscRep_SUB:FEATURE_LOCATION_CONFLICT::Coding region xref gene does not exist
prokka_out/CA140705:CDS	Signal recognition particle receptor FtsY	NODE_1_length_597876_cov_87.036437:137784-138650	HIOKELPH_00153

DiscRep_SUB:FEATURE_LOCATION_CONFLICT::Coding region xref gene does not exist
prokka_out/CA140705:CDS	P-loop guanosine triphosphatase YjiA	NODE_1_length_597876_cov_87.036437:c139591-138647	HIOKELPH_00154

DiscRep_SUB:FEATURE_LOCATION_CONFLICT::Coding region xref gene does not exist
prokka_out/CA140705:CDS	hypothetical protein	NODE_1_length_597876_cov_87.036437:c139919-139584	HIOKELPH_00155

DiscRep_SUB:FEATURE_LOCATION_CONFLICT::Coding region xref gene does not exist
prokka_out/CA140705:CDS	Peptidoglycan deacetylase	NODE_1_length_597876_cov_87.036437:c140842-139961	HIOKELPH_00156

DiscRep_SUB:FEATURE_LOCATION_CONFLICT::Coding region xref gene does not exist
prokka_out/CA140705:CDS	(R)-stereoselective amidase	NODE_1_length_597876_cov_87.036437:c141696-140845	HIOKELPH_00157

DiscRep_SUB:FEATURE_LOCATION_CONFLICT::Coding region xref gene does not exist
prokka_out/CA140705:CDS	DNA repair protein RadA	NODE_1_length_597876_cov_87.036437:141832-143172	HIOKELPH_00158

DiscRep_SUB:FEATURE_LOCATION_CONFLICT::Coding region xref gene does not exist
prokka_out/CA140705:CDS	ATP synthase subunit a	NODE_1_length_597876_cov_87.036437:143323-144003	HIOKELPH_00159

DiscRep_SUB:FEATURE_LOCATION_CONFLICT::Coding region xref gene does not exist
prokka_out/CA140705:CDS	hypothetical protein	NODE_1_length_597876_cov_87.036437:144000-144200	HIOKELPH_00160

DiscRep_SUB:FEATURE_LOCATION_CONFLICT::Coding region xref gene does not exist
prokka_out/CA140705:CDS	5,10-methylenetetrahydrofolate reductase	NODE_1_length_597876_cov_87.036437:c145058-144210	HIOKELPH_00161

DiscRep_SUB:FEATURE_LOCATION_CONFLICT::Coding region xref gene does not exist
prokka_out/CA140705:CDS	5-methyltetrahydropteroyltriglutamate--homocysteine methyltransferase	NODE_1_length_597876_cov_87.036437:c147332-145068	HIOKELPH_00162

DiscRep_SUB:FEATURE_LOCATION_CONFLICT::Coding region xref gene does not exist
prokka_out/CA140705:CDS	Membrane lipoprotein TpN32	NODE_1_length_597876_cov_87.036437:c148125-147355	HIOKELPH_00163

DiscRep_SUB:FEATURE_LOCATION_CONFLICT::Coding region xref gene does not exist
prokka_out/CA140705:CDS	Validamycin A dioxygenase	NODE_1_length_597876_cov_87.036437:c149131-148139	HIOKELPH_00164

DiscRep_SUB:FEATURE_LOCATION_CONFLICT::Coding region xref gene does not exist
prokka_out/CA140705:CDS	S-ribosylhomocysteine lyase	NODE_1_length_597876_cov_87.036437:c149942-149448	HIOKELPH_00165

DiscRep_SUB:FEATURE_LOCATION_CONFLICT::Coding region xref gene does not exist
prokka_out/CA140705:CDS	Aspartyl/glutamyl-tRNA(Asn/Gln) amidotransferase subunit B	NODE_1_length_597876_cov_87.036437:150058-151476	HIOKELPH_00166

DiscRep_SUB:FEATURE_LOCATION_CONFLICT::Coding region xref gene does not exist
prokka_out/CA140705:CDS	Glycerol-3-phosphate dehydrogenase [NAD(P)+]	NODE_1_length_597876_cov_87.036437:151476-152375	HIOKELPH_00167

DiscRep_SUB:FEATURE_LOCATION_CONFLICT::Coding region xref gene does not exist
prokka_out/CA140705:CDS	Dihydroorotase	NODE_1_length_597876_cov_87.036437:152384-153565	HIOKELPH_00168

DiscRep_SUB:FEATURE_LOCATION_CONFLICT::Coding region xref gene does not exist
prokka_out/CA140705:CDS	hypothetical protein	NODE_1_length_597876_cov_87.036437:c155094-153568	HIOKELPH_00169

DiscRep_SUB:FEATURE_LOCATION_CONFLICT::Coding region xref gene does not exist
prokka_out/CA140705:CDS	hypothetical protein	NODE_1_length_597876_cov_87.036437:155238-156041	HIOKELPH_00170

DiscRep_SUB:FEATURE_LOCATION_CONFLICT::Coding region xref gene does not exist
prokka_out/CA140705:CDS	Aerobic C4-dicarboxylate transport protein	NODE_1_length_597876_cov_87.036437:c157090-156038	HIOKELPH_00171

DiscRep_SUB:FEATURE_LOCATION_CONFLICT::Coding region xref gene does not exist
prokka_out/CA140705:CDS	hypothetical protein	NODE_1_length_597876_cov_87.036437:c157413-157237	HIOKELPH_00172

DiscRep_SUB:FEATURE_LOCATION_CONFLICT::Coding region xref gene does not exist
prokka_out/CA140705:CDS	Aerotaxis receptor	NODE_1_length_597876_cov_87.036437:157670-158164	HIOKELPH_00173

DiscRep_SUB:FEATURE_LOCATION_CONFLICT::Coding region xref gene does not exist
prokka_out/CA140705:CDS	hypothetical protein	NODE_1_length_597876_cov_87.036437:158284-159663	HIOKELPH_00174

DiscRep_SUB:FEATURE_LOCATION_CONFLICT::Coding region xref gene does not exist
prokka_out/CA140705:CDS	Aerotaxis receptor	NODE_1_length_597876_cov_87.036437:159681-160178	HIOKELPH_00175

DiscRep_SUB:FEATURE_LOCATION_CONFLICT::Coding region xref gene does not exist
prokka_out/CA140705:CDS	tRNA uridine 5-carboxymethylaminomethyl modification enzyme MnmG	NODE_1_length_597876_cov_87.036437:160265-162124	HIOKELPH_00176

DiscRep_SUB:FEATURE_LOCATION_CONFLICT::Coding region xref gene does not exist
prokka_out/CA140705:CDS	Arsenical pump membrane protein	NODE_1_length_597876_cov_87.036437:162124-163392	HIOKELPH_00177

DiscRep_SUB:FEATURE_LOCATION_CONFLICT::Coding region xref gene does not exist
prokka_out/CA140705:CDS	Ubiquinol-cytochrome c reductase iron-sulfur subunit	NODE_1_length_597876_cov_87.036437:163482-163985	HIOKELPH_00178

DiscRep_SUB:FEATURE_LOCATION_CONFLICT::Coding region xref gene does not exist
prokka_out/CA140705:CDS	Cytochrome b	NODE_1_length_597876_cov_87.036437:163987-165237	HIOKELPH_00179

DiscRep_SUB:FEATURE_LOCATION_CONFLICT::Coding region xref gene does not exist
prokka_out/CA140705:CDS	hypothetical protein	NODE_1_length_597876_cov_87.036437:165234-166358	HIOKELPH_00180

DiscRep_SUB:FEATURE_LOCATION_CONFLICT::Coding region xref gene does not exist
prokka_out/CA140705:CDS	Ubiquinone biosynthesis O-methyltransferase, mitochondrial	NODE_1_length_597876_cov_87.036437:166485-167648	HIOKELPH_00181

DiscRep_SUB:FEATURE_LOCATION_CONFLICT::Coding region xref gene does not exist
prokka_out/CA140705:CDS	30S ribosomal protein S2	NODE_1_length_597876_cov_87.036437:167765-168556	HIOKELPH_00182

DiscRep_SUB:FEATURE_LOCATION_CONFLICT::Coding region xref gene does not exist
prokka_out/CA140705:CDS	Elongation factor Ts	NODE_1_length_597876_cov_87.036437:168556-169629	HIOKELPH_00183

DiscRep_SUB:FEATURE_LOCATION_CONFLICT::Coding region xref gene does not exist
prokka_out/CA140705:CDS	Lipoprotein-releasing system ATP-binding protein LolD	NODE_1_length_597876_cov_87.036437:169639-170274	HIOKELPH_00184

DiscRep_SUB:FEATURE_LOCATION_CONFLICT::Coding region xref gene does not exist
prokka_out/CA140705:CDS	Flagellar biosynthetic protein FliR	NODE_1_length_597876_cov_87.036437:170261-171028	HIOKELPH_00185

DiscRep_SUB:FEATURE_LOCATION_CONFLICT::Coding region xref gene does not exist
prokka_out/CA140705:CDS	hypothetical protein	NODE_1_length_597876_cov_87.036437:171084-172637	HIOKELPH_00186

DiscRep_SUB:FEATURE_LOCATION_CONFLICT::Coding region xref gene does not exist
prokka_out/CA140705:CDS	Guanylate kinase	NODE_1_length_597876_cov_87.036437:172634-173251	HIOKELPH_00187

DiscRep_SUB:FEATURE_LOCATION_CONFLICT::Coding region xref gene does not exist
prokka_out/CA140705:CDS	Sec-independent protein translocase protein TatA	NODE_1_length_597876_cov_87.036437:173253-173492	HIOKELPH_00188

DiscRep_SUB:FEATURE_LOCATION_CONFLICT::Coding region xref gene does not exist
prokka_out/CA140705:CDS	Arginine--tRNA ligase	NODE_1_length_597876_cov_87.036437:173503-175095	HIOKELPH_00189

DiscRep_SUB:FEATURE_LOCATION_CONFLICT::Coding region xref gene does not exist
prokka_out/CA140705:CDS	Spermidine export protein MdtI	NODE_1_length_597876_cov_87.036437:c175421-175113	HIOKELPH_00190

DiscRep_SUB:FEATURE_LOCATION_CONFLICT::Coding region xref gene does not exist
prokka_out/CA140705:CDS	Spermidine export protein MdtJ	NODE_1_length_597876_cov_87.036437:c175762-175421	HIOKELPH_00191

DiscRep_SUB:FEATURE_LOCATION_CONFLICT::Coding region xref gene does not exist
prokka_out/CA140705:CDS	putative transcriptional regulatory protein	NODE_1_length_597876_cov_87.036437:175871-176578	HIOKELPH_00192

DiscRep_SUB:FEATURE_LOCATION_CONFLICT::Coding region xref gene does not exist
prokka_out/CA140705:CDS	Peptidyl-prolyl cis-trans isomerase B	NODE_1_length_597876_cov_87.036437:176588-177070	HIOKELPH_00193

DiscRep_SUB:FEATURE_LOCATION_CONFLICT::Coding region xref gene does not exist
prokka_out/CA140705:CDS	hypothetical protein	NODE_1_length_597876_cov_87.036437:177234-178697	HIOKELPH_00194

DiscRep_SUB:FEATURE_LOCATION_CONFLICT::Coding region xref gene does not exist
prokka_out/CA140705:CDS	hypothetical protein	NODE_1_length_597876_cov_87.036437:178708-178935	HIOKELPH_00195

DiscRep_SUB:FEATURE_LOCATION_CONFLICT::Coding region xref gene does not exist
prokka_out/CA140705:CDS	Protein DedA	NODE_1_length_597876_cov_87.036437:179016-179618	HIOKELPH_00196

DiscRep_SUB:FEATURE_LOCATION_CONFLICT::Coding region xref gene does not exist
prokka_out/CA140705:CDS	L-lactate dehydrogenase	NODE_1_length_597876_cov_87.036437:c180541-179615	HIOKELPH_00197

DiscRep_SUB:FEATURE_LOCATION_CONFLICT::Coding region xref gene does not exist
prokka_out/CA140705:CDS	Inner membrane protein YjjP	NODE_1_length_597876_cov_87.036437:180607-181383	HIOKELPH_00198

DiscRep_SUB:FEATURE_LOCATION_CONFLICT::Coding region xref gene does not exist
prokka_out/CA140705:CDS	hypothetical protein	NODE_1_length_597876_cov_87.036437:181380-181874	HIOKELPH_00199

DiscRep_SUB:FEATURE_LOCATION_CONFLICT::Coding region xref gene does not exist
prokka_out/CA140705:CDS	hypothetical protein	NODE_1_length_597876_cov_87.036437:181932-182201	HIOKELPH_00200

DiscRep_SUB:FEATURE_LOCATION_CONFLICT::Coding region xref gene does not exist
prokka_out/CA140705:CDS	Cadmium, cobalt and zinc/H(+)-K(+) antiporter	NODE_1_length_597876_cov_87.036437:182276-183217	HIOKELPH_00201

DiscRep_SUB:FEATURE_LOCATION_CONFLICT::Coding region xref gene does not exist
prokka_out/CA140705:CDS	hypothetical protein	NODE_1_length_597876_cov_87.036437:183207-183410	HIOKELPH_00202

DiscRep_SUB:FEATURE_LOCATION_CONFLICT::Coding region xref gene does not exist
prokka_out/CA140705:CDS	Copper-exporting P-type ATPase	NODE_1_length_597876_cov_87.036437:183410-185533	HIOKELPH_00203

DiscRep_SUB:FEATURE_LOCATION_CONFLICT::Coding region xref gene does not exist
prokka_out/CA140705:CDS	hypothetical protein	NODE_1_length_597876_cov_87.036437:c187101-185545	HIOKELPH_00204

DiscRep_SUB:FEATURE_LOCATION_CONFLICT::Coding region xref gene does not exist
prokka_out/CA140705:CDS	Transcription termination factor Rho	NODE_1_length_597876_cov_87.036437:c188402-187104	HIOKELPH_00205

DiscRep_SUB:FEATURE_LOCATION_CONFLICT::Coding region xref gene does not exist
prokka_out/CA140705:CDS	Copper-exporting P-type ATPase	NODE_1_length_597876_cov_87.036437:188521-190878	HIOKELPH_00206

DiscRep_SUB:FEATURE_LOCATION_CONFLICT::Coding region xref gene does not exist
prokka_out/CA140705:CDS	hypothetical protein	NODE_1_length_597876_cov_87.036437:190871-191071	HIOKELPH_00207

DiscRep_SUB:FEATURE_LOCATION_CONFLICT::Coding region xref gene does not exist
prokka_out/CA140705:CDS	Cytochrome c-553	NODE_1_length_597876_cov_87.036437:c191400-191101	HIOKELPH_00208

DiscRep_SUB:FEATURE_LOCATION_CONFLICT::Coding region xref gene does not exist
prokka_out/CA140705:CDS	D-glycero-alpha-D-manno-heptose-1,7-bisphosphate 7-phosphatase	NODE_1_length_597876_cov_87.036437:191477-192040	HIOKELPH_00209

DiscRep_SUB:FEATURE_LOCATION_CONFLICT::Coding region xref gene does not exist
prokka_out/CA140705:CDS	ADP-L-glycero-D-manno-heptose-6-epimerase	NODE_1_length_597876_cov_87.036437:192037-192990	HIOKELPH_00210

DiscRep_SUB:FEATURE_LOCATION_CONFLICT::Coding region xref gene does not exist
prokka_out/CA140705:CDS	Bifunctional protein HldE	NODE_1_length_597876_cov_87.036437:192983-194368	HIOKELPH_00211

DiscRep_SUB:FEATURE_LOCATION_CONFLICT::Coding region xref gene does not exist
prokka_out/CA140705:CDS	Phosphoheptose isomerase 1	NODE_1_length_597876_cov_87.036437:194365-194925	HIOKELPH_00212

DiscRep_SUB:FEATURE_LOCATION_CONFLICT::Coding region xref gene does not exist
prokka_out/CA140705:CDS	hypothetical protein	NODE_1_length_597876_cov_87.036437:195228-195686	HIOKELPH_00213

DiscRep_SUB:FEATURE_LOCATION_CONFLICT::Coding region xref gene does not exist
prokka_out/CA140705:CDS	ADP-heptose--LPS heptosyltransferase 2	NODE_1_length_597876_cov_87.036437:c196623-195679	HIOKELPH_00214

DiscRep_SUB:FEATURE_LOCATION_CONFLICT::Coding region xref gene does not exist
prokka_out/CA140705:CDS	putative glycosyltransferase EpsJ	NODE_1_length_597876_cov_87.036437:196682-197503	HIOKELPH_00215

DiscRep_SUB:FEATURE_LOCATION_CONFLICT::Coding region xref gene does not exist
prokka_out/CA140705:CDS	Alginate biosynthesis protein AlgA	NODE_1_length_597876_cov_87.036437:197546-198913	HIOKELPH_00216

DiscRep_SUB:FEATURE_LOCATION_CONFLICT::Coding region xref gene does not exist
prokka_out/CA140705:CDS	GDP-mannose 4,6-dehydratase	NODE_1_length_597876_cov_87.036437:198914-200053	HIOKELPH_00217

DiscRep_SUB:FEATURE_LOCATION_CONFLICT::Coding region xref gene does not exist
prokka_out/CA140705:CDS	GDP-L-colitose synthase	NODE_1_length_597876_cov_87.036437:200046-200984	HIOKELPH_00218

DiscRep_SUB:FEATURE_LOCATION_CONFLICT::Coding region xref gene does not exist
prokka_out/CA140705:CDS	GDP-4-keto-6-deoxy-D-mannose 3-dehydratase	NODE_1_length_597876_cov_87.036437:200977-202146	HIOKELPH_00219

DiscRep_SUB:FEATURE_LOCATION_CONFLICT::Coding region xref gene does not exist
prokka_out/CA140705:CDS	hypothetical protein	NODE_1_length_597876_cov_87.036437:202524-203543	HIOKELPH_00220

DiscRep_SUB:FEATURE_LOCATION_CONFLICT::Coding region xref gene does not exist
prokka_out/CA140705:CDS	hypothetical protein	NODE_1_length_597876_cov_87.036437:203557-204528	HIOKELPH_00221

DiscRep_SUB:FEATURE_LOCATION_CONFLICT::Coding region xref gene does not exist
prokka_out/CA140705:CDS	Glucose-1-phosphate cytidylyltransferase	NODE_1_length_597876_cov_87.036437:204525-205340	HIOKELPH_00222

DiscRep_SUB:FEATURE_LOCATION_CONFLICT::Coding region xref gene does not exist
prokka_out/CA140705:CDS	CDP-glucose 4,6-dehydratase	NODE_1_length_597876_cov_87.036437:205344-206417	HIOKELPH_00223

DiscRep_SUB:FEATURE_LOCATION_CONFLICT::Coding region xref gene does not exist
prokka_out/CA140705:CDS	Acetolactate synthase large subunit	NODE_1_length_597876_cov_87.036437:206434-208191	HIOKELPH_00224

DiscRep_SUB:FEATURE_LOCATION_CONFLICT::Coding region xref gene does not exist
prokka_out/CA140705:CDS	GDP-L-fucose synthase	NODE_1_length_597876_cov_87.036437:208195-209112	HIOKELPH_00225

DiscRep_SUB:FEATURE_LOCATION_CONFLICT::Coding region xref gene does not exist
prokka_out/CA140705:CDS	dTDP-4-dehydro-2,6-dideoxy-D-glucose 3-dehydratase	NODE_1_length_597876_cov_87.036437:209115-210437	HIOKELPH_00226

DiscRep_SUB:FEATURE_LOCATION_CONFLICT::Coding region xref gene does not exist
prokka_out/CA140705:CDS	hypothetical protein	NODE_1_length_597876_cov_87.036437:210453-211526	HIOKELPH_00227

DiscRep_SUB:FEATURE_LOCATION_CONFLICT::Coding region xref gene does not exist
prokka_out/CA140705:CDS	hypothetical protein	NODE_1_length_597876_cov_87.036437:211574-212785	HIOKELPH_00228

DiscRep_SUB:FEATURE_LOCATION_CONFLICT::Coding region xref gene does not exist
prokka_out/CA140705:CDS	UDP-N-acetylglucosamine--peptide N-acetylglucosaminyltransferase GtfA subunit	NODE_1_length_597876_cov_87.036437:c213836-212772	HIOKELPH_00229

DiscRep_SUB:FEATURE_LOCATION_CONFLICT::Coding region xref gene does not exist
prokka_out/CA140705:CDS	hypothetical protein	NODE_1_length_597876_cov_87.036437:c215380-213833	HIOKELPH_00230

DiscRep_SUB:FEATURE_LOCATION_CONFLICT::Coding region xref gene does not exist
prokka_out/CA140705:CDS	Lipid A biosynthesis lauroyltransferase	NODE_1_length_597876_cov_87.036437:c216264-215377	HIOKELPH_00231

DiscRep_SUB:FEATURE_LOCATION_CONFLICT::Coding region xref gene does not exist
prokka_out/CA140705:CDS	Lipopolysaccharide heptosyltransferase 1	NODE_1_length_597876_cov_87.036437:c217285-216257	HIOKELPH_00232

DiscRep_SUB:FEATURE_LOCATION_CONFLICT::Coding region xref gene does not exist
prokka_out/CA140705:CDS	hypothetical protein	NODE_1_length_597876_cov_87.036437:217350-218141	HIOKELPH_00233

DiscRep_SUB:FEATURE_LOCATION_CONFLICT::Coding region xref gene does not exist
prokka_out/CA140705:CDS	UDP-glucose 4-epimerase	NODE_1_length_597876_cov_87.036437:218198-219184	HIOKELPH_00234

DiscRep_SUB:FEATURE_LOCATION_CONFLICT::Coding region xref gene does not exist
prokka_out/CA140705:CDS	Protein glycosylation K	NODE_1_length_597876_cov_87.036437:219178-220878	HIOKELPH_00235

DiscRep_SUB:FEATURE_LOCATION_CONFLICT::Coding region xref gene does not exist
prokka_out/CA140705:CDS	GalNAc-alpha-(1->4)-GalNAc-alpha-(1->3)-diNAcBac-PP-undecaprenol alpha-1,4-N-acetyl-D-galactosaminyltransferase	NODE_1_length_597876_cov_87.036437:220875-221951	HIOKELPH_00236

DiscRep_SUB:FEATURE_LOCATION_CONFLICT::Coding region xref gene does not exist
prokka_out/CA140705:CDS	GalNAc(5)-diNAcBac-PP-undecaprenol beta-1,3-glucosyltransferase	NODE_1_length_597876_cov_87.036437:221944-222873	HIOKELPH_00237

DiscRep_SUB:FEATURE_LOCATION_CONFLICT::Coding region xref gene does not exist
prokka_out/CA140705:CDS	N-acetylgalactosamine-N,N'-diacetylbacillosaminyl-diphospho-undecaprenol 4-alpha-N-acetylgalactosaminyltransferase	NODE_1_length_597876_cov_87.036437:222861-223958	HIOKELPH_00238

DiscRep_SUB:FEATURE_LOCATION_CONFLICT::Coding region xref gene does not exist
prokka_out/CA140705:CDS	Undecaprenyl-diphosphooligosaccharide--protein glycotransferase	NODE_1_length_597876_cov_87.036437:223962-226106	HIOKELPH_00239

DiscRep_SUB:FEATURE_LOCATION_CONFLICT::Coding region xref gene does not exist
prokka_out/CA140705:CDS	N,N'-diacetylbacillosaminyl-diphospho-undecaprenol alpha-1,3-N-acetylgalactosaminyltransferase	NODE_1_length_597876_cov_87.036437:226118-227248	HIOKELPH_00240

DiscRep_SUB:FEATURE_LOCATION_CONFLICT::Coding region xref gene does not exist
prokka_out/CA140705:CDS	Undecaprenyl phosphate N,N'-diacetylbacillosamine 1-phosphate transferase	NODE_1_length_597876_cov_87.036437:227241-227843	HIOKELPH_00241

DiscRep_SUB:FEATURE_LOCATION_CONFLICT::Coding region xref gene does not exist
prokka_out/CA140705:CDS	UDP-N-acetylbacillosamine N-acetyltransferase	NODE_1_length_597876_cov_87.036437:227830-228417	HIOKELPH_00242

DiscRep_SUB:FEATURE_LOCATION_CONFLICT::Coding region xref gene does not exist
prokka_out/CA140705:CDS	UDP-N-acetylbacillosamine transaminase	NODE_1_length_597876_cov_87.036437:228572-229732	HIOKELPH_00243

DiscRep_SUB:FEATURE_LOCATION_CONFLICT::Coding region xref gene does not exist
prokka_out/CA140705:CDS	UDP-N-acetyl-alpha-D-glucosamine C6 dehydratase	NODE_1_length_597876_cov_87.036437:229735-231507	HIOKELPH_00244

DiscRep_SUB:FEATURE_LOCATION_CONFLICT::Coding region xref gene does not exist
prokka_out/CA140705:CDS	Chemotaxis protein CheY	NODE_1_length_597876_cov_87.036437:231722-232114	HIOKELPH_00245

DiscRep_SUB:FEATURE_LOCATION_CONFLICT::Coding region xref gene does not exist
prokka_out/CA140705:CDS	Ribosomal protein L11 methyltransferase	NODE_1_length_597876_cov_87.036437:232128-232976	HIOKELPH_00246

DiscRep_SUB:FEATURE_LOCATION_CONFLICT::Coding region xref gene does not exist
prokka_out/CA140705:CDS	ATP-dependent zinc metalloprotease FtsH	NODE_1_length_597876_cov_87.036437:232976-234922	HIOKELPH_00247

DiscRep_SUB:FEATURE_LOCATION_CONFLICT::Coding region xref gene does not exist
prokka_out/CA140705:CDS	Phosphatidylserine decarboxylase proenzyme	NODE_1_length_597876_cov_87.036437:234922-235536	HIOKELPH_00248

DiscRep_SUB:FEATURE_LOCATION_CONFLICT::Coding region xref gene does not exist
prokka_out/CA140705:CDS	hypothetical protein	NODE_1_length_597876_cov_87.036437:235546-236271	HIOKELPH_00249

DiscRep_SUB:FEATURE_LOCATION_CONFLICT::Coding region xref gene does not exist
prokka_out/CA140705:CDS	hypothetical protein	NODE_1_length_597876_cov_87.036437:c237065-236268	HIOKELPH_00250

DiscRep_SUB:FEATURE_LOCATION_CONFLICT::Coding region xref gene does not exist
prokka_out/CA140705:CDS	Peptide methionine sulfoxide reductase MsrB	NODE_1_length_597876_cov_87.036437:237229-237585	HIOKELPH_00251

DiscRep_SUB:FEATURE_LOCATION_CONFLICT::Coding region xref gene does not exist
prokka_out/CA140705:CDS	hypothetical protein	NODE_1_length_597876_cov_87.036437:237589-238227	HIOKELPH_00252

DiscRep_SUB:FEATURE_LOCATION_CONFLICT::Coding region xref gene does not exist
prokka_out/CA140705:CDS	Leucyl/phenylalanyl-tRNA--protein transferase	NODE_1_length_597876_cov_87.036437:c238966-238313	HIOKELPH_00253

DiscRep_SUB:FEATURE_LOCATION_CONFLICT::Coding region xref gene does not exist
prokka_out/CA140705:CDS	ATP-dependent Clp protease ATP-binding subunit ClpA	NODE_1_length_597876_cov_87.036437:c241058-238941	HIOKELPH_00254

DiscRep_SUB:FEATURE_LOCATION_CONFLICT::Coding region xref gene does not exist
prokka_out/CA140705:CDS	ATP-dependent Clp protease adapter protein ClpS	NODE_1_length_597876_cov_87.036437:c241345-241055	HIOKELPH_00255

DiscRep_SUB:FEATURE_LOCATION_CONFLICT::Coding region xref gene does not exist
prokka_out/CA140705:CDS	hypothetical protein	NODE_1_length_597876_cov_87.036437:c241950-241345	HIOKELPH_00256

DiscRep_SUB:FEATURE_LOCATION_CONFLICT::Coding region xref gene does not exist
prokka_out/CA140705:CDS	SsrA-binding protein	NODE_1_length_597876_cov_87.036437:c242412-241960	HIOKELPH_00257

DiscRep_SUB:FEATURE_LOCATION_CONFLICT::Coding region xref gene does not exist
prokka_out/CA140705:CDS	4-diphosphocytidyl-2-C-methyl-D-erythritol kinase	NODE_1_length_597876_cov_87.036437:c243179-242409	HIOKELPH_00258

DiscRep_SUB:FEATURE_LOCATION_CONFLICT::Coding region xref gene does not exist
prokka_out/CA140705:CDS	Translational regulator CsrA	NODE_1_length_597876_cov_87.036437:c243403-243176	HIOKELPH_00259

DiscRep_SUB:FEATURE_LOCATION_CONFLICT::Coding region xref gene does not exist
prokka_out/CA140705:CDS	tRNA pseudouridine synthase B	NODE_1_length_597876_cov_87.036437:c244215-243397	HIOKELPH_00260

DiscRep_SUB:FEATURE_LOCATION_CONFLICT::Coding region xref gene does not exist
prokka_out/CA140705:CDS	ATP-dependent DNA helicase PcrA	NODE_1_length_597876_cov_87.036437:c246272-244212	HIOKELPH_00261

DiscRep_SUB:FEATURE_LOCATION_CONFLICT::Coding region xref gene does not exist
prokka_out/CA140705:CDS	hypothetical protein	NODE_1_length_597876_cov_87.036437:c246706-246269	HIOKELPH_00262

DiscRep_SUB:FEATURE_LOCATION_CONFLICT::Coding region xref gene does not exist
prokka_out/CA140705:CDS	Oligoendopeptidase F, plasmid	NODE_1_length_597876_cov_87.036437:c248421-246706	HIOKELPH_00263

DiscRep_SUB:FEATURE_LOCATION_CONFLICT::Coding region xref gene does not exist
prokka_out/CA140705:CDS	Aspartate carbamoyltransferase	NODE_1_length_597876_cov_87.036437:c249312-248431	HIOKELPH_00264

DiscRep_SUB:FEATURE_LOCATION_CONFLICT::Coding region xref gene does not exist
prokka_out/CA140705:CDS	Serine/threonine transporter SstT	NODE_1_length_597876_cov_87.036437:c250541-249318	HIOKELPH_00265

DiscRep_SUB:FEATURE_LOCATION_CONFLICT::Coding region xref gene does not exist
prokka_out/CA140705:CDS	S-adenosylmethionine synthase	NODE_1_length_597876_cov_87.036437:250693-251892	HIOKELPH_00266

DiscRep_SUB:FEATURE_LOCATION_CONFLICT::Coding region xref gene does not exist
prokka_out/CA140705:CDS	hypothetical protein	NODE_1_length_597876_cov_87.036437:c253407-252259	HIOKELPH_00267

DiscRep_SUB:FEATURE_LOCATION_CONFLICT::Coding region xref gene does not exist
prokka_out/CA140705:CDS	hypothetical protein	NODE_1_length_597876_cov_87.036437:c253703-253485	HIOKELPH_00268

DiscRep_SUB:FEATURE_LOCATION_CONFLICT::Coding region xref gene does not exist
prokka_out/CA140705:CDS	Sulfoquinovose 1-dehydrogenase	NODE_1_length_597876_cov_87.036437:c254246-253842	HIOKELPH_00269

DiscRep_SUB:FEATURE_LOCATION_CONFLICT::Coding region xref gene does not exist
prokka_out/CA140705:CDS	Apolipoprotein N-acyltransferase	NODE_1_length_597876_cov_87.036437:c255602-254388	HIOKELPH_00270

DiscRep_SUB:FEATURE_LOCATION_CONFLICT::Coding region xref gene does not exist
prokka_out/CA140705:CDS	Sec translocon accessory complex subunit YajC	NODE_1_length_597876_cov_87.036437:255680-255952	HIOKELPH_00271

DiscRep_SUB:FEATURE_LOCATION_CONFLICT::Coding region xref gene does not exist
prokka_out/CA140705:CDS	Protein translocase subunit SecD	NODE_1_length_597876_cov_87.036437:255945-257525	HIOKELPH_00272

DiscRep_SUB:FEATURE_LOCATION_CONFLICT::Coding region xref gene does not exist
prokka_out/CA140705:CDS	Protein translocase subunit SecF	NODE_1_length_597876_cov_87.036437:257525-258496	HIOKELPH_00273

DiscRep_SUB:FEATURE_LOCATION_CONFLICT::Coding region xref gene does not exist
prokka_out/CA140705:CDS	Leucine--tRNA ligase	NODE_1_length_597876_cov_87.036437:258506-260938	HIOKELPH_00274

DiscRep_SUB:FEATURE_LOCATION_CONFLICT::Coding region xref gene does not exist
prokka_out/CA140705:CDS	hypothetical protein	NODE_1_length_597876_cov_87.036437:260935-261447	HIOKELPH_00275

DiscRep_SUB:FEATURE_LOCATION_CONFLICT::Coding region xref gene does not exist
prokka_out/CA140705:CDS	hypothetical protein	NODE_1_length_597876_cov_87.036437:261431-262834	HIOKELPH_00276

DiscRep_SUB:FEATURE_LOCATION_CONFLICT::Coding region xref gene does not exist
prokka_out/CA140705:CDS	hypothetical protein	NODE_1_length_597876_cov_87.036437:262806-263993	HIOKELPH_00277

DiscRep_SUB:FEATURE_LOCATION_CONFLICT::Coding region xref gene does not exist
prokka_out/CA140705:CDS	hypothetical protein	NODE_1_length_597876_cov_87.036437:263980-264882	HIOKELPH_00278

DiscRep_SUB:FEATURE_LOCATION_CONFLICT::Coding region xref gene does not exist
prokka_out/CA140705:CDS	hypothetical protein	NODE_1_length_597876_cov_87.036437:264927-265214	HIOKELPH_00279

DiscRep_SUB:FEATURE_LOCATION_CONFLICT::Coding region xref gene does not exist
prokka_out/CA140705:CDS	Transcription-repair-coupling factor	NODE_1_length_597876_cov_87.036437:265214-268150	HIOKELPH_00280

DiscRep_SUB:FEATURE_LOCATION_CONFLICT::Coding region xref gene does not exist
prokka_out/CA140705:CDS	hypothetical protein	NODE_1_length_597876_cov_87.036437:268151-268915	HIOKELPH_00281

DiscRep_SUB:FEATURE_LOCATION_CONFLICT::Coding region xref gene does not exist
prokka_out/CA140705:CDS	Endonuclease III	NODE_1_length_597876_cov_87.036437:268912-269595	HIOKELPH_00282

DiscRep_SUB:FEATURE_LOCATION_CONFLICT::Coding region xref gene does not exist
prokka_out/CA140705:CDS	Hydroxymethylpyrimidine/phosphomethylpyrimidine kinase	NODE_1_length_597876_cov_87.036437:269595-270407	HIOKELPH_00283

DiscRep_SUB:FEATURE_LOCATION_CONFLICT::Coding region xref gene does not exist
prokka_out/CA140705:CDS	Thiamine-phosphate synthase	NODE_1_length_597876_cov_87.036437:270397-271029	HIOKELPH_00284

DiscRep_SUB:FEATURE_LOCATION_CONFLICT::Coding region xref gene does not exist
prokka_out/CA140705:CDS	hypothetical protein	NODE_1_length_597876_cov_87.036437:271007-271636	HIOKELPH_00285

DiscRep_SUB:FEATURE_LOCATION_CONFLICT::Coding region xref gene does not exist
prokka_out/CA140705:CDS	hypothetical protein	NODE_1_length_597876_cov_87.036437:c272081-271629	HIOKELPH_00286

DiscRep_SUB:FEATURE_LOCATION_CONFLICT::Coding region xref gene does not exist
prokka_out/CA140705:CDS	hypothetical protein	NODE_1_length_597876_cov_87.036437:c272746-272078	HIOKELPH_00287

DiscRep_SUB:FEATURE_LOCATION_CONFLICT::Coding region xref gene does not exist
prokka_out/CA140705:CDS	hypothetical protein	NODE_1_length_597876_cov_87.036437:c273044-272739	HIOKELPH_00288

DiscRep_SUB:FEATURE_LOCATION_CONFLICT::Coding region xref gene does not exist
prokka_out/CA140705:CDS	Pyrroline-5-carboxylate reductase	NODE_1_length_597876_cov_87.036437:c273778-273041	HIOKELPH_00289

DiscRep_SUB:FEATURE_LOCATION_CONFLICT::Coding region xref gene does not exist
prokka_out/CA140705:CDS	Flagellar assembly factor FliW	NODE_1_length_597876_cov_87.036437:c274167-273778	HIOKELPH_00290

DiscRep_SUB:FEATURE_LOCATION_CONFLICT::Coding region xref gene does not exist
prokka_out/CA140705:CDS	Outer membrane protein assembly factor BamD	NODE_1_length_597876_cov_87.036437:274331-274978	HIOKELPH_00291

DiscRep_SUB:FEATURE_LOCATION_CONFLICT::Coding region xref gene does not exist
prokka_out/CA140705:CDS	Lon protease	NODE_1_length_597876_cov_87.036437:274994-277369	HIOKELPH_00292

DiscRep_SUB:FEATURE_LOCATION_CONFLICT::Coding region xref gene does not exist
prokka_out/CA140705:CDS	30S ribosomal protein S18	NODE_1_length_597876_cov_87.036437:c277685-277425	HIOKELPH_00293

DiscRep_SUB:FEATURE_LOCATION_CONFLICT::Coding region xref gene does not exist
prokka_out/CA140705:CDS	Single-stranded DNA-binding protein	NODE_1_length_597876_cov_87.036437:c278244-277696	HIOKELPH_00294

DiscRep_SUB:FEATURE_LOCATION_CONFLICT::Coding region xref gene does not exist
prokka_out/CA140705:CDS	30S ribosomal protein S6	NODE_1_length_597876_cov_87.036437:c278630-278253	HIOKELPH_00295

DiscRep_SUB:FEATURE_LOCATION_CONFLICT::Coding region xref gene does not exist
prokka_out/CA140705:CDS	Inner membrane protein YihN	NODE_1_length_597876_cov_87.036437:278918-279982	HIOKELPH_00296

DiscRep_SUB:FEATURE_LOCATION_CONFLICT::Coding region xref gene does not exist
prokka_out/CA140705:CDS	Inner membrane protein YihN	NODE_1_length_597876_cov_87.036437:279979-280182	HIOKELPH_00297

DiscRep_SUB:FEATURE_LOCATION_CONFLICT::Coding region xref gene does not exist
prokka_out/CA140705:CDS	hypothetical protein	NODE_1_length_597876_cov_87.036437:280179-281183	HIOKELPH_00298

DiscRep_SUB:FEATURE_LOCATION_CONFLICT::Coding region xref gene does not exist
prokka_out/CA140705:CDS	hypothetical protein	NODE_1_length_597876_cov_87.036437:c281460-281176	HIOKELPH_00299

DiscRep_SUB:FEATURE_LOCATION_CONFLICT::Coding region xref gene does not exist
prokka_out/CA140705:CDS	hypothetical protein	NODE_1_length_597876_cov_87.036437:c281783-281592	HIOKELPH_00300

DiscRep_SUB:FEATURE_LOCATION_CONFLICT::Coding region xref gene does not exist
prokka_out/CA140705:CDS	hypothetical protein	NODE_1_length_597876_cov_87.036437:c282031-281780	HIOKELPH_00301

DiscRep_SUB:FEATURE_LOCATION_CONFLICT::Coding region xref gene does not exist
prokka_out/CA140705:CDS	Metalloprotease MmpA	NODE_1_length_597876_cov_87.036437:c283131-282028	HIOKELPH_00302

DiscRep_SUB:FEATURE_LOCATION_CONFLICT::Coding region xref gene does not exist
prokka_out/CA140705:CDS	CDP-diacylglycerol--glycerol-3-phosphate 3-phosphatidyltransferase	NODE_1_length_597876_cov_87.036437:c283664-283128	HIOKELPH_00303

DiscRep_SUB:FEATURE_LOCATION_CONFLICT::Coding region xref gene does not exist
prokka_out/CA140705:CDS	Putative NAD(P)H nitroreductase	NODE_1_length_597876_cov_87.036437:c284420-283815	HIOKELPH_00304

DiscRep_SUB:FEATURE_LOCATION_CONFLICT::Coding region xref gene does not exist
prokka_out/CA140705:CDS	Putative NAD(P)H nitroreductase YfkO	NODE_1_length_597876_cov_87.036437:c285040-284420	HIOKELPH_00305

DiscRep_SUB:FEATURE_LOCATION_CONFLICT::Coding region xref gene does not exist
prokka_out/CA140705:CDS	hypothetical protein	NODE_1_length_597876_cov_87.036437:c285529-285104	HIOKELPH_00306

DiscRep_SUB:FEATURE_LOCATION_CONFLICT::Coding region xref gene does not exist
prokka_out/CA140705:CDS	Putative competence-damage inducible protein	NODE_1_length_597876_cov_87.036437:c286629-285541	HIOKELPH_00307

DiscRep_SUB:FEATURE_LOCATION_CONFLICT::Coding region xref gene does not exist
prokka_out/CA140705:CDS	Isoleucine--tRNA ligase	NODE_1_length_597876_cov_87.036437:286720-289476	HIOKELPH_00308

DiscRep_SUB:FEATURE_LOCATION_CONFLICT::Coding region xref gene does not exist
prokka_out/CA140705:CDS	Glutamyl-tRNA(Gln) amidotransferase subunit A	NODE_1_length_597876_cov_87.036437:289588-290955	HIOKELPH_00309

DiscRep_SUB:FEATURE_LOCATION_CONFLICT::Coding region xref gene does not exist
prokka_out/CA140705:CDS	Inosine-5'-monophosphate dehydrogenase	NODE_1_length_597876_cov_87.036437:290952-292406	HIOKELPH_00310

DiscRep_SUB:FEATURE_LOCATION_CONFLICT::Coding region xref gene does not exist
prokka_out/CA140705:CDS	Exodeoxyribonuclease 7 small subunit	NODE_1_length_597876_cov_87.036437:292403-292576	HIOKELPH_00311

DiscRep_SUB:FEATURE_LOCATION_CONFLICT::Coding region xref gene does not exist
prokka_out/CA140705:CDS	hypothetical protein	NODE_1_length_597876_cov_87.036437:292569-293348	HIOKELPH_00312

DiscRep_SUB:FEATURE_LOCATION_CONFLICT::Coding region xref gene does not exist
prokka_out/CA140705:CDS	hypothetical protein	NODE_1_length_597876_cov_87.036437:293412-293669	HIOKELPH_00313

DiscRep_SUB:FEATURE_LOCATION_CONFLICT::Coding region xref gene does not exist
prokka_out/CA140705:CDS	hypothetical protein	NODE_1_length_597876_cov_87.036437:293857-295380	HIOKELPH_00314

DiscRep_SUB:FEATURE_LOCATION_CONFLICT::Coding region xref gene does not exist
prokka_out/CA140705:CDS	hypothetical protein	NODE_1_length_597876_cov_87.036437:295643-295996	HIOKELPH_00315

DiscRep_SUB:FEATURE_LOCATION_CONFLICT::Coding region xref gene does not exist
prokka_out/CA140705:CDS	hypothetical protein	NODE_1_length_597876_cov_87.036437:296006-296641	HIOKELPH_00316

DiscRep_SUB:FEATURE_LOCATION_CONFLICT::Coding region xref gene does not exist
prokka_out/CA140705:CDS	UDP-N-acetylmuramate--L-alanine ligase	NODE_1_length_597876_cov_87.036437:296823-298118	HIOKELPH_00317

DiscRep_SUB:FEATURE_LOCATION_CONFLICT::Coding region xref gene does not exist
prokka_out/CA140705:CDS	hypothetical protein	NODE_1_length_597876_cov_87.036437:298111-298461	HIOKELPH_00318

DiscRep_SUB:FEATURE_LOCATION_CONFLICT::Coding region xref gene does not exist
prokka_out/CA140705:CDS	Endonuclease MutS2	NODE_1_length_597876_cov_87.036437:298454-300661	HIOKELPH_00319

DiscRep_SUB:FEATURE_LOCATION_CONFLICT::Coding region xref gene does not exist
prokka_out/CA140705:CDS	hypothetical protein	NODE_1_length_597876_cov_87.036437:300670-304665	HIOKELPH_00320

DiscRep_SUB:FEATURE_LOCATION_CONFLICT::Coding region xref gene does not exist
prokka_out/CA140705:CDS	NAD-dependent protein deacylase	NODE_1_length_597876_cov_87.036437:304708-305409	HIOKELPH_00321

DiscRep_SUB:FEATURE_LOCATION_CONFLICT::Coding region xref gene does not exist
prokka_out/CA140705:CDS	hypothetical protein	NODE_1_length_597876_cov_87.036437:305402-306004	HIOKELPH_00322

DiscRep_SUB:FEATURE_LOCATION_CONFLICT::Coding region xref gene does not exist
prokka_out/CA140705:CDS	Succinyl-diaminopimelate desuccinylase	NODE_1_length_597876_cov_87.036437:306008-307108	HIOKELPH_00323

DiscRep_SUB:FEATURE_LOCATION_CONFLICT::Coding region xref gene does not exist
prokka_out/CA140705:CDS	hypothetical protein	NODE_1_length_597876_cov_87.036437:307117-310227	HIOKELPH_00324

DiscRep_SUB:FEATURE_LOCATION_CONFLICT::Coding region xref gene does not exist
prokka_out/CA140705:CDS	hypothetical protein	NODE_1_length_597876_cov_87.036437:310217-310408	HIOKELPH_00325

DiscRep_SUB:FEATURE_LOCATION_CONFLICT::Coding region xref gene does not exist
prokka_out/CA140705:CDS	hypothetical protein	NODE_1_length_597876_cov_87.036437:310408-311208	HIOKELPH_00326

DiscRep_SUB:FEATURE_LOCATION_CONFLICT::Coding region xref gene does not exist
prokka_out/CA140705:CDS	Thiazole synthase	NODE_1_length_597876_cov_87.036437:311212-311988	HIOKELPH_00327

DiscRep_SUB:FEATURE_LOCATION_CONFLICT::Coding region xref gene does not exist
prokka_out/CA140705:CDS	2-iminoacetate synthase	NODE_1_length_597876_cov_87.036437:311991-313136	HIOKELPH_00328

DiscRep_SUB:FEATURE_LOCATION_CONFLICT::Coding region xref gene does not exist
prokka_out/CA140705:CDS	Thiamine-phosphate synthase	NODE_1_length_597876_cov_87.036437:313126-313731	HIOKELPH_00329

DiscRep_SUB:FEATURE_LOCATION_CONFLICT::Coding region xref gene does not exist
prokka_out/CA140705:CDS	HTH-type transcriptional activator RhaS	NODE_1_length_597876_cov_87.036437:313746-314636	HIOKELPH_00330

DiscRep_SUB:FEATURE_LOCATION_CONFLICT::Coding region xref gene does not exist
prokka_out/CA140705:CDS	hypothetical protein	NODE_1_length_597876_cov_87.036437:314699-315553	HIOKELPH_00331

DiscRep_SUB:FEATURE_LOCATION_CONFLICT::Coding region xref gene does not exist
prokka_out/CA140705:CDS	putative transporter YycB	NODE_1_length_597876_cov_87.036437:315561-316721	HIOKELPH_00332

DiscRep_SUB:FEATURE_LOCATION_CONFLICT::Coding region xref gene does not exist
prokka_out/CA140705:CDS	UDP-N-acetylglucosamine--N-acetylmuramyl-(pentapeptide) pyrophosphoryl-undecaprenol N-acetylglucosamine transferase	NODE_1_length_597876_cov_87.036437:c317730-316714	HIOKELPH_00333

DiscRep_SUB:FEATURE_LOCATION_CONFLICT::Coding region xref gene does not exist
prokka_out/CA140705:CDS	putative peptidoglycan glycosyltransferase FtsW	NODE_1_length_597876_cov_87.036437:c318890-317727	HIOKELPH_00334

DiscRep_SUB:FEATURE_LOCATION_CONFLICT::Coding region xref gene does not exist
prokka_out/CA140705:CDS	2-oxoglutarate carboxylase small subunit	NODE_1_length_597876_cov_87.036437:319025-320467	HIOKELPH_00335

DiscRep_SUB:FEATURE_LOCATION_CONFLICT::Coding region xref gene does not exist
prokka_out/CA140705:CDS	hypothetical protein	NODE_1_length_597876_cov_87.036437:320467-320703	HIOKELPH_00336

DiscRep_SUB:FEATURE_LOCATION_CONFLICT::Coding region xref gene does not exist
prokka_out/CA140705:CDS	Aspartate/glutamate leucyltransferase	NODE_1_length_597876_cov_87.036437:320703-321422	HIOKELPH_00337

DiscRep_SUB:FEATURE_LOCATION_CONFLICT::Coding region xref gene does not exist
prokka_out/CA140705:CDS	hypothetical protein	NODE_1_length_597876_cov_87.036437:321423-322229	HIOKELPH_00338

DiscRep_SUB:FEATURE_LOCATION_CONFLICT::Coding region xref gene does not exist
prokka_out/CA140705:CDS	Multidrug resistance protein MdtC	NODE_1_length_597876_cov_87.036437:c325270-322253	HIOKELPH_00339

DiscRep_SUB:FEATURE_LOCATION_CONFLICT::Coding region xref gene does not exist
prokka_out/CA140705:CDS	Cobalt-zinc-cadmium resistance protein CzcB	NODE_1_length_597876_cov_87.036437:c326013-325273	HIOKELPH_00340

DiscRep_SUB:FEATURE_LOCATION_CONFLICT::Coding region xref gene does not exist
prokka_out/CA140705:CDS	hypothetical protein	NODE_1_length_597876_cov_87.036437:c327284-326010	HIOKELPH_00341

DiscRep_SUB:FEATURE_LOCATION_CONFLICT::Coding region xref gene does not exist
prokka_out/CA140705:CDS	Elongation factor 4	NODE_1_length_597876_cov_87.036437:327410-329206	HIOKELPH_00342

DiscRep_SUB:FEATURE_LOCATION_CONFLICT::Coding region xref gene does not exist
prokka_out/CA140705:CDS	hypothetical protein	NODE_1_length_597876_cov_87.036437:329297-329941	HIOKELPH_00343

DiscRep_SUB:FEATURE_LOCATION_CONFLICT::Coding region xref gene does not exist
prokka_out/CA140705:CDS	hypothetical protein	NODE_1_length_597876_cov_87.036437:329938-330513	HIOKELPH_00344

DiscRep_SUB:FEATURE_LOCATION_CONFLICT::Coding region xref gene does not exist
prokka_out/CA140705:CDS	DNA gyrase subunit A	NODE_1_length_597876_cov_87.036437:330553-333120	HIOKELPH_00345

DiscRep_SUB:FEATURE_LOCATION_CONFLICT::Coding region xref gene does not exist
prokka_out/CA140705:CDS	hypothetical protein	NODE_1_length_597876_cov_87.036437:333188-333709	HIOKELPH_00346

DiscRep_SUB:FEATURE_LOCATION_CONFLICT::Coding region xref gene does not exist
prokka_out/CA140705:CDS	hypothetical protein	NODE_1_length_597876_cov_87.036437:333685-334134	HIOKELPH_00347

DiscRep_SUB:FEATURE_LOCATION_CONFLICT::Coding region xref gene does not exist
prokka_out/CA140705:CDS	Regulatory protein AtoC	NODE_1_length_597876_cov_87.036437:334183-335481	HIOKELPH_00348

DiscRep_SUB:FEATURE_LOCATION_CONFLICT::Coding region xref gene does not exist
prokka_out/CA140705:CDS	Aspartate-semialdehyde dehydrogenase	NODE_1_length_597876_cov_87.036437:335481-336512	HIOKELPH_00349

DiscRep_SUB:FEATURE_LOCATION_CONFLICT::Coding region xref gene does not exist
prokka_out/CA140705:CDS	hypothetical protein	NODE_1_length_597876_cov_87.036437:336526-337032	HIOKELPH_00350

DiscRep_SUB:FEATURE_LOCATION_CONFLICT::Coding region xref gene does not exist
prokka_out/CA140705:CDS	hypothetical protein	NODE_1_length_597876_cov_87.036437:337086-337286	HIOKELPH_00351

DiscRep_SUB:FEATURE_LOCATION_CONFLICT::Coding region xref gene does not exist
prokka_out/CA140705:CDS	hypothetical protein	NODE_1_length_597876_cov_87.036437:337296-337727	HIOKELPH_00352

DiscRep_SUB:FEATURE_LOCATION_CONFLICT::Coding region xref gene does not exist
prokka_out/CA140705:CDS	Leu/Ile/Val-binding protein	NODE_1_length_597876_cov_87.036437:337763-338887	HIOKELPH_00353

DiscRep_SUB:FEATURE_LOCATION_CONFLICT::Coding region xref gene does not exist
prokka_out/CA140705:CDS	hypothetical protein	NODE_1_length_597876_cov_87.036437:338887-339996	HIOKELPH_00354

DiscRep_SUB:FEATURE_LOCATION_CONFLICT::Coding region xref gene does not exist
prokka_out/CA140705:CDS	High-affinity branched-chain amino acid transport system permease protein LivH	NODE_1_length_597876_cov_87.036437:340004-340963	HIOKELPH_00355

DiscRep_SUB:FEATURE_LOCATION_CONFLICT::Coding region xref gene does not exist
prokka_out/CA140705:CDS	hypothetical protein	NODE_1_length_597876_cov_87.036437:340966-342006	HIOKELPH_00356

DiscRep_SUB:FEATURE_LOCATION_CONFLICT::Coding region xref gene does not exist
prokka_out/CA140705:CDS	Lipopolysaccharide export system ATP-binding protein LptB	NODE_1_length_597876_cov_87.036437:342006-342776	HIOKELPH_00357

DiscRep_SUB:FEATURE_LOCATION_CONFLICT::Coding region xref gene does not exist
prokka_out/CA140705:CDS	High-affinity branched-chain amino acid transport ATP-binding protein LivF	NODE_1_length_597876_cov_87.036437:342763-343458	HIOKELPH_00358

DiscRep_SUB:FEATURE_LOCATION_CONFLICT::Coding region xref gene does not exist
prokka_out/CA140705:CDS	Cytochrome c biogenesis protein CcsA	NODE_1_length_597876_cov_87.036437:343474-346734	HIOKELPH_00359

DiscRep_SUB:FEATURE_LOCATION_CONFLICT::Coding region xref gene does not exist
prokka_out/CA140705:CDS	hypothetical protein	NODE_1_length_597876_cov_87.036437:346734-347189	HIOKELPH_00360

DiscRep_SUB:FEATURE_LOCATION_CONFLICT::Coding region xref gene does not exist
prokka_out/CA140705:CDS	hypothetical protein	NODE_1_length_597876_cov_87.036437:347565-347735	HIOKELPH_00361

DiscRep_SUB:FEATURE_LOCATION_CONFLICT::Coding region xref gene does not exist
prokka_out/CA140705:CDS	hypothetical protein	NODE_1_length_597876_cov_87.036437:348150-348731	HIOKELPH_00362

DiscRep_SUB:FEATURE_LOCATION_CONFLICT::Coding region xref gene does not exist
prokka_out/CA140705:CDS	hypothetical protein	NODE_1_length_597876_cov_87.036437:348806-350827	HIOKELPH_00363

DiscRep_SUB:FEATURE_LOCATION_CONFLICT::Coding region xref gene does not exist
prokka_out/CA140705:CDS	hypothetical protein	NODE_1_length_597876_cov_87.036437:c352234-351464	HIOKELPH_00365

DiscRep_SUB:FEATURE_LOCATION_CONFLICT::Coding region xref gene does not exist
prokka_out/CA140705:CDS	Queuine tRNA-ribosyltransferase	NODE_1_length_597876_cov_87.036437:c353354-352221	HIOKELPH_00366

DiscRep_SUB:FEATURE_LOCATION_CONFLICT::Coding region xref gene does not exist
prokka_out/CA140705:CDS	hypothetical protein	NODE_1_length_597876_cov_87.036437:353384-354784	HIOKELPH_00367

DiscRep_SUB:FEATURE_LOCATION_CONFLICT::Coding region xref gene does not exist
prokka_out/CA140705:CDS	3-dehydroquinate synthase	NODE_1_length_597876_cov_87.036437:354952-356007	HIOKELPH_00368

DiscRep_SUB:FEATURE_LOCATION_CONFLICT::Coding region xref gene does not exist
prokka_out/CA140705:CDS	hypothetical protein	NODE_1_length_597876_cov_87.036437:356004-357575	HIOKELPH_00369

DiscRep_SUB:FEATURE_LOCATION_CONFLICT::Coding region xref gene does not exist
prokka_out/CA140705:CDS	Threonylcarbamoyladenosine tRNA methylthiotransferase MtaB	NODE_1_length_597876_cov_87.036437:357572-358828	HIOKELPH_00370

DiscRep_SUB:FEATURE_LOCATION_CONFLICT::Coding region xref gene does not exist
prokka_out/CA140705:CDS	ATP-dependent zinc metalloprotease FtsH 3	NODE_1_length_597876_cov_87.036437:358825-360429	HIOKELPH_00371

DiscRep_SUB:FEATURE_LOCATION_CONFLICT::Coding region xref gene does not exist
prokka_out/CA140705:CDS	hypothetical protein	NODE_1_length_597876_cov_87.036437:c360900-360484	HIOKELPH_00372

DiscRep_SUB:FEATURE_LOCATION_CONFLICT::Coding region xref gene does not exist
prokka_out/CA140705:CDS	hypothetical protein	NODE_1_length_597876_cov_87.036437:361000-361518	HIOKELPH_00373

DiscRep_SUB:FEATURE_LOCATION_CONFLICT::Coding region xref gene does not exist
prokka_out/CA140705:CDS	hypothetical protein	NODE_1_length_597876_cov_87.036437:361515-362024	HIOKELPH_00374

DiscRep_SUB:FEATURE_LOCATION_CONFLICT::Coding region xref gene does not exist
prokka_out/CA140705:CDS	RNA polymerase sigma factor RpoD	NODE_1_length_597876_cov_87.036437:c363890-362025	HIOKELPH_00375

DiscRep_SUB:FEATURE_LOCATION_CONFLICT::Coding region xref gene does not exist
prokka_out/CA140705:CDS	HTH-type transcriptional regulator CysL	NODE_1_length_597876_cov_87.036437:c364846-363965	HIOKELPH_00376

DiscRep_SUB:FEATURE_LOCATION_CONFLICT::Coding region xref gene does not exist
prokka_out/CA140705:CDS	hypothetical protein	NODE_1_length_597876_cov_87.036437:364990-366084	HIOKELPH_00377

DiscRep_SUB:FEATURE_LOCATION_CONFLICT::Coding region xref gene does not exist
prokka_out/CA140705:CDS	hypothetical protein	NODE_1_length_597876_cov_87.036437:366176-366748	HIOKELPH_00378

DiscRep_SUB:FEATURE_LOCATION_CONFLICT::Coding region xref gene does not exist
prokka_out/CA140705:CDS	Ribosomal RNA small subunit methyltransferase G	NODE_1_length_597876_cov_87.036437:c367348-366749	HIOKELPH_00379

DiscRep_SUB:FEATURE_LOCATION_CONFLICT::Coding region xref gene does not exist
prokka_out/CA140705:CDS	GTP cyclohydrolase-2	NODE_1_length_597876_cov_87.036437:c367905-367345	HIOKELPH_00380

DiscRep_SUB:FEATURE_LOCATION_CONFLICT::Coding region xref gene does not exist
prokka_out/CA140705:CDS	Delta-aminolevulinic acid dehydratase	NODE_1_length_597876_cov_87.036437:367963-368946	HIOKELPH_00381

DiscRep_SUB:FEATURE_LOCATION_CONFLICT::Coding region xref gene does not exist
prokka_out/CA140705:CDS	Ornithine carbamoyltransferase, anabolic	NODE_1_length_597876_cov_87.036437:368943-369854	HIOKELPH_00382

DiscRep_SUB:FEATURE_LOCATION_CONFLICT::Coding region xref gene does not exist
prokka_out/CA140705:CDS	hypothetical protein	NODE_1_length_597876_cov_87.036437:369904-370395	HIOKELPH_00383

DiscRep_SUB:FEATURE_LOCATION_CONFLICT::Coding region xref gene does not exist
prokka_out/CA140705:CDS	Oxygen-independent coproporphyrinogen III oxidase	NODE_1_length_597876_cov_87.036437:370382-371737	HIOKELPH_00384

DiscRep_SUB:FEATURE_LOCATION_CONFLICT::Coding region xref gene does not exist
prokka_out/CA140705:CDS	Lactate utilization protein A	NODE_1_length_597876_cov_87.036437:371748-373013	HIOKELPH_00385

DiscRep_SUB:FEATURE_LOCATION_CONFLICT::Coding region xref gene does not exist
prokka_out/CA140705:CDS	hypothetical protein	NODE_1_length_597876_cov_87.036437:373014-373718	HIOKELPH_00386

DiscRep_SUB:FEATURE_LOCATION_CONFLICT::Coding region xref gene does not exist
prokka_out/CA140705:CDS	hypothetical protein	NODE_1_length_597876_cov_87.036437:c373924-373721	HIOKELPH_00387

DiscRep_SUB:FEATURE_LOCATION_CONFLICT::Coding region xref gene does not exist
prokka_out/CA140705:CDS	hypothetical protein	NODE_1_length_597876_cov_87.036437:c374863-374123	HIOKELPH_00388

DiscRep_SUB:FEATURE_LOCATION_CONFLICT::Coding region xref gene does not exist
prokka_out/CA140705:CDS	hypothetical protein	NODE_1_length_597876_cov_87.036437:c376076-374973	HIOKELPH_00389

DiscRep_SUB:FEATURE_LOCATION_CONFLICT::Coding region xref gene does not exist
prokka_out/CA140705:CDS	ABC transporter glutamine-binding protein GlnH	NODE_1_length_597876_cov_87.036437:376274-377113	HIOKELPH_00390

DiscRep_SUB:FEATURE_LOCATION_CONFLICT::Coding region xref gene does not exist
prokka_out/CA140705:CDS	Proline/betaine transporter	NODE_1_length_597876_cov_87.036437:377158-378405	HIOKELPH_00391

DiscRep_SUB:FEATURE_LOCATION_CONFLICT::Coding region xref gene does not exist
prokka_out/CA140705:CDS	Cytosol non-specific dipeptidase	NODE_1_length_597876_cov_87.036437:c379656-378388	HIOKELPH_00392

DiscRep_SUB:FEATURE_LOCATION_CONFLICT::Coding region xref gene does not exist
prokka_out/CA140705:CDS	hypothetical protein	NODE_1_length_597876_cov_87.036437:379712-380239	HIOKELPH_00393

DiscRep_SUB:FEATURE_LOCATION_CONFLICT::Coding region xref gene does not exist
prokka_out/CA140705:CDS	hypothetical protein	NODE_1_length_597876_cov_87.036437:380249-380422	HIOKELPH_00394

DiscRep_SUB:FEATURE_LOCATION_CONFLICT::Coding region xref gene does not exist
prokka_out/CA140705:CDS	hypothetical protein	NODE_1_length_597876_cov_87.036437:c381002-380427	HIOKELPH_00395

DiscRep_SUB:FEATURE_LOCATION_CONFLICT::Coding region xref gene does not exist
prokka_out/CA140705:CDS	tRNA U34 carboxymethyltransferase	NODE_1_length_597876_cov_87.036437:c381954-381079	HIOKELPH_00396

DiscRep_SUB:FEATURE_LOCATION_CONFLICT::Coding region xref gene does not exist
prokka_out/CA140705:CDS	hypothetical protein	NODE_1_length_597876_cov_87.036437:c383479-382568	HIOKELPH_00397

DiscRep_SUB:FEATURE_LOCATION_CONFLICT::Coding region xref gene does not exist
prokka_out/CA140705:CDS	hypothetical protein	NODE_1_length_597876_cov_87.036437:c383919-383503	HIOKELPH_00398

DiscRep_SUB:FEATURE_LOCATION_CONFLICT::Coding region xref gene does not exist
prokka_out/CA140705:CDS	ATP synthase subunit c	NODE_1_length_597876_cov_87.036437:c384826-384488	HIOKELPH_00400

DiscRep_SUB:FEATURE_LOCATION_CONFLICT::Coding region xref gene does not exist
prokka_out/CA140705:CDS	hypothetical protein	NODE_1_length_597876_cov_87.036437:385072-386406	HIOKELPH_00401

DiscRep_SUB:FEATURE_LOCATION_CONFLICT::Coding region xref gene does not exist
prokka_out/CA140705:CDS	hypothetical protein	NODE_1_length_597876_cov_87.036437:386420-387769	HIOKELPH_00402

DiscRep_SUB:FEATURE_LOCATION_CONFLICT::Coding region xref gene does not exist
prokka_out/CA140705:CDS	Oxaloacetate decarboxylase alpha chain	NODE_1_length_597876_cov_87.036437:387792-389585	HIOKELPH_00403

DiscRep_SUB:FEATURE_LOCATION_CONFLICT::Coding region xref gene does not exist
prokka_out/CA140705:CDS	Phosphoenolpyruvate carboxykinase (ATP)	NODE_1_length_597876_cov_87.036437:389594-391168	HIOKELPH_00404

DiscRep_SUB:FEATURE_LOCATION_CONFLICT::Coding region xref gene does not exist
prokka_out/CA140705:CDS	Argininosuccinate lyase	NODE_1_length_597876_cov_87.036437:391178-392563	HIOKELPH_00405

DiscRep_SUB:FEATURE_LOCATION_CONFLICT::Coding region xref gene does not exist
prokka_out/CA140705:CDS	Ribosome-binding ATPase YchF	NODE_1_length_597876_cov_87.036437:c393673-392570	HIOKELPH_00406

DiscRep_SUB:FEATURE_LOCATION_CONFLICT::Coding region xref gene does not exist
prokka_out/CA140705:CDS	Cytosol aminopeptidase	NODE_1_length_597876_cov_87.036437:c395121-393670	HIOKELPH_00407

DiscRep_SUB:FEATURE_LOCATION_CONFLICT::Coding region xref gene does not exist
prokka_out/CA140705:CDS	hypothetical protein	NODE_1_length_597876_cov_87.036437:c395806-395111	HIOKELPH_00408

DiscRep_SUB:FEATURE_LOCATION_CONFLICT::Coding region xref gene does not exist
prokka_out/CA140705:CDS	Adenine phosphoribosyltransferase	NODE_1_length_597876_cov_87.036437:c396199-395816	HIOKELPH_00409

DiscRep_SUB:FEATURE_LOCATION_CONFLICT::Coding region xref gene does not exist
prokka_out/CA140705:CDS	Adenine phosphoribosyltransferase	NODE_1_length_597876_cov_87.036437:c396365-396213	HIOKELPH_00410

DiscRep_SUB:FEATURE_LOCATION_CONFLICT::Coding region xref gene does not exist
prokka_out/CA140705:CDS	hypothetical protein	NODE_1_length_597876_cov_87.036437:c396694-396362	HIOKELPH_00411

DiscRep_SUB:FEATURE_LOCATION_CONFLICT::Coding region xref gene does not exist
prokka_out/CA140705:CDS	Ribose-5-phosphate isomerase B	NODE_1_length_597876_cov_87.036437:c397131-396694	HIOKELPH_00412

DiscRep_SUB:FEATURE_LOCATION_CONFLICT::Coding region xref gene does not exist
prokka_out/CA140705:CDS	Protein-glutamate methylesterase/protein-glutamine glutaminase	NODE_1_length_597876_cov_87.036437:397300-397854	HIOKELPH_00413

DiscRep_SUB:FEATURE_LOCATION_CONFLICT::Coding region xref gene does not exist
prokka_out/CA140705:CDS	Chemotaxis protein methyltransferase	NODE_1_length_597876_cov_87.036437:397867-398655	HIOKELPH_00414

DiscRep_SUB:FEATURE_LOCATION_CONFLICT::Coding region xref gene does not exist
prokka_out/CA140705:CDS	Glutamine transport ATP-binding protein GlnQ	NODE_1_length_597876_cov_87.036437:398818-399546	HIOKELPH_00415

DiscRep_SUB:FEATURE_LOCATION_CONFLICT::Coding region xref gene does not exist
prokka_out/CA140705:CDS	Major cell-binding factor	NODE_1_length_597876_cov_87.036437:399571-400350	HIOKELPH_00416

DiscRep_SUB:FEATURE_LOCATION_CONFLICT::Coding region xref gene does not exist
prokka_out/CA140705:CDS	putative glutamine ABC transporter permease protein GlnM	NODE_1_length_597876_cov_87.036437:400352-401104	HIOKELPH_00417

DiscRep_SUB:FEATURE_LOCATION_CONFLICT::Coding region xref gene does not exist
prokka_out/CA140705:CDS	putative glutamine ABC transporter permease protein GlnP	NODE_1_length_597876_cov_87.036437:401115-401774	HIOKELPH_00418

DiscRep_SUB:FEATURE_LOCATION_CONFLICT::Coding region xref gene does not exist
prokka_out/CA140705:CDS	Ribose-phosphate pyrophosphokinase	NODE_1_length_597876_cov_87.036437:401875-402804	HIOKELPH_00419

DiscRep_SUB:FEATURE_LOCATION_CONFLICT::Coding region xref gene does not exist
prokka_out/CA140705:CDS	Peptide transporter CstA	NODE_1_length_597876_cov_87.036437:403191-405302	HIOKELPH_00420

DiscRep_SUB:FEATURE_LOCATION_CONFLICT::Coding region xref gene does not exist
prokka_out/CA140705:CDS	putative acyl-CoA thioester hydrolase	NODE_1_length_597876_cov_87.036437:c405939-405526	HIOKELPH_00421

DiscRep_SUB:FEATURE_LOCATION_CONFLICT::Coding region xref gene does not exist
prokka_out/CA140705:CDS	hypothetical protein	NODE_1_length_597876_cov_87.036437:406004-407845	HIOKELPH_00422

DiscRep_SUB:FEATURE_LOCATION_CONFLICT::Coding region xref gene does not exist
prokka_out/CA140705:CDS	DNA-binding protein HU	NODE_1_length_597876_cov_87.036437:407922-408212	HIOKELPH_00423

DiscRep_SUB:FEATURE_LOCATION_CONFLICT::Coding region xref gene does not exist
prokka_out/CA140705:CDS	Cysteine synthase	NODE_1_length_597876_cov_87.036437:408340-409239	HIOKELPH_00424

DiscRep_SUB:FEATURE_LOCATION_CONFLICT::Coding region xref gene does not exist
prokka_out/CA140705:CDS	hypothetical protein	NODE_1_length_597876_cov_87.036437:c409799-409245	HIOKELPH_00425

DiscRep_SUB:FEATURE_LOCATION_CONFLICT::Coding region xref gene does not exist
prokka_out/CA140705:CDS	hypothetical protein	NODE_1_length_597876_cov_87.036437:c410248-409796	HIOKELPH_00426

DiscRep_SUB:FEATURE_LOCATION_CONFLICT::Coding region xref gene does not exist
prokka_out/CA140705:CDS	hypothetical protein	NODE_1_length_597876_cov_87.036437:c410668-410252	HIOKELPH_00427

DiscRep_SUB:FEATURE_LOCATION_CONFLICT::Coding region xref gene does not exist
prokka_out/CA140705:CDS	hypothetical protein	NODE_1_length_597876_cov_87.036437:c411074-410769	HIOKELPH_00428

DiscRep_SUB:FEATURE_LOCATION_CONFLICT::Coding region xref gene does not exist
prokka_out/CA140705:CDS	hypothetical protein	NODE_1_length_597876_cov_87.036437:411406-412383	HIOKELPH_00429

DiscRep_SUB:FEATURE_LOCATION_CONFLICT::Coding region xref gene does not exist
prokka_out/CA140705:CDS	Alanine racemase	NODE_1_length_597876_cov_87.036437:412383-413372	HIOKELPH_00430

DiscRep_SUB:FEATURE_LOCATION_CONFLICT::Coding region xref gene does not exist
prokka_out/CA140705:CDS	tRNA (cytidine(34)-2'-O)-methyltransferase	NODE_1_length_597876_cov_87.036437:413375-413842	HIOKELPH_00431

DiscRep_SUB:FEATURE_LOCATION_CONFLICT::Coding region xref gene does not exist
prokka_out/CA140705:CDS	Amino-acid carrier protein AlsT	NODE_1_length_597876_cov_87.036437:413948-415432	HIOKELPH_00432

DiscRep_SUB:FEATURE_LOCATION_CONFLICT::Coding region xref gene does not exist
prokka_out/CA140705:CDS	Glutamine transport ATP-binding protein GlnQ	NODE_1_length_597876_cov_87.036437:c416187-415459	HIOKELPH_00433

DiscRep_SUB:FEATURE_LOCATION_CONFLICT::Coding region xref gene does not exist
prokka_out/CA140705:CDS	hypothetical protein	NODE_1_length_597876_cov_87.036437:c416923-416180	HIOKELPH_00434

DiscRep_SUB:FEATURE_LOCATION_CONFLICT::Coding region xref gene does not exist
prokka_out/CA140705:CDS	hypothetical protein	NODE_1_length_597876_cov_87.036437:417034-417171	HIOKELPH_00435

DiscRep_SUB:FEATURE_LOCATION_CONFLICT::Coding region xref gene does not exist
prokka_out/CA140705:CDS	Protein/nucleic acid deglycase 3	NODE_1_length_597876_cov_87.036437:417168-417737	HIOKELPH_00436

DiscRep_SUB:FEATURE_LOCATION_CONFLICT::Coding region xref gene does not exist
prokka_out/CA140705:CDS	putative HIT-like protein	NODE_1_length_597876_cov_87.036437:c418141-417776	HIOKELPH_00437

DiscRep_SUB:FEATURE_LOCATION_CONFLICT::Coding region xref gene does not exist
prokka_out/CA140705:CDS	Phenylalanine--tRNA ligase alpha subunit	NODE_1_length_597876_cov_87.036437:418262-419254	HIOKELPH_00438

DiscRep_SUB:FEATURE_LOCATION_CONFLICT::Coding region xref gene does not exist
prokka_out/CA140705:CDS	Phenylalanine--tRNA ligase beta subunit	NODE_1_length_597876_cov_87.036437:419251-421572	HIOKELPH_00439

DiscRep_SUB:FEATURE_LOCATION_CONFLICT::Coding region xref gene does not exist
prokka_out/CA140705:CDS	3-phosphoshikimate 1-carboxyvinyltransferase	NODE_1_length_597876_cov_87.036437:421569-422849	HIOKELPH_00440

DiscRep_SUB:FEATURE_LOCATION_CONFLICT::Coding region xref gene does not exist
prokka_out/CA140705:CDS	4-hydroxy-3-methylbut-2-enyl diphosphate reductase	NODE_1_length_597876_cov_87.036437:422839-423669	HIOKELPH_00441

DiscRep_SUB:FEATURE_LOCATION_CONFLICT::Coding region xref gene does not exist
prokka_out/CA140705:CDS	30S ribosomal protein S1	NODE_1_length_597876_cov_87.036437:423810-425480	HIOKELPH_00442

DiscRep_SUB:FEATURE_LOCATION_CONFLICT::Coding region xref gene does not exist
prokka_out/CA140705:CDS	hypothetical protein	NODE_1_length_597876_cov_87.036437:425480-425971	HIOKELPH_00443

DiscRep_SUB:FEATURE_LOCATION_CONFLICT::Coding region xref gene does not exist
prokka_out/CA140705:CDS	D-3-phosphoglycerate dehydrogenase	NODE_1_length_597876_cov_87.036437:425968-427551	HIOKELPH_00444

DiscRep_SUB:FEATURE_LOCATION_CONFLICT::Coding region xref gene does not exist
prokka_out/CA140705:CDS	Transcriptional regulatory protein WalR	NODE_1_length_597876_cov_87.036437:427529-428200	HIOKELPH_00445

DiscRep_SUB:FEATURE_LOCATION_CONFLICT::Coding region xref gene does not exist
prokka_out/CA140705:CDS	Adaptive-response sensory-kinase SasA	NODE_1_length_597876_cov_87.036437:428194-429477	HIOKELPH_00446

DiscRep_SUB:FEATURE_LOCATION_CONFLICT::Coding region xref gene does not exist
prokka_out/CA140705:CDS	ABC transporter ATP-binding protein uup	NODE_1_length_597876_cov_87.036437:429486-431417	HIOKELPH_00447

DiscRep_SUB:FEATURE_LOCATION_CONFLICT::Coding region xref gene does not exist
prokka_out/CA140705:CDS	Molybdopterin molybdenumtransferase	NODE_1_length_597876_cov_87.036437:c432813-431647	HIOKELPH_00449

DiscRep_SUB:FEATURE_LOCATION_CONFLICT::Coding region xref gene does not exist
prokka_out/CA140705:CDS	UDP-N-acetylglucosamine 1-carboxyvinyltransferase	NODE_1_length_597876_cov_87.036437:c434066-432810	HIOKELPH_00450

DiscRep_SUB:FEATURE_LOCATION_CONFLICT::Coding region xref gene does not exist
prokka_out/CA140705:CDS	putative inner membrane transporter YicL	NODE_1_length_597876_cov_87.036437:434261-435121	HIOKELPH_00451

DiscRep_SUB:FEATURE_LOCATION_CONFLICT::Coding region xref gene does not exist
prokka_out/CA140705:CDS	Anthranilate synthase component 2	NODE_1_length_597876_cov_87.036437:c435696-435118	HIOKELPH_00452

DiscRep_SUB:FEATURE_LOCATION_CONFLICT::Coding region xref gene does not exist
prokka_out/CA140705:CDS	Isochorismate synthase MenF	NODE_1_length_597876_cov_87.036437:c437471-435693	HIOKELPH_00453

DiscRep_SUB:FEATURE_LOCATION_CONFLICT::Coding region xref gene does not exist
prokka_out/CA140705:CDS	Tyrosine recombinase XerH	NODE_1_length_597876_cov_87.036437:c438525-437461	HIOKELPH_00454

DiscRep_SUB:FEATURE_LOCATION_CONFLICT::Coding region xref gene does not exist
prokka_out/CA140705:CDS	Protein-disulfide oxidoreductase DsbI	NODE_1_length_597876_cov_87.036437:439151-439846	HIOKELPH_00455

DiscRep_SUB:FEATURE_LOCATION_CONFLICT::Coding region xref gene does not exist
prokka_out/CA140705:CDS	Thiol:disulfide interchange protein DsbL	NODE_1_length_597876_cov_87.036437:439935-440573	HIOKELPH_00456

DiscRep_SUB:FEATURE_LOCATION_CONFLICT::Coding region xref gene does not exist
prokka_out/CA140705:CDS	hypothetical protein	NODE_1_length_597876_cov_87.036437:440698-440838	HIOKELPH_00457

DiscRep_SUB:FEATURE_LOCATION_CONFLICT::Coding region xref gene does not exist
prokka_out/CA140705:CDS	hypothetical protein	NODE_1_length_597876_cov_87.036437:c441458-440826	HIOKELPH_00458

DiscRep_SUB:FEATURE_LOCATION_CONFLICT::Coding region xref gene does not exist
prokka_out/CA140705:CDS	hypothetical protein	NODE_1_length_597876_cov_87.036437:c441697-441455	HIOKELPH_00459

DiscRep_SUB:FEATURE_LOCATION_CONFLICT::Coding region xref gene does not exist
prokka_out/CA140705:CDS	3',5'-cyclic-nucleotide phosphodiesterase	NODE_1_length_597876_cov_87.036437:c442730-441678	HIOKELPH_00460

DiscRep_SUB:FEATURE_LOCATION_CONFLICT::Coding region xref gene does not exist
prokka_out/CA140705:CDS	Flagellar biosynthesis protein FlhA	NODE_1_length_597876_cov_87.036437:c444916-442739	HIOKELPH_00461

DiscRep_SUB:FEATURE_LOCATION_CONFLICT::Coding region xref gene does not exist
prokka_out/CA140705:CDS	HTH-type transcriptional regulator CymR	NODE_1_length_597876_cov_87.036437:c445313-444903	HIOKELPH_00462

DiscRep_SUB:FEATURE_LOCATION_CONFLICT::Coding region xref gene does not exist
prokka_out/CA140705:CDS	30S ribosomal protein S15	NODE_1_length_597876_cov_87.036437:445488-445760	HIOKELPH_00463

DiscRep_SUB:FEATURE_LOCATION_CONFLICT::Coding region xref gene does not exist
prokka_out/CA140705:CDS	hypothetical protein	NODE_1_length_597876_cov_87.036437:c448686-445846	HIOKELPH_00464

DiscRep_SUB:FEATURE_LOCATION_CONFLICT::Coding region xref gene does not exist
prokka_out/CA140705:CDS	hypothetical protein	NODE_1_length_597876_cov_87.036437:c451048-448796	HIOKELPH_00465

DiscRep_SUB:FEATURE_LOCATION_CONFLICT::Coding region xref gene does not exist
prokka_out/CA140705:CDS	hypothetical protein	NODE_1_length_597876_cov_87.036437:452312-452752	HIOKELPH_00467

DiscRep_SUB:FEATURE_LOCATION_CONFLICT::Coding region xref gene does not exist
prokka_out/CA140705:CDS	Adaptive-response sensory-kinase SasA	NODE_1_length_597876_cov_87.036437:c453908-452889	HIOKELPH_00468

DiscRep_SUB:FEATURE_LOCATION_CONFLICT::Coding region xref gene does not exist
prokka_out/CA140705:CDS	hypothetical protein	NODE_1_length_597876_cov_87.036437:c454651-453905	HIOKELPH_00469

DiscRep_SUB:FEATURE_LOCATION_CONFLICT::Coding region xref gene does not exist
prokka_out/CA140705:CDS	Cysteine desulfurase	NODE_1_length_597876_cov_87.036437:454830-456098	HIOKELPH_00470

DiscRep_SUB:FEATURE_LOCATION_CONFLICT::Coding region xref gene does not exist
prokka_out/CA140705:CDS	hypothetical protein	NODE_1_length_597876_cov_87.036437:c457560-456775	HIOKELPH_00478

DiscRep_SUB:FEATURE_LOCATION_CONFLICT::Coding region xref gene does not exist
prokka_out/CA140705:CDS	hypothetical protein	NODE_1_length_597876_cov_87.036437:457684-458061	HIOKELPH_00479

DiscRep_SUB:FEATURE_LOCATION_CONFLICT::Coding region xref gene does not exist
prokka_out/CA140705:CDS	hypothetical protein	NODE_1_length_597876_cov_87.036437:c459188-458070	HIOKELPH_00480

DiscRep_SUB:FEATURE_LOCATION_CONFLICT::Coding region xref gene does not exist
prokka_out/CA140705:CDS	Lipoprotein-releasing system transmembrane protein LolE	NODE_1_length_597876_cov_87.036437:c460403-459198	HIOKELPH_00481

DiscRep_SUB:FEATURE_LOCATION_CONFLICT::Coding region xref gene does not exist
prokka_out/CA140705:CDS	Protein translocase subunit SecA	NODE_1_length_597876_cov_87.036437:c462988-460400	HIOKELPH_00482

DiscRep_SUB:FEATURE_LOCATION_CONFLICT::Coding region xref gene does not exist
prokka_out/CA140705:CDS	Outer-membrane lipoprotein carrier protein	NODE_1_length_597876_cov_87.036437:463097-463606	HIOKELPH_00483

DiscRep_SUB:FEATURE_LOCATION_CONFLICT::Coding region xref gene does not exist
prokka_out/CA140705:CDS	hypothetical protein	NODE_1_length_597876_cov_87.036437:c464307-463609	HIOKELPH_00484

DiscRep_SUB:FEATURE_LOCATION_CONFLICT::Coding region xref gene does not exist
prokka_out/CA140705:CDS	ATP-dependent RecD-like DNA helicase	NODE_1_length_597876_cov_87.036437:c465661-464318	HIOKELPH_00485

DiscRep_SUB:FEATURE_LOCATION_CONFLICT::Coding region xref gene does not exist
prokka_out/CA140705:CDS	hypothetical protein	NODE_1_length_597876_cov_87.036437:465710-467074	HIOKELPH_00486

DiscRep_SUB:FEATURE_LOCATION_CONFLICT::Coding region xref gene does not exist
prokka_out/CA140705:CDS	N-carbamoyl-D-amino acid hydrolase	NODE_1_length_597876_cov_87.036437:c467983-467111	HIOKELPH_00487

DiscRep_SUB:FEATURE_LOCATION_CONFLICT::Coding region xref gene does not exist
prokka_out/CA140705:CDS	Ferrous-iron efflux pump FieF	NODE_1_length_597876_cov_87.036437:c468867-467980	HIOKELPH_00488

DiscRep_SUB:FEATURE_LOCATION_CONFLICT::Coding region xref gene does not exist
prokka_out/CA140705:CDS	Agmatine deiminase	NODE_1_length_597876_cov_87.036437:c469841-468864	HIOKELPH_00489

DiscRep_SUB:FEATURE_LOCATION_CONFLICT::Coding region xref gene does not exist
prokka_out/CA140705:CDS	hypothetical protein	NODE_1_length_597876_cov_87.036437:c470375-469938	HIOKELPH_00490

DiscRep_SUB:FEATURE_LOCATION_CONFLICT::Coding region xref gene does not exist
prokka_out/CA140705:CDS	hypothetical protein	NODE_1_length_597876_cov_87.036437:c471977-470385	HIOKELPH_00491

DiscRep_SUB:FEATURE_LOCATION_CONFLICT::Coding region xref gene does not exist
prokka_out/CA140705:CDS	Bifunctional purine biosynthesis protein PurH	NODE_1_length_597876_cov_87.036437:c473604-472072	HIOKELPH_00492

DiscRep_SUB:FEATURE_LOCATION_CONFLICT::Coding region xref gene does not exist
prokka_out/CA140705:CDS	Co-chaperone protein DjlA	NODE_1_length_597876_cov_87.036437:c474489-473719	HIOKELPH_00493

DiscRep_SUB:FEATURE_LOCATION_CONFLICT::Coding region xref gene does not exist
prokka_out/CA140705:CDS	Phosphoribosylformylglycinamidine synthase subunit PurL	NODE_1_length_597876_cov_87.036437:c476672-474486	HIOKELPH_00494

DiscRep_SUB:FEATURE_LOCATION_CONFLICT::Coding region xref gene does not exist
prokka_out/CA140705:CDS	tRNA modification GTPase MnmE	NODE_1_length_597876_cov_87.036437:c478011-476683	HIOKELPH_00495

DiscRep_SUB:FEATURE_LOCATION_CONFLICT::Coding region xref gene does not exist
prokka_out/CA140705:CDS	hypothetical protein	NODE_1_length_597876_cov_87.036437:c478855-478004	HIOKELPH_00496

DiscRep_SUB:FEATURE_LOCATION_CONFLICT::Coding region xref gene does not exist
prokka_out/CA140705:CDS	Membrane protein insertase YidC	NODE_1_length_597876_cov_87.036437:c480455-478860	HIOKELPH_00497

DiscRep_SUB:FEATURE_LOCATION_CONFLICT::Coding region xref gene does not exist
prokka_out/CA140705:CDS	Putative membrane protein insertion efficiency factor	NODE_1_length_597876_cov_87.036437:c480826-480452	HIOKELPH_00498

DiscRep_SUB:FEATURE_LOCATION_CONFLICT::Coding region xref gene does not exist
prokka_out/CA140705:CDS	Ribonuclease P protein component	NODE_1_length_597876_cov_87.036437:c481119-480793	HIOKELPH_00499

DiscRep_SUB:FEATURE_LOCATION_CONFLICT::Coding region xref gene does not exist
prokka_out/CA140705:CDS	50S ribosomal protein L34	NODE_1_length_597876_cov_87.036437:c481250-481116	HIOKELPH_00500

DiscRep_SUB:FEATURE_LOCATION_CONFLICT::Coding region xref gene does not exist
prokka_out/CA140705:CDS	hypothetical protein	NODE_1_length_597876_cov_87.036437:481389-481868	HIOKELPH_00501

DiscRep_SUB:FEATURE_LOCATION_CONFLICT::Coding region xref gene does not exist
prokka_out/CA140705:CDS	hypothetical protein	NODE_1_length_597876_cov_87.036437:481865-482473	HIOKELPH_00502

DiscRep_SUB:FEATURE_LOCATION_CONFLICT::Coding region xref gene does not exist
prokka_out/CA140705:CDS	hypothetical protein	NODE_1_length_597876_cov_87.036437:482470-483666	HIOKELPH_00503

DiscRep_SUB:FEATURE_LOCATION_CONFLICT::Coding region xref gene does not exist
prokka_out/CA140705:CDS	Acyl-CoA thioesterase YbgC	NODE_1_length_597876_cov_87.036437:c484032-483658	HIOKELPH_00504

DiscRep_SUB:FEATURE_LOCATION_CONFLICT::Coding region xref gene does not exist
prokka_out/CA140705:CDS	hypothetical protein	NODE_1_length_597876_cov_87.036437:c485594-484308	HIOKELPH_00505

DiscRep_SUB:FEATURE_LOCATION_CONFLICT::Coding region xref gene does not exist
prokka_out/CA140705:CDS	hypothetical protein	NODE_1_length_597876_cov_87.036437:c486374-485682	HIOKELPH_00506

DiscRep_SUB:FEATURE_LOCATION_CONFLICT::Coding region xref gene does not exist
prokka_out/CA140705:CDS	hypothetical protein	NODE_1_length_597876_cov_87.036437:c488333-486438	HIOKELPH_00507

DiscRep_SUB:FEATURE_LOCATION_CONFLICT::Coding region xref gene does not exist
prokka_out/CA140705:CDS	hypothetical protein	NODE_1_length_597876_cov_87.036437:c489020-488802	HIOKELPH_00508

DiscRep_SUB:FEATURE_LOCATION_CONFLICT::Coding region xref gene does not exist
prokka_out/CA140705:CDS	hypothetical protein	NODE_1_length_597876_cov_87.036437:c489316-489167	HIOKELPH_00509

DiscRep_SUB:FEATURE_LOCATION_CONFLICT::Coding region xref gene does not exist
prokka_out/CA140705:CDS	hypothetical protein	NODE_1_length_597876_cov_87.036437:c489914-489495	HIOKELPH_00510

DiscRep_SUB:FEATURE_LOCATION_CONFLICT::Coding region xref gene does not exist
prokka_out/CA140705:CDS	hypothetical protein	NODE_1_length_597876_cov_87.036437:c491623-490301	HIOKELPH_00511

DiscRep_SUB:FEATURE_LOCATION_CONFLICT::Coding region xref gene does not exist
prokka_out/CA140705:CDS	High-affinity zinc uptake system binding-protein ZnuA	NODE_1_length_597876_cov_87.036437:c492489-491620	HIOKELPH_00512

DiscRep_SUB:FEATURE_LOCATION_CONFLICT::Coding region xref gene does not exist
prokka_out/CA140705:CDS	hypothetical protein	NODE_1_length_597876_cov_87.036437:492622-492966	HIOKELPH_00513

DiscRep_SUB:FEATURE_LOCATION_CONFLICT::Coding region xref gene does not exist
prokka_out/CA140705:CDS	Signal peptidase I	NODE_1_length_597876_cov_87.036437:c493869-493021	HIOKELPH_00514

DiscRep_SUB:FEATURE_LOCATION_CONFLICT::Coding region xref gene does not exist
prokka_out/CA140705:CDS	Bifunctional protein FolD protein	NODE_1_length_597876_cov_87.036437:c494727-493870	HIOKELPH_00515

DiscRep_SUB:FEATURE_LOCATION_CONFLICT::Coding region xref gene does not exist
prokka_out/CA140705:CDS	hypothetical protein	NODE_1_length_597876_cov_87.036437:494805-495152	HIOKELPH_00516

DiscRep_SUB:FEATURE_LOCATION_CONFLICT::Coding region xref gene does not exist
prokka_out/CA140705:CDS	Glutamate-1-semialdehyde 2,1-aminomutase 1	NODE_1_length_597876_cov_87.036437:495149-496423	HIOKELPH_00517

DiscRep_SUB:FEATURE_LOCATION_CONFLICT::Coding region xref gene does not exist
prokka_out/CA140705:CDS	hypothetical protein	NODE_1_length_597876_cov_87.036437:496420-496725	HIOKELPH_00518

DiscRep_SUB:FEATURE_LOCATION_CONFLICT::Coding region xref gene does not exist
prokka_out/CA140705:CDS	hypothetical protein	NODE_1_length_597876_cov_87.036437:496715-497218	HIOKELPH_00519

DiscRep_SUB:FEATURE_LOCATION_CONFLICT::Coding region xref gene does not exist
prokka_out/CA140705:CDS	putative MFS-type transporter YcaD	NODE_1_length_597876_cov_87.036437:497196-498383	HIOKELPH_00520

DiscRep_SUB:FEATURE_LOCATION_CONFLICT::Coding region xref gene does not exist
prokka_out/CA140705:CDS	hypothetical protein	NODE_1_length_597876_cov_87.036437:498376-500670	HIOKELPH_00521

DiscRep_SUB:FEATURE_LOCATION_CONFLICT::Coding region xref gene does not exist
prokka_out/CA140705:CDS	hypothetical protein	NODE_1_length_597876_cov_87.036437:500667-500948	HIOKELPH_00522

DiscRep_SUB:FEATURE_LOCATION_CONFLICT::Coding region xref gene does not exist
prokka_out/CA140705:CDS	Phosphatidylserine decarboxylase proenzyme	NODE_1_length_597876_cov_87.036437:c501745-500945	HIOKELPH_00523

DiscRep_SUB:FEATURE_LOCATION_CONFLICT::Coding region xref gene does not exist
prokka_out/CA140705:CDS	3',5'-cyclic adenosine monophosphate phosphodiesterase CpdA	NODE_1_length_597876_cov_87.036437:c502866-501742	HIOKELPH_00524

DiscRep_SUB:FEATURE_LOCATION_CONFLICT::Coding region xref gene does not exist
prokka_out/CA140705:CDS	Glutamate--tRNA ligase	NODE_1_length_597876_cov_87.036437:502951-504246	HIOKELPH_00525

DiscRep_SUB:FEATURE_LOCATION_CONFLICT::Coding region xref gene does not exist
prokka_out/CA140705:CDS	hypothetical protein	NODE_1_length_597876_cov_87.036437:504250-504531	HIOKELPH_00526

DiscRep_SUB:FEATURE_LOCATION_CONFLICT::Coding region xref gene does not exist
prokka_out/CA140705:CDS	hypothetical protein	NODE_1_length_597876_cov_87.036437:504528-506156	HIOKELPH_00527

DiscRep_SUB:FEATURE_LOCATION_CONFLICT::Coding region xref gene does not exist
prokka_out/CA140705:CDS	hypothetical protein	NODE_1_length_597876_cov_87.036437:c506538-506053	HIOKELPH_00528

DiscRep_SUB:FEATURE_LOCATION_CONFLICT::Coding region xref gene does not exist
prokka_out/CA140705:CDS	Molybdopterin-guanine dinucleotide biosynthesis adapter protein	NODE_1_length_597876_cov_87.036437:506631-507125	HIOKELPH_00529

DiscRep_SUB:FEATURE_LOCATION_CONFLICT::Coding region xref gene does not exist
prokka_out/CA140705:CDS	Fructose-1,6-bisphosphatase class 1	NODE_1_length_597876_cov_87.036437:507127-507969	HIOKELPH_00530

DiscRep_SUB:FEATURE_LOCATION_CONFLICT::Coding region xref gene does not exist
prokka_out/CA140705:CDS	hypothetical protein	NODE_1_length_597876_cov_87.036437:507962-508159	HIOKELPH_00531

DiscRep_SUB:FEATURE_LOCATION_CONFLICT::Coding region xref gene does not exist
prokka_out/CA140705:CDS	Methionine--tRNA ligase	NODE_1_length_597876_cov_87.036437:508169-510055	HIOKELPH_00532

DiscRep_SUB:FEATURE_LOCATION_CONFLICT::Coding region xref gene does not exist
prokka_out/CA140705:CDS	hypothetical protein	NODE_1_length_597876_cov_87.036437:510057-511004	HIOKELPH_00533

DiscRep_SUB:FEATURE_LOCATION_CONFLICT::Coding region xref gene does not exist
prokka_out/CA140705:CDS	Methylated-DNA--protein-cysteine methyltransferase, constitutive	NODE_1_length_597876_cov_87.036437:c511453-510977	HIOKELPH_00534

DiscRep_SUB:FEATURE_LOCATION_CONFLICT::Coding region xref gene does not exist
prokka_out/CA140705:CDS	Aconitate hydratase B	NODE_1_length_597876_cov_87.036437:511508-514054	HIOKELPH_00535

DiscRep_SUB:FEATURE_LOCATION_CONFLICT::Coding region xref gene does not exist
prokka_out/CA140705:CDS	hypothetical protein	NODE_1_length_597876_cov_87.036437:514113-515354	HIOKELPH_00536

DiscRep_SUB:FEATURE_LOCATION_CONFLICT::Coding region xref gene does not exist
prokka_out/CA140705:CDS	NADP-dependent 3-hydroxy acid dehydrogenase YdfG	NODE_1_length_597876_cov_87.036437:515351-516100	HIOKELPH_00537

DiscRep_SUB:FEATURE_LOCATION_CONFLICT::Coding region xref gene does not exist
prokka_out/CA140705:CDS	hypothetical protein	NODE_1_length_597876_cov_87.036437:516097-517827	HIOKELPH_00538

DiscRep_SUB:FEATURE_LOCATION_CONFLICT::Coding region xref gene does not exist
prokka_out/CA140705:CDS	tRNA/tmRNA (uracil-C(5))-methyltransferase	NODE_1_length_597876_cov_87.036437:517824-518912	HIOKELPH_00539

DiscRep_SUB:FEATURE_LOCATION_CONFLICT::Coding region xref gene does not exist
prokka_out/CA140705:CDS	hypothetical protein	NODE_1_length_597876_cov_87.036437:c519334-518924	HIOKELPH_00540

DiscRep_SUB:FEATURE_LOCATION_CONFLICT::Coding region xref gene does not exist
prokka_out/CA140705:CDS	putative protein YccU	NODE_1_length_597876_cov_87.036437:519459-519917	HIOKELPH_00541

DiscRep_SUB:FEATURE_LOCATION_CONFLICT::Coding region xref gene does not exist
prokka_out/CA140705:CDS	L-threonine ammonia-lyase	NODE_1_length_597876_cov_87.036437:519911-521122	HIOKELPH_00542

DiscRep_SUB:FEATURE_LOCATION_CONFLICT::Coding region xref gene does not exist
prokka_out/CA140705:CDS	tRNA pseudouridine synthase A	NODE_1_length_597876_cov_87.036437:c521841-521119	HIOKELPH_00543

DiscRep_SUB:FEATURE_LOCATION_CONFLICT::Coding region xref gene does not exist
prokka_out/CA140705:CDS	hypothetical protein	NODE_1_length_597876_cov_87.036437:c522866-521841	HIOKELPH_00544

DiscRep_SUB:FEATURE_LOCATION_CONFLICT::Coding region xref gene does not exist
prokka_out/CA140705:CDS	hypothetical protein	NODE_1_length_597876_cov_87.036437:c523642-522863	HIOKELPH_00545

DiscRep_SUB:FEATURE_LOCATION_CONFLICT::Coding region xref gene does not exist
prokka_out/CA140705:CDS	Isoprenyl transferase	NODE_1_length_597876_cov_87.036437:c524300-523632	HIOKELPH_00546

DiscRep_SUB:FEATURE_LOCATION_CONFLICT::Coding region xref gene does not exist
prokka_out/CA140705:CDS	hypothetical protein	NODE_1_length_597876_cov_87.036437:c524920-524303	HIOKELPH_00547

DiscRep_SUB:FEATURE_LOCATION_CONFLICT::Coding region xref gene does not exist
prokka_out/CA140705:CDS	Coenzyme A biosynthesis bifunctional protein CoaBC	NODE_1_length_597876_cov_87.036437:c526071-524917	HIOKELPH_00548

DiscRep_SUB:FEATURE_LOCATION_CONFLICT::Coding region xref gene does not exist
prokka_out/CA140705:CDS	Bifunctional protein GlmU	NODE_1_length_597876_cov_87.036437:c527357-526068	HIOKELPH_00549

DiscRep_SUB:FEATURE_LOCATION_CONFLICT::Coding region xref gene does not exist
prokka_out/CA140705:CDS	Flagellar biosynthetic protein FliP	NODE_1_length_597876_cov_87.036437:527498-528241	HIOKELPH_00550

DiscRep_SUB:FEATURE_LOCATION_CONFLICT::Coding region xref gene does not exist
prokka_out/CA140705:CDS	L-cystine-binding protein FliY	NODE_1_length_597876_cov_87.036437:c529579-528809	HIOKELPH_00551

DiscRep_SUB:FEATURE_LOCATION_CONFLICT::Coding region xref gene does not exist
prokka_out/CA140705:CDS	hypothetical protein	NODE_1_length_597876_cov_87.036437:c530969-529674	HIOKELPH_00552

DiscRep_SUB:FEATURE_LOCATION_CONFLICT::Coding region xref gene does not exist
prokka_out/CA140705:CDS	hypothetical protein	NODE_1_length_597876_cov_87.036437:c532364-531045	HIOKELPH_00553

DiscRep_SUB:FEATURE_LOCATION_CONFLICT::Coding region xref gene does not exist
prokka_out/CA140705:CDS	3-deoxy-manno-octulosonate cytidylyltransferase	NODE_1_length_597876_cov_87.036437:c533172-532453	HIOKELPH_00554

DiscRep_SUB:FEATURE_LOCATION_CONFLICT::Coding region xref gene does not exist
prokka_out/CA140705:CDS	Threonine synthase	NODE_1_length_597876_cov_87.036437:c534581-533169	HIOKELPH_00555

DiscRep_SUB:FEATURE_LOCATION_CONFLICT::Coding region xref gene does not exist
prokka_out/CA140705:CDS	Tetraacyldisaccharide 4'-kinase	NODE_1_length_597876_cov_87.036437:c535500-534568	HIOKELPH_00556

DiscRep_SUB:FEATURE_LOCATION_CONFLICT::Coding region xref gene does not exist
prokka_out/CA140705:CDS	NH(3)-dependent NAD(+) synthetase	NODE_1_length_597876_cov_87.036437:c536246-535500	HIOKELPH_00557

DiscRep_SUB:FEATURE_LOCATION_CONFLICT::Coding region xref gene does not exist
prokka_out/CA140705:CDS	hypothetical protein	NODE_1_length_597876_cov_87.036437:536320-536916	HIOKELPH_00558

DiscRep_SUB:FEATURE_LOCATION_CONFLICT::Coding region xref gene does not exist
prokka_out/CA140705:CDS	hypothetical protein	NODE_1_length_597876_cov_87.036437:536928-537233	HIOKELPH_00559

DiscRep_SUB:FEATURE_LOCATION_CONFLICT::Coding region xref gene does not exist
prokka_out/CA140705:CDS	Enoyl-[acyl-carrier-protein] reductase [NADPH] FabL	NODE_1_length_597876_cov_87.036437:c538120-537341	HIOKELPH_00560

DiscRep_SUB:FEATURE_LOCATION_CONFLICT::Coding region xref gene does not exist
prokka_out/CA140705:CDS	4-hydroxy-tetrahydrodipicolinate synthase	NODE_1_length_597876_cov_87.036437:c539016-538120	HIOKELPH_00561

DiscRep_SUB:FEATURE_LOCATION_CONFLICT::Coding region xref gene does not exist
prokka_out/CA140705:CDS	putative zinc protease	NODE_1_length_597876_cov_87.036437:c540260-539019	HIOKELPH_00562

DiscRep_SUB:FEATURE_LOCATION_CONFLICT::Coding region xref gene does not exist
prokka_out/CA140705:CDS	Dihydroorotate dehydrogenase (quinone)	NODE_1_length_597876_cov_87.036437:c541315-540257	HIOKELPH_00563

DiscRep_SUB:FEATURE_LOCATION_CONFLICT::Coding region xref gene does not exist
prokka_out/CA140705:CDS	Lipid A export ATP-binding/permease protein MsbA	NODE_1_length_597876_cov_87.036437:c543094-541361	HIOKELPH_00564

DiscRep_SUB:FEATURE_LOCATION_CONFLICT::Coding region xref gene does not exist
prokka_out/CA140705:CDS	Cysteine--tRNA ligase	NODE_1_length_597876_cov_87.036437:c544477-543095	HIOKELPH_00565

DiscRep_SUB:FEATURE_LOCATION_CONFLICT::Coding region xref gene does not exist
prokka_out/CA140705:CDS	Lipid II flippase MurJ	NODE_1_length_597876_cov_87.036437:c545928-544477	HIOKELPH_00566

DiscRep_SUB:FEATURE_LOCATION_CONFLICT::Coding region xref gene does not exist
prokka_out/CA140705:CDS	hypothetical protein	NODE_1_length_597876_cov_87.036437:546032-547897	HIOKELPH_00567

DiscRep_SUB:FEATURE_LOCATION_CONFLICT::Coding region xref gene does not exist
prokka_out/CA140705:CDS	Holliday junction ATP-dependent DNA helicase RuvA	NODE_1_length_597876_cov_87.036437:547873-548424	HIOKELPH_00568

DiscRep_SUB:FEATURE_LOCATION_CONFLICT::Coding region xref gene does not exist
prokka_out/CA140705:CDS	D-alanine--D-alanine ligase	NODE_1_length_597876_cov_87.036437:548434-549474	HIOKELPH_00569

DiscRep_SUB:FEATURE_LOCATION_CONFLICT::Coding region xref gene does not exist
prokka_out/CA140705:CDS	hypothetical protein	NODE_1_length_597876_cov_87.036437:549534-549749	HIOKELPH_00570

DiscRep_SUB:FEATURE_LOCATION_CONFLICT::Coding region xref gene does not exist
prokka_out/CA140705:CDS	2-succinyl-6-hydroxy-2,4-cyclohexadiene-1-carboxylate synthase	NODE_1_length_597876_cov_87.036437:549751-550482	HIOKELPH_00571

DiscRep_SUB:FEATURE_LOCATION_CONFLICT::Coding region xref gene does not exist
prokka_out/CA140705:CDS	UDP-N-acetylmuramoyl-tripeptide--D-alanyl-D-alanine ligase	NODE_1_length_597876_cov_87.036437:550476-551903	HIOKELPH_00572

DiscRep_SUB:FEATURE_LOCATION_CONFLICT::Coding region xref gene does not exist
prokka_out/CA140705:CDS	Bifunctional protein Aas	NODE_1_length_597876_cov_87.036437:552052-555561	HIOKELPH_00573

DiscRep_SUB:FEATURE_LOCATION_CONFLICT::Coding region xref gene does not exist
prokka_out/CA140705:CDS	hypothetical protein	NODE_1_length_597876_cov_87.036437:c556551-555640	HIOKELPH_00574

DiscRep_SUB:FEATURE_LOCATION_CONFLICT::Coding region xref gene does not exist
prokka_out/CA140705:CDS	Formyltetrahydrofolate deformylase	NODE_1_length_597876_cov_87.036437:c557532-556708	HIOKELPH_00575

DiscRep_SUB:FEATURE_LOCATION_CONFLICT::Coding region xref gene does not exist
prokka_out/CA140705:CDS	CCA-adding enzyme	NODE_1_length_597876_cov_87.036437:c558648-557533	HIOKELPH_00576

DiscRep_SUB:FEATURE_LOCATION_CONFLICT::Coding region xref gene does not exist
prokka_out/CA140705:CDS	hypothetical protein	NODE_1_length_597876_cov_87.036437:c559114-558617	HIOKELPH_00577

DiscRep_SUB:FEATURE_LOCATION_CONFLICT::Coding region xref gene does not exist
prokka_out/CA140705:CDS	hypothetical protein	NODE_1_length_597876_cov_87.036437:c559356-559111	HIOKELPH_00578

DiscRep_SUB:FEATURE_LOCATION_CONFLICT::Coding region xref gene does not exist
prokka_out/CA140705:CDS	hypothetical protein	NODE_1_length_597876_cov_87.036437:c559984-559403	HIOKELPH_00579

DiscRep_SUB:FEATURE_LOCATION_CONFLICT::Coding region xref gene does not exist
prokka_out/CA140705:CDS	hypothetical protein	NODE_1_length_597876_cov_87.036437:c560304-559984	HIOKELPH_00580

DiscRep_SUB:FEATURE_LOCATION_CONFLICT::Coding region xref gene does not exist
prokka_out/CA140705:CDS	hypothetical protein	NODE_1_length_597876_cov_87.036437:c560974-560294	HIOKELPH_00581

DiscRep_SUB:FEATURE_LOCATION_CONFLICT::Coding region xref gene does not exist
prokka_out/CA140705:CDS	hypothetical protein	NODE_1_length_597876_cov_87.036437:c561147-560971	HIOKELPH_00582

DiscRep_SUB:FEATURE_LOCATION_CONFLICT::Coding region xref gene does not exist
prokka_out/CA140705:CDS	Chaperone NapD	NODE_1_length_597876_cov_87.036437:c561496-561161	HIOKELPH_00583

DiscRep_SUB:FEATURE_LOCATION_CONFLICT::Coding region xref gene does not exist
prokka_out/CA140705:CDS	hypothetical protein	NODE_1_length_597876_cov_87.036437:c562403-561483	HIOKELPH_00584

DiscRep_SUB:FEATURE_LOCATION_CONFLICT::Coding region xref gene does not exist
prokka_out/CA140705:CDS	Periplasmic nitrate reductase, electron transfer subunit	NODE_1_length_597876_cov_87.036437:c562929-562408	HIOKELPH_00585

DiscRep_SUB:FEATURE_LOCATION_CONFLICT::Coding region xref gene does not exist
prokka_out/CA140705:CDS	Ferredoxin-type protein NapH	NODE_1_length_597876_cov_87.036437:c563711-562929	HIOKELPH_00586

DiscRep_SUB:FEATURE_LOCATION_CONFLICT::Coding region xref gene does not exist
prokka_out/CA140705:CDS	Ferredoxin-type protein NapG	NODE_1_length_597876_cov_87.036437:c564451-563711	HIOKELPH_00587

DiscRep_SUB:FEATURE_LOCATION_CONFLICT::Coding region xref gene does not exist
prokka_out/CA140705:CDS	Periplasmic nitrate reductase	NODE_1_length_597876_cov_87.036437:c567243-564469	HIOKELPH_00588

DiscRep_SUB:FEATURE_LOCATION_CONFLICT::Coding region xref gene does not exist
prokka_out/CA140705:CDS	Thiol peroxidase	NODE_1_length_597876_cov_87.036437:c568039-567512	HIOKELPH_00589

DiscRep_SUB:FEATURE_LOCATION_CONFLICT::Coding region xref gene does not exist
prokka_out/CA140705:CDS	hypothetical protein	NODE_1_length_597876_cov_87.036437:c568517-568233	HIOKELPH_00590

DiscRep_SUB:FEATURE_LOCATION_CONFLICT::Coding region xref gene does not exist
prokka_out/CA140705:CDS	hypothetical protein	NODE_1_length_597876_cov_87.036437:c568795-568535	HIOKELPH_00591

DiscRep_SUB:FEATURE_LOCATION_CONFLICT::Coding region xref gene does not exist
prokka_out/CA140705:CDS	DNA helicase II	NODE_1_length_597876_cov_87.036437:c570965-568935	HIOKELPH_00592

DiscRep_SUB:FEATURE_LOCATION_CONFLICT::Coding region xref gene does not exist
prokka_out/CA140705:CDS	hypothetical protein	NODE_1_length_597876_cov_87.036437:571087-572016	HIOKELPH_00593

DiscRep_SUB:FEATURE_LOCATION_CONFLICT::Coding region xref gene does not exist
prokka_out/CA140705:CDS	Valine--tRNA ligase	NODE_1_length_597876_cov_87.036437:572041-574653	HIOKELPH_00594

DiscRep_SUB:FEATURE_LOCATION_CONFLICT::Coding region xref gene does not exist
prokka_out/CA140705:CDS	Methionine import ATP-binding protein MetN	NODE_1_length_597876_cov_87.036437:574659-575669	HIOKELPH_00595

DiscRep_SUB:FEATURE_LOCATION_CONFLICT::Coding region xref gene does not exist
prokka_out/CA140705:CDS	hypothetical protein	NODE_1_length_597876_cov_87.036437:575666-576571	HIOKELPH_00596

DiscRep_SUB:FEATURE_LOCATION_CONFLICT::Coding region xref gene does not exist
prokka_out/CA140705:CDS	Membrane lipoprotein TpN32	NODE_1_length_597876_cov_87.036437:576765-577538	HIOKELPH_00597

DiscRep_SUB:FEATURE_LOCATION_CONFLICT::Coding region xref gene does not exist
prokka_out/CA140705:CDS	D-methionine-binding lipoprotein MetQ	NODE_1_length_597876_cov_87.036437:577593-578363	HIOKELPH_00598

DiscRep_SUB:FEATURE_LOCATION_CONFLICT::Coding region xref gene does not exist
prokka_out/CA140705:CDS	Methionine-binding lipoprotein MetQ	NODE_1_length_597876_cov_87.036437:578373-579149	HIOKELPH_00599

DiscRep_SUB:FEATURE_LOCATION_CONFLICT::Coding region xref gene does not exist
prokka_out/CA140705:CDS	hypothetical protein	NODE_1_length_597876_cov_87.036437:579227-579889	HIOKELPH_00600

DiscRep_SUB:FEATURE_LOCATION_CONFLICT::Coding region xref gene does not exist
prokka_out/CA140705:CDS	putative UbiX-like flavin prenyltransferase	NODE_1_length_597876_cov_87.036437:579886-580449	HIOKELPH_00601

DiscRep_SUB:FEATURE_LOCATION_CONFLICT::Coding region xref gene does not exist
prokka_out/CA140705:CDS	Phosphopantetheine adenylyltransferase	NODE_1_length_597876_cov_87.036437:580489-580965	HIOKELPH_00602

DiscRep_SUB:FEATURE_LOCATION_CONFLICT::Coding region xref gene does not exist
prokka_out/CA140705:CDS	Thymidylate kinase	NODE_1_length_597876_cov_87.036437:580956-581534	HIOKELPH_00603

DiscRep_SUB:FEATURE_LOCATION_CONFLICT::Coding region xref gene does not exist
prokka_out/CA140705:CDS	Histidine--tRNA ligase	NODE_1_length_597876_cov_87.036437:581531-582757	HIOKELPH_00604

DiscRep_SUB:FEATURE_LOCATION_CONFLICT::Coding region xref gene does not exist
prokka_out/CA140705:CDS	Biosynthetic arginine decarboxylase	NODE_1_length_597876_cov_87.036437:582754-584589	HIOKELPH_00605

DiscRep_SUB:FEATURE_LOCATION_CONFLICT::Coding region xref gene does not exist
prokka_out/CA140705:CDS	Serine acetyltransferase	NODE_1_length_597876_cov_87.036437:584590-585222	HIOKELPH_00606

DiscRep_SUB:FEATURE_LOCATION_CONFLICT::Coding region xref gene does not exist
prokka_out/CA140705:CDS	Aspartate aminotransferase	NODE_1_length_597876_cov_87.036437:585373-586542	HIOKELPH_00607

DiscRep_SUB:FEATURE_LOCATION_CONFLICT::Coding region xref gene does not exist
prokka_out/CA140705:CDS	hypothetical protein	NODE_1_length_597876_cov_87.036437:c586993-586652	HIOKELPH_00608

DiscRep_SUB:FEATURE_LOCATION_CONFLICT::Coding region xref gene does not exist
prokka_out/CA140705:CDS	hypothetical protein	NODE_1_length_597876_cov_87.036437:c588085-587063	HIOKELPH_00609

DiscRep_SUB:FEATURE_LOCATION_CONFLICT::Coding region xref gene does not exist
prokka_out/CA140705:CDS	hypothetical protein	NODE_1_length_597876_cov_87.036437:588286-588516	HIOKELPH_00610

DiscRep_SUB:FEATURE_LOCATION_CONFLICT::Coding region xref gene does not exist
prokka_out/CA140705:CDS	hypothetical protein	NODE_1_length_597876_cov_87.036437:588464-588751	HIOKELPH_00611

DiscRep_SUB:FEATURE_LOCATION_CONFLICT::Coding region xref gene does not exist
prokka_out/CA140705:CDS	Chaperone protein DnaK	NODE_1_length_597876_cov_87.036437:c590963-589092	HIOKELPH_00612

DiscRep_SUB:FEATURE_LOCATION_CONFLICT::Coding region xref gene does not exist
prokka_out/CA140705:CDS	Protein GrpE	NODE_1_length_597876_cov_87.036437:c591516-590986	HIOKELPH_00613

DiscRep_SUB:FEATURE_LOCATION_CONFLICT::Coding region xref gene does not exist
prokka_out/CA140705:CDS	Heat-inducible transcription repressor HrcA	NODE_1_length_597876_cov_87.036437:c592304-591513	HIOKELPH_00614

DiscRep_SUB:FEATURE_LOCATION_CONFLICT::Coding region xref gene does not exist
prokka_out/CA140705:CDS	Colicin I receptor	NODE_1_length_597876_cov_87.036437:c594697-592607	HIOKELPH_00615

DiscRep_SUB:FEATURE_LOCATION_CONFLICT::Coding region xref gene does not exist
prokka_out/CA140705:CDS	hypothetical protein	NODE_1_length_597876_cov_87.036437:595021-595719	HIOKELPH_00616

DiscRep_SUB:FEATURE_LOCATION_CONFLICT::Coding region xref gene does not exist
prokka_out/CA140705:CDS	IS200/IS605 family transposase ISCco1	NODE_1_length_597876_cov_87.036437:c596626-595811	HIOKELPH_00617

DiscRep_SUB:FEATURE_LOCATION_CONFLICT::Coding region xref gene does not exist
prokka_out/CA140705:CDS	hypothetical protein	NODE_1_length_597876_cov_87.036437:c597545-597261	HIOKELPH_00618

DiscRep_SUB:FEATURE_LOCATION_CONFLICT::RNA feature xref gene does not exist
prokka_out/CA140705:tRNA	Phe	NODE_1_length_597876_cov_87.036437:49068-49143	HIOKELPH_00057

DiscRep_SUB:FEATURE_LOCATION_CONFLICT::RNA feature xref gene does not exist
prokka_out/CA140705:tRNA	Met	NODE_1_length_597876_cov_87.036437:c49435-49360	HIOKELPH_00058

DiscRep_SUB:FEATURE_LOCATION_CONFLICT::RNA feature xref gene does not exist
prokka_out/CA140705:tRNA	Gln	NODE_1_length_597876_cov_87.036437:c49541-49467	HIOKELPH_00059

DiscRep_SUB:FEATURE_LOCATION_CONFLICT::RNA feature xref gene does not exist
prokka_out/CA140705:tRNA	Asn	NODE_1_length_597876_cov_87.036437:110629-110703	HIOKELPH_00125

DiscRep_SUB:FEATURE_LOCATION_CONFLICT::RNA feature xref gene does not exist
prokka_out/CA140705:tRNA	Arg	NODE_1_length_597876_cov_87.036437:c351409-351333	HIOKELPH_00364

DiscRep_SUB:FEATURE_LOCATION_CONFLICT::RNA feature xref gene does not exist
prokka_out/CA140705:tRNA	Leu	NODE_1_length_597876_cov_87.036437:c384431-384346	HIOKELPH_00399

DiscRep_SUB:FEATURE_LOCATION_CONFLICT::RNA feature xref gene does not exist
prokka_out/CA140705:tRNA	Gly	NODE_1_length_597876_cov_87.036437:431488-431562	HIOKELPH_00448

DiscRep_SUB:FEATURE_LOCATION_CONFLICT::RNA feature xref gene does not exist
prokka_out/CA140705:tRNA	Leu	NODE_1_length_597876_cov_87.036437:451299-451385	HIOKELPH_00466

DiscRep_SUB:FEATURE_LOCATION_CONFLICT::RNA feature xref gene does not exist
prokka_out/CA140705:tRNA	Asp	NODE_1_length_597876_cov_87.036437:c456178-456102	HIOKELPH_00471

DiscRep_SUB:FEATURE_LOCATION_CONFLICT::RNA feature xref gene does not exist
prokka_out/CA140705:tRNA	Val	NODE_1_length_597876_cov_87.036437:c456275-456200	HIOKELPH_00472

DiscRep_SUB:FEATURE_LOCATION_CONFLICT::RNA feature xref gene does not exist
prokka_out/CA140705:tRNA	Glu	NODE_1_length_597876_cov_87.036437:c456359-456284	HIOKELPH_00473

DiscRep_SUB:FEATURE_LOCATION_CONFLICT::RNA feature xref gene does not exist
prokka_out/CA140705:tRNA	Lys	NODE_1_length_597876_cov_87.036437:c456448-456373	HIOKELPH_00474

DiscRep_SUB:FEATURE_LOCATION_CONFLICT::RNA feature xref gene does not exist
prokka_out/CA140705:tRNA	Asp	NODE_1_length_597876_cov_87.036437:c456528-456452	HIOKELPH_00475

DiscRep_SUB:FEATURE_LOCATION_CONFLICT::RNA feature xref gene does not exist
prokka_out/CA140705:tRNA	Val	NODE_1_length_597876_cov_87.036437:c456625-456550	HIOKELPH_00476

DiscRep_SUB:FEATURE_LOCATION_CONFLICT::RNA feature xref gene does not exist
prokka_out/CA140705:tRNA	Lys	NODE_1_length_597876_cov_87.036437:c456713-456638	HIOKELPH_00477

DiscRep_SUB:FEATURE_LOCATION_CONFLICT::Coding region xref gene does not exist
prokka_out/CA140705:CDS	putative histidine-binding protein	NODE_2_length_271878_cov_89.820726:237-1007	HIOKELPH_00619

DiscRep_SUB:FEATURE_LOCATION_CONFLICT::Coding region xref gene does not exist
prokka_out/CA140705:CDS	putative phosphatase	NODE_2_length_271878_cov_89.820726:c1669-1031	HIOKELPH_00620

DiscRep_SUB:FEATURE_LOCATION_CONFLICT::Coding region xref gene does not exist
prokka_out/CA140705:CDS	Vitamin B12 import ATP-binding protein BtuD	NODE_2_length_271878_cov_89.820726:c2655-1666	HIOKELPH_00621

DiscRep_SUB:FEATURE_LOCATION_CONFLICT::Coding region xref gene does not exist
prokka_out/CA140705:CDS	hypothetical protein	NODE_2_length_271878_cov_89.820726:c3438-2659	HIOKELPH_00622

DiscRep_SUB:FEATURE_LOCATION_CONFLICT::Coding region xref gene does not exist
prokka_out/CA140705:CDS	hypothetical protein	NODE_2_length_271878_cov_89.820726:c4278-3439	HIOKELPH_00623

DiscRep_SUB:FEATURE_LOCATION_CONFLICT::Coding region xref gene does not exist
prokka_out/CA140705:CDS	hypothetical protein	NODE_2_length_271878_cov_89.820726:c5081-4275	HIOKELPH_00624

DiscRep_SUB:FEATURE_LOCATION_CONFLICT::Coding region xref gene does not exist
prokka_out/CA140705:CDS	hypothetical protein	NODE_2_length_271878_cov_89.820726:c6406-5081	HIOKELPH_00625

DiscRep_SUB:FEATURE_LOCATION_CONFLICT::Coding region xref gene does not exist
prokka_out/CA140705:CDS	hypothetical protein	NODE_2_length_271878_cov_89.820726:c7463-6417	HIOKELPH_00626

DiscRep_SUB:FEATURE_LOCATION_CONFLICT::Coding region xref gene does not exist
prokka_out/CA140705:CDS	Magnesium transport protein CorA	NODE_2_length_271878_cov_89.820726:7580-8563	HIOKELPH_00627

DiscRep_SUB:FEATURE_LOCATION_CONFLICT::Coding region xref gene does not exist
prokka_out/CA140705:CDS	Molybdopterin adenylyltransferase	NODE_2_length_271878_cov_89.820726:8584-9126	HIOKELPH_00628

DiscRep_SUB:FEATURE_LOCATION_CONFLICT::Coding region xref gene does not exist
prokka_out/CA140705:CDS	hypothetical protein	NODE_2_length_271878_cov_89.820726:c9308-9123	HIOKELPH_00629

DiscRep_SUB:FEATURE_LOCATION_CONFLICT::Coding region xref gene does not exist
prokka_out/CA140705:CDS	Protease HtpX	NODE_2_length_271878_cov_89.820726:9437-10624	HIOKELPH_00630

DiscRep_SUB:FEATURE_LOCATION_CONFLICT::Coding region xref gene does not exist
prokka_out/CA140705:CDS	Release factor glutamine methyltransferase	NODE_2_length_271878_cov_89.820726:10621-11421	HIOKELPH_00631

DiscRep_SUB:FEATURE_LOCATION_CONFLICT::Coding region xref gene does not exist
prokka_out/CA140705:CDS	hypothetical protein	NODE_2_length_271878_cov_89.820726:11463-11936	HIOKELPH_00632

DiscRep_SUB:FEATURE_LOCATION_CONFLICT::Coding region xref gene does not exist
prokka_out/CA140705:CDS	Secreted flagellin C	NODE_2_length_271878_cov_89.820726:11970-12719	HIOKELPH_00633

DiscRep_SUB:FEATURE_LOCATION_CONFLICT::Coding region xref gene does not exist
prokka_out/CA140705:CDS	Pyridoxal phosphate homeostasis protein	NODE_2_length_271878_cov_89.820726:12756-13388	HIOKELPH_00634

DiscRep_SUB:FEATURE_LOCATION_CONFLICT::Coding region xref gene does not exist
prokka_out/CA140705:CDS	DNA polymerase III subunit alpha	NODE_2_length_271878_cov_89.820726:c17007-13405	HIOKELPH_00635

DiscRep_SUB:FEATURE_LOCATION_CONFLICT::Coding region xref gene does not exist
prokka_out/CA140705:CDS	hypothetical protein	NODE_2_length_271878_cov_89.820726:c17536-17207	HIOKELPH_00636

DiscRep_SUB:FEATURE_LOCATION_CONFLICT::Coding region xref gene does not exist
prokka_out/CA140705:CDS	Phospho-2-dehydro-3-deoxyheptonate aldolase	NODE_2_length_271878_cov_89.820726:c18876-17533	HIOKELPH_00637

DiscRep_SUB:FEATURE_LOCATION_CONFLICT::Coding region xref gene does not exist
prokka_out/CA140705:CDS	5-hydroxyisourate hydrolase	NODE_2_length_271878_cov_89.820726:c19313-18900	HIOKELPH_00638

DiscRep_SUB:FEATURE_LOCATION_CONFLICT::Coding region xref gene does not exist
prokka_out/CA140705:CDS	50S ribosomal protein L19	NODE_2_length_271878_cov_89.820726:c19821-19465	HIOKELPH_00639

DiscRep_SUB:FEATURE_LOCATION_CONFLICT::Coding region xref gene does not exist
prokka_out/CA140705:CDS	tRNA (guanine-N(1)-)-methyltransferase	NODE_2_length_271878_cov_89.820726:c20536-19832	HIOKELPH_00640

DiscRep_SUB:FEATURE_LOCATION_CONFLICT::Coding region xref gene does not exist
prokka_out/CA140705:CDS	Ribosome maturation factor RimM	NODE_2_length_271878_cov_89.820726:c21072-20533	HIOKELPH_00641

DiscRep_SUB:FEATURE_LOCATION_CONFLICT::Coding region xref gene does not exist
prokka_out/CA140705:CDS	hypothetical protein	NODE_2_length_271878_cov_89.820726:c21307-21065	HIOKELPH_00642

DiscRep_SUB:FEATURE_LOCATION_CONFLICT::Coding region xref gene does not exist
prokka_out/CA140705:CDS	30S ribosomal protein S16	NODE_2_length_271878_cov_89.820726:c21540-21313	HIOKELPH_00643

DiscRep_SUB:FEATURE_LOCATION_CONFLICT::Coding region xref gene does not exist
prokka_out/CA140705:CDS	Signal recognition particle protein	NODE_2_length_271878_cov_89.820726:c22945-21608	HIOKELPH_00644

DiscRep_SUB:FEATURE_LOCATION_CONFLICT::Coding region xref gene does not exist
prokka_out/CA140705:CDS	hypothetical protein	NODE_2_length_271878_cov_89.820726:c23765-23013	HIOKELPH_00645

DiscRep_SUB:FEATURE_LOCATION_CONFLICT::Coding region xref gene does not exist
prokka_out/CA140705:CDS	3-deoxy-D-manno-octulosonic acid transferase	NODE_2_length_271878_cov_89.820726:c24903-23746	HIOKELPH_00646

DiscRep_SUB:FEATURE_LOCATION_CONFLICT::Coding region xref gene does not exist
prokka_out/CA140705:CDS	hypothetical protein	NODE_2_length_271878_cov_89.820726:c25616-24900	HIOKELPH_00647

DiscRep_SUB:FEATURE_LOCATION_CONFLICT::Coding region xref gene does not exist
prokka_out/CA140705:CDS	GTP cyclohydrolase 1 type 2	NODE_2_length_271878_cov_89.820726:c26351-25626	HIOKELPH_00648

DiscRep_SUB:FEATURE_LOCATION_CONFLICT::Coding region xref gene does not exist
prokka_out/CA140705:CDS	Glycine--tRNA ligase alpha subunit	NODE_2_length_271878_cov_89.820726:c27201-26338	HIOKELPH_00649

DiscRep_SUB:FEATURE_LOCATION_CONFLICT::Coding region xref gene does not exist
prokka_out/CA140705:CDS	hypothetical protein	NODE_2_length_271878_cov_89.820726:c27757-27203	HIOKELPH_00650

DiscRep_SUB:FEATURE_LOCATION_CONFLICT::Coding region xref gene does not exist
prokka_out/CA140705:CDS	N5-carboxyaminoimidazole ribonucleotide mutase	NODE_2_length_271878_cov_89.820726:c28264-27770	HIOKELPH_00651

DiscRep_SUB:FEATURE_LOCATION_CONFLICT::Coding region xref gene does not exist
prokka_out/CA140705:CDS	hypothetical protein	NODE_2_length_271878_cov_89.820726:c29517-28261	HIOKELPH_00652

DiscRep_SUB:FEATURE_LOCATION_CONFLICT::Coding region xref gene does not exist
prokka_out/CA140705:CDS	hypothetical protein	NODE_2_length_271878_cov_89.820726:c30218-29514	HIOKELPH_00653

DiscRep_SUB:FEATURE_LOCATION_CONFLICT::Coding region xref gene does not exist
prokka_out/CA140705:CDS	Glutamine synthetase	NODE_2_length_271878_cov_89.820726:30417-31847	HIOKELPH_00654

DiscRep_SUB:FEATURE_LOCATION_CONFLICT::Coding region xref gene does not exist
prokka_out/CA140705:CDS	Flagellar basal-body rod protein FlgG	NODE_2_length_271878_cov_89.820726:c32882-32091	HIOKELPH_00655

DiscRep_SUB:FEATURE_LOCATION_CONFLICT::Coding region xref gene does not exist
prokka_out/CA140705:CDS	Flagellar basal-body rod protein FlgG	NODE_2_length_271878_cov_89.820726:c33725-32913	HIOKELPH_00656

DiscRep_SUB:FEATURE_LOCATION_CONFLICT::Coding region xref gene does not exist
prokka_out/CA140705:CDS	Cell division protein FtsZ	NODE_2_length_271878_cov_89.820726:c35160-34048	HIOKELPH_00657

DiscRep_SUB:FEATURE_LOCATION_CONFLICT::Coding region xref gene does not exist
prokka_out/CA140705:CDS	Cell division protein FtsA	NODE_2_length_271878_cov_89.820726:c36559-35177	HIOKELPH_00658

DiscRep_SUB:FEATURE_LOCATION_CONFLICT::Coding region xref gene does not exist
prokka_out/CA140705:CDS	Peptidyl-prolyl cis-trans isomerase D	NODE_2_length_271878_cov_89.820726:c38049-36562	HIOKELPH_00659

DiscRep_SUB:FEATURE_LOCATION_CONFLICT::Coding region xref gene does not exist
prokka_out/CA140705:CDS	Ribosomal RNA small subunit methyltransferase H	NODE_2_length_271878_cov_89.820726:38202-39137	HIOKELPH_00660

DiscRep_SUB:FEATURE_LOCATION_CONFLICT::Coding region xref gene does not exist
prokka_out/CA140705:CDS	hypothetical protein	NODE_2_length_271878_cov_89.820726:39137-40024	HIOKELPH_00661

DiscRep_SUB:FEATURE_LOCATION_CONFLICT::Coding region xref gene does not exist
prokka_out/CA140705:CDS	hypothetical protein	NODE_2_length_271878_cov_89.820726:c40503-40012	HIOKELPH_00662

DiscRep_SUB:FEATURE_LOCATION_CONFLICT::Coding region xref gene does not exist
prokka_out/CA140705:CDS	Acetate kinase	NODE_2_length_271878_cov_89.820726:c41767-40577	HIOKELPH_00663

DiscRep_SUB:FEATURE_LOCATION_CONFLICT::Coding region xref gene does not exist
prokka_out/CA140705:CDS	hypothetical protein	NODE_2_length_271878_cov_89.820726:c43283-41781	HIOKELPH_00664

DiscRep_SUB:FEATURE_LOCATION_CONFLICT::Coding region xref gene does not exist
prokka_out/CA140705:CDS	Flagellar L-ring protein	NODE_2_length_271878_cov_89.820726:43388-44086	HIOKELPH_00665

DiscRep_SUB:FEATURE_LOCATION_CONFLICT::Coding region xref gene does not exist
prokka_out/CA140705:CDS	4-hydroxy-3-methylbut-2-en-1-yl diphosphate synthase (flavodoxin)	NODE_2_length_271878_cov_89.820726:c45243-44170	HIOKELPH_00666

DiscRep_SUB:FEATURE_LOCATION_CONFLICT::Coding region xref gene does not exist
prokka_out/CA140705:CDS	Cytidine diphosphoramidate kinase	NODE_2_length_271878_cov_89.820726:45370-45888	HIOKELPH_00667

DiscRep_SUB:FEATURE_LOCATION_CONFLICT::Coding region xref gene does not exist
prokka_out/CA140705:CDS	hypothetical protein	NODE_2_length_271878_cov_89.820726:45923-47326	HIOKELPH_00668

DiscRep_SUB:FEATURE_LOCATION_CONFLICT::Coding region xref gene does not exist
prokka_out/CA140705:CDS	putative methyltransferase	NODE_2_length_271878_cov_89.820726:47437-47892	HIOKELPH_00669

DiscRep_SUB:FEATURE_LOCATION_CONFLICT::Coding region xref gene does not exist
prokka_out/CA140705:CDS	hypothetical protein	NODE_2_length_271878_cov_89.820726:48017-48211	HIOKELPH_00670

DiscRep_SUB:FEATURE_LOCATION_CONFLICT::Coding region xref gene does not exist
prokka_out/CA140705:CDS	2-methoxy-6-polyprenyl-1,4-benzoquinol methylase, mitochondrial	NODE_2_length_271878_cov_89.820726:48266-49027	HIOKELPH_00671

DiscRep_SUB:FEATURE_LOCATION_CONFLICT::Coding region xref gene does not exist
prokka_out/CA140705:CDS	L-glutamine kinase	NODE_2_length_271878_cov_89.820726:49039-51378	HIOKELPH_00672

DiscRep_SUB:FEATURE_LOCATION_CONFLICT::Coding region xref gene does not exist
prokka_out/CA140705:CDS	Gamma-glutamyl-CDP-amidate hydrolase	NODE_2_length_271878_cov_89.820726:51369-51977	HIOKELPH_00673

DiscRep_SUB:FEATURE_LOCATION_CONFLICT::Coding region xref gene does not exist
prokka_out/CA140705:CDS	CTP:phosphoglutamine cytidylyltransferase	NODE_2_length_271878_cov_89.820726:51974-52744	HIOKELPH_00674

DiscRep_SUB:FEATURE_LOCATION_CONFLICT::Coding region xref gene does not exist
prokka_out/CA140705:CDS	Primosomal protein N'	NODE_2_length_271878_cov_89.820726:c54566-52728	HIOKELPH_00675

DiscRep_SUB:FEATURE_LOCATION_CONFLICT::Coding region xref gene does not exist
prokka_out/CA140705:CDS	hypothetical protein	NODE_2_length_271878_cov_89.820726:c55009-54563	HIOKELPH_00676

DiscRep_SUB:FEATURE_LOCATION_CONFLICT::Coding region xref gene does not exist
prokka_out/CA140705:CDS	hypothetical protein	NODE_2_length_271878_cov_89.820726:c55251-55006	HIOKELPH_00677

DiscRep_SUB:FEATURE_LOCATION_CONFLICT::Coding region xref gene does not exist
prokka_out/CA140705:CDS	hypothetical protein	NODE_2_length_271878_cov_89.820726:c55471-55241	HIOKELPH_00678

DiscRep_SUB:FEATURE_LOCATION_CONFLICT::Coding region xref gene does not exist
prokka_out/CA140705:CDS	UvrABC system protein B	NODE_2_length_271878_cov_89.820726:55625-57598	HIOKELPH_00679

DiscRep_SUB:FEATURE_LOCATION_CONFLICT::Coding region xref gene does not exist
prokka_out/CA140705:CDS	Anaerobic C4-dicarboxylate transporter DcuB	NODE_2_length_271878_cov_89.820726:c59057-57633	HIOKELPH_00680

DiscRep_SUB:FEATURE_LOCATION_CONFLICT::Coding region xref gene does not exist
prokka_out/CA140705:CDS	RNA polymerase sigma-54 factor	NODE_2_length_271878_cov_89.820726:c60494-59244	HIOKELPH_00681

DiscRep_SUB:FEATURE_LOCATION_CONFLICT::Coding region xref gene does not exist
prokka_out/CA140705:CDS	Lipopolysaccharide export system ATP-binding protein LptB	NODE_2_length_271878_cov_89.820726:c61222-60494	HIOKELPH_00682

DiscRep_SUB:FEATURE_LOCATION_CONFLICT::Coding region xref gene does not exist
prokka_out/CA140705:CDS	tRNA threonylcarbamoyladenosine biosynthesis protein TsaE	NODE_2_length_271878_cov_89.820726:c61622-61215	HIOKELPH_00683

DiscRep_SUB:FEATURE_LOCATION_CONFLICT::Coding region xref gene does not exist
prokka_out/CA140705:CDS	hypothetical protein	NODE_2_length_271878_cov_89.820726:c61864-61619	HIOKELPH_00684

DiscRep_SUB:FEATURE_LOCATION_CONFLICT::Coding region xref gene does not exist
prokka_out/CA140705:CDS	Argininosuccinate synthase	NODE_2_length_271878_cov_89.820726:62004-63224	HIOKELPH_00685

DiscRep_SUB:FEATURE_LOCATION_CONFLICT::Coding region xref gene does not exist
prokka_out/CA140705:CDS	50S ribosomal protein L9	NODE_2_length_271878_cov_89.820726:63240-63683	HIOKELPH_00686

DiscRep_SUB:FEATURE_LOCATION_CONFLICT::Coding region xref gene does not exist
prokka_out/CA140705:CDS	ATP-dependent protease subunit HslV	NODE_2_length_271878_cov_89.820726:63683-64225	HIOKELPH_00687

DiscRep_SUB:FEATURE_LOCATION_CONFLICT::Coding region xref gene does not exist
prokka_out/CA140705:CDS	ATP-dependent protease ATPase subunit ClpY	NODE_2_length_271878_cov_89.820726:64222-65541	HIOKELPH_00688

DiscRep_SUB:FEATURE_LOCATION_CONFLICT::Coding region xref gene does not exist
prokka_out/CA140705:CDS	GTPase Era	NODE_2_length_271878_cov_89.820726:65538-66413	HIOKELPH_00689

DiscRep_SUB:FEATURE_LOCATION_CONFLICT::Coding region xref gene does not exist
prokka_out/CA140705:CDS	hypothetical protein	NODE_2_length_271878_cov_89.820726:66403-67476	HIOKELPH_00690

DiscRep_SUB:FEATURE_LOCATION_CONFLICT::Coding region xref gene does not exist
prokka_out/CA140705:CDS	hypothetical protein	NODE_2_length_271878_cov_89.820726:67476-68033	HIOKELPH_00691

DiscRep_SUB:FEATURE_LOCATION_CONFLICT::Coding region xref gene does not exist
prokka_out/CA140705:CDS	hypothetical protein	NODE_2_length_271878_cov_89.820726:68118-69905	HIOKELPH_00692

DiscRep_SUB:FEATURE_LOCATION_CONFLICT::Coding region xref gene does not exist
prokka_out/CA140705:CDS	Peptidoglycan D,D-transpeptidase MrdA	NODE_2_length_271878_cov_89.820726:c71773-69938	HIOKELPH_00693

DiscRep_SUB:FEATURE_LOCATION_CONFLICT::Coding region xref gene does not exist
prokka_out/CA140705:CDS	hypothetical protein	NODE_2_length_271878_cov_89.820726:c72267-71773	HIOKELPH_00694

DiscRep_SUB:FEATURE_LOCATION_CONFLICT::Coding region xref gene does not exist
prokka_out/CA140705:CDS	putative GTP-binding protein EngB	NODE_2_length_271878_cov_89.820726:c72859-72269	HIOKELPH_00695

DiscRep_SUB:FEATURE_LOCATION_CONFLICT::Coding region xref gene does not exist
prokka_out/CA140705:CDS	Lipopolysaccharide export system protein LptA	NODE_2_length_271878_cov_89.820726:c73314-72856	HIOKELPH_00696

DiscRep_SUB:FEATURE_LOCATION_CONFLICT::Coding region xref gene does not exist
prokka_out/CA140705:CDS	hypothetical protein	NODE_2_length_271878_cov_89.820726:c73811-73299	HIOKELPH_00697

DiscRep_SUB:FEATURE_LOCATION_CONFLICT::Coding region xref gene does not exist
prokka_out/CA140705:CDS	2-keto-3-deoxy-D-glycero-D-galacto-9-phosphonononic acid phosphatase	NODE_2_length_271878_cov_89.820726:c74290-73802	HIOKELPH_00698

DiscRep_SUB:FEATURE_LOCATION_CONFLICT::Coding region xref gene does not exist
prokka_out/CA140705:CDS	Endolytic peptidoglycan transglycosylase RlpA	NODE_2_length_271878_cov_89.820726:c75133-74294	HIOKELPH_00699

DiscRep_SUB:FEATURE_LOCATION_CONFLICT::Coding region xref gene does not exist
prokka_out/CA140705:CDS	hypothetical protein	NODE_2_length_271878_cov_89.820726:c76211-75078	HIOKELPH_00700

DiscRep_SUB:FEATURE_LOCATION_CONFLICT::Coding region xref gene does not exist
prokka_out/CA140705:CDS	putative metal-dependent hydrolase YcfH	NODE_2_length_271878_cov_89.820726:c77026-76214	HIOKELPH_00701

DiscRep_SUB:FEATURE_LOCATION_CONFLICT::Coding region xref gene does not exist
prokka_out/CA140705:CDS	Response regulator PleD	NODE_2_length_271878_cov_89.820726:c78261-77017	HIOKELPH_00702

DiscRep_SUB:FEATURE_LOCATION_CONFLICT::Coding region xref gene does not exist
prokka_out/CA140705:CDS	DNA repair protein RecN	NODE_2_length_271878_cov_89.820726:c79873-78350	HIOKELPH_00703

DiscRep_SUB:FEATURE_LOCATION_CONFLICT::Coding region xref gene does not exist
prokka_out/CA140705:CDS	NAD kinase	NODE_2_length_271878_cov_89.820726:c80733-79873	HIOKELPH_00704

DiscRep_SUB:FEATURE_LOCATION_CONFLICT::Coding region xref gene does not exist
prokka_out/CA140705:CDS	Aspartate--tRNA(Asp/Asn) ligase	NODE_2_length_271878_cov_89.820726:80826-82577	HIOKELPH_00705

DiscRep_SUB:FEATURE_LOCATION_CONFLICT::Coding region xref gene does not exist
prokka_out/CA140705:CDS	Adenylate kinase	NODE_2_length_271878_cov_89.820726:82574-83149	HIOKELPH_00706

DiscRep_SUB:FEATURE_LOCATION_CONFLICT::Coding region xref gene does not exist
prokka_out/CA140705:CDS	Inorganic pyrophosphatase	NODE_2_length_271878_cov_89.820726:83159-83677	HIOKELPH_00707

DiscRep_SUB:FEATURE_LOCATION_CONFLICT::Coding region xref gene does not exist
prokka_out/CA140705:CDS	Peptide methionine sulfoxide reductase MsrA	NODE_2_length_271878_cov_89.820726:83725-84225	HIOKELPH_00708

DiscRep_SUB:FEATURE_LOCATION_CONFLICT::Coding region xref gene does not exist
prokka_out/CA140705:CDS	Ribosomal RNA small subunit methyltransferase F	NODE_2_length_271878_cov_89.820726:c85323-84448	HIOKELPH_00709

DiscRep_SUB:FEATURE_LOCATION_CONFLICT::Coding region xref gene does not exist
prokka_out/CA140705:CDS	Putative pre-16S rRNA nuclease	NODE_2_length_271878_cov_89.820726:c85693-85313	HIOKELPH_00710

DiscRep_SUB:FEATURE_LOCATION_CONFLICT::Coding region xref gene does not exist
prokka_out/CA140705:CDS	hypothetical protein	NODE_2_length_271878_cov_89.820726:c86460-85690	HIOKELPH_00711

DiscRep_SUB:FEATURE_LOCATION_CONFLICT::Coding region xref gene does not exist
prokka_out/CA140705:CDS	hypothetical protein	NODE_2_length_271878_cov_89.820726:c87502-86450	HIOKELPH_00712

DiscRep_SUB:FEATURE_LOCATION_CONFLICT::Coding region xref gene does not exist
prokka_out/CA140705:CDS	Ketol-acid reductoisomerase (NADP(+))	NODE_2_length_271878_cov_89.820726:c88527-87505	HIOKELPH_00713

DiscRep_SUB:FEATURE_LOCATION_CONFLICT::Coding region xref gene does not exist
prokka_out/CA140705:CDS	Ribonuclease R	NODE_2_length_271878_cov_89.820726:88650-90584	HIOKELPH_00714

DiscRep_SUB:FEATURE_LOCATION_CONFLICT::Coding region xref gene does not exist
prokka_out/CA140705:CDS	hypothetical protein	NODE_2_length_271878_cov_89.820726:90577-91542	HIOKELPH_00715

DiscRep_SUB:FEATURE_LOCATION_CONFLICT::Coding region xref gene does not exist
prokka_out/CA140705:CDS	Hydrogenase/urease maturation factor HypA	NODE_2_length_271878_cov_89.820726:c91994-91650	HIOKELPH_00716

DiscRep_SUB:FEATURE_LOCATION_CONFLICT::Coding region xref gene does not exist
prokka_out/CA140705:CDS	Carbamoyl dehydratase HypE	NODE_2_length_271878_cov_89.820726:c92968-91994	HIOKELPH_00717

DiscRep_SUB:FEATURE_LOCATION_CONFLICT::Coding region xref gene does not exist
prokka_out/CA140705:CDS	Hydrogenase maturation factor HypD	NODE_2_length_271878_cov_89.820726:c94056-92965	HIOKELPH_00718

DiscRep_SUB:FEATURE_LOCATION_CONFLICT::Coding region xref gene does not exist
prokka_out/CA140705:CDS	hypothetical protein	NODE_2_length_271878_cov_89.820726:c94321-94040	HIOKELPH_00719

DiscRep_SUB:FEATURE_LOCATION_CONFLICT::Coding region xref gene does not exist
prokka_out/CA140705:CDS	Hydrogenase maturation factor HypB	NODE_2_length_271878_cov_89.820726:c95064-94321	HIOKELPH_00720

DiscRep_SUB:FEATURE_LOCATION_CONFLICT::Coding region xref gene does not exist
prokka_out/CA140705:CDS	Carbamoyltransferase HypF	NODE_2_length_271878_cov_89.820726:c97330-95141	HIOKELPH_00721

DiscRep_SUB:FEATURE_LOCATION_CONFLICT::Coding region xref gene does not exist
prokka_out/CA140705:CDS	hypothetical protein	NODE_2_length_271878_cov_89.820726:c98831-97311	HIOKELPH_00722

DiscRep_SUB:FEATURE_LOCATION_CONFLICT::Coding region xref gene does not exist
prokka_out/CA140705:CDS	hypothetical protein	NODE_2_length_271878_cov_89.820726:c99520-98873	HIOKELPH_00723

DiscRep_SUB:FEATURE_LOCATION_CONFLICT::Coding region xref gene does not exist
prokka_out/CA140705:CDS	putative FMN/FAD exporter YeeO	NODE_2_length_271878_cov_89.820726:c100812-99496	HIOKELPH_00724

DiscRep_SUB:FEATURE_LOCATION_CONFLICT::Coding region xref gene does not exist
prokka_out/CA140705:CDS	hypothetical protein	NODE_2_length_271878_cov_89.820726:c101549-100902	HIOKELPH_00725

DiscRep_SUB:FEATURE_LOCATION_CONFLICT::Coding region xref gene does not exist
prokka_out/CA140705:CDS	hypothetical protein	NODE_2_length_271878_cov_89.820726:c102129-101557	HIOKELPH_00726

DiscRep_SUB:FEATURE_LOCATION_CONFLICT::Coding region xref gene does not exist
prokka_out/CA140705:CDS	Phosphate import ATP-binding protein PstB	NODE_2_length_271878_cov_89.820726:c102932-102192	HIOKELPH_00727

DiscRep_SUB:FEATURE_LOCATION_CONFLICT::Coding region xref gene does not exist
prokka_out/CA140705:CDS	hypothetical protein	NODE_2_length_271878_cov_89.820726:c104017-102929	HIOKELPH_00728

DiscRep_SUB:FEATURE_LOCATION_CONFLICT::Coding region xref gene does not exist
prokka_out/CA140705:CDS	Phosphate transport system permease protein PstC 1	NODE_2_length_271878_cov_89.820726:c104928-104014	HIOKELPH_00729

DiscRep_SUB:FEATURE_LOCATION_CONFLICT::Coding region xref gene does not exist
prokka_out/CA140705:CDS	Protein SphX	NODE_2_length_271878_cov_89.820726:c105933-104938	HIOKELPH_00730

DiscRep_SUB:FEATURE_LOCATION_CONFLICT::Coding region xref gene does not exist
prokka_out/CA140705:CDS	Bacterial non-heme ferritin	NODE_2_length_271878_cov_89.820726:106272-106772	HIOKELPH_00731

DiscRep_SUB:FEATURE_LOCATION_CONFLICT::Coding region xref gene does not exist
prokka_out/CA140705:CDS	hypothetical protein	NODE_2_length_271878_cov_89.820726:106822-108198	HIOKELPH_00732

DiscRep_SUB:FEATURE_LOCATION_CONFLICT::Coding region xref gene does not exist
prokka_out/CA140705:CDS	hypothetical protein	NODE_2_length_271878_cov_89.820726:108199-109179	HIOKELPH_00733

DiscRep_SUB:FEATURE_LOCATION_CONFLICT::Coding region xref gene does not exist
prokka_out/CA140705:CDS	hypothetical protein	NODE_2_length_271878_cov_89.820726:109169-110338	HIOKELPH_00734

DiscRep_SUB:FEATURE_LOCATION_CONFLICT::Coding region xref gene does not exist
prokka_out/CA140705:CDS	Toxin and drug export protein A	NODE_2_length_271878_cov_89.820726:c111773-110409	HIOKELPH_00735

DiscRep_SUB:FEATURE_LOCATION_CONFLICT::Coding region xref gene does not exist
prokka_out/CA140705:CDS	Macrolide export ATP-binding/permease protein MacB	NODE_2_length_271878_cov_89.820726:c113700-111775	HIOKELPH_00736

DiscRep_SUB:FEATURE_LOCATION_CONFLICT::Coding region xref gene does not exist
prokka_out/CA140705:CDS	Macrolide export protein MacA	NODE_2_length_271878_cov_89.820726:c114872-113700	HIOKELPH_00737

DiscRep_SUB:FEATURE_LOCATION_CONFLICT::Coding region xref gene does not exist
prokka_out/CA140705:CDS	Hippurate hydrolase	NODE_2_length_271878_cov_89.820726:c116144-114954	HIOKELPH_00738

DiscRep_SUB:FEATURE_LOCATION_CONFLICT::Coding region xref gene does not exist
prokka_out/CA140705:CDS	hypothetical protein	NODE_2_length_271878_cov_89.820726:c117030-116149	HIOKELPH_00739

DiscRep_SUB:FEATURE_LOCATION_CONFLICT::Coding region xref gene does not exist
prokka_out/CA140705:CDS	Thiol:disulfide interchange protein DsbD	NODE_2_length_271878_cov_89.820726:117125-118825	HIOKELPH_00740

DiscRep_SUB:FEATURE_LOCATION_CONFLICT::Coding region xref gene does not exist
prokka_out/CA140705:CDS	Protein YiiM	NODE_2_length_271878_cov_89.820726:118822-119490	HIOKELPH_00741

DiscRep_SUB:FEATURE_LOCATION_CONFLICT::Coding region xref gene does not exist
prokka_out/CA140705:CDS	hypothetical protein	NODE_2_length_271878_cov_89.820726:119541-120884	HIOKELPH_00742

DiscRep_SUB:FEATURE_LOCATION_CONFLICT::Coding region xref gene does not exist
prokka_out/CA140705:CDS	Major outer membrane protein	NODE_2_length_271878_cov_89.820726:121170-122399	HIOKELPH_00743

DiscRep_SUB:FEATURE_LOCATION_CONFLICT::Coding region xref gene does not exist
prokka_out/CA140705:CDS	Chaperone protein DnaJ	NODE_2_length_271878_cov_89.820726:c123663-122539	HIOKELPH_00744

DiscRep_SUB:FEATURE_LOCATION_CONFLICT::Coding region xref gene does not exist
prokka_out/CA140705:CDS	Sensory transduction protein regX3	NODE_2_length_271878_cov_89.820726:123811-124482	HIOKELPH_00745

DiscRep_SUB:FEATURE_LOCATION_CONFLICT::Coding region xref gene does not exist
prokka_out/CA140705:CDS	Sensor protein CzcS	NODE_2_length_271878_cov_89.820726:124479-125729	HIOKELPH_00746

DiscRep_SUB:FEATURE_LOCATION_CONFLICT::Coding region xref gene does not exist
prokka_out/CA140705:CDS	Recombination protein RecR	NODE_2_length_271878_cov_89.820726:125719-126294	HIOKELPH_00747

DiscRep_SUB:FEATURE_LOCATION_CONFLICT::Coding region xref gene does not exist
prokka_out/CA140705:CDS	hypothetical protein	NODE_2_length_271878_cov_89.820726:c126796-126296	HIOKELPH_00748

DiscRep_SUB:FEATURE_LOCATION_CONFLICT::Coding region xref gene does not exist
prokka_out/CA140705:CDS	Quinone-reactive Ni/Fe-hydrogenase B-type cytochrome subunit	NODE_2_length_271878_cov_89.820726:c127518-126826	HIOKELPH_00749

DiscRep_SUB:FEATURE_LOCATION_CONFLICT::Coding region xref gene does not exist
prokka_out/CA140705:CDS	Quinone-reactive Ni/Fe-hydrogenase large chain	NODE_2_length_271878_cov_89.820726:c129245-127530	HIOKELPH_00750

DiscRep_SUB:FEATURE_LOCATION_CONFLICT::Coding region xref gene does not exist
prokka_out/CA140705:CDS	Quinone-reactive Ni/Fe-hydrogenase small chain	NODE_2_length_271878_cov_89.820726:c130390-129251	HIOKELPH_00751

DiscRep_SUB:FEATURE_LOCATION_CONFLICT::Coding region xref gene does not exist
prokka_out/CA140705:CDS	tRNA 5-methylaminomethyl-2-thiouridine biosynthesis bifunctional protein MnmC	NODE_2_length_271878_cov_89.820726:c132358-130523	HIOKELPH_00752

DiscRep_SUB:FEATURE_LOCATION_CONFLICT::Coding region xref gene does not exist
prokka_out/CA140705:CDS	hypothetical protein	NODE_2_length_271878_cov_89.820726:c134325-132355	HIOKELPH_00753

DiscRep_SUB:FEATURE_LOCATION_CONFLICT::Coding region xref gene does not exist
prokka_out/CA140705:CDS	hypothetical protein	NODE_2_length_271878_cov_89.820726:c135416-134325	HIOKELPH_00754

DiscRep_SUB:FEATURE_LOCATION_CONFLICT::Coding region xref gene does not exist
prokka_out/CA140705:CDS	Tyrosine--tRNA ligase	NODE_2_length_271878_cov_89.820726:c136618-135413	HIOKELPH_00755

DiscRep_SUB:FEATURE_LOCATION_CONFLICT::Coding region xref gene does not exist
prokka_out/CA140705:CDS	GTP pyrophosphokinase	NODE_2_length_271878_cov_89.820726:c138829-136634	HIOKELPH_00756

DiscRep_SUB:FEATURE_LOCATION_CONFLICT::Coding region xref gene does not exist
prokka_out/CA140705:CDS	DNA-directed RNA polymerase subunit omega	NODE_2_length_271878_cov_89.820726:c139037-138813	HIOKELPH_00757

DiscRep_SUB:FEATURE_LOCATION_CONFLICT::Coding region xref gene does not exist
prokka_out/CA140705:CDS	Uridylate kinase	NODE_2_length_271878_cov_89.820726:c139767-139051	HIOKELPH_00758

DiscRep_SUB:FEATURE_LOCATION_CONFLICT::Coding region xref gene does not exist
prokka_out/CA140705:CDS	hypothetical protein	NODE_2_length_271878_cov_89.820726:c141021-139819	HIOKELPH_00759

DiscRep_SUB:FEATURE_LOCATION_CONFLICT::Coding region xref gene does not exist
prokka_out/CA140705:CDS	hypothetical protein	NODE_2_length_271878_cov_89.820726:c141824-141018	HIOKELPH_00760

DiscRep_SUB:FEATURE_LOCATION_CONFLICT::Coding region xref gene does not exist
prokka_out/CA140705:CDS	Cell division ATP-binding protein FtsE	NODE_2_length_271878_cov_89.820726:c142476-141811	HIOKELPH_00761

DiscRep_SUB:FEATURE_LOCATION_CONFLICT::Coding region xref gene does not exist
prokka_out/CA140705:CDS	tRNA (guanine-N(7)-)-methyltransferase	NODE_2_length_271878_cov_89.820726:c143721-142525	HIOKELPH_00762

DiscRep_SUB:FEATURE_LOCATION_CONFLICT::Coding region xref gene does not exist
prokka_out/CA140705:CDS	hypothetical protein	NODE_2_length_271878_cov_89.820726:c144953-143721	HIOKELPH_00763

DiscRep_SUB:FEATURE_LOCATION_CONFLICT::Coding region xref gene does not exist
prokka_out/CA140705:CDS	Ribosomal large subunit pseudouridine synthase D	NODE_2_length_271878_cov_89.820726:c145866-144901	HIOKELPH_00764

DiscRep_SUB:FEATURE_LOCATION_CONFLICT::Coding region xref gene does not exist
prokka_out/CA140705:CDS	Peptidoglycan glycosyltransferase MrdB	NODE_2_length_271878_cov_89.820726:145945-147045	HIOKELPH_00765

DiscRep_SUB:FEATURE_LOCATION_CONFLICT::Coding region xref gene does not exist
prokka_out/CA140705:CDS	hypothetical protein	NODE_2_length_271878_cov_89.820726:147693-147929	HIOKELPH_00767

DiscRep_SUB:FEATURE_LOCATION_CONFLICT::Coding region xref gene does not exist
prokka_out/CA140705:CDS	hypothetical protein	NODE_2_length_271878_cov_89.820726:147892-148032	HIOKELPH_00768

DiscRep_SUB:FEATURE_LOCATION_CONFLICT::Coding region xref gene does not exist
prokka_out/CA140705:CDS	Replicative DNA helicase	NODE_2_length_271878_cov_89.820726:c149539-148166	HIOKELPH_00769

DiscRep_SUB:FEATURE_LOCATION_CONFLICT::Coding region xref gene does not exist
prokka_out/CA140705:CDS	hypothetical protein	NODE_2_length_271878_cov_89.820726:149681-150610	HIOKELPH_00770

DiscRep_SUB:FEATURE_LOCATION_CONFLICT::Coding region xref gene does not exist
prokka_out/CA140705:CDS	Multidrug export protein MepA	NODE_2_length_271878_cov_89.820726:c151964-150633	HIOKELPH_00771

DiscRep_SUB:FEATURE_LOCATION_CONFLICT::Coding region xref gene does not exist
prokka_out/CA140705:CDS	Ferredoxin--NADP reductase	NODE_2_length_271878_cov_89.820726:c153125-152190	HIOKELPH_00772

DiscRep_SUB:FEATURE_LOCATION_CONFLICT::Coding region xref gene does not exist
prokka_out/CA140705:CDS	Gamma-glutamyl phosphate reductase	NODE_2_length_271878_cov_89.820726:153196-154428	HIOKELPH_00773

DiscRep_SUB:FEATURE_LOCATION_CONFLICT::Coding region xref gene does not exist
prokka_out/CA140705:CDS	hypothetical protein	NODE_2_length_271878_cov_89.820726:154425-155510	HIOKELPH_00774

DiscRep_SUB:FEATURE_LOCATION_CONFLICT::Coding region xref gene does not exist
prokka_out/CA140705:CDS	Elongation factor P	NODE_2_length_271878_cov_89.820726:c156241-155672	HIOKELPH_00775

DiscRep_SUB:FEATURE_LOCATION_CONFLICT::Coding region xref gene does not exist
prokka_out/CA140705:CDS	hypothetical protein	NODE_2_length_271878_cov_89.820726:c156945-156670	HIOKELPH_00776

DiscRep_SUB:FEATURE_LOCATION_CONFLICT::Coding region xref gene does not exist
prokka_out/CA140705:CDS	Flagellar secretion chaperone FliS	NODE_2_length_271878_cov_89.820726:c157312-156926	HIOKELPH_00777

DiscRep_SUB:FEATURE_LOCATION_CONFLICT::Coding region xref gene does not exist
prokka_out/CA140705:CDS	hypothetical protein	NODE_2_length_271878_cov_89.820726:c159237-157324	HIOKELPH_00778

DiscRep_SUB:FEATURE_LOCATION_CONFLICT::Coding region xref gene does not exist
prokka_out/CA140705:CDS	hypothetical protein	NODE_2_length_271878_cov_89.820726:c159605-159240	HIOKELPH_00779

DiscRep_SUB:FEATURE_LOCATION_CONFLICT::Coding region xref gene does not exist
prokka_out/CA140705:CDS	3-octaprenyl-4-hydroxybenzoate carboxy-lyase	NODE_2_length_271878_cov_89.820726:c161564-159762	HIOKELPH_00780

DiscRep_SUB:FEATURE_LOCATION_CONFLICT::Coding region xref gene does not exist
prokka_out/CA140705:CDS	Porphobilinogen deaminase	NODE_2_length_271878_cov_89.820726:c162487-161561	HIOKELPH_00781

DiscRep_SUB:FEATURE_LOCATION_CONFLICT::Coding region xref gene does not exist
prokka_out/CA140705:CDS	hypothetical protein	NODE_2_length_271878_cov_89.820726:c162870-162484	HIOKELPH_00782

DiscRep_SUB:FEATURE_LOCATION_CONFLICT::Coding region xref gene does not exist
prokka_out/CA140705:CDS	Proline--tRNA ligase	NODE_2_length_271878_cov_89.820726:c164573-162867	HIOKELPH_00783

DiscRep_SUB:FEATURE_LOCATION_CONFLICT::Coding region xref gene does not exist
prokka_out/CA140705:CDS	Glutamyl-tRNA reductase	NODE_2_length_271878_cov_89.820726:c165858-164563	HIOKELPH_00784

DiscRep_SUB:FEATURE_LOCATION_CONFLICT::Coding region xref gene does not exist
prokka_out/CA140705:CDS	Octaprenyl diphosphate synthase	NODE_2_length_271878_cov_89.820726:c166751-165858	HIOKELPH_00785

DiscRep_SUB:FEATURE_LOCATION_CONFLICT::Coding region xref gene does not exist
prokka_out/CA140705:CDS	hypothetical protein	NODE_2_length_271878_cov_89.820726:c167298-166768	HIOKELPH_00786

DiscRep_SUB:FEATURE_LOCATION_CONFLICT::Coding region xref gene does not exist
prokka_out/CA140705:CDS	hypothetical protein	NODE_2_length_271878_cov_89.820726:c167561-167298	HIOKELPH_00787

DiscRep_SUB:FEATURE_LOCATION_CONFLICT::Coding region xref gene does not exist
prokka_out/CA140705:CDS	hypothetical protein	NODE_2_length_271878_cov_89.820726:c168247-167690	HIOKELPH_00788

DiscRep_SUB:FEATURE_LOCATION_CONFLICT::Coding region xref gene does not exist
prokka_out/CA140705:CDS	hypothetical protein	NODE_2_length_271878_cov_89.820726:c169089-168244	HIOKELPH_00789

DiscRep_SUB:FEATURE_LOCATION_CONFLICT::Coding region xref gene does not exist
prokka_out/CA140705:CDS	2-oxoglutarate oxidoreductase subunit KorA	NODE_2_length_271878_cov_89.820726:c170215-169091	HIOKELPH_00790

DiscRep_SUB:FEATURE_LOCATION_CONFLICT::Coding region xref gene does not exist
prokka_out/CA140705:CDS	Ion-translocating oxidoreductase complex subunit B	NODE_2_length_271878_cov_89.820726:c170535-170224	HIOKELPH_00791

DiscRep_SUB:FEATURE_LOCATION_CONFLICT::Coding region xref gene does not exist
prokka_out/CA140705:CDS	Succinate--CoA ligase [ADP-forming] subunit alpha	NODE_2_length_271878_cov_89.820726:c171419-170550	HIOKELPH_00792

DiscRep_SUB:FEATURE_LOCATION_CONFLICT::Coding region xref gene does not exist
prokka_out/CA140705:CDS	Succinate--CoA ligase [ADP-forming] subunit beta	NODE_2_length_271878_cov_89.820726:c172592-171429	HIOKELPH_00793

DiscRep_SUB:FEATURE_LOCATION_CONFLICT::Coding region xref gene does not exist
prokka_out/CA140705:CDS	Malate dehydrogenase	NODE_2_length_271878_cov_89.820726:c173497-172589	HIOKELPH_00794

DiscRep_SUB:FEATURE_LOCATION_CONFLICT::Coding region xref gene does not exist
prokka_out/CA140705:CDS	Isocitrate dehydrogenase [NADP] 2	NODE_2_length_271878_cov_89.820726:c175698-173494	HIOKELPH_00795

DiscRep_SUB:FEATURE_LOCATION_CONFLICT::Coding region xref gene does not exist
prokka_out/CA140705:CDS	hypothetical protein	NODE_2_length_271878_cov_89.820726:c178385-175815	HIOKELPH_00796

DiscRep_SUB:FEATURE_LOCATION_CONFLICT::Coding region xref gene does not exist
prokka_out/CA140705:CDS	Endolytic murein transglycosylase	NODE_2_length_271878_cov_89.820726:178399-179301	HIOKELPH_00797

DiscRep_SUB:FEATURE_LOCATION_CONFLICT::Coding region xref gene does not exist
prokka_out/CA140705:CDS	hypothetical protein	NODE_2_length_271878_cov_89.820726:179377-179808	HIOKELPH_00798

DiscRep_SUB:FEATURE_LOCATION_CONFLICT::Coding region xref gene does not exist
prokka_out/CA140705:CDS	Flagellar basal-body rod protein FlgC	NODE_2_length_271878_cov_89.820726:179818-180312	HIOKELPH_00799

DiscRep_SUB:FEATURE_LOCATION_CONFLICT::Coding region xref gene does not exist
prokka_out/CA140705:CDS	Flagellar hook-basal body complex protein FliE	NODE_2_length_271878_cov_89.820726:180319-180618	HIOKELPH_00800

DiscRep_SUB:FEATURE_LOCATION_CONFLICT::Coding region xref gene does not exist
prokka_out/CA140705:CDS	Peptidoglycan D,D-transpeptidase FtsI	NODE_2_length_271878_cov_89.820726:180624-182429	HIOKELPH_00801

DiscRep_SUB:FEATURE_LOCATION_CONFLICT::Coding region xref gene does not exist
prokka_out/CA140705:CDS	hypothetical protein	NODE_2_length_271878_cov_89.820726:c184230-182422	HIOKELPH_00802

DiscRep_SUB:FEATURE_LOCATION_CONFLICT::Coding region xref gene does not exist
prokka_out/CA140705:CDS	hypothetical protein	NODE_2_length_271878_cov_89.820726:c184639-184205	HIOKELPH_00803

DiscRep_SUB:FEATURE_LOCATION_CONFLICT::Coding region xref gene does not exist
prokka_out/CA140705:CDS	hypothetical protein	NODE_2_length_271878_cov_89.820726:c184956-184636	HIOKELPH_00804

DiscRep_SUB:FEATURE_LOCATION_CONFLICT::Coding region xref gene does not exist
prokka_out/CA140705:CDS	Chaperone protein HtpG	NODE_2_length_271878_cov_89.820726:c186782-184953	HIOKELPH_00805

DiscRep_SUB:FEATURE_LOCATION_CONFLICT::Coding region xref gene does not exist
prokka_out/CA140705:CDS	Putative fluoride ion transporter CrcB	NODE_2_length_271878_cov_89.820726:c187223-186855	HIOKELPH_00806

DiscRep_SUB:FEATURE_LOCATION_CONFLICT::Coding region xref gene does not exist
prokka_out/CA140705:CDS	hypothetical protein	NODE_2_length_271878_cov_89.820726:c187918-187217	HIOKELPH_00807

DiscRep_SUB:FEATURE_LOCATION_CONFLICT::Coding region xref gene does not exist
prokka_out/CA140705:CDS	hypothetical protein	NODE_2_length_271878_cov_89.820726:c189089-187890	HIOKELPH_00808

DiscRep_SUB:FEATURE_LOCATION_CONFLICT::Coding region xref gene does not exist
prokka_out/CA140705:CDS	Phosphoribosylformylglycinamidine synthase subunit PurQ	NODE_2_length_271878_cov_89.820726:c189730-189086	HIOKELPH_00809

DiscRep_SUB:FEATURE_LOCATION_CONFLICT::Coding region xref gene does not exist
prokka_out/CA140705:CDS	Phosphoribosylformylglycinamidine synthase subunit PurS	NODE_2_length_271878_cov_89.820726:c189975-189730	HIOKELPH_00810

DiscRep_SUB:FEATURE_LOCATION_CONFLICT::Coding region xref gene does not exist
prokka_out/CA140705:CDS	Phosphoribosylaminoimidazole-succinocarboxamide synthase	NODE_2_length_271878_cov_89.820726:c190694-189984	HIOKELPH_00811

DiscRep_SUB:FEATURE_LOCATION_CONFLICT::Coding region xref gene does not exist
prokka_out/CA140705:CDS	Carboxy-terminal processing protease CtpA	NODE_2_length_271878_cov_89.820726:c192019-190697	HIOKELPH_00812

DiscRep_SUB:FEATURE_LOCATION_CONFLICT::Coding region xref gene does not exist
prokka_out/CA140705:CDS	Copper-sensing transcriptional repressor CsoR	NODE_2_length_271878_cov_89.820726:192177-192458	HIOKELPH_00813

DiscRep_SUB:FEATURE_LOCATION_CONFLICT::Coding region xref gene does not exist
prokka_out/CA140705:CDS	Chaperone protein ClpB	NODE_2_length_271878_cov_89.820726:192593-195166	HIOKELPH_00814

DiscRep_SUB:FEATURE_LOCATION_CONFLICT::Coding region xref gene does not exist
prokka_out/CA140705:CDS	Penicillin-binding protein 1F	NODE_2_length_271878_cov_89.820726:c197140-195209	HIOKELPH_00815

DiscRep_SUB:FEATURE_LOCATION_CONFLICT::Coding region xref gene does not exist
prokka_out/CA140705:CDS	dTTP/UTP pyrophosphatase	NODE_2_length_271878_cov_89.820726:c197688-197137	HIOKELPH_00816

DiscRep_SUB:FEATURE_LOCATION_CONFLICT::Coding region xref gene does not exist
prokka_out/CA140705:CDS	Alanine--tRNA ligase	NODE_2_length_271878_cov_89.820726:c200220-197692	HIOKELPH_00817

DiscRep_SUB:FEATURE_LOCATION_CONFLICT::Coding region xref gene does not exist
prokka_out/CA140705:CDS	UDP-2-acetamido-2-deoxy-3-oxo-D-glucuronate aminotransferase	NODE_2_length_271878_cov_89.820726:200337-201416	HIOKELPH_00818

DiscRep_SUB:FEATURE_LOCATION_CONFLICT::Coding region xref gene does not exist
prokka_out/CA140705:CDS	hypothetical protein	NODE_2_length_271878_cov_89.820726:201413-202525	HIOKELPH_00819

DiscRep_SUB:FEATURE_LOCATION_CONFLICT::Coding region xref gene does not exist
prokka_out/CA140705:CDS	Putative 4,5-dihydroxyphthalate dehydrogenase	NODE_2_length_271878_cov_89.820726:202522-203376	HIOKELPH_00820

DiscRep_SUB:FEATURE_LOCATION_CONFLICT::Coding region xref gene does not exist
prokka_out/CA140705:CDS	Ferrochelatase	NODE_2_length_271878_cov_89.820726:203496-204407	HIOKELPH_00821

DiscRep_SUB:FEATURE_LOCATION_CONFLICT::Coding region xref gene does not exist
prokka_out/CA140705:CDS	Ammonium transporter	NODE_2_length_271878_cov_89.820726:c205702-204467	HIOKELPH_00822

DiscRep_SUB:FEATURE_LOCATION_CONFLICT::Coding region xref gene does not exist
prokka_out/CA140705:CDS	tRNA 2-selenouridine synthase	NODE_2_length_271878_cov_89.820726:c207004-206006	HIOKELPH_00823

DiscRep_SUB:FEATURE_LOCATION_CONFLICT::Coding region xref gene does not exist
prokka_out/CA140705:CDS	AP-4-A phosphorylase	NODE_2_length_271878_cov_89.820726:c207479-206994	HIOKELPH_00824

DiscRep_SUB:FEATURE_LOCATION_CONFLICT::Coding region xref gene does not exist
prokka_out/CA140705:CDS	Indole-3-glycerol phosphate synthase	NODE_2_length_271878_cov_89.820726:c208266-207490	HIOKELPH_00825

DiscRep_SUB:FEATURE_LOCATION_CONFLICT::Coding region xref gene does not exist
prokka_out/CA140705:CDS	hypothetical protein	NODE_2_length_271878_cov_89.820726:c209540-208263	HIOKELPH_00826

DiscRep_SUB:FEATURE_LOCATION_CONFLICT::Coding region xref gene does not exist
prokka_out/CA140705:CDS	hypothetical protein	NODE_2_length_271878_cov_89.820726:c209887-209513	HIOKELPH_00827

DiscRep_SUB:FEATURE_LOCATION_CONFLICT::Coding region xref gene does not exist
prokka_out/CA140705:CDS	tRNA1(Val) (adenine(37)-N6)-methyltransferase	NODE_2_length_271878_cov_89.820726:c210578-209877	HIOKELPH_00828

DiscRep_SUB:FEATURE_LOCATION_CONFLICT::Coding region xref gene does not exist
prokka_out/CA140705:CDS	hypothetical protein	NODE_2_length_271878_cov_89.820726:c210733-210581	HIOKELPH_00829

DiscRep_SUB:FEATURE_LOCATION_CONFLICT::Coding region xref gene does not exist
prokka_out/CA140705:CDS	Elongation factor G	NODE_2_length_271878_cov_89.820726:c212964-210889	HIOKELPH_00831

DiscRep_SUB:FEATURE_LOCATION_CONFLICT::Coding region xref gene does not exist
prokka_out/CA140705:CDS	30S ribosomal protein S7	NODE_2_length_271878_cov_89.820726:c213447-212977	HIOKELPH_00832

DiscRep_SUB:FEATURE_LOCATION_CONFLICT::Coding region xref gene does not exist
prokka_out/CA140705:CDS	30S ribosomal protein S12	NODE_2_length_271878_cov_89.820726:c213903-213517	HIOKELPH_00833

DiscRep_SUB:FEATURE_LOCATION_CONFLICT::Coding region xref gene does not exist
prokka_out/CA140705:CDS	Lactaldehyde dehydrogenase	NODE_2_length_271878_cov_89.820726:c215482-214043	HIOKELPH_00834

DiscRep_SUB:FEATURE_LOCATION_CONFLICT::Coding region xref gene does not exist
prokka_out/CA140705:CDS	L-rhamnose mutarotase	NODE_2_length_271878_cov_89.820726:c215813-215496	HIOKELPH_00835

DiscRep_SUB:FEATURE_LOCATION_CONFLICT::Coding region xref gene does not exist
prokka_out/CA140705:CDS	hypothetical protein	NODE_2_length_271878_cov_89.820726:c216584-215814	HIOKELPH_00836

DiscRep_SUB:FEATURE_LOCATION_CONFLICT::Coding region xref gene does not exist
prokka_out/CA140705:CDS	L-fucose-proton symporter	NODE_2_length_271878_cov_89.820726:c217827-216586	HIOKELPH_00837

DiscRep_SUB:FEATURE_LOCATION_CONFLICT::Coding region xref gene does not exist
prokka_out/CA140705:CDS	(S)-1-Phenylethanol dehydrogenase	NODE_2_length_271878_cov_89.820726:c218626-217838	HIOKELPH_00838

DiscRep_SUB:FEATURE_LOCATION_CONFLICT::Coding region xref gene does not exist
prokka_out/CA140705:CDS	Inner membrane transport protein RhmT	NODE_2_length_271878_cov_89.820726:c219912-218641	HIOKELPH_00839

DiscRep_SUB:FEATURE_LOCATION_CONFLICT::Coding region xref gene does not exist
prokka_out/CA140705:CDS	Altronate dehydratase	NODE_2_length_271878_cov_89.820726:c221088-219922	HIOKELPH_00840

DiscRep_SUB:FEATURE_LOCATION_CONFLICT::Coding region xref gene does not exist
prokka_out/CA140705:CDS	Altronate dehydratase	NODE_2_length_271878_cov_89.820726:c221354-221091	HIOKELPH_00841

DiscRep_SUB:FEATURE_LOCATION_CONFLICT::Coding region xref gene does not exist
prokka_out/CA140705:CDS	4-hydroxy-tetrahydrodipicolinate synthase	NODE_2_length_271878_cov_89.820726:c222259-221351	HIOKELPH_00842

DiscRep_SUB:FEATURE_LOCATION_CONFLICT::Coding region xref gene does not exist
prokka_out/CA140705:CDS	Transcriptional regulator KdgR	NODE_2_length_271878_cov_89.820726:222492-223253	HIOKELPH_00843

DiscRep_SUB:FEATURE_LOCATION_CONFLICT::Coding region xref gene does not exist
prokka_out/CA140705:CDS	Bifunctional DNA-directed RNA polymerase subunit beta-beta'	NODE_2_length_271878_cov_89.820726:c227828-223278	HIOKELPH_00844

DiscRep_SUB:FEATURE_LOCATION_CONFLICT::Coding region xref gene does not exist
prokka_out/CA140705:CDS	Bifunctional DNA-directed RNA polymerase subunit beta-beta'	NODE_2_length_271878_cov_89.820726:c231948-227821	HIOKELPH_00845

DiscRep_SUB:FEATURE_LOCATION_CONFLICT::Coding region xref gene does not exist
prokka_out/CA140705:CDS	50S ribosomal protein L7/L12	NODE_2_length_271878_cov_89.820726:c232445-232068	HIOKELPH_00846

DiscRep_SUB:FEATURE_LOCATION_CONFLICT::Coding region xref gene does not exist
prokka_out/CA140705:CDS	50S ribosomal protein L10	NODE_2_length_271878_cov_89.820726:c232942-232463	HIOKELPH_00847

DiscRep_SUB:FEATURE_LOCATION_CONFLICT::Coding region xref gene does not exist
prokka_out/CA140705:CDS	50S ribosomal protein L1	NODE_2_length_271878_cov_89.820726:c233792-233091	HIOKELPH_00848

DiscRep_SUB:FEATURE_LOCATION_CONFLICT::Coding region xref gene does not exist
prokka_out/CA140705:CDS	50S ribosomal protein L11	NODE_2_length_271878_cov_89.820726:c234275-233850	HIOKELPH_00849

DiscRep_SUB:FEATURE_LOCATION_CONFLICT::Coding region xref gene does not exist
prokka_out/CA140705:CDS	Transcription termination/antitermination protein NusG	NODE_2_length_271878_cov_89.820726:c234834-234301	HIOKELPH_00850

DiscRep_SUB:FEATURE_LOCATION_CONFLICT::Coding region xref gene does not exist
prokka_out/CA140705:CDS	hypothetical protein	NODE_2_length_271878_cov_89.820726:c235027-234848	HIOKELPH_00851

DiscRep_SUB:FEATURE_LOCATION_CONFLICT::Coding region xref gene does not exist
prokka_out/CA140705:CDS	50S ribosomal protein L33 2	NODE_2_length_271878_cov_89.820726:c235291-235133	HIOKELPH_00853

DiscRep_SUB:FEATURE_LOCATION_CONFLICT::Coding region xref gene does not exist
prokka_out/CA140705:CDS	Elongation factor Tu	NODE_2_length_271878_cov_89.820726:c236543-235344	HIOKELPH_00854

DiscRep_SUB:FEATURE_LOCATION_CONFLICT::Coding region xref gene does not exist
prokka_out/CA140705:CDS	Glutamine transport ATP-binding protein GlnQ	NODE_2_length_271878_cov_89.820726:c237950-237213	HIOKELPH_00859

DiscRep_SUB:FEATURE_LOCATION_CONFLICT::Coding region xref gene does not exist
prokka_out/CA140705:CDS	putative glutamine ABC transporter permease protein GlnP	NODE_2_length_271878_cov_89.820726:c238608-237952	HIOKELPH_00860

DiscRep_SUB:FEATURE_LOCATION_CONFLICT::Coding region xref gene does not exist
prokka_out/CA140705:CDS	L-cystine transport system permease protein YecS	NODE_2_length_271878_cov_89.820726:c239302-238601	HIOKELPH_00861

DiscRep_SUB:FEATURE_LOCATION_CONFLICT::Coding region xref gene does not exist
prokka_out/CA140705:CDS	cAMP-activated global transcriptional regulator CRP	NODE_2_length_271878_cov_89.820726:c239909-239313	HIOKELPH_00862

DiscRep_SUB:FEATURE_LOCATION_CONFLICT::Coding region xref gene does not exist
prokka_out/CA140705:CDS	Group 3 truncated hemoglobin ctb	NODE_2_length_271878_cov_89.820726:239991-240377	HIOKELPH_00863

DiscRep_SUB:FEATURE_LOCATION_CONFLICT::Coding region xref gene does not exist
prokka_out/CA140705:CDS	ATP-dependent DNA helicase RecG	NODE_2_length_271878_cov_89.820726:c242194-240380	HIOKELPH_00864

DiscRep_SUB:FEATURE_LOCATION_CONFLICT::Coding region xref gene does not exist
prokka_out/CA140705:CDS	hypothetical protein	NODE_2_length_271878_cov_89.820726:c243404-242184	HIOKELPH_00865

DiscRep_SUB:FEATURE_LOCATION_CONFLICT::Coding region xref gene does not exist
prokka_out/CA140705:CDS	Cyclic dehypoxanthine futalosine synthase	NODE_2_length_271878_cov_89.820726:c244450-243404	HIOKELPH_00866

DiscRep_SUB:FEATURE_LOCATION_CONFLICT::Coding region xref gene does not exist
prokka_out/CA140705:CDS	hypothetical protein	NODE_2_length_271878_cov_89.820726:244522-245709	HIOKELPH_00867

DiscRep_SUB:FEATURE_LOCATION_CONFLICT::Coding region xref gene does not exist
prokka_out/CA140705:CDS	Transcription termination/antitermination protein NusA	NODE_2_length_271878_cov_89.820726:c246824-245736	HIOKELPH_00868

DiscRep_SUB:FEATURE_LOCATION_CONFLICT::Coding region xref gene does not exist
prokka_out/CA140705:CDS	hypothetical protein	NODE_2_length_271878_cov_89.820726:246949-247191	HIOKELPH_00869

DiscRep_SUB:FEATURE_LOCATION_CONFLICT::Coding region xref gene does not exist
prokka_out/CA140705:CDS	tRNA-2-methylthio-N(6)-dimethylallyladenosine synthase	NODE_2_length_271878_cov_89.820726:247188-248489	HIOKELPH_00870

DiscRep_SUB:FEATURE_LOCATION_CONFLICT::Coding region xref gene does not exist
prokka_out/CA140705:CDS	hypothetical protein	NODE_2_length_271878_cov_89.820726:248473-249096	HIOKELPH_00871

DiscRep_SUB:FEATURE_LOCATION_CONFLICT::Coding region xref gene does not exist
prokka_out/CA140705:CDS	hypothetical protein	NODE_2_length_271878_cov_89.820726:249105-250091	HIOKELPH_00872

DiscRep_SUB:FEATURE_LOCATION_CONFLICT::Coding region xref gene does not exist
prokka_out/CA140705:CDS	hypothetical protein	NODE_2_length_271878_cov_89.820726:250088-250612	HIOKELPH_00873

DiscRep_SUB:FEATURE_LOCATION_CONFLICT::Coding region xref gene does not exist
prokka_out/CA140705:CDS	hypothetical protein	NODE_2_length_271878_cov_89.820726:250609-251127	HIOKELPH_00874

DiscRep_SUB:FEATURE_LOCATION_CONFLICT::Coding region xref gene does not exist
prokka_out/CA140705:CDS	5-hydroxybenzimidazole synthase	NODE_2_length_271878_cov_89.820726:c252411-251119	HIOKELPH_00875

DiscRep_SUB:FEATURE_LOCATION_CONFLICT::Coding region xref gene does not exist
prokka_out/CA140705:CDS	3'-5' exonuclease DinG	NODE_2_length_271878_cov_89.820726:c253344-252583	HIOKELPH_00876

DiscRep_SUB:FEATURE_LOCATION_CONFLICT::Coding region xref gene does not exist
prokka_out/CA140705:CDS	Ribulose-phosphate 3-epimerase	NODE_2_length_271878_cov_89.820726:c253988-253341	HIOKELPH_00877

DiscRep_SUB:FEATURE_LOCATION_CONFLICT::Coding region xref gene does not exist
prokka_out/CA140705:CDS	50S ribosomal protein L28	NODE_2_length_271878_cov_89.820726:254126-254320	HIOKELPH_00878

DiscRep_SUB:FEATURE_LOCATION_CONFLICT::Coding region xref gene does not exist
prokka_out/CA140705:CDS	hypothetical protein	NODE_2_length_271878_cov_89.820726:254517-254732	HIOKELPH_00879

DiscRep_SUB:FEATURE_LOCATION_CONFLICT::Coding region xref gene does not exist
prokka_out/CA140705:CDS	hypothetical protein	NODE_2_length_271878_cov_89.820726:254744-255838	HIOKELPH_00880

DiscRep_SUB:FEATURE_LOCATION_CONFLICT::Coding region xref gene does not exist
prokka_out/CA140705:CDS	hypothetical protein	NODE_2_length_271878_cov_89.820726:c256452-255859	HIOKELPH_00881

DiscRep_SUB:FEATURE_LOCATION_CONFLICT::Coding region xref gene does not exist
prokka_out/CA140705:CDS	Colicin I receptor	NODE_2_length_271878_cov_89.820726:c258592-256529	HIOKELPH_00882

DiscRep_SUB:FEATURE_LOCATION_CONFLICT::Coding region xref gene does not exist
prokka_out/CA140705:CDS	Citrate lyase subunit beta	NODE_2_length_271878_cov_89.820726:c259674-259003	HIOKELPH_00883

DiscRep_SUB:FEATURE_LOCATION_CONFLICT::Coding region xref gene does not exist
prokka_out/CA140705:CDS	Acetyl-CoA:oxalate CoA-transferase	NODE_2_length_271878_cov_89.820726:c260856-259684	HIOKELPH_00884

DiscRep_SUB:FEATURE_LOCATION_CONFLICT::Coding region xref gene does not exist
prokka_out/CA140705:CDS	hypothetical protein	NODE_2_length_271878_cov_89.820726:c261198-260869	HIOKELPH_00885

DiscRep_SUB:FEATURE_LOCATION_CONFLICT::Coding region xref gene does not exist
prokka_out/CA140705:CDS	hypothetical protein	NODE_2_length_271878_cov_89.820726:c261496-261188	HIOKELPH_00886

DiscRep_SUB:FEATURE_LOCATION_CONFLICT::Coding region xref gene does not exist
prokka_out/CA140705:CDS	hypothetical protein	NODE_2_length_271878_cov_89.820726:c261989-261507	HIOKELPH_00887

DiscRep_SUB:FEATURE_LOCATION_CONFLICT::Coding region xref gene does not exist
prokka_out/CA140705:CDS	hypothetical protein	NODE_2_length_271878_cov_89.820726:c262546-262034	HIOKELPH_00888

DiscRep_SUB:FEATURE_LOCATION_CONFLICT::Coding region xref gene does not exist
prokka_out/CA140705:CDS	hypothetical protein	NODE_2_length_271878_cov_89.820726:c262803-262552	HIOKELPH_00889

DiscRep_SUB:FEATURE_LOCATION_CONFLICT::Coding region xref gene does not exist
prokka_out/CA140705:CDS	Acetyl-coenzyme A carboxylase carboxyl transferase subunit alpha	NODE_2_length_271878_cov_89.820726:c264204-263266	HIOKELPH_00890

DiscRep_SUB:FEATURE_LOCATION_CONFLICT::Coding region xref gene does not exist
prokka_out/CA140705:CDS	3-oxoacyl-[acyl-carrier-protein] synthase 2	NODE_2_length_271878_cov_89.820726:c265420-264206	HIOKELPH_00891

DiscRep_SUB:FEATURE_LOCATION_CONFLICT::Coding region xref gene does not exist
prokka_out/CA140705:CDS	Acyl carrier protein	NODE_2_length_271878_cov_89.820726:c265687-265454	HIOKELPH_00892

DiscRep_SUB:FEATURE_LOCATION_CONFLICT::Coding region xref gene does not exist
prokka_out/CA140705:CDS	Aminopyrimidine aminohydrolase	NODE_2_length_271878_cov_89.820726:265801-266466	HIOKELPH_00893

DiscRep_SUB:FEATURE_LOCATION_CONFLICT::Coding region xref gene does not exist
prokka_out/CA140705:CDS	hypothetical protein	NODE_2_length_271878_cov_89.820726:c266893-266486	HIOKELPH_00894

DiscRep_SUB:FEATURE_LOCATION_CONFLICT::Coding region xref gene does not exist
prokka_out/CA140705:CDS	3-oxoacyl-[acyl-carrier-protein] reductase FabG	NODE_2_length_271878_cov_89.820726:c267646-266903	HIOKELPH_00895

DiscRep_SUB:FEATURE_LOCATION_CONFLICT::Coding region xref gene does not exist
prokka_out/CA140705:CDS	2,3-bisphosphoglycerate-independent phosphoglycerate mutase	NODE_2_length_271878_cov_89.820726:c269189-267711	HIOKELPH_00896

DiscRep_SUB:FEATURE_LOCATION_CONFLICT::Coding region xref gene does not exist
prokka_out/CA140705:CDS	Phospho-N-acetylmuramoyl-pentapeptide-transferase	NODE_2_length_271878_cov_89.820726:269269-270330	HIOKELPH_00897

DiscRep_SUB:FEATURE_LOCATION_CONFLICT::Coding region xref gene does not exist
prokka_out/CA140705:CDS	UDP-N-acetylmuramoylalanine--D-glutamate ligase	NODE_2_length_271878_cov_89.820726:270330-271538	HIOKELPH_00898

DiscRep_SUB:FEATURE_LOCATION_CONFLICT::RNA feature xref gene does not exist
prokka_out/CA140705:tRNA	Met	NODE_2_length_271878_cov_89.820726:147096-147172	HIOKELPH_00766

DiscRep_SUB:FEATURE_LOCATION_CONFLICT::RNA feature xref gene does not exist
prokka_out/CA140705:tRNA	Arg	NODE_2_length_271878_cov_89.820726:c210860-210784	HIOKELPH_00830

DiscRep_SUB:FEATURE_LOCATION_CONFLICT::RNA feature xref gene does not exist
prokka_out/CA140705:tRNA	Trp	NODE_2_length_271878_cov_89.820726:c235121-235046	HIOKELPH_00852

DiscRep_SUB:FEATURE_LOCATION_CONFLICT::RNA feature xref gene does not exist
prokka_out/CA140705:tRNA	Thr	NODE_2_length_271878_cov_89.820726:c236678-236604	HIOKELPH_00855

DiscRep_SUB:FEATURE_LOCATION_CONFLICT::RNA feature xref gene does not exist
prokka_out/CA140705:tRNA	Gly	NODE_2_length_271878_cov_89.820726:c236850-236774	HIOKELPH_00856

DiscRep_SUB:FEATURE_LOCATION_CONFLICT::RNA feature xref gene does not exist
prokka_out/CA140705:tRNA	Tyr	NODE_2_length_271878_cov_89.820726:c236942-236857	HIOKELPH_00857

DiscRep_SUB:FEATURE_LOCATION_CONFLICT::RNA feature xref gene does not exist
prokka_out/CA140705:tRNA	Thr	NODE_2_length_271878_cov_89.820726:c237078-237003	HIOKELPH_00858

DiscRep_SUB:FEATURE_LOCATION_CONFLICT::Coding region xref gene does not exist
prokka_out/CA140705:CDS	hypothetical protein	NODE_3_length_208642_cov_91.661952:1502-1852	HIOKELPH_00899

DiscRep_SUB:FEATURE_LOCATION_CONFLICT::Coding region xref gene does not exist
prokka_out/CA140705:CDS	Arsenical-resistance protein Acr3	NODE_3_length_208642_cov_91.661952:c2619-1861	HIOKELPH_00900

DiscRep_SUB:FEATURE_LOCATION_CONFLICT::Coding region xref gene does not exist
prokka_out/CA140705:CDS	Arsenate reductase	NODE_3_length_208642_cov_91.661952:c3306-2884	HIOKELPH_00901

DiscRep_SUB:FEATURE_LOCATION_CONFLICT::Coding region xref gene does not exist
prokka_out/CA140705:CDS	hypothetical protein	NODE_3_length_208642_cov_91.661952:c3620-3303	HIOKELPH_00902

DiscRep_SUB:FEATURE_LOCATION_CONFLICT::Coding region xref gene does not exist
prokka_out/CA140705:CDS	hypothetical protein	NODE_3_length_208642_cov_91.661952:c4578-3721	HIOKELPH_00903

DiscRep_SUB:FEATURE_LOCATION_CONFLICT::Coding region xref gene does not exist
prokka_out/CA140705:CDS	Catalase-related peroxidase	NODE_3_length_208642_cov_91.661952:4902-5873	HIOKELPH_00904

DiscRep_SUB:FEATURE_LOCATION_CONFLICT::Coding region xref gene does not exist
prokka_out/CA140705:CDS	General stress protein 14	NODE_3_length_208642_cov_91.661952:6139-6648	HIOKELPH_00905

DiscRep_SUB:FEATURE_LOCATION_CONFLICT::Coding region xref gene does not exist
prokka_out/CA140705:CDS	N-methyl-L-tryptophan oxidase	NODE_3_length_208642_cov_91.661952:6887-8002	HIOKELPH_00906

DiscRep_SUB:FEATURE_LOCATION_CONFLICT::Coding region xref gene does not exist
prokka_out/CA140705:CDS	Putative hydrolase YdeN	NODE_3_length_208642_cov_91.661952:c8631-8029	HIOKELPH_00907

DiscRep_SUB:FEATURE_LOCATION_CONFLICT::Coding region xref gene does not exist
prokka_out/CA140705:CDS	hypothetical protein	NODE_3_length_208642_cov_91.661952:c10145-8658	HIOKELPH_00908

DiscRep_SUB:FEATURE_LOCATION_CONFLICT::Coding region xref gene does not exist
prokka_out/CA140705:CDS	hypothetical protein	NODE_3_length_208642_cov_91.661952:c11216-10146	HIOKELPH_00909

DiscRep_SUB:FEATURE_LOCATION_CONFLICT::Coding region xref gene does not exist
prokka_out/CA140705:CDS	Type-1 restriction enzyme EcoKI specificity protein	NODE_3_length_208642_cov_91.661952:c12563-11337	HIOKELPH_00910

DiscRep_SUB:FEATURE_LOCATION_CONFLICT::Coding region xref gene does not exist
prokka_out/CA140705:CDS	hypothetical protein	NODE_3_length_208642_cov_91.661952:c14679-12565	HIOKELPH_00911

DiscRep_SUB:FEATURE_LOCATION_CONFLICT::Coding region xref gene does not exist
prokka_out/CA140705:CDS	hypothetical protein	NODE_3_length_208642_cov_91.661952:c15613-14669	HIOKELPH_00912

DiscRep_SUB:FEATURE_LOCATION_CONFLICT::Coding region xref gene does not exist
prokka_out/CA140705:CDS	hypothetical protein	NODE_3_length_208642_cov_91.661952:c17921-15603	HIOKELPH_00913

DiscRep_SUB:FEATURE_LOCATION_CONFLICT::Coding region xref gene does not exist
prokka_out/CA140705:CDS	putative formaldehyde dehydrogenase AdhA	NODE_3_length_208642_cov_91.661952:18055-19134	HIOKELPH_00914

DiscRep_SUB:FEATURE_LOCATION_CONFLICT::Coding region xref gene does not exist
prokka_out/CA140705:CDS	Outer membrane lipoprotein Blc	NODE_3_length_208642_cov_91.661952:c19587-19135	HIOKELPH_00915

DiscRep_SUB:FEATURE_LOCATION_CONFLICT::Coding region xref gene does not exist
prokka_out/CA140705:CDS	sugar efflux transporter	NODE_3_length_208642_cov_91.661952:19711-20901	HIOKELPH_00916

DiscRep_SUB:FEATURE_LOCATION_CONFLICT::Coding region xref gene does not exist
prokka_out/CA140705:CDS	NADPH:quinone oxidoreductase MdaB	NODE_3_length_208642_cov_91.661952:20918-21499	HIOKELPH_00917

DiscRep_SUB:FEATURE_LOCATION_CONFLICT::Coding region xref gene does not exist
prokka_out/CA140705:CDS	hypothetical protein	NODE_3_length_208642_cov_91.661952:21633-22532	HIOKELPH_00918

DiscRep_SUB:FEATURE_LOCATION_CONFLICT::Coding region xref gene does not exist
prokka_out/CA140705:CDS	Putative hydro-lyase	NODE_3_length_208642_cov_91.661952:c23293-22529	HIOKELPH_00919

DiscRep_SUB:FEATURE_LOCATION_CONFLICT::Coding region xref gene does not exist
prokka_out/CA140705:CDS	5-oxoprolinase subunit C	NODE_3_length_208642_cov_91.661952:c24267-23302	HIOKELPH_00920

DiscRep_SUB:FEATURE_LOCATION_CONFLICT::Coding region xref gene does not exist
prokka_out/CA140705:CDS	5-oxoprolinase subunit B	NODE_3_length_208642_cov_91.661952:c24988-24248	HIOKELPH_00921

DiscRep_SUB:FEATURE_LOCATION_CONFLICT::Coding region xref gene does not exist
prokka_out/CA140705:CDS	hypothetical protein	NODE_3_length_208642_cov_91.661952:c26159-24990	HIOKELPH_00922

DiscRep_SUB:FEATURE_LOCATION_CONFLICT::Coding region xref gene does not exist
prokka_out/CA140705:CDS	5-oxoprolinase subunit A	NODE_3_length_208642_cov_91.661952:c26951-26181	HIOKELPH_00923

DiscRep_SUB:FEATURE_LOCATION_CONFLICT::Coding region xref gene does not exist
prokka_out/CA140705:CDS	Tungstate-binding protein TupA	NODE_3_length_208642_cov_91.661952:c27899-27090	HIOKELPH_00924

DiscRep_SUB:FEATURE_LOCATION_CONFLICT::Coding region xref gene does not exist
prokka_out/CA140705:CDS	Tungstate uptake system permease protein TupB	NODE_3_length_208642_cov_91.661952:27978-28664	HIOKELPH_00925

DiscRep_SUB:FEATURE_LOCATION_CONFLICT::Coding region xref gene does not exist
prokka_out/CA140705:CDS	Tungstate uptake system ATP-binding protein TupC	NODE_3_length_208642_cov_91.661952:28665-29660	HIOKELPH_00926

DiscRep_SUB:FEATURE_LOCATION_CONFLICT::Coding region xref gene does not exist
prokka_out/CA140705:CDS	Acetyl-coenzyme A synthetase	NODE_3_length_208642_cov_91.661952:29801-31771	HIOKELPH_00927

DiscRep_SUB:FEATURE_LOCATION_CONFLICT::Coding region xref gene does not exist
prokka_out/CA140705:CDS	UTP--glucose-1-phosphate uridylyltransferase	NODE_3_length_208642_cov_91.661952:31882-32706	HIOKELPH_00928

DiscRep_SUB:FEATURE_LOCATION_CONFLICT::Coding region xref gene does not exist
prokka_out/CA140705:CDS	Glucose-6-phosphate isomerase	NODE_3_length_208642_cov_91.661952:32700-33920	HIOKELPH_00929

DiscRep_SUB:FEATURE_LOCATION_CONFLICT::Coding region xref gene does not exist
prokka_out/CA140705:CDS	DNA protection during starvation protein	NODE_3_length_208642_cov_91.661952:34045-34494	HIOKELPH_00930

DiscRep_SUB:FEATURE_LOCATION_CONFLICT::Coding region xref gene does not exist
prokka_out/CA140705:CDS	hypothetical protein	NODE_3_length_208642_cov_91.661952:34787-35104	HIOKELPH_00931

DiscRep_SUB:FEATURE_LOCATION_CONFLICT::Coding region xref gene does not exist
prokka_out/CA140705:CDS	hypothetical protein	NODE_3_length_208642_cov_91.661952:35416-36453	HIOKELPH_00932

DiscRep_SUB:FEATURE_LOCATION_CONFLICT::Coding region xref gene does not exist
prokka_out/CA140705:CDS	hypothetical protein	NODE_3_length_208642_cov_91.661952:c37191-36460	HIOKELPH_00933

DiscRep_SUB:FEATURE_LOCATION_CONFLICT::Coding region xref gene does not exist
prokka_out/CA140705:CDS	Diaminopimelate epimerase	NODE_3_length_208642_cov_91.661952:c37915-37166	HIOKELPH_00934

DiscRep_SUB:FEATURE_LOCATION_CONFLICT::Coding region xref gene does not exist
prokka_out/CA140705:CDS	Dephospho-CoA kinase	NODE_3_length_208642_cov_91.661952:c38517-37912	HIOKELPH_00935

DiscRep_SUB:FEATURE_LOCATION_CONFLICT::Coding region xref gene does not exist
prokka_out/CA140705:CDS	Phosphoribosylformylglycinamidine cyclo-ligase	NODE_3_length_208642_cov_91.661952:38578-39567	HIOKELPH_00936

DiscRep_SUB:FEATURE_LOCATION_CONFLICT::Coding region xref gene does not exist
prokka_out/CA140705:CDS	hypothetical protein	NODE_3_length_208642_cov_91.661952:39627-40604	HIOKELPH_00937

DiscRep_SUB:FEATURE_LOCATION_CONFLICT::Coding region xref gene does not exist
prokka_out/CA140705:CDS	Putative cryptic C4-dicarboxylate transporter DcuD	NODE_3_length_208642_cov_91.661952:c41821-40556	HIOKELPH_00938

DiscRep_SUB:FEATURE_LOCATION_CONFLICT::Coding region xref gene does not exist
prokka_out/CA140705:CDS	hypothetical protein	NODE_3_length_208642_cov_91.661952:c42077-41895	HIOKELPH_00939

DiscRep_SUB:FEATURE_LOCATION_CONFLICT::Coding region xref gene does not exist
prokka_out/CA140705:CDS	hypothetical protein	NODE_3_length_208642_cov_91.661952:42745-43182	HIOKELPH_00940

DiscRep_SUB:FEATURE_LOCATION_CONFLICT::Coding region xref gene does not exist
prokka_out/CA140705:CDS	hypothetical protein	NODE_3_length_208642_cov_91.661952:43242-43598	HIOKELPH_00941

DiscRep_SUB:FEATURE_LOCATION_CONFLICT::Coding region xref gene does not exist
prokka_out/CA140705:CDS	Molybdopterin molybdenumtransferase	NODE_3_length_208642_cov_91.661952:c44855-43665	HIOKELPH_00942

DiscRep_SUB:FEATURE_LOCATION_CONFLICT::Coding region xref gene does not exist
prokka_out/CA140705:CDS	Molybdopterin synthase catalytic subunit	NODE_3_length_208642_cov_91.661952:c45346-44900	HIOKELPH_00943

DiscRep_SUB:FEATURE_LOCATION_CONFLICT::Coding region xref gene does not exist
prokka_out/CA140705:CDS	hypothetical protein	NODE_3_length_208642_cov_91.661952:c45568-45347	HIOKELPH_00944

DiscRep_SUB:FEATURE_LOCATION_CONFLICT::Coding region xref gene does not exist
prokka_out/CA140705:CDS	Multicopper oxidase mco	NODE_3_length_208642_cov_91.661952:c47111-45570	HIOKELPH_00945

DiscRep_SUB:FEATURE_LOCATION_CONFLICT::Coding region xref gene does not exist
prokka_out/CA140705:CDS	Carboxynorspermidine/carboxyspermidine decarboxylase	NODE_3_length_208642_cov_91.661952:47235-48383	HIOKELPH_00946

DiscRep_SUB:FEATURE_LOCATION_CONFLICT::Coding region xref gene does not exist
prokka_out/CA140705:CDS	hypothetical protein	NODE_3_length_208642_cov_91.661952:48716-49417	HIOKELPH_00947

DiscRep_SUB:FEATURE_LOCATION_CONFLICT::Coding region xref gene does not exist
prokka_out/CA140705:CDS	hypothetical protein	NODE_3_length_208642_cov_91.661952:49392-49583	HIOKELPH_00948

DiscRep_SUB:FEATURE_LOCATION_CONFLICT::Coding region xref gene does not exist
prokka_out/CA140705:CDS	Formate dehydrogenase 2 subunit alpha (cytochrome c-553)	NODE_3_length_208642_cov_91.661952:49583-50125	HIOKELPH_00949

DiscRep_SUB:FEATURE_LOCATION_CONFLICT::Coding region xref gene does not exist
prokka_out/CA140705:CDS	Periplasmic nitrate reductase	NODE_3_length_208642_cov_91.661952:50147-52387	HIOKELPH_00950

DiscRep_SUB:FEATURE_LOCATION_CONFLICT::Coding region xref gene does not exist
prokka_out/CA140705:CDS	Formate dehydrogenase iron-sulfur subunit	NODE_3_length_208642_cov_91.661952:52391-53032	HIOKELPH_00951

DiscRep_SUB:FEATURE_LOCATION_CONFLICT::Coding region xref gene does not exist
prokka_out/CA140705:CDS	hypothetical protein	NODE_3_length_208642_cov_91.661952:53029-53961	HIOKELPH_00952

DiscRep_SUB:FEATURE_LOCATION_CONFLICT::Coding region xref gene does not exist
prokka_out/CA140705:CDS	Sulfur carrier protein FdhD	NODE_3_length_208642_cov_91.661952:54158-54940	HIOKELPH_00953

DiscRep_SUB:FEATURE_LOCATION_CONFLICT::Coding region xref gene does not exist
prokka_out/CA140705:CDS	hypothetical protein	NODE_3_length_208642_cov_91.661952:54933-55670	HIOKELPH_00954

DiscRep_SUB:FEATURE_LOCATION_CONFLICT::Coding region xref gene does not exist
prokka_out/CA140705:CDS	Methyl-accepting chemotaxis protein PctC	NODE_3_length_208642_cov_91.661952:55786-57888	HIOKELPH_00955

DiscRep_SUB:FEATURE_LOCATION_CONFLICT::Coding region xref gene does not exist
prokka_out/CA140705:CDS	hypothetical protein	NODE_3_length_208642_cov_91.661952:57999-58571	HIOKELPH_00956

DiscRep_SUB:FEATURE_LOCATION_CONFLICT::Coding region xref gene does not exist
prokka_out/CA140705:CDS	Selenide, water dikinase	NODE_3_length_208642_cov_91.661952:58675-59601	HIOKELPH_00957

DiscRep_SUB:FEATURE_LOCATION_CONFLICT::Coding region xref gene does not exist
prokka_out/CA140705:CDS	1-pyrroline-5-carboxylate dehydrogenase	NODE_3_length_208642_cov_91.661952:59739-63242	HIOKELPH_00958

DiscRep_SUB:FEATURE_LOCATION_CONFLICT::Coding region xref gene does not exist
prokka_out/CA140705:CDS	High-affinity proline transporter PutP	NODE_3_length_208642_cov_91.661952:63257-64738	HIOKELPH_00959

DiscRep_SUB:FEATURE_LOCATION_CONFLICT::Coding region xref gene does not exist
prokka_out/CA140705:CDS	Putative sulfur carrier protein YedF	NODE_3_length_208642_cov_91.661952:c65107-64880	HIOKELPH_00960

DiscRep_SUB:FEATURE_LOCATION_CONFLICT::Coding region xref gene does not exist
prokka_out/CA140705:CDS	hypothetical protein	NODE_3_length_208642_cov_91.661952:c66322-65111	HIOKELPH_00961

DiscRep_SUB:FEATURE_LOCATION_CONFLICT::Coding region xref gene does not exist
prokka_out/CA140705:CDS	Adenylosuccinate synthetase	NODE_3_length_208642_cov_91.661952:66596-67846	HIOKELPH_00963

DiscRep_SUB:FEATURE_LOCATION_CONFLICT::Coding region xref gene does not exist
prokka_out/CA140705:CDS	hypothetical protein	NODE_3_length_208642_cov_91.661952:67843-68271	HIOKELPH_00964

DiscRep_SUB:FEATURE_LOCATION_CONFLICT::Coding region xref gene does not exist
prokka_out/CA140705:CDS	hypothetical protein	NODE_3_length_208642_cov_91.661952:68264-68782	HIOKELPH_00965

DiscRep_SUB:FEATURE_LOCATION_CONFLICT::Coding region xref gene does not exist
prokka_out/CA140705:CDS	hypothetical protein	NODE_3_length_208642_cov_91.661952:68856-69407	HIOKELPH_00966

DiscRep_SUB:FEATURE_LOCATION_CONFLICT::Coding region xref gene does not exist
prokka_out/CA140705:CDS	Carbamoyl-phosphate synthase small chain	NODE_3_length_208642_cov_91.661952:69411-70529	HIOKELPH_00967

DiscRep_SUB:FEATURE_LOCATION_CONFLICT::Coding region xref gene does not exist
prokka_out/CA140705:CDS	hypothetical protein	NODE_3_length_208642_cov_91.661952:70526-71197	HIOKELPH_00968

DiscRep_SUB:FEATURE_LOCATION_CONFLICT::Coding region xref gene does not exist
prokka_out/CA140705:CDS	Adaptive-response sensory-kinase SasA	NODE_3_length_208642_cov_91.661952:71198-72412	HIOKELPH_00969

DiscRep_SUB:FEATURE_LOCATION_CONFLICT::Coding region xref gene does not exist
prokka_out/CA140705:CDS	Response regulator MprA	NODE_3_length_208642_cov_91.661952:72416-73084	HIOKELPH_00970

DiscRep_SUB:FEATURE_LOCATION_CONFLICT::Coding region xref gene does not exist
prokka_out/CA140705:CDS	Cbb3-type cytochrome c oxidase subunit CcoN1	NODE_3_length_208642_cov_91.661952:73213-74679	HIOKELPH_00971

DiscRep_SUB:FEATURE_LOCATION_CONFLICT::Coding region xref gene does not exist
prokka_out/CA140705:CDS	hypothetical protein	NODE_3_length_208642_cov_91.661952:74692-75357	HIOKELPH_00972

DiscRep_SUB:FEATURE_LOCATION_CONFLICT::Coding region xref gene does not exist
prokka_out/CA140705:CDS	hypothetical protein	NODE_3_length_208642_cov_91.661952:75374-75625	HIOKELPH_00973

DiscRep_SUB:FEATURE_LOCATION_CONFLICT::Coding region xref gene does not exist
prokka_out/CA140705:CDS	Cbb3-type cytochrome c oxidase subunit CcoP	NODE_3_length_208642_cov_91.661952:75625-76488	HIOKELPH_00974

DiscRep_SUB:FEATURE_LOCATION_CONFLICT::Coding region xref gene does not exist
prokka_out/CA140705:CDS	hypothetical protein	NODE_3_length_208642_cov_91.661952:76488-76709	HIOKELPH_00975

DiscRep_SUB:FEATURE_LOCATION_CONFLICT::Coding region xref gene does not exist
prokka_out/CA140705:CDS	hypothetical protein	NODE_3_length_208642_cov_91.661952:76706-76807	HIOKELPH_00976

DiscRep_SUB:FEATURE_LOCATION_CONFLICT::Coding region xref gene does not exist
prokka_out/CA140705:CDS	hypothetical protein	NODE_3_length_208642_cov_91.661952:76804-77394	HIOKELPH_00977

DiscRep_SUB:FEATURE_LOCATION_CONFLICT::Coding region xref gene does not exist
prokka_out/CA140705:CDS	hypothetical protein	NODE_3_length_208642_cov_91.661952:77387-77911	HIOKELPH_00978

DiscRep_SUB:FEATURE_LOCATION_CONFLICT::Coding region xref gene does not exist
prokka_out/CA140705:CDS	hypothetical protein	NODE_3_length_208642_cov_91.661952:77908-80274	HIOKELPH_00979

DiscRep_SUB:FEATURE_LOCATION_CONFLICT::Coding region xref gene does not exist
prokka_out/CA140705:CDS	ATP-dependent helicase/nuclease subunit A	NODE_3_length_208642_cov_91.661952:80271-83033	HIOKELPH_00980

DiscRep_SUB:FEATURE_LOCATION_CONFLICT::Coding region xref gene does not exist
prokka_out/CA140705:CDS	hypothetical protein	NODE_3_length_208642_cov_91.661952:c84184-83030	HIOKELPH_00981

DiscRep_SUB:FEATURE_LOCATION_CONFLICT::Coding region xref gene does not exist
prokka_out/CA140705:CDS	Co-chaperone protein DjlA	NODE_3_length_208642_cov_91.661952:c84984-84184	HIOKELPH_00982

DiscRep_SUB:FEATURE_LOCATION_CONFLICT::Coding region xref gene does not exist
prokka_out/CA140705:CDS	50S ribosomal protein L13	NODE_3_length_208642_cov_91.661952:85176-85601	HIOKELPH_00983

DiscRep_SUB:FEATURE_LOCATION_CONFLICT::Coding region xref gene does not exist
prokka_out/CA140705:CDS	30S ribosomal protein S9	NODE_3_length_208642_cov_91.661952:85604-85993	HIOKELPH_00984

DiscRep_SUB:FEATURE_LOCATION_CONFLICT::Coding region xref gene does not exist
prokka_out/CA140705:CDS	Outer membrane porin F	NODE_3_length_208642_cov_91.661952:86115-87113	HIOKELPH_00985

DiscRep_SUB:FEATURE_LOCATION_CONFLICT::Coding region xref gene does not exist
prokka_out/CA140705:CDS	Phosphoglycolate phosphatase	NODE_3_length_208642_cov_91.661952:87113-87751	HIOKELPH_00986

DiscRep_SUB:FEATURE_LOCATION_CONFLICT::Coding region xref gene does not exist
prokka_out/CA140705:CDS	Pyruvate:ferredoxin oxidoreductase	NODE_3_length_208642_cov_91.661952:87855-91415	HIOKELPH_00987

DiscRep_SUB:FEATURE_LOCATION_CONFLICT::Coding region xref gene does not exist
prokka_out/CA140705:CDS	hypothetical protein	NODE_3_length_208642_cov_91.661952:91454-91750	HIOKELPH_00988

DiscRep_SUB:FEATURE_LOCATION_CONFLICT::Coding region xref gene does not exist
prokka_out/CA140705:CDS	Type 3 secretion system secretin	NODE_3_length_208642_cov_91.661952:91728-93146	HIOKELPH_00989

DiscRep_SUB:FEATURE_LOCATION_CONFLICT::Coding region xref gene does not exist
prokka_out/CA140705:CDS	hypothetical protein	NODE_3_length_208642_cov_91.661952:93139-93735	HIOKELPH_00990

DiscRep_SUB:FEATURE_LOCATION_CONFLICT::Coding region xref gene does not exist
prokka_out/CA140705:CDS	hypothetical protein	NODE_3_length_208642_cov_91.661952:93732-94328	HIOKELPH_00991

DiscRep_SUB:FEATURE_LOCATION_CONFLICT::Coding region xref gene does not exist
prokka_out/CA140705:CDS	hypothetical protein	NODE_3_length_208642_cov_91.661952:94321-95883	HIOKELPH_00992

DiscRep_SUB:FEATURE_LOCATION_CONFLICT::Coding region xref gene does not exist
prokka_out/CA140705:CDS	Putative type II secretion system protein F	NODE_3_length_208642_cov_91.661952:95870-97045	HIOKELPH_00993

DiscRep_SUB:FEATURE_LOCATION_CONFLICT::Coding region xref gene does not exist
prokka_out/CA140705:CDS	putative membrane transporter protein YfcA	NODE_3_length_208642_cov_91.661952:c97806-97042	HIOKELPH_00994

DiscRep_SUB:FEATURE_LOCATION_CONFLICT::Coding region xref gene does not exist
prokka_out/CA140705:CDS	hypothetical protein	NODE_3_length_208642_cov_91.661952:c98573-97809	HIOKELPH_00995

DiscRep_SUB:FEATURE_LOCATION_CONFLICT::Coding region xref gene does not exist
prokka_out/CA140705:CDS	hypothetical protein	NODE_3_length_208642_cov_91.661952:c100416-98590	HIOKELPH_00996

DiscRep_SUB:FEATURE_LOCATION_CONFLICT::Coding region xref gene does not exist
prokka_out/CA140705:CDS	hypothetical protein	NODE_3_length_208642_cov_91.661952:c100860-100426	HIOKELPH_00997

DiscRep_SUB:FEATURE_LOCATION_CONFLICT::Coding region xref gene does not exist
prokka_out/CA140705:CDS	hypothetical protein	NODE_3_length_208642_cov_91.661952:c101099-100902	HIOKELPH_00998

DiscRep_SUB:FEATURE_LOCATION_CONFLICT::Coding region xref gene does not exist
prokka_out/CA140705:CDS	hypothetical protein	NODE_3_length_208642_cov_91.661952:c101503-101162	HIOKELPH_00999

DiscRep_SUB:FEATURE_LOCATION_CONFLICT::Coding region xref gene does not exist
prokka_out/CA140705:CDS	Flagellar P-ring protein	NODE_3_length_208642_cov_91.661952:c102549-101503	HIOKELPH_01000

DiscRep_SUB:FEATURE_LOCATION_CONFLICT::Coding region xref gene does not exist
prokka_out/CA140705:CDS	hypothetical protein	NODE_3_length_208642_cov_91.661952:c103301-102612	HIOKELPH_01001

DiscRep_SUB:FEATURE_LOCATION_CONFLICT::Coding region xref gene does not exist
prokka_out/CA140705:CDS	hypothetical protein	NODE_3_length_208642_cov_91.661952:c103677-103294	HIOKELPH_01002

DiscRep_SUB:FEATURE_LOCATION_CONFLICT::Coding region xref gene does not exist
prokka_out/CA140705:CDS	hypothetical protein	NODE_3_length_208642_cov_91.661952:c104747-103674	HIOKELPH_01003

DiscRep_SUB:FEATURE_LOCATION_CONFLICT::Coding region xref gene does not exist
prokka_out/CA140705:CDS	Thiamine-monophosphate kinase	NODE_3_length_208642_cov_91.661952:104829-105650	HIOKELPH_01004

DiscRep_SUB:FEATURE_LOCATION_CONFLICT::Coding region xref gene does not exist
prokka_out/CA140705:CDS	tRNA pseudouridine synthase D	NODE_3_length_208642_cov_91.661952:105619-106737	HIOKELPH_01005

DiscRep_SUB:FEATURE_LOCATION_CONFLICT::Coding region xref gene does not exist
prokka_out/CA140705:CDS	hypothetical protein	NODE_3_length_208642_cov_91.661952:106857-106961	HIOKELPH_01006

DiscRep_SUB:FEATURE_LOCATION_CONFLICT::Coding region xref gene does not exist
prokka_out/CA140705:CDS	hypothetical protein	NODE_3_length_208642_cov_91.661952:106970-107242	HIOKELPH_01007

DiscRep_SUB:FEATURE_LOCATION_CONFLICT::Coding region xref gene does not exist
prokka_out/CA140705:CDS	Peptide chain release factor 2	NODE_3_length_208642_cov_91.661952:c108423-107326	HIOKELPH_01008

DiscRep_SUB:FEATURE_LOCATION_CONFLICT::Coding region xref gene does not exist
prokka_out/CA140705:CDS	Ribosomal protein S12 methylthiotransferase RimO	NODE_3_length_208642_cov_91.661952:108497-109816	HIOKELPH_01009

DiscRep_SUB:FEATURE_LOCATION_CONFLICT::Coding region xref gene does not exist
prokka_out/CA140705:CDS	tRNA(Ile)-lysidine synthase	NODE_3_length_208642_cov_91.661952:109806-110771	HIOKELPH_01010

DiscRep_SUB:FEATURE_LOCATION_CONFLICT::Coding region xref gene does not exist
prokka_out/CA140705:CDS	hypothetical protein	NODE_3_length_208642_cov_91.661952:c111464-110754	HIOKELPH_01011

DiscRep_SUB:FEATURE_LOCATION_CONFLICT::Coding region xref gene does not exist
prokka_out/CA140705:CDS	hypothetical protein	NODE_3_length_208642_cov_91.661952:c112155-111466	HIOKELPH_01012

DiscRep_SUB:FEATURE_LOCATION_CONFLICT::Coding region xref gene does not exist
prokka_out/CA140705:CDS	hypothetical protein	NODE_3_length_208642_cov_91.661952:c112758-112195	HIOKELPH_01013

DiscRep_SUB:FEATURE_LOCATION_CONFLICT::Coding region xref gene does not exist
prokka_out/CA140705:CDS	hypothetical protein	NODE_3_length_208642_cov_91.661952:112835-113251	HIOKELPH_01014

DiscRep_SUB:FEATURE_LOCATION_CONFLICT::Coding region xref gene does not exist
prokka_out/CA140705:CDS	Polysialic acid transport protein KpsM	NODE_3_length_208642_cov_91.661952:113310-114092	HIOKELPH_01015

DiscRep_SUB:FEATURE_LOCATION_CONFLICT::Coding region xref gene does not exist
prokka_out/CA140705:CDS	Polysialic acid transport ATP-binding protein KpsT	NODE_3_length_208642_cov_91.661952:114089-114751	HIOKELPH_01016

DiscRep_SUB:FEATURE_LOCATION_CONFLICT::Coding region xref gene does not exist
prokka_out/CA140705:CDS	hypothetical protein	NODE_3_length_208642_cov_91.661952:114751-115866	HIOKELPH_01017

DiscRep_SUB:FEATURE_LOCATION_CONFLICT::Coding region xref gene does not exist
prokka_out/CA140705:CDS	Polysialic acid transport protein KpsD	NODE_3_length_208642_cov_91.661952:115868-117499	HIOKELPH_01018

DiscRep_SUB:FEATURE_LOCATION_CONFLICT::Coding region xref gene does not exist
prokka_out/CA140705:CDS	Arabinose 5-phosphate isomerase KdsD	NODE_3_length_208642_cov_91.661952:117520-118473	HIOKELPH_01019

DiscRep_SUB:FEATURE_LOCATION_CONFLICT::Coding region xref gene does not exist
prokka_out/CA140705:CDS	hypothetical protein	NODE_3_length_208642_cov_91.661952:118474-119451	HIOKELPH_01020

DiscRep_SUB:FEATURE_LOCATION_CONFLICT::Coding region xref gene does not exist
prokka_out/CA140705:CDS	hypothetical protein	NODE_3_length_208642_cov_91.661952:119452-121977	HIOKELPH_01021

DiscRep_SUB:FEATURE_LOCATION_CONFLICT::Coding region xref gene does not exist
prokka_out/CA140705:CDS	hypothetical protein	NODE_3_length_208642_cov_91.661952:121987-124533	HIOKELPH_01022

DiscRep_SUB:FEATURE_LOCATION_CONFLICT::Coding region xref gene does not exist
prokka_out/CA140705:CDS	hypothetical protein	NODE_3_length_208642_cov_91.661952:124530-125897	HIOKELPH_01023

DiscRep_SUB:FEATURE_LOCATION_CONFLICT::Coding region xref gene does not exist
prokka_out/CA140705:CDS	hypothetical protein	NODE_3_length_208642_cov_91.661952:125900-127234	HIOKELPH_01024

DiscRep_SUB:FEATURE_LOCATION_CONFLICT::Coding region xref gene does not exist
prokka_out/CA140705:CDS	hypothetical protein	NODE_3_length_208642_cov_91.661952:127231-127824	HIOKELPH_01025

DiscRep_SUB:FEATURE_LOCATION_CONFLICT::Coding region xref gene does not exist
prokka_out/CA140705:CDS	Uridine kinase	NODE_3_length_208642_cov_91.661952:127817-129112	HIOKELPH_01026

DiscRep_SUB:FEATURE_LOCATION_CONFLICT::Coding region xref gene does not exist
prokka_out/CA140705:CDS	hypothetical protein	NODE_3_length_208642_cov_91.661952:129105-129836	HIOKELPH_01027

DiscRep_SUB:FEATURE_LOCATION_CONFLICT::Coding region xref gene does not exist
prokka_out/CA140705:CDS	Bifunctional protein GlmU	NODE_3_length_208642_cov_91.661952:129833-131329	HIOKELPH_01028

DiscRep_SUB:FEATURE_LOCATION_CONFLICT::Coding region xref gene does not exist
prokka_out/CA140705:CDS	hypothetical protein	NODE_3_length_208642_cov_91.661952:131367-133394	HIOKELPH_01029

DiscRep_SUB:FEATURE_LOCATION_CONFLICT::Coding region xref gene does not exist
prokka_out/CA140705:CDS	hypothetical protein	NODE_3_length_208642_cov_91.661952:133391-134572	HIOKELPH_01030

DiscRep_SUB:FEATURE_LOCATION_CONFLICT::Coding region xref gene does not exist
prokka_out/CA140705:CDS	hypothetical protein	NODE_3_length_208642_cov_91.661952:134641-135762	HIOKELPH_01031

DiscRep_SUB:FEATURE_LOCATION_CONFLICT::Coding region xref gene does not exist
prokka_out/CA140705:CDS	hypothetical protein	NODE_3_length_208642_cov_91.661952:135759-137129	HIOKELPH_01032

DiscRep_SUB:FEATURE_LOCATION_CONFLICT::Coding region xref gene does not exist
prokka_out/CA140705:CDS	hypothetical protein	NODE_3_length_208642_cov_91.661952:137126-137548	HIOKELPH_01033

DiscRep_SUB:FEATURE_LOCATION_CONFLICT::Coding region xref gene does not exist
prokka_out/CA140705:CDS	Holo-[acyl-carrier-protein] synthase	NODE_3_length_208642_cov_91.661952:c137898-137551	HIOKELPH_01034

DiscRep_SUB:FEATURE_LOCATION_CONFLICT::Coding region xref gene does not exist
prokka_out/CA140705:CDS	hypothetical protein	NODE_3_length_208642_cov_91.661952:c138434-137898	HIOKELPH_01035

DiscRep_SUB:FEATURE_LOCATION_CONFLICT::Coding region xref gene does not exist
prokka_out/CA140705:CDS	Phosphomannomutase/phosphoglucomutase	NODE_3_length_208642_cov_91.661952:138546-139910	HIOKELPH_01036

DiscRep_SUB:FEATURE_LOCATION_CONFLICT::Coding region xref gene does not exist
prokka_out/CA140705:CDS	Ribosomal silencing factor RsfS	NODE_3_length_208642_cov_91.661952:c140867-140541	HIOKELPH_01037

DiscRep_SUB:FEATURE_LOCATION_CONFLICT::Coding region xref gene does not exist
prokka_out/CA140705:CDS	putative nicotinate-nucleotide adenylyltransferase	NODE_3_length_208642_cov_91.661952:c141441-140896	HIOKELPH_01038

DiscRep_SUB:FEATURE_LOCATION_CONFLICT::Coding region xref gene does not exist
prokka_out/CA140705:CDS	Glyceraldehyde-3-phosphate dehydrogenase	NODE_3_length_208642_cov_91.661952:141503-142501	HIOKELPH_01039

DiscRep_SUB:FEATURE_LOCATION_CONFLICT::Coding region xref gene does not exist
prokka_out/CA140705:CDS	Phosphoglycerate kinase	NODE_3_length_208642_cov_91.661952:142504-143706	HIOKELPH_01040

DiscRep_SUB:FEATURE_LOCATION_CONFLICT::Coding region xref gene does not exist
prokka_out/CA140705:CDS	Triosephosphate isomerase	NODE_3_length_208642_cov_91.661952:143703-144374	HIOKELPH_01041

DiscRep_SUB:FEATURE_LOCATION_CONFLICT::Coding region xref gene does not exist
prokka_out/CA140705:CDS	Enoyl-[acyl-carrier-protein] reductase [NADH] FabI	NODE_3_length_208642_cov_91.661952:144378-145205	HIOKELPH_01042

DiscRep_SUB:FEATURE_LOCATION_CONFLICT::Coding region xref gene does not exist
prokka_out/CA140705:CDS	hypothetical protein	NODE_3_length_208642_cov_91.661952:145205-146704	HIOKELPH_01043

DiscRep_SUB:FEATURE_LOCATION_CONFLICT::Coding region xref gene does not exist
prokka_out/CA140705:CDS	Fe(2+) transporter FeoB	NODE_3_length_208642_cov_91.661952:c148542-146701	HIOKELPH_01044

DiscRep_SUB:FEATURE_LOCATION_CONFLICT::Coding region xref gene does not exist
prokka_out/CA140705:CDS	Putative Fe(2+) transport protein A	NODE_3_length_208642_cov_91.661952:c148763-148539	HIOKELPH_01045

DiscRep_SUB:FEATURE_LOCATION_CONFLICT::Coding region xref gene does not exist
prokka_out/CA140705:CDS	hypothetical protein	NODE_3_length_208642_cov_91.661952:c150185-148845	HIOKELPH_01046

DiscRep_SUB:FEATURE_LOCATION_CONFLICT::Coding region xref gene does not exist
prokka_out/CA140705:CDS	3-carboxy-cis,cis-muconate cycloisomerase	NODE_3_length_208642_cov_91.661952:c151561-150194	HIOKELPH_01047

DiscRep_SUB:FEATURE_LOCATION_CONFLICT::Coding region xref gene does not exist
prokka_out/CA140705:CDS	Cystathionine beta-lyase	NODE_3_length_208642_cov_91.661952:c152734-151571	HIOKELPH_01048

DiscRep_SUB:FEATURE_LOCATION_CONFLICT::Coding region xref gene does not exist
prokka_out/CA140705:CDS	Putative cryptic C4-dicarboxylate transporter DcuD	NODE_3_length_208642_cov_91.661952:c154186-152747	HIOKELPH_01049

DiscRep_SUB:FEATURE_LOCATION_CONFLICT::Coding region xref gene does not exist
prokka_out/CA140705:CDS	2-iminobutanoate/2-iminopropanoate deaminase	NODE_3_length_208642_cov_91.661952:c154552-154190	HIOKELPH_01050

DiscRep_SUB:FEATURE_LOCATION_CONFLICT::Coding region xref gene does not exist
prokka_out/CA140705:CDS	hypothetical protein	NODE_3_length_208642_cov_91.661952:154728-155396	HIOKELPH_01051

DiscRep_SUB:FEATURE_LOCATION_CONFLICT::Coding region xref gene does not exist
prokka_out/CA140705:CDS	hypothetical protein	NODE_3_length_208642_cov_91.661952:c155864-155400	HIOKELPH_01052

DiscRep_SUB:FEATURE_LOCATION_CONFLICT::Coding region xref gene does not exist
prokka_out/CA140705:CDS	Catalase	NODE_3_length_208642_cov_91.661952:c157348-155924	HIOKELPH_01053

DiscRep_SUB:FEATURE_LOCATION_CONFLICT::Coding region xref gene does not exist
prokka_out/CA140705:CDS	hypothetical protein	NODE_3_length_208642_cov_91.661952:157535-157852	HIOKELPH_01054

DiscRep_SUB:FEATURE_LOCATION_CONFLICT::Coding region xref gene does not exist
prokka_out/CA140705:CDS	hypothetical protein	NODE_3_length_208642_cov_91.661952:157852-158547	HIOKELPH_01055

DiscRep_SUB:FEATURE_LOCATION_CONFLICT::Coding region xref gene does not exist
prokka_out/CA140705:CDS	Flavodoxin	NODE_3_length_208642_cov_91.661952:158547-159038	HIOKELPH_01056

DiscRep_SUB:FEATURE_LOCATION_CONFLICT::Coding region xref gene does not exist
prokka_out/CA140705:CDS	Ferri-bacillibactin esterase BesA	NODE_3_length_208642_cov_91.661952:159137-159883	HIOKELPH_01057

DiscRep_SUB:FEATURE_LOCATION_CONFLICT::Coding region xref gene does not exist
prokka_out/CA140705:CDS	Ion-translocating oxidoreductase complex subunit B	NODE_3_length_208642_cov_91.661952:c161549-159888	HIOKELPH_01058

DiscRep_SUB:FEATURE_LOCATION_CONFLICT::Coding region xref gene does not exist
prokka_out/CA140705:CDS	L-seryl-tRNA(Sec) selenium transferase	NODE_3_length_208642_cov_91.661952:161619-162941	HIOKELPH_01059

DiscRep_SUB:FEATURE_LOCATION_CONFLICT::Coding region xref gene does not exist
prokka_out/CA140705:CDS	Elongation factor Tu	NODE_3_length_208642_cov_91.661952:162938-164737	HIOKELPH_01060

DiscRep_SUB:FEATURE_LOCATION_CONFLICT::Coding region xref gene does not exist
prokka_out/CA140705:CDS	hypothetical protein	NODE_3_length_208642_cov_91.661952:164786-165496	HIOKELPH_01061

DiscRep_SUB:FEATURE_LOCATION_CONFLICT::Coding region xref gene does not exist
prokka_out/CA140705:CDS	hypothetical protein	NODE_3_length_208642_cov_91.661952:165496-166023	HIOKELPH_01062

DiscRep_SUB:FEATURE_LOCATION_CONFLICT::Coding region xref gene does not exist
prokka_out/CA140705:CDS	Inner membrane transport protein YajR	NODE_3_length_208642_cov_91.661952:c167320-166025	HIOKELPH_01063

DiscRep_SUB:FEATURE_LOCATION_CONFLICT::Coding region xref gene does not exist
prokka_out/CA140705:CDS	hypothetical protein	NODE_3_length_208642_cov_91.661952:167462-167917	HIOKELPH_01064

DiscRep_SUB:FEATURE_LOCATION_CONFLICT::Coding region xref gene does not exist
prokka_out/CA140705:CDS	dITP/XTP pyrophosphatase	NODE_3_length_208642_cov_91.661952:167889-168497	HIOKELPH_01065

DiscRep_SUB:FEATURE_LOCATION_CONFLICT::Coding region xref gene does not exist
prokka_out/CA140705:CDS	hypothetical protein	NODE_3_length_208642_cov_91.661952:c170993-168531	HIOKELPH_01066

DiscRep_SUB:FEATURE_LOCATION_CONFLICT::Coding region xref gene does not exist
prokka_out/CA140705:CDS	hypothetical protein	NODE_3_length_208642_cov_91.661952:c171562-170993	HIOKELPH_01067

DiscRep_SUB:FEATURE_LOCATION_CONFLICT::Coding region xref gene does not exist
prokka_out/CA140705:CDS	Intermembrane phospholipid transport system lipoprotein MlaA	NODE_3_length_208642_cov_91.661952:c172270-171572	HIOKELPH_01068

DiscRep_SUB:FEATURE_LOCATION_CONFLICT::Coding region xref gene does not exist
prokka_out/CA140705:CDS	Xanthine phosphoribosyltransferase	NODE_3_length_208642_cov_91.661952:c172754-172311	HIOKELPH_01069

DiscRep_SUB:FEATURE_LOCATION_CONFLICT::Coding region xref gene does not exist
prokka_out/CA140705:CDS	Nucleobase transporter PlAzg1	NODE_3_length_208642_cov_91.661952:c174090-172771	HIOKELPH_01070

DiscRep_SUB:FEATURE_LOCATION_CONFLICT::Coding region xref gene does not exist
prokka_out/CA140705:CDS	Aminodeoxyfutalosine synthase	NODE_3_length_208642_cov_91.661952:c175165-174101	HIOKELPH_01071

DiscRep_SUB:FEATURE_LOCATION_CONFLICT::Coding region xref gene does not exist
prokka_out/CA140705:CDS	Bifunctional uridylyltransferase/uridylyl-removing enzyme	NODE_3_length_208642_cov_91.661952:175308-177656	HIOKELPH_01072

DiscRep_SUB:FEATURE_LOCATION_CONFLICT::Coding region xref gene does not exist
prokka_out/CA140705:CDS	Glutamine--fructose-6-phosphate aminotransferase [isomerizing]	NODE_3_length_208642_cov_91.661952:177660-179456	HIOKELPH_01073

DiscRep_SUB:FEATURE_LOCATION_CONFLICT::Coding region xref gene does not exist
prokka_out/CA140705:CDS	Fumarate hydratase class II	NODE_3_length_208642_cov_91.661952:179591-180982	HIOKELPH_01074

DiscRep_SUB:FEATURE_LOCATION_CONFLICT::Coding region xref gene does not exist
prokka_out/CA140705:CDS	hypothetical protein	NODE_3_length_208642_cov_91.661952:c182072-181029	HIOKELPH_01075

DiscRep_SUB:FEATURE_LOCATION_CONFLICT::Coding region xref gene does not exist
prokka_out/CA140705:CDS	Holliday junction ATP-dependent DNA helicase RuvB	NODE_3_length_208642_cov_91.661952:c183092-182082	HIOKELPH_01076

DiscRep_SUB:FEATURE_LOCATION_CONFLICT::Coding region xref gene does not exist
prokka_out/CA140705:CDS	hypothetical protein	NODE_3_length_208642_cov_91.661952:183183-183593	HIOKELPH_01077

DiscRep_SUB:FEATURE_LOCATION_CONFLICT::Coding region xref gene does not exist
prokka_out/CA140705:CDS	hypothetical protein	NODE_3_length_208642_cov_91.661952:184159-186411	HIOKELPH_01079

DiscRep_SUB:FEATURE_LOCATION_CONFLICT::Coding region xref gene does not exist
prokka_out/CA140705:CDS	Polyphosphate kinase	NODE_3_length_208642_cov_91.661952:c188637-186553	HIOKELPH_01080

DiscRep_SUB:FEATURE_LOCATION_CONFLICT::Coding region xref gene does not exist
prokka_out/CA140705:CDS	Cytochrome c-type protein NrfH	NODE_3_length_208642_cov_91.661952:188819-189310	HIOKELPH_01081

DiscRep_SUB:FEATURE_LOCATION_CONFLICT::Coding region xref gene does not exist
prokka_out/CA140705:CDS	Cytochrome c-552	NODE_3_length_208642_cov_91.661952:189326-191158	HIOKELPH_01082

DiscRep_SUB:FEATURE_LOCATION_CONFLICT::Coding region xref gene does not exist
prokka_out/CA140705:CDS	hypothetical protein	NODE_3_length_208642_cov_91.661952:c192462-191830	HIOKELPH_01084

DiscRep_SUB:FEATURE_LOCATION_CONFLICT::Coding region xref gene does not exist
prokka_out/CA140705:CDS	Petrobactin-binding protein YclQ	NODE_3_length_208642_cov_91.661952:c193617-192628	HIOKELPH_01085

DiscRep_SUB:FEATURE_LOCATION_CONFLICT::Coding region xref gene does not exist
prokka_out/CA140705:CDS	Petrobactin import ATP-binding protein YclP	NODE_3_length_208642_cov_91.661952:c194387-193632	HIOKELPH_01086

DiscRep_SUB:FEATURE_LOCATION_CONFLICT::Coding region xref gene does not exist
prokka_out/CA140705:CDS	Petrobactin import system permease protein YclO	NODE_3_length_208642_cov_91.661952:c195322-194384	HIOKELPH_01087

DiscRep_SUB:FEATURE_LOCATION_CONFLICT::Coding region xref gene does not exist
prokka_out/CA140705:CDS	Petrobactin import system permease protein YclN	NODE_3_length_208642_cov_91.661952:c196283-195315	HIOKELPH_01088

DiscRep_SUB:FEATURE_LOCATION_CONFLICT::Coding region xref gene does not exist
prokka_out/CA140705:CDS	hypothetical protein	NODE_3_length_208642_cov_91.661952:c197411-196416	HIOKELPH_01089

DiscRep_SUB:FEATURE_LOCATION_CONFLICT::Coding region xref gene does not exist
prokka_out/CA140705:CDS	putative molybdenum cofactor guanylyltransferase	NODE_3_length_208642_cov_91.661952:c197983-197408	HIOKELPH_01090

DiscRep_SUB:FEATURE_LOCATION_CONFLICT::Coding region xref gene does not exist
prokka_out/CA140705:CDS	hypothetical protein	NODE_3_length_208642_cov_91.661952:198046-199353	HIOKELPH_01091

DiscRep_SUB:FEATURE_LOCATION_CONFLICT::Coding region xref gene does not exist
prokka_out/CA140705:CDS	hypothetical protein	NODE_3_length_208642_cov_91.661952:199356-199694	HIOKELPH_01092

DiscRep_SUB:FEATURE_LOCATION_CONFLICT::Coding region xref gene does not exist
prokka_out/CA140705:CDS	hypothetical protein	NODE_3_length_208642_cov_91.661952:199703-200428	HIOKELPH_01093

DiscRep_SUB:FEATURE_LOCATION_CONFLICT::Coding region xref gene does not exist
prokka_out/CA140705:CDS	1-deoxy-D-xylulose 5-phosphate reductoisomerase	NODE_3_length_208642_cov_91.661952:200425-201501	HIOKELPH_01094

DiscRep_SUB:FEATURE_LOCATION_CONFLICT::Coding region xref gene does not exist
prokka_out/CA140705:CDS	hypothetical protein	NODE_3_length_208642_cov_91.661952:201498-202892	HIOKELPH_01095

DiscRep_SUB:FEATURE_LOCATION_CONFLICT::Coding region xref gene does not exist
prokka_out/CA140705:CDS	tRNA N6-adenosine threonylcarbamoyltransferase	NODE_3_length_208642_cov_91.661952:202889-203896	HIOKELPH_01096

DiscRep_SUB:FEATURE_LOCATION_CONFLICT::Coding region xref gene does not exist
prokka_out/CA140705:CDS	hypothetical protein	NODE_3_length_208642_cov_91.661952:203900-204415	HIOKELPH_01097

DiscRep_SUB:FEATURE_LOCATION_CONFLICT::Coding region xref gene does not exist
prokka_out/CA140705:CDS	hypothetical protein	NODE_3_length_208642_cov_91.661952:204415-204999	HIOKELPH_01098

DiscRep_SUB:FEATURE_LOCATION_CONFLICT::Coding region xref gene does not exist
prokka_out/CA140705:CDS	hypothetical protein	NODE_3_length_208642_cov_91.661952:204996-205655	HIOKELPH_01099

DiscRep_SUB:FEATURE_LOCATION_CONFLICT::Coding region xref gene does not exist
prokka_out/CA140705:CDS	hypothetical protein	NODE_3_length_208642_cov_91.661952:205665-207515	HIOKELPH_01100

DiscRep_SUB:FEATURE_LOCATION_CONFLICT::RNA feature xref gene does not exist
prokka_out/CA140705:tRNA	Sec	NODE_3_length_208642_cov_91.661952:66480-66573	HIOKELPH_00962

DiscRep_SUB:FEATURE_LOCATION_CONFLICT::RNA feature xref gene does not exist
prokka_out/CA140705:tmRNA	transfer-messenger RNA, SsrA	NODE_3_length_208642_cov_91.661952:183594-183952	HIOKELPH_01078

DiscRep_SUB:FEATURE_LOCATION_CONFLICT::RNA feature xref gene does not exist
prokka_out/CA140705:tRNA	Ser	NODE_3_length_208642_cov_91.661952:c191762-191672	HIOKELPH_01083

DiscRep_SUB:FEATURE_LOCATION_CONFLICT::Coding region xref gene does not exist
prokka_out/CA140705:CDS	hypothetical protein	NODE_4_length_165410_cov_91.697422:c2095-1586	HIOKELPH_01101

DiscRep_SUB:FEATURE_LOCATION_CONFLICT::Coding region xref gene does not exist
prokka_out/CA140705:CDS	hypothetical protein	NODE_4_length_165410_cov_91.697422:c2625-2095	HIOKELPH_01102

DiscRep_SUB:FEATURE_LOCATION_CONFLICT::Coding region xref gene does not exist
prokka_out/CA140705:CDS	hypothetical protein	NODE_4_length_165410_cov_91.697422:c3718-2636	HIOKELPH_01103

DiscRep_SUB:FEATURE_LOCATION_CONFLICT::Coding region xref gene does not exist
prokka_out/CA140705:CDS	Branched-chain-amino-acid aminotransferase	NODE_4_length_165410_cov_91.697422:c4648-3734	HIOKELPH_01104

DiscRep_SUB:FEATURE_LOCATION_CONFLICT::Coding region xref gene does not exist
prokka_out/CA140705:CDS	putative tautomerase	NODE_4_length_165410_cov_91.697422:4974-5180	HIOKELPH_01105

DiscRep_SUB:FEATURE_LOCATION_CONFLICT::Coding region xref gene does not exist
prokka_out/CA140705:CDS	Putative peroxiredoxin bcp	NODE_4_length_165410_cov_91.697422:5177-5635	HIOKELPH_01106

DiscRep_SUB:FEATURE_LOCATION_CONFLICT::Coding region xref gene does not exist
prokka_out/CA140705:CDS	Epoxyqueuosine reductase QueH	NODE_4_length_165410_cov_91.697422:5635-6726	HIOKELPH_01107

DiscRep_SUB:FEATURE_LOCATION_CONFLICT::Coding region xref gene does not exist
prokka_out/CA140705:CDS	3-hydroxyacyl-[acyl-carrier-protein] dehydratase FabZ	NODE_4_length_165410_cov_91.697422:6841-7281	HIOKELPH_01108

DiscRep_SUB:FEATURE_LOCATION_CONFLICT::Coding region xref gene does not exist
prokka_out/CA140705:CDS	Acyl-[acyl-carrier-protein]--UDP-N-acetylglucosamine O-acyltransferase	NODE_4_length_165410_cov_91.697422:7292-8083	HIOKELPH_01109

DiscRep_SUB:FEATURE_LOCATION_CONFLICT::Coding region xref gene does not exist
prokka_out/CA140705:CDS	ATP-dependent Clp protease ATP-binding subunit ClpX	NODE_4_length_165410_cov_91.697422:8076-9299	HIOKELPH_01110

DiscRep_SUB:FEATURE_LOCATION_CONFLICT::Coding region xref gene does not exist
prokka_out/CA140705:CDS	Cell shape-determining protein MreB	NODE_4_length_165410_cov_91.697422:9313-10353	HIOKELPH_01111

DiscRep_SUB:FEATURE_LOCATION_CONFLICT::Coding region xref gene does not exist
prokka_out/CA140705:CDS	hypothetical protein	NODE_4_length_165410_cov_91.697422:10343-11092	HIOKELPH_01112

DiscRep_SUB:FEATURE_LOCATION_CONFLICT::Coding region xref gene does not exist
prokka_out/CA140705:CDS	hypothetical protein	NODE_4_length_165410_cov_91.697422:c12010-11087	HIOKELPH_01113

DiscRep_SUB:FEATURE_LOCATION_CONFLICT::Coding region xref gene does not exist
prokka_out/CA140705:CDS	Acetyl-coenzyme A synthetase	NODE_4_length_165410_cov_91.697422:12258-14165	HIOKELPH_01114

DiscRep_SUB:FEATURE_LOCATION_CONFLICT::Coding region xref gene does not exist
prokka_out/CA140705:CDS	2-methylisocitrate lyase	NODE_4_length_165410_cov_91.697422:14165-15040	HIOKELPH_01115

DiscRep_SUB:FEATURE_LOCATION_CONFLICT::Coding region xref gene does not exist
prokka_out/CA140705:CDS	2-methylcitrate synthase	NODE_4_length_165410_cov_91.697422:15037-16164	HIOKELPH_01116

DiscRep_SUB:FEATURE_LOCATION_CONFLICT::Coding region xref gene does not exist
prokka_out/CA140705:CDS	2-methylcitrate dehydratase	NODE_4_length_165410_cov_91.697422:16174-17628	HIOKELPH_01117

DiscRep_SUB:FEATURE_LOCATION_CONFLICT::Coding region xref gene does not exist
prokka_out/CA140705:CDS	hypothetical protein	NODE_4_length_165410_cov_91.697422:17693-18634	HIOKELPH_01118

DiscRep_SUB:FEATURE_LOCATION_CONFLICT::Coding region xref gene does not exist
prokka_out/CA140705:CDS	hypothetical protein	NODE_4_length_165410_cov_91.697422:18628-19521	HIOKELPH_01119

DiscRep_SUB:FEATURE_LOCATION_CONFLICT::Coding region xref gene does not exist
prokka_out/CA140705:CDS	hypothetical protein	NODE_4_length_165410_cov_91.697422:c19708-19505	HIOKELPH_01120

DiscRep_SUB:FEATURE_LOCATION_CONFLICT::Coding region xref gene does not exist
prokka_out/CA140705:CDS	hypothetical protein	NODE_4_length_165410_cov_91.697422:c19897-19712	HIOKELPH_01121

DiscRep_SUB:FEATURE_LOCATION_CONFLICT::Coding region xref gene does not exist
prokka_out/CA140705:CDS	hypothetical protein	NODE_4_length_165410_cov_91.697422:c20220-19873	HIOKELPH_01122

DiscRep_SUB:FEATURE_LOCATION_CONFLICT::Coding region xref gene does not exist
prokka_out/CA140705:CDS	Carbamoyl-phosphate synthase large chain	NODE_4_length_165410_cov_91.697422:20568-23837	HIOKELPH_01123

DiscRep_SUB:FEATURE_LOCATION_CONFLICT::Coding region xref gene does not exist
prokka_out/CA140705:CDS	hypothetical protein	NODE_4_length_165410_cov_91.697422:23843-24910	HIOKELPH_01124

DiscRep_SUB:FEATURE_LOCATION_CONFLICT::Coding region xref gene does not exist
prokka_out/CA140705:CDS	hypothetical protein	NODE_4_length_165410_cov_91.697422:24907-25620	HIOKELPH_01125

DiscRep_SUB:FEATURE_LOCATION_CONFLICT::Coding region xref gene does not exist
prokka_out/CA140705:CDS	hypothetical protein	NODE_4_length_165410_cov_91.697422:25617-26039	HIOKELPH_01126

DiscRep_SUB:FEATURE_LOCATION_CONFLICT::Coding region xref gene does not exist
prokka_out/CA140705:CDS	Transaldolase	NODE_4_length_165410_cov_91.697422:c27022-26036	HIOKELPH_01127

DiscRep_SUB:FEATURE_LOCATION_CONFLICT::Coding region xref gene does not exist
prokka_out/CA140705:CDS	Phosphoserine phosphatase	NODE_4_length_165410_cov_91.697422:c27647-27024	HIOKELPH_01128

DiscRep_SUB:FEATURE_LOCATION_CONFLICT::Coding region xref gene does not exist
prokka_out/CA140705:CDS	Chemotaxis protein CheW	NODE_4_length_165410_cov_91.697422:c28168-27647	HIOKELPH_01129

DiscRep_SUB:FEATURE_LOCATION_CONFLICT::Coding region xref gene does not exist
prokka_out/CA140705:CDS	Sensor histidine kinase RcsC	NODE_4_length_165410_cov_91.697422:c30467-28173	HIOKELPH_01130

DiscRep_SUB:FEATURE_LOCATION_CONFLICT::Coding region xref gene does not exist
prokka_out/CA140705:CDS	Chemotaxis protein CheV	NODE_4_length_165410_cov_91.697422:c31427-30471	HIOKELPH_01131

DiscRep_SUB:FEATURE_LOCATION_CONFLICT::Coding region xref gene does not exist
prokka_out/CA140705:CDS	hypothetical protein	NODE_4_length_165410_cov_91.697422:c32055-31420	HIOKELPH_01132

DiscRep_SUB:FEATURE_LOCATION_CONFLICT::Coding region xref gene does not exist
prokka_out/CA140705:CDS	Transcription elongation factor GreA	NODE_4_length_165410_cov_91.697422:c32673-32188	HIOKELPH_01133

DiscRep_SUB:FEATURE_LOCATION_CONFLICT::Coding region xref gene does not exist
prokka_out/CA140705:CDS	Lipid-A-disaccharide synthase	NODE_4_length_165410_cov_91.697422:c33782-32691	HIOKELPH_01134

DiscRep_SUB:FEATURE_LOCATION_CONFLICT::Coding region xref gene does not exist
prokka_out/CA140705:CDS	Zinc transporter ZupT	NODE_4_length_165410_cov_91.697422:33921-34805	HIOKELPH_01135

DiscRep_SUB:FEATURE_LOCATION_CONFLICT::Coding region xref gene does not exist
prokka_out/CA140705:CDS	hypothetical protein	NODE_4_length_165410_cov_91.697422:c35431-34859	HIOKELPH_01136

DiscRep_SUB:FEATURE_LOCATION_CONFLICT::Coding region xref gene does not exist
prokka_out/CA140705:CDS	Cytolethal distending toxin subunit B	NODE_4_length_165410_cov_91.697422:c36244-35441	HIOKELPH_01137

DiscRep_SUB:FEATURE_LOCATION_CONFLICT::Coding region xref gene does not exist
prokka_out/CA140705:CDS	hypothetical protein	NODE_4_length_165410_cov_91.697422:c37045-36269	HIOKELPH_01138

DiscRep_SUB:FEATURE_LOCATION_CONFLICT::Coding region xref gene does not exist
prokka_out/CA140705:CDS	Phosphoglycerate transporter protein	NODE_4_length_165410_cov_91.697422:c37410-37033	HIOKELPH_01139

DiscRep_SUB:FEATURE_LOCATION_CONFLICT::Coding region xref gene does not exist
prokka_out/CA140705:CDS	hypothetical protein	NODE_4_length_165410_cov_91.697422:c37791-37606	HIOKELPH_01140

DiscRep_SUB:FEATURE_LOCATION_CONFLICT::Coding region xref gene does not exist
prokka_out/CA140705:CDS	Phosphoglycerate transporter protein	NODE_4_length_165410_cov_91.697422:c38126-37923	HIOKELPH_01141

DiscRep_SUB:FEATURE_LOCATION_CONFLICT::Coding region xref gene does not exist
prokka_out/CA140705:CDS	hypothetical protein	NODE_4_length_165410_cov_91.697422:c38413-38279	HIOKELPH_01142

DiscRep_SUB:FEATURE_LOCATION_CONFLICT::Coding region xref gene does not exist
prokka_out/CA140705:CDS	5'-nucleotidase SurE	NODE_4_length_165410_cov_91.697422:38576-39352	HIOKELPH_01143

DiscRep_SUB:FEATURE_LOCATION_CONFLICT::Coding region xref gene does not exist
prokka_out/CA140705:CDS	tRNA threonylcarbamoyladenosine dehydratase	NODE_4_length_165410_cov_91.697422:39345-40001	HIOKELPH_01144

DiscRep_SUB:FEATURE_LOCATION_CONFLICT::Coding region xref gene does not exist
prokka_out/CA140705:CDS	putative N-acetyltransferase YafP	NODE_4_length_165410_cov_91.697422:39985-40443	HIOKELPH_01145

DiscRep_SUB:FEATURE_LOCATION_CONFLICT::Coding region xref gene does not exist
prokka_out/CA140705:CDS	Aspartate 1-decarboxylase	NODE_4_length_165410_cov_91.697422:c40934-40554	HIOKELPH_01146

DiscRep_SUB:FEATURE_LOCATION_CONFLICT::Coding region xref gene does not exist
prokka_out/CA140705:CDS	Pantothenate synthetase	NODE_4_length_165410_cov_91.697422:c41779-40931	HIOKELPH_01147

DiscRep_SUB:FEATURE_LOCATION_CONFLICT::Coding region xref gene does not exist
prokka_out/CA140705:CDS	3-methyl-2-oxobutanoate hydroxymethyltransferase	NODE_4_length_165410_cov_91.697422:c42614-41790	HIOKELPH_01148

DiscRep_SUB:FEATURE_LOCATION_CONFLICT::Coding region xref gene does not exist
prokka_out/CA140705:CDS	Beta-lactamase OXA-133	NODE_4_length_165410_cov_91.697422:42834-43607	HIOKELPH_01149

DiscRep_SUB:FEATURE_LOCATION_CONFLICT::Coding region xref gene does not exist
prokka_out/CA140705:CDS	Vitamin B12 import ATP-binding protein BtuD	NODE_4_length_165410_cov_91.697422:c44576-43692	HIOKELPH_01150

DiscRep_SUB:FEATURE_LOCATION_CONFLICT::Coding region xref gene does not exist
prokka_out/CA140705:CDS	hypothetical protein	NODE_4_length_165410_cov_91.697422:c45254-44586	HIOKELPH_01151

DiscRep_SUB:FEATURE_LOCATION_CONFLICT::Coding region xref gene does not exist
prokka_out/CA140705:CDS	hypothetical protein	NODE_4_length_165410_cov_91.697422:c45648-45247	HIOKELPH_01152

DiscRep_SUB:FEATURE_LOCATION_CONFLICT::Coding region xref gene does not exist
prokka_out/CA140705:CDS	Molybdate-binding protein ModA	NODE_4_length_165410_cov_91.697422:c46394-45645	HIOKELPH_01153

DiscRep_SUB:FEATURE_LOCATION_CONFLICT::Coding region xref gene does not exist
prokka_out/CA140705:CDS	hypothetical protein	NODE_4_length_165410_cov_91.697422:c47134-46448	HIOKELPH_01154

DiscRep_SUB:FEATURE_LOCATION_CONFLICT::Coding region xref gene does not exist
prokka_out/CA140705:CDS	hypothetical protein	NODE_4_length_165410_cov_91.697422:c47742-47131	HIOKELPH_01155

DiscRep_SUB:FEATURE_LOCATION_CONFLICT::Coding region xref gene does not exist
prokka_out/CA140705:CDS	8-amino-7-oxononanoate synthase	NODE_4_length_165410_cov_91.697422:c48881-47739	HIOKELPH_01156

DiscRep_SUB:FEATURE_LOCATION_CONFLICT::Coding region xref gene does not exist
prokka_out/CA140705:CDS	Putative beta-lactamase HcpC	NODE_4_length_165410_cov_91.697422:c49507-48896	HIOKELPH_01157

DiscRep_SUB:FEATURE_LOCATION_CONFLICT::Coding region xref gene does not exist
prokka_out/CA140705:CDS	Adenosylmethionine-8-amino-7-oxononanoate aminotransferase	NODE_4_length_165410_cov_91.697422:49645-50919	HIOKELPH_01158

DiscRep_SUB:FEATURE_LOCATION_CONFLICT::Coding region xref gene does not exist
prokka_out/CA140705:CDS	ATP-dependent dethiobiotin synthetase BioD	NODE_4_length_165410_cov_91.697422:c51511-50906	HIOKELPH_01159

DiscRep_SUB:FEATURE_LOCATION_CONFLICT::Coding region xref gene does not exist
prokka_out/CA140705:CDS	putative guanidinium efflux system subunit GdnD	NODE_4_length_165410_cov_91.697422:c51835-51521	HIOKELPH_01160

DiscRep_SUB:FEATURE_LOCATION_CONFLICT::Coding region xref gene does not exist
prokka_out/CA140705:CDS	putative guanidinium efflux system subunit GdnC	NODE_4_length_165410_cov_91.697422:c52201-51839	HIOKELPH_01161

DiscRep_SUB:FEATURE_LOCATION_CONFLICT::Coding region xref gene does not exist
prokka_out/CA140705:CDS	50S ribosomal protein L25	NODE_4_length_165410_cov_91.697422:52311-52847	HIOKELPH_01162

DiscRep_SUB:FEATURE_LOCATION_CONFLICT::Coding region xref gene does not exist
prokka_out/CA140705:CDS	Peptidyl-tRNA hydrolase	NODE_4_length_165410_cov_91.697422:52844-53386	HIOKELPH_01163

DiscRep_SUB:FEATURE_LOCATION_CONFLICT::Coding region xref gene does not exist
prokka_out/CA140705:CDS	hypothetical protein	NODE_4_length_165410_cov_91.697422:53388-54446	HIOKELPH_01164

DiscRep_SUB:FEATURE_LOCATION_CONFLICT::Coding region xref gene does not exist
prokka_out/CA140705:CDS	Diaminopimelate decarboxylase	NODE_4_length_165410_cov_91.697422:54488-55696	HIOKELPH_01165

DiscRep_SUB:FEATURE_LOCATION_CONFLICT::Coding region xref gene does not exist
prokka_out/CA140705:CDS	Ribonucleotide monophosphatase NagD	NODE_4_length_165410_cov_91.697422:55698-56465	HIOKELPH_01166

DiscRep_SUB:FEATURE_LOCATION_CONFLICT::Coding region xref gene does not exist
prokka_out/CA140705:CDS	Bifunctional chorismate mutase/prephenate dehydratase	NODE_4_length_165410_cov_91.697422:56453-57535	HIOKELPH_01167

DiscRep_SUB:FEATURE_LOCATION_CONFLICT::Coding region xref gene does not exist
prokka_out/CA140705:CDS	Histidinol-phosphate aminotransferase	NODE_4_length_165410_cov_91.697422:57522-58616	HIOKELPH_01168

DiscRep_SUB:FEATURE_LOCATION_CONFLICT::Coding region xref gene does not exist
prokka_out/CA140705:CDS	Flagellar M-ring protein	NODE_4_length_165410_cov_91.697422:58700-60382	HIOKELPH_01169

DiscRep_SUB:FEATURE_LOCATION_CONFLICT::Coding region xref gene does not exist
prokka_out/CA140705:CDS	Flagellar motor switch protein FliG	NODE_4_length_165410_cov_91.697422:60382-61410	HIOKELPH_01170

DiscRep_SUB:FEATURE_LOCATION_CONFLICT::Coding region xref gene does not exist
prokka_out/CA140705:CDS	hypothetical protein	NODE_4_length_165410_cov_91.697422:61418-62248	HIOKELPH_01171

DiscRep_SUB:FEATURE_LOCATION_CONFLICT::Coding region xref gene does not exist
prokka_out/CA140705:CDS	1-deoxy-D-xylulose-5-phosphate synthase	NODE_4_length_165410_cov_91.697422:62241-64118	HIOKELPH_01172

DiscRep_SUB:FEATURE_LOCATION_CONFLICT::Coding region xref gene does not exist
prokka_out/CA140705:CDS	hypothetical protein	NODE_4_length_165410_cov_91.697422:64255-64665	HIOKELPH_01173

DiscRep_SUB:FEATURE_LOCATION_CONFLICT::Coding region xref gene does not exist
prokka_out/CA140705:CDS	hypothetical protein	NODE_4_length_165410_cov_91.697422:64711-65913	HIOKELPH_01174

DiscRep_SUB:FEATURE_LOCATION_CONFLICT::Coding region xref gene does not exist
prokka_out/CA140705:CDS	Demethylmenaquinone methyltransferase	NODE_4_length_165410_cov_91.697422:65913-66620	HIOKELPH_01175

DiscRep_SUB:FEATURE_LOCATION_CONFLICT::Coding region xref gene does not exist
prokka_out/CA140705:CDS	hypothetical protein	NODE_4_length_165410_cov_91.697422:c68110-66617	HIOKELPH_01176

DiscRep_SUB:FEATURE_LOCATION_CONFLICT::Coding region xref gene does not exist
prokka_out/CA140705:CDS	hypothetical protein	NODE_4_length_165410_cov_91.697422:c68567-68124	HIOKELPH_01177

DiscRep_SUB:FEATURE_LOCATION_CONFLICT::Coding region xref gene does not exist
prokka_out/CA140705:CDS	hypothetical protein	NODE_4_length_165410_cov_91.697422:c69537-68572	HIOKELPH_01178

DiscRep_SUB:FEATURE_LOCATION_CONFLICT::Coding region xref gene does not exist
prokka_out/CA140705:CDS	Exodeoxyribonuclease 7 large subunit	NODE_4_length_165410_cov_91.697422:69710-70873	HIOKELPH_01179

DiscRep_SUB:FEATURE_LOCATION_CONFLICT::Coding region xref gene does not exist
prokka_out/CA140705:CDS	Phosphoserine aminotransferase	NODE_4_length_165410_cov_91.697422:70883-71959	HIOKELPH_01180

DiscRep_SUB:FEATURE_LOCATION_CONFLICT::Coding region xref gene does not exist
prokka_out/CA140705:CDS	3-oxoacyl-[acyl-carrier-protein] synthase 3	NODE_4_length_165410_cov_91.697422:c73164-72187	HIOKELPH_01181

DiscRep_SUB:FEATURE_LOCATION_CONFLICT::Coding region xref gene does not exist
prokka_out/CA140705:CDS	Phosphate acyltransferase	NODE_4_length_165410_cov_91.697422:c74143-73157	HIOKELPH_01182

DiscRep_SUB:FEATURE_LOCATION_CONFLICT::Coding region xref gene does not exist
prokka_out/CA140705:CDS	50S ribosomal protein L32	NODE_4_length_165410_cov_91.697422:c74295-74149	HIOKELPH_01183

DiscRep_SUB:FEATURE_LOCATION_CONFLICT::Coding region xref gene does not exist
prokka_out/CA140705:CDS	hypothetical protein	NODE_4_length_165410_cov_91.697422:c74678-74319	HIOKELPH_01184

DiscRep_SUB:FEATURE_LOCATION_CONFLICT::Coding region xref gene does not exist
prokka_out/CA140705:CDS	Nucleoside diphosphate kinase	NODE_4_length_165410_cov_91.697422:c75091-74678	HIOKELPH_01185

DiscRep_SUB:FEATURE_LOCATION_CONFLICT::Coding region xref gene does not exist
prokka_out/CA140705:CDS	hypothetical protein	NODE_4_length_165410_cov_91.697422:c75476-75192	HIOKELPH_01186

DiscRep_SUB:FEATURE_LOCATION_CONFLICT::Coding region xref gene does not exist
prokka_out/CA140705:CDS	Alkyl hydroperoxide reductase C	NODE_4_length_165410_cov_91.697422:75732-76328	HIOKELPH_01187

DiscRep_SUB:FEATURE_LOCATION_CONFLICT::Coding region xref gene does not exist
prokka_out/CA140705:CDS	Flagellar biosynthetic protein FlhB	NODE_4_length_165410_cov_91.697422:76450-77538	HIOKELPH_01188

DiscRep_SUB:FEATURE_LOCATION_CONFLICT::Coding region xref gene does not exist
prokka_out/CA140705:CDS	Motility protein B	NODE_4_length_165410_cov_91.697422:c78284-77553	HIOKELPH_01189

DiscRep_SUB:FEATURE_LOCATION_CONFLICT::Coding region xref gene does not exist
prokka_out/CA140705:CDS	Chemotaxis protein PomA	NODE_4_length_165410_cov_91.697422:c79063-78287	HIOKELPH_01190

DiscRep_SUB:FEATURE_LOCATION_CONFLICT::Coding region xref gene does not exist
prokka_out/CA140705:CDS	DNA polymerase I	NODE_4_length_165410_cov_91.697422:c81718-79079	HIOKELPH_01191

DiscRep_SUB:FEATURE_LOCATION_CONFLICT::Coding region xref gene does not exist
prokka_out/CA140705:CDS	Inner membrane protein YqaA	NODE_4_length_165410_cov_91.697422:c82225-81782	HIOKELPH_01192

DiscRep_SUB:FEATURE_LOCATION_CONFLICT::Coding region xref gene does not exist
prokka_out/CA140705:CDS	hypothetical protein	NODE_4_length_165410_cov_91.697422:c82808-82218	HIOKELPH_01193

DiscRep_SUB:FEATURE_LOCATION_CONFLICT::Coding region xref gene does not exist
prokka_out/CA140705:CDS	hypothetical protein	NODE_4_length_165410_cov_91.697422:c83498-82821	HIOKELPH_01194

DiscRep_SUB:FEATURE_LOCATION_CONFLICT::Coding region xref gene does not exist
prokka_out/CA140705:CDS	hypothetical protein	NODE_4_length_165410_cov_91.697422:c84053-83520	HIOKELPH_01195

DiscRep_SUB:FEATURE_LOCATION_CONFLICT::Coding region xref gene does not exist
prokka_out/CA140705:CDS	UvrABC system protein A	NODE_4_length_165410_cov_91.697422:c86877-84055	HIOKELPH_01196

DiscRep_SUB:FEATURE_LOCATION_CONFLICT::Coding region xref gene does not exist
prokka_out/CA140705:CDS	hypothetical protein	NODE_4_length_165410_cov_91.697422:c87750-86965	HIOKELPH_01197

DiscRep_SUB:FEATURE_LOCATION_CONFLICT::Coding region xref gene does not exist
prokka_out/CA140705:CDS	Isochorismate synthase MenF	NODE_4_length_165410_cov_91.697422:88135-89376	HIOKELPH_01198

DiscRep_SUB:FEATURE_LOCATION_CONFLICT::Coding region xref gene does not exist
prokka_out/CA140705:CDS	Bifunctional protein TrpGD	NODE_4_length_165410_cov_91.697422:89378-90970	HIOKELPH_01199

DiscRep_SUB:FEATURE_LOCATION_CONFLICT::Coding region xref gene does not exist
prokka_out/CA140705:CDS	Tryptophan biosynthesis protein TrpCF	NODE_4_length_165410_cov_91.697422:90957-91556	HIOKELPH_01200

DiscRep_SUB:FEATURE_LOCATION_CONFLICT::Coding region xref gene does not exist
prokka_out/CA140705:CDS	Tryptophan synthase beta chain	NODE_4_length_165410_cov_91.697422:91553-92731	HIOKELPH_01201

DiscRep_SUB:FEATURE_LOCATION_CONFLICT::Coding region xref gene does not exist
prokka_out/CA140705:CDS	Tryptophan synthase alpha chain	NODE_4_length_165410_cov_91.697422:92724-93473	HIOKELPH_01202

DiscRep_SUB:FEATURE_LOCATION_CONFLICT::Coding region xref gene does not exist
prokka_out/CA140705:CDS	hypothetical protein	NODE_4_length_165410_cov_91.697422:93543-93965	HIOKELPH_01203

DiscRep_SUB:FEATURE_LOCATION_CONFLICT::Coding region xref gene does not exist
prokka_out/CA140705:CDS	Flagellar motor switch protein FliN	NODE_4_length_165410_cov_91.697422:93965-94273	HIOKELPH_01204

DiscRep_SUB:FEATURE_LOCATION_CONFLICT::Coding region xref gene does not exist
prokka_out/CA140705:CDS	hypothetical protein	NODE_4_length_165410_cov_91.697422:94273-95064	HIOKELPH_01205

DiscRep_SUB:FEATURE_LOCATION_CONFLICT::Coding region xref gene does not exist
prokka_out/CA140705:CDS	Guanosine-5'-triphosphate,3'-diphosphate pyrophosphatase	NODE_4_length_165410_cov_91.697422:c96521-95061	HIOKELPH_01206

DiscRep_SUB:FEATURE_LOCATION_CONFLICT::Coding region xref gene does not exist
prokka_out/CA140705:CDS	Ferredoxin	NODE_4_length_165410_cov_91.697422:c96766-96521	HIOKELPH_01207

DiscRep_SUB:FEATURE_LOCATION_CONFLICT::Coding region xref gene does not exist
prokka_out/CA140705:CDS	Transcriptional regulatory protein CusR	NODE_4_length_165410_cov_91.697422:c97552-96881	HIOKELPH_01208

DiscRep_SUB:FEATURE_LOCATION_CONFLICT::Coding region xref gene does not exist
prokka_out/CA140705:CDS	hypothetical protein	NODE_4_length_165410_cov_91.697422:c97948-97631	HIOKELPH_01209

DiscRep_SUB:FEATURE_LOCATION_CONFLICT::Coding region xref gene does not exist
prokka_out/CA140705:CDS	Glycerol-3-phosphate acyltransferase	NODE_4_length_165410_cov_91.697422:c98544-97933	HIOKELPH_01210

DiscRep_SUB:FEATURE_LOCATION_CONFLICT::Coding region xref gene does not exist
prokka_out/CA140705:CDS	Cytochrome c551 peroxidase	NODE_4_length_165410_cov_91.697422:98724-99749	HIOKELPH_01211

DiscRep_SUB:FEATURE_LOCATION_CONFLICT::Coding region xref gene does not exist
prokka_out/CA140705:CDS	Phosphoglucosamine mutase	NODE_4_length_165410_cov_91.697422:99842-101182	HIOKELPH_01212

DiscRep_SUB:FEATURE_LOCATION_CONFLICT::Coding region xref gene does not exist
prokka_out/CA140705:CDS	Lipoprotein signal peptidase	NODE_4_length_165410_cov_91.697422:101175-101645	HIOKELPH_01213

DiscRep_SUB:FEATURE_LOCATION_CONFLICT::Coding region xref gene does not exist
prokka_out/CA140705:CDS	hypothetical protein	NODE_4_length_165410_cov_91.697422:101629-102081	HIOKELPH_01214

DiscRep_SUB:FEATURE_LOCATION_CONFLICT::Coding region xref gene does not exist
prokka_out/CA140705:CDS	hypothetical protein	NODE_4_length_165410_cov_91.697422:c103425-102115	HIOKELPH_01215

DiscRep_SUB:FEATURE_LOCATION_CONFLICT::Coding region xref gene does not exist
prokka_out/CA140705:CDS	hypothetical protein	NODE_4_length_165410_cov_91.697422:103550-103801	HIOKELPH_01216

DiscRep_SUB:FEATURE_LOCATION_CONFLICT::Coding region xref gene does not exist
prokka_out/CA140705:CDS	Toluene efflux pump outer membrane protein TtgC	NODE_4_length_165410_cov_91.697422:c105308-103830	HIOKELPH_01217

DiscRep_SUB:FEATURE_LOCATION_CONFLICT::Coding region xref gene does not exist
prokka_out/CA140705:CDS	Efflux pump membrane transporter BepE	NODE_4_length_165410_cov_91.697422:c108423-105301	HIOKELPH_01218

DiscRep_SUB:FEATURE_LOCATION_CONFLICT::Coding region xref gene does not exist
prokka_out/CA140705:CDS	Multidrug resistance protein MdtE	NODE_4_length_165410_cov_91.697422:c109526-108423	HIOKELPH_01219

DiscRep_SUB:FEATURE_LOCATION_CONFLICT::Coding region xref gene does not exist
prokka_out/CA140705:CDS	hypothetical protein	NODE_4_length_165410_cov_91.697422:c110269-109634	HIOKELPH_01220

DiscRep_SUB:FEATURE_LOCATION_CONFLICT::Coding region xref gene does not exist
prokka_out/CA140705:CDS	hypothetical protein	NODE_4_length_165410_cov_91.697422:c111632-110256	HIOKELPH_01221

DiscRep_SUB:FEATURE_LOCATION_CONFLICT::Coding region xref gene does not exist
prokka_out/CA140705:CDS	30S ribosomal protein S21	NODE_4_length_165410_cov_91.697422:111778-111990	HIOKELPH_01222

DiscRep_SUB:FEATURE_LOCATION_CONFLICT::Coding region xref gene does not exist
prokka_out/CA140705:CDS	hypothetical protein	NODE_4_length_165410_cov_91.697422:112193-112798	HIOKELPH_01223

DiscRep_SUB:FEATURE_LOCATION_CONFLICT::Coding region xref gene does not exist
prokka_out/CA140705:CDS	Putative acid--amine ligase YgiC	NODE_4_length_165410_cov_91.697422:112808-113977	HIOKELPH_01224

DiscRep_SUB:FEATURE_LOCATION_CONFLICT::Coding region xref gene does not exist
prokka_out/CA140705:CDS	Hydroxypyruvate reductase	NODE_4_length_165410_cov_91.697422:113980-114915	HIOKELPH_01225

DiscRep_SUB:FEATURE_LOCATION_CONFLICT::Coding region xref gene does not exist
prokka_out/CA140705:CDS	hypothetical protein	NODE_4_length_165410_cov_91.697422:114905-115396	HIOKELPH_01226

DiscRep_SUB:FEATURE_LOCATION_CONFLICT::Coding region xref gene does not exist
prokka_out/CA140705:CDS	hypothetical protein	NODE_4_length_165410_cov_91.697422:115407-115889	HIOKELPH_01227

DiscRep_SUB:FEATURE_LOCATION_CONFLICT::Coding region xref gene does not exist
prokka_out/CA140705:CDS	hypothetical protein	NODE_4_length_165410_cov_91.697422:115886-116707	HIOKELPH_01228

DiscRep_SUB:FEATURE_LOCATION_CONFLICT::Coding region xref gene does not exist
prokka_out/CA140705:CDS	ATP-dependent zinc metalloprotease FtsH	NODE_4_length_165410_cov_91.697422:116709-118421	HIOKELPH_01229

DiscRep_SUB:FEATURE_LOCATION_CONFLICT::Coding region xref gene does not exist
prokka_out/CA140705:CDS	Protein-methionine-sulfoxide reductase heme-binding subunit MsrQ	NODE_4_length_165410_cov_91.697422:c118966-118418	HIOKELPH_01230

DiscRep_SUB:FEATURE_LOCATION_CONFLICT::Coding region xref gene does not exist
prokka_out/CA140705:CDS	Protein-methionine-sulfoxide reductase catalytic subunit MsrP	NODE_4_length_165410_cov_91.697422:c119859-118966	HIOKELPH_01231

DiscRep_SUB:FEATURE_LOCATION_CONFLICT::Coding region xref gene does not exist
prokka_out/CA140705:CDS	hypothetical protein	NODE_4_length_165410_cov_91.697422:c120700-119921	HIOKELPH_01232

DiscRep_SUB:FEATURE_LOCATION_CONFLICT::Coding region xref gene does not exist
prokka_out/CA140705:CDS	Orotidine 5'-phosphate decarboxylase	NODE_4_length_165410_cov_91.697422:c121536-120697	HIOKELPH_01233

DiscRep_SUB:FEATURE_LOCATION_CONFLICT::Coding region xref gene does not exist
prokka_out/CA140705:CDS	Transcription antitermination protein NusB	NODE_4_length_165410_cov_91.697422:c121931-121533	HIOKELPH_01234

DiscRep_SUB:FEATURE_LOCATION_CONFLICT::Coding region xref gene does not exist
prokka_out/CA140705:CDS	6,7-dimethyl-8-ribityllumazine synthase	NODE_4_length_165410_cov_91.697422:c122395-121931	HIOKELPH_01235

DiscRep_SUB:FEATURE_LOCATION_CONFLICT::Coding region xref gene does not exist
prokka_out/CA140705:CDS	2-dehydro-3-deoxyphosphooctonate aldolase	NODE_4_length_165410_cov_91.697422:c123209-122397	HIOKELPH_01236

DiscRep_SUB:FEATURE_LOCATION_CONFLICT::Coding region xref gene does not exist
prokka_out/CA140705:CDS	Pseudopaline exporter CntI	NODE_4_length_165410_cov_91.697422:c124138-123206	HIOKELPH_01237

DiscRep_SUB:FEATURE_LOCATION_CONFLICT::Coding region xref gene does not exist
prokka_out/CA140705:CDS	GTPase Der	NODE_4_length_165410_cov_91.697422:124254-125636	HIOKELPH_01238

DiscRep_SUB:FEATURE_LOCATION_CONFLICT::Coding region xref gene does not exist
prokka_out/CA140705:CDS	Shikimate kinase	NODE_4_length_165410_cov_91.697422:125623-126120	HIOKELPH_01239

DiscRep_SUB:FEATURE_LOCATION_CONFLICT::Coding region xref gene does not exist
prokka_out/CA140705:CDS	Tryptophan--tRNA ligase	NODE_4_length_165410_cov_91.697422:126117-127076	HIOKELPH_01240

DiscRep_SUB:FEATURE_LOCATION_CONFLICT::Coding region xref gene does not exist
prokka_out/CA140705:CDS	Serine--tRNA ligase	NODE_4_length_165410_cov_91.697422:127086-128321	HIOKELPH_01241

DiscRep_SUB:FEATURE_LOCATION_CONFLICT::Coding region xref gene does not exist
prokka_out/CA140705:CDS	hypothetical protein	NODE_4_length_165410_cov_91.697422:128331-130793	HIOKELPH_01242

DiscRep_SUB:FEATURE_LOCATION_CONFLICT::Coding region xref gene does not exist
prokka_out/CA140705:CDS	hypothetical protein	NODE_4_length_165410_cov_91.697422:c131448-130822	HIOKELPH_01243

DiscRep_SUB:FEATURE_LOCATION_CONFLICT::Coding region xref gene does not exist
prokka_out/CA140705:CDS	Pyruvate kinase	NODE_4_length_165410_cov_91.697422:c132982-131540	HIOKELPH_01244

DiscRep_SUB:FEATURE_LOCATION_CONFLICT::Coding region xref gene does not exist
prokka_out/CA140705:CDS	Malate:quinone oxidoreductase	NODE_4_length_165410_cov_91.697422:c134380-133034	HIOKELPH_01245

DiscRep_SUB:FEATURE_LOCATION_CONFLICT::Coding region xref gene does not exist
prokka_out/CA140705:CDS	Type III pantothenate kinase	NODE_4_length_165410_cov_91.697422:c135136-134507	HIOKELPH_01246

DiscRep_SUB:FEATURE_LOCATION_CONFLICT::Coding region xref gene does not exist
prokka_out/CA140705:CDS	hypothetical protein	NODE_4_length_165410_cov_91.697422:c135410-135123	HIOKELPH_01247

DiscRep_SUB:FEATURE_LOCATION_CONFLICT::Coding region xref gene does not exist
prokka_out/CA140705:CDS	Plasminogen-binding protein PgbB	NODE_4_length_165410_cov_91.697422:c136405-135407	HIOKELPH_01248

DiscRep_SUB:FEATURE_LOCATION_CONFLICT::Coding region xref gene does not exist
prokka_out/CA140705:CDS	hypothetical protein	NODE_4_length_165410_cov_91.697422:c136980-136402	HIOKELPH_01249

DiscRep_SUB:FEATURE_LOCATION_CONFLICT::Coding region xref gene does not exist
prokka_out/CA140705:CDS	Glutamyl-tRNA(Gln) amidotransferase subunit C	NODE_4_length_165410_cov_91.697422:137112-137399	HIOKELPH_01250

DiscRep_SUB:FEATURE_LOCATION_CONFLICT::Coding region xref gene does not exist
prokka_out/CA140705:CDS	hypothetical protein	NODE_4_length_165410_cov_91.697422:137480-138040	HIOKELPH_01251

DiscRep_SUB:FEATURE_LOCATION_CONFLICT::Coding region xref gene does not exist
prokka_out/CA140705:CDS	Ferric uptake regulation protein	NODE_4_length_165410_cov_91.697422:138044-138514	HIOKELPH_01252

DiscRep_SUB:FEATURE_LOCATION_CONFLICT::Coding region xref gene does not exist
prokka_out/CA140705:CDS	Lysine--tRNA ligase, heat inducible	NODE_4_length_165410_cov_91.697422:138514-140022	HIOKELPH_01253

DiscRep_SUB:FEATURE_LOCATION_CONFLICT::Coding region xref gene does not exist
prokka_out/CA140705:CDS	Serine hydroxymethyltransferase	NODE_4_length_165410_cov_91.697422:140019-141263	HIOKELPH_01254

DiscRep_SUB:FEATURE_LOCATION_CONFLICT::Coding region xref gene does not exist
prokka_out/CA140705:CDS	hypothetical protein	NODE_4_length_165410_cov_91.697422:141260-141805	HIOKELPH_01255

DiscRep_SUB:FEATURE_LOCATION_CONFLICT::Coding region xref gene does not exist
prokka_out/CA140705:CDS	hypothetical protein	NODE_4_length_165410_cov_91.697422:141818-142645	HIOKELPH_01256

DiscRep_SUB:FEATURE_LOCATION_CONFLICT::Coding region xref gene does not exist
prokka_out/CA140705:CDS	Shikimate dehydrogenase (NADP(+))	NODE_4_length_165410_cov_91.697422:142642-143433	HIOKELPH_01257

DiscRep_SUB:FEATURE_LOCATION_CONFLICT::Coding region xref gene does not exist
prokka_out/CA140705:CDS	hypothetical protein	NODE_4_length_165410_cov_91.697422:c144411-143506	HIOKELPH_01258

DiscRep_SUB:FEATURE_LOCATION_CONFLICT::Coding region xref gene does not exist
prokka_out/CA140705:CDS	Phosphatidylglycerol--prolipoprotein diacylglyceryl transferase	NODE_4_length_165410_cov_91.697422:144502-145317	HIOKELPH_01259

DiscRep_SUB:FEATURE_LOCATION_CONFLICT::Coding region xref gene does not exist
prokka_out/CA140705:CDS	Fumarate reductase cytochrome b subunit	NODE_4_length_165410_cov_91.697422:145385-146170	HIOKELPH_01260

DiscRep_SUB:FEATURE_LOCATION_CONFLICT::Coding region xref gene does not exist
prokka_out/CA140705:CDS	Fumarate reductase flavoprotein subunit	NODE_4_length_165410_cov_91.697422:146154-148145	HIOKELPH_01261

DiscRep_SUB:FEATURE_LOCATION_CONFLICT::Coding region xref gene does not exist
prokka_out/CA140705:CDS	Fumarate reductase iron-sulfur subunit	NODE_4_length_165410_cov_91.697422:148138-148863	HIOKELPH_01262

DiscRep_SUB:FEATURE_LOCATION_CONFLICT::Coding region xref gene does not exist
prokka_out/CA140705:CDS	GTPase Der	NODE_4_length_165410_cov_91.697422:148891-151077	HIOKELPH_01263

DiscRep_SUB:FEATURE_LOCATION_CONFLICT::Coding region xref gene does not exist
prokka_out/CA140705:CDS	GTPase Der	NODE_4_length_165410_cov_91.697422:151067-152899	HIOKELPH_01264

DiscRep_SUB:FEATURE_LOCATION_CONFLICT::Coding region xref gene does not exist
prokka_out/CA140705:CDS	Putative beta-lactamase HcpC	NODE_4_length_165410_cov_91.697422:152896-153600	HIOKELPH_01265

DiscRep_SUB:FEATURE_LOCATION_CONFLICT::Coding region xref gene does not exist
prokka_out/CA140705:CDS	hypothetical protein	NODE_4_length_165410_cov_91.697422:c154299-153619	HIOKELPH_01266

DiscRep_SUB:FEATURE_LOCATION_CONFLICT::Coding region xref gene does not exist
prokka_out/CA140705:CDS	hypothetical protein	NODE_4_length_165410_cov_91.697422:154409-154771	HIOKELPH_01267

DiscRep_SUB:FEATURE_LOCATION_CONFLICT::Coding region xref gene does not exist
prokka_out/CA140705:CDS	Protein YceI	NODE_4_length_165410_cov_91.697422:154846-155418	HIOKELPH_01268

DiscRep_SUB:FEATURE_LOCATION_CONFLICT::Coding region xref gene does not exist
prokka_out/CA140705:CDS	hypothetical protein	NODE_4_length_165410_cov_91.697422:c156379-155423	HIOKELPH_01269

DiscRep_SUB:FEATURE_LOCATION_CONFLICT::Coding region xref gene does not exist
prokka_out/CA140705:CDS	hypothetical protein	NODE_4_length_165410_cov_91.697422:c156649-156440	HIOKELPH_01270

DiscRep_SUB:FEATURE_LOCATION_CONFLICT::Coding region xref gene does not exist
prokka_out/CA140705:CDS	hypothetical protein	NODE_4_length_165410_cov_91.697422:156816-157145	HIOKELPH_01271

DiscRep_SUB:FEATURE_LOCATION_CONFLICT::Coding region xref gene does not exist
prokka_out/CA140705:CDS	hypothetical protein	NODE_4_length_165410_cov_91.697422:157397-157750	HIOKELPH_01272

DiscRep_SUB:FEATURE_LOCATION_CONFLICT::Coding region xref gene does not exist
prokka_out/CA140705:CDS	hypothetical protein	NODE_4_length_165410_cov_91.697422:157800-158006	HIOKELPH_01273

DiscRep_SUB:FEATURE_LOCATION_CONFLICT::Coding region xref gene does not exist
prokka_out/CA140705:CDS	hypothetical protein	NODE_4_length_165410_cov_91.697422:157969-158268	HIOKELPH_01274

DiscRep_SUB:FEATURE_LOCATION_CONFLICT::Coding region xref gene does not exist
prokka_out/CA140705:CDS	putative ABC transporter ATP-binding protein YbiT	NODE_4_length_165410_cov_91.697422:158346-159923	HIOKELPH_01275

DiscRep_SUB:FEATURE_LOCATION_CONFLICT::Coding region xref gene does not exist
prokka_out/CA140705:CDS	hypothetical protein	NODE_4_length_165410_cov_91.697422:159916-160248	HIOKELPH_01276

DiscRep_SUB:FEATURE_LOCATION_CONFLICT::Coding region xref gene does not exist
prokka_out/CA140705:CDS	hypothetical protein	NODE_4_length_165410_cov_91.697422:160299-160676	HIOKELPH_01277

DiscRep_SUB:FEATURE_LOCATION_CONFLICT::Coding region xref gene does not exist
prokka_out/CA140705:CDS	hypothetical protein	NODE_4_length_165410_cov_91.697422:c161292-160708	HIOKELPH_01278

DiscRep_SUB:FEATURE_LOCATION_CONFLICT::Coding region xref gene does not exist
prokka_out/CA140705:CDS	hypothetical protein	NODE_4_length_165410_cov_91.697422:161573-162796	HIOKELPH_01279

DiscRep_SUB:FEATURE_LOCATION_CONFLICT::Coding region xref gene does not exist
prokka_out/CA140705:CDS	hypothetical protein	NODE_4_length_165410_cov_91.697422:162765-163532	HIOKELPH_01280

DiscRep_SUB:FEATURE_LOCATION_CONFLICT::Coding region xref gene does not exist
prokka_out/CA140705:CDS	hypothetical protein	NODE_4_length_165410_cov_91.697422:163599-165236	HIOKELPH_01281

DiscRep_SUB:FEATURE_LOCATION_CONFLICT::Coding region xref gene does not exist
prokka_out/CA140705:CDS	L-asparaginase 2	NODE_5_length_130343_cov_94.995446:c1189-194	HIOKELPH_01282

DiscRep_SUB:FEATURE_LOCATION_CONFLICT::Coding region xref gene does not exist
prokka_out/CA140705:CDS	Single-stranded-DNA-specific exonuclease RecJ	NODE_5_length_130343_cov_94.995446:c2897-1326	HIOKELPH_01283

DiscRep_SUB:FEATURE_LOCATION_CONFLICT::Coding region xref gene does not exist
prokka_out/CA140705:CDS	CTP synthase	NODE_5_length_130343_cov_94.995446:c4518-2884	HIOKELPH_01284

DiscRep_SUB:FEATURE_LOCATION_CONFLICT::Coding region xref gene does not exist
prokka_out/CA140705:CDS	Flavin-dependent thymidylate synthase	NODE_5_length_130343_cov_94.995446:4631-5254	HIOKELPH_01285

DiscRep_SUB:FEATURE_LOCATION_CONFLICT::Coding region xref gene does not exist
prokka_out/CA140705:CDS	L-cystine uptake protein TcyP	NODE_5_length_130343_cov_94.995446:5372-6757	HIOKELPH_01286

DiscRep_SUB:FEATURE_LOCATION_CONFLICT::Coding region xref gene does not exist
prokka_out/CA140705:CDS	Ribonucleoside-diphosphate reductase 1 subunit alpha	NODE_5_length_130343_cov_94.995446:c9158-6789	HIOKELPH_01287

DiscRep_SUB:FEATURE_LOCATION_CONFLICT::Coding region xref gene does not exist
prokka_out/CA140705:CDS	Adenylosuccinate lyase	NODE_5_length_130343_cov_94.995446:c10501-9173	HIOKELPH_01288

DiscRep_SUB:FEATURE_LOCATION_CONFLICT::Coding region xref gene does not exist
prokka_out/CA140705:CDS	putative RNA pseudouridine synthase	NODE_5_length_130343_cov_94.995446:10542-11477	HIOKELPH_01289

DiscRep_SUB:FEATURE_LOCATION_CONFLICT::Coding region xref gene does not exist
prokka_out/CA140705:CDS	putative protein YisK	NODE_5_length_130343_cov_94.995446:11598-12464	HIOKELPH_01290

DiscRep_SUB:FEATURE_LOCATION_CONFLICT::Coding region xref gene does not exist
prokka_out/CA140705:CDS	hypothetical protein	NODE_5_length_130343_cov_94.995446:12512-12679	HIOKELPH_01291

DiscRep_SUB:FEATURE_LOCATION_CONFLICT::Coding region xref gene does not exist
prokka_out/CA140705:CDS	hypothetical protein	NODE_5_length_130343_cov_94.995446:12694-14211	HIOKELPH_01292

DiscRep_SUB:FEATURE_LOCATION_CONFLICT::Coding region xref gene does not exist
prokka_out/CA140705:CDS	7-cyano-7-deazaguanine synthase	NODE_5_length_130343_cov_94.995446:c14906-14232	HIOKELPH_01293

DiscRep_SUB:FEATURE_LOCATION_CONFLICT::Coding region xref gene does not exist
prokka_out/CA140705:CDS	5'-deoxynucleotidase YfbR	NODE_5_length_130343_cov_94.995446:14982-16208	HIOKELPH_01294

DiscRep_SUB:FEATURE_LOCATION_CONFLICT::Coding region xref gene does not exist
prokka_out/CA140705:CDS	Dihydroxy-acid dehydratase	NODE_5_length_130343_cov_94.995446:c17931-16255	HIOKELPH_01295

DiscRep_SUB:FEATURE_LOCATION_CONFLICT::Coding region xref gene does not exist
prokka_out/CA140705:CDS	Rubrerythrin-1	NODE_5_length_130343_cov_94.995446:18082-18729	HIOKELPH_01296

DiscRep_SUB:FEATURE_LOCATION_CONFLICT::Coding region xref gene does not exist
prokka_out/CA140705:CDS	Ribonuclease HII	NODE_5_length_130343_cov_94.995446:18734-19342	HIOKELPH_01297

DiscRep_SUB:FEATURE_LOCATION_CONFLICT::Coding region xref gene does not exist
prokka_out/CA140705:CDS	Glutamate synthase [NADPH] small chain	NODE_5_length_130343_cov_94.995446:c20788-19343	HIOKELPH_01298

DiscRep_SUB:FEATURE_LOCATION_CONFLICT::Coding region xref gene does not exist
prokka_out/CA140705:CDS	Ferredoxin-dependent glutamate synthase 1	NODE_5_length_130343_cov_94.995446:c25288-20798	HIOKELPH_01299

DiscRep_SUB:FEATURE_LOCATION_CONFLICT::Coding region xref gene does not exist
prokka_out/CA140705:CDS	hypothetical protein	NODE_5_length_130343_cov_94.995446:c26723-25422	HIOKELPH_01300

DiscRep_SUB:FEATURE_LOCATION_CONFLICT::Coding region xref gene does not exist
prokka_out/CA140705:CDS	hypothetical protein	NODE_5_length_130343_cov_94.995446:26954-27313	HIOKELPH_01301

DiscRep_SUB:FEATURE_LOCATION_CONFLICT::Coding region xref gene does not exist
prokka_out/CA140705:CDS	Cation/acetate symporter ActP	NODE_5_length_130343_cov_94.995446:27310-28956	HIOKELPH_01302

DiscRep_SUB:FEATURE_LOCATION_CONFLICT::Coding region xref gene does not exist
prokka_out/CA140705:CDS	hypothetical protein	NODE_5_length_130343_cov_94.995446:c29509-29075	HIOKELPH_01303

DiscRep_SUB:FEATURE_LOCATION_CONFLICT::Coding region xref gene does not exist
prokka_out/CA140705:CDS	hypothetical protein	NODE_5_length_130343_cov_94.995446:c29664-29506	HIOKELPH_01304

DiscRep_SUB:FEATURE_LOCATION_CONFLICT::Coding region xref gene does not exist
prokka_out/CA140705:CDS	hypothetical protein	NODE_5_length_130343_cov_94.995446:c30240-29710	HIOKELPH_01305

DiscRep_SUB:FEATURE_LOCATION_CONFLICT::Coding region xref gene does not exist
prokka_out/CA140705:CDS	4-cresol dehydrogenase [hydroxylating] flavoprotein subunit	NODE_5_length_130343_cov_94.995446:c30687-30436	HIOKELPH_01306

DiscRep_SUB:FEATURE_LOCATION_CONFLICT::Coding region xref gene does not exist
prokka_out/CA140705:CDS	hypothetical protein	NODE_5_length_130343_cov_94.995446:c30873-30778	HIOKELPH_01307

DiscRep_SUB:FEATURE_LOCATION_CONFLICT::Coding region xref gene does not exist
prokka_out/CA140705:CDS	hypothetical protein	NODE_5_length_130343_cov_94.995446:c31247-30870	HIOKELPH_01308

DiscRep_SUB:FEATURE_LOCATION_CONFLICT::Coding region xref gene does not exist
prokka_out/CA140705:CDS	DNA gyrase subunit B	NODE_5_length_130343_cov_94.995446:c33722-31410	HIOKELPH_01309

DiscRep_SUB:FEATURE_LOCATION_CONFLICT::Coding region xref gene does not exist
prokka_out/CA140705:CDS	Beta sliding clamp	NODE_5_length_130343_cov_94.995446:c34821-33754	HIOKELPH_01310

DiscRep_SUB:FEATURE_LOCATION_CONFLICT::Coding region xref gene does not exist
prokka_out/CA140705:CDS	Chromosomal replication initiator protein DnaA	NODE_5_length_130343_cov_94.995446:c36308-34986	HIOKELPH_01311

DiscRep_SUB:FEATURE_LOCATION_CONFLICT::Coding region xref gene does not exist
prokka_out/CA140705:CDS	Crossover junction endodeoxyribonuclease RuvC	NODE_5_length_130343_cov_94.995446:36411-36887	HIOKELPH_01312

DiscRep_SUB:FEATURE_LOCATION_CONFLICT::Coding region xref gene does not exist
prokka_out/CA140705:CDS	Flagellar hook protein FlgE	NODE_5_length_130343_cov_94.995446:37091-39631	HIOKELPH_01313

DiscRep_SUB:FEATURE_LOCATION_CONFLICT::Coding region xref gene does not exist
prokka_out/CA140705:CDS	O-acetyl-L-homoserine sulfhydrylase	NODE_5_length_130343_cov_94.995446:40057-41328	HIOKELPH_01314

DiscRep_SUB:FEATURE_LOCATION_CONFLICT::Coding region xref gene does not exist
prokka_out/CA140705:CDS	hypothetical protein	NODE_5_length_130343_cov_94.995446:41340-42374	HIOKELPH_01315

DiscRep_SUB:FEATURE_LOCATION_CONFLICT::Coding region xref gene does not exist
prokka_out/CA140705:CDS	Putative sulfur carrier protein YeeD	NODE_5_length_130343_cov_94.995446:42384-42605	HIOKELPH_01316

DiscRep_SUB:FEATURE_LOCATION_CONFLICT::Coding region xref gene does not exist
prokka_out/CA140705:CDS	Homoserine O-acetyltransferase 1	NODE_5_length_130343_cov_94.995446:42616-43497	HIOKELPH_01317

DiscRep_SUB:FEATURE_LOCATION_CONFLICT::Coding region xref gene does not exist
prokka_out/CA140705:CDS	hypothetical protein	NODE_5_length_130343_cov_94.995446:c44101-43502	HIOKELPH_01318

DiscRep_SUB:FEATURE_LOCATION_CONFLICT::Coding region xref gene does not exist
prokka_out/CA140705:CDS	NADPH-dependent 7-cyano-7-deazaguanine reductase	NODE_5_length_130343_cov_94.995446:44262-44645	HIOKELPH_01319

DiscRep_SUB:FEATURE_LOCATION_CONFLICT::Coding region xref gene does not exist
prokka_out/CA140705:CDS	hypothetical protein	NODE_5_length_130343_cov_94.995446:44832-45158	HIOKELPH_01320

DiscRep_SUB:FEATURE_LOCATION_CONFLICT::Coding region xref gene does not exist
prokka_out/CA140705:CDS	hypothetical protein	NODE_5_length_130343_cov_94.995446:45572-46216	HIOKELPH_01321

DiscRep_SUB:FEATURE_LOCATION_CONFLICT::Coding region xref gene does not exist
prokka_out/CA140705:CDS	hypothetical protein	NODE_5_length_130343_cov_94.995446:c46869-46240	HIOKELPH_01322

DiscRep_SUB:FEATURE_LOCATION_CONFLICT::Coding region xref gene does not exist
prokka_out/CA140705:CDS	2-isopropylmalate synthase	NODE_5_length_130343_cov_94.995446:47215-48750	HIOKELPH_01323

DiscRep_SUB:FEATURE_LOCATION_CONFLICT::Coding region xref gene does not exist
prokka_out/CA140705:CDS	3-isopropylmalate dehydrogenase	NODE_5_length_130343_cov_94.995446:48747-49823	HIOKELPH_01324

DiscRep_SUB:FEATURE_LOCATION_CONFLICT::Coding region xref gene does not exist
prokka_out/CA140705:CDS	3-isopropylmalate dehydratase large subunit	NODE_5_length_130343_cov_94.995446:49816-51222	HIOKELPH_01325

DiscRep_SUB:FEATURE_LOCATION_CONFLICT::Coding region xref gene does not exist
prokka_out/CA140705:CDS	3-isopropylmalate dehydratase small subunit 1	NODE_5_length_130343_cov_94.995446:51224-51826	HIOKELPH_01326

DiscRep_SUB:FEATURE_LOCATION_CONFLICT::Coding region xref gene does not exist
prokka_out/CA140705:CDS	hypothetical protein	NODE_5_length_130343_cov_94.995446:c52336-51806	HIOKELPH_01327

DiscRep_SUB:FEATURE_LOCATION_CONFLICT::Coding region xref gene does not exist
prokka_out/CA140705:CDS	hypothetical protein	NODE_5_length_130343_cov_94.995446:c53241-52828	HIOKELPH_01330

DiscRep_SUB:FEATURE_LOCATION_CONFLICT::Coding region xref gene does not exist
prokka_out/CA140705:CDS	hypothetical protein	NODE_5_length_130343_cov_94.995446:c53792-53223	HIOKELPH_01331

DiscRep_SUB:FEATURE_LOCATION_CONFLICT::Coding region xref gene does not exist
prokka_out/CA140705:CDS	hypothetical protein	NODE_5_length_130343_cov_94.995446:c54721-54617	HIOKELPH_01334

DiscRep_SUB:FEATURE_LOCATION_CONFLICT::Coding region xref gene does not exist
prokka_out/CA140705:CDS	putative dual-specificity RNA methyltransferase RlmN	NODE_5_length_130343_cov_94.995446:c55788-54718	HIOKELPH_01335

DiscRep_SUB:FEATURE_LOCATION_CONFLICT::Coding region xref gene does not exist
prokka_out/CA140705:CDS	hypothetical protein	NODE_5_length_130343_cov_94.995446:c56344-55808	HIOKELPH_01336

DiscRep_SUB:FEATURE_LOCATION_CONFLICT::Coding region xref gene does not exist
prokka_out/CA140705:CDS	Ribosomal RNA small subunit methyltransferase A	NODE_5_length_130343_cov_94.995446:56429-57223	HIOKELPH_01337

DiscRep_SUB:FEATURE_LOCATION_CONFLICT::Coding region xref gene does not exist
prokka_out/CA140705:CDS	Ribonuclease J	NODE_5_length_130343_cov_94.995446:57198-59228	HIOKELPH_01338

DiscRep_SUB:FEATURE_LOCATION_CONFLICT::Coding region xref gene does not exist
prokka_out/CA140705:CDS	Ribosomal large subunit pseudouridine synthase B	NODE_5_length_130343_cov_94.995446:59270-60031	HIOKELPH_01339

DiscRep_SUB:FEATURE_LOCATION_CONFLICT::Coding region xref gene does not exist
prokka_out/CA140705:CDS	30S ribosomal protein S10	NODE_5_length_130343_cov_94.995446:60229-60540	HIOKELPH_01340

DiscRep_SUB:FEATURE_LOCATION_CONFLICT::Coding region xref gene does not exist
prokka_out/CA140705:CDS	hypothetical protein	NODE_5_length_130343_cov_94.995446:60550-61125	HIOKELPH_01341

DiscRep_SUB:FEATURE_LOCATION_CONFLICT::Coding region xref gene does not exist
prokka_out/CA140705:CDS	50S ribosomal protein L4	NODE_5_length_130343_cov_94.995446:61122-61736	HIOKELPH_01342

DiscRep_SUB:FEATURE_LOCATION_CONFLICT::Coding region xref gene does not exist
prokka_out/CA140705:CDS	50S ribosomal protein L23	NODE_5_length_130343_cov_94.995446:61739-62020	HIOKELPH_01343

DiscRep_SUB:FEATURE_LOCATION_CONFLICT::Coding region xref gene does not exist
prokka_out/CA140705:CDS	50S ribosomal protein L2	NODE_5_length_130343_cov_94.995446:62022-62852	HIOKELPH_01344

DiscRep_SUB:FEATURE_LOCATION_CONFLICT::Coding region xref gene does not exist
prokka_out/CA140705:CDS	30S ribosomal protein S19	NODE_5_length_130343_cov_94.995446:62854-63135	HIOKELPH_01345

DiscRep_SUB:FEATURE_LOCATION_CONFLICT::Coding region xref gene does not exist
prokka_out/CA140705:CDS	hypothetical protein	NODE_5_length_130343_cov_94.995446:63146-63553	HIOKELPH_01346

DiscRep_SUB:FEATURE_LOCATION_CONFLICT::Coding region xref gene does not exist
prokka_out/CA140705:CDS	30S ribosomal protein S3	NODE_5_length_130343_cov_94.995446:63553-64254	HIOKELPH_01347

DiscRep_SUB:FEATURE_LOCATION_CONFLICT::Coding region xref gene does not exist
prokka_out/CA140705:CDS	50S ribosomal protein L16	NODE_5_length_130343_cov_94.995446:64257-64682	HIOKELPH_01348

DiscRep_SUB:FEATURE_LOCATION_CONFLICT::Coding region xref gene does not exist
prokka_out/CA140705:CDS	hypothetical protein	NODE_5_length_130343_cov_94.995446:64669-64854	HIOKELPH_01349

DiscRep_SUB:FEATURE_LOCATION_CONFLICT::Coding region xref gene does not exist
prokka_out/CA140705:CDS	30S ribosomal protein S17	NODE_5_length_130343_cov_94.995446:64864-65115	HIOKELPH_01350

DiscRep_SUB:FEATURE_LOCATION_CONFLICT::Coding region xref gene does not exist
prokka_out/CA140705:CDS	50S ribosomal protein L14	NODE_5_length_130343_cov_94.995446:65115-65483	HIOKELPH_01351

DiscRep_SUB:FEATURE_LOCATION_CONFLICT::Coding region xref gene does not exist
prokka_out/CA140705:CDS	50S ribosomal protein L24	NODE_5_length_130343_cov_94.995446:65483-65716	HIOKELPH_01352

DiscRep_SUB:FEATURE_LOCATION_CONFLICT::Coding region xref gene does not exist
prokka_out/CA140705:CDS	50S ribosomal protein L5	NODE_5_length_130343_cov_94.995446:65723-66265	HIOKELPH_01353

DiscRep_SUB:FEATURE_LOCATION_CONFLICT::Coding region xref gene does not exist
prokka_out/CA140705:CDS	30S ribosomal protein S14 type Z	NODE_5_length_130343_cov_94.995446:66267-66452	HIOKELPH_01354

DiscRep_SUB:FEATURE_LOCATION_CONFLICT::Coding region xref gene does not exist
prokka_out/CA140705:CDS	30S ribosomal protein S8	NODE_5_length_130343_cov_94.995446:66462-66857	HIOKELPH_01355

DiscRep_SUB:FEATURE_LOCATION_CONFLICT::Coding region xref gene does not exist
prokka_out/CA140705:CDS	50S ribosomal protein L6	NODE_5_length_130343_cov_94.995446:66935-67471	HIOKELPH_01356

DiscRep_SUB:FEATURE_LOCATION_CONFLICT::Coding region xref gene does not exist
prokka_out/CA140705:CDS	50S ribosomal protein L18	NODE_5_length_130343_cov_94.995446:67481-67837	HIOKELPH_01357

DiscRep_SUB:FEATURE_LOCATION_CONFLICT::Coding region xref gene does not exist
prokka_out/CA140705:CDS	30S ribosomal protein S5	NODE_5_length_130343_cov_94.995446:67849-68292	HIOKELPH_01358

DiscRep_SUB:FEATURE_LOCATION_CONFLICT::Coding region xref gene does not exist
prokka_out/CA140705:CDS	50S ribosomal protein L15	NODE_5_length_130343_cov_94.995446:68297-68689	HIOKELPH_01359

DiscRep_SUB:FEATURE_LOCATION_CONFLICT::Coding region xref gene does not exist
prokka_out/CA140705:CDS	Protein translocase subunit SecY	NODE_5_length_130343_cov_94.995446:68689-69954	HIOKELPH_01360

DiscRep_SUB:FEATURE_LOCATION_CONFLICT::Coding region xref gene does not exist
prokka_out/CA140705:CDS	hypothetical protein	NODE_5_length_130343_cov_94.995446:c71275-70016	HIOKELPH_01361

DiscRep_SUB:FEATURE_LOCATION_CONFLICT::Coding region xref gene does not exist
prokka_out/CA140705:CDS	DNA topoisomerase 1	NODE_5_length_130343_cov_94.995446:71504-73606	HIOKELPH_01362

DiscRep_SUB:FEATURE_LOCATION_CONFLICT::Coding region xref gene does not exist
prokka_out/CA140705:CDS	Biotin synthase	NODE_5_length_130343_cov_94.995446:73609-74445	HIOKELPH_01363

DiscRep_SUB:FEATURE_LOCATION_CONFLICT::Coding region xref gene does not exist
prokka_out/CA140705:CDS	hypothetical protein	NODE_5_length_130343_cov_94.995446:74426-75601	HIOKELPH_01364

DiscRep_SUB:FEATURE_LOCATION_CONFLICT::Coding region xref gene does not exist
prokka_out/CA140705:CDS	Citrate synthase	NODE_5_length_130343_cov_94.995446:75731-76999	HIOKELPH_01365

DiscRep_SUB:FEATURE_LOCATION_CONFLICT::Coding region xref gene does not exist
prokka_out/CA140705:CDS	3'(2'),5'-bisphosphate nucleotidase CysQ	NODE_5_length_130343_cov_94.995446:77073-77837	HIOKELPH_01366

DiscRep_SUB:FEATURE_LOCATION_CONFLICT::Coding region xref gene does not exist
prokka_out/CA140705:CDS	hypothetical protein	NODE_5_length_130343_cov_94.995446:77874-78635	HIOKELPH_01367

DiscRep_SUB:FEATURE_LOCATION_CONFLICT::Coding region xref gene does not exist
prokka_out/CA140705:CDS	hypothetical protein	NODE_5_length_130343_cov_94.995446:c78813-78640	HIOKELPH_01368

DiscRep_SUB:FEATURE_LOCATION_CONFLICT::Coding region xref gene does not exist
prokka_out/CA140705:CDS	UDP-N-acetylenolpyruvoylglucosamine reductase	NODE_5_length_130343_cov_94.995446:c79698-78922	HIOKELPH_01369

DiscRep_SUB:FEATURE_LOCATION_CONFLICT::Coding region xref gene does not exist
prokka_out/CA140705:CDS	Flagellar biosynthetic protein FliQ	NODE_5_length_130343_cov_94.995446:c79964-79695	HIOKELPH_01370

DiscRep_SUB:FEATURE_LOCATION_CONFLICT::Coding region xref gene does not exist
prokka_out/CA140705:CDS	1,4-dihydroxy-6-naphtoate synthase	NODE_5_length_130343_cov_94.995446:c80839-79976	HIOKELPH_01371

DiscRep_SUB:FEATURE_LOCATION_CONFLICT::Coding region xref gene does not exist
prokka_out/CA140705:CDS	Protein RecA	NODE_5_length_130343_cov_94.995446:80949-81980	HIOKELPH_01372

DiscRep_SUB:FEATURE_LOCATION_CONFLICT::Coding region xref gene does not exist
prokka_out/CA140705:CDS	Enolase	NODE_5_length_130343_cov_94.995446:81980-83224	HIOKELPH_01373

DiscRep_SUB:FEATURE_LOCATION_CONFLICT::Coding region xref gene does not exist
prokka_out/CA140705:CDS	hypothetical protein	NODE_5_length_130343_cov_94.995446:83290-83493	HIOKELPH_01374

DiscRep_SUB:FEATURE_LOCATION_CONFLICT::Coding region xref gene does not exist
prokka_out/CA140705:CDS	hypothetical protein	NODE_5_length_130343_cov_94.995446:83483-84145	HIOKELPH_01375

DiscRep_SUB:FEATURE_LOCATION_CONFLICT::Coding region xref gene does not exist
prokka_out/CA140705:CDS	DNA ligase	NODE_5_length_130343_cov_94.995446:84145-84984	HIOKELPH_01376

DiscRep_SUB:FEATURE_LOCATION_CONFLICT::Coding region xref gene does not exist
prokka_out/CA140705:CDS	Glutamate 5-kinase	NODE_5_length_130343_cov_94.995446:85673-86428	HIOKELPH_01382

DiscRep_SUB:FEATURE_LOCATION_CONFLICT::Coding region xref gene does not exist
prokka_out/CA140705:CDS	hypothetical protein	NODE_5_length_130343_cov_94.995446:86507-86641	HIOKELPH_01383

DiscRep_SUB:FEATURE_LOCATION_CONFLICT::Coding region xref gene does not exist
prokka_out/CA140705:CDS	hypothetical protein	NODE_5_length_130343_cov_94.995446:86695-87729	HIOKELPH_01384

DiscRep_SUB:FEATURE_LOCATION_CONFLICT::Coding region xref gene does not exist
prokka_out/CA140705:CDS	Methionyl-tRNA formyltransferase	NODE_5_length_130343_cov_94.995446:87868-88788	HIOKELPH_01385

DiscRep_SUB:FEATURE_LOCATION_CONFLICT::Coding region xref gene does not exist
prokka_out/CA140705:CDS	Bifunctional ligase/repressor BirA	NODE_5_length_130343_cov_94.995446:88751-89404	HIOKELPH_01386

DiscRep_SUB:FEATURE_LOCATION_CONFLICT::Coding region xref gene does not exist
prokka_out/CA140705:CDS	Sporulation initiation inhibitor protein Soj	NODE_5_length_130343_cov_94.995446:89401-90186	HIOKELPH_01387

DiscRep_SUB:FEATURE_LOCATION_CONFLICT::Coding region xref gene does not exist
prokka_out/CA140705:CDS	putative chromosome-partitioning protein ParB	NODE_5_length_130343_cov_94.995446:90191-91027	HIOKELPH_01388

DiscRep_SUB:FEATURE_LOCATION_CONFLICT::Coding region xref gene does not exist
prokka_out/CA140705:CDS	ATP synthase subunit b'	NODE_5_length_130343_cov_94.995446:91086-91511	HIOKELPH_01389

DiscRep_SUB:FEATURE_LOCATION_CONFLICT::Coding region xref gene does not exist
prokka_out/CA140705:CDS	ATP synthase subunit b	NODE_5_length_130343_cov_94.995446:91524-92036	HIOKELPH_01390

DiscRep_SUB:FEATURE_LOCATION_CONFLICT::Coding region xref gene does not exist
prokka_out/CA140705:CDS	ATP synthase subunit delta	NODE_5_length_130343_cov_94.995446:92036-92557	HIOKELPH_01391

DiscRep_SUB:FEATURE_LOCATION_CONFLICT::Coding region xref gene does not exist
prokka_out/CA140705:CDS	ATP synthase subunit alpha	NODE_5_length_130343_cov_94.995446:92570-94075	HIOKELPH_01392

DiscRep_SUB:FEATURE_LOCATION_CONFLICT::Coding region xref gene does not exist
prokka_out/CA140705:CDS	ATP synthase gamma chain, sodium ion specific	NODE_5_length_130343_cov_94.995446:94085-94969	HIOKELPH_01393

DiscRep_SUB:FEATURE_LOCATION_CONFLICT::Coding region xref gene does not exist
prokka_out/CA140705:CDS	ATP synthase subunit beta	NODE_5_length_130343_cov_94.995446:94996-96393	HIOKELPH_01394

DiscRep_SUB:FEATURE_LOCATION_CONFLICT::Coding region xref gene does not exist
prokka_out/CA140705:CDS	ATP synthase epsilon chain	NODE_5_length_130343_cov_94.995446:96397-96786	HIOKELPH_01395

DiscRep_SUB:FEATURE_LOCATION_CONFLICT::Coding region xref gene does not exist
prokka_out/CA140705:CDS	Tol-Pal system protein TolQ	NODE_5_length_130343_cov_94.995446:96787-97341	HIOKELPH_01396

DiscRep_SUB:FEATURE_LOCATION_CONFLICT::Coding region xref gene does not exist
prokka_out/CA140705:CDS	Biopolymer transport protein ExbD	NODE_5_length_130343_cov_94.995446:97352-97741	HIOKELPH_01397

DiscRep_SUB:FEATURE_LOCATION_CONFLICT::Coding region xref gene does not exist
prokka_out/CA140705:CDS	hypothetical protein	NODE_5_length_130343_cov_94.995446:97745-98521	HIOKELPH_01398

DiscRep_SUB:FEATURE_LOCATION_CONFLICT::Coding region xref gene does not exist
prokka_out/CA140705:CDS	Tol-Pal system protein TolB	NODE_5_length_130343_cov_94.995446:98535-99746	HIOKELPH_01399

DiscRep_SUB:FEATURE_LOCATION_CONFLICT::Coding region xref gene does not exist
prokka_out/CA140705:CDS	Peptidoglycan-associated lipoprotein	NODE_5_length_130343_cov_94.995446:99823-100320	HIOKELPH_01400

DiscRep_SUB:FEATURE_LOCATION_CONFLICT::Coding region xref gene does not exist
prokka_out/CA140705:CDS	Cell division coordinator CpoB	NODE_5_length_130343_cov_94.995446:100324-101277	HIOKELPH_01401

DiscRep_SUB:FEATURE_LOCATION_CONFLICT::Coding region xref gene does not exist
prokka_out/CA140705:CDS	hypothetical protein	NODE_5_length_130343_cov_94.995446:101293-101871	HIOKELPH_01402

DiscRep_SUB:FEATURE_LOCATION_CONFLICT::Coding region xref gene does not exist
prokka_out/CA140705:CDS	Malonyl CoA-acyl carrier protein transacylase	NODE_5_length_130343_cov_94.995446:101813-102793	HIOKELPH_01403

DiscRep_SUB:FEATURE_LOCATION_CONFLICT::Coding region xref gene does not exist
prokka_out/CA140705:CDS	Aminodeoxyfutalosine nucleosidase	NODE_5_length_130343_cov_94.995446:102794-103480	HIOKELPH_01404

DiscRep_SUB:FEATURE_LOCATION_CONFLICT::Coding region xref gene does not exist
prokka_out/CA140705:CDS	tRNA-cytidine(32) 2-sulfurtransferase	NODE_5_length_130343_cov_94.995446:103477-104238	HIOKELPH_01405

DiscRep_SUB:FEATURE_LOCATION_CONFLICT::Coding region xref gene does not exist
prokka_out/CA140705:CDS	hypothetical protein	NODE_5_length_130343_cov_94.995446:104235-104756	HIOKELPH_01406

DiscRep_SUB:FEATURE_LOCATION_CONFLICT::Coding region xref gene does not exist
prokka_out/CA140705:CDS	hypothetical protein	NODE_5_length_130343_cov_94.995446:104756-105370	HIOKELPH_01407

DiscRep_SUB:FEATURE_LOCATION_CONFLICT::Coding region xref gene does not exist
prokka_out/CA140705:CDS	Endoribonuclease YbeY	NODE_5_length_130343_cov_94.995446:105367-105774	HIOKELPH_01408

DiscRep_SUB:FEATURE_LOCATION_CONFLICT::Coding region xref gene does not exist
prokka_out/CA140705:CDS	hypothetical protein	NODE_5_length_130343_cov_94.995446:105897-106589	HIOKELPH_01409

DiscRep_SUB:FEATURE_LOCATION_CONFLICT::Coding region xref gene does not exist
prokka_out/CA140705:CDS	hypothetical protein	NODE_5_length_130343_cov_94.995446:106625-107863	HIOKELPH_01410

DiscRep_SUB:FEATURE_LOCATION_CONFLICT::Coding region xref gene does not exist
prokka_out/CA140705:CDS	tRNA-dihydrouridine synthase B	NODE_5_length_130343_cov_94.995446:c108810-107884	HIOKELPH_01411

DiscRep_SUB:FEATURE_LOCATION_CONFLICT::Coding region xref gene does not exist
prokka_out/CA140705:CDS	hypothetical protein	NODE_5_length_130343_cov_94.995446:c109793-108807	HIOKELPH_01412

DiscRep_SUB:FEATURE_LOCATION_CONFLICT::Coding region xref gene does not exist
prokka_out/CA140705:CDS	RNA polymerase-binding transcription factor DksA	NODE_5_length_130343_cov_94.995446:c110143-109790	HIOKELPH_01413

DiscRep_SUB:FEATURE_LOCATION_CONFLICT::Coding region xref gene does not exist
prokka_out/CA140705:CDS	Ribosomal RNA large subunit methyltransferase H	NODE_5_length_130343_cov_94.995446:c110604-110155	HIOKELPH_01414

DiscRep_SUB:FEATURE_LOCATION_CONFLICT::Coding region xref gene does not exist
prokka_out/CA140705:CDS	Acetyl-coenzyme A carboxylase carboxyl transferase subunit beta	NODE_5_length_130343_cov_94.995446:c111448-110606	HIOKELPH_01415

DiscRep_SUB:FEATURE_LOCATION_CONFLICT::Coding region xref gene does not exist
prokka_out/CA140705:CDS	hypothetical protein	NODE_5_length_130343_cov_94.995446:c112179-111463	HIOKELPH_01416

DiscRep_SUB:FEATURE_LOCATION_CONFLICT::Coding region xref gene does not exist
prokka_out/CA140705:CDS	Outer membrane protein assembly factor BamA	NODE_5_length_130343_cov_94.995446:c114395-112179	HIOKELPH_01417

DiscRep_SUB:FEATURE_LOCATION_CONFLICT::Coding region xref gene does not exist
prokka_out/CA140705:CDS	Cyclohexadienyl dehydrogenase	NODE_5_length_130343_cov_94.995446:114471-115298	HIOKELPH_01418

DiscRep_SUB:FEATURE_LOCATION_CONFLICT::Coding region xref gene does not exist
prokka_out/CA140705:CDS	hypothetical protein	NODE_5_length_130343_cov_94.995446:115396-116769	HIOKELPH_01419

DiscRep_SUB:FEATURE_LOCATION_CONFLICT::Coding region xref gene does not exist
prokka_out/CA140705:CDS	UDP-3-O-acyl-N-acetylglucosamine deacetylase	NODE_5_length_130343_cov_94.995446:116769-117653	HIOKELPH_01420

DiscRep_SUB:FEATURE_LOCATION_CONFLICT::Coding region xref gene does not exist
prokka_out/CA140705:CDS	hypothetical protein	NODE_5_length_130343_cov_94.995446:117692-118093	HIOKELPH_01421

DiscRep_SUB:FEATURE_LOCATION_CONFLICT::Coding region xref gene does not exist
prokka_out/CA140705:CDS	Homoserine kinase	NODE_5_length_130343_cov_94.995446:118111-118989	HIOKELPH_01422

DiscRep_SUB:FEATURE_LOCATION_CONFLICT::Coding region xref gene does not exist
prokka_out/CA140705:CDS	hypothetical protein	NODE_5_length_130343_cov_94.995446:118983-119276	HIOKELPH_01423

DiscRep_SUB:FEATURE_LOCATION_CONFLICT::Coding region xref gene does not exist
prokka_out/CA140705:CDS	Translation initiation factor IF-2	NODE_5_length_130343_cov_94.995446:119263-121833	HIOKELPH_01424

DiscRep_SUB:FEATURE_LOCATION_CONFLICT::Coding region xref gene does not exist
prokka_out/CA140705:CDS	Ribosome-binding factor A	NODE_5_length_130343_cov_94.995446:121830-122192	HIOKELPH_01425

DiscRep_SUB:FEATURE_LOCATION_CONFLICT::Coding region xref gene does not exist
prokka_out/CA140705:CDS	Ribosome maturation factor RimP	NODE_5_length_130343_cov_94.995446:122182-122625	HIOKELPH_01426

DiscRep_SUB:FEATURE_LOCATION_CONFLICT::Coding region xref gene does not exist
prokka_out/CA140705:CDS	hypothetical protein	NODE_5_length_130343_cov_94.995446:122699-122986	HIOKELPH_01427

DiscRep_SUB:FEATURE_LOCATION_CONFLICT::Coding region xref gene does not exist
prokka_out/CA140705:CDS	hypothetical protein	NODE_5_length_130343_cov_94.995446:122998-125073	HIOKELPH_01428

DiscRep_SUB:FEATURE_LOCATION_CONFLICT::Coding region xref gene does not exist
prokka_out/CA140705:CDS	hypothetical protein	NODE_5_length_130343_cov_94.995446:125036-126409	HIOKELPH_01429

DiscRep_SUB:FEATURE_LOCATION_CONFLICT::Coding region xref gene does not exist
prokka_out/CA140705:CDS	High-affinity zinc uptake system membrane protein ZnuB	NODE_5_length_130343_cov_94.995446:c127204-126398	HIOKELPH_01430

DiscRep_SUB:FEATURE_LOCATION_CONFLICT::Coding region xref gene does not exist
prokka_out/CA140705:CDS	Vitamin B12 import ATP-binding protein BtuD	NODE_5_length_130343_cov_94.995446:c128051-127197	HIOKELPH_01431

DiscRep_SUB:FEATURE_LOCATION_CONFLICT::Coding region xref gene does not exist
prokka_out/CA140705:CDS	hypothetical protein	NODE_5_length_130343_cov_94.995446:c128918-128064	HIOKELPH_01432

DiscRep_SUB:FEATURE_LOCATION_CONFLICT::RNA feature xref gene does not exist
prokka_out/CA140705:tRNA	Val	NODE_5_length_130343_cov_94.995446:c52642-52567	HIOKELPH_01328

DiscRep_SUB:FEATURE_LOCATION_CONFLICT::RNA feature xref gene does not exist
prokka_out/CA140705:tRNA	Ala	NODE_5_length_130343_cov_94.995446:c52719-52644	HIOKELPH_01329

DiscRep_SUB:FEATURE_LOCATION_CONFLICT::RNA feature xref gene does not exist
prokka_out/CA140705:tRNA	Ser	NODE_5_length_130343_cov_94.995446:c53983-53896	HIOKELPH_01332

DiscRep_SUB:FEATURE_LOCATION_CONFLICT::RNA feature xref gene does not exist
prokka_out/CA140705:tRNA	Met	NODE_5_length_130343_cov_94.995446:54088-54164	HIOKELPH_01333

DiscRep_SUB:FEATURE_LOCATION_CONFLICT::RNA feature xref gene does not exist
prokka_out/CA140705:tRNA	Pro	NODE_5_length_130343_cov_94.995446:85031-85108	HIOKELPH_01377

DiscRep_SUB:FEATURE_LOCATION_CONFLICT::RNA feature xref gene does not exist
prokka_out/CA140705:tRNA	His	NODE_5_length_130343_cov_94.995446:85133-85209	HIOKELPH_01378

DiscRep_SUB:FEATURE_LOCATION_CONFLICT::RNA feature xref gene does not exist
prokka_out/CA140705:tRNA	Arg	NODE_5_length_130343_cov_94.995446:85214-85290	HIOKELPH_01379

DiscRep_SUB:FEATURE_LOCATION_CONFLICT::RNA feature xref gene does not exist
prokka_out/CA140705:tRNA	Arg	NODE_5_length_130343_cov_94.995446:85305-85381	HIOKELPH_01380

DiscRep_SUB:FEATURE_LOCATION_CONFLICT::RNA feature xref gene does not exist
prokka_out/CA140705:tRNA	Leu	NODE_5_length_130343_cov_94.995446:85387-85471	HIOKELPH_01381

DiscRep_SUB:FEATURE_LOCATION_CONFLICT::Coding region xref gene does not exist
prokka_out/CA140705:CDS	Bacteriohemerythrin	NODE_6_length_110339_cov_89.964423:1654-1992	HIOKELPH_01433

DiscRep_SUB:FEATURE_LOCATION_CONFLICT::Coding region xref gene does not exist
prokka_out/CA140705:CDS	hypothetical protein	NODE_6_length_110339_cov_89.964423:2013-2249	HIOKELPH_01434

DiscRep_SUB:FEATURE_LOCATION_CONFLICT::Coding region xref gene does not exist
prokka_out/CA140705:CDS	hypothetical protein	NODE_6_length_110339_cov_89.964423:2302-3060	HIOKELPH_01435

DiscRep_SUB:FEATURE_LOCATION_CONFLICT::Coding region xref gene does not exist
prokka_out/CA140705:CDS	hypothetical protein	NODE_6_length_110339_cov_89.964423:3581-3910	HIOKELPH_01440

DiscRep_SUB:FEATURE_LOCATION_CONFLICT::Coding region xref gene does not exist
prokka_out/CA140705:CDS	hypothetical protein	NODE_6_length_110339_cov_89.964423:4005-5762	HIOKELPH_01441

DiscRep_SUB:FEATURE_LOCATION_CONFLICT::Coding region xref gene does not exist
prokka_out/CA140705:CDS	Riboflavin biosynthesis protein RibD	NODE_6_length_110339_cov_89.964423:5764-6744	HIOKELPH_01442

DiscRep_SUB:FEATURE_LOCATION_CONFLICT::Coding region xref gene does not exist
prokka_out/CA140705:CDS	hypothetical protein	NODE_6_length_110339_cov_89.964423:6725-7246	HIOKELPH_01443

DiscRep_SUB:FEATURE_LOCATION_CONFLICT::Coding region xref gene does not exist
prokka_out/CA140705:CDS	L-serine dehydratase TdcG	NODE_6_length_110339_cov_89.964423:c8670-7306	HIOKELPH_01444

DiscRep_SUB:FEATURE_LOCATION_CONFLICT::Coding region xref gene does not exist
prokka_out/CA140705:CDS	Serine transporter	NODE_6_length_110339_cov_89.964423:c10003-8681	HIOKELPH_01445

DiscRep_SUB:FEATURE_LOCATION_CONFLICT::Coding region xref gene does not exist
prokka_out/CA140705:CDS	hypothetical protein	NODE_6_length_110339_cov_89.964423:c10689-10273	HIOKELPH_01446

DiscRep_SUB:FEATURE_LOCATION_CONFLICT::Coding region xref gene does not exist
prokka_out/CA140705:CDS	hypothetical protein	NODE_6_length_110339_cov_89.964423:c11495-10758	HIOKELPH_01447

DiscRep_SUB:FEATURE_LOCATION_CONFLICT::Coding region xref gene does not exist
prokka_out/CA140705:CDS	Tol-Pal system protein TolQ	NODE_6_length_110339_cov_89.964423:11648-12073	HIOKELPH_01448

DiscRep_SUB:FEATURE_LOCATION_CONFLICT::Coding region xref gene does not exist
prokka_out/CA140705:CDS	Tol-Pal system protein TolR	NODE_6_length_110339_cov_89.964423:12066-12455	HIOKELPH_01449

DiscRep_SUB:FEATURE_LOCATION_CONFLICT::Coding region xref gene does not exist
prokka_out/CA140705:CDS	hypothetical protein	NODE_6_length_110339_cov_89.964423:c13559-12690	HIOKELPH_01450

DiscRep_SUB:FEATURE_LOCATION_CONFLICT::Coding region xref gene does not exist
prokka_out/CA140705:CDS	hypothetical protein	NODE_6_length_110339_cov_89.964423:c13724-13563	HIOKELPH_01451

DiscRep_SUB:FEATURE_LOCATION_CONFLICT::Coding region xref gene does not exist
prokka_out/CA140705:CDS	tRNA-specific 2-thiouridylase MnmA	NODE_6_length_110339_cov_89.964423:13819-14802	HIOKELPH_01452

DiscRep_SUB:FEATURE_LOCATION_CONFLICT::Coding region xref gene does not exist
prokka_out/CA140705:CDS	Filamentous hemagglutinin transporter protein FhaC	NODE_6_length_110339_cov_89.964423:c16148-14805	HIOKELPH_01453

DiscRep_SUB:FEATURE_LOCATION_CONFLICT::Coding region xref gene does not exist
prokka_out/CA140705:CDS	hypothetical protein	NODE_6_length_110339_cov_89.964423:c16426-16169	HIOKELPH_01454

DiscRep_SUB:FEATURE_LOCATION_CONFLICT::Coding region xref gene does not exist
prokka_out/CA140705:CDS	Filamentous hemagglutinin	NODE_6_length_110339_cov_89.964423:c18097-16457	HIOKELPH_01455

DiscRep_SUB:FEATURE_LOCATION_CONFLICT::Coding region xref gene does not exist
prokka_out/CA140705:CDS	hypothetical protein	NODE_6_length_110339_cov_89.964423:c19407-18556	HIOKELPH_01456

DiscRep_SUB:FEATURE_LOCATION_CONFLICT::Coding region xref gene does not exist
prokka_out/CA140705:CDS	hypothetical protein	NODE_6_length_110339_cov_89.964423:c20363-19371	HIOKELPH_01457

DiscRep_SUB:FEATURE_LOCATION_CONFLICT::Coding region xref gene does not exist
prokka_out/CA140705:CDS	hypothetical protein	NODE_6_length_110339_cov_89.964423:c21526-20387	HIOKELPH_01458

DiscRep_SUB:FEATURE_LOCATION_CONFLICT::Coding region xref gene does not exist
prokka_out/CA140705:CDS	hypothetical protein	NODE_6_length_110339_cov_89.964423:c22074-21526	HIOKELPH_01459

DiscRep_SUB:FEATURE_LOCATION_CONFLICT::Coding region xref gene does not exist
prokka_out/CA140705:CDS	Chorismate synthase	NODE_6_length_110339_cov_89.964423:c23427-22336	HIOKELPH_01460

DiscRep_SUB:FEATURE_LOCATION_CONFLICT::Coding region xref gene does not exist
prokka_out/CA140705:CDS	Ribonuclease 3	NODE_6_length_110339_cov_89.964423:c24101-23427	HIOKELPH_01461

DiscRep_SUB:FEATURE_LOCATION_CONFLICT::Coding region xref gene does not exist
prokka_out/CA140705:CDS	Ribonuclease H	NODE_6_length_110339_cov_89.964423:c24528-24088	HIOKELPH_01462

DiscRep_SUB:FEATURE_LOCATION_CONFLICT::Coding region xref gene does not exist
prokka_out/CA140705:CDS	Lipopolysaccharide assembly protein B	NODE_6_length_110339_cov_89.964423:c25498-24515	HIOKELPH_01463

DiscRep_SUB:FEATURE_LOCATION_CONFLICT::Coding region xref gene does not exist
prokka_out/CA140705:CDS	DNA primase	NODE_6_length_110339_cov_89.964423:25568-27394	HIOKELPH_01464

DiscRep_SUB:FEATURE_LOCATION_CONFLICT::Coding region xref gene does not exist
prokka_out/CA140705:CDS	hypothetical protein	NODE_6_length_110339_cov_89.964423:27492-27761	HIOKELPH_01465

DiscRep_SUB:FEATURE_LOCATION_CONFLICT::Coding region xref gene does not exist
prokka_out/CA140705:CDS	hypothetical protein	NODE_6_length_110339_cov_89.964423:27748-28305	HIOKELPH_01466

DiscRep_SUB:FEATURE_LOCATION_CONFLICT::Coding region xref gene does not exist
prokka_out/CA140705:CDS	UDP-N-acetylmuramoyl-L-alanyl-D-glutamate--2,6-diaminopimelate ligase	NODE_6_length_110339_cov_89.964423:28289-29572	HIOKELPH_01467

DiscRep_SUB:FEATURE_LOCATION_CONFLICT::Coding region xref gene does not exist
prokka_out/CA140705:CDS	Nucleoid-associated protein	NODE_6_length_110339_cov_89.964423:29576-29881	HIOKELPH_01468

DiscRep_SUB:FEATURE_LOCATION_CONFLICT::Coding region xref gene does not exist
prokka_out/CA140705:CDS	hypothetical protein	NODE_6_length_110339_cov_89.964423:29878-30975	HIOKELPH_01469

DiscRep_SUB:FEATURE_LOCATION_CONFLICT::Coding region xref gene does not exist
prokka_out/CA140705:CDS	Farnesyl diphosphate synthase	NODE_6_length_110339_cov_89.964423:30972-31811	HIOKELPH_01470

DiscRep_SUB:FEATURE_LOCATION_CONFLICT::Coding region xref gene does not exist
prokka_out/CA140705:CDS	Transketolase	NODE_6_length_110339_cov_89.964423:31821-33719	HIOKELPH_01471

DiscRep_SUB:FEATURE_LOCATION_CONFLICT::Coding region xref gene does not exist
prokka_out/CA140705:CDS	hypothetical protein	NODE_6_length_110339_cov_89.964423:33721-34836	HIOKELPH_01472

DiscRep_SUB:FEATURE_LOCATION_CONFLICT::Coding region xref gene does not exist
prokka_out/CA140705:CDS	putative ribonucleotide transport ATP-binding protein mkl	NODE_6_length_110339_cov_89.964423:34837-35559	HIOKELPH_01473

DiscRep_SUB:FEATURE_LOCATION_CONFLICT::Coding region xref gene does not exist
prokka_out/CA140705:CDS	hypothetical protein	NODE_6_length_110339_cov_89.964423:35562-36458	HIOKELPH_01474

DiscRep_SUB:FEATURE_LOCATION_CONFLICT::Coding region xref gene does not exist
prokka_out/CA140705:CDS	hypothetical protein	NODE_6_length_110339_cov_89.964423:36455-37057	HIOKELPH_01475

DiscRep_SUB:FEATURE_LOCATION_CONFLICT::Coding region xref gene does not exist
prokka_out/CA140705:CDS	hypothetical protein	NODE_6_length_110339_cov_89.964423:37109-37609	HIOKELPH_01476

DiscRep_SUB:FEATURE_LOCATION_CONFLICT::Coding region xref gene does not exist
prokka_out/CA140705:CDS	Methionine aminopeptidase 1	NODE_6_length_110339_cov_89.964423:c38689-37931	HIOKELPH_01477

DiscRep_SUB:FEATURE_LOCATION_CONFLICT::Coding region xref gene does not exist
prokka_out/CA140705:CDS	Glutamate racemase	NODE_6_length_110339_cov_89.964423:c39442-38699	HIOKELPH_01478

DiscRep_SUB:FEATURE_LOCATION_CONFLICT::Coding region xref gene does not exist
prokka_out/CA140705:CDS	hypothetical protein	NODE_6_length_110339_cov_89.964423:c39908-39444	HIOKELPH_01479

DiscRep_SUB:FEATURE_LOCATION_CONFLICT::Coding region xref gene does not exist
prokka_out/CA140705:CDS	Na(+)/H(+) antiporter NhaA	NODE_6_length_110339_cov_89.964423:c41086-39917	HIOKELPH_01480

DiscRep_SUB:FEATURE_LOCATION_CONFLICT::Coding region xref gene does not exist
prokka_out/CA140705:CDS	Na(+)/H(+) antiporter NhaA	NODE_6_length_110339_cov_89.964423:c42231-41083	HIOKELPH_01481

DiscRep_SUB:FEATURE_LOCATION_CONFLICT::Coding region xref gene does not exist
prokka_out/CA140705:CDS	hypothetical protein	NODE_6_length_110339_cov_89.964423:c42539-42357	HIOKELPH_01482

DiscRep_SUB:FEATURE_LOCATION_CONFLICT::Coding region xref gene does not exist
prokka_out/CA140705:CDS	hypothetical protein	NODE_6_length_110339_cov_89.964423:42717-44786	HIOKELPH_01483

DiscRep_SUB:FEATURE_LOCATION_CONFLICT::Coding region xref gene does not exist
prokka_out/CA140705:CDS	34 kDa membrane antigen	NODE_6_length_110339_cov_89.964423:44783-45322	HIOKELPH_01484

DiscRep_SUB:FEATURE_LOCATION_CONFLICT::Coding region xref gene does not exist
prokka_out/CA140705:CDS	hypothetical protein	NODE_6_length_110339_cov_89.964423:45404-46807	HIOKELPH_01485

DiscRep_SUB:FEATURE_LOCATION_CONFLICT::Coding region xref gene does not exist
prokka_out/CA140705:CDS	hypothetical protein	NODE_6_length_110339_cov_89.964423:46797-48092	HIOKELPH_01486

DiscRep_SUB:FEATURE_LOCATION_CONFLICT::Coding region xref gene does not exist
prokka_out/CA140705:CDS	hypothetical protein	NODE_6_length_110339_cov_89.964423:48082-49200	HIOKELPH_01487

DiscRep_SUB:FEATURE_LOCATION_CONFLICT::Coding region xref gene does not exist
prokka_out/CA140705:CDS	putative ABC transporter ATP-binding protein YknY	NODE_6_length_110339_cov_89.964423:49200-49847	HIOKELPH_01488

DiscRep_SUB:FEATURE_LOCATION_CONFLICT::Coding region xref gene does not exist
prokka_out/CA140705:CDS	Thiol-disulfide oxidoreductase ResA	NODE_6_length_110339_cov_89.964423:49844-50332	HIOKELPH_01489

DiscRep_SUB:FEATURE_LOCATION_CONFLICT::Coding region xref gene does not exist
prokka_out/CA140705:CDS	hypothetical protein	NODE_6_length_110339_cov_89.964423:50293-50796	HIOKELPH_01490

DiscRep_SUB:FEATURE_LOCATION_CONFLICT::Coding region xref gene does not exist
prokka_out/CA140705:CDS	GTPase Obg	NODE_6_length_110339_cov_89.964423:c51895-50840	HIOKELPH_01491

DiscRep_SUB:FEATURE_LOCATION_CONFLICT::Coding region xref gene does not exist
prokka_out/CA140705:CDS	50S ribosomal protein L27	NODE_6_length_110339_cov_89.964423:c52254-52000	HIOKELPH_01492

DiscRep_SUB:FEATURE_LOCATION_CONFLICT::Coding region xref gene does not exist
prokka_out/CA140705:CDS	50S ribosomal protein L21	NODE_6_length_110339_cov_89.964423:c52573-52265	HIOKELPH_01493

DiscRep_SUB:FEATURE_LOCATION_CONFLICT::Coding region xref gene does not exist
prokka_out/CA140705:CDS	hypothetical protein	NODE_6_length_110339_cov_89.964423:c53716-52730	HIOKELPH_01494

DiscRep_SUB:FEATURE_LOCATION_CONFLICT::Coding region xref gene does not exist
prokka_out/CA140705:CDS	hypothetical protein	NODE_6_length_110339_cov_89.964423:c54339-53716	HIOKELPH_01495

DiscRep_SUB:FEATURE_LOCATION_CONFLICT::Coding region xref gene does not exist
prokka_out/CA140705:CDS	hypothetical protein	NODE_6_length_110339_cov_89.964423:c55722-54370	HIOKELPH_01496

DiscRep_SUB:FEATURE_LOCATION_CONFLICT::Coding region xref gene does not exist
prokka_out/CA140705:CDS	Anaerobic C4-dicarboxylate transporter DcuA	NODE_6_length_110339_cov_89.964423:c57129-55792	HIOKELPH_01497

DiscRep_SUB:FEATURE_LOCATION_CONFLICT::Coding region xref gene does not exist
prokka_out/CA140705:CDS	Aspartate ammonia-lyase	NODE_6_length_110339_cov_89.964423:c58552-57146	HIOKELPH_01498

DiscRep_SUB:FEATURE_LOCATION_CONFLICT::Coding region xref gene does not exist
prokka_out/CA140705:CDS	Uracil-DNA glycosylase	NODE_6_length_110339_cov_89.964423:58816-59511	HIOKELPH_01499

DiscRep_SUB:FEATURE_LOCATION_CONFLICT::Coding region xref gene does not exist
prokka_out/CA140705:CDS	L-aspartate/glutamate-specific racemase	NODE_6_length_110339_cov_89.964423:59645-60337	HIOKELPH_01500

DiscRep_SUB:FEATURE_LOCATION_CONFLICT::Coding region xref gene does not exist
prokka_out/CA140705:CDS	hypothetical protein	NODE_6_length_110339_cov_89.964423:c60534-60334	HIOKELPH_01501

DiscRep_SUB:FEATURE_LOCATION_CONFLICT::Coding region xref gene does not exist
prokka_out/CA140705:CDS	hypothetical protein	NODE_6_length_110339_cov_89.964423:60665-61288	HIOKELPH_01502

DiscRep_SUB:FEATURE_LOCATION_CONFLICT::Coding region xref gene does not exist
prokka_out/CA140705:CDS	hypothetical protein	NODE_6_length_110339_cov_89.964423:c61474-61370	HIOKELPH_01503

DiscRep_SUB:FEATURE_LOCATION_CONFLICT::Coding region xref gene does not exist
prokka_out/CA140705:CDS	Cytochrome bd-I ubiquinol oxidase subunit 2	NODE_6_length_110339_cov_89.964423:c62612-61488	HIOKELPH_01504

DiscRep_SUB:FEATURE_LOCATION_CONFLICT::Coding region xref gene does not exist
prokka_out/CA140705:CDS	Cytochrome bd-I ubiquinol oxidase subunit 1	NODE_6_length_110339_cov_89.964423:c64174-62612	HIOKELPH_01505

DiscRep_SUB:FEATURE_LOCATION_CONFLICT::Coding region xref gene does not exist
prokka_out/CA140705:CDS	hypothetical protein	NODE_6_length_110339_cov_89.964423:c64404-64174	HIOKELPH_01506

DiscRep_SUB:FEATURE_LOCATION_CONFLICT::Coding region xref gene does not exist
prokka_out/CA140705:CDS	L-lactate permease	NODE_6_length_110339_cov_89.964423:64792-66459	HIOKELPH_01507

DiscRep_SUB:FEATURE_LOCATION_CONFLICT::Coding region xref gene does not exist
prokka_out/CA140705:CDS	Lactate utilization protein A	NODE_6_length_110339_cov_89.964423:66612-67349	HIOKELPH_01508

DiscRep_SUB:FEATURE_LOCATION_CONFLICT::Coding region xref gene does not exist
prokka_out/CA140705:CDS	Lactate utilization protein B	NODE_6_length_110339_cov_89.964423:67346-68785	HIOKELPH_01509

DiscRep_SUB:FEATURE_LOCATION_CONFLICT::Coding region xref gene does not exist
prokka_out/CA140705:CDS	Lactate utilization protein C	NODE_6_length_110339_cov_89.964423:68778-69434	HIOKELPH_01510

DiscRep_SUB:FEATURE_LOCATION_CONFLICT::Coding region xref gene does not exist
prokka_out/CA140705:CDS	Bacteriohemerythrin	NODE_6_length_110339_cov_89.964423:69657-70346	HIOKELPH_01511

DiscRep_SUB:FEATURE_LOCATION_CONFLICT::Coding region xref gene does not exist
prokka_out/CA140705:CDS	Bacteriohemerythrin	NODE_6_length_110339_cov_89.964423:70327-70938	HIOKELPH_01512

DiscRep_SUB:FEATURE_LOCATION_CONFLICT::Coding region xref gene does not exist
prokka_out/CA140705:CDS	hypothetical protein	NODE_6_length_110339_cov_89.964423:c72197-71166	HIOKELPH_01513

DiscRep_SUB:FEATURE_LOCATION_CONFLICT::Coding region xref gene does not exist
prokka_out/CA140705:CDS	hypothetical protein	NODE_6_length_110339_cov_89.964423:c73201-72305	HIOKELPH_01514

DiscRep_SUB:FEATURE_LOCATION_CONFLICT::Coding region xref gene does not exist
prokka_out/CA140705:CDS	Aminodeoxyfutalosine deaminase	NODE_6_length_110339_cov_89.964423:c74418-73189	HIOKELPH_01515

DiscRep_SUB:FEATURE_LOCATION_CONFLICT::Coding region xref gene does not exist
prokka_out/CA140705:CDS	3-dehydroquinate dehydratase	NODE_6_length_110339_cov_89.964423:74511-74999	HIOKELPH_01516

DiscRep_SUB:FEATURE_LOCATION_CONFLICT::Coding region xref gene does not exist
prokka_out/CA140705:CDS	hypothetical protein	NODE_6_length_110339_cov_89.964423:75002-75484	HIOKELPH_01517

DiscRep_SUB:FEATURE_LOCATION_CONFLICT::Coding region xref gene does not exist
prokka_out/CA140705:CDS	Signal recognition particle 54 kDa protein	NODE_6_length_110339_cov_89.964423:75485-76915	HIOKELPH_01518

DiscRep_SUB:FEATURE_LOCATION_CONFLICT::Coding region xref gene does not exist
prokka_out/CA140705:CDS	Flagellum site-determining protein YlxH	NODE_6_length_110339_cov_89.964423:76908-77774	HIOKELPH_01519

DiscRep_SUB:FEATURE_LOCATION_CONFLICT::Coding region xref gene does not exist
prokka_out/CA140705:CDS	hypothetical protein	NODE_6_length_110339_cov_89.964423:77794-78150	HIOKELPH_01520

DiscRep_SUB:FEATURE_LOCATION_CONFLICT::Coding region xref gene does not exist
prokka_out/CA140705:CDS	RNA polymerase sigma factor FliA	NODE_6_length_110339_cov_89.964423:78131-78823	HIOKELPH_01521

DiscRep_SUB:FEATURE_LOCATION_CONFLICT::Coding region xref gene does not exist
prokka_out/CA140705:CDS	Flagellar motor switch protein FliM	NODE_6_length_110339_cov_89.964423:78823-79899	HIOKELPH_01522

DiscRep_SUB:FEATURE_LOCATION_CONFLICT::Coding region xref gene does not exist
prokka_out/CA140705:CDS	hypothetical protein	NODE_6_length_110339_cov_89.964423:79896-80732	HIOKELPH_01523

DiscRep_SUB:FEATURE_LOCATION_CONFLICT::Coding region xref gene does not exist
prokka_out/CA140705:CDS	hypothetical protein	NODE_6_length_110339_cov_89.964423:c81332-80781	HIOKELPH_01524

DiscRep_SUB:FEATURE_LOCATION_CONFLICT::Coding region xref gene does not exist
prokka_out/CA140705:CDS	hypothetical protein	NODE_6_length_110339_cov_89.964423:c82217-81363	HIOKELPH_01525

DiscRep_SUB:FEATURE_LOCATION_CONFLICT::Coding region xref gene does not exist
prokka_out/CA140705:CDS	hypothetical protein	NODE_6_length_110339_cov_89.964423:82511-83143	HIOKELPH_01526

DiscRep_SUB:FEATURE_LOCATION_CONFLICT::Coding region xref gene does not exist
prokka_out/CA140705:CDS	hypothetical protein	NODE_6_length_110339_cov_89.964423:83157-83945	HIOKELPH_01527

DiscRep_SUB:FEATURE_LOCATION_CONFLICT::Coding region xref gene does not exist
prokka_out/CA140705:CDS	hypothetical protein	NODE_6_length_110339_cov_89.964423:84067-84672	HIOKELPH_01528

DiscRep_SUB:FEATURE_LOCATION_CONFLICT::Coding region xref gene does not exist
prokka_out/CA140705:CDS	tRNA-specific 2-thiouridylase MnmA	NODE_6_length_110339_cov_89.964423:84672-85688	HIOKELPH_01529

DiscRep_SUB:FEATURE_LOCATION_CONFLICT::Coding region xref gene does not exist
prokka_out/CA140705:CDS	hypothetical protein	NODE_6_length_110339_cov_89.964423:c87531-85723	HIOKELPH_01530

DiscRep_SUB:FEATURE_LOCATION_CONFLICT::Coding region xref gene does not exist
prokka_out/CA140705:CDS	Bacteriohemerythrin	NODE_6_length_110339_cov_89.964423:87968-88687	HIOKELPH_01531

DiscRep_SUB:FEATURE_LOCATION_CONFLICT::Coding region xref gene does not exist
prokka_out/CA140705:CDS	hypothetical protein	NODE_6_length_110339_cov_89.964423:88688-90559	HIOKELPH_01532

DiscRep_SUB:FEATURE_LOCATION_CONFLICT::Coding region xref gene does not exist
prokka_out/CA140705:CDS	hypothetical protein	NODE_6_length_110339_cov_89.964423:c92200-90563	HIOKELPH_01533

DiscRep_SUB:FEATURE_LOCATION_CONFLICT::Coding region xref gene does not exist
prokka_out/CA140705:CDS	hypothetical protein	NODE_6_length_110339_cov_89.964423:c93067-92204	HIOKELPH_01534

DiscRep_SUB:FEATURE_LOCATION_CONFLICT::Coding region xref gene does not exist
prokka_out/CA140705:CDS	hypothetical protein	NODE_6_length_110339_cov_89.964423:c95006-93120	HIOKELPH_01535

DiscRep_SUB:FEATURE_LOCATION_CONFLICT::Coding region xref gene does not exist
prokka_out/CA140705:CDS	hypothetical protein	NODE_6_length_110339_cov_89.964423:c95343-95020	HIOKELPH_01536

DiscRep_SUB:FEATURE_LOCATION_CONFLICT::Coding region xref gene does not exist
prokka_out/CA140705:CDS	GTP-binding protein TypA/BipA	NODE_6_length_110339_cov_89.964423:95472-97280	HIOKELPH_01537

DiscRep_SUB:FEATURE_LOCATION_CONFLICT::Coding region xref gene does not exist
prokka_out/CA140705:CDS	hypothetical protein	NODE_6_length_110339_cov_89.964423:97280-97930	HIOKELPH_01538

DiscRep_SUB:FEATURE_LOCATION_CONFLICT::Coding region xref gene does not exist
prokka_out/CA140705:CDS	hypothetical protein	NODE_6_length_110339_cov_89.964423:c99276-97927	HIOKELPH_01539

DiscRep_SUB:FEATURE_LOCATION_CONFLICT::Coding region xref gene does not exist
prokka_out/CA140705:CDS	Bicyclomycin resistance protein	NODE_6_length_110339_cov_89.964423:99382-100590	HIOKELPH_01540

DiscRep_SUB:FEATURE_LOCATION_CONFLICT::Coding region xref gene does not exist
prokka_out/CA140705:CDS	hypothetical protein	NODE_6_length_110339_cov_89.964423:100587-101288	HIOKELPH_01541

DiscRep_SUB:FEATURE_LOCATION_CONFLICT::Coding region xref gene does not exist
prokka_out/CA140705:CDS	hypothetical protein	NODE_6_length_110339_cov_89.964423:c103456-101318	HIOKELPH_01542

DiscRep_SUB:FEATURE_LOCATION_CONFLICT::Coding region xref gene does not exist
prokka_out/CA140705:CDS	hypothetical protein	NODE_6_length_110339_cov_89.964423:c104637-103456	HIOKELPH_01543

DiscRep_SUB:FEATURE_LOCATION_CONFLICT::Coding region xref gene does not exist
prokka_out/CA140705:CDS	hypothetical protein	NODE_6_length_110339_cov_89.964423:c107254-104618	HIOKELPH_01544

DiscRep_SUB:FEATURE_LOCATION_CONFLICT::Coding region xref gene does not exist
prokka_out/CA140705:CDS	hypothetical protein	NODE_6_length_110339_cov_89.964423:107358-108455	HIOKELPH_01545

DiscRep_SUB:FEATURE_LOCATION_CONFLICT::Coding region xref gene does not exist
prokka_out/CA140705:CDS	hypothetical protein	NODE_6_length_110339_cov_89.964423:108452-109474	HIOKELPH_01546

DiscRep_SUB:FEATURE_LOCATION_CONFLICT::Coding region xref gene does not exist
prokka_out/CA140705:CDS	hypothetical protein	NODE_6_length_110339_cov_89.964423:109471-110178	HIOKELPH_01547

DiscRep_SUB:FEATURE_LOCATION_CONFLICT::RNA feature xref gene does not exist
prokka_out/CA140705:tRNA	Gly	NODE_6_length_110339_cov_89.964423:3120-3194	HIOKELPH_01436

DiscRep_SUB:FEATURE_LOCATION_CONFLICT::RNA feature xref gene does not exist
prokka_out/CA140705:tRNA	Leu	NODE_6_length_110339_cov_89.964423:3204-3292	HIOKELPH_01437

DiscRep_SUB:FEATURE_LOCATION_CONFLICT::RNA feature xref gene does not exist
prokka_out/CA140705:tRNA	Cys	NODE_6_length_110339_cov_89.964423:3313-3386	HIOKELPH_01438

DiscRep_SUB:FEATURE_LOCATION_CONFLICT::RNA feature xref gene does not exist
prokka_out/CA140705:tRNA	Ser	NODE_6_length_110339_cov_89.964423:3418-3505	HIOKELPH_01439

DiscRep_SUB:FEATURE_LOCATION_CONFLICT::Coding region xref gene does not exist
prokka_out/CA140705:CDS	Bacteriohemerythrin	NODE_7_length_61353_cov_92.227469:c890-357	HIOKELPH_01548

DiscRep_SUB:FEATURE_LOCATION_CONFLICT::Coding region xref gene does not exist
prokka_out/CA140705:CDS	Adenine DNA glycosylase	NODE_7_length_61353_cov_92.227469:1214-2233	HIOKELPH_01549

DiscRep_SUB:FEATURE_LOCATION_CONFLICT::Coding region xref gene does not exist
prokka_out/CA140705:CDS	Alpha-ketoglutarate permease	NODE_7_length_61353_cov_92.227469:c3481-2219	HIOKELPH_01550

DiscRep_SUB:FEATURE_LOCATION_CONFLICT::Coding region xref gene does not exist
prokka_out/CA140705:CDS	GTP 3',8-cyclase	NODE_7_length_61353_cov_92.227469:3651-4508	HIOKELPH_01551

DiscRep_SUB:FEATURE_LOCATION_CONFLICT::Coding region xref gene does not exist
prokka_out/CA140705:CDS	Vitamin B12-binding protein	NODE_7_length_61353_cov_92.227469:c5311-4505	HIOKELPH_01552

DiscRep_SUB:FEATURE_LOCATION_CONFLICT::Coding region xref gene does not exist
prokka_out/CA140705:CDS	Ferric enterobactin transport ATP-binding protein FepC	NODE_7_length_61353_cov_92.227469:c6087-5308	HIOKELPH_01553

DiscRep_SUB:FEATURE_LOCATION_CONFLICT::Coding region xref gene does not exist
prokka_out/CA140705:CDS	Hemin transport system permease protein HmuU	NODE_7_length_61353_cov_92.227469:c7085-6084	HIOKELPH_01554

DiscRep_SUB:FEATURE_LOCATION_CONFLICT::Coding region xref gene does not exist
prokka_out/CA140705:CDS	Vitamin B12 transporter BtuB	NODE_7_length_61353_cov_92.227469:c9153-7045	HIOKELPH_01555

DiscRep_SUB:FEATURE_LOCATION_CONFLICT::Coding region xref gene does not exist
prokka_out/CA140705:CDS	Heme oxygenase HugZ	NODE_7_length_61353_cov_92.227469:9357-10112	HIOKELPH_01556

DiscRep_SUB:FEATURE_LOCATION_CONFLICT::Coding region xref gene does not exist
prokka_out/CA140705:CDS	Peptide chain release factor RF1	NODE_7_length_61353_cov_92.227469:c11210-10143	HIOKELPH_01557

DiscRep_SUB:FEATURE_LOCATION_CONFLICT::Coding region xref gene does not exist
prokka_out/CA140705:CDS	hypothetical protein	NODE_7_length_61353_cov_92.227469:c11490-11227	HIOKELPH_01558

DiscRep_SUB:FEATURE_LOCATION_CONFLICT::Coding region xref gene does not exist
prokka_out/CA140705:CDS	Phosphatidylglycerophosphatase A	NODE_7_length_61353_cov_92.227469:c12067-11567	HIOKELPH_01559

DiscRep_SUB:FEATURE_LOCATION_CONFLICT::Coding region xref gene does not exist
prokka_out/CA140705:CDS	Sulfate adenylyltransferase	NODE_7_length_61353_cov_92.227469:c13237-12077	HIOKELPH_01560

DiscRep_SUB:FEATURE_LOCATION_CONFLICT::Coding region xref gene does not exist
prokka_out/CA140705:CDS	hypothetical protein	NODE_7_length_61353_cov_92.227469:c14102-13215	HIOKELPH_01561

DiscRep_SUB:FEATURE_LOCATION_CONFLICT::Coding region xref gene does not exist
prokka_out/CA140705:CDS	Bifunctional enzyme IspD/IspF	NODE_7_length_61353_cov_92.227469:c15214-14099	HIOKELPH_01562

DiscRep_SUB:FEATURE_LOCATION_CONFLICT::Coding region xref gene does not exist
prokka_out/CA140705:CDS	Iron-sulfur cluster carrier protein	NODE_7_length_61353_cov_92.227469:15334-16440	HIOKELPH_01563

DiscRep_SUB:FEATURE_LOCATION_CONFLICT::Coding region xref gene does not exist
prokka_out/CA140705:CDS	2,3,4,5-tetrahydropyridine-2,6-dicarboxylate N-succinyltransferase	NODE_7_length_61353_cov_92.227469:16459-17622	HIOKELPH_01564

DiscRep_SUB:FEATURE_LOCATION_CONFLICT::Coding region xref gene does not exist
prokka_out/CA140705:CDS	hypothetical protein	NODE_7_length_61353_cov_92.227469:c18195-17680	HIOKELPH_01565

DiscRep_SUB:FEATURE_LOCATION_CONFLICT::Coding region xref gene does not exist
prokka_out/CA140705:CDS	Histidine biosynthesis bifunctional protein HisIE	NODE_7_length_61353_cov_92.227469:c18871-18248	HIOKELPH_01566

DiscRep_SUB:FEATURE_LOCATION_CONFLICT::Coding region xref gene does not exist
prokka_out/CA140705:CDS	Imidazole glycerol phosphate synthase subunit HisF	NODE_7_length_61353_cov_92.227469:c19641-18874	HIOKELPH_01567

DiscRep_SUB:FEATURE_LOCATION_CONFLICT::Coding region xref gene does not exist
prokka_out/CA140705:CDS	1-(5-phosphoribosyl)-5-[(5-phosphoribosylamino)methylideneamino] imidazole-4-carboxamide isomerase	NODE_7_length_61353_cov_92.227469:c20351-19623	HIOKELPH_01568

DiscRep_SUB:FEATURE_LOCATION_CONFLICT::Coding region xref gene does not exist
prokka_out/CA140705:CDS	Imidazole glycerol phosphate synthase subunit HisH	NODE_7_length_61353_cov_92.227469:c20935-20348	HIOKELPH_01569

DiscRep_SUB:FEATURE_LOCATION_CONFLICT::Coding region xref gene does not exist
prokka_out/CA140705:CDS	Histidine biosynthesis bifunctional protein HisB	NODE_7_length_61353_cov_92.227469:c21993-20932	HIOKELPH_01570

DiscRep_SUB:FEATURE_LOCATION_CONFLICT::Coding region xref gene does not exist
prokka_out/CA140705:CDS	Histidinol dehydrogenase	NODE_7_length_61353_cov_92.227469:c23276-21990	HIOKELPH_01571

DiscRep_SUB:FEATURE_LOCATION_CONFLICT::Coding region xref gene does not exist
prokka_out/CA140705:CDS	ATP phosphoribosyltransferase	NODE_7_length_61353_cov_92.227469:c24183-23284	HIOKELPH_01572

DiscRep_SUB:FEATURE_LOCATION_CONFLICT::Coding region xref gene does not exist
prokka_out/CA140705:CDS	50S ribosomal protein L17	NODE_7_length_61353_cov_92.227469:c24754-24401	HIOKELPH_01573

DiscRep_SUB:FEATURE_LOCATION_CONFLICT::Coding region xref gene does not exist
prokka_out/CA140705:CDS	DNA-directed RNA polymerase subunit alpha	NODE_7_length_61353_cov_92.227469:c25771-24758	HIOKELPH_01574

DiscRep_SUB:FEATURE_LOCATION_CONFLICT::Coding region xref gene does not exist
prokka_out/CA140705:CDS	30S ribosomal protein S4	NODE_7_length_61353_cov_92.227469:c26411-25785	HIOKELPH_01575

DiscRep_SUB:FEATURE_LOCATION_CONFLICT::Coding region xref gene does not exist
prokka_out/CA140705:CDS	30S ribosomal protein S11	NODE_7_length_61353_cov_92.227469:c26833-26441	HIOKELPH_01576

DiscRep_SUB:FEATURE_LOCATION_CONFLICT::Coding region xref gene does not exist
prokka_out/CA140705:CDS	30S ribosomal protein S13	NODE_7_length_61353_cov_92.227469:c27208-26843	HIOKELPH_01577

DiscRep_SUB:FEATURE_LOCATION_CONFLICT::Coding region xref gene does not exist
prokka_out/CA140705:CDS	Translation initiation factor IF-1	NODE_7_length_61353_cov_92.227469:c27713-27495	HIOKELPH_01578

DiscRep_SUB:FEATURE_LOCATION_CONFLICT::Coding region xref gene does not exist
prokka_out/CA140705:CDS	hypothetical protein	NODE_7_length_61353_cov_92.227469:c28639-27779	HIOKELPH_01579

DiscRep_SUB:FEATURE_LOCATION_CONFLICT::Coding region xref gene does not exist
prokka_out/CA140705:CDS	hypothetical protein	NODE_7_length_61353_cov_92.227469:c29130-28642	HIOKELPH_01580

DiscRep_SUB:FEATURE_LOCATION_CONFLICT::Coding region xref gene does not exist
prokka_out/CA140705:CDS	hypothetical protein	NODE_7_length_61353_cov_92.227469:c29458-29144	HIOKELPH_01581

DiscRep_SUB:FEATURE_LOCATION_CONFLICT::Coding region xref gene does not exist
prokka_out/CA140705:CDS	hypothetical protein	NODE_7_length_61353_cov_92.227469:c29902-29657	HIOKELPH_01582

DiscRep_SUB:FEATURE_LOCATION_CONFLICT::Coding region xref gene does not exist
prokka_out/CA140705:CDS	hypothetical protein	NODE_7_length_61353_cov_92.227469:c30567-29956	HIOKELPH_01583

DiscRep_SUB:FEATURE_LOCATION_CONFLICT::Coding region xref gene does not exist
prokka_out/CA140705:CDS	hypothetical protein	NODE_7_length_61353_cov_92.227469:c31670-30567	HIOKELPH_01584

DiscRep_SUB:FEATURE_LOCATION_CONFLICT::Coding region xref gene does not exist
prokka_out/CA140705:CDS	hypothetical protein	NODE_7_length_61353_cov_92.227469:c31909-31751	HIOKELPH_01585

DiscRep_SUB:FEATURE_LOCATION_CONFLICT::Coding region xref gene does not exist
prokka_out/CA140705:CDS	hypothetical protein	NODE_7_length_61353_cov_92.227469:c32604-32170	HIOKELPH_01586

DiscRep_SUB:FEATURE_LOCATION_CONFLICT::Coding region xref gene does not exist
prokka_out/CA140705:CDS	hypothetical protein	NODE_7_length_61353_cov_92.227469:c32819-32601	HIOKELPH_01587

DiscRep_SUB:FEATURE_LOCATION_CONFLICT::Coding region xref gene does not exist
prokka_out/CA140705:CDS	Proline/betaine transporter	NODE_7_length_61353_cov_92.227469:33132-34439	HIOKELPH_01588

DiscRep_SUB:FEATURE_LOCATION_CONFLICT::Coding region xref gene does not exist
prokka_out/CA140705:CDS	ABC transporter ATP-binding/permease protein YojI	NODE_7_length_61353_cov_92.227469:34486-36111	HIOKELPH_01589

DiscRep_SUB:FEATURE_LOCATION_CONFLICT::Coding region xref gene does not exist
prokka_out/CA140705:CDS	hypothetical protein	NODE_7_length_61353_cov_92.227469:36121-36594	HIOKELPH_01590

DiscRep_SUB:FEATURE_LOCATION_CONFLICT::Coding region xref gene does not exist
prokka_out/CA140705:CDS	Bacterial hemoglobin	NODE_7_length_61353_cov_92.227469:c37046-36618	HIOKELPH_01591

DiscRep_SUB:FEATURE_LOCATION_CONFLICT::Coding region xref gene does not exist
prokka_out/CA140705:CDS	hypothetical protein	NODE_7_length_61353_cov_92.227469:37210-39987	HIOKELPH_01592

DiscRep_SUB:FEATURE_LOCATION_CONFLICT::Coding region xref gene does not exist
prokka_out/CA140705:CDS	Oligopeptide-binding protein AppA	NODE_7_length_61353_cov_92.227469:40091-41629	HIOKELPH_01593

DiscRep_SUB:FEATURE_LOCATION_CONFLICT::Coding region xref gene does not exist
prokka_out/CA140705:CDS	Metal-staphylopine import system permease protein CntB	NODE_7_length_61353_cov_92.227469:41630-42574	HIOKELPH_01594

DiscRep_SUB:FEATURE_LOCATION_CONFLICT::Coding region xref gene does not exist
prokka_out/CA140705:CDS	Dipeptide transport system permease protein DppC	NODE_7_length_61353_cov_92.227469:42600-43355	HIOKELPH_01595

DiscRep_SUB:FEATURE_LOCATION_CONFLICT::Coding region xref gene does not exist
prokka_out/CA140705:CDS	Dipeptide transport ATP-binding protein DppD	NODE_7_length_61353_cov_92.227469:43352-44062	HIOKELPH_01596

DiscRep_SUB:FEATURE_LOCATION_CONFLICT::Coding region xref gene does not exist
prokka_out/CA140705:CDS	Nickel import ATP-binding protein NikE	NODE_7_length_61353_cov_92.227469:44055-44720	HIOKELPH_01597

DiscRep_SUB:FEATURE_LOCATION_CONFLICT::Coding region xref gene does not exist
prokka_out/CA140705:CDS	NAD(P)H-quinone oxidoreductase subunit 3, chloroplastic	NODE_7_length_61353_cov_92.227469:44838-45227	HIOKELPH_01598

DiscRep_SUB:FEATURE_LOCATION_CONFLICT::Coding region xref gene does not exist
prokka_out/CA140705:CDS	NADH-quinone oxidoreductase subunit 6	NODE_7_length_61353_cov_92.227469:45209-45712	HIOKELPH_01599

DiscRep_SUB:FEATURE_LOCATION_CONFLICT::Coding region xref gene does not exist
prokka_out/CA140705:CDS	NAD(P)H-quinone oxidoreductase subunit J, chloroplastic	NODE_7_length_61353_cov_92.227469:45712-46503	HIOKELPH_01600

DiscRep_SUB:FEATURE_LOCATION_CONFLICT::Coding region xref gene does not exist
prokka_out/CA140705:CDS	NADH-quinone oxidoreductase subunit D	NODE_7_length_61353_cov_92.227469:46505-47731	HIOKELPH_01601

DiscRep_SUB:FEATURE_LOCATION_CONFLICT::Coding region xref gene does not exist
prokka_out/CA140705:CDS	hypothetical protein	NODE_7_length_61353_cov_92.227469:47728-47955	HIOKELPH_01602

DiscRep_SUB:FEATURE_LOCATION_CONFLICT::Coding region xref gene does not exist
prokka_out/CA140705:CDS	hypothetical protein	NODE_7_length_61353_cov_92.227469:47952-48644	HIOKELPH_01603

DiscRep_SUB:FEATURE_LOCATION_CONFLICT::Coding region xref gene does not exist
prokka_out/CA140705:CDS	hypothetical protein	NODE_7_length_61353_cov_92.227469:48641-51103	HIOKELPH_01604

DiscRep_SUB:FEATURE_LOCATION_CONFLICT::Coding region xref gene does not exist
prokka_out/CA140705:CDS	NADH-quinone oxidoreductase subunit H	NODE_7_length_61353_cov_92.227469:51096-52094	HIOKELPH_01605

DiscRep_SUB:FEATURE_LOCATION_CONFLICT::Coding region xref gene does not exist
prokka_out/CA140705:CDS	NAD(P)H-quinone oxidoreductase subunit I, chloroplastic	NODE_7_length_61353_cov_92.227469:52104-52769	HIOKELPH_01606

DiscRep_SUB:FEATURE_LOCATION_CONFLICT::Coding region xref gene does not exist
prokka_out/CA140705:CDS	NADH-quinone oxidoreductase subunit J	NODE_7_length_61353_cov_92.227469:52766-53281	HIOKELPH_01607

DiscRep_SUB:FEATURE_LOCATION_CONFLICT::Coding region xref gene does not exist
prokka_out/CA140705:CDS	NADH-quinone oxidoreductase subunit K	NODE_7_length_61353_cov_92.227469:53281-53574	HIOKELPH_01608

DiscRep_SUB:FEATURE_LOCATION_CONFLICT::Coding region xref gene does not exist
prokka_out/CA140705:CDS	NADH-quinone oxidoreductase subunit L	NODE_7_length_61353_cov_92.227469:53577-55367	HIOKELPH_01609

DiscRep_SUB:FEATURE_LOCATION_CONFLICT::Coding region xref gene does not exist
prokka_out/CA140705:CDS	NAD(P)H-quinone oxidoreductase chain 4	NODE_7_length_61353_cov_92.227469:55369-56859	HIOKELPH_01610

DiscRep_SUB:FEATURE_LOCATION_CONFLICT::Coding region xref gene does not exist
prokka_out/CA140705:CDS	NAD(P)H-quinone oxidoreductase subunit 2, chloroplastic	NODE_7_length_61353_cov_92.227469:56849-58222	HIOKELPH_01611

DiscRep_SUB:FEATURE_LOCATION_CONFLICT::Coding region xref gene does not exist
prokka_out/CA140705:CDS	hypothetical protein	NODE_7_length_61353_cov_92.227469:58235-60601	HIOKELPH_01612

DiscRep_SUB:FEATURE_LOCATION_CONFLICT::Coding region xref gene does not exist
prokka_out/CA140705:CDS	Ubiquinone biosynthesis O-methyltransferase, mitochondrial	NODE_8_length_49374_cov_88.962170:245-955	HIOKELPH_01613

DiscRep_SUB:FEATURE_LOCATION_CONFLICT::Coding region xref gene does not exist
prokka_out/CA140705:CDS	hypothetical protein	NODE_8_length_49374_cov_88.962170:1108-1482	HIOKELPH_01614

DiscRep_SUB:FEATURE_LOCATION_CONFLICT::Coding region xref gene does not exist
prokka_out/CA140705:CDS	Dihydroorotase	NODE_8_length_49374_cov_88.962170:c2527-1523	HIOKELPH_01615

DiscRep_SUB:FEATURE_LOCATION_CONFLICT::Coding region xref gene does not exist
prokka_out/CA140705:CDS	hypothetical protein	NODE_8_length_49374_cov_88.962170:c2871-2629	HIOKELPH_01616

DiscRep_SUB:FEATURE_LOCATION_CONFLICT::Coding region xref gene does not exist
prokka_out/CA140705:CDS	Diacylglycerol kinase	NODE_8_length_49374_cov_88.962170:c3218-2862	HIOKELPH_01617

DiscRep_SUB:FEATURE_LOCATION_CONFLICT::Coding region xref gene does not exist
prokka_out/CA140705:CDS	Phosphoethanolamine transferase EptA	NODE_8_length_49374_cov_88.962170:c4765-3218	HIOKELPH_01618

DiscRep_SUB:FEATURE_LOCATION_CONFLICT::Coding region xref gene does not exist
prokka_out/CA140705:CDS	Exodeoxyribonuclease	NODE_8_length_49374_cov_88.962170:4881-5639	HIOKELPH_01619

DiscRep_SUB:FEATURE_LOCATION_CONFLICT::Coding region xref gene does not exist
prokka_out/CA140705:CDS	hypothetical protein	NODE_8_length_49374_cov_88.962170:c6793-5657	HIOKELPH_01620

DiscRep_SUB:FEATURE_LOCATION_CONFLICT::Coding region xref gene does not exist
prokka_out/CA140705:CDS	hypothetical protein	NODE_8_length_49374_cov_88.962170:c7071-6808	HIOKELPH_01621

DiscRep_SUB:FEATURE_LOCATION_CONFLICT::Coding region xref gene does not exist
prokka_out/CA140705:CDS	Cyclic pyranopterin monophosphate synthase	NODE_8_length_49374_cov_88.962170:c7522-7049	HIOKELPH_01622

DiscRep_SUB:FEATURE_LOCATION_CONFLICT::Coding region xref gene does not exist
prokka_out/CA140705:CDS	hypothetical protein	NODE_8_length_49374_cov_88.962170:7617-7769	HIOKELPH_01623

DiscRep_SUB:FEATURE_LOCATION_CONFLICT::Coding region xref gene does not exist
prokka_out/CA140705:CDS	Proline/betaine transporter	NODE_8_length_49374_cov_88.962170:7772-9082	HIOKELPH_01624

DiscRep_SUB:FEATURE_LOCATION_CONFLICT::Coding region xref gene does not exist
prokka_out/CA140705:CDS	hypothetical protein	NODE_8_length_49374_cov_88.962170:c9527-9051	HIOKELPH_01625

DiscRep_SUB:FEATURE_LOCATION_CONFLICT::Coding region xref gene does not exist
prokka_out/CA140705:CDS	hypothetical protein	NODE_8_length_49374_cov_88.962170:c10412-9549	HIOKELPH_01626

DiscRep_SUB:FEATURE_LOCATION_CONFLICT::Coding region xref gene does not exist
prokka_out/CA140705:CDS	50S ribosomal protein L20	NODE_8_length_49374_cov_88.962170:c11052-10699	HIOKELPH_01627

DiscRep_SUB:FEATURE_LOCATION_CONFLICT::Coding region xref gene does not exist
prokka_out/CA140705:CDS	hypothetical protein	NODE_8_length_49374_cov_88.962170:c11337-11146	HIOKELPH_01628

DiscRep_SUB:FEATURE_LOCATION_CONFLICT::Coding region xref gene does not exist
prokka_out/CA140705:CDS	hypothetical protein	NODE_8_length_49374_cov_88.962170:11490-12656	HIOKELPH_01629

DiscRep_SUB:FEATURE_LOCATION_CONFLICT::Coding region xref gene does not exist
prokka_out/CA140705:CDS	Cysteine desulfurase IscS	NODE_8_length_49374_cov_88.962170:12831-14012	HIOKELPH_01630

DiscRep_SUB:FEATURE_LOCATION_CONFLICT::Coding region xref gene does not exist
prokka_out/CA140705:CDS	hypothetical protein	NODE_8_length_49374_cov_88.962170:14022-14993	HIOKELPH_01631

DiscRep_SUB:FEATURE_LOCATION_CONFLICT::Coding region xref gene does not exist
prokka_out/CA140705:CDS	hypothetical protein	NODE_8_length_49374_cov_88.962170:c16900-15017	HIOKELPH_01632

DiscRep_SUB:FEATURE_LOCATION_CONFLICT::Coding region xref gene does not exist
prokka_out/CA140705:CDS	Carbonic anhydrase 1	NODE_8_length_49374_cov_88.962170:c17532-16897	HIOKELPH_01633

DiscRep_SUB:FEATURE_LOCATION_CONFLICT::Coding region xref gene does not exist
prokka_out/CA140705:CDS	Modulator of FtsH protease YccA	NODE_8_length_49374_cov_88.962170:17691-18386	HIOKELPH_01634

DiscRep_SUB:FEATURE_LOCATION_CONFLICT::Coding region xref gene does not exist
prokka_out/CA140705:CDS	hypothetical protein	NODE_8_length_49374_cov_88.962170:18493-18849	HIOKELPH_01635

DiscRep_SUB:FEATURE_LOCATION_CONFLICT::Coding region xref gene does not exist
prokka_out/CA140705:CDS	Ribosome-recycling factor	NODE_8_length_49374_cov_88.962170:18866-19423	HIOKELPH_01636

DiscRep_SUB:FEATURE_LOCATION_CONFLICT::Coding region xref gene does not exist
prokka_out/CA140705:CDS	Orotate phosphoribosyltransferase	NODE_8_length_49374_cov_88.962170:19426-20034	HIOKELPH_01637

DiscRep_SUB:FEATURE_LOCATION_CONFLICT::Coding region xref gene does not exist
prokka_out/CA140705:CDS	hypothetical protein	NODE_8_length_49374_cov_88.962170:20035-20445	HIOKELPH_01638

DiscRep_SUB:FEATURE_LOCATION_CONFLICT::Coding region xref gene does not exist
prokka_out/CA140705:CDS	Ribonucleoside-diphosphate reductase subunit beta	NODE_8_length_49374_cov_88.962170:20460-21482	HIOKELPH_01639

DiscRep_SUB:FEATURE_LOCATION_CONFLICT::Coding region xref gene does not exist
prokka_out/CA140705:CDS	Nicotinate phosphoribosyltransferase pncB2	NODE_8_length_49374_cov_88.962170:21504-22892	HIOKELPH_01640

DiscRep_SUB:FEATURE_LOCATION_CONFLICT::Coding region xref gene does not exist
prokka_out/CA140705:CDS	Protein YrdA	NODE_8_length_49374_cov_88.962170:c23525-22986	HIOKELPH_01641

DiscRep_SUB:FEATURE_LOCATION_CONFLICT::Coding region xref gene does not exist
prokka_out/CA140705:CDS	Protein-L-isoaspartate O-methyltransferase	NODE_8_length_49374_cov_88.962170:23644-24273	HIOKELPH_01642

DiscRep_SUB:FEATURE_LOCATION_CONFLICT::Coding region xref gene does not exist
prokka_out/CA140705:CDS	Acetylornithine aminotransferase	NODE_8_length_49374_cov_88.962170:c25477-24293	HIOKELPH_01643

DiscRep_SUB:FEATURE_LOCATION_CONFLICT::Coding region xref gene does not exist
prokka_out/CA140705:CDS	Acetylglutamate kinase	NODE_8_length_49374_cov_88.962170:c26326-25487	HIOKELPH_01644

DiscRep_SUB:FEATURE_LOCATION_CONFLICT::Coding region xref gene does not exist
prokka_out/CA140705:CDS	Acetyltransferase YpeA	NODE_8_length_49374_cov_88.962170:c26782-26336	HIOKELPH_01645

DiscRep_SUB:FEATURE_LOCATION_CONFLICT::Coding region xref gene does not exist
prokka_out/CA140705:CDS	N-acetyl-gamma-glutamyl-phosphate reductase	NODE_8_length_49374_cov_88.962170:c27821-26793	HIOKELPH_01646

DiscRep_SUB:FEATURE_LOCATION_CONFLICT::Coding region xref gene does not exist
prokka_out/CA140705:CDS	Modification methylase FokI	NODE_8_length_49374_cov_88.962170:c29117-28014	HIOKELPH_01647

DiscRep_SUB:FEATURE_LOCATION_CONFLICT::Coding region xref gene does not exist
prokka_out/CA140705:CDS	Translation initiation factor IF-3	NODE_8_length_49374_cov_88.962170:c29675-29157	HIOKELPH_01648

DiscRep_SUB:FEATURE_LOCATION_CONFLICT::Coding region xref gene does not exist
prokka_out/CA140705:CDS	Threonine--tRNA ligase 2	NODE_8_length_49374_cov_88.962170:c31480-29672	HIOKELPH_01649

DiscRep_SUB:FEATURE_LOCATION_CONFLICT::Coding region xref gene does not exist
prokka_out/CA140705:CDS	Undecaprenyl-diphosphatase	NODE_8_length_49374_cov_88.962170:c32415-31612	HIOKELPH_01650

DiscRep_SUB:FEATURE_LOCATION_CONFLICT::Coding region xref gene does not exist
prokka_out/CA140705:CDS	hypothetical protein	NODE_8_length_49374_cov_88.962170:c34693-32702	HIOKELPH_01651

DiscRep_SUB:FEATURE_LOCATION_CONFLICT::Coding region xref gene does not exist
prokka_out/CA140705:CDS	Biosynthetic peptidoglycan transglycosylase	NODE_8_length_49374_cov_88.962170:c37019-34797	HIOKELPH_01652

DiscRep_SUB:FEATURE_LOCATION_CONFLICT::Coding region xref gene does not exist
prokka_out/CA140705:CDS	Alpha-2-macroglobulin	NODE_8_length_49374_cov_88.962170:c42279-37027	HIOKELPH_01653

DiscRep_SUB:FEATURE_LOCATION_CONFLICT::Coding region xref gene does not exist
prokka_out/CA140705:CDS	hypothetical protein	NODE_8_length_49374_cov_88.962170:42463-42816	HIOKELPH_01654

DiscRep_SUB:FEATURE_LOCATION_CONFLICT::Coding region xref gene does not exist
prokka_out/CA140705:CDS	hypothetical protein	NODE_8_length_49374_cov_88.962170:42919-44067	HIOKELPH_01655

DiscRep_SUB:FEATURE_LOCATION_CONFLICT::Coding region xref gene does not exist
prokka_out/CA140705:CDS	putative AAA domain-containing protein	NODE_8_length_49374_cov_88.962170:44067-45248	HIOKELPH_01656

DiscRep_SUB:FEATURE_LOCATION_CONFLICT::Coding region xref gene does not exist
prokka_out/CA140705:CDS	4-hydroxy-tetrahydrodipicolinate reductase	NODE_8_length_49374_cov_88.962170:45318-46046	HIOKELPH_01657

DiscRep_SUB:FEATURE_LOCATION_CONFLICT::Coding region xref gene does not exist
prokka_out/CA140705:CDS	Amidophosphoribosyltransferase	NODE_8_length_49374_cov_88.962170:46048-47385	HIOKELPH_01658

DiscRep_SUB:FEATURE_LOCATION_CONFLICT::Coding region xref gene does not exist
prokka_out/CA140705:CDS	hypothetical protein	NODE_8_length_49374_cov_88.962170:c48201-47389	HIOKELPH_01659

DiscRep_SUB:FEATURE_LOCATION_CONFLICT::Coding region xref gene does not exist
prokka_out/CA140705:CDS	Flagellum-specific ATP synthase	NODE_9_length_45724_cov_90.752659:c1563-178	HIOKELPH_01660

DiscRep_SUB:FEATURE_LOCATION_CONFLICT::Coding region xref gene does not exist
prokka_out/CA140705:CDS	GTP cyclohydrolase 1	NODE_9_length_45724_cov_90.752659:c2165-1563	HIOKELPH_01661

DiscRep_SUB:FEATURE_LOCATION_CONFLICT::Coding region xref gene does not exist
prokka_out/CA140705:CDS	Trigger factor	NODE_9_length_45724_cov_90.752659:2256-3590	HIOKELPH_01662

DiscRep_SUB:FEATURE_LOCATION_CONFLICT::Coding region xref gene does not exist
prokka_out/CA140705:CDS	ATP-dependent Clp protease proteolytic subunit	NODE_9_length_45724_cov_90.752659:3590-4174	HIOKELPH_01663

DiscRep_SUB:FEATURE_LOCATION_CONFLICT::Coding region xref gene does not exist
prokka_out/CA140705:CDS	Peptide deformylase	NODE_9_length_45724_cov_90.752659:4202-4729	HIOKELPH_01664

DiscRep_SUB:FEATURE_LOCATION_CONFLICT::Coding region xref gene does not exist
prokka_out/CA140705:CDS	Competence protein ComM	NODE_9_length_45724_cov_90.752659:4726-6231	HIOKELPH_01665

DiscRep_SUB:FEATURE_LOCATION_CONFLICT::Coding region xref gene does not exist
prokka_out/CA140705:CDS	hypothetical protein	NODE_9_length_45724_cov_90.752659:6233-6931	HIOKELPH_01666

DiscRep_SUB:FEATURE_LOCATION_CONFLICT::Coding region xref gene does not exist
prokka_out/CA140705:CDS	Bifunctional NAD(P)H-hydrate repair enzyme Nnr	NODE_9_length_45724_cov_90.752659:6915-8285	HIOKELPH_01667

DiscRep_SUB:FEATURE_LOCATION_CONFLICT::Coding region xref gene does not exist
prokka_out/CA140705:CDS	Phosphoribosylglycinamide formyltransferase	NODE_9_length_45724_cov_90.752659:8276-8851	HIOKELPH_01668

DiscRep_SUB:FEATURE_LOCATION_CONFLICT::Coding region xref gene does not exist
prokka_out/CA140705:CDS	hypothetical protein	NODE_9_length_45724_cov_90.752659:c8992-8903	HIOKELPH_01669

DiscRep_SUB:FEATURE_LOCATION_CONFLICT::Coding region xref gene does not exist
prokka_out/CA140705:CDS	hypothetical protein	NODE_9_length_45724_cov_90.752659:c9381-8989	HIOKELPH_01670

DiscRep_SUB:FEATURE_LOCATION_CONFLICT::Coding region xref gene does not exist
prokka_out/CA140705:CDS	hypothetical protein	NODE_9_length_45724_cov_90.752659:c9730-9392	HIOKELPH_01671

DiscRep_SUB:FEATURE_LOCATION_CONFLICT::Coding region xref gene does not exist
prokka_out/CA140705:CDS	hypothetical protein	NODE_9_length_45724_cov_90.752659:c10108-9803	HIOKELPH_01672

DiscRep_SUB:FEATURE_LOCATION_CONFLICT::Coding region xref gene does not exist
prokka_out/CA140705:CDS	hypothetical protein	NODE_9_length_45724_cov_90.752659:10249-10989	HIOKELPH_01673

DiscRep_SUB:FEATURE_LOCATION_CONFLICT::Coding region xref gene does not exist
prokka_out/CA140705:CDS	hypothetical protein	NODE_9_length_45724_cov_90.752659:11039-11248	HIOKELPH_01674

DiscRep_SUB:FEATURE_LOCATION_CONFLICT::Coding region xref gene does not exist
prokka_out/CA140705:CDS	Bis(5'-nucleosyl)-tetraphosphatase, symmetrical	NODE_9_length_45724_cov_90.752659:11257-12441	HIOKELPH_01675

DiscRep_SUB:FEATURE_LOCATION_CONFLICT::Coding region xref gene does not exist
prokka_out/CA140705:CDS	hypothetical protein	NODE_9_length_45724_cov_90.752659:c13814-12453	HIOKELPH_01676

DiscRep_SUB:FEATURE_LOCATION_CONFLICT::Coding region xref gene does not exist
prokka_out/CA140705:CDS	Inner membrane transport protein YnfM	NODE_9_length_45724_cov_90.752659:14269-15060	HIOKELPH_01677

DiscRep_SUB:FEATURE_LOCATION_CONFLICT::Coding region xref gene does not exist
prokka_out/CA140705:CDS	hypothetical protein	NODE_9_length_45724_cov_90.752659:c16265-15051	HIOKELPH_01678

DiscRep_SUB:FEATURE_LOCATION_CONFLICT::Coding region xref gene does not exist
prokka_out/CA140705:CDS	hypothetical protein	NODE_9_length_45724_cov_90.752659:c17067-16321	HIOKELPH_01679

DiscRep_SUB:FEATURE_LOCATION_CONFLICT::Coding region xref gene does not exist
prokka_out/CA140705:CDS	Biopolymer transport protein ExbD	NODE_9_length_45724_cov_90.752659:c17480-17070	HIOKELPH_01680

DiscRep_SUB:FEATURE_LOCATION_CONFLICT::Coding region xref gene does not exist
prokka_out/CA140705:CDS	Biopolymer transport protein ExbB	NODE_9_length_45724_cov_90.752659:c18228-17467	HIOKELPH_01681

DiscRep_SUB:FEATURE_LOCATION_CONFLICT::Coding region xref gene does not exist
prokka_out/CA140705:CDS	putative TonB-dependent receptor	NODE_9_length_45724_cov_90.752659:c20517-18241	HIOKELPH_01682

DiscRep_SUB:FEATURE_LOCATION_CONFLICT::Coding region xref gene does not exist
prokka_out/CA140705:CDS	hypothetical protein	NODE_9_length_45724_cov_90.752659:c21369-20527	HIOKELPH_01683

DiscRep_SUB:FEATURE_LOCATION_CONFLICT::Coding region xref gene does not exist
prokka_out/CA140705:CDS	hypothetical protein	NODE_9_length_45724_cov_90.752659:21624-21746	HIOKELPH_01684

DiscRep_SUB:FEATURE_LOCATION_CONFLICT::Coding region xref gene does not exist
prokka_out/CA140705:CDS	Iron uptake protein A1	NODE_9_length_45724_cov_90.752659:21747-22751	HIOKELPH_01685

DiscRep_SUB:FEATURE_LOCATION_CONFLICT::Coding region xref gene does not exist
prokka_out/CA140705:CDS	hypothetical protein	NODE_9_length_45724_cov_90.752659:22751-24367	HIOKELPH_01686

DiscRep_SUB:FEATURE_LOCATION_CONFLICT::Coding region xref gene does not exist
prokka_out/CA140705:CDS	Vitamin B12 import ATP-binding protein BtuD	NODE_9_length_45724_cov_90.752659:24354-25259	HIOKELPH_01687

DiscRep_SUB:FEATURE_LOCATION_CONFLICT::Coding region xref gene does not exist
prokka_out/CA140705:CDS	Carboxynorspermidine synthase	NODE_9_length_45724_cov_90.752659:25295-26500	HIOKELPH_01688

DiscRep_SUB:FEATURE_LOCATION_CONFLICT::Coding region xref gene does not exist
prokka_out/CA140705:CDS	Superoxide dismutase [Fe]	NODE_9_length_45724_cov_90.752659:c27189-26527	HIOKELPH_01689

DiscRep_SUB:FEATURE_LOCATION_CONFLICT::Coding region xref gene does not exist
prokka_out/CA140705:CDS	hypothetical protein	NODE_9_length_45724_cov_90.752659:c27723-27295	HIOKELPH_01690

DiscRep_SUB:FEATURE_LOCATION_CONFLICT::Coding region xref gene does not exist
prokka_out/CA140705:CDS	hypothetical protein	NODE_9_length_45724_cov_90.752659:c28127-27720	HIOKELPH_01691

DiscRep_SUB:FEATURE_LOCATION_CONFLICT::Coding region xref gene does not exist
prokka_out/CA140705:CDS	putative manganese efflux pump MntP	NODE_9_length_45724_cov_90.752659:28535-29098	HIOKELPH_01693

DiscRep_SUB:FEATURE_LOCATION_CONFLICT::Coding region xref gene does not exist
prokka_out/CA140705:CDS	tRNA dimethylallyltransferase	NODE_9_length_45724_cov_90.752659:c29953-29084	HIOKELPH_01694

DiscRep_SUB:FEATURE_LOCATION_CONFLICT::Coding region xref gene does not exist
prokka_out/CA140705:CDS	4-hydroxybenzoate polyprenyltransferase, mitochondrial	NODE_9_length_45724_cov_90.752659:30025-30909	HIOKELPH_01695

DiscRep_SUB:FEATURE_LOCATION_CONFLICT::Coding region xref gene does not exist
prokka_out/CA140705:CDS	hypothetical protein	NODE_9_length_45724_cov_90.752659:30900-31400	HIOKELPH_01696

DiscRep_SUB:FEATURE_LOCATION_CONFLICT::Coding region xref gene does not exist
prokka_out/CA140705:CDS	hypothetical protein	NODE_9_length_45724_cov_90.752659:31393-31911	HIOKELPH_01697

DiscRep_SUB:FEATURE_LOCATION_CONFLICT::Coding region xref gene does not exist
prokka_out/CA140705:CDS	GTP 3',8-cyclase	NODE_9_length_45724_cov_90.752659:31927-32889	HIOKELPH_01698

DiscRep_SUB:FEATURE_LOCATION_CONFLICT::Coding region xref gene does not exist
prokka_out/CA140705:CDS	7-carboxy-7-deazaguanine synthase	NODE_9_length_45724_cov_90.752659:32892-33635	HIOKELPH_01699

DiscRep_SUB:FEATURE_LOCATION_CONFLICT::Coding region xref gene does not exist
prokka_out/CA140705:CDS	hypothetical protein	NODE_9_length_45724_cov_90.752659:33632-34213	HIOKELPH_01700

DiscRep_SUB:FEATURE_LOCATION_CONFLICT::Coding region xref gene does not exist
prokka_out/CA140705:CDS	hypothetical protein	NODE_9_length_45724_cov_90.752659:34213-34635	HIOKELPH_01701

DiscRep_SUB:FEATURE_LOCATION_CONFLICT::Coding region xref gene does not exist
prokka_out/CA140705:CDS	hypothetical protein	NODE_9_length_45724_cov_90.752659:34636-35043	HIOKELPH_01702

DiscRep_SUB:FEATURE_LOCATION_CONFLICT::Coding region xref gene does not exist
prokka_out/CA140705:CDS	Ribosomal RNA small subunit methyltransferase E	NODE_9_length_45724_cov_90.752659:35044-35697	HIOKELPH_01703

DiscRep_SUB:FEATURE_LOCATION_CONFLICT::Coding region xref gene does not exist
prokka_out/CA140705:CDS	50S ribosomal protein L31	NODE_9_length_45724_cov_90.752659:35776-35976	HIOKELPH_01704

DiscRep_SUB:FEATURE_LOCATION_CONFLICT::Coding region xref gene does not exist
prokka_out/CA140705:CDS	Ribosomal RNA small subunit methyltransferase I	NODE_9_length_45724_cov_90.752659:35979-36803	HIOKELPH_01705

DiscRep_SUB:FEATURE_LOCATION_CONFLICT::Coding region xref gene does not exist
prokka_out/CA140705:CDS	23S rRNA (guanosine-2'-O-)-methyltransferase RlmB	NODE_9_length_45724_cov_90.752659:36816-37499	HIOKELPH_01706

DiscRep_SUB:FEATURE_LOCATION_CONFLICT::Coding region xref gene does not exist
prokka_out/CA140705:CDS	hypothetical protein	NODE_9_length_45724_cov_90.752659:37492-38439	HIOKELPH_01707

DiscRep_SUB:FEATURE_LOCATION_CONFLICT::Coding region xref gene does not exist
prokka_out/CA140705:CDS	hypothetical protein	NODE_9_length_45724_cov_90.752659:38433-39239	HIOKELPH_01708

DiscRep_SUB:FEATURE_LOCATION_CONFLICT::Coding region xref gene does not exist
prokka_out/CA140705:CDS	Glutamate-pyruvate aminotransferase AlaC	NODE_9_length_45724_cov_90.752659:39252-40457	HIOKELPH_01709

DiscRep_SUB:FEATURE_LOCATION_CONFLICT::Coding region xref gene does not exist
prokka_out/CA140705:CDS	Homoserine dehydrogenase	NODE_9_length_45724_cov_90.752659:40459-41709	HIOKELPH_01710

DiscRep_SUB:FEATURE_LOCATION_CONFLICT::Coding region xref gene does not exist
prokka_out/CA140705:CDS	hypothetical protein	NODE_9_length_45724_cov_90.752659:41709-42047	HIOKELPH_01711

DiscRep_SUB:FEATURE_LOCATION_CONFLICT::Coding region xref gene does not exist
prokka_out/CA140705:CDS	Thioredoxin	NODE_9_length_45724_cov_90.752659:42102-42416	HIOKELPH_01712

DiscRep_SUB:FEATURE_LOCATION_CONFLICT::Coding region xref gene does not exist
prokka_out/CA140705:CDS	Thioredoxin reductase	NODE_9_length_45724_cov_90.752659:42552-43490	HIOKELPH_01713

DiscRep_SUB:FEATURE_LOCATION_CONFLICT::Coding region xref gene does not exist
prokka_out/CA140705:CDS	hypothetical protein	NODE_9_length_45724_cov_90.752659:c45396-43615	HIOKELPH_01714

DiscRep_SUB:FEATURE_LOCATION_CONFLICT::RNA feature xref gene does not exist
prokka_out/CA140705:tRNA	Glu	NODE_9_length_45724_cov_90.752659:c28362-28288	HIOKELPH_01692

DiscRep_SUB:FEATURE_LOCATION_CONFLICT::Coding region xref gene does not exist
prokka_out/CA140705:CDS	Aminoglycoside 6-adenylyltransferase	NODE_10_length_11181_cov_98.997467:c1418-552	HIOKELPH_01715

DiscRep_SUB:FEATURE_LOCATION_CONFLICT::Coding region xref gene does not exist
prokka_out/CA140705:CDS	hypothetical protein	NODE_10_length_11181_cov_98.997467:c2034-1594	HIOKELPH_01716

DiscRep_SUB:FEATURE_LOCATION_CONFLICT::Coding region xref gene does not exist
prokka_out/CA140705:CDS	hypothetical protein	NODE_10_length_11181_cov_98.997467:2659-3111	HIOKELPH_01717

DiscRep_SUB:FEATURE_LOCATION_CONFLICT::Coding region xref gene does not exist
prokka_out/CA140705:CDS	hypothetical protein	NODE_10_length_11181_cov_98.997467:3104-3769	HIOKELPH_01718

DiscRep_SUB:FEATURE_LOCATION_CONFLICT::Coding region xref gene does not exist
prokka_out/CA140705:CDS	Aminoglycoside 3'-phosphotransferase	NODE_10_length_11181_cov_98.997467:c4671-3877	HIOKELPH_01719

DiscRep_SUB:FEATURE_LOCATION_CONFLICT::Coding region xref gene does not exist
prokka_out/CA140705:CDS	Streptomycin 3''-adenylyltransferase	NODE_10_length_11181_cov_98.997467:c5861-5376	HIOKELPH_01720

DiscRep_SUB:FEATURE_LOCATION_CONFLICT::Coding region xref gene does not exist
prokka_out/CA140705:CDS	Streptomycin 3''-adenylyltransferase	NODE_10_length_11181_cov_98.997467:c6189-5866	HIOKELPH_01721

DiscRep_SUB:FEATURE_LOCATION_CONFLICT::Coding region xref gene does not exist
prokka_out/CA140705:CDS	Adenine phosphoribosyltransferase	NODE_10_length_11181_cov_98.997467:c7673-6321	HIOKELPH_01722

DiscRep_SUB:FEATURE_LOCATION_CONFLICT::Coding region xref gene does not exist
prokka_out/CA140705:CDS	Bifunctional AAC/APH	NODE_10_length_11181_cov_98.997467:c9114-8191	HIOKELPH_01723

DiscRep_SUB:FEATURE_LOCATION_CONFLICT::Coding region xref gene does not exist
prokka_out/CA140705:CDS	hypothetical protein	NODE_10_length_11181_cov_98.997467:c10196-9192	HIOKELPH_01724

DiscRep_SUB:FEATURE_LOCATION_CONFLICT::Coding region xref gene does not exist
prokka_out/CA140705:CDS	Aminoglycoside 6-adenylyltransferase	NODE_10_length_11181_cov_98.997467:c11081-10611	HIOKELPH_01725

DiscRep_SUB:FEATURE_LOCATION_CONFLICT::RNA feature xref gene does not exist
prokka_out/CA140705:rRNA	23S ribosomal RNA	NODE_11_length_6744_cov_323.804896:c3927-878	HIOKELPH_01726

DiscRep_SUB:FEATURE_LOCATION_CONFLICT::RNA feature xref gene does not exist
prokka_out/CA140705:tRNA	Ile	NODE_11_length_6744_cov_323.804896:c4616-4540	HIOKELPH_01727

DiscRep_SUB:FEATURE_LOCATION_CONFLICT::RNA feature xref gene does not exist
prokka_out/CA140705:tRNA	Ala	NODE_11_length_6744_cov_323.804896:c4700-4625	HIOKELPH_01728

DiscRep_SUB:FEATURE_LOCATION_CONFLICT::RNA feature xref gene does not exist
prokka_out/CA140705:rRNA	16S ribosomal RNA	NODE_11_length_6744_cov_323.804896:c6311-4802	HIOKELPH_01729

DiscRep_SUB:FEATURE_LOCATION_CONFLICT::Coding region xref gene does not exist
prokka_out/CA140705:CDS	Hygromycin-B 4-O-kinase	NODE_12_length_3781_cov_103.551450:c1128-211	HIOKELPH_01730

DiscRep_SUB:FEATURE_LOCATION_CONFLICT::Coding region xref gene does not exist
prokka_out/CA140705:CDS	hypothetical protein	NODE_12_length_3781_cov_103.551450:c1733-1188	HIOKELPH_01731

DiscRep_SUB:FEATURE_LOCATION_CONFLICT::Coding region xref gene does not exist
prokka_out/CA140705:CDS	Streptomycin 3''-adenylyltransferase	NODE_12_length_3781_cov_103.551450:c2712-1933	HIOKELPH_01732

DiscRep_SUB:FEATURE_LOCATION_CONFLICT::Coding region xref gene does not exist
prokka_out/CA140705:CDS	Purine nucleoside phosphorylase DeoD-type	NODE_12_length_3781_cov_103.551450:c3507-2737	HIOKELPH_01733

DiscRep_SUB:FEATURE_LOCATION_CONFLICT::Coding region xref gene does not exist
prokka_out/CA140705:CDS	Tetracycline resistance protein TetO	NODE_13_length_1167_cov_222.422115:c1031-102	HIOKELPH_01734

DiscRep_SUB:FEATURE_LOCATION_CONFLICT::Coding region xref gene does not exist
prokka_out/CA140705:CDS	Flagellin A	NODE_14_length_845_cov_96.791086:c774-502	HIOKELPH_01735

DiscRep_SUB:FEATURE_LOCATION_CONFLICT::Coding region xref gene does not exist
prokka_out/CA140705:CDS	hypothetical protein	NODE_15_length_773_cov_408.438080:c713-3	HIOKELPH_01736

DiscRep_ALL:OVERLAPPING_CDS::10 coding regions overlap another coding region with a similar or identical name.
DiscRep_SUB:OVERLAPPING_CDS::10 coding regions overlap another coding region with a similar or identical name that do not have the appropriate note text
prokka_out/CA140705:CDS	Inner membrane protein YihN	NODE_1_length_597876_cov_87.036437:278918-279982	HIOKELPH_00296
prokka_out/CA140705:CDS	Inner membrane protein YihN	NODE_1_length_597876_cov_87.036437:279979-280182	HIOKELPH_00297
prokka_out/CA140705:CDS	Bifunctional DNA-directed RNA polymerase subunit beta-beta'	NODE_2_length_271878_cov_89.820726:c227828-223278	HIOKELPH_00844
prokka_out/CA140705:CDS	Bifunctional DNA-directed RNA polymerase subunit beta-beta'	NODE_2_length_271878_cov_89.820726:c231948-227821	HIOKELPH_00845
prokka_out/CA140705:CDS	GTPase Der	NODE_4_length_165410_cov_91.697422:148891-151077	HIOKELPH_01263
prokka_out/CA140705:CDS	GTPase Der	NODE_4_length_165410_cov_91.697422:151067-152899	HIOKELPH_01264
prokka_out/CA140705:CDS	Na(+)/H(+) antiporter NhaA	NODE_6_length_110339_cov_89.964423:c41086-39917	HIOKELPH_01480
prokka_out/CA140705:CDS	Na(+)/H(+) antiporter NhaA	NODE_6_length_110339_cov_89.964423:c42231-41083	HIOKELPH_01481
prokka_out/CA140705:CDS	Bacteriohemerythrin	NODE_6_length_110339_cov_89.964423:69657-70346	HIOKELPH_01511
prokka_out/CA140705:CDS	Bacteriohemerythrin	NODE_6_length_110339_cov_89.964423:70327-70938	HIOKELPH_01512

DiscRep_ALL:SUSPECT_PRODUCT_NAMES::4 product_names contain suspect phrase or characters
DiscRep_SUB:SUSPECT_PRODUCT_NAMES::Suspicious phrase; should this be nonfunctional?
DiscRep_SUB:SUSPECT_PRODUCT_NAMES::1 features contains 'truncat'
prokka_out/CA140705:CDS	Group 3 truncated hemoglobin ctb	NODE_2_length_271878_cov_89.820726:239991-240377	HIOKELPH_00863

DiscRep_SUB:SUSPECT_PRODUCT_NAMES::May contain database identifier more appropriate in note; remove from product name
DiscRep_SUB:SUSPECT_PRODUCT_NAMES::1 features contains three or more numbers together that may be identifiers more appropriate in note
prokka_out/CA140705:CDS	Beta-lactamase OXA-133	NODE_4_length_165410_cov_91.697422:42834-43607	HIOKELPH_01149

DiscRep_SUB:SUSPECT_PRODUCT_NAMES::Use short product name instead of descriptive phrase
DiscRep_SUB:SUSPECT_PRODUCT_NAMES::2 features Is longer than 100 characters. Remove descriptive phrases or synonyms from product names. Keep valid long product names, eg long enzyme names
prokka_out/CA140705:CDS	GalNAc-alpha-(1->4)-GalNAc-alpha-(1->3)-diNAcBac-PP-undecaprenol alpha-1,4-N-acetyl-D-galactosaminyltransferase	NODE_1_length_597876_cov_87.036437:220875-221951	HIOKELPH_00236
prokka_out/CA140705:CDS	N-acetylgalactosamine-N,N'-diacetylbacillosaminyl-diphospho-undecaprenol 4-alpha-N-acetylgalactosaminyltransferase	NODE_1_length_597876_cov_87.036437:222861-223958	HIOKELPH_00238

FATAL: DiscRep_ALL:EC_NUMBER_ON_UNKNOWN_PROTEIN::1 protein features have an EC number and a protein name of 'unknown protein' or 'hypothetical protein'
prokka_out/CA140705:CDS	hypothetical protein	NODE_1_length_597876_cov_87.036437:536320-536916	HIOKELPH_00558

DiscRep_ALL:NO_ANNOTATION::4 bioseqs have no features
prokka_out/CA140705:NODE_16_length_599_cov_219.192797 (length 599)
prokka_out/CA140705:NODE_21_length_381_cov_88.913386 (length 381)
prokka_out/CA140705:NODE_22_length_278_cov_96.470199 (length 278)
prokka_out/CA140705:NODE_23_length_253_cov_55.015873 (length 253)

DiscRep_ALL:DISC_QUALITY_SCORES::Quality scores are missing on all sequences.

DiscRep_ALL:ONCALLER_COMMENT_PRESENT::19 comment descriptors were found (all same)
prokka_out/CA140705:NODE_1_length_597876_cov_87.036437:Annotated using prokka 1.14.6 from https://github.com/tseemann/prokka
prokka_out/CA140705:NODE_2_length_271878_cov_89.820726:Annotated using prokka 1.14.6 from https://github.com/tseemann/prokka
prokka_out/CA140705:NODE_3_length_208642_cov_91.661952:Annotated using prokka 1.14.6 from https://github.com/tseemann/prokka
prokka_out/CA140705:NODE_4_length_165410_cov_91.697422:Annotated using prokka 1.14.6 from https://github.com/tseemann/prokka
prokka_out/CA140705:NODE_5_length_130343_cov_94.995446:Annotated using prokka 1.14.6 from https://github.com/tseemann/prokka
prokka_out/CA140705:NODE_6_length_110339_cov_89.964423:Annotated using prokka 1.14.6 from https://github.com/tseemann/prokka
prokka_out/CA140705:NODE_7_length_61353_cov_92.227469:Annotated using prokka 1.14.6 from https://github.com/tseemann/prokka
prokka_out/CA140705:NODE_8_length_49374_cov_88.962170:Annotated using prokka 1.14.6 from https://github.com/tseemann/prokka
prokka_out/CA140705:NODE_9_length_45724_cov_90.752659:Annotated using prokka 1.14.6 from https://github.com/tseemann/prokka
prokka_out/CA140705:NODE_10_length_11181_cov_98.997467:Annotated using prokka 1.14.6 from https://github.com/tseemann/prokka
prokka_out/CA140705:NODE_11_length_6744_cov_323.804896:Annotated using prokka 1.14.6 from https://github.com/tseemann/prokka
prokka_out/CA140705:NODE_12_length_3781_cov_103.551450:Annotated using prokka 1.14.6 from https://github.com/tseemann/prokka
prokka_out/CA140705:NODE_13_length_1167_cov_222.422115:Annotated using prokka 1.14.6 from https://github.com/tseemann/prokka
prokka_out/CA140705:NODE_14_length_845_cov_96.791086:Annotated using prokka 1.14.6 from https://github.com/tseemann/prokka
prokka_out/CA140705:NODE_15_length_773_cov_408.438080:Annotated using prokka 1.14.6 from https://github.com/tseemann/prokka
prokka_out/CA140705:NODE_16_length_599_cov_219.192797:Annotated using prokka 1.14.6 from https://github.com/tseemann/prokka
prokka_out/CA140705:NODE_21_length_381_cov_88.913386:Annotated using prokka 1.14.6 from https://github.com/tseemann/prokka
prokka_out/CA140705:NODE_22_length_278_cov_96.470199:Annotated using prokka 1.14.6 from https://github.com/tseemann/prokka
prokka_out/CA140705:NODE_23_length_253_cov_55.015873:Annotated using prokka 1.14.6 from https://github.com/tseemann/prokka

DiscRep_ALL:SHORT_PROT_SEQUENCES::17 protein sequences are shorter than 50 aa.
prokka_out/CA140705:NODE_1_length_597876_cov_87.036437_29 (length 48)
prokka_out/CA140705:NODE_1_length_597876_cov_87.036437_1> (length 36)
prokka_out/CA140705:NODE_1_length_597876_cov_87.036437_4> (length 45)
prokka_out/CA140705:NODE_1_length_597876_cov_87.036437_4> (length 46)
prokka_out/CA140705:NODE_1_length_597876_cov_87.036437_4> (length 44)
prokka_out/CA140705:NODE_1_length_597876_cov_87.036437_4> (length 49)
prokka_out/CA140705:NODE_2_length_271878_cov_89.820726_1> (length 46)
prokka_out/CA140705:NODE_3_length_208642_cov_91.661952_77 (length 33)
prokka_out/CA140705:NODE_3_length_208642_cov_91.661952_1> (length 34)
prokka_out/CA140705:NODE_4_length_165410_cov_91.697422_42 (length 44)
prokka_out/CA140705:NODE_4_length_165410_cov_91.697422_83 (length 48)
prokka_out/CA140705:NODE_5_length_130343_cov_94.995446_26 (length 31)
prokka_out/CA140705:NODE_5_length_130343_cov_94.995446_49 (length 34)
prokka_out/CA140705:NODE_5_length_130343_cov_94.995446_93 (length 44)
prokka_out/CA140705:NODE_6_length_110339_cov_89.964423_67 (length 34)
prokka_out/CA140705:NODE_9_length_45724_cov_90.752659_10 (length 29)
prokka_out/CA140705:NODE_9_length_45724_cov_90.752659_25 (length 40)

DiscRep_ALL:MISSING_GENOMEASSEMBLY_COMMENTS::19 bioseqs are missing GenomeAssembly structured comments
prokka_out/CA140705:NODE_1_length_597876_cov_87.036437 (length 597876)
prokka_out/CA140705:NODE_2_length_271878_cov_89.820726 (length 271878)
prokka_out/CA140705:NODE_3_length_208642_cov_91.661952 (length 208642)
prokka_out/CA140705:NODE_4_length_165410_cov_91.697422 (length 165410)
prokka_out/CA140705:NODE_5_length_130343_cov_94.995446 (length 130343)
prokka_out/CA140705:NODE_6_length_110339_cov_89.964423 (length 110339)
prokka_out/CA140705:NODE_7_length_61353_cov_92.227469 (length 61353)
prokka_out/CA140705:NODE_8_length_49374_cov_88.962170 (length 49374)
prokka_out/CA140705:NODE_9_length_45724_cov_90.752659 (length 45724)
prokka_out/CA140705:NODE_10_length_11181_cov_98.997467 (length 11181)
prokka_out/CA140705:NODE_11_length_6744_cov_323.804896 (length 6744)
prokka_out/CA140705:NODE_12_length_3781_cov_103.551450 (length 3781)
prokka_out/CA140705:NODE_13_length_1167_cov_222.422115 (length 1167)
prokka_out/CA140705:NODE_14_length_845_cov_96.791086 (length 845)
prokka_out/CA140705:NODE_15_length_773_cov_408.438080 (length 773)
prokka_out/CA140705:NODE_16_length_599_cov_219.192797 (length 599)
prokka_out/CA140705:NODE_21_length_381_cov_88.913386 (length 381)
prokka_out/CA140705:NODE_22_length_278_cov_96.470199 (length 278)
prokka_out/CA140705:NODE_23_length_253_cov_55.015873 (length 253)

DiscRep_ALL:MOLTYPE_NOT_MRNA::19 molecule types are not set as mRNA.
prokka_out/CA140705:NODE_1_length_597876_cov_87.036437 (length 597876)
prokka_out/CA140705:NODE_2_length_271878_cov_89.820726 (length 271878)
prokka_out/CA140705:NODE_3_length_208642_cov_91.661952 (length 208642)
prokka_out/CA140705:NODE_4_length_165410_cov_91.697422 (length 165410)
prokka_out/CA140705:NODE_5_length_130343_cov_94.995446 (length 130343)
prokka_out/CA140705:NODE_6_length_110339_cov_89.964423 (length 110339)
prokka_out/CA140705:NODE_7_length_61353_cov_92.227469 (length 61353)
prokka_out/CA140705:NODE_8_length_49374_cov_88.962170 (length 49374)
prokka_out/CA140705:NODE_9_length_45724_cov_90.752659 (length 45724)
prokka_out/CA140705:NODE_10_length_11181_cov_98.997467 (length 11181)
prokka_out/CA140705:NODE_11_length_6744_cov_323.804896 (length 6744)
prokka_out/CA140705:NODE_12_length_3781_cov_103.551450 (length 3781)
prokka_out/CA140705:NODE_13_length_1167_cov_222.422115 (length 1167)
prokka_out/CA140705:NODE_14_length_845_cov_96.791086 (length 845)
prokka_out/CA140705:NODE_15_length_773_cov_408.438080 (length 773)
prokka_out/CA140705:NODE_16_length_599_cov_219.192797 (length 599)
prokka_out/CA140705:NODE_21_length_381_cov_88.913386 (length 381)
prokka_out/CA140705:NODE_22_length_278_cov_96.470199 (length 278)
prokka_out/CA140705:NODE_23_length_253_cov_55.015873 (length 253)

DiscRep_ALL:TECHNIQUE_NOT_TSA::19 technique are not set as TSA
prokka_out/CA140705:NODE_1_length_597876_cov_87.036437 (length 597876)
prokka_out/CA140705:NODE_2_length_271878_cov_89.820726 (length 271878)
prokka_out/CA140705:NODE_3_length_208642_cov_91.661952 (length 208642)
prokka_out/CA140705:NODE_4_length_165410_cov_91.697422 (length 165410)
prokka_out/CA140705:NODE_5_length_130343_cov_94.995446 (length 130343)
prokka_out/CA140705:NODE_6_length_110339_cov_89.964423 (length 110339)
prokka_out/CA140705:NODE_7_length_61353_cov_92.227469 (length 61353)
prokka_out/CA140705:NODE_8_length_49374_cov_88.962170 (length 49374)
prokka_out/CA140705:NODE_9_length_45724_cov_90.752659 (length 45724)
prokka_out/CA140705:NODE_10_length_11181_cov_98.997467 (length 11181)
prokka_out/CA140705:NODE_11_length_6744_cov_323.804896 (length 6744)
prokka_out/CA140705:NODE_12_length_3781_cov_103.551450 (length 3781)
prokka_out/CA140705:NODE_13_length_1167_cov_222.422115 (length 1167)
prokka_out/CA140705:NODE_14_length_845_cov_96.791086 (length 845)
prokka_out/CA140705:NODE_15_length_773_cov_408.438080 (length 773)
prokka_out/CA140705:NODE_16_length_599_cov_219.192797 (length 599)
prokka_out/CA140705:NODE_21_length_381_cov_88.913386 (length 381)
prokka_out/CA140705:NODE_22_length_278_cov_96.470199 (length 278)
prokka_out/CA140705:NODE_23_length_253_cov_55.015873 (length 253)

DiscRep_ALL:MISSING_STRUCTURED_COMMENT::19 sequences do not include structured comments.
prokka_out/CA140705:NODE_1_length_597876_cov_87.036437 (length 597876)
prokka_out/CA140705:NODE_2_length_271878_cov_89.820726 (length 271878)
prokka_out/CA140705:NODE_3_length_208642_cov_91.661952 (length 208642)
prokka_out/CA140705:NODE_4_length_165410_cov_91.697422 (length 165410)
prokka_out/CA140705:NODE_5_length_130343_cov_94.995446 (length 130343)
prokka_out/CA140705:NODE_6_length_110339_cov_89.964423 (length 110339)
prokka_out/CA140705:NODE_7_length_61353_cov_92.227469 (length 61353)
prokka_out/CA140705:NODE_8_length_49374_cov_88.962170 (length 49374)
prokka_out/CA140705:NODE_9_length_45724_cov_90.752659 (length 45724)
prokka_out/CA140705:NODE_10_length_11181_cov_98.997467 (length 11181)
prokka_out/CA140705:NODE_11_length_6744_cov_323.804896 (length 6744)
prokka_out/CA140705:NODE_12_length_3781_cov_103.551450 (length 3781)
prokka_out/CA140705:NODE_13_length_1167_cov_222.422115 (length 1167)
prokka_out/CA140705:NODE_14_length_845_cov_96.791086 (length 845)
prokka_out/CA140705:NODE_15_length_773_cov_408.438080 (length 773)
prokka_out/CA140705:NODE_16_length_599_cov_219.192797 (length 599)
prokka_out/CA140705:NODE_21_length_381_cov_88.913386 (length 381)
prokka_out/CA140705:NODE_22_length_278_cov_96.470199 (length 278)
prokka_out/CA140705:NODE_23_length_253_cov_55.015873 (length 253)

DiscRep_ALL:MISSING_PROJECT::1712 sequences do not include project.
prokka_out/CA140705:NODE_1_length_597876_cov_87.036437 (length 597876)
prokka_out/CA140705:NODE_1_length_597876_cov_87.036437_1 (length 90)
prokka_out/CA140705:NODE_1_length_597876_cov_87.036437_2 (length 632)
prokka_out/CA140705:NODE_1_length_597876_cov_87.036437_3 (length 654)
prokka_out/CA140705:NODE_1_length_597876_cov_87.036437_4 (length 619)
prokka_out/CA140705:NODE_1_length_597876_cov_87.036437_5 (length 256)
prokka_out/CA140705:NODE_1_length_597876_cov_87.036437_6 (length 235)
prokka_out/CA140705:NODE_1_length_597876_cov_87.036437_7 (length 301)
prokka_out/CA140705:NODE_1_length_597876_cov_87.036437_8 (length 343)
prokka_out/CA140705:NODE_1_length_597876_cov_87.036437_9 (length 391)
prokka_out/CA140705:NODE_1_length_597876_cov_87.036437_10 (length 334)
prokka_out/CA140705:NODE_1_length_597876_cov_87.036437_11 (length 226)
prokka_out/CA140705:NODE_1_length_597876_cov_87.036437_12 (length 373)
prokka_out/CA140705:NODE_1_length_597876_cov_87.036437_13 (length 380)
prokka_out/CA140705:NODE_1_length_597876_cov_87.036437_14 (length 323)
prokka_out/CA140705:NODE_1_length_597876_cov_87.036437_15 (length 343)
prokka_out/CA140705:NODE_1_length_597876_cov_87.036437_16 (length 89)
prokka_out/CA140705:NODE_1_length_597876_cov_87.036437_17 (length 286)
prokka_out/CA140705:NODE_1_length_597876_cov_87.036437_18 (length 76)
prokka_out/CA140705:NODE_1_length_597876_cov_87.036437_19 (length 119)
prokka_out/CA140705:NODE_1_length_597876_cov_87.036437_20 (length 248)
prokka_out/CA140705:NODE_1_length_597876_cov_87.036437_21 (length 157)
prokka_out/CA140705:NODE_1_length_597876_cov_87.036437_22 (length 274)
prokka_out/CA140705:NODE_1_length_597876_cov_87.036437_23 (length 232)
prokka_out/CA140705:NODE_1_length_597876_cov_87.036437_24 (length 403)
prokka_out/CA140705:NODE_1_length_597876_cov_87.036437_25 (length 308)
prokka_out/CA140705:NODE_1_length_597876_cov_87.036437_26 (length 101)
prokka_out/CA140705:NODE_1_length_597876_cov_87.036437_27 (length 238)
prokka_out/CA140705:NODE_1_length_597876_cov_87.036437_28 (length 75)
prokka_out/CA140705:NODE_1_length_597876_cov_87.036437_29 (length 48)
prokka_out/CA140705:NODE_1_length_597876_cov_87.036437_30 (length 175)
prokka_out/CA140705:NODE_1_length_597876_cov_87.036437_31 (length 241)
prokka_out/CA140705:NODE_1_length_597876_cov_87.036437_32 (length 502)
prokka_out/CA140705:NODE_1_length_597876_cov_87.036437_33 (length 204)
prokka_out/CA140705:NODE_1_length_597876_cov_87.036437_34 (length 190)
prokka_out/CA140705:NODE_1_length_597876_cov_87.036437_35 (length 218)
prokka_out/CA140705:NODE_1_length_597876_cov_87.036437_36 (length 192)
prokka_out/CA140705:NODE_1_length_597876_cov_87.036437_37 (length 73)
prokka_out/CA140705:NODE_1_length_597876_cov_87.036437_38 (length 353)
prokka_out/CA140705:NODE_1_length_597876_cov_87.036437_39 (length 520)
prokka_out/CA140705:NODE_1_length_597876_cov_87.036437_40 (length 138)
prokka_out/CA140705:NODE_1_length_597876_cov_87.036437_41 (length 297)
prokka_out/CA140705:NODE_1_length_597876_cov_87.036437_42 (length 76)
prokka_out/CA140705:NODE_1_length_597876_cov_87.036437_43 (length 263)
prokka_out/CA140705:NODE_1_length_597876_cov_87.036437_44 (length 435)
prokka_out/CA140705:NODE_1_length_597876_cov_87.036437_45 (length 376)
prokka_out/CA140705:NODE_1_length_597876_cov_87.036437_46 (length 334)
prokka_out/CA140705:NODE_1_length_597876_cov_87.036437_47 (length 186)
prokka_out/CA140705:NODE_1_length_597876_cov_87.036437_48 (length 151)
prokka_out/CA140705:NODE_1_length_597876_cov_87.036437_49 (length 443)
prokka_out/CA140705:NODE_1_length_597876_cov_87.036437_50 (length 271)
prokka_out/CA140705:NODE_1_length_597876_cov_87.036437_51 (length 463)
prokka_out/CA140705:NODE_1_length_597876_cov_87.036437_52 (length 411)
prokka_out/CA140705:NODE_1_length_597876_cov_87.036437_53 (length 208)
prokka_out/CA140705:NODE_1_length_597876_cov_87.036437_54 (length 223)
prokka_out/CA140705:NODE_1_length_597876_cov_87.036437_55 (length 216)
prokka_out/CA140705:NODE_1_length_597876_cov_87.036437_56 (length 447)
prokka_out/CA140705:NODE_1_length_597876_cov_87.036437_57 (length 339)
prokka_out/CA140705:NODE_1_length_597876_cov_87.036437_58 (length 147)
prokka_out/CA140705:NODE_1_length_597876_cov_87.036437_59 (length 566)
prokka_out/CA140705:NODE_1_length_597876_cov_87.036437_60 (length 154)
prokka_out/CA140705:NODE_1_length_597876_cov_87.036437_61 (length 317)
prokka_out/CA140705:NODE_1_length_597876_cov_87.036437_62 (length 341)
prokka_out/CA140705:NODE_1_length_597876_cov_87.036437_63 (length 248)
prokka_out/CA140705:NODE_1_length_597876_cov_87.036437_64 (length 134)
prokka_out/CA140705:NODE_1_length_597876_cov_87.036437_65 (length 355)
prokka_out/CA140705:NODE_1_length_597876_cov_87.036437_66 (length 156)
prokka_out/CA140705:NODE_1_length_597876_cov_87.036437_67 (length 400)
prokka_out/CA140705:NODE_1_length_597876_cov_87.036437_68 (length 177)
prokka_out/CA140705:NODE_1_length_597876_cov_87.036437_69 (length 203)
prokka_out/CA140705:NODE_1_length_597876_cov_87.036437_70 (length 389)
prokka_out/CA140705:NODE_1_length_597876_cov_87.036437_71 (length 647)
prokka_out/CA140705:NODE_1_length_597876_cov_87.036437_72 (length 334)
prokka_out/CA140705:NODE_1_length_597876_cov_87.036437_73 (length 249)
prokka_out/CA140705:NODE_1_length_597876_cov_87.036437_74 (length 278)
prokka_out/CA140705:NODE_1_length_597876_cov_87.036437_75 (length 234)
prokka_out/CA140705:NODE_1_length_597876_cov_87.036437_76 (length 72)
prokka_out/CA140705:NODE_1_length_597876_cov_87.036437_77 (length 210)
prokka_out/CA140705:NODE_1_length_597876_cov_87.036437_78 (length 216)
prokka_out/CA140705:NODE_1_length_597876_cov_87.036437_79 (length 208)
prokka_out/CA140705:NODE_1_length_597876_cov_87.036437_80 (length 273)
prokka_out/CA140705:NODE_1_length_597876_cov_87.036437_81 (length 354)
prokka_out/CA140705:NODE_1_length_597876_cov_87.036437_82 (length 484)
prokka_out/CA140705:NODE_1_length_597876_cov_87.036437_83 (length 316)
prokka_out/CA140705:NODE_1_length_597876_cov_87.036437_84 (length 289)
prokka_out/CA140705:NODE_1_length_597876_cov_87.036437_85 (length 151)
prokka_out/CA140705:NODE_1_length_597876_cov_87.036437_86 (length 394)
prokka_out/CA140705:NODE_1_length_597876_cov_87.036437_87 (length 218)
prokka_out/CA140705:NODE_1_length_597876_cov_87.036437_88 (length 69)
prokka_out/CA140705:NODE_1_length_597876_cov_87.036437_89 (length 89)
prokka_out/CA140705:NODE_1_length_597876_cov_87.036437_90 (length 160)
prokka_out/CA140705:NODE_1_length_597876_cov_87.036437_91 (length 738)
prokka_out/CA140705:NODE_1_length_597876_cov_87.036437_92 (length 682)
prokka_out/CA140705:NODE_1_length_597876_cov_87.036437_93 (length 150)
prokka_out/CA140705:NODE_1_length_597876_cov_87.036437_94 (length 416)
prokka_out/CA140705:NODE_1_length_597876_cov_87.036437_95 (length 486)
prokka_out/CA140705:NODE_1_length_597876_cov_87.036437_96 (length 172)
prokka_out/CA140705:NODE_1_length_597876_cov_87.036437_97 (length 202)
prokka_out/CA140705:NODE_1_length_597876_cov_87.036437_98 (length 511)
prokka_out/CA140705:NODE_1_length_597876_cov_87.036437_99 (length 158)
prokka_out/CA140705:NODE_1_length_597876_cov_87.036437_1> (length 604)
prokka_out/CA140705:NODE_1_length_597876_cov_87.036437_1> (length 397)
prokka_out/CA140705:NODE_1_length_597876_cov_87.036437_1> (length 300)
prokka_out/CA140705:NODE_1_length_597876_cov_87.036437_1> (length 340)
prokka_out/CA140705:NODE_1_length_597876_cov_87.036437_1> (length 103)
prokka_out/CA140705:NODE_1_length_597876_cov_87.036437_1> (length 201)
prokka_out/CA140705:NODE_1_length_597876_cov_87.036437_1> (length 366)
prokka_out/CA140705:NODE_1_length_597876_cov_87.036437_1> (length 255)
prokka_out/CA140705:NODE_1_length_597876_cov_87.036437_1> (length 325)
prokka_out/CA140705:NODE_1_length_597876_cov_87.036437_1> (length 165)
prokka_out/CA140705:NODE_1_length_597876_cov_87.036437_1> (length 36)
prokka_out/CA140705:NODE_1_length_597876_cov_87.036437_1> (length 316)
prokka_out/CA140705:NODE_1_length_597876_cov_87.036437_1> (length 273)
prokka_out/CA140705:NODE_1_length_597876_cov_87.036437_1> (length 664)
prokka_out/CA140705:NODE_1_length_597876_cov_87.036437_1> (length 206)
prokka_out/CA140705:NODE_1_length_597876_cov_87.036437_1> (length 110)
prokka_out/CA140705:NODE_1_length_597876_cov_87.036437_1> (length 540)
prokka_out/CA140705:NODE_1_length_597876_cov_87.036437_1> (length 124)
prokka_out/CA140705:NODE_1_length_597876_cov_87.036437_1> (length 299)
prokka_out/CA140705:NODE_1_length_597876_cov_87.036437_1> (length 472)
prokka_out/CA140705:NODE_1_length_597876_cov_87.036437_1> (length 224)
prokka_out/CA140705:NODE_1_length_597876_cov_87.036437_1> (length 416)
prokka_out/CA140705:NODE_1_length_597876_cov_87.036437_1> (length 515)
prokka_out/CA140705:NODE_1_length_597876_cov_87.036437_1> (length 557)
prokka_out/CA140705:NODE_1_length_597876_cov_87.036437_1> (length 354)
prokka_out/CA140705:NODE_1_length_597876_cov_87.036437_1> (length 384)
prokka_out/CA140705:NODE_1_length_597876_cov_87.036437_1> (length 110)
prokka_out/CA140705:NODE_1_length_597876_cov_87.036437_1> (length 109)
prokka_out/CA140705:NODE_1_length_597876_cov_87.036437_1> (length 173)
prokka_out/CA140705:NODE_1_length_597876_cov_87.036437_1> (length 262)
prokka_out/CA140705:NODE_1_length_597876_cov_87.036437_1> (length 121)
prokka_out/CA140705:NODE_1_length_597876_cov_87.036437_1> (length 199)
prokka_out/CA140705:NODE_1_length_597876_cov_87.036437_1> (length 221)
prokka_out/CA140705:NODE_1_length_597876_cov_87.036437_1> (length 401)
prokka_out/CA140705:NODE_1_length_597876_cov_87.036437_1> (length 67)
prokka_out/CA140705:NODE_1_length_597876_cov_87.036437_1> (length 545)
prokka_out/CA140705:NODE_1_length_597876_cov_87.036437_1> (length 86)
prokka_out/CA140705:NODE_1_length_597876_cov_87.036437_1> (length 846)
prokka_out/CA140705:NODE_1_length_597876_cov_87.036437_1> (length 203)
prokka_out/CA140705:NODE_1_length_597876_cov_87.036437_1> (length 226)
prokka_out/CA140705:NODE_1_length_597876_cov_87.036437_1> (length 68)
prokka_out/CA140705:NODE_1_length_597876_cov_87.036437_1> (length 386)
prokka_out/CA140705:NODE_1_length_597876_cov_87.036437_1> (length 242)
prokka_out/CA140705:NODE_1_length_597876_cov_87.036437_1> (length 460)
prokka_out/CA140705:NODE_1_length_597876_cov_87.036437_1> (length 268)
prokka_out/CA140705:NODE_1_length_597876_cov_87.036437_1> (length 419)
prokka_out/CA140705:NODE_1_length_597876_cov_87.036437_1> (length 185)
prokka_out/CA140705:NODE_1_length_597876_cov_87.036437_1> (length 536)
prokka_out/CA140705:NODE_1_length_597876_cov_87.036437_1> (length 185)
prokka_out/CA140705:NODE_1_length_597876_cov_87.036437_1> (length 288)
prokka_out/CA140705:NODE_1_length_597876_cov_87.036437_1> (length 314)
prokka_out/CA140705:NODE_1_length_597876_cov_87.036437_1> (length 111)
prokka_out/CA140705:NODE_1_length_597876_cov_87.036437_1> (length 293)
prokka_out/CA140705:NODE_1_length_597876_cov_87.036437_1> (length 283)
prokka_out/CA140705:NODE_1_length_597876_cov_87.036437_1> (length 446)
prokka_out/CA140705:NODE_1_length_597876_cov_87.036437_1> (length 226)
prokka_out/CA140705:NODE_1_length_597876_cov_87.036437_1> (length 66)
prokka_out/CA140705:NODE_1_length_597876_cov_87.036437_1> (length 282)
prokka_out/CA140705:NODE_1_length_597876_cov_87.036437_1> (length 754)
prokka_out/CA140705:NODE_1_length_597876_cov_87.036437_1> (length 256)
prokka_out/CA140705:NODE_1_length_597876_cov_87.036437_1> (length 330)
prokka_out/CA140705:NODE_1_length_597876_cov_87.036437_1> (length 164)
prokka_out/CA140705:NODE_1_length_597876_cov_87.036437_1> (length 472)
prokka_out/CA140705:NODE_1_length_597876_cov_87.036437_1> (length 299)
prokka_out/CA140705:NODE_1_length_597876_cov_87.036437_1> (length 393)
prokka_out/CA140705:NODE_1_length_597876_cov_87.036437_1> (length 508)
prokka_out/CA140705:NODE_1_length_597876_cov_87.036437_1> (length 267)
prokka_out/CA140705:NODE_1_length_597876_cov_87.036437_1> (length 350)
prokka_out/CA140705:NODE_1_length_597876_cov_87.036437_1> (length 58)
prokka_out/CA140705:NODE_1_length_597876_cov_87.036437_1> (length 164)
prokka_out/CA140705:NODE_1_length_597876_cov_87.036437_1> (length 459)
prokka_out/CA140705:NODE_1_length_597876_cov_87.036437_1> (length 165)
prokka_out/CA140705:NODE_1_length_597876_cov_87.036437_1> (length 619)
prokka_out/CA140705:NODE_1_length_597876_cov_87.036437_1> (length 422)
prokka_out/CA140705:NODE_1_length_597876_cov_87.036437_1> (length 167)
prokka_out/CA140705:NODE_1_length_597876_cov_87.036437_1> (length 416)
prokka_out/CA140705:NODE_1_length_597876_cov_87.036437_1> (length 374)
prokka_out/CA140705:NODE_1_length_597876_cov_87.036437_1> (length 387)
prokka_out/CA140705:NODE_1_length_597876_cov_87.036437_1> (length 263)
prokka_out/CA140705:NODE_1_length_597876_cov_87.036437_1> (length 357)
prokka_out/CA140705:NODE_1_length_597876_cov_87.036437_1> (length 211)
prokka_out/CA140705:NODE_1_length_597876_cov_87.036437_1> (length 255)
prokka_out/CA140705:NODE_1_length_597876_cov_87.036437_1> (length 517)
prokka_out/CA140705:NODE_1_length_597876_cov_87.036437_1> (length 205)
prokka_out/CA140705:NODE_1_length_597876_cov_87.036437_1> (length 79)
prokka_out/CA140705:NODE_1_length_597876_cov_87.036437_1> (length 530)
prokka_out/CA140705:NODE_1_length_597876_cov_87.036437_1> (length 102)
prokka_out/CA140705:NODE_1_length_597876_cov_87.036437_1> (length 113)
prokka_out/CA140705:NODE_1_length_597876_cov_87.036437_1> (length 235)
prokka_out/CA140705:NODE_1_length_597876_cov_87.036437_1> (length 160)
prokka_out/CA140705:NODE_1_length_597876_cov_87.036437_1> (length 487)
prokka_out/CA140705:NODE_1_length_597876_cov_87.036437_1> (length 75)
prokka_out/CA140705:NODE_1_length_597876_cov_87.036437_1> (length 200)
prokka_out/CA140705:NODE_1_length_597876_cov_87.036437_1> (length 308)
prokka_out/CA140705:NODE_1_length_597876_cov_87.036437_1> (length 258)
prokka_out/CA140705:NODE_1_length_597876_cov_87.036437_1> (length 164)
prokka_out/CA140705:NODE_1_length_597876_cov_87.036437_1> (length 89)
prokka_out/CA140705:NODE_1_length_597876_cov_87.036437_1> (length 313)
prokka_out/CA140705:NODE_1_length_597876_cov_87.036437_1> (length 67)
prokka_out/CA140705:NODE_1_length_597876_cov_87.036437_1> (length 707)
prokka_out/CA140705:NODE_1_length_597876_cov_87.036437_2> (length 518)
prokka_out/CA140705:NODE_1_length_597876_cov_87.036437_2> (length 432)
prokka_out/CA140705:NODE_1_length_597876_cov_87.036437_2> (length 785)
prokka_out/CA140705:NODE_1_length_597876_cov_87.036437_2> (length 66)
prokka_out/CA140705:NODE_1_length_597876_cov_87.036437_2> (length 99)
prokka_out/CA140705:NODE_1_length_597876_cov_87.036437_2> (length 187)
prokka_out/CA140705:NODE_1_length_597876_cov_87.036437_2> (length 317)
prokka_out/CA140705:NODE_1_length_597876_cov_87.036437_2> (length 461)
prokka_out/CA140705:NODE_1_length_597876_cov_87.036437_2> (length 186)
prokka_out/CA140705:NODE_1_length_597876_cov_87.036437_2> (length 152)
prokka_out/CA140705:NODE_1_length_597876_cov_87.036437_2> (length 314)
prokka_out/CA140705:NODE_1_length_597876_cov_87.036437_2> (length 273)
prokka_out/CA140705:NODE_1_length_597876_cov_87.036437_2> (length 455)
prokka_out/CA140705:NODE_1_length_597876_cov_87.036437_2> (length 379)
prokka_out/CA140705:NODE_1_length_597876_cov_87.036437_2> (length 312)
prokka_out/CA140705:NODE_1_length_597876_cov_87.036437_2> (length 389)
prokka_out/CA140705:NODE_1_length_597876_cov_87.036437_2> (length 339)
prokka_out/CA140705:NODE_1_length_597876_cov_87.036437_2> (length 323)
prokka_out/CA140705:NODE_1_length_597876_cov_87.036437_2> (length 271)
prokka_out/CA140705:NODE_1_length_597876_cov_87.036437_2> (length 357)
prokka_out/CA140705:NODE_1_length_597876_cov_87.036437_2> (length 585)
prokka_out/CA140705:NODE_1_length_597876_cov_87.036437_2> (length 305)
prokka_out/CA140705:NODE_1_length_597876_cov_87.036437_2> (length 440)
prokka_out/CA140705:NODE_1_length_597876_cov_87.036437_2> (length 357)
prokka_out/CA140705:NODE_1_length_597876_cov_87.036437_2> (length 403)
prokka_out/CA140705:NODE_1_length_597876_cov_87.036437_2> (length 354)
prokka_out/CA140705:NODE_1_length_597876_cov_87.036437_2> (length 515)
prokka_out/CA140705:NODE_1_length_597876_cov_87.036437_2> (length 295)
prokka_out/CA140705:NODE_1_length_597876_cov_87.036437_2> (length 342)
prokka_out/CA140705:NODE_1_length_597876_cov_87.036437_2> (length 263)
prokka_out/CA140705:NODE_1_length_597876_cov_87.036437_2> (length 328)
prokka_out/CA140705:NODE_1_length_597876_cov_87.036437_2> (length 566)
prokka_out/CA140705:NODE_1_length_597876_cov_87.036437_2> (length 358)
prokka_out/CA140705:NODE_1_length_597876_cov_87.036437_2> (length 309)
prokka_out/CA140705:NODE_1_length_597876_cov_87.036437_2> (length 365)
prokka_out/CA140705:NODE_1_length_597876_cov_87.036437_2> (length 714)
prokka_out/CA140705:NODE_1_length_597876_cov_87.036437_2> (length 376)
prokka_out/CA140705:NODE_1_length_597876_cov_87.036437_2> (length 200)
prokka_out/CA140705:NODE_1_length_597876_cov_87.036437_2> (length 195)
prokka_out/CA140705:NODE_1_length_597876_cov_87.036437_2> (length 386)
prokka_out/CA140705:NODE_1_length_597876_cov_87.036437_2> (length 590)
prokka_out/CA140705:NODE_1_length_597876_cov_87.036437_2> (length 130)
prokka_out/CA140705:NODE_1_length_597876_cov_87.036437_2> (length 282)
prokka_out/CA140705:NODE_1_length_597876_cov_87.036437_2> (length 648)
prokka_out/CA140705:NODE_1_length_597876_cov_87.036437_2> (length 204)
prokka_out/CA140705:NODE_1_length_597876_cov_87.036437_2> (length 241)
prokka_out/CA140705:NODE_1_length_597876_cov_87.036437_2> (length 265)
prokka_out/CA140705:NODE_1_length_597876_cov_87.036437_2> (length 118)
prokka_out/CA140705:NODE_1_length_597876_cov_87.036437_2> (length 212)
prokka_out/CA140705:NODE_1_length_597876_cov_87.036437_2> (length 217)
prokka_out/CA140705:NODE_1_length_597876_cov_87.036437_2> (length 705)
prokka_out/CA140705:NODE_1_length_597876_cov_87.036437_2> (length 96)
prokka_out/CA140705:NODE_1_length_597876_cov_87.036437_2> (length 201)
prokka_out/CA140705:NODE_1_length_597876_cov_87.036437_2> (length 150)
prokka_out/CA140705:NODE_1_length_597876_cov_87.036437_2> (length 256)
prokka_out/CA140705:NODE_1_length_597876_cov_87.036437_2> (length 75)
prokka_out/CA140705:NODE_1_length_597876_cov_87.036437_2> (length 272)
prokka_out/CA140705:NODE_1_length_597876_cov_87.036437_2> (length 686)
prokka_out/CA140705:NODE_1_length_597876_cov_87.036437_2> (length 145)
prokka_out/CA140705:NODE_1_length_597876_cov_87.036437_2> (length 571)
prokka_out/CA140705:NODE_1_length_597876_cov_87.036437_2> (length 293)
prokka_out/CA140705:NODE_1_length_597876_cov_87.036437_2> (length 407)
prokka_out/CA140705:NODE_1_length_597876_cov_87.036437_2> (length 399)
prokka_out/CA140705:NODE_1_length_597876_cov_87.036437_2> (length 382)
prokka_out/CA140705:NODE_1_length_597876_cov_87.036437_2> (length 72)
prokka_out/CA140705:NODE_1_length_597876_cov_87.036437_2> (length 134)
prokka_out/CA140705:NODE_1_length_597876_cov_87.036437_2> (length 404)
prokka_out/CA140705:NODE_1_length_597876_cov_87.036437_2> (length 90)
prokka_out/CA140705:NODE_1_length_597876_cov_87.036437_2> (length 526)
prokka_out/CA140705:NODE_1_length_597876_cov_87.036437_2> (length 323)
prokka_out/CA140705:NODE_1_length_597876_cov_87.036437_2> (length 810)
prokka_out/CA140705:NODE_1_length_597876_cov_87.036437_2> (length 170)
prokka_out/CA140705:NODE_1_length_597876_cov_87.036437_2> (length 467)
prokka_out/CA140705:NODE_1_length_597876_cov_87.036437_2> (length 395)
prokka_out/CA140705:NODE_1_length_597876_cov_87.036437_2> (length 300)
prokka_out/CA140705:NODE_1_length_597876_cov_87.036437_2> (length 95)
prokka_out/CA140705:NODE_1_length_597876_cov_87.036437_2> (length 978)
prokka_out/CA140705:NODE_1_length_597876_cov_87.036437_2> (length 254)
prokka_out/CA140705:NODE_1_length_597876_cov_87.036437_2> (length 227)
prokka_out/CA140705:NODE_1_length_597876_cov_87.036437_2> (length 270)
prokka_out/CA140705:NODE_1_length_597876_cov_87.036437_2> (length 210)
prokka_out/CA140705:NODE_1_length_597876_cov_87.036437_2> (length 209)
prokka_out/CA140705:NODE_1_length_597876_cov_87.036437_2> (length 150)
prokka_out/CA140705:NODE_1_length_597876_cov_87.036437_2> (length 222)
prokka_out/CA140705:NODE_1_length_597876_cov_87.036437_2> (length 101)
prokka_out/CA140705:NODE_1_length_597876_cov_87.036437_2> (length 245)
prokka_out/CA140705:NODE_1_length_597876_cov_87.036437_2> (length 129)
prokka_out/CA140705:NODE_1_length_597876_cov_87.036437_2> (length 215)
prokka_out/CA140705:NODE_1_length_597876_cov_87.036437_2> (length 791)
prokka_out/CA140705:NODE_1_length_597876_cov_87.036437_2> (length 86)
prokka_out/CA140705:NODE_1_length_597876_cov_87.036437_2> (length 182)
prokka_out/CA140705:NODE_1_length_597876_cov_87.036437_2> (length 125)
prokka_out/CA140705:NODE_1_length_597876_cov_87.036437_2> (length 354)
prokka_out/CA140705:NODE_1_length_597876_cov_87.036437_2> (length 67)
prokka_out/CA140705:NODE_1_length_597876_cov_87.036437_2> (length 334)
prokka_out/CA140705:NODE_1_length_597876_cov_87.036437_2> (length 94)
prokka_out/CA140705:NODE_1_length_597876_cov_87.036437_2> (length 63)
prokka_out/CA140705:NODE_1_length_597876_cov_87.036437_2> (length 83)
prokka_out/CA140705:NODE_1_length_597876_cov_87.036437_2> (length 367)
prokka_out/CA140705:NODE_1_length_597876_cov_87.036437_2> (length 178)
prokka_out/CA140705:NODE_1_length_597876_cov_87.036437_3> (length 201)
prokka_out/CA140705:NODE_1_length_597876_cov_87.036437_3> (length 206)
prokka_out/CA140705:NODE_1_length_597876_cov_87.036437_3> (length 141)
prokka_out/CA140705:NODE_1_length_597876_cov_87.036437_3> (length 362)
prokka_out/CA140705:NODE_1_length_597876_cov_87.036437_3> (length 918)
prokka_out/CA140705:NODE_1_length_597876_cov_87.036437_3> (length 455)
prokka_out/CA140705:NODE_1_length_597876_cov_87.036437_3> (length 484)
prokka_out/CA140705:NODE_1_length_597876_cov_87.036437_3> (length 57)
prokka_out/CA140705:NODE_1_length_597876_cov_87.036437_3> (length 259)
prokka_out/CA140705:NODE_1_length_597876_cov_87.036437_3> (length 85)
prokka_out/CA140705:NODE_1_length_597876_cov_87.036437_3> (length 507)
prokka_out/CA140705:NODE_1_length_597876_cov_87.036437_3> (length 117)
prokka_out/CA140705:NODE_1_length_597876_cov_87.036437_3> (length 211)
prokka_out/CA140705:NODE_1_length_597876_cov_87.036437_3> (length 431)
prokka_out/CA140705:NODE_1_length_597876_cov_87.036437_3> (length 116)
prokka_out/CA140705:NODE_1_length_597876_cov_87.036437_3> (length 735)
prokka_out/CA140705:NODE_1_length_597876_cov_87.036437_3> (length 1331)
prokka_out/CA140705:NODE_1_length_597876_cov_87.036437_3> (length 233)
prokka_out/CA140705:NODE_1_length_597876_cov_87.036437_3> (length 200)
prokka_out/CA140705:NODE_1_length_597876_cov_87.036437_3> (length 366)
prokka_out/CA140705:NODE_1_length_597876_cov_87.036437_3> (length 1036)
prokka_out/CA140705:NODE_1_length_597876_cov_87.036437_3> (length 63)
prokka_out/CA140705:NODE_1_length_597876_cov_87.036437_3> (length 266)
prokka_out/CA140705:NODE_1_length_597876_cov_87.036437_3> (length 258)
prokka_out/CA140705:NODE_1_length_597876_cov_87.036437_3> (length 381)
prokka_out/CA140705:NODE_1_length_597876_cov_87.036437_3> (length 201)
prokka_out/CA140705:NODE_1_length_597876_cov_87.036437_3> (length 296)
prokka_out/CA140705:NODE_1_length_597876_cov_87.036437_3> (length 284)
prokka_out/CA140705:NODE_1_length_597876_cov_87.036437_3> (length 386)
prokka_out/CA140705:NODE_1_length_597876_cov_87.036437_3> (length 338)
prokka_out/CA140705:NODE_1_length_597876_cov_87.036437_3> (length 387)
prokka_out/CA140705:NODE_1_length_597876_cov_87.036437_3> (length 480)
prokka_out/CA140705:NODE_1_length_597876_cov_87.036437_3> (length 78)
prokka_out/CA140705:NODE_1_length_597876_cov_87.036437_3> (length 239)
prokka_out/CA140705:NODE_1_length_597876_cov_87.036437_3> (length 268)
prokka_out/CA140705:NODE_1_length_597876_cov_87.036437_3> (length 1005)
prokka_out/CA140705:NODE_1_length_597876_cov_87.036437_3> (length 246)
prokka_out/CA140705:NODE_1_length_597876_cov_87.036437_3> (length 424)
prokka_out/CA140705:NODE_1_length_597876_cov_87.036437_3> (length 598)
prokka_out/CA140705:NODE_1_length_597876_cov_87.036437_3> (length 214)
prokka_out/CA140705:NODE_1_length_597876_cov_87.036437_3> (length 191)
prokka_out/CA140705:NODE_1_length_597876_cov_87.036437_3> (length 855)
prokka_out/CA140705:NODE_1_length_597876_cov_87.036437_3> (length 173)
prokka_out/CA140705:NODE_1_length_597876_cov_87.036437_3> (length 149)
prokka_out/CA140705:NODE_1_length_597876_cov_87.036437_3> (length 432)
prokka_out/CA140705:NODE_1_length_597876_cov_87.036437_3> (length 343)
prokka_out/CA140705:NODE_1_length_597876_cov_87.036437_3> (length 168)
prokka_out/CA140705:NODE_1_length_597876_cov_87.036437_3> (length 66)
prokka_out/CA140705:NODE_1_length_597876_cov_87.036437_3> (length 143)
prokka_out/CA140705:NODE_1_length_597876_cov_87.036437_3> (length 374)
prokka_out/CA140705:NODE_1_length_597876_cov_87.036437_3> (length 369)
prokka_out/CA140705:NODE_1_length_597876_cov_87.036437_3> (length 319)
prokka_out/CA140705:NODE_1_length_597876_cov_87.036437_3> (length 346)
prokka_out/CA140705:NODE_1_length_597876_cov_87.036437_3> (length 256)
prokka_out/CA140705:NODE_1_length_597876_cov_87.036437_3> (length 231)
prokka_out/CA140705:NODE_1_length_597876_cov_87.036437_3> (length 1086)
prokka_out/CA140705:NODE_1_length_597876_cov_87.036437_3> (length 151)
prokka_out/CA140705:NODE_1_length_597876_cov_87.036437_3> (length 56)
prokka_out/CA140705:NODE_1_length_597876_cov_87.036437_3> (length 193)
prokka_out/CA140705:NODE_1_length_597876_cov_87.036437_3> (length 673)
prokka_out/CA140705:NODE_1_length_597876_cov_87.036437_3> (length 256)
prokka_out/CA140705:NODE_1_length_597876_cov_87.036437_3> (length 377)
prokka_out/CA140705:NODE_1_length_597876_cov_87.036437_3> (length 466)
prokka_out/CA140705:NODE_1_length_597876_cov_87.036437_3> (length 351)
prokka_out/CA140705:NODE_1_length_597876_cov_87.036437_3> (length 523)
prokka_out/CA140705:NODE_1_length_597876_cov_87.036437_3> (length 418)
prokka_out/CA140705:NODE_1_length_597876_cov_87.036437_3> (length 534)
prokka_out/CA140705:NODE_1_length_597876_cov_87.036437_3> (length 138)
prokka_out/CA140705:NODE_1_length_597876_cov_87.036437_3> (length 172)
prokka_out/CA140705:NODE_1_length_597876_cov_87.036437_3> (length 169)
prokka_out/CA140705:NODE_1_length_597876_cov_87.036437_3> (length 621)
prokka_out/CA140705:NODE_1_length_597876_cov_87.036437_3> (length 293)
prokka_out/CA140705:NODE_1_length_597876_cov_87.036437_3> (length 364)
prokka_out/CA140705:NODE_1_length_597876_cov_87.036437_3> (length 190)
prokka_out/CA140705:NODE_1_length_597876_cov_87.036437_3> (length 199)
prokka_out/CA140705:NODE_1_length_597876_cov_87.036437_3> (length 186)
prokka_out/CA140705:NODE_1_length_597876_cov_87.036437_3> (length 327)
prokka_out/CA140705:NODE_1_length_597876_cov_87.036437_3> (length 303)
prokka_out/CA140705:NODE_1_length_597876_cov_87.036437_3> (length 163)
prokka_out/CA140705:NODE_1_length_597876_cov_87.036437_3> (length 451)
prokka_out/CA140705:NODE_1_length_597876_cov_87.036437_3> (length 421)
prokka_out/CA140705:NODE_1_length_597876_cov_87.036437_3> (length 234)
prokka_out/CA140705:NODE_1_length_597876_cov_87.036437_3> (length 67)
prokka_out/CA140705:NODE_1_length_597876_cov_87.036437_3> (length 246)
prokka_out/CA140705:NODE_1_length_597876_cov_87.036437_3> (length 367)
prokka_out/CA140705:NODE_1_length_597876_cov_87.036437_3> (length 279)
prokka_out/CA140705:NODE_1_length_597876_cov_87.036437_3> (length 415)
prokka_out/CA140705:NODE_1_length_597876_cov_87.036437_3> (length 422)
prokka_out/CA140705:NODE_1_length_597876_cov_87.036437_3> (length 175)
prokka_out/CA140705:NODE_1_length_597876_cov_87.036437_3> (length 57)
prokka_out/CA140705:NODE_1_length_597876_cov_87.036437_3> (length 191)
prokka_out/CA140705:NODE_1_length_597876_cov_87.036437_3> (length 291)
prokka_out/CA140705:NODE_1_length_597876_cov_87.036437_3> (length 303)
prokka_out/CA140705:NODE_1_length_597876_cov_87.036437_3> (length 138)
prokka_out/CA140705:NODE_1_length_597876_cov_87.036437_3> (length 112)
prokka_out/CA140705:NODE_1_length_597876_cov_87.036437_3> (length 444)
prokka_out/CA140705:NODE_1_length_597876_cov_87.036437_3> (length 449)
prokka_out/CA140705:NODE_1_length_597876_cov_87.036437_3> (length 597)
prokka_out/CA140705:NODE_1_length_597876_cov_87.036437_3> (length 524)
prokka_out/CA140705:NODE_1_length_597876_cov_87.036437_3> (length 461)
prokka_out/CA140705:NODE_1_length_597876_cov_87.036437_4> (length 367)
prokka_out/CA140705:NODE_1_length_597876_cov_87.036437_4> (length 483)
prokka_out/CA140705:NODE_1_length_597876_cov_87.036437_4> (length 231)
prokka_out/CA140705:NODE_1_length_597876_cov_87.036437_4> (length 127)
prokka_out/CA140705:NODE_1_length_597876_cov_87.036437_4> (length 50)
prokka_out/CA140705:NODE_1_length_597876_cov_87.036437_4> (length 110)
prokka_out/CA140705:NODE_1_length_597876_cov_87.036437_4> (length 145)
prokka_out/CA140705:NODE_1_length_597876_cov_87.036437_4> (length 184)
prokka_out/CA140705:NODE_1_length_597876_cov_87.036437_4> (length 262)
prokka_out/CA140705:NODE_1_length_597876_cov_87.036437_4> (length 242)
prokka_out/CA140705:NODE_1_length_597876_cov_87.036437_4> (length 259)
prokka_out/CA140705:NODE_1_length_597876_cov_87.036437_4> (length 250)
prokka_out/CA140705:NODE_1_length_597876_cov_87.036437_4> (length 219)
prokka_out/CA140705:NODE_1_length_597876_cov_87.036437_4> (length 309)
prokka_out/CA140705:NODE_1_length_597876_cov_87.036437_4> (length 703)
prokka_out/CA140705:NODE_1_length_597876_cov_87.036437_4> (length 137)
prokka_out/CA140705:NODE_1_length_597876_cov_87.036437_4> (length 613)
prokka_out/CA140705:NODE_1_length_597876_cov_87.036437_4> (length 96)
prokka_out/CA140705:NODE_1_length_597876_cov_87.036437_4> (length 299)
prokka_out/CA140705:NODE_1_length_597876_cov_87.036437_4> (length 184)
prokka_out/CA140705:NODE_1_length_597876_cov_87.036437_4> (length 150)
prokka_out/CA140705:NODE_1_length_597876_cov_87.036437_4> (length 138)
prokka_out/CA140705:NODE_1_length_597876_cov_87.036437_4> (length 101)
prokka_out/CA140705:NODE_1_length_597876_cov_87.036437_4> (length 325)
prokka_out/CA140705:NODE_1_length_597876_cov_87.036437_4> (length 329)
prokka_out/CA140705:NODE_1_length_597876_cov_87.036437_4> (length 155)
prokka_out/CA140705:NODE_1_length_597876_cov_87.036437_4> (length 494)
prokka_out/CA140705:NODE_1_length_597876_cov_87.036437_4> (length 242)
prokka_out/CA140705:NODE_1_length_597876_cov_87.036437_4> (length 247)
prokka_out/CA140705:NODE_1_length_597876_cov_87.036437_4> (length 45)
prokka_out/CA140705:NODE_1_length_597876_cov_87.036437_4> (length 189)
prokka_out/CA140705:NODE_1_length_597876_cov_87.036437_4> (length 121)
prokka_out/CA140705:NODE_1_length_597876_cov_87.036437_4> (length 330)
prokka_out/CA140705:NODE_1_length_597876_cov_87.036437_4> (length 773)
prokka_out/CA140705:NODE_1_length_597876_cov_87.036437_4> (length 426)
prokka_out/CA140705:NODE_1_length_597876_cov_87.036437_4> (length 276)
prokka_out/CA140705:NODE_1_length_597876_cov_87.036437_4> (length 556)
prokka_out/CA140705:NODE_1_length_597876_cov_87.036437_4> (length 163)
prokka_out/CA140705:NODE_1_length_597876_cov_87.036437_4> (length 527)
prokka_out/CA140705:NODE_1_length_597876_cov_87.036437_4> (length 223)
prokka_out/CA140705:NODE_1_length_597876_cov_87.036437_4> (length 427)
prokka_out/CA140705:NODE_1_length_597876_cov_87.036437_4> (length 643)
prokka_out/CA140705:NODE_1_length_597876_cov_87.036437_4> (length 388)
prokka_out/CA140705:NODE_1_length_597876_cov_87.036437_4> (length 418)
prokka_out/CA140705:NODE_1_length_597876_cov_87.036437_4> (length 286)
prokka_out/CA140705:NODE_1_length_597876_cov_87.036437_4> (length 192)
prokka_out/CA140705:NODE_1_length_597876_cov_87.036437_4> (length 592)
prokka_out/CA140705:NODE_1_length_597876_cov_87.036437_4> (length 354)
prokka_out/CA140705:NODE_1_length_597876_cov_87.036437_4> (length 231)
prokka_out/CA140705:NODE_1_length_597876_cov_87.036437_4> (length 212)
prokka_out/CA140705:NODE_1_length_597876_cov_87.036437_4> (length 46)
prokka_out/CA140705:NODE_1_length_597876_cov_87.036437_4> (length 210)
prokka_out/CA140705:NODE_1_length_597876_cov_87.036437_4> (length 80)
prokka_out/CA140705:NODE_1_length_597876_cov_87.036437_4> (length 350)
prokka_out/CA140705:NODE_1_length_597876_cov_87.036437_4> (length 725)
prokka_out/CA140705:NODE_1_length_597876_cov_87.036437_4> (length 136)
prokka_out/CA140705:NODE_1_length_597876_cov_87.036437_4> (length 90)
prokka_out/CA140705:NODE_1_length_597876_cov_87.036437_4> (length 946)
prokka_out/CA140705:NODE_1_length_597876_cov_87.036437_4> (length 750)
prokka_out/CA140705:NODE_1_length_597876_cov_87.036437_4> (length 146)
prokka_out/CA140705:NODE_1_length_597876_cov_87.036437_4> (length 339)
prokka_out/CA140705:NODE_1_length_597876_cov_87.036437_4> (length 248)
prokka_out/CA140705:NODE_1_length_597876_cov_87.036437_4> (length 422)
prokka_out/CA140705:NODE_1_length_597876_cov_87.036437_4> (length 261)
prokka_out/CA140705:NODE_1_length_597876_cov_87.036437_4> (length 125)
prokka_out/CA140705:NODE_1_length_597876_cov_87.036437_4> (length 372)
prokka_out/CA140705:NODE_1_length_597876_cov_87.036437_4> (length 401)
prokka_out/CA140705:NODE_1_length_597876_cov_87.036437_4> (length 862)
prokka_out/CA140705:NODE_1_length_597876_cov_87.036437_4> (length 169)
prokka_out/CA140705:NODE_1_length_597876_cov_87.036437_4> (length 232)
prokka_out/CA140705:NODE_1_length_597876_cov_87.036437_4> (length 447)
prokka_out/CA140705:NODE_1_length_597876_cov_87.036437_4> (length 454)
prokka_out/CA140705:NODE_1_length_597876_cov_87.036437_4> (length 290)
prokka_out/CA140705:NODE_1_length_597876_cov_87.036437_4> (length 295)
prokka_out/CA140705:NODE_1_length_597876_cov_87.036437_4> (length 325)
prokka_out/CA140705:NODE_1_length_597876_cov_87.036437_4> (length 145)
prokka_out/CA140705:NODE_1_length_597876_cov_87.036437_4> (length 530)
prokka_out/CA140705:NODE_1_length_597876_cov_87.036437_4> (length 510)
prokka_out/CA140705:NODE_1_length_597876_cov_87.036437_4> (length 256)
prokka_out/CA140705:NODE_1_length_597876_cov_87.036437_4> (length 728)
prokka_out/CA140705:NODE_1_length_597876_cov_87.036437_4> (length 442)
prokka_out/CA140705:NODE_1_length_597876_cov_87.036437_4> (length 283)
prokka_out/CA140705:NODE_1_length_597876_cov_87.036437_4> (length 531)
prokka_out/CA140705:NODE_1_length_597876_cov_87.036437_4> (length 124)
prokka_out/CA140705:NODE_1_length_597876_cov_87.036437_4> (length 108)
prokka_out/CA140705:NODE_1_length_597876_cov_87.036437_4> (length 44)
prokka_out/CA140705:NODE_1_length_597876_cov_87.036437_4> (length 159)
prokka_out/CA140705:NODE_1_length_597876_cov_87.036437_4> (length 202)
prokka_out/CA140705:NODE_1_length_597876_cov_87.036437_4> (length 398)
prokka_out/CA140705:NODE_1_length_597876_cov_87.036437_4> (length 124)
prokka_out/CA140705:NODE_1_length_597876_cov_87.036437_4> (length 428)
prokka_out/CA140705:NODE_1_length_597876_cov_87.036437_4> (length 230)
prokka_out/CA140705:NODE_1_length_597876_cov_87.036437_4> (length 631)
prokka_out/CA140705:NODE_1_length_597876_cov_87.036437_4> (length 72)
prokka_out/CA140705:NODE_1_length_597876_cov_87.036437_4> (length 49)
prokka_out/CA140705:NODE_1_length_597876_cov_87.036437_4> (length 139)
prokka_out/CA140705:NODE_1_length_597876_cov_87.036437_4> (length 440)
prokka_out/CA140705:NODE_1_length_597876_cov_87.036437_4> (length 289)
prokka_out/CA140705:NODE_1_length_597876_cov_87.036437_4> (length 114)
prokka_out/CA140705:NODE_1_length_597876_cov_87.036437_4> (length 282)
prokka_out/CA140705:NODE_1_length_597876_cov_87.036437_5> (length 285)
prokka_out/CA140705:NODE_1_length_597876_cov_87.036437_5> (length 115)
prokka_out/CA140705:NODE_1_length_597876_cov_87.036437_5> (length 424)
prokka_out/CA140705:NODE_1_length_597876_cov_87.036437_5> (length 101)
prokka_out/CA140705:NODE_1_length_597876_cov_87.036437_5> (length 167)
prokka_out/CA140705:NODE_1_length_597876_cov_87.036437_5> (length 395)
prokka_out/CA140705:NODE_1_length_597876_cov_87.036437_5> (length 764)
prokka_out/CA140705:NODE_1_length_597876_cov_87.036437_5> (length 93)
prokka_out/CA140705:NODE_1_length_597876_cov_87.036437_5> (length 266)
prokka_out/CA140705:NODE_1_length_597876_cov_87.036437_5> (length 374)
prokka_out/CA140705:NODE_1_length_597876_cov_87.036437_5> (length 431)
prokka_out/CA140705:NODE_1_length_597876_cov_87.036437_5> (length 93)
prokka_out/CA140705:NODE_1_length_597876_cov_87.036437_5> (length 542)
prokka_out/CA140705:NODE_1_length_597876_cov_87.036437_5> (length 161)
prokka_out/CA140705:NODE_1_length_597876_cov_87.036437_5> (length 164)
prokka_out/CA140705:NODE_1_length_597876_cov_87.036437_5> (length 280)
prokka_out/CA140705:NODE_1_length_597876_cov_87.036437_5> (length 65)
prokka_out/CA140705:NODE_1_length_597876_cov_87.036437_5> (length 628)
prokka_out/CA140705:NODE_1_length_597876_cov_87.036437_5> (length 315)
prokka_out/CA140705:NODE_1_length_597876_cov_87.036437_5> (length 158)
prokka_out/CA140705:NODE_1_length_597876_cov_87.036437_5> (length 848)
prokka_out/CA140705:NODE_1_length_597876_cov_87.036437_5> (length 413)
prokka_out/CA140705:NODE_1_length_597876_cov_87.036437_5> (length 249)
prokka_out/CA140705:NODE_1_length_597876_cov_87.036437_5> (length 576)
prokka_out/CA140705:NODE_1_length_597876_cov_87.036437_5> (length 362)
prokka_out/CA140705:NODE_1_length_597876_cov_87.036437_5> (length 136)
prokka_out/CA140705:NODE_1_length_597876_cov_87.036437_5> (length 152)
prokka_out/CA140705:NODE_1_length_597876_cov_87.036437_5> (length 403)
prokka_out/CA140705:NODE_1_length_597876_cov_87.036437_5> (length 240)
prokka_out/CA140705:NODE_1_length_597876_cov_87.036437_5> (length 341)
prokka_out/CA140705:NODE_1_length_597876_cov_87.036437_5> (length 259)
prokka_out/CA140705:NODE_1_length_597876_cov_87.036437_5> (length 222)
prokka_out/CA140705:NODE_1_length_597876_cov_87.036437_5> (length 205)
prokka_out/CA140705:NODE_1_length_597876_cov_87.036437_5> (length 384)
prokka_out/CA140705:NODE_1_length_597876_cov_87.036437_5> (length 429)
prokka_out/CA140705:NODE_1_length_597876_cov_87.036437_5> (length 247)
prokka_out/CA140705:NODE_1_length_597876_cov_87.036437_5> (length 256)
prokka_out/CA140705:NODE_1_length_597876_cov_87.036437_5> (length 431)
prokka_out/CA140705:NODE_1_length_597876_cov_87.036437_5> (length 439)
prokka_out/CA140705:NODE_1_length_597876_cov_87.036437_5> (length 239)
prokka_out/CA140705:NODE_1_length_597876_cov_87.036437_5> (length 470)
prokka_out/CA140705:NODE_1_length_597876_cov_87.036437_5> (length 310)
prokka_out/CA140705:NODE_1_length_597876_cov_87.036437_5> (length 248)
prokka_out/CA140705:NODE_1_length_597876_cov_87.036437_5> (length 198)
prokka_out/CA140705:NODE_1_length_597876_cov_87.036437_5> (length 101)
prokka_out/CA140705:NODE_1_length_597876_cov_87.036437_5> (length 259)
prokka_out/CA140705:NODE_1_length_597876_cov_87.036437_5> (length 298)
prokka_out/CA140705:NODE_1_length_597876_cov_87.036437_5> (length 413)
prokka_out/CA140705:NODE_1_length_597876_cov_87.036437_5> (length 352)
prokka_out/CA140705:NODE_1_length_597876_cov_87.036437_5> (length 577)
prokka_out/CA140705:NODE_1_length_597876_cov_87.036437_5> (length 460)
prokka_out/CA140705:NODE_1_length_597876_cov_87.036437_5> (length 483)
prokka_out/CA140705:NODE_1_length_597876_cov_87.036437_5> (length 621)
prokka_out/CA140705:NODE_1_length_597876_cov_87.036437_5> (length 183)
prokka_out/CA140705:NODE_1_length_597876_cov_87.036437_5> (length 346)
prokka_out/CA140705:NODE_1_length_597876_cov_87.036437_5> (length 71)
prokka_out/CA140705:NODE_1_length_597876_cov_87.036437_5> (length 243)
prokka_out/CA140705:NODE_1_length_597876_cov_87.036437_5> (length 475)
prokka_out/CA140705:NODE_1_length_597876_cov_87.036437_5> (length 1169)
prokka_out/CA140705:NODE_1_length_597876_cov_87.036437_5> (length 303)
prokka_out/CA140705:NODE_1_length_597876_cov_87.036437_5> (length 274)
prokka_out/CA140705:NODE_1_length_597876_cov_87.036437_5> (length 371)
prokka_out/CA140705:NODE_1_length_597876_cov_87.036437_5> (length 165)
prokka_out/CA140705:NODE_1_length_597876_cov_87.036437_5> (length 81)
prokka_out/CA140705:NODE_1_length_597876_cov_87.036437_5> (length 193)
prokka_out/CA140705:NODE_1_length_597876_cov_87.036437_5> (length 106)
prokka_out/CA140705:NODE_1_length_597876_cov_87.036437_5> (length 226)
prokka_out/CA140705:NODE_1_length_597876_cov_87.036437_5> (length 58)
prokka_out/CA140705:NODE_1_length_597876_cov_87.036437_5> (length 111)
prokka_out/CA140705:NODE_1_length_597876_cov_87.036437_5> (length 306)
prokka_out/CA140705:NODE_1_length_597876_cov_87.036437_5> (length 173)
prokka_out/CA140705:NODE_1_length_597876_cov_87.036437_5> (length 260)
prokka_out/CA140705:NODE_1_length_597876_cov_87.036437_5> (length 246)
prokka_out/CA140705:NODE_1_length_597876_cov_87.036437_5> (length 924)
prokka_out/CA140705:NODE_1_length_597876_cov_87.036437_5> (length 175)
prokka_out/CA140705:NODE_1_length_597876_cov_87.036437_5> (length 94)
prokka_out/CA140705:NODE_1_length_597876_cov_87.036437_5> (length 86)
prokka_out/CA140705:NODE_1_length_597876_cov_87.036437_5> (length 676)
prokka_out/CA140705:NODE_1_length_597876_cov_87.036437_5> (length 309)
prokka_out/CA140705:NODE_1_length_597876_cov_87.036437_5> (length 870)
prokka_out/CA140705:NODE_1_length_597876_cov_87.036437_5> (length 336)
prokka_out/CA140705:NODE_1_length_597876_cov_87.036437_5> (length 301)
prokka_out/CA140705:NODE_1_length_597876_cov_87.036437_5> (length 257)
prokka_out/CA140705:NODE_1_length_597876_cov_87.036437_5> (length 256)
prokka_out/CA140705:NODE_1_length_597876_cov_87.036437_5> (length 258)
prokka_out/CA140705:NODE_1_length_597876_cov_87.036437_5> (length 220)
prokka_out/CA140705:NODE_1_length_597876_cov_87.036437_5> (length 187)
prokka_out/CA140705:NODE_1_length_597876_cov_87.036437_5> (length 158)
prokka_out/CA140705:NODE_1_length_597876_cov_87.036437_5> (length 192)
prokka_out/CA140705:NODE_1_length_597876_cov_87.036437_5> (length 408)
prokka_out/CA140705:NODE_1_length_597876_cov_87.036437_5> (length 611)
prokka_out/CA140705:NODE_1_length_597876_cov_87.036437_5> (length 210)
prokka_out/CA140705:NODE_1_length_597876_cov_87.036437_5> (length 389)
prokka_out/CA140705:NODE_1_length_597876_cov_87.036437_5> (length 113)
prokka_out/CA140705:NODE_1_length_597876_cov_87.036437_5> (length 340)
prokka_out/CA140705:NODE_1_length_597876_cov_87.036437_5> (length 76)
prokka_out/CA140705:NODE_1_length_597876_cov_87.036437_5> (length 95)
prokka_out/CA140705:NODE_1_length_597876_cov_87.036437_5> (length 623)
prokka_out/CA140705:NODE_1_length_597876_cov_87.036437_5> (length 176)
prokka_out/CA140705:NODE_1_length_597876_cov_87.036437_5> (length 263)
prokka_out/CA140705:NODE_1_length_597876_cov_87.036437_6> (length 696)
prokka_out/CA140705:NODE_1_length_597876_cov_87.036437_6> (length 232)
prokka_out/CA140705:NODE_1_length_597876_cov_87.036437_6> (length 271)
prokka_out/CA140705:NODE_1_length_597876_cov_87.036437_6> (length 94)
prokka_out/CA140705:NODE_2_length_271878_cov_89.820726 (length 271878)
prokka_out/CA140705:NODE_2_length_271878_cov_89.820726_1 (length 256)
prokka_out/CA140705:NODE_2_length_271878_cov_89.820726_2 (length 212)
prokka_out/CA140705:NODE_2_length_271878_cov_89.820726_3 (length 329)
prokka_out/CA140705:NODE_2_length_271878_cov_89.820726_4 (length 259)
prokka_out/CA140705:NODE_2_length_271878_cov_89.820726_5 (length 279)
prokka_out/CA140705:NODE_2_length_271878_cov_89.820726_6 (length 268)
prokka_out/CA140705:NODE_2_length_271878_cov_89.820726_7 (length 441)
prokka_out/CA140705:NODE_2_length_271878_cov_89.820726_8 (length 348)
prokka_out/CA140705:NODE_2_length_271878_cov_89.820726_9 (length 327)
prokka_out/CA140705:NODE_2_length_271878_cov_89.820726_10 (length 180)
prokka_out/CA140705:NODE_2_length_271878_cov_89.820726_11 (length 61)
prokka_out/CA140705:NODE_2_length_271878_cov_89.820726_12 (length 395)
prokka_out/CA140705:NODE_2_length_271878_cov_89.820726_13 (length 266)
prokka_out/CA140705:NODE_2_length_271878_cov_89.820726_14 (length 157)
prokka_out/CA140705:NODE_2_length_271878_cov_89.820726_15 (length 249)
prokka_out/CA140705:NODE_2_length_271878_cov_89.820726_16 (length 210)
prokka_out/CA140705:NODE_2_length_271878_cov_89.820726_17 (length 1200)
prokka_out/CA140705:NODE_2_length_271878_cov_89.820726_18 (length 109)
prokka_out/CA140705:NODE_2_length_271878_cov_89.820726_19 (length 447)
prokka_out/CA140705:NODE_2_length_271878_cov_89.820726_20 (length 137)
prokka_out/CA140705:NODE_2_length_271878_cov_89.820726_21 (length 118)
prokka_out/CA140705:NODE_2_length_271878_cov_89.820726_22 (length 234)
prokka_out/CA140705:NODE_2_length_271878_cov_89.820726_23 (length 179)
prokka_out/CA140705:NODE_2_length_271878_cov_89.820726_24 (length 80)
prokka_out/CA140705:NODE_2_length_271878_cov_89.820726_25 (length 75)
prokka_out/CA140705:NODE_2_length_271878_cov_89.820726_26 (length 445)
prokka_out/CA140705:NODE_2_length_271878_cov_89.820726_27 (length 250)
prokka_out/CA140705:NODE_2_length_271878_cov_89.820726_28 (length 385)
prokka_out/CA140705:NODE_2_length_271878_cov_89.820726_29 (length 238)
prokka_out/CA140705:NODE_2_length_271878_cov_89.820726_30 (length 241)
prokka_out/CA140705:NODE_2_length_271878_cov_89.820726_31 (length 287)
prokka_out/CA140705:NODE_2_length_271878_cov_89.820726_32 (length 184)
prokka_out/CA140705:NODE_2_length_271878_cov_89.820726_33 (length 164)
prokka_out/CA140705:NODE_2_length_271878_cov_89.820726_34 (length 418)
prokka_out/CA140705:NODE_2_length_271878_cov_89.820726_35 (length 234)
prokka_out/CA140705:NODE_2_length_271878_cov_89.820726_36 (length 476)
prokka_out/CA140705:NODE_2_length_271878_cov_89.820726_37 (length 263)
prokka_out/CA140705:NODE_2_length_271878_cov_89.820726_38 (length 270)
prokka_out/CA140705:NODE_2_length_271878_cov_89.820726_39 (length 370)
prokka_out/CA140705:NODE_2_length_271878_cov_89.820726_40 (length 460)
prokka_out/CA140705:NODE_2_length_271878_cov_89.820726_41 (length 495)
prokka_out/CA140705:NODE_2_length_271878_cov_89.820726_42 (length 311)
prokka_out/CA140705:NODE_2_length_271878_cov_89.820726_43 (length 295)
prokka_out/CA140705:NODE_2_length_271878_cov_89.820726_44 (length 163)
prokka_out/CA140705:NODE_2_length_271878_cov_89.820726_45 (length 396)
prokka_out/CA140705:NODE_2_length_271878_cov_89.820726_46 (length 500)
prokka_out/CA140705:NODE_2_length_271878_cov_89.820726_47 (length 232)
prokka_out/CA140705:NODE_2_length_271878_cov_89.820726_48 (length 357)
prokka_out/CA140705:NODE_2_length_271878_cov_89.820726_49 (length 172)
prokka_out/CA140705:NODE_2_length_271878_cov_89.820726_50 (length 467)
prokka_out/CA140705:NODE_2_length_271878_cov_89.820726_51 (length 151)
prokka_out/CA140705:NODE_2_length_271878_cov_89.820726_52 (length 64)
prokka_out/CA140705:NODE_2_length_271878_cov_89.820726_53 (length 253)
prokka_out/CA140705:NODE_2_length_271878_cov_89.820726_54 (length 779)
prokka_out/CA140705:NODE_2_length_271878_cov_89.820726_55 (length 202)
prokka_out/CA140705:NODE_2_length_271878_cov_89.820726_56 (length 256)
prokka_out/CA140705:NODE_2_length_271878_cov_89.820726_57 (length 612)
prokka_out/CA140705:NODE_2_length_271878_cov_89.820726_58 (length 148)
prokka_out/CA140705:NODE_2_length_271878_cov_89.820726_59 (length 81)
prokka_out/CA140705:NODE_2_length_271878_cov_89.820726_60 (length 76)
prokka_out/CA140705:NODE_2_length_271878_cov_89.820726_61 (length 657)
prokka_out/CA140705:NODE_2_length_271878_cov_89.820726_62 (length 474)
prokka_out/CA140705:NODE_2_length_271878_cov_89.820726_63 (length 416)
prokka_out/CA140705:NODE_2_length_271878_cov_89.820726_64 (length 242)
prokka_out/CA140705:NODE_2_length_271878_cov_89.820726_65 (length 135)
prokka_out/CA140705:NODE_2_length_271878_cov_89.820726_66 (length 81)
prokka_out/CA140705:NODE_2_length_271878_cov_89.820726_67 (length 406)
prokka_out/CA140705:NODE_2_length_271878_cov_89.820726_68 (length 147)
prokka_out/CA140705:NODE_2_length_271878_cov_89.820726_69 (length 180)
prokka_out/CA140705:NODE_2_length_271878_cov_89.820726_70 (length 439)
prokka_out/CA140705:NODE_2_length_271878_cov_89.820726_71 (length 291)
prokka_out/CA140705:NODE_2_length_271878_cov_89.820726_72 (length 357)
prokka_out/CA140705:NODE_2_length_271878_cov_89.820726_73 (length 185)
prokka_out/CA140705:NODE_2_length_271878_cov_89.820726_74 (length 595)
prokka_out/CA140705:NODE_2_length_271878_cov_89.820726_75 (length 611)
prokka_out/CA140705:NODE_2_length_271878_cov_89.820726_76 (length 164)
prokka_out/CA140705:NODE_2_length_271878_cov_89.820726_77 (length 196)
prokka_out/CA140705:NODE_2_length_271878_cov_89.820726_78 (length 152)
prokka_out/CA140705:NODE_2_length_271878_cov_89.820726_79 (length 170)
prokka_out/CA140705:NODE_2_length_271878_cov_89.820726_80 (length 162)
prokka_out/CA140705:NODE_2_length_271878_cov_89.820726_81 (length 279)
prokka_out/CA140705:NODE_2_length_271878_cov_89.820726_82 (length 377)
prokka_out/CA140705:NODE_2_length_271878_cov_89.820726_83 (length 270)
prokka_out/CA140705:NODE_2_length_271878_cov_89.820726_84 (length 414)
prokka_out/CA140705:NODE_2_length_271878_cov_89.820726_85 (length 507)
prokka_out/CA140705:NODE_2_length_271878_cov_89.820726_86 (length 286)
prokka_out/CA140705:NODE_2_length_271878_cov_89.820726_87 (length 583)
prokka_out/CA140705:NODE_2_length_271878_cov_89.820726_88 (length 191)
prokka_out/CA140705:NODE_2_length_271878_cov_89.820726_89 (length 172)
prokka_out/CA140705:NODE_2_length_271878_cov_89.820726_90 (length 166)
prokka_out/CA140705:NODE_2_length_271878_cov_89.820726_91 (length 291)
prokka_out/CA140705:NODE_2_length_271878_cov_89.820726_92 (length 126)
prokka_out/CA140705:NODE_2_length_271878_cov_89.820726_93 (length 256)
prokka_out/CA140705:NODE_2_length_271878_cov_89.820726_94 (length 350)
prokka_out/CA140705:NODE_2_length_271878_cov_89.820726_95 (length 340)
prokka_out/CA140705:NODE_2_length_271878_cov_89.820726_96 (length 644)
prokka_out/CA140705:NODE_2_length_271878_cov_89.820726_97 (length 321)
prokka_out/CA140705:NODE_2_length_271878_cov_89.820726_98 (length 114)
prokka_out/CA140705:NODE_2_length_271878_cov_89.820726_99 (length 324)
prokka_out/CA140705:NODE_2_length_271878_cov_89.820726_1> (length 363)
prokka_out/CA140705:NODE_2_length_271878_cov_89.820726_1> (length 93)
prokka_out/CA140705:NODE_2_length_271878_cov_89.820726_1> (length 247)
prokka_out/CA140705:NODE_2_length_271878_cov_89.820726_1> (length 729)
prokka_out/CA140705:NODE_2_length_271878_cov_89.820726_1> (length 506)
prokka_out/CA140705:NODE_2_length_271878_cov_89.820726_1> (length 215)
prokka_out/CA140705:NODE_2_length_271878_cov_89.820726_1> (length 438)
prokka_out/CA140705:NODE_2_length_271878_cov_89.820726_1> (length 215)
prokka_out/CA140705:NODE_2_length_271878_cov_89.820726_1> (length 190)
prokka_out/CA140705:NODE_2_length_271878_cov_89.820726_1> (length 246)
prokka_out/CA140705:NODE_2_length_271878_cov_89.820726_1> (length 362)
prokka_out/CA140705:NODE_2_length_271878_cov_89.820726_1> (length 304)
prokka_out/CA140705:NODE_2_length_271878_cov_89.820726_1> (length 331)
prokka_out/CA140705:NODE_2_length_271878_cov_89.820726_1> (length 166)
prokka_out/CA140705:NODE_2_length_271878_cov_89.820726_1> (length 458)
prokka_out/CA140705:NODE_2_length_271878_cov_89.820726_1> (length 326)
prokka_out/CA140705:NODE_2_length_271878_cov_89.820726_1> (length 389)
prokka_out/CA140705:NODE_2_length_271878_cov_89.820726_1> (length 454)
prokka_out/CA140705:NODE_2_length_271878_cov_89.820726_1> (length 641)
prokka_out/CA140705:NODE_2_length_271878_cov_89.820726_1> (length 390)
prokka_out/CA140705:NODE_2_length_271878_cov_89.820726_1> (length 396)
prokka_out/CA140705:NODE_2_length_271878_cov_89.820726_1> (length 293)
prokka_out/CA140705:NODE_2_length_271878_cov_89.820726_1> (length 566)
prokka_out/CA140705:NODE_2_length_271878_cov_89.820726_1> (length 222)
prokka_out/CA140705:NODE_2_length_271878_cov_89.820726_1> (length 447)
prokka_out/CA140705:NODE_2_length_271878_cov_89.820726_1> (length 409)
prokka_out/CA140705:NODE_2_length_271878_cov_89.820726_1> (length 374)
prokka_out/CA140705:NODE_2_length_271878_cov_89.820726_1> (length 223)
prokka_out/CA140705:NODE_2_length_271878_cov_89.820726_1> (length 416)
prokka_out/CA140705:NODE_2_length_271878_cov_89.820726_1> (length 191)
prokka_out/CA140705:NODE_2_length_271878_cov_89.820726_1> (length 166)
prokka_out/CA140705:NODE_2_length_271878_cov_89.820726_1> (length 230)
prokka_out/CA140705:NODE_2_length_271878_cov_89.820726_1> (length 571)
prokka_out/CA140705:NODE_2_length_271878_cov_89.820726_1> (length 379)
prokka_out/CA140705:NODE_2_length_271878_cov_89.820726_1> (length 611)
prokka_out/CA140705:NODE_2_length_271878_cov_89.820726_1> (length 656)
prokka_out/CA140705:NODE_2_length_271878_cov_89.820726_1> (length 363)
prokka_out/CA140705:NODE_2_length_271878_cov_89.820726_1> (length 401)
prokka_out/CA140705:NODE_2_length_271878_cov_89.820726_1> (length 731)
prokka_out/CA140705:NODE_2_length_271878_cov_89.820726_1> (length 74)
prokka_out/CA140705:NODE_2_length_271878_cov_89.820726_1> (length 238)
prokka_out/CA140705:NODE_2_length_271878_cov_89.820726_1> (length 400)
prokka_out/CA140705:NODE_2_length_271878_cov_89.820726_1> (length 268)
prokka_out/CA140705:NODE_2_length_271878_cov_89.820726_1> (length 221)
prokka_out/CA140705:NODE_2_length_271878_cov_89.820726_1> (length 398)
prokka_out/CA140705:NODE_2_length_271878_cov_89.820726_1> (length 410)
prokka_out/CA140705:NODE_2_length_271878_cov_89.820726_1> (length 321)
prokka_out/CA140705:NODE_2_length_271878_cov_89.820726_1> (length 366)
prokka_out/CA140705:NODE_2_length_271878_cov_89.820726_1> (length 78)
prokka_out/CA140705:NODE_2_length_271878_cov_89.820726_1> (length 46)
prokka_out/CA140705:NODE_2_length_271878_cov_89.820726_1> (length 457)
prokka_out/CA140705:NODE_2_length_271878_cov_89.820726_1> (length 309)
prokka_out/CA140705:NODE_2_length_271878_cov_89.820726_1> (length 443)
prokka_out/CA140705:NODE_2_length_271878_cov_89.820726_1> (length 311)
prokka_out/CA140705:NODE_2_length_271878_cov_89.820726_1> (length 410)
prokka_out/CA140705:NODE_2_length_271878_cov_89.820726_1> (length 361)
prokka_out/CA140705:NODE_2_length_271878_cov_89.820726_1> (length 189)
prokka_out/CA140705:NODE_2_length_271878_cov_89.820726_1> (length 91)
prokka_out/CA140705:NODE_2_length_271878_cov_89.820726_1> (length 128)
prokka_out/CA140705:NODE_2_length_271878_cov_89.820726_1> (length 637)
prokka_out/CA140705:NODE_2_length_271878_cov_89.820726_1> (length 121)
prokka_out/CA140705:NODE_2_length_271878_cov_89.820726_1> (length 600)
prokka_out/CA140705:NODE_2_length_271878_cov_89.820726_1> (length 308)
prokka_out/CA140705:NODE_2_length_271878_cov_89.820726_1> (length 128)
prokka_out/CA140705:NODE_2_length_271878_cov_89.820726_1> (length 568)
prokka_out/CA140705:NODE_2_length_271878_cov_89.820726_1> (length 431)
prokka_out/CA140705:NODE_2_length_271878_cov_89.820726_1> (length 297)
prokka_out/CA140705:NODE_2_length_271878_cov_89.820726_1> (length 176)
prokka_out/CA140705:NODE_2_length_271878_cov_89.820726_1> (length 87)
prokka_out/CA140705:NODE_2_length_271878_cov_89.820726_1> (length 185)
prokka_out/CA140705:NODE_2_length_271878_cov_89.820726_1> (length 281)
prokka_out/CA140705:NODE_2_length_271878_cov_89.820726_1> (length 374)
prokka_out/CA140705:NODE_2_length_271878_cov_89.820726_1> (length 103)
prokka_out/CA140705:NODE_2_length_271878_cov_89.820726_1> (length 289)
prokka_out/CA140705:NODE_2_length_271878_cov_89.820726_1> (length 387)
prokka_out/CA140705:NODE_2_length_271878_cov_89.820726_1> (length 302)
prokka_out/CA140705:NODE_2_length_271878_cov_89.820726_1> (length 734)
prokka_out/CA140705:NODE_2_length_271878_cov_89.820726_1> (length 856)
prokka_out/CA140705:NODE_2_length_271878_cov_89.820726_1> (length 300)
prokka_out/CA140705:NODE_2_length_271878_cov_89.820726_1> (length 143)
prokka_out/CA140705:NODE_2_length_271878_cov_89.820726_1> (length 164)
prokka_out/CA140705:NODE_2_length_271878_cov_89.820726_1> (length 99)
prokka_out/CA140705:NODE_2_length_271878_cov_89.820726_1> (length 601)
prokka_out/CA140705:NODE_2_length_271878_cov_89.820726_1> (length 602)
prokka_out/CA140705:NODE_2_length_271878_cov_89.820726_1> (length 144)
prokka_out/CA140705:NODE_2_length_271878_cov_89.820726_1> (length 106)
prokka_out/CA140705:NODE_2_length_271878_cov_89.820726_1> (length 609)
prokka_out/CA140705:NODE_2_length_271878_cov_89.820726_1> (length 122)
prokka_out/CA140705:NODE_2_length_271878_cov_89.820726_1> (length 233)
prokka_out/CA140705:NODE_2_length_271878_cov_89.820726_1> (length 399)
prokka_out/CA140705:NODE_2_length_271878_cov_89.820726_1> (length 214)
prokka_out/CA140705:NODE_2_length_271878_cov_89.820726_1> (length 81)
prokka_out/CA140705:NODE_2_length_271878_cov_89.820726_1> (length 236)
prokka_out/CA140705:NODE_2_length_271878_cov_89.820726_1> (length 440)
prokka_out/CA140705:NODE_2_length_271878_cov_89.820726_1> (length 93)
prokka_out/CA140705:NODE_2_length_271878_cov_89.820726_1> (length 857)
prokka_out/CA140705:NODE_2_length_271878_cov_89.820726_1> (length 643)
prokka_out/CA140705:NODE_2_length_271878_cov_89.820726_1> (length 183)
prokka_out/CA140705:NODE_2_length_271878_cov_89.820726_1> (length 842)
prokka_out/CA140705:NODE_2_length_271878_cov_89.820726_1> (length 359)
prokka_out/CA140705:NODE_2_length_271878_cov_89.820726_2> (length 370)
prokka_out/CA140705:NODE_2_length_271878_cov_89.820726_2> (length 284)
prokka_out/CA140705:NODE_2_length_271878_cov_89.820726_2> (length 303)
prokka_out/CA140705:NODE_2_length_271878_cov_89.820726_2> (length 411)
prokka_out/CA140705:NODE_2_length_271878_cov_89.820726_2> (length 332)
prokka_out/CA140705:NODE_2_length_271878_cov_89.820726_2> (length 161)
prokka_out/CA140705:NODE_2_length_271878_cov_89.820726_2> (length 258)
prokka_out/CA140705:NODE_2_length_271878_cov_89.820726_2> (length 425)
prokka_out/CA140705:NODE_2_length_271878_cov_89.820726_2> (length 124)
prokka_out/CA140705:NODE_2_length_271878_cov_89.820726_2> (length 233)
prokka_out/CA140705:NODE_2_length_271878_cov_89.820726_2> (length 50)
prokka_out/CA140705:NODE_2_length_271878_cov_89.820726_2> (length 691)
prokka_out/CA140705:NODE_2_length_271878_cov_89.820726_2> (length 156)
prokka_out/CA140705:NODE_2_length_271878_cov_89.820726_2> (length 128)
prokka_out/CA140705:NODE_2_length_271878_cov_89.820726_2> (length 479)
prokka_out/CA140705:NODE_2_length_271878_cov_89.820726_2> (length 105)
prokka_out/CA140705:NODE_2_length_271878_cov_89.820726_2> (length 256)
prokka_out/CA140705:NODE_2_length_271878_cov_89.820726_2> (length 413)
prokka_out/CA140705:NODE_2_length_271878_cov_89.820726_2> (length 262)
prokka_out/CA140705:NODE_2_length_271878_cov_89.820726_2> (length 423)
prokka_out/CA140705:NODE_2_length_271878_cov_89.820726_2> (length 388)
prokka_out/CA140705:NODE_2_length_271878_cov_89.820726_2> (length 87)
prokka_out/CA140705:NODE_2_length_271878_cov_89.820726_2> (length 302)
prokka_out/CA140705:NODE_2_length_271878_cov_89.820726_2> (length 253)
prokka_out/CA140705:NODE_2_length_271878_cov_89.820726_2> (length 1516)
prokka_out/CA140705:NODE_2_length_271878_cov_89.820726_2> (length 1375)
prokka_out/CA140705:NODE_2_length_271878_cov_89.820726_2> (length 125)
prokka_out/CA140705:NODE_2_length_271878_cov_89.820726_2> (length 159)
prokka_out/CA140705:NODE_2_length_271878_cov_89.820726_2> (length 233)
prokka_out/CA140705:NODE_2_length_271878_cov_89.820726_2> (length 141)
prokka_out/CA140705:NODE_2_length_271878_cov_89.820726_2> (length 177)
prokka_out/CA140705:NODE_2_length_271878_cov_89.820726_2> (length 59)
prokka_out/CA140705:NODE_2_length_271878_cov_89.820726_2> (length 52)
prokka_out/CA140705:NODE_2_length_271878_cov_89.820726_2> (length 399)
prokka_out/CA140705:NODE_2_length_271878_cov_89.820726_2> (length 245)
prokka_out/CA140705:NODE_2_length_271878_cov_89.820726_2> (length 218)
prokka_out/CA140705:NODE_2_length_271878_cov_89.820726_2> (length 233)
prokka_out/CA140705:NODE_2_length_271878_cov_89.820726_2> (length 198)
prokka_out/CA140705:NODE_2_length_271878_cov_89.820726_2> (length 128)
prokka_out/CA140705:NODE_2_length_271878_cov_89.820726_2> (length 604)
prokka_out/CA140705:NODE_2_length_271878_cov_89.820726_2> (length 406)
prokka_out/CA140705:NODE_2_length_271878_cov_89.820726_2> (length 348)
prokka_out/CA140705:NODE_2_length_271878_cov_89.820726_2> (length 395)
prokka_out/CA140705:NODE_2_length_271878_cov_89.820726_2> (length 362)
prokka_out/CA140705:NODE_2_length_271878_cov_89.820726_2> (length 80)
prokka_out/CA140705:NODE_2_length_271878_cov_89.820726_2> (length 433)
prokka_out/CA140705:NODE_2_length_271878_cov_89.820726_2> (length 207)
prokka_out/CA140705:NODE_2_length_271878_cov_89.820726_2> (length 328)
prokka_out/CA140705:NODE_2_length_271878_cov_89.820726_2> (length 174)
prokka_out/CA140705:NODE_2_length_271878_cov_89.820726_2> (length 172)
prokka_out/CA140705:NODE_2_length_271878_cov_89.820726_2> (length 430)
prokka_out/CA140705:NODE_2_length_271878_cov_89.820726_2> (length 253)
prokka_out/CA140705:NODE_2_length_271878_cov_89.820726_2> (length 215)
prokka_out/CA140705:NODE_2_length_271878_cov_89.820726_2> (length 64)
prokka_out/CA140705:NODE_2_length_271878_cov_89.820726_2> (length 71)
prokka_out/CA140705:NODE_2_length_271878_cov_89.820726_2> (length 364)
prokka_out/CA140705:NODE_2_length_271878_cov_89.820726_2> (length 197)
prokka_out/CA140705:NODE_2_length_271878_cov_89.820726_2> (length 687)
prokka_out/CA140705:NODE_2_length_271878_cov_89.820726_2> (length 223)
prokka_out/CA140705:NODE_2_length_271878_cov_89.820726_2> (length 390)
prokka_out/CA140705:NODE_2_length_271878_cov_89.820726_2> (length 109)
prokka_out/CA140705:NODE_2_length_271878_cov_89.820726_2> (length 102)
prokka_out/CA140705:NODE_2_length_271878_cov_89.820726_2> (length 160)
prokka_out/CA140705:NODE_2_length_271878_cov_89.820726_2> (length 170)
prokka_out/CA140705:NODE_2_length_271878_cov_89.820726_2> (length 83)
prokka_out/CA140705:NODE_2_length_271878_cov_89.820726_2> (length 312)
prokka_out/CA140705:NODE_2_length_271878_cov_89.820726_2> (length 404)
prokka_out/CA140705:NODE_2_length_271878_cov_89.820726_2> (length 77)
prokka_out/CA140705:NODE_2_length_271878_cov_89.820726_2> (length 221)
prokka_out/CA140705:NODE_2_length_271878_cov_89.820726_2> (length 135)
prokka_out/CA140705:NODE_2_length_271878_cov_89.820726_2> (length 247)
prokka_out/CA140705:NODE_2_length_271878_cov_89.820726_2> (length 492)
prokka_out/CA140705:NODE_2_length_271878_cov_89.820726_2> (length 353)
prokka_out/CA140705:NODE_2_length_271878_cov_89.820726_2> (length 402)
prokka_out/CA140705:NODE_3_length_208642_cov_91.661952 (length 208642)
prokka_out/CA140705:NODE_3_length_208642_cov_91.661952_1 (length 116)
prokka_out/CA140705:NODE_3_length_208642_cov_91.661952_2 (length 252)
prokka_out/CA140705:NODE_3_length_208642_cov_91.661952_3 (length 140)
prokka_out/CA140705:NODE_3_length_208642_cov_91.661952_4 (length 105)
prokka_out/CA140705:NODE_3_length_208642_cov_91.661952_5 (length 285)
prokka_out/CA140705:NODE_3_length_208642_cov_91.661952_6 (length 323)
prokka_out/CA140705:NODE_3_length_208642_cov_91.661952_7 (length 169)
prokka_out/CA140705:NODE_3_length_208642_cov_91.661952_8 (length 371)
prokka_out/CA140705:NODE_3_length_208642_cov_91.661952_9 (length 200)
prokka_out/CA140705:NODE_3_length_208642_cov_91.661952_10 (length 495)
prokka_out/CA140705:NODE_3_length_208642_cov_91.661952_11 (length 356)
prokka_out/CA140705:NODE_3_length_208642_cov_91.661952_12 (length 408)
prokka_out/CA140705:NODE_3_length_208642_cov_91.661952_13 (length 704)
prokka_out/CA140705:NODE_3_length_208642_cov_91.661952_14 (length 314)
prokka_out/CA140705:NODE_3_length_208642_cov_91.661952_15 (length 772)
prokka_out/CA140705:NODE_3_length_208642_cov_91.661952_16 (length 359)
prokka_out/CA140705:NODE_3_length_208642_cov_91.661952_17 (length 150)
prokka_out/CA140705:NODE_3_length_208642_cov_91.661952_18 (length 396)
prokka_out/CA140705:NODE_3_length_208642_cov_91.661952_19 (length 193)
prokka_out/CA140705:NODE_3_length_208642_cov_91.661952_20 (length 299)
prokka_out/CA140705:NODE_3_length_208642_cov_91.661952_21 (length 254)
prokka_out/CA140705:NODE_3_length_208642_cov_91.661952_22 (length 321)
prokka_out/CA140705:NODE_3_length_208642_cov_91.661952_23 (length 246)
prokka_out/CA140705:NODE_3_length_208642_cov_91.661952_24 (length 389)
prokka_out/CA140705:NODE_3_length_208642_cov_91.661952_25 (length 256)
prokka_out/CA140705:NODE_3_length_208642_cov_91.661952_26 (length 269)
prokka_out/CA140705:NODE_3_length_208642_cov_91.661952_27 (length 228)
prokka_out/CA140705:NODE_3_length_208642_cov_91.661952_28 (length 331)
prokka_out/CA140705:NODE_3_length_208642_cov_91.661952_29 (length 656)
prokka_out/CA140705:NODE_3_length_208642_cov_91.661952_30 (length 274)
prokka_out/CA140705:NODE_3_length_208642_cov_91.661952_31 (length 406)
prokka_out/CA140705:NODE_3_length_208642_cov_91.661952_32 (length 149)
prokka_out/CA140705:NODE_3_length_208642_cov_91.661952_33 (length 105)
prokka_out/CA140705:NODE_3_length_208642_cov_91.661952_34 (length 345)
prokka_out/CA140705:NODE_3_length_208642_cov_91.661952_35 (length 243)
prokka_out/CA140705:NODE_3_length_208642_cov_91.661952_36 (length 249)
prokka_out/CA140705:NODE_3_length_208642_cov_91.661952_37 (length 201)
prokka_out/CA140705:NODE_3_length_208642_cov_91.661952_38 (length 329)
prokka_out/CA140705:NODE_3_length_208642_cov_91.661952_39 (length 325)
prokka_out/CA140705:NODE_3_length_208642_cov_91.661952_40 (length 421)
prokka_out/CA140705:NODE_3_length_208642_cov_91.661952_41 (length 60)
prokka_out/CA140705:NODE_3_length_208642_cov_91.661952_42 (length 145)
prokka_out/CA140705:NODE_3_length_208642_cov_91.661952_43 (length 118)
prokka_out/CA140705:NODE_3_length_208642_cov_91.661952_44 (length 396)
prokka_out/CA140705:NODE_3_length_208642_cov_91.661952_45 (length 148)
prokka_out/CA140705:NODE_3_length_208642_cov_91.661952_46 (length 73)
prokka_out/CA140705:NODE_3_length_208642_cov_91.661952_47 (length 513)
prokka_out/CA140705:NODE_3_length_208642_cov_91.661952_48 (length 382)
prokka_out/CA140705:NODE_3_length_208642_cov_91.661952_49 (length 233)
prokka_out/CA140705:NODE_3_length_208642_cov_91.661952_50 (length 63)
prokka_out/CA140705:NODE_3_length_208642_cov_91.661952_51 (length 180)
prokka_out/CA140705:NODE_3_length_208642_cov_91.661952_52 (length 746)
prokka_out/CA140705:NODE_3_length_208642_cov_91.661952_53 (length 213)
prokka_out/CA140705:NODE_3_length_208642_cov_91.661952_54 (length 310)
prokka_out/CA140705:NODE_3_length_208642_cov_91.661952_55 (length 260)
prokka_out/CA140705:NODE_3_length_208642_cov_91.661952_56 (length 245)
prokka_out/CA140705:NODE_3_length_208642_cov_91.661952_57 (length 700)
prokka_out/CA140705:NODE_3_length_208642_cov_91.661952_58 (length 190)
prokka_out/CA140705:NODE_3_length_208642_cov_91.661952_59 (length 308)
prokka_out/CA140705:NODE_3_length_208642_cov_91.661952_60 (length 1167)
prokka_out/CA140705:NODE_3_length_208642_cov_91.661952_61 (length 493)
prokka_out/CA140705:NODE_3_length_208642_cov_91.661952_62 (length 75)
prokka_out/CA140705:NODE_3_length_208642_cov_91.661952_63 (length 403)
prokka_out/CA140705:NODE_3_length_208642_cov_91.661952_64 (length 416)
prokka_out/CA140705:NODE_3_length_208642_cov_91.661952_65 (length 142)
prokka_out/CA140705:NODE_3_length_208642_cov_91.661952_66 (length 172)
prokka_out/CA140705:NODE_3_length_208642_cov_91.661952_67 (length 183)
prokka_out/CA140705:NODE_3_length_208642_cov_91.661952_68 (length 372)
prokka_out/CA140705:NODE_3_length_208642_cov_91.661952_69 (length 223)
prokka_out/CA140705:NODE_3_length_208642_cov_91.661952_70 (length 404)
prokka_out/CA140705:NODE_3_length_208642_cov_91.661952_71 (length 222)
prokka_out/CA140705:NODE_3_length_208642_cov_91.661952_72 (length 488)
prokka_out/CA140705:NODE_3_length_208642_cov_91.661952_73 (length 221)
prokka_out/CA140705:NODE_3_length_208642_cov_91.661952_74 (length 83)
prokka_out/CA140705:NODE_3_length_208642_cov_91.661952_75 (length 287)
prokka_out/CA140705:NODE_3_length_208642_cov_91.661952_76 (length 73)
prokka_out/CA140705:NODE_3_length_208642_cov_91.661952_77 (length 33)
prokka_out/CA140705:NODE_3_length_208642_cov_91.661952_78 (length 196)
prokka_out/CA140705:NODE_3_length_208642_cov_91.661952_79 (length 174)
prokka_out/CA140705:NODE_3_length_208642_cov_91.661952_80 (length 788)
prokka_out/CA140705:NODE_3_length_208642_cov_91.661952_81 (length 920)
prokka_out/CA140705:NODE_3_length_208642_cov_91.661952_82 (length 384)
prokka_out/CA140705:NODE_3_length_208642_cov_91.661952_83 (length 266)
prokka_out/CA140705:NODE_3_length_208642_cov_91.661952_84 (length 141)
prokka_out/CA140705:NODE_3_length_208642_cov_91.661952_85 (length 129)
prokka_out/CA140705:NODE_3_length_208642_cov_91.661952_86 (length 332)
prokka_out/CA140705:NODE_3_length_208642_cov_91.661952_87 (length 212)
prokka_out/CA140705:NODE_3_length_208642_cov_91.661952_88 (length 1186)
prokka_out/CA140705:NODE_3_length_208642_cov_91.661952_89 (length 98)
prokka_out/CA140705:NODE_3_length_208642_cov_91.661952_90 (length 472)
prokka_out/CA140705:NODE_3_length_208642_cov_91.661952_91 (length 198)
prokka_out/CA140705:NODE_3_length_208642_cov_91.661952_92 (length 198)
prokka_out/CA140705:NODE_3_length_208642_cov_91.661952_93 (length 520)
prokka_out/CA140705:NODE_3_length_208642_cov_91.661952_94 (length 391)
prokka_out/CA140705:NODE_3_length_208642_cov_91.661952_95 (length 254)
prokka_out/CA140705:NODE_3_length_208642_cov_91.661952_96 (length 254)
prokka_out/CA140705:NODE_3_length_208642_cov_91.661952_97 (length 608)
prokka_out/CA140705:NODE_3_length_208642_cov_91.661952_98 (length 144)
prokka_out/CA140705:NODE_3_length_208642_cov_91.661952_99 (length 65)
prokka_out/CA140705:NODE_3_length_208642_cov_91.661952_1> (length 113)
prokka_out/CA140705:NODE_3_length_208642_cov_91.661952_1> (length 348)
prokka_out/CA140705:NODE_3_length_208642_cov_91.661952_1> (length 229)
prokka_out/CA140705:NODE_3_length_208642_cov_91.661952_1> (length 127)
prokka_out/CA140705:NODE_3_length_208642_cov_91.661952_1> (length 357)
prokka_out/CA140705:NODE_3_length_208642_cov_91.661952_1> (length 273)
prokka_out/CA140705:NODE_3_length_208642_cov_91.661952_1> (length 372)
prokka_out/CA140705:NODE_3_length_208642_cov_91.661952_1> (length 34)
prokka_out/CA140705:NODE_3_length_208642_cov_91.661952_1> (length 90)
prokka_out/CA140705:NODE_3_length_208642_cov_91.661952_1> (length 365)
prokka_out/CA140705:NODE_3_length_208642_cov_91.661952_1> (length 439)
prokka_out/CA140705:NODE_3_length_208642_cov_91.661952_1> (length 321)
prokka_out/CA140705:NODE_3_length_208642_cov_91.661952_1> (length 236)
prokka_out/CA140705:NODE_3_length_208642_cov_91.661952_1> (length 229)
prokka_out/CA140705:NODE_3_length_208642_cov_91.661952_1> (length 187)
prokka_out/CA140705:NODE_3_length_208642_cov_91.661952_1> (length 138)
prokka_out/CA140705:NODE_3_length_208642_cov_91.661952_1> (length 260)
prokka_out/CA140705:NODE_3_length_208642_cov_91.661952_1> (length 220)
prokka_out/CA140705:NODE_3_length_208642_cov_91.661952_1> (length 371)
prokka_out/CA140705:NODE_3_length_208642_cov_91.661952_1> (length 543)
prokka_out/CA140705:NODE_3_length_208642_cov_91.661952_1> (length 317)
prokka_out/CA140705:NODE_3_length_208642_cov_91.661952_1> (length 325)
prokka_out/CA140705:NODE_3_length_208642_cov_91.661952_1> (length 841)
prokka_out/CA140705:NODE_3_length_208642_cov_91.661952_1> (length 848)
prokka_out/CA140705:NODE_3_length_208642_cov_91.661952_1> (length 455)
prokka_out/CA140705:NODE_3_length_208642_cov_91.661952_1> (length 444)
prokka_out/CA140705:NODE_3_length_208642_cov_91.661952_1> (length 197)
prokka_out/CA140705:NODE_3_length_208642_cov_91.661952_1> (length 431)
prokka_out/CA140705:NODE_3_length_208642_cov_91.661952_1> (length 243)
prokka_out/CA140705:NODE_3_length_208642_cov_91.661952_1> (length 498)
prokka_out/CA140705:NODE_3_length_208642_cov_91.661952_1> (length 675)
prokka_out/CA140705:NODE_3_length_208642_cov_91.661952_1> (length 393)
prokka_out/CA140705:NODE_3_length_208642_cov_91.661952_1> (length 373)
prokka_out/CA140705:NODE_3_length_208642_cov_91.661952_1> (length 456)
prokka_out/CA140705:NODE_3_length_208642_cov_91.661952_1> (length 140)
prokka_out/CA140705:NODE_3_length_208642_cov_91.661952_1> (length 115)
prokka_out/CA140705:NODE_3_length_208642_cov_91.661952_1> (length 178)
prokka_out/CA140705:NODE_3_length_208642_cov_91.661952_1> (length 454)
prokka_out/CA140705:NODE_3_length_208642_cov_91.661952_1> (length 108)
prokka_out/CA140705:NODE_3_length_208642_cov_91.661952_1> (length 181)
prokka_out/CA140705:NODE_3_length_208642_cov_91.661952_1> (length 332)
prokka_out/CA140705:NODE_3_length_208642_cov_91.661952_1> (length 400)
prokka_out/CA140705:NODE_3_length_208642_cov_91.661952_1> (length 223)
prokka_out/CA140705:NODE_3_length_208642_cov_91.661952_1> (length 275)
prokka_out/CA140705:NODE_3_length_208642_cov_91.661952_1> (length 499)
prokka_out/CA140705:NODE_3_length_208642_cov_91.661952_1> (length 613)
prokka_out/CA140705:NODE_3_length_208642_cov_91.661952_1> (length 74)
prokka_out/CA140705:NODE_3_length_208642_cov_91.661952_1> (length 446)
prokka_out/CA140705:NODE_3_length_208642_cov_91.661952_1> (length 455)
prokka_out/CA140705:NODE_3_length_208642_cov_91.661952_1> (length 387)
prokka_out/CA140705:NODE_3_length_208642_cov_91.661952_1> (length 479)
prokka_out/CA140705:NODE_3_length_208642_cov_91.661952_1> (length 120)
prokka_out/CA140705:NODE_3_length_208642_cov_91.661952_1> (length 222)
prokka_out/CA140705:NODE_3_length_208642_cov_91.661952_1> (length 154)
prokka_out/CA140705:NODE_3_length_208642_cov_91.661952_1> (length 474)
prokka_out/CA140705:NODE_3_length_208642_cov_91.661952_1> (length 105)
prokka_out/CA140705:NODE_3_length_208642_cov_91.661952_1> (length 231)
prokka_out/CA140705:NODE_3_length_208642_cov_91.661952_1> (length 163)
prokka_out/CA140705:NODE_3_length_208642_cov_91.661952_1> (length 248)
prokka_out/CA140705:NODE_3_length_208642_cov_91.661952_1> (length 553)
prokka_out/CA140705:NODE_3_length_208642_cov_91.661952_1> (length 440)
prokka_out/CA140705:NODE_3_length_208642_cov_91.661952_1> (length 599)
prokka_out/CA140705:NODE_3_length_208642_cov_91.661952_1> (length 236)
prokka_out/CA140705:NODE_3_length_208642_cov_91.661952_1> (length 175)
prokka_out/CA140705:NODE_3_length_208642_cov_91.661952_1> (length 431)
prokka_out/CA140705:NODE_3_length_208642_cov_91.661952_1> (length 151)
prokka_out/CA140705:NODE_3_length_208642_cov_91.661952_1> (length 202)
prokka_out/CA140705:NODE_3_length_208642_cov_91.661952_1> (length 820)
prokka_out/CA140705:NODE_3_length_208642_cov_91.661952_1> (length 189)
prokka_out/CA140705:NODE_3_length_208642_cov_91.661952_1> (length 232)
prokka_out/CA140705:NODE_3_length_208642_cov_91.661952_1> (length 147)
prokka_out/CA140705:NODE_3_length_208642_cov_91.661952_1> (length 439)
prokka_out/CA140705:NODE_3_length_208642_cov_91.661952_1> (length 354)
prokka_out/CA140705:NODE_3_length_208642_cov_91.661952_1> (length 782)
prokka_out/CA140705:NODE_3_length_208642_cov_91.661952_1> (length 598)
prokka_out/CA140705:NODE_3_length_208642_cov_91.661952_1> (length 463)
prokka_out/CA140705:NODE_3_length_208642_cov_91.661952_1> (length 347)
prokka_out/CA140705:NODE_3_length_208642_cov_91.661952_1> (length 336)
prokka_out/CA140705:NODE_3_length_208642_cov_91.661952_1> (length 136)
prokka_out/CA140705:NODE_3_length_208642_cov_91.661952_1> (length 750)
prokka_out/CA140705:NODE_3_length_208642_cov_91.661952_1> (length 694)
prokka_out/CA140705:NODE_3_length_208642_cov_91.661952_1> (length 163)
prokka_out/CA140705:NODE_3_length_208642_cov_91.661952_1> (length 610)
prokka_out/CA140705:NODE_3_length_208642_cov_91.661952_1> (length 210)
prokka_out/CA140705:NODE_3_length_208642_cov_91.661952_1> (length 329)
prokka_out/CA140705:NODE_3_length_208642_cov_91.661952_1> (length 251)
prokka_out/CA140705:NODE_3_length_208642_cov_91.661952_1> (length 312)
prokka_out/CA140705:NODE_3_length_208642_cov_91.661952_1> (length 322)
prokka_out/CA140705:NODE_3_length_208642_cov_91.661952_1> (length 331)
prokka_out/CA140705:NODE_3_length_208642_cov_91.661952_1> (length 191)
prokka_out/CA140705:NODE_3_length_208642_cov_91.661952_1> (length 435)
prokka_out/CA140705:NODE_3_length_208642_cov_91.661952_1> (length 112)
prokka_out/CA140705:NODE_3_length_208642_cov_91.661952_1> (length 241)
prokka_out/CA140705:NODE_3_length_208642_cov_91.661952_1> (length 358)
prokka_out/CA140705:NODE_3_length_208642_cov_91.661952_1> (length 464)
prokka_out/CA140705:NODE_3_length_208642_cov_91.661952_1> (length 335)
prokka_out/CA140705:NODE_3_length_208642_cov_91.661952_1> (length 171)
prokka_out/CA140705:NODE_3_length_208642_cov_91.661952_1> (length 194)
prokka_out/CA140705:NODE_3_length_208642_cov_91.661952_1> (length 219)
prokka_out/CA140705:NODE_3_length_208642_cov_91.661952_1> (length 616)
prokka_out/CA140705:NODE_4_length_165410_cov_91.697422 (length 165410)
prokka_out/CA140705:NODE_4_length_165410_cov_91.697422_1 (length 169)
prokka_out/CA140705:NODE_4_length_165410_cov_91.697422_2 (length 176)
prokka_out/CA140705:NODE_4_length_165410_cov_91.697422_3 (length 360)
prokka_out/CA140705:NODE_4_length_165410_cov_91.697422_4 (length 304)
prokka_out/CA140705:NODE_4_length_165410_cov_91.697422_5 (length 68)
prokka_out/CA140705:NODE_4_length_165410_cov_91.697422_6 (length 152)
prokka_out/CA140705:NODE_4_length_165410_cov_91.697422_7 (length 363)
prokka_out/CA140705:NODE_4_length_165410_cov_91.697422_8 (length 146)
prokka_out/CA140705:NODE_4_length_165410_cov_91.697422_9 (length 263)
prokka_out/CA140705:NODE_4_length_165410_cov_91.697422_10 (length 407)
prokka_out/CA140705:NODE_4_length_165410_cov_91.697422_11 (length 346)
prokka_out/CA140705:NODE_4_length_165410_cov_91.697422_12 (length 249)
prokka_out/CA140705:NODE_4_length_165410_cov_91.697422_13 (length 307)
prokka_out/CA140705:NODE_4_length_165410_cov_91.697422_14 (length 635)
prokka_out/CA140705:NODE_4_length_165410_cov_91.697422_15 (length 291)
prokka_out/CA140705:NODE_4_length_165410_cov_91.697422_16 (length 375)
prokka_out/CA140705:NODE_4_length_165410_cov_91.697422_17 (length 484)
prokka_out/CA140705:NODE_4_length_165410_cov_91.697422_18 (length 313)
prokka_out/CA140705:NODE_4_length_165410_cov_91.697422_19 (length 297)
prokka_out/CA140705:NODE_4_length_165410_cov_91.697422_20 (length 67)
prokka_out/CA140705:NODE_4_length_165410_cov_91.697422_21 (length 61)
prokka_out/CA140705:NODE_4_length_165410_cov_91.697422_22 (length 115)
prokka_out/CA140705:NODE_4_length_165410_cov_91.697422_23 (length 1089)
prokka_out/CA140705:NODE_4_length_165410_cov_91.697422_24 (length 355)
prokka_out/CA140705:NODE_4_length_165410_cov_91.697422_25 (length 237)
prokka_out/CA140705:NODE_4_length_165410_cov_91.697422_26 (length 140)
prokka_out/CA140705:NODE_4_length_165410_cov_91.697422_27 (length 328)
prokka_out/CA140705:NODE_4_length_165410_cov_91.697422_28 (length 207)
prokka_out/CA140705:NODE_4_length_165410_cov_91.697422_29 (length 173)
prokka_out/CA140705:NODE_4_length_165410_cov_91.697422_30 (length 764)
prokka_out/CA140705:NODE_4_length_165410_cov_91.697422_31 (length 318)
prokka_out/CA140705:NODE_4_length_165410_cov_91.697422_32 (length 211)
prokka_out/CA140705:NODE_4_length_165410_cov_91.697422_33 (length 161)
prokka_out/CA140705:NODE_4_length_165410_cov_91.697422_34 (length 363)
prokka_out/CA140705:NODE_4_length_165410_cov_91.697422_35 (length 294)
prokka_out/CA140705:NODE_4_length_165410_cov_91.697422_36 (length 190)
prokka_out/CA140705:NODE_4_length_165410_cov_91.697422_37 (length 267)
prokka_out/CA140705:NODE_4_length_165410_cov_91.697422_38 (length 258)
prokka_out/CA140705:NODE_4_length_165410_cov_91.697422_39 (length 125)
prokka_out/CA140705:NODE_4_length_165410_cov_91.697422_40 (length 61)
prokka_out/CA140705:NODE_4_length_165410_cov_91.697422_41 (length 67)
prokka_out/CA140705:NODE_4_length_165410_cov_91.697422_42 (length 44)
prokka_out/CA140705:NODE_4_length_165410_cov_91.697422_43 (length 258)
prokka_out/CA140705:NODE_4_length_165410_cov_91.697422_44 (length 218)
prokka_out/CA140705:NODE_4_length_165410_cov_91.697422_45 (length 152)
prokka_out/CA140705:NODE_4_length_165410_cov_91.697422_46 (length 126)
prokka_out/CA140705:NODE_4_length_165410_cov_91.697422_47 (length 282)
prokka_out/CA140705:NODE_4_length_165410_cov_91.697422_48 (length 274)
prokka_out/CA140705:NODE_4_length_165410_cov_91.697422_49 (length 257)
prokka_out/CA140705:NODE_4_length_165410_cov_91.697422_50 (length 294)
prokka_out/CA140705:NODE_4_length_165410_cov_91.697422_51 (length 222)
prokka_out/CA140705:NODE_4_length_165410_cov_91.697422_52 (length 133)
prokka_out/CA140705:NODE_4_length_165410_cov_91.697422_53 (length 249)
prokka_out/CA140705:NODE_4_length_165410_cov_91.697422_54 (length 228)
prokka_out/CA140705:NODE_4_length_165410_cov_91.697422_55 (length 203)
prokka_out/CA140705:NODE_4_length_165410_cov_91.697422_56 (length 380)
prokka_out/CA140705:NODE_4_length_165410_cov_91.697422_57 (length 203)
prokka_out/CA140705:NODE_4_length_165410_cov_91.697422_58 (length 424)
prokka_out/CA140705:NODE_4_length_165410_cov_91.697422_59 (length 201)
prokka_out/CA140705:NODE_4_length_165410_cov_91.697422_60 (length 104)
prokka_out/CA140705:NODE_4_length_165410_cov_91.697422_61 (length 120)
prokka_out/CA140705:NODE_4_length_165410_cov_91.697422_62 (length 178)
prokka_out/CA140705:NODE_4_length_165410_cov_91.697422_63 (length 180)
prokka_out/CA140705:NODE_4_length_165410_cov_91.697422_64 (length 352)
prokka_out/CA140705:NODE_4_length_165410_cov_91.697422_65 (length 402)
prokka_out/CA140705:NODE_4_length_165410_cov_91.697422_66 (length 255)
prokka_out/CA140705:NODE_4_length_165410_cov_91.697422_67 (length 360)
prokka_out/CA140705:NODE_4_length_165410_cov_91.697422_68 (length 364)
prokka_out/CA140705:NODE_4_length_165410_cov_91.697422_69 (length 560)
prokka_out/CA140705:NODE_4_length_165410_cov_91.697422_70 (length 342)
prokka_out/CA140705:NODE_4_length_165410_cov_91.697422_71 (length 276)
prokka_out/CA140705:NODE_4_length_165410_cov_91.697422_72 (length 625)
prokka_out/CA140705:NODE_4_length_165410_cov_91.697422_73 (length 136)
prokka_out/CA140705:NODE_4_length_165410_cov_91.697422_74 (length 400)
prokka_out/CA140705:NODE_4_length_165410_cov_91.697422_75 (length 235)
prokka_out/CA140705:NODE_4_length_165410_cov_91.697422_76 (length 497)
prokka_out/CA140705:NODE_4_length_165410_cov_91.697422_77 (length 147)
prokka_out/CA140705:NODE_4_length_165410_cov_91.697422_78 (length 321)
prokka_out/CA140705:NODE_4_length_165410_cov_91.697422_79 (length 387)
prokka_out/CA140705:NODE_4_length_165410_cov_91.697422_80 (length 358)
prokka_out/CA140705:NODE_4_length_165410_cov_91.697422_81 (length 325)
prokka_out/CA140705:NODE_4_length_165410_cov_91.697422_82 (length 328)
prokka_out/CA140705:NODE_4_length_165410_cov_91.697422_83 (length 48)
prokka_out/CA140705:NODE_4_length_165410_cov_91.697422_84 (length 119)
prokka_out/CA140705:NODE_4_length_165410_cov_91.697422_85 (length 137)
prokka_out/CA140705:NODE_4_length_165410_cov_91.697422_86 (length 94)
prokka_out/CA140705:NODE_4_length_165410_cov_91.697422_87 (length 198)
prokka_out/CA140705:NODE_4_length_165410_cov_91.697422_88 (length 362)
prokka_out/CA140705:NODE_4_length_165410_cov_91.697422_89 (length 243)
prokka_out/CA140705:NODE_4_length_165410_cov_91.697422_90 (length 258)
prokka_out/CA140705:NODE_4_length_165410_cov_91.697422_91 (length 879)
prokka_out/CA140705:NODE_4_length_165410_cov_91.697422_92 (length 147)
prokka_out/CA140705:NODE_4_length_165410_cov_91.697422_93 (length 196)
prokka_out/CA140705:NODE_4_length_165410_cov_91.697422_94 (length 225)
prokka_out/CA140705:NODE_4_length_165410_cov_91.697422_95 (length 177)
prokka_out/CA140705:NODE_4_length_165410_cov_91.697422_96 (length 940)
prokka_out/CA140705:NODE_4_length_165410_cov_91.697422_97 (length 261)
prokka_out/CA140705:NODE_4_length_165410_cov_91.697422_98 (length 413)
prokka_out/CA140705:NODE_4_length_165410_cov_91.697422_99 (length 530)
prokka_out/CA140705:NODE_4_length_165410_cov_91.697422_1> (length 199)
prokka_out/CA140705:NODE_4_length_165410_cov_91.697422_1> (length 392)
prokka_out/CA140705:NODE_4_length_165410_cov_91.697422_1> (length 249)
prokka_out/CA140705:NODE_4_length_165410_cov_91.697422_1> (length 140)
prokka_out/CA140705:NODE_4_length_165410_cov_91.697422_1> (length 102)
prokka_out/CA140705:NODE_4_length_165410_cov_91.697422_1> (length 263)
prokka_out/CA140705:NODE_4_length_165410_cov_91.697422_1> (length 486)
prokka_out/CA140705:NODE_4_length_165410_cov_91.697422_1> (length 81)
prokka_out/CA140705:NODE_4_length_165410_cov_91.697422_1> (length 223)
prokka_out/CA140705:NODE_4_length_165410_cov_91.697422_1> (length 105)
prokka_out/CA140705:NODE_4_length_165410_cov_91.697422_1> (length 203)
prokka_out/CA140705:NODE_4_length_165410_cov_91.697422_1> (length 341)
prokka_out/CA140705:NODE_4_length_165410_cov_91.697422_1> (length 446)
prokka_out/CA140705:NODE_4_length_165410_cov_91.697422_1> (length 156)
prokka_out/CA140705:NODE_4_length_165410_cov_91.697422_1> (length 150)
prokka_out/CA140705:NODE_4_length_165410_cov_91.697422_1> (length 436)
prokka_out/CA140705:NODE_4_length_165410_cov_91.697422_1> (length 83)
prokka_out/CA140705:NODE_4_length_165410_cov_91.697422_1> (length 492)
prokka_out/CA140705:NODE_4_length_165410_cov_91.697422_1> (length 1040)
prokka_out/CA140705:NODE_4_length_165410_cov_91.697422_1> (length 367)
prokka_out/CA140705:NODE_4_length_165410_cov_91.697422_1> (length 211)
prokka_out/CA140705:NODE_4_length_165410_cov_91.697422_1> (length 458)
prokka_out/CA140705:NODE_4_length_165410_cov_91.697422_1> (length 70)
prokka_out/CA140705:NODE_4_length_165410_cov_91.697422_1> (length 201)
prokka_out/CA140705:NODE_4_length_165410_cov_91.697422_1> (length 389)
prokka_out/CA140705:NODE_4_length_165410_cov_91.697422_1> (length 311)
prokka_out/CA140705:NODE_4_length_165410_cov_91.697422_1> (length 163)
prokka_out/CA140705:NODE_4_length_165410_cov_91.697422_1> (length 160)
prokka_out/CA140705:NODE_4_length_165410_cov_91.697422_1> (length 273)
prokka_out/CA140705:NODE_4_length_165410_cov_91.697422_1> (length 570)
prokka_out/CA140705:NODE_4_length_165410_cov_91.697422_1> (length 182)
prokka_out/CA140705:NODE_4_length_165410_cov_91.697422_1> (length 297)
prokka_out/CA140705:NODE_4_length_165410_cov_91.697422_1> (length 259)
prokka_out/CA140705:NODE_4_length_165410_cov_91.697422_1> (length 279)
prokka_out/CA140705:NODE_4_length_165410_cov_91.697422_1> (length 132)
prokka_out/CA140705:NODE_4_length_165410_cov_91.697422_1> (length 154)
prokka_out/CA140705:NODE_4_length_165410_cov_91.697422_1> (length 270)
prokka_out/CA140705:NODE_4_length_165410_cov_91.697422_1> (length 310)
prokka_out/CA140705:NODE_4_length_165410_cov_91.697422_1> (length 460)
prokka_out/CA140705:NODE_4_length_165410_cov_91.697422_1> (length 165)
prokka_out/CA140705:NODE_4_length_165410_cov_91.697422_1> (length 319)
prokka_out/CA140705:NODE_4_length_165410_cov_91.697422_1> (length 411)
prokka_out/CA140705:NODE_4_length_165410_cov_91.697422_1> (length 820)
prokka_out/CA140705:NODE_4_length_165410_cov_91.697422_1> (length 208)
prokka_out/CA140705:NODE_4_length_165410_cov_91.697422_1> (length 480)
prokka_out/CA140705:NODE_4_length_165410_cov_91.697422_1> (length 448)
prokka_out/CA140705:NODE_4_length_165410_cov_91.697422_1> (length 209)
prokka_out/CA140705:NODE_4_length_165410_cov_91.697422_1> (length 95)
prokka_out/CA140705:NODE_4_length_165410_cov_91.697422_1> (length 332)
prokka_out/CA140705:NODE_4_length_165410_cov_91.697422_1> (length 192)
prokka_out/CA140705:NODE_4_length_165410_cov_91.697422_1> (length 95)
prokka_out/CA140705:NODE_4_length_165410_cov_91.697422_1> (length 186)
prokka_out/CA140705:NODE_4_length_165410_cov_91.697422_1> (length 156)
prokka_out/CA140705:NODE_4_length_165410_cov_91.697422_1> (length 502)
prokka_out/CA140705:NODE_4_length_165410_cov_91.697422_1> (length 414)
prokka_out/CA140705:NODE_4_length_165410_cov_91.697422_1> (length 181)
prokka_out/CA140705:NODE_4_length_165410_cov_91.697422_1> (length 275)
prokka_out/CA140705:NODE_4_length_165410_cov_91.697422_1> (length 263)
prokka_out/CA140705:NODE_4_length_165410_cov_91.697422_1> (length 301)
prokka_out/CA140705:NODE_4_length_165410_cov_91.697422_1> (length 271)
prokka_out/CA140705:NODE_4_length_165410_cov_91.697422_1> (length 261)
prokka_out/CA140705:NODE_4_length_165410_cov_91.697422_1> (length 663)
prokka_out/CA140705:NODE_4_length_165410_cov_91.697422_1> (length 241)
prokka_out/CA140705:NODE_4_length_165410_cov_91.697422_1> (length 728)
prokka_out/CA140705:NODE_4_length_165410_cov_91.697422_1> (length 610)
prokka_out/CA140705:NODE_4_length_165410_cov_91.697422_1> (length 234)
prokka_out/CA140705:NODE_4_length_165410_cov_91.697422_1> (length 226)
prokka_out/CA140705:NODE_4_length_165410_cov_91.697422_1> (length 120)
prokka_out/CA140705:NODE_4_length_165410_cov_91.697422_1> (length 190)
prokka_out/CA140705:NODE_4_length_165410_cov_91.697422_1> (length 318)
prokka_out/CA140705:NODE_4_length_165410_cov_91.697422_1> (length 69)
prokka_out/CA140705:NODE_4_length_165410_cov_91.697422_1> (length 109)
prokka_out/CA140705:NODE_4_length_165410_cov_91.697422_1> (length 117)
prokka_out/CA140705:NODE_4_length_165410_cov_91.697422_1> (length 68)
prokka_out/CA140705:NODE_4_length_165410_cov_91.697422_1> (length 99)
prokka_out/CA140705:NODE_4_length_165410_cov_91.697422_1> (length 525)
prokka_out/CA140705:NODE_4_length_165410_cov_91.697422_1> (length 110)
prokka_out/CA140705:NODE_4_length_165410_cov_91.697422_1> (length 125)
prokka_out/CA140705:NODE_4_length_165410_cov_91.697422_1> (length 194)
prokka_out/CA140705:NODE_4_length_165410_cov_91.697422_1> (length 407)
prokka_out/CA140705:NODE_4_length_165410_cov_91.697422_1> (length 255)
prokka_out/CA140705:NODE_4_length_165410_cov_91.697422_1> (length 545)
prokka_out/CA140705:NODE_5_length_130343_cov_94.995446 (length 130343)
prokka_out/CA140705:NODE_5_length_130343_cov_94.995446_1 (length 331)
prokka_out/CA140705:NODE_5_length_130343_cov_94.995446_2 (length 523)
prokka_out/CA140705:NODE_5_length_130343_cov_94.995446_3 (length 544)
prokka_out/CA140705:NODE_5_length_130343_cov_94.995446_4 (length 207)
prokka_out/CA140705:NODE_5_length_130343_cov_94.995446_5 (length 461)
prokka_out/CA140705:NODE_5_length_130343_cov_94.995446_6 (length 789)
prokka_out/CA140705:NODE_5_length_130343_cov_94.995446_7 (length 442)
prokka_out/CA140705:NODE_5_length_130343_cov_94.995446_8 (length 311)
prokka_out/CA140705:NODE_5_length_130343_cov_94.995446_9 (length 288)
prokka_out/CA140705:NODE_5_length_130343_cov_94.995446_10 (length 55)
prokka_out/CA140705:NODE_5_length_130343_cov_94.995446_11 (length 505)
prokka_out/CA140705:NODE_5_length_130343_cov_94.995446_12 (length 224)
prokka_out/CA140705:NODE_5_length_130343_cov_94.995446_13 (length 408)
prokka_out/CA140705:NODE_5_length_130343_cov_94.995446_14 (length 558)
prokka_out/CA140705:NODE_5_length_130343_cov_94.995446_15 (length 215)
prokka_out/CA140705:NODE_5_length_130343_cov_94.995446_16 (length 202)
prokka_out/CA140705:NODE_5_length_130343_cov_94.995446_17 (length 481)
prokka_out/CA140705:NODE_5_length_130343_cov_94.995446_18 (length 1496)
prokka_out/CA140705:NODE_5_length_130343_cov_94.995446_19 (length 433)
prokka_out/CA140705:NODE_5_length_130343_cov_94.995446_20 (length 119)
prokka_out/CA140705:NODE_5_length_130343_cov_94.995446_21 (length 548)
prokka_out/CA140705:NODE_5_length_130343_cov_94.995446_22 (length 144)
prokka_out/CA140705:NODE_5_length_130343_cov_94.995446_23 (length 52)
prokka_out/CA140705:NODE_5_length_130343_cov_94.995446_24 (length 176)
prokka_out/CA140705:NODE_5_length_130343_cov_94.995446_25 (length 83)
prokka_out/CA140705:NODE_5_length_130343_cov_94.995446_26 (length 31)
prokka_out/CA140705:NODE_5_length_130343_cov_94.995446_27 (length 125)
prokka_out/CA140705:NODE_5_length_130343_cov_94.995446_28 (length 770)
prokka_out/CA140705:NODE_5_length_130343_cov_94.995446_29 (length 355)
prokka_out/CA140705:NODE_5_length_130343_cov_94.995446_30 (length 440)
prokka_out/CA140705:NODE_5_length_130343_cov_94.995446_31 (length 158)
prokka_out/CA140705:NODE_5_length_130343_cov_94.995446_32 (length 846)
prokka_out/CA140705:NODE_5_length_130343_cov_94.995446_33 (length 423)
prokka_out/CA140705:NODE_5_length_130343_cov_94.995446_34 (length 344)
prokka_out/CA140705:NODE_5_length_130343_cov_94.995446_35 (length 73)
prokka_out/CA140705:NODE_5_length_130343_cov_94.995446_36 (length 293)
prokka_out/CA140705:NODE_5_length_130343_cov_94.995446_37 (length 199)
prokka_out/CA140705:NODE_5_length_130343_cov_94.995446_38 (length 127)
prokka_out/CA140705:NODE_5_length_130343_cov_94.995446_39 (length 108)
prokka_out/CA140705:NODE_5_length_130343_cov_94.995446_40 (length 214)
prokka_out/CA140705:NODE_5_length_130343_cov_94.995446_41 (length 209)
prokka_out/CA140705:NODE_5_length_130343_cov_94.995446_42 (length 511)
prokka_out/CA140705:NODE_5_length_130343_cov_94.995446_43 (length 358)
prokka_out/CA140705:NODE_5_length_130343_cov_94.995446_44 (length 468)
prokka_out/CA140705:NODE_5_length_130343_cov_94.995446_45 (length 200)
prokka_out/CA140705:NODE_5_length_130343_cov_94.995446_46 (length 176)
prokka_out/CA140705:NODE_5_length_130343_cov_94.995446_47 (length 137)
prokka_out/CA140705:NODE_5_length_130343_cov_94.995446_48 (length 189)
prokka_out/CA140705:NODE_5_length_130343_cov_94.995446_49 (length 34)
prokka_out/CA140705:NODE_5_length_130343_cov_94.995446_50 (length 356)
prokka_out/CA140705:NODE_5_length_130343_cov_94.995446_51 (length 178)
prokka_out/CA140705:NODE_5_length_130343_cov_94.995446_52 (length 264)
prokka_out/CA140705:NODE_5_length_130343_cov_94.995446_53 (length 676)
prokka_out/CA140705:NODE_5_length_130343_cov_94.995446_54 (length 253)
prokka_out/CA140705:NODE_5_length_130343_cov_94.995446_55 (length 103)
prokka_out/CA140705:NODE_5_length_130343_cov_94.995446_56 (length 191)
prokka_out/CA140705:NODE_5_length_130343_cov_94.995446_57 (length 204)
prokka_out/CA140705:NODE_5_length_130343_cov_94.995446_58 (length 93)
prokka_out/CA140705:NODE_5_length_130343_cov_94.995446_59 (length 276)
prokka_out/CA140705:NODE_5_length_130343_cov_94.995446_60 (length 93)
prokka_out/CA140705:NODE_5_length_130343_cov_94.995446_61 (length 135)
prokka_out/CA140705:NODE_5_length_130343_cov_94.995446_62 (length 233)
prokka_out/CA140705:NODE_5_length_130343_cov_94.995446_63 (length 141)
prokka_out/CA140705:NODE_5_length_130343_cov_94.995446_64 (length 61)
prokka_out/CA140705:NODE_5_length_130343_cov_94.995446_65 (length 83)
prokka_out/CA140705:NODE_5_length_130343_cov_94.995446_66 (length 122)
prokka_out/CA140705:NODE_5_length_130343_cov_94.995446_67 (length 77)
prokka_out/CA140705:NODE_5_length_130343_cov_94.995446_68 (length 180)
prokka_out/CA140705:NODE_5_length_130343_cov_94.995446_69 (length 61)
prokka_out/CA140705:NODE_5_length_130343_cov_94.995446_70 (length 131)
prokka_out/CA140705:NODE_5_length_130343_cov_94.995446_71 (length 178)
prokka_out/CA140705:NODE_5_length_130343_cov_94.995446_72 (length 118)
prokka_out/CA140705:NODE_5_length_130343_cov_94.995446_73 (length 147)
prokka_out/CA140705:NODE_5_length_130343_cov_94.995446_74 (length 130)
prokka_out/CA140705:NODE_5_length_130343_cov_94.995446_75 (length 421)
prokka_out/CA140705:NODE_5_length_130343_cov_94.995446_76 (length 419)
prokka_out/CA140705:NODE_5_length_130343_cov_94.995446_77 (length 700)
prokka_out/CA140705:NODE_5_length_130343_cov_94.995446_78 (length 278)
prokka_out/CA140705:NODE_5_length_130343_cov_94.995446_79 (length 391)
prokka_out/CA140705:NODE_5_length_130343_cov_94.995446_80 (length 422)
prokka_out/CA140705:NODE_5_length_130343_cov_94.995446_81 (length 254)
prokka_out/CA140705:NODE_5_length_130343_cov_94.995446_82 (length 253)
prokka_out/CA140705:NODE_5_length_130343_cov_94.995446_83 (length 57)
prokka_out/CA140705:NODE_5_length_130343_cov_94.995446_84 (length 258)
prokka_out/CA140705:NODE_5_length_130343_cov_94.995446_85 (length 89)
prokka_out/CA140705:NODE_5_length_130343_cov_94.995446_86 (length 287)
prokka_out/CA140705:NODE_5_length_130343_cov_94.995446_87 (length 343)
prokka_out/CA140705:NODE_5_length_130343_cov_94.995446_88 (length 414)
prokka_out/CA140705:NODE_5_length_130343_cov_94.995446_89 (length 67)
prokka_out/CA140705:NODE_5_length_130343_cov_94.995446_90 (length 220)
prokka_out/CA140705:NODE_5_length_130343_cov_94.995446_91 (length 279)
prokka_out/CA140705:NODE_5_length_130343_cov_94.995446_92 (length 251)
prokka_out/CA140705:NODE_5_length_130343_cov_94.995446_93 (length 44)
prokka_out/CA140705:NODE_5_length_130343_cov_94.995446_94 (length 344)
prokka_out/CA140705:NODE_5_length_130343_cov_94.995446_95 (length 306)
prokka_out/CA140705:NODE_5_length_130343_cov_94.995446_96 (length 217)
prokka_out/CA140705:NODE_5_length_130343_cov_94.995446_97 (length 261)
prokka_out/CA140705:NODE_5_length_130343_cov_94.995446_98 (length 278)
prokka_out/CA140705:NODE_5_length_130343_cov_94.995446_99 (length 141)
prokka_out/CA140705:NODE_5_length_130343_cov_94.995446_1> (length 170)
prokka_out/CA140705:NODE_5_length_130343_cov_94.995446_1> (length 173)
prokka_out/CA140705:NODE_5_length_130343_cov_94.995446_1> (length 501)
prokka_out/CA140705:NODE_5_length_130343_cov_94.995446_1> (length 294)
prokka_out/CA140705:NODE_5_length_130343_cov_94.995446_1> (length 465)
prokka_out/CA140705:NODE_5_length_130343_cov_94.995446_1> (length 129)
prokka_out/CA140705:NODE_5_length_130343_cov_94.995446_1> (length 184)
prokka_out/CA140705:NODE_5_length_130343_cov_94.995446_1> (length 129)
prokka_out/CA140705:NODE_5_length_130343_cov_94.995446_1> (length 258)
prokka_out/CA140705:NODE_5_length_130343_cov_94.995446_1> (length 403)
prokka_out/CA140705:NODE_5_length_130343_cov_94.995446_1> (length 165)
prokka_out/CA140705:NODE_5_length_130343_cov_94.995446_1> (length 317)
prokka_out/CA140705:NODE_5_length_130343_cov_94.995446_1> (length 192)
prokka_out/CA140705:NODE_5_length_130343_cov_94.995446_1> (length 326)
prokka_out/CA140705:NODE_5_length_130343_cov_94.995446_1> (length 228)
prokka_out/CA140705:NODE_5_length_130343_cov_94.995446_1> (length 253)
prokka_out/CA140705:NODE_5_length_130343_cov_94.995446_1> (length 173)
prokka_out/CA140705:NODE_5_length_130343_cov_94.995446_1> (length 204)
prokka_out/CA140705:NODE_5_length_130343_cov_94.995446_1> (length 135)
prokka_out/CA140705:NODE_5_length_130343_cov_94.995446_1> (length 230)
prokka_out/CA140705:NODE_5_length_130343_cov_94.995446_1> (length 412)
prokka_out/CA140705:NODE_5_length_130343_cov_94.995446_1> (length 308)
prokka_out/CA140705:NODE_5_length_130343_cov_94.995446_1> (length 328)
prokka_out/CA140705:NODE_5_length_130343_cov_94.995446_1> (length 117)
prokka_out/CA140705:NODE_5_length_130343_cov_94.995446_1> (length 149)
prokka_out/CA140705:NODE_5_length_130343_cov_94.995446_1> (length 280)
prokka_out/CA140705:NODE_5_length_130343_cov_94.995446_1> (length 238)
prokka_out/CA140705:NODE_5_length_130343_cov_94.995446_1> (length 738)
prokka_out/CA140705:NODE_5_length_130343_cov_94.995446_1> (length 275)
prokka_out/CA140705:NODE_5_length_130343_cov_94.995446_1> (length 457)
prokka_out/CA140705:NODE_5_length_130343_cov_94.995446_1> (length 294)
prokka_out/CA140705:NODE_5_length_130343_cov_94.995446_1> (length 133)
prokka_out/CA140705:NODE_5_length_130343_cov_94.995446_1> (length 292)
prokka_out/CA140705:NODE_5_length_130343_cov_94.995446_1> (length 97)
prokka_out/CA140705:NODE_5_length_130343_cov_94.995446_1> (length 856)
prokka_out/CA140705:NODE_5_length_130343_cov_94.995446_1> (length 120)
prokka_out/CA140705:NODE_5_length_130343_cov_94.995446_1> (length 147)
prokka_out/CA140705:NODE_5_length_130343_cov_94.995446_1> (length 95)
prokka_out/CA140705:NODE_5_length_130343_cov_94.995446_1> (length 691)
prokka_out/CA140705:NODE_5_length_130343_cov_94.995446_1> (length 457)
prokka_out/CA140705:NODE_5_length_130343_cov_94.995446_1> (length 268)
prokka_out/CA140705:NODE_5_length_130343_cov_94.995446_1> (length 284)
prokka_out/CA140705:NODE_5_length_130343_cov_94.995446_1> (length 284)
prokka_out/CA140705:NODE_6_length_110339_cov_89.964423 (length 110339)
prokka_out/CA140705:NODE_6_length_110339_cov_89.964423_1 (length 112)
prokka_out/CA140705:NODE_6_length_110339_cov_89.964423_2 (length 78)
prokka_out/CA140705:NODE_6_length_110339_cov_89.964423_3 (length 252)
prokka_out/CA140705:NODE_6_length_110339_cov_89.964423_4 (length 109)
prokka_out/CA140705:NODE_6_length_110339_cov_89.964423_5 (length 585)
prokka_out/CA140705:NODE_6_length_110339_cov_89.964423_6 (length 326)
prokka_out/CA140705:NODE_6_length_110339_cov_89.964423_7 (length 173)
prokka_out/CA140705:NODE_6_length_110339_cov_89.964423_8 (length 454)
prokka_out/CA140705:NODE_6_length_110339_cov_89.964423_9 (length 440)
prokka_out/CA140705:NODE_6_length_110339_cov_89.964423_10 (length 138)
prokka_out/CA140705:NODE_6_length_110339_cov_89.964423_11 (length 245)
prokka_out/CA140705:NODE_6_length_110339_cov_89.964423_12 (length 141)
prokka_out/CA140705:NODE_6_length_110339_cov_89.964423_13 (length 129)
prokka_out/CA140705:NODE_6_length_110339_cov_89.964423_14 (length 289)
prokka_out/CA140705:NODE_6_length_110339_cov_89.964423_15 (length 53)
prokka_out/CA140705:NODE_6_length_110339_cov_89.964423_16 (length 327)
prokka_out/CA140705:NODE_6_length_110339_cov_89.964423_17 (length 447)
prokka_out/CA140705:NODE_6_length_110339_cov_89.964423_18 (length 85)
prokka_out/CA140705:NODE_6_length_110339_cov_89.964423_19 (length 546)
prokka_out/CA140705:NODE_6_length_110339_cov_89.964423_20 (length 283)
prokka_out/CA140705:NODE_6_length_110339_cov_89.964423_21 (length 330)
prokka_out/CA140705:NODE_6_length_110339_cov_89.964423_22 (length 379)
prokka_out/CA140705:NODE_6_length_110339_cov_89.964423_23 (length 182)
prokka_out/CA140705:NODE_6_length_110339_cov_89.964423_24 (length 363)
prokka_out/CA140705:NODE_6_length_110339_cov_89.964423_25 (length 224)
prokka_out/CA140705:NODE_6_length_110339_cov_89.964423_26 (length 146)
prokka_out/CA140705:NODE_6_length_110339_cov_89.964423_27 (length 327)
prokka_out/CA140705:NODE_6_length_110339_cov_89.964423_28 (length 608)
prokka_out/CA140705:NODE_6_length_110339_cov_89.964423_29 (length 89)
prokka_out/CA140705:NODE_6_length_110339_cov_89.964423_30 (length 185)
prokka_out/CA140705:NODE_6_length_110339_cov_89.964423_31 (length 427)
prokka_out/CA140705:NODE_6_length_110339_cov_89.964423_32 (length 101)
prokka_out/CA140705:NODE_6_length_110339_cov_89.964423_33 (length 365)
prokka_out/CA140705:NODE_6_length_110339_cov_89.964423_34 (length 279)
prokka_out/CA140705:NODE_6_length_110339_cov_89.964423_35 (length 632)
prokka_out/CA140705:NODE_6_length_110339_cov_89.964423_36 (length 371)
prokka_out/CA140705:NODE_6_length_110339_cov_89.964423_37 (length 240)
prokka_out/CA140705:NODE_6_length_110339_cov_89.964423_38 (length 298)
prokka_out/CA140705:NODE_6_length_110339_cov_89.964423_39 (length 200)
prokka_out/CA140705:NODE_6_length_110339_cov_89.964423_40 (length 166)
prokka_out/CA140705:NODE_6_length_110339_cov_89.964423_41 (length 252)
prokka_out/CA140705:NODE_6_length_110339_cov_89.964423_42 (length 247)
prokka_out/CA140705:NODE_6_length_110339_cov_89.964423_43 (length 154)
prokka_out/CA140705:NODE_6_length_110339_cov_89.964423_44 (length 389)
prokka_out/CA140705:NODE_6_length_110339_cov_89.964423_45 (length 382)
prokka_out/CA140705:NODE_6_length_110339_cov_89.964423_46 (length 60)
prokka_out/CA140705:NODE_6_length_110339_cov_89.964423_47 (length 689)
prokka_out/CA140705:NODE_6_length_110339_cov_89.964423_48 (length 179)
prokka_out/CA140705:NODE_6_length_110339_cov_89.964423_49 (length 467)
prokka_out/CA140705:NODE_6_length_110339_cov_89.964423_50 (length 431)
prokka_out/CA140705:NODE_6_length_110339_cov_89.964423_51 (length 372)
prokka_out/CA140705:NODE_6_length_110339_cov_89.964423_52 (length 215)
prokka_out/CA140705:NODE_6_length_110339_cov_89.964423_53 (length 162)
prokka_out/CA140705:NODE_6_length_110339_cov_89.964423_54 (length 167)
prokka_out/CA140705:NODE_6_length_110339_cov_89.964423_55 (length 351)
prokka_out/CA140705:NODE_6_length_110339_cov_89.964423_56 (length 84)
prokka_out/CA140705:NODE_6_length_110339_cov_89.964423_57 (length 102)
prokka_out/CA140705:NODE_6_length_110339_cov_89.964423_58 (length 328)
prokka_out/CA140705:NODE_6_length_110339_cov_89.964423_59 (length 207)
prokka_out/CA140705:NODE_6_length_110339_cov_89.964423_60 (length 450)
prokka_out/CA140705:NODE_6_length_110339_cov_89.964423_61 (length 445)
prokka_out/CA140705:NODE_6_length_110339_cov_89.964423_62 (length 468)
prokka_out/CA140705:NODE_6_length_110339_cov_89.964423_63 (length 231)
prokka_out/CA140705:NODE_6_length_110339_cov_89.964423_64 (length 230)
prokka_out/CA140705:NODE_6_length_110339_cov_89.964423_65 (length 66)
prokka_out/CA140705:NODE_6_length_110339_cov_89.964423_66 (length 207)
prokka_out/CA140705:NODE_6_length_110339_cov_89.964423_67 (length 34)
prokka_out/CA140705:NODE_6_length_110339_cov_89.964423_68 (length 374)
prokka_out/CA140705:NODE_6_length_110339_cov_89.964423_69 (length 520)
prokka_out/CA140705:NODE_6_length_110339_cov_89.964423_70 (length 76)
prokka_out/CA140705:NODE_6_length_110339_cov_89.964423_71 (length 555)
prokka_out/CA140705:NODE_6_length_110339_cov_89.964423_72 (length 245)
prokka_out/CA140705:NODE_6_length_110339_cov_89.964423_73 (length 479)
prokka_out/CA140705:NODE_6_length_110339_cov_89.964423_74 (length 218)
prokka_out/CA140705:NODE_6_length_110339_cov_89.964423_75 (length 229)
prokka_out/CA140705:NODE_6_length_110339_cov_89.964423_76 (length 203)
prokka_out/CA140705:NODE_6_length_110339_cov_89.964423_77 (length 343)
prokka_out/CA140705:NODE_6_length_110339_cov_89.964423_78 (length 298)
prokka_out/CA140705:NODE_6_length_110339_cov_89.964423_79 (length 409)
prokka_out/CA140705:NODE_6_length_110339_cov_89.964423_80 (length 162)
prokka_out/CA140705:NODE_6_length_110339_cov_89.964423_81 (length 160)
prokka_out/CA140705:NODE_6_length_110339_cov_89.964423_82 (length 476)
prokka_out/CA140705:NODE_6_length_110339_cov_89.964423_83 (length 288)
prokka_out/CA140705:NODE_6_length_110339_cov_89.964423_84 (length 118)
prokka_out/CA140705:NODE_6_length_110339_cov_89.964423_85 (length 230)
prokka_out/CA140705:NODE_6_length_110339_cov_89.964423_86 (length 358)
prokka_out/CA140705:NODE_6_length_110339_cov_89.964423_87 (length 278)
prokka_out/CA140705:NODE_6_length_110339_cov_89.964423_88 (length 183)
prokka_out/CA140705:NODE_6_length_110339_cov_89.964423_89 (length 284)
prokka_out/CA140705:NODE_6_length_110339_cov_89.964423_90 (length 210)
prokka_out/CA140705:NODE_6_length_110339_cov_89.964423_91 (length 262)
prokka_out/CA140705:NODE_6_length_110339_cov_89.964423_92 (length 201)
prokka_out/CA140705:NODE_6_length_110339_cov_89.964423_93 (length 338)
prokka_out/CA140705:NODE_6_length_110339_cov_89.964423_94 (length 602)
prokka_out/CA140705:NODE_6_length_110339_cov_89.964423_95 (length 239)
prokka_out/CA140705:NODE_6_length_110339_cov_89.964423_96 (length 623)
prokka_out/CA140705:NODE_6_length_110339_cov_89.964423_97 (length 545)
prokka_out/CA140705:NODE_6_length_110339_cov_89.964423_98 (length 287)
prokka_out/CA140705:NODE_6_length_110339_cov_89.964423_99 (length 628)
prokka_out/CA140705:NODE_6_length_110339_cov_89.964423_1> (length 107)
prokka_out/CA140705:NODE_6_length_110339_cov_89.964423_1> (length 602)
prokka_out/CA140705:NODE_6_length_110339_cov_89.964423_1> (length 216)
prokka_out/CA140705:NODE_6_length_110339_cov_89.964423_1> (length 449)
prokka_out/CA140705:NODE_6_length_110339_cov_89.964423_1> (length 402)
prokka_out/CA140705:NODE_6_length_110339_cov_89.964423_1> (length 233)
prokka_out/CA140705:NODE_6_length_110339_cov_89.964423_1> (length 712)
prokka_out/CA140705:NODE_6_length_110339_cov_89.964423_1> (length 393)
prokka_out/CA140705:NODE_6_length_110339_cov_89.964423_1> (length 878)
prokka_out/CA140705:NODE_6_length_110339_cov_89.964423_1> (length 365)
prokka_out/CA140705:NODE_6_length_110339_cov_89.964423_1> (length 340)
prokka_out/CA140705:NODE_6_length_110339_cov_89.964423_1> (length 235)
prokka_out/CA140705:NODE_7_length_61353_cov_92.227469 (length 61353)
prokka_out/CA140705:NODE_7_length_61353_cov_92.227469_1 (length 177)
prokka_out/CA140705:NODE_7_length_61353_cov_92.227469_2 (length 339)
prokka_out/CA140705:NODE_7_length_61353_cov_92.227469_3 (length 420)
prokka_out/CA140705:NODE_7_length_61353_cov_92.227469_4 (length 285)
prokka_out/CA140705:NODE_7_length_61353_cov_92.227469_5 (length 268)
prokka_out/CA140705:NODE_7_length_61353_cov_92.227469_6 (length 259)
prokka_out/CA140705:NODE_7_length_61353_cov_92.227469_7 (length 333)
prokka_out/CA140705:NODE_7_length_61353_cov_92.227469_8 (length 702)
prokka_out/CA140705:NODE_7_length_61353_cov_92.227469_9 (length 251)
prokka_out/CA140705:NODE_7_length_61353_cov_92.227469_10 (length 355)
prokka_out/CA140705:NODE_7_length_61353_cov_92.227469_11 (length 87)
prokka_out/CA140705:NODE_7_length_61353_cov_92.227469_12 (length 166)
prokka_out/CA140705:NODE_7_length_61353_cov_92.227469_13 (length 386)
prokka_out/CA140705:NODE_7_length_61353_cov_92.227469_14 (length 295)
prokka_out/CA140705:NODE_7_length_61353_cov_92.227469_15 (length 371)
prokka_out/CA140705:NODE_7_length_61353_cov_92.227469_16 (length 368)
prokka_out/CA140705:NODE_7_length_61353_cov_92.227469_17 (length 387)
prokka_out/CA140705:NODE_7_length_61353_cov_92.227469_18 (length 171)
prokka_out/CA140705:NODE_7_length_61353_cov_92.227469_19 (length 207)
prokka_out/CA140705:NODE_7_length_61353_cov_92.227469_20 (length 255)
prokka_out/CA140705:NODE_7_length_61353_cov_92.227469_21 (length 242)
prokka_out/CA140705:NODE_7_length_61353_cov_92.227469_22 (length 195)
prokka_out/CA140705:NODE_7_length_61353_cov_92.227469_23 (length 353)
prokka_out/CA140705:NODE_7_length_61353_cov_92.227469_24 (length 428)
prokka_out/CA140705:NODE_7_length_61353_cov_92.227469_25 (length 299)
prokka_out/CA140705:NODE_7_length_61353_cov_92.227469_26 (length 117)
prokka_out/CA140705:NODE_7_length_61353_cov_92.227469_27 (length 337)
prokka_out/CA140705:NODE_7_length_61353_cov_92.227469_28 (length 208)
prokka_out/CA140705:NODE_7_length_61353_cov_92.227469_29 (length 130)
prokka_out/CA140705:NODE_7_length_61353_cov_92.227469_30 (length 121)
prokka_out/CA140705:NODE_7_length_61353_cov_92.227469_31 (length 72)
prokka_out/CA140705:NODE_7_length_61353_cov_92.227469_32 (length 286)
prokka_out/CA140705:NODE_7_length_61353_cov_92.227469_33 (length 162)
prokka_out/CA140705:NODE_7_length_61353_cov_92.227469_34 (length 104)
prokka_out/CA140705:NODE_7_length_61353_cov_92.227469_35 (length 81)
prokka_out/CA140705:NODE_7_length_61353_cov_92.227469_36 (length 203)
prokka_out/CA140705:NODE_7_length_61353_cov_92.227469_37 (length 367)
prokka_out/CA140705:NODE_7_length_61353_cov_92.227469_38 (length 52)
prokka_out/CA140705:NODE_7_length_61353_cov_92.227469_39 (length 144)
prokka_out/CA140705:NODE_7_length_61353_cov_92.227469_40 (length 72)
prokka_out/CA140705:NODE_7_length_61353_cov_92.227469_41 (length 435)
prokka_out/CA140705:NODE_7_length_61353_cov_92.227469_42 (length 541)
prokka_out/CA140705:NODE_7_length_61353_cov_92.227469_43 (length 157)
prokka_out/CA140705:NODE_7_length_61353_cov_92.227469_44 (length 142)
prokka_out/CA140705:NODE_7_length_61353_cov_92.227469_45 (length 925)
prokka_out/CA140705:NODE_7_length_61353_cov_92.227469_46 (length 512)
prokka_out/CA140705:NODE_7_length_61353_cov_92.227469_47 (length 314)
prokka_out/CA140705:NODE_7_length_61353_cov_92.227469_48 (length 251)
prokka_out/CA140705:NODE_7_length_61353_cov_92.227469_49 (length 236)
prokka_out/CA140705:NODE_7_length_61353_cov_92.227469_50 (length 221)
prokka_out/CA140705:NODE_7_length_61353_cov_92.227469_51 (length 129)
prokka_out/CA140705:NODE_7_length_61353_cov_92.227469_52 (length 167)
prokka_out/CA140705:NODE_7_length_61353_cov_92.227469_53 (length 263)
prokka_out/CA140705:NODE_7_length_61353_cov_92.227469_54 (length 408)
prokka_out/CA140705:NODE_7_length_61353_cov_92.227469_55 (length 75)
prokka_out/CA140705:NODE_7_length_61353_cov_92.227469_56 (length 230)
prokka_out/CA140705:NODE_7_length_61353_cov_92.227469_57 (length 820)
prokka_out/CA140705:NODE_7_length_61353_cov_92.227469_58 (length 332)
prokka_out/CA140705:NODE_7_length_61353_cov_92.227469_59 (length 221)
prokka_out/CA140705:NODE_7_length_61353_cov_92.227469_60 (length 171)
prokka_out/CA140705:NODE_7_length_61353_cov_92.227469_61 (length 97)
prokka_out/CA140705:NODE_7_length_61353_cov_92.227469_62 (length 596)
prokka_out/CA140705:NODE_7_length_61353_cov_92.227469_63 (length 496)
prokka_out/CA140705:NODE_7_length_61353_cov_92.227469_64 (length 457)
prokka_out/CA140705:NODE_7_length_61353_cov_92.227469_65 (length 788)
prokka_out/CA140705:NODE_8_length_49374_cov_88.962170 (length 49374)
prokka_out/CA140705:NODE_8_length_49374_cov_88.962170_1 (length 236)
prokka_out/CA140705:NODE_8_length_49374_cov_88.962170_2 (length 124)
prokka_out/CA140705:NODE_8_length_49374_cov_88.962170_3 (length 334)
prokka_out/CA140705:NODE_8_length_49374_cov_88.962170_4 (length 80)
prokka_out/CA140705:NODE_8_length_49374_cov_88.962170_5 (length 118)
prokka_out/CA140705:NODE_8_length_49374_cov_88.962170_6 (length 515)
prokka_out/CA140705:NODE_8_length_49374_cov_88.962170_7 (length 252)
prokka_out/CA140705:NODE_8_length_49374_cov_88.962170_8 (length 378)
prokka_out/CA140705:NODE_8_length_49374_cov_88.962170_9 (length 87)
prokka_out/CA140705:NODE_8_length_49374_cov_88.962170_10 (length 157)
prokka_out/CA140705:NODE_8_length_49374_cov_88.962170_11 (length 50)
prokka_out/CA140705:NODE_8_length_49374_cov_88.962170_12 (length 436)
prokka_out/CA140705:NODE_8_length_49374_cov_88.962170_13 (length 158)
prokka_out/CA140705:NODE_8_length_49374_cov_88.962170_14 (length 287)
prokka_out/CA140705:NODE_8_length_49374_cov_88.962170_15 (length 117)
prokka_out/CA140705:NODE_8_length_49374_cov_88.962170_16 (length 63)
prokka_out/CA140705:NODE_8_length_49374_cov_88.962170_17 (length 388)
prokka_out/CA140705:NODE_8_length_49374_cov_88.962170_18 (length 393)
prokka_out/CA140705:NODE_8_length_49374_cov_88.962170_19 (length 323)
prokka_out/CA140705:NODE_8_length_49374_cov_88.962170_20 (length 627)
prokka_out/CA140705:NODE_8_length_49374_cov_88.962170_21 (length 211)
prokka_out/CA140705:NODE_8_length_49374_cov_88.962170_22 (length 231)
prokka_out/CA140705:NODE_8_length_49374_cov_88.962170_23 (length 118)
prokka_out/CA140705:NODE_8_length_49374_cov_88.962170_24 (length 185)
prokka_out/CA140705:NODE_8_length_49374_cov_88.962170_25 (length 202)
prokka_out/CA140705:NODE_8_length_49374_cov_88.962170_26 (length 136)
prokka_out/CA140705:NODE_8_length_49374_cov_88.962170_27 (length 340)
prokka_out/CA140705:NODE_8_length_49374_cov_88.962170_28 (length 462)
prokka_out/CA140705:NODE_8_length_49374_cov_88.962170_29 (length 179)
prokka_out/CA140705:NODE_8_length_49374_cov_88.962170_30 (length 209)
prokka_out/CA140705:NODE_8_length_49374_cov_88.962170_31 (length 394)
prokka_out/CA140705:NODE_8_length_49374_cov_88.962170_32 (length 279)
prokka_out/CA140705:NODE_8_length_49374_cov_88.962170_33 (length 148)
prokka_out/CA140705:NODE_8_length_49374_cov_88.962170_34 (length 342)
prokka_out/CA140705:NODE_8_length_49374_cov_88.962170_35 (length 367)
prokka_out/CA140705:NODE_8_length_49374_cov_88.962170_36 (length 172)
prokka_out/CA140705:NODE_8_length_49374_cov_88.962170_37 (length 602)
prokka_out/CA140705:NODE_8_length_49374_cov_88.962170_38 (length 267)
prokka_out/CA140705:NODE_8_length_49374_cov_88.962170_39 (length 663)
prokka_out/CA140705:NODE_8_length_49374_cov_88.962170_40 (length 740)
prokka_out/CA140705:NODE_8_length_49374_cov_88.962170_41 (length 1750)
prokka_out/CA140705:NODE_8_length_49374_cov_88.962170_42 (length 117)
prokka_out/CA140705:NODE_8_length_49374_cov_88.962170_43 (length 382)
prokka_out/CA140705:NODE_8_length_49374_cov_88.962170_44 (length 393)
prokka_out/CA140705:NODE_8_length_49374_cov_88.962170_45 (length 242)
prokka_out/CA140705:NODE_8_length_49374_cov_88.962170_46 (length 445)
prokka_out/CA140705:NODE_8_length_49374_cov_88.962170_47 (length 270)
prokka_out/CA140705:NODE_9_length_45724_cov_90.752659 (length 45724)
prokka_out/CA140705:NODE_9_length_45724_cov_90.752659_1 (length 461)
prokka_out/CA140705:NODE_9_length_45724_cov_90.752659_2 (length 200)
prokka_out/CA140705:NODE_9_length_45724_cov_90.752659_3 (length 444)
prokka_out/CA140705:NODE_9_length_45724_cov_90.752659_4 (length 194)
prokka_out/CA140705:NODE_9_length_45724_cov_90.752659_5 (length 175)
prokka_out/CA140705:NODE_9_length_45724_cov_90.752659_6 (length 501)
prokka_out/CA140705:NODE_9_length_45724_cov_90.752659_7 (length 232)
prokka_out/CA140705:NODE_9_length_45724_cov_90.752659_8 (length 456)
prokka_out/CA140705:NODE_9_length_45724_cov_90.752659_9 (length 191)
prokka_out/CA140705:NODE_9_length_45724_cov_90.752659_10 (length 29)
prokka_out/CA140705:NODE_9_length_45724_cov_90.752659_11 (length 130)
prokka_out/CA140705:NODE_9_length_45724_cov_90.752659_12 (length 112)
prokka_out/CA140705:NODE_9_length_45724_cov_90.752659_13 (length 101)
prokka_out/CA140705:NODE_9_length_45724_cov_90.752659_14 (length 246)
prokka_out/CA140705:NODE_9_length_45724_cov_90.752659_15 (length 69)
prokka_out/CA140705:NODE_9_length_45724_cov_90.752659_16 (length 394)
prokka_out/CA140705:NODE_9_length_45724_cov_90.752659_17 (length 453)
prokka_out/CA140705:NODE_9_length_45724_cov_90.752659_18 (length 263)
prokka_out/CA140705:NODE_9_length_45724_cov_90.752659_19 (length 404)
prokka_out/CA140705:NODE_9_length_45724_cov_90.752659_20 (length 248)
prokka_out/CA140705:NODE_9_length_45724_cov_90.752659_21 (length 136)
prokka_out/CA140705:NODE_9_length_45724_cov_90.752659_22 (length 253)
prokka_out/CA140705:NODE_9_length_45724_cov_90.752659_23 (length 758)
prokka_out/CA140705:NODE_9_length_45724_cov_90.752659_24 (length 280)
prokka_out/CA140705:NODE_9_length_45724_cov_90.752659_25 (length 40)
prokka_out/CA140705:NODE_9_length_45724_cov_90.752659_26 (length 334)
prokka_out/CA140705:NODE_9_length_45724_cov_90.752659_27 (length 538)
prokka_out/CA140705:NODE_9_length_45724_cov_90.752659_28 (length 301)
prokka_out/CA140705:NODE_9_length_45724_cov_90.752659_29 (length 401)
prokka_out/CA140705:NODE_9_length_45724_cov_90.752659_30 (length 220)
prokka_out/CA140705:NODE_9_length_45724_cov_90.752659_31 (length 142)
prokka_out/CA140705:NODE_9_length_45724_cov_90.752659_32 (length 135)
prokka_out/CA140705:NODE_9_length_45724_cov_90.752659_33 (length 187)
prokka_out/CA140705:NODE_9_length_45724_cov_90.752659_34 (length 289)
prokka_out/CA140705:NODE_9_length_45724_cov_90.752659_35 (length 294)
prokka_out/CA140705:NODE_9_length_45724_cov_90.752659_36 (length 166)
prokka_out/CA140705:NODE_9_length_45724_cov_90.752659_37 (length 172)
prokka_out/CA140705:NODE_9_length_45724_cov_90.752659_38 (length 320)
prokka_out/CA140705:NODE_9_length_45724_cov_90.752659_39 (length 247)
prokka_out/CA140705:NODE_9_length_45724_cov_90.752659_40 (length 193)
prokka_out/CA140705:NODE_9_length_45724_cov_90.752659_41 (length 140)
prokka_out/CA140705:NODE_9_length_45724_cov_90.752659_42 (length 135)
prokka_out/CA140705:NODE_9_length_45724_cov_90.752659_43 (length 217)
prokka_out/CA140705:NODE_9_length_45724_cov_90.752659_44 (length 66)
prokka_out/CA140705:NODE_9_length_45724_cov_90.752659_45 (length 274)
prokka_out/CA140705:NODE_9_length_45724_cov_90.752659_46 (length 227)
prokka_out/CA140705:NODE_9_length_45724_cov_90.752659_47 (length 315)
prokka_out/CA140705:NODE_9_length_45724_cov_90.752659_48 (length 268)
prokka_out/CA140705:NODE_9_length_45724_cov_90.752659_49 (length 401)
prokka_out/CA140705:NODE_9_length_45724_cov_90.752659_50 (length 416)
prokka_out/CA140705:NODE_9_length_45724_cov_90.752659_51 (length 112)
prokka_out/CA140705:NODE_9_length_45724_cov_90.752659_52 (length 104)
prokka_out/CA140705:NODE_9_length_45724_cov_90.752659_53 (length 312)
prokka_out/CA140705:NODE_9_length_45724_cov_90.752659_54 (length 593)
prokka_out/CA140705:NODE_10_length_11181_cov_98.997467 (length 11181)
prokka_out/CA140705:NODE_10_length_11181_cov_98.997467_1 (length 288)
prokka_out/CA140705:NODE_10_length_11181_cov_98.997467_2 (length 146)
prokka_out/CA140705:NODE_10_length_11181_cov_98.997467_3 (length 150)
prokka_out/CA140705:NODE_10_length_11181_cov_98.997467_4 (length 221)
prokka_out/CA140705:NODE_10_length_11181_cov_98.997467_5 (length 264)
prokka_out/CA140705:NODE_10_length_11181_cov_98.997467_6 (length 161)
prokka_out/CA140705:NODE_10_length_11181_cov_98.997467_7 (length 107)
prokka_out/CA140705:NODE_10_length_11181_cov_98.997467_8 (length 450)
prokka_out/CA140705:NODE_10_length_11181_cov_98.997467_9 (length 307)
prokka_out/CA140705:NODE_10_length_11181_cov_98.997467_10 (length 334)
prokka_out/CA140705:NODE_10_length_11181_cov_98.997467_11 (length 156)
prokka_out/CA140705:NODE_11_length_6744_cov_323.804896 (length 6744)
prokka_out/CA140705:NODE_12_length_3781_cov_103.551450 (length 3781)
prokka_out/CA140705:NODE_12_length_3781_cov_103.551450_1 (length 305)
prokka_out/CA140705:NODE_12_length_3781_cov_103.551450_2 (length 181)
prokka_out/CA140705:NODE_12_length_3781_cov_103.551450_3 (length 259)
prokka_out/CA140705:NODE_12_length_3781_cov_103.551450_4 (length 256)
prokka_out/CA140705:NODE_13_length_1167_cov_222.422115 (length 1167)
prokka_out/CA140705:NODE_13_length_1167_cov_222.422115_1 (length 309)
prokka_out/CA140705:NODE_14_length_845_cov_96.791086 (length 845)
prokka_out/CA140705:NODE_14_length_845_cov_96.791086_1 (length 90)
prokka_out/CA140705:NODE_15_length_773_cov_408.438080 (length 773)
prokka_out/CA140705:NODE_15_length_773_cov_408.438080_1 (length 236)
prokka_out/CA140705:NODE_16_length_599_cov_219.192797 (length 599)
prokka_out/CA140705:NODE_21_length_381_cov_88.913386 (length 381)
prokka_out/CA140705:NODE_22_length_278_cov_96.470199 (length 278)
prokka_out/CA140705:NODE_23_length_253_cov_55.015873 (length 253)

DiscRep_ALL:DISC_INCONSISTENT_MOLINFO_TECH::Molinfo Technique Report (some missing, all same)
DiscRep_SUB:DISC_INCONSISTENT_MOLINFO_TECH::technique (all missing)
DiscRep_SUB:DISC_INCONSISTENT_MOLINFO_TECH::19 Molinfos are missing field technique
prokka_out/CA140705:NODE_1_length_597876_cov_87.036437 (length 597876)
prokka_out/CA140705:NODE_2_length_271878_cov_89.820726 (length 271878)
prokka_out/CA140705:NODE_3_length_208642_cov_91.661952 (length 208642)
prokka_out/CA140705:NODE_4_length_165410_cov_91.697422 (length 165410)
prokka_out/CA140705:NODE_5_length_130343_cov_94.995446 (length 130343)
prokka_out/CA140705:NODE_6_length_110339_cov_89.964423 (length 110339)
prokka_out/CA140705:NODE_7_length_61353_cov_92.227469 (length 61353)
prokka_out/CA140705:NODE_8_length_49374_cov_88.962170 (length 49374)
prokka_out/CA140705:NODE_9_length_45724_cov_90.752659 (length 45724)
prokka_out/CA140705:NODE_10_length_11181_cov_98.997467 (length 11181)
prokka_out/CA140705:NODE_11_length_6744_cov_323.804896 (length 6744)
prokka_out/CA140705:NODE_12_length_3781_cov_103.551450 (length 3781)
prokka_out/CA140705:NODE_13_length_1167_cov_222.422115 (length 1167)
prokka_out/CA140705:NODE_14_length_845_cov_96.791086 (length 845)
prokka_out/CA140705:NODE_15_length_773_cov_408.438080 (length 773)
prokka_out/CA140705:NODE_16_length_599_cov_219.192797 (length 599)
prokka_out/CA140705:NODE_21_length_381_cov_88.913386 (length 381)
prokka_out/CA140705:NODE_22_length_278_cov_96.470199 (length 278)
prokka_out/CA140705:NODE_23_length_253_cov_55.015873 (length 253)

DiscRep_ALL:SEQ_ID_PHRASES::Sequence Ids contain unacceptable phrases (cov_, length, node, paired, or trimmed)

