Discrepancy Report Results

Summary
FATAL: MISSING_PROTEIN_ID:1841 proteins have invalid IDs.
DISC_SOURCE_QUALS_ASNDISC:strain (all present, all same)
DISC_SOURCE_QUALS_ASNDISC:taxname (all present, all same)
DISC_FEATURE_COUNT:CDS: 1841 present
DISC_FEATURE_COUNT:tRNA: 40 present
DISC_FEATURE_COUNT:rRNA: 2 present
DISC_FEATURE_COUNT:misc_feature: 1 present
DISC_FEATURE_COUNT:tmRNA: 1 present
DISC_COUNT_NUCLEOTIDES:48 nucleotide Bioseqs are present
FEATURE_LOCATION_CONFLICT:1884 features have inconsistent gene locations.
OVERLAPPING_CDS:12 coding regions overlap another coding region with a similar or identical name.
SUSPECT_PRODUCT_NAMES:4 product_names contain suspect phrase or characters
	Suspicious phrase; should this be nonfunctional?
		1 features contains 'truncat'
	May contain database identifier more appropriate in note; remove from product name
		1 features contains three or more numbers together that may be identifiers more appropriate in note
	Use short product name instead of descriptive phrase
		2 features Is longer than 100 characters. Remove descriptive phrases or synonyms from product names. Keep valid long product names, eg long enzyme names
FATAL: EC_NUMBER_ON_UNKNOWN_PROTEIN:1 protein features have an EC number and a protein name of 'unknown protein' or 'hypothetical protein'
ZERO_BASECOUNT:2 sequences have a zero basecount for a nucleotide
NO_ANNOTATION:23 bioseqs have no features
DISC_QUALITY_SCORES:Quality scores are missing on all sequences.
ONCALLER_COMMENT_PRESENT:48 comment descriptors were found (all same)
SHORT_PROT_SEQUENCES:25 protein sequences are shorter than 50 aa.
MISSING_GENOMEASSEMBLY_COMMENTS:48 bioseqs are missing GenomeAssembly structured comments
MOLTYPE_NOT_MRNA:48 molecule types are not set as mRNA.
TECHNIQUE_NOT_TSA:48 technique are not set as TSA
MISSING_STRUCTURED_COMMENT:48 sequences do not include structured comments.
MISSING_PROJECT:1889 sequences do not include project.
DISC_INCONSISTENT_MOLINFO_TECH:Molinfo Technique Report (some missing, all same)
SEQ_ID_PHRASES:Sequence Ids contain unacceptable phrases (cov_, length, node, paired, or trimmed)


Detailed Report

FATAL: DiscRep_ALL:MISSING_PROTEIN_ID::1841 proteins have invalid IDs.
prokka_out/CA140404:NODE_1_length_332588_cov_91.785139_1 (length 626)
prokka_out/CA140404:NODE_1_length_332588_cov_91.785139_2 (length 650)
prokka_out/CA140404:NODE_1_length_332588_cov_91.785139_3 (length 256)
prokka_out/CA140404:NODE_1_length_332588_cov_91.785139_4 (length 235)
prokka_out/CA140404:NODE_1_length_332588_cov_91.785139_5 (length 301)
prokka_out/CA140404:NODE_1_length_332588_cov_91.785139_6 (length 341)
prokka_out/CA140404:NODE_1_length_332588_cov_91.785139_7 (length 384)
prokka_out/CA140404:NODE_1_length_332588_cov_91.785139_8 (length 334)
prokka_out/CA140404:NODE_1_length_332588_cov_91.785139_9 (length 154)
prokka_out/CA140404:NODE_1_length_332588_cov_91.785139_10 (length 381)
prokka_out/CA140404:NODE_1_length_332588_cov_91.785139_11 (length 323)
prokka_out/CA140404:NODE_1_length_332588_cov_91.785139_12 (length 343)
prokka_out/CA140404:NODE_1_length_332588_cov_91.785139_13 (length 378)
prokka_out/CA140404:NODE_1_length_332588_cov_91.785139_14 (length 201)
prokka_out/CA140404:NODE_1_length_332588_cov_91.785139_15 (length 248)
prokka_out/CA140404:NODE_1_length_332588_cov_91.785139_16 (length 157)
prokka_out/CA140404:NODE_1_length_332588_cov_91.785139_17 (length 274)
prokka_out/CA140404:NODE_1_length_332588_cov_91.785139_18 (length 232)
prokka_out/CA140404:NODE_1_length_332588_cov_91.785139_19 (length 218)
prokka_out/CA140404:NODE_1_length_332588_cov_91.785139_20 (length 190)
prokka_out/CA140404:NODE_1_length_332588_cov_91.785139_21 (length 262)
prokka_out/CA140404:NODE_1_length_332588_cov_91.785139_22 (length 332)
prokka_out/CA140404:NODE_1_length_332588_cov_91.785139_23 (length 204)
prokka_out/CA140404:NODE_1_length_332588_cov_91.785139_24 (length 74)
prokka_out/CA140404:NODE_1_length_332588_cov_91.785139_25 (length 239)
prokka_out/CA140404:NODE_1_length_332588_cov_91.785139_26 (length 241)
prokka_out/CA140404:NODE_1_length_332588_cov_91.785139_27 (length 502)
prokka_out/CA140404:NODE_1_length_332588_cov_91.785139_28 (length 409)
prokka_out/CA140404:NODE_1_length_332588_cov_91.785139_29 (length 73)
prokka_out/CA140404:NODE_1_length_332588_cov_91.785139_30 (length 353)
prokka_out/CA140404:NODE_1_length_332588_cov_91.785139_31 (length 520)
prokka_out/CA140404:NODE_1_length_332588_cov_91.785139_32 (length 138)
prokka_out/CA140404:NODE_1_length_332588_cov_91.785139_33 (length 297)
prokka_out/CA140404:NODE_1_length_332588_cov_91.785139_34 (length 76)
prokka_out/CA140404:NODE_1_length_332588_cov_91.785139_35 (length 263)
prokka_out/CA140404:NODE_1_length_332588_cov_91.785139_36 (length 263)
prokka_out/CA140404:NODE_1_length_332588_cov_91.785139_37 (length 312)
prokka_out/CA140404:NODE_1_length_332588_cov_91.785139_38 (length 66)
prokka_out/CA140404:NODE_1_length_332588_cov_91.785139_39 (length 376)
prokka_out/CA140404:NODE_1_length_332588_cov_91.785139_40 (length 334)
prokka_out/CA140404:NODE_1_length_332588_cov_91.785139_41 (length 186)
prokka_out/CA140404:NODE_1_length_332588_cov_91.785139_42 (length 151)
prokka_out/CA140404:NODE_1_length_332588_cov_91.785139_43 (length 443)
prokka_out/CA140404:NODE_1_length_332588_cov_91.785139_44 (length 271)
prokka_out/CA140404:NODE_1_length_332588_cov_91.785139_45 (length 463)
prokka_out/CA140404:NODE_1_length_332588_cov_91.785139_46 (length 411)
prokka_out/CA140404:NODE_1_length_332588_cov_91.785139_47 (length 208)
prokka_out/CA140404:NODE_1_length_332588_cov_91.785139_48 (length 223)
prokka_out/CA140404:NODE_1_length_332588_cov_91.785139_49 (length 216)
prokka_out/CA140404:NODE_1_length_332588_cov_91.785139_50 (length 447)
prokka_out/CA140404:NODE_1_length_332588_cov_91.785139_51 (length 366)
prokka_out/CA140404:NODE_1_length_332588_cov_91.785139_52 (length 322)
prokka_out/CA140404:NODE_1_length_332588_cov_91.785139_53 (length 410)
prokka_out/CA140404:NODE_1_length_332588_cov_91.785139_54 (length 392)
prokka_out/CA140404:NODE_1_length_332588_cov_91.785139_55 (length 221)
prokka_out/CA140404:NODE_1_length_332588_cov_91.785139_56 (length 268)
prokka_out/CA140404:NODE_1_length_332588_cov_91.785139_57 (length 397)
prokka_out/CA140404:NODE_1_length_332588_cov_91.785139_58 (length 239)
prokka_out/CA140404:NODE_1_length_332588_cov_91.785139_59 (length 74)
prokka_out/CA140404:NODE_1_length_332588_cov_91.785139_60 (length 731)
prokka_out/CA140404:NODE_1_length_332588_cov_91.785139_61 (length 401)
prokka_out/CA140404:NODE_1_length_332588_cov_91.785139_62 (length 363)
prokka_out/CA140404:NODE_1_length_332588_cov_91.785139_63 (length 659)
prokka_out/CA140404:NODE_1_length_332588_cov_91.785139_64 (length 613)
prokka_out/CA140404:NODE_1_length_332588_cov_91.785139_65 (length 379)
prokka_out/CA140404:NODE_1_length_332588_cov_91.785139_66 (length 571)
prokka_out/CA140404:NODE_1_length_332588_cov_91.785139_67 (length 230)
prokka_out/CA140404:NODE_1_length_332588_cov_91.785139_68 (length 167)
prokka_out/CA140404:NODE_1_length_332588_cov_91.785139_69 (length 190)
prokka_out/CA140404:NODE_1_length_332588_cov_91.785139_70 (length 411)
prokka_out/CA140404:NODE_1_length_332588_cov_91.785139_71 (length 223)
prokka_out/CA140404:NODE_1_length_332588_cov_91.785139_72 (length 374)
prokka_out/CA140404:NODE_1_length_332588_cov_91.785139_73 (length 426)
prokka_out/CA140404:NODE_1_length_332588_cov_91.785139_74 (length 151)
prokka_out/CA140404:NODE_1_length_332588_cov_91.785139_75 (length 394)
prokka_out/CA140404:NODE_1_length_332588_cov_91.785139_76 (length 220)
prokka_out/CA140404:NODE_1_length_332588_cov_91.785139_77 (length 160)
prokka_out/CA140404:NODE_1_length_332588_cov_91.785139_78 (length 719)
prokka_out/CA140404:NODE_1_length_332588_cov_91.785139_79 (length 682)
prokka_out/CA140404:NODE_1_length_332588_cov_91.785139_80 (length 150)
prokka_out/CA140404:NODE_1_length_332588_cov_91.785139_81 (length 416)
prokka_out/CA140404:NODE_1_length_332588_cov_91.785139_82 (length 486)
prokka_out/CA140404:NODE_1_length_332588_cov_91.785139_83 (length 511)
prokka_out/CA140404:NODE_1_length_332588_cov_91.785139_84 (length 164)
prokka_out/CA140404:NODE_1_length_332588_cov_91.785139_85 (length 600)
prokka_out/CA140404:NODE_1_length_332588_cov_91.785139_86 (length 398)
prokka_out/CA140404:NODE_1_length_332588_cov_91.785139_87 (length 300)
prokka_out/CA140404:NODE_1_length_332588_cov_91.785139_88 (length 340)
prokka_out/CA140404:NODE_1_length_332588_cov_91.785139_89 (length 106)
prokka_out/CA140404:NODE_1_length_332588_cov_91.785139_90 (length 399)
prokka_out/CA140404:NODE_1_length_332588_cov_91.785139_91 (length 200)
prokka_out/CA140404:NODE_1_length_332588_cov_91.785139_92 (length 364)
prokka_out/CA140404:NODE_1_length_332588_cov_91.785139_93 (length 257)
prokka_out/CA140404:NODE_1_length_332588_cov_91.785139_94 (length 324)
prokka_out/CA140404:NODE_1_length_332588_cov_91.785139_95 (length 316)
prokka_out/CA140404:NODE_1_length_332588_cov_91.785139_96 (length 273)
prokka_out/CA140404:NODE_1_length_332588_cov_91.785139_97 (length 664)
prokka_out/CA140404:NODE_1_length_332588_cov_91.785139_98 (length 206)
prokka_out/CA140404:NODE_1_length_332588_cov_91.785139_99 (length 110)
prokka_out/CA140404:NODE_1_length_332588_cov_91.785139_1> (length 541)
prokka_out/CA140404:NODE_1_length_332588_cov_91.785139_1> (length 124)
prokka_out/CA140404:NODE_1_length_332588_cov_91.785139_1> (length 297)
prokka_out/CA140404:NODE_1_length_332588_cov_91.785139_1> (length 472)
prokka_out/CA140404:NODE_1_length_332588_cov_91.785139_1> (length 224)
prokka_out/CA140404:NODE_1_length_332588_cov_91.785139_1> (length 415)
prokka_out/CA140404:NODE_1_length_332588_cov_91.785139_1> (length 82)
prokka_out/CA140404:NODE_1_length_332588_cov_91.785139_1> (length 199)
prokka_out/CA140404:NODE_1_length_332588_cov_91.785139_1> (length 221)
prokka_out/CA140404:NODE_1_length_332588_cov_91.785139_1> (length 396)
prokka_out/CA140404:NODE_1_length_332588_cov_91.785139_1> (length 545)
prokka_out/CA140404:NODE_1_length_332588_cov_91.785139_1> (length 86)
prokka_out/CA140404:NODE_1_length_332588_cov_91.785139_1> (length 846)
prokka_out/CA140404:NODE_1_length_332588_cov_91.785139_1> (length 203)
prokka_out/CA140404:NODE_1_length_332588_cov_91.785139_1> (length 226)
prokka_out/CA140404:NODE_1_length_332588_cov_91.785139_1> (length 67)
prokka_out/CA140404:NODE_1_length_332588_cov_91.785139_1> (length 386)
prokka_out/CA140404:NODE_1_length_332588_cov_91.785139_1> (length 238)
prokka_out/CA140404:NODE_1_length_332588_cov_91.785139_1> (length 460)
prokka_out/CA140404:NODE_1_length_332588_cov_91.785139_1> (length 268)
prokka_out/CA140404:NODE_1_length_332588_cov_91.785139_1> (length 419)
prokka_out/CA140404:NODE_1_length_332588_cov_91.785139_1> (length 185)
prokka_out/CA140404:NODE_1_length_332588_cov_91.785139_1> (length 517)
prokka_out/CA140404:NODE_1_length_332588_cov_91.785139_1> (length 185)
prokka_out/CA140404:NODE_1_length_332588_cov_91.785139_1> (length 288)
prokka_out/CA140404:NODE_1_length_332588_cov_91.785139_1> (length 446)
prokka_out/CA140404:NODE_1_length_332588_cov_91.785139_1> (length 226)
prokka_out/CA140404:NODE_1_length_332588_cov_91.785139_1> (length 282)
prokka_out/CA140404:NODE_1_length_332588_cov_91.785139_1> (length 754)
prokka_out/CA140404:NODE_1_length_332588_cov_91.785139_1> (length 256)
prokka_out/CA140404:NODE_1_length_332588_cov_91.785139_1> (length 330)
prokka_out/CA140404:NODE_1_length_332588_cov_91.785139_1> (length 164)
prokka_out/CA140404:NODE_1_length_332588_cov_91.785139_1> (length 472)
prokka_out/CA140404:NODE_1_length_332588_cov_91.785139_1> (length 297)
prokka_out/CA140404:NODE_1_length_332588_cov_91.785139_1> (length 392)
prokka_out/CA140404:NODE_1_length_332588_cov_91.785139_1> (length 508)
prokka_out/CA140404:NODE_1_length_332588_cov_91.785139_1> (length 268)
prokka_out/CA140404:NODE_1_length_332588_cov_91.785139_1> (length 458)
prokka_out/CA140404:NODE_1_length_332588_cov_91.785139_1> (length 164)
prokka_out/CA140404:NODE_1_length_332588_cov_91.785139_1> (length 459)
prokka_out/CA140404:NODE_1_length_332588_cov_91.785139_1> (length 165)
prokka_out/CA140404:NODE_1_length_332588_cov_91.785139_1> (length 619)
prokka_out/CA140404:NODE_1_length_332588_cov_91.785139_1> (length 428)
prokka_out/CA140404:NODE_1_length_332588_cov_91.785139_1> (length 167)
prokka_out/CA140404:NODE_1_length_332588_cov_91.785139_1> (length 416)
prokka_out/CA140404:NODE_1_length_332588_cov_91.785139_1> (length 374)
prokka_out/CA140404:NODE_1_length_332588_cov_91.785139_1> (length 387)
prokka_out/CA140404:NODE_1_length_332588_cov_91.785139_1> (length 263)
prokka_out/CA140404:NODE_1_length_332588_cov_91.785139_1> (length 357)
prokka_out/CA140404:NODE_1_length_332588_cov_91.785139_1> (length 211)
prokka_out/CA140404:NODE_1_length_332588_cov_91.785139_1> (length 255)
prokka_out/CA140404:NODE_1_length_332588_cov_91.785139_1> (length 547)
prokka_out/CA140404:NODE_1_length_332588_cov_91.785139_1> (length 205)
prokka_out/CA140404:NODE_1_length_332588_cov_91.785139_1> (length 79)
prokka_out/CA140404:NODE_1_length_332588_cov_91.785139_1> (length 530)
prokka_out/CA140404:NODE_1_length_332588_cov_91.785139_1> (length 102)
prokka_out/CA140404:NODE_1_length_332588_cov_91.785139_1> (length 113)
prokka_out/CA140404:NODE_1_length_332588_cov_91.785139_1> (length 235)
prokka_out/CA140404:NODE_1_length_332588_cov_91.785139_1> (length 160)
prokka_out/CA140404:NODE_1_length_332588_cov_91.785139_1> (length 466)
prokka_out/CA140404:NODE_1_length_332588_cov_91.785139_1> (length 75)
prokka_out/CA140404:NODE_1_length_332588_cov_91.785139_1> (length 200)
prokka_out/CA140404:NODE_1_length_332588_cov_91.785139_1> (length 308)
prokka_out/CA140404:NODE_1_length_332588_cov_91.785139_1> (length 258)
prokka_out/CA140404:NODE_1_length_332588_cov_91.785139_1> (length 164)
prokka_out/CA140404:NODE_1_length_332588_cov_91.785139_1> (length 87)
prokka_out/CA140404:NODE_1_length_332588_cov_91.785139_1> (length 316)
prokka_out/CA140404:NODE_1_length_332588_cov_91.785139_1> (length 64)
prokka_out/CA140404:NODE_1_length_332588_cov_91.785139_1> (length 699)
prokka_out/CA140404:NODE_1_length_332588_cov_91.785139_1> (length 173)
prokka_out/CA140404:NODE_1_length_332588_cov_91.785139_1> (length 509)
prokka_out/CA140404:NODE_1_length_332588_cov_91.785139_1> (length 432)
prokka_out/CA140404:NODE_1_length_332588_cov_91.785139_1> (length 783)
prokka_out/CA140404:NODE_1_length_332588_cov_91.785139_1> (length 68)
prokka_out/CA140404:NODE_1_length_332588_cov_91.785139_1> (length 100)
prokka_out/CA140404:NODE_1_length_332588_cov_91.785139_1> (length 175)
prokka_out/CA140404:NODE_1_length_332588_cov_91.785139_1> (length 317)
prokka_out/CA140404:NODE_1_length_332588_cov_91.785139_1> (length 461)
prokka_out/CA140404:NODE_1_length_332588_cov_91.785139_1> (length 186)
prokka_out/CA140404:NODE_1_length_332588_cov_91.785139_1> (length 319)
prokka_out/CA140404:NODE_1_length_332588_cov_91.785139_1> (length 272)
prokka_out/CA140404:NODE_1_length_332588_cov_91.785139_1> (length 319)
prokka_out/CA140404:NODE_1_length_332588_cov_91.785139_1> (length 318)
prokka_out/CA140404:NODE_1_length_332588_cov_91.785139_1> (length 257)
prokka_out/CA140404:NODE_1_length_332588_cov_91.785139_1> (length 340)
prokka_out/CA140404:NODE_1_length_332588_cov_91.785139_1> (length 417)
prokka_out/CA140404:NODE_1_length_332588_cov_91.785139_1> (length 361)
prokka_out/CA140404:NODE_1_length_332588_cov_91.785139_1> (length 358)
prokka_out/CA140404:NODE_1_length_332588_cov_91.785139_1> (length 175)
prokka_out/CA140404:NODE_1_length_332588_cov_91.785139_1> (length 147)
prokka_out/CA140404:NODE_1_length_332588_cov_91.785139_1> (length 134)
prokka_out/CA140404:NODE_1_length_332588_cov_91.785139_1> (length 139)
prokka_out/CA140404:NODE_1_length_332588_cov_91.785139_1> (length 343)
prokka_out/CA140404:NODE_1_length_332588_cov_91.785139_1> (length 292)
prokka_out/CA140404:NODE_1_length_332588_cov_91.785139_1> (length 233)
prokka_out/CA140404:NODE_1_length_332588_cov_91.785139_1> (length 292)
prokka_out/CA140404:NODE_1_length_332588_cov_91.785139_1> (length 342)
prokka_out/CA140404:NODE_1_length_332588_cov_91.785139_1> (length 264)
prokka_out/CA140404:NODE_1_length_332588_cov_91.785139_1> (length 328)
prokka_out/CA140404:NODE_1_length_332588_cov_91.785139_1> (length 564)
prokka_out/CA140404:NODE_1_length_332588_cov_91.785139_2> (length 358)
prokka_out/CA140404:NODE_1_length_332588_cov_91.785139_2> (length 309)
prokka_out/CA140404:NODE_1_length_332588_cov_91.785139_2> (length 365)
prokka_out/CA140404:NODE_1_length_332588_cov_91.785139_2> (length 713)
prokka_out/CA140404:NODE_1_length_332588_cov_91.785139_2> (length 376)
prokka_out/CA140404:NODE_1_length_332588_cov_91.785139_2> (length 200)
prokka_out/CA140404:NODE_1_length_332588_cov_91.785139_2> (length 196)
prokka_out/CA140404:NODE_1_length_332588_cov_91.785139_2> (length 386)
prokka_out/CA140404:NODE_1_length_332588_cov_91.785139_2> (length 590)
prokka_out/CA140404:NODE_1_length_332588_cov_91.785139_2> (length 297)
prokka_out/CA140404:NODE_1_length_332588_cov_91.785139_2> (length 130)
prokka_out/CA140404:NODE_1_length_332588_cov_91.785139_2> (length 281)
prokka_out/CA140404:NODE_1_length_332588_cov_91.785139_2> (length 645)
prokka_out/CA140404:NODE_1_length_332588_cov_91.785139_2> (length 205)
prokka_out/CA140404:NODE_1_length_332588_cov_91.785139_2> (length 242)
prokka_out/CA140404:NODE_1_length_332588_cov_91.785139_2> (length 265)
prokka_out/CA140404:NODE_1_length_332588_cov_91.785139_2> (length 119)
prokka_out/CA140404:NODE_1_length_332588_cov_91.785139_2> (length 212)
prokka_out/CA140404:NODE_1_length_332588_cov_91.785139_2> (length 429)
prokka_out/CA140404:NODE_1_length_332588_cov_91.785139_2> (length 215)
prokka_out/CA140404:NODE_1_length_332588_cov_91.785139_2> (length 709)
prokka_out/CA140404:NODE_1_length_332588_cov_91.785139_2> (length 96)
prokka_out/CA140404:NODE_1_length_332588_cov_91.785139_2> (length 200)
prokka_out/CA140404:NODE_1_length_332588_cov_91.785139_2> (length 150)
prokka_out/CA140404:NODE_1_length_332588_cov_91.785139_2> (length 255)
prokka_out/CA140404:NODE_1_length_332588_cov_91.785139_2> (length 75)
prokka_out/CA140404:NODE_1_length_332588_cov_91.785139_2> (length 272)
prokka_out/CA140404:NODE_1_length_332588_cov_91.785139_2> (length 691)
prokka_out/CA140404:NODE_1_length_332588_cov_91.785139_2> (length 145)
prokka_out/CA140404:NODE_1_length_332588_cov_91.785139_2> (length 573)
prokka_out/CA140404:NODE_1_length_332588_cov_91.785139_2> (length 295)
prokka_out/CA140404:NODE_1_length_332588_cov_91.785139_2> (length 407)
prokka_out/CA140404:NODE_1_length_332588_cov_91.785139_2> (length 398)
prokka_out/CA140404:NODE_1_length_332588_cov_91.785139_2> (length 441)
prokka_out/CA140404:NODE_1_length_332588_cov_91.785139_2> (length 76)
prokka_out/CA140404:NODE_1_length_332588_cov_91.785139_2> (length 526)
prokka_out/CA140404:NODE_1_length_332588_cov_91.785139_2> (length 323)
prokka_out/CA140404:NODE_1_length_332588_cov_91.785139_2> (length 809)
prokka_out/CA140404:NODE_1_length_332588_cov_91.785139_2> (length 170)
prokka_out/CA140404:NODE_1_length_332588_cov_91.785139_2> (length 465)
prokka_out/CA140404:NODE_1_length_332588_cov_91.785139_2> (length 390)
prokka_out/CA140404:NODE_1_length_332588_cov_91.785139_2> (length 300)
prokka_out/CA140404:NODE_1_length_332588_cov_91.785139_2> (length 95)
prokka_out/CA140404:NODE_1_length_332588_cov_91.785139_2> (length 978)
prokka_out/CA140404:NODE_1_length_332588_cov_91.785139_2> (length 253)
prokka_out/CA140404:NODE_1_length_332588_cov_91.785139_2> (length 228)
prokka_out/CA140404:NODE_1_length_332588_cov_91.785139_2> (length 279)
prokka_out/CA140404:NODE_1_length_332588_cov_91.785139_2> (length 210)
prokka_out/CA140404:NODE_1_length_332588_cov_91.785139_2> (length 209)
prokka_out/CA140404:NODE_1_length_332588_cov_91.785139_2> (length 130)
prokka_out/CA140404:NODE_1_length_332588_cov_91.785139_2> (length 220)
prokka_out/CA140404:NODE_1_length_332588_cov_91.785139_2> (length 100)
prokka_out/CA140404:NODE_1_length_332588_cov_91.785139_2> (length 243)
prokka_out/CA140404:NODE_1_length_332588_cov_91.785139_2> (length 129)
prokka_out/CA140404:NODE_1_length_332588_cov_91.785139_2> (length 215)
prokka_out/CA140404:NODE_1_length_332588_cov_91.785139_2> (length 791)
prokka_out/CA140404:NODE_1_length_332588_cov_91.785139_2> (length 86)
prokka_out/CA140404:NODE_1_length_332588_cov_91.785139_2> (length 183)
prokka_out/CA140404:NODE_1_length_332588_cov_91.785139_2> (length 125)
prokka_out/CA140404:NODE_1_length_332588_cov_91.785139_2> (length 288)
prokka_out/CA140404:NODE_1_length_332588_cov_91.785139_2> (length 368)
prokka_out/CA140404:NODE_1_length_332588_cov_91.785139_2> (length 178)
prokka_out/CA140404:NODE_1_length_332588_cov_91.785139_2> (length 201)
prokka_out/CA140404:NODE_1_length_332588_cov_91.785139_2> (length 206)
prokka_out/CA140404:NODE_1_length_332588_cov_91.785139_2> (length 141)
prokka_out/CA140404:NODE_1_length_332588_cov_91.785139_2> (length 362)
prokka_out/CA140404:NODE_1_length_332588_cov_91.785139_2> (length 917)
prokka_out/CA140404:NODE_1_length_332588_cov_91.785139_2> (length 36)
prokka_out/CA140404:NODE_1_length_332588_cov_91.785139_2> (length 453)
prokka_out/CA140404:NODE_1_length_332588_cov_91.785139_2> (length 485)
prokka_out/CA140404:NODE_1_length_332588_cov_91.785139_2> (length 57)
prokka_out/CA140404:NODE_1_length_332588_cov_91.785139_2> (length 258)
prokka_out/CA140404:NODE_1_length_332588_cov_91.785139_2> (length 657)
prokka_out/CA140404:NODE_1_length_332588_cov_91.785139_2> (length 432)
prokka_out/CA140404:NODE_1_length_332588_cov_91.785139_2> (length 116)
prokka_out/CA140404:NODE_1_length_332588_cov_91.785139_2> (length 735)
prokka_out/CA140404:NODE_1_length_332588_cov_91.785139_2> (length 1343)
prokka_out/CA140404:NODE_1_length_332588_cov_91.785139_2> (length 233)
prokka_out/CA140404:NODE_1_length_332588_cov_91.785139_2> (length 199)
prokka_out/CA140404:NODE_1_length_332588_cov_91.785139_2> (length 365)
prokka_out/CA140404:NODE_1_length_332588_cov_91.785139_2> (length 63)
prokka_out/CA140404:NODE_1_length_332588_cov_91.785139_2> (length 267)
prokka_out/CA140404:NODE_1_length_332588_cov_91.785139_2> (length 258)
prokka_out/CA140404:NODE_1_length_332588_cov_91.785139_2> (length 381)
prokka_out/CA140404:NODE_1_length_332588_cov_91.785139_2> (length 201)
prokka_out/CA140404:NODE_1_length_332588_cov_91.785139_2> (length 296)
prokka_out/CA140404:NODE_1_length_332588_cov_91.785139_2> (length 283)
prokka_out/CA140404:NODE_1_length_332588_cov_91.785139_2> (length 387)
prokka_out/CA140404:NODE_1_length_332588_cov_91.785139_2> (length 342)
prokka_out/CA140404:NODE_1_length_332588_cov_91.785139_2> (length 387)
prokka_out/CA140404:NODE_1_length_332588_cov_91.785139_2> (length 481)
prokka_out/CA140404:NODE_1_length_332588_cov_91.785139_2> (length 83)
prokka_out/CA140404:NODE_1_length_332588_cov_91.785139_2> (length 239)
prokka_out/CA140404:NODE_1_length_332588_cov_91.785139_2> (length 268)
prokka_out/CA140404:NODE_1_length_332588_cov_91.785139_2> (length 1005)
prokka_out/CA140404:NODE_1_length_332588_cov_91.785139_2> (length 246)
prokka_out/CA140404:NODE_1_length_332588_cov_91.785139_2> (length 424)
prokka_out/CA140404:NODE_1_length_332588_cov_91.785139_2> (length 598)
prokka_out/CA140404:NODE_1_length_332588_cov_91.785139_2> (length 214)
prokka_out/CA140404:NODE_1_length_332588_cov_91.785139_2> (length 191)
prokka_out/CA140404:NODE_1_length_332588_cov_91.785139_3> (length 863)
prokka_out/CA140404:NODE_1_length_332588_cov_91.785139_3> (length 171)
prokka_out/CA140404:NODE_1_length_332588_cov_91.785139_3> (length 105)
prokka_out/CA140404:NODE_1_length_332588_cov_91.785139_3> (length 433)
prokka_out/CA140404:NODE_1_length_332588_cov_91.785139_3> (length 343)
prokka_out/CA140404:NODE_1_length_332588_cov_91.785139_3> (length 168)
prokka_out/CA140404:NODE_1_length_332588_cov_91.785139_3> (length 67)
prokka_out/CA140404:NODE_1_length_332588_cov_91.785139_3> (length 144)
prokka_out/CA140404:NODE_1_length_332588_cov_91.785139_3> (length 371)
prokka_out/CA140404:NODE_1_length_332588_cov_91.785139_3> (length 369)
prokka_out/CA140404:NODE_1_length_332588_cov_91.785139_3> (length 298)
prokka_out/CA140404:NODE_1_length_332588_cov_91.785139_3> (length 350)
prokka_out/CA140404:NODE_1_length_332588_cov_91.785139_3> (length 256)
prokka_out/CA140404:NODE_1_length_332588_cov_91.785139_3> (length 231)
prokka_out/CA140404:NODE_1_length_332588_cov_91.785139_3> (length 1081)
prokka_out/CA140404:NODE_1_length_332588_cov_91.785139_3> (length 154)
prokka_out/CA140404:NODE_1_length_332588_cov_91.785139_3> (length 415)
prokka_out/CA140404:NODE_1_length_332588_cov_91.785139_3> (length 424)
prokka_out/CA140404:NODE_1_length_332588_cov_91.785139_3> (length 650)
prokka_out/CA140404:NODE_1_length_332588_cov_91.785139_3> (length 286)
prokka_out/CA140404:NODE_1_length_332588_cov_91.785139_3> (length 57)
prokka_out/CA140404:NODE_1_length_332588_cov_91.785139_3> (length 254)
prokka_out/CA140404:NODE_1_length_332588_cov_91.785139_3> (length 289)
prokka_out/CA140404:NODE_1_length_332588_cov_91.785139_3> (length 416)
prokka_out/CA140404:NODE_1_length_332588_cov_91.785139_3> (length 224)
prokka_out/CA140404:NODE_1_length_332588_cov_91.785139_3> (length 253)
prokka_out/CA140404:NODE_1_length_332588_cov_91.785139_3> (length 118)
prokka_out/CA140404:NODE_1_length_332588_cov_91.785139_3> (length 203)
prokka_out/CA140404:NODE_1_length_332588_cov_91.785139_3> (length 664)
prokka_out/CA140404:NODE_1_length_332588_cov_91.785139_3> (length 298)
prokka_out/CA140404:NODE_2_length_288677_cov_98.038000_1 (length 402)
prokka_out/CA140404:NODE_2_length_288677_cov_98.038000_2 (length 353)
prokka_out/CA140404:NODE_2_length_288677_cov_98.038000_3 (length 492)
prokka_out/CA140404:NODE_2_length_288677_cov_98.038000_4 (length 247)
prokka_out/CA140404:NODE_2_length_288677_cov_98.038000_5 (length 135)
prokka_out/CA140404:NODE_2_length_288677_cov_98.038000_6 (length 611)
prokka_out/CA140404:NODE_2_length_288677_cov_98.038000_7 (length 321)
prokka_out/CA140404:NODE_2_length_288677_cov_98.038000_8 (length 285)
prokka_out/CA140404:NODE_2_length_288677_cov_98.038000_9 (length 221)
prokka_out/CA140404:NODE_2_length_288677_cov_98.038000_10 (length 77)
prokka_out/CA140404:NODE_2_length_288677_cov_98.038000_11 (length 404)
prokka_out/CA140404:NODE_2_length_288677_cov_98.038000_12 (length 312)
prokka_out/CA140404:NODE_2_length_288677_cov_98.038000_13 (length 82)
prokka_out/CA140404:NODE_2_length_288677_cov_98.038000_14 (length 467)
prokka_out/CA140404:NODE_2_length_288677_cov_98.038000_15 (length 64)
prokka_out/CA140404:NODE_2_length_288677_cov_98.038000_16 (length 198)
prokka_out/CA140404:NODE_2_length_288677_cov_98.038000_17 (length 365)
prokka_out/CA140404:NODE_2_length_288677_cov_98.038000_18 (length 71)
prokka_out/CA140404:NODE_2_length_288677_cov_98.038000_19 (length 64)
prokka_out/CA140404:NODE_2_length_288677_cov_98.038000_20 (length 215)
prokka_out/CA140404:NODE_2_length_288677_cov_98.038000_21 (length 256)
prokka_out/CA140404:NODE_2_length_288677_cov_98.038000_22 (length 430)
prokka_out/CA140404:NODE_2_length_288677_cov_98.038000_23 (length 172)
prokka_out/CA140404:NODE_2_length_288677_cov_98.038000_24 (length 175)
prokka_out/CA140404:NODE_2_length_288677_cov_98.038000_25 (length 319)
prokka_out/CA140404:NODE_2_length_288677_cov_98.038000_26 (length 216)
prokka_out/CA140404:NODE_2_length_288677_cov_98.038000_27 (length 433)
prokka_out/CA140404:NODE_2_length_288677_cov_98.038000_28 (length 80)
prokka_out/CA140404:NODE_2_length_288677_cov_98.038000_29 (length 362)
prokka_out/CA140404:NODE_2_length_288677_cov_98.038000_30 (length 395)
prokka_out/CA140404:NODE_2_length_288677_cov_98.038000_31 (length 348)
prokka_out/CA140404:NODE_2_length_288677_cov_98.038000_32 (length 406)
prokka_out/CA140404:NODE_2_length_288677_cov_98.038000_33 (length 607)
prokka_out/CA140404:NODE_2_length_288677_cov_98.038000_34 (length 127)
prokka_out/CA140404:NODE_2_length_288677_cov_98.038000_35 (length 198)
prokka_out/CA140404:NODE_2_length_288677_cov_98.038000_36 (length 233)
prokka_out/CA140404:NODE_2_length_288677_cov_98.038000_37 (length 218)
prokka_out/CA140404:NODE_2_length_288677_cov_98.038000_38 (length 245)
prokka_out/CA140404:NODE_2_length_288677_cov_98.038000_39 (length 399)
prokka_out/CA140404:NODE_2_length_288677_cov_98.038000_40 (length 52)
prokka_out/CA140404:NODE_2_length_288677_cov_98.038000_41 (length 59)
prokka_out/CA140404:NODE_2_length_288677_cov_98.038000_42 (length 177)
prokka_out/CA140404:NODE_2_length_288677_cov_98.038000_43 (length 141)
prokka_out/CA140404:NODE_2_length_288677_cov_98.038000_44 (length 233)
prokka_out/CA140404:NODE_2_length_288677_cov_98.038000_45 (length 159)
prokka_out/CA140404:NODE_2_length_288677_cov_98.038000_46 (length 125)
prokka_out/CA140404:NODE_2_length_288677_cov_98.038000_47 (length 1375)
prokka_out/CA140404:NODE_2_length_288677_cov_98.038000_48 (length 1517)
prokka_out/CA140404:NODE_2_length_288677_cov_98.038000_49 (length 128)
prokka_out/CA140404:NODE_2_length_288677_cov_98.038000_50 (length 156)
prokka_out/CA140404:NODE_2_length_288677_cov_98.038000_51 (length 691)
prokka_out/CA140404:NODE_2_length_288677_cov_98.038000_52 (length 233)
prokka_out/CA140404:NODE_2_length_288677_cov_98.038000_53 (length 124)
prokka_out/CA140404:NODE_2_length_288677_cov_98.038000_54 (length 425)
prokka_out/CA140404:NODE_2_length_288677_cov_98.038000_55 (length 258)
prokka_out/CA140404:NODE_2_length_288677_cov_98.038000_56 (length 161)
prokka_out/CA140404:NODE_2_length_288677_cov_98.038000_57 (length 332)
prokka_out/CA140404:NODE_2_length_288677_cov_98.038000_58 (length 411)
prokka_out/CA140404:NODE_2_length_288677_cov_98.038000_59 (length 303)
prokka_out/CA140404:NODE_2_length_288677_cov_98.038000_60 (length 278)
prokka_out/CA140404:NODE_2_length_288677_cov_98.038000_61 (length 357)
prokka_out/CA140404:NODE_2_length_288677_cov_98.038000_62 (length 842)
prokka_out/CA140404:NODE_2_length_288677_cov_98.038000_63 (length 183)
prokka_out/CA140404:NODE_2_length_288677_cov_98.038000_64 (length 643)
prokka_out/CA140404:NODE_2_length_288677_cov_98.038000_65 (length 857)
prokka_out/CA140404:NODE_2_length_288677_cov_98.038000_66 (length 96)
prokka_out/CA140404:NODE_2_length_288677_cov_98.038000_67 (length 439)
prokka_out/CA140404:NODE_2_length_288677_cov_98.038000_68 (length 236)
prokka_out/CA140404:NODE_2_length_288677_cov_98.038000_69 (length 81)
prokka_out/CA140404:NODE_2_length_288677_cov_98.038000_70 (length 215)
prokka_out/CA140404:NODE_2_length_288677_cov_98.038000_71 (length 398)
prokka_out/CA140404:NODE_2_length_288677_cov_98.038000_72 (length 230)
prokka_out/CA140404:NODE_2_length_288677_cov_98.038000_73 (length 122)
prokka_out/CA140404:NODE_2_length_288677_cov_98.038000_74 (length 608)
prokka_out/CA140404:NODE_2_length_288677_cov_98.038000_75 (length 105)
prokka_out/CA140404:NODE_2_length_288677_cov_98.038000_76 (length 144)
prokka_out/CA140404:NODE_2_length_288677_cov_98.038000_77 (length 241)
prokka_out/CA140404:NODE_2_length_288677_cov_98.038000_78 (length 304)
prokka_out/CA140404:NODE_2_length_288677_cov_98.038000_79 (length 602)
prokka_out/CA140404:NODE_2_length_288677_cov_98.038000_80 (length 98)
prokka_out/CA140404:NODE_2_length_288677_cov_98.038000_81 (length 164)
prokka_out/CA140404:NODE_2_length_288677_cov_98.038000_82 (length 143)
prokka_out/CA140404:NODE_2_length_288677_cov_98.038000_83 (length 259)
prokka_out/CA140404:NODE_2_length_288677_cov_98.038000_84 (length 856)
prokka_out/CA140404:NODE_2_length_288677_cov_98.038000_85 (length 734)
prokka_out/CA140404:NODE_2_length_288677_cov_98.038000_86 (length 300)
prokka_out/CA140404:NODE_2_length_288677_cov_98.038000_87 (length 387)
prokka_out/CA140404:NODE_2_length_288677_cov_98.038000_88 (length 289)
prokka_out/CA140404:NODE_2_length_288677_cov_98.038000_89 (length 103)
prokka_out/CA140404:NODE_2_length_288677_cov_98.038000_90 (length 374)
prokka_out/CA140404:NODE_2_length_288677_cov_98.038000_91 (length 281)
prokka_out/CA140404:NODE_2_length_288677_cov_98.038000_92 (length 185)
prokka_out/CA140404:NODE_2_length_288677_cov_98.038000_93 (length 87)
prokka_out/CA140404:NODE_2_length_288677_cov_98.038000_94 (length 178)
prokka_out/CA140404:NODE_2_length_288677_cov_98.038000_95 (length 297)
prokka_out/CA140404:NODE_2_length_288677_cov_98.038000_96 (length 432)
prokka_out/CA140404:NODE_2_length_288677_cov_98.038000_97 (length 568)
prokka_out/CA140404:NODE_2_length_288677_cov_98.038000_98 (length 129)
prokka_out/CA140404:NODE_2_length_288677_cov_98.038000_99 (length 307)
prokka_out/CA140404:NODE_2_length_288677_cov_98.038000_1> (length 600)
prokka_out/CA140404:NODE_2_length_288677_cov_98.038000_1> (length 121)
prokka_out/CA140404:NODE_2_length_288677_cov_98.038000_1> (length 637)
prokka_out/CA140404:NODE_2_length_288677_cov_98.038000_1> (length 128)
prokka_out/CA140404:NODE_2_length_288677_cov_98.038000_1> (length 91)
prokka_out/CA140404:NODE_2_length_288677_cov_98.038000_1> (length 189)
prokka_out/CA140404:NODE_2_length_288677_cov_98.038000_1> (length 230)
prokka_out/CA140404:NODE_2_length_288677_cov_98.038000_1> (length 317)
prokka_out/CA140404:NODE_2_length_288677_cov_98.038000_1> (length 334)
prokka_out/CA140404:NODE_2_length_288677_cov_98.038000_1> (length 428)
prokka_out/CA140404:NODE_2_length_288677_cov_98.038000_1> (length 265)
prokka_out/CA140404:NODE_2_length_288677_cov_98.038000_1> (length 361)
prokka_out/CA140404:NODE_2_length_288677_cov_98.038000_1> (length 410)
prokka_out/CA140404:NODE_2_length_288677_cov_98.038000_1> (length 311)
prokka_out/CA140404:NODE_2_length_288677_cov_98.038000_1> (length 442)
prokka_out/CA140404:NODE_2_length_288677_cov_98.038000_1> (length 309)
prokka_out/CA140404:NODE_2_length_288677_cov_98.038000_1> (length 458)
prokka_out/CA140404:NODE_2_length_288677_cov_98.038000_1> (length 186)
prokka_out/CA140404:NODE_2_length_288677_cov_98.038000_1> (length 65)
prokka_out/CA140404:NODE_2_length_288677_cov_98.038000_1> (length 372)
prokka_out/CA140404:NODE_2_length_288677_cov_98.038000_1> (length 56)
prokka_out/CA140404:NODE_2_length_288677_cov_98.038000_1> (length 101)
prokka_out/CA140404:NODE_2_length_288677_cov_98.038000_1> (length 355)
prokka_out/CA140404:NODE_2_length_288677_cov_98.038000_1> (length 290)
prokka_out/CA140404:NODE_2_length_288677_cov_98.038000_1> (length 339)
prokka_out/CA140404:NODE_2_length_288677_cov_98.038000_1> (length 147)
prokka_out/CA140404:NODE_2_length_288677_cov_98.038000_1> (length 566)
prokka_out/CA140404:NODE_2_length_288677_cov_98.038000_1> (length 154)
prokka_out/CA140404:NODE_2_length_288677_cov_98.038000_1> (length 321)
prokka_out/CA140404:NODE_2_length_288677_cov_98.038000_1> (length 342)
prokka_out/CA140404:NODE_2_length_288677_cov_98.038000_1> (length 245)
prokka_out/CA140404:NODE_2_length_288677_cov_98.038000_1> (length 138)
prokka_out/CA140404:NODE_2_length_288677_cov_98.038000_1> (length 355)
prokka_out/CA140404:NODE_2_length_288677_cov_98.038000_1> (length 156)
prokka_out/CA140404:NODE_2_length_288677_cov_98.038000_1> (length 400)
prokka_out/CA140404:NODE_2_length_288677_cov_98.038000_1> (length 178)
prokka_out/CA140404:NODE_2_length_288677_cov_98.038000_1> (length 199)
prokka_out/CA140404:NODE_2_length_288677_cov_98.038000_1> (length 380)
prokka_out/CA140404:NODE_2_length_288677_cov_98.038000_1> (length 647)
prokka_out/CA140404:NODE_2_length_288677_cov_98.038000_1> (length 339)
prokka_out/CA140404:NODE_2_length_288677_cov_98.038000_1> (length 253)
prokka_out/CA140404:NODE_2_length_288677_cov_98.038000_1> (length 284)
prokka_out/CA140404:NODE_2_length_288677_cov_98.038000_1> (length 235)
prokka_out/CA140404:NODE_2_length_288677_cov_98.038000_1> (length 71)
prokka_out/CA140404:NODE_2_length_288677_cov_98.038000_1> (length 144)
prokka_out/CA140404:NODE_2_length_288677_cov_98.038000_1> (length 210)
prokka_out/CA140404:NODE_2_length_288677_cov_98.038000_1> (length 216)
prokka_out/CA140404:NODE_2_length_288677_cov_98.038000_1> (length 208)
prokka_out/CA140404:NODE_2_length_288677_cov_98.038000_1> (length 273)
prokka_out/CA140404:NODE_2_length_288677_cov_98.038000_1> (length 354)
prokka_out/CA140404:NODE_2_length_288677_cov_98.038000_1> (length 480)
prokka_out/CA140404:NODE_2_length_288677_cov_98.038000_1> (length 317)
prokka_out/CA140404:NODE_2_length_288677_cov_98.038000_1> (length 291)
prokka_out/CA140404:NODE_2_length_288677_cov_98.038000_1> (length 447)
prokka_out/CA140404:NODE_2_length_288677_cov_98.038000_1> (length 222)
prokka_out/CA140404:NODE_2_length_288677_cov_98.038000_1> (length 567)
prokka_out/CA140404:NODE_2_length_288677_cov_98.038000_1> (length 293)
prokka_out/CA140404:NODE_2_length_288677_cov_98.038000_1> (length 396)
prokka_out/CA140404:NODE_2_length_288677_cov_98.038000_1> (length 390)
prokka_out/CA140404:NODE_2_length_288677_cov_98.038000_1> (length 641)
prokka_out/CA140404:NODE_2_length_288677_cov_98.038000_1> (length 456)
prokka_out/CA140404:NODE_2_length_288677_cov_98.038000_1> (length 392)
prokka_out/CA140404:NODE_2_length_288677_cov_98.038000_1> (length 336)
prokka_out/CA140404:NODE_2_length_288677_cov_98.038000_1> (length 458)
prokka_out/CA140404:NODE_2_length_288677_cov_98.038000_1> (length 167)
prokka_out/CA140404:NODE_2_length_288677_cov_98.038000_1> (length 331)
prokka_out/CA140404:NODE_2_length_288677_cov_98.038000_1> (length 304)
prokka_out/CA140404:NODE_2_length_288677_cov_98.038000_1> (length 362)
prokka_out/CA140404:NODE_2_length_288677_cov_98.038000_1> (length 246)
prokka_out/CA140404:NODE_2_length_288677_cov_98.038000_1> (length 203)
prokka_out/CA140404:NODE_2_length_288677_cov_98.038000_1> (length 215)
prokka_out/CA140404:NODE_2_length_288677_cov_98.038000_1> (length 438)
prokka_out/CA140404:NODE_2_length_288677_cov_98.038000_1> (length 215)
prokka_out/CA140404:NODE_2_length_288677_cov_98.038000_1> (length 506)
prokka_out/CA140404:NODE_2_length_288677_cov_98.038000_1> (length 729)
prokka_out/CA140404:NODE_2_length_288677_cov_98.038000_1> (length 247)
prokka_out/CA140404:NODE_2_length_288677_cov_98.038000_1> (length 93)
prokka_out/CA140404:NODE_2_length_288677_cov_98.038000_1> (length 363)
prokka_out/CA140404:NODE_2_length_288677_cov_98.038000_1> (length 324)
prokka_out/CA140404:NODE_2_length_288677_cov_98.038000_1> (length 114)
prokka_out/CA140404:NODE_2_length_288677_cov_98.038000_1> (length 347)
prokka_out/CA140404:NODE_2_length_288677_cov_98.038000_1> (length 321)
prokka_out/CA140404:NODE_2_length_288677_cov_98.038000_1> (length 644)
prokka_out/CA140404:NODE_2_length_288677_cov_98.038000_1> (length 340)
prokka_out/CA140404:NODE_2_length_288677_cov_98.038000_1> (length 360)
prokka_out/CA140404:NODE_2_length_288677_cov_98.038000_1> (length 257)
prokka_out/CA140404:NODE_2_length_288677_cov_98.038000_1> (length 127)
prokka_out/CA140404:NODE_2_length_288677_cov_98.038000_1> (length 292)
prokka_out/CA140404:NODE_2_length_288677_cov_98.038000_1> (length 165)
prokka_out/CA140404:NODE_2_length_288677_cov_98.038000_1> (length 172)
prokka_out/CA140404:NODE_2_length_288677_cov_98.038000_1> (length 192)
prokka_out/CA140404:NODE_2_length_288677_cov_98.038000_1> (length 583)
prokka_out/CA140404:NODE_2_length_288677_cov_98.038000_1> (length 286)
prokka_out/CA140404:NODE_2_length_288677_cov_98.038000_1> (length 507)
prokka_out/CA140404:NODE_2_length_288677_cov_98.038000_1> (length 414)
prokka_out/CA140404:NODE_2_length_288677_cov_98.038000_1> (length 271)
prokka_out/CA140404:NODE_2_length_288677_cov_98.038000_1> (length 372)
prokka_out/CA140404:NODE_2_length_288677_cov_98.038000_1> (length 275)
prokka_out/CA140404:NODE_2_length_288677_cov_98.038000_1> (length 162)
prokka_out/CA140404:NODE_2_length_288677_cov_98.038000_1> (length 171)
prokka_out/CA140404:NODE_2_length_288677_cov_98.038000_2> (length 153)
prokka_out/CA140404:NODE_2_length_288677_cov_98.038000_2> (length 198)
prokka_out/CA140404:NODE_2_length_288677_cov_98.038000_2> (length 164)
prokka_out/CA140404:NODE_2_length_288677_cov_98.038000_2> (length 601)
prokka_out/CA140404:NODE_2_length_288677_cov_98.038000_2> (length 596)
prokka_out/CA140404:NODE_2_length_288677_cov_98.038000_2> (length 517)
prokka_out/CA140404:NODE_2_length_288677_cov_98.038000_2> (length 76)
prokka_out/CA140404:NODE_2_length_288677_cov_98.038000_2> (length 66)
prokka_out/CA140404:NODE_2_length_288677_cov_98.038000_2> (length 136)
prokka_out/CA140404:NODE_2_length_288677_cov_98.038000_2> (length 182)
prokka_out/CA140404:NODE_2_length_288677_cov_98.038000_2> (length 368)
prokka_out/CA140404:NODE_2_length_288677_cov_98.038000_2> (length 291)
prokka_out/CA140404:NODE_2_length_288677_cov_98.038000_2> (length 439)
prokka_out/CA140404:NODE_2_length_288677_cov_98.038000_2> (length 180)
prokka_out/CA140404:NODE_2_length_288677_cov_98.038000_2> (length 147)
prokka_out/CA140404:NODE_2_length_288677_cov_98.038000_2> (length 406)
prokka_out/CA140404:NODE_2_length_288677_cov_98.038000_2> (length 94)
prokka_out/CA140404:NODE_2_length_288677_cov_98.038000_2> (length 135)
prokka_out/CA140404:NODE_2_length_288677_cov_98.038000_2> (length 250)
prokka_out/CA140404:NODE_2_length_288677_cov_98.038000_2> (length 416)
prokka_out/CA140404:NODE_2_length_288677_cov_98.038000_2> (length 474)
prokka_out/CA140404:NODE_2_length_288677_cov_98.038000_2> (length 96)
prokka_out/CA140404:NODE_2_length_288677_cov_98.038000_2> (length 104)
prokka_out/CA140404:NODE_2_length_288677_cov_98.038000_2> (length 272)
prokka_out/CA140404:NODE_2_length_288677_cov_98.038000_2> (length 197)
prokka_out/CA140404:NODE_2_length_288677_cov_98.038000_2> (length 240)
prokka_out/CA140404:NODE_2_length_288677_cov_98.038000_2> (length 116)
prokka_out/CA140404:NODE_2_length_288677_cov_98.038000_2> (length 271)
prokka_out/CA140404:NODE_2_length_288677_cov_98.038000_2> (length 106)
prokka_out/CA140404:NODE_2_length_288677_cov_98.038000_2> (length 657)
prokka_out/CA140404:NODE_2_length_288677_cov_98.038000_2> (length 76)
prokka_out/CA140404:NODE_2_length_288677_cov_98.038000_2> (length 80)
prokka_out/CA140404:NODE_2_length_288677_cov_98.038000_2> (length 145)
prokka_out/CA140404:NODE_2_length_288677_cov_98.038000_2> (length 617)
prokka_out/CA140404:NODE_2_length_288677_cov_98.038000_2> (length 464)
prokka_out/CA140404:NODE_2_length_288677_cov_98.038000_2> (length 357)
prokka_out/CA140404:NODE_2_length_288677_cov_98.038000_2> (length 232)
prokka_out/CA140404:NODE_2_length_288677_cov_98.038000_2> (length 500)
prokka_out/CA140404:NODE_2_length_288677_cov_98.038000_2> (length 396)
prokka_out/CA140404:NODE_2_length_288677_cov_98.038000_2> (length 1250)
prokka_out/CA140404:NODE_2_length_288677_cov_98.038000_2> (length 163)
prokka_out/CA140404:NODE_2_length_288677_cov_98.038000_2> (length 312)
prokka_out/CA140404:NODE_2_length_288677_cov_98.038000_2> (length 310)
prokka_out/CA140404:NODE_2_length_288677_cov_98.038000_2> (length 496)
prokka_out/CA140404:NODE_2_length_288677_cov_98.038000_2> (length 460)
prokka_out/CA140404:NODE_2_length_288677_cov_98.038000_2> (length 370)
prokka_out/CA140404:NODE_2_length_288677_cov_98.038000_2> (length 270)
prokka_out/CA140404:NODE_2_length_288677_cov_98.038000_2> (length 263)
prokka_out/CA140404:NODE_2_length_288677_cov_98.038000_2> (length 476)
prokka_out/CA140404:NODE_2_length_288677_cov_98.038000_2> (length 231)
prokka_out/CA140404:NODE_2_length_288677_cov_98.038000_2> (length 417)
prokka_out/CA140404:NODE_2_length_288677_cov_98.038000_2> (length 164)
prokka_out/CA140404:NODE_2_length_288677_cov_98.038000_2> (length 178)
prokka_out/CA140404:NODE_2_length_288677_cov_98.038000_2> (length 287)
prokka_out/CA140404:NODE_2_length_288677_cov_98.038000_2> (length 241)
prokka_out/CA140404:NODE_2_length_288677_cov_98.038000_2> (length 238)
prokka_out/CA140404:NODE_2_length_288677_cov_98.038000_2> (length 385)
prokka_out/CA140404:NODE_2_length_288677_cov_98.038000_2> (length 250)
prokka_out/CA140404:NODE_2_length_288677_cov_98.038000_2> (length 445)
prokka_out/CA140404:NODE_2_length_288677_cov_98.038000_2> (length 75)
prokka_out/CA140404:NODE_2_length_288677_cov_98.038000_2> (length 80)
prokka_out/CA140404:NODE_2_length_288677_cov_98.038000_2> (length 179)
prokka_out/CA140404:NODE_2_length_288677_cov_98.038000_2> (length 234)
prokka_out/CA140404:NODE_2_length_288677_cov_98.038000_2> (length 118)
prokka_out/CA140404:NODE_2_length_288677_cov_98.038000_2> (length 137)
prokka_out/CA140404:NODE_2_length_288677_cov_98.038000_2> (length 446)
prokka_out/CA140404:NODE_2_length_288677_cov_98.038000_2> (length 109)
prokka_out/CA140404:NODE_2_length_288677_cov_98.038000_2> (length 1200)
prokka_out/CA140404:NODE_2_length_288677_cov_98.038000_2> (length 210)
prokka_out/CA140404:NODE_2_length_288677_cov_98.038000_2> (length 248)
prokka_out/CA140404:NODE_2_length_288677_cov_98.038000_2> (length 156)
prokka_out/CA140404:NODE_2_length_288677_cov_98.038000_2> (length 271)
prokka_out/CA140404:NODE_2_length_288677_cov_98.038000_2> (length 395)
prokka_out/CA140404:NODE_2_length_288677_cov_98.038000_2> (length 61)
prokka_out/CA140404:NODE_2_length_288677_cov_98.038000_2> (length 180)
prokka_out/CA140404:NODE_2_length_288677_cov_98.038000_2> (length 327)
prokka_out/CA140404:NODE_2_length_288677_cov_98.038000_2> (length 348)
prokka_out/CA140404:NODE_2_length_288677_cov_98.038000_2> (length 441)
prokka_out/CA140404:NODE_2_length_288677_cov_98.038000_2> (length 268)
prokka_out/CA140404:NODE_2_length_288677_cov_98.038000_2> (length 31)
prokka_out/CA140404:NODE_2_length_288677_cov_98.038000_2> (length 258)
prokka_out/CA140404:NODE_2_length_288677_cov_98.038000_2> (length 259)
prokka_out/CA140404:NODE_2_length_288677_cov_98.038000_2> (length 329)
prokka_out/CA140404:NODE_2_length_288677_cov_98.038000_2> (length 212)
prokka_out/CA140404:NODE_2_length_288677_cov_98.038000_2> (length 251)
prokka_out/CA140404:NODE_2_length_288677_cov_98.038000_2> (length 176)
prokka_out/CA140404:NODE_2_length_288677_cov_98.038000_2> (length 642)
prokka_out/CA140404:NODE_2_length_288677_cov_98.038000_2> (length 480)
prokka_out/CA140404:NODE_2_length_288677_cov_98.038000_2> (length 311)
prokka_out/CA140404:NODE_2_length_288677_cov_98.038000_2> (length 38)
prokka_out/CA140404:NODE_2_length_288677_cov_98.038000_2> (length 78)
prokka_out/CA140404:NODE_2_length_288677_cov_98.038000_2> (length 105)
prokka_out/CA140404:NODE_3_length_228260_cov_106.499226_1 (length 788)
prokka_out/CA140404:NODE_3_length_228260_cov_106.499226_2 (length 462)
prokka_out/CA140404:NODE_3_length_228260_cov_106.499226_3 (length 495)
prokka_out/CA140404:NODE_3_length_228260_cov_106.499226_4 (length 596)
prokka_out/CA140404:NODE_3_length_228260_cov_106.499226_5 (length 98)
prokka_out/CA140404:NODE_3_length_228260_cov_106.499226_6 (length 172)
prokka_out/CA140404:NODE_3_length_228260_cov_106.499226_7 (length 213)
prokka_out/CA140404:NODE_3_length_228260_cov_106.499226_8 (length 332)
prokka_out/CA140404:NODE_3_length_228260_cov_106.499226_9 (length 820)
prokka_out/CA140404:NODE_3_length_228260_cov_106.499226_> (length 230)
prokka_out/CA140404:NODE_3_length_228260_cov_106.499226_> (length 75)
prokka_out/CA140404:NODE_3_length_228260_cov_106.499226_> (length 408)
prokka_out/CA140404:NODE_3_length_228260_cov_106.499226_> (length 263)
prokka_out/CA140404:NODE_3_length_228260_cov_106.499226_> (length 167)
prokka_out/CA140404:NODE_3_length_228260_cov_106.499226_> (length 129)
prokka_out/CA140404:NODE_3_length_228260_cov_106.499226_> (length 221)
prokka_out/CA140404:NODE_3_length_228260_cov_106.499226_> (length 236)
prokka_out/CA140404:NODE_3_length_228260_cov_106.499226_> (length 262)
prokka_out/CA140404:NODE_3_length_228260_cov_106.499226_> (length 314)
prokka_out/CA140404:NODE_3_length_228260_cov_106.499226_> (length 511)
prokka_out/CA140404:NODE_3_length_228260_cov_106.499226_> (length 923)
prokka_out/CA140404:NODE_3_length_228260_cov_106.499226_> (length 140)
prokka_out/CA140404:NODE_3_length_228260_cov_106.499226_> (length 543)
prokka_out/CA140404:NODE_3_length_228260_cov_106.499226_> (length 431)
prokka_out/CA140404:NODE_3_length_228260_cov_106.499226_> (length 265)
prokka_out/CA140404:NODE_3_length_228260_cov_106.499226_> (length 72)
prokka_out/CA140404:NODE_3_length_228260_cov_106.499226_> (length 121)
prokka_out/CA140404:NODE_3_length_228260_cov_106.499226_> (length 130)
prokka_out/CA140404:NODE_3_length_228260_cov_106.499226_> (length 208)
prokka_out/CA140404:NODE_3_length_228260_cov_106.499226_> (length 337)
prokka_out/CA140404:NODE_3_length_228260_cov_106.499226_> (length 117)
prokka_out/CA140404:NODE_3_length_228260_cov_106.499226_> (length 299)
prokka_out/CA140404:NODE_3_length_228260_cov_106.499226_> (length 428)
prokka_out/CA140404:NODE_3_length_228260_cov_106.499226_> (length 352)
prokka_out/CA140404:NODE_3_length_228260_cov_106.499226_> (length 195)
prokka_out/CA140404:NODE_3_length_228260_cov_106.499226_> (length 243)
prokka_out/CA140404:NODE_3_length_228260_cov_106.499226_> (length 318)
prokka_out/CA140404:NODE_3_length_228260_cov_106.499226_> (length 255)
prokka_out/CA140404:NODE_3_length_228260_cov_106.499226_> (length 207)
prokka_out/CA140404:NODE_3_length_228260_cov_106.499226_> (length 386)
prokka_out/CA140404:NODE_3_length_228260_cov_106.499226_> (length 368)
prokka_out/CA140404:NODE_3_length_228260_cov_106.499226_> (length 371)
prokka_out/CA140404:NODE_3_length_228260_cov_106.499226_> (length 295)
prokka_out/CA140404:NODE_3_length_228260_cov_106.499226_> (length 386)
prokka_out/CA140404:NODE_3_length_228260_cov_106.499226_> (length 166)
prokka_out/CA140404:NODE_3_length_228260_cov_106.499226_> (length 87)
prokka_out/CA140404:NODE_3_length_228260_cov_106.499226_> (length 355)
prokka_out/CA140404:NODE_3_length_228260_cov_106.499226_> (length 247)
prokka_out/CA140404:NODE_3_length_228260_cov_106.499226_> (length 718)
prokka_out/CA140404:NODE_3_length_228260_cov_106.499226_> (length 333)
prokka_out/CA140404:NODE_3_length_228260_cov_106.499226_> (length 258)
prokka_out/CA140404:NODE_3_length_228260_cov_106.499226_> (length 268)
prokka_out/CA140404:NODE_3_length_228260_cov_106.499226_> (length 285)
prokka_out/CA140404:NODE_3_length_228260_cov_106.499226_> (length 419)
prokka_out/CA140404:NODE_3_length_228260_cov_106.499226_> (length 339)
prokka_out/CA140404:NODE_3_length_228260_cov_106.499226_> (length 250)
prokka_out/CA140404:NODE_3_length_228260_cov_106.499226_> (length 326)
prokka_out/CA140404:NODE_3_length_228260_cov_106.499226_> (length 173)
prokka_out/CA140404:NODE_3_length_228260_cov_106.499226_> (length 454)
prokka_out/CA140404:NODE_3_length_228260_cov_106.499226_> (length 416)
prokka_out/CA140404:NODE_3_length_228260_cov_106.499226_> (length 138)
prokka_out/CA140404:NODE_3_length_228260_cov_106.499226_> (length 247)
prokka_out/CA140404:NODE_3_length_228260_cov_106.499226_> (length 141)
prokka_out/CA140404:NODE_3_length_228260_cov_106.499226_> (length 129)
prokka_out/CA140404:NODE_3_length_228260_cov_106.499226_> (length 94)
prokka_out/CA140404:NODE_3_length_228260_cov_106.499226_> (length 561)
prokka_out/CA140404:NODE_3_length_228260_cov_106.499226_> (length 209)
prokka_out/CA140404:NODE_3_length_228260_cov_106.499226_> (length 106)
prokka_out/CA140404:NODE_3_length_228260_cov_106.499226_> (length 64)
prokka_out/CA140404:NODE_3_length_228260_cov_106.499226_> (length 95)
prokka_out/CA140404:NODE_3_length_228260_cov_106.499226_> (length 271)
prokka_out/CA140404:NODE_3_length_228260_cov_106.499226_> (length 162)
prokka_out/CA140404:NODE_3_length_228260_cov_106.499226_> (length 740)
prokka_out/CA140404:NODE_3_length_228260_cov_106.499226_> (length 101)
prokka_out/CA140404:NODE_3_length_228260_cov_106.499226_> (length 79)
prokka_out/CA140404:NODE_3_length_228260_cov_106.499226_> (length 169)
prokka_out/CA140404:NODE_3_length_228260_cov_106.499226_> (length 397)
prokka_out/CA140404:NODE_3_length_228260_cov_106.499226_> (length 335)
prokka_out/CA140404:NODE_3_length_228260_cov_106.499226_> (length 123)
prokka_out/CA140404:NODE_3_length_228260_cov_106.499226_> (length 168)
prokka_out/CA140404:NODE_3_length_228260_cov_106.499226_> (length 343)
prokka_out/CA140404:NODE_3_length_228260_cov_106.499226_> (length 206)
prokka_out/CA140404:NODE_3_length_228260_cov_106.499226_> (length 388)
prokka_out/CA140404:NODE_3_length_228260_cov_106.499226_> (length 96)
prokka_out/CA140404:NODE_3_length_228260_cov_106.499226_> (length 210)
prokka_out/CA140404:NODE_3_length_228260_cov_106.499226_> (length 104)
prokka_out/CA140404:NODE_3_length_228260_cov_106.499226_> (length 40)
prokka_out/CA140404:NODE_3_length_228260_cov_106.499226_> (length 82)
prokka_out/CA140404:NODE_3_length_228260_cov_106.499226_> (length 113)
prokka_out/CA140404:NODE_3_length_228260_cov_106.499226_> (length 129)
prokka_out/CA140404:NODE_3_length_228260_cov_106.499226_> (length 144)
prokka_out/CA140404:NODE_3_length_228260_cov_106.499226_> (length 271)
prokka_out/CA140404:NODE_3_length_228260_cov_106.499226_> (length 175)
prokka_out/CA140404:NODE_3_length_228260_cov_106.499226_> (length 325)
prokka_out/CA140404:NODE_3_length_228260_cov_106.499226_> (length 152)
prokka_out/CA140404:NODE_3_length_228260_cov_106.499226_> (length 199)
prokka_out/CA140404:NODE_3_length_228260_cov_106.499226_> (length 556)
prokka_out/CA140404:NODE_3_length_228260_cov_106.499226_> (length 456)
prokka_out/CA140404:NODE_3_length_228260_cov_106.499226_> (length 411)
prokka_out/CA140404:NODE_3_length_228260_cov_106.499226_> (length 124)
prokka_out/CA140404:NODE_3_length_228260_cov_106.499226_> (length 63)
prokka_out/CA140404:NODE_3_length_228260_cov_106.499226_> (length 325)
prokka_out/CA140404:NODE_3_length_228260_cov_106.499226_> (length 257)
prokka_out/CA140404:NODE_3_length_228260_cov_106.499226_> (length 67)
prokka_out/CA140404:NODE_3_length_228260_cov_106.499226_> (length 94)
prokka_out/CA140404:NODE_3_length_228260_cov_106.499226_> (length 35)
prokka_out/CA140404:NODE_3_length_228260_cov_106.499226_> (length 193)
prokka_out/CA140404:NODE_3_length_228260_cov_106.499226_> (length 91)
prokka_out/CA140404:NODE_3_length_228260_cov_106.499226_> (length 149)
prokka_out/CA140404:NODE_3_length_228260_cov_106.499226_> (length 230)
prokka_out/CA140404:NODE_3_length_228260_cov_106.499226_> (length 89)
prokka_out/CA140404:NODE_3_length_228260_cov_106.499226_> (length 320)
prokka_out/CA140404:NODE_3_length_228260_cov_106.499226_> (length 161)
prokka_out/CA140404:NODE_3_length_228260_cov_106.499226_> (length 113)
prokka_out/CA140404:NODE_3_length_228260_cov_106.499226_> (length 61)
prokka_out/CA140404:NODE_3_length_228260_cov_106.499226_> (length 63)
prokka_out/CA140404:NODE_3_length_228260_cov_106.499226_> (length 307)
prokka_out/CA140404:NODE_3_length_228260_cov_106.499226_> (length 691)
prokka_out/CA140404:NODE_3_length_228260_cov_106.499226_> (length 66)
prokka_out/CA140404:NODE_3_length_228260_cov_106.499226_> (length 224)
prokka_out/CA140404:NODE_3_length_228260_cov_106.499226_> (length 233)
prokka_out/CA140404:NODE_3_length_228260_cov_106.499226_> (length 103)
prokka_out/CA140404:NODE_3_length_228260_cov_106.499226_> (length 70)
prokka_out/CA140404:NODE_3_length_228260_cov_106.499226_> (length 289)
prokka_out/CA140404:NODE_3_length_228260_cov_106.499226_> (length 53)
prokka_out/CA140404:NODE_3_length_228260_cov_106.499226_> (length 327)
prokka_out/CA140404:NODE_3_length_228260_cov_106.499226_> (length 362)
prokka_out/CA140404:NODE_3_length_228260_cov_106.499226_> (length 224)
prokka_out/CA140404:NODE_3_length_228260_cov_106.499226_> (length 146)
prokka_out/CA140404:NODE_3_length_228260_cov_106.499226_> (length 328)
prokka_out/CA140404:NODE_3_length_228260_cov_106.499226_> (length 605)
prokka_out/CA140404:NODE_3_length_228260_cov_106.499226_> (length 89)
prokka_out/CA140404:NODE_3_length_228260_cov_106.499226_> (length 183)
prokka_out/CA140404:NODE_3_length_228260_cov_106.499226_> (length 427)
prokka_out/CA140404:NODE_3_length_228260_cov_106.499226_> (length 103)
prokka_out/CA140404:NODE_3_length_228260_cov_106.499226_> (length 364)
prokka_out/CA140404:NODE_3_length_228260_cov_106.499226_> (length 281)
prokka_out/CA140404:NODE_3_length_228260_cov_106.499226_> (length 632)
prokka_out/CA140404:NODE_3_length_228260_cov_106.499226_> (length 369)
prokka_out/CA140404:NODE_3_length_228260_cov_106.499226_> (length 240)
prokka_out/CA140404:NODE_3_length_228260_cov_106.499226_> (length 296)
prokka_out/CA140404:NODE_3_length_228260_cov_106.499226_> (length 199)
prokka_out/CA140404:NODE_3_length_228260_cov_106.499226_> (length 166)
prokka_out/CA140404:NODE_3_length_228260_cov_106.499226_> (length 252)
prokka_out/CA140404:NODE_3_length_228260_cov_106.499226_> (length 250)
prokka_out/CA140404:NODE_3_length_228260_cov_106.499226_> (length 152)
prokka_out/CA140404:NODE_3_length_228260_cov_106.499226_> (length 389)
prokka_out/CA140404:NODE_3_length_228260_cov_106.499226_> (length 382)
prokka_out/CA140404:NODE_3_length_228260_cov_106.499226_> (length 60)
prokka_out/CA140404:NODE_3_length_228260_cov_106.499226_> (length 67)
prokka_out/CA140404:NODE_3_length_228260_cov_106.499226_> (length 696)
prokka_out/CA140404:NODE_3_length_228260_cov_106.499226_> (length 179)
prokka_out/CA140404:NODE_3_length_228260_cov_106.499226_> (length 467)
prokka_out/CA140404:NODE_3_length_228260_cov_106.499226_> (length 429)
prokka_out/CA140404:NODE_3_length_228260_cov_106.499226_> (length 372)
prokka_out/CA140404:NODE_3_length_228260_cov_106.499226_> (length 216)
prokka_out/CA140404:NODE_3_length_228260_cov_106.499226_> (length 162)
prokka_out/CA140404:NODE_3_length_228260_cov_106.499226_> (length 167)
prokka_out/CA140404:NODE_3_length_228260_cov_106.499226_> (length 145)
prokka_out/CA140404:NODE_3_length_228260_cov_106.499226_> (length 138)
prokka_out/CA140404:NODE_3_length_228260_cov_106.499226_> (length 95)
prokka_out/CA140404:NODE_3_length_228260_cov_106.499226_> (length 76)
prokka_out/CA140404:NODE_3_length_228260_cov_106.499226_> (length 122)
prokka_out/CA140404:NODE_3_length_228260_cov_106.499226_> (length 75)
prokka_out/CA140404:NODE_3_length_228260_cov_106.499226_> (length 68)
prokka_out/CA140404:NODE_3_length_228260_cov_106.499226_> (length 397)
prokka_out/CA140404:NODE_3_length_228260_cov_106.499226_> (length 371)
prokka_out/CA140404:NODE_3_length_228260_cov_106.499226_> (length 81)
prokka_out/CA140404:NODE_3_length_228260_cov_106.499226_> (length 60)
prokka_out/CA140404:NODE_3_length_228260_cov_106.499226_> (length 284)
prokka_out/CA140404:NODE_3_length_228260_cov_106.499226_> (length 45)
prokka_out/CA140404:NODE_3_length_228260_cov_106.499226_> (length 122)
prokka_out/CA140404:NODE_3_length_228260_cov_106.499226_> (length 75)
prokka_out/CA140404:NODE_3_length_228260_cov_106.499226_> (length 146)
prokka_out/CA140404:NODE_3_length_228260_cov_106.499226_> (length 70)
prokka_out/CA140404:NODE_3_length_228260_cov_106.499226_> (length 379)
prokka_out/CA140404:NODE_3_length_228260_cov_106.499226_> (length 282)
prokka_out/CA140404:NODE_3_length_228260_cov_106.499226_> (length 220)
prokka_out/CA140404:NODE_3_length_228260_cov_106.499226_> (length 67)
prokka_out/CA140404:NODE_3_length_228260_cov_106.499226_> (length 414)
prokka_out/CA140404:NODE_3_length_228260_cov_106.499226_> (length 343)
prokka_out/CA140404:NODE_3_length_228260_cov_106.499226_> (length 286)
prokka_out/CA140404:NODE_3_length_228260_cov_106.499226_> (length 89)
prokka_out/CA140404:NODE_3_length_228260_cov_106.499226_> (length 258)
prokka_out/CA140404:NODE_3_length_228260_cov_106.499226_> (length 252)
prokka_out/CA140404:NODE_3_length_228260_cov_106.499226_> (length 254)
prokka_out/CA140404:NODE_3_length_228260_cov_106.499226_> (length 422)
prokka_out/CA140404:NODE_3_length_228260_cov_106.499226_> (length 391)
prokka_out/CA140404:NODE_3_length_228260_cov_106.499226_> (length 278)
prokka_out/CA140404:NODE_3_length_228260_cov_106.499226_> (length 700)
prokka_out/CA140404:NODE_3_length_228260_cov_106.499226_> (length 423)
prokka_out/CA140404:NODE_3_length_228260_cov_106.499226_> (length 421)
prokka_out/CA140404:NODE_3_length_228260_cov_106.499226_> (length 130)
prokka_out/CA140404:NODE_3_length_228260_cov_106.499226_> (length 147)
prokka_out/CA140404:NODE_3_length_228260_cov_106.499226_> (length 118)
prokka_out/CA140404:NODE_3_length_228260_cov_106.499226_> (length 178)
prokka_out/CA140404:NODE_3_length_228260_cov_106.499226_> (length 131)
prokka_out/CA140404:NODE_3_length_228260_cov_106.499226_> (length 61)
prokka_out/CA140404:NODE_3_length_228260_cov_106.499226_> (length 180)
prokka_out/CA140404:NODE_3_length_228260_cov_106.499226_> (length 77)
prokka_out/CA140404:NODE_3_length_228260_cov_106.499226_> (length 122)
prokka_out/CA140404:NODE_3_length_228260_cov_106.499226_> (length 83)
prokka_out/CA140404:NODE_3_length_228260_cov_106.499226_> (length 61)
prokka_out/CA140404:NODE_3_length_228260_cov_106.499226_> (length 141)
prokka_out/CA140404:NODE_3_length_228260_cov_106.499226_> (length 233)
prokka_out/CA140404:NODE_3_length_228260_cov_106.499226_> (length 141)
prokka_out/CA140404:NODE_3_length_228260_cov_106.499226_> (length 93)
prokka_out/CA140404:NODE_3_length_228260_cov_106.499226_> (length 276)
prokka_out/CA140404:NODE_3_length_228260_cov_106.499226_> (length 93)
prokka_out/CA140404:NODE_3_length_228260_cov_106.499226_> (length 204)
prokka_out/CA140404:NODE_3_length_228260_cov_106.499226_> (length 191)
prokka_out/CA140404:NODE_3_length_228260_cov_106.499226_> (length 103)
prokka_out/CA140404:NODE_3_length_228260_cov_106.499226_> (length 253)
prokka_out/CA140404:NODE_3_length_228260_cov_106.499226_> (length 662)
prokka_out/CA140404:NODE_3_length_228260_cov_106.499226_> (length 266)
prokka_out/CA140404:NODE_3_length_228260_cov_106.499226_> (length 178)
prokka_out/CA140404:NODE_3_length_228260_cov_106.499226_> (length 356)
prokka_out/CA140404:NODE_3_length_228260_cov_106.499226_> (length 32)
prokka_out/CA140404:NODE_3_length_228260_cov_106.499226_> (length 176)
prokka_out/CA140404:NODE_3_length_228260_cov_106.499226_> (length 200)
prokka_out/CA140404:NODE_3_length_228260_cov_106.499226_> (length 468)
prokka_out/CA140404:NODE_3_length_228260_cov_106.499226_> (length 358)
prokka_out/CA140404:NODE_3_length_228260_cov_106.499226_> (length 511)
prokka_out/CA140404:NODE_3_length_228260_cov_106.499226_> (length 209)
prokka_out/CA140404:NODE_3_length_228260_cov_106.499226_> (length 214)
prokka_out/CA140404:NODE_3_length_228260_cov_106.499226_> (length 127)
prokka_out/CA140404:NODE_3_length_228260_cov_106.499226_> (length 199)
prokka_out/CA140404:NODE_3_length_228260_cov_106.499226_> (length 293)
prokka_out/CA140404:NODE_3_length_228260_cov_106.499226_> (length 73)
prokka_out/CA140404:NODE_3_length_228260_cov_106.499226_> (length 346)
prokka_out/CA140404:NODE_3_length_228260_cov_106.499226_> (length 423)
prokka_out/CA140404:NODE_3_length_228260_cov_106.499226_> (length 865)
prokka_out/CA140404:NODE_3_length_228260_cov_106.499226_> (length 184)
prokka_out/CA140404:NODE_3_length_228260_cov_106.499226_> (length 440)
prokka_out/CA140404:NODE_3_length_228260_cov_106.499226_> (length 355)
prokka_out/CA140404:NODE_3_length_228260_cov_106.499226_> (length 769)
prokka_out/CA140404:NODE_3_length_228260_cov_106.499226_> (length 113)
prokka_out/CA140404:NODE_3_length_228260_cov_106.499226_> (length 412)
prokka_out/CA140404:NODE_3_length_228260_cov_106.499226_> (length 433)
prokka_out/CA140404:NODE_3_length_228260_cov_106.499226_> (length 1496)
prokka_out/CA140404:NODE_3_length_228260_cov_106.499226_> (length 481)
prokka_out/CA140404:NODE_3_length_228260_cov_106.499226_> (length 191)
prokka_out/CA140404:NODE_3_length_228260_cov_106.499226_> (length 79)
prokka_out/CA140404:NODE_3_length_228260_cov_106.499226_> (length 215)
prokka_out/CA140404:NODE_3_length_228260_cov_106.499226_> (length 558)
prokka_out/CA140404:NODE_3_length_228260_cov_106.499226_> (length 174)
prokka_out/CA140404:NODE_3_length_228260_cov_106.499226_> (length 408)
prokka_out/CA140404:NODE_3_length_228260_cov_106.499226_> (length 224)
prokka_out/CA140404:NODE_3_length_228260_cov_106.499226_> (length 508)
prokka_out/CA140404:NODE_3_length_228260_cov_106.499226_> (length 55)
prokka_out/CA140404:NODE_3_length_228260_cov_106.499226_> (length 592)
prokka_out/CA140404:NODE_3_length_228260_cov_106.499226_> (length 304)
prokka_out/CA140404:NODE_3_length_228260_cov_106.499226_> (length 292)
prokka_out/CA140404:NODE_3_length_228260_cov_106.499226_> (length 300)
prokka_out/CA140404:NODE_3_length_228260_cov_106.499226_> (length 442)
prokka_out/CA140404:NODE_3_length_228260_cov_106.499226_> (length 789)
prokka_out/CA140404:NODE_3_length_228260_cov_106.499226_> (length 461)
prokka_out/CA140404:NODE_3_length_228260_cov_106.499226_> (length 207)
prokka_out/CA140404:NODE_3_length_228260_cov_106.499226_> (length 543)
prokka_out/CA140404:NODE_3_length_228260_cov_106.499226_> (length 523)
prokka_out/CA140404:NODE_3_length_228260_cov_106.499226_> (length 331)
prokka_out/CA140404:NODE_4_length_183592_cov_86.819104_1 (length 126)
prokka_out/CA140404:NODE_4_length_183592_cov_86.819104_2 (length 1170)
prokka_out/CA140404:NODE_4_length_183592_cov_86.819104_3 (length 303)
prokka_out/CA140404:NODE_4_length_183592_cov_86.819104_4 (length 112)
prokka_out/CA140404:NODE_4_length_183592_cov_86.819104_5 (length 444)
prokka_out/CA140404:NODE_4_length_183592_cov_86.819104_6 (length 446)
prokka_out/CA140404:NODE_4_length_183592_cov_86.819104_7 (length 599)
prokka_out/CA140404:NODE_4_length_183592_cov_86.819104_8 (length 524)
prokka_out/CA140404:NODE_4_length_183592_cov_86.819104_9 (length 460)
prokka_out/CA140404:NODE_4_length_183592_cov_86.819104_10 (length 367)
prokka_out/CA140404:NODE_4_length_183592_cov_86.819104_11 (length 483)
prokka_out/CA140404:NODE_4_length_183592_cov_86.819104_12 (length 198)
prokka_out/CA140404:NODE_4_length_183592_cov_86.819104_13 (length 182)
prokka_out/CA140404:NODE_4_length_183592_cov_86.819104_14 (length 110)
prokka_out/CA140404:NODE_4_length_183592_cov_86.819104_15 (length 145)
prokka_out/CA140404:NODE_4_length_183592_cov_86.819104_16 (length 184)
prokka_out/CA140404:NODE_4_length_183592_cov_86.819104_17 (length 262)
prokka_out/CA140404:NODE_4_length_183592_cov_86.819104_18 (length 242)
prokka_out/CA140404:NODE_4_length_183592_cov_86.819104_19 (length 259)
prokka_out/CA140404:NODE_4_length_183592_cov_86.819104_20 (length 250)
prokka_out/CA140404:NODE_4_length_183592_cov_86.819104_21 (length 219)
prokka_out/CA140404:NODE_4_length_183592_cov_86.819104_22 (length 309)
prokka_out/CA140404:NODE_4_length_183592_cov_86.819104_23 (length 703)
prokka_out/CA140404:NODE_4_length_183592_cov_86.819104_24 (length 65)
prokka_out/CA140404:NODE_4_length_183592_cov_86.819104_25 (length 137)
prokka_out/CA140404:NODE_4_length_183592_cov_86.819104_26 (length 610)
prokka_out/CA140404:NODE_4_length_183592_cov_86.819104_27 (length 98)
prokka_out/CA140404:NODE_4_length_183592_cov_86.819104_28 (length 299)
prokka_out/CA140404:NODE_4_length_183592_cov_86.819104_29 (length 186)
prokka_out/CA140404:NODE_4_length_183592_cov_86.819104_30 (length 150)
prokka_out/CA140404:NODE_4_length_183592_cov_86.819104_31 (length 139)
prokka_out/CA140404:NODE_4_length_183592_cov_86.819104_32 (length 156)
prokka_out/CA140404:NODE_4_length_183592_cov_86.819104_33 (length 325)
prokka_out/CA140404:NODE_4_length_183592_cov_86.819104_34 (length 328)
prokka_out/CA140404:NODE_4_length_183592_cov_86.819104_35 (length 155)
prokka_out/CA140404:NODE_4_length_183592_cov_86.819104_36 (length 488)
prokka_out/CA140404:NODE_4_length_183592_cov_86.819104_37 (length 242)
prokka_out/CA140404:NODE_4_length_183592_cov_86.819104_38 (length 247)
prokka_out/CA140404:NODE_4_length_183592_cov_86.819104_39 (length 48)
prokka_out/CA140404:NODE_4_length_183592_cov_86.819104_40 (length 189)
prokka_out/CA140404:NODE_4_length_183592_cov_86.819104_41 (length 121)
prokka_out/CA140404:NODE_4_length_183592_cov_86.819104_42 (length 330)
prokka_out/CA140404:NODE_4_length_183592_cov_86.819104_43 (length 773)
prokka_out/CA140404:NODE_4_length_183592_cov_86.819104_44 (length 428)
prokka_out/CA140404:NODE_4_length_183592_cov_86.819104_45 (length 277)
prokka_out/CA140404:NODE_4_length_183592_cov_86.819104_46 (length 556)
prokka_out/CA140404:NODE_4_length_183592_cov_86.819104_47 (length 162)
prokka_out/CA140404:NODE_4_length_183592_cov_86.819104_48 (length 527)
prokka_out/CA140404:NODE_4_length_183592_cov_86.819104_49 (length 223)
prokka_out/CA140404:NODE_4_length_183592_cov_86.819104_50 (length 429)
prokka_out/CA140404:NODE_4_length_183592_cov_86.819104_51 (length 643)
prokka_out/CA140404:NODE_4_length_183592_cov_86.819104_52 (length 750)
prokka_out/CA140404:NODE_4_length_183592_cov_86.819104_53 (length 946)
prokka_out/CA140404:NODE_4_length_183592_cov_86.819104_54 (length 90)
prokka_out/CA140404:NODE_4_length_183592_cov_86.819104_55 (length 136)
prokka_out/CA140404:NODE_4_length_183592_cov_86.819104_56 (length 724)
prokka_out/CA140404:NODE_4_length_183592_cov_86.819104_57 (length 348)
prokka_out/CA140404:NODE_4_length_183592_cov_86.819104_58 (length 80)
prokka_out/CA140404:NODE_4_length_183592_cov_86.819104_59 (length 210)
prokka_out/CA140404:NODE_4_length_183592_cov_86.819104_60 (length 46)
prokka_out/CA140404:NODE_4_length_183592_cov_86.819104_61 (length 89)
prokka_out/CA140404:NODE_4_length_183592_cov_86.819104_62 (length 125)
prokka_out/CA140404:NODE_4_length_183592_cov_86.819104_63 (length 213)
prokka_out/CA140404:NODE_4_length_183592_cov_86.819104_64 (length 56)
prokka_out/CA140404:NODE_4_length_183592_cov_86.819104_65 (length 59)
prokka_out/CA140404:NODE_4_length_183592_cov_86.819104_66 (length 121)
prokka_out/CA140404:NODE_4_length_183592_cov_86.819104_67 (length 59)
prokka_out/CA140404:NODE_4_length_183592_cov_86.819104_68 (length 261)
prokka_out/CA140404:NODE_4_length_183592_cov_86.819104_69 (length 220)
prokka_out/CA140404:NODE_4_length_183592_cov_86.819104_70 (length 354)
prokka_out/CA140404:NODE_4_length_183592_cov_86.819104_71 (length 594)
prokka_out/CA140404:NODE_4_length_183592_cov_86.819104_72 (length 188)
prokka_out/CA140404:NODE_4_length_183592_cov_86.819104_73 (length 120)
prokka_out/CA140404:NODE_4_length_183592_cov_86.819104_74 (length 418)
prokka_out/CA140404:NODE_4_length_183592_cov_86.819104_75 (length 386)
prokka_out/CA140404:NODE_4_length_183592_cov_86.819104_76 (length 282)
prokka_out/CA140404:NODE_4_length_183592_cov_86.819104_77 (length 282)
prokka_out/CA140404:NODE_4_length_183592_cov_86.819104_78 (length 110)
prokka_out/CA140404:NODE_4_length_183592_cov_86.819104_79 (length 424)
prokka_out/CA140404:NODE_4_length_183592_cov_86.819104_80 (length 109)
prokka_out/CA140404:NODE_4_length_183592_cov_86.819104_81 (length 167)
prokka_out/CA140404:NODE_4_length_183592_cov_86.819104_82 (length 386)
prokka_out/CA140404:NODE_4_length_183592_cov_86.819104_83 (length 698)
prokka_out/CA140404:NODE_4_length_183592_cov_86.819104_84 (length 93)
prokka_out/CA140404:NODE_4_length_183592_cov_86.819104_85 (length 266)
prokka_out/CA140404:NODE_4_length_183592_cov_86.819104_86 (length 374)
prokka_out/CA140404:NODE_4_length_183592_cov_86.819104_87 (length 431)
prokka_out/CA140404:NODE_4_length_183592_cov_86.819104_88 (length 93)
prokka_out/CA140404:NODE_4_length_183592_cov_86.819104_89 (length 541)
prokka_out/CA140404:NODE_4_length_183592_cov_86.819104_90 (length 161)
prokka_out/CA140404:NODE_4_length_183592_cov_86.819104_91 (length 163)
prokka_out/CA140404:NODE_4_length_183592_cov_86.819104_92 (length 280)
prokka_out/CA140404:NODE_4_length_183592_cov_86.819104_93 (length 65)
prokka_out/CA140404:NODE_4_length_183592_cov_86.819104_94 (length 628)
prokka_out/CA140404:NODE_4_length_183592_cov_86.819104_95 (length 313)
prokka_out/CA140404:NODE_4_length_183592_cov_86.819104_96 (length 150)
prokka_out/CA140404:NODE_4_length_183592_cov_86.819104_97 (length 848)
prokka_out/CA140404:NODE_4_length_183592_cov_86.819104_98 (length 412)
prokka_out/CA140404:NODE_4_length_183592_cov_86.819104_99 (length 249)
prokka_out/CA140404:NODE_4_length_183592_cov_86.819104_1> (length 577)
prokka_out/CA140404:NODE_4_length_183592_cov_86.819104_1> (length 357)
prokka_out/CA140404:NODE_4_length_183592_cov_86.819104_1> (length 138)
prokka_out/CA140404:NODE_4_length_183592_cov_86.819104_1> (length 137)
prokka_out/CA140404:NODE_4_length_183592_cov_86.819104_1> (length 403)
prokka_out/CA140404:NODE_4_length_183592_cov_86.819104_1> (length 240)
prokka_out/CA140404:NODE_4_length_183592_cov_86.819104_1> (length 341)
prokka_out/CA140404:NODE_4_length_183592_cov_86.819104_1> (length 258)
prokka_out/CA140404:NODE_4_length_183592_cov_86.819104_1> (length 222)
prokka_out/CA140404:NODE_4_length_183592_cov_86.819104_1> (length 205)
prokka_out/CA140404:NODE_4_length_183592_cov_86.819104_1> (length 384)
prokka_out/CA140404:NODE_4_length_183592_cov_86.819104_1> (length 429)
prokka_out/CA140404:NODE_4_length_183592_cov_86.819104_1> (length 244)
prokka_out/CA140404:NODE_4_length_183592_cov_86.819104_1> (length 75)
prokka_out/CA140404:NODE_4_length_183592_cov_86.819104_1> (length 256)
prokka_out/CA140404:NODE_4_length_183592_cov_86.819104_1> (length 440)
prokka_out/CA140404:NODE_4_length_183592_cov_86.819104_1> (length 239)
prokka_out/CA140404:NODE_4_length_183592_cov_86.819104_1> (length 470)
prokka_out/CA140404:NODE_4_length_183592_cov_86.819104_1> (length 308)
prokka_out/CA140404:NODE_4_length_183592_cov_86.819104_1> (length 246)
prokka_out/CA140404:NODE_4_length_183592_cov_86.819104_1> (length 198)
prokka_out/CA140404:NODE_4_length_183592_cov_86.819104_1> (length 101)
prokka_out/CA140404:NODE_4_length_183592_cov_86.819104_1> (length 259)
prokka_out/CA140404:NODE_4_length_183592_cov_86.819104_1> (length 298)
prokka_out/CA140404:NODE_4_length_183592_cov_86.819104_1> (length 416)
prokka_out/CA140404:NODE_4_length_183592_cov_86.819104_1> (length 352)
prokka_out/CA140404:NODE_4_length_183592_cov_86.819104_1> (length 580)
prokka_out/CA140404:NODE_4_length_183592_cov_86.819104_1> (length 462)
prokka_out/CA140404:NODE_4_length_183592_cov_86.819104_1> (length 483)
prokka_out/CA140404:NODE_4_length_183592_cov_86.819104_1> (length 619)
prokka_out/CA140404:NODE_4_length_183592_cov_86.819104_1> (length 183)
prokka_out/CA140404:NODE_4_length_183592_cov_86.819104_1> (length 346)
prokka_out/CA140404:NODE_4_length_183592_cov_86.819104_1> (length 71)
prokka_out/CA140404:NODE_4_length_183592_cov_86.819104_1> (length 239)
prokka_out/CA140404:NODE_4_length_183592_cov_86.819104_1> (length 475)
prokka_out/CA140404:NODE_4_length_183592_cov_86.819104_1> (length 444)
prokka_out/CA140404:NODE_4_length_183592_cov_86.819104_1> (length 339)
prokka_out/CA140404:NODE_4_length_183592_cov_86.819104_1> (length 292)
prokka_out/CA140404:NODE_4_length_183592_cov_86.819104_1> (length 422)
prokka_out/CA140404:NODE_4_length_183592_cov_86.819104_1> (length 274)
prokka_out/CA140404:NODE_4_length_183592_cov_86.819104_1> (length 372)
prokka_out/CA140404:NODE_4_length_183592_cov_86.819104_1> (length 163)
prokka_out/CA140404:NODE_4_length_183592_cov_86.819104_1> (length 81)
prokka_out/CA140404:NODE_4_length_183592_cov_86.819104_1> (length 57)
prokka_out/CA140404:NODE_4_length_183592_cov_86.819104_1> (length 112)
prokka_out/CA140404:NODE_4_length_183592_cov_86.819104_1> (length 304)
prokka_out/CA140404:NODE_4_length_183592_cov_86.819104_1> (length 173)
prokka_out/CA140404:NODE_4_length_183592_cov_86.819104_1> (length 259)
prokka_out/CA140404:NODE_4_length_183592_cov_86.819104_1> (length 246)
prokka_out/CA140404:NODE_4_length_183592_cov_86.819104_1> (length 923)
prokka_out/CA140404:NODE_4_length_183592_cov_86.819104_1> (length 175)
prokka_out/CA140404:NODE_4_length_183592_cov_86.819104_1> (length 246)
prokka_out/CA140404:NODE_4_length_183592_cov_86.819104_1> (length 676)
prokka_out/CA140404:NODE_4_length_183592_cov_86.819104_1> (length 339)
prokka_out/CA140404:NODE_4_length_183592_cov_86.819104_1> (length 870)
prokka_out/CA140404:NODE_4_length_183592_cov_86.819104_1> (length 336)
prokka_out/CA140404:NODE_4_length_183592_cov_86.819104_1> (length 303)
prokka_out/CA140404:NODE_4_length_183592_cov_86.819104_1> (length 257)
prokka_out/CA140404:NODE_4_length_183592_cov_86.819104_1> (length 256)
prokka_out/CA140404:NODE_4_length_183592_cov_86.819104_1> (length 258)
prokka_out/CA140404:NODE_4_length_183592_cov_86.819104_1> (length 220)
prokka_out/CA140404:NODE_4_length_183592_cov_86.819104_1> (length 187)
prokka_out/CA140404:NODE_4_length_183592_cov_86.819104_1> (length 158)
prokka_out/CA140404:NODE_4_length_183592_cov_86.819104_1> (length 192)
prokka_out/CA140404:NODE_4_length_183592_cov_86.819104_1> (length 408)
prokka_out/CA140404:NODE_4_length_183592_cov_86.819104_1> (length 610)
prokka_out/CA140404:NODE_4_length_183592_cov_86.819104_1> (length 212)
prokka_out/CA140404:NODE_4_length_183592_cov_86.819104_1> (length 388)
prokka_out/CA140404:NODE_4_length_183592_cov_86.819104_1> (length 113)
prokka_out/CA140404:NODE_4_length_183592_cov_86.819104_1> (length 341)
prokka_out/CA140404:NODE_4_length_183592_cov_86.819104_1> (length 971)
prokka_out/CA140404:NODE_4_length_183592_cov_86.819104_1> (length 624)
prokka_out/CA140404:NODE_4_length_183592_cov_86.819104_1> (length 432)
prokka_out/CA140404:NODE_4_length_183592_cov_86.819104_1> (length 636)
prokka_out/CA140404:NODE_4_length_183592_cov_86.819104_1> (length 623)
prokka_out/CA140404:NODE_4_length_183592_cov_86.819104_1> (length 176)
prokka_out/CA140404:NODE_4_length_183592_cov_86.819104_1> (length 263)
prokka_out/CA140404:NODE_4_length_183592_cov_86.819104_1> (length 696)
prokka_out/CA140404:NODE_4_length_183592_cov_86.819104_1> (length 227)
prokka_out/CA140404:NODE_4_length_183592_cov_86.819104_1> (length 184)
prokka_out/CA140404:NODE_4_length_183592_cov_86.819104_1> (length 83)
prokka_out/CA140404:NODE_5_length_158475_cov_95.623942_1 (length 245)
prokka_out/CA140404:NODE_5_length_158475_cov_95.623942_2 (length 408)
prokka_out/CA140404:NODE_5_length_158475_cov_95.623942_3 (length 194)
prokka_out/CA140404:NODE_5_length_158475_cov_95.623942_4 (length 127)
prokka_out/CA140404:NODE_5_length_158475_cov_95.623942_5 (length 110)
prokka_out/CA140404:NODE_5_length_158475_cov_95.623942_6 (length 525)
prokka_out/CA140404:NODE_5_length_158475_cov_95.623942_7 (length 177)
prokka_out/CA140404:NODE_5_length_158475_cov_95.623942_8 (length 86)
prokka_out/CA140404:NODE_5_length_158475_cov_95.623942_9 (length 139)
prokka_out/CA140404:NODE_5_length_158475_cov_95.623942_10 (length 69)
prokka_out/CA140404:NODE_5_length_158475_cov_95.623942_11 (length 318)
prokka_out/CA140404:NODE_5_length_158475_cov_95.623942_12 (length 190)
prokka_out/CA140404:NODE_5_length_158475_cov_95.623942_13 (length 120)
prokka_out/CA140404:NODE_5_length_158475_cov_95.623942_14 (length 234)
prokka_out/CA140404:NODE_5_length_158475_cov_95.623942_15 (length 231)
prokka_out/CA140404:NODE_5_length_158475_cov_95.623942_16 (length 573)
prokka_out/CA140404:NODE_5_length_158475_cov_95.623942_17 (length 242)
prokka_out/CA140404:NODE_5_length_158475_cov_95.623942_18 (length 234)
prokka_out/CA140404:NODE_5_length_158475_cov_95.623942_19 (length 609)
prokka_out/CA140404:NODE_5_length_158475_cov_95.623942_20 (length 728)
prokka_out/CA140404:NODE_5_length_158475_cov_95.623942_21 (length 241)
prokka_out/CA140404:NODE_5_length_158475_cov_95.623942_22 (length 663)
prokka_out/CA140404:NODE_5_length_158475_cov_95.623942_23 (length 260)
prokka_out/CA140404:NODE_5_length_158475_cov_95.623942_24 (length 271)
prokka_out/CA140404:NODE_5_length_158475_cov_95.623942_25 (length 299)
prokka_out/CA140404:NODE_5_length_158475_cov_95.623942_26 (length 262)
prokka_out/CA140404:NODE_5_length_158475_cov_95.623942_27 (length 278)
prokka_out/CA140404:NODE_5_length_158475_cov_95.623942_28 (length 177)
prokka_out/CA140404:NODE_5_length_158475_cov_95.623942_29 (length 414)
prokka_out/CA140404:NODE_5_length_158475_cov_95.623942_30 (length 501)
prokka_out/CA140404:NODE_5_length_158475_cov_95.623942_31 (length 157)
prokka_out/CA140404:NODE_5_length_158475_cov_95.623942_32 (length 187)
prokka_out/CA140404:NODE_5_length_158475_cov_95.623942_33 (length 94)
prokka_out/CA140404:NODE_5_length_158475_cov_95.623942_34 (length 192)
prokka_out/CA140404:NODE_5_length_158475_cov_95.623942_35 (length 332)
prokka_out/CA140404:NODE_5_length_158475_cov_95.623942_36 (length 96)
prokka_out/CA140404:NODE_5_length_158475_cov_95.623942_37 (length 209)
prokka_out/CA140404:NODE_5_length_158475_cov_95.623942_38 (length 448)
prokka_out/CA140404:NODE_5_length_158475_cov_95.623942_39 (length 480)
prokka_out/CA140404:NODE_5_length_158475_cov_95.623942_40 (length 211)
prokka_out/CA140404:NODE_5_length_158475_cov_95.623942_41 (length 820)
prokka_out/CA140404:NODE_5_length_158475_cov_95.623942_42 (length 411)
prokka_out/CA140404:NODE_5_length_158475_cov_95.623942_43 (length 319)
prokka_out/CA140404:NODE_5_length_158475_cov_95.623942_44 (length 165)
prokka_out/CA140404:NODE_5_length_158475_cov_95.623942_45 (length 460)
prokka_out/CA140404:NODE_5_length_158475_cov_95.623942_46 (length 310)
prokka_out/CA140404:NODE_5_length_158475_cov_95.623942_47 (length 271)
prokka_out/CA140404:NODE_5_length_158475_cov_95.623942_48 (length 154)
prokka_out/CA140404:NODE_5_length_158475_cov_95.623942_49 (length 132)
prokka_out/CA140404:NODE_5_length_158475_cov_95.623942_50 (length 279)
prokka_out/CA140404:NODE_5_length_158475_cov_95.623942_51 (length 261)
prokka_out/CA140404:NODE_5_length_158475_cov_95.623942_52 (length 297)
prokka_out/CA140404:NODE_5_length_158475_cov_95.623942_53 (length 179)
prokka_out/CA140404:NODE_5_length_158475_cov_95.623942_54 (length 570)
prokka_out/CA140404:NODE_5_length_158475_cov_95.623942_55 (length 274)
prokka_out/CA140404:NODE_5_length_158475_cov_95.623942_56 (length 130)
prokka_out/CA140404:NODE_5_length_158475_cov_95.623942_57 (length 163)
prokka_out/CA140404:NODE_5_length_158475_cov_95.623942_58 (length 311)
prokka_out/CA140404:NODE_5_length_158475_cov_95.623942_59 (length 389)
prokka_out/CA140404:NODE_5_length_158475_cov_95.623942_60 (length 201)
prokka_out/CA140404:NODE_5_length_158475_cov_95.623942_61 (length 65)
prokka_out/CA140404:NODE_5_length_158475_cov_95.623942_62 (length 458)
prokka_out/CA140404:NODE_5_length_158475_cov_95.623942_63 (length 210)
prokka_out/CA140404:NODE_5_length_158475_cov_95.623942_64 (length 367)
prokka_out/CA140404:NODE_5_length_158475_cov_95.623942_65 (length 1039)
prokka_out/CA140404:NODE_5_length_158475_cov_95.623942_66 (length 485)
prokka_out/CA140404:NODE_5_length_158475_cov_95.623942_67 (length 83)
prokka_out/CA140404:NODE_5_length_158475_cov_95.623942_68 (length 448)
prokka_out/CA140404:NODE_5_length_158475_cov_95.623942_69 (length 150)
prokka_out/CA140404:NODE_5_length_158475_cov_95.623942_70 (length 156)
prokka_out/CA140404:NODE_5_length_158475_cov_95.623942_71 (length 445)
prokka_out/CA140404:NODE_5_length_158475_cov_95.623942_72 (length 341)
prokka_out/CA140404:NODE_5_length_158475_cov_95.623942_73 (length 202)
prokka_out/CA140404:NODE_5_length_158475_cov_95.623942_74 (length 105)
prokka_out/CA140404:NODE_5_length_158475_cov_95.623942_75 (length 223)
prokka_out/CA140404:NODE_5_length_158475_cov_95.623942_76 (length 81)
prokka_out/CA140404:NODE_5_length_158475_cov_95.623942_77 (length 486)
prokka_out/CA140404:NODE_5_length_158475_cov_95.623942_78 (length 265)
prokka_out/CA140404:NODE_5_length_158475_cov_95.623942_79 (length 102)
prokka_out/CA140404:NODE_5_length_158475_cov_95.623942_80 (length 140)
prokka_out/CA140404:NODE_5_length_158475_cov_95.623942_81 (length 249)
prokka_out/CA140404:NODE_5_length_158475_cov_95.623942_82 (length 392)
prokka_out/CA140404:NODE_5_length_158475_cov_95.623942_83 (length 199)
prokka_out/CA140404:NODE_5_length_158475_cov_95.623942_84 (length 533)
prokka_out/CA140404:NODE_5_length_158475_cov_95.623942_85 (length 416)
prokka_out/CA140404:NODE_5_length_158475_cov_95.623942_86 (length 261)
prokka_out/CA140404:NODE_5_length_158475_cov_95.623942_87 (length 941)
prokka_out/CA140404:NODE_5_length_158475_cov_95.623942_88 (length 147)
prokka_out/CA140404:NODE_5_length_158475_cov_95.623942_89 (length 335)
prokka_out/CA140404:NODE_5_length_158475_cov_95.623942_90 (length 108)
prokka_out/CA140404:NODE_5_length_158475_cov_95.623942_91 (length 280)
prokka_out/CA140404:NODE_5_length_158475_cov_95.623942_92 (length 879)
prokka_out/CA140404:NODE_5_length_158475_cov_95.623942_93 (length 258)
prokka_out/CA140404:NODE_5_length_158475_cov_95.623942_94 (length 247)
prokka_out/CA140404:NODE_5_length_158475_cov_95.623942_95 (length 362)
prokka_out/CA140404:NODE_5_length_158475_cov_95.623942_96 (length 198)
prokka_out/CA140404:NODE_5_length_158475_cov_95.623942_97 (length 94)
prokka_out/CA140404:NODE_5_length_158475_cov_95.623942_98 (length 137)
prokka_out/CA140404:NODE_5_length_158475_cov_95.623942_99 (length 117)
prokka_out/CA140404:NODE_5_length_158475_cov_95.623942_1> (length 48)
prokka_out/CA140404:NODE_5_length_158475_cov_95.623942_1> (length 328)
prokka_out/CA140404:NODE_5_length_158475_cov_95.623942_1> (length 324)
prokka_out/CA140404:NODE_5_length_158475_cov_95.623942_1> (length 116)
prokka_out/CA140404:NODE_5_length_158475_cov_95.623942_1> (length 358)
prokka_out/CA140404:NODE_5_length_158475_cov_95.623942_1> (length 387)
prokka_out/CA140404:NODE_5_length_158475_cov_95.623942_1> (length 235)
prokka_out/CA140404:NODE_5_length_158475_cov_95.623942_1> (length 398)
prokka_out/CA140404:NODE_5_length_158475_cov_95.623942_1> (length 136)
prokka_out/CA140404:NODE_5_length_158475_cov_95.623942_1> (length 615)
prokka_out/CA140404:NODE_5_length_158475_cov_95.623942_1> (length 276)
prokka_out/CA140404:NODE_5_length_158475_cov_95.623942_1> (length 342)
prokka_out/CA140404:NODE_5_length_158475_cov_95.623942_1> (length 560)
prokka_out/CA140404:NODE_5_length_158475_cov_95.623942_1> (length 364)
prokka_out/CA140404:NODE_5_length_158475_cov_95.623942_1> (length 357)
prokka_out/CA140404:NODE_5_length_158475_cov_95.623942_1> (length 255)
prokka_out/CA140404:NODE_5_length_158475_cov_95.623942_1> (length 402)
prokka_out/CA140404:NODE_5_length_158475_cov_95.623942_1> (length 352)
prokka_out/CA140404:NODE_5_length_158475_cov_95.623942_1> (length 181)
prokka_out/CA140404:NODE_5_length_158475_cov_95.623942_1> (length 178)
prokka_out/CA140404:NODE_5_length_158475_cov_95.623942_1> (length 112)
prokka_out/CA140404:NODE_5_length_158475_cov_95.623942_1> (length 104)
prokka_out/CA140404:NODE_5_length_158475_cov_95.623942_1> (length 201)
prokka_out/CA140404:NODE_5_length_158475_cov_95.623942_1> (length 427)
prokka_out/CA140404:NODE_5_length_158475_cov_95.623942_1> (length 380)
prokka_out/CA140404:NODE_5_length_158475_cov_95.623942_1> (length 203)
prokka_out/CA140404:NODE_5_length_158475_cov_95.623942_1> (length 228)
prokka_out/CA140404:NODE_5_length_158475_cov_95.623942_1> (length 249)
prokka_out/CA140404:NODE_5_length_158475_cov_95.623942_1> (length 133)
prokka_out/CA140404:NODE_5_length_158475_cov_95.623942_1> (length 222)
prokka_out/CA140404:NODE_5_length_158475_cov_95.623942_1> (length 294)
prokka_out/CA140404:NODE_5_length_158475_cov_95.623942_1> (length 257)
prokka_out/CA140404:NODE_5_length_158475_cov_95.623942_1> (length 274)
prokka_out/CA140404:NODE_5_length_158475_cov_95.623942_1> (length 282)
prokka_out/CA140404:NODE_5_length_158475_cov_95.623942_1> (length 126)
prokka_out/CA140404:NODE_5_length_158475_cov_95.623942_1> (length 152)
prokka_out/CA140404:NODE_5_length_158475_cov_95.623942_1> (length 218)
prokka_out/CA140404:NODE_5_length_158475_cov_95.623942_1> (length 258)
prokka_out/CA140404:NODE_5_length_158475_cov_95.623942_1> (length 73)
prokka_out/CA140404:NODE_5_length_158475_cov_95.623942_1> (length 319)
prokka_out/CA140404:NODE_5_length_158475_cov_95.623942_1> (length 250)
prokka_out/CA140404:NODE_5_length_158475_cov_95.623942_1> (length 781)
prokka_out/CA140404:NODE_5_length_158475_cov_95.623942_1> (length 308)
prokka_out/CA140404:NODE_5_length_158475_cov_95.623942_1> (length 78)
prokka_out/CA140404:NODE_5_length_158475_cov_95.623942_1> (length 556)
prokka_out/CA140404:NODE_5_length_158475_cov_95.623942_1> (length 947)
prokka_out/CA140404:NODE_5_length_158475_cov_95.623942_1> (length 364)
prokka_out/CA140404:NODE_5_length_158475_cov_95.623942_1> (length 161)
prokka_out/CA140404:NODE_5_length_158475_cov_95.623942_1> (length 208)
prokka_out/CA140404:NODE_5_length_158475_cov_95.623942_1> (length 318)
prokka_out/CA140404:NODE_5_length_158475_cov_95.623942_1> (length 769)
prokka_out/CA140404:NODE_5_length_158475_cov_95.623942_1> (length 173)
prokka_out/CA140404:NODE_5_length_158475_cov_95.623942_1> (length 207)
prokka_out/CA140404:NODE_5_length_158475_cov_95.623942_1> (length 325)
prokka_out/CA140404:NODE_5_length_158475_cov_95.623942_1> (length 140)
prokka_out/CA140404:NODE_5_length_158475_cov_95.623942_1> (length 1089)
prokka_out/CA140404:NODE_5_length_158475_cov_95.623942_1> (length 249)
prokka_out/CA140404:NODE_5_length_158475_cov_95.623942_1> (length 346)
prokka_out/CA140404:NODE_5_length_158475_cov_95.623942_1> (length 407)
prokka_out/CA140404:NODE_5_length_158475_cov_95.623942_1> (length 263)
prokka_out/CA140404:NODE_5_length_158475_cov_95.623942_1> (length 146)
prokka_out/CA140404:NODE_5_length_158475_cov_95.623942_1> (length 363)
prokka_out/CA140404:NODE_5_length_158475_cov_95.623942_1> (length 151)
prokka_out/CA140404:NODE_5_length_158475_cov_95.623942_1> (length 68)
prokka_out/CA140404:NODE_5_length_158475_cov_95.623942_1> (length 304)
prokka_out/CA140404:NODE_5_length_158475_cov_95.623942_1> (length 362)
prokka_out/CA140404:NODE_5_length_158475_cov_95.623942_1> (length 176)
prokka_out/CA140404:NODE_5_length_158475_cov_95.623942_1> (length 169)
prokka_out/CA140404:NODE_6_length_118826_cov_99.235318_1 (length 97)
prokka_out/CA140404:NODE_6_length_118826_cov_99.235318_2 (length 243)
prokka_out/CA140404:NODE_6_length_118826_cov_99.235318_3 (length 450)
prokka_out/CA140404:NODE_6_length_118826_cov_99.235318_4 (length 483)
prokka_out/CA140404:NODE_6_length_118826_cov_99.235318_5 (length 804)
prokka_out/CA140404:NODE_6_length_118826_cov_99.235318_6 (length 542)
prokka_out/CA140404:NODE_6_length_118826_cov_99.235318_7 (length 315)
prokka_out/CA140404:NODE_6_length_118826_cov_99.235318_8 (length 552)
prokka_out/CA140404:NODE_6_length_118826_cov_99.235318_9 (length 372)
prokka_out/CA140404:NODE_6_length_118826_cov_99.235318_10 (length 220)
prokka_out/CA140404:NODE_6_length_118826_cov_99.235318_11 (length 260)
prokka_out/CA140404:NODE_6_length_118826_cov_99.235318_12 (length 135)
prokka_out/CA140404:NODE_6_length_118826_cov_99.235318_13 (length 187)
prokka_out/CA140404:NODE_6_length_118826_cov_99.235318_14 (length 229)
prokka_out/CA140404:NODE_6_length_118826_cov_99.235318_15 (length 237)
prokka_out/CA140404:NODE_6_length_118826_cov_99.235318_16 (length 321)
prokka_out/CA140404:NODE_6_length_118826_cov_99.235318_17 (length 439)
prokka_out/CA140404:NODE_6_length_118826_cov_99.235318_18 (length 365)
prokka_out/CA140404:NODE_6_length_118826_cov_99.235318_19 (length 68)
prokka_out/CA140404:NODE_6_length_118826_cov_99.235318_20 (length 372)
prokka_out/CA140404:NODE_6_length_118826_cov_99.235318_21 (length 273)
prokka_out/CA140404:NODE_6_length_118826_cov_99.235318_22 (length 357)
prokka_out/CA140404:NODE_6_length_118826_cov_99.235318_23 (length 127)
prokka_out/CA140404:NODE_6_length_118826_cov_99.235318_24 (length 228)
prokka_out/CA140404:NODE_6_length_118826_cov_99.235318_25 (length 348)
prokka_out/CA140404:NODE_6_length_118826_cov_99.235318_26 (length 113)
prokka_out/CA140404:NODE_6_length_118826_cov_99.235318_27 (length 65)
prokka_out/CA140404:NODE_6_length_118826_cov_99.235318_28 (length 144)
prokka_out/CA140404:NODE_6_length_118826_cov_99.235318_29 (length 608)
prokka_out/CA140404:NODE_6_length_118826_cov_99.235318_30 (length 254)
prokka_out/CA140404:NODE_6_length_118826_cov_99.235318_31 (length 254)
prokka_out/CA140404:NODE_6_length_118826_cov_99.235318_32 (length 393)
prokka_out/CA140404:NODE_6_length_118826_cov_99.235318_33 (length 519)
prokka_out/CA140404:NODE_6_length_118826_cov_99.235318_34 (length 195)
prokka_out/CA140404:NODE_6_length_118826_cov_99.235318_35 (length 202)
prokka_out/CA140404:NODE_6_length_118826_cov_99.235318_36 (length 470)
prokka_out/CA140404:NODE_6_length_118826_cov_99.235318_37 (length 103)
prokka_out/CA140404:NODE_6_length_118826_cov_99.235318_38 (length 1186)
prokka_out/CA140404:NODE_6_length_118826_cov_99.235318_39 (length 213)
prokka_out/CA140404:NODE_6_length_118826_cov_99.235318_40 (length 319)
prokka_out/CA140404:NODE_6_length_118826_cov_99.235318_41 (length 129)
prokka_out/CA140404:NODE_6_length_118826_cov_99.235318_42 (length 141)
prokka_out/CA140404:NODE_6_length_118826_cov_99.235318_43 (length 921)
prokka_out/CA140404:NODE_6_length_118826_cov_99.235318_44 (length 788)
prokka_out/CA140404:NODE_6_length_118826_cov_99.235318_45 (length 173)
prokka_out/CA140404:NODE_6_length_118826_cov_99.235318_46 (length 200)
prokka_out/CA140404:NODE_6_length_118826_cov_99.235318_47 (length 33)
prokka_out/CA140404:NODE_6_length_118826_cov_99.235318_48 (length 73)
prokka_out/CA140404:NODE_6_length_118826_cov_99.235318_49 (length 287)
prokka_out/CA140404:NODE_6_length_118826_cov_99.235318_50 (length 88)
prokka_out/CA140404:NODE_6_length_118826_cov_99.235318_51 (length 221)
prokka_out/CA140404:NODE_6_length_118826_cov_99.235318_52 (length 488)
prokka_out/CA140404:NODE_6_length_118826_cov_99.235318_53 (length 226)
prokka_out/CA140404:NODE_6_length_118826_cov_99.235318_54 (length 403)
prokka_out/CA140404:NODE_6_length_118826_cov_99.235318_55 (length 219)
prokka_out/CA140404:NODE_6_length_118826_cov_99.235318_56 (length 372)
prokka_out/CA140404:NODE_6_length_118826_cov_99.235318_57 (length 183)
prokka_out/CA140404:NODE_6_length_118826_cov_99.235318_58 (length 172)
prokka_out/CA140404:NODE_6_length_118826_cov_99.235318_59 (length 142)
prokka_out/CA140404:NODE_6_length_118826_cov_99.235318_60 (length 416)
prokka_out/CA140404:NODE_6_length_118826_cov_99.235318_61 (length 402)
prokka_out/CA140404:NODE_6_length_118826_cov_99.235318_62 (length 75)
prokka_out/CA140404:NODE_6_length_118826_cov_99.235318_63 (length 489)
prokka_out/CA140404:NODE_6_length_118826_cov_99.235318_64 (length 1162)
prokka_out/CA140404:NODE_6_length_118826_cov_99.235318_65 (length 308)
prokka_out/CA140404:NODE_6_length_118826_cov_99.235318_66 (length 190)
prokka_out/CA140404:NODE_6_length_118826_cov_99.235318_67 (length 700)
prokka_out/CA140404:NODE_6_length_118826_cov_99.235318_68 (length 245)
prokka_out/CA140404:NODE_6_length_118826_cov_99.235318_69 (length 260)
prokka_out/CA140404:NODE_6_length_118826_cov_99.235318_70 (length 310)
prokka_out/CA140404:NODE_6_length_118826_cov_99.235318_71 (length 213)
prokka_out/CA140404:NODE_6_length_118826_cov_99.235318_72 (length 746)
prokka_out/CA140404:NODE_6_length_118826_cov_99.235318_73 (length 180)
prokka_out/CA140404:NODE_6_length_118826_cov_99.235318_74 (length 63)
prokka_out/CA140404:NODE_6_length_118826_cov_99.235318_75 (length 233)
prokka_out/CA140404:NODE_6_length_118826_cov_99.235318_76 (length 382)
prokka_out/CA140404:NODE_6_length_118826_cov_99.235318_77 (length 513)
prokka_out/CA140404:NODE_6_length_118826_cov_99.235318_78 (length 73)
prokka_out/CA140404:NODE_6_length_118826_cov_99.235318_79 (length 148)
prokka_out/CA140404:NODE_6_length_118826_cov_99.235318_80 (length 396)
prokka_out/CA140404:NODE_6_length_118826_cov_99.235318_81 (length 143)
prokka_out/CA140404:NODE_6_length_118826_cov_99.235318_82 (length 296)
prokka_out/CA140404:NODE_6_length_118826_cov_99.235318_83 (length 984)
prokka_out/CA140404:NODE_6_length_118826_cov_99.235318_84 (length 60)
prokka_out/CA140404:NODE_6_length_118826_cov_99.235318_85 (length 184)
prokka_out/CA140404:NODE_6_length_118826_cov_99.235318_86 (length 172)
prokka_out/CA140404:NODE_6_length_118826_cov_99.235318_87 (length 329)
prokka_out/CA140404:NODE_6_length_118826_cov_99.235318_88 (length 201)
prokka_out/CA140404:NODE_6_length_118826_cov_99.235318_89 (length 249)
prokka_out/CA140404:NODE_6_length_118826_cov_99.235318_90 (length 243)
prokka_out/CA140404:NODE_6_length_118826_cov_99.235318_91 (length 345)
prokka_out/CA140404:NODE_6_length_118826_cov_99.235318_92 (length 149)
prokka_out/CA140404:NODE_6_length_118826_cov_99.235318_93 (length 406)
prokka_out/CA140404:NODE_6_length_118826_cov_99.235318_94 (length 274)
prokka_out/CA140404:NODE_6_length_118826_cov_99.235318_95 (length 657)
prokka_out/CA140404:NODE_6_length_118826_cov_99.235318_96 (length 331)
prokka_out/CA140404:NODE_6_length_118826_cov_99.235318_97 (length 228)
prokka_out/CA140404:NODE_6_length_118826_cov_99.235318_98 (length 269)
prokka_out/CA140404:NODE_6_length_118826_cov_99.235318_99 (length 255)
prokka_out/CA140404:NODE_6_length_118826_cov_99.235318_1> (length 246)
prokka_out/CA140404:NODE_6_length_118826_cov_99.235318_1> (length 321)
prokka_out/CA140404:NODE_6_length_118826_cov_99.235318_1> (length 298)
prokka_out/CA140404:NODE_6_length_118826_cov_99.235318_1> (length 192)
prokka_out/CA140404:NODE_6_length_118826_cov_99.235318_1> (length 115)
prokka_out/CA140404:NODE_6_length_118826_cov_99.235318_1> (length 159)
prokka_out/CA140404:NODE_6_length_118826_cov_99.235318_1> (length 358)
prokka_out/CA140404:NODE_6_length_118826_cov_99.235318_1> (length 1031)
prokka_out/CA140404:NODE_6_length_118826_cov_99.235318_1> (length 588)
prokka_out/CA140404:NODE_6_length_118826_cov_99.235318_1> (length 380)
prokka_out/CA140404:NODE_6_length_118826_cov_99.235318_1> (length 500)
prokka_out/CA140404:NODE_6_length_118826_cov_99.235318_1> (length 211)
prokka_out/CA140404:NODE_6_length_118826_cov_99.235318_1> (length 110)
prokka_out/CA140404:NODE_6_length_118826_cov_99.235318_1> (length 40)
prokka_out/CA140404:NODE_6_length_118826_cov_99.235318_1> (length 213)
prokka_out/CA140404:NODE_6_length_118826_cov_99.235318_1> (length 59)
prokka_out/CA140404:NODE_6_length_118826_cov_99.235318_1> (length 143)
prokka_out/CA140404:NODE_7_length_101867_cov_100.273806_1 (length 296)
prokka_out/CA140404:NODE_7_length_101867_cov_100.273806_2 (length 284)
prokka_out/CA140404:NODE_7_length_101867_cov_100.273806_3 (length 267)
prokka_out/CA140404:NODE_7_length_101867_cov_100.273806_4 (length 443)
prokka_out/CA140404:NODE_7_length_101867_cov_100.273806_5 (length 591)
prokka_out/CA140404:NODE_7_length_101867_cov_100.273806_6 (length 140)
prokka_out/CA140404:NODE_7_length_101867_cov_100.273806_7 (length 120)
prokka_out/CA140404:NODE_7_length_101867_cov_100.273806_8 (length 861)
prokka_out/CA140404:NODE_7_length_101867_cov_100.273806_9 (length 65)
prokka_out/CA140404:NODE_7_length_101867_cov_100.273806_> (length 292)
prokka_out/CA140404:NODE_7_length_101867_cov_100.273806_> (length 133)
prokka_out/CA140404:NODE_7_length_101867_cov_100.273806_> (length 294)
prokka_out/CA140404:NODE_7_length_101867_cov_100.273806_> (length 457)
prokka_out/CA140404:NODE_7_length_101867_cov_100.273806_> (length 275)
prokka_out/CA140404:NODE_7_length_101867_cov_100.273806_> (length 739)
prokka_out/CA140404:NODE_7_length_101867_cov_100.273806_> (length 240)
prokka_out/CA140404:NODE_7_length_101867_cov_100.273806_> (length 280)
prokka_out/CA140404:NODE_7_length_101867_cov_100.273806_> (length 149)
prokka_out/CA140404:NODE_7_length_101867_cov_100.273806_> (length 120)
prokka_out/CA140404:NODE_7_length_101867_cov_100.273806_> (length 328)
prokka_out/CA140404:NODE_7_length_101867_cov_100.273806_> (length 308)
prokka_out/CA140404:NODE_7_length_101867_cov_100.273806_> (length 229)
prokka_out/CA140404:NODE_7_length_101867_cov_100.273806_> (length 135)
prokka_out/CA140404:NODE_7_length_101867_cov_100.273806_> (length 204)
prokka_out/CA140404:NODE_7_length_101867_cov_100.273806_> (length 173)
prokka_out/CA140404:NODE_7_length_101867_cov_100.273806_> (length 251)
prokka_out/CA140404:NODE_7_length_101867_cov_100.273806_> (length 228)
prokka_out/CA140404:NODE_7_length_101867_cov_100.273806_> (length 306)
prokka_out/CA140404:NODE_7_length_101867_cov_100.273806_> (length 189)
prokka_out/CA140404:NODE_7_length_101867_cov_100.273806_> (length 315)
prokka_out/CA140404:NODE_7_length_101867_cov_100.273806_> (length 165)
prokka_out/CA140404:NODE_7_length_101867_cov_100.273806_> (length 402)
prokka_out/CA140404:NODE_7_length_101867_cov_100.273806_> (length 259)
prokka_out/CA140404:NODE_7_length_101867_cov_100.273806_> (length 129)
prokka_out/CA140404:NODE_7_length_101867_cov_100.273806_> (length 184)
prokka_out/CA140404:NODE_7_length_101867_cov_100.273806_> (length 129)
prokka_out/CA140404:NODE_7_length_101867_cov_100.273806_> (length 465)
prokka_out/CA140404:NODE_7_length_101867_cov_100.273806_> (length 294)
prokka_out/CA140404:NODE_7_length_101867_cov_100.273806_> (length 501)
prokka_out/CA140404:NODE_7_length_101867_cov_100.273806_> (length 173)
prokka_out/CA140404:NODE_7_length_101867_cov_100.273806_> (length 170)
prokka_out/CA140404:NODE_7_length_101867_cov_100.273806_> (length 141)
prokka_out/CA140404:NODE_7_length_101867_cov_100.273806_> (length 278)
prokka_out/CA140404:NODE_7_length_101867_cov_100.273806_> (length 261)
prokka_out/CA140404:NODE_7_length_101867_cov_100.273806_> (length 217)
prokka_out/CA140404:NODE_7_length_101867_cov_100.273806_> (length 305)
prokka_out/CA140404:NODE_7_length_101867_cov_100.273806_> (length 251)
prokka_out/CA140404:NODE_7_length_101867_cov_100.273806_> (length 345)
prokka_out/CA140404:NODE_7_length_101867_cov_100.273806_> (length 84)
prokka_out/CA140404:NODE_7_length_101867_cov_100.273806_> (length 102)
prokka_out/CA140404:NODE_7_length_101867_cov_100.273806_> (length 400)
prokka_out/CA140404:NODE_7_length_101867_cov_100.273806_> (length 445)
prokka_out/CA140404:NODE_7_length_101867_cov_100.273806_> (length 207)
prokka_out/CA140404:NODE_7_length_101867_cov_100.273806_> (length 122)
prokka_out/CA140404:NODE_7_length_101867_cov_100.273806_> (length 453)
prokka_out/CA140404:NODE_7_length_101867_cov_100.273806_> (length 445)
prokka_out/CA140404:NODE_7_length_101867_cov_100.273806_> (length 468)
prokka_out/CA140404:NODE_7_length_101867_cov_100.273806_> (length 231)
prokka_out/CA140404:NODE_7_length_101867_cov_100.273806_> (length 231)
prokka_out/CA140404:NODE_7_length_101867_cov_100.273806_> (length 34)
prokka_out/CA140404:NODE_7_length_101867_cov_100.273806_> (length 374)
prokka_out/CA140404:NODE_7_length_101867_cov_100.273806_> (length 520)
prokka_out/CA140404:NODE_7_length_101867_cov_100.273806_> (length 89)
prokka_out/CA140404:NODE_7_length_101867_cov_100.273806_> (length 268)
prokka_out/CA140404:NODE_7_length_101867_cov_100.273806_> (length 265)
prokka_out/CA140404:NODE_7_length_101867_cov_100.273806_> (length 189)
prokka_out/CA140404:NODE_7_length_101867_cov_100.273806_> (length 560)
prokka_out/CA140404:NODE_7_length_101867_cov_100.273806_> (length 246)
prokka_out/CA140404:NODE_7_length_101867_cov_100.273806_> (length 479)
prokka_out/CA140404:NODE_7_length_101867_cov_100.273806_> (length 218)
prokka_out/CA140404:NODE_7_length_101867_cov_100.273806_> (length 97)
prokka_out/CA140404:NODE_7_length_101867_cov_100.273806_> (length 116)
prokka_out/CA140404:NODE_7_length_101867_cov_100.273806_> (length 73)
prokka_out/CA140404:NODE_7_length_101867_cov_100.273806_> (length 244)
prokka_out/CA140404:NODE_7_length_101867_cov_100.273806_> (length 298)
prokka_out/CA140404:NODE_7_length_101867_cov_100.273806_> (length 409)
prokka_out/CA140404:NODE_7_length_101867_cov_100.273806_> (length 159)
prokka_out/CA140404:NODE_7_length_101867_cov_100.273806_> (length 157)
prokka_out/CA140404:NODE_7_length_101867_cov_100.273806_> (length 484)
prokka_out/CA140404:NODE_7_length_101867_cov_100.273806_> (length 288)
prokka_out/CA140404:NODE_7_length_101867_cov_100.273806_> (length 118)
prokka_out/CA140404:NODE_7_length_101867_cov_100.273806_> (length 238)
prokka_out/CA140404:NODE_7_length_101867_cov_100.273806_> (length 359)
prokka_out/CA140404:NODE_7_length_101867_cov_100.273806_> (length 280)
prokka_out/CA140404:NODE_7_length_101867_cov_100.273806_> (length 143)
prokka_out/CA140404:NODE_7_length_101867_cov_100.273806_> (length 41)
prokka_out/CA140404:NODE_7_length_101867_cov_100.273806_> (length 271)
prokka_out/CA140404:NODE_7_length_101867_cov_100.273806_> (length 198)
prokka_out/CA140404:NODE_7_length_101867_cov_100.273806_> (length 258)
prokka_out/CA140404:NODE_7_length_101867_cov_100.273806_> (length 201)
prokka_out/CA140404:NODE_7_length_101867_cov_100.273806_> (length 338)
prokka_out/CA140404:NODE_7_length_101867_cov_100.273806_> (length 47)
prokka_out/CA140404:NODE_7_length_101867_cov_100.273806_> (length 81)
prokka_out/CA140404:NODE_7_length_101867_cov_100.273806_> (length 114)
prokka_out/CA140404:NODE_7_length_101867_cov_100.273806_> (length 241)
prokka_out/CA140404:NODE_7_length_101867_cov_100.273806_> (length 623)
prokka_out/CA140404:NODE_7_length_101867_cov_100.273806_> (length 545)
prokka_out/CA140404:NODE_7_length_101867_cov_100.273806_> (length 294)
prokka_out/CA140404:NODE_7_length_101867_cov_100.273806_> (length 596)
prokka_out/CA140404:NODE_7_length_101867_cov_100.273806_> (length 107)
prokka_out/CA140404:NODE_7_length_101867_cov_100.273806_> (length 602)
prokka_out/CA140404:NODE_7_length_101867_cov_100.273806_> (length 215)
prokka_out/CA140404:NODE_7_length_101867_cov_100.273806_> (length 347)
prokka_out/CA140404:NODE_7_length_101867_cov_100.273806_> (length 449)
prokka_out/CA140404:NODE_7_length_101867_cov_100.273806_> (length 400)
prokka_out/CA140404:NODE_7_length_101867_cov_100.273806_> (length 233)
prokka_out/CA140404:NODE_7_length_101867_cov_100.273806_> (length 397)
prokka_out/CA140404:NODE_7_length_101867_cov_100.273806_> (length 1253)
prokka_out/CA140404:NODE_7_length_101867_cov_100.273806_> (length 465)
prokka_out/CA140404:NODE_8_length_99418_cov_97.298305_1 (length 598)
prokka_out/CA140404:NODE_8_length_99418_cov_97.298305_2 (length 181)
prokka_out/CA140404:NODE_8_length_99418_cov_97.298305_3 (length 346)
prokka_out/CA140404:NODE_8_length_99418_cov_97.298305_4 (length 344)
prokka_out/CA140404:NODE_8_length_99418_cov_97.298305_5 (length 312)
prokka_out/CA140404:NODE_8_length_99418_cov_97.298305_6 (length 339)
prokka_out/CA140404:NODE_8_length_99418_cov_97.298305_7 (length 52)
prokka_out/CA140404:NODE_8_length_99418_cov_97.298305_8 (length 332)
prokka_out/CA140404:NODE_8_length_99418_cov_97.298305_9 (length 201)
prokka_out/CA140404:NODE_8_length_99418_cov_97.298305_10 (length 224)
prokka_out/CA140404:NODE_8_length_99418_cov_97.298305_11 (length 600)
prokka_out/CA140404:NODE_8_length_99418_cov_97.298305_12 (length 594)
prokka_out/CA140404:NODE_8_length_99418_cov_97.298305_13 (length 257)
prokka_out/CA140404:NODE_8_length_99418_cov_97.298305_14 (length 253)
prokka_out/CA140404:NODE_8_length_99418_cov_97.298305_15 (length 779)
prokka_out/CA140404:NODE_8_length_99418_cov_97.298305_16 (length 200)
prokka_out/CA140404:NODE_8_length_99418_cov_97.298305_17 (length 253)
prokka_out/CA140404:NODE_8_length_99418_cov_97.298305_18 (length 170)
prokka_out/CA140404:NODE_8_length_99418_cov_97.298305_19 (length 689)
prokka_out/CA140404:NODE_8_length_99418_cov_97.298305_20 (length 394)
prokka_out/CA140404:NODE_8_length_99418_cov_97.298305_21 (length 373)
prokka_out/CA140404:NODE_8_length_99418_cov_97.298305_22 (length 453)
prokka_out/CA140404:NODE_8_length_99418_cov_97.298305_23 (length 139)
prokka_out/CA140404:NODE_8_length_99418_cov_97.298305_24 (length 115)
prokka_out/CA140404:NODE_8_length_99418_cov_97.298305_25 (length 178)
prokka_out/CA140404:NODE_8_length_99418_cov_97.298305_26 (length 456)
prokka_out/CA140404:NODE_8_length_99418_cov_97.298305_27 (length 125)
prokka_out/CA140404:NODE_8_length_99418_cov_97.298305_28 (length 108)
prokka_out/CA140404:NODE_8_length_99418_cov_97.298305_29 (length 181)
prokka_out/CA140404:NODE_8_length_99418_cov_97.298305_30 (length 332)
prokka_out/CA140404:NODE_8_length_99418_cov_97.298305_31 (length 400)
prokka_out/CA140404:NODE_8_length_99418_cov_97.298305_32 (length 223)
prokka_out/CA140404:NODE_8_length_99418_cov_97.298305_33 (length 274)
prokka_out/CA140404:NODE_8_length_99418_cov_97.298305_34 (length 497)
prokka_out/CA140404:NODE_8_length_99418_cov_97.298305_35 (length 369)
prokka_out/CA140404:NODE_8_length_99418_cov_97.298305_36 (length 217)
prokka_out/CA140404:NODE_8_length_99418_cov_97.298305_37 (length 74)
prokka_out/CA140404:NODE_8_length_99418_cov_97.298305_38 (length 113)
prokka_out/CA140404:NODE_8_length_99418_cov_97.298305_39 (length 283)
prokka_out/CA140404:NODE_8_length_99418_cov_97.298305_40 (length 455)
prokka_out/CA140404:NODE_8_length_99418_cov_97.298305_41 (length 191)
prokka_out/CA140404:NODE_8_length_99418_cov_97.298305_42 (length 144)
prokka_out/CA140404:NODE_8_length_99418_cov_97.298305_43 (length 252)
prokka_out/CA140404:NODE_8_length_99418_cov_97.298305_44 (length 96)
prokka_out/CA140404:NODE_8_length_99418_cov_97.298305_45 (length 103)
prokka_out/CA140404:NODE_8_length_99418_cov_97.298305_46 (length 120)
prokka_out/CA140404:NODE_8_length_99418_cov_97.298305_47 (length 218)
prokka_out/CA140404:NODE_8_length_99418_cov_97.298305_48 (length 156)
prokka_out/CA140404:NODE_8_length_99418_cov_97.298305_49 (length 474)
prokka_out/CA140404:NODE_8_length_99418_cov_97.298305_50 (length 104)
prokka_out/CA140404:NODE_8_length_99418_cov_97.298305_51 (length 231)
prokka_out/CA140404:NODE_8_length_99418_cov_97.298305_52 (length 163)
prokka_out/CA140404:NODE_8_length_99418_cov_97.298305_53 (length 176)
prokka_out/CA140404:NODE_8_length_99418_cov_97.298305_54 (length 236)
prokka_out/CA140404:NODE_8_length_99418_cov_97.298305_55 (length 601)
prokka_out/CA140404:NODE_8_length_99418_cov_97.298305_56 (length 440)
prokka_out/CA140404:NODE_8_length_99418_cov_97.298305_57 (length 557)
prokka_out/CA140404:NODE_8_length_99418_cov_97.298305_58 (length 433)
prokka_out/CA140404:NODE_8_length_99418_cov_97.298305_59 (length 200)
prokka_out/CA140404:NODE_8_length_99418_cov_97.298305_60 (length 823)
prokka_out/CA140404:NODE_8_length_99418_cov_97.298305_61 (length 189)
prokka_out/CA140404:NODE_8_length_99418_cov_97.298305_62 (length 232)
prokka_out/CA140404:NODE_8_length_99418_cov_97.298305_63 (length 147)
prokka_out/CA140404:NODE_8_length_99418_cov_97.298305_64 (length 439)
prokka_out/CA140404:NODE_8_length_99418_cov_97.298305_65 (length 354)
prokka_out/CA140404:NODE_8_length_99418_cov_97.298305_66 (length 782)
prokka_out/CA140404:NODE_8_length_99418_cov_97.298305_67 (length 598)
prokka_out/CA140404:NODE_8_length_99418_cov_97.298305_68 (length 1041)
prokka_out/CA140404:NODE_8_length_99418_cov_97.298305_69 (length 463)
prokka_out/CA140404:NODE_8_length_99418_cov_97.298305_70 (length 347)
prokka_out/CA140404:NODE_8_length_99418_cov_97.298305_71 (length 335)
prokka_out/CA140404:NODE_8_length_99418_cov_97.298305_72 (length 136)
prokka_out/CA140404:NODE_8_length_99418_cov_97.298305_73 (length 94)
prokka_out/CA140404:NODE_8_length_99418_cov_97.298305_74 (length 568)
prokka_out/CA140404:NODE_8_length_99418_cov_97.298305_75 (length 639)
prokka_out/CA140404:NODE_8_length_99418_cov_97.298305_76 (length 127)
prokka_out/CA140404:NODE_8_length_99418_cov_97.298305_77 (length 694)
prokka_out/CA140404:NODE_8_length_99418_cov_97.298305_78 (length 163)
prokka_out/CA140404:NODE_8_length_99418_cov_97.298305_79 (length 610)
prokka_out/CA140404:NODE_8_length_99418_cov_97.298305_80 (length 184)
prokka_out/CA140404:NODE_8_length_99418_cov_97.298305_81 (length 330)
prokka_out/CA140404:NODE_8_length_99418_cov_97.298305_82 (length 251)
prokka_out/CA140404:NODE_8_length_99418_cov_97.298305_83 (length 312)
prokka_out/CA140404:NODE_8_length_99418_cov_97.298305_84 (length 322)
prokka_out/CA140404:NODE_8_length_99418_cov_97.298305_85 (length 329)
prokka_out/CA140404:NODE_8_length_99418_cov_97.298305_86 (length 191)
prokka_out/CA140404:NODE_8_length_99418_cov_97.298305_87 (length 124)
prokka_out/CA140404:NODE_8_length_99418_cov_97.298305_88 (length 311)
prokka_out/CA140404:NODE_8_length_99418_cov_97.298305_89 (length 112)
prokka_out/CA140404:NODE_8_length_99418_cov_97.298305_90 (length 241)
prokka_out/CA140404:NODE_8_length_99418_cov_97.298305_91 (length 356)
prokka_out/CA140404:NODE_8_length_99418_cov_97.298305_92 (length 464)
prokka_out/CA140404:NODE_8_length_99418_cov_97.298305_93 (length 335)
prokka_out/CA140404:NODE_8_length_99418_cov_97.298305_94 (length 171)
prokka_out/CA140404:NODE_8_length_99418_cov_97.298305_95 (length 413)
prokka_out/CA140404:NODE_9_length_92411_cov_98.615261_1 (length 237)
prokka_out/CA140404:NODE_9_length_92411_cov_98.615261_2 (length 1050)
prokka_out/CA140404:NODE_9_length_92411_cov_98.615261_3 (length 331)
prokka_out/CA140404:NODE_9_length_92411_cov_98.615261_4 (length 75)
prokka_out/CA140404:NODE_9_length_92411_cov_98.615261_5 (length 118)
prokka_out/CA140404:NODE_9_length_92411_cov_98.615261_6 (length 512)
prokka_out/CA140404:NODE_9_length_92411_cov_98.615261_7 (length 252)
prokka_out/CA140404:NODE_9_length_92411_cov_98.615261_8 (length 378)
prokka_out/CA140404:NODE_9_length_92411_cov_98.615261_9 (length 87)
prokka_out/CA140404:NODE_9_length_92411_cov_98.615261_10 (length 157)
prokka_out/CA140404:NODE_9_length_92411_cov_98.615261_11 (length 58)
prokka_out/CA140404:NODE_9_length_92411_cov_98.615261_12 (length 436)
prokka_out/CA140404:NODE_9_length_92411_cov_98.615261_13 (length 158)
prokka_out/CA140404:NODE_9_length_92411_cov_98.615261_14 (length 285)
prokka_out/CA140404:NODE_9_length_92411_cov_98.615261_15 (length 108)
prokka_out/CA140404:NODE_9_length_92411_cov_98.615261_16 (length 117)
prokka_out/CA140404:NODE_9_length_92411_cov_98.615261_17 (length 63)
prokka_out/CA140404:NODE_9_length_92411_cov_98.615261_18 (length 388)
prokka_out/CA140404:NODE_9_length_92411_cov_98.615261_19 (length 133)
prokka_out/CA140404:NODE_9_length_92411_cov_98.615261_20 (length 393)
prokka_out/CA140404:NODE_9_length_92411_cov_98.615261_21 (length 323)
prokka_out/CA140404:NODE_9_length_92411_cov_98.615261_22 (length 627)
prokka_out/CA140404:NODE_9_length_92411_cov_98.615261_23 (length 211)
prokka_out/CA140404:NODE_9_length_92411_cov_98.615261_24 (length 231)
prokka_out/CA140404:NODE_9_length_92411_cov_98.615261_25 (length 123)
prokka_out/CA140404:NODE_9_length_92411_cov_98.615261_26 (length 185)
prokka_out/CA140404:NODE_9_length_92411_cov_98.615261_27 (length 202)
prokka_out/CA140404:NODE_9_length_92411_cov_98.615261_28 (length 140)
prokka_out/CA140404:NODE_9_length_92411_cov_98.615261_29 (length 340)
prokka_out/CA140404:NODE_9_length_92411_cov_98.615261_30 (length 456)
prokka_out/CA140404:NODE_9_length_92411_cov_98.615261_31 (length 182)
prokka_out/CA140404:NODE_9_length_92411_cov_98.615261_32 (length 209)
prokka_out/CA140404:NODE_9_length_92411_cov_98.615261_33 (length 393)
prokka_out/CA140404:NODE_9_length_92411_cov_98.615261_34 (length 279)
prokka_out/CA140404:NODE_9_length_92411_cov_98.615261_35 (length 148)
prokka_out/CA140404:NODE_9_length_92411_cov_98.615261_36 (length 342)
prokka_out/CA140404:NODE_9_length_92411_cov_98.615261_37 (length 43)
prokka_out/CA140404:NODE_9_length_92411_cov_98.615261_38 (length 60)
prokka_out/CA140404:NODE_9_length_92411_cov_98.615261_39 (length 99)
prokka_out/CA140404:NODE_9_length_92411_cov_98.615261_40 (length 89)
prokka_out/CA140404:NODE_9_length_92411_cov_98.615261_41 (length 61)
prokka_out/CA140404:NODE_9_length_92411_cov_98.615261_42 (length 76)
prokka_out/CA140404:NODE_9_length_92411_cov_98.615261_43 (length 106)
prokka_out/CA140404:NODE_9_length_92411_cov_98.615261_44 (length 363)
prokka_out/CA140404:NODE_9_length_92411_cov_98.615261_45 (length 172)
prokka_out/CA140404:NODE_9_length_92411_cov_98.615261_46 (length 602)
prokka_out/CA140404:NODE_9_length_92411_cov_98.615261_47 (length 267)
prokka_out/CA140404:NODE_9_length_92411_cov_98.615261_48 (length 664)
prokka_out/CA140404:NODE_9_length_92411_cov_98.615261_49 (length 448)
prokka_out/CA140404:NODE_9_length_92411_cov_98.615261_50 (length 107)
prokka_out/CA140404:NODE_9_length_92411_cov_98.615261_51 (length 169)
prokka_out/CA140404:NODE_9_length_92411_cov_98.615261_52 (length 115)
prokka_out/CA140404:NODE_9_length_92411_cov_98.615261_53 (length 375)
prokka_out/CA140404:NODE_9_length_92411_cov_98.615261_54 (length 393)
prokka_out/CA140404:NODE_9_length_92411_cov_98.615261_55 (length 242)
prokka_out/CA140404:NODE_9_length_92411_cov_98.615261_56 (length 445)
prokka_out/CA140404:NODE_9_length_92411_cov_98.615261_57 (length 461)
prokka_out/CA140404:NODE_9_length_92411_cov_98.615261_58 (length 190)
prokka_out/CA140404:NODE_9_length_92411_cov_98.615261_59 (length 444)
prokka_out/CA140404:NODE_9_length_92411_cov_98.615261_60 (length 194)
prokka_out/CA140404:NODE_9_length_92411_cov_98.615261_61 (length 175)
prokka_out/CA140404:NODE_9_length_92411_cov_98.615261_62 (length 501)
prokka_out/CA140404:NODE_9_length_92411_cov_98.615261_63 (length 232)
prokka_out/CA140404:NODE_9_length_92411_cov_98.615261_64 (length 456)
prokka_out/CA140404:NODE_9_length_92411_cov_98.615261_65 (length 188)
prokka_out/CA140404:NODE_9_length_92411_cov_98.615261_66 (length 239)
prokka_out/CA140404:NODE_9_length_92411_cov_98.615261_67 (length 69)
prokka_out/CA140404:NODE_9_length_92411_cov_98.615261_68 (length 394)
prokka_out/CA140404:NODE_9_length_92411_cov_98.615261_69 (length 452)
prokka_out/CA140404:NODE_9_length_92411_cov_98.615261_70 (length 399)
prokka_out/CA140404:NODE_9_length_92411_cov_98.615261_71 (length 248)
prokka_out/CA140404:NODE_9_length_92411_cov_98.615261_72 (length 136)
prokka_out/CA140404:NODE_9_length_92411_cov_98.615261_73 (length 249)
prokka_out/CA140404:NODE_9_length_92411_cov_98.615261_74 (length 755)
prokka_out/CA140404:NODE_9_length_92411_cov_98.615261_75 (length 283)
prokka_out/CA140404:NODE_9_length_92411_cov_98.615261_76 (length 41)
prokka_out/CA140404:NODE_9_length_92411_cov_98.615261_77 (length 334)
prokka_out/CA140404:NODE_9_length_92411_cov_98.615261_78 (length 538)
prokka_out/CA140404:NODE_9_length_92411_cov_98.615261_79 (length 301)
prokka_out/CA140404:NODE_9_length_92411_cov_98.615261_80 (length 401)
prokka_out/CA140404:NODE_9_length_92411_cov_98.615261_81 (length 120)
prokka_out/CA140404:NODE_9_length_92411_cov_98.615261_82 (length 67)
prokka_out/CA140404:NODE_9_length_92411_cov_98.615261_83 (length 220)
prokka_out/CA140404:NODE_9_length_92411_cov_98.615261_84 (length 60)
prokka_out/CA140404:NODE_9_length_92411_cov_98.615261_85 (length 187)
prokka_out/CA140404:NODE_9_length_92411_cov_98.615261_86 (length 289)
prokka_out/CA140404:NODE_9_length_92411_cov_98.615261_87 (length 294)
prokka_out/CA140404:NODE_9_length_92411_cov_98.615261_88 (length 165)
prokka_out/CA140404:NODE_9_length_92411_cov_98.615261_89 (length 171)
prokka_out/CA140404:NODE_9_length_92411_cov_98.615261_90 (length 320)
prokka_out/CA140404:NODE_9_length_92411_cov_98.615261_91 (length 247)
prokka_out/CA140404:NODE_9_length_92411_cov_98.615261_92 (length 193)
prokka_out/CA140404:NODE_9_length_92411_cov_98.615261_93 (length 141)
prokka_out/CA140404:NODE_9_length_92411_cov_98.615261_94 (length 135)
prokka_out/CA140404:NODE_9_length_92411_cov_98.615261_95 (length 218)
prokka_out/CA140404:NODE_9_length_92411_cov_98.615261_96 (length 66)
prokka_out/CA140404:NODE_9_length_92411_cov_98.615261_97 (length 278)
prokka_out/CA140404:NODE_9_length_92411_cov_98.615261_98 (length 227)
prokka_out/CA140404:NODE_9_length_92411_cov_98.615261_99 (length 312)
prokka_out/CA140404:NODE_9_length_92411_cov_98.615261_100 (length 268)
prokka_out/CA140404:NODE_9_length_92411_cov_98.615261_101 (length 400)
prokka_out/CA140404:NODE_9_length_92411_cov_98.615261_102 (length 415)
prokka_out/CA140404:NODE_9_length_92411_cov_98.615261_103 (length 112)
prokka_out/CA140404:NODE_9_length_92411_cov_98.615261_104 (length 104)
prokka_out/CA140404:NODE_9_length_92411_cov_98.615261_105 (length 312)
prokka_out/CA140404:NODE_9_length_92411_cov_98.615261_106 (length 593)
prokka_out/CA140404:NODE_10_length_81285_cov_84.844242_1 (length 647)
prokka_out/CA140404:NODE_10_length_81285_cov_84.844242_2 (length 1164)
prokka_out/CA140404:NODE_10_length_81285_cov_84.844242_3 (length 428)
prokka_out/CA140404:NODE_10_length_81285_cov_84.844242_4 (length 428)
prokka_out/CA140404:NODE_10_length_81285_cov_84.844242_5 (length 267)
prokka_out/CA140404:NODE_10_length_81285_cov_84.844242_6 (length 533)
prokka_out/CA140404:NODE_10_length_81285_cov_84.844242_7 (length 134)
prokka_out/CA140404:NODE_10_length_81285_cov_84.844242_8 (length 96)
prokka_out/CA140404:NODE_10_length_81285_cov_84.844242_9 (length 52)
prokka_out/CA140404:NODE_10_length_81285_cov_84.844242_10 (length 56)
prokka_out/CA140404:NODE_10_length_81285_cov_84.844242_11 (length 75)
prokka_out/CA140404:NODE_10_length_81285_cov_84.844242_12 (length 49)
prokka_out/CA140404:NODE_10_length_81285_cov_84.844242_13 (length 72)
prokka_out/CA140404:NODE_10_length_81285_cov_84.844242_14 (length 43)
prokka_out/CA140404:NODE_10_length_81285_cov_84.844242_15 (length 47)
prokka_out/CA140404:NODE_10_length_81285_cov_84.844242_16 (length 38)
prokka_out/CA140404:NODE_10_length_81285_cov_84.844242_17 (length 64)
prokka_out/CA140404:NODE_10_length_81285_cov_84.844242_18 (length 76)
prokka_out/CA140404:NODE_10_length_81285_cov_84.844242_19 (length 86)
prokka_out/CA140404:NODE_10_length_81285_cov_84.844242_20 (length 199)
prokka_out/CA140404:NODE_10_length_81285_cov_84.844242_21 (length 116)
prokka_out/CA140404:NODE_10_length_81285_cov_84.844242_22 (length 35)
prokka_out/CA140404:NODE_10_length_81285_cov_84.844242_23 (length 255)
prokka_out/CA140404:NODE_10_length_81285_cov_84.844242_24 (length 373)
prokka_out/CA140404:NODE_10_length_81285_cov_84.844242_25 (length 466)
prokka_out/CA140404:NODE_10_length_81285_cov_84.844242_26 (length 351)
prokka_out/CA140404:NODE_10_length_81285_cov_84.844242_27 (length 523)
prokka_out/CA140404:NODE_10_length_81285_cov_84.844242_28 (length 416)
prokka_out/CA140404:NODE_10_length_81285_cov_84.844242_29 (length 538)
prokka_out/CA140404:NODE_10_length_81285_cov_84.844242_30 (length 138)
prokka_out/CA140404:NODE_10_length_81285_cov_84.844242_31 (length 172)
prokka_out/CA140404:NODE_10_length_81285_cov_84.844242_32 (length 170)
prokka_out/CA140404:NODE_10_length_81285_cov_84.844242_33 (length 622)
prokka_out/CA140404:NODE_10_length_81285_cov_84.844242_34 (length 293)
prokka_out/CA140404:NODE_10_length_81285_cov_84.844242_35 (length 365)
prokka_out/CA140404:NODE_10_length_81285_cov_84.844242_36 (length 190)
prokka_out/CA140404:NODE_10_length_81285_cov_84.844242_37 (length 188)
prokka_out/CA140404:NODE_10_length_81285_cov_84.844242_38 (length 186)
prokka_out/CA140404:NODE_10_length_81285_cov_84.844242_39 (length 327)
prokka_out/CA140404:NODE_10_length_81285_cov_84.844242_40 (length 306)
prokka_out/CA140404:NODE_10_length_81285_cov_84.844242_41 (length 163)
prokka_out/CA140404:NODE_10_length_81285_cov_84.844242_42 (length 451)
prokka_out/CA140404:NODE_10_length_81285_cov_84.844242_43 (length 421)
prokka_out/CA140404:NODE_10_length_81285_cov_84.844242_44 (length 252)
prokka_out/CA140404:NODE_10_length_81285_cov_84.844242_45 (length 68)
prokka_out/CA140404:NODE_10_length_81285_cov_84.844242_46 (length 204)
prokka_out/CA140404:NODE_10_length_81285_cov_84.844242_47 (length 383)
prokka_out/CA140404:NODE_10_length_81285_cov_84.844242_48 (length 246)
prokka_out/CA140404:NODE_10_length_81285_cov_84.844242_49 (length 372)
prokka_out/CA140404:NODE_10_length_81285_cov_84.844242_50 (length 279)
prokka_out/CA140404:NODE_10_length_81285_cov_84.844242_51 (length 415)
prokka_out/CA140404:NODE_10_length_81285_cov_84.844242_52 (length 422)
prokka_out/CA140404:NODE_10_length_81285_cov_84.844242_53 (length 175)
prokka_out/CA140404:NODE_10_length_81285_cov_84.844242_54 (length 57)
prokka_out/CA140404:NODE_10_length_81285_cov_84.844242_55 (length 192)
prokka_out/CA140404:NODE_10_length_81285_cov_84.844242_56 (length 291)
prokka_out/CA140404:NODE_10_length_81285_cov_84.844242_57 (length 574)
prokka_out/CA140404:NODE_10_length_81285_cov_84.844242_58 (length 107)
prokka_out/CA140404:NODE_10_length_81285_cov_84.844242_59 (length 130)
prokka_out/CA140404:NODE_10_length_81285_cov_84.844242_60 (length 100)
prokka_out/CA140404:NODE_10_length_81285_cov_84.844242_61 (length 80)
prokka_out/CA140404:NODE_10_length_81285_cov_84.844242_62 (length 663)
prokka_out/CA140404:NODE_10_length_81285_cov_84.844242_63 (length 124)
prokka_out/CA140404:NODE_10_length_81285_cov_84.844242_64 (length 396)
prokka_out/CA140404:NODE_10_length_81285_cov_84.844242_65 (length 202)
prokka_out/CA140404:NODE_10_length_81285_cov_84.844242_66 (length 159)
prokka_out/CA140404:NODE_10_length_81285_cov_84.844242_67 (length 44)
prokka_out/CA140404:NODE_10_length_81285_cov_84.844242_68 (length 108)
prokka_out/CA140404:NODE_10_length_81285_cov_84.844242_69 (length 123)
prokka_out/CA140404:NODE_10_length_81285_cov_84.844242_70 (length 530)
prokka_out/CA140404:NODE_10_length_81285_cov_84.844242_71 (length 272)
prokka_out/CA140404:NODE_10_length_81285_cov_84.844242_72 (length 442)
prokka_out/CA140404:NODE_10_length_81285_cov_84.844242_73 (length 728)
prokka_out/CA140404:NODE_10_length_81285_cov_84.844242_74 (length 256)
prokka_out/CA140404:NODE_10_length_81285_cov_84.844242_75 (length 510)
prokka_out/CA140404:NODE_10_length_81285_cov_84.844242_76 (length 154)
prokka_out/CA140404:NODE_10_length_81285_cov_84.844242_77 (length 177)
prokka_out/CA140404:NODE_10_length_81285_cov_84.844242_78 (length 39)
prokka_out/CA140404:NODE_10_length_81285_cov_84.844242_79 (length 144)
prokka_out/CA140404:NODE_10_length_81285_cov_84.844242_80 (length 325)
prokka_out/CA140404:NODE_10_length_81285_cov_84.844242_81 (length 295)
prokka_out/CA140404:NODE_10_length_81285_cov_84.844242_82 (length 290)
prokka_out/CA140404:NODE_10_length_81285_cov_84.844242_83 (length 448)
prokka_out/CA140404:NODE_10_length_81285_cov_84.844242_84 (length 447)
prokka_out/CA140404:NODE_10_length_81285_cov_84.844242_85 (length 244)
prokka_out/CA140404:NODE_10_length_81285_cov_84.844242_86 (length 169)
prokka_out/CA140404:NODE_10_length_81285_cov_84.844242_87 (length 862)
prokka_out/CA140404:NODE_10_length_81285_cov_84.844242_88 (length 401)
prokka_out/CA140404:NODE_10_length_81285_cov_84.844242_89 (length 261)
prokka_out/CA140404:NODE_11_length_38396_cov_127.096266_1 (length 332)
prokka_out/CA140404:NODE_11_length_38396_cov_127.096266_2 (length 55)
prokka_out/CA140404:NODE_11_length_38396_cov_127.096266_3 (length 220)
prokka_out/CA140404:NODE_11_length_38396_cov_127.096266_4 (length 295)
prokka_out/CA140404:NODE_11_length_38396_cov_127.096266_5 (length 391)
prokka_out/CA140404:NODE_11_length_38396_cov_127.096266_6 (length 330)
prokka_out/CA140404:NODE_11_length_38396_cov_127.096266_7 (length 603)
prokka_out/CA140404:NODE_11_length_38396_cov_127.096266_8 (length 141)
prokka_out/CA140404:NODE_11_length_38396_cov_127.096266_9 (length 254)
prokka_out/CA140404:NODE_11_length_38396_cov_127.096266_> (length 265)
prokka_out/CA140404:NODE_11_length_38396_cov_127.096266_> (length 206)
prokka_out/CA140404:NODE_11_length_38396_cov_127.096266_> (length 730)
prokka_out/CA140404:NODE_11_length_38396_cov_127.096266_> (length 57)
prokka_out/CA140404:NODE_11_length_38396_cov_127.096266_> (length 157)
prokka_out/CA140404:NODE_11_length_38396_cov_127.096266_> (length 111)
prokka_out/CA140404:NODE_11_length_38396_cov_127.096266_> (length 131)
prokka_out/CA140404:NODE_11_length_38396_cov_127.096266_> (length 83)
prokka_out/CA140404:NODE_11_length_38396_cov_127.096266_> (length 88)
prokka_out/CA140404:NODE_11_length_38396_cov_127.096266_> (length 186)
prokka_out/CA140404:NODE_11_length_38396_cov_127.096266_> (length 88)
prokka_out/CA140404:NODE_11_length_38396_cov_127.096266_> (length 1932)
prokka_out/CA140404:NODE_11_length_38396_cov_127.096266_> (length 242)
prokka_out/CA140404:NODE_11_length_38396_cov_127.096266_> (length 234)
prokka_out/CA140404:NODE_11_length_38396_cov_127.096266_> (length 462)
prokka_out/CA140404:NODE_11_length_38396_cov_127.096266_> (length 183)
prokka_out/CA140404:NODE_11_length_38396_cov_127.096266_> (length 93)
prokka_out/CA140404:NODE_11_length_38396_cov_127.096266_> (length 203)
prokka_out/CA140404:NODE_11_length_38396_cov_127.096266_> (length 219)
prokka_out/CA140404:NODE_11_length_38396_cov_127.096266_> (length 408)
prokka_out/CA140404:NODE_11_length_38396_cov_127.096266_> (length 87)
prokka_out/CA140404:NODE_11_length_38396_cov_127.096266_> (length 32)
prokka_out/CA140404:NODE_11_length_38396_cov_127.096266_> (length 85)
prokka_out/CA140404:NODE_11_length_38396_cov_127.096266_> (length 72)
prokka_out/CA140404:NODE_11_length_38396_cov_127.096266_> (length 67)
prokka_out/CA140404:NODE_11_length_38396_cov_127.096266_> (length 597)
prokka_out/CA140404:NODE_11_length_38396_cov_127.096266_> (length 204)
prokka_out/CA140404:NODE_11_length_38396_cov_127.096266_> (length 125)
prokka_out/CA140404:NODE_11_length_38396_cov_127.096266_> (length 107)
prokka_out/CA140404:NODE_11_length_38396_cov_127.096266_> (length 87)
prokka_out/CA140404:NODE_11_length_38396_cov_127.096266_> (length 922)
prokka_out/CA140404:NODE_11_length_38396_cov_127.096266_> (length 185)
prokka_out/CA140404:NODE_11_length_38396_cov_127.096266_> (length 188)
prokka_out/CA140404:NODE_11_length_38396_cov_127.096266_> (length 141)
prokka_out/CA140404:NODE_11_length_38396_cov_127.096266_> (length 91)
prokka_out/CA140404:NODE_11_length_38396_cov_127.096266_> (length 323)
prokka_out/CA140404:NODE_12_length_26936_cov_85.715879_1 (length 302)
prokka_out/CA140404:NODE_12_length_26936_cov_85.715879_2 (length 573)
prokka_out/CA140404:NODE_12_length_26936_cov_85.715879_3 (length 130)
prokka_out/CA140404:NODE_12_length_26936_cov_85.715879_4 (length 484)
prokka_out/CA140404:NODE_12_length_26936_cov_85.715879_5 (length 161)
prokka_out/CA140404:NODE_12_length_26936_cov_85.715879_6 (length 415)
prokka_out/CA140404:NODE_12_length_26936_cov_85.715879_7 (length 148)
prokka_out/CA140404:NODE_12_length_26936_cov_85.715879_8 (length 465)
prokka_out/CA140404:NODE_12_length_26936_cov_85.715879_9 (length 257)
prokka_out/CA140404:NODE_12_length_26936_cov_85.715879_10 (length 171)
prokka_out/CA140404:NODE_12_length_26936_cov_85.715879_11 (length 1175)
prokka_out/CA140404:NODE_12_length_26936_cov_85.715879_12 (length 299)
prokka_out/CA140404:NODE_12_length_26936_cov_85.715879_13 (length 422)
prokka_out/CA140404:NODE_12_length_26936_cov_85.715879_14 (length 1310)
prokka_out/CA140404:NODE_12_length_26936_cov_85.715879_15 (length 119)
prokka_out/CA140404:NODE_12_length_26936_cov_85.715879_16 (length 195)
prokka_out/CA140404:NODE_12_length_26936_cov_85.715879_17 (length 119)
prokka_out/CA140404:NODE_12_length_26936_cov_85.715879_18 (length 507)
prokka_out/CA140404:NODE_12_length_26936_cov_85.715879_19 (length 105)
prokka_out/CA140404:NODE_12_length_26936_cov_85.715879_20 (length 503)
prokka_out/CA140404:NODE_12_length_26936_cov_85.715879_21 (length 169)
prokka_out/CA140404:NODE_12_length_26936_cov_85.715879_22 (length 167)
prokka_out/CA140404:NODE_13_length_9153_cov_89.010193_1 (length 342)
prokka_out/CA140404:NODE_13_length_9153_cov_89.010193_2 (length 317)
prokka_out/CA140404:NODE_13_length_9153_cov_89.010193_3 (length 541)
prokka_out/CA140404:NODE_13_length_9153_cov_89.010193_4 (length 314)
prokka_out/CA140404:NODE_13_length_9153_cov_89.010193_5 (length 561)
prokka_out/CA140404:NODE_13_length_9153_cov_89.010193_6 (length 313)
prokka_out/CA140404:NODE_13_length_9153_cov_89.010193_7 (length 154)
prokka_out/CA140404:NODE_13_length_9153_cov_89.010193_8 (length 416)
prokka_out/CA140404:NODE_14_length_3703_cov_92.142897_1 (length 580)
prokka_out/CA140404:NODE_15_length_3579_cov_103.025203_1 (length 111)
prokka_out/CA140404:NODE_15_length_3579_cov_103.025203_2 (length 635)
prokka_out/CA140404:NODE_15_length_3579_cov_103.025203_3 (length 422)
prokka_out/CA140404:NODE_16_length_2335_cov_94.225091_1 (length 148)
prokka_out/CA140404:NODE_16_length_2335_cov_94.225091_2 (length 188)
prokka_out/CA140404:NODE_16_length_2335_cov_94.225091_3 (length 116)
prokka_out/CA140404:NODE_16_length_2335_cov_94.225091_4 (length 210)
prokka_out/CA140404:NODE_17_length_1993_cov_150.367095_1 (length 369)
prokka_out/CA140404:NODE_18_length_1768_cov_88.912249_1 (length 125)
prokka_out/CA140404:NODE_18_length_1768_cov_88.912249_2 (length 188)
prokka_out/CA140404:NODE_18_length_1768_cov_88.912249_3 (length 152)
prokka_out/CA140404:NODE_20_length_1565_cov_84.517385_1 (length 185)
prokka_out/CA140404:NODE_20_length_1565_cov_84.517385_2 (length 128)
prokka_out/CA140404:NODE_20_length_1565_cov_84.517385_3 (length 145)
prokka_out/CA140404:NODE_22_length_1398_cov_82.155783_1 (length 190)
prokka_out/CA140404:NODE_22_length_1398_cov_82.155783_2 (length 184)
prokka_out/CA140404:NODE_24_length_1182_cov_73.881517_1 (length 137)
prokka_out/CA140404:NODE_24_length_1182_cov_73.881517_2 (length 149)
prokka_out/CA140404:NODE_25_length_917_cov_316.436709_1 (length 236)
prokka_out/CA140404:NODE_27_length_745_cov_100.017799_1 (length 85)
prokka_out/CA140404:NODE_71_length_425_cov_86.721477_1 (length 90)
prokka_out/CA140404:NODE_73_length_423_cov_350.250000_1 (length 101)

DiscRep_ALL:DISC_SOURCE_QUALS_ASNDISC::strain (all present, all same)
DiscRep_SUB:DISC_SOURCE_QUALS_ASNDISC::48 sources have 'strain' for strain
DiscRep_ALL:DISC_SOURCE_QUALS_ASNDISC::taxname (all present, all same)
DiscRep_SUB:DISC_SOURCE_QUALS_ASNDISC::48 sources have 'Genus species' for taxname
DiscRep_ALL:DISC_FEATURE_COUNT::CDS: 1841 present
DiscRep_ALL:DISC_FEATURE_COUNT::tRNA: 40 present
DiscRep_ALL:DISC_FEATURE_COUNT::rRNA: 2 present
DiscRep_ALL:DISC_FEATURE_COUNT::misc_feature: 1 present
DiscRep_ALL:DISC_FEATURE_COUNT::tmRNA: 1 present
DiscRep_ALL:DISC_COUNT_NUCLEOTIDES::48 nucleotide Bioseqs are present
prokka_out/CA140404:NODE_1_length_332588_cov_91.785139 (length 332588)
prokka_out/CA140404:NODE_2_length_288677_cov_98.038000 (length 288677)
prokka_out/CA140404:NODE_3_length_228260_cov_106.499226 (length 228260)
prokka_out/CA140404:NODE_4_length_183592_cov_86.819104 (length 183592)
prokka_out/CA140404:NODE_5_length_158475_cov_95.623942 (length 158475)
prokka_out/CA140404:NODE_6_length_118826_cov_99.235318 (length 118826)
prokka_out/CA140404:NODE_7_length_101867_cov_100.273806 (length 101867)
prokka_out/CA140404:NODE_8_length_99418_cov_97.298305 (length 99418)
prokka_out/CA140404:NODE_9_length_92411_cov_98.615261 (length 92411)
prokka_out/CA140404:NODE_10_length_81285_cov_84.844242 (length 81285)
prokka_out/CA140404:NODE_11_length_38396_cov_127.096266 (length 38396)
prokka_out/CA140404:NODE_12_length_26936_cov_85.715879 (length 26936)
prokka_out/CA140404:NODE_13_length_9153_cov_89.010193 (length 9153)
prokka_out/CA140404:NODE_14_length_3703_cov_92.142897 (length 3703)
prokka_out/CA140404:NODE_15_length_3579_cov_103.025203 (length 3579)
prokka_out/CA140404:NODE_16_length_2335_cov_94.225091 (length 2335)
prokka_out/CA140404:NODE_17_length_1993_cov_150.367095 (length 1993)
prokka_out/CA140404:NODE_18_length_1768_cov_88.912249 (length 1768)
prokka_out/CA140404:NODE_19_length_1704_cov_172.185162 (length 1704)
prokka_out/CA140404:NODE_20_length_1565_cov_84.517385 (length 1565)
prokka_out/CA140404:NODE_22_length_1398_cov_82.155783 (length 1398)
prokka_out/CA140404:NODE_23_length_1373_cov_125.191011 (length 1373)
prokka_out/CA140404:NODE_24_length_1182_cov_73.881517 (length 1182)
prokka_out/CA140404:NODE_25_length_917_cov_316.436709 (length 917)
prokka_out/CA140404:NODE_27_length_745_cov_100.017799 (length 745)
prokka_out/CA140404:NODE_29_length_686_cov_3.037567 (length 686)
prokka_out/CA140404:NODE_31_length_613_cov_89.154321 (length 613)
prokka_out/CA140404:NODE_33_length_568_cov_92.403628 (length 568)
prokka_out/CA140404:NODE_37_length_523_cov_188.065657 (length 523)
prokka_out/CA140404:NODE_40_length_507_cov_111.300000 (length 507)
prokka_out/CA140404:NODE_53_length_451_cov_187.456790 (length 451)
prokka_out/CA140404:NODE_70_length_425_cov_99.996644 (length 425)
prokka_out/CA140404:NODE_71_length_425_cov_86.721477 (length 425)
prokka_out/CA140404:NODE_72_length_424_cov_121.781145 (length 424)
prokka_out/CA140404:NODE_73_length_423_cov_350.250000 (length 423)
prokka_out/CA140404:NODE_74_length_333_cov_192.839806 (length 333)
prokka_out/CA140404:NODE_75_length_315_cov_296.968085 (length 315)
prokka_out/CA140404:NODE_76_length_315_cov_116.218085 (length 315)
prokka_out/CA140404:NODE_77_length_295_cov_93.797619 (length 295)
prokka_out/CA140404:NODE_78_length_286_cov_223.301887 (length 286)
prokka_out/CA140404:NODE_79_length_264_cov_473.934307 (length 264)
prokka_out/CA140404:NODE_80_length_261_cov_139.552239 (length 261)
prokka_out/CA140404:NODE_81_length_255_cov_81.781250 (length 255)
prokka_out/CA140404:NODE_82_length_255_cov_39.351562 (length 255)
prokka_out/CA140404:NODE_83_length_254_cov_105.362205 (length 254)
prokka_out/CA140404:NODE_84_length_247_cov_94.166667 (length 247)
prokka_out/CA140404:NODE_85_length_243_cov_190.232759 (length 243)
prokka_out/CA140404:NODE_86_length_234_cov_172.738318 (length 234)

DiscRep_ALL:FEATURE_LOCATION_CONFLICT::1884 features have inconsistent gene locations.
DiscRep_SUB:FEATURE_LOCATION_CONFLICT::Coding region xref gene does not exist
prokka_out/CA140404:CDS	hypothetical protein	NODE_1_length_332588_cov_91.785139:c2020-140	NFMMKAFD_00001

DiscRep_SUB:FEATURE_LOCATION_CONFLICT::Coding region xref gene does not exist
prokka_out/CA140404:CDS	hypothetical protein	NODE_1_length_332588_cov_91.785139:c3948-1996	NFMMKAFD_00002

DiscRep_SUB:FEATURE_LOCATION_CONFLICT::Coding region xref gene does not exist
prokka_out/CA140404:CDS	Dihydroanticapsin 7-dehydrogenase	NODE_1_length_332588_cov_91.785139:c4715-3945	NFMMKAFD_00003

DiscRep_SUB:FEATURE_LOCATION_CONFLICT::Coding region xref gene does not exist
prokka_out/CA140404:CDS	CMP-N,N'-diacetyllegionaminic acid synthase	NODE_1_length_332588_cov_91.785139:c5422-4715	NFMMKAFD_00004

DiscRep_SUB:FEATURE_LOCATION_CONFLICT::Coding region xref gene does not exist
prokka_out/CA140404:CDS	hypothetical protein	NODE_1_length_332588_cov_91.785139:c6320-5415	NFMMKAFD_00005

DiscRep_SUB:FEATURE_LOCATION_CONFLICT::Coding region xref gene does not exist
prokka_out/CA140404:CDS	UTP--glucose-1-phosphate uridylyltransferase	NODE_1_length_332588_cov_91.785139:c7342-6317	NFMMKAFD_00006

DiscRep_SUB:FEATURE_LOCATION_CONFLICT::Coding region xref gene does not exist
prokka_out/CA140404:CDS	GDP/UDP-N,N'-diacetylbacillosamine 2-epimerase (hydrolyzing)	NODE_1_length_332588_cov_91.785139:c8505-7351	NFMMKAFD_00007

DiscRep_SUB:FEATURE_LOCATION_CONFLICT::Coding region xref gene does not exist
prokka_out/CA140404:CDS	N,N'-diacetyllegionaminic acid synthase	NODE_1_length_332588_cov_91.785139:c9502-8498	NFMMKAFD_00008

DiscRep_SUB:FEATURE_LOCATION_CONFLICT::Coding region xref gene does not exist
prokka_out/CA140404:CDS	Methionyl-tRNA formyltransferase	NODE_1_length_332588_cov_91.785139:c10091-9627	NFMMKAFD_00009

DiscRep_SUB:FEATURE_LOCATION_CONFLICT::Coding region xref gene does not exist
prokka_out/CA140404:CDS	Putative pyridoxal phosphate-dependent aminotransferase EpsN	NODE_1_length_332588_cov_91.785139:c11707-10562	NFMMKAFD_00010

DiscRep_SUB:FEATURE_LOCATION_CONFLICT::Coding region xref gene does not exist
prokka_out/CA140404:CDS	GDP-6-deoxy-D-mannose reductase	NODE_1_length_332588_cov_91.785139:c12671-11700	NFMMKAFD_00011

DiscRep_SUB:FEATURE_LOCATION_CONFLICT::Coding region xref gene does not exist
prokka_out/CA140404:CDS	Pseudaminic acid synthase	NODE_1_length_332588_cov_91.785139:c13699-12668	NFMMKAFD_00012

DiscRep_SUB:FEATURE_LOCATION_CONFLICT::Coding region xref gene does not exist
prokka_out/CA140404:CDS	hypothetical protein	NODE_1_length_332588_cov_91.785139:13957-15093	NFMMKAFD_00013

DiscRep_SUB:FEATURE_LOCATION_CONFLICT::Coding region xref gene does not exist
prokka_out/CA140404:CDS	Imidazole glycerol phosphate synthase subunit HisH	NODE_1_length_332588_cov_91.785139:15090-15695	NFMMKAFD_00014

DiscRep_SUB:FEATURE_LOCATION_CONFLICT::Coding region xref gene does not exist
prokka_out/CA140404:CDS	Imidazole glycerol phosphate synthase subunit HisF	NODE_1_length_332588_cov_91.785139:15696-16442	NFMMKAFD_00015

DiscRep_SUB:FEATURE_LOCATION_CONFLICT::Coding region xref gene does not exist
prokka_out/CA140404:CDS	UDP-4-amino-4,6-dideoxy-N-acetyl-beta-L-altrosamine N-acetyltransferase	NODE_1_length_332588_cov_91.785139:c16880-16407	NFMMKAFD_00016

DiscRep_SUB:FEATURE_LOCATION_CONFLICT::Coding region xref gene does not exist
prokka_out/CA140404:CDS	UDP-2,4-diacetamido-2,4,6-trideoxy-beta-L-altropyranose hydrolase	NODE_1_length_332588_cov_91.785139:c17701-16877	NFMMKAFD_00017

DiscRep_SUB:FEATURE_LOCATION_CONFLICT::Coding region xref gene does not exist
prokka_out/CA140404:CDS	CMP-N,N'-diacetyllegionaminic acid synthase	NODE_1_length_332588_cov_91.785139:c18383-17685	NFMMKAFD_00018

DiscRep_SUB:FEATURE_LOCATION_CONFLICT::Coding region xref gene does not exist
prokka_out/CA140404:CDS	hypothetical protein	NODE_1_length_332588_cov_91.785139:18474-19130	NFMMKAFD_00019

DiscRep_SUB:FEATURE_LOCATION_CONFLICT::Coding region xref gene does not exist
prokka_out/CA140404:CDS	hypothetical protein	NODE_1_length_332588_cov_91.785139:19114-19686	NFMMKAFD_00020

DiscRep_SUB:FEATURE_LOCATION_CONFLICT::Coding region xref gene does not exist
prokka_out/CA140404:CDS	hypothetical protein	NODE_1_length_332588_cov_91.785139:c20471-19683	NFMMKAFD_00021

DiscRep_SUB:FEATURE_LOCATION_CONFLICT::Coding region xref gene does not exist
prokka_out/CA140404:CDS	hypothetical protein	NODE_1_length_332588_cov_91.785139:c21466-20468	NFMMKAFD_00022

DiscRep_SUB:FEATURE_LOCATION_CONFLICT::Coding region xref gene does not exist
prokka_out/CA140404:CDS	hypothetical protein	NODE_1_length_332588_cov_91.785139:c22077-21463	NFMMKAFD_00023

DiscRep_SUB:FEATURE_LOCATION_CONFLICT::Coding region xref gene does not exist
prokka_out/CA140404:CDS	hypothetical protein	NODE_1_length_332588_cov_91.785139:c22611-22387	NFMMKAFD_00024

DiscRep_SUB:FEATURE_LOCATION_CONFLICT::Coding region xref gene does not exist
prokka_out/CA140404:CDS	Methionyl-tRNA formyltransferase	NODE_1_length_332588_cov_91.785139:c23332-22613	NFMMKAFD_00025

DiscRep_SUB:FEATURE_LOCATION_CONFLICT::Coding region xref gene does not exist
prokka_out/CA140404:CDS	hypothetical protein	NODE_1_length_332588_cov_91.785139:c24057-23332	NFMMKAFD_00026

DiscRep_SUB:FEATURE_LOCATION_CONFLICT::Coding region xref gene does not exist
prokka_out/CA140404:CDS	D-alanine--D-alanyl carrier protein ligase	NODE_1_length_332588_cov_91.785139:c25558-24050	NFMMKAFD_00027

DiscRep_SUB:FEATURE_LOCATION_CONFLICT::Coding region xref gene does not exist
prokka_out/CA140404:CDS	hypothetical protein	NODE_1_length_332588_cov_91.785139:25619-26848	NFMMKAFD_00028

DiscRep_SUB:FEATURE_LOCATION_CONFLICT::Coding region xref gene does not exist
prokka_out/CA140404:CDS	hypothetical protein	NODE_1_length_332588_cov_91.785139:c27083-26862	NFMMKAFD_00029

DiscRep_SUB:FEATURE_LOCATION_CONFLICT::Coding region xref gene does not exist
prokka_out/CA140404:CDS	3-oxoacyl-[acyl-carrier-protein] synthase 3	NODE_1_length_332588_cov_91.785139:c28144-27083	NFMMKAFD_00030

DiscRep_SUB:FEATURE_LOCATION_CONFLICT::Coding region xref gene does not exist
prokka_out/CA140404:CDS	hypothetical protein	NODE_1_length_332588_cov_91.785139:c29696-28134	NFMMKAFD_00031

DiscRep_SUB:FEATURE_LOCATION_CONFLICT::Coding region xref gene does not exist
prokka_out/CA140404:CDS	hypothetical protein	NODE_1_length_332588_cov_91.785139:c30109-29693	NFMMKAFD_00032

DiscRep_SUB:FEATURE_LOCATION_CONFLICT::Coding region xref gene does not exist
prokka_out/CA140404:CDS	hypothetical protein	NODE_1_length_332588_cov_91.785139:c30995-30102	NFMMKAFD_00033

DiscRep_SUB:FEATURE_LOCATION_CONFLICT::Coding region xref gene does not exist
prokka_out/CA140404:CDS	hypothetical protein	NODE_1_length_332588_cov_91.785139:c31222-30992	NFMMKAFD_00034

DiscRep_SUB:FEATURE_LOCATION_CONFLICT::Coding region xref gene does not exist
prokka_out/CA140404:CDS	hypothetical protein	NODE_1_length_332588_cov_91.785139:c32044-31253	NFMMKAFD_00035

DiscRep_SUB:FEATURE_LOCATION_CONFLICT::Coding region xref gene does not exist
prokka_out/CA140404:CDS	hypothetical protein	NODE_1_length_332588_cov_91.785139:c32856-32065	NFMMKAFD_00036

DiscRep_SUB:FEATURE_LOCATION_CONFLICT::Coding region xref gene does not exist
prokka_out/CA140404:CDS	Putative polysaccharide biosynthesis protein with aminopeptidase-like domain protein	NODE_1_length_332588_cov_91.785139:c33791-32853	NFMMKAFD_00037

DiscRep_SUB:FEATURE_LOCATION_CONFLICT::Coding region xref gene does not exist
prokka_out/CA140404:CDS	hypothetical protein	NODE_1_length_332588_cov_91.785139:c34164-33964	NFMMKAFD_00038

DiscRep_SUB:FEATURE_LOCATION_CONFLICT::Coding region xref gene does not exist
prokka_out/CA140404:CDS	UDP-4-amino-4,6-dideoxy-N-acetyl-beta-L-altrosamine transaminase	NODE_1_length_332588_cov_91.785139:c35287-34157	NFMMKAFD_00039

DiscRep_SUB:FEATURE_LOCATION_CONFLICT::Coding region xref gene does not exist
prokka_out/CA140404:CDS	UDP-N-acetylglucosamine 4,6-dehydratase (inverting)	NODE_1_length_332588_cov_91.785139:c36293-35289	NFMMKAFD_00040

DiscRep_SUB:FEATURE_LOCATION_CONFLICT::Coding region xref gene does not exist
prokka_out/CA140404:CDS	dCTP deaminase	NODE_1_length_332588_cov_91.785139:c36902-36342	NFMMKAFD_00041

DiscRep_SUB:FEATURE_LOCATION_CONFLICT::Coding region xref gene does not exist
prokka_out/CA140404:CDS	Biotin carboxyl carrier protein of acetyl-CoA carboxylase	NODE_1_length_332588_cov_91.785139:37050-37505	NFMMKAFD_00042

DiscRep_SUB:FEATURE_LOCATION_CONFLICT::Coding region xref gene does not exist
prokka_out/CA140404:CDS	Biotin carboxylase	NODE_1_length_332588_cov_91.785139:37507-38838	NFMMKAFD_00043

DiscRep_SUB:FEATURE_LOCATION_CONFLICT::Coding region xref gene does not exist
prokka_out/CA140404:CDS	Chaperone SurA	NODE_1_length_332588_cov_91.785139:c39690-38875	NFMMKAFD_00044

DiscRep_SUB:FEATURE_LOCATION_CONFLICT::Coding region xref gene does not exist
prokka_out/CA140404:CDS	Glutamate--tRNA ligase 1	NODE_1_length_332588_cov_91.785139:39755-41146	NFMMKAFD_00045

DiscRep_SUB:FEATURE_LOCATION_CONFLICT::Coding region xref gene does not exist
prokka_out/CA140404:CDS	NADP-dependent malic enzyme	NODE_1_length_332588_cov_91.785139:41148-42383	NFMMKAFD_00046

DiscRep_SUB:FEATURE_LOCATION_CONFLICT::Coding region xref gene does not exist
prokka_out/CA140404:CDS	Uracil phosphoribosyltransferase	NODE_1_length_332588_cov_91.785139:42380-43006	NFMMKAFD_00047

DiscRep_SUB:FEATURE_LOCATION_CONFLICT::Coding region xref gene does not exist
prokka_out/CA140404:CDS	Chorismate dehydratase	NODE_1_length_332588_cov_91.785139:43012-43683	NFMMKAFD_00048

DiscRep_SUB:FEATURE_LOCATION_CONFLICT::Coding region xref gene does not exist
prokka_out/CA140404:CDS	Ktr system potassium uptake protein A	NODE_1_length_332588_cov_91.785139:c44330-43680	NFMMKAFD_00049

DiscRep_SUB:FEATURE_LOCATION_CONFLICT::Coding region xref gene does not exist
prokka_out/CA140404:CDS	Ktr system potassium uptake protein B	NODE_1_length_332588_cov_91.785139:c45684-44341	NFMMKAFD_00050

DiscRep_SUB:FEATURE_LOCATION_CONFLICT::Coding region xref gene does not exist
prokka_out/CA140404:CDS	Peptidoglycan glycosyltransferase MrdB	NODE_1_length_332588_cov_91.785139:c47237-46137	NFMMKAFD_00053

DiscRep_SUB:FEATURE_LOCATION_CONFLICT::Coding region xref gene does not exist
prokka_out/CA140404:CDS	Ribosomal large subunit pseudouridine synthase D	NODE_1_length_332588_cov_91.785139:47315-48283	NFMMKAFD_00054

DiscRep_SUB:FEATURE_LOCATION_CONFLICT::Coding region xref gene does not exist
prokka_out/CA140404:CDS	hypothetical protein	NODE_1_length_332588_cov_91.785139:48231-49463	NFMMKAFD_00055

DiscRep_SUB:FEATURE_LOCATION_CONFLICT::Coding region xref gene does not exist
prokka_out/CA140404:CDS	tRNA (guanine-N(7)-)-methyltransferase	NODE_1_length_332588_cov_91.785139:49463-50641	NFMMKAFD_00056

DiscRep_SUB:FEATURE_LOCATION_CONFLICT::Coding region xref gene does not exist
prokka_out/CA140404:CDS	Methionine import ATP-binding protein MetN	NODE_1_length_332588_cov_91.785139:50711-51376	NFMMKAFD_00057

DiscRep_SUB:FEATURE_LOCATION_CONFLICT::Coding region xref gene does not exist
prokka_out/CA140404:CDS	hypothetical protein	NODE_1_length_332588_cov_91.785139:51363-52169	NFMMKAFD_00058

DiscRep_SUB:FEATURE_LOCATION_CONFLICT::Coding region xref gene does not exist
prokka_out/CA140404:CDS	hypothetical protein	NODE_1_length_332588_cov_91.785139:52166-53359	NFMMKAFD_00059

DiscRep_SUB:FEATURE_LOCATION_CONFLICT::Coding region xref gene does not exist
prokka_out/CA140404:CDS	Uridylate kinase	NODE_1_length_332588_cov_91.785139:53411-54130	NFMMKAFD_00060

DiscRep_SUB:FEATURE_LOCATION_CONFLICT::Coding region xref gene does not exist
prokka_out/CA140404:CDS	DNA-directed RNA polymerase subunit omega	NODE_1_length_332588_cov_91.785139:54141-54365	NFMMKAFD_00061

DiscRep_SUB:FEATURE_LOCATION_CONFLICT::Coding region xref gene does not exist
prokka_out/CA140404:CDS	GTP pyrophosphokinase	NODE_1_length_332588_cov_91.785139:54349-56544	NFMMKAFD_00062

DiscRep_SUB:FEATURE_LOCATION_CONFLICT::Coding region xref gene does not exist
prokka_out/CA140404:CDS	Tyrosine--tRNA ligase	NODE_1_length_332588_cov_91.785139:56556-57761	NFMMKAFD_00063

DiscRep_SUB:FEATURE_LOCATION_CONFLICT::Coding region xref gene does not exist
prokka_out/CA140404:CDS	hypothetical protein	NODE_1_length_332588_cov_91.785139:57758-58849	NFMMKAFD_00064

DiscRep_SUB:FEATURE_LOCATION_CONFLICT::Coding region xref gene does not exist
prokka_out/CA140404:CDS	hypothetical protein	NODE_1_length_332588_cov_91.785139:58849-60828	NFMMKAFD_00065

DiscRep_SUB:FEATURE_LOCATION_CONFLICT::Coding region xref gene does not exist
prokka_out/CA140404:CDS	tRNA 5-methylaminomethyl-2-thiouridine biosynthesis bifunctional protein MnmC	NODE_1_length_332588_cov_91.785139:60825-62666	NFMMKAFD_00066

DiscRep_SUB:FEATURE_LOCATION_CONFLICT::Coding region xref gene does not exist
prokka_out/CA140404:CDS	Quinone-reactive Ni/Fe-hydrogenase small chain	NODE_1_length_332588_cov_91.785139:62786-63925	NFMMKAFD_00067

DiscRep_SUB:FEATURE_LOCATION_CONFLICT::Coding region xref gene does not exist
prokka_out/CA140404:CDS	Quinone-reactive Ni/Fe-hydrogenase large chain	NODE_1_length_332588_cov_91.785139:63928-65643	NFMMKAFD_00068

DiscRep_SUB:FEATURE_LOCATION_CONFLICT::Coding region xref gene does not exist
prokka_out/CA140404:CDS	Quinone-reactive Ni/Fe-hydrogenase B-type cytochrome subunit	NODE_1_length_332588_cov_91.785139:65654-66346	NFMMKAFD_00069

DiscRep_SUB:FEATURE_LOCATION_CONFLICT::Coding region xref gene does not exist
prokka_out/CA140404:CDS	hypothetical protein	NODE_1_length_332588_cov_91.785139:66376-66879	NFMMKAFD_00070

DiscRep_SUB:FEATURE_LOCATION_CONFLICT::Coding region xref gene does not exist
prokka_out/CA140404:CDS	Recombination protein RecR	NODE_1_length_332588_cov_91.785139:c67448-66876	NFMMKAFD_00071

DiscRep_SUB:FEATURE_LOCATION_CONFLICT::Coding region xref gene does not exist
prokka_out/CA140404:CDS	hypothetical protein	NODE_1_length_332588_cov_91.785139:c68683-67448	NFMMKAFD_00072

DiscRep_SUB:FEATURE_LOCATION_CONFLICT::Coding region xref gene does not exist
prokka_out/CA140404:CDS	Sensory transduction protein regX3	NODE_1_length_332588_cov_91.785139:c69351-68680	NFMMKAFD_00073

DiscRep_SUB:FEATURE_LOCATION_CONFLICT::Coding region xref gene does not exist
prokka_out/CA140404:CDS	Chaperone protein DnaJ	NODE_1_length_332588_cov_91.785139:69508-70632	NFMMKAFD_00074

DiscRep_SUB:FEATURE_LOCATION_CONFLICT::Coding region xref gene does not exist
prokka_out/CA140404:CDS	Major outer membrane protein	NODE_1_length_332588_cov_91.785139:c72027-70747	NFMMKAFD_00075

DiscRep_SUB:FEATURE_LOCATION_CONFLICT::Coding region xref gene does not exist
prokka_out/CA140404:CDS	Low molecular weight protein-tyrosine-phosphatase YfkJ	NODE_1_length_332588_cov_91.785139:c72734-72279	NFMMKAFD_00076

DiscRep_SUB:FEATURE_LOCATION_CONFLICT::Coding region xref gene does not exist
prokka_out/CA140404:CDS	Staphyloferrin B transporter	NODE_1_length_332588_cov_91.785139:72788-73972	NFMMKAFD_00077

DiscRep_SUB:FEATURE_LOCATION_CONFLICT::Coding region xref gene does not exist
prokka_out/CA140404:CDS	hypothetical protein	NODE_1_length_332588_cov_91.785139:73990-74652	NFMMKAFD_00078

DiscRep_SUB:FEATURE_LOCATION_CONFLICT::Coding region xref gene does not exist
prokka_out/CA140404:CDS	hypothetical protein	NODE_1_length_332588_cov_91.785139:c75173-74691	NFMMKAFD_00079

DiscRep_SUB:FEATURE_LOCATION_CONFLICT::Coding region xref gene does not exist
prokka_out/CA140404:CDS	Polyribonucleotide nucleotidyltransferase	NODE_1_length_332588_cov_91.785139:c77329-75170	NFMMKAFD_00080

DiscRep_SUB:FEATURE_LOCATION_CONFLICT::Coding region xref gene does not exist
prokka_out/CA140404:CDS	LPS-assembly protein LptD	NODE_1_length_332588_cov_91.785139:c79447-77399	NFMMKAFD_00081

DiscRep_SUB:FEATURE_LOCATION_CONFLICT::Coding region xref gene does not exist
prokka_out/CA140404:CDS	hypothetical protein	NODE_1_length_332588_cov_91.785139:c79889-79437	NFMMKAFD_00082

DiscRep_SUB:FEATURE_LOCATION_CONFLICT::Coding region xref gene does not exist
prokka_out/CA140404:CDS	Phosphoribosylamine--glycine ligase	NODE_1_length_332588_cov_91.785139:c81136-79886	NFMMKAFD_00083

DiscRep_SUB:FEATURE_LOCATION_CONFLICT::Coding region xref gene does not exist
prokka_out/CA140404:CDS	hypothetical protein	NODE_1_length_332588_cov_91.785139:c82836-81376	NFMMKAFD_00084

DiscRep_SUB:FEATURE_LOCATION_CONFLICT::Coding region xref gene does not exist
prokka_out/CA140404:CDS	GMP synthase [glutamine-hydrolyzing]	NODE_1_length_332588_cov_91.785139:c84458-82923	NFMMKAFD_00085

DiscRep_SUB:FEATURE_LOCATION_CONFLICT::Coding region xref gene does not exist
prokka_out/CA140404:CDS	hypothetical protein	NODE_1_length_332588_cov_91.785139:84597-85091	NFMMKAFD_00086

DiscRep_SUB:FEATURE_LOCATION_CONFLICT::Coding region xref gene does not exist
prokka_out/CA140404:CDS	UvrABC system protein C	NODE_1_length_332588_cov_91.785139:85084-86886	NFMMKAFD_00087

DiscRep_SUB:FEATURE_LOCATION_CONFLICT::Coding region xref gene does not exist
prokka_out/CA140404:CDS	hypothetical protein	NODE_1_length_332588_cov_91.785139:86888-88084	NFMMKAFD_00088

DiscRep_SUB:FEATURE_LOCATION_CONFLICT::Coding region xref gene does not exist
prokka_out/CA140404:CDS	GTP 3',8-cyclase	NODE_1_length_332588_cov_91.785139:c88983-88081	NFMMKAFD_00089

DiscRep_SUB:FEATURE_LOCATION_CONFLICT::Coding region xref gene does not exist
prokka_out/CA140404:CDS	Uroporphyrinogen decarboxylase	NODE_1_length_332588_cov_91.785139:c90002-88980	NFMMKAFD_00090

DiscRep_SUB:FEATURE_LOCATION_CONFLICT::Coding region xref gene does not exist
prokka_out/CA140404:CDS	hypothetical protein	NODE_1_length_332588_cov_91.785139:c90506-90186	NFMMKAFD_00091

DiscRep_SUB:FEATURE_LOCATION_CONFLICT::Coding region xref gene does not exist
prokka_out/CA140404:CDS	Putative transporter AraJ	NODE_1_length_332588_cov_91.785139:c91761-90562	NFMMKAFD_00092

DiscRep_SUB:FEATURE_LOCATION_CONFLICT::Coding region xref gene does not exist
prokka_out/CA140404:CDS	hypothetical protein	NODE_1_length_332588_cov_91.785139:91880-92482	NFMMKAFD_00093

DiscRep_SUB:FEATURE_LOCATION_CONFLICT::Coding region xref gene does not exist
prokka_out/CA140404:CDS	4-hydroxythreonine-4-phosphate dehydrogenase	NODE_1_length_332588_cov_91.785139:c93566-92472	NFMMKAFD_00094

DiscRep_SUB:FEATURE_LOCATION_CONFLICT::Coding region xref gene does not exist
prokka_out/CA140404:CDS	Pyridoxine 5'-phosphate synthase	NODE_1_length_332588_cov_91.785139:c94336-93563	NFMMKAFD_00095

DiscRep_SUB:FEATURE_LOCATION_CONFLICT::Coding region xref gene does not exist
prokka_out/CA140404:CDS	Guanosine-5'-triphosphate,3'-diphosphate pyrophosphatase	NODE_1_length_332588_cov_91.785139:94392-95366	NFMMKAFD_00096

DiscRep_SUB:FEATURE_LOCATION_CONFLICT::Coding region xref gene does not exist
prokka_out/CA140404:CDS	hypothetical protein	NODE_1_length_332588_cov_91.785139:c96313-95363	NFMMKAFD_00097

DiscRep_SUB:FEATURE_LOCATION_CONFLICT::Coding region xref gene does not exist
prokka_out/CA140404:CDS	hypothetical protein	NODE_1_length_332588_cov_91.785139:c97131-96310	NFMMKAFD_00098

DiscRep_SUB:FEATURE_LOCATION_CONFLICT::Coding region xref gene does not exist
prokka_out/CA140404:CDS	Glycine--tRNA ligase beta subunit	NODE_1_length_332588_cov_91.785139:c99122-97128	NFMMKAFD_00099

DiscRep_SUB:FEATURE_LOCATION_CONFLICT::Coding region xref gene does not exist
prokka_out/CA140404:CDS	Phosphoglycolate phosphatase	NODE_1_length_332588_cov_91.785139:c99798-99178	NFMMKAFD_00100

DiscRep_SUB:FEATURE_LOCATION_CONFLICT::Coding region xref gene does not exist
prokka_out/CA140404:CDS	hypothetical protein	NODE_1_length_332588_cov_91.785139:c100127-99795	NFMMKAFD_00101

DiscRep_SUB:FEATURE_LOCATION_CONFLICT::Coding region xref gene does not exist
prokka_out/CA140404:CDS	Glutathione-regulated potassium-efflux system protein KefC	NODE_1_length_332588_cov_91.785139:c101762-100137	NFMMKAFD_00102

DiscRep_SUB:FEATURE_LOCATION_CONFLICT::Coding region xref gene does not exist
prokka_out/CA140404:CDS	hypothetical protein	NODE_1_length_332588_cov_91.785139:c102143-101769	NFMMKAFD_00103

DiscRep_SUB:FEATURE_LOCATION_CONFLICT::Coding region xref gene does not exist
prokka_out/CA140404:CDS	Curved DNA-binding protein	NODE_1_length_332588_cov_91.785139:c103052-102159	NFMMKAFD_00104

DiscRep_SUB:FEATURE_LOCATION_CONFLICT::Coding region xref gene does not exist
prokka_out/CA140404:CDS	Periplasmic serine endoprotease DegP	NODE_1_length_332588_cov_91.785139:103253-104671	NFMMKAFD_00105

DiscRep_SUB:FEATURE_LOCATION_CONFLICT::Coding region xref gene does not exist
prokka_out/CA140404:CDS	Sensory transduction protein regX3	NODE_1_length_332588_cov_91.785139:104747-105421	NFMMKAFD_00106

DiscRep_SUB:FEATURE_LOCATION_CONFLICT::Coding region xref gene does not exist
prokka_out/CA140404:CDS	hypothetical protein	NODE_1_length_332588_cov_91.785139:105418-106665	NFMMKAFD_00107

DiscRep_SUB:FEATURE_LOCATION_CONFLICT::Coding region xref gene does not exist
prokka_out/CA140404:CDS	hypothetical protein	NODE_1_length_332588_cov_91.785139:c107172-106924	NFMMKAFD_00109

DiscRep_SUB:FEATURE_LOCATION_CONFLICT::Coding region xref gene does not exist
prokka_out/CA140404:CDS	Bacteriohemerythrin	NODE_1_length_332588_cov_91.785139:c107782-107183	NFMMKAFD_00110

DiscRep_SUB:FEATURE_LOCATION_CONFLICT::Coding region xref gene does not exist
prokka_out/CA140404:CDS	Response regulator MprA	NODE_1_length_332588_cov_91.785139:107930-108595	NFMMKAFD_00111

DiscRep_SUB:FEATURE_LOCATION_CONFLICT::Coding region xref gene does not exist
prokka_out/CA140404:CDS	Adaptive-response sensory-kinase SasA	NODE_1_length_332588_cov_91.785139:108588-109778	NFMMKAFD_00112

DiscRep_SUB:FEATURE_LOCATION_CONFLICT::Coding region xref gene does not exist
prokka_out/CA140404:CDS	60 kDa chaperonin	NODE_1_length_332588_cov_91.785139:c111458-109821	NFMMKAFD_00113

DiscRep_SUB:FEATURE_LOCATION_CONFLICT::Coding region xref gene does not exist
prokka_out/CA140404:CDS	10 kDa chaperonin	NODE_1_length_332588_cov_91.785139:c111740-111480	NFMMKAFD_00114

DiscRep_SUB:FEATURE_LOCATION_CONFLICT::Coding region xref gene does not exist
prokka_out/CA140404:CDS	hypothetical protein	NODE_1_length_332588_cov_91.785139:111902-114442	NFMMKAFD_00115

DiscRep_SUB:FEATURE_LOCATION_CONFLICT::Coding region xref gene does not exist
prokka_out/CA140404:CDS	Riboflavin synthase	NODE_1_length_332588_cov_91.785139:114451-115062	NFMMKAFD_00116

DiscRep_SUB:FEATURE_LOCATION_CONFLICT::Coding region xref gene does not exist
prokka_out/CA140404:CDS	hypothetical protein	NODE_1_length_332588_cov_91.785139:115026-115706	NFMMKAFD_00117

DiscRep_SUB:FEATURE_LOCATION_CONFLICT::Coding region xref gene does not exist
prokka_out/CA140404:CDS	hypothetical protein	NODE_1_length_332588_cov_91.785139:115708-115911	NFMMKAFD_00118

DiscRep_SUB:FEATURE_LOCATION_CONFLICT::Coding region xref gene does not exist
prokka_out/CA140404:CDS	Murein DD-endopeptidase MepM	NODE_1_length_332588_cov_91.785139:c117068-115908	NFMMKAFD_00119

DiscRep_SUB:FEATURE_LOCATION_CONFLICT::Coding region xref gene does not exist
prokka_out/CA140404:CDS	Plasminogen-binding protein PgbA	NODE_1_length_332588_cov_91.785139:117191-117907	NFMMKAFD_00120

DiscRep_SUB:FEATURE_LOCATION_CONFLICT::Coding region xref gene does not exist
prokka_out/CA140404:CDS	putative FAD-linked oxidoreductase	NODE_1_length_332588_cov_91.785139:117919-119301	NFMMKAFD_00121

DiscRep_SUB:FEATURE_LOCATION_CONFLICT::Coding region xref gene does not exist
prokka_out/CA140404:CDS	hypothetical protein	NODE_1_length_332588_cov_91.785139:119305-120111	NFMMKAFD_00122

DiscRep_SUB:FEATURE_LOCATION_CONFLICT::Coding region xref gene does not exist
prokka_out/CA140404:CDS	hypothetical protein	NODE_1_length_332588_cov_91.785139:c121314-120055	NFMMKAFD_00123

DiscRep_SUB:FEATURE_LOCATION_CONFLICT::Coding region xref gene does not exist
prokka_out/CA140404:CDS	Inner membrane protein YohD	NODE_1_length_332588_cov_91.785139:c121871-121314	NFMMKAFD_00124

DiscRep_SUB:FEATURE_LOCATION_CONFLICT::Coding region xref gene does not exist
prokka_out/CA140404:CDS	Ribonuclease Y	NODE_1_length_332588_cov_91.785139:c123433-121880	NFMMKAFD_00125

DiscRep_SUB:FEATURE_LOCATION_CONFLICT::Coding region xref gene does not exist
prokka_out/CA140404:CDS	Thiol-disulfide oxidoreductase ResA	NODE_1_length_332588_cov_91.785139:124063-124620	NFMMKAFD_00126

DiscRep_SUB:FEATURE_LOCATION_CONFLICT::Coding region xref gene does not exist
prokka_out/CA140404:CDS	Signal recognition particle receptor FtsY	NODE_1_length_332588_cov_91.785139:124620-125486	NFMMKAFD_00127

DiscRep_SUB:FEATURE_LOCATION_CONFLICT::Coding region xref gene does not exist
prokka_out/CA140404:CDS	DNA repair protein RadA	NODE_1_length_332588_cov_91.785139:125486-126826	NFMMKAFD_00128

DiscRep_SUB:FEATURE_LOCATION_CONFLICT::Coding region xref gene does not exist
prokka_out/CA140404:CDS	ATP synthase subunit a	NODE_1_length_332588_cov_91.785139:126895-127575	NFMMKAFD_00129

DiscRep_SUB:FEATURE_LOCATION_CONFLICT::Coding region xref gene does not exist
prokka_out/CA140404:CDS	5,10-methylenetetrahydrofolate reductase	NODE_1_length_332588_cov_91.785139:c128633-127785	NFMMKAFD_00130

DiscRep_SUB:FEATURE_LOCATION_CONFLICT::Coding region xref gene does not exist
prokka_out/CA140404:CDS	5-methyltetrahydropteroyltriglutamate--homocysteine methyltransferase	NODE_1_length_332588_cov_91.785139:c130907-128643	NFMMKAFD_00131

DiscRep_SUB:FEATURE_LOCATION_CONFLICT::Coding region xref gene does not exist
prokka_out/CA140404:CDS	Membrane lipoprotein TpN32	NODE_1_length_332588_cov_91.785139:c131689-130919	NFMMKAFD_00132

DiscRep_SUB:FEATURE_LOCATION_CONFLICT::Coding region xref gene does not exist
prokka_out/CA140404:CDS	hypothetical protein	NODE_1_length_332588_cov_91.785139:c132692-131700	NFMMKAFD_00133

DiscRep_SUB:FEATURE_LOCATION_CONFLICT::Coding region xref gene does not exist
prokka_out/CA140404:CDS	S-ribosylhomocysteine lyase	NODE_1_length_332588_cov_91.785139:c133497-133003	NFMMKAFD_00134

DiscRep_SUB:FEATURE_LOCATION_CONFLICT::Coding region xref gene does not exist
prokka_out/CA140404:CDS	Aspartyl/glutamyl-tRNA(Asn/Gln) amidotransferase subunit B	NODE_1_length_332588_cov_91.785139:133612-135030	NFMMKAFD_00135

DiscRep_SUB:FEATURE_LOCATION_CONFLICT::Coding region xref gene does not exist
prokka_out/CA140404:CDS	Glycerol-3-phosphate dehydrogenase [NAD(P)+]	NODE_1_length_332588_cov_91.785139:135030-135923	NFMMKAFD_00136

DiscRep_SUB:FEATURE_LOCATION_CONFLICT::Coding region xref gene does not exist
prokka_out/CA140404:CDS	Dihydroorotase	NODE_1_length_332588_cov_91.785139:135933-137111	NFMMKAFD_00137

DiscRep_SUB:FEATURE_LOCATION_CONFLICT::Coding region xref gene does not exist
prokka_out/CA140404:CDS	hypothetical protein	NODE_1_length_332588_cov_91.785139:c138645-137119	NFMMKAFD_00138

DiscRep_SUB:FEATURE_LOCATION_CONFLICT::Coding region xref gene does not exist
prokka_out/CA140404:CDS	hypothetical protein	NODE_1_length_332588_cov_91.785139:138787-139593	NFMMKAFD_00139

DiscRep_SUB:FEATURE_LOCATION_CONFLICT::Coding region xref gene does not exist
prokka_out/CA140404:CDS	Aerobic C4-dicarboxylate transport protein	NODE_1_length_332588_cov_91.785139:c140966-139590	NFMMKAFD_00140

DiscRep_SUB:FEATURE_LOCATION_CONFLICT::Coding region xref gene does not exist
prokka_out/CA140404:CDS	Aerotaxis receptor	NODE_1_length_332588_cov_91.785139:141235-141729	NFMMKAFD_00141

DiscRep_SUB:FEATURE_LOCATION_CONFLICT::Coding region xref gene does not exist
prokka_out/CA140404:CDS	hypothetical protein	NODE_1_length_332588_cov_91.785139:141849-143228	NFMMKAFD_00142

DiscRep_SUB:FEATURE_LOCATION_CONFLICT::Coding region xref gene does not exist
prokka_out/CA140404:CDS	Aerotaxis receptor	NODE_1_length_332588_cov_91.785139:143246-143743	NFMMKAFD_00143

DiscRep_SUB:FEATURE_LOCATION_CONFLICT::Coding region xref gene does not exist
prokka_out/CA140404:CDS	tRNA uridine 5-carboxymethylaminomethyl modification enzyme MnmG	NODE_1_length_332588_cov_91.785139:143831-145690	NFMMKAFD_00144

DiscRep_SUB:FEATURE_LOCATION_CONFLICT::Coding region xref gene does not exist
prokka_out/CA140404:CDS	Arsenical pump membrane protein	NODE_1_length_332588_cov_91.785139:145691-146977	NFMMKAFD_00145

DiscRep_SUB:FEATURE_LOCATION_CONFLICT::Coding region xref gene does not exist
prokka_out/CA140404:CDS	Ubiquinol-cytochrome c reductase iron-sulfur subunit	NODE_1_length_332588_cov_91.785139:147068-147571	NFMMKAFD_00146

DiscRep_SUB:FEATURE_LOCATION_CONFLICT::Coding region xref gene does not exist
prokka_out/CA140404:CDS	Cytochrome b	NODE_1_length_332588_cov_91.785139:147573-148823	NFMMKAFD_00147

DiscRep_SUB:FEATURE_LOCATION_CONFLICT::Coding region xref gene does not exist
prokka_out/CA140404:CDS	hypothetical protein	NODE_1_length_332588_cov_91.785139:148820-149944	NFMMKAFD_00148

DiscRep_SUB:FEATURE_LOCATION_CONFLICT::Coding region xref gene does not exist
prokka_out/CA140404:CDS	Cyclopropane-fatty-acyl-phospholipid synthase	NODE_1_length_332588_cov_91.785139:150072-151235	NFMMKAFD_00149

DiscRep_SUB:FEATURE_LOCATION_CONFLICT::Coding region xref gene does not exist
prokka_out/CA140404:CDS	30S ribosomal protein S2	NODE_1_length_332588_cov_91.785139:151351-152142	NFMMKAFD_00150

DiscRep_SUB:FEATURE_LOCATION_CONFLICT::Coding region xref gene does not exist
prokka_out/CA140404:CDS	Elongation factor Ts	NODE_1_length_332588_cov_91.785139:152142-153215	NFMMKAFD_00151

DiscRep_SUB:FEATURE_LOCATION_CONFLICT::Coding region xref gene does not exist
prokka_out/CA140404:CDS	Lipoprotein-releasing system ATP-binding protein LolD	NODE_1_length_332588_cov_91.785139:153228-153863	NFMMKAFD_00152

DiscRep_SUB:FEATURE_LOCATION_CONFLICT::Coding region xref gene does not exist
prokka_out/CA140404:CDS	Flagellar biosynthetic protein FliR	NODE_1_length_332588_cov_91.785139:153850-154617	NFMMKAFD_00153

DiscRep_SUB:FEATURE_LOCATION_CONFLICT::Coding region xref gene does not exist
prokka_out/CA140404:CDS	hypothetical protein	NODE_1_length_332588_cov_91.785139:154674-156317	NFMMKAFD_00154

DiscRep_SUB:FEATURE_LOCATION_CONFLICT::Coding region xref gene does not exist
prokka_out/CA140404:CDS	Guanylate kinase	NODE_1_length_332588_cov_91.785139:156320-156937	NFMMKAFD_00155

DiscRep_SUB:FEATURE_LOCATION_CONFLICT::Coding region xref gene does not exist
prokka_out/CA140404:CDS	Sec-independent protein translocase protein TatA	NODE_1_length_332588_cov_91.785139:156939-157178	NFMMKAFD_00156

DiscRep_SUB:FEATURE_LOCATION_CONFLICT::Coding region xref gene does not exist
prokka_out/CA140404:CDS	Arginine--tRNA ligase	NODE_1_length_332588_cov_91.785139:157190-158782	NFMMKAFD_00157

DiscRep_SUB:FEATURE_LOCATION_CONFLICT::Coding region xref gene does not exist
prokka_out/CA140404:CDS	Spermidine export protein MdtI	NODE_1_length_332588_cov_91.785139:c159108-158800	NFMMKAFD_00158

DiscRep_SUB:FEATURE_LOCATION_CONFLICT::Coding region xref gene does not exist
prokka_out/CA140404:CDS	Spermidine export protein MdtJ	NODE_1_length_332588_cov_91.785139:c159449-159108	NFMMKAFD_00159

DiscRep_SUB:FEATURE_LOCATION_CONFLICT::Coding region xref gene does not exist
prokka_out/CA140404:CDS	putative transcriptional regulatory protein	NODE_1_length_332588_cov_91.785139:159558-160265	NFMMKAFD_00160

DiscRep_SUB:FEATURE_LOCATION_CONFLICT::Coding region xref gene does not exist
prokka_out/CA140404:CDS	Peptidyl-prolyl cis-trans isomerase B	NODE_1_length_332588_cov_91.785139:160275-160757	NFMMKAFD_00161

DiscRep_SUB:FEATURE_LOCATION_CONFLICT::Coding region xref gene does not exist
prokka_out/CA140404:CDS	hypothetical protein	NODE_1_length_332588_cov_91.785139:160921-162321	NFMMKAFD_00162

DiscRep_SUB:FEATURE_LOCATION_CONFLICT::Coding region xref gene does not exist
prokka_out/CA140404:CDS	hypothetical protein	NODE_1_length_332588_cov_91.785139:162332-162559	NFMMKAFD_00163

DiscRep_SUB:FEATURE_LOCATION_CONFLICT::Coding region xref gene does not exist
prokka_out/CA140404:CDS	Protein DedA	NODE_1_length_332588_cov_91.785139:162640-163242	NFMMKAFD_00164

DiscRep_SUB:FEATURE_LOCATION_CONFLICT::Coding region xref gene does not exist
prokka_out/CA140404:CDS	L-lactate dehydrogenase	NODE_1_length_332588_cov_91.785139:c164165-163239	NFMMKAFD_00165

DiscRep_SUB:FEATURE_LOCATION_CONFLICT::Coding region xref gene does not exist
prokka_out/CA140404:CDS	Inner membrane protein YjjP	NODE_1_length_332588_cov_91.785139:164232-165008	NFMMKAFD_00166

DiscRep_SUB:FEATURE_LOCATION_CONFLICT::Coding region xref gene does not exist
prokka_out/CA140404:CDS	hypothetical protein	NODE_1_length_332588_cov_91.785139:165005-165499	NFMMKAFD_00167

DiscRep_SUB:FEATURE_LOCATION_CONFLICT::Coding region xref gene does not exist
prokka_out/CA140404:CDS	hypothetical protein	NODE_1_length_332588_cov_91.785139:165570-165833	NFMMKAFD_00168

DiscRep_SUB:FEATURE_LOCATION_CONFLICT::Coding region xref gene does not exist
prokka_out/CA140404:CDS	Cadmium, cobalt and zinc/H(+)-K(+) antiporter	NODE_1_length_332588_cov_91.785139:165909-166859	NFMMKAFD_00169

DiscRep_SUB:FEATURE_LOCATION_CONFLICT::Coding region xref gene does not exist
prokka_out/CA140404:CDS	hypothetical protein	NODE_1_length_332588_cov_91.785139:166849-167043	NFMMKAFD_00170

DiscRep_SUB:FEATURE_LOCATION_CONFLICT::Coding region xref gene does not exist
prokka_out/CA140404:CDS	putative copper-importing P-type ATPase A	NODE_1_length_332588_cov_91.785139:167043-169142	NFMMKAFD_00171

DiscRep_SUB:FEATURE_LOCATION_CONFLICT::Coding region xref gene does not exist
prokka_out/CA140404:CDS	hypothetical protein	NODE_1_length_332588_cov_91.785139:169214-169735	NFMMKAFD_00172

DiscRep_SUB:FEATURE_LOCATION_CONFLICT::Coding region xref gene does not exist
prokka_out/CA140404:CDS	hypothetical protein	NODE_1_length_332588_cov_91.785139:c171261-169732	NFMMKAFD_00173

DiscRep_SUB:FEATURE_LOCATION_CONFLICT::Coding region xref gene does not exist
prokka_out/CA140404:CDS	Transcription termination factor Rho	NODE_1_length_332588_cov_91.785139:c172563-171265	NFMMKAFD_00174

DiscRep_SUB:FEATURE_LOCATION_CONFLICT::Coding region xref gene does not exist
prokka_out/CA140404:CDS	Copper-exporting P-type ATPase	NODE_1_length_332588_cov_91.785139:172678-175029	NFMMKAFD_00175

DiscRep_SUB:FEATURE_LOCATION_CONFLICT::Coding region xref gene does not exist
prokka_out/CA140404:CDS	hypothetical protein	NODE_1_length_332588_cov_91.785139:175026-175232	NFMMKAFD_00176

DiscRep_SUB:FEATURE_LOCATION_CONFLICT::Coding region xref gene does not exist
prokka_out/CA140404:CDS	Cytochrome c-553	NODE_1_length_332588_cov_91.785139:c175557-175255	NFMMKAFD_00177

DiscRep_SUB:FEATURE_LOCATION_CONFLICT::Coding region xref gene does not exist
prokka_out/CA140404:CDS	D-glycero-alpha-D-manno-heptose-1,7-bisphosphate 7-phosphatase	NODE_1_length_332588_cov_91.785139:175672-176199	NFMMKAFD_00178

DiscRep_SUB:FEATURE_LOCATION_CONFLICT::Coding region xref gene does not exist
prokka_out/CA140404:CDS	ADP-L-glycero-D-manno-heptose-6-epimerase	NODE_1_length_332588_cov_91.785139:176200-177153	NFMMKAFD_00179

DiscRep_SUB:FEATURE_LOCATION_CONFLICT::Coding region xref gene does not exist
prokka_out/CA140404:CDS	Bifunctional protein HldE	NODE_1_length_332588_cov_91.785139:177146-178531	NFMMKAFD_00180

DiscRep_SUB:FEATURE_LOCATION_CONFLICT::Coding region xref gene does not exist
prokka_out/CA140404:CDS	Phosphoheptose isomerase 1	NODE_1_length_332588_cov_91.785139:178528-179088	NFMMKAFD_00181

DiscRep_SUB:FEATURE_LOCATION_CONFLICT::Coding region xref gene does not exist
prokka_out/CA140404:CDS	ADP-heptose--LPS heptosyltransferase 2	NODE_1_length_332588_cov_91.785139:c180028-179069	NFMMKAFD_00182

DiscRep_SUB:FEATURE_LOCATION_CONFLICT::Coding region xref gene does not exist
prokka_out/CA140404:CDS	putative glycosyltransferase EpsJ	NODE_1_length_332588_cov_91.785139:180087-180905	NFMMKAFD_00183

DiscRep_SUB:FEATURE_LOCATION_CONFLICT::Coding region xref gene does not exist
prokka_out/CA140404:CDS	Protein HtrL	NODE_1_length_332588_cov_91.785139:c181867-180908	NFMMKAFD_00184

DiscRep_SUB:FEATURE_LOCATION_CONFLICT::Coding region xref gene does not exist
prokka_out/CA140404:CDS	hypothetical protein	NODE_1_length_332588_cov_91.785139:c182820-181864	NFMMKAFD_00185

DiscRep_SUB:FEATURE_LOCATION_CONFLICT::Coding region xref gene does not exist
prokka_out/CA140404:CDS	hypothetical protein	NODE_1_length_332588_cov_91.785139:c183586-182813	NFMMKAFD_00186

DiscRep_SUB:FEATURE_LOCATION_CONFLICT::Coding region xref gene does not exist
prokka_out/CA140404:CDS	hypothetical protein	NODE_1_length_332588_cov_91.785139:183657-184679	NFMMKAFD_00187

DiscRep_SUB:FEATURE_LOCATION_CONFLICT::Coding region xref gene does not exist
prokka_out/CA140404:CDS	hypothetical protein	NODE_1_length_332588_cov_91.785139:184676-185929	NFMMKAFD_00188

DiscRep_SUB:FEATURE_LOCATION_CONFLICT::Coding region xref gene does not exist
prokka_out/CA140404:CDS	dTDP-3-amino-3,6-dideoxy-alpha-D-galactopyranose transaminase	NODE_1_length_332588_cov_91.785139:c187046-185961	NFMMKAFD_00189

DiscRep_SUB:FEATURE_LOCATION_CONFLICT::Coding region xref gene does not exist
prokka_out/CA140404:CDS	hypothetical protein	NODE_1_length_332588_cov_91.785139:c188119-187043	NFMMKAFD_00190

DiscRep_SUB:FEATURE_LOCATION_CONFLICT::Coding region xref gene does not exist
prokka_out/CA140404:CDS	hypothetical protein	NODE_1_length_332588_cov_91.785139:c188943-188416	NFMMKAFD_00191

DiscRep_SUB:FEATURE_LOCATION_CONFLICT::Coding region xref gene does not exist
prokka_out/CA140404:CDS	dTDP-3-amino-3,6-dideoxy-alpha-D-galactopyranose 3-N-acetyltransferase	NODE_1_length_332588_cov_91.785139:c189408-188965	NFMMKAFD_00192

DiscRep_SUB:FEATURE_LOCATION_CONFLICT::Coding region xref gene does not exist
prokka_out/CA140404:CDS	TDP-4-oxo-6-deoxy-alpha-D-glucose-3,4-oxoisomerase	NODE_1_length_332588_cov_91.785139:c189802-189398	NFMMKAFD_00193

DiscRep_SUB:FEATURE_LOCATION_CONFLICT::Coding region xref gene does not exist
prokka_out/CA140404:CDS	TDP-4-oxo-6-deoxy-alpha-D-glucose-3,4-oxoisomerase	NODE_1_length_332588_cov_91.785139:c190243-189824	NFMMKAFD_00194

DiscRep_SUB:FEATURE_LOCATION_CONFLICT::Coding region xref gene does not exist
prokka_out/CA140404:CDS	dTDP-glucose 4,6-dehydratase	NODE_1_length_332588_cov_91.785139:c191277-190246	NFMMKAFD_00195

DiscRep_SUB:FEATURE_LOCATION_CONFLICT::Coding region xref gene does not exist
prokka_out/CA140404:CDS	Glucose-1-phosphate thymidylyltransferase 1	NODE_1_length_332588_cov_91.785139:c192155-191277	NFMMKAFD_00196

DiscRep_SUB:FEATURE_LOCATION_CONFLICT::Coding region xref gene does not exist
prokka_out/CA140404:CDS	hypothetical protein	NODE_1_length_332588_cov_91.785139:c192867-192166	NFMMKAFD_00197

DiscRep_SUB:FEATURE_LOCATION_CONFLICT::Coding region xref gene does not exist
prokka_out/CA140404:CDS	Lipid A biosynthesis lauroyltransferase	NODE_1_length_332588_cov_91.785139:c193742-192864	NFMMKAFD_00198

DiscRep_SUB:FEATURE_LOCATION_CONFLICT::Coding region xref gene does not exist
prokka_out/CA140404:CDS	Lipopolysaccharide heptosyltransferase 1	NODE_1_length_332588_cov_91.785139:c194760-193732	NFMMKAFD_00199

DiscRep_SUB:FEATURE_LOCATION_CONFLICT::Coding region xref gene does not exist
prokka_out/CA140404:CDS	hypothetical protein	NODE_1_length_332588_cov_91.785139:194827-195621	NFMMKAFD_00200

DiscRep_SUB:FEATURE_LOCATION_CONFLICT::Coding region xref gene does not exist
prokka_out/CA140404:CDS	UDP-glucose 4-epimerase	NODE_1_length_332588_cov_91.785139:195680-196666	NFMMKAFD_00201

DiscRep_SUB:FEATURE_LOCATION_CONFLICT::Coding region xref gene does not exist
prokka_out/CA140404:CDS	Protein glycosylation K	NODE_1_length_332588_cov_91.785139:196660-198354	NFMMKAFD_00202

DiscRep_SUB:FEATURE_LOCATION_CONFLICT::Coding region xref gene does not exist
prokka_out/CA140404:CDS	GalNAc-alpha-(1->4)-GalNAc-alpha-(1->3)-diNAcBac-PP-undecaprenol alpha-1,4-N-acetyl-D-galactosaminyltransferase	NODE_1_length_332588_cov_91.785139:198354-199430	NFMMKAFD_00203

DiscRep_SUB:FEATURE_LOCATION_CONFLICT::Coding region xref gene does not exist
prokka_out/CA140404:CDS	GalNAc(5)-diNAcBac-PP-undecaprenol beta-1,3-glucosyltransferase	NODE_1_length_332588_cov_91.785139:199423-200352	NFMMKAFD_00204

DiscRep_SUB:FEATURE_LOCATION_CONFLICT::Coding region xref gene does not exist
prokka_out/CA140404:CDS	N-acetylgalactosamine-N,N'-diacetylbacillosaminyl-diphospho-undecaprenol 4-alpha-N-acetylgalactosaminyltransferase	NODE_1_length_332588_cov_91.785139:200340-201437	NFMMKAFD_00205

DiscRep_SUB:FEATURE_LOCATION_CONFLICT::Coding region xref gene does not exist
prokka_out/CA140404:CDS	Undecaprenyl-diphosphooligosaccharide--protein glycotransferase	NODE_1_length_332588_cov_91.785139:201441-203582	NFMMKAFD_00206

DiscRep_SUB:FEATURE_LOCATION_CONFLICT::Coding region xref gene does not exist
prokka_out/CA140404:CDS	N,N'-diacetylbacillosaminyl-diphospho-undecaprenol alpha-1,3-N-acetylgalactosaminyltransferase	NODE_1_length_332588_cov_91.785139:203592-204722	NFMMKAFD_00207

DiscRep_SUB:FEATURE_LOCATION_CONFLICT::Coding region xref gene does not exist
prokka_out/CA140404:CDS	Undecaprenyl phosphate N,N'-diacetylbacillosamine 1-phosphate transferase	NODE_1_length_332588_cov_91.785139:204715-205317	NFMMKAFD_00208

DiscRep_SUB:FEATURE_LOCATION_CONFLICT::Coding region xref gene does not exist
prokka_out/CA140404:CDS	UDP-N-acetylbacillosamine N-acetyltransferase	NODE_1_length_332588_cov_91.785139:205304-205894	NFMMKAFD_00209

DiscRep_SUB:FEATURE_LOCATION_CONFLICT::Coding region xref gene does not exist
prokka_out/CA140404:CDS	UDP-N-acetylbacillosamine transaminase	NODE_1_length_332588_cov_91.785139:205992-207152	NFMMKAFD_00210

DiscRep_SUB:FEATURE_LOCATION_CONFLICT::Coding region xref gene does not exist
prokka_out/CA140404:CDS	UDP-N-acetyl-alpha-D-glucosamine C6 dehydratase	NODE_1_length_332588_cov_91.785139:207154-208926	NFMMKAFD_00211

DiscRep_SUB:FEATURE_LOCATION_CONFLICT::Coding region xref gene does not exist
prokka_out/CA140404:CDS	hypothetical protein	NODE_1_length_332588_cov_91.785139:208926-209819	NFMMKAFD_00212

DiscRep_SUB:FEATURE_LOCATION_CONFLICT::Coding region xref gene does not exist
prokka_out/CA140404:CDS	Chemotaxis protein CheY	NODE_1_length_332588_cov_91.785139:209932-210324	NFMMKAFD_00213

DiscRep_SUB:FEATURE_LOCATION_CONFLICT::Coding region xref gene does not exist
prokka_out/CA140404:CDS	Ribosomal RNA small subunit methyltransferase C	NODE_1_length_332588_cov_91.785139:210347-211192	NFMMKAFD_00214

DiscRep_SUB:FEATURE_LOCATION_CONFLICT::Coding region xref gene does not exist
prokka_out/CA140404:CDS	ATP-dependent zinc metalloprotease FtsH	NODE_1_length_332588_cov_91.785139:211196-213133	NFMMKAFD_00215

DiscRep_SUB:FEATURE_LOCATION_CONFLICT::Coding region xref gene does not exist
prokka_out/CA140404:CDS	Phosphatidylserine decarboxylase proenzyme	NODE_1_length_332588_cov_91.785139:213130-213747	NFMMKAFD_00216

DiscRep_SUB:FEATURE_LOCATION_CONFLICT::Coding region xref gene does not exist
prokka_out/CA140404:CDS	hypothetical protein	NODE_1_length_332588_cov_91.785139:213757-214485	NFMMKAFD_00217

DiscRep_SUB:FEATURE_LOCATION_CONFLICT::Coding region xref gene does not exist
prokka_out/CA140404:CDS	hypothetical protein	NODE_1_length_332588_cov_91.785139:c215273-214476	NFMMKAFD_00218

DiscRep_SUB:FEATURE_LOCATION_CONFLICT::Coding region xref gene does not exist
prokka_out/CA140404:CDS	Peptide methionine sulfoxide reductase MsrB	NODE_1_length_332588_cov_91.785139:215363-215722	NFMMKAFD_00219

DiscRep_SUB:FEATURE_LOCATION_CONFLICT::Coding region xref gene does not exist
prokka_out/CA140404:CDS	hypothetical protein	NODE_1_length_332588_cov_91.785139:215725-216363	NFMMKAFD_00220

DiscRep_SUB:FEATURE_LOCATION_CONFLICT::Coding region xref gene does not exist
prokka_out/CA140404:CDS	Biofilm dispersion protein BdlA	NODE_1_length_332588_cov_91.785139:216444-217733	NFMMKAFD_00221

DiscRep_SUB:FEATURE_LOCATION_CONFLICT::Coding region xref gene does not exist
prokka_out/CA140404:CDS	Leucyl/phenylalanyl-tRNA--protein transferase	NODE_1_length_332588_cov_91.785139:c218403-217756	NFMMKAFD_00222

DiscRep_SUB:FEATURE_LOCATION_CONFLICT::Coding region xref gene does not exist
prokka_out/CA140404:CDS	ATP-dependent Clp protease ATP-binding subunit ClpA	NODE_1_length_332588_cov_91.785139:c220507-218378	NFMMKAFD_00223

DiscRep_SUB:FEATURE_LOCATION_CONFLICT::Coding region xref gene does not exist
prokka_out/CA140404:CDS	ATP-dependent Clp protease adapter protein ClpS	NODE_1_length_332588_cov_91.785139:c220794-220504	NFMMKAFD_00224

DiscRep_SUB:FEATURE_LOCATION_CONFLICT::Coding region xref gene does not exist
prokka_out/CA140404:CDS	hypothetical protein	NODE_1_length_332588_cov_91.785139:c221396-220794	NFMMKAFD_00225

DiscRep_SUB:FEATURE_LOCATION_CONFLICT::Coding region xref gene does not exist
prokka_out/CA140404:CDS	SsrA-binding protein	NODE_1_length_332588_cov_91.785139:c221859-221407	NFMMKAFD_00226

DiscRep_SUB:FEATURE_LOCATION_CONFLICT::Coding region xref gene does not exist
prokka_out/CA140404:CDS	Putative 4-diphosphocytidyl-2-C-methyl-D-erythritol kinase	NODE_1_length_332588_cov_91.785139:c222623-221856	NFMMKAFD_00227

DiscRep_SUB:FEATURE_LOCATION_CONFLICT::Coding region xref gene does not exist
prokka_out/CA140404:CDS	Translational regulator CsrA	NODE_1_length_332588_cov_91.785139:c222847-222620	NFMMKAFD_00228

DiscRep_SUB:FEATURE_LOCATION_CONFLICT::Coding region xref gene does not exist
prokka_out/CA140404:CDS	tRNA pseudouridine synthase B	NODE_1_length_332588_cov_91.785139:c223659-222841	NFMMKAFD_00229

DiscRep_SUB:FEATURE_LOCATION_CONFLICT::Coding region xref gene does not exist
prokka_out/CA140404:CDS	ATP-dependent DNA helicase PcrA	NODE_1_length_332588_cov_91.785139:c225731-223656	NFMMKAFD_00230

DiscRep_SUB:FEATURE_LOCATION_CONFLICT::Coding region xref gene does not exist
prokka_out/CA140404:CDS	hypothetical protein	NODE_1_length_332588_cov_91.785139:c226165-225728	NFMMKAFD_00231

DiscRep_SUB:FEATURE_LOCATION_CONFLICT::Coding region xref gene does not exist
prokka_out/CA140404:CDS	Oligoendopeptidase F, plasmid	NODE_1_length_332588_cov_91.785139:c227880-226159	NFMMKAFD_00232

DiscRep_SUB:FEATURE_LOCATION_CONFLICT::Coding region xref gene does not exist
prokka_out/CA140404:CDS	Aspartate carbamoyltransferase	NODE_1_length_332588_cov_91.785139:c228771-227884	NFMMKAFD_00233

DiscRep_SUB:FEATURE_LOCATION_CONFLICT::Coding region xref gene does not exist
prokka_out/CA140404:CDS	Serine/threonine transporter SstT	NODE_1_length_332588_cov_91.785139:c230004-228781	NFMMKAFD_00234

DiscRep_SUB:FEATURE_LOCATION_CONFLICT::Coding region xref gene does not exist
prokka_out/CA140404:CDS	S-adenosylmethionine synthase	NODE_1_length_332588_cov_91.785139:230144-231340	NFMMKAFD_00235

DiscRep_SUB:FEATURE_LOCATION_CONFLICT::Coding region xref gene does not exist
prokka_out/CA140404:CDS	Apolipoprotein N-acyltransferase	NODE_1_length_332588_cov_91.785139:c232902-231577	NFMMKAFD_00236

DiscRep_SUB:FEATURE_LOCATION_CONFLICT::Coding region xref gene does not exist
prokka_out/CA140404:CDS	Sec translocon accessory complex subunit YajC	NODE_1_length_332588_cov_91.785139:232917-233147	NFMMKAFD_00237

DiscRep_SUB:FEATURE_LOCATION_CONFLICT::Coding region xref gene does not exist
prokka_out/CA140404:CDS	Protein translocase subunit SecD	NODE_1_length_332588_cov_91.785139:233140-234720	NFMMKAFD_00238

DiscRep_SUB:FEATURE_LOCATION_CONFLICT::Coding region xref gene does not exist
prokka_out/CA140404:CDS	Protein translocase subunit SecF	NODE_1_length_332588_cov_91.785139:234720-235691	NFMMKAFD_00239

DiscRep_SUB:FEATURE_LOCATION_CONFLICT::Coding region xref gene does not exist
prokka_out/CA140404:CDS	Leucine--tRNA ligase	NODE_1_length_332588_cov_91.785139:235701-238130	NFMMKAFD_00240

DiscRep_SUB:FEATURE_LOCATION_CONFLICT::Coding region xref gene does not exist
prokka_out/CA140404:CDS	hypothetical protein	NODE_1_length_332588_cov_91.785139:238127-238639	NFMMKAFD_00241

DiscRep_SUB:FEATURE_LOCATION_CONFLICT::Coding region xref gene does not exist
prokka_out/CA140404:CDS	hypothetical protein	NODE_1_length_332588_cov_91.785139:238623-240020	NFMMKAFD_00242

DiscRep_SUB:FEATURE_LOCATION_CONFLICT::Coding region xref gene does not exist
prokka_out/CA140404:CDS	hypothetical protein	NODE_1_length_332588_cov_91.785139:239998-241170	NFMMKAFD_00243

DiscRep_SUB:FEATURE_LOCATION_CONFLICT::Coding region xref gene does not exist
prokka_out/CA140404:CDS	hypothetical protein	NODE_1_length_332588_cov_91.785139:241157-242059	NFMMKAFD_00244

DiscRep_SUB:FEATURE_LOCATION_CONFLICT::Coding region xref gene does not exist
prokka_out/CA140404:CDS	hypothetical protein	NODE_1_length_332588_cov_91.785139:242104-242391	NFMMKAFD_00245

DiscRep_SUB:FEATURE_LOCATION_CONFLICT::Coding region xref gene does not exist
prokka_out/CA140404:CDS	Transcription-repair-coupling factor	NODE_1_length_332588_cov_91.785139:242391-245327	NFMMKAFD_00246

DiscRep_SUB:FEATURE_LOCATION_CONFLICT::Coding region xref gene does not exist
prokka_out/CA140404:CDS	hypothetical protein	NODE_1_length_332588_cov_91.785139:245329-246090	NFMMKAFD_00247

DiscRep_SUB:FEATURE_LOCATION_CONFLICT::Coding region xref gene does not exist
prokka_out/CA140404:CDS	Endonuclease III	NODE_1_length_332588_cov_91.785139:246087-246773	NFMMKAFD_00248

DiscRep_SUB:FEATURE_LOCATION_CONFLICT::Coding region xref gene does not exist
prokka_out/CA140404:CDS	Hydroxymethylpyrimidine/phosphomethylpyrimidine kinase	NODE_1_length_332588_cov_91.785139:246743-247582	NFMMKAFD_00249

DiscRep_SUB:FEATURE_LOCATION_CONFLICT::Coding region xref gene does not exist
prokka_out/CA140404:CDS	Thiamine-phosphate synthase	NODE_1_length_332588_cov_91.785139:247572-248204	NFMMKAFD_00250

DiscRep_SUB:FEATURE_LOCATION_CONFLICT::Coding region xref gene does not exist
prokka_out/CA140404:CDS	hypothetical protein	NODE_1_length_332588_cov_91.785139:248182-248811	NFMMKAFD_00251

DiscRep_SUB:FEATURE_LOCATION_CONFLICT::Coding region xref gene does not exist
prokka_out/CA140404:CDS	hypothetical protein	NODE_1_length_332588_cov_91.785139:c249200-248808	NFMMKAFD_00252

DiscRep_SUB:FEATURE_LOCATION_CONFLICT::Coding region xref gene does not exist
prokka_out/CA140404:CDS	hypothetical protein	NODE_1_length_332588_cov_91.785139:c249919-249257	NFMMKAFD_00253

DiscRep_SUB:FEATURE_LOCATION_CONFLICT::Coding region xref gene does not exist
prokka_out/CA140404:CDS	hypothetical protein	NODE_1_length_332588_cov_91.785139:c250218-249916	NFMMKAFD_00254

DiscRep_SUB:FEATURE_LOCATION_CONFLICT::Coding region xref gene does not exist
prokka_out/CA140404:CDS	Pyrroline-5-carboxylate reductase	NODE_1_length_332588_cov_91.785139:c250946-250215	NFMMKAFD_00255

DiscRep_SUB:FEATURE_LOCATION_CONFLICT::Coding region xref gene does not exist
prokka_out/CA140404:CDS	Flagellar assembly factor FliW	NODE_1_length_332588_cov_91.785139:c251335-250946	NFMMKAFD_00256

DiscRep_SUB:FEATURE_LOCATION_CONFLICT::Coding region xref gene does not exist
prokka_out/CA140404:CDS	Outer membrane protein assembly factor BamD	NODE_1_length_332588_cov_91.785139:251496-252143	NFMMKAFD_00257

DiscRep_SUB:FEATURE_LOCATION_CONFLICT::Coding region xref gene does not exist
prokka_out/CA140404:CDS	Lon protease	NODE_1_length_332588_cov_91.785139:252160-254535	NFMMKAFD_00258

DiscRep_SUB:FEATURE_LOCATION_CONFLICT::Coding region xref gene does not exist
prokka_out/CA140404:CDS	30S ribosomal protein S18	NODE_1_length_332588_cov_91.785139:c254855-254595	NFMMKAFD_00259

DiscRep_SUB:FEATURE_LOCATION_CONFLICT::Coding region xref gene does not exist
prokka_out/CA140404:CDS	Single-stranded DNA-binding protein	NODE_1_length_332588_cov_91.785139:c255417-254866	NFMMKAFD_00260

DiscRep_SUB:FEATURE_LOCATION_CONFLICT::Coding region xref gene does not exist
prokka_out/CA140404:CDS	30S ribosomal protein S6	NODE_1_length_332588_cov_91.785139:c255803-255426	NFMMKAFD_00261

DiscRep_SUB:FEATURE_LOCATION_CONFLICT::Coding region xref gene does not exist
prokka_out/CA140404:CDS	hypothetical protein	NODE_1_length_332588_cov_91.785139:c256756-255890	NFMMKAFD_00262

DiscRep_SUB:FEATURE_LOCATION_CONFLICT::Coding region xref gene does not exist
prokka_out/CA140404:CDS	Metalloprotease MmpA	NODE_1_length_332588_cov_91.785139:c257855-256749	NFMMKAFD_00263

DiscRep_SUB:FEATURE_LOCATION_CONFLICT::Coding region xref gene does not exist
prokka_out/CA140404:CDS	CDP-diacylglycerol--glycerol-3-phosphate 3-phosphatidyltransferase	NODE_1_length_332588_cov_91.785139:c258388-257852	NFMMKAFD_00264

DiscRep_SUB:FEATURE_LOCATION_CONFLICT::Coding region xref gene does not exist
prokka_out/CA140404:CDS	Putative NAD(P)H nitroreductase	NODE_1_length_332588_cov_91.785139:c259118-258513	NFMMKAFD_00265

DiscRep_SUB:FEATURE_LOCATION_CONFLICT::Coding region xref gene does not exist
prokka_out/CA140404:CDS	Putative NAD(P)H nitroreductase YfkO	NODE_1_length_332588_cov_91.785139:c259738-259118	NFMMKAFD_00266

DiscRep_SUB:FEATURE_LOCATION_CONFLICT::Coding region xref gene does not exist
prokka_out/CA140404:CDS	hypothetical protein	NODE_1_length_332588_cov_91.785139:c260227-259802	NFMMKAFD_00267

DiscRep_SUB:FEATURE_LOCATION_CONFLICT::Coding region xref gene does not exist
prokka_out/CA140404:CDS	Putative competence-damage inducible protein	NODE_1_length_332588_cov_91.785139:c261327-260239	NFMMKAFD_00268

DiscRep_SUB:FEATURE_LOCATION_CONFLICT::Coding region xref gene does not exist
prokka_out/CA140404:CDS	Isoleucine--tRNA ligase	NODE_1_length_332588_cov_91.785139:261426-264179	NFMMKAFD_00269

DiscRep_SUB:FEATURE_LOCATION_CONFLICT::Coding region xref gene does not exist
prokka_out/CA140404:CDS	hypothetical protein	NODE_1_length_332588_cov_91.785139:264173-264283	NFMMKAFD_00270

DiscRep_SUB:FEATURE_LOCATION_CONFLICT::Coding region xref gene does not exist
prokka_out/CA140404:CDS	Glutamyl-tRNA(Gln) amidotransferase subunit A	NODE_1_length_332588_cov_91.785139:264280-265641	NFMMKAFD_00271

DiscRep_SUB:FEATURE_LOCATION_CONFLICT::Coding region xref gene does not exist
prokka_out/CA140404:CDS	Inosine-5'-monophosphate dehydrogenase	NODE_1_length_332588_cov_91.785139:265651-267108	NFMMKAFD_00272

DiscRep_SUB:FEATURE_LOCATION_CONFLICT::Coding region xref gene does not exist
prokka_out/CA140404:CDS	Exodeoxyribonuclease 7 small subunit	NODE_1_length_332588_cov_91.785139:267105-267278	NFMMKAFD_00273

DiscRep_SUB:FEATURE_LOCATION_CONFLICT::Coding region xref gene does not exist
prokka_out/CA140404:CDS	hypothetical protein	NODE_1_length_332588_cov_91.785139:267271-268047	NFMMKAFD_00274

DiscRep_SUB:FEATURE_LOCATION_CONFLICT::Coding region xref gene does not exist
prokka_out/CA140404:CDS	hypothetical protein	NODE_1_length_332588_cov_91.785139:268059-270032	NFMMKAFD_00275

DiscRep_SUB:FEATURE_LOCATION_CONFLICT::Coding region xref gene does not exist
prokka_out/CA140404:CDS	UDP-N-acetylmuramate--L-alanine ligase	NODE_1_length_332588_cov_91.785139:270096-271394	NFMMKAFD_00276

DiscRep_SUB:FEATURE_LOCATION_CONFLICT::Coding region xref gene does not exist
prokka_out/CA140404:CDS	hypothetical protein	NODE_1_length_332588_cov_91.785139:271387-271737	NFMMKAFD_00277

DiscRep_SUB:FEATURE_LOCATION_CONFLICT::Coding region xref gene does not exist
prokka_out/CA140404:CDS	Endonuclease MutS2	NODE_1_length_332588_cov_91.785139:271730-273937	NFMMKAFD_00278

DiscRep_SUB:FEATURE_LOCATION_CONFLICT::Coding region xref gene does not exist
prokka_out/CA140404:CDS	hypothetical protein	NODE_1_length_332588_cov_91.785139:273946-277977	NFMMKAFD_00279

DiscRep_SUB:FEATURE_LOCATION_CONFLICT::Coding region xref gene does not exist
prokka_out/CA140404:CDS	NAD-dependent protein deacylase	NODE_1_length_332588_cov_91.785139:278020-278721	NFMMKAFD_00280

DiscRep_SUB:FEATURE_LOCATION_CONFLICT::Coding region xref gene does not exist
prokka_out/CA140404:CDS	hypothetical protein	NODE_1_length_332588_cov_91.785139:278714-279313	NFMMKAFD_00281

DiscRep_SUB:FEATURE_LOCATION_CONFLICT::Coding region xref gene does not exist
prokka_out/CA140404:CDS	Succinyl-diaminopimelate desuccinylase	NODE_1_length_332588_cov_91.785139:279317-280414	NFMMKAFD_00282

DiscRep_SUB:FEATURE_LOCATION_CONFLICT::Coding region xref gene does not exist
prokka_out/CA140404:CDS	hypothetical protein	NODE_1_length_332588_cov_91.785139:280424-280615	NFMMKAFD_00283

DiscRep_SUB:FEATURE_LOCATION_CONFLICT::Coding region xref gene does not exist
prokka_out/CA140404:CDS	hypothetical protein	NODE_1_length_332588_cov_91.785139:280612-281415	NFMMKAFD_00284

DiscRep_SUB:FEATURE_LOCATION_CONFLICT::Coding region xref gene does not exist
prokka_out/CA140404:CDS	Thiazole synthase	NODE_1_length_332588_cov_91.785139:281418-282194	NFMMKAFD_00285

DiscRep_SUB:FEATURE_LOCATION_CONFLICT::Coding region xref gene does not exist
prokka_out/CA140404:CDS	2-iminoacetate synthase	NODE_1_length_332588_cov_91.785139:282197-283342	NFMMKAFD_00286

DiscRep_SUB:FEATURE_LOCATION_CONFLICT::Coding region xref gene does not exist
prokka_out/CA140404:CDS	Thiamine-phosphate synthase	NODE_1_length_332588_cov_91.785139:283332-283937	NFMMKAFD_00287

DiscRep_SUB:FEATURE_LOCATION_CONFLICT::Coding region xref gene does not exist
prokka_out/CA140404:CDS	HTH-type transcriptional activator RhaS	NODE_1_length_332588_cov_91.785139:283934-284824	NFMMKAFD_00288

DiscRep_SUB:FEATURE_LOCATION_CONFLICT::Coding region xref gene does not exist
prokka_out/CA140404:CDS	hypothetical protein	NODE_1_length_332588_cov_91.785139:284888-285739	NFMMKAFD_00289

DiscRep_SUB:FEATURE_LOCATION_CONFLICT::Coding region xref gene does not exist
prokka_out/CA140404:CDS	putative transporter YycB	NODE_1_length_332588_cov_91.785139:285747-286910	NFMMKAFD_00290

DiscRep_SUB:FEATURE_LOCATION_CONFLICT::Coding region xref gene does not exist
prokka_out/CA140404:CDS	UDP-N-acetylglucosamine--N-acetylmuramyl-(pentapeptide) pyrophosphoryl-undecaprenol N-acetylglucosamine transferase	NODE_1_length_332588_cov_91.785139:c287909-286881	NFMMKAFD_00291

DiscRep_SUB:FEATURE_LOCATION_CONFLICT::Coding region xref gene does not exist
prokka_out/CA140404:CDS	putative peptidoglycan glycosyltransferase FtsW	NODE_1_length_332588_cov_91.785139:c289069-287906	NFMMKAFD_00292

DiscRep_SUB:FEATURE_LOCATION_CONFLICT::Coding region xref gene does not exist
prokka_out/CA140404:CDS	2-oxoglutarate carboxylase small subunit	NODE_1_length_332588_cov_91.785139:289209-290654	NFMMKAFD_00293

DiscRep_SUB:FEATURE_LOCATION_CONFLICT::Coding region xref gene does not exist
prokka_out/CA140404:CDS	hypothetical protein	NODE_1_length_332588_cov_91.785139:290658-290909	NFMMKAFD_00294

DiscRep_SUB:FEATURE_LOCATION_CONFLICT::Coding region xref gene does not exist
prokka_out/CA140404:CDS	Aspartate/glutamate leucyltransferase	NODE_1_length_332588_cov_91.785139:290909-291628	NFMMKAFD_00295

DiscRep_SUB:FEATURE_LOCATION_CONFLICT::Coding region xref gene does not exist
prokka_out/CA140404:CDS	hypothetical protein	NODE_1_length_332588_cov_91.785139:291629-292435	NFMMKAFD_00296

DiscRep_SUB:FEATURE_LOCATION_CONFLICT::Coding region xref gene does not exist
prokka_out/CA140404:CDS	Multidrug resistance protein MdtC	NODE_1_length_332588_cov_91.785139:c295476-292459	NFMMKAFD_00297

DiscRep_SUB:FEATURE_LOCATION_CONFLICT::Coding region xref gene does not exist
prokka_out/CA140404:CDS	Cobalt-zinc-cadmium resistance protein CzcB	NODE_1_length_332588_cov_91.785139:c296219-295479	NFMMKAFD_00298

DiscRep_SUB:FEATURE_LOCATION_CONFLICT::Coding region xref gene does not exist
prokka_out/CA140404:CDS	hypothetical protein	NODE_1_length_332588_cov_91.785139:c297490-296216	NFMMKAFD_00299

DiscRep_SUB:FEATURE_LOCATION_CONFLICT::Coding region xref gene does not exist
prokka_out/CA140404:CDS	Elongation factor 4	NODE_1_length_332588_cov_91.785139:297617-299413	NFMMKAFD_00300

DiscRep_SUB:FEATURE_LOCATION_CONFLICT::Coding region xref gene does not exist
prokka_out/CA140404:CDS	hypothetical protein	NODE_1_length_332588_cov_91.785139:299490-300134	NFMMKAFD_00301

DiscRep_SUB:FEATURE_LOCATION_CONFLICT::Coding region xref gene does not exist
prokka_out/CA140404:CDS	hypothetical protein	NODE_1_length_332588_cov_91.785139:300131-300706	NFMMKAFD_00302

DiscRep_SUB:FEATURE_LOCATION_CONFLICT::Coding region xref gene does not exist
prokka_out/CA140404:CDS	DNA gyrase subunit A	NODE_1_length_332588_cov_91.785139:300747-303338	NFMMKAFD_00303

DiscRep_SUB:FEATURE_LOCATION_CONFLICT::Coding region xref gene does not exist
prokka_out/CA140404:CDS	hypothetical protein	NODE_1_length_332588_cov_91.785139:303402-303917	NFMMKAFD_00304

DiscRep_SUB:FEATURE_LOCATION_CONFLICT::Coding region xref gene does not exist
prokka_out/CA140404:CDS	hypothetical protein	NODE_1_length_332588_cov_91.785139:304025-304342	NFMMKAFD_00305

DiscRep_SUB:FEATURE_LOCATION_CONFLICT::Coding region xref gene does not exist
prokka_out/CA140404:CDS	Regulatory protein AtoC	NODE_1_length_332588_cov_91.785139:304399-305700	NFMMKAFD_00306

DiscRep_SUB:FEATURE_LOCATION_CONFLICT::Coding region xref gene does not exist
prokka_out/CA140404:CDS	Aspartate-semialdehyde dehydrogenase	NODE_1_length_332588_cov_91.785139:305700-306731	NFMMKAFD_00307

DiscRep_SUB:FEATURE_LOCATION_CONFLICT::Coding region xref gene does not exist
prokka_out/CA140404:CDS	hypothetical protein	NODE_1_length_332588_cov_91.785139:306740-307246	NFMMKAFD_00308

DiscRep_SUB:FEATURE_LOCATION_CONFLICT::Coding region xref gene does not exist
prokka_out/CA140404:CDS	hypothetical protein	NODE_1_length_332588_cov_91.785139:307299-307502	NFMMKAFD_00309

DiscRep_SUB:FEATURE_LOCATION_CONFLICT::Coding region xref gene does not exist
prokka_out/CA140404:CDS	hypothetical protein	NODE_1_length_332588_cov_91.785139:307499-307933	NFMMKAFD_00310

DiscRep_SUB:FEATURE_LOCATION_CONFLICT::Coding region xref gene does not exist
prokka_out/CA140404:CDS	Leu/Ile/Val-binding protein	NODE_1_length_332588_cov_91.785139:307964-309079	NFMMKAFD_00311

DiscRep_SUB:FEATURE_LOCATION_CONFLICT::Coding region xref gene does not exist
prokka_out/CA140404:CDS	Leu/Ile/Val-binding protein	NODE_1_length_332588_cov_91.785139:309101-310210	NFMMKAFD_00312

DiscRep_SUB:FEATURE_LOCATION_CONFLICT::Coding region xref gene does not exist
prokka_out/CA140404:CDS	High-affinity branched-chain amino acid transport system permease protein LivH	NODE_1_length_332588_cov_91.785139:310229-311125	NFMMKAFD_00313

DiscRep_SUB:FEATURE_LOCATION_CONFLICT::Coding region xref gene does not exist
prokka_out/CA140404:CDS	hypothetical protein	NODE_1_length_332588_cov_91.785139:311125-312177	NFMMKAFD_00314

DiscRep_SUB:FEATURE_LOCATION_CONFLICT::Coding region xref gene does not exist
prokka_out/CA140404:CDS	Lipopolysaccharide export system ATP-binding protein LptB	NODE_1_length_332588_cov_91.785139:312174-312944	NFMMKAFD_00315

DiscRep_SUB:FEATURE_LOCATION_CONFLICT::Coding region xref gene does not exist
prokka_out/CA140404:CDS	High-affinity branched-chain amino acid transport ATP-binding protein LivF	NODE_1_length_332588_cov_91.785139:312931-313626	NFMMKAFD_00316

DiscRep_SUB:FEATURE_LOCATION_CONFLICT::Coding region xref gene does not exist
prokka_out/CA140404:CDS	Cytochrome c biogenesis protein CcsA	NODE_1_length_332588_cov_91.785139:313644-316889	NFMMKAFD_00317

DiscRep_SUB:FEATURE_LOCATION_CONFLICT::Coding region xref gene does not exist
prokka_out/CA140404:CDS	hypothetical protein	NODE_1_length_332588_cov_91.785139:316890-317354	NFMMKAFD_00318

DiscRep_SUB:FEATURE_LOCATION_CONFLICT::Coding region xref gene does not exist
prokka_out/CA140404:CDS	hypothetical protein	NODE_1_length_332588_cov_91.785139:c319610-318363	NFMMKAFD_00319

DiscRep_SUB:FEATURE_LOCATION_CONFLICT::Coding region xref gene does not exist
prokka_out/CA140404:CDS	hypothetical protein	NODE_1_length_332588_cov_91.785139:c320886-319612	NFMMKAFD_00320

DiscRep_SUB:FEATURE_LOCATION_CONFLICT::Coding region xref gene does not exist
prokka_out/CA140404:CDS	hypothetical protein	NODE_1_length_332588_cov_91.785139:c322831-320879	NFMMKAFD_00321

DiscRep_SUB:FEATURE_LOCATION_CONFLICT::Coding region xref gene does not exist
prokka_out/CA140404:CDS	hypothetical protein	NODE_1_length_332588_cov_91.785139:c323679-322819	NFMMKAFD_00322

DiscRep_SUB:FEATURE_LOCATION_CONFLICT::Coding region xref gene does not exist
prokka_out/CA140404:CDS	hypothetical protein	NODE_1_length_332588_cov_91.785139:c323868-323695	NFMMKAFD_00323

DiscRep_SUB:FEATURE_LOCATION_CONFLICT::Coding region xref gene does not exist
prokka_out/CA140404:CDS	hypothetical protein	NODE_1_length_332588_cov_91.785139:c324616-323852	NFMMKAFD_00324

DiscRep_SUB:FEATURE_LOCATION_CONFLICT::Coding region xref gene does not exist
prokka_out/CA140404:CDS	hypothetical protein	NODE_1_length_332588_cov_91.785139:c325569-324700	NFMMKAFD_00325

DiscRep_SUB:FEATURE_LOCATION_CONFLICT::Coding region xref gene does not exist
prokka_out/CA140404:CDS	hypothetical protein	NODE_1_length_332588_cov_91.785139:c326865-325615	NFMMKAFD_00326

DiscRep_SUB:FEATURE_LOCATION_CONFLICT::Coding region xref gene does not exist
prokka_out/CA140404:CDS	hypothetical protein	NODE_1_length_332588_cov_91.785139:c327544-326870	NFMMKAFD_00327

DiscRep_SUB:FEATURE_LOCATION_CONFLICT::Coding region xref gene does not exist
prokka_out/CA140404:CDS	hypothetical protein	NODE_1_length_332588_cov_91.785139:c328346-327585	NFMMKAFD_00328

DiscRep_SUB:FEATURE_LOCATION_CONFLICT::Coding region xref gene does not exist
prokka_out/CA140404:CDS	hypothetical protein	NODE_1_length_332588_cov_91.785139:c328716-328360	NFMMKAFD_00329

DiscRep_SUB:FEATURE_LOCATION_CONFLICT::Coding region xref gene does not exist
prokka_out/CA140404:CDS	hypothetical protein	NODE_1_length_332588_cov_91.785139:c329639-329028	NFMMKAFD_00330

DiscRep_SUB:FEATURE_LOCATION_CONFLICT::Coding region xref gene does not exist
prokka_out/CA140404:CDS	hypothetical protein	NODE_1_length_332588_cov_91.785139:c331635-329641	NFMMKAFD_00331

DiscRep_SUB:FEATURE_LOCATION_CONFLICT::Coding region xref gene does not exist
prokka_out/CA140404:CDS	hypothetical protein	NODE_1_length_332588_cov_91.785139:c332531-331635	NFMMKAFD_00332

DiscRep_SUB:FEATURE_LOCATION_CONFLICT::RNA feature xref gene does not exist
prokka_out/CA140404:tRNA	Phe	NODE_1_length_332588_cov_91.785139:45824-45899	NFMMKAFD_00051

DiscRep_SUB:FEATURE_LOCATION_CONFLICT::RNA feature xref gene does not exist
prokka_out/CA140404:tRNA	Met	NODE_1_length_332588_cov_91.785139:c46083-46007	NFMMKAFD_00052

DiscRep_SUB:FEATURE_LOCATION_CONFLICT::RNA feature xref gene does not exist
prokka_out/CA140404:tRNA	Asn	NODE_1_length_332588_cov_91.785139:106758-106832	NFMMKAFD_00108

DiscRep_SUB:FEATURE_LOCATION_CONFLICT::Coding region xref gene does not exist
prokka_out/CA140404:CDS	UDP-N-acetylmuramoyl-L-alanine--L-glutamate ligase	NODE_2_length_288677_cov_98.038000:c1870-662	NFMMKAFD_00333

DiscRep_SUB:FEATURE_LOCATION_CONFLICT::Coding region xref gene does not exist
prokka_out/CA140404:CDS	Phospho-N-acetylmuramoyl-pentapeptide-transferase	NODE_2_length_288677_cov_98.038000:c2931-1870	NFMMKAFD_00334

DiscRep_SUB:FEATURE_LOCATION_CONFLICT::Coding region xref gene does not exist
prokka_out/CA140404:CDS	2,3-bisphosphoglycerate-independent phosphoglycerate mutase	NODE_2_length_288677_cov_98.038000:3011-4489	NFMMKAFD_00335

DiscRep_SUB:FEATURE_LOCATION_CONFLICT::Coding region xref gene does not exist
prokka_out/CA140404:CDS	3-oxoacyl-[acyl-carrier-protein] reductase FabG	NODE_2_length_288677_cov_98.038000:4561-5304	NFMMKAFD_00336

DiscRep_SUB:FEATURE_LOCATION_CONFLICT::Coding region xref gene does not exist
prokka_out/CA140404:CDS	hypothetical protein	NODE_2_length_288677_cov_98.038000:5314-5721	NFMMKAFD_00337

DiscRep_SUB:FEATURE_LOCATION_CONFLICT::Coding region xref gene does not exist
prokka_out/CA140404:CDS	8-methylmenaquinol:fumarate reductase flavoprotein subunit	NODE_2_length_288677_cov_98.038000:6059-7894	NFMMKAFD_00338

DiscRep_SUB:FEATURE_LOCATION_CONFLICT::Coding region xref gene does not exist
prokka_out/CA140404:CDS	8-methylmenaquinol:fumarate reductase iron-sulfur subunit	NODE_2_length_288677_cov_98.038000:7891-8856	NFMMKAFD_00339

DiscRep_SUB:FEATURE_LOCATION_CONFLICT::Coding region xref gene does not exist
prokka_out/CA140404:CDS	8-methylmenaquinol:fumarate reductase membrane anchor subunit	NODE_2_length_288677_cov_98.038000:8860-9717	NFMMKAFD_00340

DiscRep_SUB:FEATURE_LOCATION_CONFLICT::Coding region xref gene does not exist
prokka_out/CA140404:CDS	Aminopyrimidine aminohydrolase	NODE_2_length_288677_cov_98.038000:c10406-9741	NFMMKAFD_00341

DiscRep_SUB:FEATURE_LOCATION_CONFLICT::Coding region xref gene does not exist
prokka_out/CA140404:CDS	Acyl carrier protein	NODE_2_length_288677_cov_98.038000:10519-10752	NFMMKAFD_00342

DiscRep_SUB:FEATURE_LOCATION_CONFLICT::Coding region xref gene does not exist
prokka_out/CA140404:CDS	3-oxoacyl-[acyl-carrier-protein] synthase 2	NODE_2_length_288677_cov_98.038000:10780-11994	NFMMKAFD_00343

DiscRep_SUB:FEATURE_LOCATION_CONFLICT::Coding region xref gene does not exist
prokka_out/CA140404:CDS	Acetyl-coenzyme A carboxylase carboxyl transferase subunit alpha	NODE_2_length_288677_cov_98.038000:11996-12934	NFMMKAFD_00344

DiscRep_SUB:FEATURE_LOCATION_CONFLICT::Coding region xref gene does not exist
prokka_out/CA140404:CDS	hypothetical protein	NODE_2_length_288677_cov_98.038000:13026-13274	NFMMKAFD_00345

DiscRep_SUB:FEATURE_LOCATION_CONFLICT::Coding region xref gene does not exist
prokka_out/CA140404:CDS	Colicin I receptor	NODE_2_length_288677_cov_98.038000:13313-14716	NFMMKAFD_00346

DiscRep_SUB:FEATURE_LOCATION_CONFLICT::Coding region xref gene does not exist
prokka_out/CA140404:CDS	hypothetical protein	NODE_2_length_288677_cov_98.038000:14811-15005	NFMMKAFD_00347

DiscRep_SUB:FEATURE_LOCATION_CONFLICT::Coding region xref gene does not exist
prokka_out/CA140404:CDS	hypothetical protein	NODE_2_length_288677_cov_98.038000:15224-15820	NFMMKAFD_00348

DiscRep_SUB:FEATURE_LOCATION_CONFLICT::Coding region xref gene does not exist
prokka_out/CA140404:CDS	hypothetical protein	NODE_2_length_288677_cov_98.038000:c16949-15852	NFMMKAFD_00349

DiscRep_SUB:FEATURE_LOCATION_CONFLICT::Coding region xref gene does not exist
prokka_out/CA140404:CDS	hypothetical protein	NODE_2_length_288677_cov_98.038000:c17174-16959	NFMMKAFD_00350

DiscRep_SUB:FEATURE_LOCATION_CONFLICT::Coding region xref gene does not exist
prokka_out/CA140404:CDS	50S ribosomal protein L28	NODE_2_length_288677_cov_98.038000:c17553-17359	NFMMKAFD_00351

DiscRep_SUB:FEATURE_LOCATION_CONFLICT::Coding region xref gene does not exist
prokka_out/CA140404:CDS	Ribulose-phosphate 3-epimerase	NODE_2_length_288677_cov_98.038000:17693-18340	NFMMKAFD_00352

DiscRep_SUB:FEATURE_LOCATION_CONFLICT::Coding region xref gene does not exist
prokka_out/CA140404:CDS	3'-5' exonuclease DinG	NODE_2_length_288677_cov_98.038000:18337-19107	NFMMKAFD_00353

DiscRep_SUB:FEATURE_LOCATION_CONFLICT::Coding region xref gene does not exist
prokka_out/CA140404:CDS	5-hydroxybenzimidazole synthase	NODE_2_length_288677_cov_98.038000:19282-20574	NFMMKAFD_00354

DiscRep_SUB:FEATURE_LOCATION_CONFLICT::Coding region xref gene does not exist
prokka_out/CA140404:CDS	hypothetical protein	NODE_2_length_288677_cov_98.038000:c21084-20566	NFMMKAFD_00355

DiscRep_SUB:FEATURE_LOCATION_CONFLICT::Coding region xref gene does not exist
prokka_out/CA140404:CDS	hypothetical protein	NODE_2_length_288677_cov_98.038000:c21601-21074	NFMMKAFD_00356

DiscRep_SUB:FEATURE_LOCATION_CONFLICT::Coding region xref gene does not exist
prokka_out/CA140404:CDS	hypothetical protein	NODE_2_length_288677_cov_98.038000:c22557-21598	NFMMKAFD_00357

DiscRep_SUB:FEATURE_LOCATION_CONFLICT::Coding region xref gene does not exist
prokka_out/CA140404:CDS	hypothetical protein	NODE_2_length_288677_cov_98.038000:c23209-22559	NFMMKAFD_00358

DiscRep_SUB:FEATURE_LOCATION_CONFLICT::Coding region xref gene does not exist
prokka_out/CA140404:CDS	tRNA-2-methylthio-N(6)-dimethylallyladenosine synthase	NODE_2_length_288677_cov_98.038000:c24473-23172	NFMMKAFD_00359

DiscRep_SUB:FEATURE_LOCATION_CONFLICT::Coding region xref gene does not exist
prokka_out/CA140404:CDS	hypothetical protein	NODE_2_length_288677_cov_98.038000:c24712-24470	NFMMKAFD_00360

DiscRep_SUB:FEATURE_LOCATION_CONFLICT::Coding region xref gene does not exist
prokka_out/CA140404:CDS	Transcription termination/antitermination protein NusA	NODE_2_length_288677_cov_98.038000:24839-25927	NFMMKAFD_00361

DiscRep_SUB:FEATURE_LOCATION_CONFLICT::Coding region xref gene does not exist
prokka_out/CA140404:CDS	hypothetical protein	NODE_2_length_288677_cov_98.038000:c27130-25943	NFMMKAFD_00362

DiscRep_SUB:FEATURE_LOCATION_CONFLICT::Coding region xref gene does not exist
prokka_out/CA140404:CDS	Cyclic dehypoxanthine futalosine synthase	NODE_2_length_288677_cov_98.038000:27204-28250	NFMMKAFD_00363

DiscRep_SUB:FEATURE_LOCATION_CONFLICT::Coding region xref gene does not exist
prokka_out/CA140404:CDS	hypothetical protein	NODE_2_length_288677_cov_98.038000:28250-29470	NFMMKAFD_00364

DiscRep_SUB:FEATURE_LOCATION_CONFLICT::Coding region xref gene does not exist
prokka_out/CA140404:CDS	Transcription-repair-coupling factor	NODE_2_length_288677_cov_98.038000:29460-31283	NFMMKAFD_00365

DiscRep_SUB:FEATURE_LOCATION_CONFLICT::Coding region xref gene does not exist
prokka_out/CA140404:CDS	Group 3 truncated hemoglobin ctb	NODE_2_length_288677_cov_98.038000:c31663-31280	NFMMKAFD_00366

DiscRep_SUB:FEATURE_LOCATION_CONFLICT::Coding region xref gene does not exist
prokka_out/CA140404:CDS	Cyclic AMP receptor-like protein	NODE_2_length_288677_cov_98.038000:31758-32354	NFMMKAFD_00367

DiscRep_SUB:FEATURE_LOCATION_CONFLICT::Coding region xref gene does not exist
prokka_out/CA140404:CDS	L-cystine transport system permease protein YecS	NODE_2_length_288677_cov_98.038000:32370-33071	NFMMKAFD_00368

DiscRep_SUB:FEATURE_LOCATION_CONFLICT::Coding region xref gene does not exist
prokka_out/CA140404:CDS	putative glutamine ABC transporter permease protein GlnP	NODE_2_length_288677_cov_98.038000:33064-33720	NFMMKAFD_00369

DiscRep_SUB:FEATURE_LOCATION_CONFLICT::Coding region xref gene does not exist
prokka_out/CA140404:CDS	Glutamine transport ATP-binding protein GlnQ	NODE_2_length_288677_cov_98.038000:33722-34459	NFMMKAFD_00370

DiscRep_SUB:FEATURE_LOCATION_CONFLICT::Coding region xref gene does not exist
prokka_out/CA140404:CDS	Elongation factor Tu	NODE_2_length_288677_cov_98.038000:35115-36314	NFMMKAFD_00375

DiscRep_SUB:FEATURE_LOCATION_CONFLICT::Coding region xref gene does not exist
prokka_out/CA140404:CDS	50S ribosomal protein L33 2	NODE_2_length_288677_cov_98.038000:36367-36525	NFMMKAFD_00376

DiscRep_SUB:FEATURE_LOCATION_CONFLICT::Coding region xref gene does not exist
prokka_out/CA140404:CDS	hypothetical protein	NODE_2_length_288677_cov_98.038000:36632-36811	NFMMKAFD_00378

DiscRep_SUB:FEATURE_LOCATION_CONFLICT::Coding region xref gene does not exist
prokka_out/CA140404:CDS	Transcription termination/antitermination protein NusG	NODE_2_length_288677_cov_98.038000:36821-37354	NFMMKAFD_00379

DiscRep_SUB:FEATURE_LOCATION_CONFLICT::Coding region xref gene does not exist
prokka_out/CA140404:CDS	50S ribosomal protein L11	NODE_2_length_288677_cov_98.038000:37380-37805	NFMMKAFD_00380

DiscRep_SUB:FEATURE_LOCATION_CONFLICT::Coding region xref gene does not exist
prokka_out/CA140404:CDS	50S ribosomal protein L1	NODE_2_length_288677_cov_98.038000:37860-38561	NFMMKAFD_00381

DiscRep_SUB:FEATURE_LOCATION_CONFLICT::Coding region xref gene does not exist
prokka_out/CA140404:CDS	50S ribosomal protein L10	NODE_2_length_288677_cov_98.038000:38713-39192	NFMMKAFD_00382

DiscRep_SUB:FEATURE_LOCATION_CONFLICT::Coding region xref gene does not exist
prokka_out/CA140404:CDS	50S ribosomal protein L7/L12	NODE_2_length_288677_cov_98.038000:39213-39590	NFMMKAFD_00383

DiscRep_SUB:FEATURE_LOCATION_CONFLICT::Coding region xref gene does not exist
prokka_out/CA140404:CDS	Bifunctional DNA-directed RNA polymerase subunit beta-beta'	NODE_2_length_288677_cov_98.038000:39708-43835	NFMMKAFD_00384

DiscRep_SUB:FEATURE_LOCATION_CONFLICT::Coding region xref gene does not exist
prokka_out/CA140404:CDS	Bifunctional DNA-directed RNA polymerase subunit beta-beta'	NODE_2_length_288677_cov_98.038000:43828-48381	NFMMKAFD_00385

DiscRep_SUB:FEATURE_LOCATION_CONFLICT::Coding region xref gene does not exist
prokka_out/CA140404:CDS	30S ribosomal protein S12	NODE_2_length_288677_cov_98.038000:48501-48887	NFMMKAFD_00386

DiscRep_SUB:FEATURE_LOCATION_CONFLICT::Coding region xref gene does not exist
prokka_out/CA140404:CDS	30S ribosomal protein S7	NODE_2_length_288677_cov_98.038000:48956-49426	NFMMKAFD_00387

DiscRep_SUB:FEATURE_LOCATION_CONFLICT::Coding region xref gene does not exist
prokka_out/CA140404:CDS	Elongation factor G	NODE_2_length_288677_cov_98.038000:49439-51514	NFMMKAFD_00388

DiscRep_SUB:FEATURE_LOCATION_CONFLICT::Coding region xref gene does not exist
prokka_out/CA140404:CDS	tRNA1(Val) (adenine(37)-N6)-methyltransferase	NODE_2_length_288677_cov_98.038000:51792-52493	NFMMKAFD_00390

DiscRep_SUB:FEATURE_LOCATION_CONFLICT::Coding region xref gene does not exist
prokka_out/CA140404:CDS	hypothetical protein	NODE_2_length_288677_cov_98.038000:52483-52857	NFMMKAFD_00391

DiscRep_SUB:FEATURE_LOCATION_CONFLICT::Coding region xref gene does not exist
prokka_out/CA140404:CDS	hypothetical protein	NODE_2_length_288677_cov_98.038000:52830-54107	NFMMKAFD_00392

DiscRep_SUB:FEATURE_LOCATION_CONFLICT::Coding region xref gene does not exist
prokka_out/CA140404:CDS	Indole-3-glycerol phosphate synthase	NODE_2_length_288677_cov_98.038000:54104-54880	NFMMKAFD_00393

DiscRep_SUB:FEATURE_LOCATION_CONFLICT::Coding region xref gene does not exist
prokka_out/CA140404:CDS	AP-4-A phosphorylase	NODE_2_length_288677_cov_98.038000:54891-55376	NFMMKAFD_00394

DiscRep_SUB:FEATURE_LOCATION_CONFLICT::Coding region xref gene does not exist
prokka_out/CA140404:CDS	tRNA 2-selenouridine synthase	NODE_2_length_288677_cov_98.038000:55366-56364	NFMMKAFD_00395

DiscRep_SUB:FEATURE_LOCATION_CONFLICT::Coding region xref gene does not exist
prokka_out/CA140404:CDS	Ammonium transporter	NODE_2_length_288677_cov_98.038000:56668-57903	NFMMKAFD_00396

DiscRep_SUB:FEATURE_LOCATION_CONFLICT::Coding region xref gene does not exist
prokka_out/CA140404:CDS	Ferrochelatase	NODE_2_length_288677_cov_98.038000:c58874-57963	NFMMKAFD_00397

DiscRep_SUB:FEATURE_LOCATION_CONFLICT::Coding region xref gene does not exist
prokka_out/CA140404:CDS	Inositol 2-dehydrogenase/D-chiro-inositol 3-dehydrogenase	NODE_2_length_288677_cov_98.038000:c59707-58871	NFMMKAFD_00398

DiscRep_SUB:FEATURE_LOCATION_CONFLICT::Coding region xref gene does not exist
prokka_out/CA140404:CDS	UDP-2-acetamido-2-deoxy-3-oxo-D-glucuronate aminotransferase	NODE_2_length_288677_cov_98.038000:c60815-59742	NFMMKAFD_00399

DiscRep_SUB:FEATURE_LOCATION_CONFLICT::Coding region xref gene does not exist
prokka_out/CA140404:CDS	Alanine--tRNA ligase	NODE_2_length_288677_cov_98.038000:60930-63458	NFMMKAFD_00400

DiscRep_SUB:FEATURE_LOCATION_CONFLICT::Coding region xref gene does not exist
prokka_out/CA140404:CDS	dTTP/UTP pyrophosphatase	NODE_2_length_288677_cov_98.038000:63458-64009	NFMMKAFD_00401

DiscRep_SUB:FEATURE_LOCATION_CONFLICT::Coding region xref gene does not exist
prokka_out/CA140404:CDS	Penicillin-binding protein 1F	NODE_2_length_288677_cov_98.038000:64006-65937	NFMMKAFD_00402

DiscRep_SUB:FEATURE_LOCATION_CONFLICT::Coding region xref gene does not exist
prokka_out/CA140404:CDS	Chaperone protein ClpB	NODE_2_length_288677_cov_98.038000:c68538-65965	NFMMKAFD_00403

DiscRep_SUB:FEATURE_LOCATION_CONFLICT::Coding region xref gene does not exist
prokka_out/CA140404:CDS	Copper-sensing transcriptional repressor CsoR	NODE_2_length_288677_cov_98.038000:c68940-68650	NFMMKAFD_00404

DiscRep_SUB:FEATURE_LOCATION_CONFLICT::Coding region xref gene does not exist
prokka_out/CA140404:CDS	Carboxy-terminal processing protease CtpB	NODE_2_length_288677_cov_98.038000:69082-70401	NFMMKAFD_00405

DiscRep_SUB:FEATURE_LOCATION_CONFLICT::Coding region xref gene does not exist
prokka_out/CA140404:CDS	Phosphoribosylaminoimidazole-succinocarboxamide synthase	NODE_2_length_288677_cov_98.038000:70403-71113	NFMMKAFD_00406

DiscRep_SUB:FEATURE_LOCATION_CONFLICT::Coding region xref gene does not exist
prokka_out/CA140404:CDS	Phosphoribosylformylglycinamidine synthase subunit PurS	NODE_2_length_288677_cov_98.038000:71122-71367	NFMMKAFD_00407

DiscRep_SUB:FEATURE_LOCATION_CONFLICT::Coding region xref gene does not exist
prokka_out/CA140404:CDS	Phosphoribosylformylglycinamidine synthase subunit PurQ	NODE_2_length_288677_cov_98.038000:71369-72016	NFMMKAFD_00408

DiscRep_SUB:FEATURE_LOCATION_CONFLICT::Coding region xref gene does not exist
prokka_out/CA140404:CDS	hypothetical protein	NODE_2_length_288677_cov_98.038000:72013-73209	NFMMKAFD_00409

DiscRep_SUB:FEATURE_LOCATION_CONFLICT::Coding region xref gene does not exist
prokka_out/CA140404:CDS	hypothetical protein	NODE_2_length_288677_cov_98.038000:73190-73882	NFMMKAFD_00410

DiscRep_SUB:FEATURE_LOCATION_CONFLICT::Coding region xref gene does not exist
prokka_out/CA140404:CDS	Putative fluoride ion transporter CrcB	NODE_2_length_288677_cov_98.038000:73876-74244	NFMMKAFD_00411

DiscRep_SUB:FEATURE_LOCATION_CONFLICT::Coding region xref gene does not exist
prokka_out/CA140404:CDS	Chaperone protein HtpG	NODE_2_length_288677_cov_98.038000:74317-76143	NFMMKAFD_00412

DiscRep_SUB:FEATURE_LOCATION_CONFLICT::Coding region xref gene does not exist
prokka_out/CA140404:CDS	hypothetical protein	NODE_2_length_288677_cov_98.038000:76140-76457	NFMMKAFD_00413

DiscRep_SUB:FEATURE_LOCATION_CONFLICT::Coding region xref gene does not exist
prokka_out/CA140404:CDS	hypothetical protein	NODE_2_length_288677_cov_98.038000:76457-76891	NFMMKAFD_00414

DiscRep_SUB:FEATURE_LOCATION_CONFLICT::Coding region xref gene does not exist
prokka_out/CA140404:CDS	hypothetical protein	NODE_2_length_288677_cov_98.038000:76895-77620	NFMMKAFD_00415

DiscRep_SUB:FEATURE_LOCATION_CONFLICT::Coding region xref gene does not exist
prokka_out/CA140404:CDS	hypothetical protein	NODE_2_length_288677_cov_98.038000:77749-78663	NFMMKAFD_00416

DiscRep_SUB:FEATURE_LOCATION_CONFLICT::Coding region xref gene does not exist
prokka_out/CA140404:CDS	putative peptidoglycan D,D-transpeptidase PenA	NODE_2_length_288677_cov_98.038000:c80468-78660	NFMMKAFD_00417

DiscRep_SUB:FEATURE_LOCATION_CONFLICT::Coding region xref gene does not exist
prokka_out/CA140404:CDS	Flagellar hook-basal body complex protein FliE	NODE_2_length_288677_cov_98.038000:c80771-80475	NFMMKAFD_00418

DiscRep_SUB:FEATURE_LOCATION_CONFLICT::Coding region xref gene does not exist
prokka_out/CA140404:CDS	Flagellar basal-body rod protein FlgC	NODE_2_length_288677_cov_98.038000:c81272-80778	NFMMKAFD_00419

DiscRep_SUB:FEATURE_LOCATION_CONFLICT::Coding region xref gene does not exist
prokka_out/CA140404:CDS	hypothetical protein	NODE_2_length_288677_cov_98.038000:c81713-81282	NFMMKAFD_00420

DiscRep_SUB:FEATURE_LOCATION_CONFLICT::Coding region xref gene does not exist
prokka_out/CA140404:CDS	Endolytic murein transglycosylase	NODE_2_length_288677_cov_98.038000:c82573-81794	NFMMKAFD_00421

DiscRep_SUB:FEATURE_LOCATION_CONFLICT::Coding region xref gene does not exist
prokka_out/CA140404:CDS	hypothetical protein	NODE_2_length_288677_cov_98.038000:82710-85280	NFMMKAFD_00422

DiscRep_SUB:FEATURE_LOCATION_CONFLICT::Coding region xref gene does not exist
prokka_out/CA140404:CDS	Isocitrate dehydrogenase [NADP] 2	NODE_2_length_288677_cov_98.038000:85397-87601	NFMMKAFD_00423

DiscRep_SUB:FEATURE_LOCATION_CONFLICT::Coding region xref gene does not exist
prokka_out/CA140404:CDS	Malate dehydrogenase	NODE_2_length_288677_cov_98.038000:87598-88500	NFMMKAFD_00424

DiscRep_SUB:FEATURE_LOCATION_CONFLICT::Coding region xref gene does not exist
prokka_out/CA140404:CDS	Succinate--CoA ligase [ADP-forming] subunit beta	NODE_2_length_288677_cov_98.038000:88501-89664	NFMMKAFD_00425

DiscRep_SUB:FEATURE_LOCATION_CONFLICT::Coding region xref gene does not exist
prokka_out/CA140404:CDS	Succinate--CoA ligase [ADP-forming] subunit alpha	NODE_2_length_288677_cov_98.038000:89674-90543	NFMMKAFD_00426

DiscRep_SUB:FEATURE_LOCATION_CONFLICT::Coding region xref gene does not exist
prokka_out/CA140404:CDS	Ion-translocating oxidoreductase complex subunit B	NODE_2_length_288677_cov_98.038000:90557-90868	NFMMKAFD_00427

DiscRep_SUB:FEATURE_LOCATION_CONFLICT::Coding region xref gene does not exist
prokka_out/CA140404:CDS	2-oxoglutarate oxidoreductase subunit KorA	NODE_2_length_288677_cov_98.038000:90877-92001	NFMMKAFD_00428

DiscRep_SUB:FEATURE_LOCATION_CONFLICT::Coding region xref gene does not exist
prokka_out/CA140404:CDS	hypothetical protein	NODE_2_length_288677_cov_98.038000:92002-92847	NFMMKAFD_00429

DiscRep_SUB:FEATURE_LOCATION_CONFLICT::Coding region xref gene does not exist
prokka_out/CA140404:CDS	hypothetical protein	NODE_2_length_288677_cov_98.038000:92844-93401	NFMMKAFD_00430

DiscRep_SUB:FEATURE_LOCATION_CONFLICT::Coding region xref gene does not exist
prokka_out/CA140404:CDS	hypothetical protein	NODE_2_length_288677_cov_98.038000:93540-93803	NFMMKAFD_00431

DiscRep_SUB:FEATURE_LOCATION_CONFLICT::Coding region xref gene does not exist
prokka_out/CA140404:CDS	hypothetical protein	NODE_2_length_288677_cov_98.038000:93806-94342	NFMMKAFD_00432

DiscRep_SUB:FEATURE_LOCATION_CONFLICT::Coding region xref gene does not exist
prokka_out/CA140404:CDS	Octaprenyl diphosphate synthase	NODE_2_length_288677_cov_98.038000:94356-95249	NFMMKAFD_00433

DiscRep_SUB:FEATURE_LOCATION_CONFLICT::Coding region xref gene does not exist
prokka_out/CA140404:CDS	Glutamyl-tRNA reductase	NODE_2_length_288677_cov_98.038000:95249-96547	NFMMKAFD_00434

DiscRep_SUB:FEATURE_LOCATION_CONFLICT::Coding region xref gene does not exist
prokka_out/CA140404:CDS	Proline--tRNA ligase	NODE_2_length_288677_cov_98.038000:96534-98240	NFMMKAFD_00435

DiscRep_SUB:FEATURE_LOCATION_CONFLICT::Coding region xref gene does not exist
prokka_out/CA140404:CDS	hypothetical protein	NODE_2_length_288677_cov_98.038000:98237-98626	NFMMKAFD_00436

DiscRep_SUB:FEATURE_LOCATION_CONFLICT::Coding region xref gene does not exist
prokka_out/CA140404:CDS	Porphobilinogen deaminase	NODE_2_length_288677_cov_98.038000:98623-99546	NFMMKAFD_00437

DiscRep_SUB:FEATURE_LOCATION_CONFLICT::Coding region xref gene does not exist
prokka_out/CA140404:CDS	3-octaprenyl-4-hydroxybenzoate carboxy-lyase	NODE_2_length_288677_cov_98.038000:99543-101345	NFMMKAFD_00438

DiscRep_SUB:FEATURE_LOCATION_CONFLICT::Coding region xref gene does not exist
prokka_out/CA140404:CDS	hypothetical protein	NODE_2_length_288677_cov_98.038000:101502-101867	NFMMKAFD_00439

DiscRep_SUB:FEATURE_LOCATION_CONFLICT::Coding region xref gene does not exist
prokka_out/CA140404:CDS	hypothetical protein	NODE_2_length_288677_cov_98.038000:101870-103783	NFMMKAFD_00440

DiscRep_SUB:FEATURE_LOCATION_CONFLICT::Coding region xref gene does not exist
prokka_out/CA140404:CDS	Flagellar secretion chaperone FliS	NODE_2_length_288677_cov_98.038000:103795-104181	NFMMKAFD_00441

DiscRep_SUB:FEATURE_LOCATION_CONFLICT::Coding region xref gene does not exist
prokka_out/CA140404:CDS	hypothetical protein	NODE_2_length_288677_cov_98.038000:104162-104437	NFMMKAFD_00442

DiscRep_SUB:FEATURE_LOCATION_CONFLICT::Coding region xref gene does not exist
prokka_out/CA140404:CDS	Elongation factor P	NODE_2_length_288677_cov_98.038000:104869-105438	NFMMKAFD_00443

DiscRep_SUB:FEATURE_LOCATION_CONFLICT::Coding region xref gene does not exist
prokka_out/CA140404:CDS	hypothetical protein	NODE_2_length_288677_cov_98.038000:105598-106290	NFMMKAFD_00444

DiscRep_SUB:FEATURE_LOCATION_CONFLICT::Coding region xref gene does not exist
prokka_out/CA140404:CDS	hypothetical protein	NODE_2_length_288677_cov_98.038000:106277-107230	NFMMKAFD_00445

DiscRep_SUB:FEATURE_LOCATION_CONFLICT::Coding region xref gene does not exist
prokka_out/CA140404:CDS	hypothetical protein	NODE_2_length_288677_cov_98.038000:107240-108244	NFMMKAFD_00446

DiscRep_SUB:FEATURE_LOCATION_CONFLICT::Coding region xref gene does not exist
prokka_out/CA140404:CDS	hypothetical protein	NODE_2_length_288677_cov_98.038000:108369-109655	NFMMKAFD_00447

DiscRep_SUB:FEATURE_LOCATION_CONFLICT::Coding region xref gene does not exist
prokka_out/CA140404:CDS	4-sulfomuconolactone hydrolase	NODE_2_length_288677_cov_98.038000:109666-110463	NFMMKAFD_00448

DiscRep_SUB:FEATURE_LOCATION_CONFLICT::Coding region xref gene does not exist
prokka_out/CA140404:CDS	hypothetical protein	NODE_2_length_288677_cov_98.038000:c111545-110460	NFMMKAFD_00449

DiscRep_SUB:FEATURE_LOCATION_CONFLICT::Coding region xref gene does not exist
prokka_out/CA140404:CDS	Gamma-glutamyl phosphate reductase	NODE_2_length_288677_cov_98.038000:c112774-111542	NFMMKAFD_00450

DiscRep_SUB:FEATURE_LOCATION_CONFLICT::Coding region xref gene does not exist
prokka_out/CA140404:CDS	Ferredoxin--NADP reductase	NODE_2_length_288677_cov_98.038000:112845-113780	NFMMKAFD_00451

DiscRep_SUB:FEATURE_LOCATION_CONFLICT::Coding region xref gene does not exist
prokka_out/CA140404:CDS	hypothetical protein	NODE_2_length_288677_cov_98.038000:113961-115289	NFMMKAFD_00452

DiscRep_SUB:FEATURE_LOCATION_CONFLICT::Coding region xref gene does not exist
prokka_out/CA140404:CDS	hypothetical protein	NODE_2_length_288677_cov_98.038000:c116267-115338	NFMMKAFD_00453

DiscRep_SUB:FEATURE_LOCATION_CONFLICT::Coding region xref gene does not exist
prokka_out/CA140404:CDS	Replicative DNA helicase	NODE_2_length_288677_cov_98.038000:116421-117797	NFMMKAFD_00454

DiscRep_SUB:FEATURE_LOCATION_CONFLICT::Coding region xref gene does not exist
prokka_out/CA140404:CDS	hypothetical protein	NODE_2_length_288677_cov_98.038000:117902-118462	NFMMKAFD_00455

DiscRep_SUB:FEATURE_LOCATION_CONFLICT::Coding region xref gene does not exist
prokka_out/CA140404:CDS	hypothetical protein	NODE_2_length_288677_cov_98.038000:118462-118659	NFMMKAFD_00456

DiscRep_SUB:FEATURE_LOCATION_CONFLICT::Coding region xref gene does not exist
prokka_out/CA140404:CDS	GTPase Era	NODE_2_length_288677_cov_98.038000:118739-119857	NFMMKAFD_00457

DiscRep_SUB:FEATURE_LOCATION_CONFLICT::Coding region xref gene does not exist
prokka_out/CA140404:CDS	hypothetical protein	NODE_2_length_288677_cov_98.038000:119868-120038	NFMMKAFD_00458

DiscRep_SUB:FEATURE_LOCATION_CONFLICT::Coding region xref gene does not exist
prokka_out/CA140404:CDS	hypothetical protein	NODE_2_length_288677_cov_98.038000:120052-120357	NFMMKAFD_00459

DiscRep_SUB:FEATURE_LOCATION_CONFLICT::Coding region xref gene does not exist
prokka_out/CA140404:CDS	hypothetical protein	NODE_2_length_288677_cov_98.038000:120366-121433	NFMMKAFD_00460

DiscRep_SUB:FEATURE_LOCATION_CONFLICT::Coding region xref gene does not exist
prokka_out/CA140404:CDS	hypothetical protein	NODE_2_length_288677_cov_98.038000:121430-122302	NFMMKAFD_00461

DiscRep_SUB:FEATURE_LOCATION_CONFLICT::Coding region xref gene does not exist
prokka_out/CA140404:CDS	Riboflavin biosynthesis protein RibBA	NODE_2_length_288677_cov_98.038000:122599-123618	NFMMKAFD_00464

DiscRep_SUB:FEATURE_LOCATION_CONFLICT::Coding region xref gene does not exist
prokka_out/CA140404:CDS	putative protein YqeY	NODE_2_length_288677_cov_98.038000:123630-124073	NFMMKAFD_00465

DiscRep_SUB:FEATURE_LOCATION_CONFLICT::Coding region xref gene does not exist
prokka_out/CA140404:CDS	Acetolactate synthase isozyme 3 large subunit	NODE_2_length_288677_cov_98.038000:124091-125791	NFMMKAFD_00466

DiscRep_SUB:FEATURE_LOCATION_CONFLICT::Coding region xref gene does not exist
prokka_out/CA140404:CDS	Acetolactate synthase isozyme 3 small subunit	NODE_2_length_288677_cov_98.038000:125788-126252	NFMMKAFD_00467

DiscRep_SUB:FEATURE_LOCATION_CONFLICT::Coding region xref gene does not exist
prokka_out/CA140404:CDS	UDP-3-O-acylglucosamine N-acyltransferase	NODE_2_length_288677_cov_98.038000:126249-127214	NFMMKAFD_00468

DiscRep_SUB:FEATURE_LOCATION_CONFLICT::Coding region xref gene does not exist
prokka_out/CA140404:CDS	S-adenosylmethionine:tRNA ribosyltransferase-isomerase	NODE_2_length_288677_cov_98.038000:c128231-127203	NFMMKAFD_00469

DiscRep_SUB:FEATURE_LOCATION_CONFLICT::Coding region xref gene does not exist
prokka_out/CA140404:CDS	Sec-independent protein translocase protein TatC	NODE_2_length_288677_cov_98.038000:c128961-128224	NFMMKAFD_00470

DiscRep_SUB:FEATURE_LOCATION_CONFLICT::Coding region xref gene does not exist
prokka_out/CA140404:CDS	Sec-independent protein translocase protein TatB	NODE_2_length_288677_cov_98.038000:c129370-128954	NFMMKAFD_00471

DiscRep_SUB:FEATURE_LOCATION_CONFLICT::Coding region xref gene does not exist
prokka_out/CA140404:CDS	Heme chaperone HemW	NODE_2_length_288677_cov_98.038000:c130495-129428	NFMMKAFD_00472

DiscRep_SUB:FEATURE_LOCATION_CONFLICT::Coding region xref gene does not exist
prokka_out/CA140404:CDS	RNA pyrophosphohydrolase	NODE_2_length_288677_cov_98.038000:130597-131067	NFMMKAFD_00473

DiscRep_SUB:FEATURE_LOCATION_CONFLICT::Coding region xref gene does not exist
prokka_out/CA140404:CDS	Aspartate kinase	NODE_2_length_288677_cov_98.038000:131069-132271	NFMMKAFD_00474

DiscRep_SUB:FEATURE_LOCATION_CONFLICT::Coding region xref gene does not exist
prokka_out/CA140404:CDS	hypothetical protein	NODE_2_length_288677_cov_98.038000:132272-132808	NFMMKAFD_00475

DiscRep_SUB:FEATURE_LOCATION_CONFLICT::Coding region xref gene does not exist
prokka_out/CA140404:CDS	hypothetical protein	NODE_2_length_288677_cov_98.038000:132814-133413	NFMMKAFD_00476

DiscRep_SUB:FEATURE_LOCATION_CONFLICT::Coding region xref gene does not exist
prokka_out/CA140404:CDS	Bifunctional dihydropteroate synthase/dihydropteroate reductase	NODE_2_length_288677_cov_98.038000:133415-134557	NFMMKAFD_00477

DiscRep_SUB:FEATURE_LOCATION_CONFLICT::Coding region xref gene does not exist
prokka_out/CA140404:CDS	DNA ligase	NODE_2_length_288677_cov_98.038000:134558-136501	NFMMKAFD_00478

DiscRep_SUB:FEATURE_LOCATION_CONFLICT::Coding region xref gene does not exist
prokka_out/CA140404:CDS	hypothetical protein	NODE_2_length_288677_cov_98.038000:136467-137486	NFMMKAFD_00479

DiscRep_SUB:FEATURE_LOCATION_CONFLICT::Coding region xref gene does not exist
prokka_out/CA140404:CDS	16S/23S rRNA (cytidine-2'-O)-methyltransferase TlyA	NODE_2_length_288677_cov_98.038000:137483-138244	NFMMKAFD_00480

DiscRep_SUB:FEATURE_LOCATION_CONFLICT::Coding region xref gene does not exist
prokka_out/CA140404:CDS	Bifunctional riboflavin kinase/FMN adenylyltransferase	NODE_2_length_288677_cov_98.038000:138210-139064	NFMMKAFD_00481

DiscRep_SUB:FEATURE_LOCATION_CONFLICT::Coding region xref gene does not exist
prokka_out/CA140404:CDS	Carboxy-S-adenosyl-L-methionine synthase	NODE_2_length_288677_cov_98.038000:139054-139761	NFMMKAFD_00482

DiscRep_SUB:FEATURE_LOCATION_CONFLICT::Coding region xref gene does not exist
prokka_out/CA140404:CDS	hypothetical protein	NODE_2_length_288677_cov_98.038000:c139966-139751	NFMMKAFD_00483

DiscRep_SUB:FEATURE_LOCATION_CONFLICT::Coding region xref gene does not exist
prokka_out/CA140404:CDS	hypothetical protein	NODE_2_length_288677_cov_98.038000:c140403-139969	NFMMKAFD_00484

DiscRep_SUB:FEATURE_LOCATION_CONFLICT::Coding region xref gene does not exist
prokka_out/CA140404:CDS	hypothetical protein	NODE_2_length_288677_cov_98.038000:c141093-140461	NFMMKAFD_00485

DiscRep_SUB:FEATURE_LOCATION_CONFLICT::Coding region xref gene does not exist
prokka_out/CA140404:CDS	hypothetical protein	NODE_2_length_288677_cov_98.038000:c141754-141104	NFMMKAFD_00486

DiscRep_SUB:FEATURE_LOCATION_CONFLICT::Coding region xref gene does not exist
prokka_out/CA140404:CDS	Endonuclease III	NODE_2_length_288677_cov_98.038000:c142377-141751	NFMMKAFD_00487

DiscRep_SUB:FEATURE_LOCATION_CONFLICT::Coding region xref gene does not exist
prokka_out/CA140404:CDS	Putative peptidyl-prolyl cis-trans isomerase Cbf2	NODE_2_length_288677_cov_98.038000:142458-143279	NFMMKAFD_00488

DiscRep_SUB:FEATURE_LOCATION_CONFLICT::Coding region xref gene does not exist
prokka_out/CA140404:CDS	Fructose-bisphosphate aldolase	NODE_2_length_288677_cov_98.038000:143279-144343	NFMMKAFD_00489

DiscRep_SUB:FEATURE_LOCATION_CONFLICT::Coding region xref gene does not exist
prokka_out/CA140404:CDS	hypothetical protein	NODE_2_length_288677_cov_98.038000:144438-145880	NFMMKAFD_00490

DiscRep_SUB:FEATURE_LOCATION_CONFLICT::Coding region xref gene does not exist
prokka_out/CA140404:CDS	Peptidoglycan-associated lipoprotein	NODE_2_length_288677_cov_98.038000:145877-146830	NFMMKAFD_00491

DiscRep_SUB:FEATURE_LOCATION_CONFLICT::Coding region xref gene does not exist
prokka_out/CA140404:CDS	hypothetical protein	NODE_2_length_288677_cov_98.038000:146817-147692	NFMMKAFD_00492

DiscRep_SUB:FEATURE_LOCATION_CONFLICT::Coding region xref gene does not exist
prokka_out/CA140404:CDS	hypothetical protein	NODE_2_length_288677_cov_98.038000:c149027-147684	NFMMKAFD_00493

DiscRep_SUB:FEATURE_LOCATION_CONFLICT::Coding region xref gene does not exist
prokka_out/CA140404:CDS	Protein YiiM	NODE_2_length_288677_cov_98.038000:c149746-149078	NFMMKAFD_00494

DiscRep_SUB:FEATURE_LOCATION_CONFLICT::Coding region xref gene does not exist
prokka_out/CA140404:CDS	Thiol:disulfide interchange protein DsbD	NODE_2_length_288677_cov_98.038000:c151446-149743	NFMMKAFD_00495

DiscRep_SUB:FEATURE_LOCATION_CONFLICT::Coding region xref gene does not exist
prokka_out/CA140404:CDS	hypothetical protein	NODE_2_length_288677_cov_98.038000:151541-152422	NFMMKAFD_00496

DiscRep_SUB:FEATURE_LOCATION_CONFLICT::Coding region xref gene does not exist
prokka_out/CA140404:CDS	Hippurate hydrolase	NODE_2_length_288677_cov_98.038000:152431-153621	NFMMKAFD_00497

DiscRep_SUB:FEATURE_LOCATION_CONFLICT::Coding region xref gene does not exist
prokka_out/CA140404:CDS	Macrolide export protein MacA	NODE_2_length_288677_cov_98.038000:153700-154872	NFMMKAFD_00498

DiscRep_SUB:FEATURE_LOCATION_CONFLICT::Coding region xref gene does not exist
prokka_out/CA140404:CDS	Macrolide export ATP-binding/permease protein MacB	NODE_2_length_288677_cov_98.038000:154872-156797	NFMMKAFD_00499

DiscRep_SUB:FEATURE_LOCATION_CONFLICT::Coding region xref gene does not exist
prokka_out/CA140404:CDS	Toxin and drug export protein A	NODE_2_length_288677_cov_98.038000:156799-158169	NFMMKAFD_00500

DiscRep_SUB:FEATURE_LOCATION_CONFLICT::Coding region xref gene does not exist
prokka_out/CA140404:CDS	hypothetical protein	NODE_2_length_288677_cov_98.038000:c159350-158172	NFMMKAFD_00501

DiscRep_SUB:FEATURE_LOCATION_CONFLICT::Coding region xref gene does not exist
prokka_out/CA140404:CDS	hypothetical protein	NODE_2_length_288677_cov_98.038000:c160347-159337	NFMMKAFD_00502

DiscRep_SUB:FEATURE_LOCATION_CONFLICT::Coding region xref gene does not exist
prokka_out/CA140404:CDS	hypothetical protein	NODE_2_length_288677_cov_98.038000:c161724-160348	NFMMKAFD_00503

DiscRep_SUB:FEATURE_LOCATION_CONFLICT::Coding region xref gene does not exist
prokka_out/CA140404:CDS	Bacterial non-heme ferritin	NODE_2_length_288677_cov_98.038000:c162270-161767	NFMMKAFD_00504

DiscRep_SUB:FEATURE_LOCATION_CONFLICT::Coding region xref gene does not exist
prokka_out/CA140404:CDS	Protein SphX	NODE_2_length_288677_cov_98.038000:162450-163445	NFMMKAFD_00505

DiscRep_SUB:FEATURE_LOCATION_CONFLICT::Coding region xref gene does not exist
prokka_out/CA140404:CDS	Phosphate transport system permease protein PstC 1	NODE_2_length_288677_cov_98.038000:163455-164369	NFMMKAFD_00506

DiscRep_SUB:FEATURE_LOCATION_CONFLICT::Coding region xref gene does not exist
prokka_out/CA140404:CDS	hypothetical protein	NODE_2_length_288677_cov_98.038000:164366-165454	NFMMKAFD_00507

DiscRep_SUB:FEATURE_LOCATION_CONFLICT::Coding region xref gene does not exist
prokka_out/CA140404:CDS	Phosphate import ATP-binding protein PstB	NODE_2_length_288677_cov_98.038000:165451-166191	NFMMKAFD_00508

DiscRep_SUB:FEATURE_LOCATION_CONFLICT::Coding region xref gene does not exist
prokka_out/CA140404:CDS	hypothetical protein	NODE_2_length_288677_cov_98.038000:166253-166864	NFMMKAFD_00509

DiscRep_SUB:FEATURE_LOCATION_CONFLICT::Coding region xref gene does not exist
prokka_out/CA140404:CDS	hypothetical protein	NODE_2_length_288677_cov_98.038000:166834-167481	NFMMKAFD_00510

DiscRep_SUB:FEATURE_LOCATION_CONFLICT::Coding region xref gene does not exist
prokka_out/CA140404:CDS	putative FMN/FAD exporter YeeO	NODE_2_length_288677_cov_98.038000:167571-168887	NFMMKAFD_00511

DiscRep_SUB:FEATURE_LOCATION_CONFLICT::Coding region xref gene does not exist
prokka_out/CA140404:CDS	hypothetical protein	NODE_2_length_288677_cov_98.038000:168863-169510	NFMMKAFD_00512

DiscRep_SUB:FEATURE_LOCATION_CONFLICT::Coding region xref gene does not exist
prokka_out/CA140404:CDS	hypothetical protein	NODE_2_length_288677_cov_98.038000:169552-171072	NFMMKAFD_00513

DiscRep_SUB:FEATURE_LOCATION_CONFLICT::Coding region xref gene does not exist
prokka_out/CA140404:CDS	Carbamoyltransferase HypF	NODE_2_length_288677_cov_98.038000:171053-173242	NFMMKAFD_00514

DiscRep_SUB:FEATURE_LOCATION_CONFLICT::Coding region xref gene does not exist
prokka_out/CA140404:CDS	Hydrogenase maturation factor HypB	NODE_2_length_288677_cov_98.038000:173320-174063	NFMMKAFD_00515

DiscRep_SUB:FEATURE_LOCATION_CONFLICT::Coding region xref gene does not exist
prokka_out/CA140404:CDS	hypothetical protein	NODE_2_length_288677_cov_98.038000:174063-174344	NFMMKAFD_00516

DiscRep_SUB:FEATURE_LOCATION_CONFLICT::Coding region xref gene does not exist
prokka_out/CA140404:CDS	Hydrogenase maturation factor HypD	NODE_2_length_288677_cov_98.038000:174328-175419	NFMMKAFD_00517

DiscRep_SUB:FEATURE_LOCATION_CONFLICT::Coding region xref gene does not exist
prokka_out/CA140404:CDS	Carbamoyl dehydratase HypE	NODE_2_length_288677_cov_98.038000:175416-176390	NFMMKAFD_00518

DiscRep_SUB:FEATURE_LOCATION_CONFLICT::Coding region xref gene does not exist
prokka_out/CA140404:CDS	Hydrogenase/urease maturation factor HypA	NODE_2_length_288677_cov_98.038000:176390-176734	NFMMKAFD_00519

DiscRep_SUB:FEATURE_LOCATION_CONFLICT::Coding region xref gene does not exist
prokka_out/CA140404:CDS	hypothetical protein	NODE_2_length_288677_cov_98.038000:c177799-176756	NFMMKAFD_00520

DiscRep_SUB:FEATURE_LOCATION_CONFLICT::Coding region xref gene does not exist
prokka_out/CA140404:CDS	hypothetical protein	NODE_2_length_288677_cov_98.038000:c178857-177892	NFMMKAFD_00521

DiscRep_SUB:FEATURE_LOCATION_CONFLICT::Coding region xref gene does not exist
prokka_out/CA140404:CDS	Ribonuclease R	NODE_2_length_288677_cov_98.038000:c180784-178850	NFMMKAFD_00522

DiscRep_SUB:FEATURE_LOCATION_CONFLICT::Coding region xref gene does not exist
prokka_out/CA140404:CDS	Ketol-acid reductoisomerase (NADP(+))	NODE_2_length_288677_cov_98.038000:180903-181925	NFMMKAFD_00523

DiscRep_SUB:FEATURE_LOCATION_CONFLICT::Coding region xref gene does not exist
prokka_out/CA140404:CDS	hypothetical protein	NODE_2_length_288677_cov_98.038000:181929-183011	NFMMKAFD_00524

DiscRep_SUB:FEATURE_LOCATION_CONFLICT::Coding region xref gene does not exist
prokka_out/CA140404:CDS	hypothetical protein	NODE_2_length_288677_cov_98.038000:183001-183774	NFMMKAFD_00525

DiscRep_SUB:FEATURE_LOCATION_CONFLICT::Coding region xref gene does not exist
prokka_out/CA140404:CDS	Putative pre-16S rRNA nuclease	NODE_2_length_288677_cov_98.038000:183771-184154	NFMMKAFD_00526

DiscRep_SUB:FEATURE_LOCATION_CONFLICT::Coding region xref gene does not exist
prokka_out/CA140404:CDS	Ribosomal RNA small subunit methyltransferase F	NODE_2_length_288677_cov_98.038000:184144-185022	NFMMKAFD_00527

DiscRep_SUB:FEATURE_LOCATION_CONFLICT::Coding region xref gene does not exist
prokka_out/CA140404:CDS	Peptide methionine sulfoxide reductase MsrA	NODE_2_length_288677_cov_98.038000:c185694-185197	NFMMKAFD_00528

DiscRep_SUB:FEATURE_LOCATION_CONFLICT::Coding region xref gene does not exist
prokka_out/CA140404:CDS	Inorganic pyrophosphatase	NODE_2_length_288677_cov_98.038000:c186253-185735	NFMMKAFD_00529

DiscRep_SUB:FEATURE_LOCATION_CONFLICT::Coding region xref gene does not exist
prokka_out/CA140404:CDS	Adenylate kinase	NODE_2_length_288677_cov_98.038000:c186841-186263	NFMMKAFD_00530

DiscRep_SUB:FEATURE_LOCATION_CONFLICT::Coding region xref gene does not exist
prokka_out/CA140404:CDS	Aspartate--tRNA(Asp/Asn) ligase	NODE_2_length_288677_cov_98.038000:c188589-186838	NFMMKAFD_00531

DiscRep_SUB:FEATURE_LOCATION_CONFLICT::Coding region xref gene does not exist
prokka_out/CA140404:CDS	NAD kinase	NODE_2_length_288677_cov_98.038000:188681-189541	NFMMKAFD_00532

DiscRep_SUB:FEATURE_LOCATION_CONFLICT::Coding region xref gene does not exist
prokka_out/CA140404:CDS	DNA repair protein RecN	NODE_2_length_288677_cov_98.038000:189541-191064	NFMMKAFD_00533

DiscRep_SUB:FEATURE_LOCATION_CONFLICT::Coding region xref gene does not exist
prokka_out/CA140404:CDS	Response regulator PleD	NODE_2_length_288677_cov_98.038000:191170-192414	NFMMKAFD_00534

DiscRep_SUB:FEATURE_LOCATION_CONFLICT::Coding region xref gene does not exist
prokka_out/CA140404:CDS	putative metal-dependent hydrolase YcfH	NODE_2_length_288677_cov_98.038000:192405-193220	NFMMKAFD_00535

DiscRep_SUB:FEATURE_LOCATION_CONFLICT::Coding region xref gene does not exist
prokka_out/CA140404:CDS	hypothetical protein	NODE_2_length_288677_cov_98.038000:193220-194338	NFMMKAFD_00536

DiscRep_SUB:FEATURE_LOCATION_CONFLICT::Coding region xref gene does not exist
prokka_out/CA140404:CDS	Endolytic peptidoglycan transglycosylase RlpA	NODE_2_length_288677_cov_98.038000:194298-195125	NFMMKAFD_00537

DiscRep_SUB:FEATURE_LOCATION_CONFLICT::Coding region xref gene does not exist
prokka_out/CA140404:CDS	3-deoxy-D-manno-octulosonate 8-phosphate phosphatase KdsC	NODE_2_length_288677_cov_98.038000:195131-195619	NFMMKAFD_00538

DiscRep_SUB:FEATURE_LOCATION_CONFLICT::Coding region xref gene does not exist
prokka_out/CA140404:CDS	hypothetical protein	NODE_2_length_288677_cov_98.038000:195610-196125	NFMMKAFD_00539

DiscRep_SUB:FEATURE_LOCATION_CONFLICT::Coding region xref gene does not exist
prokka_out/CA140404:CDS	Lipopolysaccharide export system protein LptA	NODE_2_length_288677_cov_98.038000:196107-196568	NFMMKAFD_00540

DiscRep_SUB:FEATURE_LOCATION_CONFLICT::Coding region xref gene does not exist
prokka_out/CA140404:CDS	putative GTP-binding protein EngB	NODE_2_length_288677_cov_98.038000:196565-197161	NFMMKAFD_00541

DiscRep_SUB:FEATURE_LOCATION_CONFLICT::Coding region xref gene does not exist
prokka_out/CA140404:CDS	hypothetical protein	NODE_2_length_288677_cov_98.038000:197158-197652	NFMMKAFD_00542

DiscRep_SUB:FEATURE_LOCATION_CONFLICT::Coding region xref gene does not exist
prokka_out/CA140404:CDS	Peptidoglycan D,D-transpeptidase MrdA	NODE_2_length_288677_cov_98.038000:197653-199458	NFMMKAFD_00543

DiscRep_SUB:FEATURE_LOCATION_CONFLICT::Coding region xref gene does not exist
prokka_out/CA140404:CDS	hypothetical protein	NODE_2_length_288677_cov_98.038000:c201369-199579	NFMMKAFD_00544

DiscRep_SUB:FEATURE_LOCATION_CONFLICT::Coding region xref gene does not exist
prokka_out/CA140404:CDS	Di-/tripeptide transporter	NODE_2_length_288677_cov_98.038000:c202938-201385	NFMMKAFD_00545

DiscRep_SUB:FEATURE_LOCATION_CONFLICT::Coding region xref gene does not exist
prokka_out/CA140404:CDS	hypothetical protein	NODE_2_length_288677_cov_98.038000:c203368-203138	NFMMKAFD_00546

DiscRep_SUB:FEATURE_LOCATION_CONFLICT::Coding region xref gene does not exist
prokka_out/CA140404:CDS	hypothetical protein	NODE_2_length_288677_cov_98.038000:c204056-203856	NFMMKAFD_00547

DiscRep_SUB:FEATURE_LOCATION_CONFLICT::Coding region xref gene does not exist
prokka_out/CA140404:CDS	Dipeptide and tripeptide permease B	NODE_2_length_288677_cov_98.038000:c204627-204217	NFMMKAFD_00548

DiscRep_SUB:FEATURE_LOCATION_CONFLICT::Coding region xref gene does not exist
prokka_out/CA140404:CDS	hypothetical protein	NODE_2_length_288677_cov_98.038000:c205302-204754	NFMMKAFD_00549

DiscRep_SUB:FEATURE_LOCATION_CONFLICT::Coding region xref gene does not exist
prokka_out/CA140404:CDS	hypothetical protein	NODE_2_length_288677_cov_98.038000:c206401-205295	NFMMKAFD_00550

DiscRep_SUB:FEATURE_LOCATION_CONFLICT::Coding region xref gene does not exist
prokka_out/CA140404:CDS	GTPase Era	NODE_2_length_288677_cov_98.038000:c207263-206388	NFMMKAFD_00551

DiscRep_SUB:FEATURE_LOCATION_CONFLICT::Coding region xref gene does not exist
prokka_out/CA140404:CDS	ATP-dependent protease ATPase subunit ClpY	NODE_2_length_288677_cov_98.038000:c208579-207260	NFMMKAFD_00552

DiscRep_SUB:FEATURE_LOCATION_CONFLICT::Coding region xref gene does not exist
prokka_out/CA140404:CDS	ATP-dependent protease subunit HslV	NODE_2_length_288677_cov_98.038000:c209118-208576	NFMMKAFD_00553

DiscRep_SUB:FEATURE_LOCATION_CONFLICT::Coding region xref gene does not exist
prokka_out/CA140404:CDS	50S ribosomal protein L9	NODE_2_length_288677_cov_98.038000:c209561-209118	NFMMKAFD_00554

DiscRep_SUB:FEATURE_LOCATION_CONFLICT::Coding region xref gene does not exist
prokka_out/CA140404:CDS	Argininosuccinate synthase	NODE_2_length_288677_cov_98.038000:c210794-209574	NFMMKAFD_00555

DiscRep_SUB:FEATURE_LOCATION_CONFLICT::Coding region xref gene does not exist
prokka_out/CA140404:CDS	hypothetical protein	NODE_2_length_288677_cov_98.038000:210911-211195	NFMMKAFD_00556

DiscRep_SUB:FEATURE_LOCATION_CONFLICT::Coding region xref gene does not exist
prokka_out/CA140404:CDS	hypothetical protein	NODE_2_length_288677_cov_98.038000:211192-211599	NFMMKAFD_00557

DiscRep_SUB:FEATURE_LOCATION_CONFLICT::Coding region xref gene does not exist
prokka_out/CA140404:CDS	Lipopolysaccharide export system ATP-binding protein LptB	NODE_2_length_288677_cov_98.038000:211568-212320	NFMMKAFD_00558

DiscRep_SUB:FEATURE_LOCATION_CONFLICT::Coding region xref gene does not exist
prokka_out/CA140404:CDS	RNA polymerase sigma-54 factor	NODE_2_length_288677_cov_98.038000:212320-213570	NFMMKAFD_00559

DiscRep_SUB:FEATURE_LOCATION_CONFLICT::Coding region xref gene does not exist
prokka_out/CA140404:CDS	Anaerobic C4-dicarboxylate transporter DcuB	NODE_2_length_288677_cov_98.038000:213734-215158	NFMMKAFD_00560

DiscRep_SUB:FEATURE_LOCATION_CONFLICT::Coding region xref gene does not exist
prokka_out/CA140404:CDS	Potassium-transporting ATPase potassium-binding subunit	NODE_2_length_288677_cov_98.038000:215780-216070	NFMMKAFD_00561

DiscRep_SUB:FEATURE_LOCATION_CONFLICT::Coding region xref gene does not exist
prokka_out/CA140404:CDS	Potassium-transporting ATPase potassium-binding subunit	NODE_2_length_288677_cov_98.038000:216092-216406	NFMMKAFD_00562

DiscRep_SUB:FEATURE_LOCATION_CONFLICT::Coding region xref gene does not exist
prokka_out/CA140404:CDS	Potassium-transporting ATPase potassium-binding subunit	NODE_2_length_288677_cov_98.038000:216373-217191	NFMMKAFD_00563

DiscRep_SUB:FEATURE_LOCATION_CONFLICT::Coding region xref gene does not exist
prokka_out/CA140404:CDS	Potassium-transporting ATPase ATP-binding subunit	NODE_2_length_288677_cov_98.038000:217201-217794	NFMMKAFD_00564

DiscRep_SUB:FEATURE_LOCATION_CONFLICT::Coding region xref gene does not exist
prokka_out/CA140404:CDS	Potassium-transporting ATPase ATP-binding subunit	NODE_2_length_288677_cov_98.038000:217800-218522	NFMMKAFD_00565

DiscRep_SUB:FEATURE_LOCATION_CONFLICT::Coding region xref gene does not exist
prokka_out/CA140404:CDS	Sensor protein KdpD	NODE_2_length_288677_cov_98.038000:218525-218875	NFMMKAFD_00566

DiscRep_SUB:FEATURE_LOCATION_CONFLICT::Coding region xref gene does not exist
prokka_out/CA140404:CDS	Sensor protein KdpD	NODE_2_length_288677_cov_98.038000:218859-219674	NFMMKAFD_00567

DiscRep_SUB:FEATURE_LOCATION_CONFLICT::Coding region xref gene does not exist
prokka_out/CA140404:CDS	hypothetical protein	NODE_2_length_288677_cov_98.038000:220022-220342	NFMMKAFD_00568

DiscRep_SUB:FEATURE_LOCATION_CONFLICT::Coding region xref gene does not exist
prokka_out/CA140404:CDS	UvrABC system protein B	NODE_2_length_288677_cov_98.038000:c222417-220444	NFMMKAFD_00569

DiscRep_SUB:FEATURE_LOCATION_CONFLICT::Coding region xref gene does not exist
prokka_out/CA140404:CDS	hypothetical protein	NODE_2_length_288677_cov_98.038000:222571-222801	NFMMKAFD_00570

DiscRep_SUB:FEATURE_LOCATION_CONFLICT::Coding region xref gene does not exist
prokka_out/CA140404:CDS	hypothetical protein	NODE_2_length_288677_cov_98.038000:222791-223033	NFMMKAFD_00571

DiscRep_SUB:FEATURE_LOCATION_CONFLICT::Coding region xref gene does not exist
prokka_out/CA140404:CDS	hypothetical protein	NODE_2_length_288677_cov_98.038000:223030-223467	NFMMKAFD_00572

DiscRep_SUB:FEATURE_LOCATION_CONFLICT::Coding region xref gene does not exist
prokka_out/CA140404:CDS	Primosomal protein N'	NODE_2_length_288677_cov_98.038000:223449-225302	NFMMKAFD_00573

DiscRep_SUB:FEATURE_LOCATION_CONFLICT::Coding region xref gene does not exist
prokka_out/CA140404:CDS	hypothetical protein	NODE_2_length_288677_cov_98.038000:c226706-225312	NFMMKAFD_00574

DiscRep_SUB:FEATURE_LOCATION_CONFLICT::Coding region xref gene does not exist
prokka_out/CA140404:CDS	4-hydroxy-3-methylbut-2-en-1-yl diphosphate synthase (flavodoxin)	NODE_2_length_288677_cov_98.038000:226852-227925	NFMMKAFD_00575

DiscRep_SUB:FEATURE_LOCATION_CONFLICT::Coding region xref gene does not exist
prokka_out/CA140404:CDS	Flagellar L-ring protein	NODE_2_length_288677_cov_98.038000:c228653-227955	NFMMKAFD_00576

DiscRep_SUB:FEATURE_LOCATION_CONFLICT::Coding region xref gene does not exist
prokka_out/CA140404:CDS	hypothetical protein	NODE_2_length_288677_cov_98.038000:228746-230248	NFMMKAFD_00577

DiscRep_SUB:FEATURE_LOCATION_CONFLICT::Coding region xref gene does not exist
prokka_out/CA140404:CDS	Acetate kinase	NODE_2_length_288677_cov_98.038000:230262-231452	NFMMKAFD_00578

DiscRep_SUB:FEATURE_LOCATION_CONFLICT::Coding region xref gene does not exist
prokka_out/CA140404:CDS	hypothetical protein	NODE_2_length_288677_cov_98.038000:c235232-231480	NFMMKAFD_00579

DiscRep_SUB:FEATURE_LOCATION_CONFLICT::Coding region xref gene does not exist
prokka_out/CA140404:CDS	hypothetical protein	NODE_2_length_288677_cov_98.038000:235382-235873	NFMMKAFD_00580

DiscRep_SUB:FEATURE_LOCATION_CONFLICT::Coding region xref gene does not exist
prokka_out/CA140404:CDS	hypothetical protein	NODE_2_length_288677_cov_98.038000:c236799-235861	NFMMKAFD_00581

DiscRep_SUB:FEATURE_LOCATION_CONFLICT::Coding region xref gene does not exist
prokka_out/CA140404:CDS	Ribosomal RNA small subunit methyltransferase H	NODE_2_length_288677_cov_98.038000:c237731-236799	NFMMKAFD_00582

DiscRep_SUB:FEATURE_LOCATION_CONFLICT::Coding region xref gene does not exist
prokka_out/CA140404:CDS	Peptidyl-prolyl cis-trans isomerase D	NODE_2_length_288677_cov_98.038000:237896-239386	NFMMKAFD_00583

DiscRep_SUB:FEATURE_LOCATION_CONFLICT::Coding region xref gene does not exist
prokka_out/CA140404:CDS	Cell division protein FtsA	NODE_2_length_288677_cov_98.038000:239389-240771	NFMMKAFD_00584

DiscRep_SUB:FEATURE_LOCATION_CONFLICT::Coding region xref gene does not exist
prokka_out/CA140404:CDS	Cell division protein FtsZ	NODE_2_length_288677_cov_98.038000:240787-241899	NFMMKAFD_00585

DiscRep_SUB:FEATURE_LOCATION_CONFLICT::Coding region xref gene does not exist
prokka_out/CA140404:CDS	Flagellar basal-body rod protein FlgG	NODE_2_length_288677_cov_98.038000:242055-242867	NFMMKAFD_00586

DiscRep_SUB:FEATURE_LOCATION_CONFLICT::Coding region xref gene does not exist
prokka_out/CA140404:CDS	Flagellar basal-body rod protein FlgG	NODE_2_length_288677_cov_98.038000:242898-243689	NFMMKAFD_00587

DiscRep_SUB:FEATURE_LOCATION_CONFLICT::Coding region xref gene does not exist
prokka_out/CA140404:CDS	Glutamine synthetase	NODE_2_length_288677_cov_98.038000:c245186-243756	NFMMKAFD_00588

DiscRep_SUB:FEATURE_LOCATION_CONFLICT::Coding region xref gene does not exist
prokka_out/CA140404:CDS	hypothetical protein	NODE_2_length_288677_cov_98.038000:245390-246085	NFMMKAFD_00589

DiscRep_SUB:FEATURE_LOCATION_CONFLICT::Coding region xref gene does not exist
prokka_out/CA140404:CDS	23S rRNA 5-hydroxycytidine synthase	NODE_2_length_288677_cov_98.038000:246082-247335	NFMMKAFD_00590

DiscRep_SUB:FEATURE_LOCATION_CONFLICT::Coding region xref gene does not exist
prokka_out/CA140404:CDS	N5-carboxyaminoimidazole ribonucleotide mutase	NODE_2_length_288677_cov_98.038000:247336-247830	NFMMKAFD_00591

DiscRep_SUB:FEATURE_LOCATION_CONFLICT::Coding region xref gene does not exist
prokka_out/CA140404:CDS	hypothetical protein	NODE_2_length_288677_cov_98.038000:247840-248376	NFMMKAFD_00592

DiscRep_SUB:FEATURE_LOCATION_CONFLICT::Coding region xref gene does not exist
prokka_out/CA140404:CDS	Glycine--tRNA ligase alpha subunit	NODE_2_length_288677_cov_98.038000:248388-249251	NFMMKAFD_00593

DiscRep_SUB:FEATURE_LOCATION_CONFLICT::Coding region xref gene does not exist
prokka_out/CA140404:CDS	GTP cyclohydrolase 1 type 2	NODE_2_length_288677_cov_98.038000:249238-249963	NFMMKAFD_00594

DiscRep_SUB:FEATURE_LOCATION_CONFLICT::Coding region xref gene does not exist
prokka_out/CA140404:CDS	hypothetical protein	NODE_2_length_288677_cov_98.038000:249973-250689	NFMMKAFD_00595

DiscRep_SUB:FEATURE_LOCATION_CONFLICT::Coding region xref gene does not exist
prokka_out/CA140404:CDS	3-deoxy-D-manno-octulosonic acid transferase	NODE_2_length_288677_cov_98.038000:250686-251843	NFMMKAFD_00596

DiscRep_SUB:FEATURE_LOCATION_CONFLICT::Coding region xref gene does not exist
prokka_out/CA140404:CDS	hypothetical protein	NODE_2_length_288677_cov_98.038000:251824-252576	NFMMKAFD_00597

DiscRep_SUB:FEATURE_LOCATION_CONFLICT::Coding region xref gene does not exist
prokka_out/CA140404:CDS	Signal recognition particle protein	NODE_2_length_288677_cov_98.038000:252644-253981	NFMMKAFD_00598

DiscRep_SUB:FEATURE_LOCATION_CONFLICT::Coding region xref gene does not exist
prokka_out/CA140404:CDS	30S ribosomal protein S16	NODE_2_length_288677_cov_98.038000:254046-254273	NFMMKAFD_00599

DiscRep_SUB:FEATURE_LOCATION_CONFLICT::Coding region xref gene does not exist
prokka_out/CA140404:CDS	hypothetical protein	NODE_2_length_288677_cov_98.038000:254276-254518	NFMMKAFD_00600

DiscRep_SUB:FEATURE_LOCATION_CONFLICT::Coding region xref gene does not exist
prokka_out/CA140404:CDS	Ribosome maturation factor RimM	NODE_2_length_288677_cov_98.038000:254511-255050	NFMMKAFD_00601

DiscRep_SUB:FEATURE_LOCATION_CONFLICT::Coding region xref gene does not exist
prokka_out/CA140404:CDS	tRNA (guanine-N(1)-)-methyltransferase	NODE_2_length_288677_cov_98.038000:255047-255751	NFMMKAFD_00602

DiscRep_SUB:FEATURE_LOCATION_CONFLICT::Coding region xref gene does not exist
prokka_out/CA140404:CDS	50S ribosomal protein L19	NODE_2_length_288677_cov_98.038000:255762-256118	NFMMKAFD_00603

DiscRep_SUB:FEATURE_LOCATION_CONFLICT::Coding region xref gene does not exist
prokka_out/CA140404:CDS	5-hydroxyisourate hydrolase	NODE_2_length_288677_cov_98.038000:256251-256664	NFMMKAFD_00604

DiscRep_SUB:FEATURE_LOCATION_CONFLICT::Coding region xref gene does not exist
prokka_out/CA140404:CDS	Phospho-2-dehydro-3-deoxyheptonate aldolase	NODE_2_length_288677_cov_98.038000:256688-258028	NFMMKAFD_00605

DiscRep_SUB:FEATURE_LOCATION_CONFLICT::Coding region xref gene does not exist
prokka_out/CA140404:CDS	hypothetical protein	NODE_2_length_288677_cov_98.038000:258025-258354	NFMMKAFD_00606

DiscRep_SUB:FEATURE_LOCATION_CONFLICT::Coding region xref gene does not exist
prokka_out/CA140404:CDS	DNA polymerase III subunit alpha	NODE_2_length_288677_cov_98.038000:258802-262404	NFMMKAFD_00607

DiscRep_SUB:FEATURE_LOCATION_CONFLICT::Coding region xref gene does not exist
prokka_out/CA140404:CDS	Pyridoxal phosphate homeostasis protein	NODE_2_length_288677_cov_98.038000:c263048-262416	NFMMKAFD_00608

DiscRep_SUB:FEATURE_LOCATION_CONFLICT::Coding region xref gene does not exist
prokka_out/CA140404:CDS	Secreted flagellin C	NODE_2_length_288677_cov_98.038000:c263829-263083	NFMMKAFD_00609

DiscRep_SUB:FEATURE_LOCATION_CONFLICT::Coding region xref gene does not exist
prokka_out/CA140404:CDS	hypothetical protein	NODE_2_length_288677_cov_98.038000:c264341-263871	NFMMKAFD_00610

DiscRep_SUB:FEATURE_LOCATION_CONFLICT::Coding region xref gene does not exist
prokka_out/CA140404:CDS	Release factor glutamine methyltransferase	NODE_2_length_288677_cov_98.038000:c265169-264354	NFMMKAFD_00611

DiscRep_SUB:FEATURE_LOCATION_CONFLICT::Coding region xref gene does not exist
prokka_out/CA140404:CDS	Protease HtpX	NODE_2_length_288677_cov_98.038000:c266353-265166	NFMMKAFD_00612

DiscRep_SUB:FEATURE_LOCATION_CONFLICT::Coding region xref gene does not exist
prokka_out/CA140404:CDS	hypothetical protein	NODE_2_length_288677_cov_98.038000:266481-266666	NFMMKAFD_00613

DiscRep_SUB:FEATURE_LOCATION_CONFLICT::Coding region xref gene does not exist
prokka_out/CA140404:CDS	Molybdopterin adenylyltransferase	NODE_2_length_288677_cov_98.038000:c267205-266663	NFMMKAFD_00614

DiscRep_SUB:FEATURE_LOCATION_CONFLICT::Coding region xref gene does not exist
prokka_out/CA140404:CDS	Magnesium transport protein CorA	NODE_2_length_288677_cov_98.038000:c268209-267226	NFMMKAFD_00615

DiscRep_SUB:FEATURE_LOCATION_CONFLICT::Coding region xref gene does not exist
prokka_out/CA140404:CDS	hypothetical protein	NODE_2_length_288677_cov_98.038000:268325-269371	NFMMKAFD_00616

DiscRep_SUB:FEATURE_LOCATION_CONFLICT::Coding region xref gene does not exist
prokka_out/CA140404:CDS	hypothetical protein	NODE_2_length_288677_cov_98.038000:269382-270707	NFMMKAFD_00617

DiscRep_SUB:FEATURE_LOCATION_CONFLICT::Coding region xref gene does not exist
prokka_out/CA140404:CDS	hypothetical protein	NODE_2_length_288677_cov_98.038000:270707-271513	NFMMKAFD_00618

DiscRep_SUB:FEATURE_LOCATION_CONFLICT::Coding region xref gene does not exist
prokka_out/CA140404:CDS	hypothetical protein	NODE_2_length_288677_cov_98.038000:271510-271605	NFMMKAFD_00619

DiscRep_SUB:FEATURE_LOCATION_CONFLICT::Coding region xref gene does not exist
prokka_out/CA140404:CDS	hypothetical protein	NODE_2_length_288677_cov_98.038000:271574-272350	NFMMKAFD_00620

DiscRep_SUB:FEATURE_LOCATION_CONFLICT::Coding region xref gene does not exist
prokka_out/CA140404:CDS	hypothetical protein	NODE_2_length_288677_cov_98.038000:272351-273130	NFMMKAFD_00621

DiscRep_SUB:FEATURE_LOCATION_CONFLICT::Coding region xref gene does not exist
prokka_out/CA140404:CDS	Vitamin B12 import ATP-binding protein BtuD	NODE_2_length_288677_cov_98.038000:273134-274123	NFMMKAFD_00622

DiscRep_SUB:FEATURE_LOCATION_CONFLICT::Coding region xref gene does not exist
prokka_out/CA140404:CDS	putative phosphatase	NODE_2_length_288677_cov_98.038000:274120-274758	NFMMKAFD_00623

DiscRep_SUB:FEATURE_LOCATION_CONFLICT::Coding region xref gene does not exist
prokka_out/CA140404:CDS	putative histidine-binding protein	NODE_2_length_288677_cov_98.038000:c275537-274782	NFMMKAFD_00624

DiscRep_SUB:FEATURE_LOCATION_CONFLICT::Coding region xref gene does not exist
prokka_out/CA140404:CDS	hypothetical protein	NODE_2_length_288677_cov_98.038000:275960-276490	NFMMKAFD_00625

DiscRep_SUB:FEATURE_LOCATION_CONFLICT::Coding region xref gene does not exist
prokka_out/CA140404:CDS	hypothetical protein	NODE_2_length_288677_cov_98.038000:276512-278440	NFMMKAFD_00626

DiscRep_SUB:FEATURE_LOCATION_CONFLICT::Coding region xref gene does not exist
prokka_out/CA140404:CDS	hypothetical protein	NODE_2_length_288677_cov_98.038000:278452-279894	NFMMKAFD_00627

DiscRep_SUB:FEATURE_LOCATION_CONFLICT::Coding region xref gene does not exist
prokka_out/CA140404:CDS	hypothetical protein	NODE_2_length_288677_cov_98.038000:280050-280985	NFMMKAFD_00628

DiscRep_SUB:FEATURE_LOCATION_CONFLICT::Coding region xref gene does not exist
prokka_out/CA140404:CDS	hypothetical protein	NODE_2_length_288677_cov_98.038000:281098-281214	NFMMKAFD_00629

DiscRep_SUB:FEATURE_LOCATION_CONFLICT::Coding region xref gene does not exist
prokka_out/CA140404:CDS	hypothetical protein	NODE_2_length_288677_cov_98.038000:281557-281793	NFMMKAFD_00630

DiscRep_SUB:FEATURE_LOCATION_CONFLICT::Coding region xref gene does not exist
prokka_out/CA140404:CDS	hypothetical protein	NODE_2_length_288677_cov_98.038000:282051-282368	NFMMKAFD_00631

DiscRep_SUB:FEATURE_LOCATION_CONFLICT::RNA feature xref gene does not exist
prokka_out/CA140404:tRNA	Thr	NODE_2_length_288677_cov_98.038000:34574-34649	NFMMKAFD_00371

DiscRep_SUB:FEATURE_LOCATION_CONFLICT::RNA feature xref gene does not exist
prokka_out/CA140404:tRNA	Tyr	NODE_2_length_288677_cov_98.038000:34699-34784	NFMMKAFD_00372

DiscRep_SUB:FEATURE_LOCATION_CONFLICT::RNA feature xref gene does not exist
prokka_out/CA140404:tRNA	Gly	NODE_2_length_288677_cov_98.038000:34791-34867	NFMMKAFD_00373

DiscRep_SUB:FEATURE_LOCATION_CONFLICT::RNA feature xref gene does not exist
prokka_out/CA140404:tRNA	Thr	NODE_2_length_288677_cov_98.038000:34972-35046	NFMMKAFD_00374

DiscRep_SUB:FEATURE_LOCATION_CONFLICT::RNA feature xref gene does not exist
prokka_out/CA140404:tRNA	Trp	NODE_2_length_288677_cov_98.038000:36538-36613	NFMMKAFD_00377

DiscRep_SUB:FEATURE_LOCATION_CONFLICT::RNA feature xref gene does not exist
prokka_out/CA140404:tRNA	Arg	NODE_2_length_288677_cov_98.038000:51543-51619	NFMMKAFD_00389

DiscRep_SUB:FEATURE_LOCATION_CONFLICT::RNA feature xref gene does not exist
prokka_out/CA140404:tRNA	Met	NODE_2_length_288677_cov_98.038000:c122399-122324	NFMMKAFD_00462

DiscRep_SUB:FEATURE_LOCATION_CONFLICT::RNA feature xref gene does not exist
prokka_out/CA140404:tRNA	Gln	NODE_2_length_288677_cov_98.038000:c122507-122433	NFMMKAFD_00463

DiscRep_SUB:FEATURE_LOCATION_CONFLICT::RNA feature xref gene does not exist
prokka_out/CA140404:rRNA	16S ribosomal RNA	NODE_2_length_288677_cov_98.038000:283282-284791	NFMMKAFD_00632

DiscRep_SUB:FEATURE_LOCATION_CONFLICT::RNA feature xref gene does not exist
prokka_out/CA140404:tRNA	Ala	NODE_2_length_288677_cov_98.038000:284895-284970	NFMMKAFD_00633

DiscRep_SUB:FEATURE_LOCATION_CONFLICT::RNA feature xref gene does not exist
prokka_out/CA140404:tRNA	Ile	NODE_2_length_288677_cov_98.038000:284979-285055	NFMMKAFD_00634

DiscRep_SUB:FEATURE_LOCATION_CONFLICT::RNA feature xref gene does not exist
prokka_out/CA140404:rRNA	23S ribosomal RNA	NODE_2_length_288677_cov_98.038000:285594-288643	NFMMKAFD_00635

DiscRep_SUB:FEATURE_LOCATION_CONFLICT::Coding region xref gene does not exist
prokka_out/CA140404:CDS	hypothetical protein	NODE_3_length_228260_cov_106.499226:c2534-168	NFMMKAFD_00636

DiscRep_SUB:FEATURE_LOCATION_CONFLICT::Coding region xref gene does not exist
prokka_out/CA140404:CDS	NAD(P)H-quinone oxidoreductase subunit 2, chloroplastic	NODE_3_length_228260_cov_106.499226:c3944-2556	NFMMKAFD_00637

DiscRep_SUB:FEATURE_LOCATION_CONFLICT::Coding region xref gene does not exist
prokka_out/CA140404:CDS	NADH-quinone oxidoreductase subunit M	NODE_3_length_228260_cov_106.499226:c5421-3934	NFMMKAFD_00638

DiscRep_SUB:FEATURE_LOCATION_CONFLICT::Coding region xref gene does not exist
prokka_out/CA140404:CDS	NADH-quinone oxidoreductase subunit 12	NODE_3_length_228260_cov_106.499226:c7213-5423	NFMMKAFD_00639

DiscRep_SUB:FEATURE_LOCATION_CONFLICT::Coding region xref gene does not exist
prokka_out/CA140404:CDS	NADH-quinone oxidoreductase subunit K	NODE_3_length_228260_cov_106.499226:c7511-7215	NFMMKAFD_00640

DiscRep_SUB:FEATURE_LOCATION_CONFLICT::Coding region xref gene does not exist
prokka_out/CA140404:CDS	NADH-quinone oxidoreductase subunit J	NODE_3_length_228260_cov_106.499226:c8026-7508	NFMMKAFD_00641

DiscRep_SUB:FEATURE_LOCATION_CONFLICT::Coding region xref gene does not exist
prokka_out/CA140404:CDS	NAD(P)H-quinone oxidoreductase subunit I, chloroplastic	NODE_3_length_228260_cov_106.499226:c8664-8023	NFMMKAFD_00642

DiscRep_SUB:FEATURE_LOCATION_CONFLICT::Coding region xref gene does not exist
prokka_out/CA140404:CDS	NADH-quinone oxidoreductase subunit H	NODE_3_length_228260_cov_106.499226:c9672-8674	NFMMKAFD_00643

DiscRep_SUB:FEATURE_LOCATION_CONFLICT::Coding region xref gene does not exist
prokka_out/CA140404:CDS	hypothetical protein	NODE_3_length_228260_cov_106.499226:c12127-9665	NFMMKAFD_00644

DiscRep_SUB:FEATURE_LOCATION_CONFLICT::Coding region xref gene does not exist
prokka_out/CA140404:CDS	hypothetical protein	NODE_3_length_228260_cov_106.499226:c12816-12124	NFMMKAFD_00645

DiscRep_SUB:FEATURE_LOCATION_CONFLICT::Coding region xref gene does not exist
prokka_out/CA140404:CDS	hypothetical protein	NODE_3_length_228260_cov_106.499226:c13040-12813	NFMMKAFD_00646

DiscRep_SUB:FEATURE_LOCATION_CONFLICT::Coding region xref gene does not exist
prokka_out/CA140404:CDS	NADH-quinone oxidoreductase subunit D	NODE_3_length_228260_cov_106.499226:c14263-13037	NFMMKAFD_00647

DiscRep_SUB:FEATURE_LOCATION_CONFLICT::Coding region xref gene does not exist
prokka_out/CA140404:CDS	NAD(P)H-quinone oxidoreductase subunit J, chloroplastic	NODE_3_length_228260_cov_106.499226:c15056-14265	NFMMKAFD_00648

DiscRep_SUB:FEATURE_LOCATION_CONFLICT::Coding region xref gene does not exist
prokka_out/CA140404:CDS	NADH-quinone oxidoreductase subunit 6	NODE_3_length_228260_cov_106.499226:c15559-15056	NFMMKAFD_00649

DiscRep_SUB:FEATURE_LOCATION_CONFLICT::Coding region xref gene does not exist
prokka_out/CA140404:CDS	NAD(P)H-quinone oxidoreductase subunit 3, chloroplastic	NODE_3_length_228260_cov_106.499226:c15930-15541	NFMMKAFD_00650

DiscRep_SUB:FEATURE_LOCATION_CONFLICT::Coding region xref gene does not exist
prokka_out/CA140404:CDS	Nickel import ATP-binding protein NikE	NODE_3_length_228260_cov_106.499226:c16708-16043	NFMMKAFD_00651

DiscRep_SUB:FEATURE_LOCATION_CONFLICT::Coding region xref gene does not exist
prokka_out/CA140404:CDS	putative ABC transporter ATP-binding protein YejF	NODE_3_length_228260_cov_106.499226:c17411-16701	NFMMKAFD_00652

DiscRep_SUB:FEATURE_LOCATION_CONFLICT::Coding region xref gene does not exist
prokka_out/CA140404:CDS	Dipeptide transport system permease protein DppC	NODE_3_length_228260_cov_106.499226:c18196-17408	NFMMKAFD_00653

DiscRep_SUB:FEATURE_LOCATION_CONFLICT::Coding region xref gene does not exist
prokka_out/CA140404:CDS	Metal-staphylopine import system permease protein CntB	NODE_3_length_228260_cov_106.499226:c19133-18189	NFMMKAFD_00654

DiscRep_SUB:FEATURE_LOCATION_CONFLICT::Coding region xref gene does not exist
prokka_out/CA140404:CDS	Oligopeptide-binding protein AppA	NODE_3_length_228260_cov_106.499226:c20668-19133	NFMMKAFD_00655

DiscRep_SUB:FEATURE_LOCATION_CONFLICT::Coding region xref gene does not exist
prokka_out/CA140404:CDS	hypothetical protein	NODE_3_length_228260_cov_106.499226:c23549-20778	NFMMKAFD_00656

DiscRep_SUB:FEATURE_LOCATION_CONFLICT::Coding region xref gene does not exist
prokka_out/CA140404:CDS	Bacterial hemoglobin	NODE_3_length_228260_cov_106.499226:23701-24123	NFMMKAFD_00657

DiscRep_SUB:FEATURE_LOCATION_CONFLICT::Coding region xref gene does not exist
prokka_out/CA140404:CDS	ABC transporter ATP-binding/permease protein YojI	NODE_3_length_228260_cov_106.499226:c25774-24143	NFMMKAFD_00658

DiscRep_SUB:FEATURE_LOCATION_CONFLICT::Coding region xref gene does not exist
prokka_out/CA140404:CDS	Proline/betaine transporter	NODE_3_length_228260_cov_106.499226:c27119-25824	NFMMKAFD_00659

DiscRep_SUB:FEATURE_LOCATION_CONFLICT::Coding region xref gene does not exist
prokka_out/CA140404:CDS	hypothetical protein	NODE_3_length_228260_cov_106.499226:27206-28003	NFMMKAFD_00660

DiscRep_SUB:FEATURE_LOCATION_CONFLICT::Coding region xref gene does not exist
prokka_out/CA140404:CDS	Translation initiation factor IF-1	NODE_3_length_228260_cov_106.499226:28091-28309	NFMMKAFD_00661

DiscRep_SUB:FEATURE_LOCATION_CONFLICT::Coding region xref gene does not exist
prokka_out/CA140404:CDS	30S ribosomal protein S13	NODE_3_length_228260_cov_106.499226:28597-28962	NFMMKAFD_00662

DiscRep_SUB:FEATURE_LOCATION_CONFLICT::Coding region xref gene does not exist
prokka_out/CA140404:CDS	30S ribosomal protein S11	NODE_3_length_228260_cov_106.499226:28972-29364	NFMMKAFD_00663

DiscRep_SUB:FEATURE_LOCATION_CONFLICT::Coding region xref gene does not exist
prokka_out/CA140404:CDS	30S ribosomal protein S4	NODE_3_length_228260_cov_106.499226:29392-30018	NFMMKAFD_00664

DiscRep_SUB:FEATURE_LOCATION_CONFLICT::Coding region xref gene does not exist
prokka_out/CA140404:CDS	DNA-directed RNA polymerase subunit alpha	NODE_3_length_228260_cov_106.499226:30031-31044	NFMMKAFD_00665

DiscRep_SUB:FEATURE_LOCATION_CONFLICT::Coding region xref gene does not exist
prokka_out/CA140404:CDS	50S ribosomal protein L17	NODE_3_length_228260_cov_106.499226:31048-31401	NFMMKAFD_00666

DiscRep_SUB:FEATURE_LOCATION_CONFLICT::Coding region xref gene does not exist
prokka_out/CA140404:CDS	ATP phosphoribosyltransferase	NODE_3_length_228260_cov_106.499226:31574-32473	NFMMKAFD_00667

DiscRep_SUB:FEATURE_LOCATION_CONFLICT::Coding region xref gene does not exist
prokka_out/CA140404:CDS	Histidinol dehydrogenase	NODE_3_length_228260_cov_106.499226:32481-33767	NFMMKAFD_00668

DiscRep_SUB:FEATURE_LOCATION_CONFLICT::Coding region xref gene does not exist
prokka_out/CA140404:CDS	Histidine biosynthesis bifunctional protein HisB	NODE_3_length_228260_cov_106.499226:33764-34822	NFMMKAFD_00669

DiscRep_SUB:FEATURE_LOCATION_CONFLICT::Coding region xref gene does not exist
prokka_out/CA140404:CDS	Imidazole glycerol phosphate synthase subunit HisH	NODE_3_length_228260_cov_106.499226:34819-35406	NFMMKAFD_00670

DiscRep_SUB:FEATURE_LOCATION_CONFLICT::Coding region xref gene does not exist
prokka_out/CA140404:CDS	1-(5-phosphoribosyl)-5-[(5-phosphoribosylamino)methylideneamino] imidazole-4-carboxamide isomerase	NODE_3_length_228260_cov_106.499226:35403-36134	NFMMKAFD_00671

DiscRep_SUB:FEATURE_LOCATION_CONFLICT::Coding region xref gene does not exist
prokka_out/CA140404:CDS	hypothetical protein	NODE_3_length_228260_cov_106.499226:36119-37075	NFMMKAFD_00672

DiscRep_SUB:FEATURE_LOCATION_CONFLICT::Coding region xref gene does not exist
prokka_out/CA140404:CDS	Imidazole glycerol phosphate synthase subunit HisF	NODE_3_length_228260_cov_106.499226:37076-37843	NFMMKAFD_00673

DiscRep_SUB:FEATURE_LOCATION_CONFLICT::Coding region xref gene does not exist
prokka_out/CA140404:CDS	Histidine biosynthesis bifunctional protein HisIE	NODE_3_length_228260_cov_106.499226:37845-38468	NFMMKAFD_00674

DiscRep_SUB:FEATURE_LOCATION_CONFLICT::Coding region xref gene does not exist
prokka_out/CA140404:CDS	2,3,4,5-tetrahydropyridine-2,6-dicarboxylate N-succinyltransferase	NODE_3_length_228260_cov_106.499226:c39653-38493	NFMMKAFD_00675

DiscRep_SUB:FEATURE_LOCATION_CONFLICT::Coding region xref gene does not exist
prokka_out/CA140404:CDS	Iron-sulfur cluster carrier protein	NODE_3_length_228260_cov_106.499226:c40785-39679	NFMMKAFD_00676

DiscRep_SUB:FEATURE_LOCATION_CONFLICT::Coding region xref gene does not exist
prokka_out/CA140404:CDS	Bifunctional enzyme IspD/IspF	NODE_3_length_228260_cov_106.499226:40908-42023	NFMMKAFD_00677

DiscRep_SUB:FEATURE_LOCATION_CONFLICT::Coding region xref gene does not exist
prokka_out/CA140404:CDS	hypothetical protein	NODE_3_length_228260_cov_106.499226:42020-42907	NFMMKAFD_00678

DiscRep_SUB:FEATURE_LOCATION_CONFLICT::Coding region xref gene does not exist
prokka_out/CA140404:CDS	Sulfate adenylyltransferase	NODE_3_length_228260_cov_106.499226:42885-44045	NFMMKAFD_00679

DiscRep_SUB:FEATURE_LOCATION_CONFLICT::Coding region xref gene does not exist
prokka_out/CA140404:CDS	Phosphatidylglycerophosphatase A	NODE_3_length_228260_cov_106.499226:44050-44550	NFMMKAFD_00680

DiscRep_SUB:FEATURE_LOCATION_CONFLICT::Coding region xref gene does not exist
prokka_out/CA140404:CDS	hypothetical protein	NODE_3_length_228260_cov_106.499226:44629-44892	NFMMKAFD_00681

DiscRep_SUB:FEATURE_LOCATION_CONFLICT::Coding region xref gene does not exist
prokka_out/CA140404:CDS	Peptide chain release factor RF1	NODE_3_length_228260_cov_106.499226:44911-45978	NFMMKAFD_00682

DiscRep_SUB:FEATURE_LOCATION_CONFLICT::Coding region xref gene does not exist
prokka_out/CA140404:CDS	Heme oxygenase HugZ	NODE_3_length_228260_cov_106.499226:c46735-45992	NFMMKAFD_00683

DiscRep_SUB:FEATURE_LOCATION_CONFLICT::Coding region xref gene does not exist
prokka_out/CA140404:CDS	Vitamin B12 transporter BtuB	NODE_3_length_228260_cov_106.499226:46928-49084	NFMMKAFD_00684

DiscRep_SUB:FEATURE_LOCATION_CONFLICT::Coding region xref gene does not exist
prokka_out/CA140404:CDS	Hemin transport system permease protein HmuU	NODE_3_length_228260_cov_106.499226:49044-50045	NFMMKAFD_00685

DiscRep_SUB:FEATURE_LOCATION_CONFLICT::Coding region xref gene does not exist
prokka_out/CA140404:CDS	Ferric enterobactin transport ATP-binding protein FepC	NODE_3_length_228260_cov_106.499226:50045-50821	NFMMKAFD_00686

DiscRep_SUB:FEATURE_LOCATION_CONFLICT::Coding region xref gene does not exist
prokka_out/CA140404:CDS	Vitamin B12-binding protein	NODE_3_length_228260_cov_106.499226:50818-51624	NFMMKAFD_00687

DiscRep_SUB:FEATURE_LOCATION_CONFLICT::Coding region xref gene does not exist
prokka_out/CA140404:CDS	hypothetical protein	NODE_3_length_228260_cov_106.499226:c52478-51621	NFMMKAFD_00688

DiscRep_SUB:FEATURE_LOCATION_CONFLICT::Coding region xref gene does not exist
prokka_out/CA140404:CDS	Alpha-ketoglutarate permease	NODE_3_length_228260_cov_106.499226:52644-53903	NFMMKAFD_00689

DiscRep_SUB:FEATURE_LOCATION_CONFLICT::Coding region xref gene does not exist
prokka_out/CA140404:CDS	Adenine DNA glycosylase	NODE_3_length_228260_cov_106.499226:c54908-53889	NFMMKAFD_00690

DiscRep_SUB:FEATURE_LOCATION_CONFLICT::Coding region xref gene does not exist
prokka_out/CA140404:CDS	hypothetical protein	NODE_3_length_228260_cov_106.499226:54981-55733	NFMMKAFD_00691

DiscRep_SUB:FEATURE_LOCATION_CONFLICT::Coding region xref gene does not exist
prokka_out/CA140404:CDS	hypothetical protein	NODE_3_length_228260_cov_106.499226:56414-57394	NFMMKAFD_00696

DiscRep_SUB:FEATURE_LOCATION_CONFLICT::Coding region xref gene does not exist
prokka_out/CA140404:CDS	hypothetical protein	NODE_3_length_228260_cov_106.499226:57375-57896	NFMMKAFD_00697

DiscRep_SUB:FEATURE_LOCATION_CONFLICT::Coding region xref gene does not exist
prokka_out/CA140404:CDS	L-serine dehydratase TdcG	NODE_3_length_228260_cov_106.499226:c59268-57904	NFMMKAFD_00698

DiscRep_SUB:FEATURE_LOCATION_CONFLICT::Coding region xref gene does not exist
prokka_out/CA140404:CDS	Serine transporter	NODE_3_length_228260_cov_106.499226:c60533-59283	NFMMKAFD_00699

DiscRep_SUB:FEATURE_LOCATION_CONFLICT::Coding region xref gene does not exist
prokka_out/CA140404:CDS	hypothetical protein	NODE_3_length_228260_cov_106.499226:c61209-60793	NFMMKAFD_00700

DiscRep_SUB:FEATURE_LOCATION_CONFLICT::Coding region xref gene does not exist
prokka_out/CA140404:CDS	hypothetical protein	NODE_3_length_228260_cov_106.499226:c62018-61275	NFMMKAFD_00701

DiscRep_SUB:FEATURE_LOCATION_CONFLICT::Coding region xref gene does not exist
prokka_out/CA140404:CDS	Tol-Pal system protein TolQ	NODE_3_length_228260_cov_106.499226:62176-62601	NFMMKAFD_00702

DiscRep_SUB:FEATURE_LOCATION_CONFLICT::Coding region xref gene does not exist
prokka_out/CA140404:CDS	Biopolymer transport protein ExbD	NODE_3_length_228260_cov_106.499226:62594-62983	NFMMKAFD_00703

DiscRep_SUB:FEATURE_LOCATION_CONFLICT::Coding region xref gene does not exist
prokka_out/CA140404:CDS	hypothetical protein	NODE_3_length_228260_cov_106.499226:62980-63264	NFMMKAFD_00704

DiscRep_SUB:FEATURE_LOCATION_CONFLICT::Coding region xref gene does not exist
prokka_out/CA140404:CDS	hypothetical protein	NODE_3_length_228260_cov_106.499226:63672-65357	NFMMKAFD_00705

DiscRep_SUB:FEATURE_LOCATION_CONFLICT::Coding region xref gene does not exist
prokka_out/CA140404:CDS	hypothetical protein	NODE_3_length_228260_cov_106.499226:65437-66066	NFMMKAFD_00706

DiscRep_SUB:FEATURE_LOCATION_CONFLICT::Coding region xref gene does not exist
prokka_out/CA140404:CDS	hypothetical protein	NODE_3_length_228260_cov_106.499226:66147-66467	NFMMKAFD_00707

DiscRep_SUB:FEATURE_LOCATION_CONFLICT::Coding region xref gene does not exist
prokka_out/CA140404:CDS	hypothetical protein	NODE_3_length_228260_cov_106.499226:66477-66671	NFMMKAFD_00708

DiscRep_SUB:FEATURE_LOCATION_CONFLICT::Coding region xref gene does not exist
prokka_out/CA140404:CDS	hypothetical protein	NODE_3_length_228260_cov_106.499226:66751-67038	NFMMKAFD_00709

DiscRep_SUB:FEATURE_LOCATION_CONFLICT::Coding region xref gene does not exist
prokka_out/CA140404:CDS	Modification methylase DpnIIA	NODE_3_length_228260_cov_106.499226:c67881-67066	NFMMKAFD_00710

DiscRep_SUB:FEATURE_LOCATION_CONFLICT::Coding region xref gene does not exist
prokka_out/CA140404:CDS	hypothetical protein	NODE_3_length_228260_cov_106.499226:c68474-67986	NFMMKAFD_00711

DiscRep_SUB:FEATURE_LOCATION_CONFLICT::Coding region xref gene does not exist
prokka_out/CA140404:CDS	hypothetical protein	NODE_3_length_228260_cov_106.499226:c70700-68478	NFMMKAFD_00712

DiscRep_SUB:FEATURE_LOCATION_CONFLICT::Coding region xref gene does not exist
prokka_out/CA140404:CDS	hypothetical protein	NODE_3_length_228260_cov_106.499226:70742-71047	NFMMKAFD_00713

DiscRep_SUB:FEATURE_LOCATION_CONFLICT::Coding region xref gene does not exist
prokka_out/CA140404:CDS	hypothetical protein	NODE_3_length_228260_cov_106.499226:c71398-71159	NFMMKAFD_00714

DiscRep_SUB:FEATURE_LOCATION_CONFLICT::Coding region xref gene does not exist
prokka_out/CA140404:CDS	hypothetical protein	NODE_3_length_228260_cov_106.499226:c72012-71503	NFMMKAFD_00715

DiscRep_SUB:FEATURE_LOCATION_CONFLICT::Coding region xref gene does not exist
prokka_out/CA140404:CDS	hypothetical protein	NODE_3_length_228260_cov_106.499226:c73233-72040	NFMMKAFD_00716

DiscRep_SUB:FEATURE_LOCATION_CONFLICT::Coding region xref gene does not exist
prokka_out/CA140404:CDS	hypothetical protein	NODE_3_length_228260_cov_106.499226:c74259-73252	NFMMKAFD_00717

DiscRep_SUB:FEATURE_LOCATION_CONFLICT::Coding region xref gene does not exist
prokka_out/CA140404:CDS	hypothetical protein	NODE_3_length_228260_cov_106.499226:c74730-74359	NFMMKAFD_00718

DiscRep_SUB:FEATURE_LOCATION_CONFLICT::Coding region xref gene does not exist
prokka_out/CA140404:CDS	hypothetical protein	NODE_3_length_228260_cov_106.499226:c75233-74727	NFMMKAFD_00719

DiscRep_SUB:FEATURE_LOCATION_CONFLICT::Coding region xref gene does not exist
prokka_out/CA140404:CDS	hypothetical protein	NODE_3_length_228260_cov_106.499226:c76289-75258	NFMMKAFD_00720

DiscRep_SUB:FEATURE_LOCATION_CONFLICT::Coding region xref gene does not exist
prokka_out/CA140404:CDS	hypothetical protein	NODE_3_length_228260_cov_106.499226:c76909-76289	NFMMKAFD_00721

DiscRep_SUB:FEATURE_LOCATION_CONFLICT::Coding region xref gene does not exist
prokka_out/CA140404:CDS	hypothetical protein	NODE_3_length_228260_cov_106.499226:c78072-76906	NFMMKAFD_00722

DiscRep_SUB:FEATURE_LOCATION_CONFLICT::Coding region xref gene does not exist
prokka_out/CA140404:CDS	hypothetical protein	NODE_3_length_228260_cov_106.499226:c78359-78069	NFMMKAFD_00723

DiscRep_SUB:FEATURE_LOCATION_CONFLICT::Coding region xref gene does not exist
prokka_out/CA140404:CDS	hypothetical protein	NODE_3_length_228260_cov_106.499226:c79188-78556	NFMMKAFD_00724

DiscRep_SUB:FEATURE_LOCATION_CONFLICT::Coding region xref gene does not exist
prokka_out/CA140404:CDS	hypothetical protein	NODE_3_length_228260_cov_106.499226:c79502-79188	NFMMKAFD_00725

DiscRep_SUB:FEATURE_LOCATION_CONFLICT::Coding region xref gene does not exist
prokka_out/CA140404:CDS	hypothetical protein	NODE_3_length_228260_cov_106.499226:c79627-79505	NFMMKAFD_00726

DiscRep_SUB:FEATURE_LOCATION_CONFLICT::Coding region xref gene does not exist
prokka_out/CA140404:CDS	hypothetical protein	NODE_3_length_228260_cov_106.499226:c79862-79614	NFMMKAFD_00727

DiscRep_SUB:FEATURE_LOCATION_CONFLICT::Coding region xref gene does not exist
prokka_out/CA140404:CDS	hypothetical protein	NODE_3_length_228260_cov_106.499226:c80200-79859	NFMMKAFD_00728

DiscRep_SUB:FEATURE_LOCATION_CONFLICT::Coding region xref gene does not exist
prokka_out/CA140404:CDS	hypothetical protein	NODE_3_length_228260_cov_106.499226:c80600-80211	NFMMKAFD_00729

DiscRep_SUB:FEATURE_LOCATION_CONFLICT::Coding region xref gene does not exist
prokka_out/CA140404:CDS	hypothetical protein	NODE_3_length_228260_cov_106.499226:80749-81183	NFMMKAFD_00730

DiscRep_SUB:FEATURE_LOCATION_CONFLICT::Coding region xref gene does not exist
prokka_out/CA140404:CDS	hypothetical protein	NODE_3_length_228260_cov_106.499226:81185-82000	NFMMKAFD_00731

DiscRep_SUB:FEATURE_LOCATION_CONFLICT::Coding region xref gene does not exist
prokka_out/CA140404:CDS	hypothetical protein	NODE_3_length_228260_cov_106.499226:82003-82530	NFMMKAFD_00732

DiscRep_SUB:FEATURE_LOCATION_CONFLICT::Coding region xref gene does not exist
prokka_out/CA140404:CDS	hypothetical protein	NODE_3_length_228260_cov_106.499226:82533-83510	NFMMKAFD_00733

DiscRep_SUB:FEATURE_LOCATION_CONFLICT::Coding region xref gene does not exist
prokka_out/CA140404:CDS	hypothetical protein	NODE_3_length_228260_cov_106.499226:83626-84084	NFMMKAFD_00734

DiscRep_SUB:FEATURE_LOCATION_CONFLICT::Coding region xref gene does not exist
prokka_out/CA140404:CDS	hypothetical protein	NODE_3_length_228260_cov_106.499226:84077-84676	NFMMKAFD_00735

DiscRep_SUB:FEATURE_LOCATION_CONFLICT::Coding region xref gene does not exist
prokka_out/CA140404:CDS	hypothetical protein	NODE_3_length_228260_cov_106.499226:84676-86346	NFMMKAFD_00736

DiscRep_SUB:FEATURE_LOCATION_CONFLICT::Coding region xref gene does not exist
prokka_out/CA140404:CDS	hypothetical protein	NODE_3_length_228260_cov_106.499226:86356-87726	NFMMKAFD_00737

DiscRep_SUB:FEATURE_LOCATION_CONFLICT::Coding region xref gene does not exist
prokka_out/CA140404:CDS	hypothetical protein	NODE_3_length_228260_cov_106.499226:87729-88964	NFMMKAFD_00738

DiscRep_SUB:FEATURE_LOCATION_CONFLICT::Coding region xref gene does not exist
prokka_out/CA140404:CDS	hypothetical protein	NODE_3_length_228260_cov_106.499226:89090-89464	NFMMKAFD_00739

DiscRep_SUB:FEATURE_LOCATION_CONFLICT::Coding region xref gene does not exist
prokka_out/CA140404:CDS	hypothetical protein	NODE_3_length_228260_cov_106.499226:89457-89648	NFMMKAFD_00740

DiscRep_SUB:FEATURE_LOCATION_CONFLICT::Coding region xref gene does not exist
prokka_out/CA140404:CDS	hypothetical protein	NODE_3_length_228260_cov_106.499226:89642-90619	NFMMKAFD_00741

DiscRep_SUB:FEATURE_LOCATION_CONFLICT::Coding region xref gene does not exist
prokka_out/CA140404:CDS	hypothetical protein	NODE_3_length_228260_cov_106.499226:c91370-90597	NFMMKAFD_00742

DiscRep_SUB:FEATURE_LOCATION_CONFLICT::Coding region xref gene does not exist
prokka_out/CA140404:CDS	hypothetical protein	NODE_3_length_228260_cov_106.499226:c91554-91351	NFMMKAFD_00743

DiscRep_SUB:FEATURE_LOCATION_CONFLICT::Coding region xref gene does not exist
prokka_out/CA140404:CDS	hypothetical protein	NODE_3_length_228260_cov_106.499226:c91941-91657	NFMMKAFD_00744

DiscRep_SUB:FEATURE_LOCATION_CONFLICT::Coding region xref gene does not exist
prokka_out/CA140404:CDS	hypothetical protein	NODE_3_length_228260_cov_106.499226:92034-92141	NFMMKAFD_00745

DiscRep_SUB:FEATURE_LOCATION_CONFLICT::Coding region xref gene does not exist
prokka_out/CA140404:CDS	hypothetical protein	NODE_3_length_228260_cov_106.499226:92125-92706	NFMMKAFD_00746

DiscRep_SUB:FEATURE_LOCATION_CONFLICT::Coding region xref gene does not exist
prokka_out/CA140404:CDS	hypothetical protein	NODE_3_length_228260_cov_106.499226:c92973-92698	NFMMKAFD_00747

DiscRep_SUB:FEATURE_LOCATION_CONFLICT::Coding region xref gene does not exist
prokka_out/CA140404:CDS	hypothetical protein	NODE_3_length_228260_cov_106.499226:c93469-93020	NFMMKAFD_00748

DiscRep_SUB:FEATURE_LOCATION_CONFLICT::Coding region xref gene does not exist
prokka_out/CA140404:CDS	hypothetical protein	NODE_3_length_228260_cov_106.499226:c94158-93466	NFMMKAFD_00749

DiscRep_SUB:FEATURE_LOCATION_CONFLICT::Coding region xref gene does not exist
prokka_out/CA140404:CDS	hypothetical protein	NODE_3_length_228260_cov_106.499226:c94427-94158	NFMMKAFD_00750

DiscRep_SUB:FEATURE_LOCATION_CONFLICT::Coding region xref gene does not exist
prokka_out/CA140404:CDS	hypothetical protein	NODE_3_length_228260_cov_106.499226:c95386-94424	NFMMKAFD_00751

DiscRep_SUB:FEATURE_LOCATION_CONFLICT::Coding region xref gene does not exist
prokka_out/CA140404:CDS	hypothetical protein	NODE_3_length_228260_cov_106.499226:c95930-95445	NFMMKAFD_00752

DiscRep_SUB:FEATURE_LOCATION_CONFLICT::Coding region xref gene does not exist
prokka_out/CA140404:CDS	hypothetical protein	NODE_3_length_228260_cov_106.499226:c96378-96037	NFMMKAFD_00753

DiscRep_SUB:FEATURE_LOCATION_CONFLICT::Coding region xref gene does not exist
prokka_out/CA140404:CDS	hypothetical protein	NODE_3_length_228260_cov_106.499226:c96696-96511	NFMMKAFD_00754

DiscRep_SUB:FEATURE_LOCATION_CONFLICT::Coding region xref gene does not exist
prokka_out/CA140404:CDS	hypothetical protein	NODE_3_length_228260_cov_106.499226:c96884-96693	NFMMKAFD_00755

DiscRep_SUB:FEATURE_LOCATION_CONFLICT::Coding region xref gene does not exist
prokka_out/CA140404:CDS	hypothetical protein	NODE_3_length_228260_cov_106.499226:c97810-96887	NFMMKAFD_00756

DiscRep_SUB:FEATURE_LOCATION_CONFLICT::Coding region xref gene does not exist
prokka_out/CA140404:CDS	hypothetical protein	NODE_3_length_228260_cov_106.499226:c99956-97881	NFMMKAFD_00757

DiscRep_SUB:FEATURE_LOCATION_CONFLICT::Coding region xref gene does not exist
prokka_out/CA140404:CDS	hypothetical protein	NODE_3_length_228260_cov_106.499226:c100153-99953	NFMMKAFD_00758

DiscRep_SUB:FEATURE_LOCATION_CONFLICT::Coding region xref gene does not exist
prokka_out/CA140404:CDS	LexA repressor	NODE_3_length_228260_cov_106.499226:100303-100977	NFMMKAFD_00759

DiscRep_SUB:FEATURE_LOCATION_CONFLICT::Coding region xref gene does not exist
prokka_out/CA140404:CDS	hypothetical protein	NODE_3_length_228260_cov_106.499226:100977-101678	NFMMKAFD_00760

DiscRep_SUB:FEATURE_LOCATION_CONFLICT::Coding region xref gene does not exist
prokka_out/CA140404:CDS	hypothetical protein	NODE_3_length_228260_cov_106.499226:101714-102025	NFMMKAFD_00761

DiscRep_SUB:FEATURE_LOCATION_CONFLICT::Coding region xref gene does not exist
prokka_out/CA140404:CDS	hypothetical protein	NODE_3_length_228260_cov_106.499226:102004-102216	NFMMKAFD_00762

DiscRep_SUB:FEATURE_LOCATION_CONFLICT::Coding region xref gene does not exist
prokka_out/CA140404:CDS	hypothetical protein	NODE_3_length_228260_cov_106.499226:c103098-102229	NFMMKAFD_00763

DiscRep_SUB:FEATURE_LOCATION_CONFLICT::Coding region xref gene does not exist
prokka_out/CA140404:CDS	hypothetical protein	NODE_3_length_228260_cov_106.499226:c103263-103102	NFMMKAFD_00764

DiscRep_SUB:FEATURE_LOCATION_CONFLICT::Coding region xref gene does not exist
prokka_out/CA140404:CDS	tRNA-specific 2-thiouridylase MnmA	NODE_3_length_228260_cov_106.499226:103358-104341	NFMMKAFD_00765

DiscRep_SUB:FEATURE_LOCATION_CONFLICT::Coding region xref gene does not exist
prokka_out/CA140404:CDS	Chorismate synthase	NODE_3_length_228260_cov_106.499226:c105515-104427	NFMMKAFD_00766

DiscRep_SUB:FEATURE_LOCATION_CONFLICT::Coding region xref gene does not exist
prokka_out/CA140404:CDS	Ribonuclease 3	NODE_3_length_228260_cov_106.499226:c106189-105515	NFMMKAFD_00767

DiscRep_SUB:FEATURE_LOCATION_CONFLICT::Coding region xref gene does not exist
prokka_out/CA140404:CDS	Ribonuclease HI	NODE_3_length_228260_cov_106.499226:c106616-106176	NFMMKAFD_00768

DiscRep_SUB:FEATURE_LOCATION_CONFLICT::Coding region xref gene does not exist
prokka_out/CA140404:CDS	Lipopolysaccharide assembly protein B	NODE_3_length_228260_cov_106.499226:c107589-106603	NFMMKAFD_00769

DiscRep_SUB:FEATURE_LOCATION_CONFLICT::Coding region xref gene does not exist
prokka_out/CA140404:CDS	DNA primase	NODE_3_length_228260_cov_106.499226:107659-109476	NFMMKAFD_00770

DiscRep_SUB:FEATURE_LOCATION_CONFLICT::Coding region xref gene does not exist
prokka_out/CA140404:CDS	hypothetical protein	NODE_3_length_228260_cov_106.499226:109561-109830	NFMMKAFD_00771

DiscRep_SUB:FEATURE_LOCATION_CONFLICT::Coding region xref gene does not exist
prokka_out/CA140404:CDS	hypothetical protein	NODE_3_length_228260_cov_106.499226:109817-110368	NFMMKAFD_00772

DiscRep_SUB:FEATURE_LOCATION_CONFLICT::Coding region xref gene does not exist
prokka_out/CA140404:CDS	UDP-N-acetylmuramoyl-L-alanyl-D-glutamate--2,6-diaminopimelate ligase	NODE_3_length_228260_cov_106.499226:110352-111635	NFMMKAFD_00773

DiscRep_SUB:FEATURE_LOCATION_CONFLICT::Coding region xref gene does not exist
prokka_out/CA140404:CDS	Nucleoid-associated protein	NODE_3_length_228260_cov_106.499226:111639-111950	NFMMKAFD_00774

DiscRep_SUB:FEATURE_LOCATION_CONFLICT::Coding region xref gene does not exist
prokka_out/CA140404:CDS	hypothetical protein	NODE_3_length_228260_cov_106.499226:111947-113041	NFMMKAFD_00775

DiscRep_SUB:FEATURE_LOCATION_CONFLICT::Coding region xref gene does not exist
prokka_out/CA140404:CDS	hypothetical protein	NODE_3_length_228260_cov_106.499226:113038-113883	NFMMKAFD_00776

DiscRep_SUB:FEATURE_LOCATION_CONFLICT::Coding region xref gene does not exist
prokka_out/CA140404:CDS	Transketolase 1	NODE_3_length_228260_cov_106.499226:113893-115791	NFMMKAFD_00777

DiscRep_SUB:FEATURE_LOCATION_CONFLICT::Coding region xref gene does not exist
prokka_out/CA140404:CDS	hypothetical protein	NODE_3_length_228260_cov_106.499226:115793-116902	NFMMKAFD_00778

DiscRep_SUB:FEATURE_LOCATION_CONFLICT::Coding region xref gene does not exist
prokka_out/CA140404:CDS	putative ribonucleotide transport ATP-binding protein mkl	NODE_3_length_228260_cov_106.499226:116903-117625	NFMMKAFD_00779

DiscRep_SUB:FEATURE_LOCATION_CONFLICT::Coding region xref gene does not exist
prokka_out/CA140404:CDS	hypothetical protein	NODE_3_length_228260_cov_106.499226:117628-118518	NFMMKAFD_00780

DiscRep_SUB:FEATURE_LOCATION_CONFLICT::Coding region xref gene does not exist
prokka_out/CA140404:CDS	hypothetical protein	NODE_3_length_228260_cov_106.499226:118518-119117	NFMMKAFD_00781

DiscRep_SUB:FEATURE_LOCATION_CONFLICT::Coding region xref gene does not exist
prokka_out/CA140404:CDS	hypothetical protein	NODE_3_length_228260_cov_106.499226:119173-119673	NFMMKAFD_00782

DiscRep_SUB:FEATURE_LOCATION_CONFLICT::Coding region xref gene does not exist
prokka_out/CA140404:CDS	Methionine aminopeptidase 1	NODE_3_length_228260_cov_106.499226:c120801-120043	NFMMKAFD_00783

DiscRep_SUB:FEATURE_LOCATION_CONFLICT::Coding region xref gene does not exist
prokka_out/CA140404:CDS	Glutamate racemase	NODE_3_length_228260_cov_106.499226:c121555-120803	NFMMKAFD_00784

DiscRep_SUB:FEATURE_LOCATION_CONFLICT::Coding region xref gene does not exist
prokka_out/CA140404:CDS	Murein DD-endopeptidase MepS/Murein LD-carboxypeptidase	NODE_3_length_228260_cov_106.499226:c122015-121557	NFMMKAFD_00785

DiscRep_SUB:FEATURE_LOCATION_CONFLICT::Coding region xref gene does not exist
prokka_out/CA140404:CDS	Na(+)/H(+) antiporter NhaA	NODE_3_length_228260_cov_106.499226:c123193-122024	NFMMKAFD_00786

DiscRep_SUB:FEATURE_LOCATION_CONFLICT::Coding region xref gene does not exist
prokka_out/CA140404:CDS	Na(+)/H(+) antiporter NhaA	NODE_3_length_228260_cov_106.499226:c124338-123190	NFMMKAFD_00787

DiscRep_SUB:FEATURE_LOCATION_CONFLICT::Coding region xref gene does not exist
prokka_out/CA140404:CDS	hypothetical protein	NODE_3_length_228260_cov_106.499226:c124663-124481	NFMMKAFD_00788

DiscRep_SUB:FEATURE_LOCATION_CONFLICT::Coding region xref gene does not exist
prokka_out/CA140404:CDS	hypothetical protein	NODE_3_length_228260_cov_106.499226:124986-125189	NFMMKAFD_00789

DiscRep_SUB:FEATURE_LOCATION_CONFLICT::Coding region xref gene does not exist
prokka_out/CA140404:CDS	hypothetical protein	NODE_3_length_228260_cov_106.499226:125541-127631	NFMMKAFD_00790

DiscRep_SUB:FEATURE_LOCATION_CONFLICT::Coding region xref gene does not exist
prokka_out/CA140404:CDS	34 kDa membrane antigen	NODE_3_length_228260_cov_106.499226:127628-128167	NFMMKAFD_00791

DiscRep_SUB:FEATURE_LOCATION_CONFLICT::Coding region xref gene does not exist
prokka_out/CA140404:CDS	hypothetical protein	NODE_3_length_228260_cov_106.499226:128250-129653	NFMMKAFD_00792

DiscRep_SUB:FEATURE_LOCATION_CONFLICT::Coding region xref gene does not exist
prokka_out/CA140404:CDS	hypothetical protein	NODE_3_length_228260_cov_106.499226:129643-130932	NFMMKAFD_00793

DiscRep_SUB:FEATURE_LOCATION_CONFLICT::Coding region xref gene does not exist
prokka_out/CA140404:CDS	hypothetical protein	NODE_3_length_228260_cov_106.499226:130922-132040	NFMMKAFD_00794

DiscRep_SUB:FEATURE_LOCATION_CONFLICT::Coding region xref gene does not exist
prokka_out/CA140404:CDS	putative ABC transporter ATP-binding protein YknY	NODE_3_length_228260_cov_106.499226:132040-132690	NFMMKAFD_00795

DiscRep_SUB:FEATURE_LOCATION_CONFLICT::Coding region xref gene does not exist
prokka_out/CA140404:CDS	Thiol-disulfide oxidoreductase ResA	NODE_3_length_228260_cov_106.499226:132687-133175	NFMMKAFD_00796

DiscRep_SUB:FEATURE_LOCATION_CONFLICT::Coding region xref gene does not exist
prokka_out/CA140404:CDS	hypothetical protein	NODE_3_length_228260_cov_106.499226:133136-133639	NFMMKAFD_00797

DiscRep_SUB:FEATURE_LOCATION_CONFLICT::Coding region xref gene does not exist
prokka_out/CA140404:CDS	hypothetical protein	NODE_3_length_228260_cov_106.499226:c134085-133648	NFMMKAFD_00798

DiscRep_SUB:FEATURE_LOCATION_CONFLICT::Coding region xref gene does not exist
prokka_out/CA140404:CDS	hypothetical protein	NODE_3_length_228260_cov_106.499226:c134801-134385	NFMMKAFD_00799

DiscRep_SUB:FEATURE_LOCATION_CONFLICT::Coding region xref gene does not exist
prokka_out/CA140404:CDS	hypothetical protein	NODE_3_length_228260_cov_106.499226:c135624-135337	NFMMKAFD_00800

DiscRep_SUB:FEATURE_LOCATION_CONFLICT::Coding region xref gene does not exist
prokka_out/CA140404:CDS	hypothetical protein	NODE_3_length_228260_cov_106.499226:c135854-135624	NFMMKAFD_00801

DiscRep_SUB:FEATURE_LOCATION_CONFLICT::Coding region xref gene does not exist
prokka_out/CA140404:CDS	hypothetical protein	NODE_3_length_228260_cov_106.499226:c136661-136293	NFMMKAFD_00802

DiscRep_SUB:FEATURE_LOCATION_CONFLICT::Coding region xref gene does not exist
prokka_out/CA140404:CDS	hypothetical protein	NODE_3_length_228260_cov_106.499226:136800-137027	NFMMKAFD_00803

DiscRep_SUB:FEATURE_LOCATION_CONFLICT::Coding region xref gene does not exist
prokka_out/CA140404:CDS	hypothetical protein	NODE_3_length_228260_cov_106.499226:137277-137483	NFMMKAFD_00804

DiscRep_SUB:FEATURE_LOCATION_CONFLICT::Coding region xref gene does not exist
prokka_out/CA140404:CDS	hypothetical protein	NODE_3_length_228260_cov_106.499226:c138931-137738	NFMMKAFD_00805

DiscRep_SUB:FEATURE_LOCATION_CONFLICT::Coding region xref gene does not exist
prokka_out/CA140404:CDS	hypothetical protein	NODE_3_length_228260_cov_106.499226:c140043-138928	NFMMKAFD_00806

DiscRep_SUB:FEATURE_LOCATION_CONFLICT::Coding region xref gene does not exist
prokka_out/CA140404:CDS	hypothetical protein	NODE_3_length_228260_cov_106.499226:c140340-140095	NFMMKAFD_00807

DiscRep_SUB:FEATURE_LOCATION_CONFLICT::Coding region xref gene does not exist
prokka_out/CA140404:CDS	hypothetical protein	NODE_3_length_228260_cov_106.499226:c140533-140351	NFMMKAFD_00808

DiscRep_SUB:FEATURE_LOCATION_CONFLICT::Coding region xref gene does not exist
prokka_out/CA140404:CDS	hypothetical protein	NODE_3_length_228260_cov_106.499226:c141691-140837	NFMMKAFD_00809

DiscRep_SUB:FEATURE_LOCATION_CONFLICT::Coding region xref gene does not exist
prokka_out/CA140404:CDS	hypothetical protein	NODE_3_length_228260_cov_106.499226:c141866-141729	NFMMKAFD_00810

DiscRep_SUB:FEATURE_LOCATION_CONFLICT::Coding region xref gene does not exist
prokka_out/CA140404:CDS	hypothetical protein	NODE_3_length_228260_cov_106.499226:c142245-141877	NFMMKAFD_00811

DiscRep_SUB:FEATURE_LOCATION_CONFLICT::Coding region xref gene does not exist
prokka_out/CA140404:CDS	hypothetical protein	NODE_3_length_228260_cov_106.499226:c142469-142242	NFMMKAFD_00812

DiscRep_SUB:FEATURE_LOCATION_CONFLICT::Coding region xref gene does not exist
prokka_out/CA140404:CDS	hypothetical protein	NODE_3_length_228260_cov_106.499226:c143028-142588	NFMMKAFD_00813

DiscRep_SUB:FEATURE_LOCATION_CONFLICT::Coding region xref gene does not exist
prokka_out/CA140404:CDS	hypothetical protein	NODE_3_length_228260_cov_106.499226:c143228-143016	NFMMKAFD_00814

DiscRep_SUB:FEATURE_LOCATION_CONFLICT::Coding region xref gene does not exist
prokka_out/CA140404:CDS	Tyrosine recombinase XerC	NODE_3_length_228260_cov_106.499226:c144370-143231	NFMMKAFD_00815

DiscRep_SUB:FEATURE_LOCATION_CONFLICT::Coding region xref gene does not exist
prokka_out/CA140404:CDS	DNA ligase	NODE_3_length_228260_cov_106.499226:c145997-145149	NFMMKAFD_00821

DiscRep_SUB:FEATURE_LOCATION_CONFLICT::Coding region xref gene does not exist
prokka_out/CA140404:CDS	hypothetical protein	NODE_3_length_228260_cov_106.499226:c146659-145997	NFMMKAFD_00822

DiscRep_SUB:FEATURE_LOCATION_CONFLICT::Coding region xref gene does not exist
prokka_out/CA140404:CDS	hypothetical protein	NODE_3_length_228260_cov_106.499226:c146852-146649	NFMMKAFD_00823

DiscRep_SUB:FEATURE_LOCATION_CONFLICT::Coding region xref gene does not exist
prokka_out/CA140404:CDS	Enolase	NODE_3_length_228260_cov_106.499226:c148162-146918	NFMMKAFD_00824

DiscRep_SUB:FEATURE_LOCATION_CONFLICT::Coding region xref gene does not exist
prokka_out/CA140404:CDS	Protein RecA	NODE_3_length_228260_cov_106.499226:c149193-148162	NFMMKAFD_00825

DiscRep_SUB:FEATURE_LOCATION_CONFLICT::Coding region xref gene does not exist
prokka_out/CA140404:CDS	1,4-dihydroxy-6-naphtoate synthase	NODE_3_length_228260_cov_106.499226:149300-150160	NFMMKAFD_00826

DiscRep_SUB:FEATURE_LOCATION_CONFLICT::Coding region xref gene does not exist
prokka_out/CA140404:CDS	Flagellar biosynthetic protein FliQ	NODE_3_length_228260_cov_106.499226:150172-150441	NFMMKAFD_00827

DiscRep_SUB:FEATURE_LOCATION_CONFLICT::Coding region xref gene does not exist
prokka_out/CA140404:CDS	UDP-N-acetylenolpyruvoylglucosamine reductase	NODE_3_length_228260_cov_106.499226:150438-151214	NFMMKAFD_00828

DiscRep_SUB:FEATURE_LOCATION_CONFLICT::Coding region xref gene does not exist
prokka_out/CA140404:CDS	hypothetical protein	NODE_3_length_228260_cov_106.499226:c151980-151222	NFMMKAFD_00829

DiscRep_SUB:FEATURE_LOCATION_CONFLICT::Coding region xref gene does not exist
prokka_out/CA140404:CDS	3'(2'),5'-bisphosphate nucleotidase CysQ	NODE_3_length_228260_cov_106.499226:c152790-152026	NFMMKAFD_00830

DiscRep_SUB:FEATURE_LOCATION_CONFLICT::Coding region xref gene does not exist
prokka_out/CA140404:CDS	Citrate synthase	NODE_3_length_228260_cov_106.499226:c154138-152870	NFMMKAFD_00831

DiscRep_SUB:FEATURE_LOCATION_CONFLICT::Coding region xref gene does not exist
prokka_out/CA140404:CDS	hypothetical protein	NODE_3_length_228260_cov_106.499226:c155428-154253	NFMMKAFD_00832

DiscRep_SUB:FEATURE_LOCATION_CONFLICT::Coding region xref gene does not exist
prokka_out/CA140404:CDS	Biotin synthase	NODE_3_length_228260_cov_106.499226:c156245-155409	NFMMKAFD_00833

DiscRep_SUB:FEATURE_LOCATION_CONFLICT::Coding region xref gene does not exist
prokka_out/CA140404:CDS	DNA topoisomerase 1	NODE_3_length_228260_cov_106.499226:c158349-156247	NFMMKAFD_00834

DiscRep_SUB:FEATURE_LOCATION_CONFLICT::Coding region xref gene does not exist
prokka_out/CA140404:CDS	hypothetical protein	NODE_3_length_228260_cov_106.499226:158544-159815	NFMMKAFD_00835

DiscRep_SUB:FEATURE_LOCATION_CONFLICT::Coding region xref gene does not exist
prokka_out/CA140404:CDS	Protein translocase subunit SecY	NODE_3_length_228260_cov_106.499226:c161108-159843	NFMMKAFD_00836

DiscRep_SUB:FEATURE_LOCATION_CONFLICT::Coding region xref gene does not exist
prokka_out/CA140404:CDS	50S ribosomal protein L15	NODE_3_length_228260_cov_106.499226:c161500-161108	NFMMKAFD_00837

DiscRep_SUB:FEATURE_LOCATION_CONFLICT::Coding region xref gene does not exist
prokka_out/CA140404:CDS	30S ribosomal protein S5	NODE_3_length_228260_cov_106.499226:c161948-161505	NFMMKAFD_00838

DiscRep_SUB:FEATURE_LOCATION_CONFLICT::Coding region xref gene does not exist
prokka_out/CA140404:CDS	50S ribosomal protein L18	NODE_3_length_228260_cov_106.499226:c162316-161960	NFMMKAFD_00839

DiscRep_SUB:FEATURE_LOCATION_CONFLICT::Coding region xref gene does not exist
prokka_out/CA140404:CDS	50S ribosomal protein L6	NODE_3_length_228260_cov_106.499226:c162862-162326	NFMMKAFD_00840

DiscRep_SUB:FEATURE_LOCATION_CONFLICT::Coding region xref gene does not exist
prokka_out/CA140404:CDS	30S ribosomal protein S8	NODE_3_length_228260_cov_106.499226:c163336-162941	NFMMKAFD_00841

DiscRep_SUB:FEATURE_LOCATION_CONFLICT::Coding region xref gene does not exist
prokka_out/CA140404:CDS	30S ribosomal protein S14 type Z	NODE_3_length_228260_cov_106.499226:c163531-163346	NFMMKAFD_00842

DiscRep_SUB:FEATURE_LOCATION_CONFLICT::Coding region xref gene does not exist
prokka_out/CA140404:CDS	50S ribosomal protein L5	NODE_3_length_228260_cov_106.499226:c164075-163533	NFMMKAFD_00843

DiscRep_SUB:FEATURE_LOCATION_CONFLICT::Coding region xref gene does not exist
prokka_out/CA140404:CDS	50S ribosomal protein L24	NODE_3_length_228260_cov_106.499226:c164315-164082	NFMMKAFD_00844

DiscRep_SUB:FEATURE_LOCATION_CONFLICT::Coding region xref gene does not exist
prokka_out/CA140404:CDS	50S ribosomal protein L14	NODE_3_length_228260_cov_106.499226:c164683-164315	NFMMKAFD_00845

DiscRep_SUB:FEATURE_LOCATION_CONFLICT::Coding region xref gene does not exist
prokka_out/CA140404:CDS	30S ribosomal protein S17	NODE_3_length_228260_cov_106.499226:c164934-164683	NFMMKAFD_00846

DiscRep_SUB:FEATURE_LOCATION_CONFLICT::Coding region xref gene does not exist
prokka_out/CA140404:CDS	hypothetical protein	NODE_3_length_228260_cov_106.499226:c165129-164944	NFMMKAFD_00847

DiscRep_SUB:FEATURE_LOCATION_CONFLICT::Coding region xref gene does not exist
prokka_out/CA140404:CDS	50S ribosomal protein L16	NODE_3_length_228260_cov_106.499226:c165541-165116	NFMMKAFD_00848

DiscRep_SUB:FEATURE_LOCATION_CONFLICT::Coding region xref gene does not exist
prokka_out/CA140404:CDS	30S ribosomal protein S3	NODE_3_length_228260_cov_106.499226:c166245-165544	NFMMKAFD_00849

DiscRep_SUB:FEATURE_LOCATION_CONFLICT::Coding region xref gene does not exist
prokka_out/CA140404:CDS	hypothetical protein	NODE_3_length_228260_cov_106.499226:c166670-166245	NFMMKAFD_00850

DiscRep_SUB:FEATURE_LOCATION_CONFLICT::Coding region xref gene does not exist
prokka_out/CA140404:CDS	30S ribosomal protein S19	NODE_3_length_228260_cov_106.499226:c166962-166681	NFMMKAFD_00851

DiscRep_SUB:FEATURE_LOCATION_CONFLICT::Coding region xref gene does not exist
prokka_out/CA140404:CDS	50S ribosomal protein L2	NODE_3_length_228260_cov_106.499226:c167794-166964	NFMMKAFD_00852

DiscRep_SUB:FEATURE_LOCATION_CONFLICT::Coding region xref gene does not exist
prokka_out/CA140404:CDS	50S ribosomal protein L23	NODE_3_length_228260_cov_106.499226:c168077-167796	NFMMKAFD_00853

DiscRep_SUB:FEATURE_LOCATION_CONFLICT::Coding region xref gene does not exist
prokka_out/CA140404:CDS	50S ribosomal protein L4	NODE_3_length_228260_cov_106.499226:c168694-168080	NFMMKAFD_00854

DiscRep_SUB:FEATURE_LOCATION_CONFLICT::Coding region xref gene does not exist
prokka_out/CA140404:CDS	hypothetical protein	NODE_3_length_228260_cov_106.499226:c169266-168691	NFMMKAFD_00855

DiscRep_SUB:FEATURE_LOCATION_CONFLICT::Coding region xref gene does not exist
prokka_out/CA140404:CDS	30S ribosomal protein S10	NODE_3_length_228260_cov_106.499226:c169587-169276	NFMMKAFD_00856

DiscRep_SUB:FEATURE_LOCATION_CONFLICT::Coding region xref gene does not exist
prokka_out/CA140404:CDS	Ribosomal large subunit pseudouridine synthase B	NODE_3_length_228260_cov_106.499226:c170547-169786	NFMMKAFD_00857

DiscRep_SUB:FEATURE_LOCATION_CONFLICT::Coding region xref gene does not exist
prokka_out/CA140404:CDS	Ribonuclease J	NODE_3_length_228260_cov_106.499226:c172571-170583	NFMMKAFD_00858

DiscRep_SUB:FEATURE_LOCATION_CONFLICT::Coding region xref gene does not exist
prokka_out/CA140404:CDS	Ribosomal RNA small subunit methyltransferase A	NODE_3_length_228260_cov_106.499226:c173346-172546	NFMMKAFD_00859

DiscRep_SUB:FEATURE_LOCATION_CONFLICT::Coding region xref gene does not exist
prokka_out/CA140404:CDS	hypothetical protein	NODE_3_length_228260_cov_106.499226:173426-173962	NFMMKAFD_00860

DiscRep_SUB:FEATURE_LOCATION_CONFLICT::Coding region xref gene does not exist
prokka_out/CA140404:CDS	putative dual-specificity RNA methyltransferase RlmN	NODE_3_length_228260_cov_106.499226:173986-175056	NFMMKAFD_00861

DiscRep_SUB:FEATURE_LOCATION_CONFLICT::Coding region xref gene does not exist
prokka_out/CA140404:CDS	hypothetical protein	NODE_3_length_228260_cov_106.499226:175053-175151	NFMMKAFD_00862

DiscRep_SUB:FEATURE_LOCATION_CONFLICT::Coding region xref gene does not exist
prokka_out/CA140404:CDS	hypothetical protein	NODE_3_length_228260_cov_106.499226:175692-176222	NFMMKAFD_00867

DiscRep_SUB:FEATURE_LOCATION_CONFLICT::Coding region xref gene does not exist
prokka_out/CA140404:CDS	3-isopropylmalate dehydratase small subunit 1	NODE_3_length_228260_cov_106.499226:c176804-176202	NFMMKAFD_00868

DiscRep_SUB:FEATURE_LOCATION_CONFLICT::Coding region xref gene does not exist
prokka_out/CA140404:CDS	3-isopropylmalate dehydratase large subunit	NODE_3_length_228260_cov_106.499226:c178212-176806	NFMMKAFD_00869

DiscRep_SUB:FEATURE_LOCATION_CONFLICT::Coding region xref gene does not exist
prokka_out/CA140404:CDS	3-isopropylmalate dehydrogenase	NODE_3_length_228260_cov_106.499226:c179281-178205	NFMMKAFD_00870

DiscRep_SUB:FEATURE_LOCATION_CONFLICT::Coding region xref gene does not exist
prokka_out/CA140404:CDS	2-isopropylmalate synthase	NODE_3_length_228260_cov_106.499226:c180813-179278	NFMMKAFD_00871

DiscRep_SUB:FEATURE_LOCATION_CONFLICT::Coding region xref gene does not exist
prokka_out/CA140404:CDS	hypothetical protein	NODE_3_length_228260_cov_106.499226:181133-181762	NFMMKAFD_00872

DiscRep_SUB:FEATURE_LOCATION_CONFLICT::Coding region xref gene does not exist
prokka_out/CA140404:CDS	hypothetical protein	NODE_3_length_228260_cov_106.499226:c182442-181798	NFMMKAFD_00873

DiscRep_SUB:FEATURE_LOCATION_CONFLICT::Coding region xref gene does not exist
prokka_out/CA140404:CDS	NADPH-dependent 7-cyano-7-deazaguanine reductase	NODE_3_length_228260_cov_106.499226:c182963-182580	NFMMKAFD_00874

DiscRep_SUB:FEATURE_LOCATION_CONFLICT::Coding region xref gene does not exist
prokka_out/CA140404:CDS	hypothetical protein	NODE_3_length_228260_cov_106.499226:183123-183722	NFMMKAFD_00875

DiscRep_SUB:FEATURE_LOCATION_CONFLICT::Coding region xref gene does not exist
prokka_out/CA140404:CDS	Homoserine O-acetyltransferase 1	NODE_3_length_228260_cov_106.499226:c184608-183727	NFMMKAFD_00876

DiscRep_SUB:FEATURE_LOCATION_CONFLICT::Coding region xref gene does not exist
prokka_out/CA140404:CDS	Putative sulfur carrier protein YeeD	NODE_3_length_228260_cov_106.499226:c184840-184619	NFMMKAFD_00877

DiscRep_SUB:FEATURE_LOCATION_CONFLICT::Coding region xref gene does not exist
prokka_out/CA140404:CDS	hypothetical protein	NODE_3_length_228260_cov_106.499226:c185884-184844	NFMMKAFD_00878

DiscRep_SUB:FEATURE_LOCATION_CONFLICT::Coding region xref gene does not exist
prokka_out/CA140404:CDS	O-acetyl-L-homoserine sulfhydrylase	NODE_3_length_228260_cov_106.499226:c187167-185896	NFMMKAFD_00879

DiscRep_SUB:FEATURE_LOCATION_CONFLICT::Coding region xref gene does not exist
prokka_out/CA140404:CDS	hypothetical protein	NODE_3_length_228260_cov_106.499226:c190189-187592	NFMMKAFD_00880

DiscRep_SUB:FEATURE_LOCATION_CONFLICT::Coding region xref gene does not exist
prokka_out/CA140404:CDS	Crossover junction endodeoxyribonuclease RuvC	NODE_3_length_228260_cov_106.499226:c190948-190394	NFMMKAFD_00881

DiscRep_SUB:FEATURE_LOCATION_CONFLICT::Coding region xref gene does not exist
prokka_out/CA140404:CDS	Chromosomal replication initiator protein DnaA	NODE_3_length_228260_cov_106.499226:190972-192294	NFMMKAFD_00882

DiscRep_SUB:FEATURE_LOCATION_CONFLICT::Coding region xref gene does not exist
prokka_out/CA140404:CDS	Beta sliding clamp	NODE_3_length_228260_cov_106.499226:192454-193521	NFMMKAFD_00883

DiscRep_SUB:FEATURE_LOCATION_CONFLICT::Coding region xref gene does not exist
prokka_out/CA140404:CDS	DNA gyrase subunit B	NODE_3_length_228260_cov_106.499226:193550-195859	NFMMKAFD_00884

DiscRep_SUB:FEATURE_LOCATION_CONFLICT::Coding region xref gene does not exist
prokka_out/CA140404:CDS	hypothetical protein	NODE_3_length_228260_cov_106.499226:c196226-195885	NFMMKAFD_00885

DiscRep_SUB:FEATURE_LOCATION_CONFLICT::Coding region xref gene does not exist
prokka_out/CA140404:CDS	hypothetical protein	NODE_3_length_228260_cov_106.499226:c197467-196229	NFMMKAFD_00886

DiscRep_SUB:FEATURE_LOCATION_CONFLICT::Coding region xref gene does not exist
prokka_out/CA140404:CDS	hypothetical protein	NODE_3_length_228260_cov_106.499226:197678-198979	NFMMKAFD_00887

DiscRep_SUB:FEATURE_LOCATION_CONFLICT::Coding region xref gene does not exist
prokka_out/CA140404:CDS	Ferredoxin-dependent glutamate synthase 1	NODE_3_length_228260_cov_106.499226:199113-203603	NFMMKAFD_00888

DiscRep_SUB:FEATURE_LOCATION_CONFLICT::Coding region xref gene does not exist
prokka_out/CA140404:CDS	Glutamate synthase [NADPH] small chain	NODE_3_length_228260_cov_106.499226:203613-205058	NFMMKAFD_00889

DiscRep_SUB:FEATURE_LOCATION_CONFLICT::Coding region xref gene does not exist
prokka_out/CA140404:CDS	Ribonuclease HII	NODE_3_length_228260_cov_106.499226:c205634-205059	NFMMKAFD_00890

DiscRep_SUB:FEATURE_LOCATION_CONFLICT::Coding region xref gene does not exist
prokka_out/CA140404:CDS	hypothetical protein	NODE_3_length_228260_cov_106.499226:c205906-205667	NFMMKAFD_00891

DiscRep_SUB:FEATURE_LOCATION_CONFLICT::Coding region xref gene does not exist
prokka_out/CA140404:CDS	Rubrerythrin-1	NODE_3_length_228260_cov_106.499226:c206618-205971	NFMMKAFD_00892

DiscRep_SUB:FEATURE_LOCATION_CONFLICT::Coding region xref gene does not exist
prokka_out/CA140404:CDS	Dihydroxy-acid dehydratase	NODE_3_length_228260_cov_106.499226:206778-208454	NFMMKAFD_00893

DiscRep_SUB:FEATURE_LOCATION_CONFLICT::Coding region xref gene does not exist
prokka_out/CA140404:CDS	Inner membrane protein YagU	NODE_3_length_228260_cov_106.499226:c208990-208466	NFMMKAFD_00894

DiscRep_SUB:FEATURE_LOCATION_CONFLICT::Coding region xref gene does not exist
prokka_out/CA140404:CDS	hypothetical protein	NODE_3_length_228260_cov_106.499226:c210308-209082	NFMMKAFD_00895

DiscRep_SUB:FEATURE_LOCATION_CONFLICT::Coding region xref gene does not exist
prokka_out/CA140404:CDS	7-cyano-7-deazaguanine synthase	NODE_3_length_228260_cov_106.499226:210384-211058	NFMMKAFD_00896

DiscRep_SUB:FEATURE_LOCATION_CONFLICT::Coding region xref gene does not exist
prokka_out/CA140404:CDS	hypothetical protein	NODE_3_length_228260_cov_106.499226:c212605-211079	NFMMKAFD_00897

DiscRep_SUB:FEATURE_LOCATION_CONFLICT::Coding region xref gene does not exist
prokka_out/CA140404:CDS	hypothetical protein	NODE_3_length_228260_cov_106.499226:c212784-212617	NFMMKAFD_00898

DiscRep_SUB:FEATURE_LOCATION_CONFLICT::Coding region xref gene does not exist
prokka_out/CA140404:CDS	hypothetical protein	NODE_3_length_228260_cov_106.499226:c214668-212890	NFMMKAFD_00899

DiscRep_SUB:FEATURE_LOCATION_CONFLICT::Coding region xref gene does not exist
prokka_out/CA140404:CDS	Cytochrome c551 peroxidase	NODE_3_length_228260_cov_106.499226:c215572-214658	NFMMKAFD_00900

DiscRep_SUB:FEATURE_LOCATION_CONFLICT::Coding region xref gene does not exist
prokka_out/CA140404:CDS	putative protein YisK	NODE_3_length_228260_cov_106.499226:c216514-215636	NFMMKAFD_00901

DiscRep_SUB:FEATURE_LOCATION_CONFLICT::Coding region xref gene does not exist
prokka_out/CA140404:CDS	putative RNA pseudouridine synthase	NODE_3_length_228260_cov_106.499226:c217529-216627	NFMMKAFD_00902

DiscRep_SUB:FEATURE_LOCATION_CONFLICT::Coding region xref gene does not exist
prokka_out/CA140404:CDS	Adenylosuccinate lyase	NODE_3_length_228260_cov_106.499226:217607-218935	NFMMKAFD_00903

DiscRep_SUB:FEATURE_LOCATION_CONFLICT::Coding region xref gene does not exist
prokka_out/CA140404:CDS	Ribonucleoside-diphosphate reductase 1 subunit alpha	NODE_3_length_228260_cov_106.499226:218951-221320	NFMMKAFD_00904

DiscRep_SUB:FEATURE_LOCATION_CONFLICT::Coding region xref gene does not exist
prokka_out/CA140404:CDS	L-cystine uptake protein TcyP	NODE_3_length_228260_cov_106.499226:c222743-221358	NFMMKAFD_00905

DiscRep_SUB:FEATURE_LOCATION_CONFLICT::Coding region xref gene does not exist
prokka_out/CA140404:CDS	Flavin-dependent thymidylate synthase	NODE_3_length_228260_cov_106.499226:c223486-222863	NFMMKAFD_00906

DiscRep_SUB:FEATURE_LOCATION_CONFLICT::Coding region xref gene does not exist
prokka_out/CA140404:CDS	CTP synthase	NODE_3_length_228260_cov_106.499226:223606-225237	NFMMKAFD_00907

DiscRep_SUB:FEATURE_LOCATION_CONFLICT::Coding region xref gene does not exist
prokka_out/CA140404:CDS	Single-stranded-DNA-specific exonuclease RecJ	NODE_3_length_228260_cov_106.499226:225224-226795	NFMMKAFD_00908

DiscRep_SUB:FEATURE_LOCATION_CONFLICT::Coding region xref gene does not exist
prokka_out/CA140404:CDS	L-asparaginase 2	NODE_3_length_228260_cov_106.499226:226891-227886	NFMMKAFD_00909

DiscRep_SUB:FEATURE_LOCATION_CONFLICT::RNA feature xref gene does not exist
prokka_out/CA140404:tRNA	Gly	NODE_3_length_228260_cov_106.499226:55805-55879	NFMMKAFD_00692

DiscRep_SUB:FEATURE_LOCATION_CONFLICT::RNA feature xref gene does not exist
prokka_out/CA140404:tRNA	Leu	NODE_3_length_228260_cov_106.499226:55889-55977	NFMMKAFD_00693

DiscRep_SUB:FEATURE_LOCATION_CONFLICT::RNA feature xref gene does not exist
prokka_out/CA140404:tRNA	Cys	NODE_3_length_228260_cov_106.499226:55996-56069	NFMMKAFD_00694

DiscRep_SUB:FEATURE_LOCATION_CONFLICT::RNA feature xref gene does not exist
prokka_out/CA140404:tRNA	Ser	NODE_3_length_228260_cov_106.499226:56091-56178	NFMMKAFD_00695

DiscRep_SUB:FEATURE_LOCATION_CONFLICT::RNA feature xref gene does not exist
prokka_out/CA140404:tRNA	Leu	NODE_3_length_228260_cov_106.499226:c144752-144668	NFMMKAFD_00816

DiscRep_SUB:FEATURE_LOCATION_CONFLICT::RNA feature xref gene does not exist
prokka_out/CA140404:tRNA	Arg	NODE_3_length_228260_cov_106.499226:c144833-144757	NFMMKAFD_00817

DiscRep_SUB:FEATURE_LOCATION_CONFLICT::RNA feature xref gene does not exist
prokka_out/CA140404:tRNA	Arg	NODE_3_length_228260_cov_106.499226:c144924-144848	NFMMKAFD_00818

DiscRep_SUB:FEATURE_LOCATION_CONFLICT::RNA feature xref gene does not exist
prokka_out/CA140404:tRNA	His	NODE_3_length_228260_cov_106.499226:c145004-144928	NFMMKAFD_00819

DiscRep_SUB:FEATURE_LOCATION_CONFLICT::RNA feature xref gene does not exist
prokka_out/CA140404:tRNA	Pro	NODE_3_length_228260_cov_106.499226:c145106-145029	NFMMKAFD_00820

DiscRep_SUB:FEATURE_LOCATION_CONFLICT::RNA feature xref gene does not exist
prokka_out/CA140404:tRNA	Met	NODE_3_length_228260_cov_106.499226:c175241-175165	NFMMKAFD_00863

DiscRep_SUB:FEATURE_LOCATION_CONFLICT::RNA feature xref gene does not exist
prokka_out/CA140404:tRNA	Ser	NODE_3_length_228260_cov_106.499226:175376-175463	NFMMKAFD_00864

DiscRep_SUB:FEATURE_LOCATION_CONFLICT::RNA feature xref gene does not exist
prokka_out/CA140404:tRNA	Ala	NODE_3_length_228260_cov_106.499226:175510-175585	NFMMKAFD_00865

DiscRep_SUB:FEATURE_LOCATION_CONFLICT::RNA feature xref gene does not exist
prokka_out/CA140404:tRNA	Val	NODE_3_length_228260_cov_106.499226:175589-175664	NFMMKAFD_00866

DiscRep_SUB:FEATURE_LOCATION_CONFLICT::Coding region xref gene does not exist
prokka_out/CA140404:CDS	hypothetical protein	NODE_4_length_183592_cov_86.819104:578-958	NFMMKAFD_00915

DiscRep_SUB:FEATURE_LOCATION_CONFLICT::Coding region xref gene does not exist
prokka_out/CA140404:CDS	Bifunctional protein Aas	NODE_4_length_183592_cov_86.819104:1003-4515	NFMMKAFD_00916

DiscRep_SUB:FEATURE_LOCATION_CONFLICT::Coding region xref gene does not exist
prokka_out/CA140404:CDS	hypothetical protein	NODE_4_length_183592_cov_86.819104:c5434-4523	NFMMKAFD_00917

DiscRep_SUB:FEATURE_LOCATION_CONFLICT::Coding region xref gene does not exist
prokka_out/CA140404:CDS	ATP synthase subunit c	NODE_4_length_183592_cov_86.819104:c6090-5752	NFMMKAFD_00919

DiscRep_SUB:FEATURE_LOCATION_CONFLICT::Coding region xref gene does not exist
prokka_out/CA140404:CDS	hypothetical protein	NODE_4_length_183592_cov_86.819104:6325-7659	NFMMKAFD_00920

DiscRep_SUB:FEATURE_LOCATION_CONFLICT::Coding region xref gene does not exist
prokka_out/CA140404:CDS	hypothetical protein	NODE_4_length_183592_cov_86.819104:7672-9012	NFMMKAFD_00921

DiscRep_SUB:FEATURE_LOCATION_CONFLICT::Coding region xref gene does not exist
prokka_out/CA140404:CDS	Oxaloacetate decarboxylase alpha chain	NODE_4_length_183592_cov_86.819104:9044-10843	NFMMKAFD_00922

DiscRep_SUB:FEATURE_LOCATION_CONFLICT::Coding region xref gene does not exist
prokka_out/CA140404:CDS	Phosphoenolpyruvate carboxykinase (ATP)	NODE_4_length_183592_cov_86.819104:10856-12430	NFMMKAFD_00923

DiscRep_SUB:FEATURE_LOCATION_CONFLICT::Coding region xref gene does not exist
prokka_out/CA140404:CDS	Argininosuccinate lyase	NODE_4_length_183592_cov_86.819104:12440-13822	NFMMKAFD_00924

DiscRep_SUB:FEATURE_LOCATION_CONFLICT::Coding region xref gene does not exist
prokka_out/CA140404:CDS	Ribosome-binding ATPase YchF	NODE_4_length_183592_cov_86.819104:c14947-13844	NFMMKAFD_00925

DiscRep_SUB:FEATURE_LOCATION_CONFLICT::Coding region xref gene does not exist
prokka_out/CA140404:CDS	Cytosol aminopeptidase	NODE_4_length_183592_cov_86.819104:c16395-14944	NFMMKAFD_00926

DiscRep_SUB:FEATURE_LOCATION_CONFLICT::Coding region xref gene does not exist
prokka_out/CA140404:CDS	Inner membrane protein YohD	NODE_4_length_183592_cov_86.819104:c16988-16392	NFMMKAFD_00927

DiscRep_SUB:FEATURE_LOCATION_CONFLICT::Coding region xref gene does not exist
prokka_out/CA140404:CDS	Adenine phosphoribosyltransferase	NODE_4_length_183592_cov_86.819104:c17555-17007	NFMMKAFD_00928

DiscRep_SUB:FEATURE_LOCATION_CONFLICT::Coding region xref gene does not exist
prokka_out/CA140404:CDS	hypothetical protein	NODE_4_length_183592_cov_86.819104:c17884-17552	NFMMKAFD_00929

DiscRep_SUB:FEATURE_LOCATION_CONFLICT::Coding region xref gene does not exist
prokka_out/CA140404:CDS	Putative sugar phosphate isomerase YwlF	NODE_4_length_183592_cov_86.819104:c18321-17884	NFMMKAFD_00930

DiscRep_SUB:FEATURE_LOCATION_CONFLICT::Coding region xref gene does not exist
prokka_out/CA140404:CDS	Protein-glutamate methylesterase/protein-glutamine glutaminase	NODE_4_length_183592_cov_86.819104:18488-19042	NFMMKAFD_00931

DiscRep_SUB:FEATURE_LOCATION_CONFLICT::Coding region xref gene does not exist
prokka_out/CA140404:CDS	Chemotaxis protein methyltransferase	NODE_4_length_183592_cov_86.819104:19058-19846	NFMMKAFD_00932

DiscRep_SUB:FEATURE_LOCATION_CONFLICT::Coding region xref gene does not exist
prokka_out/CA140404:CDS	Glutamine transport ATP-binding protein GlnQ	NODE_4_length_183592_cov_86.819104:19982-20710	NFMMKAFD_00933

DiscRep_SUB:FEATURE_LOCATION_CONFLICT::Coding region xref gene does not exist
prokka_out/CA140404:CDS	Major cell-binding factor	NODE_4_length_183592_cov_86.819104:20732-21511	NFMMKAFD_00934

DiscRep_SUB:FEATURE_LOCATION_CONFLICT::Coding region xref gene does not exist
prokka_out/CA140404:CDS	putative glutamine ABC transporter permease protein GlnM	NODE_4_length_183592_cov_86.819104:21513-22265	NFMMKAFD_00935

DiscRep_SUB:FEATURE_LOCATION_CONFLICT::Coding region xref gene does not exist
prokka_out/CA140404:CDS	Glutamate/aspartate import permease protein GltK	NODE_4_length_183592_cov_86.819104:22276-22935	NFMMKAFD_00936

DiscRep_SUB:FEATURE_LOCATION_CONFLICT::Coding region xref gene does not exist
prokka_out/CA140404:CDS	Ribose-phosphate pyrophosphokinase	NODE_4_length_183592_cov_86.819104:23043-23972	NFMMKAFD_00937

DiscRep_SUB:FEATURE_LOCATION_CONFLICT::Coding region xref gene does not exist
prokka_out/CA140404:CDS	Peptide transporter CstA	NODE_4_length_183592_cov_86.819104:24139-26250	NFMMKAFD_00938

DiscRep_SUB:FEATURE_LOCATION_CONFLICT::Coding region xref gene does not exist
prokka_out/CA140404:CDS	hypothetical protein	NODE_4_length_183592_cov_86.819104:26231-26428	NFMMKAFD_00939

DiscRep_SUB:FEATURE_LOCATION_CONFLICT::Coding region xref gene does not exist
prokka_out/CA140404:CDS	putative acyl-CoA thioester hydrolase	NODE_4_length_183592_cov_86.819104:c26881-26468	NFMMKAFD_00940

DiscRep_SUB:FEATURE_LOCATION_CONFLICT::Coding region xref gene does not exist
prokka_out/CA140404:CDS	hypothetical protein	NODE_4_length_183592_cov_86.819104:26943-28775	NFMMKAFD_00941

DiscRep_SUB:FEATURE_LOCATION_CONFLICT::Coding region xref gene does not exist
prokka_out/CA140404:CDS	DNA-binding protein HU	NODE_4_length_183592_cov_86.819104:28877-29173	NFMMKAFD_00942

DiscRep_SUB:FEATURE_LOCATION_CONFLICT::Coding region xref gene does not exist
prokka_out/CA140404:CDS	Cysteine synthase	NODE_4_length_183592_cov_86.819104:29300-30199	NFMMKAFD_00943

DiscRep_SUB:FEATURE_LOCATION_CONFLICT::Coding region xref gene does not exist
prokka_out/CA140404:CDS	hypothetical protein	NODE_4_length_183592_cov_86.819104:c30766-30206	NFMMKAFD_00944

DiscRep_SUB:FEATURE_LOCATION_CONFLICT::Coding region xref gene does not exist
prokka_out/CA140404:CDS	hypothetical protein	NODE_4_length_183592_cov_86.819104:c31215-30763	NFMMKAFD_00945

DiscRep_SUB:FEATURE_LOCATION_CONFLICT::Coding region xref gene does not exist
prokka_out/CA140404:CDS	hypothetical protein	NODE_4_length_183592_cov_86.819104:c31638-31219	NFMMKAFD_00946

DiscRep_SUB:FEATURE_LOCATION_CONFLICT::Coding region xref gene does not exist
prokka_out/CA140404:CDS	hypothetical protein	NODE_4_length_183592_cov_86.819104:c32194-31724	NFMMKAFD_00947

DiscRep_SUB:FEATURE_LOCATION_CONFLICT::Coding region xref gene does not exist
prokka_out/CA140404:CDS	hypothetical protein	NODE_4_length_183592_cov_86.819104:32350-33327	NFMMKAFD_00948

DiscRep_SUB:FEATURE_LOCATION_CONFLICT::Coding region xref gene does not exist
prokka_out/CA140404:CDS	Broad specificity amino-acid racemase	NODE_4_length_183592_cov_86.819104:33328-34314	NFMMKAFD_00949

DiscRep_SUB:FEATURE_LOCATION_CONFLICT::Coding region xref gene does not exist
prokka_out/CA140404:CDS	tRNA (cytidine(34)-2'-O)-methyltransferase	NODE_4_length_183592_cov_86.819104:34317-34784	NFMMKAFD_00950

DiscRep_SUB:FEATURE_LOCATION_CONFLICT::Coding region xref gene does not exist
prokka_out/CA140404:CDS	Amino-acid carrier protein AlsT	NODE_4_length_183592_cov_86.819104:34888-36354	NFMMKAFD_00951

DiscRep_SUB:FEATURE_LOCATION_CONFLICT::Coding region xref gene does not exist
prokka_out/CA140404:CDS	Glutamine transport ATP-binding protein GlnQ	NODE_4_length_183592_cov_86.819104:c37110-36382	NFMMKAFD_00952

DiscRep_SUB:FEATURE_LOCATION_CONFLICT::Coding region xref gene does not exist
prokka_out/CA140404:CDS	Arginine transport system permease protein ArtQ	NODE_4_length_183592_cov_86.819104:c37846-37103	NFMMKAFD_00953

DiscRep_SUB:FEATURE_LOCATION_CONFLICT::Coding region xref gene does not exist
prokka_out/CA140404:CDS	hypothetical protein	NODE_4_length_183592_cov_86.819104:37962-38108	NFMMKAFD_00954

DiscRep_SUB:FEATURE_LOCATION_CONFLICT::Coding region xref gene does not exist
prokka_out/CA140404:CDS	Protein/nucleic acid deglycase 3	NODE_4_length_183592_cov_86.819104:38101-38670	NFMMKAFD_00955

DiscRep_SUB:FEATURE_LOCATION_CONFLICT::Coding region xref gene does not exist
prokka_out/CA140404:CDS	putative HIT-like protein	NODE_4_length_183592_cov_86.819104:c39065-38700	NFMMKAFD_00956

DiscRep_SUB:FEATURE_LOCATION_CONFLICT::Coding region xref gene does not exist
prokka_out/CA140404:CDS	Phenylalanine--tRNA ligase alpha subunit	NODE_4_length_183592_cov_86.819104:39188-40180	NFMMKAFD_00957

DiscRep_SUB:FEATURE_LOCATION_CONFLICT::Coding region xref gene does not exist
prokka_out/CA140404:CDS	Phenylalanine--tRNA ligase beta subunit	NODE_4_length_183592_cov_86.819104:40177-42498	NFMMKAFD_00958

DiscRep_SUB:FEATURE_LOCATION_CONFLICT::Coding region xref gene does not exist
prokka_out/CA140404:CDS	3-phosphoshikimate 1-carboxyvinyltransferase	NODE_4_length_183592_cov_86.819104:42495-43781	NFMMKAFD_00959

DiscRep_SUB:FEATURE_LOCATION_CONFLICT::Coding region xref gene does not exist
prokka_out/CA140404:CDS	4-hydroxy-3-methylbut-2-enyl diphosphate reductase	NODE_4_length_183592_cov_86.819104:43771-44604	NFMMKAFD_00960

DiscRep_SUB:FEATURE_LOCATION_CONFLICT::Coding region xref gene does not exist
prokka_out/CA140404:CDS	30S ribosomal protein S1	NODE_4_length_183592_cov_86.819104:44736-46406	NFMMKAFD_00961

DiscRep_SUB:FEATURE_LOCATION_CONFLICT::Coding region xref gene does not exist
prokka_out/CA140404:CDS	hypothetical protein	NODE_4_length_183592_cov_86.819104:46406-46894	NFMMKAFD_00962

DiscRep_SUB:FEATURE_LOCATION_CONFLICT::Coding region xref gene does not exist
prokka_out/CA140404:CDS	D-3-phosphoglycerate dehydrogenase	NODE_4_length_183592_cov_86.819104:46891-48474	NFMMKAFD_00963

DiscRep_SUB:FEATURE_LOCATION_CONFLICT::Coding region xref gene does not exist
prokka_out/CA140404:CDS	Transcriptional regulatory protein OmpR	NODE_4_length_183592_cov_86.819104:48452-49123	NFMMKAFD_00964

DiscRep_SUB:FEATURE_LOCATION_CONFLICT::Coding region xref gene does not exist
prokka_out/CA140404:CDS	Adaptive-response sensory-kinase SasA	NODE_4_length_183592_cov_86.819104:49117-50406	NFMMKAFD_00965

DiscRep_SUB:FEATURE_LOCATION_CONFLICT::Coding region xref gene does not exist
prokka_out/CA140404:CDS	ABC transporter ATP-binding protein uup	NODE_4_length_183592_cov_86.819104:50410-52341	NFMMKAFD_00966

DiscRep_SUB:FEATURE_LOCATION_CONFLICT::Coding region xref gene does not exist
prokka_out/CA140404:CDS	hypothetical protein	NODE_4_length_183592_cov_86.819104:52723-54975	NFMMKAFD_00969

DiscRep_SUB:FEATURE_LOCATION_CONFLICT::Coding region xref gene does not exist
prokka_out/CA140404:CDS	hypothetical protein	NODE_4_length_183592_cov_86.819104:55085-57925	NFMMKAFD_00970

DiscRep_SUB:FEATURE_LOCATION_CONFLICT::Coding region xref gene does not exist
prokka_out/CA140404:CDS	30S ribosomal protein S15	NODE_4_length_183592_cov_86.819104:c58283-58011	NFMMKAFD_00971

DiscRep_SUB:FEATURE_LOCATION_CONFLICT::Coding region xref gene does not exist
prokka_out/CA140404:CDS	HTH-type transcriptional regulator CymR	NODE_4_length_183592_cov_86.819104:58458-58868	NFMMKAFD_00972

DiscRep_SUB:FEATURE_LOCATION_CONFLICT::Coding region xref gene does not exist
prokka_out/CA140404:CDS	Flagellar biosynthesis protein FlhA	NODE_4_length_183592_cov_86.819104:58855-61029	NFMMKAFD_00973

DiscRep_SUB:FEATURE_LOCATION_CONFLICT::Coding region xref gene does not exist
prokka_out/CA140404:CDS	3',5'-cyclic-nucleotide phosphodiesterase	NODE_4_length_183592_cov_86.819104:61038-62084	NFMMKAFD_00974

DiscRep_SUB:FEATURE_LOCATION_CONFLICT::Coding region xref gene does not exist
prokka_out/CA140404:CDS	hypothetical protein	NODE_4_length_183592_cov_86.819104:62068-62310	NFMMKAFD_00975

DiscRep_SUB:FEATURE_LOCATION_CONFLICT::Coding region xref gene does not exist
prokka_out/CA140404:CDS	hypothetical protein	NODE_4_length_183592_cov_86.819104:62307-62939	NFMMKAFD_00976

DiscRep_SUB:FEATURE_LOCATION_CONFLICT::Coding region xref gene does not exist
prokka_out/CA140404:CDS	hypothetical protein	NODE_4_length_183592_cov_86.819104:c63067-62927	NFMMKAFD_00977

DiscRep_SUB:FEATURE_LOCATION_CONFLICT::Coding region xref gene does not exist
prokka_out/CA140404:CDS	hypothetical protein	NODE_4_length_183592_cov_86.819104:63275-63544	NFMMKAFD_00978

DiscRep_SUB:FEATURE_LOCATION_CONFLICT::Coding region xref gene does not exist
prokka_out/CA140404:CDS	hypothetical protein	NODE_4_length_183592_cov_86.819104:63806-64183	NFMMKAFD_00979

DiscRep_SUB:FEATURE_LOCATION_CONFLICT::Coding region xref gene does not exist
prokka_out/CA140404:CDS	Thiol:disulfide interchange protein DsbL	NODE_4_length_183592_cov_86.819104:c64859-64218	NFMMKAFD_00980

DiscRep_SUB:FEATURE_LOCATION_CONFLICT::Coding region xref gene does not exist
prokka_out/CA140404:CDS	hypothetical protein	NODE_4_length_183592_cov_86.819104:c65113-64943	NFMMKAFD_00981

DiscRep_SUB:FEATURE_LOCATION_CONFLICT::Coding region xref gene does not exist
prokka_out/CA140404:CDS	hypothetical protein	NODE_4_length_183592_cov_86.819104:c65265-65086	NFMMKAFD_00982

DiscRep_SUB:FEATURE_LOCATION_CONFLICT::Coding region xref gene does not exist
prokka_out/CA140404:CDS	Arylsulfate sulfotransferase AssT	NODE_4_length_183592_cov_86.819104:c65573-65208	NFMMKAFD_00983

DiscRep_SUB:FEATURE_LOCATION_CONFLICT::Coding region xref gene does not exist
prokka_out/CA140404:CDS	hypothetical protein	NODE_4_length_183592_cov_86.819104:c66360-66181	NFMMKAFD_00984

DiscRep_SUB:FEATURE_LOCATION_CONFLICT::Coding region xref gene does not exist
prokka_out/CA140404:CDS	Protein-disulfide oxidoreductase DsbI	NODE_4_length_183592_cov_86.819104:c67201-66416	NFMMKAFD_00985

DiscRep_SUB:FEATURE_LOCATION_CONFLICT::Coding region xref gene does not exist
prokka_out/CA140404:CDS	Thiol:disulfide interchange protein DsbL	NODE_4_length_183592_cov_86.819104:c67875-67213	NFMMKAFD_00986

DiscRep_SUB:FEATURE_LOCATION_CONFLICT::Coding region xref gene does not exist
prokka_out/CA140404:CDS	Tyrosine recombinase XerH	NODE_4_length_183592_cov_86.819104:68503-69567	NFMMKAFD_00987

DiscRep_SUB:FEATURE_LOCATION_CONFLICT::Coding region xref gene does not exist
prokka_out/CA140404:CDS	Isochorismate synthase MenF	NODE_4_length_183592_cov_86.819104:69557-71341	NFMMKAFD_00988

DiscRep_SUB:FEATURE_LOCATION_CONFLICT::Coding region xref gene does not exist
prokka_out/CA140404:CDS	Aminodeoxychorismate/anthranilate synthase component 2	NODE_4_length_183592_cov_86.819104:71338-71904	NFMMKAFD_00989

DiscRep_SUB:FEATURE_LOCATION_CONFLICT::Coding region xref gene does not exist
prokka_out/CA140404:CDS	hypothetical protein	NODE_4_length_183592_cov_86.819104:72029-72391	NFMMKAFD_00990

DiscRep_SUB:FEATURE_LOCATION_CONFLICT::Coding region xref gene does not exist
prokka_out/CA140404:CDS	UDP-N-acetylglucosamine 1-carboxyvinyltransferase	NODE_4_length_183592_cov_86.819104:72524-73780	NFMMKAFD_00991

DiscRep_SUB:FEATURE_LOCATION_CONFLICT::Coding region xref gene does not exist
prokka_out/CA140404:CDS	Molybdopterin molybdenumtransferase	NODE_4_length_183592_cov_86.819104:73777-74937	NFMMKAFD_00992

DiscRep_SUB:FEATURE_LOCATION_CONFLICT::Coding region xref gene does not exist
prokka_out/CA140404:CDS	Signal peptidase I	NODE_4_length_183592_cov_86.819104:c75807-74959	NFMMKAFD_00993

DiscRep_SUB:FEATURE_LOCATION_CONFLICT::Coding region xref gene does not exist
prokka_out/CA140404:CDS	Bifunctional protein FolD protein	NODE_4_length_183592_cov_86.819104:c76665-75817	NFMMKAFD_00994

DiscRep_SUB:FEATURE_LOCATION_CONFLICT::Coding region xref gene does not exist
prokka_out/CA140404:CDS	hypothetical protein	NODE_4_length_183592_cov_86.819104:76760-77092	NFMMKAFD_00995

DiscRep_SUB:FEATURE_LOCATION_CONFLICT::Coding region xref gene does not exist
prokka_out/CA140404:CDS	Glutamate-1-semialdehyde 2,1-aminomutase	NODE_4_length_183592_cov_86.819104:77089-78363	NFMMKAFD_00996

DiscRep_SUB:FEATURE_LOCATION_CONFLICT::Coding region xref gene does not exist
prokka_out/CA140404:CDS	hypothetical protein	NODE_4_length_183592_cov_86.819104:78360-78689	NFMMKAFD_00997

DiscRep_SUB:FEATURE_LOCATION_CONFLICT::Coding region xref gene does not exist
prokka_out/CA140404:CDS	hypothetical protein	NODE_4_length_183592_cov_86.819104:78689-79192	NFMMKAFD_00998

DiscRep_SUB:FEATURE_LOCATION_CONFLICT::Coding region xref gene does not exist
prokka_out/CA140404:CDS	putative MFS-type transporter YcaD	NODE_4_length_183592_cov_86.819104:79197-80357	NFMMKAFD_00999

DiscRep_SUB:FEATURE_LOCATION_CONFLICT::Coding region xref gene does not exist
prokka_out/CA140404:CDS	hypothetical protein	NODE_4_length_183592_cov_86.819104:80350-82446	NFMMKAFD_01000

DiscRep_SUB:FEATURE_LOCATION_CONFLICT::Coding region xref gene does not exist
prokka_out/CA140404:CDS	hypothetical protein	NODE_4_length_183592_cov_86.819104:82443-82724	NFMMKAFD_01001

DiscRep_SUB:FEATURE_LOCATION_CONFLICT::Coding region xref gene does not exist
prokka_out/CA140404:CDS	Phosphatidylserine decarboxylase proenzyme	NODE_4_length_183592_cov_86.819104:c83521-82721	NFMMKAFD_01002

DiscRep_SUB:FEATURE_LOCATION_CONFLICT::Coding region xref gene does not exist
prokka_out/CA140404:CDS	3',5'-cyclic adenosine monophosphate phosphodiesterase CpdA	NODE_4_length_183592_cov_86.819104:c84642-83518	NFMMKAFD_01003

DiscRep_SUB:FEATURE_LOCATION_CONFLICT::Coding region xref gene does not exist
prokka_out/CA140404:CDS	Glutamate--tRNA ligase	NODE_4_length_183592_cov_86.819104:84728-86023	NFMMKAFD_01004

DiscRep_SUB:FEATURE_LOCATION_CONFLICT::Coding region xref gene does not exist
prokka_out/CA140404:CDS	hypothetical protein	NODE_4_length_183592_cov_86.819104:86026-86307	NFMMKAFD_01005

DiscRep_SUB:FEATURE_LOCATION_CONFLICT::Coding region xref gene does not exist
prokka_out/CA140404:CDS	hypothetical protein	NODE_4_length_183592_cov_86.819104:86304-87929	NFMMKAFD_01006

DiscRep_SUB:FEATURE_LOCATION_CONFLICT::Coding region xref gene does not exist
prokka_out/CA140404:CDS	hypothetical protein	NODE_4_length_183592_cov_86.819104:c88311-87826	NFMMKAFD_01007

DiscRep_SUB:FEATURE_LOCATION_CONFLICT::Coding region xref gene does not exist
prokka_out/CA140404:CDS	Molybdopterin-guanine dinucleotide biosynthesis adapter protein	NODE_4_length_183592_cov_86.819104:88407-88898	NFMMKAFD_01008

DiscRep_SUB:FEATURE_LOCATION_CONFLICT::Coding region xref gene does not exist
prokka_out/CA140404:CDS	Fructose-1,6-bisphosphatase class 1	NODE_4_length_183592_cov_86.819104:88900-89742	NFMMKAFD_01009

DiscRep_SUB:FEATURE_LOCATION_CONFLICT::Coding region xref gene does not exist
prokka_out/CA140404:CDS	hypothetical protein	NODE_4_length_183592_cov_86.819104:89735-89932	NFMMKAFD_01010

DiscRep_SUB:FEATURE_LOCATION_CONFLICT::Coding region xref gene does not exist
prokka_out/CA140404:CDS	Methionine--tRNA ligase	NODE_4_length_183592_cov_86.819104:89942-91828	NFMMKAFD_01011

DiscRep_SUB:FEATURE_LOCATION_CONFLICT::Coding region xref gene does not exist
prokka_out/CA140404:CDS	hypothetical protein	NODE_4_length_183592_cov_86.819104:91832-92773	NFMMKAFD_01012

DiscRep_SUB:FEATURE_LOCATION_CONFLICT::Coding region xref gene does not exist
prokka_out/CA140404:CDS	Methylated-DNA--protein-cysteine methyltransferase, constitutive	NODE_4_length_183592_cov_86.819104:c93217-92765	NFMMKAFD_01013

DiscRep_SUB:FEATURE_LOCATION_CONFLICT::Coding region xref gene does not exist
prokka_out/CA140404:CDS	Aconitate hydratase B	NODE_4_length_183592_cov_86.819104:93272-95818	NFMMKAFD_01014

DiscRep_SUB:FEATURE_LOCATION_CONFLICT::Coding region xref gene does not exist
prokka_out/CA140404:CDS	hypothetical protein	NODE_4_length_183592_cov_86.819104:95868-97106	NFMMKAFD_01015

DiscRep_SUB:FEATURE_LOCATION_CONFLICT::Coding region xref gene does not exist
prokka_out/CA140404:CDS	NADP-dependent 3-hydroxy acid dehydrogenase YdfG	NODE_4_length_183592_cov_86.819104:97103-97852	NFMMKAFD_01016

DiscRep_SUB:FEATURE_LOCATION_CONFLICT::Coding region xref gene does not exist
prokka_out/CA140404:CDS	hypothetical protein	NODE_4_length_183592_cov_86.819104:97849-99582	NFMMKAFD_01017

DiscRep_SUB:FEATURE_LOCATION_CONFLICT::Coding region xref gene does not exist
prokka_out/CA140404:CDS	tRNA/tmRNA (uracil-C(5))-methyltransferase	NODE_4_length_183592_cov_86.819104:99579-100652	NFMMKAFD_01018

DiscRep_SUB:FEATURE_LOCATION_CONFLICT::Coding region xref gene does not exist
prokka_out/CA140404:CDS	hypothetical protein	NODE_4_length_183592_cov_86.819104:c101055-100639	NFMMKAFD_01019

DiscRep_SUB:FEATURE_LOCATION_CONFLICT::Coding region xref gene does not exist
prokka_out/CA140404:CDS	putative protein YccU	NODE_4_length_183592_cov_86.819104:101174-101587	NFMMKAFD_01020

DiscRep_SUB:FEATURE_LOCATION_CONFLICT::Coding region xref gene does not exist
prokka_out/CA140404:CDS	L-threonine ammonia-lyase	NODE_4_length_183592_cov_86.819104:101587-102798	NFMMKAFD_01021

DiscRep_SUB:FEATURE_LOCATION_CONFLICT::Coding region xref gene does not exist
prokka_out/CA140404:CDS	tRNA pseudouridine synthase A	NODE_4_length_183592_cov_86.819104:c103517-102795	NFMMKAFD_01022

DiscRep_SUB:FEATURE_LOCATION_CONFLICT::Coding region xref gene does not exist
prokka_out/CA140404:CDS	hypothetical protein	NODE_4_length_183592_cov_86.819104:c104542-103517	NFMMKAFD_01023

DiscRep_SUB:FEATURE_LOCATION_CONFLICT::Coding region xref gene does not exist
prokka_out/CA140404:CDS	hypothetical protein	NODE_4_length_183592_cov_86.819104:c105318-104542	NFMMKAFD_01024

DiscRep_SUB:FEATURE_LOCATION_CONFLICT::Coding region xref gene does not exist
prokka_out/CA140404:CDS	Isoprenyl transferase	NODE_4_length_183592_cov_86.819104:c105983-105315	NFMMKAFD_01025

DiscRep_SUB:FEATURE_LOCATION_CONFLICT::Coding region xref gene does not exist
prokka_out/CA140404:CDS	hypothetical protein	NODE_4_length_183592_cov_86.819104:c106604-105987	NFMMKAFD_01026

DiscRep_SUB:FEATURE_LOCATION_CONFLICT::Coding region xref gene does not exist
prokka_out/CA140404:CDS	Coenzyme A biosynthesis bifunctional protein CoaBC	NODE_4_length_183592_cov_86.819104:c107755-106601	NFMMKAFD_01027

DiscRep_SUB:FEATURE_LOCATION_CONFLICT::Coding region xref gene does not exist
prokka_out/CA140404:CDS	Bifunctional protein GlmU	NODE_4_length_183592_cov_86.819104:c109041-107752	NFMMKAFD_01028

DiscRep_SUB:FEATURE_LOCATION_CONFLICT::Coding region xref gene does not exist
prokka_out/CA140404:CDS	Flagellar biosynthetic protein FliP	NODE_4_length_183592_cov_86.819104:109184-109918	NFMMKAFD_01029

DiscRep_SUB:FEATURE_LOCATION_CONFLICT::Coding region xref gene does not exist
prokka_out/CA140404:CDS	hypothetical protein	NODE_4_length_183592_cov_86.819104:c110392-110165	NFMMKAFD_01030

DiscRep_SUB:FEATURE_LOCATION_CONFLICT::Coding region xref gene does not exist
prokka_out/CA140404:CDS	L-cystine-binding protein FliY	NODE_4_length_183592_cov_86.819104:c111255-110485	NFMMKAFD_01031

DiscRep_SUB:FEATURE_LOCATION_CONFLICT::Coding region xref gene does not exist
prokka_out/CA140404:CDS	hypothetical protein	NODE_4_length_183592_cov_86.819104:c112672-111350	NFMMKAFD_01032

DiscRep_SUB:FEATURE_LOCATION_CONFLICT::Coding region xref gene does not exist
prokka_out/CA140404:CDS	3-deoxy-manno-octulosonate cytidylyltransferase	NODE_4_length_183592_cov_86.819104:c113478-112759	NFMMKAFD_01033

DiscRep_SUB:FEATURE_LOCATION_CONFLICT::Coding region xref gene does not exist
prokka_out/CA140404:CDS	Threonine synthase	NODE_4_length_183592_cov_86.819104:c114887-113475	NFMMKAFD_01034

DiscRep_SUB:FEATURE_LOCATION_CONFLICT::Coding region xref gene does not exist
prokka_out/CA140404:CDS	Tetraacyldisaccharide 4'-kinase	NODE_4_length_183592_cov_86.819104:c115810-114884	NFMMKAFD_01035

DiscRep_SUB:FEATURE_LOCATION_CONFLICT::Coding region xref gene does not exist
prokka_out/CA140404:CDS	NH(3)-dependent NAD(+) synthetase	NODE_4_length_183592_cov_86.819104:c116554-115814	NFMMKAFD_01036

DiscRep_SUB:FEATURE_LOCATION_CONFLICT::Coding region xref gene does not exist
prokka_out/CA140404:CDS	hypothetical protein	NODE_4_length_183592_cov_86.819104:116628-117224	NFMMKAFD_01037

DiscRep_SUB:FEATURE_LOCATION_CONFLICT::Coding region xref gene does not exist
prokka_out/CA140404:CDS	hypothetical protein	NODE_4_length_183592_cov_86.819104:117236-117541	NFMMKAFD_01038

DiscRep_SUB:FEATURE_LOCATION_CONFLICT::Coding region xref gene does not exist
prokka_out/CA140404:CDS	Enoyl-[acyl-carrier-protein] reductase [NADPH] FabL	NODE_4_length_183592_cov_86.819104:c118361-117582	NFMMKAFD_01039

DiscRep_SUB:FEATURE_LOCATION_CONFLICT::Coding region xref gene does not exist
prokka_out/CA140404:CDS	4-hydroxy-tetrahydrodipicolinate synthase	NODE_4_length_183592_cov_86.819104:c119257-118361	NFMMKAFD_01040

DiscRep_SUB:FEATURE_LOCATION_CONFLICT::Coding region xref gene does not exist
prokka_out/CA140404:CDS	putative zinc protease	NODE_4_length_183592_cov_86.819104:c120500-119250	NFMMKAFD_01041

DiscRep_SUB:FEATURE_LOCATION_CONFLICT::Coding region xref gene does not exist
prokka_out/CA140404:CDS	Dihydroorotate dehydrogenase (quinone)	NODE_4_length_183592_cov_86.819104:c121555-120497	NFMMKAFD_01042

DiscRep_SUB:FEATURE_LOCATION_CONFLICT::Coding region xref gene does not exist
prokka_out/CA140404:CDS	Lipid A export ATP-binding/permease protein MsbA	NODE_4_length_183592_cov_86.819104:c123329-121587	NFMMKAFD_01043

DiscRep_SUB:FEATURE_LOCATION_CONFLICT::Coding region xref gene does not exist
prokka_out/CA140404:CDS	Cysteine--tRNA ligase	NODE_4_length_183592_cov_86.819104:c124710-123322	NFMMKAFD_01044

DiscRep_SUB:FEATURE_LOCATION_CONFLICT::Coding region xref gene does not exist
prokka_out/CA140404:CDS	putative lipid II flippase MurJ	NODE_4_length_183592_cov_86.819104:c126161-124710	NFMMKAFD_01045

DiscRep_SUB:FEATURE_LOCATION_CONFLICT::Coding region xref gene does not exist
prokka_out/CA140404:CDS	hypothetical protein	NODE_4_length_183592_cov_86.819104:126265-128124	NFMMKAFD_01046

DiscRep_SUB:FEATURE_LOCATION_CONFLICT::Coding region xref gene does not exist
prokka_out/CA140404:CDS	Holliday junction ATP-dependent DNA helicase RuvA	NODE_4_length_183592_cov_86.819104:128100-128651	NFMMKAFD_01047

DiscRep_SUB:FEATURE_LOCATION_CONFLICT::Coding region xref gene does not exist
prokka_out/CA140404:CDS	D-alanine--D-alanine ligase	NODE_4_length_183592_cov_86.819104:128661-129701	NFMMKAFD_01048

DiscRep_SUB:FEATURE_LOCATION_CONFLICT::Coding region xref gene does not exist
prokka_out/CA140404:CDS	hypothetical protein	NODE_4_length_183592_cov_86.819104:129761-129976	NFMMKAFD_01049

DiscRep_SUB:FEATURE_LOCATION_CONFLICT::Coding region xref gene does not exist
prokka_out/CA140404:CDS	hypothetical protein	NODE_4_length_183592_cov_86.819104:129978-130697	NFMMKAFD_01050

DiscRep_SUB:FEATURE_LOCATION_CONFLICT::Coding region xref gene does not exist
prokka_out/CA140404:CDS	UDP-N-acetylmuramoyl-tripeptide--D-alanyl-D-alanine ligase	NODE_4_length_183592_cov_86.819104:130698-132125	NFMMKAFD_01051

DiscRep_SUB:FEATURE_LOCATION_CONFLICT::Coding region xref gene does not exist
prokka_out/CA140404:CDS	hypothetical protein	NODE_4_length_183592_cov_86.819104:c133517-132183	NFMMKAFD_01052

DiscRep_SUB:FEATURE_LOCATION_CONFLICT::Coding region xref gene does not exist
prokka_out/CA140404:CDS	Adaptive-response sensory-kinase SasA	NODE_4_length_183592_cov_86.819104:c134635-133616	NFMMKAFD_01053

DiscRep_SUB:FEATURE_LOCATION_CONFLICT::Coding region xref gene does not exist
prokka_out/CA140404:CDS	hypothetical protein	NODE_4_length_183592_cov_86.819104:c135517-134639	NFMMKAFD_01054

DiscRep_SUB:FEATURE_LOCATION_CONFLICT::Coding region xref gene does not exist
prokka_out/CA140404:CDS	Cysteine desulfurase	NODE_4_length_183592_cov_86.819104:135559-136827	NFMMKAFD_01055

DiscRep_SUB:FEATURE_LOCATION_CONFLICT::Coding region xref gene does not exist
prokka_out/CA140404:CDS	Formyltetrahydrofolate deformylase	NODE_4_length_183592_cov_86.819104:c137648-136824	NFMMKAFD_01056

DiscRep_SUB:FEATURE_LOCATION_CONFLICT::Coding region xref gene does not exist
prokka_out/CA140404:CDS	CCA-adding enzyme	NODE_4_length_183592_cov_86.819104:c138763-137645	NFMMKAFD_01057

DiscRep_SUB:FEATURE_LOCATION_CONFLICT::Coding region xref gene does not exist
prokka_out/CA140404:CDS	hypothetical protein	NODE_4_length_183592_cov_86.819104:c139223-138732	NFMMKAFD_01058

DiscRep_SUB:FEATURE_LOCATION_CONFLICT::Coding region xref gene does not exist
prokka_out/CA140404:CDS	hypothetical protein	NODE_4_length_183592_cov_86.819104:c139465-139220	NFMMKAFD_01059

DiscRep_SUB:FEATURE_LOCATION_CONFLICT::Coding region xref gene does not exist
prokka_out/CA140404:CDS	hypothetical protein	NODE_4_length_183592_cov_86.819104:c139720-139547	NFMMKAFD_01060

DiscRep_SUB:FEATURE_LOCATION_CONFLICT::Coding region xref gene does not exist
prokka_out/CA140404:CDS	Chaperone NapD	NODE_4_length_183592_cov_86.819104:c140071-139733	NFMMKAFD_01061

DiscRep_SUB:FEATURE_LOCATION_CONFLICT::Coding region xref gene does not exist
prokka_out/CA140404:CDS	hypothetical protein	NODE_4_length_183592_cov_86.819104:c140978-140064	NFMMKAFD_01062

DiscRep_SUB:FEATURE_LOCATION_CONFLICT::Coding region xref gene does not exist
prokka_out/CA140404:CDS	Periplasmic nitrate reductase, electron transfer subunit	NODE_4_length_183592_cov_86.819104:c141504-140983	NFMMKAFD_01063

DiscRep_SUB:FEATURE_LOCATION_CONFLICT::Coding region xref gene does not exist
prokka_out/CA140404:CDS	Ferredoxin-type protein NapH	NODE_4_length_183592_cov_86.819104:c142283-141504	NFMMKAFD_01064

DiscRep_SUB:FEATURE_LOCATION_CONFLICT::Coding region xref gene does not exist
prokka_out/CA140404:CDS	Ferredoxin-type protein NapG	NODE_4_length_183592_cov_86.819104:c143023-142283	NFMMKAFD_01065

DiscRep_SUB:FEATURE_LOCATION_CONFLICT::Coding region xref gene does not exist
prokka_out/CA140404:CDS	Periplasmic nitrate reductase	NODE_4_length_183592_cov_86.819104:c145812-143041	NFMMKAFD_01066

DiscRep_SUB:FEATURE_LOCATION_CONFLICT::Coding region xref gene does not exist
prokka_out/CA140404:CDS	Thiol peroxidase	NODE_4_length_183592_cov_86.819104:c146609-146082	NFMMKAFD_01067

DiscRep_SUB:FEATURE_LOCATION_CONFLICT::Coding region xref gene does not exist
prokka_out/CA140404:CDS	hypothetical protein	NODE_4_length_183592_cov_86.819104:c147448-146708	NFMMKAFD_01068

DiscRep_SUB:FEATURE_LOCATION_CONFLICT::Coding region xref gene does not exist
prokka_out/CA140404:CDS	DNA helicase II	NODE_4_length_183592_cov_86.819104:c149519-147489	NFMMKAFD_01069

DiscRep_SUB:FEATURE_LOCATION_CONFLICT::Coding region xref gene does not exist
prokka_out/CA140404:CDS	hypothetical protein	NODE_4_length_183592_cov_86.819104:149648-150667	NFMMKAFD_01070

DiscRep_SUB:FEATURE_LOCATION_CONFLICT::Coding region xref gene does not exist
prokka_out/CA140404:CDS	Valine--tRNA ligase	NODE_4_length_183592_cov_86.819104:150690-153302	NFMMKAFD_01071

DiscRep_SUB:FEATURE_LOCATION_CONFLICT::Coding region xref gene does not exist
prokka_out/CA140404:CDS	Methionine import ATP-binding protein MetN	NODE_4_length_183592_cov_86.819104:153307-154317	NFMMKAFD_01072

DiscRep_SUB:FEATURE_LOCATION_CONFLICT::Coding region xref gene does not exist
prokka_out/CA140404:CDS	hypothetical protein	NODE_4_length_183592_cov_86.819104:154314-155225	NFMMKAFD_01073

DiscRep_SUB:FEATURE_LOCATION_CONFLICT::Coding region xref gene does not exist
prokka_out/CA140404:CDS	D-methionine-binding lipoprotein MetQ	NODE_4_length_183592_cov_86.819104:155417-156190	NFMMKAFD_01074

DiscRep_SUB:FEATURE_LOCATION_CONFLICT::Coding region xref gene does not exist
prokka_out/CA140404:CDS	Lipoprotein 28	NODE_4_length_183592_cov_86.819104:156239-157009	NFMMKAFD_01075

DiscRep_SUB:FEATURE_LOCATION_CONFLICT::Coding region xref gene does not exist
prokka_out/CA140404:CDS	Methionine-binding lipoprotein MetQ	NODE_4_length_183592_cov_86.819104:157019-157795	NFMMKAFD_01076

DiscRep_SUB:FEATURE_LOCATION_CONFLICT::Coding region xref gene does not exist
prokka_out/CA140404:CDS	hypothetical protein	NODE_4_length_183592_cov_86.819104:157879-158541	NFMMKAFD_01077

DiscRep_SUB:FEATURE_LOCATION_CONFLICT::Coding region xref gene does not exist
prokka_out/CA140404:CDS	putative UbiX-like flavin prenyltransferase	NODE_4_length_183592_cov_86.819104:158538-159101	NFMMKAFD_01078

DiscRep_SUB:FEATURE_LOCATION_CONFLICT::Coding region xref gene does not exist
prokka_out/CA140404:CDS	Phosphopantetheine adenylyltransferase	NODE_4_length_183592_cov_86.819104:159141-159617	NFMMKAFD_01079

DiscRep_SUB:FEATURE_LOCATION_CONFLICT::Coding region xref gene does not exist
prokka_out/CA140404:CDS	Thymidylate kinase	NODE_4_length_183592_cov_86.819104:159608-160186	NFMMKAFD_01080

DiscRep_SUB:FEATURE_LOCATION_CONFLICT::Coding region xref gene does not exist
prokka_out/CA140404:CDS	Histidine--tRNA ligase	NODE_4_length_183592_cov_86.819104:160183-161409	NFMMKAFD_01081

DiscRep_SUB:FEATURE_LOCATION_CONFLICT::Coding region xref gene does not exist
prokka_out/CA140404:CDS	Biosynthetic arginine decarboxylase	NODE_4_length_183592_cov_86.819104:161409-163241	NFMMKAFD_01082

DiscRep_SUB:FEATURE_LOCATION_CONFLICT::Coding region xref gene does not exist
prokka_out/CA140404:CDS	Serine acetyltransferase	NODE_4_length_183592_cov_86.819104:163242-163880	NFMMKAFD_01083

DiscRep_SUB:FEATURE_LOCATION_CONFLICT::Coding region xref gene does not exist
prokka_out/CA140404:CDS	Aspartate aminotransferase	NODE_4_length_183592_cov_86.819104:164053-165219	NFMMKAFD_01084

DiscRep_SUB:FEATURE_LOCATION_CONFLICT::Coding region xref gene does not exist
prokka_out/CA140404:CDS	hypothetical protein	NODE_4_length_183592_cov_86.819104:c165583-165242	NFMMKAFD_01085

DiscRep_SUB:FEATURE_LOCATION_CONFLICT::Coding region xref gene does not exist
prokka_out/CA140404:CDS	hypothetical protein	NODE_4_length_183592_cov_86.819104:c166678-165653	NFMMKAFD_01086

DiscRep_SUB:FEATURE_LOCATION_CONFLICT::Coding region xref gene does not exist
prokka_out/CA140404:CDS	hypothetical protein	NODE_4_length_183592_cov_86.819104:c169626-166711	NFMMKAFD_01087

DiscRep_SUB:FEATURE_LOCATION_CONFLICT::Coding region xref gene does not exist
prokka_out/CA140404:CDS	hypothetical protein	NODE_4_length_183592_cov_86.819104:c171493-169619	NFMMKAFD_01088

DiscRep_SUB:FEATURE_LOCATION_CONFLICT::Coding region xref gene does not exist
prokka_out/CA140404:CDS	hypothetical protein	NODE_4_length_183592_cov_86.819104:c172805-171507	NFMMKAFD_01089

DiscRep_SUB:FEATURE_LOCATION_CONFLICT::Coding region xref gene does not exist
prokka_out/CA140404:CDS	hypothetical protein	NODE_4_length_183592_cov_86.819104:c174712-172802	NFMMKAFD_01090

DiscRep_SUB:FEATURE_LOCATION_CONFLICT::Coding region xref gene does not exist
prokka_out/CA140404:CDS	Chaperone protein DnaK	NODE_4_length_183592_cov_86.819104:c176714-174843	NFMMKAFD_01091

DiscRep_SUB:FEATURE_LOCATION_CONFLICT::Coding region xref gene does not exist
prokka_out/CA140404:CDS	Protein GrpE	NODE_4_length_183592_cov_86.819104:c177266-176736	NFMMKAFD_01092

DiscRep_SUB:FEATURE_LOCATION_CONFLICT::Coding region xref gene does not exist
prokka_out/CA140404:CDS	Heat-inducible transcription repressor HrcA	NODE_4_length_183592_cov_86.819104:c178054-177263	NFMMKAFD_01093

DiscRep_SUB:FEATURE_LOCATION_CONFLICT::Coding region xref gene does not exist
prokka_out/CA140404:CDS	Colicin I receptor	NODE_4_length_183592_cov_86.819104:c180449-178359	NFMMKAFD_01094

DiscRep_SUB:FEATURE_LOCATION_CONFLICT::Coding region xref gene does not exist
prokka_out/CA140404:CDS	hypothetical protein	NODE_4_length_183592_cov_86.819104:180774-181457	NFMMKAFD_01095

DiscRep_SUB:FEATURE_LOCATION_CONFLICT::Coding region xref gene does not exist
prokka_out/CA140404:CDS	IS200/IS605 family transposase ISCco1	NODE_4_length_183592_cov_86.819104:c182103-181549	NFMMKAFD_01096

DiscRep_SUB:FEATURE_LOCATION_CONFLICT::Coding region xref gene does not exist
prokka_out/CA140404:CDS	hypothetical protein	NODE_4_length_183592_cov_86.819104:c182359-182108	NFMMKAFD_01097

DiscRep_SUB:FEATURE_LOCATION_CONFLICT::RNA feature xref gene does not exist
prokka_out/CA140404:tRNA	Asp	NODE_4_length_183592_cov_86.819104:50-126	NFMMKAFD_00910

DiscRep_SUB:FEATURE_LOCATION_CONFLICT::RNA feature xref gene does not exist
prokka_out/CA140404:tRNA	Lys	NODE_4_length_183592_cov_86.819104:131-206	NFMMKAFD_00911

DiscRep_SUB:FEATURE_LOCATION_CONFLICT::RNA feature xref gene does not exist
prokka_out/CA140404:tRNA	Glu	NODE_4_length_183592_cov_86.819104:226-301	NFMMKAFD_00912

DiscRep_SUB:FEATURE_LOCATION_CONFLICT::RNA feature xref gene does not exist
prokka_out/CA140404:tRNA	Val	NODE_4_length_183592_cov_86.819104:308-383	NFMMKAFD_00913

DiscRep_SUB:FEATURE_LOCATION_CONFLICT::RNA feature xref gene does not exist
prokka_out/CA140404:tRNA	Asp	NODE_4_length_183592_cov_86.819104:435-511	NFMMKAFD_00914

DiscRep_SUB:FEATURE_LOCATION_CONFLICT::RNA feature xref gene does not exist
prokka_out/CA140404:tRNA	Leu	NODE_4_length_183592_cov_86.819104:c5716-5631	NFMMKAFD_00918

DiscRep_SUB:FEATURE_LOCATION_CONFLICT::RNA feature xref gene does not exist
prokka_out/CA140404:tRNA	Gly	NODE_4_length_183592_cov_86.819104:c52445-52371	NFMMKAFD_00967

DiscRep_SUB:FEATURE_LOCATION_CONFLICT::RNA feature xref gene does not exist
prokka_out/CA140404:tRNA	Leu	NODE_4_length_183592_cov_86.819104:c52542-52456	NFMMKAFD_00968

DiscRep_SUB:FEATURE_LOCATION_CONFLICT::Coding region xref gene does not exist
prokka_out/CA140404:CDS	hypothetical protein	NODE_5_length_158475_cov_95.623942:c866-129	NFMMKAFD_01098

DiscRep_SUB:FEATURE_LOCATION_CONFLICT::Coding region xref gene does not exist
prokka_out/CA140404:CDS	hypothetical protein	NODE_5_length_158475_cov_95.623942:c2085-859	NFMMKAFD_01099

DiscRep_SUB:FEATURE_LOCATION_CONFLICT::Coding region xref gene does not exist
prokka_out/CA140404:CDS	hypothetical protein	NODE_5_length_158475_cov_95.623942:2212-2796	NFMMKAFD_01100

DiscRep_SUB:FEATURE_LOCATION_CONFLICT::Coding region xref gene does not exist
prokka_out/CA140404:CDS	hypothetical protein	NODE_5_length_158475_cov_95.623942:c3223-2840	NFMMKAFD_01101

DiscRep_SUB:FEATURE_LOCATION_CONFLICT::Coding region xref gene does not exist
prokka_out/CA140404:CDS	hypothetical protein	NODE_5_length_158475_cov_95.623942:c3632-3300	NFMMKAFD_01102

DiscRep_SUB:FEATURE_LOCATION_CONFLICT::Coding region xref gene does not exist
prokka_out/CA140404:CDS	putative ABC transporter ATP-binding protein YbiT	NODE_5_length_158475_cov_95.623942:c5202-3625	NFMMKAFD_01103

DiscRep_SUB:FEATURE_LOCATION_CONFLICT::Coding region xref gene does not exist
prokka_out/CA140404:CDS	hypothetical protein	NODE_5_length_158475_cov_95.623942:c5859-5326	NFMMKAFD_01104

DiscRep_SUB:FEATURE_LOCATION_CONFLICT::Coding region xref gene does not exist
prokka_out/CA140404:CDS	hypothetical protein	NODE_5_length_158475_cov_95.623942:c6119-5859	NFMMKAFD_01105

DiscRep_SUB:FEATURE_LOCATION_CONFLICT::Coding region xref gene does not exist
prokka_out/CA140404:CDS	hypothetical protein	NODE_5_length_158475_cov_95.623942:c6581-6162	NFMMKAFD_01106

DiscRep_SUB:FEATURE_LOCATION_CONFLICT::Coding region xref gene does not exist
prokka_out/CA140404:CDS	hypothetical protein	NODE_5_length_158475_cov_95.623942:6748-6957	NFMMKAFD_01107

DiscRep_SUB:FEATURE_LOCATION_CONFLICT::Coding region xref gene does not exist
prokka_out/CA140404:CDS	hypothetical protein	NODE_5_length_158475_cov_95.623942:7018-7974	NFMMKAFD_01108

DiscRep_SUB:FEATURE_LOCATION_CONFLICT::Coding region xref gene does not exist
prokka_out/CA140404:CDS	Protein YceI	NODE_5_length_158475_cov_95.623942:c8551-7979	NFMMKAFD_01109

DiscRep_SUB:FEATURE_LOCATION_CONFLICT::Coding region xref gene does not exist
prokka_out/CA140404:CDS	hypothetical protein	NODE_5_length_158475_cov_95.623942:c8987-8625	NFMMKAFD_01110

DiscRep_SUB:FEATURE_LOCATION_CONFLICT::Coding region xref gene does not exist
prokka_out/CA140404:CDS	hypothetical protein	NODE_5_length_158475_cov_95.623942:9095-9799	NFMMKAFD_01111

DiscRep_SUB:FEATURE_LOCATION_CONFLICT::Coding region xref gene does not exist
prokka_out/CA140404:CDS	hypothetical protein	NODE_5_length_158475_cov_95.623942:c10600-9905	NFMMKAFD_01112

DiscRep_SUB:FEATURE_LOCATION_CONFLICT::Coding region xref gene does not exist
prokka_out/CA140404:CDS	Gluconate 2-dehydrogenase flavoprotein	NODE_5_length_158475_cov_95.623942:c12527-10806	NFMMKAFD_01113

DiscRep_SUB:FEATURE_LOCATION_CONFLICT::Coding region xref gene does not exist
prokka_out/CA140404:CDS	hypothetical protein	NODE_5_length_158475_cov_95.623942:c13257-12529	NFMMKAFD_01114

DiscRep_SUB:FEATURE_LOCATION_CONFLICT::Coding region xref gene does not exist
prokka_out/CA140404:CDS	Beta-lactamase HcpA	NODE_5_length_158475_cov_95.623942:c14097-13393	NFMMKAFD_01115

DiscRep_SUB:FEATURE_LOCATION_CONFLICT::Coding region xref gene does not exist
prokka_out/CA140404:CDS	hypothetical protein	NODE_5_length_158475_cov_95.623942:c15926-14097	NFMMKAFD_01116

DiscRep_SUB:FEATURE_LOCATION_CONFLICT::Coding region xref gene does not exist
prokka_out/CA140404:CDS	GTPase Der	NODE_5_length_158475_cov_95.623942:c18102-15916	NFMMKAFD_01117

DiscRep_SUB:FEATURE_LOCATION_CONFLICT::Coding region xref gene does not exist
prokka_out/CA140404:CDS	Fumarate reductase iron-sulfur subunit	NODE_5_length_158475_cov_95.623942:c18855-18130	NFMMKAFD_01118

DiscRep_SUB:FEATURE_LOCATION_CONFLICT::Coding region xref gene does not exist
prokka_out/CA140404:CDS	Fumarate reductase flavoprotein subunit	NODE_5_length_158475_cov_95.623942:c20839-18848	NFMMKAFD_01119

DiscRep_SUB:FEATURE_LOCATION_CONFLICT::Coding region xref gene does not exist
prokka_out/CA140404:CDS	Fumarate reductase cytochrome b subunit	NODE_5_length_158475_cov_95.623942:c21605-20823	NFMMKAFD_01120

DiscRep_SUB:FEATURE_LOCATION_CONFLICT::Coding region xref gene does not exist
prokka_out/CA140404:CDS	Phosphatidylglycerol--prolipoprotein diacylglyceryl transferase	NODE_5_length_158475_cov_95.623942:c22490-21675	NFMMKAFD_01121

DiscRep_SUB:FEATURE_LOCATION_CONFLICT::Coding region xref gene does not exist
prokka_out/CA140404:CDS	hypothetical protein	NODE_5_length_158475_cov_95.623942:22580-23479	NFMMKAFD_01122

DiscRep_SUB:FEATURE_LOCATION_CONFLICT::Coding region xref gene does not exist
prokka_out/CA140404:CDS	Shikimate dehydrogenase (NADP(+))	NODE_5_length_158475_cov_95.623942:c24342-23554	NFMMKAFD_01123

DiscRep_SUB:FEATURE_LOCATION_CONFLICT::Coding region xref gene does not exist
prokka_out/CA140404:CDS	Cell division protein DedD	NODE_5_length_158475_cov_95.623942:c25175-24339	NFMMKAFD_01124

DiscRep_SUB:FEATURE_LOCATION_CONFLICT::Coding region xref gene does not exist
prokka_out/CA140404:CDS	hypothetical protein	NODE_5_length_158475_cov_95.623942:c25722-25189	NFMMKAFD_01125

DiscRep_SUB:FEATURE_LOCATION_CONFLICT::Coding region xref gene does not exist
prokka_out/CA140404:CDS	Serine hydroxymethyltransferase	NODE_5_length_158475_cov_95.623942:c26975-25731	NFMMKAFD_01126

DiscRep_SUB:FEATURE_LOCATION_CONFLICT::Coding region xref gene does not exist
prokka_out/CA140404:CDS	Lysine--tRNA ligase	NODE_5_length_158475_cov_95.623942:c28477-26972	NFMMKAFD_01127

DiscRep_SUB:FEATURE_LOCATION_CONFLICT::Coding region xref gene does not exist
prokka_out/CA140404:CDS	Ferric uptake regulation protein	NODE_5_length_158475_cov_95.623942:c28951-28478	NFMMKAFD_01128

DiscRep_SUB:FEATURE_LOCATION_CONFLICT::Coding region xref gene does not exist
prokka_out/CA140404:CDS	hypothetical protein	NODE_5_length_158475_cov_95.623942:c29516-28953	NFMMKAFD_01129

DiscRep_SUB:FEATURE_LOCATION_CONFLICT::Coding region xref gene does not exist
prokka_out/CA140404:CDS	Glutamyl-tRNA(Gln) amidotransferase subunit C, chloroplastic/mitochondrial	NODE_5_length_158475_cov_95.623942:c29868-29584	NFMMKAFD_01130

DiscRep_SUB:FEATURE_LOCATION_CONFLICT::Coding region xref gene does not exist
prokka_out/CA140404:CDS	hypothetical protein	NODE_5_length_158475_cov_95.623942:30012-30590	NFMMKAFD_01131

DiscRep_SUB:FEATURE_LOCATION_CONFLICT::Coding region xref gene does not exist
prokka_out/CA140404:CDS	hypothetical protein	NODE_5_length_158475_cov_95.623942:30587-31585	NFMMKAFD_01132

DiscRep_SUB:FEATURE_LOCATION_CONFLICT::Coding region xref gene does not exist
prokka_out/CA140404:CDS	hypothetical protein	NODE_5_length_158475_cov_95.623942:31582-31872	NFMMKAFD_01133

DiscRep_SUB:FEATURE_LOCATION_CONFLICT::Coding region xref gene does not exist
prokka_out/CA140404:CDS	Type III pantothenate kinase	NODE_5_length_158475_cov_95.623942:31859-32488	NFMMKAFD_01134

DiscRep_SUB:FEATURE_LOCATION_CONFLICT::Coding region xref gene does not exist
prokka_out/CA140404:CDS	Malate:quinone oxidoreductase	NODE_5_length_158475_cov_95.623942:32606-33952	NFMMKAFD_01135

DiscRep_SUB:FEATURE_LOCATION_CONFLICT::Coding region xref gene does not exist
prokka_out/CA140404:CDS	Pyruvate kinase	NODE_5_length_158475_cov_95.623942:34001-35443	NFMMKAFD_01136

DiscRep_SUB:FEATURE_LOCATION_CONFLICT::Coding region xref gene does not exist
prokka_out/CA140404:CDS	hypothetical protein	NODE_5_length_158475_cov_95.623942:35541-36176	NFMMKAFD_01137

DiscRep_SUB:FEATURE_LOCATION_CONFLICT::Coding region xref gene does not exist
prokka_out/CA140404:CDS	hypothetical protein	NODE_5_length_158475_cov_95.623942:c38669-36207	NFMMKAFD_01138

DiscRep_SUB:FEATURE_LOCATION_CONFLICT::Coding region xref gene does not exist
prokka_out/CA140404:CDS	Serine--tRNA ligase	NODE_5_length_158475_cov_95.623942:c39914-38679	NFMMKAFD_01139

DiscRep_SUB:FEATURE_LOCATION_CONFLICT::Coding region xref gene does not exist
prokka_out/CA140404:CDS	Tryptophan--tRNA ligase	NODE_5_length_158475_cov_95.623942:c40884-39925	NFMMKAFD_01140

DiscRep_SUB:FEATURE_LOCATION_CONFLICT::Coding region xref gene does not exist
prokka_out/CA140404:CDS	Shikimate kinase	NODE_5_length_158475_cov_95.623942:c41378-40881	NFMMKAFD_01141

DiscRep_SUB:FEATURE_LOCATION_CONFLICT::Coding region xref gene does not exist
prokka_out/CA140404:CDS	GTPase Der	NODE_5_length_158475_cov_95.623942:c42747-41365	NFMMKAFD_01142

DiscRep_SUB:FEATURE_LOCATION_CONFLICT::Coding region xref gene does not exist
prokka_out/CA140404:CDS	Pseudopaline exporter CntI	NODE_5_length_158475_cov_95.623942:42848-43780	NFMMKAFD_01143

DiscRep_SUB:FEATURE_LOCATION_CONFLICT::Coding region xref gene does not exist
prokka_out/CA140404:CDS	2-dehydro-3-deoxyphosphooctonate aldolase	NODE_5_length_158475_cov_95.623942:43777-44592	NFMMKAFD_01144

DiscRep_SUB:FEATURE_LOCATION_CONFLICT::Coding region xref gene does not exist
prokka_out/CA140404:CDS	6,7-dimethyl-8-ribityllumazine synthase	NODE_5_length_158475_cov_95.623942:44589-45053	NFMMKAFD_01145

DiscRep_SUB:FEATURE_LOCATION_CONFLICT::Coding region xref gene does not exist
prokka_out/CA140404:CDS	Transcription antitermination protein NusB	NODE_5_length_158475_cov_95.623942:45053-45451	NFMMKAFD_01146

DiscRep_SUB:FEATURE_LOCATION_CONFLICT::Coding region xref gene does not exist
prokka_out/CA140404:CDS	Orotidine 5'-phosphate decarboxylase	NODE_5_length_158475_cov_95.623942:45448-46287	NFMMKAFD_01147

DiscRep_SUB:FEATURE_LOCATION_CONFLICT::Coding region xref gene does not exist
prokka_out/CA140404:CDS	hypothetical protein	NODE_5_length_158475_cov_95.623942:46284-47069	NFMMKAFD_01148

DiscRep_SUB:FEATURE_LOCATION_CONFLICT::Coding region xref gene does not exist
prokka_out/CA140404:CDS	Protein-methionine-sulfoxide reductase catalytic subunit MsrP	NODE_5_length_158475_cov_95.623942:47125-48018	NFMMKAFD_01149

DiscRep_SUB:FEATURE_LOCATION_CONFLICT::Coding region xref gene does not exist
prokka_out/CA140404:CDS	Protein-methionine-sulfoxide reductase heme-binding subunit MsrQ	NODE_5_length_158475_cov_95.623942:48018-48557	NFMMKAFD_01150

DiscRep_SUB:FEATURE_LOCATION_CONFLICT::Coding region xref gene does not exist
prokka_out/CA140404:CDS	ATP-dependent zinc metalloprotease FtsH	NODE_5_length_158475_cov_95.623942:c50266-48554	NFMMKAFD_01151

DiscRep_SUB:FEATURE_LOCATION_CONFLICT::Coding region xref gene does not exist
prokka_out/CA140404:CDS	hypothetical protein	NODE_5_length_158475_cov_95.623942:c51090-50266	NFMMKAFD_01152

DiscRep_SUB:FEATURE_LOCATION_CONFLICT::Coding region xref gene does not exist
prokka_out/CA140404:CDS	hypothetical protein	NODE_5_length_158475_cov_95.623942:c51493-51101	NFMMKAFD_01153

DiscRep_SUB:FEATURE_LOCATION_CONFLICT::Coding region xref gene does not exist
prokka_out/CA140404:CDS	hypothetical protein	NODE_5_length_158475_cov_95.623942:c52077-51586	NFMMKAFD_01154

DiscRep_SUB:FEATURE_LOCATION_CONFLICT::Coding region xref gene does not exist
prokka_out/CA140404:CDS	Hydroxypyruvate reductase	NODE_5_length_158475_cov_95.623942:c53002-52067	NFMMKAFD_01155

DiscRep_SUB:FEATURE_LOCATION_CONFLICT::Coding region xref gene does not exist
prokka_out/CA140404:CDS	Putative acid--amine ligase YgiC	NODE_5_length_158475_cov_95.623942:c54175-53006	NFMMKAFD_01156

DiscRep_SUB:FEATURE_LOCATION_CONFLICT::Coding region xref gene does not exist
prokka_out/CA140404:CDS	hypothetical protein	NODE_5_length_158475_cov_95.623942:c54790-54185	NFMMKAFD_01157

DiscRep_SUB:FEATURE_LOCATION_CONFLICT::Coding region xref gene does not exist
prokka_out/CA140404:CDS	hypothetical protein	NODE_5_length_158475_cov_95.623942:c55107-54910	NFMMKAFD_01158

DiscRep_SUB:FEATURE_LOCATION_CONFLICT::Coding region xref gene does not exist
prokka_out/CA140404:CDS	hypothetical protein	NODE_5_length_158475_cov_95.623942:55282-56658	NFMMKAFD_01159

DiscRep_SUB:FEATURE_LOCATION_CONFLICT::Coding region xref gene does not exist
prokka_out/CA140404:CDS	hypothetical protein	NODE_5_length_158475_cov_95.623942:56645-57277	NFMMKAFD_01160

DiscRep_SUB:FEATURE_LOCATION_CONFLICT::Coding region xref gene does not exist
prokka_out/CA140404:CDS	Multidrug export protein AcrE	NODE_5_length_158475_cov_95.623942:57371-58474	NFMMKAFD_01161

DiscRep_SUB:FEATURE_LOCATION_CONFLICT::Coding region xref gene does not exist
prokka_out/CA140404:CDS	Efflux pump membrane transporter BepE	NODE_5_length_158475_cov_95.623942:58474-61593	NFMMKAFD_01162

DiscRep_SUB:FEATURE_LOCATION_CONFLICT::Coding region xref gene does not exist
prokka_out/CA140404:CDS	putative efflux pump outer membrane protein TtgC	NODE_5_length_158475_cov_95.623942:61586-63043	NFMMKAFD_01163

DiscRep_SUB:FEATURE_LOCATION_CONFLICT::Coding region xref gene does not exist
prokka_out/CA140404:CDS	hypothetical protein	NODE_5_length_158475_cov_95.623942:c63337-63086	NFMMKAFD_01164

DiscRep_SUB:FEATURE_LOCATION_CONFLICT::Coding region xref gene does not exist
prokka_out/CA140404:CDS	hypothetical protein	NODE_5_length_158475_cov_95.623942:63464-64810	NFMMKAFD_01165

DiscRep_SUB:FEATURE_LOCATION_CONFLICT::Coding region xref gene does not exist
prokka_out/CA140404:CDS	hypothetical protein	NODE_5_length_158475_cov_95.623942:c65259-64807	NFMMKAFD_01166

DiscRep_SUB:FEATURE_LOCATION_CONFLICT::Coding region xref gene does not exist
prokka_out/CA140404:CDS	Lipoprotein signal peptidase	NODE_5_length_158475_cov_95.623942:c65713-65243	NFMMKAFD_01167

DiscRep_SUB:FEATURE_LOCATION_CONFLICT::Coding region xref gene does not exist
prokka_out/CA140404:CDS	Phosphoglucosamine mutase	NODE_5_length_158475_cov_95.623942:c67043-65706	NFMMKAFD_01168

DiscRep_SUB:FEATURE_LOCATION_CONFLICT::Coding region xref gene does not exist
prokka_out/CA140404:CDS	Cytochrome c551 peroxidase	NODE_5_length_158475_cov_95.623942:c68162-67137	NFMMKAFD_01169

DiscRep_SUB:FEATURE_LOCATION_CONFLICT::Coding region xref gene does not exist
prokka_out/CA140404:CDS	Glycerol-3-phosphate acyltransferase	NODE_5_length_158475_cov_95.623942:68363-68971	NFMMKAFD_01170

DiscRep_SUB:FEATURE_LOCATION_CONFLICT::Coding region xref gene does not exist
prokka_out/CA140404:CDS	hypothetical protein	NODE_5_length_158475_cov_95.623942:68956-69273	NFMMKAFD_01171

DiscRep_SUB:FEATURE_LOCATION_CONFLICT::Coding region xref gene does not exist
prokka_out/CA140404:CDS	Transcriptional regulatory protein CusR	NODE_5_length_158475_cov_95.623942:69352-70023	NFMMKAFD_01172

DiscRep_SUB:FEATURE_LOCATION_CONFLICT::Coding region xref gene does not exist
prokka_out/CA140404:CDS	Ferredoxin	NODE_5_length_158475_cov_95.623942:70136-70381	NFMMKAFD_01173

DiscRep_SUB:FEATURE_LOCATION_CONFLICT::Coding region xref gene does not exist
prokka_out/CA140404:CDS	Guanosine-5'-triphosphate,3'-diphosphate pyrophosphatase	NODE_5_length_158475_cov_95.623942:70381-71841	NFMMKAFD_01174

DiscRep_SUB:FEATURE_LOCATION_CONFLICT::Coding region xref gene does not exist
prokka_out/CA140404:CDS	hypothetical protein	NODE_5_length_158475_cov_95.623942:c72635-71838	NFMMKAFD_01175

DiscRep_SUB:FEATURE_LOCATION_CONFLICT::Coding region xref gene does not exist
prokka_out/CA140404:CDS	Flagellar motor switch protein FliN	NODE_5_length_158475_cov_95.623942:c72944-72636	NFMMKAFD_01176

DiscRep_SUB:FEATURE_LOCATION_CONFLICT::Coding region xref gene does not exist
prokka_out/CA140404:CDS	hypothetical protein	NODE_5_length_158475_cov_95.623942:c73366-72944	NFMMKAFD_01177

DiscRep_SUB:FEATURE_LOCATION_CONFLICT::Coding region xref gene does not exist
prokka_out/CA140404:CDS	Tryptophan synthase alpha chain	NODE_5_length_158475_cov_95.623942:c74186-73437	NFMMKAFD_01178

DiscRep_SUB:FEATURE_LOCATION_CONFLICT::Coding region xref gene does not exist
prokka_out/CA140404:CDS	Tryptophan synthase beta chain	NODE_5_length_158475_cov_95.623942:c75357-74179	NFMMKAFD_01179

DiscRep_SUB:FEATURE_LOCATION_CONFLICT::Coding region xref gene does not exist
prokka_out/CA140404:CDS	Tryptophan biosynthesis protein TrpCF	NODE_5_length_158475_cov_95.623942:c75953-75354	NFMMKAFD_01180

DiscRep_SUB:FEATURE_LOCATION_CONFLICT::Coding region xref gene does not exist
prokka_out/CA140404:CDS	Bifunctional protein TrpGD	NODE_5_length_158475_cov_95.623942:c77541-75940	NFMMKAFD_01181

DiscRep_SUB:FEATURE_LOCATION_CONFLICT::Coding region xref gene does not exist
prokka_out/CA140404:CDS	Anthranilate synthase component 1	NODE_5_length_158475_cov_95.623942:c78788-77538	NFMMKAFD_01182

DiscRep_SUB:FEATURE_LOCATION_CONFLICT::Coding region xref gene does not exist
prokka_out/CA140404:CDS	hypothetical protein	NODE_5_length_158475_cov_95.623942:79204-79989	NFMMKAFD_01183

DiscRep_SUB:FEATURE_LOCATION_CONFLICT::Coding region xref gene does not exist
prokka_out/CA140404:CDS	UvrABC system protein A	NODE_5_length_158475_cov_95.623942:80062-82887	NFMMKAFD_01184

DiscRep_SUB:FEATURE_LOCATION_CONFLICT::Coding region xref gene does not exist
prokka_out/CA140404:CDS	Inner membrane protein YqaA	NODE_5_length_158475_cov_95.623942:82892-83335	NFMMKAFD_01185

DiscRep_SUB:FEATURE_LOCATION_CONFLICT::Coding region xref gene does not exist
prokka_out/CA140404:CDS	Pyrimidine-specific ribonucleoside hydrolase RihA	NODE_5_length_158475_cov_95.623942:c84298-83291	NFMMKAFD_01186

DiscRep_SUB:FEATURE_LOCATION_CONFLICT::Coding region xref gene does not exist
prokka_out/CA140404:CDS	Putative transporter YdfJ	NODE_5_length_158475_cov_95.623942:c84810-84484	NFMMKAFD_01187

DiscRep_SUB:FEATURE_LOCATION_CONFLICT::Coding region xref gene does not exist
prokka_out/CA140404:CDS	Putative transporter YdfJ	NODE_5_length_158475_cov_95.623942:c85658-84816	NFMMKAFD_01188

DiscRep_SUB:FEATURE_LOCATION_CONFLICT::Coding region xref gene does not exist
prokka_out/CA140404:CDS	DNA polymerase I	NODE_5_length_158475_cov_95.623942:85822-88461	NFMMKAFD_01189

DiscRep_SUB:FEATURE_LOCATION_CONFLICT::Coding region xref gene does not exist
prokka_out/CA140404:CDS	Chemotaxis protein PomA	NODE_5_length_158475_cov_95.623942:88478-89254	NFMMKAFD_01190

DiscRep_SUB:FEATURE_LOCATION_CONFLICT::Coding region xref gene does not exist
prokka_out/CA140404:CDS	Motility protein B	NODE_5_length_158475_cov_95.623942:89257-90000	NFMMKAFD_01191

DiscRep_SUB:FEATURE_LOCATION_CONFLICT::Coding region xref gene does not exist
prokka_out/CA140404:CDS	Flagellar biosynthetic protein FlhB	NODE_5_length_158475_cov_95.623942:c91094-90006	NFMMKAFD_01192

DiscRep_SUB:FEATURE_LOCATION_CONFLICT::Coding region xref gene does not exist
prokka_out/CA140404:CDS	Alkyl hydroperoxide reductase C	NODE_5_length_158475_cov_95.623942:c91809-91213	NFMMKAFD_01193

DiscRep_SUB:FEATURE_LOCATION_CONFLICT::Coding region xref gene does not exist
prokka_out/CA140404:CDS	hypothetical protein	NODE_5_length_158475_cov_95.623942:92016-92300	NFMMKAFD_01194

DiscRep_SUB:FEATURE_LOCATION_CONFLICT::Coding region xref gene does not exist
prokka_out/CA140404:CDS	Nucleoside diphosphate kinase	NODE_5_length_158475_cov_95.623942:92413-92826	NFMMKAFD_01195

DiscRep_SUB:FEATURE_LOCATION_CONFLICT::Coding region xref gene does not exist
prokka_out/CA140404:CDS	hypothetical protein	NODE_5_length_158475_cov_95.623942:92827-93180	NFMMKAFD_01196

DiscRep_SUB:FEATURE_LOCATION_CONFLICT::Coding region xref gene does not exist
prokka_out/CA140404:CDS	50S ribosomal protein L32	NODE_5_length_158475_cov_95.623942:93204-93350	NFMMKAFD_01197

DiscRep_SUB:FEATURE_LOCATION_CONFLICT::Coding region xref gene does not exist
prokka_out/CA140404:CDS	Phosphate acyltransferase	NODE_5_length_158475_cov_95.623942:93356-94342	NFMMKAFD_01198

DiscRep_SUB:FEATURE_LOCATION_CONFLICT::Coding region xref gene does not exist
prokka_out/CA140404:CDS	3-oxoacyl-[acyl-carrier-protein] synthase 3 protein 1	NODE_5_length_158475_cov_95.623942:94335-95309	NFMMKAFD_01199

DiscRep_SUB:FEATURE_LOCATION_CONFLICT::Coding region xref gene does not exist
prokka_out/CA140404:CDS	2-iminobutanoate/2-iminopropanoate deaminase	NODE_5_length_158475_cov_95.623942:c95656-95306	NFMMKAFD_01200

DiscRep_SUB:FEATURE_LOCATION_CONFLICT::Coding region xref gene does not exist
prokka_out/CA140404:CDS	Phosphoserine aminotransferase	NODE_5_length_158475_cov_95.623942:c96729-95653	NFMMKAFD_01201

DiscRep_SUB:FEATURE_LOCATION_CONFLICT::Coding region xref gene does not exist
prokka_out/CA140404:CDS	Exodeoxyribonuclease 7 large subunit	NODE_5_length_158475_cov_95.623942:c97902-96739	NFMMKAFD_01202

DiscRep_SUB:FEATURE_LOCATION_CONFLICT::Coding region xref gene does not exist
prokka_out/CA140404:CDS	Demethylmenaquinone methyltransferase	NODE_5_length_158475_cov_95.623942:c98606-97899	NFMMKAFD_01203

DiscRep_SUB:FEATURE_LOCATION_CONFLICT::Coding region xref gene does not exist
prokka_out/CA140404:CDS	hypothetical protein	NODE_5_length_158475_cov_95.623942:c99805-98609	NFMMKAFD_01204

DiscRep_SUB:FEATURE_LOCATION_CONFLICT::Coding region xref gene does not exist
prokka_out/CA140404:CDS	hypothetical protein	NODE_5_length_158475_cov_95.623942:c100261-99851	NFMMKAFD_01205

DiscRep_SUB:FEATURE_LOCATION_CONFLICT::Coding region xref gene does not exist
prokka_out/CA140404:CDS	1-deoxy-D-xylulose-5-phosphate synthase	NODE_5_length_158475_cov_95.623942:c102194-100347	NFMMKAFD_01206

DiscRep_SUB:FEATURE_LOCATION_CONFLICT::Coding region xref gene does not exist
prokka_out/CA140404:CDS	hypothetical protein	NODE_5_length_158475_cov_95.623942:c103017-102187	NFMMKAFD_01207

DiscRep_SUB:FEATURE_LOCATION_CONFLICT::Coding region xref gene does not exist
prokka_out/CA140404:CDS	Flagellar motor switch protein FliG	NODE_5_length_158475_cov_95.623942:c104053-103025	NFMMKAFD_01208

DiscRep_SUB:FEATURE_LOCATION_CONFLICT::Coding region xref gene does not exist
prokka_out/CA140404:CDS	Flagellar M-ring protein	NODE_5_length_158475_cov_95.623942:c105735-104053	NFMMKAFD_01209

DiscRep_SUB:FEATURE_LOCATION_CONFLICT::Coding region xref gene does not exist
prokka_out/CA140404:CDS	Histidinol-phosphate aminotransferase	NODE_5_length_158475_cov_95.623942:c106881-105787	NFMMKAFD_01210

DiscRep_SUB:FEATURE_LOCATION_CONFLICT::Coding region xref gene does not exist
prokka_out/CA140404:CDS	Bifunctional chorismate mutase/prephenate dehydratase	NODE_5_length_158475_cov_95.623942:c107944-106871	NFMMKAFD_01211

DiscRep_SUB:FEATURE_LOCATION_CONFLICT::Coding region xref gene does not exist
prokka_out/CA140404:CDS	Dihydroxyacetone phosphatase	NODE_5_length_158475_cov_95.623942:c108699-107932	NFMMKAFD_01212

DiscRep_SUB:FEATURE_LOCATION_CONFLICT::Coding region xref gene does not exist
prokka_out/CA140404:CDS	Diaminopimelate decarboxylase	NODE_5_length_158475_cov_95.623942:c109909-108701	NFMMKAFD_01213

DiscRep_SUB:FEATURE_LOCATION_CONFLICT::Coding region xref gene does not exist
prokka_out/CA140404:CDS	hypothetical protein	NODE_5_length_158475_cov_95.623942:c111011-109953	NFMMKAFD_01214

DiscRep_SUB:FEATURE_LOCATION_CONFLICT::Coding region xref gene does not exist
prokka_out/CA140404:CDS	Peptidyl-tRNA hydrolase	NODE_5_length_158475_cov_95.623942:c111558-111013	NFMMKAFD_01215

DiscRep_SUB:FEATURE_LOCATION_CONFLICT::Coding region xref gene does not exist
prokka_out/CA140404:CDS	50S ribosomal protein L25	NODE_5_length_158475_cov_95.623942:c112091-111555	NFMMKAFD_01216

DiscRep_SUB:FEATURE_LOCATION_CONFLICT::Coding region xref gene does not exist
prokka_out/CA140404:CDS	putative guanidinium efflux system subunit GdnC	NODE_5_length_158475_cov_95.623942:112225-112563	NFMMKAFD_01217

DiscRep_SUB:FEATURE_LOCATION_CONFLICT::Coding region xref gene does not exist
prokka_out/CA140404:CDS	putative guanidinium efflux system subunit GdnD	NODE_5_length_158475_cov_95.623942:112566-112880	NFMMKAFD_01218

DiscRep_SUB:FEATURE_LOCATION_CONFLICT::Coding region xref gene does not exist
prokka_out/CA140404:CDS	ATP-dependent dethiobiotin synthetase BioD	NODE_5_length_158475_cov_95.623942:112890-113495	NFMMKAFD_01219

DiscRep_SUB:FEATURE_LOCATION_CONFLICT::Coding region xref gene does not exist
prokka_out/CA140404:CDS	Adenosylmethionine-8-amino-7-oxononanoate aminotransferase	NODE_5_length_158475_cov_95.623942:c114765-113482	NFMMKAFD_01220

DiscRep_SUB:FEATURE_LOCATION_CONFLICT::Coding region xref gene does not exist
prokka_out/CA140404:CDS	8-amino-7-oxononanoate synthase	NODE_5_length_158475_cov_95.623942:114832-115974	NFMMKAFD_01221

DiscRep_SUB:FEATURE_LOCATION_CONFLICT::Coding region xref gene does not exist
prokka_out/CA140404:CDS	hypothetical protein	NODE_5_length_158475_cov_95.623942:115971-116582	NFMMKAFD_01222

DiscRep_SUB:FEATURE_LOCATION_CONFLICT::Coding region xref gene does not exist
prokka_out/CA140404:CDS	hypothetical protein	NODE_5_length_158475_cov_95.623942:116579-117265	NFMMKAFD_01223

DiscRep_SUB:FEATURE_LOCATION_CONFLICT::Coding region xref gene does not exist
prokka_out/CA140404:CDS	Molybdate-binding protein ModA	NODE_5_length_158475_cov_95.623942:117319-118068	NFMMKAFD_01224

DiscRep_SUB:FEATURE_LOCATION_CONFLICT::Coding region xref gene does not exist
prokka_out/CA140404:CDS	hypothetical protein	NODE_5_length_158475_cov_95.623942:118065-118466	NFMMKAFD_01225

DiscRep_SUB:FEATURE_LOCATION_CONFLICT::Coding region xref gene does not exist
prokka_out/CA140404:CDS	hypothetical protein	NODE_5_length_158475_cov_95.623942:118459-119127	NFMMKAFD_01226

DiscRep_SUB:FEATURE_LOCATION_CONFLICT::Coding region xref gene does not exist
prokka_out/CA140404:CDS	Vitamin B12 import ATP-binding protein BtuD	NODE_5_length_158475_cov_95.623942:119137-120021	NFMMKAFD_01227

DiscRep_SUB:FEATURE_LOCATION_CONFLICT::Coding region xref gene does not exist
prokka_out/CA140404:CDS	Beta-lactamase OXA-133	NODE_5_length_158475_cov_95.623942:c120879-120106	NFMMKAFD_01228

DiscRep_SUB:FEATURE_LOCATION_CONFLICT::Coding region xref gene does not exist
prokka_out/CA140404:CDS	3-methyl-2-oxobutanoate hydroxymethyltransferase	NODE_5_length_158475_cov_95.623942:121099-121923	NFMMKAFD_01229

DiscRep_SUB:FEATURE_LOCATION_CONFLICT::Coding region xref gene does not exist
prokka_out/CA140404:CDS	Pantothenate synthetase	NODE_5_length_158475_cov_95.623942:121934-122782	NFMMKAFD_01230

DiscRep_SUB:FEATURE_LOCATION_CONFLICT::Coding region xref gene does not exist
prokka_out/CA140404:CDS	Aspartate 1-decarboxylase	NODE_5_length_158475_cov_95.623942:122779-123159	NFMMKAFD_01231

DiscRep_SUB:FEATURE_LOCATION_CONFLICT::Coding region xref gene does not exist
prokka_out/CA140404:CDS	putative N-acetyltransferase YafP	NODE_5_length_158475_cov_95.623942:c123680-123222	NFMMKAFD_01232

DiscRep_SUB:FEATURE_LOCATION_CONFLICT::Coding region xref gene does not exist
prokka_out/CA140404:CDS	tRNA threonylcarbamoyladenosine dehydratase	NODE_5_length_158475_cov_95.623942:c124320-123664	NFMMKAFD_01233

DiscRep_SUB:FEATURE_LOCATION_CONFLICT::Coding region xref gene does not exist
prokka_out/CA140404:CDS	5'-nucleotidase SurE	NODE_5_length_158475_cov_95.623942:c125089-124313	NFMMKAFD_01234

DiscRep_SUB:FEATURE_LOCATION_CONFLICT::Coding region xref gene does not exist
prokka_out/CA140404:CDS	Phosphoglycerate transporter protein	NODE_5_length_158475_cov_95.623942:125344-125565	NFMMKAFD_01235

DiscRep_SUB:FEATURE_LOCATION_CONFLICT::Coding region xref gene does not exist
prokka_out/CA140404:CDS	Phosphoglycerate transporter protein	NODE_5_length_158475_cov_95.623942:125556-126515	NFMMKAFD_01236

DiscRep_SUB:FEATURE_LOCATION_CONFLICT::Coding region xref gene does not exist
prokka_out/CA140404:CDS	hypothetical protein	NODE_5_length_158475_cov_95.623942:126779-127531	NFMMKAFD_01237

DiscRep_SUB:FEATURE_LOCATION_CONFLICT::Coding region xref gene does not exist
prokka_out/CA140404:CDS	hypothetical protein	NODE_5_length_158475_cov_95.623942:127887-130232	NFMMKAFD_01238

DiscRep_SUB:FEATURE_LOCATION_CONFLICT::Coding region xref gene does not exist
prokka_out/CA140404:CDS	hypothetical protein	NODE_5_length_158475_cov_95.623942:130237-131163	NFMMKAFD_01239

DiscRep_SUB:FEATURE_LOCATION_CONFLICT::Coding region xref gene does not exist
prokka_out/CA140404:CDS	hypothetical protein	NODE_5_length_158475_cov_95.623942:131144-131380	NFMMKAFD_01240

DiscRep_SUB:FEATURE_LOCATION_CONFLICT::Coding region xref gene does not exist
prokka_out/CA140404:CDS	hypothetical protein	NODE_5_length_158475_cov_95.623942:131377-133047	NFMMKAFD_01241

DiscRep_SUB:FEATURE_LOCATION_CONFLICT::Coding region xref gene does not exist
prokka_out/CA140404:CDS	hypothetical protein	NODE_5_length_158475_cov_95.623942:133172-136015	NFMMKAFD_01242

DiscRep_SUB:FEATURE_LOCATION_CONFLICT::Coding region xref gene does not exist
prokka_out/CA140404:CDS	Lipid-A-disaccharide synthase	NODE_5_length_158475_cov_95.623942:136012-137106	NFMMKAFD_01243

DiscRep_SUB:FEATURE_LOCATION_CONFLICT::Coding region xref gene does not exist
prokka_out/CA140404:CDS	Transcription elongation factor GreA	NODE_5_length_158475_cov_95.623942:137118-137603	NFMMKAFD_01244

DiscRep_SUB:FEATURE_LOCATION_CONFLICT::Coding region xref gene does not exist
prokka_out/CA140404:CDS	hypothetical protein	NODE_5_length_158475_cov_95.623942:137736-138362	NFMMKAFD_01245

DiscRep_SUB:FEATURE_LOCATION_CONFLICT::Coding region xref gene does not exist
prokka_out/CA140404:CDS	Chemotaxis protein CheV	NODE_5_length_158475_cov_95.623942:138364-139320	NFMMKAFD_01246

DiscRep_SUB:FEATURE_LOCATION_CONFLICT::Coding region xref gene does not exist
prokka_out/CA140404:CDS	Sensor histidine kinase RcsC	NODE_5_length_158475_cov_95.623942:139324-141633	NFMMKAFD_01247

DiscRep_SUB:FEATURE_LOCATION_CONFLICT::Coding region xref gene does not exist
prokka_out/CA140404:CDS	Chemotaxis protein CheW	NODE_5_length_158475_cov_95.623942:141638-142159	NFMMKAFD_01248

DiscRep_SUB:FEATURE_LOCATION_CONFLICT::Coding region xref gene does not exist
prokka_out/CA140404:CDS	Phosphoserine phosphatase	NODE_5_length_158475_cov_95.623942:142159-142782	NFMMKAFD_01249

DiscRep_SUB:FEATURE_LOCATION_CONFLICT::Coding region xref gene does not exist
prokka_out/CA140404:CDS	Transaldolase	NODE_5_length_158475_cov_95.623942:142782-143759	NFMMKAFD_01250

DiscRep_SUB:FEATURE_LOCATION_CONFLICT::Coding region xref gene does not exist
prokka_out/CA140404:CDS	hypothetical protein	NODE_5_length_158475_cov_95.623942:c144182-143760	NFMMKAFD_01251

DiscRep_SUB:FEATURE_LOCATION_CONFLICT::Coding region xref gene does not exist
prokka_out/CA140404:CDS	Carbamoyl-phosphate synthase large chain	NODE_5_length_158475_cov_95.623942:c147448-144179	NFMMKAFD_01252

DiscRep_SUB:FEATURE_LOCATION_CONFLICT::Coding region xref gene does not exist
prokka_out/CA140404:CDS	hypothetical protein	NODE_5_length_158475_cov_95.623942:c148458-147709	NFMMKAFD_01253

DiscRep_SUB:FEATURE_LOCATION_CONFLICT::Coding region xref gene does not exist
prokka_out/CA140404:CDS	Cell shape-determining protein MreB	NODE_5_length_158475_cov_95.623942:c149488-148448	NFMMKAFD_01254

DiscRep_SUB:FEATURE_LOCATION_CONFLICT::Coding region xref gene does not exist
prokka_out/CA140404:CDS	ATP-dependent Clp protease ATP-binding subunit ClpX	NODE_5_length_158475_cov_95.623942:c150722-149499	NFMMKAFD_01255

DiscRep_SUB:FEATURE_LOCATION_CONFLICT::Coding region xref gene does not exist
prokka_out/CA140404:CDS	Acyl-[acyl-carrier-protein]--UDP-N-acetylglucosamine O-acyltransferase	NODE_5_length_158475_cov_95.623942:c151506-150715	NFMMKAFD_01256

DiscRep_SUB:FEATURE_LOCATION_CONFLICT::Coding region xref gene does not exist
prokka_out/CA140404:CDS	3-hydroxyacyl-[acyl-carrier-protein] dehydratase FabZ	NODE_5_length_158475_cov_95.623942:c151946-151506	NFMMKAFD_01257

DiscRep_SUB:FEATURE_LOCATION_CONFLICT::Coding region xref gene does not exist
prokka_out/CA140404:CDS	Epoxyqueuosine reductase QueH	NODE_5_length_158475_cov_95.623942:c153132-152041	NFMMKAFD_01258

DiscRep_SUB:FEATURE_LOCATION_CONFLICT::Coding region xref gene does not exist
prokka_out/CA140404:CDS	Putative peroxiredoxin bcp	NODE_5_length_158475_cov_95.623942:c153587-153132	NFMMKAFD_01259

DiscRep_SUB:FEATURE_LOCATION_CONFLICT::Coding region xref gene does not exist
prokka_out/CA140404:CDS	putative tautomerase	NODE_5_length_158475_cov_95.623942:c153790-153584	NFMMKAFD_01260

DiscRep_SUB:FEATURE_LOCATION_CONFLICT::Coding region xref gene does not exist
prokka_out/CA140404:CDS	Branched-chain-amino-acid aminotransferase	NODE_5_length_158475_cov_95.623942:153966-154880	NFMMKAFD_01261

DiscRep_SUB:FEATURE_LOCATION_CONFLICT::Coding region xref gene does not exist
prokka_out/CA140404:CDS	hypothetical protein	NODE_5_length_158475_cov_95.623942:154893-155981	NFMMKAFD_01262

DiscRep_SUB:FEATURE_LOCATION_CONFLICT::Coding region xref gene does not exist
prokka_out/CA140404:CDS	hypothetical protein	NODE_5_length_158475_cov_95.623942:155994-156524	NFMMKAFD_01263

DiscRep_SUB:FEATURE_LOCATION_CONFLICT::Coding region xref gene does not exist
prokka_out/CA140404:CDS	hypothetical protein	NODE_5_length_158475_cov_95.623942:156524-157033	NFMMKAFD_01264

DiscRep_SUB:FEATURE_LOCATION_CONFLICT::Coding region xref gene does not exist
prokka_out/CA140404:CDS	hypothetical protein	NODE_6_length_118826_cov_99.235318:1447-1740	NFMMKAFD_01265

DiscRep_SUB:FEATURE_LOCATION_CONFLICT::Coding region xref gene does not exist
prokka_out/CA140404:CDS	3-oxoacyl-[acyl-carrier-protein] reductase FabG	NODE_6_length_118826_cov_99.235318:1742-2473	NFMMKAFD_01266

DiscRep_SUB:FEATURE_LOCATION_CONFLICT::Coding region xref gene does not exist
prokka_out/CA140404:CDS	2-succinylbenzoate--CoA ligase	NODE_6_length_118826_cov_99.235318:2466-3818	NFMMKAFD_01267

DiscRep_SUB:FEATURE_LOCATION_CONFLICT::Coding region xref gene does not exist
prokka_out/CA140404:CDS	hypothetical protein	NODE_6_length_118826_cov_99.235318:c5279-3828	NFMMKAFD_01268

DiscRep_SUB:FEATURE_LOCATION_CONFLICT::Coding region xref gene does not exist
prokka_out/CA140404:CDS	hypothetical protein	NODE_6_length_118826_cov_99.235318:c7734-5320	NFMMKAFD_01269

DiscRep_SUB:FEATURE_LOCATION_CONFLICT::Coding region xref gene does not exist
prokka_out/CA140404:CDS	hypothetical protein	NODE_6_length_118826_cov_99.235318:c9364-7736	NFMMKAFD_01270

DiscRep_SUB:FEATURE_LOCATION_CONFLICT::Coding region xref gene does not exist
prokka_out/CA140404:CDS	Arabinose 5-phosphate isomerase KpsF	NODE_6_length_118826_cov_99.235318:c10311-9364	NFMMKAFD_01271

DiscRep_SUB:FEATURE_LOCATION_CONFLICT::Coding region xref gene does not exist
prokka_out/CA140404:CDS	Polysialic acid transport protein KpsD	NODE_6_length_118826_cov_99.235318:c11979-10321	NFMMKAFD_01272

DiscRep_SUB:FEATURE_LOCATION_CONFLICT::Coding region xref gene does not exist
prokka_out/CA140404:CDS	hypothetical protein	NODE_6_length_118826_cov_99.235318:c13099-11981	NFMMKAFD_01273

DiscRep_SUB:FEATURE_LOCATION_CONFLICT::Coding region xref gene does not exist
prokka_out/CA140404:CDS	Polysialic acid transport ATP-binding protein KpsT	NODE_6_length_118826_cov_99.235318:c13761-13099	NFMMKAFD_01274

DiscRep_SUB:FEATURE_LOCATION_CONFLICT::Coding region xref gene does not exist
prokka_out/CA140404:CDS	Polysialic acid transport protein KpsM	NODE_6_length_118826_cov_99.235318:c14540-13758	NFMMKAFD_01275

DiscRep_SUB:FEATURE_LOCATION_CONFLICT::Coding region xref gene does not exist
prokka_out/CA140404:CDS	hypothetical protein	NODE_6_length_118826_cov_99.235318:c15019-14612	NFMMKAFD_01276

DiscRep_SUB:FEATURE_LOCATION_CONFLICT::Coding region xref gene does not exist
prokka_out/CA140404:CDS	hypothetical protein	NODE_6_length_118826_cov_99.235318:15094-15657	NFMMKAFD_01277

DiscRep_SUB:FEATURE_LOCATION_CONFLICT::Coding region xref gene does not exist
prokka_out/CA140404:CDS	hypothetical protein	NODE_6_length_118826_cov_99.235318:15693-16382	NFMMKAFD_01278

DiscRep_SUB:FEATURE_LOCATION_CONFLICT::Coding region xref gene does not exist
prokka_out/CA140404:CDS	hypothetical protein	NODE_6_length_118826_cov_99.235318:16384-17097	NFMMKAFD_01279

DiscRep_SUB:FEATURE_LOCATION_CONFLICT::Coding region xref gene does not exist
prokka_out/CA140404:CDS	tRNA(Ile)-lysidine synthase	NODE_6_length_118826_cov_99.235318:c18045-17080	NFMMKAFD_01280

DiscRep_SUB:FEATURE_LOCATION_CONFLICT::Coding region xref gene does not exist
prokka_out/CA140404:CDS	Ribosomal protein S12 methylthiotransferase RimO	NODE_6_length_118826_cov_99.235318:c19354-18035	NFMMKAFD_01281

DiscRep_SUB:FEATURE_LOCATION_CONFLICT::Coding region xref gene does not exist
prokka_out/CA140404:CDS	Peptide chain release factor 2	NODE_6_length_118826_cov_99.235318:19428-20525	NFMMKAFD_01282

DiscRep_SUB:FEATURE_LOCATION_CONFLICT::Coding region xref gene does not exist
prokka_out/CA140404:CDS	hypothetical protein	NODE_6_length_118826_cov_99.235318:c20891-20685	NFMMKAFD_01283

DiscRep_SUB:FEATURE_LOCATION_CONFLICT::Coding region xref gene does not exist
prokka_out/CA140404:CDS	tRNA pseudouridine synthase D	NODE_6_length_118826_cov_99.235318:c22239-21121	NFMMKAFD_01284

DiscRep_SUB:FEATURE_LOCATION_CONFLICT::Coding region xref gene does not exist
prokka_out/CA140404:CDS	Thiamine-monophosphate kinase	NODE_6_length_118826_cov_99.235318:c23029-22208	NFMMKAFD_01285

DiscRep_SUB:FEATURE_LOCATION_CONFLICT::Coding region xref gene does not exist
prokka_out/CA140404:CDS	hypothetical protein	NODE_6_length_118826_cov_99.235318:23116-24189	NFMMKAFD_01286

DiscRep_SUB:FEATURE_LOCATION_CONFLICT::Coding region xref gene does not exist
prokka_out/CA140404:CDS	hypothetical protein	NODE_6_length_118826_cov_99.235318:24186-24569	NFMMKAFD_01287

DiscRep_SUB:FEATURE_LOCATION_CONFLICT::Coding region xref gene does not exist
prokka_out/CA140404:CDS	Ribosomal RNA small subunit methyltransferase D	NODE_6_length_118826_cov_99.235318:24559-25245	NFMMKAFD_01288

DiscRep_SUB:FEATURE_LOCATION_CONFLICT::Coding region xref gene does not exist
prokka_out/CA140404:CDS	Flagellar P-ring protein	NODE_6_length_118826_cov_99.235318:25304-26350	NFMMKAFD_01289

DiscRep_SUB:FEATURE_LOCATION_CONFLICT::Coding region xref gene does not exist
prokka_out/CA140404:CDS	hypothetical protein	NODE_6_length_118826_cov_99.235318:26350-26691	NFMMKAFD_01290

DiscRep_SUB:FEATURE_LOCATION_CONFLICT::Coding region xref gene does not exist
prokka_out/CA140404:CDS	hypothetical protein	NODE_6_length_118826_cov_99.235318:26754-26951	NFMMKAFD_01291

DiscRep_SUB:FEATURE_LOCATION_CONFLICT::Coding region xref gene does not exist
prokka_out/CA140404:CDS	hypothetical protein	NODE_6_length_118826_cov_99.235318:26994-27428	NFMMKAFD_01292

DiscRep_SUB:FEATURE_LOCATION_CONFLICT::Coding region xref gene does not exist
prokka_out/CA140404:CDS	hypothetical protein	NODE_6_length_118826_cov_99.235318:27438-29264	NFMMKAFD_01293

DiscRep_SUB:FEATURE_LOCATION_CONFLICT::Coding region xref gene does not exist
prokka_out/CA140404:CDS	hypothetical protein	NODE_6_length_118826_cov_99.235318:29281-30045	NFMMKAFD_01294

DiscRep_SUB:FEATURE_LOCATION_CONFLICT::Coding region xref gene does not exist
prokka_out/CA140404:CDS	putative membrane transporter protein YfcA	NODE_6_length_118826_cov_99.235318:30049-30813	NFMMKAFD_01295

DiscRep_SUB:FEATURE_LOCATION_CONFLICT::Coding region xref gene does not exist
prokka_out/CA140404:CDS	Putative type II secretion system protein F	NODE_6_length_118826_cov_99.235318:c31987-30806	NFMMKAFD_01296

DiscRep_SUB:FEATURE_LOCATION_CONFLICT::Coding region xref gene does not exist
prokka_out/CA140404:CDS	hypothetical protein	NODE_6_length_118826_cov_99.235318:c33543-31984	NFMMKAFD_01297

DiscRep_SUB:FEATURE_LOCATION_CONFLICT::Coding region xref gene does not exist
prokka_out/CA140404:CDS	hypothetical protein	NODE_6_length_118826_cov_99.235318:c34120-33533	NFMMKAFD_01298

DiscRep_SUB:FEATURE_LOCATION_CONFLICT::Coding region xref gene does not exist
prokka_out/CA140404:CDS	hypothetical protein	NODE_6_length_118826_cov_99.235318:c34732-34124	NFMMKAFD_01299

DiscRep_SUB:FEATURE_LOCATION_CONFLICT::Coding region xref gene does not exist
prokka_out/CA140404:CDS	Type 3 secretion system secretin	NODE_6_length_118826_cov_99.235318:c36137-34725	NFMMKAFD_01300

DiscRep_SUB:FEATURE_LOCATION_CONFLICT::Coding region xref gene does not exist
prokka_out/CA140404:CDS	hypothetical protein	NODE_6_length_118826_cov_99.235318:c36426-36115	NFMMKAFD_01301

DiscRep_SUB:FEATURE_LOCATION_CONFLICT::Coding region xref gene does not exist
prokka_out/CA140404:CDS	Pyruvate:ferredoxin oxidoreductase	NODE_6_length_118826_cov_99.235318:c40010-36450	NFMMKAFD_01302

DiscRep_SUB:FEATURE_LOCATION_CONFLICT::Coding region xref gene does not exist
prokka_out/CA140404:CDS	Pyrophosphatase PpaX	NODE_6_length_118826_cov_99.235318:c40743-40102	NFMMKAFD_01303

DiscRep_SUB:FEATURE_LOCATION_CONFLICT::Coding region xref gene does not exist
prokka_out/CA140404:CDS	Outer membrane porin F	NODE_6_length_118826_cov_99.235318:c41702-40743	NFMMKAFD_01304

DiscRep_SUB:FEATURE_LOCATION_CONFLICT::Coding region xref gene does not exist
prokka_out/CA140404:CDS	30S ribosomal protein S9	NODE_6_length_118826_cov_99.235318:c42216-41827	NFMMKAFD_01305

DiscRep_SUB:FEATURE_LOCATION_CONFLICT::Coding region xref gene does not exist
prokka_out/CA140404:CDS	50S ribosomal protein L13	NODE_6_length_118826_cov_99.235318:c42644-42219	NFMMKAFD_01306

DiscRep_SUB:FEATURE_LOCATION_CONFLICT::Coding region xref gene does not exist
prokka_out/CA140404:CDS	RecBCD enzyme subunit RecB	NODE_6_length_118826_cov_99.235318:c45493-42728	NFMMKAFD_01307

DiscRep_SUB:FEATURE_LOCATION_CONFLICT::Coding region xref gene does not exist
prokka_out/CA140404:CDS	hypothetical protein	NODE_6_length_118826_cov_99.235318:c47856-45490	NFMMKAFD_01308

DiscRep_SUB:FEATURE_LOCATION_CONFLICT::Coding region xref gene does not exist
prokka_out/CA140404:CDS	hypothetical protein	NODE_6_length_118826_cov_99.235318:c48374-47853	NFMMKAFD_01309

DiscRep_SUB:FEATURE_LOCATION_CONFLICT::Coding region xref gene does not exist
prokka_out/CA140404:CDS	hypothetical protein	NODE_6_length_118826_cov_99.235318:c48963-48361	NFMMKAFD_01310

DiscRep_SUB:FEATURE_LOCATION_CONFLICT::Coding region xref gene does not exist
prokka_out/CA140404:CDS	hypothetical protein	NODE_6_length_118826_cov_99.235318:c49061-48960	NFMMKAFD_01311

DiscRep_SUB:FEATURE_LOCATION_CONFLICT::Coding region xref gene does not exist
prokka_out/CA140404:CDS	hypothetical protein	NODE_6_length_118826_cov_99.235318:c49279-49058	NFMMKAFD_01312

DiscRep_SUB:FEATURE_LOCATION_CONFLICT::Coding region xref gene does not exist
prokka_out/CA140404:CDS	Cbb3-type cytochrome c oxidase subunit FixP	NODE_6_length_118826_cov_99.235318:c50139-49276	NFMMKAFD_01313

DiscRep_SUB:FEATURE_LOCATION_CONFLICT::Coding region xref gene does not exist
prokka_out/CA140404:CDS	hypothetical protein	NODE_6_length_118826_cov_99.235318:c50405-50139	NFMMKAFD_01314

DiscRep_SUB:FEATURE_LOCATION_CONFLICT::Coding region xref gene does not exist
prokka_out/CA140404:CDS	hypothetical protein	NODE_6_length_118826_cov_99.235318:c51072-50407	NFMMKAFD_01315

DiscRep_SUB:FEATURE_LOCATION_CONFLICT::Coding region xref gene does not exist
prokka_out/CA140404:CDS	Cbb3-type cytochrome c oxidase subunit CcoN1	NODE_6_length_118826_cov_99.235318:c52551-51085	NFMMKAFD_01316

DiscRep_SUB:FEATURE_LOCATION_CONFLICT::Coding region xref gene does not exist
prokka_out/CA140404:CDS	Response regulator MprA	NODE_6_length_118826_cov_99.235318:c53357-52677	NFMMKAFD_01317

DiscRep_SUB:FEATURE_LOCATION_CONFLICT::Coding region xref gene does not exist
prokka_out/CA140404:CDS	Adaptive-response sensory-kinase SasA	NODE_6_length_118826_cov_99.235318:c54571-53360	NFMMKAFD_01318

DiscRep_SUB:FEATURE_LOCATION_CONFLICT::Coding region xref gene does not exist
prokka_out/CA140404:CDS	hypothetical protein	NODE_6_length_118826_cov_99.235318:c55227-54568	NFMMKAFD_01319

DiscRep_SUB:FEATURE_LOCATION_CONFLICT::Coding region xref gene does not exist
prokka_out/CA140404:CDS	Carbamoyl-phosphate synthase small chain	NODE_6_length_118826_cov_99.235318:c56342-55224	NFMMKAFD_01320

DiscRep_SUB:FEATURE_LOCATION_CONFLICT::Coding region xref gene does not exist
prokka_out/CA140404:CDS	hypothetical protein	NODE_6_length_118826_cov_99.235318:c56893-56342	NFMMKAFD_01321

DiscRep_SUB:FEATURE_LOCATION_CONFLICT::Coding region xref gene does not exist
prokka_out/CA140404:CDS	hypothetical protein	NODE_6_length_118826_cov_99.235318:c57504-56986	NFMMKAFD_01322

DiscRep_SUB:FEATURE_LOCATION_CONFLICT::Coding region xref gene does not exist
prokka_out/CA140404:CDS	hypothetical protein	NODE_6_length_118826_cov_99.235318:c57925-57497	NFMMKAFD_01323

DiscRep_SUB:FEATURE_LOCATION_CONFLICT::Coding region xref gene does not exist
prokka_out/CA140404:CDS	Adenylosuccinate synthetase	NODE_6_length_118826_cov_99.235318:c59172-57922	NFMMKAFD_01324

DiscRep_SUB:FEATURE_LOCATION_CONFLICT::Coding region xref gene does not exist
prokka_out/CA140404:CDS	hypothetical protein	NODE_6_length_118826_cov_99.235318:59437-60645	NFMMKAFD_01326

DiscRep_SUB:FEATURE_LOCATION_CONFLICT::Coding region xref gene does not exist
prokka_out/CA140404:CDS	Putative sulfur carrier protein YedF	NODE_6_length_118826_cov_99.235318:60649-60876	NFMMKAFD_01327

DiscRep_SUB:FEATURE_LOCATION_CONFLICT::Coding region xref gene does not exist
prokka_out/CA140404:CDS	Sodium/proline symporter	NODE_6_length_118826_cov_99.235318:c62361-60892	NFMMKAFD_01328

DiscRep_SUB:FEATURE_LOCATION_CONFLICT::Coding region xref gene does not exist
prokka_out/CA140404:CDS	1-pyrroline-5-carboxylate dehydrogenase	NODE_6_length_118826_cov_99.235318:c65867-62379	NFMMKAFD_01329

DiscRep_SUB:FEATURE_LOCATION_CONFLICT::Coding region xref gene does not exist
prokka_out/CA140404:CDS	Selenide, water dikinase	NODE_6_length_118826_cov_99.235318:c66924-65998	NFMMKAFD_01330

DiscRep_SUB:FEATURE_LOCATION_CONFLICT::Coding region xref gene does not exist
prokka_out/CA140404:CDS	hypothetical protein	NODE_6_length_118826_cov_99.235318:c67602-67030	NFMMKAFD_01331

DiscRep_SUB:FEATURE_LOCATION_CONFLICT::Coding region xref gene does not exist
prokka_out/CA140404:CDS	Methyl-accepting chemotaxis protein PctC	NODE_6_length_118826_cov_99.235318:c69815-67713	NFMMKAFD_01332

DiscRep_SUB:FEATURE_LOCATION_CONFLICT::Coding region xref gene does not exist
prokka_out/CA140404:CDS	hypothetical protein	NODE_6_length_118826_cov_99.235318:c70665-69928	NFMMKAFD_01333

DiscRep_SUB:FEATURE_LOCATION_CONFLICT::Coding region xref gene does not exist
prokka_out/CA140404:CDS	Sulfur carrier protein FdhD	NODE_6_length_118826_cov_99.235318:c71440-70658	NFMMKAFD_01334

DiscRep_SUB:FEATURE_LOCATION_CONFLICT::Coding region xref gene does not exist
prokka_out/CA140404:CDS	hypothetical protein	NODE_6_length_118826_cov_99.235318:c72539-71607	NFMMKAFD_01335

DiscRep_SUB:FEATURE_LOCATION_CONFLICT::Coding region xref gene does not exist
prokka_out/CA140404:CDS	Formate dehydrogenase iron-sulfur subunit	NODE_6_length_118826_cov_99.235318:c73177-72536	NFMMKAFD_01336

DiscRep_SUB:FEATURE_LOCATION_CONFLICT::Coding region xref gene does not exist
prokka_out/CA140404:CDS	Periplasmic nitrate reductase	NODE_6_length_118826_cov_99.235318:c75414-73174	NFMMKAFD_01337

DiscRep_SUB:FEATURE_LOCATION_CONFLICT::Coding region xref gene does not exist
prokka_out/CA140404:CDS	Formate dehydrogenase 2 subunit alpha (cytochrome c-553)	NODE_6_length_118826_cov_99.235318:c75978-75436	NFMMKAFD_01338

DiscRep_SUB:FEATURE_LOCATION_CONFLICT::Coding region xref gene does not exist
prokka_out/CA140404:CDS	hypothetical protein	NODE_6_length_118826_cov_99.235318:c76169-75978	NFMMKAFD_01339

DiscRep_SUB:FEATURE_LOCATION_CONFLICT::Coding region xref gene does not exist
prokka_out/CA140404:CDS	hypothetical protein	NODE_6_length_118826_cov_99.235318:c76845-76144	NFMMKAFD_01340

DiscRep_SUB:FEATURE_LOCATION_CONFLICT::Coding region xref gene does not exist
prokka_out/CA140404:CDS	Carboxynorspermidine/carboxyspermidine decarboxylase	NODE_6_length_118826_cov_99.235318:c78309-77161	NFMMKAFD_01341

DiscRep_SUB:FEATURE_LOCATION_CONFLICT::Coding region xref gene does not exist
prokka_out/CA140404:CDS	Multicopper oxidase mco	NODE_6_length_118826_cov_99.235318:78433-79974	NFMMKAFD_01342

DiscRep_SUB:FEATURE_LOCATION_CONFLICT::Coding region xref gene does not exist
prokka_out/CA140404:CDS	hypothetical protein	NODE_6_length_118826_cov_99.235318:79976-80197	NFMMKAFD_01343

DiscRep_SUB:FEATURE_LOCATION_CONFLICT::Coding region xref gene does not exist
prokka_out/CA140404:CDS	Molybdopterin synthase catalytic subunit	NODE_6_length_118826_cov_99.235318:80198-80644	NFMMKAFD_01344

DiscRep_SUB:FEATURE_LOCATION_CONFLICT::Coding region xref gene does not exist
prokka_out/CA140404:CDS	Molybdopterin molybdenumtransferase	NODE_6_length_118826_cov_99.235318:80648-81838	NFMMKAFD_01345

DiscRep_SUB:FEATURE_LOCATION_CONFLICT::Coding region xref gene does not exist
prokka_out/CA140404:CDS	CRISPR-associated endoribonuclease Cas2	NODE_6_length_118826_cov_99.235318:c83162-82731	NFMMKAFD_01346

DiscRep_SUB:FEATURE_LOCATION_CONFLICT::Coding region xref gene does not exist
prokka_out/CA140404:CDS	CRISPR-associated endonuclease Cas1	NODE_6_length_118826_cov_99.235318:c84045-83155	NFMMKAFD_01347

DiscRep_SUB:FEATURE_LOCATION_CONFLICT::Coding region xref gene does not exist
prokka_out/CA140404:CDS	CRISPR-associated endonuclease Cas9	NODE_6_length_118826_cov_99.235318:c86996-84042	NFMMKAFD_01348

DiscRep_SUB:FEATURE_LOCATION_CONFLICT::Coding region xref gene does not exist
prokka_out/CA140404:CDS	hypothetical protein	NODE_6_length_118826_cov_99.235318:87204-87386	NFMMKAFD_01349

DiscRep_SUB:FEATURE_LOCATION_CONFLICT::Coding region xref gene does not exist
prokka_out/CA140404:CDS	hypothetical protein	NODE_6_length_118826_cov_99.235318:87593-88147	NFMMKAFD_01350

DiscRep_SUB:FEATURE_LOCATION_CONFLICT::Coding region xref gene does not exist
prokka_out/CA140404:CDS	Putative cryptic C4-dicarboxylate transporter DcuD	NODE_6_length_118826_cov_99.235318:88140-88658	NFMMKAFD_01351

DiscRep_SUB:FEATURE_LOCATION_CONFLICT::Coding region xref gene does not exist
prokka_out/CA140404:CDS	Phosphoribosylformylglycinamidine cyclo-ligase	NODE_6_length_118826_cov_99.235318:c89668-88679	NFMMKAFD_01352

DiscRep_SUB:FEATURE_LOCATION_CONFLICT::Coding region xref gene does not exist
prokka_out/CA140404:CDS	Dephospho-CoA kinase	NODE_6_length_118826_cov_99.235318:89729-90334	NFMMKAFD_01353

DiscRep_SUB:FEATURE_LOCATION_CONFLICT::Coding region xref gene does not exist
prokka_out/CA140404:CDS	Diaminopimelate epimerase	NODE_6_length_118826_cov_99.235318:90331-91080	NFMMKAFD_01354

DiscRep_SUB:FEATURE_LOCATION_CONFLICT::Coding region xref gene does not exist
prokka_out/CA140404:CDS	hypothetical protein	NODE_6_length_118826_cov_99.235318:91055-91786	NFMMKAFD_01355

DiscRep_SUB:FEATURE_LOCATION_CONFLICT::Coding region xref gene does not exist
prokka_out/CA140404:CDS	hypothetical protein	NODE_6_length_118826_cov_99.235318:c92820-91783	NFMMKAFD_01356

DiscRep_SUB:FEATURE_LOCATION_CONFLICT::Coding region xref gene does not exist
prokka_out/CA140404:CDS	DNA protection during starvation protein	NODE_6_length_118826_cov_99.235318:c93334-92885	NFMMKAFD_01357

DiscRep_SUB:FEATURE_LOCATION_CONFLICT::Coding region xref gene does not exist
prokka_out/CA140404:CDS	Glucose-6-phosphate isomerase	NODE_6_length_118826_cov_99.235318:c94681-93461	NFMMKAFD_01358

DiscRep_SUB:FEATURE_LOCATION_CONFLICT::Coding region xref gene does not exist
prokka_out/CA140404:CDS	UTP--glucose-1-phosphate uridylyltransferase	NODE_6_length_118826_cov_99.235318:c95499-94675	NFMMKAFD_01359

DiscRep_SUB:FEATURE_LOCATION_CONFLICT::Coding region xref gene does not exist
prokka_out/CA140404:CDS	Acetyl-coenzyme A synthetase	NODE_6_length_118826_cov_99.235318:c97554-95581	NFMMKAFD_01360

DiscRep_SUB:FEATURE_LOCATION_CONFLICT::Coding region xref gene does not exist
prokka_out/CA140404:CDS	Tungstate uptake system ATP-binding protein TupC	NODE_6_length_118826_cov_99.235318:c98687-97692	NFMMKAFD_01361

DiscRep_SUB:FEATURE_LOCATION_CONFLICT::Coding region xref gene does not exist
prokka_out/CA140404:CDS	Tungstate uptake system permease protein TupB	NODE_6_length_118826_cov_99.235318:c99375-98689	NFMMKAFD_01362

DiscRep_SUB:FEATURE_LOCATION_CONFLICT::Coding region xref gene does not exist
prokka_out/CA140404:CDS	Tungstate-binding protein TupA	NODE_6_length_118826_cov_99.235318:99454-100263	NFMMKAFD_01363

DiscRep_SUB:FEATURE_LOCATION_CONFLICT::Coding region xref gene does not exist
prokka_out/CA140404:CDS	5-oxoprolinase subunit A	NODE_6_length_118826_cov_99.235318:100405-101172	NFMMKAFD_01364

DiscRep_SUB:FEATURE_LOCATION_CONFLICT::Coding region xref gene does not exist
prokka_out/CA140404:CDS	5-oxoprolinase subunit B	NODE_6_length_118826_cov_99.235318:101182-101922	NFMMKAFD_01365

DiscRep_SUB:FEATURE_LOCATION_CONFLICT::Coding region xref gene does not exist
prokka_out/CA140404:CDS	5-oxoprolinase subunit C	NODE_6_length_118826_cov_99.235318:101903-102868	NFMMKAFD_01366

DiscRep_SUB:FEATURE_LOCATION_CONFLICT::Coding region xref gene does not exist
prokka_out/CA140404:CDS	hypothetical protein	NODE_6_length_118826_cov_99.235318:c103761-102865	NFMMKAFD_01367

DiscRep_SUB:FEATURE_LOCATION_CONFLICT::Coding region xref gene does not exist
prokka_out/CA140404:CDS	NADPH:quinone oxidoreductase MdaB	NODE_6_length_118826_cov_99.235318:c104372-103794	NFMMKAFD_01368

DiscRep_SUB:FEATURE_LOCATION_CONFLICT::Coding region xref gene does not exist
prokka_out/CA140404:CDS	HTH-type transcriptional activator HxlR	NODE_6_length_118826_cov_99.235318:104472-104819	NFMMKAFD_01369

DiscRep_SUB:FEATURE_LOCATION_CONFLICT::Coding region xref gene does not exist
prokka_out/CA140404:CDS	Outer membrane lipoprotein Blc	NODE_6_length_118826_cov_99.235318:104777-105256	NFMMKAFD_01370

DiscRep_SUB:FEATURE_LOCATION_CONFLICT::Coding region xref gene does not exist
prokka_out/CA140404:CDS	NADP-dependent alcohol dehydrogenase C 2	NODE_6_length_118826_cov_99.235318:c106334-105258	NFMMKAFD_01371

DiscRep_SUB:FEATURE_LOCATION_CONFLICT::Coding region xref gene does not exist
prokka_out/CA140404:CDS	hypothetical protein	NODE_6_length_118826_cov_99.235318:c109657-106562	NFMMKAFD_01372

DiscRep_SUB:FEATURE_LOCATION_CONFLICT::Coding region xref gene does not exist
prokka_out/CA140404:CDS	hypothetical protein	NODE_6_length_118826_cov_99.235318:c111426-109660	NFMMKAFD_01373

DiscRep_SUB:FEATURE_LOCATION_CONFLICT::Coding region xref gene does not exist
prokka_out/CA140404:CDS	hypothetical protein	NODE_6_length_118826_cov_99.235318:c112579-111437	NFMMKAFD_01374

DiscRep_SUB:FEATURE_LOCATION_CONFLICT::Coding region xref gene does not exist
prokka_out/CA140404:CDS	hypothetical protein	NODE_6_length_118826_cov_99.235318:c114214-112712	NFMMKAFD_01375

DiscRep_SUB:FEATURE_LOCATION_CONFLICT::Coding region xref gene does not exist
prokka_out/CA140404:CDS	hypothetical protein	NODE_6_length_118826_cov_99.235318:c115219-114584	NFMMKAFD_01376

DiscRep_SUB:FEATURE_LOCATION_CONFLICT::Coding region xref gene does not exist
prokka_out/CA140404:CDS	putative HTH-type transcriptional regulator YybR	NODE_6_length_118826_cov_99.235318:115412-115744	NFMMKAFD_01377

DiscRep_SUB:FEATURE_LOCATION_CONFLICT::Coding region xref gene does not exist
prokka_out/CA140404:CDS	hypothetical protein	NODE_6_length_118826_cov_99.235318:115829-115951	NFMMKAFD_01378

DiscRep_SUB:FEATURE_LOCATION_CONFLICT::Coding region xref gene does not exist
prokka_out/CA140404:CDS	hypothetical protein	NODE_6_length_118826_cov_99.235318:116135-116776	NFMMKAFD_01379

DiscRep_SUB:FEATURE_LOCATION_CONFLICT::Coding region xref gene does not exist
prokka_out/CA140404:CDS	hypothetical protein	NODE_6_length_118826_cov_99.235318:116786-116965	NFMMKAFD_01380

DiscRep_SUB:FEATURE_LOCATION_CONFLICT::Coding region xref gene does not exist
prokka_out/CA140404:CDS	putative HTH-type transcriptional regulator	NODE_6_length_118826_cov_99.235318:c117547-117116	NFMMKAFD_01381

DiscRep_SUB:FEATURE_LOCATION_CONFLICT::RNA feature xref gene does not exist
prokka_out/CA140404:tRNA	Sec	NODE_6_length_118826_cov_99.235318:c59297-59204	NFMMKAFD_01325

DiscRep_SUB:FEATURE_LOCATION_CONFLICT::Coding region xref gene does not exist
prokka_out/CA140404:CDS	High-affinity zinc uptake system protein ZnuA	NODE_7_length_101867_cov_100.273806:1385-2275	NFMMKAFD_01382

DiscRep_SUB:FEATURE_LOCATION_CONFLICT::Coding region xref gene does not exist
prokka_out/CA140404:CDS	Vitamin B12 import ATP-binding protein BtuD	NODE_7_length_101867_cov_100.273806:2288-3142	NFMMKAFD_01383

DiscRep_SUB:FEATURE_LOCATION_CONFLICT::Coding region xref gene does not exist
prokka_out/CA140404:CDS	Manganese transport system membrane protein MntB	NODE_7_length_101867_cov_100.273806:3135-3938	NFMMKAFD_01384

DiscRep_SUB:FEATURE_LOCATION_CONFLICT::Coding region xref gene does not exist
prokka_out/CA140404:CDS	hypothetical protein	NODE_7_length_101867_cov_100.273806:c5258-3927	NFMMKAFD_01385

DiscRep_SUB:FEATURE_LOCATION_CONFLICT::Coding region xref gene does not exist
prokka_out/CA140404:CDS	hypothetical protein	NODE_7_length_101867_cov_100.273806:c7026-5251	NFMMKAFD_01386

DiscRep_SUB:FEATURE_LOCATION_CONFLICT::Coding region xref gene does not exist
prokka_out/CA140404:CDS	Ribosome maturation factor RimP	NODE_7_length_101867_cov_100.273806:c7507-7085	NFMMKAFD_01387

DiscRep_SUB:FEATURE_LOCATION_CONFLICT::Coding region xref gene does not exist
prokka_out/CA140404:CDS	Ribosome-binding factor A	NODE_7_length_101867_cov_100.273806:c7859-7497	NFMMKAFD_01388

DiscRep_SUB:FEATURE_LOCATION_CONFLICT::Coding region xref gene does not exist
prokka_out/CA140404:CDS	Translation initiation factor IF-2	NODE_7_length_101867_cov_100.273806:c10441-7856	NFMMKAFD_01389

DiscRep_SUB:FEATURE_LOCATION_CONFLICT::Coding region xref gene does not exist
prokka_out/CA140404:CDS	hypothetical protein	NODE_7_length_101867_cov_100.273806:c10625-10428	NFMMKAFD_01390

DiscRep_SUB:FEATURE_LOCATION_CONFLICT::Coding region xref gene does not exist
prokka_out/CA140404:CDS	Homoserine kinase	NODE_7_length_101867_cov_100.273806:c11588-10710	NFMMKAFD_01391

DiscRep_SUB:FEATURE_LOCATION_CONFLICT::Coding region xref gene does not exist
prokka_out/CA140404:CDS	hypothetical protein	NODE_7_length_101867_cov_100.273806:c11998-11597	NFMMKAFD_01392

DiscRep_SUB:FEATURE_LOCATION_CONFLICT::Coding region xref gene does not exist
prokka_out/CA140404:CDS	UDP-3-O-acyl-N-acetylglucosamine deacetylase	NODE_7_length_101867_cov_100.273806:c12921-12037	NFMMKAFD_01393

DiscRep_SUB:FEATURE_LOCATION_CONFLICT::Coding region xref gene does not exist
prokka_out/CA140404:CDS	hypothetical protein	NODE_7_length_101867_cov_100.273806:c14294-12921	NFMMKAFD_01394

DiscRep_SUB:FEATURE_LOCATION_CONFLICT::Coding region xref gene does not exist
prokka_out/CA140404:CDS	Cyclohexadienyl dehydrogenase	NODE_7_length_101867_cov_100.273806:c15201-14374	NFMMKAFD_01395

DiscRep_SUB:FEATURE_LOCATION_CONFLICT::Coding region xref gene does not exist
prokka_out/CA140404:CDS	Outer membrane protein assembly factor BamA	NODE_7_length_101867_cov_100.273806:15278-17497	NFMMKAFD_01396

DiscRep_SUB:FEATURE_LOCATION_CONFLICT::Coding region xref gene does not exist
prokka_out/CA140404:CDS	hypothetical protein	NODE_7_length_101867_cov_100.273806:17497-18219	NFMMKAFD_01397

DiscRep_SUB:FEATURE_LOCATION_CONFLICT::Coding region xref gene does not exist
prokka_out/CA140404:CDS	Acetyl-coenzyme A carboxylase carboxyl transferase subunit beta	NODE_7_length_101867_cov_100.273806:18228-19070	NFMMKAFD_01398

DiscRep_SUB:FEATURE_LOCATION_CONFLICT::Coding region xref gene does not exist
prokka_out/CA140404:CDS	Ribosomal RNA large subunit methyltransferase H	NODE_7_length_101867_cov_100.273806:19072-19521	NFMMKAFD_01399

DiscRep_SUB:FEATURE_LOCATION_CONFLICT::Coding region xref gene does not exist
prokka_out/CA140404:CDS	RNA polymerase-binding transcription factor DksA	NODE_7_length_101867_cov_100.273806:19533-19895	NFMMKAFD_01400

DiscRep_SUB:FEATURE_LOCATION_CONFLICT::Coding region xref gene does not exist
prokka_out/CA140404:CDS	hypothetical protein	NODE_7_length_101867_cov_100.273806:19885-20871	NFMMKAFD_01401

DiscRep_SUB:FEATURE_LOCATION_CONFLICT::Coding region xref gene does not exist
prokka_out/CA140404:CDS	tRNA-dihydrouridine synthase B	NODE_7_length_101867_cov_100.273806:20868-21794	NFMMKAFD_01402

DiscRep_SUB:FEATURE_LOCATION_CONFLICT::Coding region xref gene does not exist
prokka_out/CA140404:CDS	hypothetical protein	NODE_7_length_101867_cov_100.273806:c22508-21819	NFMMKAFD_01403

DiscRep_SUB:FEATURE_LOCATION_CONFLICT::Coding region xref gene does not exist
prokka_out/CA140404:CDS	Endoribonuclease YbeY	NODE_7_length_101867_cov_100.273806:c23039-22632	NFMMKAFD_01404

DiscRep_SUB:FEATURE_LOCATION_CONFLICT::Coding region xref gene does not exist
prokka_out/CA140404:CDS	hypothetical protein	NODE_7_length_101867_cov_100.273806:c23650-23036	NFMMKAFD_01405

DiscRep_SUB:FEATURE_LOCATION_CONFLICT::Coding region xref gene does not exist
prokka_out/CA140404:CDS	hypothetical protein	NODE_7_length_101867_cov_100.273806:c24171-23650	NFMMKAFD_01406

DiscRep_SUB:FEATURE_LOCATION_CONFLICT::Coding region xref gene does not exist
prokka_out/CA140404:CDS	tRNA-cytidine(32) 2-sulfurtransferase	NODE_7_length_101867_cov_100.273806:c24931-24176	NFMMKAFD_01407

DiscRep_SUB:FEATURE_LOCATION_CONFLICT::Coding region xref gene does not exist
prokka_out/CA140404:CDS	Aminodeoxyfutalosine nucleosidase	NODE_7_length_101867_cov_100.273806:c25614-24928	NFMMKAFD_01408

DiscRep_SUB:FEATURE_LOCATION_CONFLICT::Coding region xref gene does not exist
prokka_out/CA140404:CDS	Malonyl CoA-acyl carrier protein transacylase	NODE_7_length_101867_cov_100.273806:c26534-25614	NFMMKAFD_01409

DiscRep_SUB:FEATURE_LOCATION_CONFLICT::Coding region xref gene does not exist
prokka_out/CA140404:CDS	hypothetical protein	NODE_7_length_101867_cov_100.273806:c27103-26534	NFMMKAFD_01410

DiscRep_SUB:FEATURE_LOCATION_CONFLICT::Coding region xref gene does not exist
prokka_out/CA140404:CDS	Cell division coordinator CpoB	NODE_7_length_101867_cov_100.273806:c28065-27118	NFMMKAFD_01411

DiscRep_SUB:FEATURE_LOCATION_CONFLICT::Coding region xref gene does not exist
prokka_out/CA140404:CDS	Peptidoglycan-associated lipoprotein	NODE_7_length_101867_cov_100.273806:c28566-28069	NFMMKAFD_01412

DiscRep_SUB:FEATURE_LOCATION_CONFLICT::Coding region xref gene does not exist
prokka_out/CA140404:CDS	Tol-Pal system protein TolB	NODE_7_length_101867_cov_100.273806:c29851-28643	NFMMKAFD_01413

DiscRep_SUB:FEATURE_LOCATION_CONFLICT::Coding region xref gene does not exist
prokka_out/CA140404:CDS	hypothetical protein	NODE_7_length_101867_cov_100.273806:c30640-29861	NFMMKAFD_01414

DiscRep_SUB:FEATURE_LOCATION_CONFLICT::Coding region xref gene does not exist
prokka_out/CA140404:CDS	Biopolymer transport protein ExbD	NODE_7_length_101867_cov_100.273806:c31032-30643	NFMMKAFD_01415

DiscRep_SUB:FEATURE_LOCATION_CONFLICT::Coding region xref gene does not exist
prokka_out/CA140404:CDS	Tol-Pal system protein TolQ	NODE_7_length_101867_cov_100.273806:c31595-31041	NFMMKAFD_01416

DiscRep_SUB:FEATURE_LOCATION_CONFLICT::Coding region xref gene does not exist
prokka_out/CA140404:CDS	ATP synthase epsilon chain	NODE_7_length_101867_cov_100.273806:c31984-31595	NFMMKAFD_01417

DiscRep_SUB:FEATURE_LOCATION_CONFLICT::Coding region xref gene does not exist
prokka_out/CA140404:CDS	ATP synthase subunit beta	NODE_7_length_101867_cov_100.273806:c33385-31988	NFMMKAFD_01418

DiscRep_SUB:FEATURE_LOCATION_CONFLICT::Coding region xref gene does not exist
prokka_out/CA140404:CDS	ATP synthase gamma chain	NODE_7_length_101867_cov_100.273806:c34295-33411	NFMMKAFD_01419

DiscRep_SUB:FEATURE_LOCATION_CONFLICT::Coding region xref gene does not exist
prokka_out/CA140404:CDS	ATP synthase subunit alpha	NODE_7_length_101867_cov_100.273806:c35809-34304	NFMMKAFD_01420

DiscRep_SUB:FEATURE_LOCATION_CONFLICT::Coding region xref gene does not exist
prokka_out/CA140404:CDS	ATP synthase subunit delta	NODE_7_length_101867_cov_100.273806:c36344-35823	NFMMKAFD_01421

DiscRep_SUB:FEATURE_LOCATION_CONFLICT::Coding region xref gene does not exist
prokka_out/CA140404:CDS	ATP synthase subunit b	NODE_7_length_101867_cov_100.273806:c36859-36347	NFMMKAFD_01422

DiscRep_SUB:FEATURE_LOCATION_CONFLICT::Coding region xref gene does not exist
prokka_out/CA140404:CDS	ATP synthase subunit b'	NODE_7_length_101867_cov_100.273806:c37295-36870	NFMMKAFD_01423

DiscRep_SUB:FEATURE_LOCATION_CONFLICT::Coding region xref gene does not exist
prokka_out/CA140404:CDS	putative chromosome-partitioning protein ParB	NODE_7_length_101867_cov_100.273806:c38192-37356	NFMMKAFD_01424

DiscRep_SUB:FEATURE_LOCATION_CONFLICT::Coding region xref gene does not exist
prokka_out/CA140404:CDS	Sporulation initiation inhibitor protein Soj	NODE_7_length_101867_cov_100.273806:c38983-38198	NFMMKAFD_01425

DiscRep_SUB:FEATURE_LOCATION_CONFLICT::Coding region xref gene does not exist
prokka_out/CA140404:CDS	Bifunctional ligase/repressor BirA	NODE_7_length_101867_cov_100.273806:c39633-38980	NFMMKAFD_01426

DiscRep_SUB:FEATURE_LOCATION_CONFLICT::Coding region xref gene does not exist
prokka_out/CA140404:CDS	Methionyl-tRNA formyltransferase	NODE_7_length_101867_cov_100.273806:c40513-39596	NFMMKAFD_01427

DiscRep_SUB:FEATURE_LOCATION_CONFLICT::Coding region xref gene does not exist
prokka_out/CA140404:CDS	Glutamate 5-kinase	NODE_7_length_101867_cov_100.273806:c41342-40587	NFMMKAFD_01428

DiscRep_SUB:FEATURE_LOCATION_CONFLICT::Coding region xref gene does not exist
prokka_out/CA140404:CDS	GTPase Obg	NODE_7_length_101867_cov_100.273806:c42502-41465	NFMMKAFD_01429

DiscRep_SUB:FEATURE_LOCATION_CONFLICT::Coding region xref gene does not exist
prokka_out/CA140404:CDS	50S ribosomal protein L27	NODE_7_length_101867_cov_100.273806:c42863-42609	NFMMKAFD_01430

DiscRep_SUB:FEATURE_LOCATION_CONFLICT::Coding region xref gene does not exist
prokka_out/CA140404:CDS	50S ribosomal protein L21	NODE_7_length_101867_cov_100.273806:c43182-42874	NFMMKAFD_01431

DiscRep_SUB:FEATURE_LOCATION_CONFLICT::Coding region xref gene does not exist
prokka_out/CA140404:CDS	hypothetical protein	NODE_7_length_101867_cov_100.273806:c44543-43341	NFMMKAFD_01432

DiscRep_SUB:FEATURE_LOCATION_CONFLICT::Coding region xref gene does not exist
prokka_out/CA140404:CDS	hypothetical protein	NODE_7_length_101867_cov_100.273806:c45890-44553	NFMMKAFD_01433

DiscRep_SUB:FEATURE_LOCATION_CONFLICT::Coding region xref gene does not exist
prokka_out/CA140404:CDS	hypothetical protein	NODE_7_length_101867_cov_100.273806:c46596-45973	NFMMKAFD_01434

DiscRep_SUB:FEATURE_LOCATION_CONFLICT::Coding region xref gene does not exist
prokka_out/CA140404:CDS	hypothetical protein	NODE_7_length_101867_cov_100.273806:c46989-46621	NFMMKAFD_01435

DiscRep_SUB:FEATURE_LOCATION_CONFLICT::Coding region xref gene does not exist
prokka_out/CA140404:CDS	hypothetical protein	NODE_7_length_101867_cov_100.273806:c48360-46999	NFMMKAFD_01436

DiscRep_SUB:FEATURE_LOCATION_CONFLICT::Coding region xref gene does not exist
prokka_out/CA140404:CDS	Anaerobic C4-dicarboxylate transporter DcuA	NODE_7_length_101867_cov_100.273806:c49803-48466	NFMMKAFD_01437

DiscRep_SUB:FEATURE_LOCATION_CONFLICT::Coding region xref gene does not exist
prokka_out/CA140404:CDS	Aspartate ammonia-lyase	NODE_7_length_101867_cov_100.273806:c51225-49819	NFMMKAFD_01438

DiscRep_SUB:FEATURE_LOCATION_CONFLICT::Coding region xref gene does not exist
prokka_out/CA140404:CDS	Uracil-DNA glycosylase	NODE_7_length_101867_cov_100.273806:51496-52191	NFMMKAFD_01439

DiscRep_SUB:FEATURE_LOCATION_CONFLICT::Coding region xref gene does not exist
prokka_out/CA140404:CDS	L-aspartate/glutamate-specific racemase	NODE_7_length_101867_cov_100.273806:52311-53006	NFMMKAFD_01440

DiscRep_SUB:FEATURE_LOCATION_CONFLICT::Coding region xref gene does not exist
prokka_out/CA140404:CDS	hypothetical protein	NODE_7_length_101867_cov_100.273806:c53190-53086	NFMMKAFD_01441

DiscRep_SUB:FEATURE_LOCATION_CONFLICT::Coding region xref gene does not exist
prokka_out/CA140404:CDS	Cytochrome bd-I ubiquinol oxidase subunit 2	NODE_7_length_101867_cov_100.273806:c54324-53200	NFMMKAFD_01442

DiscRep_SUB:FEATURE_LOCATION_CONFLICT::Coding region xref gene does not exist
prokka_out/CA140404:CDS	Cytochrome bd-I ubiquinol oxidase subunit 1	NODE_7_length_101867_cov_100.273806:c55886-54324	NFMMKAFD_01443

DiscRep_SUB:FEATURE_LOCATION_CONFLICT::Coding region xref gene does not exist
prokka_out/CA140404:CDS	hypothetical protein	NODE_7_length_101867_cov_100.273806:c56156-55887	NFMMKAFD_01444

DiscRep_SUB:FEATURE_LOCATION_CONFLICT::Coding region xref gene does not exist
prokka_out/CA140404:CDS	hypothetical protein	NODE_7_length_101867_cov_100.273806:56233-57039	NFMMKAFD_01445

DiscRep_SUB:FEATURE_LOCATION_CONFLICT::Coding region xref gene does not exist
prokka_out/CA140404:CDS	Cytolethal distending toxin subunit B	NODE_7_length_101867_cov_100.273806:57036-57833	NFMMKAFD_01446

DiscRep_SUB:FEATURE_LOCATION_CONFLICT::Coding region xref gene does not exist
prokka_out/CA140404:CDS	hypothetical protein	NODE_7_length_101867_cov_100.273806:57844-58413	NFMMKAFD_01447

DiscRep_SUB:FEATURE_LOCATION_CONFLICT::Coding region xref gene does not exist
prokka_out/CA140404:CDS	L-lactate permease	NODE_7_length_101867_cov_100.273806:58585-60267	NFMMKAFD_01448

DiscRep_SUB:FEATURE_LOCATION_CONFLICT::Coding region xref gene does not exist
prokka_out/CA140404:CDS	Lactate utilization protein A	NODE_7_length_101867_cov_100.273806:60391-61131	NFMMKAFD_01449

DiscRep_SUB:FEATURE_LOCATION_CONFLICT::Coding region xref gene does not exist
prokka_out/CA140404:CDS	Lactate utilization protein B	NODE_7_length_101867_cov_100.273806:61128-62567	NFMMKAFD_01450

DiscRep_SUB:FEATURE_LOCATION_CONFLICT::Coding region xref gene does not exist
prokka_out/CA140404:CDS	Lactate utilization protein C	NODE_7_length_101867_cov_100.273806:62560-63216	NFMMKAFD_01451

DiscRep_SUB:FEATURE_LOCATION_CONFLICT::Coding region xref gene does not exist
prokka_out/CA140404:CDS	Bacteriohemerythrin	NODE_7_length_101867_cov_100.273806:63390-63683	NFMMKAFD_01452

DiscRep_SUB:FEATURE_LOCATION_CONFLICT::Coding region xref gene does not exist
prokka_out/CA140404:CDS	hypothetical protein	NODE_7_length_101867_cov_100.273806:63659-64009	NFMMKAFD_01453

DiscRep_SUB:FEATURE_LOCATION_CONFLICT::Coding region xref gene does not exist
prokka_out/CA140404:CDS	hypothetical protein	NODE_7_length_101867_cov_100.273806:c64472-64251	NFMMKAFD_01454

DiscRep_SUB:FEATURE_LOCATION_CONFLICT::Coding region xref gene does not exist
prokka_out/CA140404:CDS	hypothetical protein	NODE_7_length_101867_cov_100.273806:c65283-64549	NFMMKAFD_01455

DiscRep_SUB:FEATURE_LOCATION_CONFLICT::Coding region xref gene does not exist
prokka_out/CA140404:CDS	hypothetical protein	NODE_7_length_101867_cov_100.273806:c66258-65362	NFMMKAFD_01456

DiscRep_SUB:FEATURE_LOCATION_CONFLICT::Coding region xref gene does not exist
prokka_out/CA140404:CDS	Aminodeoxyfutalosine deaminase	NODE_7_length_101867_cov_100.273806:c67475-66246	NFMMKAFD_01457

DiscRep_SUB:FEATURE_LOCATION_CONFLICT::Coding region xref gene does not exist
prokka_out/CA140404:CDS	3-dehydroquinate dehydratase	NODE_7_length_101867_cov_100.273806:67566-68045	NFMMKAFD_01458

DiscRep_SUB:FEATURE_LOCATION_CONFLICT::Coding region xref gene does not exist
prokka_out/CA140404:CDS	2-amino-4-hydroxy-6-hydroxymethyldihydropteridine pyrophosphokinase	NODE_7_length_101867_cov_100.273806:68048-68521	NFMMKAFD_01459

DiscRep_SUB:FEATURE_LOCATION_CONFLICT::Coding region xref gene does not exist
prokka_out/CA140404:CDS	Signal recognition particle 54 kDa protein	NODE_7_length_101867_cov_100.273806:68531-69985	NFMMKAFD_01460

DiscRep_SUB:FEATURE_LOCATION_CONFLICT::Coding region xref gene does not exist
prokka_out/CA140404:CDS	Flagellum site-determining protein YlxH	NODE_7_length_101867_cov_100.273806:69978-70844	NFMMKAFD_01461

DiscRep_SUB:FEATURE_LOCATION_CONFLICT::Coding region xref gene does not exist
prokka_out/CA140404:CDS	hypothetical protein	NODE_7_length_101867_cov_100.273806:70863-71219	NFMMKAFD_01462

DiscRep_SUB:FEATURE_LOCATION_CONFLICT::Coding region xref gene does not exist
prokka_out/CA140404:CDS	RNA polymerase sigma factor FliA	NODE_7_length_101867_cov_100.273806:71176-71892	NFMMKAFD_01463

DiscRep_SUB:FEATURE_LOCATION_CONFLICT::Coding region xref gene does not exist
prokka_out/CA140404:CDS	Flagellar motor switch protein FliM	NODE_7_length_101867_cov_100.273806:71892-72971	NFMMKAFD_01464

DiscRep_SUB:FEATURE_LOCATION_CONFLICT::Coding region xref gene does not exist
prokka_out/CA140404:CDS	hypothetical protein	NODE_7_length_101867_cov_100.273806:72968-73810	NFMMKAFD_01465

DiscRep_SUB:FEATURE_LOCATION_CONFLICT::Coding region xref gene does not exist
prokka_out/CA140404:CDS	hypothetical protein	NODE_7_length_101867_cov_100.273806:c74290-73859	NFMMKAFD_01466

DiscRep_SUB:FEATURE_LOCATION_CONFLICT::Coding region xref gene does not exist
prokka_out/CA140404:CDS	hypothetical protein	NODE_7_length_101867_cov_100.273806:c74459-74334	NFMMKAFD_01467

DiscRep_SUB:FEATURE_LOCATION_CONFLICT::Coding region xref gene does not exist
prokka_out/CA140404:CDS	hypothetical protein	NODE_7_length_101867_cov_100.273806:c75259-74444	NFMMKAFD_01468

DiscRep_SUB:FEATURE_LOCATION_CONFLICT::Coding region xref gene does not exist
prokka_out/CA140404:CDS	hypothetical protein	NODE_7_length_101867_cov_100.273806:75579-76175	NFMMKAFD_01469

DiscRep_SUB:FEATURE_LOCATION_CONFLICT::Coding region xref gene does not exist
prokka_out/CA140404:CDS	hypothetical protein	NODE_7_length_101867_cov_100.273806:76196-76972	NFMMKAFD_01470

DiscRep_SUB:FEATURE_LOCATION_CONFLICT::Coding region xref gene does not exist
prokka_out/CA140404:CDS	hypothetical protein	NODE_7_length_101867_cov_100.273806:77094-77699	NFMMKAFD_01471

DiscRep_SUB:FEATURE_LOCATION_CONFLICT::Coding region xref gene does not exist
prokka_out/CA140404:CDS	tRNA-specific 2-thiouridylase MnmA	NODE_7_length_101867_cov_100.273806:77699-78715	NFMMKAFD_01472

DiscRep_SUB:FEATURE_LOCATION_CONFLICT::Coding region xref gene does not exist
prokka_out/CA140404:CDS	Putative malate transporter YflS	NODE_7_length_101867_cov_100.273806:c78910-78767	NFMMKAFD_01473

DiscRep_SUB:FEATURE_LOCATION_CONFLICT::Coding region xref gene does not exist
prokka_out/CA140404:CDS	hypothetical protein	NODE_7_length_101867_cov_100.273806:c79356-79111	NFMMKAFD_01474

DiscRep_SUB:FEATURE_LOCATION_CONFLICT::Coding region xref gene does not exist
prokka_out/CA140404:CDS	hypothetical protein	NODE_7_length_101867_cov_100.273806:c79791-79447	NFMMKAFD_01475

DiscRep_SUB:FEATURE_LOCATION_CONFLICT::Coding region xref gene does not exist
prokka_out/CA140404:CDS	Bacteriohemerythrin	NODE_7_length_101867_cov_100.273806:80670-81395	NFMMKAFD_01476

DiscRep_SUB:FEATURE_LOCATION_CONFLICT::Coding region xref gene does not exist
prokka_out/CA140404:CDS	hypothetical protein	NODE_7_length_101867_cov_100.273806:81392-83263	NFMMKAFD_01477

DiscRep_SUB:FEATURE_LOCATION_CONFLICT::Coding region xref gene does not exist
prokka_out/CA140404:CDS	hypothetical protein	NODE_7_length_101867_cov_100.273806:c84904-83267	NFMMKAFD_01478

DiscRep_SUB:FEATURE_LOCATION_CONFLICT::Coding region xref gene does not exist
prokka_out/CA140404:CDS	hypothetical protein	NODE_7_length_101867_cov_100.273806:c85792-84908	NFMMKAFD_01479

DiscRep_SUB:FEATURE_LOCATION_CONFLICT::Coding region xref gene does not exist
prokka_out/CA140404:CDS	hypothetical protein	NODE_7_length_101867_cov_100.273806:c87635-85845	NFMMKAFD_01480

DiscRep_SUB:FEATURE_LOCATION_CONFLICT::Coding region xref gene does not exist
prokka_out/CA140404:CDS	hypothetical protein	NODE_7_length_101867_cov_100.273806:c87977-87654	NFMMKAFD_01481

DiscRep_SUB:FEATURE_LOCATION_CONFLICT::Coding region xref gene does not exist
prokka_out/CA140404:CDS	GTP-binding protein TypA/BipA	NODE_7_length_101867_cov_100.273806:88112-89920	NFMMKAFD_01482

DiscRep_SUB:FEATURE_LOCATION_CONFLICT::Coding region xref gene does not exist
prokka_out/CA140404:CDS	hypothetical protein	NODE_7_length_101867_cov_100.273806:89920-90567	NFMMKAFD_01483

DiscRep_SUB:FEATURE_LOCATION_CONFLICT::Coding region xref gene does not exist
prokka_out/CA140404:CDS	hypothetical protein	NODE_7_length_101867_cov_100.273806:90745-91788	NFMMKAFD_01484

DiscRep_SUB:FEATURE_LOCATION_CONFLICT::Coding region xref gene does not exist
prokka_out/CA140404:CDS	hypothetical protein	NODE_7_length_101867_cov_100.273806:c93161-91812	NFMMKAFD_01485

DiscRep_SUB:FEATURE_LOCATION_CONFLICT::Coding region xref gene does not exist
prokka_out/CA140404:CDS	Bicyclomycin resistance protein	NODE_7_length_101867_cov_100.273806:93266-94468	NFMMKAFD_01486

DiscRep_SUB:FEATURE_LOCATION_CONFLICT::Coding region xref gene does not exist
prokka_out/CA140404:CDS	hypothetical protein	NODE_7_length_101867_cov_100.273806:94465-95166	NFMMKAFD_01487

DiscRep_SUB:FEATURE_LOCATION_CONFLICT::Coding region xref gene does not exist
prokka_out/CA140404:CDS	hypothetical protein	NODE_7_length_101867_cov_100.273806:c96442-95249	NFMMKAFD_01488

DiscRep_SUB:FEATURE_LOCATION_CONFLICT::Coding region xref gene does not exist
prokka_out/CA140404:CDS	hypothetical protein	NODE_7_length_101867_cov_100.273806:c100191-96430	NFMMKAFD_01489

DiscRep_SUB:FEATURE_LOCATION_CONFLICT::Coding region xref gene does not exist
prokka_out/CA140404:CDS	hypothetical protein	NODE_7_length_101867_cov_100.273806:c101649-100252	NFMMKAFD_01490

DiscRep_SUB:FEATURE_LOCATION_CONFLICT::Coding region xref gene does not exist
prokka_out/CA140404:CDS	hypothetical protein	NODE_8_length_99418_cov_97.298305:113-1909	NFMMKAFD_01491

DiscRep_SUB:FEATURE_LOCATION_CONFLICT::Coding region xref gene does not exist
prokka_out/CA140404:CDS	dTDP-4-dehydrorhamnose 3,5-epimerase	NODE_8_length_99418_cov_97.298305:1909-2454	NFMMKAFD_01492

DiscRep_SUB:FEATURE_LOCATION_CONFLICT::Coding region xref gene does not exist
prokka_out/CA140404:CDS	GDP-L-fucose synthase	NODE_8_length_99418_cov_97.298305:2454-3494	NFMMKAFD_01493

DiscRep_SUB:FEATURE_LOCATION_CONFLICT::Coding region xref gene does not exist
prokka_out/CA140404:CDS	GDP-6-deoxy-D-mannose reductase	NODE_8_length_99418_cov_97.298305:3503-4537	NFMMKAFD_01494

DiscRep_SUB:FEATURE_LOCATION_CONFLICT::Coding region xref gene does not exist
prokka_out/CA140404:CDS	CDP-paratose 2-epimerase	NODE_8_length_99418_cov_97.298305:4561-5499	NFMMKAFD_01495

DiscRep_SUB:FEATURE_LOCATION_CONFLICT::Coding region xref gene does not exist
prokka_out/CA140404:CDS	D-glycero-alpha-D-manno-heptose 7-phosphate kinase	NODE_8_length_99418_cov_97.298305:5574-6593	NFMMKAFD_01496

DiscRep_SUB:FEATURE_LOCATION_CONFLICT::Coding region xref gene does not exist
prokka_out/CA140404:CDS	hypothetical protein	NODE_8_length_99418_cov_97.298305:6581-6739	NFMMKAFD_01497

DiscRep_SUB:FEATURE_LOCATION_CONFLICT::Coding region xref gene does not exist
prokka_out/CA140404:CDS	hypothetical protein	NODE_8_length_99418_cov_97.298305:6808-7806	NFMMKAFD_01498

DiscRep_SUB:FEATURE_LOCATION_CONFLICT::Coding region xref gene does not exist
prokka_out/CA140404:CDS	Phosphoheptose isomerase	NODE_8_length_99418_cov_97.298305:7812-8417	NFMMKAFD_01499

DiscRep_SUB:FEATURE_LOCATION_CONFLICT::Coding region xref gene does not exist
prokka_out/CA140404:CDS	D-glycero-alpha-D-manno-heptose 1-phosphate guanylyltransferase	NODE_8_length_99418_cov_97.298305:8405-9079	NFMMKAFD_01500

DiscRep_SUB:FEATURE_LOCATION_CONFLICT::Coding region xref gene does not exist
prokka_out/CA140404:CDS	hypothetical protein	NODE_8_length_99418_cov_97.298305:9092-10894	NFMMKAFD_01501

DiscRep_SUB:FEATURE_LOCATION_CONFLICT::Coding region xref gene does not exist
prokka_out/CA140404:CDS	hypothetical protein	NODE_8_length_99418_cov_97.298305:10974-12758	NFMMKAFD_01502

DiscRep_SUB:FEATURE_LOCATION_CONFLICT::Coding region xref gene does not exist
prokka_out/CA140404:CDS	2-methoxy-6-polyprenyl-1,4-benzoquinol methylase, mitochondrial	NODE_8_length_99418_cov_97.298305:12825-13598	NFMMKAFD_01503

DiscRep_SUB:FEATURE_LOCATION_CONFLICT::Coding region xref gene does not exist
prokka_out/CA140404:CDS	2-methoxy-6-polyprenyl-1,4-benzoquinol methylase, mitochondrial	NODE_8_length_99418_cov_97.298305:13649-14410	NFMMKAFD_01504

DiscRep_SUB:FEATURE_LOCATION_CONFLICT::Coding region xref gene does not exist
prokka_out/CA140404:CDS	L-glutamine kinase	NODE_8_length_99418_cov_97.298305:14425-16764	NFMMKAFD_01505

DiscRep_SUB:FEATURE_LOCATION_CONFLICT::Coding region xref gene does not exist
prokka_out/CA140404:CDS	Gamma-glutamyl-CDP-amidate hydrolase	NODE_8_length_99418_cov_97.298305:16755-17357	NFMMKAFD_01506

DiscRep_SUB:FEATURE_LOCATION_CONFLICT::Coding region xref gene does not exist
prokka_out/CA140404:CDS	CTP:phosphoglutamine cytidylyltransferase	NODE_8_length_99418_cov_97.298305:17359-18120	NFMMKAFD_01507

DiscRep_SUB:FEATURE_LOCATION_CONFLICT::Coding region xref gene does not exist
prokka_out/CA140404:CDS	Cytidine diphosphoramidate kinase	NODE_8_length_99418_cov_97.298305:18110-18622	NFMMKAFD_01508

DiscRep_SUB:FEATURE_LOCATION_CONFLICT::Coding region xref gene does not exist
prokka_out/CA140404:CDS	hypothetical protein	NODE_8_length_99418_cov_97.298305:18619-20688	NFMMKAFD_01509

DiscRep_SUB:FEATURE_LOCATION_CONFLICT::Coding region xref gene does not exist
prokka_out/CA140404:CDS	hypothetical protein	NODE_8_length_99418_cov_97.298305:20685-21869	NFMMKAFD_01510

DiscRep_SUB:FEATURE_LOCATION_CONFLICT::Coding region xref gene does not exist
prokka_out/CA140404:CDS	hypothetical protein	NODE_8_length_99418_cov_97.298305:21942-23063	NFMMKAFD_01511

DiscRep_SUB:FEATURE_LOCATION_CONFLICT::Coding region xref gene does not exist
prokka_out/CA140404:CDS	Bifunctional cytochrome P450/NADPH--P450 reductase	NODE_8_length_99418_cov_97.298305:23060-24421	NFMMKAFD_01512

DiscRep_SUB:FEATURE_LOCATION_CONFLICT::Coding region xref gene does not exist
prokka_out/CA140404:CDS	hypothetical protein	NODE_8_length_99418_cov_97.298305:24418-24837	NFMMKAFD_01513

DiscRep_SUB:FEATURE_LOCATION_CONFLICT::Coding region xref gene does not exist
prokka_out/CA140404:CDS	Holo-[acyl-carrier-protein] synthase	NODE_8_length_99418_cov_97.298305:c25185-24838	NFMMKAFD_01514

DiscRep_SUB:FEATURE_LOCATION_CONFLICT::Coding region xref gene does not exist
prokka_out/CA140404:CDS	hypothetical protein	NODE_8_length_99418_cov_97.298305:c25721-25185	NFMMKAFD_01515

DiscRep_SUB:FEATURE_LOCATION_CONFLICT::Coding region xref gene does not exist
prokka_out/CA140404:CDS	Phosphomannomutase/phosphoglucomutase	NODE_8_length_99418_cov_97.298305:25844-27214	NFMMKAFD_01516

DiscRep_SUB:FEATURE_LOCATION_CONFLICT::Coding region xref gene does not exist
prokka_out/CA140404:CDS	hypothetical protein	NODE_8_length_99418_cov_97.298305:27261-27638	NFMMKAFD_01517

DiscRep_SUB:FEATURE_LOCATION_CONFLICT::Coding region xref gene does not exist
prokka_out/CA140404:CDS	Ribosomal silencing factor RsfS	NODE_8_length_99418_cov_97.298305:c27995-27669	NFMMKAFD_01518

DiscRep_SUB:FEATURE_LOCATION_CONFLICT::Coding region xref gene does not exist
prokka_out/CA140404:CDS	Nicotinate-nucleotide adenylyltransferase	NODE_8_length_99418_cov_97.298305:c28568-28023	NFMMKAFD_01519

DiscRep_SUB:FEATURE_LOCATION_CONFLICT::Coding region xref gene does not exist
prokka_out/CA140404:CDS	Glyceraldehyde-3-phosphate dehydrogenase 1	NODE_8_length_99418_cov_97.298305:28628-29626	NFMMKAFD_01520

DiscRep_SUB:FEATURE_LOCATION_CONFLICT::Coding region xref gene does not exist
prokka_out/CA140404:CDS	Phosphoglycerate kinase	NODE_8_length_99418_cov_97.298305:29629-30831	NFMMKAFD_01521

DiscRep_SUB:FEATURE_LOCATION_CONFLICT::Coding region xref gene does not exist
prokka_out/CA140404:CDS	Triosephosphate isomerase	NODE_8_length_99418_cov_97.298305:30828-31499	NFMMKAFD_01522

DiscRep_SUB:FEATURE_LOCATION_CONFLICT::Coding region xref gene does not exist
prokka_out/CA140404:CDS	Enoyl-[acyl-carrier-protein] reductase [NADH] FabI	NODE_8_length_99418_cov_97.298305:31503-32327	NFMMKAFD_01523

DiscRep_SUB:FEATURE_LOCATION_CONFLICT::Coding region xref gene does not exist
prokka_out/CA140404:CDS	hypothetical protein	NODE_8_length_99418_cov_97.298305:32331-33824	NFMMKAFD_01524

DiscRep_SUB:FEATURE_LOCATION_CONFLICT::Coding region xref gene does not exist
prokka_out/CA140404:CDS	Fe(2+) transporter FeoB	NODE_8_length_99418_cov_97.298305:c34930-33821	NFMMKAFD_01525

DiscRep_SUB:FEATURE_LOCATION_CONFLICT::Coding region xref gene does not exist
prokka_out/CA140404:CDS	Fe(2+) transporter FeoB	NODE_8_length_99418_cov_97.298305:c35660-35007	NFMMKAFD_01526

DiscRep_SUB:FEATURE_LOCATION_CONFLICT::Coding region xref gene does not exist
prokka_out/CA140404:CDS	Putative Fe(2+) transport protein A	NODE_8_length_99418_cov_97.298305:c35881-35657	NFMMKAFD_01527

DiscRep_SUB:FEATURE_LOCATION_CONFLICT::Coding region xref gene does not exist
prokka_out/CA140404:CDS	hypothetical protein	NODE_8_length_99418_cov_97.298305:c36304-35963	NFMMKAFD_01528

DiscRep_SUB:FEATURE_LOCATION_CONFLICT::Coding region xref gene does not exist
prokka_out/CA140404:CDS	hypothetical protein	NODE_8_length_99418_cov_97.298305:c37298-36447	NFMMKAFD_01529

DiscRep_SUB:FEATURE_LOCATION_CONFLICT::Coding region xref gene does not exist
prokka_out/CA140404:CDS	3-carboxy-cis,cis-muconate cycloisomerase	NODE_8_length_99418_cov_97.298305:c38674-37307	NFMMKAFD_01530

DiscRep_SUB:FEATURE_LOCATION_CONFLICT::Coding region xref gene does not exist
prokka_out/CA140404:CDS	Cystathionine beta-lyase	NODE_8_length_99418_cov_97.298305:c39259-38684	NFMMKAFD_01531

DiscRep_SUB:FEATURE_LOCATION_CONFLICT::Coding region xref gene does not exist
prokka_out/CA140404:CDS	Cystathionine beta-lyase MetC	NODE_8_length_99418_cov_97.298305:c39848-39414	NFMMKAFD_01532

DiscRep_SUB:FEATURE_LOCATION_CONFLICT::Coding region xref gene does not exist
prokka_out/CA140404:CDS	Putative cryptic C4-dicarboxylate transporter DcuD	NODE_8_length_99418_cov_97.298305:c40619-39861	NFMMKAFD_01533

DiscRep_SUB:FEATURE_LOCATION_CONFLICT::Coding region xref gene does not exist
prokka_out/CA140404:CDS	Putative cryptic C4-dicarboxylate transporter DcuD	NODE_8_length_99418_cov_97.298305:c40878-40588	NFMMKAFD_01534

DiscRep_SUB:FEATURE_LOCATION_CONFLICT::Coding region xref gene does not exist
prokka_out/CA140404:CDS	hypothetical protein	NODE_8_length_99418_cov_97.298305:c41301-40990	NFMMKAFD_01535

DiscRep_SUB:FEATURE_LOCATION_CONFLICT::Coding region xref gene does not exist
prokka_out/CA140404:CDS	2-iminobutanoate/2-iminopropanoate deaminase	NODE_8_length_99418_cov_97.298305:c41667-41305	NFMMKAFD_01536

DiscRep_SUB:FEATURE_LOCATION_CONFLICT::Coding region xref gene does not exist
prokka_out/CA140404:CDS	hypothetical protein	NODE_8_length_99418_cov_97.298305:41835-42491	NFMMKAFD_01537

DiscRep_SUB:FEATURE_LOCATION_CONFLICT::Coding region xref gene does not exist
prokka_out/CA140404:CDS	hypothetical protein	NODE_8_length_99418_cov_97.298305:c42962-42492	NFMMKAFD_01538

DiscRep_SUB:FEATURE_LOCATION_CONFLICT::Coding region xref gene does not exist
prokka_out/CA140404:CDS	Catalase	NODE_8_length_99418_cov_97.298305:c44443-43019	NFMMKAFD_01539

DiscRep_SUB:FEATURE_LOCATION_CONFLICT::Coding region xref gene does not exist
prokka_out/CA140404:CDS	hypothetical protein	NODE_8_length_99418_cov_97.298305:44614-44928	NFMMKAFD_01540

DiscRep_SUB:FEATURE_LOCATION_CONFLICT::Coding region xref gene does not exist
prokka_out/CA140404:CDS	hypothetical protein	NODE_8_length_99418_cov_97.298305:44931-45626	NFMMKAFD_01541

DiscRep_SUB:FEATURE_LOCATION_CONFLICT::Coding region xref gene does not exist
prokka_out/CA140404:CDS	Flavodoxin 2	NODE_8_length_99418_cov_97.298305:45626-46117	NFMMKAFD_01542

DiscRep_SUB:FEATURE_LOCATION_CONFLICT::Coding region xref gene does not exist
prokka_out/CA140404:CDS	hypothetical protein	NODE_8_length_99418_cov_97.298305:c46693-46163	NFMMKAFD_01543

DiscRep_SUB:FEATURE_LOCATION_CONFLICT::Coding region xref gene does not exist
prokka_out/CA140404:CDS	hypothetical protein	NODE_8_length_99418_cov_97.298305:c47409-46699	NFMMKAFD_01544

DiscRep_SUB:FEATURE_LOCATION_CONFLICT::Coding region xref gene does not exist
prokka_out/CA140404:CDS	Selenocysteine-specific elongation factor	NODE_8_length_99418_cov_97.298305:c49263-47458	NFMMKAFD_01545

DiscRep_SUB:FEATURE_LOCATION_CONFLICT::Coding region xref gene does not exist
prokka_out/CA140404:CDS	L-seryl-tRNA(Sec) selenium transferase	NODE_8_length_99418_cov_97.298305:c50582-49260	NFMMKAFD_01546

DiscRep_SUB:FEATURE_LOCATION_CONFLICT::Coding region xref gene does not exist
prokka_out/CA140404:CDS	Ion-translocating oxidoreductase complex subunit B	NODE_8_length_99418_cov_97.298305:50660-52333	NFMMKAFD_01547

DiscRep_SUB:FEATURE_LOCATION_CONFLICT::Coding region xref gene does not exist
prokka_out/CA140404:CDS	Inner membrane transport protein YajR	NODE_8_length_99418_cov_97.298305:c53631-52330	NFMMKAFD_01548

DiscRep_SUB:FEATURE_LOCATION_CONFLICT::Coding region xref gene does not exist
prokka_out/CA140404:CDS	dITP/XTP pyrophosphatase	NODE_8_length_99418_cov_97.298305:53797-54399	NFMMKAFD_01549

DiscRep_SUB:FEATURE_LOCATION_CONFLICT::Coding region xref gene does not exist
prokka_out/CA140404:CDS	hypothetical protein	NODE_8_length_99418_cov_97.298305:c56901-54430	NFMMKAFD_01550

DiscRep_SUB:FEATURE_LOCATION_CONFLICT::Coding region xref gene does not exist
prokka_out/CA140404:CDS	hypothetical protein	NODE_8_length_99418_cov_97.298305:c57470-56901	NFMMKAFD_01551

DiscRep_SUB:FEATURE_LOCATION_CONFLICT::Coding region xref gene does not exist
prokka_out/CA140404:CDS	Intermembrane phospholipid transport system lipoprotein MlaA	NODE_8_length_99418_cov_97.298305:c58178-57480	NFMMKAFD_01552

DiscRep_SUB:FEATURE_LOCATION_CONFLICT::Coding region xref gene does not exist
prokka_out/CA140404:CDS	Xanthine phosphoribosyltransferase	NODE_8_length_99418_cov_97.298305:c58666-58223	NFMMKAFD_01553

DiscRep_SUB:FEATURE_LOCATION_CONFLICT::Coding region xref gene does not exist
prokka_out/CA140404:CDS	Adenine permease AdeQ	NODE_8_length_99418_cov_97.298305:c59999-58680	NFMMKAFD_01554

DiscRep_SUB:FEATURE_LOCATION_CONFLICT::Coding region xref gene does not exist
prokka_out/CA140404:CDS	Aminodeoxyfutalosine synthase	NODE_8_length_99418_cov_97.298305:c61073-60009	NFMMKAFD_01555

DiscRep_SUB:FEATURE_LOCATION_CONFLICT::Coding region xref gene does not exist
prokka_out/CA140404:CDS	Bifunctional uridylyltransferase/uridylyl-removing enzyme	NODE_8_length_99418_cov_97.298305:61217-63565	NFMMKAFD_01556

DiscRep_SUB:FEATURE_LOCATION_CONFLICT::Coding region xref gene does not exist
prokka_out/CA140404:CDS	Glutamine--fructose-6-phosphate aminotransferase [isomerizing]	NODE_8_length_99418_cov_97.298305:63570-65366	NFMMKAFD_01557

DiscRep_SUB:FEATURE_LOCATION_CONFLICT::Coding region xref gene does not exist
prokka_out/CA140404:CDS	hypothetical protein	NODE_8_length_99418_cov_97.298305:65369-68494	NFMMKAFD_01558

DiscRep_SUB:FEATURE_LOCATION_CONFLICT::Coding region xref gene does not exist
prokka_out/CA140404:CDS	Fumarate hydratase class II	NODE_8_length_99418_cov_97.298305:68550-69941	NFMMKAFD_01559

DiscRep_SUB:FEATURE_LOCATION_CONFLICT::Coding region xref gene does not exist
prokka_out/CA140404:CDS	Putative transport protein	NODE_8_length_99418_cov_97.298305:c71014-69971	NFMMKAFD_01560

DiscRep_SUB:FEATURE_LOCATION_CONFLICT::Coding region xref gene does not exist
prokka_out/CA140404:CDS	Holliday junction ATP-dependent DNA helicase RuvB	NODE_8_length_99418_cov_97.298305:c72025-71018	NFMMKAFD_01561

DiscRep_SUB:FEATURE_LOCATION_CONFLICT::Coding region xref gene does not exist
prokka_out/CA140404:CDS	hypothetical protein	NODE_8_length_99418_cov_97.298305:72116-72526	NFMMKAFD_01562

DiscRep_SUB:FEATURE_LOCATION_CONFLICT::Coding region xref gene does not exist
prokka_out/CA140404:CDS	hypothetical protein	NODE_8_length_99418_cov_97.298305:73119-73403	NFMMKAFD_01564

DiscRep_SUB:FEATURE_LOCATION_CONFLICT::Coding region xref gene does not exist
prokka_out/CA140404:CDS	hypothetical protein	NODE_8_length_99418_cov_97.298305:73604-75310	NFMMKAFD_01565

DiscRep_SUB:FEATURE_LOCATION_CONFLICT::Coding region xref gene does not exist
prokka_out/CA140404:CDS	tetracycline resistance ribosomal protection protein Tet(O)	NODE_8_length_99418_cov_97.298305:c78004-76085	NFMMKAFD_01566

DiscRep_SUB:FEATURE_LOCATION_CONFLICT::Coding region xref gene does not exist
prokka_out/CA140404:CDS	hypothetical protein	NODE_8_length_99418_cov_97.298305:c79141-78758	NFMMKAFD_01567

DiscRep_SUB:FEATURE_LOCATION_CONFLICT::Coding region xref gene does not exist
prokka_out/CA140404:CDS	Polyphosphate kinase	NODE_8_length_99418_cov_97.298305:c81663-79579	NFMMKAFD_01568

DiscRep_SUB:FEATURE_LOCATION_CONFLICT::Coding region xref gene does not exist
prokka_out/CA140404:CDS	Cytochrome c-type protein NrfH	NODE_8_length_99418_cov_97.298305:81875-82366	NFMMKAFD_01569

DiscRep_SUB:FEATURE_LOCATION_CONFLICT::Coding region xref gene does not exist
prokka_out/CA140404:CDS	Cytochrome c-552	NODE_8_length_99418_cov_97.298305:82381-84213	NFMMKAFD_01570

DiscRep_SUB:FEATURE_LOCATION_CONFLICT::Coding region xref gene does not exist
prokka_out/CA140404:CDS	hypothetical protein	NODE_8_length_99418_cov_97.298305:84348-84902	NFMMKAFD_01571

DiscRep_SUB:FEATURE_LOCATION_CONFLICT::Coding region xref gene does not exist
prokka_out/CA140404:CDS	Petrobactin-binding protein YclQ	NODE_8_length_99418_cov_97.298305:c86120-85128	NFMMKAFD_01573

DiscRep_SUB:FEATURE_LOCATION_CONFLICT::Coding region xref gene does not exist
prokka_out/CA140404:CDS	Petrobactin import ATP-binding protein YclP	NODE_8_length_99418_cov_97.298305:c86888-86133	NFMMKAFD_01574

DiscRep_SUB:FEATURE_LOCATION_CONFLICT::Coding region xref gene does not exist
prokka_out/CA140404:CDS	Petrobactin import system permease protein YclO	NODE_8_length_99418_cov_97.298305:c87823-86885	NFMMKAFD_01575

DiscRep_SUB:FEATURE_LOCATION_CONFLICT::Coding region xref gene does not exist
prokka_out/CA140404:CDS	Petrobactin import system permease protein YclN	NODE_8_length_99418_cov_97.298305:c88784-87816	NFMMKAFD_01576

DiscRep_SUB:FEATURE_LOCATION_CONFLICT::Coding region xref gene does not exist
prokka_out/CA140404:CDS	hypothetical protein	NODE_8_length_99418_cov_97.298305:c89859-88870	NFMMKAFD_01577

DiscRep_SUB:FEATURE_LOCATION_CONFLICT::Coding region xref gene does not exist
prokka_out/CA140404:CDS	putative molybdenum cofactor guanylyltransferase	NODE_8_length_99418_cov_97.298305:c90431-89856	NFMMKAFD_01578

DiscRep_SUB:FEATURE_LOCATION_CONFLICT::Coding region xref gene does not exist
prokka_out/CA140404:CDS	hypothetical protein	NODE_8_length_99418_cov_97.298305:90493-90867	NFMMKAFD_01579

DiscRep_SUB:FEATURE_LOCATION_CONFLICT::Coding region xref gene does not exist
prokka_out/CA140404:CDS	hypothetical protein	NODE_8_length_99418_cov_97.298305:90864-91799	NFMMKAFD_01580

DiscRep_SUB:FEATURE_LOCATION_CONFLICT::Coding region xref gene does not exist
prokka_out/CA140404:CDS	hypothetical protein	NODE_8_length_99418_cov_97.298305:91801-92139	NFMMKAFD_01581

DiscRep_SUB:FEATURE_LOCATION_CONFLICT::Coding region xref gene does not exist
prokka_out/CA140404:CDS	hypothetical protein	NODE_8_length_99418_cov_97.298305:92148-92873	NFMMKAFD_01582

DiscRep_SUB:FEATURE_LOCATION_CONFLICT::Coding region xref gene does not exist
prokka_out/CA140404:CDS	1-deoxy-D-xylulose 5-phosphate reductoisomerase	NODE_8_length_99418_cov_97.298305:92870-93940	NFMMKAFD_01583

DiscRep_SUB:FEATURE_LOCATION_CONFLICT::Coding region xref gene does not exist
prokka_out/CA140404:CDS	hypothetical protein	NODE_8_length_99418_cov_97.298305:93942-95336	NFMMKAFD_01584

DiscRep_SUB:FEATURE_LOCATION_CONFLICT::Coding region xref gene does not exist
prokka_out/CA140404:CDS	tRNA N6-adenosine threonylcarbamoyltransferase	NODE_8_length_99418_cov_97.298305:95333-96340	NFMMKAFD_01585

DiscRep_SUB:FEATURE_LOCATION_CONFLICT::Coding region xref gene does not exist
prokka_out/CA140404:CDS	hypothetical protein	NODE_8_length_99418_cov_97.298305:96341-96856	NFMMKAFD_01586

DiscRep_SUB:FEATURE_LOCATION_CONFLICT::Coding region xref gene does not exist
prokka_out/CA140404:CDS	hypothetical protein	NODE_8_length_99418_cov_97.298305:96856-98097	NFMMKAFD_01587

DiscRep_SUB:FEATURE_LOCATION_CONFLICT::RNA feature xref gene does not exist
prokka_out/CA140404:tmRNA	transfer-messenger RNA, SsrA	NODE_8_length_99418_cov_97.298305:72527-72885	NFMMKAFD_01563

DiscRep_SUB:FEATURE_LOCATION_CONFLICT::RNA feature xref gene does not exist
prokka_out/CA140404:tRNA	Ser	NODE_8_length_99418_cov_97.298305:84966-85055	NFMMKAFD_01572

DiscRep_SUB:FEATURE_LOCATION_CONFLICT::Coding region xref gene does not exist
prokka_out/CA140404:CDS	Ubiquinone biosynthesis O-methyltransferase, mitochondrial	NODE_9_length_92411_cov_98.615261:72-785	NFMMKAFD_01588

DiscRep_SUB:FEATURE_LOCATION_CONFLICT::Coding region xref gene does not exist
prokka_out/CA140404:CDS	hypothetical protein	NODE_9_length_92411_cov_98.615261:c3943-791	NFMMKAFD_01589

DiscRep_SUB:FEATURE_LOCATION_CONFLICT::Coding region xref gene does not exist
prokka_out/CA140404:CDS	Dihydroorotase	NODE_9_length_92411_cov_98.615261:c4948-3953	NFMMKAFD_01590

DiscRep_SUB:FEATURE_LOCATION_CONFLICT::Coding region xref gene does not exist
prokka_out/CA140404:CDS	hypothetical protein	NODE_9_length_92411_cov_98.615261:c5184-4957	NFMMKAFD_01591

DiscRep_SUB:FEATURE_LOCATION_CONFLICT::Coding region xref gene does not exist
prokka_out/CA140404:CDS	Diacylglycerol kinase	NODE_9_length_92411_cov_98.615261:c5537-5181	NFMMKAFD_01592

DiscRep_SUB:FEATURE_LOCATION_CONFLICT::Coding region xref gene does not exist
prokka_out/CA140404:CDS	Phosphoethanolamine transferase EptA	NODE_9_length_92411_cov_98.615261:c7072-5534	NFMMKAFD_01593

DiscRep_SUB:FEATURE_LOCATION_CONFLICT::Coding region xref gene does not exist
prokka_out/CA140404:CDS	Exodeoxyribonuclease	NODE_9_length_92411_cov_98.615261:7190-7948	NFMMKAFD_01594

DiscRep_SUB:FEATURE_LOCATION_CONFLICT::Coding region xref gene does not exist
prokka_out/CA140404:CDS	hypothetical protein	NODE_9_length_92411_cov_98.615261:c9103-7967	NFMMKAFD_01595

DiscRep_SUB:FEATURE_LOCATION_CONFLICT::Coding region xref gene does not exist
prokka_out/CA140404:CDS	hypothetical protein	NODE_9_length_92411_cov_98.615261:c9380-9117	NFMMKAFD_01596

DiscRep_SUB:FEATURE_LOCATION_CONFLICT::Coding region xref gene does not exist
prokka_out/CA140404:CDS	Cyclic pyranopterin monophosphate synthase	NODE_9_length_92411_cov_98.615261:c9831-9358	NFMMKAFD_01597

DiscRep_SUB:FEATURE_LOCATION_CONFLICT::Coding region xref gene does not exist
prokka_out/CA140404:CDS	hypothetical protein	NODE_9_length_92411_cov_98.615261:9924-10100	NFMMKAFD_01598

DiscRep_SUB:FEATURE_LOCATION_CONFLICT::Coding region xref gene does not exist
prokka_out/CA140404:CDS	Proline/betaine transporter	NODE_9_length_92411_cov_98.615261:10084-11394	NFMMKAFD_01599

DiscRep_SUB:FEATURE_LOCATION_CONFLICT::Coding region xref gene does not exist
prokka_out/CA140404:CDS	hypothetical protein	NODE_9_length_92411_cov_98.615261:c11839-11363	NFMMKAFD_01600

DiscRep_SUB:FEATURE_LOCATION_CONFLICT::Coding region xref gene does not exist
prokka_out/CA140404:CDS	hypothetical protein	NODE_9_length_92411_cov_98.615261:c12727-11870	NFMMKAFD_01601

DiscRep_SUB:FEATURE_LOCATION_CONFLICT::Coding region xref gene does not exist
prokka_out/CA140404:CDS	hypothetical protein	NODE_9_length_92411_cov_98.615261:13209-13535	NFMMKAFD_01602

DiscRep_SUB:FEATURE_LOCATION_CONFLICT::Coding region xref gene does not exist
prokka_out/CA140404:CDS	50S ribosomal protein L20	NODE_9_length_92411_cov_98.615261:c14696-14343	NFMMKAFD_01603

DiscRep_SUB:FEATURE_LOCATION_CONFLICT::Coding region xref gene does not exist
prokka_out/CA140404:CDS	hypothetical protein	NODE_9_length_92411_cov_98.615261:c14981-14790	NFMMKAFD_01604

DiscRep_SUB:FEATURE_LOCATION_CONFLICT::Coding region xref gene does not exist
prokka_out/CA140404:CDS	hypothetical protein	NODE_9_length_92411_cov_98.615261:15140-16306	NFMMKAFD_01605

DiscRep_SUB:FEATURE_LOCATION_CONFLICT::Coding region xref gene does not exist
prokka_out/CA140404:CDS	Bacteriohemerythrin	NODE_9_length_92411_cov_98.615261:16443-16844	NFMMKAFD_01606

DiscRep_SUB:FEATURE_LOCATION_CONFLICT::Coding region xref gene does not exist
prokka_out/CA140404:CDS	Cysteine desulfurase IscS	NODE_9_length_92411_cov_98.615261:17022-18203	NFMMKAFD_01607

DiscRep_SUB:FEATURE_LOCATION_CONFLICT::Coding region xref gene does not exist
prokka_out/CA140404:CDS	hypothetical protein	NODE_9_length_92411_cov_98.615261:18213-19184	NFMMKAFD_01608

DiscRep_SUB:FEATURE_LOCATION_CONFLICT::Coding region xref gene does not exist
prokka_out/CA140404:CDS	hypothetical protein	NODE_9_length_92411_cov_98.615261:c21090-19207	NFMMKAFD_01609

DiscRep_SUB:FEATURE_LOCATION_CONFLICT::Coding region xref gene does not exist
prokka_out/CA140404:CDS	Carbonic anhydrase 1	NODE_9_length_92411_cov_98.615261:c21722-21087	NFMMKAFD_01610

DiscRep_SUB:FEATURE_LOCATION_CONFLICT::Coding region xref gene does not exist
prokka_out/CA140404:CDS	Modulator of FtsH protease YccA	NODE_9_length_92411_cov_98.615261:21883-22578	NFMMKAFD_01611

DiscRep_SUB:FEATURE_LOCATION_CONFLICT::Coding region xref gene does not exist
prokka_out/CA140404:CDS	hypothetical protein	NODE_9_length_92411_cov_98.615261:22682-23053	NFMMKAFD_01612

DiscRep_SUB:FEATURE_LOCATION_CONFLICT::Coding region xref gene does not exist
prokka_out/CA140404:CDS	Ribosome-recycling factor	NODE_9_length_92411_cov_98.615261:23069-23626	NFMMKAFD_01613

DiscRep_SUB:FEATURE_LOCATION_CONFLICT::Coding region xref gene does not exist
prokka_out/CA140404:CDS	Orotate phosphoribosyltransferase	NODE_9_length_92411_cov_98.615261:23629-24237	NFMMKAFD_01614

DiscRep_SUB:FEATURE_LOCATION_CONFLICT::Coding region xref gene does not exist
prokka_out/CA140404:CDS	hypothetical protein	NODE_9_length_92411_cov_98.615261:24238-24660	NFMMKAFD_01615

DiscRep_SUB:FEATURE_LOCATION_CONFLICT::Coding region xref gene does not exist
prokka_out/CA140404:CDS	Ribonucleoside-diphosphate reductase subunit beta	NODE_9_length_92411_cov_98.615261:24663-25685	NFMMKAFD_01616

DiscRep_SUB:FEATURE_LOCATION_CONFLICT::Coding region xref gene does not exist
prokka_out/CA140404:CDS	Nicotinate phosphoribosyltransferase pncB2	NODE_9_length_92411_cov_98.615261:25675-27045	NFMMKAFD_01617

DiscRep_SUB:FEATURE_LOCATION_CONFLICT::Coding region xref gene does not exist
prokka_out/CA140404:CDS	Protein YrdA	NODE_9_length_92411_cov_98.615261:c27562-27014	NFMMKAFD_01618

DiscRep_SUB:FEATURE_LOCATION_CONFLICT::Coding region xref gene does not exist
prokka_out/CA140404:CDS	Protein-L-isoaspartate O-methyltransferase	NODE_9_length_92411_cov_98.615261:27651-28280	NFMMKAFD_01619

DiscRep_SUB:FEATURE_LOCATION_CONFLICT::Coding region xref gene does not exist
prokka_out/CA140404:CDS	Acetylornithine aminotransferase	NODE_9_length_92411_cov_98.615261:c29481-28300	NFMMKAFD_01620

DiscRep_SUB:FEATURE_LOCATION_CONFLICT::Coding region xref gene does not exist
prokka_out/CA140404:CDS	Acetylglutamate kinase	NODE_9_length_92411_cov_98.615261:c30330-29491	NFMMKAFD_01621

DiscRep_SUB:FEATURE_LOCATION_CONFLICT::Coding region xref gene does not exist
prokka_out/CA140404:CDS	Acetyltransferase YpeA	NODE_9_length_92411_cov_98.615261:c30786-30340	NFMMKAFD_01622

DiscRep_SUB:FEATURE_LOCATION_CONFLICT::Coding region xref gene does not exist
prokka_out/CA140404:CDS	N-acetyl-gamma-glutamyl-phosphate reductase	NODE_9_length_92411_cov_98.615261:c31824-30796	NFMMKAFD_01623

DiscRep_SUB:FEATURE_LOCATION_CONFLICT::Coding region xref gene does not exist
prokka_out/CA140404:CDS	hypothetical protein	NODE_9_length_92411_cov_98.615261:c32036-31905	NFMMKAFD_01624

DiscRep_SUB:FEATURE_LOCATION_CONFLICT::Coding region xref gene does not exist
prokka_out/CA140404:CDS	hypothetical protein	NODE_9_length_92411_cov_98.615261:c32617-32435	NFMMKAFD_01625

DiscRep_SUB:FEATURE_LOCATION_CONFLICT::Coding region xref gene does not exist
prokka_out/CA140404:CDS	hypothetical protein	NODE_9_length_92411_cov_98.615261:c33188-32889	NFMMKAFD_01626

DiscRep_SUB:FEATURE_LOCATION_CONFLICT::Coding region xref gene does not exist
prokka_out/CA140404:CDS	Temperature-sensitive hemagglutinin tsh autotransporter	NODE_9_length_92411_cov_98.615261:c33711-33442	NFMMKAFD_01627

DiscRep_SUB:FEATURE_LOCATION_CONFLICT::Coding region xref gene does not exist
prokka_out/CA140404:CDS	hypothetical protein	NODE_9_length_92411_cov_98.615261:c33975-33790	NFMMKAFD_01628

DiscRep_SUB:FEATURE_LOCATION_CONFLICT::Coding region xref gene does not exist
prokka_out/CA140404:CDS	hypothetical protein	NODE_9_length_92411_cov_98.615261:c34322-34092	NFMMKAFD_01629

DiscRep_SUB:FEATURE_LOCATION_CONFLICT::Coding region xref gene does not exist
prokka_out/CA140404:CDS	hypothetical protein	NODE_9_length_92411_cov_98.615261:c35040-34720	NFMMKAFD_01630

DiscRep_SUB:FEATURE_LOCATION_CONFLICT::Coding region xref gene does not exist
prokka_out/CA140404:CDS	Modification methylase FokI	NODE_9_length_92411_cov_98.615261:c36500-35409	NFMMKAFD_01631

DiscRep_SUB:FEATURE_LOCATION_CONFLICT::Coding region xref gene does not exist
prokka_out/CA140404:CDS	Translation initiation factor IF-3	NODE_9_length_92411_cov_98.615261:c37057-36539	NFMMKAFD_01632

DiscRep_SUB:FEATURE_LOCATION_CONFLICT::Coding region xref gene does not exist
prokka_out/CA140404:CDS	Threonine--tRNA ligase 2	NODE_9_length_92411_cov_98.615261:c38862-37054	NFMMKAFD_01633

DiscRep_SUB:FEATURE_LOCATION_CONFLICT::Coding region xref gene does not exist
prokka_out/CA140404:CDS	Undecaprenyl-diphosphatase	NODE_9_length_92411_cov_98.615261:c39796-38993	NFMMKAFD_01634

DiscRep_SUB:FEATURE_LOCATION_CONFLICT::Coding region xref gene does not exist
prokka_out/CA140404:CDS	hypothetical protein	NODE_9_length_92411_cov_98.615261:c41864-39870	NFMMKAFD_01635

DiscRep_SUB:FEATURE_LOCATION_CONFLICT::Coding region xref gene does not exist
prokka_out/CA140404:CDS	Citrate transporter	NODE_9_length_92411_cov_98.615261:c43397-42051	NFMMKAFD_01636

DiscRep_SUB:FEATURE_LOCATION_CONFLICT::Coding region xref gene does not exist
prokka_out/CA140404:CDS	hypothetical protein	NODE_9_length_92411_cov_98.615261:43641-43964	NFMMKAFD_01637

DiscRep_SUB:FEATURE_LOCATION_CONFLICT::Coding region xref gene does not exist
prokka_out/CA140404:CDS	hypothetical protein	NODE_9_length_92411_cov_98.615261:43933-44442	NFMMKAFD_01638

DiscRep_SUB:FEATURE_LOCATION_CONFLICT::Coding region xref gene does not exist
prokka_out/CA140404:CDS	hypothetical protein	NODE_9_length_92411_cov_98.615261:44638-44985	NFMMKAFD_01639

DiscRep_SUB:FEATURE_LOCATION_CONFLICT::Coding region xref gene does not exist
prokka_out/CA140404:CDS	hypothetical protein	NODE_9_length_92411_cov_98.615261:45120-46247	NFMMKAFD_01640

DiscRep_SUB:FEATURE_LOCATION_CONFLICT::Coding region xref gene does not exist
prokka_out/CA140404:CDS	putative AAA domain-containing protein	NODE_9_length_92411_cov_98.615261:46247-47428	NFMMKAFD_01641

DiscRep_SUB:FEATURE_LOCATION_CONFLICT::Coding region xref gene does not exist
prokka_out/CA140404:CDS	4-hydroxy-tetrahydrodipicolinate reductase	NODE_9_length_92411_cov_98.615261:47491-48219	NFMMKAFD_01642

DiscRep_SUB:FEATURE_LOCATION_CONFLICT::Coding region xref gene does not exist
prokka_out/CA140404:CDS	Amidophosphoribosyltransferase	NODE_9_length_92411_cov_98.615261:48221-49558	NFMMKAFD_01643

DiscRep_SUB:FEATURE_LOCATION_CONFLICT::Coding region xref gene does not exist
prokka_out/CA140404:CDS	Flagellum-specific ATP synthase	NODE_9_length_92411_cov_98.615261:c50946-49561	NFMMKAFD_01644

DiscRep_SUB:FEATURE_LOCATION_CONFLICT::Coding region xref gene does not exist
prokka_out/CA140404:CDS	GTP cyclohydrolase 1	NODE_9_length_92411_cov_98.615261:c51518-50946	NFMMKAFD_01645

DiscRep_SUB:FEATURE_LOCATION_CONFLICT::Coding region xref gene does not exist
prokka_out/CA140404:CDS	Trigger factor	NODE_9_length_92411_cov_98.615261:51661-52995	NFMMKAFD_01646

DiscRep_SUB:FEATURE_LOCATION_CONFLICT::Coding region xref gene does not exist
prokka_out/CA140404:CDS	ATP-dependent Clp protease proteolytic subunit	NODE_9_length_92411_cov_98.615261:52995-53579	NFMMKAFD_01647

DiscRep_SUB:FEATURE_LOCATION_CONFLICT::Coding region xref gene does not exist
prokka_out/CA140404:CDS	Peptide deformylase	NODE_9_length_92411_cov_98.615261:53615-54142	NFMMKAFD_01648

DiscRep_SUB:FEATURE_LOCATION_CONFLICT::Coding region xref gene does not exist
prokka_out/CA140404:CDS	Competence protein ComM	NODE_9_length_92411_cov_98.615261:54139-55644	NFMMKAFD_01649

DiscRep_SUB:FEATURE_LOCATION_CONFLICT::Coding region xref gene does not exist
prokka_out/CA140404:CDS	hypothetical protein	NODE_9_length_92411_cov_98.615261:55646-56344	NFMMKAFD_01650

DiscRep_SUB:FEATURE_LOCATION_CONFLICT::Coding region xref gene does not exist
prokka_out/CA140404:CDS	Bifunctional NAD(P)H-hydrate repair enzyme Nnr	NODE_9_length_92411_cov_98.615261:56328-57698	NFMMKAFD_01651

DiscRep_SUB:FEATURE_LOCATION_CONFLICT::Coding region xref gene does not exist
prokka_out/CA140404:CDS	Phosphoribosylglycinamide formyltransferase	NODE_9_length_92411_cov_98.615261:57689-58255	NFMMKAFD_01652

DiscRep_SUB:FEATURE_LOCATION_CONFLICT::Coding region xref gene does not exist
prokka_out/CA140404:CDS	hypothetical protein	NODE_9_length_92411_cov_98.615261:58327-59046	NFMMKAFD_01653

DiscRep_SUB:FEATURE_LOCATION_CONFLICT::Coding region xref gene does not exist
prokka_out/CA140404:CDS	hypothetical protein	NODE_9_length_92411_cov_98.615261:59039-59248	NFMMKAFD_01654

DiscRep_SUB:FEATURE_LOCATION_CONFLICT::Coding region xref gene does not exist
prokka_out/CA140404:CDS	Bis(5'-nucleosyl)-tetraphosphatase, symmetrical	NODE_9_length_92411_cov_98.615261:59258-60442	NFMMKAFD_01655

DiscRep_SUB:FEATURE_LOCATION_CONFLICT::Coding region xref gene does not exist
prokka_out/CA140404:CDS	hypothetical protein	NODE_9_length_92411_cov_98.615261:c61813-60455	NFMMKAFD_01656

DiscRep_SUB:FEATURE_LOCATION_CONFLICT::Coding region xref gene does not exist
prokka_out/CA140404:CDS	hypothetical protein	NODE_9_length_92411_cov_98.615261:c63111-61912	NFMMKAFD_01657

DiscRep_SUB:FEATURE_LOCATION_CONFLICT::Coding region xref gene does not exist
prokka_out/CA140404:CDS	hypothetical protein	NODE_9_length_92411_cov_98.615261:c63909-63163	NFMMKAFD_01658

DiscRep_SUB:FEATURE_LOCATION_CONFLICT::Coding region xref gene does not exist
prokka_out/CA140404:CDS	Biopolymer transport protein ExbD	NODE_9_length_92411_cov_98.615261:c64321-63911	NFMMKAFD_01659

DiscRep_SUB:FEATURE_LOCATION_CONFLICT::Coding region xref gene does not exist
prokka_out/CA140404:CDS	Biopolymer transport protein ExbB	NODE_9_length_92411_cov_98.615261:c65057-64308	NFMMKAFD_01660

DiscRep_SUB:FEATURE_LOCATION_CONFLICT::Coding region xref gene does not exist
prokka_out/CA140404:CDS	putative TonB-dependent receptor	NODE_9_length_92411_cov_98.615261:c67336-65069	NFMMKAFD_01661

DiscRep_SUB:FEATURE_LOCATION_CONFLICT::Coding region xref gene does not exist
prokka_out/CA140404:CDS	hypothetical protein	NODE_9_length_92411_cov_98.615261:c68184-67333	NFMMKAFD_01662

DiscRep_SUB:FEATURE_LOCATION_CONFLICT::Coding region xref gene does not exist
prokka_out/CA140404:CDS	hypothetical protein	NODE_9_length_92411_cov_98.615261:68412-68537	NFMMKAFD_01663

DiscRep_SUB:FEATURE_LOCATION_CONFLICT::Coding region xref gene does not exist
prokka_out/CA140404:CDS	Iron uptake protein A1	NODE_9_length_92411_cov_98.615261:68534-69538	NFMMKAFD_01664

DiscRep_SUB:FEATURE_LOCATION_CONFLICT::Coding region xref gene does not exist
prokka_out/CA140404:CDS	hypothetical protein	NODE_9_length_92411_cov_98.615261:69538-71154	NFMMKAFD_01665

DiscRep_SUB:FEATURE_LOCATION_CONFLICT::Coding region xref gene does not exist
prokka_out/CA140404:CDS	Vitamin B12 import ATP-binding protein BtuD	NODE_9_length_92411_cov_98.615261:71141-72046	NFMMKAFD_01666

DiscRep_SUB:FEATURE_LOCATION_CONFLICT::Coding region xref gene does not exist
prokka_out/CA140404:CDS	Carboxynorspermidine synthase	NODE_9_length_92411_cov_98.615261:72082-73287	NFMMKAFD_01667

DiscRep_SUB:FEATURE_LOCATION_CONFLICT::Coding region xref gene does not exist
prokka_out/CA140404:CDS	hypothetical protein	NODE_9_length_92411_cov_98.615261:c73662-73300	NFMMKAFD_01668

DiscRep_SUB:FEATURE_LOCATION_CONFLICT::Coding region xref gene does not exist
prokka_out/CA140404:CDS	hypothetical protein	NODE_9_length_92411_cov_98.615261:c73991-73788	NFMMKAFD_01669

DiscRep_SUB:FEATURE_LOCATION_CONFLICT::Coding region xref gene does not exist
prokka_out/CA140404:CDS	Superoxide dismutase [Fe]	NODE_9_length_92411_cov_98.615261:c74722-74060	NFMMKAFD_01670

DiscRep_SUB:FEATURE_LOCATION_CONFLICT::Coding region xref gene does not exist
prokka_out/CA140404:CDS	hypothetical protein	NODE_9_length_92411_cov_98.615261:74985-75167	NFMMKAFD_01671

DiscRep_SUB:FEATURE_LOCATION_CONFLICT::Coding region xref gene does not exist
prokka_out/CA140404:CDS	putative manganese efflux pump MntP	NODE_9_length_92411_cov_98.615261:75525-76088	NFMMKAFD_01673

DiscRep_SUB:FEATURE_LOCATION_CONFLICT::Coding region xref gene does not exist
prokka_out/CA140404:CDS	tRNA dimethylallyltransferase	NODE_9_length_92411_cov_98.615261:c76943-76074	NFMMKAFD_01674

DiscRep_SUB:FEATURE_LOCATION_CONFLICT::Coding region xref gene does not exist
prokka_out/CA140404:CDS	4-hydroxybenzoate polyprenyltransferase, mitochondrial	NODE_9_length_92411_cov_98.615261:77014-77898	NFMMKAFD_01675

DiscRep_SUB:FEATURE_LOCATION_CONFLICT::Coding region xref gene does not exist
prokka_out/CA140404:CDS	hypothetical protein	NODE_9_length_92411_cov_98.615261:77889-78386	NFMMKAFD_01676

DiscRep_SUB:FEATURE_LOCATION_CONFLICT::Coding region xref gene does not exist
prokka_out/CA140404:CDS	hypothetical protein	NODE_9_length_92411_cov_98.615261:78383-78898	NFMMKAFD_01677

DiscRep_SUB:FEATURE_LOCATION_CONFLICT::Coding region xref gene does not exist
prokka_out/CA140404:CDS	GTP 3',8-cyclase	NODE_9_length_92411_cov_98.615261:78911-79873	NFMMKAFD_01678

DiscRep_SUB:FEATURE_LOCATION_CONFLICT::Coding region xref gene does not exist
prokka_out/CA140404:CDS	7-carboxy-7-deazaguanine synthase	NODE_9_length_92411_cov_98.615261:79876-80619	NFMMKAFD_01679

DiscRep_SUB:FEATURE_LOCATION_CONFLICT::Coding region xref gene does not exist
prokka_out/CA140404:CDS	hypothetical protein	NODE_9_length_92411_cov_98.615261:80616-81197	NFMMKAFD_01680

DiscRep_SUB:FEATURE_LOCATION_CONFLICT::Coding region xref gene does not exist
prokka_out/CA140404:CDS	hypothetical protein	NODE_9_length_92411_cov_98.615261:81197-81622	NFMMKAFD_01681

DiscRep_SUB:FEATURE_LOCATION_CONFLICT::Coding region xref gene does not exist
prokka_out/CA140404:CDS	hypothetical protein	NODE_9_length_92411_cov_98.615261:81622-82029	NFMMKAFD_01682

DiscRep_SUB:FEATURE_LOCATION_CONFLICT::Coding region xref gene does not exist
prokka_out/CA140404:CDS	hypothetical protein	NODE_9_length_92411_cov_98.615261:82031-82687	NFMMKAFD_01683

DiscRep_SUB:FEATURE_LOCATION_CONFLICT::Coding region xref gene does not exist
prokka_out/CA140404:CDS	50S ribosomal protein L31	NODE_9_length_92411_cov_98.615261:82766-82966	NFMMKAFD_01684

DiscRep_SUB:FEATURE_LOCATION_CONFLICT::Coding region xref gene does not exist
prokka_out/CA140404:CDS	Ribosomal RNA small subunit methyltransferase I	NODE_9_length_92411_cov_98.615261:82969-83805	NFMMKAFD_01685

DiscRep_SUB:FEATURE_LOCATION_CONFLICT::Coding region xref gene does not exist
prokka_out/CA140404:CDS	23S rRNA (guanosine-2'-O-)-methyltransferase RlmB	NODE_9_length_92411_cov_98.615261:83807-84490	NFMMKAFD_01686

DiscRep_SUB:FEATURE_LOCATION_CONFLICT::Coding region xref gene does not exist
prokka_out/CA140404:CDS	hypothetical protein	NODE_9_length_92411_cov_98.615261:84483-85421	NFMMKAFD_01687

DiscRep_SUB:FEATURE_LOCATION_CONFLICT::Coding region xref gene does not exist
prokka_out/CA140404:CDS	hypothetical protein	NODE_9_length_92411_cov_98.615261:85415-86221	NFMMKAFD_01688

DiscRep_SUB:FEATURE_LOCATION_CONFLICT::Coding region xref gene does not exist
prokka_out/CA140404:CDS	Glutamate-pyruvate aminotransferase AlaC	NODE_9_length_92411_cov_98.615261:86233-87435	NFMMKAFD_01689

DiscRep_SUB:FEATURE_LOCATION_CONFLICT::Coding region xref gene does not exist
prokka_out/CA140404:CDS	Homoserine dehydrogenase	NODE_9_length_92411_cov_98.615261:87439-88686	NFMMKAFD_01690

DiscRep_SUB:FEATURE_LOCATION_CONFLICT::Coding region xref gene does not exist
prokka_out/CA140404:CDS	hypothetical protein	NODE_9_length_92411_cov_98.615261:88686-89024	NFMMKAFD_01691

DiscRep_SUB:FEATURE_LOCATION_CONFLICT::Coding region xref gene does not exist
prokka_out/CA140404:CDS	Thioredoxin	NODE_9_length_92411_cov_98.615261:89081-89395	NFMMKAFD_01692

DiscRep_SUB:FEATURE_LOCATION_CONFLICT::Coding region xref gene does not exist
prokka_out/CA140404:CDS	Thioredoxin reductase	NODE_9_length_92411_cov_98.615261:89529-90467	NFMMKAFD_01693

DiscRep_SUB:FEATURE_LOCATION_CONFLICT::Coding region xref gene does not exist
prokka_out/CA140404:CDS	hypothetical protein	NODE_9_length_92411_cov_98.615261:c92286-90505	NFMMKAFD_01694

DiscRep_SUB:FEATURE_LOCATION_CONFLICT::RNA feature xref gene does not exist
prokka_out/CA140404:tRNA	Glu	NODE_9_length_92411_cov_98.615261:c75377-75303	NFMMKAFD_01672

DiscRep_SUB:FEATURE_LOCATION_CONFLICT::Coding region xref gene does not exist
prokka_out/CA140404:CDS	hypothetical protein	NODE_10_length_81285_cov_84.844242:176-2119	NFMMKAFD_01695

DiscRep_SUB:FEATURE_LOCATION_CONFLICT::Coding region xref gene does not exist
prokka_out/CA140404:CDS	hypothetical protein	NODE_10_length_81285_cov_84.844242:2116-5610	NFMMKAFD_01696

DiscRep_SUB:FEATURE_LOCATION_CONFLICT::Coding region xref gene does not exist
prokka_out/CA140404:CDS	hypothetical protein	NODE_10_length_81285_cov_84.844242:5621-6907	NFMMKAFD_01697

DiscRep_SUB:FEATURE_LOCATION_CONFLICT::Coding region xref gene does not exist
prokka_out/CA140404:CDS	hypothetical protein	NODE_10_length_81285_cov_84.844242:6983-8269	NFMMKAFD_01698

DiscRep_SUB:FEATURE_LOCATION_CONFLICT::Coding region xref gene does not exist
prokka_out/CA140404:CDS	hypothetical protein	NODE_10_length_81285_cov_84.844242:8323-9126	NFMMKAFD_01699

DiscRep_SUB:FEATURE_LOCATION_CONFLICT::Coding region xref gene does not exist
prokka_out/CA140404:CDS	hypothetical protein	NODE_10_length_81285_cov_84.844242:9562-11163	NFMMKAFD_01700

DiscRep_SUB:FEATURE_LOCATION_CONFLICT::Coding region xref gene does not exist
prokka_out/CA140404:CDS	hypothetical protein	NODE_10_length_81285_cov_84.844242:11345-11749	NFMMKAFD_01701

DiscRep_SUB:FEATURE_LOCATION_CONFLICT::Coding region xref gene does not exist
prokka_out/CA140404:CDS	hypothetical protein	NODE_10_length_81285_cov_84.844242:11751-12041	NFMMKAFD_01702

DiscRep_SUB:FEATURE_LOCATION_CONFLICT::Coding region xref gene does not exist
prokka_out/CA140404:CDS	hypothetical protein	NODE_10_length_81285_cov_84.844242:12113-12271	NFMMKAFD_01703

DiscRep_SUB:FEATURE_LOCATION_CONFLICT::Coding region xref gene does not exist
prokka_out/CA140404:CDS	hypothetical protein	NODE_10_length_81285_cov_84.844242:c12818-12648	NFMMKAFD_01704

DiscRep_SUB:FEATURE_LOCATION_CONFLICT::Coding region xref gene does not exist
prokka_out/CA140404:CDS	hypothetical protein	NODE_10_length_81285_cov_84.844242:c13032-12805	NFMMKAFD_01705

DiscRep_SUB:FEATURE_LOCATION_CONFLICT::Coding region xref gene does not exist
prokka_out/CA140404:CDS	hypothetical protein	NODE_10_length_81285_cov_84.844242:13304-13453	NFMMKAFD_01706

DiscRep_SUB:FEATURE_LOCATION_CONFLICT::Coding region xref gene does not exist
prokka_out/CA140404:CDS	hypothetical protein	NODE_10_length_81285_cov_84.844242:13520-13738	NFMMKAFD_01707

DiscRep_SUB:FEATURE_LOCATION_CONFLICT::Coding region xref gene does not exist
prokka_out/CA140404:CDS	hypothetical protein	NODE_10_length_81285_cov_84.844242:13759-13890	NFMMKAFD_01708

DiscRep_SUB:FEATURE_LOCATION_CONFLICT::Coding region xref gene does not exist
prokka_out/CA140404:CDS	hypothetical protein	NODE_10_length_81285_cov_84.844242:13934-14077	NFMMKAFD_01709

DiscRep_SUB:FEATURE_LOCATION_CONFLICT::Coding region xref gene does not exist
prokka_out/CA140404:CDS	hypothetical protein	NODE_10_length_81285_cov_84.844242:14265-14381	NFMMKAFD_01710

DiscRep_SUB:FEATURE_LOCATION_CONFLICT::Coding region xref gene does not exist
prokka_out/CA140404:CDS	hypothetical protein	NODE_10_length_81285_cov_84.844242:c14616-14422	NFMMKAFD_01711

DiscRep_SUB:FEATURE_LOCATION_CONFLICT::Coding region xref gene does not exist
prokka_out/CA140404:CDS	hypothetical protein	NODE_10_length_81285_cov_84.844242:c14859-14629	NFMMKAFD_01712

DiscRep_SUB:FEATURE_LOCATION_CONFLICT::Coding region xref gene does not exist
prokka_out/CA140404:CDS	hypothetical protein	NODE_10_length_81285_cov_84.844242:15088-15348	NFMMKAFD_01713

DiscRep_SUB:FEATURE_LOCATION_CONFLICT::Coding region xref gene does not exist
prokka_out/CA140404:CDS	Tyrosine recombinase XerH	NODE_10_length_81285_cov_84.844242:15426-16025	NFMMKAFD_01714

DiscRep_SUB:FEATURE_LOCATION_CONFLICT::Coding region xref gene does not exist
prokka_out/CA140404:CDS	hypothetical protein	NODE_10_length_81285_cov_84.844242:c16418-16068	NFMMKAFD_01715

DiscRep_SUB:FEATURE_LOCATION_CONFLICT::Coding region xref gene does not exist
prokka_out/CA140404:CDS	hypothetical protein	NODE_10_length_81285_cov_84.844242:c16652-16545	NFMMKAFD_01716

DiscRep_SUB:FEATURE_LOCATION_CONFLICT::Coding region xref gene does not exist
prokka_out/CA140404:CDS	hypothetical protein	NODE_10_length_81285_cov_84.844242:c17738-16971	NFMMKAFD_01718

DiscRep_SUB:FEATURE_LOCATION_CONFLICT::Coding region xref gene does not exist
prokka_out/CA140404:CDS	Queuine tRNA-ribosyltransferase	NODE_10_length_81285_cov_84.844242:c18861-17740	NFMMKAFD_01719

DiscRep_SUB:FEATURE_LOCATION_CONFLICT::Coding region xref gene does not exist
prokka_out/CA140404:CDS	hypothetical protein	NODE_10_length_81285_cov_84.844242:18891-20291	NFMMKAFD_01720

DiscRep_SUB:FEATURE_LOCATION_CONFLICT::Coding region xref gene does not exist
prokka_out/CA140404:CDS	3-dehydroquinate synthase	NODE_10_length_81285_cov_84.844242:20337-21392	NFMMKAFD_01721

DiscRep_SUB:FEATURE_LOCATION_CONFLICT::Coding region xref gene does not exist
prokka_out/CA140404:CDS	hypothetical protein	NODE_10_length_81285_cov_84.844242:21389-22960	NFMMKAFD_01722

DiscRep_SUB:FEATURE_LOCATION_CONFLICT::Coding region xref gene does not exist
prokka_out/CA140404:CDS	Threonylcarbamoyladenosine tRNA methylthiotransferase MtaB	NODE_10_length_81285_cov_84.844242:22957-24207	NFMMKAFD_01723

DiscRep_SUB:FEATURE_LOCATION_CONFLICT::Coding region xref gene does not exist
prokka_out/CA140404:CDS	ATP-dependent zinc metalloprotease FtsH	NODE_10_length_81285_cov_84.844242:24211-25827	NFMMKAFD_01724

DiscRep_SUB:FEATURE_LOCATION_CONFLICT::Coding region xref gene does not exist
prokka_out/CA140404:CDS	hypothetical protein	NODE_10_length_81285_cov_84.844242:c26251-25835	NFMMKAFD_01725

DiscRep_SUB:FEATURE_LOCATION_CONFLICT::Coding region xref gene does not exist
prokka_out/CA140404:CDS	hypothetical protein	NODE_10_length_81285_cov_84.844242:26350-26868	NFMMKAFD_01726

DiscRep_SUB:FEATURE_LOCATION_CONFLICT::Coding region xref gene does not exist
prokka_out/CA140404:CDS	hypothetical protein	NODE_10_length_81285_cov_84.844242:26865-27377	NFMMKAFD_01727

DiscRep_SUB:FEATURE_LOCATION_CONFLICT::Coding region xref gene does not exist
prokka_out/CA140404:CDS	RNA polymerase sigma factor RpoD	NODE_10_length_81285_cov_84.844242:c29261-27393	NFMMKAFD_01728

DiscRep_SUB:FEATURE_LOCATION_CONFLICT::Coding region xref gene does not exist
prokka_out/CA140404:CDS	HTH-type transcriptional regulator CysL	NODE_10_length_81285_cov_84.844242:c30222-29341	NFMMKAFD_01729

DiscRep_SUB:FEATURE_LOCATION_CONFLICT::Coding region xref gene does not exist
prokka_out/CA140404:CDS	hypothetical protein	NODE_10_length_81285_cov_84.844242:30335-31432	NFMMKAFD_01730

DiscRep_SUB:FEATURE_LOCATION_CONFLICT::Coding region xref gene does not exist
prokka_out/CA140404:CDS	hypothetical protein	NODE_10_length_81285_cov_84.844242:31527-32099	NFMMKAFD_01731

DiscRep_SUB:FEATURE_LOCATION_CONFLICT::Coding region xref gene does not exist
prokka_out/CA140404:CDS	Ribosomal RNA small subunit methyltransferase G	NODE_10_length_81285_cov_84.844242:c32681-32115	NFMMKAFD_01732

DiscRep_SUB:FEATURE_LOCATION_CONFLICT::Coding region xref gene does not exist
prokka_out/CA140404:CDS	GTP cyclohydrolase-2	NODE_10_length_81285_cov_84.844242:c33242-32682	NFMMKAFD_01733

DiscRep_SUB:FEATURE_LOCATION_CONFLICT::Coding region xref gene does not exist
prokka_out/CA140404:CDS	Delta-aminolevulinic acid dehydratase	NODE_10_length_81285_cov_84.844242:33300-34283	NFMMKAFD_01734

DiscRep_SUB:FEATURE_LOCATION_CONFLICT::Coding region xref gene does not exist
prokka_out/CA140404:CDS	Ornithine carbamoyltransferase, anabolic	NODE_10_length_81285_cov_84.844242:34280-35200	NFMMKAFD_01735

DiscRep_SUB:FEATURE_LOCATION_CONFLICT::Coding region xref gene does not exist
prokka_out/CA140404:CDS	hypothetical protein	NODE_10_length_81285_cov_84.844242:35197-35688	NFMMKAFD_01736

DiscRep_SUB:FEATURE_LOCATION_CONFLICT::Coding region xref gene does not exist
prokka_out/CA140404:CDS	Oxygen-independent coproporphyrinogen III oxidase	NODE_10_length_81285_cov_84.844242:35675-37030	NFMMKAFD_01737

DiscRep_SUB:FEATURE_LOCATION_CONFLICT::Coding region xref gene does not exist
prokka_out/CA140404:CDS	Lactate utilization protein A	NODE_10_length_81285_cov_84.844242:37032-38297	NFMMKAFD_01738

DiscRep_SUB:FEATURE_LOCATION_CONFLICT::Coding region xref gene does not exist
prokka_out/CA140404:CDS	hypothetical protein	NODE_10_length_81285_cov_84.844242:38297-39055	NFMMKAFD_01739

DiscRep_SUB:FEATURE_LOCATION_CONFLICT::Coding region xref gene does not exist
prokka_out/CA140404:CDS	hypothetical protein	NODE_10_length_81285_cov_84.844242:c39264-39058	NFMMKAFD_01740

DiscRep_SUB:FEATURE_LOCATION_CONFLICT::Coding region xref gene does not exist
prokka_out/CA140404:CDS	hypothetical protein	NODE_10_length_81285_cov_84.844242:39500-40114	NFMMKAFD_01741

DiscRep_SUB:FEATURE_LOCATION_CONFLICT::Coding region xref gene does not exist
prokka_out/CA140404:CDS	Hippurate hydrolase	NODE_10_length_81285_cov_84.844242:40116-41267	NFMMKAFD_01742

DiscRep_SUB:FEATURE_LOCATION_CONFLICT::Coding region xref gene does not exist
prokka_out/CA140404:CDS	hypothetical protein	NODE_10_length_81285_cov_84.844242:c42011-41271	NFMMKAFD_01743

DiscRep_SUB:FEATURE_LOCATION_CONFLICT::Coding region xref gene does not exist
prokka_out/CA140404:CDS	hypothetical protein	NODE_10_length_81285_cov_84.844242:c43221-42103	NFMMKAFD_01744

DiscRep_SUB:FEATURE_LOCATION_CONFLICT::Coding region xref gene does not exist
prokka_out/CA140404:CDS	ABC transporter glutamine-binding protein GlnH	NODE_10_length_81285_cov_84.844242:43441-44280	NFMMKAFD_01745

DiscRep_SUB:FEATURE_LOCATION_CONFLICT::Coding region xref gene does not exist
prokka_out/CA140404:CDS	Proline/betaine transporter	NODE_10_length_81285_cov_84.844242:44321-45568	NFMMKAFD_01746

DiscRep_SUB:FEATURE_LOCATION_CONFLICT::Coding region xref gene does not exist
prokka_out/CA140404:CDS	Cytosol non-specific dipeptidase	NODE_10_length_81285_cov_84.844242:c46819-45551	NFMMKAFD_01747

DiscRep_SUB:FEATURE_LOCATION_CONFLICT::Coding region xref gene does not exist
prokka_out/CA140404:CDS	hypothetical protein	NODE_10_length_81285_cov_84.844242:46887-47414	NFMMKAFD_01748

DiscRep_SUB:FEATURE_LOCATION_CONFLICT::Coding region xref gene does not exist
prokka_out/CA140404:CDS	hypothetical protein	NODE_10_length_81285_cov_84.844242:47423-47596	NFMMKAFD_01749

DiscRep_SUB:FEATURE_LOCATION_CONFLICT::Coding region xref gene does not exist
prokka_out/CA140404:CDS	Transcription factor FapR	NODE_10_length_81285_cov_84.844242:c48175-47597	NFMMKAFD_01750

DiscRep_SUB:FEATURE_LOCATION_CONFLICT::Coding region xref gene does not exist
prokka_out/CA140404:CDS	tRNA U34 carboxymethyltransferase	NODE_10_length_81285_cov_84.844242:c49123-48248	NFMMKAFD_01751

DiscRep_SUB:FEATURE_LOCATION_CONFLICT::Coding region xref gene does not exist
prokka_out/CA140404:CDS	Heme/hemopexin transporter protein HuxB	NODE_10_length_81285_cov_84.844242:c50945-49221	NFMMKAFD_01752

DiscRep_SUB:FEATURE_LOCATION_CONFLICT::Coding region xref gene does not exist
prokka_out/CA140404:CDS	hypothetical protein	NODE_10_length_81285_cov_84.844242:c51729-51406	NFMMKAFD_01753

DiscRep_SUB:FEATURE_LOCATION_CONFLICT::Coding region xref gene does not exist
prokka_out/CA140404:CDS	hypothetical protein	NODE_10_length_81285_cov_84.844242:c52123-51731	NFMMKAFD_01754

DiscRep_SUB:FEATURE_LOCATION_CONFLICT::Coding region xref gene does not exist
prokka_out/CA140404:CDS	hypothetical protein	NODE_10_length_81285_cov_84.844242:c52428-52126	NFMMKAFD_01755

DiscRep_SUB:FEATURE_LOCATION_CONFLICT::Coding region xref gene does not exist
prokka_out/CA140404:CDS	hypothetical protein	NODE_10_length_81285_cov_84.844242:c52770-52528	NFMMKAFD_01756

DiscRep_SUB:FEATURE_LOCATION_CONFLICT::Coding region xref gene does not exist
prokka_out/CA140404:CDS	hypothetical protein	NODE_10_length_81285_cov_84.844242:c55130-53139	NFMMKAFD_01757

DiscRep_SUB:FEATURE_LOCATION_CONFLICT::Coding region xref gene does not exist
prokka_out/CA140404:CDS	Acyl-CoA thioesterase YbgC	NODE_10_length_81285_cov_84.844242:55570-55944	NFMMKAFD_01758

DiscRep_SUB:FEATURE_LOCATION_CONFLICT::Coding region xref gene does not exist
prokka_out/CA140404:CDS	hypothetical protein	NODE_10_length_81285_cov_84.844242:c57126-55936	NFMMKAFD_01759

DiscRep_SUB:FEATURE_LOCATION_CONFLICT::Coding region xref gene does not exist
prokka_out/CA140404:CDS	hypothetical protein	NODE_10_length_81285_cov_84.844242:c57731-57123	NFMMKAFD_01760

DiscRep_SUB:FEATURE_LOCATION_CONFLICT::Coding region xref gene does not exist
prokka_out/CA140404:CDS	hypothetical protein	NODE_10_length_81285_cov_84.844242:c58207-57728	NFMMKAFD_01761

DiscRep_SUB:FEATURE_LOCATION_CONFLICT::Coding region xref gene does not exist
prokka_out/CA140404:CDS	50S ribosomal protein L34	NODE_10_length_81285_cov_84.844242:58338-58472	NFMMKAFD_01762

DiscRep_SUB:FEATURE_LOCATION_CONFLICT::Coding region xref gene does not exist
prokka_out/CA140404:CDS	Ribonuclease P protein component	NODE_10_length_81285_cov_84.844242:58469-58795	NFMMKAFD_01763

DiscRep_SUB:FEATURE_LOCATION_CONFLICT::Coding region xref gene does not exist
prokka_out/CA140404:CDS	Putative membrane protein insertion efficiency factor	NODE_10_length_81285_cov_84.844242:58762-59133	NFMMKAFD_01764

DiscRep_SUB:FEATURE_LOCATION_CONFLICT::Coding region xref gene does not exist
prokka_out/CA140404:CDS	Membrane protein insertase YidC	NODE_10_length_81285_cov_84.844242:59130-60722	NFMMKAFD_01765

DiscRep_SUB:FEATURE_LOCATION_CONFLICT::Coding region xref gene does not exist
prokka_out/CA140404:CDS	hypothetical protein	NODE_10_length_81285_cov_84.844242:60719-61537	NFMMKAFD_01766

DiscRep_SUB:FEATURE_LOCATION_CONFLICT::Coding region xref gene does not exist
prokka_out/CA140404:CDS	tRNA modification GTPase MnmE	NODE_10_length_81285_cov_84.844242:61530-62858	NFMMKAFD_01767

DiscRep_SUB:FEATURE_LOCATION_CONFLICT::Coding region xref gene does not exist
prokka_out/CA140404:CDS	Phosphoribosylformylglycinamidine synthase subunit PurL	NODE_10_length_81285_cov_84.844242:62869-65055	NFMMKAFD_01768

DiscRep_SUB:FEATURE_LOCATION_CONFLICT::Coding region xref gene does not exist
prokka_out/CA140404:CDS	Co-chaperone protein DjlA	NODE_10_length_81285_cov_84.844242:65052-65822	NFMMKAFD_01769

DiscRep_SUB:FEATURE_LOCATION_CONFLICT::Coding region xref gene does not exist
prokka_out/CA140404:CDS	Bifunctional purine biosynthesis protein PurH	NODE_10_length_81285_cov_84.844242:65825-67357	NFMMKAFD_01770

DiscRep_SUB:FEATURE_LOCATION_CONFLICT::Coding region xref gene does not exist
prokka_out/CA140404:CDS	hypothetical protein	NODE_10_length_81285_cov_84.844242:67449-67913	NFMMKAFD_01771

DiscRep_SUB:FEATURE_LOCATION_CONFLICT::Coding region xref gene does not exist
prokka_out/CA140404:CDS	hypothetical protein	NODE_10_length_81285_cov_84.844242:68370-68903	NFMMKAFD_01772

DiscRep_SUB:FEATURE_LOCATION_CONFLICT::Coding region xref gene does not exist
prokka_out/CA140404:CDS	hypothetical protein	NODE_10_length_81285_cov_84.844242:68919-69038	NFMMKAFD_01773

DiscRep_SUB:FEATURE_LOCATION_CONFLICT::Coding region xref gene does not exist
prokka_out/CA140404:CDS	hypothetical protein	NODE_10_length_81285_cov_84.844242:69054-69488	NFMMKAFD_01774

DiscRep_SUB:FEATURE_LOCATION_CONFLICT::Coding region xref gene does not exist
prokka_out/CA140404:CDS	Agmatine deiminase	NODE_10_length_81285_cov_84.844242:69587-70564	NFMMKAFD_01775

DiscRep_SUB:FEATURE_LOCATION_CONFLICT::Coding region xref gene does not exist
prokka_out/CA140404:CDS	Ferrous-iron efflux pump FieF	NODE_10_length_81285_cov_84.844242:70561-71448	NFMMKAFD_01776

DiscRep_SUB:FEATURE_LOCATION_CONFLICT::Coding region xref gene does not exist
prokka_out/CA140404:CDS	N-carbamoyl-D-amino acid hydrolase	NODE_10_length_81285_cov_84.844242:71445-72317	NFMMKAFD_01777

DiscRep_SUB:FEATURE_LOCATION_CONFLICT::Coding region xref gene does not exist
prokka_out/CA140404:CDS	hypothetical protein	NODE_10_length_81285_cov_84.844242:c73675-72329	NFMMKAFD_01778

DiscRep_SUB:FEATURE_LOCATION_CONFLICT::Coding region xref gene does not exist
prokka_out/CA140404:CDS	ATP-dependent RecD-like DNA helicase	NODE_10_length_81285_cov_84.844242:73724-75067	NFMMKAFD_01779

DiscRep_SUB:FEATURE_LOCATION_CONFLICT::Coding region xref gene does not exist
prokka_out/CA140404:CDS	hypothetical protein	NODE_10_length_81285_cov_84.844242:75077-75811	NFMMKAFD_01780

DiscRep_SUB:FEATURE_LOCATION_CONFLICT::Coding region xref gene does not exist
prokka_out/CA140404:CDS	Outer-membrane lipoprotein carrier protein	NODE_10_length_81285_cov_84.844242:c76317-75808	NFMMKAFD_01781

DiscRep_SUB:FEATURE_LOCATION_CONFLICT::Coding region xref gene does not exist
prokka_out/CA140404:CDS	Protein translocase subunit SecA	NODE_10_length_81285_cov_84.844242:76417-79005	NFMMKAFD_01782

DiscRep_SUB:FEATURE_LOCATION_CONFLICT::Coding region xref gene does not exist
prokka_out/CA140404:CDS	Lipoprotein-releasing system transmembrane protein LolC	NODE_10_length_81285_cov_84.844242:79002-80207	NFMMKAFD_01783

DiscRep_SUB:FEATURE_LOCATION_CONFLICT::Coding region xref gene does not exist
prokka_out/CA140404:CDS	hypothetical protein	NODE_10_length_81285_cov_84.844242:80230-81015	NFMMKAFD_01784

DiscRep_SUB:FEATURE_LOCATION_CONFLICT::RNA feature xref gene does not exist
prokka_out/CA140404:tRNA	Arg	NODE_10_length_81285_cov_84.844242:c16918-16842	NFMMKAFD_01717

DiscRep_SUB:FEATURE_LOCATION_CONFLICT::RNA feature xref gene does not exist
prokka_out/CA140404:tRNA	Lys	NODE_10_length_81285_cov_84.844242:81077-81152	NFMMKAFD_01785

DiscRep_SUB:FEATURE_LOCATION_CONFLICT::RNA feature xref gene does not exist
prokka_out/CA140404:tRNA	Val	NODE_10_length_81285_cov_84.844242:81160-81235	NFMMKAFD_01786

DiscRep_SUB:FEATURE_LOCATION_CONFLICT::Coding region xref gene does not exist
prokka_out/CA140404:CDS	hypothetical protein	NODE_11_length_38396_cov_127.096266:32-1030	NFMMKAFD_01787

DiscRep_SUB:FEATURE_LOCATION_CONFLICT::Coding region xref gene does not exist
prokka_out/CA140404:CDS	hypothetical protein	NODE_11_length_38396_cov_127.096266:1020-1187	NFMMKAFD_01788

DiscRep_SUB:FEATURE_LOCATION_CONFLICT::Coding region xref gene does not exist
prokka_out/CA140404:CDS	Type IV secretion system protein virB8	NODE_11_length_38396_cov_127.096266:1177-1839	NFMMKAFD_01789

DiscRep_SUB:FEATURE_LOCATION_CONFLICT::Coding region xref gene does not exist
prokka_out/CA140404:CDS	Type IV secretion system protein virB9	NODE_11_length_38396_cov_127.096266:1836-2723	NFMMKAFD_01790

DiscRep_SUB:FEATURE_LOCATION_CONFLICT::Coding region xref gene does not exist
prokka_out/CA140404:CDS	hypothetical protein	NODE_11_length_38396_cov_127.096266:2750-3925	NFMMKAFD_01791

DiscRep_SUB:FEATURE_LOCATION_CONFLICT::Coding region xref gene does not exist
prokka_out/CA140404:CDS	Type IV secretion system protein VirB11	NODE_11_length_38396_cov_127.096266:3906-4898	NFMMKAFD_01792

DiscRep_SUB:FEATURE_LOCATION_CONFLICT::Coding region xref gene does not exist
prokka_out/CA140404:CDS	Protein VirD4	NODE_11_length_38396_cov_127.096266:4899-6710	NFMMKAFD_01793

DiscRep_SUB:FEATURE_LOCATION_CONFLICT::Coding region xref gene does not exist
prokka_out/CA140404:CDS	hypothetical protein	NODE_11_length_38396_cov_127.096266:6691-7116	NFMMKAFD_01794

DiscRep_SUB:FEATURE_LOCATION_CONFLICT::Coding region xref gene does not exist
prokka_out/CA140404:CDS	hypothetical protein	NODE_11_length_38396_cov_127.096266:7128-7892	NFMMKAFD_01795

DiscRep_SUB:FEATURE_LOCATION_CONFLICT::Coding region xref gene does not exist
prokka_out/CA140404:CDS	hypothetical protein	NODE_11_length_38396_cov_127.096266:7895-8692	NFMMKAFD_01796

DiscRep_SUB:FEATURE_LOCATION_CONFLICT::Coding region xref gene does not exist
prokka_out/CA140404:CDS	hypothetical protein	NODE_11_length_38396_cov_127.096266:8767-9387	NFMMKAFD_01797

DiscRep_SUB:FEATURE_LOCATION_CONFLICT::Coding region xref gene does not exist
prokka_out/CA140404:CDS	DNA topoisomerase 3	NODE_11_length_38396_cov_127.096266:9651-11843	NFMMKAFD_01798

DiscRep_SUB:FEATURE_LOCATION_CONFLICT::Coding region xref gene does not exist
prokka_out/CA140404:CDS	hypothetical protein	NODE_11_length_38396_cov_127.096266:11937-12110	NFMMKAFD_01799

DiscRep_SUB:FEATURE_LOCATION_CONFLICT::Coding region xref gene does not exist
prokka_out/CA140404:CDS	hypothetical protein	NODE_11_length_38396_cov_127.096266:12161-12634	NFMMKAFD_01800

DiscRep_SUB:FEATURE_LOCATION_CONFLICT::Coding region xref gene does not exist
prokka_out/CA140404:CDS	hypothetical protein	NODE_11_length_38396_cov_127.096266:12638-12973	NFMMKAFD_01801

DiscRep_SUB:FEATURE_LOCATION_CONFLICT::Coding region xref gene does not exist
prokka_out/CA140404:CDS	hypothetical protein	NODE_11_length_38396_cov_127.096266:12970-13365	NFMMKAFD_01802

DiscRep_SUB:FEATURE_LOCATION_CONFLICT::Coding region xref gene does not exist
prokka_out/CA140404:CDS	hypothetical protein	NODE_11_length_38396_cov_127.096266:13362-13613	NFMMKAFD_01803

DiscRep_SUB:FEATURE_LOCATION_CONFLICT::Coding region xref gene does not exist
prokka_out/CA140404:CDS	hypothetical protein	NODE_11_length_38396_cov_127.096266:13618-13884	NFMMKAFD_01804

DiscRep_SUB:FEATURE_LOCATION_CONFLICT::Coding region xref gene does not exist
prokka_out/CA140404:CDS	hypothetical protein	NODE_11_length_38396_cov_127.096266:13943-14503	NFMMKAFD_01805

DiscRep_SUB:FEATURE_LOCATION_CONFLICT::Coding region xref gene does not exist
prokka_out/CA140404:CDS	hypothetical protein	NODE_11_length_38396_cov_127.096266:14506-14772	NFMMKAFD_01806

DiscRep_SUB:FEATURE_LOCATION_CONFLICT::Coding region xref gene does not exist
prokka_out/CA140404:CDS	hypothetical protein	NODE_11_length_38396_cov_127.096266:14819-20617	NFMMKAFD_01807

DiscRep_SUB:FEATURE_LOCATION_CONFLICT::Coding region xref gene does not exist
prokka_out/CA140404:CDS	hypothetical protein	NODE_11_length_38396_cov_127.096266:20754-21482	NFMMKAFD_01808

DiscRep_SUB:FEATURE_LOCATION_CONFLICT::Coding region xref gene does not exist
prokka_out/CA140404:CDS	hypothetical protein	NODE_11_length_38396_cov_127.096266:c22196-21492	NFMMKAFD_01809

DiscRep_SUB:FEATURE_LOCATION_CONFLICT::Coding region xref gene does not exist
prokka_out/CA140404:CDS	hypothetical protein	NODE_11_length_38396_cov_127.096266:c23607-22219	NFMMKAFD_01810

DiscRep_SUB:FEATURE_LOCATION_CONFLICT::Coding region xref gene does not exist
prokka_out/CA140404:CDS	hypothetical protein	NODE_11_length_38396_cov_127.096266:c24158-23607	NFMMKAFD_01811

DiscRep_SUB:FEATURE_LOCATION_CONFLICT::Coding region xref gene does not exist
prokka_out/CA140404:CDS	hypothetical protein	NODE_11_length_38396_cov_127.096266:24352-24633	NFMMKAFD_01812

DiscRep_SUB:FEATURE_LOCATION_CONFLICT::Coding region xref gene does not exist
prokka_out/CA140404:CDS	hypothetical protein	NODE_11_length_38396_cov_127.096266:24662-25273	NFMMKAFD_01813

DiscRep_SUB:FEATURE_LOCATION_CONFLICT::Coding region xref gene does not exist
prokka_out/CA140404:CDS	hypothetical protein	NODE_11_length_38396_cov_127.096266:25277-25936	NFMMKAFD_01814

DiscRep_SUB:FEATURE_LOCATION_CONFLICT::Coding region xref gene does not exist
prokka_out/CA140404:CDS	DNA primase TraC	NODE_11_length_38396_cov_127.096266:26019-27245	NFMMKAFD_01815

DiscRep_SUB:FEATURE_LOCATION_CONFLICT::Coding region xref gene does not exist
prokka_out/CA140404:CDS	hypothetical protein	NODE_11_length_38396_cov_127.096266:27363-27626	NFMMKAFD_01816

DiscRep_SUB:FEATURE_LOCATION_CONFLICT::Coding region xref gene does not exist
prokka_out/CA140404:CDS	hypothetical protein	NODE_11_length_38396_cov_127.096266:27623-27721	NFMMKAFD_01817

DiscRep_SUB:FEATURE_LOCATION_CONFLICT::Coding region xref gene does not exist
prokka_out/CA140404:CDS	hypothetical protein	NODE_11_length_38396_cov_127.096266:c28105-27848	NFMMKAFD_01818

DiscRep_SUB:FEATURE_LOCATION_CONFLICT::Coding region xref gene does not exist
prokka_out/CA140404:CDS	hypothetical protein	NODE_11_length_38396_cov_127.096266:28597-28815	NFMMKAFD_01819

DiscRep_SUB:FEATURE_LOCATION_CONFLICT::Coding region xref gene does not exist
prokka_out/CA140404:CDS	hypothetical protein	NODE_11_length_38396_cov_127.096266:28808-29011	NFMMKAFD_01820

DiscRep_SUB:FEATURE_LOCATION_CONFLICT::Coding region xref gene does not exist
prokka_out/CA140404:CDS	hypothetical protein	NODE_11_length_38396_cov_127.096266:29015-30808	NFMMKAFD_01821

DiscRep_SUB:FEATURE_LOCATION_CONFLICT::Coding region xref gene does not exist
prokka_out/CA140404:CDS	hypothetical protein	NODE_11_length_38396_cov_127.096266:c31545-30931	NFMMKAFD_01822

DiscRep_SUB:FEATURE_LOCATION_CONFLICT::Coding region xref gene does not exist
prokka_out/CA140404:CDS	hypothetical protein	NODE_11_length_38396_cov_127.096266:c31919-31542	NFMMKAFD_01823

DiscRep_SUB:FEATURE_LOCATION_CONFLICT::Coding region xref gene does not exist
prokka_out/CA140404:CDS	hypothetical protein	NODE_11_length_38396_cov_127.096266:c32233-31910	NFMMKAFD_01824

DiscRep_SUB:FEATURE_LOCATION_CONFLICT::Coding region xref gene does not exist
prokka_out/CA140404:CDS	Type IV secretion system protein virB2	NODE_11_length_38396_cov_127.096266:32404-32667	NFMMKAFD_01825

DiscRep_SUB:FEATURE_LOCATION_CONFLICT::Coding region xref gene does not exist
prokka_out/CA140404:CDS	Type IV secretion system protein virB4	NODE_11_length_38396_cov_127.096266:32680-35448	NFMMKAFD_01826

DiscRep_SUB:FEATURE_LOCATION_CONFLICT::Coding region xref gene does not exist
prokka_out/CA140404:CDS	hypothetical protein	NODE_11_length_38396_cov_127.096266:35459-36016	NFMMKAFD_01827

DiscRep_SUB:FEATURE_LOCATION_CONFLICT::Coding region xref gene does not exist
prokka_out/CA140404:CDS	hypothetical protein	NODE_11_length_38396_cov_127.096266:36013-36579	NFMMKAFD_01828

DiscRep_SUB:FEATURE_LOCATION_CONFLICT::Coding region xref gene does not exist
prokka_out/CA140404:CDS	Single-stranded DNA-binding protein	NODE_11_length_38396_cov_127.096266:36613-37038	NFMMKAFD_01829

DiscRep_SUB:FEATURE_LOCATION_CONFLICT::Coding region xref gene does not exist
prokka_out/CA140404:CDS	hypothetical protein	NODE_11_length_38396_cov_127.096266:37054-37329	NFMMKAFD_01830

DiscRep_SUB:FEATURE_LOCATION_CONFLICT::Coding region xref gene does not exist
prokka_out/CA140404:CDS	hypothetical protein	NODE_11_length_38396_cov_127.096266:37333-38304	NFMMKAFD_01831

DiscRep_SUB:FEATURE_LOCATION_CONFLICT::Coding region xref gene does not exist
prokka_out/CA140404:CDS	hypothetical protein	NODE_12_length_26936_cov_85.715879:c1172-264	NFMMKAFD_01832

DiscRep_SUB:FEATURE_LOCATION_CONFLICT::Coding region xref gene does not exist
prokka_out/CA140404:CDS	hypothetical protein	NODE_12_length_26936_cov_85.715879:c2890-1169	NFMMKAFD_01833

DiscRep_SUB:FEATURE_LOCATION_CONFLICT::Coding region xref gene does not exist
prokka_out/CA140404:CDS	hypothetical protein	NODE_12_length_26936_cov_85.715879:c3279-2887	NFMMKAFD_01834

DiscRep_SUB:FEATURE_LOCATION_CONFLICT::Coding region xref gene does not exist
prokka_out/CA140404:CDS	hypothetical protein	NODE_12_length_26936_cov_85.715879:c4736-3282	NFMMKAFD_01835

DiscRep_SUB:FEATURE_LOCATION_CONFLICT::Coding region xref gene does not exist
prokka_out/CA140404:CDS	hypothetical protein	NODE_12_length_26936_cov_85.715879:c5223-4738	NFMMKAFD_01836

DiscRep_SUB:FEATURE_LOCATION_CONFLICT::Coding region xref gene does not exist
prokka_out/CA140404:CDS	hypothetical protein	NODE_12_length_26936_cov_85.715879:c6539-5292	NFMMKAFD_01837

DiscRep_SUB:FEATURE_LOCATION_CONFLICT::Coding region xref gene does not exist
prokka_out/CA140404:CDS	hypothetical protein	NODE_12_length_26936_cov_85.715879:6665-7111	NFMMKAFD_01838

DiscRep_SUB:FEATURE_LOCATION_CONFLICT::Coding region xref gene does not exist
prokka_out/CA140404:CDS	hypothetical protein	NODE_12_length_26936_cov_85.715879:7121-8518	NFMMKAFD_01839

DiscRep_SUB:FEATURE_LOCATION_CONFLICT::Coding region xref gene does not exist
prokka_out/CA140404:CDS	hypothetical protein	NODE_12_length_26936_cov_85.715879:8515-9288	NFMMKAFD_01840

DiscRep_SUB:FEATURE_LOCATION_CONFLICT::Coding region xref gene does not exist
prokka_out/CA140404:CDS	Major exported protein	NODE_12_length_26936_cov_85.715879:c10053-9538	NFMMKAFD_01841

DiscRep_SUB:FEATURE_LOCATION_CONFLICT::Coding region xref gene does not exist
prokka_out/CA140404:CDS	hypothetical protein	NODE_12_length_26936_cov_85.715879:10171-13698	NFMMKAFD_01842

DiscRep_SUB:FEATURE_LOCATION_CONFLICT::Coding region xref gene does not exist
prokka_out/CA140404:CDS	hypothetical protein	NODE_12_length_26936_cov_85.715879:13695-14594	NFMMKAFD_01843

DiscRep_SUB:FEATURE_LOCATION_CONFLICT::Coding region xref gene does not exist
prokka_out/CA140404:CDS	hypothetical protein	NODE_12_length_26936_cov_85.715879:c15866-14598	NFMMKAFD_01844

DiscRep_SUB:FEATURE_LOCATION_CONFLICT::Coding region xref gene does not exist
prokka_out/CA140404:CDS	hypothetical protein	NODE_12_length_26936_cov_85.715879:c19817-15885	NFMMKAFD_01845

DiscRep_SUB:FEATURE_LOCATION_CONFLICT::Coding region xref gene does not exist
prokka_out/CA140404:CDS	hypothetical protein	NODE_12_length_26936_cov_85.715879:c20445-20086	NFMMKAFD_01846

DiscRep_SUB:FEATURE_LOCATION_CONFLICT::Coding region xref gene does not exist
prokka_out/CA140404:CDS	hypothetical protein	NODE_12_length_26936_cov_85.715879:c21061-20474	NFMMKAFD_01847

DiscRep_SUB:FEATURE_LOCATION_CONFLICT::Coding region xref gene does not exist
prokka_out/CA140404:CDS	hypothetical protein	NODE_12_length_26936_cov_85.715879:21552-21911	NFMMKAFD_01848

DiscRep_SUB:FEATURE_LOCATION_CONFLICT::Coding region xref gene does not exist
prokka_out/CA140404:CDS	hypothetical protein	NODE_12_length_26936_cov_85.715879:22168-23691	NFMMKAFD_01849

DiscRep_SUB:FEATURE_LOCATION_CONFLICT::Coding region xref gene does not exist
prokka_out/CA140404:CDS	hypothetical protein	NODE_12_length_26936_cov_85.715879:23699-24016	NFMMKAFD_01850

DiscRep_SUB:FEATURE_LOCATION_CONFLICT::Coding region xref gene does not exist
prokka_out/CA140404:CDS	hypothetical protein	NODE_12_length_26936_cov_85.715879:24158-25669	NFMMKAFD_01851

DiscRep_SUB:FEATURE_LOCATION_CONFLICT::Coding region xref gene does not exist
prokka_out/CA140404:CDS	hypothetical protein	NODE_12_length_26936_cov_85.715879:25670-26179	NFMMKAFD_01852

DiscRep_SUB:FEATURE_LOCATION_CONFLICT::Coding region xref gene does not exist
prokka_out/CA140404:CDS	hypothetical protein	NODE_12_length_26936_cov_85.715879:26298-26801	NFMMKAFD_01853

DiscRep_SUB:FEATURE_LOCATION_CONFLICT::Coding region xref gene does not exist
prokka_out/CA140404:CDS	hypothetical protein	NODE_13_length_9153_cov_89.010193:58-1086	NFMMKAFD_01854

DiscRep_SUB:FEATURE_LOCATION_CONFLICT::Coding region xref gene does not exist
prokka_out/CA140404:CDS	hypothetical protein	NODE_13_length_9153_cov_89.010193:1140-2093	NFMMKAFD_01855

DiscRep_SUB:FEATURE_LOCATION_CONFLICT::Coding region xref gene does not exist
prokka_out/CA140404:CDS	hypothetical protein	NODE_13_length_9153_cov_89.010193:2086-3711	NFMMKAFD_01856

DiscRep_SUB:FEATURE_LOCATION_CONFLICT::Coding region xref gene does not exist
prokka_out/CA140404:CDS	hypothetical protein	NODE_13_length_9153_cov_89.010193:3722-4666	NFMMKAFD_01857

DiscRep_SUB:FEATURE_LOCATION_CONFLICT::Coding region xref gene does not exist
prokka_out/CA140404:CDS	hypothetical protein	NODE_13_length_9153_cov_89.010193:4659-6344	NFMMKAFD_01858

DiscRep_SUB:FEATURE_LOCATION_CONFLICT::Coding region xref gene does not exist
prokka_out/CA140404:CDS	hypothetical protein	NODE_13_length_9153_cov_89.010193:6355-7296	NFMMKAFD_01859

DiscRep_SUB:FEATURE_LOCATION_CONFLICT::Coding region xref gene does not exist
prokka_out/CA140404:CDS	hypothetical protein	NODE_13_length_9153_cov_89.010193:7342-7806	NFMMKAFD_01860

DiscRep_SUB:FEATURE_LOCATION_CONFLICT::Coding region xref gene does not exist
prokka_out/CA140404:CDS	hypothetical protein	NODE_13_length_9153_cov_89.010193:7803-9053	NFMMKAFD_01861

DiscRep_SUB:FEATURE_LOCATION_CONFLICT::Coding region xref gene does not exist
prokka_out/CA140404:CDS	hypothetical protein	NODE_14_length_3703_cov_92.142897:50-1792	NFMMKAFD_01862

DiscRep_SUB:FEATURE_LOCATION_CONFLICT::Coding region xref gene does not exist
prokka_out/CA140404:CDS	Flagellin B	NODE_15_length_3579_cov_103.025203:34-369	NFMMKAFD_01863

DiscRep_SUB:FEATURE_LOCATION_CONFLICT::Coding region xref gene does not exist
prokka_out/CA140404:CDS	hypothetical protein	NODE_15_length_3579_cov_103.025203:c2307-400	NFMMKAFD_01864

DiscRep_SUB:FEATURE_LOCATION_CONFLICT::Coding region xref gene does not exist
prokka_out/CA140404:CDS	hypothetical protein	NODE_15_length_3579_cov_103.025203:c3551-2283	NFMMKAFD_01865

DiscRep_SUB:FEATURE_LOCATION_CONFLICT::Coding region xref gene does not exist
prokka_out/CA140404:CDS	hypothetical protein	NODE_16_length_2335_cov_94.225091:5-451	NFMMKAFD_01866

DiscRep_SUB:FEATURE_LOCATION_CONFLICT::Coding region xref gene does not exist
prokka_out/CA140404:CDS	hypothetical protein	NODE_16_length_2335_cov_94.225091:448-1014	NFMMKAFD_01867

DiscRep_SUB:FEATURE_LOCATION_CONFLICT::Coding region xref gene does not exist
prokka_out/CA140404:CDS	hypothetical protein	NODE_16_length_2335_cov_94.225091:1097-1447	NFMMKAFD_01868

DiscRep_SUB:FEATURE_LOCATION_CONFLICT::Coding region xref gene does not exist
prokka_out/CA140404:CDS	hypothetical protein	NODE_16_length_2335_cov_94.225091:1447-2079	NFMMKAFD_01869

DiscRep_SUB:FEATURE_LOCATION_CONFLICT::Coding region xref gene does not exist
prokka_out/CA140404:CDS	Flagellin A	NODE_17_length_1993_cov_150.367095:c1910-801	NFMMKAFD_01870

DiscRep_SUB:FEATURE_LOCATION_CONFLICT::Coding region xref gene does not exist
prokka_out/CA140404:CDS	hypothetical protein	NODE_18_length_1768_cov_88.912249:c534-157	NFMMKAFD_01871

DiscRep_SUB:FEATURE_LOCATION_CONFLICT::Coding region xref gene does not exist
prokka_out/CA140404:CDS	hypothetical protein	NODE_18_length_1768_cov_88.912249:c1298-732	NFMMKAFD_01872

DiscRep_SUB:FEATURE_LOCATION_CONFLICT::Coding region xref gene does not exist
prokka_out/CA140404:CDS	hypothetical protein	NODE_18_length_1768_cov_88.912249:c1756-1298	NFMMKAFD_01873

DiscRep_SUB:FEATURE_LOCATION_CONFLICT::Coding region xref gene does not exist
prokka_out/CA140404:CDS	hypothetical protein	NODE_20_length_1565_cov_84.517385:c721-164	NFMMKAFD_01874

DiscRep_SUB:FEATURE_LOCATION_CONFLICT::Coding region xref gene does not exist
prokka_out/CA140404:CDS	hypothetical protein	NODE_20_length_1565_cov_84.517385:c1122-736	NFMMKAFD_01875

DiscRep_SUB:FEATURE_LOCATION_CONFLICT::Coding region xref gene does not exist
prokka_out/CA140404:CDS	hypothetical protein	NODE_20_length_1565_cov_84.517385:c1549-1112	NFMMKAFD_01876

DiscRep_SUB:FEATURE_LOCATION_CONFLICT::Coding region xref gene does not exist
prokka_out/CA140404:CDS	hypothetical protein	NODE_22_length_1398_cov_82.155783:17-589	NFMMKAFD_01877

DiscRep_SUB:FEATURE_LOCATION_CONFLICT::Coding region xref gene does not exist
prokka_out/CA140404:CDS	hypothetical protein	NODE_22_length_1398_cov_82.155783:606-1160	NFMMKAFD_01878

DiscRep_SUB:FEATURE_LOCATION_CONFLICT::Coding region xref gene does not exist
prokka_out/CA140404:CDS	hypothetical protein	NODE_24_length_1182_cov_73.881517:c543-130	NFMMKAFD_01879

DiscRep_SUB:FEATURE_LOCATION_CONFLICT::Coding region xref gene does not exist
prokka_out/CA140404:CDS	hypothetical protein	NODE_24_length_1182_cov_73.881517:c1007-558	NFMMKAFD_01880

DiscRep_SUB:FEATURE_LOCATION_CONFLICT::Coding region xref gene does not exist
prokka_out/CA140404:CDS	hypothetical protein	NODE_25_length_917_cov_316.436709:206-916	NFMMKAFD_01881

DiscRep_SUB:FEATURE_LOCATION_CONFLICT::Coding region xref gene does not exist
prokka_out/CA140404:CDS	hypothetical protein	NODE_27_length_745_cov_100.017799:c703-446	NFMMKAFD_01882

DiscRep_SUB:FEATURE_LOCATION_CONFLICT::Coding region xref gene does not exist
prokka_out/CA140404:CDS	hypothetical protein	NODE_71_length_425_cov_86.721477:c383-111	NFMMKAFD_01883

DiscRep_SUB:FEATURE_LOCATION_CONFLICT::Coding region xref gene does not exist
prokka_out/CA140404:CDS	hypothetical protein	NODE_73_length_423_cov_350.250000:c330-25	NFMMKAFD_01884

DiscRep_ALL:OVERLAPPING_CDS::12 coding regions overlap another coding region with a similar or identical name.
DiscRep_SUB:OVERLAPPING_CDS::12 coding regions overlap another coding region with a similar or identical name that do not have the appropriate note text
prokka_out/CA140404:CDS	Bifunctional DNA-directed RNA polymerase subunit beta-beta'	NODE_2_length_288677_cov_98.038000:39708-43835	NFMMKAFD_00384
prokka_out/CA140404:CDS	Bifunctional DNA-directed RNA polymerase subunit beta-beta'	NODE_2_length_288677_cov_98.038000:43828-48381	NFMMKAFD_00385
prokka_out/CA140404:CDS	Potassium-transporting ATPase potassium-binding subunit	NODE_2_length_288677_cov_98.038000:216092-216406	NFMMKAFD_00562
prokka_out/CA140404:CDS	Potassium-transporting ATPase potassium-binding subunit	NODE_2_length_288677_cov_98.038000:216373-217191	NFMMKAFD_00563
prokka_out/CA140404:CDS	Sensor protein KdpD	NODE_2_length_288677_cov_98.038000:218525-218875	NFMMKAFD_00566
prokka_out/CA140404:CDS	Sensor protein KdpD	NODE_2_length_288677_cov_98.038000:218859-219674	NFMMKAFD_00567
prokka_out/CA140404:CDS	Na(+)/H(+) antiporter NhaA	NODE_3_length_228260_cov_106.499226:c123193-122024	NFMMKAFD_00786
prokka_out/CA140404:CDS	Na(+)/H(+) antiporter NhaA	NODE_3_length_228260_cov_106.499226:c124338-123190	NFMMKAFD_00787
prokka_out/CA140404:CDS	Phosphoglycerate transporter protein	NODE_5_length_158475_cov_95.623942:125344-125565	NFMMKAFD_01235
prokka_out/CA140404:CDS	Phosphoglycerate transporter protein	NODE_5_length_158475_cov_95.623942:125556-126515	NFMMKAFD_01236
prokka_out/CA140404:CDS	Putative cryptic C4-dicarboxylate transporter DcuD	NODE_8_length_99418_cov_97.298305:c40619-39861	NFMMKAFD_01533
prokka_out/CA140404:CDS	Putative cryptic C4-dicarboxylate transporter DcuD	NODE_8_length_99418_cov_97.298305:c40878-40588	NFMMKAFD_01534

DiscRep_ALL:SUSPECT_PRODUCT_NAMES::4 product_names contain suspect phrase or characters
DiscRep_SUB:SUSPECT_PRODUCT_NAMES::Suspicious phrase; should this be nonfunctional?
DiscRep_SUB:SUSPECT_PRODUCT_NAMES::1 features contains 'truncat'
prokka_out/CA140404:CDS	Group 3 truncated hemoglobin ctb	NODE_2_length_288677_cov_98.038000:c31663-31280	NFMMKAFD_00366

DiscRep_SUB:SUSPECT_PRODUCT_NAMES::May contain database identifier more appropriate in note; remove from product name
DiscRep_SUB:SUSPECT_PRODUCT_NAMES::1 features contains three or more numbers together that may be identifiers more appropriate in note
prokka_out/CA140404:CDS	Beta-lactamase OXA-133	NODE_5_length_158475_cov_95.623942:c120879-120106	NFMMKAFD_01228

DiscRep_SUB:SUSPECT_PRODUCT_NAMES::Use short product name instead of descriptive phrase
DiscRep_SUB:SUSPECT_PRODUCT_NAMES::2 features Is longer than 100 characters. Remove descriptive phrases or synonyms from product names. Keep valid long product names, eg long enzyme names
prokka_out/CA140404:CDS	GalNAc-alpha-(1->4)-GalNAc-alpha-(1->3)-diNAcBac-PP-undecaprenol alpha-1,4-N-acetyl-D-galactosaminyltransferase	NODE_1_length_332588_cov_91.785139:198354-199430	NFMMKAFD_00203
prokka_out/CA140404:CDS	N-acetylgalactosamine-N,N'-diacetylbacillosaminyl-diphospho-undecaprenol 4-alpha-N-acetylgalactosaminyltransferase	NODE_1_length_332588_cov_91.785139:200340-201437	NFMMKAFD_00205

FATAL: DiscRep_ALL:EC_NUMBER_ON_UNKNOWN_PROTEIN::1 protein features have an EC number and a protein name of 'unknown protein' or 'hypothetical protein'
prokka_out/CA140404:CDS	hypothetical protein	NODE_4_length_183592_cov_86.819104:116628-117224	NFMMKAFD_01037

DiscRep_ALL:ZERO_BASECOUNT::2 sequences have a zero basecount for a nucleotide
DiscRep_SUB:ZERO_BASECOUNT::1 sequences have no As
prokka_out/CA140404:NODE_82_length_255_cov_39.351562 (length 255)

DiscRep_SUB:ZERO_BASECOUNT::1 sequences have no Cs
prokka_out/CA140404:NODE_82_length_255_cov_39.351562 (length 255)

DiscRep_ALL:NO_ANNOTATION::23 bioseqs have no features
prokka_out/CA140404:NODE_19_length_1704_cov_172.185162 (length 1704)
prokka_out/CA140404:NODE_23_length_1373_cov_125.191011 (length 1373)
prokka_out/CA140404:NODE_29_length_686_cov_3.037567 (length 686)
prokka_out/CA140404:NODE_31_length_613_cov_89.154321 (length 613)
prokka_out/CA140404:NODE_33_length_568_cov_92.403628 (length 568)
prokka_out/CA140404:NODE_37_length_523_cov_188.065657 (length 523)
prokka_out/CA140404:NODE_40_length_507_cov_111.300000 (length 507)
prokka_out/CA140404:NODE_53_length_451_cov_187.456790 (length 451)
prokka_out/CA140404:NODE_70_length_425_cov_99.996644 (length 425)
prokka_out/CA140404:NODE_72_length_424_cov_121.781145 (length 424)
prokka_out/CA140404:NODE_74_length_333_cov_192.839806 (length 333)
prokka_out/CA140404:NODE_75_length_315_cov_296.968085 (length 315)
prokka_out/CA140404:NODE_76_length_315_cov_116.218085 (length 315)
prokka_out/CA140404:NODE_77_length_295_cov_93.797619 (length 295)
prokka_out/CA140404:NODE_78_length_286_cov_223.301887 (length 286)
prokka_out/CA140404:NODE_79_length_264_cov_473.934307 (length 264)
prokka_out/CA140404:NODE_80_length_261_cov_139.552239 (length 261)
prokka_out/CA140404:NODE_81_length_255_cov_81.781250 (length 255)
prokka_out/CA140404:NODE_82_length_255_cov_39.351562 (length 255)
prokka_out/CA140404:NODE_83_length_254_cov_105.362205 (length 254)
prokka_out/CA140404:NODE_84_length_247_cov_94.166667 (length 247)
prokka_out/CA140404:NODE_85_length_243_cov_190.232759 (length 243)
prokka_out/CA140404:NODE_86_length_234_cov_172.738318 (length 234)

DiscRep_ALL:DISC_QUALITY_SCORES::Quality scores are missing on all sequences.

DiscRep_ALL:ONCALLER_COMMENT_PRESENT::48 comment descriptors were found (all same)
prokka_out/CA140404:NODE_1_length_332588_cov_91.785139:Annotated using prokka 1.14.6 from https://github.com/tseemann/prokka
prokka_out/CA140404:NODE_2_length_288677_cov_98.038000:Annotated using prokka 1.14.6 from https://github.com/tseemann/prokka
prokka_out/CA140404:NODE_3_length_228260_cov_106.499226:Annotated using prokka 1.14.6 from https://github.com/tseemann/prokka
prokka_out/CA140404:NODE_4_length_183592_cov_86.819104:Annotated using prokka 1.14.6 from https://github.com/tseemann/prokka
prokka_out/CA140404:NODE_5_length_158475_cov_95.623942:Annotated using prokka 1.14.6 from https://github.com/tseemann/prokka
prokka_out/CA140404:NODE_6_length_118826_cov_99.235318:Annotated using prokka 1.14.6 from https://github.com/tseemann/prokka
prokka_out/CA140404:NODE_7_length_101867_cov_100.273806:Annotated using prokka 1.14.6 from https://github.com/tseemann/prokka
prokka_out/CA140404:NODE_8_length_99418_cov_97.298305:Annotated using prokka 1.14.6 from https://github.com/tseemann/prokka
prokka_out/CA140404:NODE_9_length_92411_cov_98.615261:Annotated using prokka 1.14.6 from https://github.com/tseemann/prokka
prokka_out/CA140404:NODE_10_length_81285_cov_84.844242:Annotated using prokka 1.14.6 from https://github.com/tseemann/prokka
prokka_out/CA140404:NODE_11_length_38396_cov_127.096266:Annotated using prokka 1.14.6 from https://github.com/tseemann/prokka
prokka_out/CA140404:NODE_12_length_26936_cov_85.715879:Annotated using prokka 1.14.6 from https://github.com/tseemann/prokka
prokka_out/CA140404:NODE_13_length_9153_cov_89.010193:Annotated using prokka 1.14.6 from https://github.com/tseemann/prokka
prokka_out/CA140404:NODE_14_length_3703_cov_92.142897:Annotated using prokka 1.14.6 from https://github.com/tseemann/prokka
prokka_out/CA140404:NODE_15_length_3579_cov_103.025203:Annotated using prokka 1.14.6 from https://github.com/tseemann/prokka
prokka_out/CA140404:NODE_16_length_2335_cov_94.225091:Annotated using prokka 1.14.6 from https://github.com/tseemann/prokka
prokka_out/CA140404:NODE_17_length_1993_cov_150.367095:Annotated using prokka 1.14.6 from https://github.com/tseemann/prokka
prokka_out/CA140404:NODE_18_length_1768_cov_88.912249:Annotated using prokka 1.14.6 from https://github.com/tseemann/prokka
prokka_out/CA140404:NODE_19_length_1704_cov_172.185162:Annotated using prokka 1.14.6 from https://github.com/tseemann/prokka
prokka_out/CA140404:NODE_20_length_1565_cov_84.517385:Annotated using prokka 1.14.6 from https://github.com/tseemann/prokka
prokka_out/CA140404:NODE_22_length_1398_cov_82.155783:Annotated using prokka 1.14.6 from https://github.com/tseemann/prokka
prokka_out/CA140404:NODE_23_length_1373_cov_125.191011:Annotated using prokka 1.14.6 from https://github.com/tseemann/prokka
prokka_out/CA140404:NODE_24_length_1182_cov_73.881517:Annotated using prokka 1.14.6 from https://github.com/tseemann/prokka
prokka_out/CA140404:NODE_25_length_917_cov_316.436709:Annotated using prokka 1.14.6 from https://github.com/tseemann/prokka
prokka_out/CA140404:NODE_27_length_745_cov_100.017799:Annotated using prokka 1.14.6 from https://github.com/tseemann/prokka
prokka_out/CA140404:NODE_29_length_686_cov_3.037567:Annotated using prokka 1.14.6 from https://github.com/tseemann/prokka
prokka_out/CA140404:NODE_31_length_613_cov_89.154321:Annotated using prokka 1.14.6 from https://github.com/tseemann/prokka
prokka_out/CA140404:NODE_33_length_568_cov_92.403628:Annotated using prokka 1.14.6 from https://github.com/tseemann/prokka
prokka_out/CA140404:NODE_37_length_523_cov_188.065657:Annotated using prokka 1.14.6 from https://github.com/tseemann/prokka
prokka_out/CA140404:NODE_40_length_507_cov_111.300000:Annotated using prokka 1.14.6 from https://github.com/tseemann/prokka
prokka_out/CA140404:NODE_53_length_451_cov_187.456790:Annotated using prokka 1.14.6 from https://github.com/tseemann/prokka
prokka_out/CA140404:NODE_70_length_425_cov_99.996644:Annotated using prokka 1.14.6 from https://github.com/tseemann/prokka
prokka_out/CA140404:NODE_71_length_425_cov_86.721477:Annotated using prokka 1.14.6 from https://github.com/tseemann/prokka
prokka_out/CA140404:NODE_72_length_424_cov_121.781145:Annotated using prokka 1.14.6 from https://github.com/tseemann/prokka
prokka_out/CA140404:NODE_73_length_423_cov_350.250000:Annotated using prokka 1.14.6 from https://github.com/tseemann/prokka
prokka_out/CA140404:NODE_74_length_333_cov_192.839806:Annotated using prokka 1.14.6 from https://github.com/tseemann/prokka
prokka_out/CA140404:NODE_75_length_315_cov_296.968085:Annotated using prokka 1.14.6 from https://github.com/tseemann/prokka
prokka_out/CA140404:NODE_76_length_315_cov_116.218085:Annotated using prokka 1.14.6 from https://github.com/tseemann/prokka
prokka_out/CA140404:NODE_77_length_295_cov_93.797619:Annotated using prokka 1.14.6 from https://github.com/tseemann/prokka
prokka_out/CA140404:NODE_78_length_286_cov_223.301887:Annotated using prokka 1.14.6 from https://github.com/tseemann/prokka
prokka_out/CA140404:NODE_79_length_264_cov_473.934307:Annotated using prokka 1.14.6 from https://github.com/tseemann/prokka
prokka_out/CA140404:NODE_80_length_261_cov_139.552239:Annotated using prokka 1.14.6 from https://github.com/tseemann/prokka
prokka_out/CA140404:NODE_81_length_255_cov_81.781250:Annotated using prokka 1.14.6 from https://github.com/tseemann/prokka
prokka_out/CA140404:NODE_82_length_255_cov_39.351562:Annotated using prokka 1.14.6 from https://github.com/tseemann/prokka
prokka_out/CA140404:NODE_83_length_254_cov_105.362205:Annotated using prokka 1.14.6 from https://github.com/tseemann/prokka
prokka_out/CA140404:NODE_84_length_247_cov_94.166667:Annotated using prokka 1.14.6 from https://github.com/tseemann/prokka
prokka_out/CA140404:NODE_85_length_243_cov_190.232759:Annotated using prokka 1.14.6 from https://github.com/tseemann/prokka
prokka_out/CA140404:NODE_86_length_234_cov_172.738318:Annotated using prokka 1.14.6 from https://github.com/tseemann/prokka

DiscRep_ALL:SHORT_PROT_SEQUENCES::25 protein sequences are shorter than 50 aa.
prokka_out/CA140404:NODE_1_length_332588_cov_91.785139_2> (length 36)
prokka_out/CA140404:NODE_2_length_288677_cov_98.038000_2> (length 31)
prokka_out/CA140404:NODE_2_length_288677_cov_98.038000_2> (length 38)
prokka_out/CA140404:NODE_3_length_228260_cov_106.499226_> (length 40)
prokka_out/CA140404:NODE_3_length_228260_cov_106.499226_> (length 35)
prokka_out/CA140404:NODE_3_length_228260_cov_106.499226_> (length 45)
prokka_out/CA140404:NODE_3_length_228260_cov_106.499226_> (length 32)
prokka_out/CA140404:NODE_4_length_183592_cov_86.819104_39 (length 48)
prokka_out/CA140404:NODE_4_length_183592_cov_86.819104_60 (length 46)
prokka_out/CA140404:NODE_5_length_158475_cov_95.623942_1> (length 48)
prokka_out/CA140404:NODE_6_length_118826_cov_99.235318_47 (length 33)
prokka_out/CA140404:NODE_6_length_118826_cov_99.235318_1> (length 40)
prokka_out/CA140404:NODE_7_length_101867_cov_100.273806_> (length 34)
prokka_out/CA140404:NODE_7_length_101867_cov_100.273806_> (length 41)
prokka_out/CA140404:NODE_7_length_101867_cov_100.273806_> (length 47)
prokka_out/CA140404:NODE_9_length_92411_cov_98.615261_37 (length 43)
prokka_out/CA140404:NODE_9_length_92411_cov_98.615261_76 (length 41)
prokka_out/CA140404:NODE_10_length_81285_cov_84.844242_12 (length 49)
prokka_out/CA140404:NODE_10_length_81285_cov_84.844242_14 (length 43)
prokka_out/CA140404:NODE_10_length_81285_cov_84.844242_15 (length 47)
prokka_out/CA140404:NODE_10_length_81285_cov_84.844242_16 (length 38)
prokka_out/CA140404:NODE_10_length_81285_cov_84.844242_22 (length 35)
prokka_out/CA140404:NODE_10_length_81285_cov_84.844242_67 (length 44)
prokka_out/CA140404:NODE_10_length_81285_cov_84.844242_78 (length 39)
prokka_out/CA140404:NODE_11_length_38396_cov_127.096266_> (length 32)

DiscRep_ALL:MISSING_GENOMEASSEMBLY_COMMENTS::48 bioseqs are missing GenomeAssembly structured comments
prokka_out/CA140404:NODE_1_length_332588_cov_91.785139 (length 332588)
prokka_out/CA140404:NODE_2_length_288677_cov_98.038000 (length 288677)
prokka_out/CA140404:NODE_3_length_228260_cov_106.499226 (length 228260)
prokka_out/CA140404:NODE_4_length_183592_cov_86.819104 (length 183592)
prokka_out/CA140404:NODE_5_length_158475_cov_95.623942 (length 158475)
prokka_out/CA140404:NODE_6_length_118826_cov_99.235318 (length 118826)
prokka_out/CA140404:NODE_7_length_101867_cov_100.273806 (length 101867)
prokka_out/CA140404:NODE_8_length_99418_cov_97.298305 (length 99418)
prokka_out/CA140404:NODE_9_length_92411_cov_98.615261 (length 92411)
prokka_out/CA140404:NODE_10_length_81285_cov_84.844242 (length 81285)
prokka_out/CA140404:NODE_11_length_38396_cov_127.096266 (length 38396)
prokka_out/CA140404:NODE_12_length_26936_cov_85.715879 (length 26936)
prokka_out/CA140404:NODE_13_length_9153_cov_89.010193 (length 9153)
prokka_out/CA140404:NODE_14_length_3703_cov_92.142897 (length 3703)
prokka_out/CA140404:NODE_15_length_3579_cov_103.025203 (length 3579)
prokka_out/CA140404:NODE_16_length_2335_cov_94.225091 (length 2335)
prokka_out/CA140404:NODE_17_length_1993_cov_150.367095 (length 1993)
prokka_out/CA140404:NODE_18_length_1768_cov_88.912249 (length 1768)
prokka_out/CA140404:NODE_19_length_1704_cov_172.185162 (length 1704)
prokka_out/CA140404:NODE_20_length_1565_cov_84.517385 (length 1565)
prokka_out/CA140404:NODE_22_length_1398_cov_82.155783 (length 1398)
prokka_out/CA140404:NODE_23_length_1373_cov_125.191011 (length 1373)
prokka_out/CA140404:NODE_24_length_1182_cov_73.881517 (length 1182)
prokka_out/CA140404:NODE_25_length_917_cov_316.436709 (length 917)
prokka_out/CA140404:NODE_27_length_745_cov_100.017799 (length 745)
prokka_out/CA140404:NODE_29_length_686_cov_3.037567 (length 686)
prokka_out/CA140404:NODE_31_length_613_cov_89.154321 (length 613)
prokka_out/CA140404:NODE_33_length_568_cov_92.403628 (length 568)
prokka_out/CA140404:NODE_37_length_523_cov_188.065657 (length 523)
prokka_out/CA140404:NODE_40_length_507_cov_111.300000 (length 507)
prokka_out/CA140404:NODE_53_length_451_cov_187.456790 (length 451)
prokka_out/CA140404:NODE_70_length_425_cov_99.996644 (length 425)
prokka_out/CA140404:NODE_71_length_425_cov_86.721477 (length 425)
prokka_out/CA140404:NODE_72_length_424_cov_121.781145 (length 424)
prokka_out/CA140404:NODE_73_length_423_cov_350.250000 (length 423)
prokka_out/CA140404:NODE_74_length_333_cov_192.839806 (length 333)
prokka_out/CA140404:NODE_75_length_315_cov_296.968085 (length 315)
prokka_out/CA140404:NODE_76_length_315_cov_116.218085 (length 315)
prokka_out/CA140404:NODE_77_length_295_cov_93.797619 (length 295)
prokka_out/CA140404:NODE_78_length_286_cov_223.301887 (length 286)
prokka_out/CA140404:NODE_79_length_264_cov_473.934307 (length 264)
prokka_out/CA140404:NODE_80_length_261_cov_139.552239 (length 261)
prokka_out/CA140404:NODE_81_length_255_cov_81.781250 (length 255)
prokka_out/CA140404:NODE_82_length_255_cov_39.351562 (length 255)
prokka_out/CA140404:NODE_83_length_254_cov_105.362205 (length 254)
prokka_out/CA140404:NODE_84_length_247_cov_94.166667 (length 247)
prokka_out/CA140404:NODE_85_length_243_cov_190.232759 (length 243)
prokka_out/CA140404:NODE_86_length_234_cov_172.738318 (length 234)

DiscRep_ALL:MOLTYPE_NOT_MRNA::48 molecule types are not set as mRNA.
prokka_out/CA140404:NODE_1_length_332588_cov_91.785139 (length 332588)
prokka_out/CA140404:NODE_2_length_288677_cov_98.038000 (length 288677)
prokka_out/CA140404:NODE_3_length_228260_cov_106.499226 (length 228260)
prokka_out/CA140404:NODE_4_length_183592_cov_86.819104 (length 183592)
prokka_out/CA140404:NODE_5_length_158475_cov_95.623942 (length 158475)
prokka_out/CA140404:NODE_6_length_118826_cov_99.235318 (length 118826)
prokka_out/CA140404:NODE_7_length_101867_cov_100.273806 (length 101867)
prokka_out/CA140404:NODE_8_length_99418_cov_97.298305 (length 99418)
prokka_out/CA140404:NODE_9_length_92411_cov_98.615261 (length 92411)
prokka_out/CA140404:NODE_10_length_81285_cov_84.844242 (length 81285)
prokka_out/CA140404:NODE_11_length_38396_cov_127.096266 (length 38396)
prokka_out/CA140404:NODE_12_length_26936_cov_85.715879 (length 26936)
prokka_out/CA140404:NODE_13_length_9153_cov_89.010193 (length 9153)
prokka_out/CA140404:NODE_14_length_3703_cov_92.142897 (length 3703)
prokka_out/CA140404:NODE_15_length_3579_cov_103.025203 (length 3579)
prokka_out/CA140404:NODE_16_length_2335_cov_94.225091 (length 2335)
prokka_out/CA140404:NODE_17_length_1993_cov_150.367095 (length 1993)
prokka_out/CA140404:NODE_18_length_1768_cov_88.912249 (length 1768)
prokka_out/CA140404:NODE_19_length_1704_cov_172.185162 (length 1704)
prokka_out/CA140404:NODE_20_length_1565_cov_84.517385 (length 1565)
prokka_out/CA140404:NODE_22_length_1398_cov_82.155783 (length 1398)
prokka_out/CA140404:NODE_23_length_1373_cov_125.191011 (length 1373)
prokka_out/CA140404:NODE_24_length_1182_cov_73.881517 (length 1182)
prokka_out/CA140404:NODE_25_length_917_cov_316.436709 (length 917)
prokka_out/CA140404:NODE_27_length_745_cov_100.017799 (length 745)
prokka_out/CA140404:NODE_29_length_686_cov_3.037567 (length 686)
prokka_out/CA140404:NODE_31_length_613_cov_89.154321 (length 613)
prokka_out/CA140404:NODE_33_length_568_cov_92.403628 (length 568)
prokka_out/CA140404:NODE_37_length_523_cov_188.065657 (length 523)
prokka_out/CA140404:NODE_40_length_507_cov_111.300000 (length 507)
prokka_out/CA140404:NODE_53_length_451_cov_187.456790 (length 451)
prokka_out/CA140404:NODE_70_length_425_cov_99.996644 (length 425)
prokka_out/CA140404:NODE_71_length_425_cov_86.721477 (length 425)
prokka_out/CA140404:NODE_72_length_424_cov_121.781145 (length 424)
prokka_out/CA140404:NODE_73_length_423_cov_350.250000 (length 423)
prokka_out/CA140404:NODE_74_length_333_cov_192.839806 (length 333)
prokka_out/CA140404:NODE_75_length_315_cov_296.968085 (length 315)
prokka_out/CA140404:NODE_76_length_315_cov_116.218085 (length 315)
prokka_out/CA140404:NODE_77_length_295_cov_93.797619 (length 295)
prokka_out/CA140404:NODE_78_length_286_cov_223.301887 (length 286)
prokka_out/CA140404:NODE_79_length_264_cov_473.934307 (length 264)
prokka_out/CA140404:NODE_80_length_261_cov_139.552239 (length 261)
prokka_out/CA140404:NODE_81_length_255_cov_81.781250 (length 255)
prokka_out/CA140404:NODE_82_length_255_cov_39.351562 (length 255)
prokka_out/CA140404:NODE_83_length_254_cov_105.362205 (length 254)
prokka_out/CA140404:NODE_84_length_247_cov_94.166667 (length 247)
prokka_out/CA140404:NODE_85_length_243_cov_190.232759 (length 243)
prokka_out/CA140404:NODE_86_length_234_cov_172.738318 (length 234)

DiscRep_ALL:TECHNIQUE_NOT_TSA::48 technique are not set as TSA
prokka_out/CA140404:NODE_1_length_332588_cov_91.785139 (length 332588)
prokka_out/CA140404:NODE_2_length_288677_cov_98.038000 (length 288677)
prokka_out/CA140404:NODE_3_length_228260_cov_106.499226 (length 228260)
prokka_out/CA140404:NODE_4_length_183592_cov_86.819104 (length 183592)
prokka_out/CA140404:NODE_5_length_158475_cov_95.623942 (length 158475)
prokka_out/CA140404:NODE_6_length_118826_cov_99.235318 (length 118826)
prokka_out/CA140404:NODE_7_length_101867_cov_100.273806 (length 101867)
prokka_out/CA140404:NODE_8_length_99418_cov_97.298305 (length 99418)
prokka_out/CA140404:NODE_9_length_92411_cov_98.615261 (length 92411)
prokka_out/CA140404:NODE_10_length_81285_cov_84.844242 (length 81285)
prokka_out/CA140404:NODE_11_length_38396_cov_127.096266 (length 38396)
prokka_out/CA140404:NODE_12_length_26936_cov_85.715879 (length 26936)
prokka_out/CA140404:NODE_13_length_9153_cov_89.010193 (length 9153)
prokka_out/CA140404:NODE_14_length_3703_cov_92.142897 (length 3703)
prokka_out/CA140404:NODE_15_length_3579_cov_103.025203 (length 3579)
prokka_out/CA140404:NODE_16_length_2335_cov_94.225091 (length 2335)
prokka_out/CA140404:NODE_17_length_1993_cov_150.367095 (length 1993)
prokka_out/CA140404:NODE_18_length_1768_cov_88.912249 (length 1768)
prokka_out/CA140404:NODE_19_length_1704_cov_172.185162 (length 1704)
prokka_out/CA140404:NODE_20_length_1565_cov_84.517385 (length 1565)
prokka_out/CA140404:NODE_22_length_1398_cov_82.155783 (length 1398)
prokka_out/CA140404:NODE_23_length_1373_cov_125.191011 (length 1373)
prokka_out/CA140404:NODE_24_length_1182_cov_73.881517 (length 1182)
prokka_out/CA140404:NODE_25_length_917_cov_316.436709 (length 917)
prokka_out/CA140404:NODE_27_length_745_cov_100.017799 (length 745)
prokka_out/CA140404:NODE_29_length_686_cov_3.037567 (length 686)
prokka_out/CA140404:NODE_31_length_613_cov_89.154321 (length 613)
prokka_out/CA140404:NODE_33_length_568_cov_92.403628 (length 568)
prokka_out/CA140404:NODE_37_length_523_cov_188.065657 (length 523)
prokka_out/CA140404:NODE_40_length_507_cov_111.300000 (length 507)
prokka_out/CA140404:NODE_53_length_451_cov_187.456790 (length 451)
prokka_out/CA140404:NODE_70_length_425_cov_99.996644 (length 425)
prokka_out/CA140404:NODE_71_length_425_cov_86.721477 (length 425)
prokka_out/CA140404:NODE_72_length_424_cov_121.781145 (length 424)
prokka_out/CA140404:NODE_73_length_423_cov_350.250000 (length 423)
prokka_out/CA140404:NODE_74_length_333_cov_192.839806 (length 333)
prokka_out/CA140404:NODE_75_length_315_cov_296.968085 (length 315)
prokka_out/CA140404:NODE_76_length_315_cov_116.218085 (length 315)
prokka_out/CA140404:NODE_77_length_295_cov_93.797619 (length 295)
prokka_out/CA140404:NODE_78_length_286_cov_223.301887 (length 286)
prokka_out/CA140404:NODE_79_length_264_cov_473.934307 (length 264)
prokka_out/CA140404:NODE_80_length_261_cov_139.552239 (length 261)
prokka_out/CA140404:NODE_81_length_255_cov_81.781250 (length 255)
prokka_out/CA140404:NODE_82_length_255_cov_39.351562 (length 255)
prokka_out/CA140404:NODE_83_length_254_cov_105.362205 (length 254)
prokka_out/CA140404:NODE_84_length_247_cov_94.166667 (length 247)
prokka_out/CA140404:NODE_85_length_243_cov_190.232759 (length 243)
prokka_out/CA140404:NODE_86_length_234_cov_172.738318 (length 234)

DiscRep_ALL:MISSING_STRUCTURED_COMMENT::48 sequences do not include structured comments.
prokka_out/CA140404:NODE_1_length_332588_cov_91.785139 (length 332588)
prokka_out/CA140404:NODE_2_length_288677_cov_98.038000 (length 288677)
prokka_out/CA140404:NODE_3_length_228260_cov_106.499226 (length 228260)
prokka_out/CA140404:NODE_4_length_183592_cov_86.819104 (length 183592)
prokka_out/CA140404:NODE_5_length_158475_cov_95.623942 (length 158475)
prokka_out/CA140404:NODE_6_length_118826_cov_99.235318 (length 118826)
prokka_out/CA140404:NODE_7_length_101867_cov_100.273806 (length 101867)
prokka_out/CA140404:NODE_8_length_99418_cov_97.298305 (length 99418)
prokka_out/CA140404:NODE_9_length_92411_cov_98.615261 (length 92411)
prokka_out/CA140404:NODE_10_length_81285_cov_84.844242 (length 81285)
prokka_out/CA140404:NODE_11_length_38396_cov_127.096266 (length 38396)
prokka_out/CA140404:NODE_12_length_26936_cov_85.715879 (length 26936)
prokka_out/CA140404:NODE_13_length_9153_cov_89.010193 (length 9153)
prokka_out/CA140404:NODE_14_length_3703_cov_92.142897 (length 3703)
prokka_out/CA140404:NODE_15_length_3579_cov_103.025203 (length 3579)
prokka_out/CA140404:NODE_16_length_2335_cov_94.225091 (length 2335)
prokka_out/CA140404:NODE_17_length_1993_cov_150.367095 (length 1993)
prokka_out/CA140404:NODE_18_length_1768_cov_88.912249 (length 1768)
prokka_out/CA140404:NODE_19_length_1704_cov_172.185162 (length 1704)
prokka_out/CA140404:NODE_20_length_1565_cov_84.517385 (length 1565)
prokka_out/CA140404:NODE_22_length_1398_cov_82.155783 (length 1398)
prokka_out/CA140404:NODE_23_length_1373_cov_125.191011 (length 1373)
prokka_out/CA140404:NODE_24_length_1182_cov_73.881517 (length 1182)
prokka_out/CA140404:NODE_25_length_917_cov_316.436709 (length 917)
prokka_out/CA140404:NODE_27_length_745_cov_100.017799 (length 745)
prokka_out/CA140404:NODE_29_length_686_cov_3.037567 (length 686)
prokka_out/CA140404:NODE_31_length_613_cov_89.154321 (length 613)
prokka_out/CA140404:NODE_33_length_568_cov_92.403628 (length 568)
prokka_out/CA140404:NODE_37_length_523_cov_188.065657 (length 523)
prokka_out/CA140404:NODE_40_length_507_cov_111.300000 (length 507)
prokka_out/CA140404:NODE_53_length_451_cov_187.456790 (length 451)
prokka_out/CA140404:NODE_70_length_425_cov_99.996644 (length 425)
prokka_out/CA140404:NODE_71_length_425_cov_86.721477 (length 425)
prokka_out/CA140404:NODE_72_length_424_cov_121.781145 (length 424)
prokka_out/CA140404:NODE_73_length_423_cov_350.250000 (length 423)
prokka_out/CA140404:NODE_74_length_333_cov_192.839806 (length 333)
prokka_out/CA140404:NODE_75_length_315_cov_296.968085 (length 315)
prokka_out/CA140404:NODE_76_length_315_cov_116.218085 (length 315)
prokka_out/CA140404:NODE_77_length_295_cov_93.797619 (length 295)
prokka_out/CA140404:NODE_78_length_286_cov_223.301887 (length 286)
prokka_out/CA140404:NODE_79_length_264_cov_473.934307 (length 264)
prokka_out/CA140404:NODE_80_length_261_cov_139.552239 (length 261)
prokka_out/CA140404:NODE_81_length_255_cov_81.781250 (length 255)
prokka_out/CA140404:NODE_82_length_255_cov_39.351562 (length 255)
prokka_out/CA140404:NODE_83_length_254_cov_105.362205 (length 254)
prokka_out/CA140404:NODE_84_length_247_cov_94.166667 (length 247)
prokka_out/CA140404:NODE_85_length_243_cov_190.232759 (length 243)
prokka_out/CA140404:NODE_86_length_234_cov_172.738318 (length 234)

DiscRep_ALL:MISSING_PROJECT::1889 sequences do not include project.
prokka_out/CA140404:NODE_1_length_332588_cov_91.785139 (length 332588)
prokka_out/CA140404:NODE_1_length_332588_cov_91.785139_1 (length 626)
prokka_out/CA140404:NODE_1_length_332588_cov_91.785139_2 (length 650)
prokka_out/CA140404:NODE_1_length_332588_cov_91.785139_3 (length 256)
prokka_out/CA140404:NODE_1_length_332588_cov_91.785139_4 (length 235)
prokka_out/CA140404:NODE_1_length_332588_cov_91.785139_5 (length 301)
prokka_out/CA140404:NODE_1_length_332588_cov_91.785139_6 (length 341)
prokka_out/CA140404:NODE_1_length_332588_cov_91.785139_7 (length 384)
prokka_out/CA140404:NODE_1_length_332588_cov_91.785139_8 (length 334)
prokka_out/CA140404:NODE_1_length_332588_cov_91.785139_9 (length 154)
prokka_out/CA140404:NODE_1_length_332588_cov_91.785139_10 (length 381)
prokka_out/CA140404:NODE_1_length_332588_cov_91.785139_11 (length 323)
prokka_out/CA140404:NODE_1_length_332588_cov_91.785139_12 (length 343)
prokka_out/CA140404:NODE_1_length_332588_cov_91.785139_13 (length 378)
prokka_out/CA140404:NODE_1_length_332588_cov_91.785139_14 (length 201)
prokka_out/CA140404:NODE_1_length_332588_cov_91.785139_15 (length 248)
prokka_out/CA140404:NODE_1_length_332588_cov_91.785139_16 (length 157)
prokka_out/CA140404:NODE_1_length_332588_cov_91.785139_17 (length 274)
prokka_out/CA140404:NODE_1_length_332588_cov_91.785139_18 (length 232)
prokka_out/CA140404:NODE_1_length_332588_cov_91.785139_19 (length 218)
prokka_out/CA140404:NODE_1_length_332588_cov_91.785139_20 (length 190)
prokka_out/CA140404:NODE_1_length_332588_cov_91.785139_21 (length 262)
prokka_out/CA140404:NODE_1_length_332588_cov_91.785139_22 (length 332)
prokka_out/CA140404:NODE_1_length_332588_cov_91.785139_23 (length 204)
prokka_out/CA140404:NODE_1_length_332588_cov_91.785139_24 (length 74)
prokka_out/CA140404:NODE_1_length_332588_cov_91.785139_25 (length 239)
prokka_out/CA140404:NODE_1_length_332588_cov_91.785139_26 (length 241)
prokka_out/CA140404:NODE_1_length_332588_cov_91.785139_27 (length 502)
prokka_out/CA140404:NODE_1_length_332588_cov_91.785139_28 (length 409)
prokka_out/CA140404:NODE_1_length_332588_cov_91.785139_29 (length 73)
prokka_out/CA140404:NODE_1_length_332588_cov_91.785139_30 (length 353)
prokka_out/CA140404:NODE_1_length_332588_cov_91.785139_31 (length 520)
prokka_out/CA140404:NODE_1_length_332588_cov_91.785139_32 (length 138)
prokka_out/CA140404:NODE_1_length_332588_cov_91.785139_33 (length 297)
prokka_out/CA140404:NODE_1_length_332588_cov_91.785139_34 (length 76)
prokka_out/CA140404:NODE_1_length_332588_cov_91.785139_35 (length 263)
prokka_out/CA140404:NODE_1_length_332588_cov_91.785139_36 (length 263)
prokka_out/CA140404:NODE_1_length_332588_cov_91.785139_37 (length 312)
prokka_out/CA140404:NODE_1_length_332588_cov_91.785139_38 (length 66)
prokka_out/CA140404:NODE_1_length_332588_cov_91.785139_39 (length 376)
prokka_out/CA140404:NODE_1_length_332588_cov_91.785139_40 (length 334)
prokka_out/CA140404:NODE_1_length_332588_cov_91.785139_41 (length 186)
prokka_out/CA140404:NODE_1_length_332588_cov_91.785139_42 (length 151)
prokka_out/CA140404:NODE_1_length_332588_cov_91.785139_43 (length 443)
prokka_out/CA140404:NODE_1_length_332588_cov_91.785139_44 (length 271)
prokka_out/CA140404:NODE_1_length_332588_cov_91.785139_45 (length 463)
prokka_out/CA140404:NODE_1_length_332588_cov_91.785139_46 (length 411)
prokka_out/CA140404:NODE_1_length_332588_cov_91.785139_47 (length 208)
prokka_out/CA140404:NODE_1_length_332588_cov_91.785139_48 (length 223)
prokka_out/CA140404:NODE_1_length_332588_cov_91.785139_49 (length 216)
prokka_out/CA140404:NODE_1_length_332588_cov_91.785139_50 (length 447)
prokka_out/CA140404:NODE_1_length_332588_cov_91.785139_51 (length 366)
prokka_out/CA140404:NODE_1_length_332588_cov_91.785139_52 (length 322)
prokka_out/CA140404:NODE_1_length_332588_cov_91.785139_53 (length 410)
prokka_out/CA140404:NODE_1_length_332588_cov_91.785139_54 (length 392)
prokka_out/CA140404:NODE_1_length_332588_cov_91.785139_55 (length 221)
prokka_out/CA140404:NODE_1_length_332588_cov_91.785139_56 (length 268)
prokka_out/CA140404:NODE_1_length_332588_cov_91.785139_57 (length 397)
prokka_out/CA140404:NODE_1_length_332588_cov_91.785139_58 (length 239)
prokka_out/CA140404:NODE_1_length_332588_cov_91.785139_59 (length 74)
prokka_out/CA140404:NODE_1_length_332588_cov_91.785139_60 (length 731)
prokka_out/CA140404:NODE_1_length_332588_cov_91.785139_61 (length 401)
prokka_out/CA140404:NODE_1_length_332588_cov_91.785139_62 (length 363)
prokka_out/CA140404:NODE_1_length_332588_cov_91.785139_63 (length 659)
prokka_out/CA140404:NODE_1_length_332588_cov_91.785139_64 (length 613)
prokka_out/CA140404:NODE_1_length_332588_cov_91.785139_65 (length 379)
prokka_out/CA140404:NODE_1_length_332588_cov_91.785139_66 (length 571)
prokka_out/CA140404:NODE_1_length_332588_cov_91.785139_67 (length 230)
prokka_out/CA140404:NODE_1_length_332588_cov_91.785139_68 (length 167)
prokka_out/CA140404:NODE_1_length_332588_cov_91.785139_69 (length 190)
prokka_out/CA140404:NODE_1_length_332588_cov_91.785139_70 (length 411)
prokka_out/CA140404:NODE_1_length_332588_cov_91.785139_71 (length 223)
prokka_out/CA140404:NODE_1_length_332588_cov_91.785139_72 (length 374)
prokka_out/CA140404:NODE_1_length_332588_cov_91.785139_73 (length 426)
prokka_out/CA140404:NODE_1_length_332588_cov_91.785139_74 (length 151)
prokka_out/CA140404:NODE_1_length_332588_cov_91.785139_75 (length 394)
prokka_out/CA140404:NODE_1_length_332588_cov_91.785139_76 (length 220)
prokka_out/CA140404:NODE_1_length_332588_cov_91.785139_77 (length 160)
prokka_out/CA140404:NODE_1_length_332588_cov_91.785139_78 (length 719)
prokka_out/CA140404:NODE_1_length_332588_cov_91.785139_79 (length 682)
prokka_out/CA140404:NODE_1_length_332588_cov_91.785139_80 (length 150)
prokka_out/CA140404:NODE_1_length_332588_cov_91.785139_81 (length 416)
prokka_out/CA140404:NODE_1_length_332588_cov_91.785139_82 (length 486)
prokka_out/CA140404:NODE_1_length_332588_cov_91.785139_83 (length 511)
prokka_out/CA140404:NODE_1_length_332588_cov_91.785139_84 (length 164)
prokka_out/CA140404:NODE_1_length_332588_cov_91.785139_85 (length 600)
prokka_out/CA140404:NODE_1_length_332588_cov_91.785139_86 (length 398)
prokka_out/CA140404:NODE_1_length_332588_cov_91.785139_87 (length 300)
prokka_out/CA140404:NODE_1_length_332588_cov_91.785139_88 (length 340)
prokka_out/CA140404:NODE_1_length_332588_cov_91.785139_89 (length 106)
prokka_out/CA140404:NODE_1_length_332588_cov_91.785139_90 (length 399)
prokka_out/CA140404:NODE_1_length_332588_cov_91.785139_91 (length 200)
prokka_out/CA140404:NODE_1_length_332588_cov_91.785139_92 (length 364)
prokka_out/CA140404:NODE_1_length_332588_cov_91.785139_93 (length 257)
prokka_out/CA140404:NODE_1_length_332588_cov_91.785139_94 (length 324)
prokka_out/CA140404:NODE_1_length_332588_cov_91.785139_95 (length 316)
prokka_out/CA140404:NODE_1_length_332588_cov_91.785139_96 (length 273)
prokka_out/CA140404:NODE_1_length_332588_cov_91.785139_97 (length 664)
prokka_out/CA140404:NODE_1_length_332588_cov_91.785139_98 (length 206)
prokka_out/CA140404:NODE_1_length_332588_cov_91.785139_99 (length 110)
prokka_out/CA140404:NODE_1_length_332588_cov_91.785139_1> (length 541)
prokka_out/CA140404:NODE_1_length_332588_cov_91.785139_1> (length 124)
prokka_out/CA140404:NODE_1_length_332588_cov_91.785139_1> (length 297)
prokka_out/CA140404:NODE_1_length_332588_cov_91.785139_1> (length 472)
prokka_out/CA140404:NODE_1_length_332588_cov_91.785139_1> (length 224)
prokka_out/CA140404:NODE_1_length_332588_cov_91.785139_1> (length 415)
prokka_out/CA140404:NODE_1_length_332588_cov_91.785139_1> (length 82)
prokka_out/CA140404:NODE_1_length_332588_cov_91.785139_1> (length 199)
prokka_out/CA140404:NODE_1_length_332588_cov_91.785139_1> (length 221)
prokka_out/CA140404:NODE_1_length_332588_cov_91.785139_1> (length 396)
prokka_out/CA140404:NODE_1_length_332588_cov_91.785139_1> (length 545)
prokka_out/CA140404:NODE_1_length_332588_cov_91.785139_1> (length 86)
prokka_out/CA140404:NODE_1_length_332588_cov_91.785139_1> (length 846)
prokka_out/CA140404:NODE_1_length_332588_cov_91.785139_1> (length 203)
prokka_out/CA140404:NODE_1_length_332588_cov_91.785139_1> (length 226)
prokka_out/CA140404:NODE_1_length_332588_cov_91.785139_1> (length 67)
prokka_out/CA140404:NODE_1_length_332588_cov_91.785139_1> (length 386)
prokka_out/CA140404:NODE_1_length_332588_cov_91.785139_1> (length 238)
prokka_out/CA140404:NODE_1_length_332588_cov_91.785139_1> (length 460)
prokka_out/CA140404:NODE_1_length_332588_cov_91.785139_1> (length 268)
prokka_out/CA140404:NODE_1_length_332588_cov_91.785139_1> (length 419)
prokka_out/CA140404:NODE_1_length_332588_cov_91.785139_1> (length 185)
prokka_out/CA140404:NODE_1_length_332588_cov_91.785139_1> (length 517)
prokka_out/CA140404:NODE_1_length_332588_cov_91.785139_1> (length 185)
prokka_out/CA140404:NODE_1_length_332588_cov_91.785139_1> (length 288)
prokka_out/CA140404:NODE_1_length_332588_cov_91.785139_1> (length 446)
prokka_out/CA140404:NODE_1_length_332588_cov_91.785139_1> (length 226)
prokka_out/CA140404:NODE_1_length_332588_cov_91.785139_1> (length 282)
prokka_out/CA140404:NODE_1_length_332588_cov_91.785139_1> (length 754)
prokka_out/CA140404:NODE_1_length_332588_cov_91.785139_1> (length 256)
prokka_out/CA140404:NODE_1_length_332588_cov_91.785139_1> (length 330)
prokka_out/CA140404:NODE_1_length_332588_cov_91.785139_1> (length 164)
prokka_out/CA140404:NODE_1_length_332588_cov_91.785139_1> (length 472)
prokka_out/CA140404:NODE_1_length_332588_cov_91.785139_1> (length 297)
prokka_out/CA140404:NODE_1_length_332588_cov_91.785139_1> (length 392)
prokka_out/CA140404:NODE_1_length_332588_cov_91.785139_1> (length 508)
prokka_out/CA140404:NODE_1_length_332588_cov_91.785139_1> (length 268)
prokka_out/CA140404:NODE_1_length_332588_cov_91.785139_1> (length 458)
prokka_out/CA140404:NODE_1_length_332588_cov_91.785139_1> (length 164)
prokka_out/CA140404:NODE_1_length_332588_cov_91.785139_1> (length 459)
prokka_out/CA140404:NODE_1_length_332588_cov_91.785139_1> (length 165)
prokka_out/CA140404:NODE_1_length_332588_cov_91.785139_1> (length 619)
prokka_out/CA140404:NODE_1_length_332588_cov_91.785139_1> (length 428)
prokka_out/CA140404:NODE_1_length_332588_cov_91.785139_1> (length 167)
prokka_out/CA140404:NODE_1_length_332588_cov_91.785139_1> (length 416)
prokka_out/CA140404:NODE_1_length_332588_cov_91.785139_1> (length 374)
prokka_out/CA140404:NODE_1_length_332588_cov_91.785139_1> (length 387)
prokka_out/CA140404:NODE_1_length_332588_cov_91.785139_1> (length 263)
prokka_out/CA140404:NODE_1_length_332588_cov_91.785139_1> (length 357)
prokka_out/CA140404:NODE_1_length_332588_cov_91.785139_1> (length 211)
prokka_out/CA140404:NODE_1_length_332588_cov_91.785139_1> (length 255)
prokka_out/CA140404:NODE_1_length_332588_cov_91.785139_1> (length 547)
prokka_out/CA140404:NODE_1_length_332588_cov_91.785139_1> (length 205)
prokka_out/CA140404:NODE_1_length_332588_cov_91.785139_1> (length 79)
prokka_out/CA140404:NODE_1_length_332588_cov_91.785139_1> (length 530)
prokka_out/CA140404:NODE_1_length_332588_cov_91.785139_1> (length 102)
prokka_out/CA140404:NODE_1_length_332588_cov_91.785139_1> (length 113)
prokka_out/CA140404:NODE_1_length_332588_cov_91.785139_1> (length 235)
prokka_out/CA140404:NODE_1_length_332588_cov_91.785139_1> (length 160)
prokka_out/CA140404:NODE_1_length_332588_cov_91.785139_1> (length 466)
prokka_out/CA140404:NODE_1_length_332588_cov_91.785139_1> (length 75)
prokka_out/CA140404:NODE_1_length_332588_cov_91.785139_1> (length 200)
prokka_out/CA140404:NODE_1_length_332588_cov_91.785139_1> (length 308)
prokka_out/CA140404:NODE_1_length_332588_cov_91.785139_1> (length 258)
prokka_out/CA140404:NODE_1_length_332588_cov_91.785139_1> (length 164)
prokka_out/CA140404:NODE_1_length_332588_cov_91.785139_1> (length 87)
prokka_out/CA140404:NODE_1_length_332588_cov_91.785139_1> (length 316)
prokka_out/CA140404:NODE_1_length_332588_cov_91.785139_1> (length 64)
prokka_out/CA140404:NODE_1_length_332588_cov_91.785139_1> (length 699)
prokka_out/CA140404:NODE_1_length_332588_cov_91.785139_1> (length 173)
prokka_out/CA140404:NODE_1_length_332588_cov_91.785139_1> (length 509)
prokka_out/CA140404:NODE_1_length_332588_cov_91.785139_1> (length 432)
prokka_out/CA140404:NODE_1_length_332588_cov_91.785139_1> (length 783)
prokka_out/CA140404:NODE_1_length_332588_cov_91.785139_1> (length 68)
prokka_out/CA140404:NODE_1_length_332588_cov_91.785139_1> (length 100)
prokka_out/CA140404:NODE_1_length_332588_cov_91.785139_1> (length 175)
prokka_out/CA140404:NODE_1_length_332588_cov_91.785139_1> (length 317)
prokka_out/CA140404:NODE_1_length_332588_cov_91.785139_1> (length 461)
prokka_out/CA140404:NODE_1_length_332588_cov_91.785139_1> (length 186)
prokka_out/CA140404:NODE_1_length_332588_cov_91.785139_1> (length 319)
prokka_out/CA140404:NODE_1_length_332588_cov_91.785139_1> (length 272)
prokka_out/CA140404:NODE_1_length_332588_cov_91.785139_1> (length 319)
prokka_out/CA140404:NODE_1_length_332588_cov_91.785139_1> (length 318)
prokka_out/CA140404:NODE_1_length_332588_cov_91.785139_1> (length 257)
prokka_out/CA140404:NODE_1_length_332588_cov_91.785139_1> (length 340)
prokka_out/CA140404:NODE_1_length_332588_cov_91.785139_1> (length 417)
prokka_out/CA140404:NODE_1_length_332588_cov_91.785139_1> (length 361)
prokka_out/CA140404:NODE_1_length_332588_cov_91.785139_1> (length 358)
prokka_out/CA140404:NODE_1_length_332588_cov_91.785139_1> (length 175)
prokka_out/CA140404:NODE_1_length_332588_cov_91.785139_1> (length 147)
prokka_out/CA140404:NODE_1_length_332588_cov_91.785139_1> (length 134)
prokka_out/CA140404:NODE_1_length_332588_cov_91.785139_1> (length 139)
prokka_out/CA140404:NODE_1_length_332588_cov_91.785139_1> (length 343)
prokka_out/CA140404:NODE_1_length_332588_cov_91.785139_1> (length 292)
prokka_out/CA140404:NODE_1_length_332588_cov_91.785139_1> (length 233)
prokka_out/CA140404:NODE_1_length_332588_cov_91.785139_1> (length 292)
prokka_out/CA140404:NODE_1_length_332588_cov_91.785139_1> (length 342)
prokka_out/CA140404:NODE_1_length_332588_cov_91.785139_1> (length 264)
prokka_out/CA140404:NODE_1_length_332588_cov_91.785139_1> (length 328)
prokka_out/CA140404:NODE_1_length_332588_cov_91.785139_1> (length 564)
prokka_out/CA140404:NODE_1_length_332588_cov_91.785139_2> (length 358)
prokka_out/CA140404:NODE_1_length_332588_cov_91.785139_2> (length 309)
prokka_out/CA140404:NODE_1_length_332588_cov_91.785139_2> (length 365)
prokka_out/CA140404:NODE_1_length_332588_cov_91.785139_2> (length 713)
prokka_out/CA140404:NODE_1_length_332588_cov_91.785139_2> (length 376)
prokka_out/CA140404:NODE_1_length_332588_cov_91.785139_2> (length 200)
prokka_out/CA140404:NODE_1_length_332588_cov_91.785139_2> (length 196)
prokka_out/CA140404:NODE_1_length_332588_cov_91.785139_2> (length 386)
prokka_out/CA140404:NODE_1_length_332588_cov_91.785139_2> (length 590)
prokka_out/CA140404:NODE_1_length_332588_cov_91.785139_2> (length 297)
prokka_out/CA140404:NODE_1_length_332588_cov_91.785139_2> (length 130)
prokka_out/CA140404:NODE_1_length_332588_cov_91.785139_2> (length 281)
prokka_out/CA140404:NODE_1_length_332588_cov_91.785139_2> (length 645)
prokka_out/CA140404:NODE_1_length_332588_cov_91.785139_2> (length 205)
prokka_out/CA140404:NODE_1_length_332588_cov_91.785139_2> (length 242)
prokka_out/CA140404:NODE_1_length_332588_cov_91.785139_2> (length 265)
prokka_out/CA140404:NODE_1_length_332588_cov_91.785139_2> (length 119)
prokka_out/CA140404:NODE_1_length_332588_cov_91.785139_2> (length 212)
prokka_out/CA140404:NODE_1_length_332588_cov_91.785139_2> (length 429)
prokka_out/CA140404:NODE_1_length_332588_cov_91.785139_2> (length 215)
prokka_out/CA140404:NODE_1_length_332588_cov_91.785139_2> (length 709)
prokka_out/CA140404:NODE_1_length_332588_cov_91.785139_2> (length 96)
prokka_out/CA140404:NODE_1_length_332588_cov_91.785139_2> (length 200)
prokka_out/CA140404:NODE_1_length_332588_cov_91.785139_2> (length 150)
prokka_out/CA140404:NODE_1_length_332588_cov_91.785139_2> (length 255)
prokka_out/CA140404:NODE_1_length_332588_cov_91.785139_2> (length 75)
prokka_out/CA140404:NODE_1_length_332588_cov_91.785139_2> (length 272)
prokka_out/CA140404:NODE_1_length_332588_cov_91.785139_2> (length 691)
prokka_out/CA140404:NODE_1_length_332588_cov_91.785139_2> (length 145)
prokka_out/CA140404:NODE_1_length_332588_cov_91.785139_2> (length 573)
prokka_out/CA140404:NODE_1_length_332588_cov_91.785139_2> (length 295)
prokka_out/CA140404:NODE_1_length_332588_cov_91.785139_2> (length 407)
prokka_out/CA140404:NODE_1_length_332588_cov_91.785139_2> (length 398)
prokka_out/CA140404:NODE_1_length_332588_cov_91.785139_2> (length 441)
prokka_out/CA140404:NODE_1_length_332588_cov_91.785139_2> (length 76)
prokka_out/CA140404:NODE_1_length_332588_cov_91.785139_2> (length 526)
prokka_out/CA140404:NODE_1_length_332588_cov_91.785139_2> (length 323)
prokka_out/CA140404:NODE_1_length_332588_cov_91.785139_2> (length 809)
prokka_out/CA140404:NODE_1_length_332588_cov_91.785139_2> (length 170)
prokka_out/CA140404:NODE_1_length_332588_cov_91.785139_2> (length 465)
prokka_out/CA140404:NODE_1_length_332588_cov_91.785139_2> (length 390)
prokka_out/CA140404:NODE_1_length_332588_cov_91.785139_2> (length 300)
prokka_out/CA140404:NODE_1_length_332588_cov_91.785139_2> (length 95)
prokka_out/CA140404:NODE_1_length_332588_cov_91.785139_2> (length 978)
prokka_out/CA140404:NODE_1_length_332588_cov_91.785139_2> (length 253)
prokka_out/CA140404:NODE_1_length_332588_cov_91.785139_2> (length 228)
prokka_out/CA140404:NODE_1_length_332588_cov_91.785139_2> (length 279)
prokka_out/CA140404:NODE_1_length_332588_cov_91.785139_2> (length 210)
prokka_out/CA140404:NODE_1_length_332588_cov_91.785139_2> (length 209)
prokka_out/CA140404:NODE_1_length_332588_cov_91.785139_2> (length 130)
prokka_out/CA140404:NODE_1_length_332588_cov_91.785139_2> (length 220)
prokka_out/CA140404:NODE_1_length_332588_cov_91.785139_2> (length 100)
prokka_out/CA140404:NODE_1_length_332588_cov_91.785139_2> (length 243)
prokka_out/CA140404:NODE_1_length_332588_cov_91.785139_2> (length 129)
prokka_out/CA140404:NODE_1_length_332588_cov_91.785139_2> (length 215)
prokka_out/CA140404:NODE_1_length_332588_cov_91.785139_2> (length 791)
prokka_out/CA140404:NODE_1_length_332588_cov_91.785139_2> (length 86)
prokka_out/CA140404:NODE_1_length_332588_cov_91.785139_2> (length 183)
prokka_out/CA140404:NODE_1_length_332588_cov_91.785139_2> (length 125)
prokka_out/CA140404:NODE_1_length_332588_cov_91.785139_2> (length 288)
prokka_out/CA140404:NODE_1_length_332588_cov_91.785139_2> (length 368)
prokka_out/CA140404:NODE_1_length_332588_cov_91.785139_2> (length 178)
prokka_out/CA140404:NODE_1_length_332588_cov_91.785139_2> (length 201)
prokka_out/CA140404:NODE_1_length_332588_cov_91.785139_2> (length 206)
prokka_out/CA140404:NODE_1_length_332588_cov_91.785139_2> (length 141)
prokka_out/CA140404:NODE_1_length_332588_cov_91.785139_2> (length 362)
prokka_out/CA140404:NODE_1_length_332588_cov_91.785139_2> (length 917)
prokka_out/CA140404:NODE_1_length_332588_cov_91.785139_2> (length 36)
prokka_out/CA140404:NODE_1_length_332588_cov_91.785139_2> (length 453)
prokka_out/CA140404:NODE_1_length_332588_cov_91.785139_2> (length 485)
prokka_out/CA140404:NODE_1_length_332588_cov_91.785139_2> (length 57)
prokka_out/CA140404:NODE_1_length_332588_cov_91.785139_2> (length 258)
prokka_out/CA140404:NODE_1_length_332588_cov_91.785139_2> (length 657)
prokka_out/CA140404:NODE_1_length_332588_cov_91.785139_2> (length 432)
prokka_out/CA140404:NODE_1_length_332588_cov_91.785139_2> (length 116)
prokka_out/CA140404:NODE_1_length_332588_cov_91.785139_2> (length 735)
prokka_out/CA140404:NODE_1_length_332588_cov_91.785139_2> (length 1343)
prokka_out/CA140404:NODE_1_length_332588_cov_91.785139_2> (length 233)
prokka_out/CA140404:NODE_1_length_332588_cov_91.785139_2> (length 199)
prokka_out/CA140404:NODE_1_length_332588_cov_91.785139_2> (length 365)
prokka_out/CA140404:NODE_1_length_332588_cov_91.785139_2> (length 63)
prokka_out/CA140404:NODE_1_length_332588_cov_91.785139_2> (length 267)
prokka_out/CA140404:NODE_1_length_332588_cov_91.785139_2> (length 258)
prokka_out/CA140404:NODE_1_length_332588_cov_91.785139_2> (length 381)
prokka_out/CA140404:NODE_1_length_332588_cov_91.785139_2> (length 201)
prokka_out/CA140404:NODE_1_length_332588_cov_91.785139_2> (length 296)
prokka_out/CA140404:NODE_1_length_332588_cov_91.785139_2> (length 283)
prokka_out/CA140404:NODE_1_length_332588_cov_91.785139_2> (length 387)
prokka_out/CA140404:NODE_1_length_332588_cov_91.785139_2> (length 342)
prokka_out/CA140404:NODE_1_length_332588_cov_91.785139_2> (length 387)
prokka_out/CA140404:NODE_1_length_332588_cov_91.785139_2> (length 481)
prokka_out/CA140404:NODE_1_length_332588_cov_91.785139_2> (length 83)
prokka_out/CA140404:NODE_1_length_332588_cov_91.785139_2> (length 239)
prokka_out/CA140404:NODE_1_length_332588_cov_91.785139_2> (length 268)
prokka_out/CA140404:NODE_1_length_332588_cov_91.785139_2> (length 1005)
prokka_out/CA140404:NODE_1_length_332588_cov_91.785139_2> (length 246)
prokka_out/CA140404:NODE_1_length_332588_cov_91.785139_2> (length 424)
prokka_out/CA140404:NODE_1_length_332588_cov_91.785139_2> (length 598)
prokka_out/CA140404:NODE_1_length_332588_cov_91.785139_2> (length 214)
prokka_out/CA140404:NODE_1_length_332588_cov_91.785139_2> (length 191)
prokka_out/CA140404:NODE_1_length_332588_cov_91.785139_3> (length 863)
prokka_out/CA140404:NODE_1_length_332588_cov_91.785139_3> (length 171)
prokka_out/CA140404:NODE_1_length_332588_cov_91.785139_3> (length 105)
prokka_out/CA140404:NODE_1_length_332588_cov_91.785139_3> (length 433)
prokka_out/CA140404:NODE_1_length_332588_cov_91.785139_3> (length 343)
prokka_out/CA140404:NODE_1_length_332588_cov_91.785139_3> (length 168)
prokka_out/CA140404:NODE_1_length_332588_cov_91.785139_3> (length 67)
prokka_out/CA140404:NODE_1_length_332588_cov_91.785139_3> (length 144)
prokka_out/CA140404:NODE_1_length_332588_cov_91.785139_3> (length 371)
prokka_out/CA140404:NODE_1_length_332588_cov_91.785139_3> (length 369)
prokka_out/CA140404:NODE_1_length_332588_cov_91.785139_3> (length 298)
prokka_out/CA140404:NODE_1_length_332588_cov_91.785139_3> (length 350)
prokka_out/CA140404:NODE_1_length_332588_cov_91.785139_3> (length 256)
prokka_out/CA140404:NODE_1_length_332588_cov_91.785139_3> (length 231)
prokka_out/CA140404:NODE_1_length_332588_cov_91.785139_3> (length 1081)
prokka_out/CA140404:NODE_1_length_332588_cov_91.785139_3> (length 154)
prokka_out/CA140404:NODE_1_length_332588_cov_91.785139_3> (length 415)
prokka_out/CA140404:NODE_1_length_332588_cov_91.785139_3> (length 424)
prokka_out/CA140404:NODE_1_length_332588_cov_91.785139_3> (length 650)
prokka_out/CA140404:NODE_1_length_332588_cov_91.785139_3> (length 286)
prokka_out/CA140404:NODE_1_length_332588_cov_91.785139_3> (length 57)
prokka_out/CA140404:NODE_1_length_332588_cov_91.785139_3> (length 254)
prokka_out/CA140404:NODE_1_length_332588_cov_91.785139_3> (length 289)
prokka_out/CA140404:NODE_1_length_332588_cov_91.785139_3> (length 416)
prokka_out/CA140404:NODE_1_length_332588_cov_91.785139_3> (length 224)
prokka_out/CA140404:NODE_1_length_332588_cov_91.785139_3> (length 253)
prokka_out/CA140404:NODE_1_length_332588_cov_91.785139_3> (length 118)
prokka_out/CA140404:NODE_1_length_332588_cov_91.785139_3> (length 203)
prokka_out/CA140404:NODE_1_length_332588_cov_91.785139_3> (length 664)
prokka_out/CA140404:NODE_1_length_332588_cov_91.785139_3> (length 298)
prokka_out/CA140404:NODE_2_length_288677_cov_98.038000 (length 288677)
prokka_out/CA140404:NODE_2_length_288677_cov_98.038000_1 (length 402)
prokka_out/CA140404:NODE_2_length_288677_cov_98.038000_2 (length 353)
prokka_out/CA140404:NODE_2_length_288677_cov_98.038000_3 (length 492)
prokka_out/CA140404:NODE_2_length_288677_cov_98.038000_4 (length 247)
prokka_out/CA140404:NODE_2_length_288677_cov_98.038000_5 (length 135)
prokka_out/CA140404:NODE_2_length_288677_cov_98.038000_6 (length 611)
prokka_out/CA140404:NODE_2_length_288677_cov_98.038000_7 (length 321)
prokka_out/CA140404:NODE_2_length_288677_cov_98.038000_8 (length 285)
prokka_out/CA140404:NODE_2_length_288677_cov_98.038000_9 (length 221)
prokka_out/CA140404:NODE_2_length_288677_cov_98.038000_10 (length 77)
prokka_out/CA140404:NODE_2_length_288677_cov_98.038000_11 (length 404)
prokka_out/CA140404:NODE_2_length_288677_cov_98.038000_12 (length 312)
prokka_out/CA140404:NODE_2_length_288677_cov_98.038000_13 (length 82)
prokka_out/CA140404:NODE_2_length_288677_cov_98.038000_14 (length 467)
prokka_out/CA140404:NODE_2_length_288677_cov_98.038000_15 (length 64)
prokka_out/CA140404:NODE_2_length_288677_cov_98.038000_16 (length 198)
prokka_out/CA140404:NODE_2_length_288677_cov_98.038000_17 (length 365)
prokka_out/CA140404:NODE_2_length_288677_cov_98.038000_18 (length 71)
prokka_out/CA140404:NODE_2_length_288677_cov_98.038000_19 (length 64)
prokka_out/CA140404:NODE_2_length_288677_cov_98.038000_20 (length 215)
prokka_out/CA140404:NODE_2_length_288677_cov_98.038000_21 (length 256)
prokka_out/CA140404:NODE_2_length_288677_cov_98.038000_22 (length 430)
prokka_out/CA140404:NODE_2_length_288677_cov_98.038000_23 (length 172)
prokka_out/CA140404:NODE_2_length_288677_cov_98.038000_24 (length 175)
prokka_out/CA140404:NODE_2_length_288677_cov_98.038000_25 (length 319)
prokka_out/CA140404:NODE_2_length_288677_cov_98.038000_26 (length 216)
prokka_out/CA140404:NODE_2_length_288677_cov_98.038000_27 (length 433)
prokka_out/CA140404:NODE_2_length_288677_cov_98.038000_28 (length 80)
prokka_out/CA140404:NODE_2_length_288677_cov_98.038000_29 (length 362)
prokka_out/CA140404:NODE_2_length_288677_cov_98.038000_30 (length 395)
prokka_out/CA140404:NODE_2_length_288677_cov_98.038000_31 (length 348)
prokka_out/CA140404:NODE_2_length_288677_cov_98.038000_32 (length 406)
prokka_out/CA140404:NODE_2_length_288677_cov_98.038000_33 (length 607)
prokka_out/CA140404:NODE_2_length_288677_cov_98.038000_34 (length 127)
prokka_out/CA140404:NODE_2_length_288677_cov_98.038000_35 (length 198)
prokka_out/CA140404:NODE_2_length_288677_cov_98.038000_36 (length 233)
prokka_out/CA140404:NODE_2_length_288677_cov_98.038000_37 (length 218)
prokka_out/CA140404:NODE_2_length_288677_cov_98.038000_38 (length 245)
prokka_out/CA140404:NODE_2_length_288677_cov_98.038000_39 (length 399)
prokka_out/CA140404:NODE_2_length_288677_cov_98.038000_40 (length 52)
prokka_out/CA140404:NODE_2_length_288677_cov_98.038000_41 (length 59)
prokka_out/CA140404:NODE_2_length_288677_cov_98.038000_42 (length 177)
prokka_out/CA140404:NODE_2_length_288677_cov_98.038000_43 (length 141)
prokka_out/CA140404:NODE_2_length_288677_cov_98.038000_44 (length 233)
prokka_out/CA140404:NODE_2_length_288677_cov_98.038000_45 (length 159)
prokka_out/CA140404:NODE_2_length_288677_cov_98.038000_46 (length 125)
prokka_out/CA140404:NODE_2_length_288677_cov_98.038000_47 (length 1375)
prokka_out/CA140404:NODE_2_length_288677_cov_98.038000_48 (length 1517)
prokka_out/CA140404:NODE_2_length_288677_cov_98.038000_49 (length 128)
prokka_out/CA140404:NODE_2_length_288677_cov_98.038000_50 (length 156)
prokka_out/CA140404:NODE_2_length_288677_cov_98.038000_51 (length 691)
prokka_out/CA140404:NODE_2_length_288677_cov_98.038000_52 (length 233)
prokka_out/CA140404:NODE_2_length_288677_cov_98.038000_53 (length 124)
prokka_out/CA140404:NODE_2_length_288677_cov_98.038000_54 (length 425)
prokka_out/CA140404:NODE_2_length_288677_cov_98.038000_55 (length 258)
prokka_out/CA140404:NODE_2_length_288677_cov_98.038000_56 (length 161)
prokka_out/CA140404:NODE_2_length_288677_cov_98.038000_57 (length 332)
prokka_out/CA140404:NODE_2_length_288677_cov_98.038000_58 (length 411)
prokka_out/CA140404:NODE_2_length_288677_cov_98.038000_59 (length 303)
prokka_out/CA140404:NODE_2_length_288677_cov_98.038000_60 (length 278)
prokka_out/CA140404:NODE_2_length_288677_cov_98.038000_61 (length 357)
prokka_out/CA140404:NODE_2_length_288677_cov_98.038000_62 (length 842)
prokka_out/CA140404:NODE_2_length_288677_cov_98.038000_63 (length 183)
prokka_out/CA140404:NODE_2_length_288677_cov_98.038000_64 (length 643)
prokka_out/CA140404:NODE_2_length_288677_cov_98.038000_65 (length 857)
prokka_out/CA140404:NODE_2_length_288677_cov_98.038000_66 (length 96)
prokka_out/CA140404:NODE_2_length_288677_cov_98.038000_67 (length 439)
prokka_out/CA140404:NODE_2_length_288677_cov_98.038000_68 (length 236)
prokka_out/CA140404:NODE_2_length_288677_cov_98.038000_69 (length 81)
prokka_out/CA140404:NODE_2_length_288677_cov_98.038000_70 (length 215)
prokka_out/CA140404:NODE_2_length_288677_cov_98.038000_71 (length 398)
prokka_out/CA140404:NODE_2_length_288677_cov_98.038000_72 (length 230)
prokka_out/CA140404:NODE_2_length_288677_cov_98.038000_73 (length 122)
prokka_out/CA140404:NODE_2_length_288677_cov_98.038000_74 (length 608)
prokka_out/CA140404:NODE_2_length_288677_cov_98.038000_75 (length 105)
prokka_out/CA140404:NODE_2_length_288677_cov_98.038000_76 (length 144)
prokka_out/CA140404:NODE_2_length_288677_cov_98.038000_77 (length 241)
prokka_out/CA140404:NODE_2_length_288677_cov_98.038000_78 (length 304)
prokka_out/CA140404:NODE_2_length_288677_cov_98.038000_79 (length 602)
prokka_out/CA140404:NODE_2_length_288677_cov_98.038000_80 (length 98)
prokka_out/CA140404:NODE_2_length_288677_cov_98.038000_81 (length 164)
prokka_out/CA140404:NODE_2_length_288677_cov_98.038000_82 (length 143)
prokka_out/CA140404:NODE_2_length_288677_cov_98.038000_83 (length 259)
prokka_out/CA140404:NODE_2_length_288677_cov_98.038000_84 (length 856)
prokka_out/CA140404:NODE_2_length_288677_cov_98.038000_85 (length 734)
prokka_out/CA140404:NODE_2_length_288677_cov_98.038000_86 (length 300)
prokka_out/CA140404:NODE_2_length_288677_cov_98.038000_87 (length 387)
prokka_out/CA140404:NODE_2_length_288677_cov_98.038000_88 (length 289)
prokka_out/CA140404:NODE_2_length_288677_cov_98.038000_89 (length 103)
prokka_out/CA140404:NODE_2_length_288677_cov_98.038000_90 (length 374)
prokka_out/CA140404:NODE_2_length_288677_cov_98.038000_91 (length 281)
prokka_out/CA140404:NODE_2_length_288677_cov_98.038000_92 (length 185)
prokka_out/CA140404:NODE_2_length_288677_cov_98.038000_93 (length 87)
prokka_out/CA140404:NODE_2_length_288677_cov_98.038000_94 (length 178)
prokka_out/CA140404:NODE_2_length_288677_cov_98.038000_95 (length 297)
prokka_out/CA140404:NODE_2_length_288677_cov_98.038000_96 (length 432)
prokka_out/CA140404:NODE_2_length_288677_cov_98.038000_97 (length 568)
prokka_out/CA140404:NODE_2_length_288677_cov_98.038000_98 (length 129)
prokka_out/CA140404:NODE_2_length_288677_cov_98.038000_99 (length 307)
prokka_out/CA140404:NODE_2_length_288677_cov_98.038000_1> (length 600)
prokka_out/CA140404:NODE_2_length_288677_cov_98.038000_1> (length 121)
prokka_out/CA140404:NODE_2_length_288677_cov_98.038000_1> (length 637)
prokka_out/CA140404:NODE_2_length_288677_cov_98.038000_1> (length 128)
prokka_out/CA140404:NODE_2_length_288677_cov_98.038000_1> (length 91)
prokka_out/CA140404:NODE_2_length_288677_cov_98.038000_1> (length 189)
prokka_out/CA140404:NODE_2_length_288677_cov_98.038000_1> (length 230)
prokka_out/CA140404:NODE_2_length_288677_cov_98.038000_1> (length 317)
prokka_out/CA140404:NODE_2_length_288677_cov_98.038000_1> (length 334)
prokka_out/CA140404:NODE_2_length_288677_cov_98.038000_1> (length 428)
prokka_out/CA140404:NODE_2_length_288677_cov_98.038000_1> (length 265)
prokka_out/CA140404:NODE_2_length_288677_cov_98.038000_1> (length 361)
prokka_out/CA140404:NODE_2_length_288677_cov_98.038000_1> (length 410)
prokka_out/CA140404:NODE_2_length_288677_cov_98.038000_1> (length 311)
prokka_out/CA140404:NODE_2_length_288677_cov_98.038000_1> (length 442)
prokka_out/CA140404:NODE_2_length_288677_cov_98.038000_1> (length 309)
prokka_out/CA140404:NODE_2_length_288677_cov_98.038000_1> (length 458)
prokka_out/CA140404:NODE_2_length_288677_cov_98.038000_1> (length 186)
prokka_out/CA140404:NODE_2_length_288677_cov_98.038000_1> (length 65)
prokka_out/CA140404:NODE_2_length_288677_cov_98.038000_1> (length 372)
prokka_out/CA140404:NODE_2_length_288677_cov_98.038000_1> (length 56)
prokka_out/CA140404:NODE_2_length_288677_cov_98.038000_1> (length 101)
prokka_out/CA140404:NODE_2_length_288677_cov_98.038000_1> (length 355)
prokka_out/CA140404:NODE_2_length_288677_cov_98.038000_1> (length 290)
prokka_out/CA140404:NODE_2_length_288677_cov_98.038000_1> (length 339)
prokka_out/CA140404:NODE_2_length_288677_cov_98.038000_1> (length 147)
prokka_out/CA140404:NODE_2_length_288677_cov_98.038000_1> (length 566)
prokka_out/CA140404:NODE_2_length_288677_cov_98.038000_1> (length 154)
prokka_out/CA140404:NODE_2_length_288677_cov_98.038000_1> (length 321)
prokka_out/CA140404:NODE_2_length_288677_cov_98.038000_1> (length 342)
prokka_out/CA140404:NODE_2_length_288677_cov_98.038000_1> (length 245)
prokka_out/CA140404:NODE_2_length_288677_cov_98.038000_1> (length 138)
prokka_out/CA140404:NODE_2_length_288677_cov_98.038000_1> (length 355)
prokka_out/CA140404:NODE_2_length_288677_cov_98.038000_1> (length 156)
prokka_out/CA140404:NODE_2_length_288677_cov_98.038000_1> (length 400)
prokka_out/CA140404:NODE_2_length_288677_cov_98.038000_1> (length 178)
prokka_out/CA140404:NODE_2_length_288677_cov_98.038000_1> (length 199)
prokka_out/CA140404:NODE_2_length_288677_cov_98.038000_1> (length 380)
prokka_out/CA140404:NODE_2_length_288677_cov_98.038000_1> (length 647)
prokka_out/CA140404:NODE_2_length_288677_cov_98.038000_1> (length 339)
prokka_out/CA140404:NODE_2_length_288677_cov_98.038000_1> (length 253)
prokka_out/CA140404:NODE_2_length_288677_cov_98.038000_1> (length 284)
prokka_out/CA140404:NODE_2_length_288677_cov_98.038000_1> (length 235)
prokka_out/CA140404:NODE_2_length_288677_cov_98.038000_1> (length 71)
prokka_out/CA140404:NODE_2_length_288677_cov_98.038000_1> (length 144)
prokka_out/CA140404:NODE_2_length_288677_cov_98.038000_1> (length 210)
prokka_out/CA140404:NODE_2_length_288677_cov_98.038000_1> (length 216)
prokka_out/CA140404:NODE_2_length_288677_cov_98.038000_1> (length 208)
prokka_out/CA140404:NODE_2_length_288677_cov_98.038000_1> (length 273)
prokka_out/CA140404:NODE_2_length_288677_cov_98.038000_1> (length 354)
prokka_out/CA140404:NODE_2_length_288677_cov_98.038000_1> (length 480)
prokka_out/CA140404:NODE_2_length_288677_cov_98.038000_1> (length 317)
prokka_out/CA140404:NODE_2_length_288677_cov_98.038000_1> (length 291)
prokka_out/CA140404:NODE_2_length_288677_cov_98.038000_1> (length 447)
prokka_out/CA140404:NODE_2_length_288677_cov_98.038000_1> (length 222)
prokka_out/CA140404:NODE_2_length_288677_cov_98.038000_1> (length 567)
prokka_out/CA140404:NODE_2_length_288677_cov_98.038000_1> (length 293)
prokka_out/CA140404:NODE_2_length_288677_cov_98.038000_1> (length 396)
prokka_out/CA140404:NODE_2_length_288677_cov_98.038000_1> (length 390)
prokka_out/CA140404:NODE_2_length_288677_cov_98.038000_1> (length 641)
prokka_out/CA140404:NODE_2_length_288677_cov_98.038000_1> (length 456)
prokka_out/CA140404:NODE_2_length_288677_cov_98.038000_1> (length 392)
prokka_out/CA140404:NODE_2_length_288677_cov_98.038000_1> (length 336)
prokka_out/CA140404:NODE_2_length_288677_cov_98.038000_1> (length 458)
prokka_out/CA140404:NODE_2_length_288677_cov_98.038000_1> (length 167)
prokka_out/CA140404:NODE_2_length_288677_cov_98.038000_1> (length 331)
prokka_out/CA140404:NODE_2_length_288677_cov_98.038000_1> (length 304)
prokka_out/CA140404:NODE_2_length_288677_cov_98.038000_1> (length 362)
prokka_out/CA140404:NODE_2_length_288677_cov_98.038000_1> (length 246)
prokka_out/CA140404:NODE_2_length_288677_cov_98.038000_1> (length 203)
prokka_out/CA140404:NODE_2_length_288677_cov_98.038000_1> (length 215)
prokka_out/CA140404:NODE_2_length_288677_cov_98.038000_1> (length 438)
prokka_out/CA140404:NODE_2_length_288677_cov_98.038000_1> (length 215)
prokka_out/CA140404:NODE_2_length_288677_cov_98.038000_1> (length 506)
prokka_out/CA140404:NODE_2_length_288677_cov_98.038000_1> (length 729)
prokka_out/CA140404:NODE_2_length_288677_cov_98.038000_1> (length 247)
prokka_out/CA140404:NODE_2_length_288677_cov_98.038000_1> (length 93)
prokka_out/CA140404:NODE_2_length_288677_cov_98.038000_1> (length 363)
prokka_out/CA140404:NODE_2_length_288677_cov_98.038000_1> (length 324)
prokka_out/CA140404:NODE_2_length_288677_cov_98.038000_1> (length 114)
prokka_out/CA140404:NODE_2_length_288677_cov_98.038000_1> (length 347)
prokka_out/CA140404:NODE_2_length_288677_cov_98.038000_1> (length 321)
prokka_out/CA140404:NODE_2_length_288677_cov_98.038000_1> (length 644)
prokka_out/CA140404:NODE_2_length_288677_cov_98.038000_1> (length 340)
prokka_out/CA140404:NODE_2_length_288677_cov_98.038000_1> (length 360)
prokka_out/CA140404:NODE_2_length_288677_cov_98.038000_1> (length 257)
prokka_out/CA140404:NODE_2_length_288677_cov_98.038000_1> (length 127)
prokka_out/CA140404:NODE_2_length_288677_cov_98.038000_1> (length 292)
prokka_out/CA140404:NODE_2_length_288677_cov_98.038000_1> (length 165)
prokka_out/CA140404:NODE_2_length_288677_cov_98.038000_1> (length 172)
prokka_out/CA140404:NODE_2_length_288677_cov_98.038000_1> (length 192)
prokka_out/CA140404:NODE_2_length_288677_cov_98.038000_1> (length 583)
prokka_out/CA140404:NODE_2_length_288677_cov_98.038000_1> (length 286)
prokka_out/CA140404:NODE_2_length_288677_cov_98.038000_1> (length 507)
prokka_out/CA140404:NODE_2_length_288677_cov_98.038000_1> (length 414)
prokka_out/CA140404:NODE_2_length_288677_cov_98.038000_1> (length 271)
prokka_out/CA140404:NODE_2_length_288677_cov_98.038000_1> (length 372)
prokka_out/CA140404:NODE_2_length_288677_cov_98.038000_1> (length 275)
prokka_out/CA140404:NODE_2_length_288677_cov_98.038000_1> (length 162)
prokka_out/CA140404:NODE_2_length_288677_cov_98.038000_1> (length 171)
prokka_out/CA140404:NODE_2_length_288677_cov_98.038000_2> (length 153)
prokka_out/CA140404:NODE_2_length_288677_cov_98.038000_2> (length 198)
prokka_out/CA140404:NODE_2_length_288677_cov_98.038000_2> (length 164)
prokka_out/CA140404:NODE_2_length_288677_cov_98.038000_2> (length 601)
prokka_out/CA140404:NODE_2_length_288677_cov_98.038000_2> (length 596)
prokka_out/CA140404:NODE_2_length_288677_cov_98.038000_2> (length 517)
prokka_out/CA140404:NODE_2_length_288677_cov_98.038000_2> (length 76)
prokka_out/CA140404:NODE_2_length_288677_cov_98.038000_2> (length 66)
prokka_out/CA140404:NODE_2_length_288677_cov_98.038000_2> (length 136)
prokka_out/CA140404:NODE_2_length_288677_cov_98.038000_2> (length 182)
prokka_out/CA140404:NODE_2_length_288677_cov_98.038000_2> (length 368)
prokka_out/CA140404:NODE_2_length_288677_cov_98.038000_2> (length 291)
prokka_out/CA140404:NODE_2_length_288677_cov_98.038000_2> (length 439)
prokka_out/CA140404:NODE_2_length_288677_cov_98.038000_2> (length 180)
prokka_out/CA140404:NODE_2_length_288677_cov_98.038000_2> (length 147)
prokka_out/CA140404:NODE_2_length_288677_cov_98.038000_2> (length 406)
prokka_out/CA140404:NODE_2_length_288677_cov_98.038000_2> (length 94)
prokka_out/CA140404:NODE_2_length_288677_cov_98.038000_2> (length 135)
prokka_out/CA140404:NODE_2_length_288677_cov_98.038000_2> (length 250)
prokka_out/CA140404:NODE_2_length_288677_cov_98.038000_2> (length 416)
prokka_out/CA140404:NODE_2_length_288677_cov_98.038000_2> (length 474)
prokka_out/CA140404:NODE_2_length_288677_cov_98.038000_2> (length 96)
prokka_out/CA140404:NODE_2_length_288677_cov_98.038000_2> (length 104)
prokka_out/CA140404:NODE_2_length_288677_cov_98.038000_2> (length 272)
prokka_out/CA140404:NODE_2_length_288677_cov_98.038000_2> (length 197)
prokka_out/CA140404:NODE_2_length_288677_cov_98.038000_2> (length 240)
prokka_out/CA140404:NODE_2_length_288677_cov_98.038000_2> (length 116)
prokka_out/CA140404:NODE_2_length_288677_cov_98.038000_2> (length 271)
prokka_out/CA140404:NODE_2_length_288677_cov_98.038000_2> (length 106)
prokka_out/CA140404:NODE_2_length_288677_cov_98.038000_2> (length 657)
prokka_out/CA140404:NODE_2_length_288677_cov_98.038000_2> (length 76)
prokka_out/CA140404:NODE_2_length_288677_cov_98.038000_2> (length 80)
prokka_out/CA140404:NODE_2_length_288677_cov_98.038000_2> (length 145)
prokka_out/CA140404:NODE_2_length_288677_cov_98.038000_2> (length 617)
prokka_out/CA140404:NODE_2_length_288677_cov_98.038000_2> (length 464)
prokka_out/CA140404:NODE_2_length_288677_cov_98.038000_2> (length 357)
prokka_out/CA140404:NODE_2_length_288677_cov_98.038000_2> (length 232)
prokka_out/CA140404:NODE_2_length_288677_cov_98.038000_2> (length 500)
prokka_out/CA140404:NODE_2_length_288677_cov_98.038000_2> (length 396)
prokka_out/CA140404:NODE_2_length_288677_cov_98.038000_2> (length 1250)
prokka_out/CA140404:NODE_2_length_288677_cov_98.038000_2> (length 163)
prokka_out/CA140404:NODE_2_length_288677_cov_98.038000_2> (length 312)
prokka_out/CA140404:NODE_2_length_288677_cov_98.038000_2> (length 310)
prokka_out/CA140404:NODE_2_length_288677_cov_98.038000_2> (length 496)
prokka_out/CA140404:NODE_2_length_288677_cov_98.038000_2> (length 460)
prokka_out/CA140404:NODE_2_length_288677_cov_98.038000_2> (length 370)
prokka_out/CA140404:NODE_2_length_288677_cov_98.038000_2> (length 270)
prokka_out/CA140404:NODE_2_length_288677_cov_98.038000_2> (length 263)
prokka_out/CA140404:NODE_2_length_288677_cov_98.038000_2> (length 476)
prokka_out/CA140404:NODE_2_length_288677_cov_98.038000_2> (length 231)
prokka_out/CA140404:NODE_2_length_288677_cov_98.038000_2> (length 417)
prokka_out/CA140404:NODE_2_length_288677_cov_98.038000_2> (length 164)
prokka_out/CA140404:NODE_2_length_288677_cov_98.038000_2> (length 178)
prokka_out/CA140404:NODE_2_length_288677_cov_98.038000_2> (length 287)
prokka_out/CA140404:NODE_2_length_288677_cov_98.038000_2> (length 241)
prokka_out/CA140404:NODE_2_length_288677_cov_98.038000_2> (length 238)
prokka_out/CA140404:NODE_2_length_288677_cov_98.038000_2> (length 385)
prokka_out/CA140404:NODE_2_length_288677_cov_98.038000_2> (length 250)
prokka_out/CA140404:NODE_2_length_288677_cov_98.038000_2> (length 445)
prokka_out/CA140404:NODE_2_length_288677_cov_98.038000_2> (length 75)
prokka_out/CA140404:NODE_2_length_288677_cov_98.038000_2> (length 80)
prokka_out/CA140404:NODE_2_length_288677_cov_98.038000_2> (length 179)
prokka_out/CA140404:NODE_2_length_288677_cov_98.038000_2> (length 234)
prokka_out/CA140404:NODE_2_length_288677_cov_98.038000_2> (length 118)
prokka_out/CA140404:NODE_2_length_288677_cov_98.038000_2> (length 137)
prokka_out/CA140404:NODE_2_length_288677_cov_98.038000_2> (length 446)
prokka_out/CA140404:NODE_2_length_288677_cov_98.038000_2> (length 109)
prokka_out/CA140404:NODE_2_length_288677_cov_98.038000_2> (length 1200)
prokka_out/CA140404:NODE_2_length_288677_cov_98.038000_2> (length 210)
prokka_out/CA140404:NODE_2_length_288677_cov_98.038000_2> (length 248)
prokka_out/CA140404:NODE_2_length_288677_cov_98.038000_2> (length 156)
prokka_out/CA140404:NODE_2_length_288677_cov_98.038000_2> (length 271)
prokka_out/CA140404:NODE_2_length_288677_cov_98.038000_2> (length 395)
prokka_out/CA140404:NODE_2_length_288677_cov_98.038000_2> (length 61)
prokka_out/CA140404:NODE_2_length_288677_cov_98.038000_2> (length 180)
prokka_out/CA140404:NODE_2_length_288677_cov_98.038000_2> (length 327)
prokka_out/CA140404:NODE_2_length_288677_cov_98.038000_2> (length 348)
prokka_out/CA140404:NODE_2_length_288677_cov_98.038000_2> (length 441)
prokka_out/CA140404:NODE_2_length_288677_cov_98.038000_2> (length 268)
prokka_out/CA140404:NODE_2_length_288677_cov_98.038000_2> (length 31)
prokka_out/CA140404:NODE_2_length_288677_cov_98.038000_2> (length 258)
prokka_out/CA140404:NODE_2_length_288677_cov_98.038000_2> (length 259)
prokka_out/CA140404:NODE_2_length_288677_cov_98.038000_2> (length 329)
prokka_out/CA140404:NODE_2_length_288677_cov_98.038000_2> (length 212)
prokka_out/CA140404:NODE_2_length_288677_cov_98.038000_2> (length 251)
prokka_out/CA140404:NODE_2_length_288677_cov_98.038000_2> (length 176)
prokka_out/CA140404:NODE_2_length_288677_cov_98.038000_2> (length 642)
prokka_out/CA140404:NODE_2_length_288677_cov_98.038000_2> (length 480)
prokka_out/CA140404:NODE_2_length_288677_cov_98.038000_2> (length 311)
prokka_out/CA140404:NODE_2_length_288677_cov_98.038000_2> (length 38)
prokka_out/CA140404:NODE_2_length_288677_cov_98.038000_2> (length 78)
prokka_out/CA140404:NODE_2_length_288677_cov_98.038000_2> (length 105)
prokka_out/CA140404:NODE_3_length_228260_cov_106.499226 (length 228260)
prokka_out/CA140404:NODE_3_length_228260_cov_106.499226_1 (length 788)
prokka_out/CA140404:NODE_3_length_228260_cov_106.499226_2 (length 462)
prokka_out/CA140404:NODE_3_length_228260_cov_106.499226_3 (length 495)
prokka_out/CA140404:NODE_3_length_228260_cov_106.499226_4 (length 596)
prokka_out/CA140404:NODE_3_length_228260_cov_106.499226_5 (length 98)
prokka_out/CA140404:NODE_3_length_228260_cov_106.499226_6 (length 172)
prokka_out/CA140404:NODE_3_length_228260_cov_106.499226_7 (length 213)
prokka_out/CA140404:NODE_3_length_228260_cov_106.499226_8 (length 332)
prokka_out/CA140404:NODE_3_length_228260_cov_106.499226_9 (length 820)
prokka_out/CA140404:NODE_3_length_228260_cov_106.499226_> (length 230)
prokka_out/CA140404:NODE_3_length_228260_cov_106.499226_> (length 75)
prokka_out/CA140404:NODE_3_length_228260_cov_106.499226_> (length 408)
prokka_out/CA140404:NODE_3_length_228260_cov_106.499226_> (length 263)
prokka_out/CA140404:NODE_3_length_228260_cov_106.499226_> (length 167)
prokka_out/CA140404:NODE_3_length_228260_cov_106.499226_> (length 129)
prokka_out/CA140404:NODE_3_length_228260_cov_106.499226_> (length 221)
prokka_out/CA140404:NODE_3_length_228260_cov_106.499226_> (length 236)
prokka_out/CA140404:NODE_3_length_228260_cov_106.499226_> (length 262)
prokka_out/CA140404:NODE_3_length_228260_cov_106.499226_> (length 314)
prokka_out/CA140404:NODE_3_length_228260_cov_106.499226_> (length 511)
prokka_out/CA140404:NODE_3_length_228260_cov_106.499226_> (length 923)
prokka_out/CA140404:NODE_3_length_228260_cov_106.499226_> (length 140)
prokka_out/CA140404:NODE_3_length_228260_cov_106.499226_> (length 543)
prokka_out/CA140404:NODE_3_length_228260_cov_106.499226_> (length 431)
prokka_out/CA140404:NODE_3_length_228260_cov_106.499226_> (length 265)
prokka_out/CA140404:NODE_3_length_228260_cov_106.499226_> (length 72)
prokka_out/CA140404:NODE_3_length_228260_cov_106.499226_> (length 121)
prokka_out/CA140404:NODE_3_length_228260_cov_106.499226_> (length 130)
prokka_out/CA140404:NODE_3_length_228260_cov_106.499226_> (length 208)
prokka_out/CA140404:NODE_3_length_228260_cov_106.499226_> (length 337)
prokka_out/CA140404:NODE_3_length_228260_cov_106.499226_> (length 117)
prokka_out/CA140404:NODE_3_length_228260_cov_106.499226_> (length 299)
prokka_out/CA140404:NODE_3_length_228260_cov_106.499226_> (length 428)
prokka_out/CA140404:NODE_3_length_228260_cov_106.499226_> (length 352)
prokka_out/CA140404:NODE_3_length_228260_cov_106.499226_> (length 195)
prokka_out/CA140404:NODE_3_length_228260_cov_106.499226_> (length 243)
prokka_out/CA140404:NODE_3_length_228260_cov_106.499226_> (length 318)
prokka_out/CA140404:NODE_3_length_228260_cov_106.499226_> (length 255)
prokka_out/CA140404:NODE_3_length_228260_cov_106.499226_> (length 207)
prokka_out/CA140404:NODE_3_length_228260_cov_106.499226_> (length 386)
prokka_out/CA140404:NODE_3_length_228260_cov_106.499226_> (length 368)
prokka_out/CA140404:NODE_3_length_228260_cov_106.499226_> (length 371)
prokka_out/CA140404:NODE_3_length_228260_cov_106.499226_> (length 295)
prokka_out/CA140404:NODE_3_length_228260_cov_106.499226_> (length 386)
prokka_out/CA140404:NODE_3_length_228260_cov_106.499226_> (length 166)
prokka_out/CA140404:NODE_3_length_228260_cov_106.499226_> (length 87)
prokka_out/CA140404:NODE_3_length_228260_cov_106.499226_> (length 355)
prokka_out/CA140404:NODE_3_length_228260_cov_106.499226_> (length 247)
prokka_out/CA140404:NODE_3_length_228260_cov_106.499226_> (length 718)
prokka_out/CA140404:NODE_3_length_228260_cov_106.499226_> (length 333)
prokka_out/CA140404:NODE_3_length_228260_cov_106.499226_> (length 258)
prokka_out/CA140404:NODE_3_length_228260_cov_106.499226_> (length 268)
prokka_out/CA140404:NODE_3_length_228260_cov_106.499226_> (length 285)
prokka_out/CA140404:NODE_3_length_228260_cov_106.499226_> (length 419)
prokka_out/CA140404:NODE_3_length_228260_cov_106.499226_> (length 339)
prokka_out/CA140404:NODE_3_length_228260_cov_106.499226_> (length 250)
prokka_out/CA140404:NODE_3_length_228260_cov_106.499226_> (length 326)
prokka_out/CA140404:NODE_3_length_228260_cov_106.499226_> (length 173)
prokka_out/CA140404:NODE_3_length_228260_cov_106.499226_> (length 454)
prokka_out/CA140404:NODE_3_length_228260_cov_106.499226_> (length 416)
prokka_out/CA140404:NODE_3_length_228260_cov_106.499226_> (length 138)
prokka_out/CA140404:NODE_3_length_228260_cov_106.499226_> (length 247)
prokka_out/CA140404:NODE_3_length_228260_cov_106.499226_> (length 141)
prokka_out/CA140404:NODE_3_length_228260_cov_106.499226_> (length 129)
prokka_out/CA140404:NODE_3_length_228260_cov_106.499226_> (length 94)
prokka_out/CA140404:NODE_3_length_228260_cov_106.499226_> (length 561)
prokka_out/CA140404:NODE_3_length_228260_cov_106.499226_> (length 209)
prokka_out/CA140404:NODE_3_length_228260_cov_106.499226_> (length 106)
prokka_out/CA140404:NODE_3_length_228260_cov_106.499226_> (length 64)
prokka_out/CA140404:NODE_3_length_228260_cov_106.499226_> (length 95)
prokka_out/CA140404:NODE_3_length_228260_cov_106.499226_> (length 271)
prokka_out/CA140404:NODE_3_length_228260_cov_106.499226_> (length 162)
prokka_out/CA140404:NODE_3_length_228260_cov_106.499226_> (length 740)
prokka_out/CA140404:NODE_3_length_228260_cov_106.499226_> (length 101)
prokka_out/CA140404:NODE_3_length_228260_cov_106.499226_> (length 79)
prokka_out/CA140404:NODE_3_length_228260_cov_106.499226_> (length 169)
prokka_out/CA140404:NODE_3_length_228260_cov_106.499226_> (length 397)
prokka_out/CA140404:NODE_3_length_228260_cov_106.499226_> (length 335)
prokka_out/CA140404:NODE_3_length_228260_cov_106.499226_> (length 123)
prokka_out/CA140404:NODE_3_length_228260_cov_106.499226_> (length 168)
prokka_out/CA140404:NODE_3_length_228260_cov_106.499226_> (length 343)
prokka_out/CA140404:NODE_3_length_228260_cov_106.499226_> (length 206)
prokka_out/CA140404:NODE_3_length_228260_cov_106.499226_> (length 388)
prokka_out/CA140404:NODE_3_length_228260_cov_106.499226_> (length 96)
prokka_out/CA140404:NODE_3_length_228260_cov_106.499226_> (length 210)
prokka_out/CA140404:NODE_3_length_228260_cov_106.499226_> (length 104)
prokka_out/CA140404:NODE_3_length_228260_cov_106.499226_> (length 40)
prokka_out/CA140404:NODE_3_length_228260_cov_106.499226_> (length 82)
prokka_out/CA140404:NODE_3_length_228260_cov_106.499226_> (length 113)
prokka_out/CA140404:NODE_3_length_228260_cov_106.499226_> (length 129)
prokka_out/CA140404:NODE_3_length_228260_cov_106.499226_> (length 144)
prokka_out/CA140404:NODE_3_length_228260_cov_106.499226_> (length 271)
prokka_out/CA140404:NODE_3_length_228260_cov_106.499226_> (length 175)
prokka_out/CA140404:NODE_3_length_228260_cov_106.499226_> (length 325)
prokka_out/CA140404:NODE_3_length_228260_cov_106.499226_> (length 152)
prokka_out/CA140404:NODE_3_length_228260_cov_106.499226_> (length 199)
prokka_out/CA140404:NODE_3_length_228260_cov_106.499226_> (length 556)
prokka_out/CA140404:NODE_3_length_228260_cov_106.499226_> (length 456)
prokka_out/CA140404:NODE_3_length_228260_cov_106.499226_> (length 411)
prokka_out/CA140404:NODE_3_length_228260_cov_106.499226_> (length 124)
prokka_out/CA140404:NODE_3_length_228260_cov_106.499226_> (length 63)
prokka_out/CA140404:NODE_3_length_228260_cov_106.499226_> (length 325)
prokka_out/CA140404:NODE_3_length_228260_cov_106.499226_> (length 257)
prokka_out/CA140404:NODE_3_length_228260_cov_106.499226_> (length 67)
prokka_out/CA140404:NODE_3_length_228260_cov_106.499226_> (length 94)
prokka_out/CA140404:NODE_3_length_228260_cov_106.499226_> (length 35)
prokka_out/CA140404:NODE_3_length_228260_cov_106.499226_> (length 193)
prokka_out/CA140404:NODE_3_length_228260_cov_106.499226_> (length 91)
prokka_out/CA140404:NODE_3_length_228260_cov_106.499226_> (length 149)
prokka_out/CA140404:NODE_3_length_228260_cov_106.499226_> (length 230)
prokka_out/CA140404:NODE_3_length_228260_cov_106.499226_> (length 89)
prokka_out/CA140404:NODE_3_length_228260_cov_106.499226_> (length 320)
prokka_out/CA140404:NODE_3_length_228260_cov_106.499226_> (length 161)
prokka_out/CA140404:NODE_3_length_228260_cov_106.499226_> (length 113)
prokka_out/CA140404:NODE_3_length_228260_cov_106.499226_> (length 61)
prokka_out/CA140404:NODE_3_length_228260_cov_106.499226_> (length 63)
prokka_out/CA140404:NODE_3_length_228260_cov_106.499226_> (length 307)
prokka_out/CA140404:NODE_3_length_228260_cov_106.499226_> (length 691)
prokka_out/CA140404:NODE_3_length_228260_cov_106.499226_> (length 66)
prokka_out/CA140404:NODE_3_length_228260_cov_106.499226_> (length 224)
prokka_out/CA140404:NODE_3_length_228260_cov_106.499226_> (length 233)
prokka_out/CA140404:NODE_3_length_228260_cov_106.499226_> (length 103)
prokka_out/CA140404:NODE_3_length_228260_cov_106.499226_> (length 70)
prokka_out/CA140404:NODE_3_length_228260_cov_106.499226_> (length 289)
prokka_out/CA140404:NODE_3_length_228260_cov_106.499226_> (length 53)
prokka_out/CA140404:NODE_3_length_228260_cov_106.499226_> (length 327)
prokka_out/CA140404:NODE_3_length_228260_cov_106.499226_> (length 362)
prokka_out/CA140404:NODE_3_length_228260_cov_106.499226_> (length 224)
prokka_out/CA140404:NODE_3_length_228260_cov_106.499226_> (length 146)
prokka_out/CA140404:NODE_3_length_228260_cov_106.499226_> (length 328)
prokka_out/CA140404:NODE_3_length_228260_cov_106.499226_> (length 605)
prokka_out/CA140404:NODE_3_length_228260_cov_106.499226_> (length 89)
prokka_out/CA140404:NODE_3_length_228260_cov_106.499226_> (length 183)
prokka_out/CA140404:NODE_3_length_228260_cov_106.499226_> (length 427)
prokka_out/CA140404:NODE_3_length_228260_cov_106.499226_> (length 103)
prokka_out/CA140404:NODE_3_length_228260_cov_106.499226_> (length 364)
prokka_out/CA140404:NODE_3_length_228260_cov_106.499226_> (length 281)
prokka_out/CA140404:NODE_3_length_228260_cov_106.499226_> (length 632)
prokka_out/CA140404:NODE_3_length_228260_cov_106.499226_> (length 369)
prokka_out/CA140404:NODE_3_length_228260_cov_106.499226_> (length 240)
prokka_out/CA140404:NODE_3_length_228260_cov_106.499226_> (length 296)
prokka_out/CA140404:NODE_3_length_228260_cov_106.499226_> (length 199)
prokka_out/CA140404:NODE_3_length_228260_cov_106.499226_> (length 166)
prokka_out/CA140404:NODE_3_length_228260_cov_106.499226_> (length 252)
prokka_out/CA140404:NODE_3_length_228260_cov_106.499226_> (length 250)
prokka_out/CA140404:NODE_3_length_228260_cov_106.499226_> (length 152)
prokka_out/CA140404:NODE_3_length_228260_cov_106.499226_> (length 389)
prokka_out/CA140404:NODE_3_length_228260_cov_106.499226_> (length 382)
prokka_out/CA140404:NODE_3_length_228260_cov_106.499226_> (length 60)
prokka_out/CA140404:NODE_3_length_228260_cov_106.499226_> (length 67)
prokka_out/CA140404:NODE_3_length_228260_cov_106.499226_> (length 696)
prokka_out/CA140404:NODE_3_length_228260_cov_106.499226_> (length 179)
prokka_out/CA140404:NODE_3_length_228260_cov_106.499226_> (length 467)
prokka_out/CA140404:NODE_3_length_228260_cov_106.499226_> (length 429)
prokka_out/CA140404:NODE_3_length_228260_cov_106.499226_> (length 372)
prokka_out/CA140404:NODE_3_length_228260_cov_106.499226_> (length 216)
prokka_out/CA140404:NODE_3_length_228260_cov_106.499226_> (length 162)
prokka_out/CA140404:NODE_3_length_228260_cov_106.499226_> (length 167)
prokka_out/CA140404:NODE_3_length_228260_cov_106.499226_> (length 145)
prokka_out/CA140404:NODE_3_length_228260_cov_106.499226_> (length 138)
prokka_out/CA140404:NODE_3_length_228260_cov_106.499226_> (length 95)
prokka_out/CA140404:NODE_3_length_228260_cov_106.499226_> (length 76)
prokka_out/CA140404:NODE_3_length_228260_cov_106.499226_> (length 122)
prokka_out/CA140404:NODE_3_length_228260_cov_106.499226_> (length 75)
prokka_out/CA140404:NODE_3_length_228260_cov_106.499226_> (length 68)
prokka_out/CA140404:NODE_3_length_228260_cov_106.499226_> (length 397)
prokka_out/CA140404:NODE_3_length_228260_cov_106.499226_> (length 371)
prokka_out/CA140404:NODE_3_length_228260_cov_106.499226_> (length 81)
prokka_out/CA140404:NODE_3_length_228260_cov_106.499226_> (length 60)
prokka_out/CA140404:NODE_3_length_228260_cov_106.499226_> (length 284)
prokka_out/CA140404:NODE_3_length_228260_cov_106.499226_> (length 45)
prokka_out/CA140404:NODE_3_length_228260_cov_106.499226_> (length 122)
prokka_out/CA140404:NODE_3_length_228260_cov_106.499226_> (length 75)
prokka_out/CA140404:NODE_3_length_228260_cov_106.499226_> (length 146)
prokka_out/CA140404:NODE_3_length_228260_cov_106.499226_> (length 70)
prokka_out/CA140404:NODE_3_length_228260_cov_106.499226_> (length 379)
prokka_out/CA140404:NODE_3_length_228260_cov_106.499226_> (length 282)
prokka_out/CA140404:NODE_3_length_228260_cov_106.499226_> (length 220)
prokka_out/CA140404:NODE_3_length_228260_cov_106.499226_> (length 67)
prokka_out/CA140404:NODE_3_length_228260_cov_106.499226_> (length 414)
prokka_out/CA140404:NODE_3_length_228260_cov_106.499226_> (length 343)
prokka_out/CA140404:NODE_3_length_228260_cov_106.499226_> (length 286)
prokka_out/CA140404:NODE_3_length_228260_cov_106.499226_> (length 89)
prokka_out/CA140404:NODE_3_length_228260_cov_106.499226_> (length 258)
prokka_out/CA140404:NODE_3_length_228260_cov_106.499226_> (length 252)
prokka_out/CA140404:NODE_3_length_228260_cov_106.499226_> (length 254)
prokka_out/CA140404:NODE_3_length_228260_cov_106.499226_> (length 422)
prokka_out/CA140404:NODE_3_length_228260_cov_106.499226_> (length 391)
prokka_out/CA140404:NODE_3_length_228260_cov_106.499226_> (length 278)
prokka_out/CA140404:NODE_3_length_228260_cov_106.499226_> (length 700)
prokka_out/CA140404:NODE_3_length_228260_cov_106.499226_> (length 423)
prokka_out/CA140404:NODE_3_length_228260_cov_106.499226_> (length 421)
prokka_out/CA140404:NODE_3_length_228260_cov_106.499226_> (length 130)
prokka_out/CA140404:NODE_3_length_228260_cov_106.499226_> (length 147)
prokka_out/CA140404:NODE_3_length_228260_cov_106.499226_> (length 118)
prokka_out/CA140404:NODE_3_length_228260_cov_106.499226_> (length 178)
prokka_out/CA140404:NODE_3_length_228260_cov_106.499226_> (length 131)
prokka_out/CA140404:NODE_3_length_228260_cov_106.499226_> (length 61)
prokka_out/CA140404:NODE_3_length_228260_cov_106.499226_> (length 180)
prokka_out/CA140404:NODE_3_length_228260_cov_106.499226_> (length 77)
prokka_out/CA140404:NODE_3_length_228260_cov_106.499226_> (length 122)
prokka_out/CA140404:NODE_3_length_228260_cov_106.499226_> (length 83)
prokka_out/CA140404:NODE_3_length_228260_cov_106.499226_> (length 61)
prokka_out/CA140404:NODE_3_length_228260_cov_106.499226_> (length 141)
prokka_out/CA140404:NODE_3_length_228260_cov_106.499226_> (length 233)
prokka_out/CA140404:NODE_3_length_228260_cov_106.499226_> (length 141)
prokka_out/CA140404:NODE_3_length_228260_cov_106.499226_> (length 93)
prokka_out/CA140404:NODE_3_length_228260_cov_106.499226_> (length 276)
prokka_out/CA140404:NODE_3_length_228260_cov_106.499226_> (length 93)
prokka_out/CA140404:NODE_3_length_228260_cov_106.499226_> (length 204)
prokka_out/CA140404:NODE_3_length_228260_cov_106.499226_> (length 191)
prokka_out/CA140404:NODE_3_length_228260_cov_106.499226_> (length 103)
prokka_out/CA140404:NODE_3_length_228260_cov_106.499226_> (length 253)
prokka_out/CA140404:NODE_3_length_228260_cov_106.499226_> (length 662)
prokka_out/CA140404:NODE_3_length_228260_cov_106.499226_> (length 266)
prokka_out/CA140404:NODE_3_length_228260_cov_106.499226_> (length 178)
prokka_out/CA140404:NODE_3_length_228260_cov_106.499226_> (length 356)
prokka_out/CA140404:NODE_3_length_228260_cov_106.499226_> (length 32)
prokka_out/CA140404:NODE_3_length_228260_cov_106.499226_> (length 176)
prokka_out/CA140404:NODE_3_length_228260_cov_106.499226_> (length 200)
prokka_out/CA140404:NODE_3_length_228260_cov_106.499226_> (length 468)
prokka_out/CA140404:NODE_3_length_228260_cov_106.499226_> (length 358)
prokka_out/CA140404:NODE_3_length_228260_cov_106.499226_> (length 511)
prokka_out/CA140404:NODE_3_length_228260_cov_106.499226_> (length 209)
prokka_out/CA140404:NODE_3_length_228260_cov_106.499226_> (length 214)
prokka_out/CA140404:NODE_3_length_228260_cov_106.499226_> (length 127)
prokka_out/CA140404:NODE_3_length_228260_cov_106.499226_> (length 199)
prokka_out/CA140404:NODE_3_length_228260_cov_106.499226_> (length 293)
prokka_out/CA140404:NODE_3_length_228260_cov_106.499226_> (length 73)
prokka_out/CA140404:NODE_3_length_228260_cov_106.499226_> (length 346)
prokka_out/CA140404:NODE_3_length_228260_cov_106.499226_> (length 423)
prokka_out/CA140404:NODE_3_length_228260_cov_106.499226_> (length 865)
prokka_out/CA140404:NODE_3_length_228260_cov_106.499226_> (length 184)
prokka_out/CA140404:NODE_3_length_228260_cov_106.499226_> (length 440)
prokka_out/CA140404:NODE_3_length_228260_cov_106.499226_> (length 355)
prokka_out/CA140404:NODE_3_length_228260_cov_106.499226_> (length 769)
prokka_out/CA140404:NODE_3_length_228260_cov_106.499226_> (length 113)
prokka_out/CA140404:NODE_3_length_228260_cov_106.499226_> (length 412)
prokka_out/CA140404:NODE_3_length_228260_cov_106.499226_> (length 433)
prokka_out/CA140404:NODE_3_length_228260_cov_106.499226_> (length 1496)
prokka_out/CA140404:NODE_3_length_228260_cov_106.499226_> (length 481)
prokka_out/CA140404:NODE_3_length_228260_cov_106.499226_> (length 191)
prokka_out/CA140404:NODE_3_length_228260_cov_106.499226_> (length 79)
prokka_out/CA140404:NODE_3_length_228260_cov_106.499226_> (length 215)
prokka_out/CA140404:NODE_3_length_228260_cov_106.499226_> (length 558)
prokka_out/CA140404:NODE_3_length_228260_cov_106.499226_> (length 174)
prokka_out/CA140404:NODE_3_length_228260_cov_106.499226_> (length 408)
prokka_out/CA140404:NODE_3_length_228260_cov_106.499226_> (length 224)
prokka_out/CA140404:NODE_3_length_228260_cov_106.499226_> (length 508)
prokka_out/CA140404:NODE_3_length_228260_cov_106.499226_> (length 55)
prokka_out/CA140404:NODE_3_length_228260_cov_106.499226_> (length 592)
prokka_out/CA140404:NODE_3_length_228260_cov_106.499226_> (length 304)
prokka_out/CA140404:NODE_3_length_228260_cov_106.499226_> (length 292)
prokka_out/CA140404:NODE_3_length_228260_cov_106.499226_> (length 300)
prokka_out/CA140404:NODE_3_length_228260_cov_106.499226_> (length 442)
prokka_out/CA140404:NODE_3_length_228260_cov_106.499226_> (length 789)
prokka_out/CA140404:NODE_3_length_228260_cov_106.499226_> (length 461)
prokka_out/CA140404:NODE_3_length_228260_cov_106.499226_> (length 207)
prokka_out/CA140404:NODE_3_length_228260_cov_106.499226_> (length 543)
prokka_out/CA140404:NODE_3_length_228260_cov_106.499226_> (length 523)
prokka_out/CA140404:NODE_3_length_228260_cov_106.499226_> (length 331)
prokka_out/CA140404:NODE_4_length_183592_cov_86.819104 (length 183592)
prokka_out/CA140404:NODE_4_length_183592_cov_86.819104_1 (length 126)
prokka_out/CA140404:NODE_4_length_183592_cov_86.819104_2 (length 1170)
prokka_out/CA140404:NODE_4_length_183592_cov_86.819104_3 (length 303)
prokka_out/CA140404:NODE_4_length_183592_cov_86.819104_4 (length 112)
prokka_out/CA140404:NODE_4_length_183592_cov_86.819104_5 (length 444)
prokka_out/CA140404:NODE_4_length_183592_cov_86.819104_6 (length 446)
prokka_out/CA140404:NODE_4_length_183592_cov_86.819104_7 (length 599)
prokka_out/CA140404:NODE_4_length_183592_cov_86.819104_8 (length 524)
prokka_out/CA140404:NODE_4_length_183592_cov_86.819104_9 (length 460)
prokka_out/CA140404:NODE_4_length_183592_cov_86.819104_10 (length 367)
prokka_out/CA140404:NODE_4_length_183592_cov_86.819104_11 (length 483)
prokka_out/CA140404:NODE_4_length_183592_cov_86.819104_12 (length 198)
prokka_out/CA140404:NODE_4_length_183592_cov_86.819104_13 (length 182)
prokka_out/CA140404:NODE_4_length_183592_cov_86.819104_14 (length 110)
prokka_out/CA140404:NODE_4_length_183592_cov_86.819104_15 (length 145)
prokka_out/CA140404:NODE_4_length_183592_cov_86.819104_16 (length 184)
prokka_out/CA140404:NODE_4_length_183592_cov_86.819104_17 (length 262)
prokka_out/CA140404:NODE_4_length_183592_cov_86.819104_18 (length 242)
prokka_out/CA140404:NODE_4_length_183592_cov_86.819104_19 (length 259)
prokka_out/CA140404:NODE_4_length_183592_cov_86.819104_20 (length 250)
prokka_out/CA140404:NODE_4_length_183592_cov_86.819104_21 (length 219)
prokka_out/CA140404:NODE_4_length_183592_cov_86.819104_22 (length 309)
prokka_out/CA140404:NODE_4_length_183592_cov_86.819104_23 (length 703)
prokka_out/CA140404:NODE_4_length_183592_cov_86.819104_24 (length 65)
prokka_out/CA140404:NODE_4_length_183592_cov_86.819104_25 (length 137)
prokka_out/CA140404:NODE_4_length_183592_cov_86.819104_26 (length 610)
prokka_out/CA140404:NODE_4_length_183592_cov_86.819104_27 (length 98)
prokka_out/CA140404:NODE_4_length_183592_cov_86.819104_28 (length 299)
prokka_out/CA140404:NODE_4_length_183592_cov_86.819104_29 (length 186)
prokka_out/CA140404:NODE_4_length_183592_cov_86.819104_30 (length 150)
prokka_out/CA140404:NODE_4_length_183592_cov_86.819104_31 (length 139)
prokka_out/CA140404:NODE_4_length_183592_cov_86.819104_32 (length 156)
prokka_out/CA140404:NODE_4_length_183592_cov_86.819104_33 (length 325)
prokka_out/CA140404:NODE_4_length_183592_cov_86.819104_34 (length 328)
prokka_out/CA140404:NODE_4_length_183592_cov_86.819104_35 (length 155)
prokka_out/CA140404:NODE_4_length_183592_cov_86.819104_36 (length 488)
prokka_out/CA140404:NODE_4_length_183592_cov_86.819104_37 (length 242)
prokka_out/CA140404:NODE_4_length_183592_cov_86.819104_38 (length 247)
prokka_out/CA140404:NODE_4_length_183592_cov_86.819104_39 (length 48)
prokka_out/CA140404:NODE_4_length_183592_cov_86.819104_40 (length 189)
prokka_out/CA140404:NODE_4_length_183592_cov_86.819104_41 (length 121)
prokka_out/CA140404:NODE_4_length_183592_cov_86.819104_42 (length 330)
prokka_out/CA140404:NODE_4_length_183592_cov_86.819104_43 (length 773)
prokka_out/CA140404:NODE_4_length_183592_cov_86.819104_44 (length 428)
prokka_out/CA140404:NODE_4_length_183592_cov_86.819104_45 (length 277)
prokka_out/CA140404:NODE_4_length_183592_cov_86.819104_46 (length 556)
prokka_out/CA140404:NODE_4_length_183592_cov_86.819104_47 (length 162)
prokka_out/CA140404:NODE_4_length_183592_cov_86.819104_48 (length 527)
prokka_out/CA140404:NODE_4_length_183592_cov_86.819104_49 (length 223)
prokka_out/CA140404:NODE_4_length_183592_cov_86.819104_50 (length 429)
prokka_out/CA140404:NODE_4_length_183592_cov_86.819104_51 (length 643)
prokka_out/CA140404:NODE_4_length_183592_cov_86.819104_52 (length 750)
prokka_out/CA140404:NODE_4_length_183592_cov_86.819104_53 (length 946)
prokka_out/CA140404:NODE_4_length_183592_cov_86.819104_54 (length 90)
prokka_out/CA140404:NODE_4_length_183592_cov_86.819104_55 (length 136)
prokka_out/CA140404:NODE_4_length_183592_cov_86.819104_56 (length 724)
prokka_out/CA140404:NODE_4_length_183592_cov_86.819104_57 (length 348)
prokka_out/CA140404:NODE_4_length_183592_cov_86.819104_58 (length 80)
prokka_out/CA140404:NODE_4_length_183592_cov_86.819104_59 (length 210)
prokka_out/CA140404:NODE_4_length_183592_cov_86.819104_60 (length 46)
prokka_out/CA140404:NODE_4_length_183592_cov_86.819104_61 (length 89)
prokka_out/CA140404:NODE_4_length_183592_cov_86.819104_62 (length 125)
prokka_out/CA140404:NODE_4_length_183592_cov_86.819104_63 (length 213)
prokka_out/CA140404:NODE_4_length_183592_cov_86.819104_64 (length 56)
prokka_out/CA140404:NODE_4_length_183592_cov_86.819104_65 (length 59)
prokka_out/CA140404:NODE_4_length_183592_cov_86.819104_66 (length 121)
prokka_out/CA140404:NODE_4_length_183592_cov_86.819104_67 (length 59)
prokka_out/CA140404:NODE_4_length_183592_cov_86.819104_68 (length 261)
prokka_out/CA140404:NODE_4_length_183592_cov_86.819104_69 (length 220)
prokka_out/CA140404:NODE_4_length_183592_cov_86.819104_70 (length 354)
prokka_out/CA140404:NODE_4_length_183592_cov_86.819104_71 (length 594)
prokka_out/CA140404:NODE_4_length_183592_cov_86.819104_72 (length 188)
prokka_out/CA140404:NODE_4_length_183592_cov_86.819104_73 (length 120)
prokka_out/CA140404:NODE_4_length_183592_cov_86.819104_74 (length 418)
prokka_out/CA140404:NODE_4_length_183592_cov_86.819104_75 (length 386)
prokka_out/CA140404:NODE_4_length_183592_cov_86.819104_76 (length 282)
prokka_out/CA140404:NODE_4_length_183592_cov_86.819104_77 (length 282)
prokka_out/CA140404:NODE_4_length_183592_cov_86.819104_78 (length 110)
prokka_out/CA140404:NODE_4_length_183592_cov_86.819104_79 (length 424)
prokka_out/CA140404:NODE_4_length_183592_cov_86.819104_80 (length 109)
prokka_out/CA140404:NODE_4_length_183592_cov_86.819104_81 (length 167)
prokka_out/CA140404:NODE_4_length_183592_cov_86.819104_82 (length 386)
prokka_out/CA140404:NODE_4_length_183592_cov_86.819104_83 (length 698)
prokka_out/CA140404:NODE_4_length_183592_cov_86.819104_84 (length 93)
prokka_out/CA140404:NODE_4_length_183592_cov_86.819104_85 (length 266)
prokka_out/CA140404:NODE_4_length_183592_cov_86.819104_86 (length 374)
prokka_out/CA140404:NODE_4_length_183592_cov_86.819104_87 (length 431)
prokka_out/CA140404:NODE_4_length_183592_cov_86.819104_88 (length 93)
prokka_out/CA140404:NODE_4_length_183592_cov_86.819104_89 (length 541)
prokka_out/CA140404:NODE_4_length_183592_cov_86.819104_90 (length 161)
prokka_out/CA140404:NODE_4_length_183592_cov_86.819104_91 (length 163)
prokka_out/CA140404:NODE_4_length_183592_cov_86.819104_92 (length 280)
prokka_out/CA140404:NODE_4_length_183592_cov_86.819104_93 (length 65)
prokka_out/CA140404:NODE_4_length_183592_cov_86.819104_94 (length 628)
prokka_out/CA140404:NODE_4_length_183592_cov_86.819104_95 (length 313)
prokka_out/CA140404:NODE_4_length_183592_cov_86.819104_96 (length 150)
prokka_out/CA140404:NODE_4_length_183592_cov_86.819104_97 (length 848)
prokka_out/CA140404:NODE_4_length_183592_cov_86.819104_98 (length 412)
prokka_out/CA140404:NODE_4_length_183592_cov_86.819104_99 (length 249)
prokka_out/CA140404:NODE_4_length_183592_cov_86.819104_1> (length 577)
prokka_out/CA140404:NODE_4_length_183592_cov_86.819104_1> (length 357)
prokka_out/CA140404:NODE_4_length_183592_cov_86.819104_1> (length 138)
prokka_out/CA140404:NODE_4_length_183592_cov_86.819104_1> (length 137)
prokka_out/CA140404:NODE_4_length_183592_cov_86.819104_1> (length 403)
prokka_out/CA140404:NODE_4_length_183592_cov_86.819104_1> (length 240)
prokka_out/CA140404:NODE_4_length_183592_cov_86.819104_1> (length 341)
prokka_out/CA140404:NODE_4_length_183592_cov_86.819104_1> (length 258)
prokka_out/CA140404:NODE_4_length_183592_cov_86.819104_1> (length 222)
prokka_out/CA140404:NODE_4_length_183592_cov_86.819104_1> (length 205)
prokka_out/CA140404:NODE_4_length_183592_cov_86.819104_1> (length 384)
prokka_out/CA140404:NODE_4_length_183592_cov_86.819104_1> (length 429)
prokka_out/CA140404:NODE_4_length_183592_cov_86.819104_1> (length 244)
prokka_out/CA140404:NODE_4_length_183592_cov_86.819104_1> (length 75)
prokka_out/CA140404:NODE_4_length_183592_cov_86.819104_1> (length 256)
prokka_out/CA140404:NODE_4_length_183592_cov_86.819104_1> (length 440)
prokka_out/CA140404:NODE_4_length_183592_cov_86.819104_1> (length 239)
prokka_out/CA140404:NODE_4_length_183592_cov_86.819104_1> (length 470)
prokka_out/CA140404:NODE_4_length_183592_cov_86.819104_1> (length 308)
prokka_out/CA140404:NODE_4_length_183592_cov_86.819104_1> (length 246)
prokka_out/CA140404:NODE_4_length_183592_cov_86.819104_1> (length 198)
prokka_out/CA140404:NODE_4_length_183592_cov_86.819104_1> (length 101)
prokka_out/CA140404:NODE_4_length_183592_cov_86.819104_1> (length 259)
prokka_out/CA140404:NODE_4_length_183592_cov_86.819104_1> (length 298)
prokka_out/CA140404:NODE_4_length_183592_cov_86.819104_1> (length 416)
prokka_out/CA140404:NODE_4_length_183592_cov_86.819104_1> (length 352)
prokka_out/CA140404:NODE_4_length_183592_cov_86.819104_1> (length 580)
prokka_out/CA140404:NODE_4_length_183592_cov_86.819104_1> (length 462)
prokka_out/CA140404:NODE_4_length_183592_cov_86.819104_1> (length 483)
prokka_out/CA140404:NODE_4_length_183592_cov_86.819104_1> (length 619)
prokka_out/CA140404:NODE_4_length_183592_cov_86.819104_1> (length 183)
prokka_out/CA140404:NODE_4_length_183592_cov_86.819104_1> (length 346)
prokka_out/CA140404:NODE_4_length_183592_cov_86.819104_1> (length 71)
prokka_out/CA140404:NODE_4_length_183592_cov_86.819104_1> (length 239)
prokka_out/CA140404:NODE_4_length_183592_cov_86.819104_1> (length 475)
prokka_out/CA140404:NODE_4_length_183592_cov_86.819104_1> (length 444)
prokka_out/CA140404:NODE_4_length_183592_cov_86.819104_1> (length 339)
prokka_out/CA140404:NODE_4_length_183592_cov_86.819104_1> (length 292)
prokka_out/CA140404:NODE_4_length_183592_cov_86.819104_1> (length 422)
prokka_out/CA140404:NODE_4_length_183592_cov_86.819104_1> (length 274)
prokka_out/CA140404:NODE_4_length_183592_cov_86.819104_1> (length 372)
prokka_out/CA140404:NODE_4_length_183592_cov_86.819104_1> (length 163)
prokka_out/CA140404:NODE_4_length_183592_cov_86.819104_1> (length 81)
prokka_out/CA140404:NODE_4_length_183592_cov_86.819104_1> (length 57)
prokka_out/CA140404:NODE_4_length_183592_cov_86.819104_1> (length 112)
prokka_out/CA140404:NODE_4_length_183592_cov_86.819104_1> (length 304)
prokka_out/CA140404:NODE_4_length_183592_cov_86.819104_1> (length 173)
prokka_out/CA140404:NODE_4_length_183592_cov_86.819104_1> (length 259)
prokka_out/CA140404:NODE_4_length_183592_cov_86.819104_1> (length 246)
prokka_out/CA140404:NODE_4_length_183592_cov_86.819104_1> (length 923)
prokka_out/CA140404:NODE_4_length_183592_cov_86.819104_1> (length 175)
prokka_out/CA140404:NODE_4_length_183592_cov_86.819104_1> (length 246)
prokka_out/CA140404:NODE_4_length_183592_cov_86.819104_1> (length 676)
prokka_out/CA140404:NODE_4_length_183592_cov_86.819104_1> (length 339)
prokka_out/CA140404:NODE_4_length_183592_cov_86.819104_1> (length 870)
prokka_out/CA140404:NODE_4_length_183592_cov_86.819104_1> (length 336)
prokka_out/CA140404:NODE_4_length_183592_cov_86.819104_1> (length 303)
prokka_out/CA140404:NODE_4_length_183592_cov_86.819104_1> (length 257)
prokka_out/CA140404:NODE_4_length_183592_cov_86.819104_1> (length 256)
prokka_out/CA140404:NODE_4_length_183592_cov_86.819104_1> (length 258)
prokka_out/CA140404:NODE_4_length_183592_cov_86.819104_1> (length 220)
prokka_out/CA140404:NODE_4_length_183592_cov_86.819104_1> (length 187)
prokka_out/CA140404:NODE_4_length_183592_cov_86.819104_1> (length 158)
prokka_out/CA140404:NODE_4_length_183592_cov_86.819104_1> (length 192)
prokka_out/CA140404:NODE_4_length_183592_cov_86.819104_1> (length 408)
prokka_out/CA140404:NODE_4_length_183592_cov_86.819104_1> (length 610)
prokka_out/CA140404:NODE_4_length_183592_cov_86.819104_1> (length 212)
prokka_out/CA140404:NODE_4_length_183592_cov_86.819104_1> (length 388)
prokka_out/CA140404:NODE_4_length_183592_cov_86.819104_1> (length 113)
prokka_out/CA140404:NODE_4_length_183592_cov_86.819104_1> (length 341)
prokka_out/CA140404:NODE_4_length_183592_cov_86.819104_1> (length 971)
prokka_out/CA140404:NODE_4_length_183592_cov_86.819104_1> (length 624)
prokka_out/CA140404:NODE_4_length_183592_cov_86.819104_1> (length 432)
prokka_out/CA140404:NODE_4_length_183592_cov_86.819104_1> (length 636)
prokka_out/CA140404:NODE_4_length_183592_cov_86.819104_1> (length 623)
prokka_out/CA140404:NODE_4_length_183592_cov_86.819104_1> (length 176)
prokka_out/CA140404:NODE_4_length_183592_cov_86.819104_1> (length 263)
prokka_out/CA140404:NODE_4_length_183592_cov_86.819104_1> (length 696)
prokka_out/CA140404:NODE_4_length_183592_cov_86.819104_1> (length 227)
prokka_out/CA140404:NODE_4_length_183592_cov_86.819104_1> (length 184)
prokka_out/CA140404:NODE_4_length_183592_cov_86.819104_1> (length 83)
prokka_out/CA140404:NODE_5_length_158475_cov_95.623942 (length 158475)
prokka_out/CA140404:NODE_5_length_158475_cov_95.623942_1 (length 245)
prokka_out/CA140404:NODE_5_length_158475_cov_95.623942_2 (length 408)
prokka_out/CA140404:NODE_5_length_158475_cov_95.623942_3 (length 194)
prokka_out/CA140404:NODE_5_length_158475_cov_95.623942_4 (length 127)
prokka_out/CA140404:NODE_5_length_158475_cov_95.623942_5 (length 110)
prokka_out/CA140404:NODE_5_length_158475_cov_95.623942_6 (length 525)
prokka_out/CA140404:NODE_5_length_158475_cov_95.623942_7 (length 177)
prokka_out/CA140404:NODE_5_length_158475_cov_95.623942_8 (length 86)
prokka_out/CA140404:NODE_5_length_158475_cov_95.623942_9 (length 139)
prokka_out/CA140404:NODE_5_length_158475_cov_95.623942_10 (length 69)
prokka_out/CA140404:NODE_5_length_158475_cov_95.623942_11 (length 318)
prokka_out/CA140404:NODE_5_length_158475_cov_95.623942_12 (length 190)
prokka_out/CA140404:NODE_5_length_158475_cov_95.623942_13 (length 120)
prokka_out/CA140404:NODE_5_length_158475_cov_95.623942_14 (length 234)
prokka_out/CA140404:NODE_5_length_158475_cov_95.623942_15 (length 231)
prokka_out/CA140404:NODE_5_length_158475_cov_95.623942_16 (length 573)
prokka_out/CA140404:NODE_5_length_158475_cov_95.623942_17 (length 242)
prokka_out/CA140404:NODE_5_length_158475_cov_95.623942_18 (length 234)
prokka_out/CA140404:NODE_5_length_158475_cov_95.623942_19 (length 609)
prokka_out/CA140404:NODE_5_length_158475_cov_95.623942_20 (length 728)
prokka_out/CA140404:NODE_5_length_158475_cov_95.623942_21 (length 241)
prokka_out/CA140404:NODE_5_length_158475_cov_95.623942_22 (length 663)
prokka_out/CA140404:NODE_5_length_158475_cov_95.623942_23 (length 260)
prokka_out/CA140404:NODE_5_length_158475_cov_95.623942_24 (length 271)
prokka_out/CA140404:NODE_5_length_158475_cov_95.623942_25 (length 299)
prokka_out/CA140404:NODE_5_length_158475_cov_95.623942_26 (length 262)
prokka_out/CA140404:NODE_5_length_158475_cov_95.623942_27 (length 278)
prokka_out/CA140404:NODE_5_length_158475_cov_95.623942_28 (length 177)
prokka_out/CA140404:NODE_5_length_158475_cov_95.623942_29 (length 414)
prokka_out/CA140404:NODE_5_length_158475_cov_95.623942_30 (length 501)
prokka_out/CA140404:NODE_5_length_158475_cov_95.623942_31 (length 157)
prokka_out/CA140404:NODE_5_length_158475_cov_95.623942_32 (length 187)
prokka_out/CA140404:NODE_5_length_158475_cov_95.623942_33 (length 94)
prokka_out/CA140404:NODE_5_length_158475_cov_95.623942_34 (length 192)
prokka_out/CA140404:NODE_5_length_158475_cov_95.623942_35 (length 332)
prokka_out/CA140404:NODE_5_length_158475_cov_95.623942_36 (length 96)
prokka_out/CA140404:NODE_5_length_158475_cov_95.623942_37 (length 209)
prokka_out/CA140404:NODE_5_length_158475_cov_95.623942_38 (length 448)
prokka_out/CA140404:NODE_5_length_158475_cov_95.623942_39 (length 480)
prokka_out/CA140404:NODE_5_length_158475_cov_95.623942_40 (length 211)
prokka_out/CA140404:NODE_5_length_158475_cov_95.623942_41 (length 820)
prokka_out/CA140404:NODE_5_length_158475_cov_95.623942_42 (length 411)
prokka_out/CA140404:NODE_5_length_158475_cov_95.623942_43 (length 319)
prokka_out/CA140404:NODE_5_length_158475_cov_95.623942_44 (length 165)
prokka_out/CA140404:NODE_5_length_158475_cov_95.623942_45 (length 460)
prokka_out/CA140404:NODE_5_length_158475_cov_95.623942_46 (length 310)
prokka_out/CA140404:NODE_5_length_158475_cov_95.623942_47 (length 271)
prokka_out/CA140404:NODE_5_length_158475_cov_95.623942_48 (length 154)
prokka_out/CA140404:NODE_5_length_158475_cov_95.623942_49 (length 132)
prokka_out/CA140404:NODE_5_length_158475_cov_95.623942_50 (length 279)
prokka_out/CA140404:NODE_5_length_158475_cov_95.623942_51 (length 261)
prokka_out/CA140404:NODE_5_length_158475_cov_95.623942_52 (length 297)
prokka_out/CA140404:NODE_5_length_158475_cov_95.623942_53 (length 179)
prokka_out/CA140404:NODE_5_length_158475_cov_95.623942_54 (length 570)
prokka_out/CA140404:NODE_5_length_158475_cov_95.623942_55 (length 274)
prokka_out/CA140404:NODE_5_length_158475_cov_95.623942_56 (length 130)
prokka_out/CA140404:NODE_5_length_158475_cov_95.623942_57 (length 163)
prokka_out/CA140404:NODE_5_length_158475_cov_95.623942_58 (length 311)
prokka_out/CA140404:NODE_5_length_158475_cov_95.623942_59 (length 389)
prokka_out/CA140404:NODE_5_length_158475_cov_95.623942_60 (length 201)
prokka_out/CA140404:NODE_5_length_158475_cov_95.623942_61 (length 65)
prokka_out/CA140404:NODE_5_length_158475_cov_95.623942_62 (length 458)
prokka_out/CA140404:NODE_5_length_158475_cov_95.623942_63 (length 210)
prokka_out/CA140404:NODE_5_length_158475_cov_95.623942_64 (length 367)
prokka_out/CA140404:NODE_5_length_158475_cov_95.623942_65 (length 1039)
prokka_out/CA140404:NODE_5_length_158475_cov_95.623942_66 (length 485)
prokka_out/CA140404:NODE_5_length_158475_cov_95.623942_67 (length 83)
prokka_out/CA140404:NODE_5_length_158475_cov_95.623942_68 (length 448)
prokka_out/CA140404:NODE_5_length_158475_cov_95.623942_69 (length 150)
prokka_out/CA140404:NODE_5_length_158475_cov_95.623942_70 (length 156)
prokka_out/CA140404:NODE_5_length_158475_cov_95.623942_71 (length 445)
prokka_out/CA140404:NODE_5_length_158475_cov_95.623942_72 (length 341)
prokka_out/CA140404:NODE_5_length_158475_cov_95.623942_73 (length 202)
prokka_out/CA140404:NODE_5_length_158475_cov_95.623942_74 (length 105)
prokka_out/CA140404:NODE_5_length_158475_cov_95.623942_75 (length 223)
prokka_out/CA140404:NODE_5_length_158475_cov_95.623942_76 (length 81)
prokka_out/CA140404:NODE_5_length_158475_cov_95.623942_77 (length 486)
prokka_out/CA140404:NODE_5_length_158475_cov_95.623942_78 (length 265)
prokka_out/CA140404:NODE_5_length_158475_cov_95.623942_79 (length 102)
prokka_out/CA140404:NODE_5_length_158475_cov_95.623942_80 (length 140)
prokka_out/CA140404:NODE_5_length_158475_cov_95.623942_81 (length 249)
prokka_out/CA140404:NODE_5_length_158475_cov_95.623942_82 (length 392)
prokka_out/CA140404:NODE_5_length_158475_cov_95.623942_83 (length 199)
prokka_out/CA140404:NODE_5_length_158475_cov_95.623942_84 (length 533)
prokka_out/CA140404:NODE_5_length_158475_cov_95.623942_85 (length 416)
prokka_out/CA140404:NODE_5_length_158475_cov_95.623942_86 (length 261)
prokka_out/CA140404:NODE_5_length_158475_cov_95.623942_87 (length 941)
prokka_out/CA140404:NODE_5_length_158475_cov_95.623942_88 (length 147)
prokka_out/CA140404:NODE_5_length_158475_cov_95.623942_89 (length 335)
prokka_out/CA140404:NODE_5_length_158475_cov_95.623942_90 (length 108)
prokka_out/CA140404:NODE_5_length_158475_cov_95.623942_91 (length 280)
prokka_out/CA140404:NODE_5_length_158475_cov_95.623942_92 (length 879)
prokka_out/CA140404:NODE_5_length_158475_cov_95.623942_93 (length 258)
prokka_out/CA140404:NODE_5_length_158475_cov_95.623942_94 (length 247)
prokka_out/CA140404:NODE_5_length_158475_cov_95.623942_95 (length 362)
prokka_out/CA140404:NODE_5_length_158475_cov_95.623942_96 (length 198)
prokka_out/CA140404:NODE_5_length_158475_cov_95.623942_97 (length 94)
prokka_out/CA140404:NODE_5_length_158475_cov_95.623942_98 (length 137)
prokka_out/CA140404:NODE_5_length_158475_cov_95.623942_99 (length 117)
prokka_out/CA140404:NODE_5_length_158475_cov_95.623942_1> (length 48)
prokka_out/CA140404:NODE_5_length_158475_cov_95.623942_1> (length 328)
prokka_out/CA140404:NODE_5_length_158475_cov_95.623942_1> (length 324)
prokka_out/CA140404:NODE_5_length_158475_cov_95.623942_1> (length 116)
prokka_out/CA140404:NODE_5_length_158475_cov_95.623942_1> (length 358)
prokka_out/CA140404:NODE_5_length_158475_cov_95.623942_1> (length 387)
prokka_out/CA140404:NODE_5_length_158475_cov_95.623942_1> (length 235)
prokka_out/CA140404:NODE_5_length_158475_cov_95.623942_1> (length 398)
prokka_out/CA140404:NODE_5_length_158475_cov_95.623942_1> (length 136)
prokka_out/CA140404:NODE_5_length_158475_cov_95.623942_1> (length 615)
prokka_out/CA140404:NODE_5_length_158475_cov_95.623942_1> (length 276)
prokka_out/CA140404:NODE_5_length_158475_cov_95.623942_1> (length 342)
prokka_out/CA140404:NODE_5_length_158475_cov_95.623942_1> (length 560)
prokka_out/CA140404:NODE_5_length_158475_cov_95.623942_1> (length 364)
prokka_out/CA140404:NODE_5_length_158475_cov_95.623942_1> (length 357)
prokka_out/CA140404:NODE_5_length_158475_cov_95.623942_1> (length 255)
prokka_out/CA140404:NODE_5_length_158475_cov_95.623942_1> (length 402)
prokka_out/CA140404:NODE_5_length_158475_cov_95.623942_1> (length 352)
prokka_out/CA140404:NODE_5_length_158475_cov_95.623942_1> (length 181)
prokka_out/CA140404:NODE_5_length_158475_cov_95.623942_1> (length 178)
prokka_out/CA140404:NODE_5_length_158475_cov_95.623942_1> (length 112)
prokka_out/CA140404:NODE_5_length_158475_cov_95.623942_1> (length 104)
prokka_out/CA140404:NODE_5_length_158475_cov_95.623942_1> (length 201)
prokka_out/CA140404:NODE_5_length_158475_cov_95.623942_1> (length 427)
prokka_out/CA140404:NODE_5_length_158475_cov_95.623942_1> (length 380)
prokka_out/CA140404:NODE_5_length_158475_cov_95.623942_1> (length 203)
prokka_out/CA140404:NODE_5_length_158475_cov_95.623942_1> (length 228)
prokka_out/CA140404:NODE_5_length_158475_cov_95.623942_1> (length 249)
prokka_out/CA140404:NODE_5_length_158475_cov_95.623942_1> (length 133)
prokka_out/CA140404:NODE_5_length_158475_cov_95.623942_1> (length 222)
prokka_out/CA140404:NODE_5_length_158475_cov_95.623942_1> (length 294)
prokka_out/CA140404:NODE_5_length_158475_cov_95.623942_1> (length 257)
prokka_out/CA140404:NODE_5_length_158475_cov_95.623942_1> (length 274)
prokka_out/CA140404:NODE_5_length_158475_cov_95.623942_1> (length 282)
prokka_out/CA140404:NODE_5_length_158475_cov_95.623942_1> (length 126)
prokka_out/CA140404:NODE_5_length_158475_cov_95.623942_1> (length 152)
prokka_out/CA140404:NODE_5_length_158475_cov_95.623942_1> (length 218)
prokka_out/CA140404:NODE_5_length_158475_cov_95.623942_1> (length 258)
prokka_out/CA140404:NODE_5_length_158475_cov_95.623942_1> (length 73)
prokka_out/CA140404:NODE_5_length_158475_cov_95.623942_1> (length 319)
prokka_out/CA140404:NODE_5_length_158475_cov_95.623942_1> (length 250)
prokka_out/CA140404:NODE_5_length_158475_cov_95.623942_1> (length 781)
prokka_out/CA140404:NODE_5_length_158475_cov_95.623942_1> (length 308)
prokka_out/CA140404:NODE_5_length_158475_cov_95.623942_1> (length 78)
prokka_out/CA140404:NODE_5_length_158475_cov_95.623942_1> (length 556)
prokka_out/CA140404:NODE_5_length_158475_cov_95.623942_1> (length 947)
prokka_out/CA140404:NODE_5_length_158475_cov_95.623942_1> (length 364)
prokka_out/CA140404:NODE_5_length_158475_cov_95.623942_1> (length 161)
prokka_out/CA140404:NODE_5_length_158475_cov_95.623942_1> (length 208)
prokka_out/CA140404:NODE_5_length_158475_cov_95.623942_1> (length 318)
prokka_out/CA140404:NODE_5_length_158475_cov_95.623942_1> (length 769)
prokka_out/CA140404:NODE_5_length_158475_cov_95.623942_1> (length 173)
prokka_out/CA140404:NODE_5_length_158475_cov_95.623942_1> (length 207)
prokka_out/CA140404:NODE_5_length_158475_cov_95.623942_1> (length 325)
prokka_out/CA140404:NODE_5_length_158475_cov_95.623942_1> (length 140)
prokka_out/CA140404:NODE_5_length_158475_cov_95.623942_1> (length 1089)
prokka_out/CA140404:NODE_5_length_158475_cov_95.623942_1> (length 249)
prokka_out/CA140404:NODE_5_length_158475_cov_95.623942_1> (length 346)
prokka_out/CA140404:NODE_5_length_158475_cov_95.623942_1> (length 407)
prokka_out/CA140404:NODE_5_length_158475_cov_95.623942_1> (length 263)
prokka_out/CA140404:NODE_5_length_158475_cov_95.623942_1> (length 146)
prokka_out/CA140404:NODE_5_length_158475_cov_95.623942_1> (length 363)
prokka_out/CA140404:NODE_5_length_158475_cov_95.623942_1> (length 151)
prokka_out/CA140404:NODE_5_length_158475_cov_95.623942_1> (length 68)
prokka_out/CA140404:NODE_5_length_158475_cov_95.623942_1> (length 304)
prokka_out/CA140404:NODE_5_length_158475_cov_95.623942_1> (length 362)
prokka_out/CA140404:NODE_5_length_158475_cov_95.623942_1> (length 176)
prokka_out/CA140404:NODE_5_length_158475_cov_95.623942_1> (length 169)
prokka_out/CA140404:NODE_6_length_118826_cov_99.235318 (length 118826)
prokka_out/CA140404:NODE_6_length_118826_cov_99.235318_1 (length 97)
prokka_out/CA140404:NODE_6_length_118826_cov_99.235318_2 (length 243)
prokka_out/CA140404:NODE_6_length_118826_cov_99.235318_3 (length 450)
prokka_out/CA140404:NODE_6_length_118826_cov_99.235318_4 (length 483)
prokka_out/CA140404:NODE_6_length_118826_cov_99.235318_5 (length 804)
prokka_out/CA140404:NODE_6_length_118826_cov_99.235318_6 (length 542)
prokka_out/CA140404:NODE_6_length_118826_cov_99.235318_7 (length 315)
prokka_out/CA140404:NODE_6_length_118826_cov_99.235318_8 (length 552)
prokka_out/CA140404:NODE_6_length_118826_cov_99.235318_9 (length 372)
prokka_out/CA140404:NODE_6_length_118826_cov_99.235318_10 (length 220)
prokka_out/CA140404:NODE_6_length_118826_cov_99.235318_11 (length 260)
prokka_out/CA140404:NODE_6_length_118826_cov_99.235318_12 (length 135)
prokka_out/CA140404:NODE_6_length_118826_cov_99.235318_13 (length 187)
prokka_out/CA140404:NODE_6_length_118826_cov_99.235318_14 (length 229)
prokka_out/CA140404:NODE_6_length_118826_cov_99.235318_15 (length 237)
prokka_out/CA140404:NODE_6_length_118826_cov_99.235318_16 (length 321)
prokka_out/CA140404:NODE_6_length_118826_cov_99.235318_17 (length 439)
prokka_out/CA140404:NODE_6_length_118826_cov_99.235318_18 (length 365)
prokka_out/CA140404:NODE_6_length_118826_cov_99.235318_19 (length 68)
prokka_out/CA140404:NODE_6_length_118826_cov_99.235318_20 (length 372)
prokka_out/CA140404:NODE_6_length_118826_cov_99.235318_21 (length 273)
prokka_out/CA140404:NODE_6_length_118826_cov_99.235318_22 (length 357)
prokka_out/CA140404:NODE_6_length_118826_cov_99.235318_23 (length 127)
prokka_out/CA140404:NODE_6_length_118826_cov_99.235318_24 (length 228)
prokka_out/CA140404:NODE_6_length_118826_cov_99.235318_25 (length 348)
prokka_out/CA140404:NODE_6_length_118826_cov_99.235318_26 (length 113)
prokka_out/CA140404:NODE_6_length_118826_cov_99.235318_27 (length 65)
prokka_out/CA140404:NODE_6_length_118826_cov_99.235318_28 (length 144)
prokka_out/CA140404:NODE_6_length_118826_cov_99.235318_29 (length 608)
prokka_out/CA140404:NODE_6_length_118826_cov_99.235318_30 (length 254)
prokka_out/CA140404:NODE_6_length_118826_cov_99.235318_31 (length 254)
prokka_out/CA140404:NODE_6_length_118826_cov_99.235318_32 (length 393)
prokka_out/CA140404:NODE_6_length_118826_cov_99.235318_33 (length 519)
prokka_out/CA140404:NODE_6_length_118826_cov_99.235318_34 (length 195)
prokka_out/CA140404:NODE_6_length_118826_cov_99.235318_35 (length 202)
prokka_out/CA140404:NODE_6_length_118826_cov_99.235318_36 (length 470)
prokka_out/CA140404:NODE_6_length_118826_cov_99.235318_37 (length 103)
prokka_out/CA140404:NODE_6_length_118826_cov_99.235318_38 (length 1186)
prokka_out/CA140404:NODE_6_length_118826_cov_99.235318_39 (length 213)
prokka_out/CA140404:NODE_6_length_118826_cov_99.235318_40 (length 319)
prokka_out/CA140404:NODE_6_length_118826_cov_99.235318_41 (length 129)
prokka_out/CA140404:NODE_6_length_118826_cov_99.235318_42 (length 141)
prokka_out/CA140404:NODE_6_length_118826_cov_99.235318_43 (length 921)
prokka_out/CA140404:NODE_6_length_118826_cov_99.235318_44 (length 788)
prokka_out/CA140404:NODE_6_length_118826_cov_99.235318_45 (length 173)
prokka_out/CA140404:NODE_6_length_118826_cov_99.235318_46 (length 200)
prokka_out/CA140404:NODE_6_length_118826_cov_99.235318_47 (length 33)
prokka_out/CA140404:NODE_6_length_118826_cov_99.235318_48 (length 73)
prokka_out/CA140404:NODE_6_length_118826_cov_99.235318_49 (length 287)
prokka_out/CA140404:NODE_6_length_118826_cov_99.235318_50 (length 88)
prokka_out/CA140404:NODE_6_length_118826_cov_99.235318_51 (length 221)
prokka_out/CA140404:NODE_6_length_118826_cov_99.235318_52 (length 488)
prokka_out/CA140404:NODE_6_length_118826_cov_99.235318_53 (length 226)
prokka_out/CA140404:NODE_6_length_118826_cov_99.235318_54 (length 403)
prokka_out/CA140404:NODE_6_length_118826_cov_99.235318_55 (length 219)
prokka_out/CA140404:NODE_6_length_118826_cov_99.235318_56 (length 372)
prokka_out/CA140404:NODE_6_length_118826_cov_99.235318_57 (length 183)
prokka_out/CA140404:NODE_6_length_118826_cov_99.235318_58 (length 172)
prokka_out/CA140404:NODE_6_length_118826_cov_99.235318_59 (length 142)
prokka_out/CA140404:NODE_6_length_118826_cov_99.235318_60 (length 416)
prokka_out/CA140404:NODE_6_length_118826_cov_99.235318_61 (length 402)
prokka_out/CA140404:NODE_6_length_118826_cov_99.235318_62 (length 75)
prokka_out/CA140404:NODE_6_length_118826_cov_99.235318_63 (length 489)
prokka_out/CA140404:NODE_6_length_118826_cov_99.235318_64 (length 1162)
prokka_out/CA140404:NODE_6_length_118826_cov_99.235318_65 (length 308)
prokka_out/CA140404:NODE_6_length_118826_cov_99.235318_66 (length 190)
prokka_out/CA140404:NODE_6_length_118826_cov_99.235318_67 (length 700)
prokka_out/CA140404:NODE_6_length_118826_cov_99.235318_68 (length 245)
prokka_out/CA140404:NODE_6_length_118826_cov_99.235318_69 (length 260)
prokka_out/CA140404:NODE_6_length_118826_cov_99.235318_70 (length 310)
prokka_out/CA140404:NODE_6_length_118826_cov_99.235318_71 (length 213)
prokka_out/CA140404:NODE_6_length_118826_cov_99.235318_72 (length 746)
prokka_out/CA140404:NODE_6_length_118826_cov_99.235318_73 (length 180)
prokka_out/CA140404:NODE_6_length_118826_cov_99.235318_74 (length 63)
prokka_out/CA140404:NODE_6_length_118826_cov_99.235318_75 (length 233)
prokka_out/CA140404:NODE_6_length_118826_cov_99.235318_76 (length 382)
prokka_out/CA140404:NODE_6_length_118826_cov_99.235318_77 (length 513)
prokka_out/CA140404:NODE_6_length_118826_cov_99.235318_78 (length 73)
prokka_out/CA140404:NODE_6_length_118826_cov_99.235318_79 (length 148)
prokka_out/CA140404:NODE_6_length_118826_cov_99.235318_80 (length 396)
prokka_out/CA140404:NODE_6_length_118826_cov_99.235318_81 (length 143)
prokka_out/CA140404:NODE_6_length_118826_cov_99.235318_82 (length 296)
prokka_out/CA140404:NODE_6_length_118826_cov_99.235318_83 (length 984)
prokka_out/CA140404:NODE_6_length_118826_cov_99.235318_84 (length 60)
prokka_out/CA140404:NODE_6_length_118826_cov_99.235318_85 (length 184)
prokka_out/CA140404:NODE_6_length_118826_cov_99.235318_86 (length 172)
prokka_out/CA140404:NODE_6_length_118826_cov_99.235318_87 (length 329)
prokka_out/CA140404:NODE_6_length_118826_cov_99.235318_88 (length 201)
prokka_out/CA140404:NODE_6_length_118826_cov_99.235318_89 (length 249)
prokka_out/CA140404:NODE_6_length_118826_cov_99.235318_90 (length 243)
prokka_out/CA140404:NODE_6_length_118826_cov_99.235318_91 (length 345)
prokka_out/CA140404:NODE_6_length_118826_cov_99.235318_92 (length 149)
prokka_out/CA140404:NODE_6_length_118826_cov_99.235318_93 (length 406)
prokka_out/CA140404:NODE_6_length_118826_cov_99.235318_94 (length 274)
prokka_out/CA140404:NODE_6_length_118826_cov_99.235318_95 (length 657)
prokka_out/CA140404:NODE_6_length_118826_cov_99.235318_96 (length 331)
prokka_out/CA140404:NODE_6_length_118826_cov_99.235318_97 (length 228)
prokka_out/CA140404:NODE_6_length_118826_cov_99.235318_98 (length 269)
prokka_out/CA140404:NODE_6_length_118826_cov_99.235318_99 (length 255)
prokka_out/CA140404:NODE_6_length_118826_cov_99.235318_1> (length 246)
prokka_out/CA140404:NODE_6_length_118826_cov_99.235318_1> (length 321)
prokka_out/CA140404:NODE_6_length_118826_cov_99.235318_1> (length 298)
prokka_out/CA140404:NODE_6_length_118826_cov_99.235318_1> (length 192)
prokka_out/CA140404:NODE_6_length_118826_cov_99.235318_1> (length 115)
prokka_out/CA140404:NODE_6_length_118826_cov_99.235318_1> (length 159)
prokka_out/CA140404:NODE_6_length_118826_cov_99.235318_1> (length 358)
prokka_out/CA140404:NODE_6_length_118826_cov_99.235318_1> (length 1031)
prokka_out/CA140404:NODE_6_length_118826_cov_99.235318_1> (length 588)
prokka_out/CA140404:NODE_6_length_118826_cov_99.235318_1> (length 380)
prokka_out/CA140404:NODE_6_length_118826_cov_99.235318_1> (length 500)
prokka_out/CA140404:NODE_6_length_118826_cov_99.235318_1> (length 211)
prokka_out/CA140404:NODE_6_length_118826_cov_99.235318_1> (length 110)
prokka_out/CA140404:NODE_6_length_118826_cov_99.235318_1> (length 40)
prokka_out/CA140404:NODE_6_length_118826_cov_99.235318_1> (length 213)
prokka_out/CA140404:NODE_6_length_118826_cov_99.235318_1> (length 59)
prokka_out/CA140404:NODE_6_length_118826_cov_99.235318_1> (length 143)
prokka_out/CA140404:NODE_7_length_101867_cov_100.273806 (length 101867)
prokka_out/CA140404:NODE_7_length_101867_cov_100.273806_1 (length 296)
prokka_out/CA140404:NODE_7_length_101867_cov_100.273806_2 (length 284)
prokka_out/CA140404:NODE_7_length_101867_cov_100.273806_3 (length 267)
prokka_out/CA140404:NODE_7_length_101867_cov_100.273806_4 (length 443)
prokka_out/CA140404:NODE_7_length_101867_cov_100.273806_5 (length 591)
prokka_out/CA140404:NODE_7_length_101867_cov_100.273806_6 (length 140)
prokka_out/CA140404:NODE_7_length_101867_cov_100.273806_7 (length 120)
prokka_out/CA140404:NODE_7_length_101867_cov_100.273806_8 (length 861)
prokka_out/CA140404:NODE_7_length_101867_cov_100.273806_9 (length 65)
prokka_out/CA140404:NODE_7_length_101867_cov_100.273806_> (length 292)
prokka_out/CA140404:NODE_7_length_101867_cov_100.273806_> (length 133)
prokka_out/CA140404:NODE_7_length_101867_cov_100.273806_> (length 294)
prokka_out/CA140404:NODE_7_length_101867_cov_100.273806_> (length 457)
prokka_out/CA140404:NODE_7_length_101867_cov_100.273806_> (length 275)
prokka_out/CA140404:NODE_7_length_101867_cov_100.273806_> (length 739)
prokka_out/CA140404:NODE_7_length_101867_cov_100.273806_> (length 240)
prokka_out/CA140404:NODE_7_length_101867_cov_100.273806_> (length 280)
prokka_out/CA140404:NODE_7_length_101867_cov_100.273806_> (length 149)
prokka_out/CA140404:NODE_7_length_101867_cov_100.273806_> (length 120)
prokka_out/CA140404:NODE_7_length_101867_cov_100.273806_> (length 328)
prokka_out/CA140404:NODE_7_length_101867_cov_100.273806_> (length 308)
prokka_out/CA140404:NODE_7_length_101867_cov_100.273806_> (length 229)
prokka_out/CA140404:NODE_7_length_101867_cov_100.273806_> (length 135)
prokka_out/CA140404:NODE_7_length_101867_cov_100.273806_> (length 204)
prokka_out/CA140404:NODE_7_length_101867_cov_100.273806_> (length 173)
prokka_out/CA140404:NODE_7_length_101867_cov_100.273806_> (length 251)
prokka_out/CA140404:NODE_7_length_101867_cov_100.273806_> (length 228)
prokka_out/CA140404:NODE_7_length_101867_cov_100.273806_> (length 306)
prokka_out/CA140404:NODE_7_length_101867_cov_100.273806_> (length 189)
prokka_out/CA140404:NODE_7_length_101867_cov_100.273806_> (length 315)
prokka_out/CA140404:NODE_7_length_101867_cov_100.273806_> (length 165)
prokka_out/CA140404:NODE_7_length_101867_cov_100.273806_> (length 402)
prokka_out/CA140404:NODE_7_length_101867_cov_100.273806_> (length 259)
prokka_out/CA140404:NODE_7_length_101867_cov_100.273806_> (length 129)
prokka_out/CA140404:NODE_7_length_101867_cov_100.273806_> (length 184)
prokka_out/CA140404:NODE_7_length_101867_cov_100.273806_> (length 129)
prokka_out/CA140404:NODE_7_length_101867_cov_100.273806_> (length 465)
prokka_out/CA140404:NODE_7_length_101867_cov_100.273806_> (length 294)
prokka_out/CA140404:NODE_7_length_101867_cov_100.273806_> (length 501)
prokka_out/CA140404:NODE_7_length_101867_cov_100.273806_> (length 173)
prokka_out/CA140404:NODE_7_length_101867_cov_100.273806_> (length 170)
prokka_out/CA140404:NODE_7_length_101867_cov_100.273806_> (length 141)
prokka_out/CA140404:NODE_7_length_101867_cov_100.273806_> (length 278)
prokka_out/CA140404:NODE_7_length_101867_cov_100.273806_> (length 261)
prokka_out/CA140404:NODE_7_length_101867_cov_100.273806_> (length 217)
prokka_out/CA140404:NODE_7_length_101867_cov_100.273806_> (length 305)
prokka_out/CA140404:NODE_7_length_101867_cov_100.273806_> (length 251)
prokka_out/CA140404:NODE_7_length_101867_cov_100.273806_> (length 345)
prokka_out/CA140404:NODE_7_length_101867_cov_100.273806_> (length 84)
prokka_out/CA140404:NODE_7_length_101867_cov_100.273806_> (length 102)
prokka_out/CA140404:NODE_7_length_101867_cov_100.273806_> (length 400)
prokka_out/CA140404:NODE_7_length_101867_cov_100.273806_> (length 445)
prokka_out/CA140404:NODE_7_length_101867_cov_100.273806_> (length 207)
prokka_out/CA140404:NODE_7_length_101867_cov_100.273806_> (length 122)
prokka_out/CA140404:NODE_7_length_101867_cov_100.273806_> (length 453)
prokka_out/CA140404:NODE_7_length_101867_cov_100.273806_> (length 445)
prokka_out/CA140404:NODE_7_length_101867_cov_100.273806_> (length 468)
prokka_out/CA140404:NODE_7_length_101867_cov_100.273806_> (length 231)
prokka_out/CA140404:NODE_7_length_101867_cov_100.273806_> (length 231)
prokka_out/CA140404:NODE_7_length_101867_cov_100.273806_> (length 34)
prokka_out/CA140404:NODE_7_length_101867_cov_100.273806_> (length 374)
prokka_out/CA140404:NODE_7_length_101867_cov_100.273806_> (length 520)
prokka_out/CA140404:NODE_7_length_101867_cov_100.273806_> (length 89)
prokka_out/CA140404:NODE_7_length_101867_cov_100.273806_> (length 268)
prokka_out/CA140404:NODE_7_length_101867_cov_100.273806_> (length 265)
prokka_out/CA140404:NODE_7_length_101867_cov_100.273806_> (length 189)
prokka_out/CA140404:NODE_7_length_101867_cov_100.273806_> (length 560)
prokka_out/CA140404:NODE_7_length_101867_cov_100.273806_> (length 246)
prokka_out/CA140404:NODE_7_length_101867_cov_100.273806_> (length 479)
prokka_out/CA140404:NODE_7_length_101867_cov_100.273806_> (length 218)
prokka_out/CA140404:NODE_7_length_101867_cov_100.273806_> (length 97)
prokka_out/CA140404:NODE_7_length_101867_cov_100.273806_> (length 116)
prokka_out/CA140404:NODE_7_length_101867_cov_100.273806_> (length 73)
prokka_out/CA140404:NODE_7_length_101867_cov_100.273806_> (length 244)
prokka_out/CA140404:NODE_7_length_101867_cov_100.273806_> (length 298)
prokka_out/CA140404:NODE_7_length_101867_cov_100.273806_> (length 409)
prokka_out/CA140404:NODE_7_length_101867_cov_100.273806_> (length 159)
prokka_out/CA140404:NODE_7_length_101867_cov_100.273806_> (length 157)
prokka_out/CA140404:NODE_7_length_101867_cov_100.273806_> (length 484)
prokka_out/CA140404:NODE_7_length_101867_cov_100.273806_> (length 288)
prokka_out/CA140404:NODE_7_length_101867_cov_100.273806_> (length 118)
prokka_out/CA140404:NODE_7_length_101867_cov_100.273806_> (length 238)
prokka_out/CA140404:NODE_7_length_101867_cov_100.273806_> (length 359)
prokka_out/CA140404:NODE_7_length_101867_cov_100.273806_> (length 280)
prokka_out/CA140404:NODE_7_length_101867_cov_100.273806_> (length 143)
prokka_out/CA140404:NODE_7_length_101867_cov_100.273806_> (length 41)
prokka_out/CA140404:NODE_7_length_101867_cov_100.273806_> (length 271)
prokka_out/CA140404:NODE_7_length_101867_cov_100.273806_> (length 198)
prokka_out/CA140404:NODE_7_length_101867_cov_100.273806_> (length 258)
prokka_out/CA140404:NODE_7_length_101867_cov_100.273806_> (length 201)
prokka_out/CA140404:NODE_7_length_101867_cov_100.273806_> (length 338)
prokka_out/CA140404:NODE_7_length_101867_cov_100.273806_> (length 47)
prokka_out/CA140404:NODE_7_length_101867_cov_100.273806_> (length 81)
prokka_out/CA140404:NODE_7_length_101867_cov_100.273806_> (length 114)
prokka_out/CA140404:NODE_7_length_101867_cov_100.273806_> (length 241)
prokka_out/CA140404:NODE_7_length_101867_cov_100.273806_> (length 623)
prokka_out/CA140404:NODE_7_length_101867_cov_100.273806_> (length 545)
prokka_out/CA140404:NODE_7_length_101867_cov_100.273806_> (length 294)
prokka_out/CA140404:NODE_7_length_101867_cov_100.273806_> (length 596)
prokka_out/CA140404:NODE_7_length_101867_cov_100.273806_> (length 107)
prokka_out/CA140404:NODE_7_length_101867_cov_100.273806_> (length 602)
prokka_out/CA140404:NODE_7_length_101867_cov_100.273806_> (length 215)
prokka_out/CA140404:NODE_7_length_101867_cov_100.273806_> (length 347)
prokka_out/CA140404:NODE_7_length_101867_cov_100.273806_> (length 449)
prokka_out/CA140404:NODE_7_length_101867_cov_100.273806_> (length 400)
prokka_out/CA140404:NODE_7_length_101867_cov_100.273806_> (length 233)
prokka_out/CA140404:NODE_7_length_101867_cov_100.273806_> (length 397)
prokka_out/CA140404:NODE_7_length_101867_cov_100.273806_> (length 1253)
prokka_out/CA140404:NODE_7_length_101867_cov_100.273806_> (length 465)
prokka_out/CA140404:NODE_8_length_99418_cov_97.298305 (length 99418)
prokka_out/CA140404:NODE_8_length_99418_cov_97.298305_1 (length 598)
prokka_out/CA140404:NODE_8_length_99418_cov_97.298305_2 (length 181)
prokka_out/CA140404:NODE_8_length_99418_cov_97.298305_3 (length 346)
prokka_out/CA140404:NODE_8_length_99418_cov_97.298305_4 (length 344)
prokka_out/CA140404:NODE_8_length_99418_cov_97.298305_5 (length 312)
prokka_out/CA140404:NODE_8_length_99418_cov_97.298305_6 (length 339)
prokka_out/CA140404:NODE_8_length_99418_cov_97.298305_7 (length 52)
prokka_out/CA140404:NODE_8_length_99418_cov_97.298305_8 (length 332)
prokka_out/CA140404:NODE_8_length_99418_cov_97.298305_9 (length 201)
prokka_out/CA140404:NODE_8_length_99418_cov_97.298305_10 (length 224)
prokka_out/CA140404:NODE_8_length_99418_cov_97.298305_11 (length 600)
prokka_out/CA140404:NODE_8_length_99418_cov_97.298305_12 (length 594)
prokka_out/CA140404:NODE_8_length_99418_cov_97.298305_13 (length 257)
prokka_out/CA140404:NODE_8_length_99418_cov_97.298305_14 (length 253)
prokka_out/CA140404:NODE_8_length_99418_cov_97.298305_15 (length 779)
prokka_out/CA140404:NODE_8_length_99418_cov_97.298305_16 (length 200)
prokka_out/CA140404:NODE_8_length_99418_cov_97.298305_17 (length 253)
prokka_out/CA140404:NODE_8_length_99418_cov_97.298305_18 (length 170)
prokka_out/CA140404:NODE_8_length_99418_cov_97.298305_19 (length 689)
prokka_out/CA140404:NODE_8_length_99418_cov_97.298305_20 (length 394)
prokka_out/CA140404:NODE_8_length_99418_cov_97.298305_21 (length 373)
prokka_out/CA140404:NODE_8_length_99418_cov_97.298305_22 (length 453)
prokka_out/CA140404:NODE_8_length_99418_cov_97.298305_23 (length 139)
prokka_out/CA140404:NODE_8_length_99418_cov_97.298305_24 (length 115)
prokka_out/CA140404:NODE_8_length_99418_cov_97.298305_25 (length 178)
prokka_out/CA140404:NODE_8_length_99418_cov_97.298305_26 (length 456)
prokka_out/CA140404:NODE_8_length_99418_cov_97.298305_27 (length 125)
prokka_out/CA140404:NODE_8_length_99418_cov_97.298305_28 (length 108)
prokka_out/CA140404:NODE_8_length_99418_cov_97.298305_29 (length 181)
prokka_out/CA140404:NODE_8_length_99418_cov_97.298305_30 (length 332)
prokka_out/CA140404:NODE_8_length_99418_cov_97.298305_31 (length 400)
prokka_out/CA140404:NODE_8_length_99418_cov_97.298305_32 (length 223)
prokka_out/CA140404:NODE_8_length_99418_cov_97.298305_33 (length 274)
prokka_out/CA140404:NODE_8_length_99418_cov_97.298305_34 (length 497)
prokka_out/CA140404:NODE_8_length_99418_cov_97.298305_35 (length 369)
prokka_out/CA140404:NODE_8_length_99418_cov_97.298305_36 (length 217)
prokka_out/CA140404:NODE_8_length_99418_cov_97.298305_37 (length 74)
prokka_out/CA140404:NODE_8_length_99418_cov_97.298305_38 (length 113)
prokka_out/CA140404:NODE_8_length_99418_cov_97.298305_39 (length 283)
prokka_out/CA140404:NODE_8_length_99418_cov_97.298305_40 (length 455)
prokka_out/CA140404:NODE_8_length_99418_cov_97.298305_41 (length 191)
prokka_out/CA140404:NODE_8_length_99418_cov_97.298305_42 (length 144)
prokka_out/CA140404:NODE_8_length_99418_cov_97.298305_43 (length 252)
prokka_out/CA140404:NODE_8_length_99418_cov_97.298305_44 (length 96)
prokka_out/CA140404:NODE_8_length_99418_cov_97.298305_45 (length 103)
prokka_out/CA140404:NODE_8_length_99418_cov_97.298305_46 (length 120)
prokka_out/CA140404:NODE_8_length_99418_cov_97.298305_47 (length 218)
prokka_out/CA140404:NODE_8_length_99418_cov_97.298305_48 (length 156)
prokka_out/CA140404:NODE_8_length_99418_cov_97.298305_49 (length 474)
prokka_out/CA140404:NODE_8_length_99418_cov_97.298305_50 (length 104)
prokka_out/CA140404:NODE_8_length_99418_cov_97.298305_51 (length 231)
prokka_out/CA140404:NODE_8_length_99418_cov_97.298305_52 (length 163)
prokka_out/CA140404:NODE_8_length_99418_cov_97.298305_53 (length 176)
prokka_out/CA140404:NODE_8_length_99418_cov_97.298305_54 (length 236)
prokka_out/CA140404:NODE_8_length_99418_cov_97.298305_55 (length 601)
prokka_out/CA140404:NODE_8_length_99418_cov_97.298305_56 (length 440)
prokka_out/CA140404:NODE_8_length_99418_cov_97.298305_57 (length 557)
prokka_out/CA140404:NODE_8_length_99418_cov_97.298305_58 (length 433)
prokka_out/CA140404:NODE_8_length_99418_cov_97.298305_59 (length 200)
prokka_out/CA140404:NODE_8_length_99418_cov_97.298305_60 (length 823)
prokka_out/CA140404:NODE_8_length_99418_cov_97.298305_61 (length 189)
prokka_out/CA140404:NODE_8_length_99418_cov_97.298305_62 (length 232)
prokka_out/CA140404:NODE_8_length_99418_cov_97.298305_63 (length 147)
prokka_out/CA140404:NODE_8_length_99418_cov_97.298305_64 (length 439)
prokka_out/CA140404:NODE_8_length_99418_cov_97.298305_65 (length 354)
prokka_out/CA140404:NODE_8_length_99418_cov_97.298305_66 (length 782)
prokka_out/CA140404:NODE_8_length_99418_cov_97.298305_67 (length 598)
prokka_out/CA140404:NODE_8_length_99418_cov_97.298305_68 (length 1041)
prokka_out/CA140404:NODE_8_length_99418_cov_97.298305_69 (length 463)
prokka_out/CA140404:NODE_8_length_99418_cov_97.298305_70 (length 347)
prokka_out/CA140404:NODE_8_length_99418_cov_97.298305_71 (length 335)
prokka_out/CA140404:NODE_8_length_99418_cov_97.298305_72 (length 136)
prokka_out/CA140404:NODE_8_length_99418_cov_97.298305_73 (length 94)
prokka_out/CA140404:NODE_8_length_99418_cov_97.298305_74 (length 568)
prokka_out/CA140404:NODE_8_length_99418_cov_97.298305_75 (length 639)
prokka_out/CA140404:NODE_8_length_99418_cov_97.298305_76 (length 127)
prokka_out/CA140404:NODE_8_length_99418_cov_97.298305_77 (length 694)
prokka_out/CA140404:NODE_8_length_99418_cov_97.298305_78 (length 163)
prokka_out/CA140404:NODE_8_length_99418_cov_97.298305_79 (length 610)
prokka_out/CA140404:NODE_8_length_99418_cov_97.298305_80 (length 184)
prokka_out/CA140404:NODE_8_length_99418_cov_97.298305_81 (length 330)
prokka_out/CA140404:NODE_8_length_99418_cov_97.298305_82 (length 251)
prokka_out/CA140404:NODE_8_length_99418_cov_97.298305_83 (length 312)
prokka_out/CA140404:NODE_8_length_99418_cov_97.298305_84 (length 322)
prokka_out/CA140404:NODE_8_length_99418_cov_97.298305_85 (length 329)
prokka_out/CA140404:NODE_8_length_99418_cov_97.298305_86 (length 191)
prokka_out/CA140404:NODE_8_length_99418_cov_97.298305_87 (length 124)
prokka_out/CA140404:NODE_8_length_99418_cov_97.298305_88 (length 311)
prokka_out/CA140404:NODE_8_length_99418_cov_97.298305_89 (length 112)
prokka_out/CA140404:NODE_8_length_99418_cov_97.298305_90 (length 241)
prokka_out/CA140404:NODE_8_length_99418_cov_97.298305_91 (length 356)
prokka_out/CA140404:NODE_8_length_99418_cov_97.298305_92 (length 464)
prokka_out/CA140404:NODE_8_length_99418_cov_97.298305_93 (length 335)
prokka_out/CA140404:NODE_8_length_99418_cov_97.298305_94 (length 171)
prokka_out/CA140404:NODE_8_length_99418_cov_97.298305_95 (length 413)
prokka_out/CA140404:NODE_9_length_92411_cov_98.615261 (length 92411)
prokka_out/CA140404:NODE_9_length_92411_cov_98.615261_1 (length 237)
prokka_out/CA140404:NODE_9_length_92411_cov_98.615261_2 (length 1050)
prokka_out/CA140404:NODE_9_length_92411_cov_98.615261_3 (length 331)
prokka_out/CA140404:NODE_9_length_92411_cov_98.615261_4 (length 75)
prokka_out/CA140404:NODE_9_length_92411_cov_98.615261_5 (length 118)
prokka_out/CA140404:NODE_9_length_92411_cov_98.615261_6 (length 512)
prokka_out/CA140404:NODE_9_length_92411_cov_98.615261_7 (length 252)
prokka_out/CA140404:NODE_9_length_92411_cov_98.615261_8 (length 378)
prokka_out/CA140404:NODE_9_length_92411_cov_98.615261_9 (length 87)
prokka_out/CA140404:NODE_9_length_92411_cov_98.615261_10 (length 157)
prokka_out/CA140404:NODE_9_length_92411_cov_98.615261_11 (length 58)
prokka_out/CA140404:NODE_9_length_92411_cov_98.615261_12 (length 436)
prokka_out/CA140404:NODE_9_length_92411_cov_98.615261_13 (length 158)
prokka_out/CA140404:NODE_9_length_92411_cov_98.615261_14 (length 285)
prokka_out/CA140404:NODE_9_length_92411_cov_98.615261_15 (length 108)
prokka_out/CA140404:NODE_9_length_92411_cov_98.615261_16 (length 117)
prokka_out/CA140404:NODE_9_length_92411_cov_98.615261_17 (length 63)
prokka_out/CA140404:NODE_9_length_92411_cov_98.615261_18 (length 388)
prokka_out/CA140404:NODE_9_length_92411_cov_98.615261_19 (length 133)
prokka_out/CA140404:NODE_9_length_92411_cov_98.615261_20 (length 393)
prokka_out/CA140404:NODE_9_length_92411_cov_98.615261_21 (length 323)
prokka_out/CA140404:NODE_9_length_92411_cov_98.615261_22 (length 627)
prokka_out/CA140404:NODE_9_length_92411_cov_98.615261_23 (length 211)
prokka_out/CA140404:NODE_9_length_92411_cov_98.615261_24 (length 231)
prokka_out/CA140404:NODE_9_length_92411_cov_98.615261_25 (length 123)
prokka_out/CA140404:NODE_9_length_92411_cov_98.615261_26 (length 185)
prokka_out/CA140404:NODE_9_length_92411_cov_98.615261_27 (length 202)
prokka_out/CA140404:NODE_9_length_92411_cov_98.615261_28 (length 140)
prokka_out/CA140404:NODE_9_length_92411_cov_98.615261_29 (length 340)
prokka_out/CA140404:NODE_9_length_92411_cov_98.615261_30 (length 456)
prokka_out/CA140404:NODE_9_length_92411_cov_98.615261_31 (length 182)
prokka_out/CA140404:NODE_9_length_92411_cov_98.615261_32 (length 209)
prokka_out/CA140404:NODE_9_length_92411_cov_98.615261_33 (length 393)
prokka_out/CA140404:NODE_9_length_92411_cov_98.615261_34 (length 279)
prokka_out/CA140404:NODE_9_length_92411_cov_98.615261_35 (length 148)
prokka_out/CA140404:NODE_9_length_92411_cov_98.615261_36 (length 342)
prokka_out/CA140404:NODE_9_length_92411_cov_98.615261_37 (length 43)
prokka_out/CA140404:NODE_9_length_92411_cov_98.615261_38 (length 60)
prokka_out/CA140404:NODE_9_length_92411_cov_98.615261_39 (length 99)
prokka_out/CA140404:NODE_9_length_92411_cov_98.615261_40 (length 89)
prokka_out/CA140404:NODE_9_length_92411_cov_98.615261_41 (length 61)
prokka_out/CA140404:NODE_9_length_92411_cov_98.615261_42 (length 76)
prokka_out/CA140404:NODE_9_length_92411_cov_98.615261_43 (length 106)
prokka_out/CA140404:NODE_9_length_92411_cov_98.615261_44 (length 363)
prokka_out/CA140404:NODE_9_length_92411_cov_98.615261_45 (length 172)
prokka_out/CA140404:NODE_9_length_92411_cov_98.615261_46 (length 602)
prokka_out/CA140404:NODE_9_length_92411_cov_98.615261_47 (length 267)
prokka_out/CA140404:NODE_9_length_92411_cov_98.615261_48 (length 664)
prokka_out/CA140404:NODE_9_length_92411_cov_98.615261_49 (length 448)
prokka_out/CA140404:NODE_9_length_92411_cov_98.615261_50 (length 107)
prokka_out/CA140404:NODE_9_length_92411_cov_98.615261_51 (length 169)
prokka_out/CA140404:NODE_9_length_92411_cov_98.615261_52 (length 115)
prokka_out/CA140404:NODE_9_length_92411_cov_98.615261_53 (length 375)
prokka_out/CA140404:NODE_9_length_92411_cov_98.615261_54 (length 393)
prokka_out/CA140404:NODE_9_length_92411_cov_98.615261_55 (length 242)
prokka_out/CA140404:NODE_9_length_92411_cov_98.615261_56 (length 445)
prokka_out/CA140404:NODE_9_length_92411_cov_98.615261_57 (length 461)
prokka_out/CA140404:NODE_9_length_92411_cov_98.615261_58 (length 190)
prokka_out/CA140404:NODE_9_length_92411_cov_98.615261_59 (length 444)
prokka_out/CA140404:NODE_9_length_92411_cov_98.615261_60 (length 194)
prokka_out/CA140404:NODE_9_length_92411_cov_98.615261_61 (length 175)
prokka_out/CA140404:NODE_9_length_92411_cov_98.615261_62 (length 501)
prokka_out/CA140404:NODE_9_length_92411_cov_98.615261_63 (length 232)
prokka_out/CA140404:NODE_9_length_92411_cov_98.615261_64 (length 456)
prokka_out/CA140404:NODE_9_length_92411_cov_98.615261_65 (length 188)
prokka_out/CA140404:NODE_9_length_92411_cov_98.615261_66 (length 239)
prokka_out/CA140404:NODE_9_length_92411_cov_98.615261_67 (length 69)
prokka_out/CA140404:NODE_9_length_92411_cov_98.615261_68 (length 394)
prokka_out/CA140404:NODE_9_length_92411_cov_98.615261_69 (length 452)
prokka_out/CA140404:NODE_9_length_92411_cov_98.615261_70 (length 399)
prokka_out/CA140404:NODE_9_length_92411_cov_98.615261_71 (length 248)
prokka_out/CA140404:NODE_9_length_92411_cov_98.615261_72 (length 136)
prokka_out/CA140404:NODE_9_length_92411_cov_98.615261_73 (length 249)
prokka_out/CA140404:NODE_9_length_92411_cov_98.615261_74 (length 755)
prokka_out/CA140404:NODE_9_length_92411_cov_98.615261_75 (length 283)
prokka_out/CA140404:NODE_9_length_92411_cov_98.615261_76 (length 41)
prokka_out/CA140404:NODE_9_length_92411_cov_98.615261_77 (length 334)
prokka_out/CA140404:NODE_9_length_92411_cov_98.615261_78 (length 538)
prokka_out/CA140404:NODE_9_length_92411_cov_98.615261_79 (length 301)
prokka_out/CA140404:NODE_9_length_92411_cov_98.615261_80 (length 401)
prokka_out/CA140404:NODE_9_length_92411_cov_98.615261_81 (length 120)
prokka_out/CA140404:NODE_9_length_92411_cov_98.615261_82 (length 67)
prokka_out/CA140404:NODE_9_length_92411_cov_98.615261_83 (length 220)
prokka_out/CA140404:NODE_9_length_92411_cov_98.615261_84 (length 60)
prokka_out/CA140404:NODE_9_length_92411_cov_98.615261_85 (length 187)
prokka_out/CA140404:NODE_9_length_92411_cov_98.615261_86 (length 289)
prokka_out/CA140404:NODE_9_length_92411_cov_98.615261_87 (length 294)
prokka_out/CA140404:NODE_9_length_92411_cov_98.615261_88 (length 165)
prokka_out/CA140404:NODE_9_length_92411_cov_98.615261_89 (length 171)
prokka_out/CA140404:NODE_9_length_92411_cov_98.615261_90 (length 320)
prokka_out/CA140404:NODE_9_length_92411_cov_98.615261_91 (length 247)
prokka_out/CA140404:NODE_9_length_92411_cov_98.615261_92 (length 193)
prokka_out/CA140404:NODE_9_length_92411_cov_98.615261_93 (length 141)
prokka_out/CA140404:NODE_9_length_92411_cov_98.615261_94 (length 135)
prokka_out/CA140404:NODE_9_length_92411_cov_98.615261_95 (length 218)
prokka_out/CA140404:NODE_9_length_92411_cov_98.615261_96 (length 66)
prokka_out/CA140404:NODE_9_length_92411_cov_98.615261_97 (length 278)
prokka_out/CA140404:NODE_9_length_92411_cov_98.615261_98 (length 227)
prokka_out/CA140404:NODE_9_length_92411_cov_98.615261_99 (length 312)
prokka_out/CA140404:NODE_9_length_92411_cov_98.615261_100 (length 268)
prokka_out/CA140404:NODE_9_length_92411_cov_98.615261_101 (length 400)
prokka_out/CA140404:NODE_9_length_92411_cov_98.615261_102 (length 415)
prokka_out/CA140404:NODE_9_length_92411_cov_98.615261_103 (length 112)
prokka_out/CA140404:NODE_9_length_92411_cov_98.615261_104 (length 104)
prokka_out/CA140404:NODE_9_length_92411_cov_98.615261_105 (length 312)
prokka_out/CA140404:NODE_9_length_92411_cov_98.615261_106 (length 593)
prokka_out/CA140404:NODE_10_length_81285_cov_84.844242 (length 81285)
prokka_out/CA140404:NODE_10_length_81285_cov_84.844242_1 (length 647)
prokka_out/CA140404:NODE_10_length_81285_cov_84.844242_2 (length 1164)
prokka_out/CA140404:NODE_10_length_81285_cov_84.844242_3 (length 428)
prokka_out/CA140404:NODE_10_length_81285_cov_84.844242_4 (length 428)
prokka_out/CA140404:NODE_10_length_81285_cov_84.844242_5 (length 267)
prokka_out/CA140404:NODE_10_length_81285_cov_84.844242_6 (length 533)
prokka_out/CA140404:NODE_10_length_81285_cov_84.844242_7 (length 134)
prokka_out/CA140404:NODE_10_length_81285_cov_84.844242_8 (length 96)
prokka_out/CA140404:NODE_10_length_81285_cov_84.844242_9 (length 52)
prokka_out/CA140404:NODE_10_length_81285_cov_84.844242_10 (length 56)
prokka_out/CA140404:NODE_10_length_81285_cov_84.844242_11 (length 75)
prokka_out/CA140404:NODE_10_length_81285_cov_84.844242_12 (length 49)
prokka_out/CA140404:NODE_10_length_81285_cov_84.844242_13 (length 72)
prokka_out/CA140404:NODE_10_length_81285_cov_84.844242_14 (length 43)
prokka_out/CA140404:NODE_10_length_81285_cov_84.844242_15 (length 47)
prokka_out/CA140404:NODE_10_length_81285_cov_84.844242_16 (length 38)
prokka_out/CA140404:NODE_10_length_81285_cov_84.844242_17 (length 64)
prokka_out/CA140404:NODE_10_length_81285_cov_84.844242_18 (length 76)
prokka_out/CA140404:NODE_10_length_81285_cov_84.844242_19 (length 86)
prokka_out/CA140404:NODE_10_length_81285_cov_84.844242_20 (length 199)
prokka_out/CA140404:NODE_10_length_81285_cov_84.844242_21 (length 116)
prokka_out/CA140404:NODE_10_length_81285_cov_84.844242_22 (length 35)
prokka_out/CA140404:NODE_10_length_81285_cov_84.844242_23 (length 255)
prokka_out/CA140404:NODE_10_length_81285_cov_84.844242_24 (length 373)
prokka_out/CA140404:NODE_10_length_81285_cov_84.844242_25 (length 466)
prokka_out/CA140404:NODE_10_length_81285_cov_84.844242_26 (length 351)
prokka_out/CA140404:NODE_10_length_81285_cov_84.844242_27 (length 523)
prokka_out/CA140404:NODE_10_length_81285_cov_84.844242_28 (length 416)
prokka_out/CA140404:NODE_10_length_81285_cov_84.844242_29 (length 538)
prokka_out/CA140404:NODE_10_length_81285_cov_84.844242_30 (length 138)
prokka_out/CA140404:NODE_10_length_81285_cov_84.844242_31 (length 172)
prokka_out/CA140404:NODE_10_length_81285_cov_84.844242_32 (length 170)
prokka_out/CA140404:NODE_10_length_81285_cov_84.844242_33 (length 622)
prokka_out/CA140404:NODE_10_length_81285_cov_84.844242_34 (length 293)
prokka_out/CA140404:NODE_10_length_81285_cov_84.844242_35 (length 365)
prokka_out/CA140404:NODE_10_length_81285_cov_84.844242_36 (length 190)
prokka_out/CA140404:NODE_10_length_81285_cov_84.844242_37 (length 188)
prokka_out/CA140404:NODE_10_length_81285_cov_84.844242_38 (length 186)
prokka_out/CA140404:NODE_10_length_81285_cov_84.844242_39 (length 327)
prokka_out/CA140404:NODE_10_length_81285_cov_84.844242_40 (length 306)
prokka_out/CA140404:NODE_10_length_81285_cov_84.844242_41 (length 163)
prokka_out/CA140404:NODE_10_length_81285_cov_84.844242_42 (length 451)
prokka_out/CA140404:NODE_10_length_81285_cov_84.844242_43 (length 421)
prokka_out/CA140404:NODE_10_length_81285_cov_84.844242_44 (length 252)
prokka_out/CA140404:NODE_10_length_81285_cov_84.844242_45 (length 68)
prokka_out/CA140404:NODE_10_length_81285_cov_84.844242_46 (length 204)
prokka_out/CA140404:NODE_10_length_81285_cov_84.844242_47 (length 383)
prokka_out/CA140404:NODE_10_length_81285_cov_84.844242_48 (length 246)
prokka_out/CA140404:NODE_10_length_81285_cov_84.844242_49 (length 372)
prokka_out/CA140404:NODE_10_length_81285_cov_84.844242_50 (length 279)
prokka_out/CA140404:NODE_10_length_81285_cov_84.844242_51 (length 415)
prokka_out/CA140404:NODE_10_length_81285_cov_84.844242_52 (length 422)
prokka_out/CA140404:NODE_10_length_81285_cov_84.844242_53 (length 175)
prokka_out/CA140404:NODE_10_length_81285_cov_84.844242_54 (length 57)
prokka_out/CA140404:NODE_10_length_81285_cov_84.844242_55 (length 192)
prokka_out/CA140404:NODE_10_length_81285_cov_84.844242_56 (length 291)
prokka_out/CA140404:NODE_10_length_81285_cov_84.844242_57 (length 574)
prokka_out/CA140404:NODE_10_length_81285_cov_84.844242_58 (length 107)
prokka_out/CA140404:NODE_10_length_81285_cov_84.844242_59 (length 130)
prokka_out/CA140404:NODE_10_length_81285_cov_84.844242_60 (length 100)
prokka_out/CA140404:NODE_10_length_81285_cov_84.844242_61 (length 80)
prokka_out/CA140404:NODE_10_length_81285_cov_84.844242_62 (length 663)
prokka_out/CA140404:NODE_10_length_81285_cov_84.844242_63 (length 124)
prokka_out/CA140404:NODE_10_length_81285_cov_84.844242_64 (length 396)
prokka_out/CA140404:NODE_10_length_81285_cov_84.844242_65 (length 202)
prokka_out/CA140404:NODE_10_length_81285_cov_84.844242_66 (length 159)
prokka_out/CA140404:NODE_10_length_81285_cov_84.844242_67 (length 44)
prokka_out/CA140404:NODE_10_length_81285_cov_84.844242_68 (length 108)
prokka_out/CA140404:NODE_10_length_81285_cov_84.844242_69 (length 123)
prokka_out/CA140404:NODE_10_length_81285_cov_84.844242_70 (length 530)
prokka_out/CA140404:NODE_10_length_81285_cov_84.844242_71 (length 272)
prokka_out/CA140404:NODE_10_length_81285_cov_84.844242_72 (length 442)
prokka_out/CA140404:NODE_10_length_81285_cov_84.844242_73 (length 728)
prokka_out/CA140404:NODE_10_length_81285_cov_84.844242_74 (length 256)
prokka_out/CA140404:NODE_10_length_81285_cov_84.844242_75 (length 510)
prokka_out/CA140404:NODE_10_length_81285_cov_84.844242_76 (length 154)
prokka_out/CA140404:NODE_10_length_81285_cov_84.844242_77 (length 177)
prokka_out/CA140404:NODE_10_length_81285_cov_84.844242_78 (length 39)
prokka_out/CA140404:NODE_10_length_81285_cov_84.844242_79 (length 144)
prokka_out/CA140404:NODE_10_length_81285_cov_84.844242_80 (length 325)
prokka_out/CA140404:NODE_10_length_81285_cov_84.844242_81 (length 295)
prokka_out/CA140404:NODE_10_length_81285_cov_84.844242_82 (length 290)
prokka_out/CA140404:NODE_10_length_81285_cov_84.844242_83 (length 448)
prokka_out/CA140404:NODE_10_length_81285_cov_84.844242_84 (length 447)
prokka_out/CA140404:NODE_10_length_81285_cov_84.844242_85 (length 244)
prokka_out/CA140404:NODE_10_length_81285_cov_84.844242_86 (length 169)
prokka_out/CA140404:NODE_10_length_81285_cov_84.844242_87 (length 862)
prokka_out/CA140404:NODE_10_length_81285_cov_84.844242_88 (length 401)
prokka_out/CA140404:NODE_10_length_81285_cov_84.844242_89 (length 261)
prokka_out/CA140404:NODE_11_length_38396_cov_127.096266 (length 38396)
prokka_out/CA140404:NODE_11_length_38396_cov_127.096266_1 (length 332)
prokka_out/CA140404:NODE_11_length_38396_cov_127.096266_2 (length 55)
prokka_out/CA140404:NODE_11_length_38396_cov_127.096266_3 (length 220)
prokka_out/CA140404:NODE_11_length_38396_cov_127.096266_4 (length 295)
prokka_out/CA140404:NODE_11_length_38396_cov_127.096266_5 (length 391)
prokka_out/CA140404:NODE_11_length_38396_cov_127.096266_6 (length 330)
prokka_out/CA140404:NODE_11_length_38396_cov_127.096266_7 (length 603)
prokka_out/CA140404:NODE_11_length_38396_cov_127.096266_8 (length 141)
prokka_out/CA140404:NODE_11_length_38396_cov_127.096266_9 (length 254)
prokka_out/CA140404:NODE_11_length_38396_cov_127.096266_> (length 265)
prokka_out/CA140404:NODE_11_length_38396_cov_127.096266_> (length 206)
prokka_out/CA140404:NODE_11_length_38396_cov_127.096266_> (length 730)
prokka_out/CA140404:NODE_11_length_38396_cov_127.096266_> (length 57)
prokka_out/CA140404:NODE_11_length_38396_cov_127.096266_> (length 157)
prokka_out/CA140404:NODE_11_length_38396_cov_127.096266_> (length 111)
prokka_out/CA140404:NODE_11_length_38396_cov_127.096266_> (length 131)
prokka_out/CA140404:NODE_11_length_38396_cov_127.096266_> (length 83)
prokka_out/CA140404:NODE_11_length_38396_cov_127.096266_> (length 88)
prokka_out/CA140404:NODE_11_length_38396_cov_127.096266_> (length 186)
prokka_out/CA140404:NODE_11_length_38396_cov_127.096266_> (length 88)
prokka_out/CA140404:NODE_11_length_38396_cov_127.096266_> (length 1932)
prokka_out/CA140404:NODE_11_length_38396_cov_127.096266_> (length 242)
prokka_out/CA140404:NODE_11_length_38396_cov_127.096266_> (length 234)
prokka_out/CA140404:NODE_11_length_38396_cov_127.096266_> (length 462)
prokka_out/CA140404:NODE_11_length_38396_cov_127.096266_> (length 183)
prokka_out/CA140404:NODE_11_length_38396_cov_127.096266_> (length 93)
prokka_out/CA140404:NODE_11_length_38396_cov_127.096266_> (length 203)
prokka_out/CA140404:NODE_11_length_38396_cov_127.096266_> (length 219)
prokka_out/CA140404:NODE_11_length_38396_cov_127.096266_> (length 408)
prokka_out/CA140404:NODE_11_length_38396_cov_127.096266_> (length 87)
prokka_out/CA140404:NODE_11_length_38396_cov_127.096266_> (length 32)
prokka_out/CA140404:NODE_11_length_38396_cov_127.096266_> (length 85)
prokka_out/CA140404:NODE_11_length_38396_cov_127.096266_> (length 72)
prokka_out/CA140404:NODE_11_length_38396_cov_127.096266_> (length 67)
prokka_out/CA140404:NODE_11_length_38396_cov_127.096266_> (length 597)
prokka_out/CA140404:NODE_11_length_38396_cov_127.096266_> (length 204)
prokka_out/CA140404:NODE_11_length_38396_cov_127.096266_> (length 125)
prokka_out/CA140404:NODE_11_length_38396_cov_127.096266_> (length 107)
prokka_out/CA140404:NODE_11_length_38396_cov_127.096266_> (length 87)
prokka_out/CA140404:NODE_11_length_38396_cov_127.096266_> (length 922)
prokka_out/CA140404:NODE_11_length_38396_cov_127.096266_> (length 185)
prokka_out/CA140404:NODE_11_length_38396_cov_127.096266_> (length 188)
prokka_out/CA140404:NODE_11_length_38396_cov_127.096266_> (length 141)
prokka_out/CA140404:NODE_11_length_38396_cov_127.096266_> (length 91)
prokka_out/CA140404:NODE_11_length_38396_cov_127.096266_> (length 323)
prokka_out/CA140404:NODE_12_length_26936_cov_85.715879 (length 26936)
prokka_out/CA140404:NODE_12_length_26936_cov_85.715879_1 (length 302)
prokka_out/CA140404:NODE_12_length_26936_cov_85.715879_2 (length 573)
prokka_out/CA140404:NODE_12_length_26936_cov_85.715879_3 (length 130)
prokka_out/CA140404:NODE_12_length_26936_cov_85.715879_4 (length 484)
prokka_out/CA140404:NODE_12_length_26936_cov_85.715879_5 (length 161)
prokka_out/CA140404:NODE_12_length_26936_cov_85.715879_6 (length 415)
prokka_out/CA140404:NODE_12_length_26936_cov_85.715879_7 (length 148)
prokka_out/CA140404:NODE_12_length_26936_cov_85.715879_8 (length 465)
prokka_out/CA140404:NODE_12_length_26936_cov_85.715879_9 (length 257)
prokka_out/CA140404:NODE_12_length_26936_cov_85.715879_10 (length 171)
prokka_out/CA140404:NODE_12_length_26936_cov_85.715879_11 (length 1175)
prokka_out/CA140404:NODE_12_length_26936_cov_85.715879_12 (length 299)
prokka_out/CA140404:NODE_12_length_26936_cov_85.715879_13 (length 422)
prokka_out/CA140404:NODE_12_length_26936_cov_85.715879_14 (length 1310)
prokka_out/CA140404:NODE_12_length_26936_cov_85.715879_15 (length 119)
prokka_out/CA140404:NODE_12_length_26936_cov_85.715879_16 (length 195)
prokka_out/CA140404:NODE_12_length_26936_cov_85.715879_17 (length 119)
prokka_out/CA140404:NODE_12_length_26936_cov_85.715879_18 (length 507)
prokka_out/CA140404:NODE_12_length_26936_cov_85.715879_19 (length 105)
prokka_out/CA140404:NODE_12_length_26936_cov_85.715879_20 (length 503)
prokka_out/CA140404:NODE_12_length_26936_cov_85.715879_21 (length 169)
prokka_out/CA140404:NODE_12_length_26936_cov_85.715879_22 (length 167)
prokka_out/CA140404:NODE_13_length_9153_cov_89.010193 (length 9153)
prokka_out/CA140404:NODE_13_length_9153_cov_89.010193_1 (length 342)
prokka_out/CA140404:NODE_13_length_9153_cov_89.010193_2 (length 317)
prokka_out/CA140404:NODE_13_length_9153_cov_89.010193_3 (length 541)
prokka_out/CA140404:NODE_13_length_9153_cov_89.010193_4 (length 314)
prokka_out/CA140404:NODE_13_length_9153_cov_89.010193_5 (length 561)
prokka_out/CA140404:NODE_13_length_9153_cov_89.010193_6 (length 313)
prokka_out/CA140404:NODE_13_length_9153_cov_89.010193_7 (length 154)
prokka_out/CA140404:NODE_13_length_9153_cov_89.010193_8 (length 416)
prokka_out/CA140404:NODE_14_length_3703_cov_92.142897 (length 3703)
prokka_out/CA140404:NODE_14_length_3703_cov_92.142897_1 (length 580)
prokka_out/CA140404:NODE_15_length_3579_cov_103.025203 (length 3579)
prokka_out/CA140404:NODE_15_length_3579_cov_103.025203_1 (length 111)
prokka_out/CA140404:NODE_15_length_3579_cov_103.025203_2 (length 635)
prokka_out/CA140404:NODE_15_length_3579_cov_103.025203_3 (length 422)
prokka_out/CA140404:NODE_16_length_2335_cov_94.225091 (length 2335)
prokka_out/CA140404:NODE_16_length_2335_cov_94.225091_1 (length 148)
prokka_out/CA140404:NODE_16_length_2335_cov_94.225091_2 (length 188)
prokka_out/CA140404:NODE_16_length_2335_cov_94.225091_3 (length 116)
prokka_out/CA140404:NODE_16_length_2335_cov_94.225091_4 (length 210)
prokka_out/CA140404:NODE_17_length_1993_cov_150.367095 (length 1993)
prokka_out/CA140404:NODE_17_length_1993_cov_150.367095_1 (length 369)
prokka_out/CA140404:NODE_18_length_1768_cov_88.912249 (length 1768)
prokka_out/CA140404:NODE_18_length_1768_cov_88.912249_1 (length 125)
prokka_out/CA140404:NODE_18_length_1768_cov_88.912249_2 (length 188)
prokka_out/CA140404:NODE_18_length_1768_cov_88.912249_3 (length 152)
prokka_out/CA140404:NODE_19_length_1704_cov_172.185162 (length 1704)
prokka_out/CA140404:NODE_20_length_1565_cov_84.517385 (length 1565)
prokka_out/CA140404:NODE_20_length_1565_cov_84.517385_1 (length 185)
prokka_out/CA140404:NODE_20_length_1565_cov_84.517385_2 (length 128)
prokka_out/CA140404:NODE_20_length_1565_cov_84.517385_3 (length 145)
prokka_out/CA140404:NODE_22_length_1398_cov_82.155783 (length 1398)
prokka_out/CA140404:NODE_22_length_1398_cov_82.155783_1 (length 190)
prokka_out/CA140404:NODE_22_length_1398_cov_82.155783_2 (length 184)
prokka_out/CA140404:NODE_23_length_1373_cov_125.191011 (length 1373)
prokka_out/CA140404:NODE_24_length_1182_cov_73.881517 (length 1182)
prokka_out/CA140404:NODE_24_length_1182_cov_73.881517_1 (length 137)
prokka_out/CA140404:NODE_24_length_1182_cov_73.881517_2 (length 149)
prokka_out/CA140404:NODE_25_length_917_cov_316.436709 (length 917)
prokka_out/CA140404:NODE_25_length_917_cov_316.436709_1 (length 236)
prokka_out/CA140404:NODE_27_length_745_cov_100.017799 (length 745)
prokka_out/CA140404:NODE_27_length_745_cov_100.017799_1 (length 85)
prokka_out/CA140404:NODE_29_length_686_cov_3.037567 (length 686)
prokka_out/CA140404:NODE_31_length_613_cov_89.154321 (length 613)
prokka_out/CA140404:NODE_33_length_568_cov_92.403628 (length 568)
prokka_out/CA140404:NODE_37_length_523_cov_188.065657 (length 523)
prokka_out/CA140404:NODE_40_length_507_cov_111.300000 (length 507)
prokka_out/CA140404:NODE_53_length_451_cov_187.456790 (length 451)
prokka_out/CA140404:NODE_70_length_425_cov_99.996644 (length 425)
prokka_out/CA140404:NODE_71_length_425_cov_86.721477 (length 425)
prokka_out/CA140404:NODE_71_length_425_cov_86.721477_1 (length 90)
prokka_out/CA140404:NODE_72_length_424_cov_121.781145 (length 424)
prokka_out/CA140404:NODE_73_length_423_cov_350.250000 (length 423)
prokka_out/CA140404:NODE_73_length_423_cov_350.250000_1 (length 101)
prokka_out/CA140404:NODE_74_length_333_cov_192.839806 (length 333)
prokka_out/CA140404:NODE_75_length_315_cov_296.968085 (length 315)
prokka_out/CA140404:NODE_76_length_315_cov_116.218085 (length 315)
prokka_out/CA140404:NODE_77_length_295_cov_93.797619 (length 295)
prokka_out/CA140404:NODE_78_length_286_cov_223.301887 (length 286)
prokka_out/CA140404:NODE_79_length_264_cov_473.934307 (length 264)
prokka_out/CA140404:NODE_80_length_261_cov_139.552239 (length 261)
prokka_out/CA140404:NODE_81_length_255_cov_81.781250 (length 255)
prokka_out/CA140404:NODE_82_length_255_cov_39.351562 (length 255)
prokka_out/CA140404:NODE_83_length_254_cov_105.362205 (length 254)
prokka_out/CA140404:NODE_84_length_247_cov_94.166667 (length 247)
prokka_out/CA140404:NODE_85_length_243_cov_190.232759 (length 243)
prokka_out/CA140404:NODE_86_length_234_cov_172.738318 (length 234)

DiscRep_ALL:DISC_INCONSISTENT_MOLINFO_TECH::Molinfo Technique Report (some missing, all same)
DiscRep_SUB:DISC_INCONSISTENT_MOLINFO_TECH::technique (all missing)
DiscRep_SUB:DISC_INCONSISTENT_MOLINFO_TECH::48 Molinfos are missing field technique
prokka_out/CA140404:NODE_1_length_332588_cov_91.785139 (length 332588)
prokka_out/CA140404:NODE_2_length_288677_cov_98.038000 (length 288677)
prokka_out/CA140404:NODE_3_length_228260_cov_106.499226 (length 228260)
prokka_out/CA140404:NODE_4_length_183592_cov_86.819104 (length 183592)
prokka_out/CA140404:NODE_5_length_158475_cov_95.623942 (length 158475)
prokka_out/CA140404:NODE_6_length_118826_cov_99.235318 (length 118826)
prokka_out/CA140404:NODE_7_length_101867_cov_100.273806 (length 101867)
prokka_out/CA140404:NODE_8_length_99418_cov_97.298305 (length 99418)
prokka_out/CA140404:NODE_9_length_92411_cov_98.615261 (length 92411)
prokka_out/CA140404:NODE_10_length_81285_cov_84.844242 (length 81285)
prokka_out/CA140404:NODE_11_length_38396_cov_127.096266 (length 38396)
prokka_out/CA140404:NODE_12_length_26936_cov_85.715879 (length 26936)
prokka_out/CA140404:NODE_13_length_9153_cov_89.010193 (length 9153)
prokka_out/CA140404:NODE_14_length_3703_cov_92.142897 (length 3703)
prokka_out/CA140404:NODE_15_length_3579_cov_103.025203 (length 3579)
prokka_out/CA140404:NODE_16_length_2335_cov_94.225091 (length 2335)
prokka_out/CA140404:NODE_17_length_1993_cov_150.367095 (length 1993)
prokka_out/CA140404:NODE_18_length_1768_cov_88.912249 (length 1768)
prokka_out/CA140404:NODE_19_length_1704_cov_172.185162 (length 1704)
prokka_out/CA140404:NODE_20_length_1565_cov_84.517385 (length 1565)
prokka_out/CA140404:NODE_22_length_1398_cov_82.155783 (length 1398)
prokka_out/CA140404:NODE_23_length_1373_cov_125.191011 (length 1373)
prokka_out/CA140404:NODE_24_length_1182_cov_73.881517 (length 1182)
prokka_out/CA140404:NODE_25_length_917_cov_316.436709 (length 917)
prokka_out/CA140404:NODE_27_length_745_cov_100.017799 (length 745)
prokka_out/CA140404:NODE_29_length_686_cov_3.037567 (length 686)
prokka_out/CA140404:NODE_31_length_613_cov_89.154321 (length 613)
prokka_out/CA140404:NODE_33_length_568_cov_92.403628 (length 568)
prokka_out/CA140404:NODE_37_length_523_cov_188.065657 (length 523)
prokka_out/CA140404:NODE_40_length_507_cov_111.300000 (length 507)
prokka_out/CA140404:NODE_53_length_451_cov_187.456790 (length 451)
prokka_out/CA140404:NODE_70_length_425_cov_99.996644 (length 425)
prokka_out/CA140404:NODE_71_length_425_cov_86.721477 (length 425)
prokka_out/CA140404:NODE_72_length_424_cov_121.781145 (length 424)
prokka_out/CA140404:NODE_73_length_423_cov_350.250000 (length 423)
prokka_out/CA140404:NODE_74_length_333_cov_192.839806 (length 333)
prokka_out/CA140404:NODE_75_length_315_cov_296.968085 (length 315)
prokka_out/CA140404:NODE_76_length_315_cov_116.218085 (length 315)
prokka_out/CA140404:NODE_77_length_295_cov_93.797619 (length 295)
prokka_out/CA140404:NODE_78_length_286_cov_223.301887 (length 286)
prokka_out/CA140404:NODE_79_length_264_cov_473.934307 (length 264)
prokka_out/CA140404:NODE_80_length_261_cov_139.552239 (length 261)
prokka_out/CA140404:NODE_81_length_255_cov_81.781250 (length 255)
prokka_out/CA140404:NODE_82_length_255_cov_39.351562 (length 255)
prokka_out/CA140404:NODE_83_length_254_cov_105.362205 (length 254)
prokka_out/CA140404:NODE_84_length_247_cov_94.166667 (length 247)
prokka_out/CA140404:NODE_85_length_243_cov_190.232759 (length 243)
prokka_out/CA140404:NODE_86_length_234_cov_172.738318 (length 234)

DiscRep_ALL:SEQ_ID_PHRASES::Sequence Ids contain unacceptable phrases (cov_, length, node, paired, or trimmed)

