Discrepancy Report Results

Summary
FATAL: MISSING_PROTEIN_ID:1686 proteins have invalid IDs.
DISC_SOURCE_QUALS_ASNDISC:strain (all present, all same)
DISC_SOURCE_QUALS_ASNDISC:taxname (all present, all same)
DISC_FEATURE_COUNT:CDS: 1686 present
DISC_FEATURE_COUNT:tRNA: 42 present
DISC_FEATURE_COUNT:rRNA: 2 present
DISC_FEATURE_COUNT:misc_feature: 1 present
DISC_FEATURE_COUNT:tmRNA: 1 present
DISC_COUNT_NUCLEOTIDES:19 nucleotide Bioseqs are present
FEATURE_LOCATION_CONFLICT:1731 features have inconsistent gene locations.
OVERLAPPING_CDS:12 coding regions overlap another coding region with a similar or identical name.
SUSPECT_PRODUCT_NAMES:6 product_names contain suspect phrase or characters
	Suspicious phrase; should this be nonfunctional?
		1 features contains 'truncat'
	May contain database identifier more appropriate in note; remove from product name
		2 features contains three or more numbers together that may be identifiers more appropriate in note
		1 features Contains underscore
	Use short product name instead of descriptive phrase
		2 features Is longer than 100 characters. Remove descriptive phrases or synonyms from product names. Keep valid long product names, eg long enzyme names
FATAL: EC_NUMBER_ON_UNKNOWN_PROTEIN:1 protein features have an EC number and a protein name of 'unknown protein' or 'hypothetical protein'
NO_ANNOTATION:5 bioseqs have no features
DISC_QUALITY_SCORES:Quality scores are missing on all sequences.
ONCALLER_COMMENT_PRESENT:19 comment descriptors were found (all same)
SHORT_PROT_SEQUENCES:14 protein sequences are shorter than 50 aa.
MISSING_GENOMEASSEMBLY_COMMENTS:19 bioseqs are missing GenomeAssembly structured comments
MOLTYPE_NOT_MRNA:19 molecule types are not set as mRNA.
TECHNIQUE_NOT_TSA:19 technique are not set as TSA
MISSING_STRUCTURED_COMMENT:19 sequences do not include structured comments.
MISSING_PROJECT:1705 sequences do not include project.
DISC_INCONSISTENT_MOLINFO_TECH:Molinfo Technique Report (some missing, all same)
SEQ_ID_PHRASES:Sequence Ids contain unacceptable phrases (cov_, length, node, paired, or trimmed)


Detailed Report

FATAL: DiscRep_ALL:MISSING_PROTEIN_ID::1686 proteins have invalid IDs.
prokka_out/CA139575:NODE_1_length_558205_cov_102.860439_1 (length 94)
prokka_out/CA139575:NODE_1_length_558205_cov_102.860439_2 (length 127)
prokka_out/CA139575:NODE_1_length_558205_cov_102.860439_3 (length 232)
prokka_out/CA139575:NODE_1_length_558205_cov_102.860439_4 (length 696)
prokka_out/CA139575:NODE_1_length_558205_cov_102.860439_5 (length 263)
prokka_out/CA139575:NODE_1_length_558205_cov_102.860439_6 (length 176)
prokka_out/CA139575:NODE_1_length_558205_cov_102.860439_7 (length 623)
prokka_out/CA139575:NODE_1_length_558205_cov_102.860439_8 (length 95)
prokka_out/CA139575:NODE_1_length_558205_cov_102.860439_9 (length 76)
prokka_out/CA139575:NODE_1_length_558205_cov_102.860439_> (length 340)
prokka_out/CA139575:NODE_1_length_558205_cov_102.860439_> (length 113)
prokka_out/CA139575:NODE_1_length_558205_cov_102.860439_> (length 389)
prokka_out/CA139575:NODE_1_length_558205_cov_102.860439_> (length 210)
prokka_out/CA139575:NODE_1_length_558205_cov_102.860439_> (length 611)
prokka_out/CA139575:NODE_1_length_558205_cov_102.860439_> (length 408)
prokka_out/CA139575:NODE_1_length_558205_cov_102.860439_> (length 192)
prokka_out/CA139575:NODE_1_length_558205_cov_102.860439_> (length 158)
prokka_out/CA139575:NODE_1_length_558205_cov_102.860439_> (length 187)
prokka_out/CA139575:NODE_1_length_558205_cov_102.860439_> (length 220)
prokka_out/CA139575:NODE_1_length_558205_cov_102.860439_> (length 258)
prokka_out/CA139575:NODE_1_length_558205_cov_102.860439_> (length 256)
prokka_out/CA139575:NODE_1_length_558205_cov_102.860439_> (length 257)
prokka_out/CA139575:NODE_1_length_558205_cov_102.860439_> (length 301)
prokka_out/CA139575:NODE_1_length_558205_cov_102.860439_> (length 336)
prokka_out/CA139575:NODE_1_length_558205_cov_102.860439_> (length 870)
prokka_out/CA139575:NODE_1_length_558205_cov_102.860439_> (length 309)
prokka_out/CA139575:NODE_1_length_558205_cov_102.860439_> (length 676)
prokka_out/CA139575:NODE_1_length_558205_cov_102.860439_> (length 86)
prokka_out/CA139575:NODE_1_length_558205_cov_102.860439_> (length 94)
prokka_out/CA139575:NODE_1_length_558205_cov_102.860439_> (length 175)
prokka_out/CA139575:NODE_1_length_558205_cov_102.860439_> (length 924)
prokka_out/CA139575:NODE_1_length_558205_cov_102.860439_> (length 246)
prokka_out/CA139575:NODE_1_length_558205_cov_102.860439_> (length 260)
prokka_out/CA139575:NODE_1_length_558205_cov_102.860439_> (length 173)
prokka_out/CA139575:NODE_1_length_558205_cov_102.860439_> (length 306)
prokka_out/CA139575:NODE_1_length_558205_cov_102.860439_> (length 111)
prokka_out/CA139575:NODE_1_length_558205_cov_102.860439_> (length 58)
prokka_out/CA139575:NODE_1_length_558205_cov_102.860439_> (length 226)
prokka_out/CA139575:NODE_1_length_558205_cov_102.860439_> (length 106)
prokka_out/CA139575:NODE_1_length_558205_cov_102.860439_> (length 193)
prokka_out/CA139575:NODE_1_length_558205_cov_102.860439_> (length 81)
prokka_out/CA139575:NODE_1_length_558205_cov_102.860439_> (length 165)
prokka_out/CA139575:NODE_1_length_558205_cov_102.860439_> (length 371)
prokka_out/CA139575:NODE_1_length_558205_cov_102.860439_> (length 274)
prokka_out/CA139575:NODE_1_length_558205_cov_102.860439_> (length 303)
prokka_out/CA139575:NODE_1_length_558205_cov_102.860439_> (length 1169)
prokka_out/CA139575:NODE_1_length_558205_cov_102.860439_> (length 475)
prokka_out/CA139575:NODE_1_length_558205_cov_102.860439_> (length 243)
prokka_out/CA139575:NODE_1_length_558205_cov_102.860439_> (length 71)
prokka_out/CA139575:NODE_1_length_558205_cov_102.860439_> (length 346)
prokka_out/CA139575:NODE_1_length_558205_cov_102.860439_> (length 183)
prokka_out/CA139575:NODE_1_length_558205_cov_102.860439_> (length 621)
prokka_out/CA139575:NODE_1_length_558205_cov_102.860439_> (length 483)
prokka_out/CA139575:NODE_1_length_558205_cov_102.860439_> (length 460)
prokka_out/CA139575:NODE_1_length_558205_cov_102.860439_> (length 577)
prokka_out/CA139575:NODE_1_length_558205_cov_102.860439_> (length 352)
prokka_out/CA139575:NODE_1_length_558205_cov_102.860439_> (length 413)
prokka_out/CA139575:NODE_1_length_558205_cov_102.860439_> (length 298)
prokka_out/CA139575:NODE_1_length_558205_cov_102.860439_> (length 259)
prokka_out/CA139575:NODE_1_length_558205_cov_102.860439_> (length 101)
prokka_out/CA139575:NODE_1_length_558205_cov_102.860439_> (length 198)
prokka_out/CA139575:NODE_1_length_558205_cov_102.860439_> (length 248)
prokka_out/CA139575:NODE_1_length_558205_cov_102.860439_> (length 310)
prokka_out/CA139575:NODE_1_length_558205_cov_102.860439_> (length 470)
prokka_out/CA139575:NODE_1_length_558205_cov_102.860439_> (length 239)
prokka_out/CA139575:NODE_1_length_558205_cov_102.860439_> (length 445)
prokka_out/CA139575:NODE_1_length_558205_cov_102.860439_> (length 441)
prokka_out/CA139575:NODE_1_length_558205_cov_102.860439_> (length 256)
prokka_out/CA139575:NODE_1_length_558205_cov_102.860439_> (length 86)
prokka_out/CA139575:NODE_1_length_558205_cov_102.860439_> (length 247)
prokka_out/CA139575:NODE_1_length_558205_cov_102.860439_> (length 429)
prokka_out/CA139575:NODE_1_length_558205_cov_102.860439_> (length 384)
prokka_out/CA139575:NODE_1_length_558205_cov_102.860439_> (length 205)
prokka_out/CA139575:NODE_1_length_558205_cov_102.860439_> (length 222)
prokka_out/CA139575:NODE_1_length_558205_cov_102.860439_> (length 259)
prokka_out/CA139575:NODE_1_length_558205_cov_102.860439_> (length 341)
prokka_out/CA139575:NODE_1_length_558205_cov_102.860439_> (length 240)
prokka_out/CA139575:NODE_1_length_558205_cov_102.860439_> (length 403)
prokka_out/CA139575:NODE_1_length_558205_cov_102.860439_> (length 152)
prokka_out/CA139575:NODE_1_length_558205_cov_102.860439_> (length 136)
prokka_out/CA139575:NODE_1_length_558205_cov_102.860439_> (length 362)
prokka_out/CA139575:NODE_1_length_558205_cov_102.860439_> (length 576)
prokka_out/CA139575:NODE_1_length_558205_cov_102.860439_> (length 249)
prokka_out/CA139575:NODE_1_length_558205_cov_102.860439_> (length 413)
prokka_out/CA139575:NODE_1_length_558205_cov_102.860439_> (length 848)
prokka_out/CA139575:NODE_1_length_558205_cov_102.860439_> (length 158)
prokka_out/CA139575:NODE_1_length_558205_cov_102.860439_> (length 315)
prokka_out/CA139575:NODE_1_length_558205_cov_102.860439_> (length 628)
prokka_out/CA139575:NODE_1_length_558205_cov_102.860439_> (length 65)
prokka_out/CA139575:NODE_1_length_558205_cov_102.860439_> (length 280)
prokka_out/CA139575:NODE_1_length_558205_cov_102.860439_> (length 164)
prokka_out/CA139575:NODE_1_length_558205_cov_102.860439_> (length 161)
prokka_out/CA139575:NODE_1_length_558205_cov_102.860439_> (length 542)
prokka_out/CA139575:NODE_1_length_558205_cov_102.860439_> (length 93)
prokka_out/CA139575:NODE_1_length_558205_cov_102.860439_> (length 431)
prokka_out/CA139575:NODE_1_length_558205_cov_102.860439_> (length 374)
prokka_out/CA139575:NODE_1_length_558205_cov_102.860439_> (length 266)
prokka_out/CA139575:NODE_1_length_558205_cov_102.860439_> (length 93)
prokka_out/CA139575:NODE_1_length_558205_cov_102.860439_> (length 769)
prokka_out/CA139575:NODE_1_length_558205_cov_102.860439_> (length 395)
prokka_out/CA139575:NODE_1_length_558205_cov_102.860439_> (length 167)
prokka_out/CA139575:NODE_1_length_558205_cov_102.860439_> (length 101)
prokka_out/CA139575:NODE_1_length_558205_cov_102.860439_> (length 424)
prokka_out/CA139575:NODE_1_length_558205_cov_102.860439_> (length 115)
prokka_out/CA139575:NODE_1_length_558205_cov_102.860439_> (length 285)
prokka_out/CA139575:NODE_1_length_558205_cov_102.860439_> (length 282)
prokka_out/CA139575:NODE_1_length_558205_cov_102.860439_> (length 114)
prokka_out/CA139575:NODE_1_length_558205_cov_102.860439_> (length 289)
prokka_out/CA139575:NODE_1_length_558205_cov_102.860439_> (length 440)
prokka_out/CA139575:NODE_1_length_558205_cov_102.860439_> (length 151)
prokka_out/CA139575:NODE_1_length_558205_cov_102.860439_> (length 49)
prokka_out/CA139575:NODE_1_length_558205_cov_102.860439_> (length 72)
prokka_out/CA139575:NODE_1_length_558205_cov_102.860439_> (length 104)
prokka_out/CA139575:NODE_1_length_558205_cov_102.860439_> (length 93)
prokka_out/CA139575:NODE_1_length_558205_cov_102.860439_> (length 468)
prokka_out/CA139575:NODE_1_length_558205_cov_102.860439_> (length 245)
prokka_out/CA139575:NODE_1_length_558205_cov_102.860439_> (length 227)
prokka_out/CA139575:NODE_1_length_558205_cov_102.860439_> (length 75)
prokka_out/CA139575:NODE_1_length_558205_cov_102.860439_> (length 166)
prokka_out/CA139575:NODE_1_length_558205_cov_102.860439_> (length 429)
prokka_out/CA139575:NODE_1_length_558205_cov_102.860439_> (length 124)
prokka_out/CA139575:NODE_1_length_558205_cov_102.860439_> (length 398)
prokka_out/CA139575:NODE_1_length_558205_cov_102.860439_> (length 202)
prokka_out/CA139575:NODE_1_length_558205_cov_102.860439_> (length 159)
prokka_out/CA139575:NODE_1_length_558205_cov_102.860439_> (length 44)
prokka_out/CA139575:NODE_1_length_558205_cov_102.860439_> (length 108)
prokka_out/CA139575:NODE_1_length_558205_cov_102.860439_> (length 124)
prokka_out/CA139575:NODE_1_length_558205_cov_102.860439_> (length 531)
prokka_out/CA139575:NODE_1_length_558205_cov_102.860439_> (length 283)
prokka_out/CA139575:NODE_1_length_558205_cov_102.860439_> (length 442)
prokka_out/CA139575:NODE_1_length_558205_cov_102.860439_> (length 728)
prokka_out/CA139575:NODE_1_length_558205_cov_102.860439_> (length 256)
prokka_out/CA139575:NODE_1_length_558205_cov_102.860439_> (length 510)
prokka_out/CA139575:NODE_1_length_558205_cov_102.860439_> (length 530)
prokka_out/CA139575:NODE_1_length_558205_cov_102.860439_> (length 145)
prokka_out/CA139575:NODE_1_length_558205_cov_102.860439_> (length 325)
prokka_out/CA139575:NODE_1_length_558205_cov_102.860439_> (length 295)
prokka_out/CA139575:NODE_1_length_558205_cov_102.860439_> (length 290)
prokka_out/CA139575:NODE_1_length_558205_cov_102.860439_> (length 454)
prokka_out/CA139575:NODE_1_length_558205_cov_102.860439_> (length 447)
prokka_out/CA139575:NODE_1_length_558205_cov_102.860439_> (length 232)
prokka_out/CA139575:NODE_1_length_558205_cov_102.860439_> (length 169)
prokka_out/CA139575:NODE_1_length_558205_cov_102.860439_> (length 862)
prokka_out/CA139575:NODE_1_length_558205_cov_102.860439_> (length 401)
prokka_out/CA139575:NODE_1_length_558205_cov_102.860439_> (length 372)
prokka_out/CA139575:NODE_1_length_558205_cov_102.860439_> (length 125)
prokka_out/CA139575:NODE_1_length_558205_cov_102.860439_> (length 261)
prokka_out/CA139575:NODE_1_length_558205_cov_102.860439_> (length 422)
prokka_out/CA139575:NODE_1_length_558205_cov_102.860439_> (length 248)
prokka_out/CA139575:NODE_1_length_558205_cov_102.860439_> (length 339)
prokka_out/CA139575:NODE_1_length_558205_cov_102.860439_> (length 231)
prokka_out/CA139575:NODE_1_length_558205_cov_102.860439_> (length 750)
prokka_out/CA139575:NODE_1_length_558205_cov_102.860439_> (length 989)
prokka_out/CA139575:NODE_1_length_558205_cov_102.860439_> (length 90)
prokka_out/CA139575:NODE_1_length_558205_cov_102.860439_> (length 136)
prokka_out/CA139575:NODE_1_length_558205_cov_102.860439_> (length 725)
prokka_out/CA139575:NODE_1_length_558205_cov_102.860439_> (length 350)
prokka_out/CA139575:NODE_1_length_558205_cov_102.860439_> (length 80)
prokka_out/CA139575:NODE_1_length_558205_cov_102.860439_> (length 210)
prokka_out/CA139575:NODE_1_length_558205_cov_102.860439_> (length 46)
prokka_out/CA139575:NODE_1_length_558205_cov_102.860439_> (length 212)
prokka_out/CA139575:NODE_1_length_558205_cov_102.860439_> (length 231)
prokka_out/CA139575:NODE_1_length_558205_cov_102.860439_> (length 354)
prokka_out/CA139575:NODE_1_length_558205_cov_102.860439_> (length 592)
prokka_out/CA139575:NODE_1_length_558205_cov_102.860439_> (length 192)
prokka_out/CA139575:NODE_1_length_558205_cov_102.860439_> (length 286)
prokka_out/CA139575:NODE_1_length_558205_cov_102.860439_> (length 418)
prokka_out/CA139575:NODE_1_length_558205_cov_102.860439_> (length 388)
prokka_out/CA139575:NODE_1_length_558205_cov_102.860439_> (length 643)
prokka_out/CA139575:NODE_1_length_558205_cov_102.860439_> (length 427)
prokka_out/CA139575:NODE_1_length_558205_cov_102.860439_> (length 223)
prokka_out/CA139575:NODE_1_length_558205_cov_102.860439_> (length 527)
prokka_out/CA139575:NODE_1_length_558205_cov_102.860439_> (length 163)
prokka_out/CA139575:NODE_1_length_558205_cov_102.860439_> (length 556)
prokka_out/CA139575:NODE_1_length_558205_cov_102.860439_> (length 276)
prokka_out/CA139575:NODE_1_length_558205_cov_102.860439_> (length 426)
prokka_out/CA139575:NODE_1_length_558205_cov_102.860439_> (length 773)
prokka_out/CA139575:NODE_1_length_558205_cov_102.860439_> (length 330)
prokka_out/CA139575:NODE_1_length_558205_cov_102.860439_> (length 121)
prokka_out/CA139575:NODE_1_length_558205_cov_102.860439_> (length 189)
prokka_out/CA139575:NODE_1_length_558205_cov_102.860439_> (length 45)
prokka_out/CA139575:NODE_1_length_558205_cov_102.860439_> (length 247)
prokka_out/CA139575:NODE_1_length_558205_cov_102.860439_> (length 242)
prokka_out/CA139575:NODE_1_length_558205_cov_102.860439_> (length 494)
prokka_out/CA139575:NODE_1_length_558205_cov_102.860439_> (length 155)
prokka_out/CA139575:NODE_1_length_558205_cov_102.860439_> (length 329)
prokka_out/CA139575:NODE_1_length_558205_cov_102.860439_> (length 325)
prokka_out/CA139575:NODE_1_length_558205_cov_102.860439_> (length 97)
prokka_out/CA139575:NODE_1_length_558205_cov_102.860439_> (length 138)
prokka_out/CA139575:NODE_1_length_558205_cov_102.860439_> (length 150)
prokka_out/CA139575:NODE_1_length_558205_cov_102.860439_> (length 184)
prokka_out/CA139575:NODE_1_length_558205_cov_102.860439_> (length 299)
prokka_out/CA139575:NODE_1_length_558205_cov_102.860439_> (length 96)
prokka_out/CA139575:NODE_1_length_558205_cov_102.860439_> (length 613)
prokka_out/CA139575:NODE_1_length_558205_cov_102.860439_> (length 137)
prokka_out/CA139575:NODE_1_length_558205_cov_102.860439_> (length 703)
prokka_out/CA139575:NODE_1_length_558205_cov_102.860439_> (length 309)
prokka_out/CA139575:NODE_1_length_558205_cov_102.860439_> (length 219)
prokka_out/CA139575:NODE_1_length_558205_cov_102.860439_> (length 250)
prokka_out/CA139575:NODE_1_length_558205_cov_102.860439_> (length 259)
prokka_out/CA139575:NODE_1_length_558205_cov_102.860439_> (length 242)
prokka_out/CA139575:NODE_1_length_558205_cov_102.860439_> (length 262)
prokka_out/CA139575:NODE_1_length_558205_cov_102.860439_> (length 184)
prokka_out/CA139575:NODE_1_length_558205_cov_102.860439_> (length 145)
prokka_out/CA139575:NODE_1_length_558205_cov_102.860439_> (length 110)
prokka_out/CA139575:NODE_1_length_558205_cov_102.860439_> (length 182)
prokka_out/CA139575:NODE_1_length_558205_cov_102.860439_> (length 231)
prokka_out/CA139575:NODE_1_length_558205_cov_102.860439_> (length 483)
prokka_out/CA139575:NODE_1_length_558205_cov_102.860439_> (length 367)
prokka_out/CA139575:NODE_1_length_558205_cov_102.860439_> (length 461)
prokka_out/CA139575:NODE_1_length_558205_cov_102.860439_> (length 524)
prokka_out/CA139575:NODE_1_length_558205_cov_102.860439_> (length 597)
prokka_out/CA139575:NODE_1_length_558205_cov_102.860439_> (length 449)
prokka_out/CA139575:NODE_1_length_558205_cov_102.860439_> (length 444)
prokka_out/CA139575:NODE_1_length_558205_cov_102.860439_> (length 112)
prokka_out/CA139575:NODE_1_length_558205_cov_102.860439_> (length 60)
prokka_out/CA139575:NODE_1_length_558205_cov_102.860439_> (length 303)
prokka_out/CA139575:NODE_1_length_558205_cov_102.860439_> (length 291)
prokka_out/CA139575:NODE_1_length_558205_cov_102.860439_> (length 191)
prokka_out/CA139575:NODE_1_length_558205_cov_102.860439_> (length 57)
prokka_out/CA139575:NODE_1_length_558205_cov_102.860439_> (length 175)
prokka_out/CA139575:NODE_1_length_558205_cov_102.860439_> (length 422)
prokka_out/CA139575:NODE_1_length_558205_cov_102.860439_> (length 415)
prokka_out/CA139575:NODE_1_length_558205_cov_102.860439_> (length 279)
prokka_out/CA139575:NODE_1_length_558205_cov_102.860439_> (length 367)
prokka_out/CA139575:NODE_1_length_558205_cov_102.860439_> (length 246)
prokka_out/CA139575:NODE_1_length_558205_cov_102.860439_> (length 67)
prokka_out/CA139575:NODE_1_length_558205_cov_102.860439_> (length 246)
prokka_out/CA139575:NODE_1_length_558205_cov_102.860439_> (length 421)
prokka_out/CA139575:NODE_1_length_558205_cov_102.860439_> (length 451)
prokka_out/CA139575:NODE_1_length_558205_cov_102.860439_> (length 163)
prokka_out/CA139575:NODE_1_length_558205_cov_102.860439_> (length 303)
prokka_out/CA139575:NODE_1_length_558205_cov_102.860439_> (length 327)
prokka_out/CA139575:NODE_1_length_558205_cov_102.860439_> (length 186)
prokka_out/CA139575:NODE_1_length_558205_cov_102.860439_> (length 199)
prokka_out/CA139575:NODE_1_length_558205_cov_102.860439_> (length 190)
prokka_out/CA139575:NODE_1_length_558205_cov_102.860439_> (length 364)
prokka_out/CA139575:NODE_1_length_558205_cov_102.860439_> (length 293)
prokka_out/CA139575:NODE_1_length_558205_cov_102.860439_> (length 621)
prokka_out/CA139575:NODE_1_length_558205_cov_102.860439_> (length 169)
prokka_out/CA139575:NODE_1_length_558205_cov_102.860439_> (length 172)
prokka_out/CA139575:NODE_1_length_558205_cov_102.860439_> (length 138)
prokka_out/CA139575:NODE_1_length_558205_cov_102.860439_> (length 534)
prokka_out/CA139575:NODE_1_length_558205_cov_102.860439_> (length 418)
prokka_out/CA139575:NODE_1_length_558205_cov_102.860439_> (length 523)
prokka_out/CA139575:NODE_1_length_558205_cov_102.860439_> (length 351)
prokka_out/CA139575:NODE_1_length_558205_cov_102.860439_> (length 466)
prokka_out/CA139575:NODE_1_length_558205_cov_102.860439_> (length 377)
prokka_out/CA139575:NODE_1_length_558205_cov_102.860439_> (length 256)
prokka_out/CA139575:NODE_1_length_558205_cov_102.860439_> (length 226)
prokka_out/CA139575:NODE_1_length_558205_cov_102.860439_> (length 94)
prokka_out/CA139575:NODE_1_length_558205_cov_102.860439_> (length 559)
prokka_out/CA139575:NODE_1_length_558205_cov_102.860439_> (length 56)
prokka_out/CA139575:NODE_1_length_558205_cov_102.860439_> (length 151)
prokka_out/CA139575:NODE_1_length_558205_cov_102.860439_> (length 1086)
prokka_out/CA139575:NODE_1_length_558205_cov_102.860439_> (length 231)
prokka_out/CA139575:NODE_1_length_558205_cov_102.860439_> (length 256)
prokka_out/CA139575:NODE_1_length_558205_cov_102.860439_> (length 346)
prokka_out/CA139575:NODE_1_length_558205_cov_102.860439_> (length 319)
prokka_out/CA139575:NODE_1_length_558205_cov_102.860439_> (length 369)
prokka_out/CA139575:NODE_1_length_558205_cov_102.860439_> (length 371)
prokka_out/CA139575:NODE_1_length_558205_cov_102.860439_> (length 143)
prokka_out/CA139575:NODE_1_length_558205_cov_102.860439_> (length 66)
prokka_out/CA139575:NODE_1_length_558205_cov_102.860439_> (length 168)
prokka_out/CA139575:NODE_1_length_558205_cov_102.860439_> (length 343)
prokka_out/CA139575:NODE_1_length_558205_cov_102.860439_> (length 432)
prokka_out/CA139575:NODE_1_length_558205_cov_102.860439_> (length 149)
prokka_out/CA139575:NODE_1_length_558205_cov_102.860439_> (length 173)
prokka_out/CA139575:NODE_1_length_558205_cov_102.860439_> (length 855)
prokka_out/CA139575:NODE_1_length_558205_cov_102.860439_> (length 191)
prokka_out/CA139575:NODE_1_length_558205_cov_102.860439_> (length 214)
prokka_out/CA139575:NODE_1_length_558205_cov_102.860439_> (length 598)
prokka_out/CA139575:NODE_1_length_558205_cov_102.860439_> (length 424)
prokka_out/CA139575:NODE_1_length_558205_cov_102.860439_> (length 246)
prokka_out/CA139575:NODE_1_length_558205_cov_102.860439_> (length 1005)
prokka_out/CA139575:NODE_1_length_558205_cov_102.860439_> (length 268)
prokka_out/CA139575:NODE_1_length_558205_cov_102.860439_> (length 239)
prokka_out/CA139575:NODE_1_length_558205_cov_102.860439_> (length 78)
prokka_out/CA139575:NODE_1_length_558205_cov_102.860439_> (length 480)
prokka_out/CA139575:NODE_1_length_558205_cov_102.860439_> (length 387)
prokka_out/CA139575:NODE_1_length_558205_cov_102.860439_> (length 338)
prokka_out/CA139575:NODE_1_length_558205_cov_102.860439_> (length 386)
prokka_out/CA139575:NODE_1_length_558205_cov_102.860439_> (length 284)
prokka_out/CA139575:NODE_1_length_558205_cov_102.860439_> (length 296)
prokka_out/CA139575:NODE_1_length_558205_cov_102.860439_> (length 201)
prokka_out/CA139575:NODE_1_length_558205_cov_102.860439_> (length 381)
prokka_out/CA139575:NODE_1_length_558205_cov_102.860439_> (length 258)
prokka_out/CA139575:NODE_1_length_558205_cov_102.860439_> (length 266)
prokka_out/CA139575:NODE_1_length_558205_cov_102.860439_> (length 63)
prokka_out/CA139575:NODE_1_length_558205_cov_102.860439_> (length 1028)
prokka_out/CA139575:NODE_1_length_558205_cov_102.860439_> (length 366)
prokka_out/CA139575:NODE_1_length_558205_cov_102.860439_> (length 200)
prokka_out/CA139575:NODE_1_length_558205_cov_102.860439_> (length 233)
prokka_out/CA139575:NODE_1_length_558205_cov_102.860439_> (length 1364)
prokka_out/CA139575:NODE_1_length_558205_cov_102.860439_> (length 735)
prokka_out/CA139575:NODE_1_length_558205_cov_102.860439_> (length 116)
prokka_out/CA139575:NODE_1_length_558205_cov_102.860439_> (length 431)
prokka_out/CA139575:NODE_1_length_558205_cov_102.860439_> (length 151)
prokka_out/CA139575:NODE_1_length_558205_cov_102.860439_> (length 55)
prokka_out/CA139575:NODE_1_length_558205_cov_102.860439_> (length 117)
prokka_out/CA139575:NODE_1_length_558205_cov_102.860439_> (length 507)
prokka_out/CA139575:NODE_1_length_558205_cov_102.860439_> (length 83)
prokka_out/CA139575:NODE_1_length_558205_cov_102.860439_> (length 258)
prokka_out/CA139575:NODE_1_length_558205_cov_102.860439_> (length 57)
prokka_out/CA139575:NODE_1_length_558205_cov_102.860439_> (length 484)
prokka_out/CA139575:NODE_1_length_558205_cov_102.860439_> (length 455)
prokka_out/CA139575:NODE_1_length_558205_cov_102.860439_> (length 918)
prokka_out/CA139575:NODE_1_length_558205_cov_102.860439_> (length 362)
prokka_out/CA139575:NODE_1_length_558205_cov_102.860439_> (length 141)
prokka_out/CA139575:NODE_1_length_558205_cov_102.860439_> (length 206)
prokka_out/CA139575:NODE_1_length_558205_cov_102.860439_> (length 201)
prokka_out/CA139575:NODE_1_length_558205_cov_102.860439_> (length 178)
prokka_out/CA139575:NODE_1_length_558205_cov_102.860439_> (length 367)
prokka_out/CA139575:NODE_1_length_558205_cov_102.860439_> (length 146)
prokka_out/CA139575:NODE_1_length_558205_cov_102.860439_> (length 94)
prokka_out/CA139575:NODE_1_length_558205_cov_102.860439_> (length 333)
prokka_out/CA139575:NODE_1_length_558205_cov_102.860439_> (length 423)
prokka_out/CA139575:NODE_1_length_558205_cov_102.860439_> (length 125)
prokka_out/CA139575:NODE_1_length_558205_cov_102.860439_> (length 182)
prokka_out/CA139575:NODE_1_length_558205_cov_102.860439_> (length 86)
prokka_out/CA139575:NODE_1_length_558205_cov_102.860439_> (length 791)
prokka_out/CA139575:NODE_1_length_558205_cov_102.860439_> (length 215)
prokka_out/CA139575:NODE_1_length_558205_cov_102.860439_> (length 129)
prokka_out/CA139575:NODE_1_length_558205_cov_102.860439_> (length 245)
prokka_out/CA139575:NODE_1_length_558205_cov_102.860439_> (length 101)
prokka_out/CA139575:NODE_1_length_558205_cov_102.860439_> (length 222)
prokka_out/CA139575:NODE_1_length_558205_cov_102.860439_> (length 150)
prokka_out/CA139575:NODE_1_length_558205_cov_102.860439_> (length 209)
prokka_out/CA139575:NODE_1_length_558205_cov_102.860439_> (length 210)
prokka_out/CA139575:NODE_1_length_558205_cov_102.860439_> (length 270)
prokka_out/CA139575:NODE_1_length_558205_cov_102.860439_> (length 227)
prokka_out/CA139575:NODE_1_length_558205_cov_102.860439_> (length 254)
prokka_out/CA139575:NODE_1_length_558205_cov_102.860439_> (length 978)
prokka_out/CA139575:NODE_1_length_558205_cov_102.860439_> (length 95)
prokka_out/CA139575:NODE_1_length_558205_cov_102.860439_> (length 300)
prokka_out/CA139575:NODE_1_length_558205_cov_102.860439_> (length 395)
prokka_out/CA139575:NODE_1_length_558205_cov_102.860439_> (length 467)
prokka_out/CA139575:NODE_1_length_558205_cov_102.860439_> (length 170)
prokka_out/CA139575:NODE_1_length_558205_cov_102.860439_> (length 810)
prokka_out/CA139575:NODE_1_length_558205_cov_102.860439_> (length 323)
prokka_out/CA139575:NODE_1_length_558205_cov_102.860439_> (length 526)
prokka_out/CA139575:NODE_1_length_558205_cov_102.860439_> (length 90)
prokka_out/CA139575:NODE_1_length_558205_cov_102.860439_> (length 404)
prokka_out/CA139575:NODE_1_length_558205_cov_102.860439_> (length 134)
prokka_out/CA139575:NODE_1_length_558205_cov_102.860439_> (length 72)
prokka_out/CA139575:NODE_1_length_558205_cov_102.860439_> (length 382)
prokka_out/CA139575:NODE_1_length_558205_cov_102.860439_> (length 399)
prokka_out/CA139575:NODE_1_length_558205_cov_102.860439_> (length 407)
prokka_out/CA139575:NODE_1_length_558205_cov_102.860439_> (length 293)
prokka_out/CA139575:NODE_1_length_558205_cov_102.860439_> (length 572)
prokka_out/CA139575:NODE_1_length_558205_cov_102.860439_> (length 145)
prokka_out/CA139575:NODE_1_length_558205_cov_102.860439_> (length 686)
prokka_out/CA139575:NODE_1_length_558205_cov_102.860439_> (length 272)
prokka_out/CA139575:NODE_1_length_558205_cov_102.860439_> (length 75)
prokka_out/CA139575:NODE_1_length_558205_cov_102.860439_> (length 256)
prokka_out/CA139575:NODE_1_length_558205_cov_102.860439_> (length 150)
prokka_out/CA139575:NODE_1_length_558205_cov_102.860439_> (length 201)
prokka_out/CA139575:NODE_1_length_558205_cov_102.860439_> (length 96)
prokka_out/CA139575:NODE_1_length_558205_cov_102.860439_> (length 705)
prokka_out/CA139575:NODE_1_length_558205_cov_102.860439_> (length 217)
prokka_out/CA139575:NODE_1_length_558205_cov_102.860439_> (length 212)
prokka_out/CA139575:NODE_1_length_558205_cov_102.860439_> (length 118)
prokka_out/CA139575:NODE_1_length_558205_cov_102.860439_> (length 265)
prokka_out/CA139575:NODE_1_length_558205_cov_102.860439_> (length 241)
prokka_out/CA139575:NODE_1_length_558205_cov_102.860439_> (length 204)
prokka_out/CA139575:NODE_1_length_558205_cov_102.860439_> (length 648)
prokka_out/CA139575:NODE_1_length_558205_cov_102.860439_> (length 282)
prokka_out/CA139575:NODE_1_length_558205_cov_102.860439_> (length 130)
prokka_out/CA139575:NODE_1_length_558205_cov_102.860439_> (length 590)
prokka_out/CA139575:NODE_1_length_558205_cov_102.860439_> (length 386)
prokka_out/CA139575:NODE_1_length_558205_cov_102.860439_> (length 195)
prokka_out/CA139575:NODE_1_length_558205_cov_102.860439_> (length 200)
prokka_out/CA139575:NODE_1_length_558205_cov_102.860439_> (length 376)
prokka_out/CA139575:NODE_1_length_558205_cov_102.860439_> (length 714)
prokka_out/CA139575:NODE_1_length_558205_cov_102.860439_> (length 365)
prokka_out/CA139575:NODE_1_length_558205_cov_102.860439_> (length 309)
prokka_out/CA139575:NODE_1_length_558205_cov_102.860439_> (length 358)
prokka_out/CA139575:NODE_1_length_558205_cov_102.860439_> (length 566)
prokka_out/CA139575:NODE_1_length_558205_cov_102.860439_> (length 328)
prokka_out/CA139575:NODE_1_length_558205_cov_102.860439_> (length 263)
prokka_out/CA139575:NODE_1_length_558205_cov_102.860439_> (length 342)
prokka_out/CA139575:NODE_1_length_558205_cov_102.860439_> (length 295)
prokka_out/CA139575:NODE_1_length_558205_cov_102.860439_> (length 517)
prokka_out/CA139575:NODE_1_length_558205_cov_102.860439_> (length 350)
prokka_out/CA139575:NODE_1_length_558205_cov_102.860439_> (length 399)
prokka_out/CA139575:NODE_1_length_558205_cov_102.860439_> (length 434)
prokka_out/CA139575:NODE_1_length_558205_cov_102.860439_> (length 280)
prokka_out/CA139575:NODE_1_length_558205_cov_102.860439_> (length 138)
prokka_out/CA139575:NODE_1_length_558205_cov_102.860439_> (length 271)
prokka_out/CA139575:NODE_1_length_558205_cov_102.860439_> (length 314)
prokka_out/CA139575:NODE_1_length_558205_cov_102.860439_> (length 484)
prokka_out/CA139575:NODE_1_length_558205_cov_102.860439_> (length 186)
prokka_out/CA139575:NODE_1_length_558205_cov_102.860439_> (length 461)
prokka_out/CA139575:NODE_1_length_558205_cov_102.860439_> (length 317)
prokka_out/CA139575:NODE_1_length_558205_cov_102.860439_> (length 187)
prokka_out/CA139575:NODE_1_length_558205_cov_102.860439_> (length 99)
prokka_out/CA139575:NODE_1_length_558205_cov_102.860439_> (length 66)
prokka_out/CA139575:NODE_1_length_558205_cov_102.860439_> (length 785)
prokka_out/CA139575:NODE_1_length_558205_cov_102.860439_> (length 432)
prokka_out/CA139575:NODE_1_length_558205_cov_102.860439_> (length 518)
prokka_out/CA139575:NODE_1_length_558205_cov_102.860439_> (length 707)
prokka_out/CA139575:NODE_1_length_558205_cov_102.860439_> (length 67)
prokka_out/CA139575:NODE_1_length_558205_cov_102.860439_> (length 313)
prokka_out/CA139575:NODE_1_length_558205_cov_102.860439_> (length 89)
prokka_out/CA139575:NODE_1_length_558205_cov_102.860439_> (length 164)
prokka_out/CA139575:NODE_1_length_558205_cov_102.860439_> (length 258)
prokka_out/CA139575:NODE_1_length_558205_cov_102.860439_> (length 307)
prokka_out/CA139575:NODE_1_length_558205_cov_102.860439_> (length 201)
prokka_out/CA139575:NODE_1_length_558205_cov_102.860439_> (length 160)
prokka_out/CA139575:NODE_1_length_558205_cov_102.860439_> (length 235)
prokka_out/CA139575:NODE_1_length_558205_cov_102.860439_> (length 113)
prokka_out/CA139575:NODE_1_length_558205_cov_102.860439_> (length 102)
prokka_out/CA139575:NODE_1_length_558205_cov_102.860439_> (length 530)
prokka_out/CA139575:NODE_1_length_558205_cov_102.860439_> (length 79)
prokka_out/CA139575:NODE_1_length_558205_cov_102.860439_> (length 205)
prokka_out/CA139575:NODE_1_length_558205_cov_102.860439_> (length 515)
prokka_out/CA139575:NODE_1_length_558205_cov_102.860439_> (length 255)
prokka_out/CA139575:NODE_1_length_558205_cov_102.860439_> (length 211)
prokka_out/CA139575:NODE_1_length_558205_cov_102.860439_> (length 357)
prokka_out/CA139575:NODE_1_length_558205_cov_102.860439_> (length 263)
prokka_out/CA139575:NODE_1_length_558205_cov_102.860439_> (length 387)
prokka_out/CA139575:NODE_1_length_558205_cov_102.860439_> (length 374)
prokka_out/CA139575:NODE_1_length_558205_cov_102.860439_> (length 416)
prokka_out/CA139575:NODE_1_length_558205_cov_102.860439_> (length 167)
prokka_out/CA139575:NODE_1_length_558205_cov_102.860439_> (length 422)
prokka_out/CA139575:NODE_1_length_558205_cov_102.860439_> (length 619)
prokka_out/CA139575:NODE_1_length_558205_cov_102.860439_> (length 165)
prokka_out/CA139575:NODE_1_length_558205_cov_102.860439_> (length 459)
prokka_out/CA139575:NODE_1_length_558205_cov_102.860439_> (length 164)
prokka_out/CA139575:NODE_1_length_558205_cov_102.860439_> (length 458)
prokka_out/CA139575:NODE_1_length_558205_cov_102.860439_> (length 267)
prokka_out/CA139575:NODE_1_length_558205_cov_102.860439_> (length 508)
prokka_out/CA139575:NODE_1_length_558205_cov_102.860439_> (length 393)
prokka_out/CA139575:NODE_1_length_558205_cov_102.860439_> (length 299)
prokka_out/CA139575:NODE_1_length_558205_cov_102.860439_> (length 472)
prokka_out/CA139575:NODE_1_length_558205_cov_102.860439_> (length 164)
prokka_out/CA139575:NODE_1_length_558205_cov_102.860439_> (length 330)
prokka_out/CA139575:NODE_1_length_558205_cov_102.860439_> (length 256)
prokka_out/CA139575:NODE_1_length_558205_cov_102.860439_> (length 754)
prokka_out/CA139575:NODE_1_length_558205_cov_102.860439_> (length 282)
prokka_out/CA139575:NODE_1_length_558205_cov_102.860439_> (length 66)
prokka_out/CA139575:NODE_1_length_558205_cov_102.860439_> (length 226)
prokka_out/CA139575:NODE_1_length_558205_cov_102.860439_> (length 446)
prokka_out/CA139575:NODE_1_length_558205_cov_102.860439_> (length 283)
prokka_out/CA139575:NODE_1_length_558205_cov_102.860439_> (length 293)
prokka_out/CA139575:NODE_1_length_558205_cov_102.860439_> (length 111)
prokka_out/CA139575:NODE_1_length_558205_cov_102.860439_> (length 314)
prokka_out/CA139575:NODE_1_length_558205_cov_102.860439_> (length 288)
prokka_out/CA139575:NODE_1_length_558205_cov_102.860439_> (length 185)
prokka_out/CA139575:NODE_1_length_558205_cov_102.860439_> (length 538)
prokka_out/CA139575:NODE_1_length_558205_cov_102.860439_> (length 185)
prokka_out/CA139575:NODE_1_length_558205_cov_102.860439_> (length 419)
prokka_out/CA139575:NODE_1_length_558205_cov_102.860439_> (length 268)
prokka_out/CA139575:NODE_1_length_558205_cov_102.860439_> (length 460)
prokka_out/CA139575:NODE_1_length_558205_cov_102.860439_> (length 242)
prokka_out/CA139575:NODE_1_length_558205_cov_102.860439_> (length 386)
prokka_out/CA139575:NODE_1_length_558205_cov_102.860439_> (length 68)
prokka_out/CA139575:NODE_1_length_558205_cov_102.860439_> (length 226)
prokka_out/CA139575:NODE_1_length_558205_cov_102.860439_> (length 203)
prokka_out/CA139575:NODE_1_length_558205_cov_102.860439_> (length 846)
prokka_out/CA139575:NODE_1_length_558205_cov_102.860439_> (length 86)
prokka_out/CA139575:NODE_1_length_558205_cov_102.860439_> (length 545)
prokka_out/CA139575:NODE_1_length_558205_cov_102.860439_> (length 73)
prokka_out/CA139575:NODE_1_length_558205_cov_102.860439_> (length 401)
prokka_out/CA139575:NODE_1_length_558205_cov_102.860439_> (length 221)
prokka_out/CA139575:NODE_1_length_558205_cov_102.860439_> (length 199)
prokka_out/CA139575:NODE_1_length_558205_cov_102.860439_> (length 121)
prokka_out/CA139575:NODE_1_length_558205_cov_102.860439_> (length 451)
prokka_out/CA139575:NODE_1_length_558205_cov_102.860439_> (length 76)
prokka_out/CA139575:NODE_1_length_558205_cov_102.860439_> (length 771)
prokka_out/CA139575:NODE_1_length_558205_cov_102.860439_> (length 1047)
prokka_out/CA139575:NODE_1_length_558205_cov_102.860439_> (length 416)
prokka_out/CA139575:NODE_1_length_558205_cov_102.860439_> (length 224)
prokka_out/CA139575:NODE_1_length_558205_cov_102.860439_> (length 472)
prokka_out/CA139575:NODE_1_length_558205_cov_102.860439_> (length 299)
prokka_out/CA139575:NODE_1_length_558205_cov_102.860439_> (length 124)
prokka_out/CA139575:NODE_1_length_558205_cov_102.860439_> (length 540)
prokka_out/CA139575:NODE_1_length_558205_cov_102.860439_> (length 110)
prokka_out/CA139575:NODE_1_length_558205_cov_102.860439_> (length 206)
prokka_out/CA139575:NODE_1_length_558205_cov_102.860439_> (length 664)
prokka_out/CA139575:NODE_1_length_558205_cov_102.860439_> (length 273)
prokka_out/CA139575:NODE_1_length_558205_cov_102.860439_> (length 316)
prokka_out/CA139575:NODE_1_length_558205_cov_102.860439_> (length 36)
prokka_out/CA139575:NODE_1_length_558205_cov_102.860439_> (length 139)
prokka_out/CA139575:NODE_1_length_558205_cov_102.860439_> (length 325)
prokka_out/CA139575:NODE_1_length_558205_cov_102.860439_> (length 255)
prokka_out/CA139575:NODE_1_length_558205_cov_102.860439_> (length 366)
prokka_out/CA139575:NODE_1_length_558205_cov_102.860439_> (length 201)
prokka_out/CA139575:NODE_1_length_558205_cov_102.860439_> (length 103)
prokka_out/CA139575:NODE_1_length_558205_cov_102.860439_> (length 340)
prokka_out/CA139575:NODE_1_length_558205_cov_102.860439_> (length 300)
prokka_out/CA139575:NODE_1_length_558205_cov_102.860439_> (length 397)
prokka_out/CA139575:NODE_1_length_558205_cov_102.860439_> (length 604)
prokka_out/CA139575:NODE_1_length_558205_cov_102.860439_> (length 158)
prokka_out/CA139575:NODE_1_length_558205_cov_102.860439_> (length 511)
prokka_out/CA139575:NODE_1_length_558205_cov_102.860439_> (length 202)
prokka_out/CA139575:NODE_1_length_558205_cov_102.860439_> (length 185)
prokka_out/CA139575:NODE_1_length_558205_cov_102.860439_> (length 486)
prokka_out/CA139575:NODE_1_length_558205_cov_102.860439_> (length 416)
prokka_out/CA139575:NODE_1_length_558205_cov_102.860439_> (length 150)
prokka_out/CA139575:NODE_1_length_558205_cov_102.860439_> (length 682)
prokka_out/CA139575:NODE_1_length_558205_cov_102.860439_> (length 738)
prokka_out/CA139575:NODE_1_length_558205_cov_102.860439_> (length 160)
prokka_out/CA139575:NODE_1_length_558205_cov_102.860439_> (length 89)
prokka_out/CA139575:NODE_1_length_558205_cov_102.860439_> (length 69)
prokka_out/CA139575:NODE_1_length_558205_cov_102.860439_> (length 218)
prokka_out/CA139575:NODE_1_length_558205_cov_102.860439_> (length 394)
prokka_out/CA139575:NODE_1_length_558205_cov_102.860439_> (length 151)
prokka_out/CA139575:NODE_1_length_558205_cov_102.860439_> (length 289)
prokka_out/CA139575:NODE_1_length_558205_cov_102.860439_> (length 316)
prokka_out/CA139575:NODE_1_length_558205_cov_102.860439_> (length 484)
prokka_out/CA139575:NODE_1_length_558205_cov_102.860439_> (length 354)
prokka_out/CA139575:NODE_1_length_558205_cov_102.860439_> (length 273)
prokka_out/CA139575:NODE_1_length_558205_cov_102.860439_> (length 208)
prokka_out/CA139575:NODE_1_length_558205_cov_102.860439_> (length 216)
prokka_out/CA139575:NODE_1_length_558205_cov_102.860439_> (length 210)
prokka_out/CA139575:NODE_1_length_558205_cov_102.860439_> (length 72)
prokka_out/CA139575:NODE_1_length_558205_cov_102.860439_> (length 234)
prokka_out/CA139575:NODE_1_length_558205_cov_102.860439_> (length 278)
prokka_out/CA139575:NODE_1_length_558205_cov_102.860439_> (length 249)
prokka_out/CA139575:NODE_1_length_558205_cov_102.860439_> (length 334)
prokka_out/CA139575:NODE_1_length_558205_cov_102.860439_> (length 646)
prokka_out/CA139575:NODE_1_length_558205_cov_102.860439_> (length 380)
prokka_out/CA139575:NODE_1_length_558205_cov_102.860439_> (length 203)
prokka_out/CA139575:NODE_1_length_558205_cov_102.860439_> (length 177)
prokka_out/CA139575:NODE_1_length_558205_cov_102.860439_> (length 400)
prokka_out/CA139575:NODE_1_length_558205_cov_102.860439_> (length 156)
prokka_out/CA139575:NODE_1_length_558205_cov_102.860439_> (length 355)
prokka_out/CA139575:NODE_1_length_558205_cov_102.860439_> (length 134)
prokka_out/CA139575:NODE_1_length_558205_cov_102.860439_> (length 248)
prokka_out/CA139575:NODE_1_length_558205_cov_102.860439_> (length 341)
prokka_out/CA139575:NODE_1_length_558205_cov_102.860439_> (length 317)
prokka_out/CA139575:NODE_1_length_558205_cov_102.860439_> (length 154)
prokka_out/CA139575:NODE_1_length_558205_cov_102.860439_> (length 566)
prokka_out/CA139575:NODE_1_length_558205_cov_102.860439_> (length 147)
prokka_out/CA139575:NODE_1_length_558205_cov_102.860439_> (length 339)
prokka_out/CA139575:NODE_1_length_558205_cov_102.860439_> (length 447)
prokka_out/CA139575:NODE_1_length_558205_cov_102.860439_> (length 216)
prokka_out/CA139575:NODE_1_length_558205_cov_102.860439_> (length 223)
prokka_out/CA139575:NODE_1_length_558205_cov_102.860439_> (length 208)
prokka_out/CA139575:NODE_1_length_558205_cov_102.860439_> (length 411)
prokka_out/CA139575:NODE_1_length_558205_cov_102.860439_> (length 463)
prokka_out/CA139575:NODE_1_length_558205_cov_102.860439_> (length 271)
prokka_out/CA139575:NODE_1_length_558205_cov_102.860439_> (length 443)
prokka_out/CA139575:NODE_1_length_558205_cov_102.860439_> (length 151)
prokka_out/CA139575:NODE_1_length_558205_cov_102.860439_> (length 186)
prokka_out/CA139575:NODE_1_length_558205_cov_102.860439_> (length 334)
prokka_out/CA139575:NODE_1_length_558205_cov_102.860439_> (length 376)
prokka_out/CA139575:NODE_1_length_558205_cov_102.860439_> (length 438)
prokka_out/CA139575:NODE_1_length_558205_cov_102.860439_> (length 247)
prokka_out/CA139575:NODE_1_length_558205_cov_102.860439_> (length 76)
prokka_out/CA139575:NODE_1_length_558205_cov_102.860439_> (length 297)
prokka_out/CA139575:NODE_1_length_558205_cov_102.860439_> (length 138)
prokka_out/CA139575:NODE_1_length_558205_cov_102.860439_> (length 520)
prokka_out/CA139575:NODE_1_length_558205_cov_102.860439_> (length 353)
prokka_out/CA139575:NODE_1_length_558205_cov_102.860439_> (length 73)
prokka_out/CA139575:NODE_1_length_558205_cov_102.860439_> (length 404)
prokka_out/CA139575:NODE_1_length_558205_cov_102.860439_> (length 337)
prokka_out/CA139575:NODE_2_length_255618_cov_107.055290_1 (length 256)
prokka_out/CA139575:NODE_2_length_255618_cov_107.055290_2 (length 212)
prokka_out/CA139575:NODE_2_length_255618_cov_107.055290_3 (length 329)
prokka_out/CA139575:NODE_2_length_255618_cov_107.055290_4 (length 259)
prokka_out/CA139575:NODE_2_length_255618_cov_107.055290_5 (length 279)
prokka_out/CA139575:NODE_2_length_255618_cov_107.055290_6 (length 268)
prokka_out/CA139575:NODE_2_length_255618_cov_107.055290_7 (length 441)
prokka_out/CA139575:NODE_2_length_255618_cov_107.055290_8 (length 348)
prokka_out/CA139575:NODE_2_length_255618_cov_107.055290_9 (length 327)
prokka_out/CA139575:NODE_2_length_255618_cov_107.055290_> (length 180)
prokka_out/CA139575:NODE_2_length_255618_cov_107.055290_> (length 61)
prokka_out/CA139575:NODE_2_length_255618_cov_107.055290_> (length 395)
prokka_out/CA139575:NODE_2_length_255618_cov_107.055290_> (length 266)
prokka_out/CA139575:NODE_2_length_255618_cov_107.055290_> (length 157)
prokka_out/CA139575:NODE_2_length_255618_cov_107.055290_> (length 249)
prokka_out/CA139575:NODE_2_length_255618_cov_107.055290_> (length 210)
prokka_out/CA139575:NODE_2_length_255618_cov_107.055290_> (length 1200)
prokka_out/CA139575:NODE_2_length_255618_cov_107.055290_> (length 109)
prokka_out/CA139575:NODE_2_length_255618_cov_107.055290_> (length 447)
prokka_out/CA139575:NODE_2_length_255618_cov_107.055290_> (length 137)
prokka_out/CA139575:NODE_2_length_255618_cov_107.055290_> (length 118)
prokka_out/CA139575:NODE_2_length_255618_cov_107.055290_> (length 234)
prokka_out/CA139575:NODE_2_length_255618_cov_107.055290_> (length 179)
prokka_out/CA139575:NODE_2_length_255618_cov_107.055290_> (length 80)
prokka_out/CA139575:NODE_2_length_255618_cov_107.055290_> (length 75)
prokka_out/CA139575:NODE_2_length_255618_cov_107.055290_> (length 445)
prokka_out/CA139575:NODE_2_length_255618_cov_107.055290_> (length 250)
prokka_out/CA139575:NODE_2_length_255618_cov_107.055290_> (length 385)
prokka_out/CA139575:NODE_2_length_255618_cov_107.055290_> (length 238)
prokka_out/CA139575:NODE_2_length_255618_cov_107.055290_> (length 241)
prokka_out/CA139575:NODE_2_length_255618_cov_107.055290_> (length 287)
prokka_out/CA139575:NODE_2_length_255618_cov_107.055290_> (length 184)
prokka_out/CA139575:NODE_2_length_255618_cov_107.055290_> (length 164)
prokka_out/CA139575:NODE_2_length_255618_cov_107.055290_> (length 418)
prokka_out/CA139575:NODE_2_length_255618_cov_107.055290_> (length 234)
prokka_out/CA139575:NODE_2_length_255618_cov_107.055290_> (length 476)
prokka_out/CA139575:NODE_2_length_255618_cov_107.055290_> (length 263)
prokka_out/CA139575:NODE_2_length_255618_cov_107.055290_> (length 270)
prokka_out/CA139575:NODE_2_length_255618_cov_107.055290_> (length 370)
prokka_out/CA139575:NODE_2_length_255618_cov_107.055290_> (length 460)
prokka_out/CA139575:NODE_2_length_255618_cov_107.055290_> (length 495)
prokka_out/CA139575:NODE_2_length_255618_cov_107.055290_> (length 311)
prokka_out/CA139575:NODE_2_length_255618_cov_107.055290_> (length 295)
prokka_out/CA139575:NODE_2_length_255618_cov_107.055290_> (length 163)
prokka_out/CA139575:NODE_2_length_255618_cov_107.055290_> (length 396)
prokka_out/CA139575:NODE_2_length_255618_cov_107.055290_> (length 500)
prokka_out/CA139575:NODE_2_length_255618_cov_107.055290_> (length 232)
prokka_out/CA139575:NODE_2_length_255618_cov_107.055290_> (length 357)
prokka_out/CA139575:NODE_2_length_255618_cov_107.055290_> (length 612)
prokka_out/CA139575:NODE_2_length_255618_cov_107.055290_> (length 148)
prokka_out/CA139575:NODE_2_length_255618_cov_107.055290_> (length 81)
prokka_out/CA139575:NODE_2_length_255618_cov_107.055290_> (length 76)
prokka_out/CA139575:NODE_2_length_255618_cov_107.055290_> (length 657)
prokka_out/CA139575:NODE_2_length_255618_cov_107.055290_> (length 474)
prokka_out/CA139575:NODE_2_length_255618_cov_107.055290_> (length 416)
prokka_out/CA139575:NODE_2_length_255618_cov_107.055290_> (length 242)
prokka_out/CA139575:NODE_2_length_255618_cov_107.055290_> (length 135)
prokka_out/CA139575:NODE_2_length_255618_cov_107.055290_> (length 81)
prokka_out/CA139575:NODE_2_length_255618_cov_107.055290_> (length 406)
prokka_out/CA139575:NODE_2_length_255618_cov_107.055290_> (length 147)
prokka_out/CA139575:NODE_2_length_255618_cov_107.055290_> (length 180)
prokka_out/CA139575:NODE_2_length_255618_cov_107.055290_> (length 439)
prokka_out/CA139575:NODE_2_length_255618_cov_107.055290_> (length 291)
prokka_out/CA139575:NODE_2_length_255618_cov_107.055290_> (length 358)
prokka_out/CA139575:NODE_2_length_255618_cov_107.055290_> (length 185)
prokka_out/CA139575:NODE_2_length_255618_cov_107.055290_> (length 595)
prokka_out/CA139575:NODE_2_length_255618_cov_107.055290_> (length 611)
prokka_out/CA139575:NODE_2_length_255618_cov_107.055290_> (length 164)
prokka_out/CA139575:NODE_2_length_255618_cov_107.055290_> (length 196)
prokka_out/CA139575:NODE_2_length_255618_cov_107.055290_> (length 152)
prokka_out/CA139575:NODE_2_length_255618_cov_107.055290_> (length 170)
prokka_out/CA139575:NODE_2_length_255618_cov_107.055290_> (length 162)
prokka_out/CA139575:NODE_2_length_255618_cov_107.055290_> (length 279)
prokka_out/CA139575:NODE_2_length_255618_cov_107.055290_> (length 377)
prokka_out/CA139575:NODE_2_length_255618_cov_107.055290_> (length 270)
prokka_out/CA139575:NODE_2_length_255618_cov_107.055290_> (length 414)
prokka_out/CA139575:NODE_2_length_255618_cov_107.055290_> (length 507)
prokka_out/CA139575:NODE_2_length_255618_cov_107.055290_> (length 286)
prokka_out/CA139575:NODE_2_length_255618_cov_107.055290_> (length 583)
prokka_out/CA139575:NODE_2_length_255618_cov_107.055290_> (length 191)
prokka_out/CA139575:NODE_2_length_255618_cov_107.055290_> (length 172)
prokka_out/CA139575:NODE_2_length_255618_cov_107.055290_> (length 166)
prokka_out/CA139575:NODE_2_length_255618_cov_107.055290_> (length 291)
prokka_out/CA139575:NODE_2_length_255618_cov_107.055290_> (length 126)
prokka_out/CA139575:NODE_2_length_255618_cov_107.055290_> (length 256)
prokka_out/CA139575:NODE_2_length_255618_cov_107.055290_> (length 343)
prokka_out/CA139575:NODE_2_length_255618_cov_107.055290_> (length 340)
prokka_out/CA139575:NODE_2_length_255618_cov_107.055290_> (length 644)
prokka_out/CA139575:NODE_2_length_255618_cov_107.055290_> (length 321)
prokka_out/CA139575:NODE_2_length_255618_cov_107.055290_> (length 114)
prokka_out/CA139575:NODE_2_length_255618_cov_107.055290_> (length 324)
prokka_out/CA139575:NODE_2_length_255618_cov_107.055290_> (length 363)
prokka_out/CA139575:NODE_2_length_255618_cov_107.055290_> (length 93)
prokka_out/CA139575:NODE_2_length_255618_cov_107.055290_> (length 247)
prokka_out/CA139575:NODE_2_length_255618_cov_107.055290_> (length 728)
prokka_out/CA139575:NODE_2_length_255618_cov_107.055290_> (length 506)
prokka_out/CA139575:NODE_2_length_255618_cov_107.055290_> (length 215)
prokka_out/CA139575:NODE_2_length_255618_cov_107.055290_> (length 438)
prokka_out/CA139575:NODE_2_length_255618_cov_107.055290_> (length 408)
prokka_out/CA139575:NODE_2_length_255618_cov_107.055290_> (length 246)
prokka_out/CA139575:NODE_2_length_255618_cov_107.055290_> (length 362)
prokka_out/CA139575:NODE_2_length_255618_cov_107.055290_> (length 304)
prokka_out/CA139575:NODE_2_length_255618_cov_107.055290_> (length 331)
prokka_out/CA139575:NODE_2_length_255618_cov_107.055290_> (length 166)
prokka_out/CA139575:NODE_2_length_255618_cov_107.055290_> (length 458)
prokka_out/CA139575:NODE_2_length_255618_cov_107.055290_> (length 326)
prokka_out/CA139575:NODE_2_length_255618_cov_107.055290_> (length 389)
prokka_out/CA139575:NODE_2_length_255618_cov_107.055290_> (length 454)
prokka_out/CA139575:NODE_2_length_255618_cov_107.055290_> (length 641)
prokka_out/CA139575:NODE_2_length_255618_cov_107.055290_> (length 390)
prokka_out/CA139575:NODE_2_length_255618_cov_107.055290_> (length 396)
prokka_out/CA139575:NODE_2_length_255618_cov_107.055290_> (length 293)
prokka_out/CA139575:NODE_2_length_255618_cov_107.055290_> (length 566)
prokka_out/CA139575:NODE_2_length_255618_cov_107.055290_> (length 222)
prokka_out/CA139575:NODE_2_length_255618_cov_107.055290_> (length 447)
prokka_out/CA139575:NODE_2_length_255618_cov_107.055290_> (length 432)
prokka_out/CA139575:NODE_2_length_255618_cov_107.055290_> (length 374)
prokka_out/CA139575:NODE_2_length_255618_cov_107.055290_> (length 223)
prokka_out/CA139575:NODE_2_length_255618_cov_107.055290_> (length 416)
prokka_out/CA139575:NODE_2_length_255618_cov_107.055290_> (length 191)
prokka_out/CA139575:NODE_2_length_255618_cov_107.055290_> (length 166)
prokka_out/CA139575:NODE_2_length_255618_cov_107.055290_> (length 230)
prokka_out/CA139575:NODE_2_length_255618_cov_107.055290_> (length 571)
prokka_out/CA139575:NODE_2_length_255618_cov_107.055290_> (length 379)
prokka_out/CA139575:NODE_2_length_255618_cov_107.055290_> (length 611)
prokka_out/CA139575:NODE_2_length_255618_cov_107.055290_> (length 656)
prokka_out/CA139575:NODE_2_length_255618_cov_107.055290_> (length 363)
prokka_out/CA139575:NODE_2_length_255618_cov_107.055290_> (length 401)
prokka_out/CA139575:NODE_2_length_255618_cov_107.055290_> (length 731)
prokka_out/CA139575:NODE_2_length_255618_cov_107.055290_> (length 74)
prokka_out/CA139575:NODE_2_length_255618_cov_107.055290_> (length 238)
prokka_out/CA139575:NODE_2_length_255618_cov_107.055290_> (length 400)
prokka_out/CA139575:NODE_2_length_255618_cov_107.055290_> (length 268)
prokka_out/CA139575:NODE_2_length_255618_cov_107.055290_> (length 221)
prokka_out/CA139575:NODE_2_length_255618_cov_107.055290_> (length 398)
prokka_out/CA139575:NODE_2_length_255618_cov_107.055290_> (length 410)
prokka_out/CA139575:NODE_2_length_255618_cov_107.055290_> (length 321)
prokka_out/CA139575:NODE_2_length_255618_cov_107.055290_> (length 366)
prokka_out/CA139575:NODE_2_length_255618_cov_107.055290_> (length 78)
prokka_out/CA139575:NODE_2_length_255618_cov_107.055290_> (length 46)
prokka_out/CA139575:NODE_2_length_255618_cov_107.055290_> (length 457)
prokka_out/CA139575:NODE_2_length_255618_cov_107.055290_> (length 309)
prokka_out/CA139575:NODE_2_length_255618_cov_107.055290_> (length 443)
prokka_out/CA139575:NODE_2_length_255618_cov_107.055290_> (length 311)
prokka_out/CA139575:NODE_2_length_255618_cov_107.055290_> (length 410)
prokka_out/CA139575:NODE_2_length_255618_cov_107.055290_> (length 101)
prokka_out/CA139575:NODE_2_length_255618_cov_107.055290_> (length 168)
prokka_out/CA139575:NODE_2_length_255618_cov_107.055290_> (length 189)
prokka_out/CA139575:NODE_2_length_255618_cov_107.055290_> (length 91)
prokka_out/CA139575:NODE_2_length_255618_cov_107.055290_> (length 128)
prokka_out/CA139575:NODE_2_length_255618_cov_107.055290_> (length 638)
prokka_out/CA139575:NODE_2_length_255618_cov_107.055290_> (length 121)
prokka_out/CA139575:NODE_2_length_255618_cov_107.055290_> (length 600)
prokka_out/CA139575:NODE_2_length_255618_cov_107.055290_> (length 308)
prokka_out/CA139575:NODE_2_length_255618_cov_107.055290_> (length 128)
prokka_out/CA139575:NODE_2_length_255618_cov_107.055290_> (length 568)
prokka_out/CA139575:NODE_2_length_255618_cov_107.055290_> (length 431)
prokka_out/CA139575:NODE_2_length_255618_cov_107.055290_> (length 297)
prokka_out/CA139575:NODE_2_length_255618_cov_107.055290_> (length 176)
prokka_out/CA139575:NODE_2_length_255618_cov_107.055290_> (length 87)
prokka_out/CA139575:NODE_2_length_255618_cov_107.055290_> (length 185)
prokka_out/CA139575:NODE_2_length_255618_cov_107.055290_> (length 281)
prokka_out/CA139575:NODE_2_length_255618_cov_107.055290_> (length 374)
prokka_out/CA139575:NODE_2_length_255618_cov_107.055290_> (length 103)
prokka_out/CA139575:NODE_2_length_255618_cov_107.055290_> (length 289)
prokka_out/CA139575:NODE_2_length_255618_cov_107.055290_> (length 387)
prokka_out/CA139575:NODE_2_length_255618_cov_107.055290_> (length 302)
prokka_out/CA139575:NODE_2_length_255618_cov_107.055290_> (length 734)
prokka_out/CA139575:NODE_2_length_255618_cov_107.055290_> (length 856)
prokka_out/CA139575:NODE_2_length_255618_cov_107.055290_> (length 300)
prokka_out/CA139575:NODE_2_length_255618_cov_107.055290_> (length 143)
prokka_out/CA139575:NODE_2_length_255618_cov_107.055290_> (length 164)
prokka_out/CA139575:NODE_2_length_255618_cov_107.055290_> (length 99)
prokka_out/CA139575:NODE_2_length_255618_cov_107.055290_> (length 601)
prokka_out/CA139575:NODE_2_length_255618_cov_107.055290_> (length 602)
prokka_out/CA139575:NODE_2_length_255618_cov_107.055290_> (length 144)
prokka_out/CA139575:NODE_2_length_255618_cov_107.055290_> (length 106)
prokka_out/CA139575:NODE_2_length_255618_cov_107.055290_> (length 609)
prokka_out/CA139575:NODE_2_length_255618_cov_107.055290_> (length 122)
prokka_out/CA139575:NODE_2_length_255618_cov_107.055290_> (length 233)
prokka_out/CA139575:NODE_2_length_255618_cov_107.055290_> (length 399)
prokka_out/CA139575:NODE_2_length_255618_cov_107.055290_> (length 214)
prokka_out/CA139575:NODE_2_length_255618_cov_107.055290_> (length 81)
prokka_out/CA139575:NODE_2_length_255618_cov_107.055290_> (length 236)
prokka_out/CA139575:NODE_2_length_255618_cov_107.055290_> (length 440)
prokka_out/CA139575:NODE_2_length_255618_cov_107.055290_> (length 93)
prokka_out/CA139575:NODE_2_length_255618_cov_107.055290_> (length 857)
prokka_out/CA139575:NODE_2_length_255618_cov_107.055290_> (length 643)
prokka_out/CA139575:NODE_2_length_255618_cov_107.055290_> (length 183)
prokka_out/CA139575:NODE_2_length_255618_cov_107.055290_> (length 842)
prokka_out/CA139575:NODE_2_length_255618_cov_107.055290_> (length 359)
prokka_out/CA139575:NODE_2_length_255618_cov_107.055290_> (length 370)
prokka_out/CA139575:NODE_2_length_255618_cov_107.055290_> (length 284)
prokka_out/CA139575:NODE_2_length_255618_cov_107.055290_> (length 303)
prokka_out/CA139575:NODE_2_length_255618_cov_107.055290_> (length 411)
prokka_out/CA139575:NODE_2_length_255618_cov_107.055290_> (length 332)
prokka_out/CA139575:NODE_2_length_255618_cov_107.055290_> (length 161)
prokka_out/CA139575:NODE_2_length_255618_cov_107.055290_> (length 258)
prokka_out/CA139575:NODE_2_length_255618_cov_107.055290_> (length 425)
prokka_out/CA139575:NODE_2_length_255618_cov_107.055290_> (length 124)
prokka_out/CA139575:NODE_2_length_255618_cov_107.055290_> (length 233)
prokka_out/CA139575:NODE_2_length_255618_cov_107.055290_> (length 50)
prokka_out/CA139575:NODE_2_length_255618_cov_107.055290_> (length 691)
prokka_out/CA139575:NODE_2_length_255618_cov_107.055290_> (length 156)
prokka_out/CA139575:NODE_2_length_255618_cov_107.055290_> (length 128)
prokka_out/CA139575:NODE_2_length_255618_cov_107.055290_> (length 1516)
prokka_out/CA139575:NODE_2_length_255618_cov_107.055290_> (length 1375)
prokka_out/CA139575:NODE_2_length_255618_cov_107.055290_> (length 125)
prokka_out/CA139575:NODE_2_length_255618_cov_107.055290_> (length 159)
prokka_out/CA139575:NODE_2_length_255618_cov_107.055290_> (length 233)
prokka_out/CA139575:NODE_2_length_255618_cov_107.055290_> (length 141)
prokka_out/CA139575:NODE_2_length_255618_cov_107.055290_> (length 177)
prokka_out/CA139575:NODE_2_length_255618_cov_107.055290_> (length 59)
prokka_out/CA139575:NODE_2_length_255618_cov_107.055290_> (length 52)
prokka_out/CA139575:NODE_2_length_255618_cov_107.055290_> (length 399)
prokka_out/CA139575:NODE_2_length_255618_cov_107.055290_> (length 245)
prokka_out/CA139575:NODE_2_length_255618_cov_107.055290_> (length 218)
prokka_out/CA139575:NODE_2_length_255618_cov_107.055290_> (length 233)
prokka_out/CA139575:NODE_2_length_255618_cov_107.055290_> (length 198)
prokka_out/CA139575:NODE_2_length_255618_cov_107.055290_> (length 128)
prokka_out/CA139575:NODE_2_length_255618_cov_107.055290_> (length 604)
prokka_out/CA139575:NODE_2_length_255618_cov_107.055290_> (length 406)
prokka_out/CA139575:NODE_2_length_255618_cov_107.055290_> (length 348)
prokka_out/CA139575:NODE_2_length_255618_cov_107.055290_> (length 395)
prokka_out/CA139575:NODE_2_length_255618_cov_107.055290_> (length 362)
prokka_out/CA139575:NODE_2_length_255618_cov_107.055290_> (length 80)
prokka_out/CA139575:NODE_2_length_255618_cov_107.055290_> (length 433)
prokka_out/CA139575:NODE_2_length_255618_cov_107.055290_> (length 207)
prokka_out/CA139575:NODE_2_length_255618_cov_107.055290_> (length 328)
prokka_out/CA139575:NODE_2_length_255618_cov_107.055290_> (length 174)
prokka_out/CA139575:NODE_2_length_255618_cov_107.055290_> (length 172)
prokka_out/CA139575:NODE_2_length_255618_cov_107.055290_> (length 430)
prokka_out/CA139575:NODE_2_length_255618_cov_107.055290_> (length 253)
prokka_out/CA139575:NODE_2_length_255618_cov_107.055290_> (length 215)
prokka_out/CA139575:NODE_2_length_255618_cov_107.055290_> (length 64)
prokka_out/CA139575:NODE_2_length_255618_cov_107.055290_> (length 71)
prokka_out/CA139575:NODE_2_length_255618_cov_107.055290_> (length 364)
prokka_out/CA139575:NODE_2_length_255618_cov_107.055290_> (length 197)
prokka_out/CA139575:NODE_2_length_255618_cov_107.055290_> (length 687)
prokka_out/CA139575:NODE_2_length_255618_cov_107.055290_> (length 277)
prokka_out/CA139575:NODE_2_length_255618_cov_107.055290_> (length 390)
prokka_out/CA139575:NODE_2_length_255618_cov_107.055290_> (length 276)
prokka_out/CA139575:NODE_2_length_255618_cov_107.055290_> (length 414)
prokka_out/CA139575:NODE_2_length_255618_cov_107.055290_> (length 312)
prokka_out/CA139575:NODE_2_length_255618_cov_107.055290_> (length 404)
prokka_out/CA139575:NODE_2_length_255618_cov_107.055290_> (length 77)
prokka_out/CA139575:NODE_2_length_255618_cov_107.055290_> (length 221)
prokka_out/CA139575:NODE_2_length_255618_cov_107.055290_> (length 135)
prokka_out/CA139575:NODE_2_length_255618_cov_107.055290_> (length 247)
prokka_out/CA139575:NODE_2_length_255618_cov_107.055290_> (length 492)
prokka_out/CA139575:NODE_2_length_255618_cov_107.055290_> (length 353)
prokka_out/CA139575:NODE_2_length_255618_cov_107.055290_> (length 402)
prokka_out/CA139575:NODE_3_length_216379_cov_110.237168_1 (length 115)
prokka_out/CA139575:NODE_3_length_216379_cov_110.237168_2 (length 838)
prokka_out/CA139575:NODE_3_length_216379_cov_110.237168_3 (length 190)
prokka_out/CA139575:NODE_3_length_216379_cov_110.237168_4 (length 270)
prokka_out/CA139575:NODE_3_length_216379_cov_110.237168_5 (length 445)
prokka_out/CA139575:NODE_3_length_216379_cov_110.237168_6 (length 242)
prokka_out/CA139575:NODE_3_length_216379_cov_110.237168_7 (length 393)
prokka_out/CA139575:NODE_3_length_216379_cov_110.237168_8 (length 382)
prokka_out/CA139575:NODE_3_length_216379_cov_110.237168_9 (length 117)
prokka_out/CA139575:NODE_3_length_216379_cov_110.237168_> (length 1750)
prokka_out/CA139575:NODE_3_length_216379_cov_110.237168_> (length 740)
prokka_out/CA139575:NODE_3_length_216379_cov_110.237168_> (length 173)
prokka_out/CA139575:NODE_3_length_216379_cov_110.237168_> (length 133)
prokka_out/CA139575:NODE_3_length_216379_cov_110.237168_> (length 344)
prokka_out/CA139575:NODE_3_length_216379_cov_110.237168_> (length 267)
prokka_out/CA139575:NODE_3_length_216379_cov_110.237168_> (length 602)
prokka_out/CA139575:NODE_3_length_216379_cov_110.237168_> (length 172)
prokka_out/CA139575:NODE_3_length_216379_cov_110.237168_> (length 367)
prokka_out/CA139575:NODE_3_length_216379_cov_110.237168_> (length 342)
prokka_out/CA139575:NODE_3_length_216379_cov_110.237168_> (length 148)
prokka_out/CA139575:NODE_3_length_216379_cov_110.237168_> (length 279)
prokka_out/CA139575:NODE_3_length_216379_cov_110.237168_> (length 394)
prokka_out/CA139575:NODE_3_length_216379_cov_110.237168_> (length 209)
prokka_out/CA139575:NODE_3_length_216379_cov_110.237168_> (length 179)
prokka_out/CA139575:NODE_3_length_216379_cov_110.237168_> (length 462)
prokka_out/CA139575:NODE_3_length_216379_cov_110.237168_> (length 340)
prokka_out/CA139575:NODE_3_length_216379_cov_110.237168_> (length 136)
prokka_out/CA139575:NODE_3_length_216379_cov_110.237168_> (length 202)
prokka_out/CA139575:NODE_3_length_216379_cov_110.237168_> (length 185)
prokka_out/CA139575:NODE_3_length_216379_cov_110.237168_> (length 118)
prokka_out/CA139575:NODE_3_length_216379_cov_110.237168_> (length 231)
prokka_out/CA139575:NODE_3_length_216379_cov_110.237168_> (length 211)
prokka_out/CA139575:NODE_3_length_216379_cov_110.237168_> (length 627)
prokka_out/CA139575:NODE_3_length_216379_cov_110.237168_> (length 323)
prokka_out/CA139575:NODE_3_length_216379_cov_110.237168_> (length 393)
prokka_out/CA139575:NODE_3_length_216379_cov_110.237168_> (length 388)
prokka_out/CA139575:NODE_3_length_216379_cov_110.237168_> (length 63)
prokka_out/CA139575:NODE_3_length_216379_cov_110.237168_> (length 117)
prokka_out/CA139575:NODE_3_length_216379_cov_110.237168_> (length 287)
prokka_out/CA139575:NODE_3_length_216379_cov_110.237168_> (length 94)
prokka_out/CA139575:NODE_3_length_216379_cov_110.237168_> (length 436)
prokka_out/CA139575:NODE_3_length_216379_cov_110.237168_> (length 50)
prokka_out/CA139575:NODE_3_length_216379_cov_110.237168_> (length 157)
prokka_out/CA139575:NODE_3_length_216379_cov_110.237168_> (length 87)
prokka_out/CA139575:NODE_3_length_216379_cov_110.237168_> (length 378)
prokka_out/CA139575:NODE_3_length_216379_cov_110.237168_> (length 252)
prokka_out/CA139575:NODE_3_length_216379_cov_110.237168_> (length 515)
prokka_out/CA139575:NODE_3_length_216379_cov_110.237168_> (length 118)
prokka_out/CA139575:NODE_3_length_216379_cov_110.237168_> (length 80)
prokka_out/CA139575:NODE_3_length_216379_cov_110.237168_> (length 334)
prokka_out/CA139575:NODE_3_length_216379_cov_110.237168_> (length 124)
prokka_out/CA139575:NODE_3_length_216379_cov_110.237168_> (length 236)
prokka_out/CA139575:NODE_3_length_216379_cov_110.237168_> (length 705)
prokka_out/CA139575:NODE_3_length_216379_cov_110.237168_> (length 169)
prokka_out/CA139575:NODE_3_length_216379_cov_110.237168_> (length 176)
prokka_out/CA139575:NODE_3_length_216379_cov_110.237168_> (length 360)
prokka_out/CA139575:NODE_3_length_216379_cov_110.237168_> (length 304)
prokka_out/CA139575:NODE_3_length_216379_cov_110.237168_> (length 68)
prokka_out/CA139575:NODE_3_length_216379_cov_110.237168_> (length 152)
prokka_out/CA139575:NODE_3_length_216379_cov_110.237168_> (length 363)
prokka_out/CA139575:NODE_3_length_216379_cov_110.237168_> (length 146)
prokka_out/CA139575:NODE_3_length_216379_cov_110.237168_> (length 263)
prokka_out/CA139575:NODE_3_length_216379_cov_110.237168_> (length 407)
prokka_out/CA139575:NODE_3_length_216379_cov_110.237168_> (length 346)
prokka_out/CA139575:NODE_3_length_216379_cov_110.237168_> (length 249)
prokka_out/CA139575:NODE_3_length_216379_cov_110.237168_> (length 307)
prokka_out/CA139575:NODE_3_length_216379_cov_110.237168_> (length 635)
prokka_out/CA139575:NODE_3_length_216379_cov_110.237168_> (length 291)
prokka_out/CA139575:NODE_3_length_216379_cov_110.237168_> (length 375)
prokka_out/CA139575:NODE_3_length_216379_cov_110.237168_> (length 484)
prokka_out/CA139575:NODE_3_length_216379_cov_110.237168_> (length 313)
prokka_out/CA139575:NODE_3_length_216379_cov_110.237168_> (length 297)
prokka_out/CA139575:NODE_3_length_216379_cov_110.237168_> (length 67)
prokka_out/CA139575:NODE_3_length_216379_cov_110.237168_> (length 61)
prokka_out/CA139575:NODE_3_length_216379_cov_110.237168_> (length 115)
prokka_out/CA139575:NODE_3_length_216379_cov_110.237168_> (length 84)
prokka_out/CA139575:NODE_3_length_216379_cov_110.237168_> (length 1089)
prokka_out/CA139575:NODE_3_length_216379_cov_110.237168_> (length 140)
prokka_out/CA139575:NODE_3_length_216379_cov_110.237168_> (length 328)
prokka_out/CA139575:NODE_3_length_216379_cov_110.237168_> (length 207)
prokka_out/CA139575:NODE_3_length_216379_cov_110.237168_> (length 173)
prokka_out/CA139575:NODE_3_length_216379_cov_110.237168_> (length 764)
prokka_out/CA139575:NODE_3_length_216379_cov_110.237168_> (length 318)
prokka_out/CA139575:NODE_3_length_216379_cov_110.237168_> (length 211)
prokka_out/CA139575:NODE_3_length_216379_cov_110.237168_> (length 161)
prokka_out/CA139575:NODE_3_length_216379_cov_110.237168_> (length 363)
prokka_out/CA139575:NODE_3_length_216379_cov_110.237168_> (length 294)
prokka_out/CA139575:NODE_3_length_216379_cov_110.237168_> (length 65)
prokka_out/CA139575:NODE_3_length_216379_cov_110.237168_> (length 125)
prokka_out/CA139575:NODE_3_length_216379_cov_110.237168_> (length 267)
prokka_out/CA139575:NODE_3_length_216379_cov_110.237168_> (length 258)
prokka_out/CA139575:NODE_3_length_216379_cov_110.237168_> (length 80)
prokka_out/CA139575:NODE_3_length_216379_cov_110.237168_> (length 126)
prokka_out/CA139575:NODE_3_length_216379_cov_110.237168_> (length 144)
prokka_out/CA139575:NODE_3_length_216379_cov_110.237168_> (length 257)
prokka_out/CA139575:NODE_3_length_216379_cov_110.237168_> (length 218)
prokka_out/CA139575:NODE_3_length_216379_cov_110.237168_> (length 150)
prokka_out/CA139575:NODE_3_length_216379_cov_110.237168_> (length 126)
prokka_out/CA139575:NODE_3_length_216379_cov_110.237168_> (length 282)
prokka_out/CA139575:NODE_3_length_216379_cov_110.237168_> (length 274)
prokka_out/CA139575:NODE_3_length_216379_cov_110.237168_> (length 257)
prokka_out/CA139575:NODE_3_length_216379_cov_110.237168_> (length 294)
prokka_out/CA139575:NODE_3_length_216379_cov_110.237168_> (length 222)
prokka_out/CA139575:NODE_3_length_216379_cov_110.237168_> (length 133)
prokka_out/CA139575:NODE_3_length_216379_cov_110.237168_> (length 249)
prokka_out/CA139575:NODE_3_length_216379_cov_110.237168_> (length 228)
prokka_out/CA139575:NODE_3_length_216379_cov_110.237168_> (length 203)
prokka_out/CA139575:NODE_3_length_216379_cov_110.237168_> (length 380)
prokka_out/CA139575:NODE_3_length_216379_cov_110.237168_> (length 427)
prokka_out/CA139575:NODE_3_length_216379_cov_110.237168_> (length 201)
prokka_out/CA139575:NODE_3_length_216379_cov_110.237168_> (length 104)
prokka_out/CA139575:NODE_3_length_216379_cov_110.237168_> (length 108)
prokka_out/CA139575:NODE_3_length_216379_cov_110.237168_> (length 178)
prokka_out/CA139575:NODE_3_length_216379_cov_110.237168_> (length 180)
prokka_out/CA139575:NODE_3_length_216379_cov_110.237168_> (length 352)
prokka_out/CA139575:NODE_3_length_216379_cov_110.237168_> (length 402)
prokka_out/CA139575:NODE_3_length_216379_cov_110.237168_> (length 255)
prokka_out/CA139575:NODE_3_length_216379_cov_110.237168_> (length 359)
prokka_out/CA139575:NODE_3_length_216379_cov_110.237168_> (length 364)
prokka_out/CA139575:NODE_3_length_216379_cov_110.237168_> (length 560)
prokka_out/CA139575:NODE_3_length_216379_cov_110.237168_> (length 342)
prokka_out/CA139575:NODE_3_length_216379_cov_110.237168_> (length 276)
prokka_out/CA139575:NODE_3_length_216379_cov_110.237168_> (length 625)
prokka_out/CA139575:NODE_3_length_216379_cov_110.237168_> (length 136)
prokka_out/CA139575:NODE_3_length_216379_cov_110.237168_> (length 400)
prokka_out/CA139575:NODE_3_length_216379_cov_110.237168_> (length 235)
prokka_out/CA139575:NODE_3_length_216379_cov_110.237168_> (length 497)
prokka_out/CA139575:NODE_3_length_216379_cov_110.237168_> (length 147)
prokka_out/CA139575:NODE_3_length_216379_cov_110.237168_> (length 321)
prokka_out/CA139575:NODE_3_length_216379_cov_110.237168_> (length 387)
prokka_out/CA139575:NODE_3_length_216379_cov_110.237168_> (length 358)
prokka_out/CA139575:NODE_3_length_216379_cov_110.237168_> (length 325)
prokka_out/CA139575:NODE_3_length_216379_cov_110.237168_> (length 328)
prokka_out/CA139575:NODE_3_length_216379_cov_110.237168_> (length 48)
prokka_out/CA139575:NODE_3_length_216379_cov_110.237168_> (length 119)
prokka_out/CA139575:NODE_3_length_216379_cov_110.237168_> (length 137)
prokka_out/CA139575:NODE_3_length_216379_cov_110.237168_> (length 94)
prokka_out/CA139575:NODE_3_length_216379_cov_110.237168_> (length 198)
prokka_out/CA139575:NODE_3_length_216379_cov_110.237168_> (length 362)
prokka_out/CA139575:NODE_3_length_216379_cov_110.237168_> (length 243)
prokka_out/CA139575:NODE_3_length_216379_cov_110.237168_> (length 258)
prokka_out/CA139575:NODE_3_length_216379_cov_110.237168_> (length 879)
prokka_out/CA139575:NODE_3_length_216379_cov_110.237168_> (length 147)
prokka_out/CA139575:NODE_3_length_216379_cov_110.237168_> (length 196)
prokka_out/CA139575:NODE_3_length_216379_cov_110.237168_> (length 225)
prokka_out/CA139575:NODE_3_length_216379_cov_110.237168_> (length 177)
prokka_out/CA139575:NODE_3_length_216379_cov_110.237168_> (length 940)
prokka_out/CA139575:NODE_3_length_216379_cov_110.237168_> (length 261)
prokka_out/CA139575:NODE_3_length_216379_cov_110.237168_> (length 413)
prokka_out/CA139575:NODE_3_length_216379_cov_110.237168_> (length 530)
prokka_out/CA139575:NODE_3_length_216379_cov_110.237168_> (length 199)
prokka_out/CA139575:NODE_3_length_216379_cov_110.237168_> (length 392)
prokka_out/CA139575:NODE_3_length_216379_cov_110.237168_> (length 249)
prokka_out/CA139575:NODE_3_length_216379_cov_110.237168_> (length 140)
prokka_out/CA139575:NODE_3_length_216379_cov_110.237168_> (length 102)
prokka_out/CA139575:NODE_3_length_216379_cov_110.237168_> (length 263)
prokka_out/CA139575:NODE_3_length_216379_cov_110.237168_> (length 486)
prokka_out/CA139575:NODE_3_length_216379_cov_110.237168_> (length 81)
prokka_out/CA139575:NODE_3_length_216379_cov_110.237168_> (length 223)
prokka_out/CA139575:NODE_3_length_216379_cov_110.237168_> (length 105)
prokka_out/CA139575:NODE_3_length_216379_cov_110.237168_> (length 203)
prokka_out/CA139575:NODE_3_length_216379_cov_110.237168_> (length 341)
prokka_out/CA139575:NODE_3_length_216379_cov_110.237168_> (length 446)
prokka_out/CA139575:NODE_3_length_216379_cov_110.237168_> (length 156)
prokka_out/CA139575:NODE_3_length_216379_cov_110.237168_> (length 150)
prokka_out/CA139575:NODE_3_length_216379_cov_110.237168_> (length 436)
prokka_out/CA139575:NODE_3_length_216379_cov_110.237168_> (length 83)
prokka_out/CA139575:NODE_3_length_216379_cov_110.237168_> (length 492)
prokka_out/CA139575:NODE_3_length_216379_cov_110.237168_> (length 1040)
prokka_out/CA139575:NODE_3_length_216379_cov_110.237168_> (length 367)
prokka_out/CA139575:NODE_3_length_216379_cov_110.237168_> (length 211)
prokka_out/CA139575:NODE_3_length_216379_cov_110.237168_> (length 458)
prokka_out/CA139575:NODE_3_length_216379_cov_110.237168_> (length 70)
prokka_out/CA139575:NODE_3_length_216379_cov_110.237168_> (length 201)
prokka_out/CA139575:NODE_3_length_216379_cov_110.237168_> (length 389)
prokka_out/CA139575:NODE_3_length_216379_cov_110.237168_> (length 311)
prokka_out/CA139575:NODE_3_length_216379_cov_110.237168_> (length 163)
prokka_out/CA139575:NODE_3_length_216379_cov_110.237168_> (length 161)
prokka_out/CA139575:NODE_3_length_216379_cov_110.237168_> (length 273)
prokka_out/CA139575:NODE_3_length_216379_cov_110.237168_> (length 570)
prokka_out/CA139575:NODE_3_length_216379_cov_110.237168_> (length 182)
prokka_out/CA139575:NODE_3_length_216379_cov_110.237168_> (length 297)
prokka_out/CA139575:NODE_3_length_216379_cov_110.237168_> (length 259)
prokka_out/CA139575:NODE_3_length_216379_cov_110.237168_> (length 279)
prokka_out/CA139575:NODE_3_length_216379_cov_110.237168_> (length 132)
prokka_out/CA139575:NODE_3_length_216379_cov_110.237168_> (length 154)
prokka_out/CA139575:NODE_3_length_216379_cov_110.237168_> (length 270)
prokka_out/CA139575:NODE_3_length_216379_cov_110.237168_> (length 310)
prokka_out/CA139575:NODE_3_length_216379_cov_110.237168_> (length 460)
prokka_out/CA139575:NODE_3_length_216379_cov_110.237168_> (length 165)
prokka_out/CA139575:NODE_3_length_216379_cov_110.237168_> (length 319)
prokka_out/CA139575:NODE_3_length_216379_cov_110.237168_> (length 411)
prokka_out/CA139575:NODE_3_length_216379_cov_110.237168_> (length 820)
prokka_out/CA139575:NODE_3_length_216379_cov_110.237168_> (length 208)
prokka_out/CA139575:NODE_3_length_216379_cov_110.237168_> (length 480)
prokka_out/CA139575:NODE_3_length_216379_cov_110.237168_> (length 448)
prokka_out/CA139575:NODE_3_length_216379_cov_110.237168_> (length 209)
prokka_out/CA139575:NODE_3_length_216379_cov_110.237168_> (length 95)
prokka_out/CA139575:NODE_3_length_216379_cov_110.237168_> (length 332)
prokka_out/CA139575:NODE_3_length_216379_cov_110.237168_> (length 192)
prokka_out/CA139575:NODE_3_length_216379_cov_110.237168_> (length 95)
prokka_out/CA139575:NODE_3_length_216379_cov_110.237168_> (length 186)
prokka_out/CA139575:NODE_3_length_216379_cov_110.237168_> (length 156)
prokka_out/CA139575:NODE_3_length_216379_cov_110.237168_> (length 502)
prokka_out/CA139575:NODE_3_length_216379_cov_110.237168_> (length 414)
prokka_out/CA139575:NODE_3_length_216379_cov_110.237168_> (length 181)
prokka_out/CA139575:NODE_3_length_216379_cov_110.237168_> (length 275)
prokka_out/CA139575:NODE_3_length_216379_cov_110.237168_> (length 263)
prokka_out/CA139575:NODE_3_length_216379_cov_110.237168_> (length 301)
prokka_out/CA139575:NODE_3_length_216379_cov_110.237168_> (length 271)
prokka_out/CA139575:NODE_3_length_216379_cov_110.237168_> (length 261)
prokka_out/CA139575:NODE_3_length_216379_cov_110.237168_> (length 663)
prokka_out/CA139575:NODE_3_length_216379_cov_110.237168_> (length 241)
prokka_out/CA139575:NODE_3_length_216379_cov_110.237168_> (length 728)
prokka_out/CA139575:NODE_3_length_216379_cov_110.237168_> (length 610)
prokka_out/CA139575:NODE_3_length_216379_cov_110.237168_> (length 234)
prokka_out/CA139575:NODE_3_length_216379_cov_110.237168_> (length 226)
prokka_out/CA139575:NODE_3_length_216379_cov_110.237168_> (length 120)
prokka_out/CA139575:NODE_3_length_216379_cov_110.237168_> (length 190)
prokka_out/CA139575:NODE_3_length_216379_cov_110.237168_> (length 318)
prokka_out/CA139575:NODE_3_length_216379_cov_110.237168_> (length 69)
prokka_out/CA139575:NODE_3_length_216379_cov_110.237168_> (length 140)
prokka_out/CA139575:NODE_3_length_216379_cov_110.237168_> (length 117)
prokka_out/CA139575:NODE_3_length_216379_cov_110.237168_> (length 68)
prokka_out/CA139575:NODE_3_length_216379_cov_110.237168_> (length 99)
prokka_out/CA139575:NODE_3_length_216379_cov_110.237168_> (length 525)
prokka_out/CA139575:NODE_3_length_216379_cov_110.237168_> (length 110)
prokka_out/CA139575:NODE_3_length_216379_cov_110.237168_> (length 125)
prokka_out/CA139575:NODE_3_length_216379_cov_110.237168_> (length 194)
prokka_out/CA139575:NODE_3_length_216379_cov_110.237168_> (length 407)
prokka_out/CA139575:NODE_3_length_216379_cov_110.237168_> (length 255)
prokka_out/CA139575:NODE_3_length_216379_cov_110.237168_> (length 545)
prokka_out/CA139575:NODE_4_length_167782_cov_107.829555_1 (length 66)
prokka_out/CA139575:NODE_4_length_167782_cov_107.829555_2 (length 788)
prokka_out/CA139575:NODE_4_length_167782_cov_107.829555_3 (length 457)
prokka_out/CA139575:NODE_4_length_167782_cov_107.829555_4 (length 496)
prokka_out/CA139575:NODE_4_length_167782_cov_107.829555_5 (length 596)
prokka_out/CA139575:NODE_4_length_167782_cov_107.829555_6 (length 97)
prokka_out/CA139575:NODE_4_length_167782_cov_107.829555_7 (length 171)
prokka_out/CA139575:NODE_4_length_167782_cov_107.829555_8 (length 221)
prokka_out/CA139575:NODE_4_length_167782_cov_107.829555_9 (length 332)
prokka_out/CA139575:NODE_4_length_167782_cov_107.829555_> (length 820)
prokka_out/CA139575:NODE_4_length_167782_cov_107.829555_> (length 230)
prokka_out/CA139575:NODE_4_length_167782_cov_107.829555_> (length 75)
prokka_out/CA139575:NODE_4_length_167782_cov_107.829555_> (length 408)
prokka_out/CA139575:NODE_4_length_167782_cov_107.829555_> (length 263)
prokka_out/CA139575:NODE_4_length_167782_cov_107.829555_> (length 167)
prokka_out/CA139575:NODE_4_length_167782_cov_107.829555_> (length 129)
prokka_out/CA139575:NODE_4_length_167782_cov_107.829555_> (length 221)
prokka_out/CA139575:NODE_4_length_167782_cov_107.829555_> (length 236)
prokka_out/CA139575:NODE_4_length_167782_cov_107.829555_> (length 251)
prokka_out/CA139575:NODE_4_length_167782_cov_107.829555_> (length 314)
prokka_out/CA139575:NODE_4_length_167782_cov_107.829555_> (length 512)
prokka_out/CA139575:NODE_4_length_167782_cov_107.829555_> (length 925)
prokka_out/CA139575:NODE_4_length_167782_cov_107.829555_> (length 140)
prokka_out/CA139575:NODE_4_length_167782_cov_107.829555_> (length 543)
prokka_out/CA139575:NODE_4_length_167782_cov_107.829555_> (length 435)
prokka_out/CA139575:NODE_4_length_167782_cov_107.829555_> (length 72)
prokka_out/CA139575:NODE_4_length_167782_cov_107.829555_> (length 144)
prokka_out/CA139575:NODE_4_length_167782_cov_107.829555_> (length 52)
prokka_out/CA139575:NODE_4_length_167782_cov_107.829555_> (length 386)
prokka_out/CA139575:NODE_4_length_167782_cov_107.829555_> (length 205)
prokka_out/CA139575:NODE_4_length_167782_cov_107.829555_> (length 261)
prokka_out/CA139575:NODE_4_length_167782_cov_107.829555_> (length 162)
prokka_out/CA139575:NODE_4_length_167782_cov_107.829555_> (length 286)
prokka_out/CA139575:NODE_4_length_167782_cov_107.829555_> (length 72)
prokka_out/CA139575:NODE_4_length_167782_cov_107.829555_> (length 121)
prokka_out/CA139575:NODE_4_length_167782_cov_107.829555_> (length 130)
prokka_out/CA139575:NODE_4_length_167782_cov_107.829555_> (length 208)
prokka_out/CA139575:NODE_4_length_167782_cov_107.829555_> (length 337)
prokka_out/CA139575:NODE_4_length_167782_cov_107.829555_> (length 117)
prokka_out/CA139575:NODE_4_length_167782_cov_107.829555_> (length 299)
prokka_out/CA139575:NODE_4_length_167782_cov_107.829555_> (length 428)
prokka_out/CA139575:NODE_4_length_167782_cov_107.829555_> (length 353)
prokka_out/CA139575:NODE_4_length_167782_cov_107.829555_> (length 195)
prokka_out/CA139575:NODE_4_length_167782_cov_107.829555_> (length 242)
prokka_out/CA139575:NODE_4_length_167782_cov_107.829555_> (length 255)
prokka_out/CA139575:NODE_4_length_167782_cov_107.829555_> (length 207)
prokka_out/CA139575:NODE_4_length_167782_cov_107.829555_> (length 171)
prokka_out/CA139575:NODE_4_length_167782_cov_107.829555_> (length 387)
prokka_out/CA139575:NODE_4_length_167782_cov_107.829555_> (length 368)
prokka_out/CA139575:NODE_4_length_167782_cov_107.829555_> (length 371)
prokka_out/CA139575:NODE_4_length_167782_cov_107.829555_> (length 295)
prokka_out/CA139575:NODE_4_length_167782_cov_107.829555_> (length 386)
prokka_out/CA139575:NODE_4_length_167782_cov_107.829555_> (length 166)
prokka_out/CA139575:NODE_4_length_167782_cov_107.829555_> (length 87)
prokka_out/CA139575:NODE_4_length_167782_cov_107.829555_> (length 355)
prokka_out/CA139575:NODE_4_length_167782_cov_107.829555_> (length 251)
prokka_out/CA139575:NODE_4_length_167782_cov_107.829555_> (length 702)
prokka_out/CA139575:NODE_4_length_167782_cov_107.829555_> (length 333)
prokka_out/CA139575:NODE_4_length_167782_cov_107.829555_> (length 259)
prokka_out/CA139575:NODE_4_length_167782_cov_107.829555_> (length 268)
prokka_out/CA139575:NODE_4_length_167782_cov_107.829555_> (length 285)
prokka_out/CA139575:NODE_4_length_167782_cov_107.829555_> (length 420)
prokka_out/CA139575:NODE_4_length_167782_cov_107.829555_> (length 339)
prokka_out/CA139575:NODE_4_length_167782_cov_107.829555_> (length 228)
prokka_out/CA139575:NODE_4_length_167782_cov_107.829555_> (length 112)
prokka_out/CA139575:NODE_4_length_167782_cov_107.829555_> (length 78)
prokka_out/CA139575:NODE_4_length_167782_cov_107.829555_> (length 252)
prokka_out/CA139575:NODE_4_length_167782_cov_107.829555_> (length 109)
prokka_out/CA139575:NODE_4_length_167782_cov_107.829555_> (length 577)
prokka_out/CA139575:NODE_4_length_167782_cov_107.829555_> (length 326)
prokka_out/CA139575:NODE_4_length_167782_cov_107.829555_> (length 173)
prokka_out/CA139575:NODE_4_length_167782_cov_107.829555_> (length 454)
prokka_out/CA139575:NODE_4_length_167782_cov_107.829555_> (length 440)
prokka_out/CA139575:NODE_4_length_167782_cov_107.829555_> (length 138)
prokka_out/CA139575:NODE_4_length_167782_cov_107.829555_> (length 245)
prokka_out/CA139575:NODE_4_length_167782_cov_107.829555_> (length 141)
prokka_out/CA139575:NODE_4_length_167782_cov_107.829555_> (length 129)
prokka_out/CA139575:NODE_4_length_167782_cov_107.829555_> (length 289)
prokka_out/CA139575:NODE_4_length_167782_cov_107.829555_> (length 53)
prokka_out/CA139575:NODE_4_length_167782_cov_107.829555_> (length 327)
prokka_out/CA139575:NODE_4_length_167782_cov_107.829555_> (length 447)
prokka_out/CA139575:NODE_4_length_167782_cov_107.829555_> (length 695)
prokka_out/CA139575:NODE_4_length_167782_cov_107.829555_> (length 875)
prokka_out/CA139575:NODE_4_length_167782_cov_107.829555_> (length 182)
prokka_out/CA139575:NODE_4_length_167782_cov_107.829555_> (length 363)
prokka_out/CA139575:NODE_4_length_167782_cov_107.829555_> (length 224)
prokka_out/CA139575:NODE_4_length_167782_cov_107.829555_> (length 146)
prokka_out/CA139575:NODE_4_length_167782_cov_107.829555_> (length 327)
prokka_out/CA139575:NODE_4_length_167782_cov_107.829555_> (length 608)
prokka_out/CA139575:NODE_4_length_167782_cov_107.829555_> (length 89)
prokka_out/CA139575:NODE_4_length_167782_cov_107.829555_> (length 185)
prokka_out/CA139575:NODE_4_length_167782_cov_107.829555_> (length 427)
prokka_out/CA139575:NODE_4_length_167782_cov_107.829555_> (length 101)
prokka_out/CA139575:NODE_4_length_167782_cov_107.829555_> (length 363)
prokka_out/CA139575:NODE_4_length_167782_cov_107.829555_> (length 279)
prokka_out/CA139575:NODE_4_length_167782_cov_107.829555_> (length 632)
prokka_out/CA139575:NODE_4_length_167782_cov_107.829555_> (length 371)
prokka_out/CA139575:NODE_4_length_167782_cov_107.829555_> (length 240)
prokka_out/CA139575:NODE_4_length_167782_cov_107.829555_> (length 298)
prokka_out/CA139575:NODE_4_length_167782_cov_107.829555_> (length 200)
prokka_out/CA139575:NODE_4_length_167782_cov_107.829555_> (length 166)
prokka_out/CA139575:NODE_4_length_167782_cov_107.829555_> (length 252)
prokka_out/CA139575:NODE_4_length_167782_cov_107.829555_> (length 247)
prokka_out/CA139575:NODE_4_length_167782_cov_107.829555_> (length 154)
prokka_out/CA139575:NODE_4_length_167782_cov_107.829555_> (length 389)
prokka_out/CA139575:NODE_4_length_167782_cov_107.829555_> (length 382)
prokka_out/CA139575:NODE_4_length_167782_cov_107.829555_> (length 60)
prokka_out/CA139575:NODE_4_length_167782_cov_107.829555_> (length 689)
prokka_out/CA139575:NODE_4_length_167782_cov_107.829555_> (length 179)
prokka_out/CA139575:NODE_4_length_167782_cov_107.829555_> (length 467)
prokka_out/CA139575:NODE_4_length_167782_cov_107.829555_> (length 431)
prokka_out/CA139575:NODE_4_length_167782_cov_107.829555_> (length 372)
prokka_out/CA139575:NODE_4_length_167782_cov_107.829555_> (length 215)
prokka_out/CA139575:NODE_4_length_167782_cov_107.829555_> (length 162)
prokka_out/CA139575:NODE_4_length_167782_cov_107.829555_> (length 167)
prokka_out/CA139575:NODE_4_length_167782_cov_107.829555_> (length 345)
prokka_out/CA139575:NODE_4_length_167782_cov_107.829555_> (length 84)
prokka_out/CA139575:NODE_4_length_167782_cov_107.829555_> (length 102)
prokka_out/CA139575:NODE_4_length_167782_cov_107.829555_> (length 328)
prokka_out/CA139575:NODE_4_length_167782_cov_107.829555_> (length 207)
prokka_out/CA139575:NODE_4_length_167782_cov_107.829555_> (length 450)
prokka_out/CA139575:NODE_4_length_167782_cov_107.829555_> (length 445)
prokka_out/CA139575:NODE_4_length_167782_cov_107.829555_> (length 468)
prokka_out/CA139575:NODE_4_length_167782_cov_107.829555_> (length 231)
prokka_out/CA139575:NODE_4_length_167782_cov_107.829555_> (length 230)
prokka_out/CA139575:NODE_4_length_167782_cov_107.829555_> (length 66)
prokka_out/CA139575:NODE_4_length_167782_cov_107.829555_> (length 207)
prokka_out/CA139575:NODE_4_length_167782_cov_107.829555_> (length 34)
prokka_out/CA139575:NODE_4_length_167782_cov_107.829555_> (length 374)
prokka_out/CA139575:NODE_4_length_167782_cov_107.829555_> (length 520)
prokka_out/CA139575:NODE_4_length_167782_cov_107.829555_> (length 76)
prokka_out/CA139575:NODE_4_length_167782_cov_107.829555_> (length 555)
prokka_out/CA139575:NODE_4_length_167782_cov_107.829555_> (length 245)
prokka_out/CA139575:NODE_4_length_167782_cov_107.829555_> (length 479)
prokka_out/CA139575:NODE_4_length_167782_cov_107.829555_> (length 218)
prokka_out/CA139575:NODE_4_length_167782_cov_107.829555_> (length 229)
prokka_out/CA139575:NODE_4_length_167782_cov_107.829555_> (length 203)
prokka_out/CA139575:NODE_4_length_167782_cov_107.829555_> (length 343)
prokka_out/CA139575:NODE_4_length_167782_cov_107.829555_> (length 298)
prokka_out/CA139575:NODE_4_length_167782_cov_107.829555_> (length 409)
prokka_out/CA139575:NODE_4_length_167782_cov_107.829555_> (length 162)
prokka_out/CA139575:NODE_4_length_167782_cov_107.829555_> (length 160)
prokka_out/CA139575:NODE_4_length_167782_cov_107.829555_> (length 476)
prokka_out/CA139575:NODE_4_length_167782_cov_107.829555_> (length 288)
prokka_out/CA139575:NODE_4_length_167782_cov_107.829555_> (length 118)
prokka_out/CA139575:NODE_4_length_167782_cov_107.829555_> (length 230)
prokka_out/CA139575:NODE_4_length_167782_cov_107.829555_> (length 358)
prokka_out/CA139575:NODE_4_length_167782_cov_107.829555_> (length 278)
prokka_out/CA139575:NODE_4_length_167782_cov_107.829555_> (length 199)
prokka_out/CA139575:NODE_4_length_167782_cov_107.829555_> (length 82)
prokka_out/CA139575:NODE_4_length_167782_cov_107.829555_> (length 175)
prokka_out/CA139575:NODE_4_length_167782_cov_107.829555_> (length 215)
prokka_out/CA139575:NODE_4_length_167782_cov_107.829555_> (length 262)
prokka_out/CA139575:NODE_4_length_167782_cov_107.829555_> (length 201)
prokka_out/CA139575:NODE_4_length_167782_cov_107.829555_> (length 338)
prokka_out/CA139575:NODE_4_length_167782_cov_107.829555_> (length 116)
prokka_out/CA139575:NODE_4_length_167782_cov_107.829555_> (length 79)
prokka_out/CA139575:NODE_4_length_167782_cov_107.829555_> (length 74)
prokka_out/CA139575:NODE_4_length_167782_cov_107.829555_> (length 116)
prokka_out/CA139575:NODE_4_length_167782_cov_107.829555_> (length 101)
prokka_out/CA139575:NODE_4_length_167782_cov_107.829555_> (length 239)
prokka_out/CA139575:NODE_4_length_167782_cov_107.829555_> (length 623)
prokka_out/CA139575:NODE_4_length_167782_cov_107.829555_> (length 545)
prokka_out/CA139575:NODE_4_length_167782_cov_107.829555_> (length 294)
prokka_out/CA139575:NODE_4_length_167782_cov_107.829555_> (length 628)
prokka_out/CA139575:NODE_4_length_167782_cov_107.829555_> (length 107)
prokka_out/CA139575:NODE_4_length_167782_cov_107.829555_> (length 602)
prokka_out/CA139575:NODE_4_length_167782_cov_107.829555_> (length 216)
prokka_out/CA139575:NODE_4_length_167782_cov_107.829555_> (length 449)
prokka_out/CA139575:NODE_4_length_167782_cov_107.829555_> (length 402)
prokka_out/CA139575:NODE_4_length_167782_cov_107.829555_> (length 233)
prokka_out/CA139575:NODE_4_length_167782_cov_107.829555_> (length 162)
prokka_out/CA139575:NODE_4_length_167782_cov_107.829555_> (length 1269)
prokka_out/CA139575:NODE_4_length_167782_cov_107.829555_> (length 929)
prokka_out/CA139575:NODE_5_length_155382_cov_111.273969_1 (length 142)
prokka_out/CA139575:NODE_5_length_155382_cov_111.273969_2 (length 252)
prokka_out/CA139575:NODE_5_length_155382_cov_111.273969_3 (length 140)
prokka_out/CA139575:NODE_5_length_155382_cov_111.273969_4 (length 105)
prokka_out/CA139575:NODE_5_length_155382_cov_111.273969_5 (length 315)
prokka_out/CA139575:NODE_5_length_155382_cov_111.273969_6 (length 323)
prokka_out/CA139575:NODE_5_length_155382_cov_111.273969_7 (length 169)
prokka_out/CA139575:NODE_5_length_155382_cov_111.273969_8 (length 371)
prokka_out/CA139575:NODE_5_length_155382_cov_111.273969_9 (length 200)
prokka_out/CA139575:NODE_5_length_155382_cov_111.273969_> (length 495)
prokka_out/CA139575:NODE_5_length_155382_cov_111.273969_> (length 356)
prokka_out/CA139575:NODE_5_length_155382_cov_111.273969_> (length 410)
prokka_out/CA139575:NODE_5_length_155382_cov_111.273969_> (length 254)
prokka_out/CA139575:NODE_5_length_155382_cov_111.273969_> (length 199)
prokka_out/CA139575:NODE_5_length_155382_cov_111.273969_> (length 531)
prokka_out/CA139575:NODE_5_length_155382_cov_111.273969_> (length 769)
prokka_out/CA139575:NODE_5_length_155382_cov_111.273969_> (length 358)
prokka_out/CA139575:NODE_5_length_155382_cov_111.273969_> (length 150)
prokka_out/CA139575:NODE_5_length_155382_cov_111.273969_> (length 396)
prokka_out/CA139575:NODE_5_length_155382_cov_111.273969_> (length 73)
prokka_out/CA139575:NODE_5_length_155382_cov_111.273969_> (length 124)
prokka_out/CA139575:NODE_5_length_155382_cov_111.273969_> (length 639)
prokka_out/CA139575:NODE_5_length_155382_cov_111.273969_> (length 74)
prokka_out/CA139575:NODE_5_length_155382_cov_111.273969_> (length 259)
prokka_out/CA139575:NODE_5_length_155382_cov_111.273969_> (length 181)
prokka_out/CA139575:NODE_5_length_155382_cov_111.273969_> (length 264)
prokka_out/CA139575:NODE_5_length_155382_cov_111.273969_> (length 211)
prokka_out/CA139575:NODE_5_length_155382_cov_111.273969_> (length 131)
prokka_out/CA139575:NODE_5_length_155382_cov_111.273969_> (length 221)
prokka_out/CA139575:NODE_5_length_155382_cov_111.273969_> (length 119)
prokka_out/CA139575:NODE_5_length_155382_cov_111.273969_> (length 137)
prokka_out/CA139575:NODE_5_length_155382_cov_111.273969_> (length 288)
prokka_out/CA139575:NODE_5_length_155382_cov_111.273969_> (length 295)
prokka_out/CA139575:NODE_5_length_155382_cov_111.273969_> (length 161)
prokka_out/CA139575:NODE_5_length_155382_cov_111.273969_> (length 299)
prokka_out/CA139575:NODE_5_length_155382_cov_111.273969_> (length 254)
prokka_out/CA139575:NODE_5_length_155382_cov_111.273969_> (length 321)
prokka_out/CA139575:NODE_5_length_155382_cov_111.273969_> (length 246)
prokka_out/CA139575:NODE_5_length_155382_cov_111.273969_> (length 389)
prokka_out/CA139575:NODE_5_length_155382_cov_111.273969_> (length 256)
prokka_out/CA139575:NODE_5_length_155382_cov_111.273969_> (length 269)
prokka_out/CA139575:NODE_5_length_155382_cov_111.273969_> (length 228)
prokka_out/CA139575:NODE_5_length_155382_cov_111.273969_> (length 331)
prokka_out/CA139575:NODE_5_length_155382_cov_111.273969_> (length 656)
prokka_out/CA139575:NODE_5_length_155382_cov_111.273969_> (length 274)
prokka_out/CA139575:NODE_5_length_155382_cov_111.273969_> (length 406)
prokka_out/CA139575:NODE_5_length_155382_cov_111.273969_> (length 149)
prokka_out/CA139575:NODE_5_length_155382_cov_111.273969_> (length 105)
prokka_out/CA139575:NODE_5_length_155382_cov_111.273969_> (length 345)
prokka_out/CA139575:NODE_5_length_155382_cov_111.273969_> (length 243)
prokka_out/CA139575:NODE_5_length_155382_cov_111.273969_> (length 249)
prokka_out/CA139575:NODE_5_length_155382_cov_111.273969_> (length 201)
prokka_out/CA139575:NODE_5_length_155382_cov_111.273969_> (length 329)
prokka_out/CA139575:NODE_5_length_155382_cov_111.273969_> (length 325)
prokka_out/CA139575:NODE_5_length_155382_cov_111.273969_> (length 195)
prokka_out/CA139575:NODE_5_length_155382_cov_111.273969_> (length 219)
prokka_out/CA139575:NODE_5_length_155382_cov_111.273969_> (length 987)
prokka_out/CA139575:NODE_5_length_155382_cov_111.273969_> (length 296)
prokka_out/CA139575:NODE_5_length_155382_cov_111.273969_> (length 143)
prokka_out/CA139575:NODE_5_length_155382_cov_111.273969_> (length 226)
prokka_out/CA139575:NODE_5_length_155382_cov_111.273969_> (length 94)
prokka_out/CA139575:NODE_5_length_155382_cov_111.273969_> (length 187)
prokka_out/CA139575:NODE_5_length_155382_cov_111.273969_> (length 264)
prokka_out/CA139575:NODE_5_length_155382_cov_111.273969_> (length 180)
prokka_out/CA139575:NODE_5_length_155382_cov_111.273969_> (length 302)
prokka_out/CA139575:NODE_5_length_155382_cov_111.273969_> (length 396)
prokka_out/CA139575:NODE_5_length_155382_cov_111.273969_> (length 138)
prokka_out/CA139575:NODE_5_length_155382_cov_111.273969_> (length 147)
prokka_out/CA139575:NODE_5_length_155382_cov_111.273969_> (length 73)
prokka_out/CA139575:NODE_5_length_155382_cov_111.273969_> (length 513)
prokka_out/CA139575:NODE_5_length_155382_cov_111.273969_> (length 382)
prokka_out/CA139575:NODE_5_length_155382_cov_111.273969_> (length 233)
prokka_out/CA139575:NODE_5_length_155382_cov_111.273969_> (length 63)
prokka_out/CA139575:NODE_5_length_155382_cov_111.273969_> (length 180)
prokka_out/CA139575:NODE_5_length_155382_cov_111.273969_> (length 746)
prokka_out/CA139575:NODE_5_length_155382_cov_111.273969_> (length 213)
prokka_out/CA139575:NODE_5_length_155382_cov_111.273969_> (length 310)
prokka_out/CA139575:NODE_5_length_155382_cov_111.273969_> (length 746)
prokka_out/CA139575:NODE_5_length_155382_cov_111.273969_> (length 260)
prokka_out/CA139575:NODE_5_length_155382_cov_111.273969_> (length 243)
prokka_out/CA139575:NODE_5_length_155382_cov_111.273969_> (length 190)
prokka_out/CA139575:NODE_5_length_155382_cov_111.273969_> (length 308)
prokka_out/CA139575:NODE_5_length_155382_cov_111.273969_> (length 1167)
prokka_out/CA139575:NODE_5_length_155382_cov_111.273969_> (length 493)
prokka_out/CA139575:NODE_5_length_155382_cov_111.273969_> (length 75)
prokka_out/CA139575:NODE_5_length_155382_cov_111.273969_> (length 403)
prokka_out/CA139575:NODE_5_length_155382_cov_111.273969_> (length 416)
prokka_out/CA139575:NODE_5_length_155382_cov_111.273969_> (length 142)
prokka_out/CA139575:NODE_5_length_155382_cov_111.273969_> (length 172)
prokka_out/CA139575:NODE_5_length_155382_cov_111.273969_> (length 183)
prokka_out/CA139575:NODE_5_length_155382_cov_111.273969_> (length 372)
prokka_out/CA139575:NODE_5_length_155382_cov_111.273969_> (length 223)
prokka_out/CA139575:NODE_5_length_155382_cov_111.273969_> (length 404)
prokka_out/CA139575:NODE_5_length_155382_cov_111.273969_> (length 222)
prokka_out/CA139575:NODE_5_length_155382_cov_111.273969_> (length 488)
prokka_out/CA139575:NODE_5_length_155382_cov_111.273969_> (length 221)
prokka_out/CA139575:NODE_5_length_155382_cov_111.273969_> (length 83)
prokka_out/CA139575:NODE_5_length_155382_cov_111.273969_> (length 287)
prokka_out/CA139575:NODE_5_length_155382_cov_111.273969_> (length 73)
prokka_out/CA139575:NODE_5_length_155382_cov_111.273969_> (length 33)
prokka_out/CA139575:NODE_5_length_155382_cov_111.273969_> (length 196)
prokka_out/CA139575:NODE_5_length_155382_cov_111.273969_> (length 174)
prokka_out/CA139575:NODE_5_length_155382_cov_111.273969_> (length 788)
prokka_out/CA139575:NODE_5_length_155382_cov_111.273969_> (length 920)
prokka_out/CA139575:NODE_5_length_155382_cov_111.273969_> (length 214)
prokka_out/CA139575:NODE_5_length_155382_cov_111.273969_> (length 146)
prokka_out/CA139575:NODE_5_length_155382_cov_111.273969_> (length 141)
prokka_out/CA139575:NODE_5_length_155382_cov_111.273969_> (length 129)
prokka_out/CA139575:NODE_5_length_155382_cov_111.273969_> (length 332)
prokka_out/CA139575:NODE_5_length_155382_cov_111.273969_> (length 212)
prokka_out/CA139575:NODE_5_length_155382_cov_111.273969_> (length 1186)
prokka_out/CA139575:NODE_5_length_155382_cov_111.273969_> (length 98)
prokka_out/CA139575:NODE_5_length_155382_cov_111.273969_> (length 472)
prokka_out/CA139575:NODE_5_length_155382_cov_111.273969_> (length 198)
prokka_out/CA139575:NODE_5_length_155382_cov_111.273969_> (length 198)
prokka_out/CA139575:NODE_5_length_155382_cov_111.273969_> (length 520)
prokka_out/CA139575:NODE_5_length_155382_cov_111.273969_> (length 391)
prokka_out/CA139575:NODE_5_length_155382_cov_111.273969_> (length 254)
prokka_out/CA139575:NODE_5_length_155382_cov_111.273969_> (length 254)
prokka_out/CA139575:NODE_5_length_155382_cov_111.273969_> (length 608)
prokka_out/CA139575:NODE_5_length_155382_cov_111.273969_> (length 144)
prokka_out/CA139575:NODE_5_length_155382_cov_111.273969_> (length 65)
prokka_out/CA139575:NODE_5_length_155382_cov_111.273969_> (length 113)
prokka_out/CA139575:NODE_5_length_155382_cov_111.273969_> (length 348)
prokka_out/CA139575:NODE_5_length_155382_cov_111.273969_> (length 229)
prokka_out/CA139575:NODE_5_length_155382_cov_111.273969_> (length 127)
prokka_out/CA139575:NODE_5_length_155382_cov_111.273969_> (length 357)
prokka_out/CA139575:NODE_5_length_155382_cov_111.273969_> (length 273)
prokka_out/CA139575:NODE_5_length_155382_cov_111.273969_> (length 372)
prokka_out/CA139575:NODE_5_length_155382_cov_111.273969_> (length 34)
prokka_out/CA139575:NODE_5_length_155382_cov_111.273969_> (length 90)
prokka_out/CA139575:NODE_5_length_155382_cov_111.273969_> (length 365)
prokka_out/CA139575:NODE_5_length_155382_cov_111.273969_> (length 439)
prokka_out/CA139575:NODE_5_length_155382_cov_111.273969_> (length 321)
prokka_out/CA139575:NODE_5_length_155382_cov_111.273969_> (length 236)
prokka_out/CA139575:NODE_5_length_155382_cov_111.273969_> (length 229)
prokka_out/CA139575:NODE_5_length_155382_cov_111.273969_> (length 187)
prokka_out/CA139575:NODE_5_length_155382_cov_111.273969_> (length 138)
prokka_out/CA139575:NODE_5_length_155382_cov_111.273969_> (length 260)
prokka_out/CA139575:NODE_5_length_155382_cov_111.273969_> (length 220)
prokka_out/CA139575:NODE_5_length_155382_cov_111.273969_> (length 371)
prokka_out/CA139575:NODE_5_length_155382_cov_111.273969_> (length 543)
prokka_out/CA139575:NODE_5_length_155382_cov_111.273969_> (length 317)
prokka_out/CA139575:NODE_5_length_155382_cov_111.273969_> (length 325)
prokka_out/CA139575:NODE_5_length_155382_cov_111.273969_> (length 841)
prokka_out/CA139575:NODE_5_length_155382_cov_111.273969_> (length 856)
prokka_out/CA139575:NODE_5_length_155382_cov_111.273969_> (length 556)
prokka_out/CA139575:NODE_5_length_155382_cov_111.273969_> (length 108)
prokka_out/CA139575:NODE_5_length_155382_cov_111.273969_> (length 142)
prokka_out/CA139575:NODE_5_length_155382_cov_111.273969_> (length 297)
prokka_out/CA139575:NODE_5_length_155382_cov_111.273969_> (length 474)
prokka_out/CA139575:NODE_5_length_155382_cov_111.273969_> (length 571)
prokka_out/CA139575:NODE_5_length_155382_cov_111.273969_> (length 193)
prokka_out/CA139575:NODE_6_length_129135_cov_112.937888_1 (length 331)
prokka_out/CA139575:NODE_6_length_129135_cov_112.937888_2 (length 523)
prokka_out/CA139575:NODE_6_length_129135_cov_112.937888_3 (length 544)
prokka_out/CA139575:NODE_6_length_129135_cov_112.937888_4 (length 207)
prokka_out/CA139575:NODE_6_length_129135_cov_112.937888_5 (length 461)
prokka_out/CA139575:NODE_6_length_129135_cov_112.937888_6 (length 789)
prokka_out/CA139575:NODE_6_length_129135_cov_112.937888_7 (length 442)
prokka_out/CA139575:NODE_6_length_129135_cov_112.937888_8 (length 311)
prokka_out/CA139575:NODE_6_length_129135_cov_112.937888_9 (length 288)
prokka_out/CA139575:NODE_6_length_129135_cov_112.937888_> (length 55)
prokka_out/CA139575:NODE_6_length_129135_cov_112.937888_> (length 505)
prokka_out/CA139575:NODE_6_length_129135_cov_112.937888_> (length 224)
prokka_out/CA139575:NODE_6_length_129135_cov_112.937888_> (length 408)
prokka_out/CA139575:NODE_6_length_129135_cov_112.937888_> (length 558)
prokka_out/CA139575:NODE_6_length_129135_cov_112.937888_> (length 215)
prokka_out/CA139575:NODE_6_length_129135_cov_112.937888_> (length 202)
prokka_out/CA139575:NODE_6_length_129135_cov_112.937888_> (length 481)
prokka_out/CA139575:NODE_6_length_129135_cov_112.937888_> (length 1496)
prokka_out/CA139575:NODE_6_length_129135_cov_112.937888_> (length 433)
prokka_out/CA139575:NODE_6_length_129135_cov_112.937888_> (length 119)
prokka_out/CA139575:NODE_6_length_129135_cov_112.937888_> (length 548)
prokka_out/CA139575:NODE_6_length_129135_cov_112.937888_> (length 99)
prokka_out/CA139575:NODE_6_length_129135_cov_112.937888_> (length 54)
prokka_out/CA139575:NODE_6_length_129135_cov_112.937888_> (length 320)
prokka_out/CA139575:NODE_6_length_129135_cov_112.937888_> (length 125)
prokka_out/CA139575:NODE_6_length_129135_cov_112.937888_> (length 770)
prokka_out/CA139575:NODE_6_length_129135_cov_112.937888_> (length 355)
prokka_out/CA139575:NODE_6_length_129135_cov_112.937888_> (length 440)
prokka_out/CA139575:NODE_6_length_129135_cov_112.937888_> (length 158)
prokka_out/CA139575:NODE_6_length_129135_cov_112.937888_> (length 845)
prokka_out/CA139575:NODE_6_length_129135_cov_112.937888_> (length 423)
prokka_out/CA139575:NODE_6_length_129135_cov_112.937888_> (length 344)
prokka_out/CA139575:NODE_6_length_129135_cov_112.937888_> (length 73)
prokka_out/CA139575:NODE_6_length_129135_cov_112.937888_> (length 293)
prokka_out/CA139575:NODE_6_length_129135_cov_112.937888_> (length 199)
prokka_out/CA139575:NODE_6_length_129135_cov_112.937888_> (length 127)
prokka_out/CA139575:NODE_6_length_129135_cov_112.937888_> (length 108)
prokka_out/CA139575:NODE_6_length_129135_cov_112.937888_> (length 214)
prokka_out/CA139575:NODE_6_length_129135_cov_112.937888_> (length 209)
prokka_out/CA139575:NODE_6_length_129135_cov_112.937888_> (length 511)
prokka_out/CA139575:NODE_6_length_129135_cov_112.937888_> (length 358)
prokka_out/CA139575:NODE_6_length_129135_cov_112.937888_> (length 468)
prokka_out/CA139575:NODE_6_length_129135_cov_112.937888_> (length 200)
prokka_out/CA139575:NODE_6_length_129135_cov_112.937888_> (length 176)
prokka_out/CA139575:NODE_6_length_129135_cov_112.937888_> (length 137)
prokka_out/CA139575:NODE_6_length_129135_cov_112.937888_> (length 100)
prokka_out/CA139575:NODE_6_length_129135_cov_112.937888_> (length 34)
prokka_out/CA139575:NODE_6_length_129135_cov_112.937888_> (length 356)
prokka_out/CA139575:NODE_6_length_129135_cov_112.937888_> (length 178)
prokka_out/CA139575:NODE_6_length_129135_cov_112.937888_> (length 264)
prokka_out/CA139575:NODE_6_length_129135_cov_112.937888_> (length 676)
prokka_out/CA139575:NODE_6_length_129135_cov_112.937888_> (length 253)
prokka_out/CA139575:NODE_6_length_129135_cov_112.937888_> (length 103)
prokka_out/CA139575:NODE_6_length_129135_cov_112.937888_> (length 191)
prokka_out/CA139575:NODE_6_length_129135_cov_112.937888_> (length 204)
prokka_out/CA139575:NODE_6_length_129135_cov_112.937888_> (length 93)
prokka_out/CA139575:NODE_6_length_129135_cov_112.937888_> (length 276)
prokka_out/CA139575:NODE_6_length_129135_cov_112.937888_> (length 93)
prokka_out/CA139575:NODE_6_length_129135_cov_112.937888_> (length 135)
prokka_out/CA139575:NODE_6_length_129135_cov_112.937888_> (length 233)
prokka_out/CA139575:NODE_6_length_129135_cov_112.937888_> (length 141)
prokka_out/CA139575:NODE_6_length_129135_cov_112.937888_> (length 61)
prokka_out/CA139575:NODE_6_length_129135_cov_112.937888_> (length 83)
prokka_out/CA139575:NODE_6_length_129135_cov_112.937888_> (length 122)
prokka_out/CA139575:NODE_6_length_129135_cov_112.937888_> (length 77)
prokka_out/CA139575:NODE_6_length_129135_cov_112.937888_> (length 180)
prokka_out/CA139575:NODE_6_length_129135_cov_112.937888_> (length 61)
prokka_out/CA139575:NODE_6_length_129135_cov_112.937888_> (length 131)
prokka_out/CA139575:NODE_6_length_129135_cov_112.937888_> (length 178)
prokka_out/CA139575:NODE_6_length_129135_cov_112.937888_> (length 118)
prokka_out/CA139575:NODE_6_length_129135_cov_112.937888_> (length 147)
prokka_out/CA139575:NODE_6_length_129135_cov_112.937888_> (length 130)
prokka_out/CA139575:NODE_6_length_129135_cov_112.937888_> (length 421)
prokka_out/CA139575:NODE_6_length_129135_cov_112.937888_> (length 419)
prokka_out/CA139575:NODE_6_length_129135_cov_112.937888_> (length 700)
prokka_out/CA139575:NODE_6_length_129135_cov_112.937888_> (length 278)
prokka_out/CA139575:NODE_6_length_129135_cov_112.937888_> (length 391)
prokka_out/CA139575:NODE_6_length_129135_cov_112.937888_> (length 422)
prokka_out/CA139575:NODE_6_length_129135_cov_112.937888_> (length 254)
prokka_out/CA139575:NODE_6_length_129135_cov_112.937888_> (length 253)
prokka_out/CA139575:NODE_6_length_129135_cov_112.937888_> (length 57)
prokka_out/CA139575:NODE_6_length_129135_cov_112.937888_> (length 258)
prokka_out/CA139575:NODE_6_length_129135_cov_112.937888_> (length 89)
prokka_out/CA139575:NODE_6_length_129135_cov_112.937888_> (length 287)
prokka_out/CA139575:NODE_6_length_129135_cov_112.937888_> (length 343)
prokka_out/CA139575:NODE_6_length_129135_cov_112.937888_> (length 414)
prokka_out/CA139575:NODE_6_length_129135_cov_112.937888_> (length 67)
prokka_out/CA139575:NODE_6_length_129135_cov_112.937888_> (length 220)
prokka_out/CA139575:NODE_6_length_129135_cov_112.937888_> (length 279)
prokka_out/CA139575:NODE_6_length_129135_cov_112.937888_> (length 251)
prokka_out/CA139575:NODE_6_length_129135_cov_112.937888_> (length 44)
prokka_out/CA139575:NODE_6_length_129135_cov_112.937888_> (length 242)
prokka_out/CA139575:NODE_6_length_129135_cov_112.937888_> (length 306)
prokka_out/CA139575:NODE_6_length_129135_cov_112.937888_> (length 217)
prokka_out/CA139575:NODE_6_length_129135_cov_112.937888_> (length 261)
prokka_out/CA139575:NODE_6_length_129135_cov_112.937888_> (length 278)
prokka_out/CA139575:NODE_6_length_129135_cov_112.937888_> (length 141)
prokka_out/CA139575:NODE_6_length_129135_cov_112.937888_> (length 170)
prokka_out/CA139575:NODE_6_length_129135_cov_112.937888_> (length 173)
prokka_out/CA139575:NODE_6_length_129135_cov_112.937888_> (length 501)
prokka_out/CA139575:NODE_6_length_129135_cov_112.937888_> (length 294)
prokka_out/CA139575:NODE_6_length_129135_cov_112.937888_> (length 465)
prokka_out/CA139575:NODE_6_length_129135_cov_112.937888_> (length 129)
prokka_out/CA139575:NODE_6_length_129135_cov_112.937888_> (length 184)
prokka_out/CA139575:NODE_6_length_129135_cov_112.937888_> (length 129)
prokka_out/CA139575:NODE_6_length_129135_cov_112.937888_> (length 258)
prokka_out/CA139575:NODE_6_length_129135_cov_112.937888_> (length 403)
prokka_out/CA139575:NODE_6_length_129135_cov_112.937888_> (length 165)
prokka_out/CA139575:NODE_6_length_129135_cov_112.937888_> (length 317)
prokka_out/CA139575:NODE_6_length_129135_cov_112.937888_> (length 190)
prokka_out/CA139575:NODE_6_length_129135_cov_112.937888_> (length 324)
prokka_out/CA139575:NODE_6_length_129135_cov_112.937888_> (length 228)
prokka_out/CA139575:NODE_6_length_129135_cov_112.937888_> (length 251)
prokka_out/CA139575:NODE_6_length_129135_cov_112.937888_> (length 173)
prokka_out/CA139575:NODE_6_length_129135_cov_112.937888_> (length 204)
prokka_out/CA139575:NODE_6_length_129135_cov_112.937888_> (length 135)
prokka_out/CA139575:NODE_6_length_129135_cov_112.937888_> (length 230)
prokka_out/CA139575:NODE_6_length_129135_cov_112.937888_> (length 412)
prokka_out/CA139575:NODE_6_length_129135_cov_112.937888_> (length 308)
prokka_out/CA139575:NODE_6_length_129135_cov_112.937888_> (length 328)
prokka_out/CA139575:NODE_6_length_129135_cov_112.937888_> (length 117)
prokka_out/CA139575:NODE_6_length_129135_cov_112.937888_> (length 149)
prokka_out/CA139575:NODE_6_length_129135_cov_112.937888_> (length 280)
prokka_out/CA139575:NODE_6_length_129135_cov_112.937888_> (length 238)
prokka_out/CA139575:NODE_6_length_129135_cov_112.937888_> (length 738)
prokka_out/CA139575:NODE_6_length_129135_cov_112.937888_> (length 275)
prokka_out/CA139575:NODE_6_length_129135_cov_112.937888_> (length 457)
prokka_out/CA139575:NODE_6_length_129135_cov_112.937888_> (length 294)
prokka_out/CA139575:NODE_6_length_129135_cov_112.937888_> (length 133)
prokka_out/CA139575:NODE_6_length_129135_cov_112.937888_> (length 292)
prokka_out/CA139575:NODE_6_length_129135_cov_112.937888_> (length 97)
prokka_out/CA139575:NODE_6_length_129135_cov_112.937888_> (length 856)
prokka_out/CA139575:NODE_6_length_129135_cov_112.937888_> (length 120)
prokka_out/CA139575:NODE_6_length_129135_cov_112.937888_> (length 147)
prokka_out/CA139575:NODE_6_length_129135_cov_112.937888_> (length 95)
prokka_out/CA139575:NODE_6_length_129135_cov_112.937888_> (length 126)
prokka_out/CA139575:NODE_6_length_129135_cov_112.937888_> (length 565)
prokka_out/CA139575:NODE_6_length_129135_cov_112.937888_> (length 268)
prokka_out/CA139575:NODE_6_length_129135_cov_112.937888_> (length 284)
prokka_out/CA139575:NODE_6_length_129135_cov_112.937888_> (length 284)
prokka_out/CA139575:NODE_7_length_91366_cov_106.824680_1 (length 82)
prokka_out/CA139575:NODE_7_length_91366_cov_106.824680_2 (length 407)
prokka_out/CA139575:NODE_7_length_91366_cov_106.824680_3 (length 673)
prokka_out/CA139575:NODE_7_length_91366_cov_106.824680_4 (length 637)
prokka_out/CA139575:NODE_7_length_91366_cov_106.824680_5 (length 224)
prokka_out/CA139575:NODE_7_length_91366_cov_106.824680_6 (length 254)
prokka_out/CA139575:NODE_7_length_91366_cov_106.824680_7 (length 317)
prokka_out/CA139575:NODE_7_length_91366_cov_106.824680_8 (length 291)
prokka_out/CA139575:NODE_7_length_91366_cov_106.824680_9 (length 223)
prokka_out/CA139575:NODE_7_length_91366_cov_106.824680_10 (length 162)
prokka_out/CA139575:NODE_7_length_91366_cov_106.824680_11 (length 197)
prokka_out/CA139575:NODE_7_length_91366_cov_106.824680_12 (length 365)
prokka_out/CA139575:NODE_7_length_91366_cov_106.824680_13 (length 197)
prokka_out/CA139575:NODE_7_length_91366_cov_106.824680_14 (length 432)
prokka_out/CA139575:NODE_7_length_91366_cov_106.824680_15 (length 242)
prokka_out/CA139575:NODE_7_length_91366_cov_106.824680_16 (length 498)
prokka_out/CA139575:NODE_7_length_91366_cov_106.824680_17 (length 675)
prokka_out/CA139575:NODE_7_length_91366_cov_106.824680_18 (length 394)
prokka_out/CA139575:NODE_7_length_91366_cov_106.824680_19 (length 373)
prokka_out/CA139575:NODE_7_length_91366_cov_106.824680_20 (length 456)
prokka_out/CA139575:NODE_7_length_91366_cov_106.824680_21 (length 140)
prokka_out/CA139575:NODE_7_length_91366_cov_106.824680_22 (length 115)
prokka_out/CA139575:NODE_7_length_91366_cov_106.824680_23 (length 178)
prokka_out/CA139575:NODE_7_length_91366_cov_106.824680_24 (length 454)
prokka_out/CA139575:NODE_7_length_91366_cov_106.824680_25 (length 108)
prokka_out/CA139575:NODE_7_length_91366_cov_106.824680_26 (length 181)
prokka_out/CA139575:NODE_7_length_91366_cov_106.824680_27 (length 332)
prokka_out/CA139575:NODE_7_length_91366_cov_106.824680_28 (length 400)
prokka_out/CA139575:NODE_7_length_91366_cov_106.824680_29 (length 223)
prokka_out/CA139575:NODE_7_length_91366_cov_106.824680_30 (length 275)
prokka_out/CA139575:NODE_7_length_91366_cov_106.824680_31 (length 499)
prokka_out/CA139575:NODE_7_length_91366_cov_106.824680_32 (length 613)
prokka_out/CA139575:NODE_7_length_91366_cov_106.824680_33 (length 74)
prokka_out/CA139575:NODE_7_length_91366_cov_106.824680_34 (length 446)
prokka_out/CA139575:NODE_7_length_91366_cov_106.824680_35 (length 455)
prokka_out/CA139575:NODE_7_length_91366_cov_106.824680_36 (length 387)
prokka_out/CA139575:NODE_7_length_91366_cov_106.824680_37 (length 479)
prokka_out/CA139575:NODE_7_length_91366_cov_106.824680_38 (length 120)
prokka_out/CA139575:NODE_7_length_91366_cov_106.824680_39 (length 222)
prokka_out/CA139575:NODE_7_length_91366_cov_106.824680_40 (length 154)
prokka_out/CA139575:NODE_7_length_91366_cov_106.824680_41 (length 474)
prokka_out/CA139575:NODE_7_length_91366_cov_106.824680_42 (length 105)
prokka_out/CA139575:NODE_7_length_91366_cov_106.824680_43 (length 231)
prokka_out/CA139575:NODE_7_length_91366_cov_106.824680_44 (length 163)
prokka_out/CA139575:NODE_7_length_91366_cov_106.824680_45 (length 292)
prokka_out/CA139575:NODE_7_length_91366_cov_106.824680_46 (length 553)
prokka_out/CA139575:NODE_7_length_91366_cov_106.824680_47 (length 440)
prokka_out/CA139575:NODE_7_length_91366_cov_106.824680_48 (length 599)
prokka_out/CA139575:NODE_7_length_91366_cov_106.824680_49 (length 236)
prokka_out/CA139575:NODE_7_length_91366_cov_106.824680_50 (length 175)
prokka_out/CA139575:NODE_7_length_91366_cov_106.824680_51 (length 431)
prokka_out/CA139575:NODE_7_length_91366_cov_106.824680_52 (length 151)
prokka_out/CA139575:NODE_7_length_91366_cov_106.824680_53 (length 202)
prokka_out/CA139575:NODE_7_length_91366_cov_106.824680_54 (length 820)
prokka_out/CA139575:NODE_7_length_91366_cov_106.824680_55 (length 189)
prokka_out/CA139575:NODE_7_length_91366_cov_106.824680_56 (length 232)
prokka_out/CA139575:NODE_7_length_91366_cov_106.824680_57 (length 147)
prokka_out/CA139575:NODE_7_length_91366_cov_106.824680_58 (length 439)
prokka_out/CA139575:NODE_7_length_91366_cov_106.824680_59 (length 354)
prokka_out/CA139575:NODE_7_length_91366_cov_106.824680_60 (length 782)
prokka_out/CA139575:NODE_7_length_91366_cov_106.824680_61 (length 598)
prokka_out/CA139575:NODE_7_length_91366_cov_106.824680_62 (length 463)
prokka_out/CA139575:NODE_7_length_91366_cov_106.824680_63 (length 347)
prokka_out/CA139575:NODE_7_length_91366_cov_106.824680_64 (length 336)
prokka_out/CA139575:NODE_7_length_91366_cov_106.824680_65 (length 136)
prokka_out/CA139575:NODE_7_length_91366_cov_106.824680_66 (length 753)
prokka_out/CA139575:NODE_7_length_91366_cov_106.824680_67 (length 694)
prokka_out/CA139575:NODE_7_length_91366_cov_106.824680_68 (length 163)
prokka_out/CA139575:NODE_7_length_91366_cov_106.824680_69 (length 610)
prokka_out/CA139575:NODE_7_length_91366_cov_106.824680_70 (length 210)
prokka_out/CA139575:NODE_7_length_91366_cov_106.824680_71 (length 329)
prokka_out/CA139575:NODE_7_length_91366_cov_106.824680_72 (length 251)
prokka_out/CA139575:NODE_7_length_91366_cov_106.824680_73 (length 312)
prokka_out/CA139575:NODE_7_length_91366_cov_106.824680_74 (length 322)
prokka_out/CA139575:NODE_7_length_91366_cov_106.824680_75 (length 331)
prokka_out/CA139575:NODE_7_length_91366_cov_106.824680_76 (length 191)
prokka_out/CA139575:NODE_7_length_91366_cov_106.824680_77 (length 435)
prokka_out/CA139575:NODE_7_length_91366_cov_106.824680_78 (length 112)
prokka_out/CA139575:NODE_7_length_91366_cov_106.824680_79 (length 241)
prokka_out/CA139575:NODE_7_length_91366_cov_106.824680_80 (length 358)
prokka_out/CA139575:NODE_7_length_91366_cov_106.824680_81 (length 464)
prokka_out/CA139575:NODE_7_length_91366_cov_106.824680_82 (length 335)
prokka_out/CA139575:NODE_7_length_91366_cov_106.824680_83 (length 171)
prokka_out/CA139575:NODE_7_length_91366_cov_106.824680_84 (length 416)
prokka_out/CA139575:NODE_8_length_45716_cov_106.731339_1 (length 461)
prokka_out/CA139575:NODE_8_length_45716_cov_106.731339_2 (length 200)
prokka_out/CA139575:NODE_8_length_45716_cov_106.731339_3 (length 441)
prokka_out/CA139575:NODE_8_length_45716_cov_106.731339_4 (length 194)
prokka_out/CA139575:NODE_8_length_45716_cov_106.731339_5 (length 175)
prokka_out/CA139575:NODE_8_length_45716_cov_106.731339_6 (length 501)
prokka_out/CA139575:NODE_8_length_45716_cov_106.731339_7 (length 232)
prokka_out/CA139575:NODE_8_length_45716_cov_106.731339_8 (length 456)
prokka_out/CA139575:NODE_8_length_45716_cov_106.731339_9 (length 191)
prokka_out/CA139575:NODE_8_length_45716_cov_106.731339_10 (length 29)
prokka_out/CA139575:NODE_8_length_45716_cov_106.731339_11 (length 130)
prokka_out/CA139575:NODE_8_length_45716_cov_106.731339_12 (length 238)
prokka_out/CA139575:NODE_8_length_45716_cov_106.731339_13 (length 246)
prokka_out/CA139575:NODE_8_length_45716_cov_106.731339_14 (length 69)
prokka_out/CA139575:NODE_8_length_45716_cov_106.731339_15 (length 394)
prokka_out/CA139575:NODE_8_length_45716_cov_106.731339_16 (length 453)
prokka_out/CA139575:NODE_8_length_45716_cov_106.731339_17 (length 377)
prokka_out/CA139575:NODE_8_length_45716_cov_106.731339_18 (length 406)
prokka_out/CA139575:NODE_8_length_45716_cov_106.731339_19 (length 248)
prokka_out/CA139575:NODE_8_length_45716_cov_106.731339_20 (length 136)
prokka_out/CA139575:NODE_8_length_45716_cov_106.731339_21 (length 253)
prokka_out/CA139575:NODE_8_length_45716_cov_106.731339_22 (length 758)
prokka_out/CA139575:NODE_8_length_45716_cov_106.731339_23 (length 280)
prokka_out/CA139575:NODE_8_length_45716_cov_106.731339_24 (length 40)
prokka_out/CA139575:NODE_8_length_45716_cov_106.731339_25 (length 334)
prokka_out/CA139575:NODE_8_length_45716_cov_106.731339_26 (length 538)
prokka_out/CA139575:NODE_8_length_45716_cov_106.731339_27 (length 301)
prokka_out/CA139575:NODE_8_length_45716_cov_106.731339_28 (length 401)
prokka_out/CA139575:NODE_8_length_45716_cov_106.731339_29 (length 220)
prokka_out/CA139575:NODE_8_length_45716_cov_106.731339_30 (length 97)
prokka_out/CA139575:NODE_8_length_45716_cov_106.731339_31 (length 135)
prokka_out/CA139575:NODE_8_length_45716_cov_106.731339_32 (length 187)
prokka_out/CA139575:NODE_8_length_45716_cov_106.731339_33 (length 289)
prokka_out/CA139575:NODE_8_length_45716_cov_106.731339_34 (length 294)
prokka_out/CA139575:NODE_8_length_45716_cov_106.731339_35 (length 166)
prokka_out/CA139575:NODE_8_length_45716_cov_106.731339_36 (length 172)
prokka_out/CA139575:NODE_8_length_45716_cov_106.731339_37 (length 320)
prokka_out/CA139575:NODE_8_length_45716_cov_106.731339_38 (length 247)
prokka_out/CA139575:NODE_8_length_45716_cov_106.731339_39 (length 193)
prokka_out/CA139575:NODE_8_length_45716_cov_106.731339_40 (length 140)
prokka_out/CA139575:NODE_8_length_45716_cov_106.731339_41 (length 135)
prokka_out/CA139575:NODE_8_length_45716_cov_106.731339_42 (length 217)
prokka_out/CA139575:NODE_8_length_45716_cov_106.731339_43 (length 66)
prokka_out/CA139575:NODE_8_length_45716_cov_106.731339_44 (length 274)
prokka_out/CA139575:NODE_8_length_45716_cov_106.731339_45 (length 227)
prokka_out/CA139575:NODE_8_length_45716_cov_106.731339_46 (length 315)
prokka_out/CA139575:NODE_8_length_45716_cov_106.731339_47 (length 268)
prokka_out/CA139575:NODE_8_length_45716_cov_106.731339_48 (length 401)
prokka_out/CA139575:NODE_8_length_45716_cov_106.731339_49 (length 416)
prokka_out/CA139575:NODE_8_length_45716_cov_106.731339_50 (length 112)
prokka_out/CA139575:NODE_8_length_45716_cov_106.731339_51 (length 104)
prokka_out/CA139575:NODE_8_length_45716_cov_106.731339_52 (length 312)
prokka_out/CA139575:NODE_8_length_45716_cov_106.731339_53 (length 593)
prokka_out/CA139575:NODE_9_length_38386_cov_110.540997_1 (length 502)
prokka_out/CA139575:NODE_9_length_38386_cov_110.540997_2 (length 241)
prokka_out/CA139575:NODE_9_length_38386_cov_110.540997_3 (length 239)
prokka_out/CA139575:NODE_9_length_38386_cov_110.540997_4 (length 75)
prokka_out/CA139575:NODE_9_length_38386_cov_110.540997_5 (length 238)
prokka_out/CA139575:NODE_9_length_38386_cov_110.540997_6 (length 101)
prokka_out/CA139575:NODE_9_length_38386_cov_110.540997_7 (length 341)
prokka_out/CA139575:NODE_9_length_38386_cov_110.540997_8 (length 403)
prokka_out/CA139575:NODE_9_length_38386_cov_110.540997_9 (length 232)
prokka_out/CA139575:NODE_9_length_38386_cov_110.540997_10 (length 274)
prokka_out/CA139575:NODE_9_length_38386_cov_110.540997_11 (length 157)
prokka_out/CA139575:NODE_9_length_38386_cov_110.540997_12 (length 248)
prokka_out/CA139575:NODE_9_length_38386_cov_110.540997_13 (length 201)
prokka_out/CA139575:NODE_9_length_38386_cov_110.540997_14 (length 378)
prokka_out/CA139575:NODE_9_length_38386_cov_110.540997_15 (length 343)
prokka_out/CA139575:NODE_9_length_38386_cov_110.540997_16 (length 60)
prokka_out/CA139575:NODE_9_length_38386_cov_110.540997_17 (length 593)
prokka_out/CA139575:NODE_9_length_38386_cov_110.540997_18 (length 330)
prokka_out/CA139575:NODE_9_length_38386_cov_110.540997_19 (length 384)
prokka_out/CA139575:NODE_9_length_38386_cov_110.540997_20 (length 82)
prokka_out/CA139575:NODE_9_length_38386_cov_110.540997_21 (length 75)
prokka_out/CA139575:NODE_9_length_38386_cov_110.540997_22 (length 105)
prokka_out/CA139575:NODE_9_length_38386_cov_110.540997_23 (length 128)
prokka_out/CA139575:NODE_9_length_38386_cov_110.540997_24 (length 373)
prokka_out/CA139575:NODE_9_length_38386_cov_110.540997_25 (length 92)
prokka_out/CA139575:NODE_9_length_38386_cov_110.540997_26 (length 119)
prokka_out/CA139575:NODE_9_length_38386_cov_110.540997_27 (length 334)
prokka_out/CA139575:NODE_9_length_38386_cov_110.540997_28 (length 384)
prokka_out/CA139575:NODE_9_length_38386_cov_110.540997_29 (length 341)
prokka_out/CA139575:NODE_9_length_38386_cov_110.540997_30 (length 301)
prokka_out/CA139575:NODE_9_length_38386_cov_110.540997_31 (length 235)
prokka_out/CA139575:NODE_9_length_38386_cov_110.540997_32 (length 256)
prokka_out/CA139575:NODE_9_length_38386_cov_110.540997_33 (length 647)
prokka_out/CA139575:NODE_9_length_38386_cov_110.540997_34 (length 626)
prokka_out/CA139575:NODE_9_length_38386_cov_110.540997_35 (length 645)
prokka_out/CA139575:NODE_9_length_38386_cov_110.540997_36 (length 635)
prokka_out/CA139575:NODE_9_length_38386_cov_110.540997_37 (length 574)
prokka_out/CA139575:NODE_9_length_38386_cov_110.540997_38 (length 574)
prokka_out/CA139575:NODE_9_length_38386_cov_110.540997_39 (length 85)
prokka_out/CA139575:NODE_22_length_255_cov_93.023438_1 (length 59)

DiscRep_ALL:DISC_SOURCE_QUALS_ASNDISC::strain (all present, all same)
DiscRep_SUB:DISC_SOURCE_QUALS_ASNDISC::19 sources have 'strain' for strain
DiscRep_ALL:DISC_SOURCE_QUALS_ASNDISC::taxname (all present, all same)
DiscRep_SUB:DISC_SOURCE_QUALS_ASNDISC::19 sources have 'Genus species' for taxname
DiscRep_ALL:DISC_FEATURE_COUNT::CDS: 1686 present
DiscRep_ALL:DISC_FEATURE_COUNT::tRNA: 42 present
DiscRep_ALL:DISC_FEATURE_COUNT::rRNA: 2 present
DiscRep_ALL:DISC_FEATURE_COUNT::misc_feature: 1 present
DiscRep_ALL:DISC_FEATURE_COUNT::tmRNA: 1 present
DiscRep_ALL:DISC_COUNT_NUCLEOTIDES::19 nucleotide Bioseqs are present
prokka_out/CA139575:NODE_1_length_558205_cov_102.860439 (length 558205)
prokka_out/CA139575:NODE_2_length_255618_cov_107.055290 (length 255618)
prokka_out/CA139575:NODE_3_length_216379_cov_110.237168 (length 216379)
prokka_out/CA139575:NODE_4_length_167782_cov_107.829555 (length 167782)
prokka_out/CA139575:NODE_5_length_155382_cov_111.273969 (length 155382)
prokka_out/CA139575:NODE_6_length_129135_cov_112.937888 (length 129135)
prokka_out/CA139575:NODE_7_length_91366_cov_106.824680 (length 91366)
prokka_out/CA139575:NODE_8_length_45716_cov_106.731339 (length 45716)
prokka_out/CA139575:NODE_9_length_38386_cov_110.540997 (length 38386)
prokka_out/CA139575:NODE_10_length_4862_cov_395.452587 (length 4862)
prokka_out/CA139575:NODE_11_length_2206_cov_408.043771 (length 2206)
prokka_out/CA139575:NODE_12_length_1245_cov_112.223614 (length 1245)
prokka_out/CA139575:NODE_13_length_560_cov_223.096998 (length 560)
prokka_out/CA139575:NODE_18_length_397_cov_354.881481 (length 397)
prokka_out/CA139575:NODE_19_length_371_cov_130.811475 (length 371)
prokka_out/CA139575:NODE_20_length_295_cov_190.130952 (length 295)
prokka_out/CA139575:NODE_21_length_272_cov_89.317241 (length 272)
prokka_out/CA139575:NODE_22_length_255_cov_93.023438 (length 255)
prokka_out/CA139575:NODE_23_length_225_cov_117.132653 (length 225)

DiscRep_ALL:FEATURE_LOCATION_CONFLICT::1731 features have inconsistent gene locations.
DiscRep_SUB:FEATURE_LOCATION_CONFLICT::Coding region xref gene does not exist
prokka_out/CA139575:CDS	IS200/IS605 family transposase ISCco1	NODE_1_length_558205_cov_102.860439:862-1146	HDHBLALJ_00001

DiscRep_SUB:FEATURE_LOCATION_CONFLICT::Coding region xref gene does not exist
prokka_out/CA139575:CDS	IS200/IS605 family transposase ISCco1	NODE_1_length_558205_cov_102.860439:1312-1695	HDHBLALJ_00002

DiscRep_SUB:FEATURE_LOCATION_CONFLICT::Coding region xref gene does not exist
prokka_out/CA139575:CDS	hypothetical protein	NODE_1_length_558205_cov_102.860439:c2466-1768	HDHBLALJ_00003

DiscRep_SUB:FEATURE_LOCATION_CONFLICT::Coding region xref gene does not exist
prokka_out/CA139575:CDS	Colicin I receptor	NODE_1_length_558205_cov_102.860439:2791-4881	HDHBLALJ_00004

DiscRep_SUB:FEATURE_LOCATION_CONFLICT::Coding region xref gene does not exist
prokka_out/CA139575:CDS	Heat-inducible transcription repressor HrcA	NODE_1_length_558205_cov_102.860439:5184-5975	HDHBLALJ_00005

DiscRep_SUB:FEATURE_LOCATION_CONFLICT::Coding region xref gene does not exist
prokka_out/CA139575:CDS	Protein GrpE	NODE_1_length_558205_cov_102.860439:5972-6502	HDHBLALJ_00006

DiscRep_SUB:FEATURE_LOCATION_CONFLICT::Coding region xref gene does not exist
prokka_out/CA139575:CDS	Chaperone protein DnaK	NODE_1_length_558205_cov_102.860439:6525-8396	HDHBLALJ_00007

DiscRep_SUB:FEATURE_LOCATION_CONFLICT::Coding region xref gene does not exist
prokka_out/CA139575:CDS	hypothetical protein	NODE_1_length_558205_cov_102.860439:c9024-8737	HDHBLALJ_00008

DiscRep_SUB:FEATURE_LOCATION_CONFLICT::Coding region xref gene does not exist
prokka_out/CA139575:CDS	hypothetical protein	NODE_1_length_558205_cov_102.860439:c9202-8972	HDHBLALJ_00009

DiscRep_SUB:FEATURE_LOCATION_CONFLICT::Coding region xref gene does not exist
prokka_out/CA139575:CDS	hypothetical protein	NODE_1_length_558205_cov_102.860439:9403-10425	HDHBLALJ_00010

DiscRep_SUB:FEATURE_LOCATION_CONFLICT::Coding region xref gene does not exist
prokka_out/CA139575:CDS	hypothetical protein	NODE_1_length_558205_cov_102.860439:10495-10836	HDHBLALJ_00011

DiscRep_SUB:FEATURE_LOCATION_CONFLICT::Coding region xref gene does not exist
prokka_out/CA139575:CDS	Aspartate aminotransferase	NODE_1_length_558205_cov_102.860439:c12115-10946	HDHBLALJ_00012

DiscRep_SUB:FEATURE_LOCATION_CONFLICT::Coding region xref gene does not exist
prokka_out/CA139575:CDS	Serine acetyltransferase	NODE_1_length_558205_cov_102.860439:c12898-12266	HDHBLALJ_00013

DiscRep_SUB:FEATURE_LOCATION_CONFLICT::Coding region xref gene does not exist
prokka_out/CA139575:CDS	Biosynthetic arginine decarboxylase	NODE_1_length_558205_cov_102.860439:c14734-12899	HDHBLALJ_00014

DiscRep_SUB:FEATURE_LOCATION_CONFLICT::Coding region xref gene does not exist
prokka_out/CA139575:CDS	Histidine--tRNA ligase	NODE_1_length_558205_cov_102.860439:c15957-14731	HDHBLALJ_00015

DiscRep_SUB:FEATURE_LOCATION_CONFLICT::Coding region xref gene does not exist
prokka_out/CA139575:CDS	Thymidylate kinase	NODE_1_length_558205_cov_102.860439:c16532-15954	HDHBLALJ_00016

DiscRep_SUB:FEATURE_LOCATION_CONFLICT::Coding region xref gene does not exist
prokka_out/CA139575:CDS	Phosphopantetheine adenylyltransferase	NODE_1_length_558205_cov_102.860439:c16999-16523	HDHBLALJ_00017

DiscRep_SUB:FEATURE_LOCATION_CONFLICT::Coding region xref gene does not exist
prokka_out/CA139575:CDS	putative UbiX-like flavin prenyltransferase	NODE_1_length_558205_cov_102.860439:c17602-17039	HDHBLALJ_00018

DiscRep_SUB:FEATURE_LOCATION_CONFLICT::Coding region xref gene does not exist
prokka_out/CA139575:CDS	hypothetical protein	NODE_1_length_558205_cov_102.860439:c18261-17599	HDHBLALJ_00019

DiscRep_SUB:FEATURE_LOCATION_CONFLICT::Coding region xref gene does not exist
prokka_out/CA139575:CDS	Methionine-binding lipoprotein MetQ	NODE_1_length_558205_cov_102.860439:c19115-18339	HDHBLALJ_00020

DiscRep_SUB:FEATURE_LOCATION_CONFLICT::Coding region xref gene does not exist
prokka_out/CA139575:CDS	D-methionine-binding lipoprotein MetQ	NODE_1_length_558205_cov_102.860439:c19895-19125	HDHBLALJ_00021

DiscRep_SUB:FEATURE_LOCATION_CONFLICT::Coding region xref gene does not exist
prokka_out/CA139575:CDS	Membrane lipoprotein TpN32	NODE_1_length_558205_cov_102.860439:c20723-19950	HDHBLALJ_00022

DiscRep_SUB:FEATURE_LOCATION_CONFLICT::Coding region xref gene does not exist
prokka_out/CA139575:CDS	hypothetical protein	NODE_1_length_558205_cov_102.860439:c21822-20917	HDHBLALJ_00023

DiscRep_SUB:FEATURE_LOCATION_CONFLICT::Coding region xref gene does not exist
prokka_out/CA139575:CDS	Methionine import ATP-binding protein MetN	NODE_1_length_558205_cov_102.860439:c22829-21819	HDHBLALJ_00024

DiscRep_SUB:FEATURE_LOCATION_CONFLICT::Coding region xref gene does not exist
prokka_out/CA139575:CDS	Valine--tRNA ligase	NODE_1_length_558205_cov_102.860439:c25447-22835	HDHBLALJ_00025

DiscRep_SUB:FEATURE_LOCATION_CONFLICT::Coding region xref gene does not exist
prokka_out/CA139575:CDS	hypothetical protein	NODE_1_length_558205_cov_102.860439:c26401-25472	HDHBLALJ_00026

DiscRep_SUB:FEATURE_LOCATION_CONFLICT::Coding region xref gene does not exist
prokka_out/CA139575:CDS	DNA helicase II	NODE_1_length_558205_cov_102.860439:26523-28553	HDHBLALJ_00027

DiscRep_SUB:FEATURE_LOCATION_CONFLICT::Coding region xref gene does not exist
prokka_out/CA139575:CDS	hypothetical protein	NODE_1_length_558205_cov_102.860439:28693-28953	HDHBLALJ_00028

DiscRep_SUB:FEATURE_LOCATION_CONFLICT::Coding region xref gene does not exist
prokka_out/CA139575:CDS	hypothetical protein	NODE_1_length_558205_cov_102.860439:28971-29255	HDHBLALJ_00029

DiscRep_SUB:FEATURE_LOCATION_CONFLICT::Coding region xref gene does not exist
prokka_out/CA139575:CDS	Thiol peroxidase	NODE_1_length_558205_cov_102.860439:29449-29976	HDHBLALJ_00030

DiscRep_SUB:FEATURE_LOCATION_CONFLICT::Coding region xref gene does not exist
prokka_out/CA139575:CDS	Periplasmic nitrate reductase	NODE_1_length_558205_cov_102.860439:30245-33019	HDHBLALJ_00031

DiscRep_SUB:FEATURE_LOCATION_CONFLICT::Coding region xref gene does not exist
prokka_out/CA139575:CDS	Ferredoxin-type protein NapG	NODE_1_length_558205_cov_102.860439:33037-33777	HDHBLALJ_00032

DiscRep_SUB:FEATURE_LOCATION_CONFLICT::Coding region xref gene does not exist
prokka_out/CA139575:CDS	Ferredoxin-type protein NapH	NODE_1_length_558205_cov_102.860439:33777-34559	HDHBLALJ_00033

DiscRep_SUB:FEATURE_LOCATION_CONFLICT::Coding region xref gene does not exist
prokka_out/CA139575:CDS	Periplasmic nitrate reductase, electron transfer subunit	NODE_1_length_558205_cov_102.860439:34559-35080	HDHBLALJ_00034

DiscRep_SUB:FEATURE_LOCATION_CONFLICT::Coding region xref gene does not exist
prokka_out/CA139575:CDS	hypothetical protein	NODE_1_length_558205_cov_102.860439:35085-36005	HDHBLALJ_00035

DiscRep_SUB:FEATURE_LOCATION_CONFLICT::Coding region xref gene does not exist
prokka_out/CA139575:CDS	Chaperone NapD	NODE_1_length_558205_cov_102.860439:35992-36327	HDHBLALJ_00036

DiscRep_SUB:FEATURE_LOCATION_CONFLICT::Coding region xref gene does not exist
prokka_out/CA139575:CDS	hypothetical protein	NODE_1_length_558205_cov_102.860439:36341-36517	HDHBLALJ_00037

DiscRep_SUB:FEATURE_LOCATION_CONFLICT::Coding region xref gene does not exist
prokka_out/CA139575:CDS	hypothetical protein	NODE_1_length_558205_cov_102.860439:36514-37194	HDHBLALJ_00038

DiscRep_SUB:FEATURE_LOCATION_CONFLICT::Coding region xref gene does not exist
prokka_out/CA139575:CDS	hypothetical protein	NODE_1_length_558205_cov_102.860439:37184-37504	HDHBLALJ_00039

DiscRep_SUB:FEATURE_LOCATION_CONFLICT::Coding region xref gene does not exist
prokka_out/CA139575:CDS	hypothetical protein	NODE_1_length_558205_cov_102.860439:37504-38085	HDHBLALJ_00040

DiscRep_SUB:FEATURE_LOCATION_CONFLICT::Coding region xref gene does not exist
prokka_out/CA139575:CDS	hypothetical protein	NODE_1_length_558205_cov_102.860439:38132-38377	HDHBLALJ_00041

DiscRep_SUB:FEATURE_LOCATION_CONFLICT::Coding region xref gene does not exist
prokka_out/CA139575:CDS	hypothetical protein	NODE_1_length_558205_cov_102.860439:38374-38871	HDHBLALJ_00042

DiscRep_SUB:FEATURE_LOCATION_CONFLICT::Coding region xref gene does not exist
prokka_out/CA139575:CDS	CCA-adding enzyme	NODE_1_length_558205_cov_102.860439:38840-39955	HDHBLALJ_00043

DiscRep_SUB:FEATURE_LOCATION_CONFLICT::Coding region xref gene does not exist
prokka_out/CA139575:CDS	Formyltetrahydrofolate deformylase	NODE_1_length_558205_cov_102.860439:39956-40780	HDHBLALJ_00044

DiscRep_SUB:FEATURE_LOCATION_CONFLICT::Coding region xref gene does not exist
prokka_out/CA139575:CDS	hypothetical protein	NODE_1_length_558205_cov_102.860439:40937-41848	HDHBLALJ_00045

DiscRep_SUB:FEATURE_LOCATION_CONFLICT::Coding region xref gene does not exist
prokka_out/CA139575:CDS	Bifunctional protein Aas	NODE_1_length_558205_cov_102.860439:c45436-41927	HDHBLALJ_00046

DiscRep_SUB:FEATURE_LOCATION_CONFLICT::Coding region xref gene does not exist
prokka_out/CA139575:CDS	UDP-N-acetylmuramoyl-tripeptide--D-alanyl-D-alanine ligase	NODE_1_length_558205_cov_102.860439:c47012-45585	HDHBLALJ_00047

DiscRep_SUB:FEATURE_LOCATION_CONFLICT::Coding region xref gene does not exist
prokka_out/CA139575:CDS	2-succinyl-6-hydroxy-2,4-cyclohexadiene-1-carboxylate synthase	NODE_1_length_558205_cov_102.860439:c47737-47006	HDHBLALJ_00048

DiscRep_SUB:FEATURE_LOCATION_CONFLICT::Coding region xref gene does not exist
prokka_out/CA139575:CDS	hypothetical protein	NODE_1_length_558205_cov_102.860439:c47954-47739	HDHBLALJ_00049

DiscRep_SUB:FEATURE_LOCATION_CONFLICT::Coding region xref gene does not exist
prokka_out/CA139575:CDS	D-alanine--D-alanine ligase	NODE_1_length_558205_cov_102.860439:c49054-48014	HDHBLALJ_00050

DiscRep_SUB:FEATURE_LOCATION_CONFLICT::Coding region xref gene does not exist
prokka_out/CA139575:CDS	Holliday junction ATP-dependent DNA helicase RuvA	NODE_1_length_558205_cov_102.860439:c49615-49064	HDHBLALJ_00051

DiscRep_SUB:FEATURE_LOCATION_CONFLICT::Coding region xref gene does not exist
prokka_out/CA139575:CDS	hypothetical protein	NODE_1_length_558205_cov_102.860439:c51456-49591	HDHBLALJ_00052

DiscRep_SUB:FEATURE_LOCATION_CONFLICT::Coding region xref gene does not exist
prokka_out/CA139575:CDS	Lipid II flippase MurJ	NODE_1_length_558205_cov_102.860439:51560-53011	HDHBLALJ_00053

DiscRep_SUB:FEATURE_LOCATION_CONFLICT::Coding region xref gene does not exist
prokka_out/CA139575:CDS	Cysteine--tRNA ligase	NODE_1_length_558205_cov_102.860439:53011-54393	HDHBLALJ_00054

DiscRep_SUB:FEATURE_LOCATION_CONFLICT::Coding region xref gene does not exist
prokka_out/CA139575:CDS	Lipid A export ATP-binding/permease protein MsbA	NODE_1_length_558205_cov_102.860439:54394-56127	HDHBLALJ_00055

DiscRep_SUB:FEATURE_LOCATION_CONFLICT::Coding region xref gene does not exist
prokka_out/CA139575:CDS	Dihydroorotate dehydrogenase (quinone)	NODE_1_length_558205_cov_102.860439:56173-57231	HDHBLALJ_00056

DiscRep_SUB:FEATURE_LOCATION_CONFLICT::Coding region xref gene does not exist
prokka_out/CA139575:CDS	putative zinc protease	NODE_1_length_558205_cov_102.860439:57228-58469	HDHBLALJ_00057

DiscRep_SUB:FEATURE_LOCATION_CONFLICT::Coding region xref gene does not exist
prokka_out/CA139575:CDS	4-hydroxy-tetrahydrodipicolinate synthase	NODE_1_length_558205_cov_102.860439:58472-59368	HDHBLALJ_00058

DiscRep_SUB:FEATURE_LOCATION_CONFLICT::Coding region xref gene does not exist
prokka_out/CA139575:CDS	Enoyl-[acyl-carrier-protein] reductase [NADPH] FabL	NODE_1_length_558205_cov_102.860439:59368-60147	HDHBLALJ_00059

DiscRep_SUB:FEATURE_LOCATION_CONFLICT::Coding region xref gene does not exist
prokka_out/CA139575:CDS	hypothetical protein	NODE_1_length_558205_cov_102.860439:c60560-60255	HDHBLALJ_00060

DiscRep_SUB:FEATURE_LOCATION_CONFLICT::Coding region xref gene does not exist
prokka_out/CA139575:CDS	hypothetical protein	NODE_1_length_558205_cov_102.860439:c61168-60572	HDHBLALJ_00061

DiscRep_SUB:FEATURE_LOCATION_CONFLICT::Coding region xref gene does not exist
prokka_out/CA139575:CDS	NH(3)-dependent NAD(+) synthetase	NODE_1_length_558205_cov_102.860439:61242-61988	HDHBLALJ_00062

DiscRep_SUB:FEATURE_LOCATION_CONFLICT::Coding region xref gene does not exist
prokka_out/CA139575:CDS	Tetraacyldisaccharide 4'-kinase	NODE_1_length_558205_cov_102.860439:61988-62920	HDHBLALJ_00063

DiscRep_SUB:FEATURE_LOCATION_CONFLICT::Coding region xref gene does not exist
prokka_out/CA139575:CDS	Threonine synthase	NODE_1_length_558205_cov_102.860439:62907-64319	HDHBLALJ_00064

DiscRep_SUB:FEATURE_LOCATION_CONFLICT::Coding region xref gene does not exist
prokka_out/CA139575:CDS	3-deoxy-manno-octulosonate cytidylyltransferase	NODE_1_length_558205_cov_102.860439:64316-65035	HDHBLALJ_00065

DiscRep_SUB:FEATURE_LOCATION_CONFLICT::Coding region xref gene does not exist
prokka_out/CA139575:CDS	hypothetical protein	NODE_1_length_558205_cov_102.860439:65124-66461	HDHBLALJ_00066

DiscRep_SUB:FEATURE_LOCATION_CONFLICT::Coding region xref gene does not exist
prokka_out/CA139575:CDS	hypothetical protein	NODE_1_length_558205_cov_102.860439:66537-67862	HDHBLALJ_00067

DiscRep_SUB:FEATURE_LOCATION_CONFLICT::Coding region xref gene does not exist
prokka_out/CA139575:CDS	L-cystine-binding protein FliY	NODE_1_length_558205_cov_102.860439:67957-68727	HDHBLALJ_00068

DiscRep_SUB:FEATURE_LOCATION_CONFLICT::Coding region xref gene does not exist
prokka_out/CA139575:CDS	hypothetical protein	NODE_1_length_558205_cov_102.860439:68820-69080	HDHBLALJ_00069

DiscRep_SUB:FEATURE_LOCATION_CONFLICT::Coding region xref gene does not exist
prokka_out/CA139575:CDS	Flagellar biosynthetic protein FliP	NODE_1_length_558205_cov_102.860439:c70038-69295	HDHBLALJ_00070

DiscRep_SUB:FEATURE_LOCATION_CONFLICT::Coding region xref gene does not exist
prokka_out/CA139575:CDS	Bifunctional protein GlmU	NODE_1_length_558205_cov_102.860439:70179-71468	HDHBLALJ_00071

DiscRep_SUB:FEATURE_LOCATION_CONFLICT::Coding region xref gene does not exist
prokka_out/CA139575:CDS	Coenzyme A biosynthesis bifunctional protein CoaBC	NODE_1_length_558205_cov_102.860439:71465-72619	HDHBLALJ_00072

DiscRep_SUB:FEATURE_LOCATION_CONFLICT::Coding region xref gene does not exist
prokka_out/CA139575:CDS	hypothetical protein	NODE_1_length_558205_cov_102.860439:72616-73233	HDHBLALJ_00073

DiscRep_SUB:FEATURE_LOCATION_CONFLICT::Coding region xref gene does not exist
prokka_out/CA139575:CDS	Isoprenyl transferase	NODE_1_length_558205_cov_102.860439:73236-73904	HDHBLALJ_00074

DiscRep_SUB:FEATURE_LOCATION_CONFLICT::Coding region xref gene does not exist
prokka_out/CA139575:CDS	hypothetical protein	NODE_1_length_558205_cov_102.860439:73894-74673	HDHBLALJ_00075

DiscRep_SUB:FEATURE_LOCATION_CONFLICT::Coding region xref gene does not exist
prokka_out/CA139575:CDS	hypothetical protein	NODE_1_length_558205_cov_102.860439:74670-75695	HDHBLALJ_00076

DiscRep_SUB:FEATURE_LOCATION_CONFLICT::Coding region xref gene does not exist
prokka_out/CA139575:CDS	tRNA pseudouridine synthase A	NODE_1_length_558205_cov_102.860439:75695-76417	HDHBLALJ_00077

DiscRep_SUB:FEATURE_LOCATION_CONFLICT::Coding region xref gene does not exist
prokka_out/CA139575:CDS	L-threonine ammonia-lyase	NODE_1_length_558205_cov_102.860439:c77625-76414	HDHBLALJ_00078

DiscRep_SUB:FEATURE_LOCATION_CONFLICT::Coding region xref gene does not exist
prokka_out/CA139575:CDS	putative protein YccU	NODE_1_length_558205_cov_102.860439:c78077-77619	HDHBLALJ_00079

DiscRep_SUB:FEATURE_LOCATION_CONFLICT::Coding region xref gene does not exist
prokka_out/CA139575:CDS	hypothetical protein	NODE_1_length_558205_cov_102.860439:78202-78612	HDHBLALJ_00080

DiscRep_SUB:FEATURE_LOCATION_CONFLICT::Coding region xref gene does not exist
prokka_out/CA139575:CDS	tRNA/tmRNA (uracil-C(5))-methyltransferase	NODE_1_length_558205_cov_102.860439:c79712-78624	HDHBLALJ_00081

DiscRep_SUB:FEATURE_LOCATION_CONFLICT::Coding region xref gene does not exist
prokka_out/CA139575:CDS	hypothetical protein	NODE_1_length_558205_cov_102.860439:c81439-79709	HDHBLALJ_00082

DiscRep_SUB:FEATURE_LOCATION_CONFLICT::Coding region xref gene does not exist
prokka_out/CA139575:CDS	NADP-dependent 3-hydroxy acid dehydrogenase YdfG	NODE_1_length_558205_cov_102.860439:c82185-81436	HDHBLALJ_00083

DiscRep_SUB:FEATURE_LOCATION_CONFLICT::Coding region xref gene does not exist
prokka_out/CA139575:CDS	hypothetical protein	NODE_1_length_558205_cov_102.860439:c83423-82182	HDHBLALJ_00084

DiscRep_SUB:FEATURE_LOCATION_CONFLICT::Coding region xref gene does not exist
prokka_out/CA139575:CDS	Aconitate hydratase B	NODE_1_length_558205_cov_102.860439:c86028-83482	HDHBLALJ_00085

DiscRep_SUB:FEATURE_LOCATION_CONFLICT::Coding region xref gene does not exist
prokka_out/CA139575:CDS	Methylated-DNA--protein-cysteine methyltransferase, constitutive	NODE_1_length_558205_cov_102.860439:86083-86559	HDHBLALJ_00086

DiscRep_SUB:FEATURE_LOCATION_CONFLICT::Coding region xref gene does not exist
prokka_out/CA139575:CDS	hypothetical protein	NODE_1_length_558205_cov_102.860439:c87479-86532	HDHBLALJ_00087

DiscRep_SUB:FEATURE_LOCATION_CONFLICT::Coding region xref gene does not exist
prokka_out/CA139575:CDS	Methionine--tRNA ligase	NODE_1_length_558205_cov_102.860439:c89367-87481	HDHBLALJ_00088

DiscRep_SUB:FEATURE_LOCATION_CONFLICT::Coding region xref gene does not exist
prokka_out/CA139575:CDS	hypothetical protein	NODE_1_length_558205_cov_102.860439:c89574-89377	HDHBLALJ_00089

DiscRep_SUB:FEATURE_LOCATION_CONFLICT::Coding region xref gene does not exist
prokka_out/CA139575:CDS	Fructose-1,6-bisphosphatase class 1	NODE_1_length_558205_cov_102.860439:c90409-89567	HDHBLALJ_00090

DiscRep_SUB:FEATURE_LOCATION_CONFLICT::Coding region xref gene does not exist
prokka_out/CA139575:CDS	Molybdopterin-guanine dinucleotide biosynthesis adapter protein	NODE_1_length_558205_cov_102.860439:c90905-90411	HDHBLALJ_00091

DiscRep_SUB:FEATURE_LOCATION_CONFLICT::Coding region xref gene does not exist
prokka_out/CA139575:CDS	hypothetical protein	NODE_1_length_558205_cov_102.860439:90998-91483	HDHBLALJ_00092

DiscRep_SUB:FEATURE_LOCATION_CONFLICT::Coding region xref gene does not exist
prokka_out/CA139575:CDS	hypothetical protein	NODE_1_length_558205_cov_102.860439:c93008-91380	HDHBLALJ_00093

DiscRep_SUB:FEATURE_LOCATION_CONFLICT::Coding region xref gene does not exist
prokka_out/CA139575:CDS	hypothetical protein	NODE_1_length_558205_cov_102.860439:c93286-93005	HDHBLALJ_00094

DiscRep_SUB:FEATURE_LOCATION_CONFLICT::Coding region xref gene does not exist
prokka_out/CA139575:CDS	Glutamate--tRNA ligase	NODE_1_length_558205_cov_102.860439:c94585-93290	HDHBLALJ_00095

DiscRep_SUB:FEATURE_LOCATION_CONFLICT::Coding region xref gene does not exist
prokka_out/CA139575:CDS	3',5'-cyclic adenosine monophosphate phosphodiesterase CpdA	NODE_1_length_558205_cov_102.860439:94670-95794	HDHBLALJ_00096

DiscRep_SUB:FEATURE_LOCATION_CONFLICT::Coding region xref gene does not exist
prokka_out/CA139575:CDS	Phosphatidylserine decarboxylase proenzyme	NODE_1_length_558205_cov_102.860439:95791-96591	HDHBLALJ_00097

DiscRep_SUB:FEATURE_LOCATION_CONFLICT::Coding region xref gene does not exist
prokka_out/CA139575:CDS	hypothetical protein	NODE_1_length_558205_cov_102.860439:c96869-96588	HDHBLALJ_00098

DiscRep_SUB:FEATURE_LOCATION_CONFLICT::Coding region xref gene does not exist
prokka_out/CA139575:CDS	hypothetical protein	NODE_1_length_558205_cov_102.860439:c99175-96866	HDHBLALJ_00099

DiscRep_SUB:FEATURE_LOCATION_CONFLICT::Coding region xref gene does not exist
prokka_out/CA139575:CDS	putative MFS-type transporter YcaD	NODE_1_length_558205_cov_102.860439:c100355-99168	HDHBLALJ_00100

DiscRep_SUB:FEATURE_LOCATION_CONFLICT::Coding region xref gene does not exist
prokka_out/CA139575:CDS	hypothetical protein	NODE_1_length_558205_cov_102.860439:c100836-100333	HDHBLALJ_00101

DiscRep_SUB:FEATURE_LOCATION_CONFLICT::Coding region xref gene does not exist
prokka_out/CA139575:CDS	hypothetical protein	NODE_1_length_558205_cov_102.860439:c101131-100826	HDHBLALJ_00102

DiscRep_SUB:FEATURE_LOCATION_CONFLICT::Coding region xref gene does not exist
prokka_out/CA139575:CDS	Glutamate-1-semialdehyde 2,1-aminomutase 1	NODE_1_length_558205_cov_102.860439:c102402-101128	HDHBLALJ_00103

DiscRep_SUB:FEATURE_LOCATION_CONFLICT::Coding region xref gene does not exist
prokka_out/CA139575:CDS	hypothetical protein	NODE_1_length_558205_cov_102.860439:c102746-102399	HDHBLALJ_00104

DiscRep_SUB:FEATURE_LOCATION_CONFLICT::Coding region xref gene does not exist
prokka_out/CA139575:CDS	Bifunctional protein FolD protein	NODE_1_length_558205_cov_102.860439:102824-103681	HDHBLALJ_00105

DiscRep_SUB:FEATURE_LOCATION_CONFLICT::Coding region xref gene does not exist
prokka_out/CA139575:CDS	Signal peptidase I	NODE_1_length_558205_cov_102.860439:103682-104530	HDHBLALJ_00106

DiscRep_SUB:FEATURE_LOCATION_CONFLICT::Coding region xref gene does not exist
prokka_out/CA139575:CDS	hypothetical protein	NODE_1_length_558205_cov_102.860439:c104929-104585	HDHBLALJ_00107

DiscRep_SUB:FEATURE_LOCATION_CONFLICT::Coding region xref gene does not exist
prokka_out/CA139575:CDS	High-affinity zinc uptake system binding-protein ZnuA	NODE_1_length_558205_cov_102.860439:105062-105931	HDHBLALJ_00108

DiscRep_SUB:FEATURE_LOCATION_CONFLICT::Coding region xref gene does not exist
prokka_out/CA139575:CDS	hypothetical protein	NODE_1_length_558205_cov_102.860439:105928-107250	HDHBLALJ_00109

DiscRep_SUB:FEATURE_LOCATION_CONFLICT::Coding region xref gene does not exist
prokka_out/CA139575:CDS	hypothetical protein	NODE_1_length_558205_cov_102.860439:107621-108076	HDHBLALJ_00110

DiscRep_SUB:FEATURE_LOCATION_CONFLICT::Coding region xref gene does not exist
prokka_out/CA139575:CDS	hypothetical protein	NODE_1_length_558205_cov_102.860439:108255-108404	HDHBLALJ_00111

DiscRep_SUB:FEATURE_LOCATION_CONFLICT::Coding region xref gene does not exist
prokka_out/CA139575:CDS	hypothetical protein	NODE_1_length_558205_cov_102.860439:108551-108769	HDHBLALJ_00112

DiscRep_SUB:FEATURE_LOCATION_CONFLICT::Coding region xref gene does not exist
prokka_out/CA139575:CDS	hypothetical protein	NODE_1_length_558205_cov_102.860439:108797-109111	HDHBLALJ_00113

DiscRep_SUB:FEATURE_LOCATION_CONFLICT::Coding region xref gene does not exist
prokka_out/CA139575:CDS	hypothetical protein	NODE_1_length_558205_cov_102.860439:109469-109750	HDHBLALJ_00114

DiscRep_SUB:FEATURE_LOCATION_CONFLICT::Coding region xref gene does not exist
prokka_out/CA139575:CDS	hypothetical protein	NODE_1_length_558205_cov_102.860439:109806-111212	HDHBLALJ_00115

DiscRep_SUB:FEATURE_LOCATION_CONFLICT::Coding region xref gene does not exist
prokka_out/CA139575:CDS	hypothetical protein	NODE_1_length_558205_cov_102.860439:111202-111939	HDHBLALJ_00116

DiscRep_SUB:FEATURE_LOCATION_CONFLICT::Coding region xref gene does not exist
prokka_out/CA139575:CDS	hypothetical protein	NODE_1_length_558205_cov_102.860439:111949-112632	HDHBLALJ_00117

DiscRep_SUB:FEATURE_LOCATION_CONFLICT::Coding region xref gene does not exist
prokka_out/CA139575:CDS	hypothetical protein	NODE_1_length_558205_cov_102.860439:112586-112813	HDHBLALJ_00118

DiscRep_SUB:FEATURE_LOCATION_CONFLICT::Coding region xref gene does not exist
prokka_out/CA139575:CDS	hypothetical protein	NODE_1_length_558205_cov_102.860439:112825-113325	HDHBLALJ_00119

DiscRep_SUB:FEATURE_LOCATION_CONFLICT::Coding region xref gene does not exist
prokka_out/CA139575:CDS	hypothetical protein	NODE_1_length_558205_cov_102.860439:113367-114656	HDHBLALJ_00120

DiscRep_SUB:FEATURE_LOCATION_CONFLICT::Coding region xref gene does not exist
prokka_out/CA139575:CDS	Acyl-CoA thioesterase YbgC	NODE_1_length_558205_cov_102.860439:114932-115306	HDHBLALJ_00121

DiscRep_SUB:FEATURE_LOCATION_CONFLICT::Coding region xref gene does not exist
prokka_out/CA139575:CDS	hypothetical protein	NODE_1_length_558205_cov_102.860439:c116494-115298	HDHBLALJ_00122

DiscRep_SUB:FEATURE_LOCATION_CONFLICT::Coding region xref gene does not exist
prokka_out/CA139575:CDS	hypothetical protein	NODE_1_length_558205_cov_102.860439:c117099-116491	HDHBLALJ_00123

DiscRep_SUB:FEATURE_LOCATION_CONFLICT::Coding region xref gene does not exist
prokka_out/CA139575:CDS	hypothetical protein	NODE_1_length_558205_cov_102.860439:c117575-117096	HDHBLALJ_00124

DiscRep_SUB:FEATURE_LOCATION_CONFLICT::Coding region xref gene does not exist
prokka_out/CA139575:CDS	50S ribosomal protein L34	NODE_1_length_558205_cov_102.860439:117714-117848	HDHBLALJ_00125

DiscRep_SUB:FEATURE_LOCATION_CONFLICT::Coding region xref gene does not exist
prokka_out/CA139575:CDS	Ribonuclease P protein component	NODE_1_length_558205_cov_102.860439:117845-118171	HDHBLALJ_00126

DiscRep_SUB:FEATURE_LOCATION_CONFLICT::Coding region xref gene does not exist
prokka_out/CA139575:CDS	Putative membrane protein insertion efficiency factor	NODE_1_length_558205_cov_102.860439:118138-118512	HDHBLALJ_00127

DiscRep_SUB:FEATURE_LOCATION_CONFLICT::Coding region xref gene does not exist
prokka_out/CA139575:CDS	Membrane protein insertase YidC	NODE_1_length_558205_cov_102.860439:118509-120104	HDHBLALJ_00128

DiscRep_SUB:FEATURE_LOCATION_CONFLICT::Coding region xref gene does not exist
prokka_out/CA139575:CDS	hypothetical protein	NODE_1_length_558205_cov_102.860439:120109-120960	HDHBLALJ_00129

DiscRep_SUB:FEATURE_LOCATION_CONFLICT::Coding region xref gene does not exist
prokka_out/CA139575:CDS	tRNA modification GTPase MnmE	NODE_1_length_558205_cov_102.860439:120953-122281	HDHBLALJ_00130

DiscRep_SUB:FEATURE_LOCATION_CONFLICT::Coding region xref gene does not exist
prokka_out/CA139575:CDS	Phosphoribosylformylglycinamidine synthase subunit PurL	NODE_1_length_558205_cov_102.860439:122292-124478	HDHBLALJ_00131

DiscRep_SUB:FEATURE_LOCATION_CONFLICT::Coding region xref gene does not exist
prokka_out/CA139575:CDS	Co-chaperone protein DjlA	NODE_1_length_558205_cov_102.860439:124475-125245	HDHBLALJ_00132

DiscRep_SUB:FEATURE_LOCATION_CONFLICT::Coding region xref gene does not exist
prokka_out/CA139575:CDS	Bifunctional purine biosynthesis protein PurH	NODE_1_length_558205_cov_102.860439:125361-126893	HDHBLALJ_00133

DiscRep_SUB:FEATURE_LOCATION_CONFLICT::Coding region xref gene does not exist
prokka_out/CA139575:CDS	hypothetical protein	NODE_1_length_558205_cov_102.860439:126988-128580	HDHBLALJ_00134

DiscRep_SUB:FEATURE_LOCATION_CONFLICT::Coding region xref gene does not exist
prokka_out/CA139575:CDS	hypothetical protein	NODE_1_length_558205_cov_102.860439:128590-129027	HDHBLALJ_00135

DiscRep_SUB:FEATURE_LOCATION_CONFLICT::Coding region xref gene does not exist
prokka_out/CA139575:CDS	Agmatine deiminase	NODE_1_length_558205_cov_102.860439:129124-130101	HDHBLALJ_00136

DiscRep_SUB:FEATURE_LOCATION_CONFLICT::Coding region xref gene does not exist
prokka_out/CA139575:CDS	Ferrous-iron efflux pump FieF	NODE_1_length_558205_cov_102.860439:130098-130985	HDHBLALJ_00137

DiscRep_SUB:FEATURE_LOCATION_CONFLICT::Coding region xref gene does not exist
prokka_out/CA139575:CDS	N-carbamoyl-D-amino acid hydrolase	NODE_1_length_558205_cov_102.860439:130982-131854	HDHBLALJ_00138

DiscRep_SUB:FEATURE_LOCATION_CONFLICT::Coding region xref gene does not exist
prokka_out/CA139575:CDS	hypothetical protein	NODE_1_length_558205_cov_102.860439:c133255-131891	HDHBLALJ_00139

DiscRep_SUB:FEATURE_LOCATION_CONFLICT::Coding region xref gene does not exist
prokka_out/CA139575:CDS	ATP-dependent RecD-like DNA helicase	NODE_1_length_558205_cov_102.860439:133304-134647	HDHBLALJ_00140

DiscRep_SUB:FEATURE_LOCATION_CONFLICT::Coding region xref gene does not exist
prokka_out/CA139575:CDS	hypothetical protein	NODE_1_length_558205_cov_102.860439:134658-135356	HDHBLALJ_00141

DiscRep_SUB:FEATURE_LOCATION_CONFLICT::Coding region xref gene does not exist
prokka_out/CA139575:CDS	Outer-membrane lipoprotein carrier protein	NODE_1_length_558205_cov_102.860439:c135868-135359	HDHBLALJ_00142

DiscRep_SUB:FEATURE_LOCATION_CONFLICT::Coding region xref gene does not exist
prokka_out/CA139575:CDS	Protein translocase subunit SecA	NODE_1_length_558205_cov_102.860439:135977-138565	HDHBLALJ_00143

DiscRep_SUB:FEATURE_LOCATION_CONFLICT::Coding region xref gene does not exist
prokka_out/CA139575:CDS	Lipoprotein-releasing system transmembrane protein LolE	NODE_1_length_558205_cov_102.860439:138562-139767	HDHBLALJ_00144

DiscRep_SUB:FEATURE_LOCATION_CONFLICT::Coding region xref gene does not exist
prokka_out/CA139575:CDS	hypothetical protein	NODE_1_length_558205_cov_102.860439:139777-140895	HDHBLALJ_00145

DiscRep_SUB:FEATURE_LOCATION_CONFLICT::Coding region xref gene does not exist
prokka_out/CA139575:CDS	hypothetical protein	NODE_1_length_558205_cov_102.860439:c141281-140904	HDHBLALJ_00146

DiscRep_SUB:FEATURE_LOCATION_CONFLICT::Coding region xref gene does not exist
prokka_out/CA139575:CDS	hypothetical protein	NODE_1_length_558205_cov_102.860439:141405-142190	HDHBLALJ_00147

DiscRep_SUB:FEATURE_LOCATION_CONFLICT::Coding region xref gene does not exist
prokka_out/CA139575:CDS	Cysteine desulfurase	NODE_1_length_558205_cov_102.860439:c144135-142867	HDHBLALJ_00155

DiscRep_SUB:FEATURE_LOCATION_CONFLICT::Coding region xref gene does not exist
prokka_out/CA139575:CDS	hypothetical protein	NODE_1_length_558205_cov_102.860439:144314-145060	HDHBLALJ_00156

DiscRep_SUB:FEATURE_LOCATION_CONFLICT::Coding region xref gene does not exist
prokka_out/CA139575:CDS	Adaptive-response sensory-kinase SasA	NODE_1_length_558205_cov_102.860439:145057-146076	HDHBLALJ_00157

DiscRep_SUB:FEATURE_LOCATION_CONFLICT::Coding region xref gene does not exist
prokka_out/CA139575:CDS	hypothetical protein	NODE_1_length_558205_cov_102.860439:c147099-146404	HDHBLALJ_00158

DiscRep_SUB:FEATURE_LOCATION_CONFLICT::Coding region xref gene does not exist
prokka_out/CA139575:CDS	hypothetical protein	NODE_1_length_558205_cov_102.860439:147917-150169	HDHBLALJ_00160

DiscRep_SUB:FEATURE_LOCATION_CONFLICT::Coding region xref gene does not exist
prokka_out/CA139575:CDS	hypothetical protein	NODE_1_length_558205_cov_102.860439:150280-153249	HDHBLALJ_00161

DiscRep_SUB:FEATURE_LOCATION_CONFLICT::Coding region xref gene does not exist
prokka_out/CA139575:CDS	30S ribosomal protein S15	NODE_1_length_558205_cov_102.860439:c153592-153320	HDHBLALJ_00162

DiscRep_SUB:FEATURE_LOCATION_CONFLICT::Coding region xref gene does not exist
prokka_out/CA139575:CDS	HTH-type transcriptional regulator CymR	NODE_1_length_558205_cov_102.860439:153758-154168	HDHBLALJ_00163

DiscRep_SUB:FEATURE_LOCATION_CONFLICT::Coding region xref gene does not exist
prokka_out/CA139575:CDS	Flagellar biosynthesis protein FlhA	NODE_1_length_558205_cov_102.860439:154155-156332	HDHBLALJ_00164

DiscRep_SUB:FEATURE_LOCATION_CONFLICT::Coding region xref gene does not exist
prokka_out/CA139575:CDS	3',5'-cyclic-nucleotide phosphodiesterase	NODE_1_length_558205_cov_102.860439:156341-157393	HDHBLALJ_00165

DiscRep_SUB:FEATURE_LOCATION_CONFLICT::Coding region xref gene does not exist
prokka_out/CA139575:CDS	hypothetical protein	NODE_1_length_558205_cov_102.860439:157374-157616	HDHBLALJ_00166

DiscRep_SUB:FEATURE_LOCATION_CONFLICT::Coding region xref gene does not exist
prokka_out/CA139575:CDS	hypothetical protein	NODE_1_length_558205_cov_102.860439:157613-158245	HDHBLALJ_00167

DiscRep_SUB:FEATURE_LOCATION_CONFLICT::Coding region xref gene does not exist
prokka_out/CA139575:CDS	hypothetical protein	NODE_1_length_558205_cov_102.860439:c158373-158233	HDHBLALJ_00168

DiscRep_SUB:FEATURE_LOCATION_CONFLICT::Coding region xref gene does not exist
prokka_out/CA139575:CDS	Thiol:disulfide interchange protein DsbL	NODE_1_length_558205_cov_102.860439:c159136-158498	HDHBLALJ_00169

DiscRep_SUB:FEATURE_LOCATION_CONFLICT::Coding region xref gene does not exist
prokka_out/CA139575:CDS	Protein-disulfide oxidoreductase DsbI	NODE_1_length_558205_cov_102.860439:c159920-159225	HDHBLALJ_00170

DiscRep_SUB:FEATURE_LOCATION_CONFLICT::Coding region xref gene does not exist
prokka_out/CA139575:CDS	Tyrosine recombinase XerH	NODE_1_length_558205_cov_102.860439:160545-161609	HDHBLALJ_00171

DiscRep_SUB:FEATURE_LOCATION_CONFLICT::Coding region xref gene does not exist
prokka_out/CA139575:CDS	Isochorismate synthase MenF	NODE_1_length_558205_cov_102.860439:161599-163377	HDHBLALJ_00172

DiscRep_SUB:FEATURE_LOCATION_CONFLICT::Coding region xref gene does not exist
prokka_out/CA139575:CDS	Anthranilate synthase component 2	NODE_1_length_558205_cov_102.860439:163374-163952	HDHBLALJ_00173

DiscRep_SUB:FEATURE_LOCATION_CONFLICT::Coding region xref gene does not exist
prokka_out/CA139575:CDS	putative inner membrane transporter YicL	NODE_1_length_558205_cov_102.860439:c164809-163949	HDHBLALJ_00174

DiscRep_SUB:FEATURE_LOCATION_CONFLICT::Coding region xref gene does not exist
prokka_out/CA139575:CDS	UDP-N-acetylglucosamine 1-carboxyvinyltransferase	NODE_1_length_558205_cov_102.860439:165004-166260	HDHBLALJ_00175

DiscRep_SUB:FEATURE_LOCATION_CONFLICT::Coding region xref gene does not exist
prokka_out/CA139575:CDS	Molybdopterin molybdenumtransferase	NODE_1_length_558205_cov_102.860439:166257-167423	HDHBLALJ_00176

DiscRep_SUB:FEATURE_LOCATION_CONFLICT::Coding region xref gene does not exist
prokka_out/CA139575:CDS	ABC transporter ATP-binding protein uup	NODE_1_length_558205_cov_102.860439:c169584-167653	HDHBLALJ_00178

DiscRep_SUB:FEATURE_LOCATION_CONFLICT::Coding region xref gene does not exist
prokka_out/CA139575:CDS	Adaptive-response sensory-kinase SasA	NODE_1_length_558205_cov_102.860439:c170877-169594	HDHBLALJ_00179

DiscRep_SUB:FEATURE_LOCATION_CONFLICT::Coding region xref gene does not exist
prokka_out/CA139575:CDS	Transcriptional regulatory protein WalR	NODE_1_length_558205_cov_102.860439:c171542-170871	HDHBLALJ_00180

DiscRep_SUB:FEATURE_LOCATION_CONFLICT::Coding region xref gene does not exist
prokka_out/CA139575:CDS	D-3-phosphoglycerate dehydrogenase	NODE_1_length_558205_cov_102.860439:c173103-171520	HDHBLALJ_00181

DiscRep_SUB:FEATURE_LOCATION_CONFLICT::Coding region xref gene does not exist
prokka_out/CA139575:CDS	hypothetical protein	NODE_1_length_558205_cov_102.860439:c173591-173100	HDHBLALJ_00182

DiscRep_SUB:FEATURE_LOCATION_CONFLICT::Coding region xref gene does not exist
prokka_out/CA139575:CDS	30S ribosomal protein S1	NODE_1_length_558205_cov_102.860439:c175261-173591	HDHBLALJ_00183

DiscRep_SUB:FEATURE_LOCATION_CONFLICT::Coding region xref gene does not exist
prokka_out/CA139575:CDS	4-hydroxy-3-methylbut-2-enyl diphosphate reductase	NODE_1_length_558205_cov_102.860439:c176231-175401	HDHBLALJ_00184

DiscRep_SUB:FEATURE_LOCATION_CONFLICT::Coding region xref gene does not exist
prokka_out/CA139575:CDS	3-phosphoshikimate 1-carboxyvinyltransferase	NODE_1_length_558205_cov_102.860439:c177501-176221	HDHBLALJ_00185

DiscRep_SUB:FEATURE_LOCATION_CONFLICT::Coding region xref gene does not exist
prokka_out/CA139575:CDS	Phenylalanine--tRNA ligase beta subunit	NODE_1_length_558205_cov_102.860439:c179819-177498	HDHBLALJ_00186

DiscRep_SUB:FEATURE_LOCATION_CONFLICT::Coding region xref gene does not exist
prokka_out/CA139575:CDS	Phenylalanine--tRNA ligase alpha subunit	NODE_1_length_558205_cov_102.860439:c180808-179816	HDHBLALJ_00187

DiscRep_SUB:FEATURE_LOCATION_CONFLICT::Coding region xref gene does not exist
prokka_out/CA139575:CDS	putative HIT-like protein	NODE_1_length_558205_cov_102.860439:180929-181294	HDHBLALJ_00188

DiscRep_SUB:FEATURE_LOCATION_CONFLICT::Coding region xref gene does not exist
prokka_out/CA139575:CDS	Protein/nucleic acid deglycase 3	NODE_1_length_558205_cov_102.860439:c181902-181333	HDHBLALJ_00189

DiscRep_SUB:FEATURE_LOCATION_CONFLICT::Coding region xref gene does not exist
prokka_out/CA139575:CDS	hypothetical protein	NODE_1_length_558205_cov_102.860439:c182036-181899	HDHBLALJ_00190

DiscRep_SUB:FEATURE_LOCATION_CONFLICT::Coding region xref gene does not exist
prokka_out/CA139575:CDS	hypothetical protein	NODE_1_length_558205_cov_102.860439:182147-182890	HDHBLALJ_00191

DiscRep_SUB:FEATURE_LOCATION_CONFLICT::Coding region xref gene does not exist
prokka_out/CA139575:CDS	Glutamine transport ATP-binding protein GlnQ	NODE_1_length_558205_cov_102.860439:182883-183611	HDHBLALJ_00192

DiscRep_SUB:FEATURE_LOCATION_CONFLICT::Coding region xref gene does not exist
prokka_out/CA139575:CDS	Amino-acid carrier protein AlsT	NODE_1_length_558205_cov_102.860439:c185122-183638	HDHBLALJ_00193

DiscRep_SUB:FEATURE_LOCATION_CONFLICT::Coding region xref gene does not exist
prokka_out/CA139575:CDS	tRNA (cytidine(34)-2'-O)-methyltransferase	NODE_1_length_558205_cov_102.860439:c185695-185228	HDHBLALJ_00194

DiscRep_SUB:FEATURE_LOCATION_CONFLICT::Coding region xref gene does not exist
prokka_out/CA139575:CDS	Alanine racemase	NODE_1_length_558205_cov_102.860439:c186687-185698	HDHBLALJ_00195

DiscRep_SUB:FEATURE_LOCATION_CONFLICT::Coding region xref gene does not exist
prokka_out/CA139575:CDS	hypothetical protein	NODE_1_length_558205_cov_102.860439:c187664-186687	HDHBLALJ_00196

DiscRep_SUB:FEATURE_LOCATION_CONFLICT::Coding region xref gene does not exist
prokka_out/CA139575:CDS	hypothetical protein	NODE_1_length_558205_cov_102.860439:187985-188278	HDHBLALJ_00197

DiscRep_SUB:FEATURE_LOCATION_CONFLICT::Coding region xref gene does not exist
prokka_out/CA139575:CDS	hypothetical protein	NODE_1_length_558205_cov_102.860439:188379-188795	HDHBLALJ_00198

DiscRep_SUB:FEATURE_LOCATION_CONFLICT::Coding region xref gene does not exist
prokka_out/CA139575:CDS	hypothetical protein	NODE_1_length_558205_cov_102.860439:188799-189251	HDHBLALJ_00199

DiscRep_SUB:FEATURE_LOCATION_CONFLICT::Coding region xref gene does not exist
prokka_out/CA139575:CDS	hypothetical protein	NODE_1_length_558205_cov_102.860439:189248-189802	HDHBLALJ_00200

DiscRep_SUB:FEATURE_LOCATION_CONFLICT::Coding region xref gene does not exist
prokka_out/CA139575:CDS	Cysteine synthase	NODE_1_length_558205_cov_102.860439:c190707-189808	HDHBLALJ_00201

DiscRep_SUB:FEATURE_LOCATION_CONFLICT::Coding region xref gene does not exist
prokka_out/CA139575:CDS	DNA-binding protein HU	NODE_1_length_558205_cov_102.860439:c191125-190835	HDHBLALJ_00202

DiscRep_SUB:FEATURE_LOCATION_CONFLICT::Coding region xref gene does not exist
prokka_out/CA139575:CDS	hypothetical protein	NODE_1_length_558205_cov_102.860439:c193043-191202	HDHBLALJ_00203

DiscRep_SUB:FEATURE_LOCATION_CONFLICT::Coding region xref gene does not exist
prokka_out/CA139575:CDS	putative acyl-CoA thioester hydrolase	NODE_1_length_558205_cov_102.860439:193105-193518	HDHBLALJ_00204

DiscRep_SUB:FEATURE_LOCATION_CONFLICT::Coding region xref gene does not exist
prokka_out/CA139575:CDS	Peptide transporter CstA	NODE_1_length_558205_cov_102.860439:c195853-193742	HDHBLALJ_00205

DiscRep_SUB:FEATURE_LOCATION_CONFLICT::Coding region xref gene does not exist
prokka_out/CA139575:CDS	Ribose-phosphate pyrophosphokinase	NODE_1_length_558205_cov_102.860439:c197169-196240	HDHBLALJ_00206

DiscRep_SUB:FEATURE_LOCATION_CONFLICT::Coding region xref gene does not exist
prokka_out/CA139575:CDS	putative glutamine ABC transporter permease protein GlnP	NODE_1_length_558205_cov_102.860439:c197929-197270	HDHBLALJ_00207

DiscRep_SUB:FEATURE_LOCATION_CONFLICT::Coding region xref gene does not exist
prokka_out/CA139575:CDS	putative glutamine ABC transporter permease protein GlnM	NODE_1_length_558205_cov_102.860439:c198692-197940	HDHBLALJ_00208

DiscRep_SUB:FEATURE_LOCATION_CONFLICT::Coding region xref gene does not exist
prokka_out/CA139575:CDS	Major cell-binding factor	NODE_1_length_558205_cov_102.860439:c199473-198694	HDHBLALJ_00209

DiscRep_SUB:FEATURE_LOCATION_CONFLICT::Coding region xref gene does not exist
prokka_out/CA139575:CDS	Glutamine transport ATP-binding protein GlnQ	NODE_1_length_558205_cov_102.860439:c200226-199498	HDHBLALJ_00210

DiscRep_SUB:FEATURE_LOCATION_CONFLICT::Coding region xref gene does not exist
prokka_out/CA139575:CDS	Chemotaxis protein methyltransferase	NODE_1_length_558205_cov_102.860439:c201177-200389	HDHBLALJ_00211

DiscRep_SUB:FEATURE_LOCATION_CONFLICT::Coding region xref gene does not exist
prokka_out/CA139575:CDS	Protein-glutamate methylesterase/protein-glutamine glutaminase	NODE_1_length_558205_cov_102.860439:c201744-201190	HDHBLALJ_00212

DiscRep_SUB:FEATURE_LOCATION_CONFLICT::Coding region xref gene does not exist
prokka_out/CA139575:CDS	Ribose-5-phosphate isomerase B	NODE_1_length_558205_cov_102.860439:201913-202350	HDHBLALJ_00213

DiscRep_SUB:FEATURE_LOCATION_CONFLICT::Coding region xref gene does not exist
prokka_out/CA139575:CDS	hypothetical protein	NODE_1_length_558205_cov_102.860439:202350-202682	HDHBLALJ_00214

DiscRep_SUB:FEATURE_LOCATION_CONFLICT::Coding region xref gene does not exist
prokka_out/CA139575:CDS	Adenine phosphoribosyltransferase	NODE_1_length_558205_cov_102.860439:202679-203227	HDHBLALJ_00215

DiscRep_SUB:FEATURE_LOCATION_CONFLICT::Coding region xref gene does not exist
prokka_out/CA139575:CDS	hypothetical protein	NODE_1_length_558205_cov_102.860439:203237-203932	HDHBLALJ_00216

DiscRep_SUB:FEATURE_LOCATION_CONFLICT::Coding region xref gene does not exist
prokka_out/CA139575:CDS	Cytosol aminopeptidase	NODE_1_length_558205_cov_102.860439:203922-205373	HDHBLALJ_00217

DiscRep_SUB:FEATURE_LOCATION_CONFLICT::Coding region xref gene does not exist
prokka_out/CA139575:CDS	Ribosome-binding ATPase YchF	NODE_1_length_558205_cov_102.860439:205370-206473	HDHBLALJ_00218

DiscRep_SUB:FEATURE_LOCATION_CONFLICT::Coding region xref gene does not exist
prokka_out/CA139575:CDS	Argininosuccinate lyase	NODE_1_length_558205_cov_102.860439:c207865-206480	HDHBLALJ_00219

DiscRep_SUB:FEATURE_LOCATION_CONFLICT::Coding region xref gene does not exist
prokka_out/CA139575:CDS	Phosphoenolpyruvate carboxykinase (ATP)	NODE_1_length_558205_cov_102.860439:c209449-207875	HDHBLALJ_00220

DiscRep_SUB:FEATURE_LOCATION_CONFLICT::Coding region xref gene does not exist
prokka_out/CA139575:CDS	Oxaloacetate decarboxylase alpha chain	NODE_1_length_558205_cov_102.860439:c211251-209458	HDHBLALJ_00221

DiscRep_SUB:FEATURE_LOCATION_CONFLICT::Coding region xref gene does not exist
prokka_out/CA139575:CDS	hypothetical protein	NODE_1_length_558205_cov_102.860439:c212623-211274	HDHBLALJ_00222

DiscRep_SUB:FEATURE_LOCATION_CONFLICT::Coding region xref gene does not exist
prokka_out/CA139575:CDS	hypothetical protein	NODE_1_length_558205_cov_102.860439:c213971-212637	HDHBLALJ_00223

DiscRep_SUB:FEATURE_LOCATION_CONFLICT::Coding region xref gene does not exist
prokka_out/CA139575:CDS	ATP synthase subunit c	NODE_1_length_558205_cov_102.860439:214215-214553	HDHBLALJ_00224

DiscRep_SUB:FEATURE_LOCATION_CONFLICT::Coding region xref gene does not exist
prokka_out/CA139575:CDS	hypothetical protein	NODE_1_length_558205_cov_102.860439:215203-215385	HDHBLALJ_00226

DiscRep_SUB:FEATURE_LOCATION_CONFLICT::Coding region xref gene does not exist
prokka_out/CA139575:CDS	hypothetical protein	NODE_1_length_558205_cov_102.860439:215565-216476	HDHBLALJ_00227

DiscRep_SUB:FEATURE_LOCATION_CONFLICT::Coding region xref gene does not exist
prokka_out/CA139575:CDS	tRNA U34 carboxymethyltransferase	NODE_1_length_558205_cov_102.860439:217090-217965	HDHBLALJ_00228

DiscRep_SUB:FEATURE_LOCATION_CONFLICT::Coding region xref gene does not exist
prokka_out/CA139575:CDS	hypothetical protein	NODE_1_length_558205_cov_102.860439:218042-218617	HDHBLALJ_00229

DiscRep_SUB:FEATURE_LOCATION_CONFLICT::Coding region xref gene does not exist
prokka_out/CA139575:CDS	hypothetical protein	NODE_1_length_558205_cov_102.860439:c218795-218622	HDHBLALJ_00230

DiscRep_SUB:FEATURE_LOCATION_CONFLICT::Coding region xref gene does not exist
prokka_out/CA139575:CDS	hypothetical protein	NODE_1_length_558205_cov_102.860439:c219332-218805	HDHBLALJ_00231

DiscRep_SUB:FEATURE_LOCATION_CONFLICT::Coding region xref gene does not exist
prokka_out/CA139575:CDS	Cytosol non-specific dipeptidase	NODE_1_length_558205_cov_102.860439:219388-220656	HDHBLALJ_00232

DiscRep_SUB:FEATURE_LOCATION_CONFLICT::Coding region xref gene does not exist
prokka_out/CA139575:CDS	Proline/betaine transporter	NODE_1_length_558205_cov_102.860439:c221886-220639	HDHBLALJ_00233

DiscRep_SUB:FEATURE_LOCATION_CONFLICT::Coding region xref gene does not exist
prokka_out/CA139575:CDS	ABC transporter glutamine-binding protein GlnH	NODE_1_length_558205_cov_102.860439:c222768-221929	HDHBLALJ_00234

DiscRep_SUB:FEATURE_LOCATION_CONFLICT::Coding region xref gene does not exist
prokka_out/CA139575:CDS	hypothetical protein	NODE_1_length_558205_cov_102.860439:222966-224069	HDHBLALJ_00235

DiscRep_SUB:FEATURE_LOCATION_CONFLICT::Coding region xref gene does not exist
prokka_out/CA139575:CDS	hypothetical protein	NODE_1_length_558205_cov_102.860439:224179-224919	HDHBLALJ_00236

DiscRep_SUB:FEATURE_LOCATION_CONFLICT::Coding region xref gene does not exist
prokka_out/CA139575:CDS	hypothetical protein	NODE_1_length_558205_cov_102.860439:225118-225321	HDHBLALJ_00237

DiscRep_SUB:FEATURE_LOCATION_CONFLICT::Coding region xref gene does not exist
prokka_out/CA139575:CDS	hypothetical protein	NODE_1_length_558205_cov_102.860439:c226064-225324	HDHBLALJ_00238

DiscRep_SUB:FEATURE_LOCATION_CONFLICT::Coding region xref gene does not exist
prokka_out/CA139575:CDS	Lactate utilization protein A	NODE_1_length_558205_cov_102.860439:c227330-226065	HDHBLALJ_00239

DiscRep_SUB:FEATURE_LOCATION_CONFLICT::Coding region xref gene does not exist
prokka_out/CA139575:CDS	Oxygen-independent coproporphyrinogen III oxidase	NODE_1_length_558205_cov_102.860439:c228696-227341	HDHBLALJ_00240

DiscRep_SUB:FEATURE_LOCATION_CONFLICT::Coding region xref gene does not exist
prokka_out/CA139575:CDS	hypothetical protein	NODE_1_length_558205_cov_102.860439:c229174-228683	HDHBLALJ_00241

DiscRep_SUB:FEATURE_LOCATION_CONFLICT::Coding region xref gene does not exist
prokka_out/CA139575:CDS	Ornithine carbamoyltransferase, anabolic	NODE_1_length_558205_cov_102.860439:c230135-229224	HDHBLALJ_00242

DiscRep_SUB:FEATURE_LOCATION_CONFLICT::Coding region xref gene does not exist
prokka_out/CA139575:CDS	Delta-aminolevulinic acid dehydratase	NODE_1_length_558205_cov_102.860439:c231115-230132	HDHBLALJ_00243

DiscRep_SUB:FEATURE_LOCATION_CONFLICT::Coding region xref gene does not exist
prokka_out/CA139575:CDS	GTP cyclohydrolase-2	NODE_1_length_558205_cov_102.860439:231172-231732	HDHBLALJ_00244

DiscRep_SUB:FEATURE_LOCATION_CONFLICT::Coding region xref gene does not exist
prokka_out/CA139575:CDS	Ribosomal RNA small subunit methyltransferase G	NODE_1_length_558205_cov_102.860439:231729-232328	HDHBLALJ_00245

DiscRep_SUB:FEATURE_LOCATION_CONFLICT::Coding region xref gene does not exist
prokka_out/CA139575:CDS	hypothetical protein	NODE_1_length_558205_cov_102.860439:c232901-232329	HDHBLALJ_00246

DiscRep_SUB:FEATURE_LOCATION_CONFLICT::Coding region xref gene does not exist
prokka_out/CA139575:CDS	hypothetical protein	NODE_1_length_558205_cov_102.860439:c234087-232993	HDHBLALJ_00247

DiscRep_SUB:FEATURE_LOCATION_CONFLICT::Coding region xref gene does not exist
prokka_out/CA139575:CDS	HTH-type transcriptional regulator CysL	NODE_1_length_558205_cov_102.860439:234231-235112	HDHBLALJ_00248

DiscRep_SUB:FEATURE_LOCATION_CONFLICT::Coding region xref gene does not exist
prokka_out/CA139575:CDS	RNA polymerase sigma factor RpoD	NODE_1_length_558205_cov_102.860439:235187-237052	HDHBLALJ_00249

DiscRep_SUB:FEATURE_LOCATION_CONFLICT::Coding region xref gene does not exist
prokka_out/CA139575:CDS	hypothetical protein	NODE_1_length_558205_cov_102.860439:c237562-237053	HDHBLALJ_00250

DiscRep_SUB:FEATURE_LOCATION_CONFLICT::Coding region xref gene does not exist
prokka_out/CA139575:CDS	hypothetical protein	NODE_1_length_558205_cov_102.860439:c238077-237559	HDHBLALJ_00251

DiscRep_SUB:FEATURE_LOCATION_CONFLICT::Coding region xref gene does not exist
prokka_out/CA139575:CDS	hypothetical protein	NODE_1_length_558205_cov_102.860439:238177-238593	HDHBLALJ_00252

DiscRep_SUB:FEATURE_LOCATION_CONFLICT::Coding region xref gene does not exist
prokka_out/CA139575:CDS	ATP-dependent zinc metalloprotease FtsH 3	NODE_1_length_558205_cov_102.860439:c240252-238648	HDHBLALJ_00253

DiscRep_SUB:FEATURE_LOCATION_CONFLICT::Coding region xref gene does not exist
prokka_out/CA139575:CDS	Threonylcarbamoyladenosine tRNA methylthiotransferase MtaB	NODE_1_length_558205_cov_102.860439:c241505-240249	HDHBLALJ_00254

DiscRep_SUB:FEATURE_LOCATION_CONFLICT::Coding region xref gene does not exist
prokka_out/CA139575:CDS	hypothetical protein	NODE_1_length_558205_cov_102.860439:c243073-241502	HDHBLALJ_00255

DiscRep_SUB:FEATURE_LOCATION_CONFLICT::Coding region xref gene does not exist
prokka_out/CA139575:CDS	3-dehydroquinate synthase	NODE_1_length_558205_cov_102.860439:c244125-243070	HDHBLALJ_00256

DiscRep_SUB:FEATURE_LOCATION_CONFLICT::Coding region xref gene does not exist
prokka_out/CA139575:CDS	hypothetical protein	NODE_1_length_558205_cov_102.860439:c245693-244293	HDHBLALJ_00257

DiscRep_SUB:FEATURE_LOCATION_CONFLICT::Coding region xref gene does not exist
prokka_out/CA139575:CDS	Queuine tRNA-ribosyltransferase	NODE_1_length_558205_cov_102.860439:245723-246856	HDHBLALJ_00258

DiscRep_SUB:FEATURE_LOCATION_CONFLICT::Coding region xref gene does not exist
prokka_out/CA139575:CDS	hypothetical protein	NODE_1_length_558205_cov_102.860439:246843-247613	HDHBLALJ_00259

DiscRep_SUB:FEATURE_LOCATION_CONFLICT::Coding region xref gene does not exist
prokka_out/CA139575:CDS	hypothetical protein	NODE_1_length_558205_cov_102.860439:c248930-248250	HDHBLALJ_00261

DiscRep_SUB:FEATURE_LOCATION_CONFLICT::Coding region xref gene does not exist
prokka_out/CA139575:CDS	hypothetical protein	NODE_1_length_558205_cov_102.860439:c249226-248942	HDHBLALJ_00262

DiscRep_SUB:FEATURE_LOCATION_CONFLICT::Coding region xref gene does not exist
prokka_out/CA139575:CDS	hypothetical protein	NODE_1_length_558205_cov_102.860439:c250916-249237	HDHBLALJ_00263

DiscRep_SUB:FEATURE_LOCATION_CONFLICT::Coding region xref gene does not exist
prokka_out/CA139575:CDS	hypothetical protein	NODE_1_length_558205_cov_102.860439:c251501-251331	HDHBLALJ_00264

DiscRep_SUB:FEATURE_LOCATION_CONFLICT::Coding region xref gene does not exist
prokka_out/CA139575:CDS	hypothetical protein	NODE_1_length_558205_cov_102.860439:c252332-251877	HDHBLALJ_00265

DiscRep_SUB:FEATURE_LOCATION_CONFLICT::Coding region xref gene does not exist
prokka_out/CA139575:CDS	Cytochrome c biogenesis protein CcsA	NODE_1_length_558205_cov_102.860439:c255592-252332	HDHBLALJ_00266

DiscRep_SUB:FEATURE_LOCATION_CONFLICT::Coding region xref gene does not exist
prokka_out/CA139575:CDS	High-affinity branched-chain amino acid transport ATP-binding protein LivF	NODE_1_length_558205_cov_102.860439:c256303-255608	HDHBLALJ_00267

DiscRep_SUB:FEATURE_LOCATION_CONFLICT::Coding region xref gene does not exist
prokka_out/CA139575:CDS	Lipopolysaccharide export system ATP-binding protein LptB	NODE_1_length_558205_cov_102.860439:c257060-256290	HDHBLALJ_00268

DiscRep_SUB:FEATURE_LOCATION_CONFLICT::Coding region xref gene does not exist
prokka_out/CA139575:CDS	hypothetical protein	NODE_1_length_558205_cov_102.860439:c258100-257060	HDHBLALJ_00269

DiscRep_SUB:FEATURE_LOCATION_CONFLICT::Coding region xref gene does not exist
prokka_out/CA139575:CDS	High-affinity branched-chain amino acid transport system permease protein LivH	NODE_1_length_558205_cov_102.860439:c259062-258103	HDHBLALJ_00270

DiscRep_SUB:FEATURE_LOCATION_CONFLICT::Coding region xref gene does not exist
prokka_out/CA139575:CDS	hypothetical protein	NODE_1_length_558205_cov_102.860439:c260179-259070	HDHBLALJ_00271

DiscRep_SUB:FEATURE_LOCATION_CONFLICT::Coding region xref gene does not exist
prokka_out/CA139575:CDS	Leu/Ile/Val-binding protein	NODE_1_length_558205_cov_102.860439:c261304-260189	HDHBLALJ_00272

DiscRep_SUB:FEATURE_LOCATION_CONFLICT::Coding region xref gene does not exist
prokka_out/CA139575:CDS	hypothetical protein	NODE_1_length_558205_cov_102.860439:c261771-261340	HDHBLALJ_00273

DiscRep_SUB:FEATURE_LOCATION_CONFLICT::Coding region xref gene does not exist
prokka_out/CA139575:CDS	hypothetical protein	NODE_1_length_558205_cov_102.860439:c261981-261781	HDHBLALJ_00274

DiscRep_SUB:FEATURE_LOCATION_CONFLICT::Coding region xref gene does not exist
prokka_out/CA139575:CDS	hypothetical protein	NODE_1_length_558205_cov_102.860439:c262541-262035	HDHBLALJ_00275

DiscRep_SUB:FEATURE_LOCATION_CONFLICT::Coding region xref gene does not exist
prokka_out/CA139575:CDS	Aspartate-semialdehyde dehydrogenase 2	NODE_1_length_558205_cov_102.860439:c263586-262555	HDHBLALJ_00276

DiscRep_SUB:FEATURE_LOCATION_CONFLICT::Coding region xref gene does not exist
prokka_out/CA139575:CDS	Regulatory protein AtoC	NODE_1_length_558205_cov_102.860439:c264884-263586	HDHBLALJ_00277

DiscRep_SUB:FEATURE_LOCATION_CONFLICT::Coding region xref gene does not exist
prokka_out/CA139575:CDS	hypothetical protein	NODE_1_length_558205_cov_102.860439:c265382-264933	HDHBLALJ_00278

DiscRep_SUB:FEATURE_LOCATION_CONFLICT::Coding region xref gene does not exist
prokka_out/CA139575:CDS	hypothetical protein	NODE_1_length_558205_cov_102.860439:c265879-265358	HDHBLALJ_00279

DiscRep_SUB:FEATURE_LOCATION_CONFLICT::Coding region xref gene does not exist
prokka_out/CA139575:CDS	DNA gyrase subunit A	NODE_1_length_558205_cov_102.860439:c268514-265947	HDHBLALJ_00280

DiscRep_SUB:FEATURE_LOCATION_CONFLICT::Coding region xref gene does not exist
prokka_out/CA139575:CDS	hypothetical protein	NODE_1_length_558205_cov_102.860439:c269129-268554	HDHBLALJ_00281

DiscRep_SUB:FEATURE_LOCATION_CONFLICT::Coding region xref gene does not exist
prokka_out/CA139575:CDS	hypothetical protein	NODE_1_length_558205_cov_102.860439:c269770-269126	HDHBLALJ_00282

DiscRep_SUB:FEATURE_LOCATION_CONFLICT::Coding region xref gene does not exist
prokka_out/CA139575:CDS	Elongation factor 4	NODE_1_length_558205_cov_102.860439:c271657-269861	HDHBLALJ_00283

DiscRep_SUB:FEATURE_LOCATION_CONFLICT::Coding region xref gene does not exist
prokka_out/CA139575:CDS	hypothetical protein	NODE_1_length_558205_cov_102.860439:271783-273057	HDHBLALJ_00284

DiscRep_SUB:FEATURE_LOCATION_CONFLICT::Coding region xref gene does not exist
prokka_out/CA139575:CDS	Cobalt-zinc-cadmium resistance protein CzcB	NODE_1_length_558205_cov_102.860439:273054-273794	HDHBLALJ_00285

DiscRep_SUB:FEATURE_LOCATION_CONFLICT::Coding region xref gene does not exist
prokka_out/CA139575:CDS	Multidrug resistance protein MdtC	NODE_1_length_558205_cov_102.860439:273797-276814	HDHBLALJ_00286

DiscRep_SUB:FEATURE_LOCATION_CONFLICT::Coding region xref gene does not exist
prokka_out/CA139575:CDS	hypothetical protein	NODE_1_length_558205_cov_102.860439:c277644-276838	HDHBLALJ_00287

DiscRep_SUB:FEATURE_LOCATION_CONFLICT::Coding region xref gene does not exist
prokka_out/CA139575:CDS	Aspartate/glutamate leucyltransferase	NODE_1_length_558205_cov_102.860439:c278365-277646	HDHBLALJ_00288

DiscRep_SUB:FEATURE_LOCATION_CONFLICT::Coding region xref gene does not exist
prokka_out/CA139575:CDS	hypothetical protein	NODE_1_length_558205_cov_102.860439:c278601-278365	HDHBLALJ_00289

DiscRep_SUB:FEATURE_LOCATION_CONFLICT::Coding region xref gene does not exist
prokka_out/CA139575:CDS	2-oxoglutarate carboxylase small subunit	NODE_1_length_558205_cov_102.860439:c280043-278601	HDHBLALJ_00290

DiscRep_SUB:FEATURE_LOCATION_CONFLICT::Coding region xref gene does not exist
prokka_out/CA139575:CDS	putative peptidoglycan glycosyltransferase FtsW	NODE_1_length_558205_cov_102.860439:280178-281341	HDHBLALJ_00291

DiscRep_SUB:FEATURE_LOCATION_CONFLICT::Coding region xref gene does not exist
prokka_out/CA139575:CDS	UDP-N-acetylglucosamine--N-acetylmuramyl-(pentapeptide) pyrophosphoryl-undecaprenol N-acetylglucosamine transferase	NODE_1_length_558205_cov_102.860439:281338-282354	HDHBLALJ_00292

DiscRep_SUB:FEATURE_LOCATION_CONFLICT::Coding region xref gene does not exist
prokka_out/CA139575:CDS	putative transporter YycB	NODE_1_length_558205_cov_102.860439:c283507-282347	HDHBLALJ_00293

DiscRep_SUB:FEATURE_LOCATION_CONFLICT::Coding region xref gene does not exist
prokka_out/CA139575:CDS	hypothetical protein	NODE_1_length_558205_cov_102.860439:c284369-283515	HDHBLALJ_00294

DiscRep_SUB:FEATURE_LOCATION_CONFLICT::Coding region xref gene does not exist
prokka_out/CA139575:CDS	HTH-type transcriptional activator RhaS	NODE_1_length_558205_cov_102.860439:c285322-284432	HDHBLALJ_00295

DiscRep_SUB:FEATURE_LOCATION_CONFLICT::Coding region xref gene does not exist
prokka_out/CA139575:CDS	Thiamine-phosphate synthase	NODE_1_length_558205_cov_102.860439:c285942-285337	HDHBLALJ_00296

DiscRep_SUB:FEATURE_LOCATION_CONFLICT::Coding region xref gene does not exist
prokka_out/CA139575:CDS	2-iminoacetate synthase	NODE_1_length_558205_cov_102.860439:c287077-285932	HDHBLALJ_00297

DiscRep_SUB:FEATURE_LOCATION_CONFLICT::Coding region xref gene does not exist
prokka_out/CA139575:CDS	Thiazole synthase	NODE_1_length_558205_cov_102.860439:c287856-287080	HDHBLALJ_00298

DiscRep_SUB:FEATURE_LOCATION_CONFLICT::Coding region xref gene does not exist
prokka_out/CA139575:CDS	hypothetical protein	NODE_1_length_558205_cov_102.860439:c288660-287860	HDHBLALJ_00299

DiscRep_SUB:FEATURE_LOCATION_CONFLICT::Coding region xref gene does not exist
prokka_out/CA139575:CDS	hypothetical protein	NODE_1_length_558205_cov_102.860439:c288851-288660	HDHBLALJ_00300

DiscRep_SUB:FEATURE_LOCATION_CONFLICT::Coding region xref gene does not exist
prokka_out/CA139575:CDS	hypothetical protein	NODE_1_length_558205_cov_102.860439:c291927-288841	HDHBLALJ_00301

DiscRep_SUB:FEATURE_LOCATION_CONFLICT::Coding region xref gene does not exist
prokka_out/CA139575:CDS	Succinyl-diaminopimelate desuccinylase	NODE_1_length_558205_cov_102.860439:c293036-291936	HDHBLALJ_00302

DiscRep_SUB:FEATURE_LOCATION_CONFLICT::Coding region xref gene does not exist
prokka_out/CA139575:CDS	hypothetical protein	NODE_1_length_558205_cov_102.860439:c293643-293041	HDHBLALJ_00303

DiscRep_SUB:FEATURE_LOCATION_CONFLICT::Coding region xref gene does not exist
prokka_out/CA139575:CDS	NAD-dependent protein deacylase	NODE_1_length_558205_cov_102.860439:c294337-293636	HDHBLALJ_00304

DiscRep_SUB:FEATURE_LOCATION_CONFLICT::Coding region xref gene does not exist
prokka_out/CA139575:CDS	hypothetical protein	NODE_1_length_558205_cov_102.860439:c298474-294380	HDHBLALJ_00305

DiscRep_SUB:FEATURE_LOCATION_CONFLICT::Coding region xref gene does not exist
prokka_out/CA139575:CDS	Endonuclease MutS2	NODE_1_length_558205_cov_102.860439:c300690-298483	HDHBLALJ_00306

DiscRep_SUB:FEATURE_LOCATION_CONFLICT::Coding region xref gene does not exist
prokka_out/CA139575:CDS	hypothetical protein	NODE_1_length_558205_cov_102.860439:c301033-300683	HDHBLALJ_00307

DiscRep_SUB:FEATURE_LOCATION_CONFLICT::Coding region xref gene does not exist
prokka_out/CA139575:CDS	UDP-N-acetylmuramate--L-alanine ligase	NODE_1_length_558205_cov_102.860439:c302321-301026	HDHBLALJ_00308

DiscRep_SUB:FEATURE_LOCATION_CONFLICT::Coding region xref gene does not exist
prokka_out/CA139575:CDS	hypothetical protein	NODE_1_length_558205_cov_102.860439:c302958-302503	HDHBLALJ_00309

DiscRep_SUB:FEATURE_LOCATION_CONFLICT::Coding region xref gene does not exist
prokka_out/CA139575:CDS	hypothetical protein	NODE_1_length_558205_cov_102.860439:c303133-302966	HDHBLALJ_00310

DiscRep_SUB:FEATURE_LOCATION_CONFLICT::Coding region xref gene does not exist
prokka_out/CA139575:CDS	hypothetical protein	NODE_1_length_558205_cov_102.860439:c303496-303143	HDHBLALJ_00311

DiscRep_SUB:FEATURE_LOCATION_CONFLICT::Coding region xref gene does not exist
prokka_out/CA139575:CDS	hypothetical protein	NODE_1_length_558205_cov_102.860439:c305282-303759	HDHBLALJ_00312

DiscRep_SUB:FEATURE_LOCATION_CONFLICT::Coding region xref gene does not exist
prokka_out/CA139575:CDS	hypothetical protein	NODE_1_length_558205_cov_102.860439:c305728-305477	HDHBLALJ_00313

DiscRep_SUB:FEATURE_LOCATION_CONFLICT::Coding region xref gene does not exist
prokka_out/CA139575:CDS	hypothetical protein	NODE_1_length_558205_cov_102.860439:c306568-305792	HDHBLALJ_00314

DiscRep_SUB:FEATURE_LOCATION_CONFLICT::Coding region xref gene does not exist
prokka_out/CA139575:CDS	Exodeoxyribonuclease 7 small subunit	NODE_1_length_558205_cov_102.860439:c306734-306561	HDHBLALJ_00315

DiscRep_SUB:FEATURE_LOCATION_CONFLICT::Coding region xref gene does not exist
prokka_out/CA139575:CDS	Inosine-5'-monophosphate dehydrogenase	NODE_1_length_558205_cov_102.860439:c308185-306731	HDHBLALJ_00316

DiscRep_SUB:FEATURE_LOCATION_CONFLICT::Coding region xref gene does not exist
prokka_out/CA139575:CDS	Glutamyl-tRNA(Gln) amidotransferase subunit A	NODE_1_length_558205_cov_102.860439:c309549-308182	HDHBLALJ_00317

DiscRep_SUB:FEATURE_LOCATION_CONFLICT::Coding region xref gene does not exist
prokka_out/CA139575:CDS	Isoleucine--tRNA ligase	NODE_1_length_558205_cov_102.860439:c312417-309661	HDHBLALJ_00318

DiscRep_SUB:FEATURE_LOCATION_CONFLICT::Coding region xref gene does not exist
prokka_out/CA139575:CDS	Putative competence-damage inducible protein	NODE_1_length_558205_cov_102.860439:312508-313596	HDHBLALJ_00319

DiscRep_SUB:FEATURE_LOCATION_CONFLICT::Coding region xref gene does not exist
prokka_out/CA139575:CDS	hypothetical protein	NODE_1_length_558205_cov_102.860439:313608-314033	HDHBLALJ_00320

DiscRep_SUB:FEATURE_LOCATION_CONFLICT::Coding region xref gene does not exist
prokka_out/CA139575:CDS	Putative NAD(P)H nitroreductase YfkO	NODE_1_length_558205_cov_102.860439:314100-314720	HDHBLALJ_00321

DiscRep_SUB:FEATURE_LOCATION_CONFLICT::Coding region xref gene does not exist
prokka_out/CA139575:CDS	Putative NAD(P)H nitroreductase	NODE_1_length_558205_cov_102.860439:314720-315325	HDHBLALJ_00322

DiscRep_SUB:FEATURE_LOCATION_CONFLICT::Coding region xref gene does not exist
prokka_out/CA139575:CDS	CDP-diacylglycerol--glycerol-3-phosphate 3-phosphatidyltransferase	NODE_1_length_558205_cov_102.860439:315476-316012	HDHBLALJ_00323

DiscRep_SUB:FEATURE_LOCATION_CONFLICT::Coding region xref gene does not exist
prokka_out/CA139575:CDS	Metalloprotease MmpA	NODE_1_length_558205_cov_102.860439:316009-317112	HDHBLALJ_00324

DiscRep_SUB:FEATURE_LOCATION_CONFLICT::Coding region xref gene does not exist
prokka_out/CA139575:CDS	hypothetical protein	NODE_1_length_558205_cov_102.860439:317109-317549	HDHBLALJ_00325

DiscRep_SUB:FEATURE_LOCATION_CONFLICT::Coding region xref gene does not exist
prokka_out/CA139575:CDS	hypothetical protein	NODE_1_length_558205_cov_102.860439:317682-317966	HDHBLALJ_00326

DiscRep_SUB:FEATURE_LOCATION_CONFLICT::Coding region xref gene does not exist
prokka_out/CA139575:CDS	hypothetical protein	NODE_1_length_558205_cov_102.860439:c318960-317959	HDHBLALJ_00327

DiscRep_SUB:FEATURE_LOCATION_CONFLICT::Coding region xref gene does not exist
prokka_out/CA139575:CDS	Inner membrane protein YihN	NODE_1_length_558205_cov_102.860439:c320231-318960	HDHBLALJ_00328

DiscRep_SUB:FEATURE_LOCATION_CONFLICT::Coding region xref gene does not exist
prokka_out/CA139575:CDS	30S ribosomal protein S6	NODE_1_length_558205_cov_102.860439:320511-320888	HDHBLALJ_00329

DiscRep_SUB:FEATURE_LOCATION_CONFLICT::Coding region xref gene does not exist
prokka_out/CA139575:CDS	Single-stranded DNA-binding protein	NODE_1_length_558205_cov_102.860439:320897-321445	HDHBLALJ_00330

DiscRep_SUB:FEATURE_LOCATION_CONFLICT::Coding region xref gene does not exist
prokka_out/CA139575:CDS	30S ribosomal protein S18	NODE_1_length_558205_cov_102.860439:321456-321716	HDHBLALJ_00331

DiscRep_SUB:FEATURE_LOCATION_CONFLICT::Coding region xref gene does not exist
prokka_out/CA139575:CDS	Lon protease	NODE_1_length_558205_cov_102.860439:c324147-321772	HDHBLALJ_00332

DiscRep_SUB:FEATURE_LOCATION_CONFLICT::Coding region xref gene does not exist
prokka_out/CA139575:CDS	Outer membrane protein assembly factor BamD	NODE_1_length_558205_cov_102.860439:c324810-324163	HDHBLALJ_00333

DiscRep_SUB:FEATURE_LOCATION_CONFLICT::Coding region xref gene does not exist
prokka_out/CA139575:CDS	Flagellar assembly factor FliW	NODE_1_length_558205_cov_102.860439:324974-325363	HDHBLALJ_00334

DiscRep_SUB:FEATURE_LOCATION_CONFLICT::Coding region xref gene does not exist
prokka_out/CA139575:CDS	Pyrroline-5-carboxylate reductase	NODE_1_length_558205_cov_102.860439:325363-326100	HDHBLALJ_00335

DiscRep_SUB:FEATURE_LOCATION_CONFLICT::Coding region xref gene does not exist
prokka_out/CA139575:CDS	hypothetical protein	NODE_1_length_558205_cov_102.860439:326097-326402	HDHBLALJ_00336

DiscRep_SUB:FEATURE_LOCATION_CONFLICT::Coding region xref gene does not exist
prokka_out/CA139575:CDS	hypothetical protein	NODE_1_length_558205_cov_102.860439:326395-327063	HDHBLALJ_00337

DiscRep_SUB:FEATURE_LOCATION_CONFLICT::Coding region xref gene does not exist
prokka_out/CA139575:CDS	hypothetical protein	NODE_1_length_558205_cov_102.860439:327060-327512	HDHBLALJ_00338

DiscRep_SUB:FEATURE_LOCATION_CONFLICT::Coding region xref gene does not exist
prokka_out/CA139575:CDS	hypothetical protein	NODE_1_length_558205_cov_102.860439:c328134-327505	HDHBLALJ_00339

DiscRep_SUB:FEATURE_LOCATION_CONFLICT::Coding region xref gene does not exist
prokka_out/CA139575:CDS	Thiamine-phosphate synthase	NODE_1_length_558205_cov_102.860439:c328744-328112	HDHBLALJ_00340

DiscRep_SUB:FEATURE_LOCATION_CONFLICT::Coding region xref gene does not exist
prokka_out/CA139575:CDS	Hydroxymethylpyrimidine/phosphomethylpyrimidine kinase	NODE_1_length_558205_cov_102.860439:c329546-328734	HDHBLALJ_00341

DiscRep_SUB:FEATURE_LOCATION_CONFLICT::Coding region xref gene does not exist
prokka_out/CA139575:CDS	Endonuclease III	NODE_1_length_558205_cov_102.860439:c330229-329546	HDHBLALJ_00342

DiscRep_SUB:FEATURE_LOCATION_CONFLICT::Coding region xref gene does not exist
prokka_out/CA139575:CDS	hypothetical protein	NODE_1_length_558205_cov_102.860439:c330990-330226	HDHBLALJ_00343

DiscRep_SUB:FEATURE_LOCATION_CONFLICT::Coding region xref gene does not exist
prokka_out/CA139575:CDS	Transcription-repair-coupling factor	NODE_1_length_558205_cov_102.860439:c333927-330991	HDHBLALJ_00344

DiscRep_SUB:FEATURE_LOCATION_CONFLICT::Coding region xref gene does not exist
prokka_out/CA139575:CDS	hypothetical protein	NODE_1_length_558205_cov_102.860439:c334214-333927	HDHBLALJ_00345

DiscRep_SUB:FEATURE_LOCATION_CONFLICT::Coding region xref gene does not exist
prokka_out/CA139575:CDS	hypothetical protein	NODE_1_length_558205_cov_102.860439:c335161-334259	HDHBLALJ_00346

DiscRep_SUB:FEATURE_LOCATION_CONFLICT::Coding region xref gene does not exist
prokka_out/CA139575:CDS	hypothetical protein	NODE_1_length_558205_cov_102.860439:c336335-335148	HDHBLALJ_00347

DiscRep_SUB:FEATURE_LOCATION_CONFLICT::Coding region xref gene does not exist
prokka_out/CA139575:CDS	hypothetical protein	NODE_1_length_558205_cov_102.860439:c337710-336307	HDHBLALJ_00348

DiscRep_SUB:FEATURE_LOCATION_CONFLICT::Coding region xref gene does not exist
prokka_out/CA139575:CDS	hypothetical protein	NODE_1_length_558205_cov_102.860439:c338206-337694	HDHBLALJ_00349

DiscRep_SUB:FEATURE_LOCATION_CONFLICT::Coding region xref gene does not exist
prokka_out/CA139575:CDS	Leucine--tRNA ligase	NODE_1_length_558205_cov_102.860439:c340635-338203	HDHBLALJ_00350

DiscRep_SUB:FEATURE_LOCATION_CONFLICT::Coding region xref gene does not exist
prokka_out/CA139575:CDS	Protein translocase subunit SecF	NODE_1_length_558205_cov_102.860439:c341616-340645	HDHBLALJ_00351

DiscRep_SUB:FEATURE_LOCATION_CONFLICT::Coding region xref gene does not exist
prokka_out/CA139575:CDS	Protein translocase subunit SecD	NODE_1_length_558205_cov_102.860439:c343196-341616	HDHBLALJ_00352

DiscRep_SUB:FEATURE_LOCATION_CONFLICT::Coding region xref gene does not exist
prokka_out/CA139575:CDS	Sec translocon accessory complex subunit YajC	NODE_1_length_558205_cov_102.860439:c343461-343189	HDHBLALJ_00353

DiscRep_SUB:FEATURE_LOCATION_CONFLICT::Coding region xref gene does not exist
prokka_out/CA139575:CDS	Apolipoprotein N-acyltransferase	NODE_1_length_558205_cov_102.860439:343539-344753	HDHBLALJ_00354

DiscRep_SUB:FEATURE_LOCATION_CONFLICT::Coding region xref gene does not exist
prokka_out/CA139575:CDS	Sulfoquinovose 1-dehydrogenase	NODE_1_length_558205_cov_102.860439:344895-345299	HDHBLALJ_00355

DiscRep_SUB:FEATURE_LOCATION_CONFLICT::Coding region xref gene does not exist
prokka_out/CA139575:CDS	hypothetical protein	NODE_1_length_558205_cov_102.860439:345438-345656	HDHBLALJ_00356

DiscRep_SUB:FEATURE_LOCATION_CONFLICT::Coding region xref gene does not exist
prokka_out/CA139575:CDS	hypothetical protein	NODE_1_length_558205_cov_102.860439:345734-346882	HDHBLALJ_00357

DiscRep_SUB:FEATURE_LOCATION_CONFLICT::Coding region xref gene does not exist
prokka_out/CA139575:CDS	S-adenosylmethionine synthase	NODE_1_length_558205_cov_102.860439:c348448-347249	HDHBLALJ_00358

DiscRep_SUB:FEATURE_LOCATION_CONFLICT::Coding region xref gene does not exist
prokka_out/CA139575:CDS	Serine/threonine transporter SstT	NODE_1_length_558205_cov_102.860439:348600-349823	HDHBLALJ_00359

DiscRep_SUB:FEATURE_LOCATION_CONFLICT::Coding region xref gene does not exist
prokka_out/CA139575:CDS	Aspartate carbamoyltransferase	NODE_1_length_558205_cov_102.860439:349829-350710	HDHBLALJ_00360

DiscRep_SUB:FEATURE_LOCATION_CONFLICT::Coding region xref gene does not exist
prokka_out/CA139575:CDS	Oligoendopeptidase F, plasmid	NODE_1_length_558205_cov_102.860439:350720-352438	HDHBLALJ_00361

DiscRep_SUB:FEATURE_LOCATION_CONFLICT::Coding region xref gene does not exist
prokka_out/CA139575:CDS	hypothetical protein	NODE_1_length_558205_cov_102.860439:352435-352872	HDHBLALJ_00362

DiscRep_SUB:FEATURE_LOCATION_CONFLICT::Coding region xref gene does not exist
prokka_out/CA139575:CDS	ATP-dependent DNA helicase PcrA	NODE_1_length_558205_cov_102.860439:352869-354929	HDHBLALJ_00363

DiscRep_SUB:FEATURE_LOCATION_CONFLICT::Coding region xref gene does not exist
prokka_out/CA139575:CDS	tRNA pseudouridine synthase B	NODE_1_length_558205_cov_102.860439:354926-355744	HDHBLALJ_00364

DiscRep_SUB:FEATURE_LOCATION_CONFLICT::Coding region xref gene does not exist
prokka_out/CA139575:CDS	Translational regulator CsrA	NODE_1_length_558205_cov_102.860439:355738-355965	HDHBLALJ_00365

DiscRep_SUB:FEATURE_LOCATION_CONFLICT::Coding region xref gene does not exist
prokka_out/CA139575:CDS	4-diphosphocytidyl-2-C-methyl-D-erythritol kinase	NODE_1_length_558205_cov_102.860439:355962-356732	HDHBLALJ_00366

DiscRep_SUB:FEATURE_LOCATION_CONFLICT::Coding region xref gene does not exist
prokka_out/CA139575:CDS	SsrA-binding protein	NODE_1_length_558205_cov_102.860439:356729-357181	HDHBLALJ_00367

DiscRep_SUB:FEATURE_LOCATION_CONFLICT::Coding region xref gene does not exist
prokka_out/CA139575:CDS	hypothetical protein	NODE_1_length_558205_cov_102.860439:357191-357796	HDHBLALJ_00368

DiscRep_SUB:FEATURE_LOCATION_CONFLICT::Coding region xref gene does not exist
prokka_out/CA139575:CDS	ATP-dependent Clp protease adapter protein ClpS	NODE_1_length_558205_cov_102.860439:357796-358086	HDHBLALJ_00369

DiscRep_SUB:FEATURE_LOCATION_CONFLICT::Coding region xref gene does not exist
prokka_out/CA139575:CDS	ATP-dependent Clp protease ATP-binding subunit ClpA	NODE_1_length_558205_cov_102.860439:358083-360200	HDHBLALJ_00370

DiscRep_SUB:FEATURE_LOCATION_CONFLICT::Coding region xref gene does not exist
prokka_out/CA139575:CDS	Leucyl/phenylalanyl-tRNA--protein transferase	NODE_1_length_558205_cov_102.860439:360175-360828	HDHBLALJ_00371

DiscRep_SUB:FEATURE_LOCATION_CONFLICT::Coding region xref gene does not exist
prokka_out/CA139575:CDS	hypothetical protein	NODE_1_length_558205_cov_102.860439:c361552-360914	HDHBLALJ_00372

DiscRep_SUB:FEATURE_LOCATION_CONFLICT::Coding region xref gene does not exist
prokka_out/CA139575:CDS	Peptide methionine sulfoxide reductase MsrB	NODE_1_length_558205_cov_102.860439:c361912-361556	HDHBLALJ_00373

DiscRep_SUB:FEATURE_LOCATION_CONFLICT::Coding region xref gene does not exist
prokka_out/CA139575:CDS	hypothetical protein	NODE_1_length_558205_cov_102.860439:362076-362873	HDHBLALJ_00374

DiscRep_SUB:FEATURE_LOCATION_CONFLICT::Coding region xref gene does not exist
prokka_out/CA139575:CDS	hypothetical protein	NODE_1_length_558205_cov_102.860439:c363595-362870	HDHBLALJ_00375

DiscRep_SUB:FEATURE_LOCATION_CONFLICT::Coding region xref gene does not exist
prokka_out/CA139575:CDS	Phosphatidylserine decarboxylase proenzyme	NODE_1_length_558205_cov_102.860439:c364219-363605	HDHBLALJ_00376

DiscRep_SUB:FEATURE_LOCATION_CONFLICT::Coding region xref gene does not exist
prokka_out/CA139575:CDS	ATP-dependent zinc metalloprotease FtsH	NODE_1_length_558205_cov_102.860439:c366165-364219	HDHBLALJ_00377

DiscRep_SUB:FEATURE_LOCATION_CONFLICT::Coding region xref gene does not exist
prokka_out/CA139575:CDS	Ribosomal protein L11 methyltransferase	NODE_1_length_558205_cov_102.860439:c367013-366165	HDHBLALJ_00378

DiscRep_SUB:FEATURE_LOCATION_CONFLICT::Coding region xref gene does not exist
prokka_out/CA139575:CDS	Chemotaxis protein CheY	NODE_1_length_558205_cov_102.860439:c367419-367027	HDHBLALJ_00379

DiscRep_SUB:FEATURE_LOCATION_CONFLICT::Coding region xref gene does not exist
prokka_out/CA139575:CDS	UDP-N-acetyl-alpha-D-glucosamine C6 dehydratase	NODE_1_length_558205_cov_102.860439:c369406-367634	HDHBLALJ_00380

DiscRep_SUB:FEATURE_LOCATION_CONFLICT::Coding region xref gene does not exist
prokka_out/CA139575:CDS	UDP-N-acetylbacillosamine transaminase	NODE_1_length_558205_cov_102.860439:c370569-369409	HDHBLALJ_00381

DiscRep_SUB:FEATURE_LOCATION_CONFLICT::Coding region xref gene does not exist
prokka_out/CA139575:CDS	UDP-N-acetylbacillosamine N-acetyltransferase	NODE_1_length_558205_cov_102.860439:c371311-370724	HDHBLALJ_00382

DiscRep_SUB:FEATURE_LOCATION_CONFLICT::Coding region xref gene does not exist
prokka_out/CA139575:CDS	Undecaprenyl phosphate N,N'-diacetylbacillosamine 1-phosphate transferase	NODE_1_length_558205_cov_102.860439:c371900-371298	HDHBLALJ_00383

DiscRep_SUB:FEATURE_LOCATION_CONFLICT::Coding region xref gene does not exist
prokka_out/CA139575:CDS	N,N'-diacetylbacillosaminyl-diphospho-undecaprenol alpha-1,3-N-acetylgalactosaminyltransferase	NODE_1_length_558205_cov_102.860439:c373023-371893	HDHBLALJ_00384

DiscRep_SUB:FEATURE_LOCATION_CONFLICT::Coding region xref gene does not exist
prokka_out/CA139575:CDS	Undecaprenyl-diphosphooligosaccharide--protein glycotransferase	NODE_1_length_558205_cov_102.860439:c375179-373035	HDHBLALJ_00385

DiscRep_SUB:FEATURE_LOCATION_CONFLICT::Coding region xref gene does not exist
prokka_out/CA139575:CDS	N-acetylgalactosamine-N,N'-diacetylbacillosaminyl-diphospho-undecaprenol 4-alpha-N-acetylgalactosaminyltransferase	NODE_1_length_558205_cov_102.860439:c376280-375183	HDHBLALJ_00386

DiscRep_SUB:FEATURE_LOCATION_CONFLICT::Coding region xref gene does not exist
prokka_out/CA139575:CDS	GalNAc(5)-diNAcBac-PP-undecaprenol beta-1,3-glucosyltransferase	NODE_1_length_558205_cov_102.860439:c377197-376268	HDHBLALJ_00387

DiscRep_SUB:FEATURE_LOCATION_CONFLICT::Coding region xref gene does not exist
prokka_out/CA139575:CDS	GalNAc-alpha-(1->4)-GalNAc-alpha-(1->3)-diNAcBac-PP-undecaprenol alpha-1,4-N-acetyl-D-galactosaminyltransferase	NODE_1_length_558205_cov_102.860439:c378266-377190	HDHBLALJ_00388

DiscRep_SUB:FEATURE_LOCATION_CONFLICT::Coding region xref gene does not exist
prokka_out/CA139575:CDS	Protein glycosylation K	NODE_1_length_558205_cov_102.860439:c379963-378263	HDHBLALJ_00389

DiscRep_SUB:FEATURE_LOCATION_CONFLICT::Coding region xref gene does not exist
prokka_out/CA139575:CDS	UDP-glucose 4-epimerase	NODE_1_length_558205_cov_102.860439:c380943-379957	HDHBLALJ_00390

DiscRep_SUB:FEATURE_LOCATION_CONFLICT::Coding region xref gene does not exist
prokka_out/CA139575:CDS	hypothetical protein	NODE_1_length_558205_cov_102.860439:c381791-381000	HDHBLALJ_00391

DiscRep_SUB:FEATURE_LOCATION_CONFLICT::Coding region xref gene does not exist
prokka_out/CA139575:CDS	Lipopolysaccharide heptosyltransferase 1	NODE_1_length_558205_cov_102.860439:381856-382884	HDHBLALJ_00392

DiscRep_SUB:FEATURE_LOCATION_CONFLICT::Coding region xref gene does not exist
prokka_out/CA139575:CDS	Lipid A biosynthesis lauroyltransferase	NODE_1_length_558205_cov_102.860439:382877-383764	HDHBLALJ_00393

DiscRep_SUB:FEATURE_LOCATION_CONFLICT::Coding region xref gene does not exist
prokka_out/CA139575:CDS	hypothetical protein	NODE_1_length_558205_cov_102.860439:383761-385314	HDHBLALJ_00394

DiscRep_SUB:FEATURE_LOCATION_CONFLICT::Coding region xref gene does not exist
prokka_out/CA139575:CDS	UDP-N-acetylglucosamine--peptide N-acetylglucosaminyltransferase GtfA subunit	NODE_1_length_558205_cov_102.860439:385311-386363	HDHBLALJ_00395

DiscRep_SUB:FEATURE_LOCATION_CONFLICT::Coding region xref gene does not exist
prokka_out/CA139575:CDS	hypothetical protein	NODE_1_length_558205_cov_102.860439:c387559-386360	HDHBLALJ_00396

DiscRep_SUB:FEATURE_LOCATION_CONFLICT::Coding region xref gene does not exist
prokka_out/CA139575:CDS	hypothetical protein	NODE_1_length_558205_cov_102.860439:387687-388991	HDHBLALJ_00397

DiscRep_SUB:FEATURE_LOCATION_CONFLICT::Coding region xref gene does not exist
prokka_out/CA139575:CDS	hypothetical protein	NODE_1_length_558205_cov_102.860439:389195-390037	HDHBLALJ_00398

DiscRep_SUB:FEATURE_LOCATION_CONFLICT::Coding region xref gene does not exist
prokka_out/CA139575:CDS	Glycerol-3-phosphate cytidylyltransferase	NODE_1_length_558205_cov_102.860439:390040-390456	HDHBLALJ_00399

DiscRep_SUB:FEATURE_LOCATION_CONFLICT::Coding region xref gene does not exist
prokka_out/CA139575:CDS	putative glycosyltransferase EpsJ	NODE_1_length_558205_cov_102.860439:c391290-390475	HDHBLALJ_00400

DiscRep_SUB:FEATURE_LOCATION_CONFLICT::Coding region xref gene does not exist
prokka_out/CA139575:CDS	ADP-heptose--LPS heptosyltransferase 2	NODE_1_length_558205_cov_102.860439:391349-392293	HDHBLALJ_00401

DiscRep_SUB:FEATURE_LOCATION_CONFLICT::Coding region xref gene does not exist
prokka_out/CA139575:CDS	hypothetical protein	NODE_1_length_558205_cov_102.860439:c393730-392276	HDHBLALJ_00402

DiscRep_SUB:FEATURE_LOCATION_CONFLICT::Coding region xref gene does not exist
prokka_out/CA139575:CDS	Phosphoheptose isomerase 1	NODE_1_length_558205_cov_102.860439:c394302-393742	HDHBLALJ_00403

DiscRep_SUB:FEATURE_LOCATION_CONFLICT::Coding region xref gene does not exist
prokka_out/CA139575:CDS	Bifunctional protein HldE	NODE_1_length_558205_cov_102.860439:c395684-394299	HDHBLALJ_00404

DiscRep_SUB:FEATURE_LOCATION_CONFLICT::Coding region xref gene does not exist
prokka_out/CA139575:CDS	ADP-L-glycero-D-manno-heptose-6-epimerase	NODE_1_length_558205_cov_102.860439:c396630-395677	HDHBLALJ_00405

DiscRep_SUB:FEATURE_LOCATION_CONFLICT::Coding region xref gene does not exist
prokka_out/CA139575:CDS	D-glycero-alpha-D-manno-heptose-1,7-bisphosphate 7-phosphatase	NODE_1_length_558205_cov_102.860439:c397190-396627	HDHBLALJ_00406

DiscRep_SUB:FEATURE_LOCATION_CONFLICT::Coding region xref gene does not exist
prokka_out/CA139575:CDS	Cytochrome c-553	NODE_1_length_558205_cov_102.860439:397267-397566	HDHBLALJ_00407

DiscRep_SUB:FEATURE_LOCATION_CONFLICT::Coding region xref gene does not exist
prokka_out/CA139575:CDS	hypothetical protein	NODE_1_length_558205_cov_102.860439:c397796-397596	HDHBLALJ_00408

DiscRep_SUB:FEATURE_LOCATION_CONFLICT::Coding region xref gene does not exist
prokka_out/CA139575:CDS	Copper-exporting P-type ATPase	NODE_1_length_558205_cov_102.860439:c400146-397789	HDHBLALJ_00409

DiscRep_SUB:FEATURE_LOCATION_CONFLICT::Coding region xref gene does not exist
prokka_out/CA139575:CDS	Transcription termination factor Rho	NODE_1_length_558205_cov_102.860439:400265-401563	HDHBLALJ_00410

DiscRep_SUB:FEATURE_LOCATION_CONFLICT::Coding region xref gene does not exist
prokka_out/CA139575:CDS	hypothetical protein	NODE_1_length_558205_cov_102.860439:401566-403122	HDHBLALJ_00411

DiscRep_SUB:FEATURE_LOCATION_CONFLICT::Coding region xref gene does not exist
prokka_out/CA139575:CDS	Copper-exporting P-type ATPase	NODE_1_length_558205_cov_102.860439:c405257-403134	HDHBLALJ_00412

DiscRep_SUB:FEATURE_LOCATION_CONFLICT::Coding region xref gene does not exist
prokka_out/CA139575:CDS	hypothetical protein	NODE_1_length_558205_cov_102.860439:c405460-405257	HDHBLALJ_00413

DiscRep_SUB:FEATURE_LOCATION_CONFLICT::Coding region xref gene does not exist
prokka_out/CA139575:CDS	Cadmium, cobalt and zinc/H(+)-K(+) antiporter	NODE_1_length_558205_cov_102.860439:c406391-405450	HDHBLALJ_00414

DiscRep_SUB:FEATURE_LOCATION_CONFLICT::Coding region xref gene does not exist
prokka_out/CA139575:CDS	hypothetical protein	NODE_1_length_558205_cov_102.860439:c406735-406466	HDHBLALJ_00415

DiscRep_SUB:FEATURE_LOCATION_CONFLICT::Coding region xref gene does not exist
prokka_out/CA139575:CDS	hypothetical protein	NODE_1_length_558205_cov_102.860439:c407287-406793	HDHBLALJ_00416

DiscRep_SUB:FEATURE_LOCATION_CONFLICT::Coding region xref gene does not exist
prokka_out/CA139575:CDS	Inner membrane protein YjjP	NODE_1_length_558205_cov_102.860439:c408060-407284	HDHBLALJ_00417

DiscRep_SUB:FEATURE_LOCATION_CONFLICT::Coding region xref gene does not exist
prokka_out/CA139575:CDS	L-lactate dehydrogenase	NODE_1_length_558205_cov_102.860439:408126-409049	HDHBLALJ_00418

DiscRep_SUB:FEATURE_LOCATION_CONFLICT::Coding region xref gene does not exist
prokka_out/CA139575:CDS	Protein DedA	NODE_1_length_558205_cov_102.860439:c409651-409046	HDHBLALJ_00419

DiscRep_SUB:FEATURE_LOCATION_CONFLICT::Coding region xref gene does not exist
prokka_out/CA139575:CDS	Peptidyl-prolyl cis-trans isomerase B	NODE_1_length_558205_cov_102.860439:c410298-409816	HDHBLALJ_00420

DiscRep_SUB:FEATURE_LOCATION_CONFLICT::Coding region xref gene does not exist
prokka_out/CA139575:CDS	putative transcriptional regulatory protein	NODE_1_length_558205_cov_102.860439:c411015-410308	HDHBLALJ_00421

DiscRep_SUB:FEATURE_LOCATION_CONFLICT::Coding region xref gene does not exist
prokka_out/CA139575:CDS	Spermidine export protein MdtJ	NODE_1_length_558205_cov_102.860439:411124-411465	HDHBLALJ_00422

DiscRep_SUB:FEATURE_LOCATION_CONFLICT::Coding region xref gene does not exist
prokka_out/CA139575:CDS	Spermidine export protein MdtI	NODE_1_length_558205_cov_102.860439:411465-411773	HDHBLALJ_00423

DiscRep_SUB:FEATURE_LOCATION_CONFLICT::Coding region xref gene does not exist
prokka_out/CA139575:CDS	Arginine--tRNA ligase	NODE_1_length_558205_cov_102.860439:c413383-411791	HDHBLALJ_00424

DiscRep_SUB:FEATURE_LOCATION_CONFLICT::Coding region xref gene does not exist
prokka_out/CA139575:CDS	Sec-independent protein translocase protein TatA	NODE_1_length_558205_cov_102.860439:c413633-413394	HDHBLALJ_00425

DiscRep_SUB:FEATURE_LOCATION_CONFLICT::Coding region xref gene does not exist
prokka_out/CA139575:CDS	Guanylate kinase	NODE_1_length_558205_cov_102.860439:c414252-413635	HDHBLALJ_00426

DiscRep_SUB:FEATURE_LOCATION_CONFLICT::Coding region xref gene does not exist
prokka_out/CA139575:CDS	hypothetical protein	NODE_1_length_558205_cov_102.860439:c415802-414255	HDHBLALJ_00427

DiscRep_SUB:FEATURE_LOCATION_CONFLICT::Coding region xref gene does not exist
prokka_out/CA139575:CDS	Flagellar biosynthetic protein FliR	NODE_1_length_558205_cov_102.860439:c416625-415858	HDHBLALJ_00428

DiscRep_SUB:FEATURE_LOCATION_CONFLICT::Coding region xref gene does not exist
prokka_out/CA139575:CDS	Lipoprotein-releasing system ATP-binding protein LolD	NODE_1_length_558205_cov_102.860439:c417247-416612	HDHBLALJ_00429

DiscRep_SUB:FEATURE_LOCATION_CONFLICT::Coding region xref gene does not exist
prokka_out/CA139575:CDS	Elongation factor Ts	NODE_1_length_558205_cov_102.860439:c418330-417257	HDHBLALJ_00430

DiscRep_SUB:FEATURE_LOCATION_CONFLICT::Coding region xref gene does not exist
prokka_out/CA139575:CDS	30S ribosomal protein S2	NODE_1_length_558205_cov_102.860439:c419121-418330	HDHBLALJ_00431

DiscRep_SUB:FEATURE_LOCATION_CONFLICT::Coding region xref gene does not exist
prokka_out/CA139575:CDS	Ubiquinone biosynthesis O-methyltransferase, mitochondrial	NODE_1_length_558205_cov_102.860439:c420401-419238	HDHBLALJ_00432

DiscRep_SUB:FEATURE_LOCATION_CONFLICT::Coding region xref gene does not exist
prokka_out/CA139575:CDS	hypothetical protein	NODE_1_length_558205_cov_102.860439:c421652-420528	HDHBLALJ_00433

DiscRep_SUB:FEATURE_LOCATION_CONFLICT::Coding region xref gene does not exist
prokka_out/CA139575:CDS	Cytochrome b	NODE_1_length_558205_cov_102.860439:c422899-421649	HDHBLALJ_00434

DiscRep_SUB:FEATURE_LOCATION_CONFLICT::Coding region xref gene does not exist
prokka_out/CA139575:CDS	Ubiquinol-cytochrome c reductase iron-sulfur subunit	NODE_1_length_558205_cov_102.860439:c423404-422901	HDHBLALJ_00435

DiscRep_SUB:FEATURE_LOCATION_CONFLICT::Coding region xref gene does not exist
prokka_out/CA139575:CDS	Arsenical pump membrane protein	NODE_1_length_558205_cov_102.860439:c424762-423494	HDHBLALJ_00436

DiscRep_SUB:FEATURE_LOCATION_CONFLICT::Coding region xref gene does not exist
prokka_out/CA139575:CDS	tRNA uridine 5-carboxymethylaminomethyl modification enzyme MnmG	NODE_1_length_558205_cov_102.860439:c426621-424762	HDHBLALJ_00437

DiscRep_SUB:FEATURE_LOCATION_CONFLICT::Coding region xref gene does not exist
prokka_out/CA139575:CDS	Aerotaxis receptor	NODE_1_length_558205_cov_102.860439:c427205-426708	HDHBLALJ_00438

DiscRep_SUB:FEATURE_LOCATION_CONFLICT::Coding region xref gene does not exist
prokka_out/CA139575:CDS	hypothetical protein	NODE_1_length_558205_cov_102.860439:c428602-427223	HDHBLALJ_00439

DiscRep_SUB:FEATURE_LOCATION_CONFLICT::Coding region xref gene does not exist
prokka_out/CA139575:CDS	Aerotaxis receptor	NODE_1_length_558205_cov_102.860439:c429217-428723	HDHBLALJ_00440

DiscRep_SUB:FEATURE_LOCATION_CONFLICT::Coding region xref gene does not exist
prokka_out/CA139575:CDS	Aerobic C4-dicarboxylate transport protein	NODE_1_length_558205_cov_102.860439:429474-430850	HDHBLALJ_00441

DiscRep_SUB:FEATURE_LOCATION_CONFLICT::Coding region xref gene does not exist
prokka_out/CA139575:CDS	hypothetical protein	NODE_1_length_558205_cov_102.860439:c431650-430847	HDHBLALJ_00442

DiscRep_SUB:FEATURE_LOCATION_CONFLICT::Coding region xref gene does not exist
prokka_out/CA139575:CDS	hypothetical protein	NODE_1_length_558205_cov_102.860439:431794-433320	HDHBLALJ_00443

DiscRep_SUB:FEATURE_LOCATION_CONFLICT::Coding region xref gene does not exist
prokka_out/CA139575:CDS	Dihydroorotase	NODE_1_length_558205_cov_102.860439:c434504-433323	HDHBLALJ_00444

DiscRep_SUB:FEATURE_LOCATION_CONFLICT::Coding region xref gene does not exist
prokka_out/CA139575:CDS	Glycerol-3-phosphate dehydrogenase [NAD(P)+]	NODE_1_length_558205_cov_102.860439:c435412-434513	HDHBLALJ_00445

DiscRep_SUB:FEATURE_LOCATION_CONFLICT::Coding region xref gene does not exist
prokka_out/CA139575:CDS	Aspartyl/glutamyl-tRNA(Asn/Gln) amidotransferase subunit B	NODE_1_length_558205_cov_102.860439:c436830-435412	HDHBLALJ_00446

DiscRep_SUB:FEATURE_LOCATION_CONFLICT::Coding region xref gene does not exist
prokka_out/CA139575:CDS	S-ribosylhomocysteine lyase	NODE_1_length_558205_cov_102.860439:436945-437439	HDHBLALJ_00447

DiscRep_SUB:FEATURE_LOCATION_CONFLICT::Coding region xref gene does not exist
prokka_out/CA139575:CDS	Validamycin A dioxygenase	NODE_1_length_558205_cov_102.860439:437755-438747	HDHBLALJ_00448

DiscRep_SUB:FEATURE_LOCATION_CONFLICT::Coding region xref gene does not exist
prokka_out/CA139575:CDS	Membrane lipoprotein TpN32	NODE_1_length_558205_cov_102.860439:438761-439531	HDHBLALJ_00449

DiscRep_SUB:FEATURE_LOCATION_CONFLICT::Coding region xref gene does not exist
prokka_out/CA139575:CDS	5-methyltetrahydropteroyltriglutamate--homocysteine methyltransferase	NODE_1_length_558205_cov_102.860439:439554-441818	HDHBLALJ_00450

DiscRep_SUB:FEATURE_LOCATION_CONFLICT::Coding region xref gene does not exist
prokka_out/CA139575:CDS	5,10-methylenetetrahydrofolate reductase	NODE_1_length_558205_cov_102.860439:441828-442676	HDHBLALJ_00451

DiscRep_SUB:FEATURE_LOCATION_CONFLICT::Coding region xref gene does not exist
prokka_out/CA139575:CDS	hypothetical protein	NODE_1_length_558205_cov_102.860439:c442886-442686	HDHBLALJ_00452

DiscRep_SUB:FEATURE_LOCATION_CONFLICT::Coding region xref gene does not exist
prokka_out/CA139575:CDS	ATP synthase subunit a	NODE_1_length_558205_cov_102.860439:c443563-442883	HDHBLALJ_00453

DiscRep_SUB:FEATURE_LOCATION_CONFLICT::Coding region xref gene does not exist
prokka_out/CA139575:CDS	DNA repair protein RadA	NODE_1_length_558205_cov_102.860439:c445055-443715	HDHBLALJ_00454

DiscRep_SUB:FEATURE_LOCATION_CONFLICT::Coding region xref gene does not exist
prokka_out/CA139575:CDS	(R)-stereoselective amidase	NODE_1_length_558205_cov_102.860439:445191-446042	HDHBLALJ_00455

DiscRep_SUB:FEATURE_LOCATION_CONFLICT::Coding region xref gene does not exist
prokka_out/CA139575:CDS	Peptidoglycan deacetylase	NODE_1_length_558205_cov_102.860439:446045-446926	HDHBLALJ_00456

DiscRep_SUB:FEATURE_LOCATION_CONFLICT::Coding region xref gene does not exist
prokka_out/CA139575:CDS	hypothetical protein	NODE_1_length_558205_cov_102.860439:446968-447303	HDHBLALJ_00457

DiscRep_SUB:FEATURE_LOCATION_CONFLICT::Coding region xref gene does not exist
prokka_out/CA139575:CDS	P-loop guanosine triphosphatase YjiA	NODE_1_length_558205_cov_102.860439:447296-448240	HDHBLALJ_00458

DiscRep_SUB:FEATURE_LOCATION_CONFLICT::Coding region xref gene does not exist
prokka_out/CA139575:CDS	Signal recognition particle receptor FtsY	NODE_1_length_558205_cov_102.860439:c449103-448237	HDHBLALJ_00459

DiscRep_SUB:FEATURE_LOCATION_CONFLICT::Coding region xref gene does not exist
prokka_out/CA139575:CDS	Thiol-disulfide oxidoreductase ResA	NODE_1_length_558205_cov_102.860439:c449660-449103	HDHBLALJ_00460

DiscRep_SUB:FEATURE_LOCATION_CONFLICT::Coding region xref gene does not exist
prokka_out/CA139575:CDS	Ribonuclease Y	NODE_1_length_558205_cov_102.860439:450225-451841	HDHBLALJ_00461

DiscRep_SUB:FEATURE_LOCATION_CONFLICT::Coding region xref gene does not exist
prokka_out/CA139575:CDS	Inner membrane protein YohD	NODE_1_length_558205_cov_102.860439:451852-452409	HDHBLALJ_00462

DiscRep_SUB:FEATURE_LOCATION_CONFLICT::Coding region xref gene does not exist
prokka_out/CA139575:CDS	hypothetical protein	NODE_1_length_558205_cov_102.860439:452409-453668	HDHBLALJ_00463

DiscRep_SUB:FEATURE_LOCATION_CONFLICT::Coding region xref gene does not exist
prokka_out/CA139575:CDS	hypothetical protein	NODE_1_length_558205_cov_102.860439:c454418-453612	HDHBLALJ_00464

DiscRep_SUB:FEATURE_LOCATION_CONFLICT::Coding region xref gene does not exist
prokka_out/CA139575:CDS	putative FAD-linked oxidoreductase	NODE_1_length_558205_cov_102.860439:c455812-454430	HDHBLALJ_00465

DiscRep_SUB:FEATURE_LOCATION_CONFLICT::Coding region xref gene does not exist
prokka_out/CA139575:CDS	Plasminogen-binding protein PgbA	NODE_1_length_558205_cov_102.860439:c456537-455809	HDHBLALJ_00466

DiscRep_SUB:FEATURE_LOCATION_CONFLICT::Coding region xref gene does not exist
prokka_out/CA139575:CDS	Murein DD-endopeptidase MepM	NODE_1_length_558205_cov_102.860439:456661-457821	HDHBLALJ_00467

DiscRep_SUB:FEATURE_LOCATION_CONFLICT::Coding region xref gene does not exist
prokka_out/CA139575:CDS	hypothetical protein	NODE_1_length_558205_cov_102.860439:c458024-457818	HDHBLALJ_00468

DiscRep_SUB:FEATURE_LOCATION_CONFLICT::Coding region xref gene does not exist
prokka_out/CA139575:CDS	hypothetical protein	NODE_1_length_558205_cov_102.860439:c458709-458029	HDHBLALJ_00469

DiscRep_SUB:FEATURE_LOCATION_CONFLICT::Coding region xref gene does not exist
prokka_out/CA139575:CDS	Riboflavin synthase	NODE_1_length_558205_cov_102.860439:c459284-458673	HDHBLALJ_00470

DiscRep_SUB:FEATURE_LOCATION_CONFLICT::Coding region xref gene does not exist
prokka_out/CA139575:CDS	hypothetical protein	NODE_1_length_558205_cov_102.860439:c461834-459294	HDHBLALJ_00471

DiscRep_SUB:FEATURE_LOCATION_CONFLICT::Coding region xref gene does not exist
prokka_out/CA139575:CDS	10 kDa chaperonin	NODE_1_length_558205_cov_102.860439:461997-462257	HDHBLALJ_00472

DiscRep_SUB:FEATURE_LOCATION_CONFLICT::Coding region xref gene does not exist
prokka_out/CA139575:CDS	60 kDa chaperonin	NODE_1_length_558205_cov_102.860439:462278-463915	HDHBLALJ_00473

DiscRep_SUB:FEATURE_LOCATION_CONFLICT::Coding region xref gene does not exist
prokka_out/CA139575:CDS	hypothetical protein	NODE_1_length_558205_cov_102.860439:c464405-464184	HDHBLALJ_00474

DiscRep_SUB:FEATURE_LOCATION_CONFLICT::Coding region xref gene does not exist
prokka_out/CA139575:CDS	Adaptive-response sensory-kinase SasA	NODE_1_length_558205_cov_102.860439:c465834-464629	HDHBLALJ_00475

DiscRep_SUB:FEATURE_LOCATION_CONFLICT::Coding region xref gene does not exist
prokka_out/CA139575:CDS	Response regulator MprA	NODE_1_length_558205_cov_102.860439:c466492-465827	HDHBLALJ_00476

DiscRep_SUB:FEATURE_LOCATION_CONFLICT::Coding region xref gene does not exist
prokka_out/CA139575:CDS	Bacteriohemerythrin	NODE_1_length_558205_cov_102.860439:466627-467226	HDHBLALJ_00477

DiscRep_SUB:FEATURE_LOCATION_CONFLICT::Coding region xref gene does not exist
prokka_out/CA139575:CDS	hypothetical protein	NODE_1_length_558205_cov_102.860439:467240-467605	HDHBLALJ_00478

DiscRep_SUB:FEATURE_LOCATION_CONFLICT::Coding region xref gene does not exist
prokka_out/CA139575:CDS	Heme/hemopexin transporter protein HuxB	NODE_1_length_558205_cov_102.860439:c469027-467672	HDHBLALJ_00479

DiscRep_SUB:FEATURE_LOCATION_CONFLICT::Coding region xref gene does not exist
prokka_out/CA139575:CDS	hypothetical protein	NODE_1_length_558205_cov_102.860439:c469335-469105	HDHBLALJ_00480

DiscRep_SUB:FEATURE_LOCATION_CONFLICT::Coding region xref gene does not exist
prokka_out/CA139575:CDS	hypothetical protein	NODE_1_length_558205_cov_102.860439:c472424-470109	HDHBLALJ_00481

DiscRep_SUB:FEATURE_LOCATION_CONFLICT::Coding region xref gene does not exist
prokka_out/CA139575:CDS	hypothetical protein	NODE_1_length_558205_cov_102.860439:c475655-472512	HDHBLALJ_00482

DiscRep_SUB:FEATURE_LOCATION_CONFLICT::Coding region xref gene does not exist
prokka_out/CA139575:CDS	hypothetical protein	NODE_1_length_558205_cov_102.860439:c477529-476279	HDHBLALJ_00484

DiscRep_SUB:FEATURE_LOCATION_CONFLICT::Coding region xref gene does not exist
prokka_out/CA139575:CDS	Sensory transduction protein regX3	NODE_1_length_558205_cov_102.860439:c478200-477526	HDHBLALJ_00485

DiscRep_SUB:FEATURE_LOCATION_CONFLICT::Coding region xref gene does not exist
prokka_out/CA139575:CDS	Periplasmic serine endoprotease DegP	NODE_1_length_558205_cov_102.860439:c479701-478283	HDHBLALJ_00486

DiscRep_SUB:FEATURE_LOCATION_CONFLICT::Coding region xref gene does not exist
prokka_out/CA139575:CDS	Curved DNA-binding protein	NODE_1_length_558205_cov_102.860439:479907-480806	HDHBLALJ_00487

DiscRep_SUB:FEATURE_LOCATION_CONFLICT::Coding region xref gene does not exist
prokka_out/CA139575:CDS	hypothetical protein	NODE_1_length_558205_cov_102.860439:480823-481197	HDHBLALJ_00488

DiscRep_SUB:FEATURE_LOCATION_CONFLICT::Coding region xref gene does not exist
prokka_out/CA139575:CDS	Glutathione-regulated potassium-efflux system protein KefC	NODE_1_length_558205_cov_102.860439:481198-482820	HDHBLALJ_00489

DiscRep_SUB:FEATURE_LOCATION_CONFLICT::Coding region xref gene does not exist
prokka_out/CA139575:CDS	hypothetical protein	NODE_1_length_558205_cov_102.860439:482830-483162	HDHBLALJ_00490

DiscRep_SUB:FEATURE_LOCATION_CONFLICT::Coding region xref gene does not exist
prokka_out/CA139575:CDS	Phosphoglycolate phosphatase	NODE_1_length_558205_cov_102.860439:483155-483775	HDHBLALJ_00491

DiscRep_SUB:FEATURE_LOCATION_CONFLICT::Coding region xref gene does not exist
prokka_out/CA139575:CDS	Glycine--tRNA ligase beta subunit	NODE_1_length_558205_cov_102.860439:483828-485822	HDHBLALJ_00492

DiscRep_SUB:FEATURE_LOCATION_CONFLICT::Coding region xref gene does not exist
prokka_out/CA139575:CDS	hypothetical protein	NODE_1_length_558205_cov_102.860439:485819-486640	HDHBLALJ_00493

DiscRep_SUB:FEATURE_LOCATION_CONFLICT::Coding region xref gene does not exist
prokka_out/CA139575:CDS	hypothetical protein	NODE_1_length_558205_cov_102.860439:486637-487587	HDHBLALJ_00494

DiscRep_SUB:FEATURE_LOCATION_CONFLICT::Coding region xref gene does not exist
prokka_out/CA139575:CDS	hypothetical protein	NODE_1_length_558205_cov_102.860439:c487687-487577	HDHBLALJ_00495

DiscRep_SUB:FEATURE_LOCATION_CONFLICT::Coding region xref gene does not exist
prokka_out/CA139575:CDS	hypothetical protein	NODE_1_length_558205_cov_102.860439:c488106-487687	HDHBLALJ_00496

DiscRep_SUB:FEATURE_LOCATION_CONFLICT::Coding region xref gene does not exist
prokka_out/CA139575:CDS	hypothetical protein	NODE_1_length_558205_cov_102.860439:c489292-488315	HDHBLALJ_00497

DiscRep_SUB:FEATURE_LOCATION_CONFLICT::Coding region xref gene does not exist
prokka_out/CA139575:CDS	Pyridoxine 5'-phosphate synthase	NODE_1_length_558205_cov_102.860439:489348-490115	HDHBLALJ_00498

DiscRep_SUB:FEATURE_LOCATION_CONFLICT::Coding region xref gene does not exist
prokka_out/CA139575:CDS	4-hydroxythreonine-4-phosphate dehydrogenase	NODE_1_length_558205_cov_102.860439:490118-491218	HDHBLALJ_00499

DiscRep_SUB:FEATURE_LOCATION_CONFLICT::Coding region xref gene does not exist
prokka_out/CA139575:CDS	hypothetical protein	NODE_1_length_558205_cov_102.860439:c491807-491202	HDHBLALJ_00500

DiscRep_SUB:FEATURE_LOCATION_CONFLICT::Coding region xref gene does not exist
prokka_out/CA139575:CDS	hypothetical protein	NODE_1_length_558205_cov_102.860439:492050-492361	HDHBLALJ_00501

DiscRep_SUB:FEATURE_LOCATION_CONFLICT::Coding region xref gene does not exist
prokka_out/CA139575:CDS	Uroporphyrinogen decarboxylase	NODE_1_length_558205_cov_102.860439:492509-493531	HDHBLALJ_00502

DiscRep_SUB:FEATURE_LOCATION_CONFLICT::Coding region xref gene does not exist
prokka_out/CA139575:CDS	GTP 3',8-cyclase	NODE_1_length_558205_cov_102.860439:493528-494430	HDHBLALJ_00503

DiscRep_SUB:FEATURE_LOCATION_CONFLICT::Coding region xref gene does not exist
prokka_out/CA139575:CDS	hypothetical protein	NODE_1_length_558205_cov_102.860439:c495620-494427	HDHBLALJ_00504

DiscRep_SUB:FEATURE_LOCATION_CONFLICT::Coding region xref gene does not exist
prokka_out/CA139575:CDS	UvrABC system protein C	NODE_1_length_558205_cov_102.860439:c497436-495622	HDHBLALJ_00505

DiscRep_SUB:FEATURE_LOCATION_CONFLICT::Coding region xref gene does not exist
prokka_out/CA139575:CDS	hypothetical protein	NODE_1_length_558205_cov_102.860439:c497905-497429	HDHBLALJ_00506

DiscRep_SUB:FEATURE_LOCATION_CONFLICT::Coding region xref gene does not exist
prokka_out/CA139575:CDS	GMP synthase [glutamine-hydrolyzing]	NODE_1_length_558205_cov_102.860439:498042-499577	HDHBLALJ_00507

DiscRep_SUB:FEATURE_LOCATION_CONFLICT::Coding region xref gene does not exist
prokka_out/CA139575:CDS	Ubiquinone biosynthesis O-methyltransferase, mitochondrial	NODE_1_length_558205_cov_102.860439:499751-500359	HDHBLALJ_00508

DiscRep_SUB:FEATURE_LOCATION_CONFLICT::Coding region xref gene does not exist
prokka_out/CA139575:CDS	Ornithine lipid N-methyltransferase	NODE_1_length_558205_cov_102.860439:c501039-500482	HDHBLALJ_00509

DiscRep_SUB:FEATURE_LOCATION_CONFLICT::Coding region xref gene does not exist
prokka_out/CA139575:CDS	hypothetical protein	NODE_1_length_558205_cov_102.860439:501175-502635	HDHBLALJ_00510

DiscRep_SUB:FEATURE_LOCATION_CONFLICT::Coding region xref gene does not exist
prokka_out/CA139575:CDS	Phosphoribosylamine--glycine ligase	NODE_1_length_558205_cov_102.860439:502876-504126	HDHBLALJ_00511

DiscRep_SUB:FEATURE_LOCATION_CONFLICT::Coding region xref gene does not exist
prokka_out/CA139575:CDS	hypothetical protein	NODE_1_length_558205_cov_102.860439:504123-504575	HDHBLALJ_00512

DiscRep_SUB:FEATURE_LOCATION_CONFLICT::Coding region xref gene does not exist
prokka_out/CA139575:CDS	LPS-assembly protein LptD	NODE_1_length_558205_cov_102.860439:504565-506613	HDHBLALJ_00513

DiscRep_SUB:FEATURE_LOCATION_CONFLICT::Coding region xref gene does not exist
prokka_out/CA139575:CDS	Polyribonucleotide nucleotidyltransferase	NODE_1_length_558205_cov_102.860439:506630-508846	HDHBLALJ_00514

DiscRep_SUB:FEATURE_LOCATION_CONFLICT::Coding region xref gene does not exist
prokka_out/CA139575:CDS	hypothetical protein	NODE_1_length_558205_cov_102.860439:508843-509325	HDHBLALJ_00515

DiscRep_SUB:FEATURE_LOCATION_CONFLICT::Coding region xref gene does not exist
prokka_out/CA139575:CDS	hypothetical protein	NODE_1_length_558205_cov_102.860439:c509532-509263	HDHBLALJ_00516

DiscRep_SUB:FEATURE_LOCATION_CONFLICT::Coding region xref gene does not exist
prokka_out/CA139575:CDS	putative tautomerase	NODE_1_length_558205_cov_102.860439:509779-509988	HDHBLALJ_00517

DiscRep_SUB:FEATURE_LOCATION_CONFLICT::Coding region xref gene does not exist
prokka_out/CA139575:CDS	hypothetical protein	NODE_1_length_558205_cov_102.860439:c510641-509985	HDHBLALJ_00518

DiscRep_SUB:FEATURE_LOCATION_CONFLICT::Coding region xref gene does not exist
prokka_out/CA139575:CDS	Staphyloferrin B transporter	NODE_1_length_558205_cov_102.860439:c511846-510662	HDHBLALJ_00519

DiscRep_SUB:FEATURE_LOCATION_CONFLICT::Coding region xref gene does not exist
prokka_out/CA139575:CDS	Low molecular weight protein-tyrosine-phosphatase YfkJ	NODE_1_length_558205_cov_102.860439:511900-512355	HDHBLALJ_00520

DiscRep_SUB:FEATURE_LOCATION_CONFLICT::Coding region xref gene does not exist
prokka_out/CA139575:CDS	hypothetical protein	NODE_1_length_558205_cov_102.860439:c513226-512357	HDHBLALJ_00521

DiscRep_SUB:FEATURE_LOCATION_CONFLICT::Coding region xref gene does not exist
prokka_out/CA139575:CDS	Peptidoglycan-associated lipoprotein	NODE_1_length_558205_cov_102.860439:c514186-513236	HDHBLALJ_00522

DiscRep_SUB:FEATURE_LOCATION_CONFLICT::Coding region xref gene does not exist
prokka_out/CA139575:CDS	hypothetical protein	NODE_1_length_558205_cov_102.860439:c515637-514183	HDHBLALJ_00523

DiscRep_SUB:FEATURE_LOCATION_CONFLICT::Coding region xref gene does not exist
prokka_out/CA139575:CDS	Fructose-bisphosphate aldolase	NODE_1_length_558205_cov_102.860439:c516800-515736	HDHBLALJ_00524

DiscRep_SUB:FEATURE_LOCATION_CONFLICT::Coding region xref gene does not exist
prokka_out/CA139575:CDS	Putative peptidyl-prolyl cis-trans isomerase Cbf2	NODE_1_length_558205_cov_102.860439:c517621-516800	HDHBLALJ_00525

DiscRep_SUB:FEATURE_LOCATION_CONFLICT::Coding region xref gene does not exist
prokka_out/CA139575:CDS	Endonuclease III	NODE_1_length_558205_cov_102.860439:517704-518330	HDHBLALJ_00526

DiscRep_SUB:FEATURE_LOCATION_CONFLICT::Coding region xref gene does not exist
prokka_out/CA139575:CDS	hypothetical protein	NODE_1_length_558205_cov_102.860439:518327-518977	HDHBLALJ_00527

DiscRep_SUB:FEATURE_LOCATION_CONFLICT::Coding region xref gene does not exist
prokka_out/CA139575:CDS	hypothetical protein	NODE_1_length_558205_cov_102.860439:518987-519619	HDHBLALJ_00528

DiscRep_SUB:FEATURE_LOCATION_CONFLICT::Coding region xref gene does not exist
prokka_out/CA139575:CDS	hypothetical protein	NODE_1_length_558205_cov_102.860439:519698-519916	HDHBLALJ_00529

DiscRep_SUB:FEATURE_LOCATION_CONFLICT::Coding region xref gene does not exist
prokka_out/CA139575:CDS	Carboxy-S-adenosyl-L-methionine synthase	NODE_1_length_558205_cov_102.860439:c520624-519920	HDHBLALJ_00530

DiscRep_SUB:FEATURE_LOCATION_CONFLICT::Coding region xref gene does not exist
prokka_out/CA139575:CDS	Bifunctional riboflavin kinase/FMN adenylyltransferase	NODE_1_length_558205_cov_102.860439:c521464-520628	HDHBLALJ_00531

DiscRep_SUB:FEATURE_LOCATION_CONFLICT::Coding region xref gene does not exist
prokka_out/CA139575:CDS	16S/23S rRNA (cytidine-2'-O)-methyltransferase TlyA	NODE_1_length_558205_cov_102.860439:c522182-521433	HDHBLALJ_00532

DiscRep_SUB:FEATURE_LOCATION_CONFLICT::Coding region xref gene does not exist
prokka_out/CA139575:CDS	hypothetical protein	NODE_1_length_558205_cov_102.860439:c523183-522179	HDHBLALJ_00533

DiscRep_SUB:FEATURE_LOCATION_CONFLICT::Coding region xref gene does not exist
prokka_out/CA139575:CDS	DNA ligase	NODE_1_length_558205_cov_102.860439:c525104-523164	HDHBLALJ_00534

DiscRep_SUB:FEATURE_LOCATION_CONFLICT::Coding region xref gene does not exist
prokka_out/CA139575:CDS	Bifunctional dihydropteroate synthase/dihydropteroate reductase	NODE_1_length_558205_cov_102.860439:c526247-525105	HDHBLALJ_00535

DiscRep_SUB:FEATURE_LOCATION_CONFLICT::Coding region xref gene does not exist
prokka_out/CA139575:CDS	hypothetical protein	NODE_1_length_558205_cov_102.860439:c526855-526244	HDHBLALJ_00536

DiscRep_SUB:FEATURE_LOCATION_CONFLICT::Coding region xref gene does not exist
prokka_out/CA139575:CDS	hypothetical protein	NODE_1_length_558205_cov_102.860439:c527388-526855	HDHBLALJ_00537

DiscRep_SUB:FEATURE_LOCATION_CONFLICT::Coding region xref gene does not exist
prokka_out/CA139575:CDS	Aspartate kinase	NODE_1_length_558205_cov_102.860439:c528591-527389	HDHBLALJ_00538

DiscRep_SUB:FEATURE_LOCATION_CONFLICT::Coding region xref gene does not exist
prokka_out/CA139575:CDS	RNA pyrophosphohydrolase	NODE_1_length_558205_cov_102.860439:c529061-528591	HDHBLALJ_00539

DiscRep_SUB:FEATURE_LOCATION_CONFLICT::Coding region xref gene does not exist
prokka_out/CA139575:CDS	Heme chaperone HemW	NODE_1_length_558205_cov_102.860439:529156-530223	HDHBLALJ_00540

DiscRep_SUB:FEATURE_LOCATION_CONFLICT::Coding region xref gene does not exist
prokka_out/CA139575:CDS	Sec-independent protein translocase protein TatB	NODE_1_length_558205_cov_102.860439:530286-530690	HDHBLALJ_00541

DiscRep_SUB:FEATURE_LOCATION_CONFLICT::Coding region xref gene does not exist
prokka_out/CA139575:CDS	Sec-independent protein translocase protein TatC	NODE_1_length_558205_cov_102.860439:530691-531437	HDHBLALJ_00542

DiscRep_SUB:FEATURE_LOCATION_CONFLICT::Coding region xref gene does not exist
prokka_out/CA139575:CDS	S-adenosylmethionine:tRNA ribosyltransferase-isomerase	NODE_1_length_558205_cov_102.860439:531434-532459	HDHBLALJ_00543

DiscRep_SUB:FEATURE_LOCATION_CONFLICT::Coding region xref gene does not exist
prokka_out/CA139575:CDS	UDP-3-O-acylglucosamine N-acyltransferase	NODE_1_length_558205_cov_102.860439:c533415-532462	HDHBLALJ_00544

DiscRep_SUB:FEATURE_LOCATION_CONFLICT::Coding region xref gene does not exist
prokka_out/CA139575:CDS	Acetolactate synthase isozyme 3 small subunit	NODE_1_length_558205_cov_102.860439:c533876-533412	HDHBLALJ_00545

DiscRep_SUB:FEATURE_LOCATION_CONFLICT::Coding region xref gene does not exist
prokka_out/CA139575:CDS	Acetolactate synthase large subunit	NODE_1_length_558205_cov_102.860439:c535573-533873	HDHBLALJ_00546

DiscRep_SUB:FEATURE_LOCATION_CONFLICT::Coding region xref gene does not exist
prokka_out/CA139575:CDS	putative protein YqeY	NODE_1_length_558205_cov_102.860439:c536094-535651	HDHBLALJ_00547

DiscRep_SUB:FEATURE_LOCATION_CONFLICT::Coding region xref gene does not exist
prokka_out/CA139575:CDS	Riboflavin biosynthesis protein RibBA	NODE_1_length_558205_cov_102.860439:c537130-536111	HDHBLALJ_00548

DiscRep_SUB:FEATURE_LOCATION_CONFLICT::Coding region xref gene does not exist
prokka_out/CA139575:CDS	Ktr system potassium uptake protein B	NODE_1_length_558205_cov_102.860439:537851-539194	HDHBLALJ_00552

DiscRep_SUB:FEATURE_LOCATION_CONFLICT::Coding region xref gene does not exist
prokka_out/CA139575:CDS	Ktr system potassium uptake protein A	NODE_1_length_558205_cov_102.860439:539207-539857	HDHBLALJ_00553

DiscRep_SUB:FEATURE_LOCATION_CONFLICT::Coding region xref gene does not exist
prokka_out/CA139575:CDS	Chorismate dehydratase	NODE_1_length_558205_cov_102.860439:c540529-539858	HDHBLALJ_00554

DiscRep_SUB:FEATURE_LOCATION_CONFLICT::Coding region xref gene does not exist
prokka_out/CA139575:CDS	Uracil phosphoribosyltransferase	NODE_1_length_558205_cov_102.860439:c541161-540535	HDHBLALJ_00555

DiscRep_SUB:FEATURE_LOCATION_CONFLICT::Coding region xref gene does not exist
prokka_out/CA139575:CDS	NADP-dependent malic enzyme	NODE_1_length_558205_cov_102.860439:c542393-541158	HDHBLALJ_00556

DiscRep_SUB:FEATURE_LOCATION_CONFLICT::Coding region xref gene does not exist
prokka_out/CA139575:CDS	Glutamate--tRNA ligase 1	NODE_1_length_558205_cov_102.860439:c543784-542393	HDHBLALJ_00557

DiscRep_SUB:FEATURE_LOCATION_CONFLICT::Coding region xref gene does not exist
prokka_out/CA139575:CDS	Chaperone SurA	NODE_1_length_558205_cov_102.860439:543849-544664	HDHBLALJ_00558

DiscRep_SUB:FEATURE_LOCATION_CONFLICT::Coding region xref gene does not exist
prokka_out/CA139575:CDS	Biotin carboxylase	NODE_1_length_558205_cov_102.860439:c546023-544692	HDHBLALJ_00559

DiscRep_SUB:FEATURE_LOCATION_CONFLICT::Coding region xref gene does not exist
prokka_out/CA139575:CDS	Biotin carboxyl carrier protein of acetyl-CoA carboxylase	NODE_1_length_558205_cov_102.860439:c546480-546025	HDHBLALJ_00560

DiscRep_SUB:FEATURE_LOCATION_CONFLICT::Coding region xref gene does not exist
prokka_out/CA139575:CDS	dCTP deaminase	NODE_1_length_558205_cov_102.860439:546639-547199	HDHBLALJ_00561

DiscRep_SUB:FEATURE_LOCATION_CONFLICT::Coding region xref gene does not exist
prokka_out/CA139575:CDS	UDP-N-acetylglucosamine 4,6-dehydratase (inverting)	NODE_1_length_558205_cov_102.860439:547249-548253	HDHBLALJ_00562

DiscRep_SUB:FEATURE_LOCATION_CONFLICT::Coding region xref gene does not exist
prokka_out/CA139575:CDS	UDP-4-amino-4,6-dideoxy-N-acetyl-beta-L-altrosamine transaminase	NODE_1_length_558205_cov_102.860439:548255-549385	HDHBLALJ_00563

DiscRep_SUB:FEATURE_LOCATION_CONFLICT::Coding region xref gene does not exist
prokka_out/CA139575:CDS	Putative polysaccharide biosynthesis protein with aminopeptidase-like domain protein	NODE_1_length_558205_cov_102.860439:549378-550694	HDHBLALJ_00564

DiscRep_SUB:FEATURE_LOCATION_CONFLICT::Coding region xref gene does not exist
prokka_out/CA139575:CDS	hypothetical protein	NODE_1_length_558205_cov_102.860439:c551420-550677	HDHBLALJ_00565

DiscRep_SUB:FEATURE_LOCATION_CONFLICT::Coding region xref gene does not exist
prokka_out/CA139575:CDS	hypothetical protein	NODE_1_length_558205_cov_102.860439:551511-551741	HDHBLALJ_00566

DiscRep_SUB:FEATURE_LOCATION_CONFLICT::Coding region xref gene does not exist
prokka_out/CA139575:CDS	hypothetical protein	NODE_1_length_558205_cov_102.860439:551738-552631	HDHBLALJ_00567

DiscRep_SUB:FEATURE_LOCATION_CONFLICT::Coding region xref gene does not exist
prokka_out/CA139575:CDS	hypothetical protein	NODE_1_length_558205_cov_102.860439:552624-553040	HDHBLALJ_00568

DiscRep_SUB:FEATURE_LOCATION_CONFLICT::Coding region xref gene does not exist
prokka_out/CA139575:CDS	hypothetical protein	NODE_1_length_558205_cov_102.860439:553037-554599	HDHBLALJ_00569

DiscRep_SUB:FEATURE_LOCATION_CONFLICT::Coding region xref gene does not exist
prokka_out/CA139575:CDS	3-oxoacyl-[acyl-carrier-protein] synthase 3	NODE_1_length_558205_cov_102.860439:554589-555650	HDHBLALJ_00570

DiscRep_SUB:FEATURE_LOCATION_CONFLICT::Coding region xref gene does not exist
prokka_out/CA139575:CDS	hypothetical protein	NODE_1_length_558205_cov_102.860439:555650-555871	HDHBLALJ_00571

DiscRep_SUB:FEATURE_LOCATION_CONFLICT::Coding region xref gene does not exist
prokka_out/CA139575:CDS	hypothetical protein	NODE_1_length_558205_cov_102.860439:c557099-555885	HDHBLALJ_00572

DiscRep_SUB:FEATURE_LOCATION_CONFLICT::Coding region xref gene does not exist
prokka_out/CA139575:CDS	hypothetical protein	NODE_1_length_558205_cov_102.860439:c558125-557112	HDHBLALJ_00573

DiscRep_SUB:FEATURE_LOCATION_CONFLICT::RNA feature xref gene does not exist
prokka_out/CA139575:tRNA	Lys	NODE_1_length_558205_cov_102.860439:142252-142327	HDHBLALJ_00148

DiscRep_SUB:FEATURE_LOCATION_CONFLICT::RNA feature xref gene does not exist
prokka_out/CA139575:tRNA	Val	NODE_1_length_558205_cov_102.860439:142340-142415	HDHBLALJ_00149

DiscRep_SUB:FEATURE_LOCATION_CONFLICT::RNA feature xref gene does not exist
prokka_out/CA139575:tRNA	Asp	NODE_1_length_558205_cov_102.860439:142437-142513	HDHBLALJ_00150

DiscRep_SUB:FEATURE_LOCATION_CONFLICT::RNA feature xref gene does not exist
prokka_out/CA139575:tRNA	Lys	NODE_1_length_558205_cov_102.860439:142517-142592	HDHBLALJ_00151

DiscRep_SUB:FEATURE_LOCATION_CONFLICT::RNA feature xref gene does not exist
prokka_out/CA139575:tRNA	Glu	NODE_1_length_558205_cov_102.860439:142606-142681	HDHBLALJ_00152

DiscRep_SUB:FEATURE_LOCATION_CONFLICT::RNA feature xref gene does not exist
prokka_out/CA139575:tRNA	Val	NODE_1_length_558205_cov_102.860439:142690-142765	HDHBLALJ_00153

DiscRep_SUB:FEATURE_LOCATION_CONFLICT::RNA feature xref gene does not exist
prokka_out/CA139575:tRNA	Asp	NODE_1_length_558205_cov_102.860439:142787-142863	HDHBLALJ_00154

DiscRep_SUB:FEATURE_LOCATION_CONFLICT::RNA feature xref gene does not exist
prokka_out/CA139575:tRNA	Leu	NODE_1_length_558205_cov_102.860439:c147667-147581	HDHBLALJ_00159

DiscRep_SUB:FEATURE_LOCATION_CONFLICT::RNA feature xref gene does not exist
prokka_out/CA139575:tRNA	Gly	NODE_1_length_558205_cov_102.860439:c167582-167508	HDHBLALJ_00177

DiscRep_SUB:FEATURE_LOCATION_CONFLICT::RNA feature xref gene does not exist
prokka_out/CA139575:tRNA	Leu	NODE_1_length_558205_cov_102.860439:214610-214695	HDHBLALJ_00225

DiscRep_SUB:FEATURE_LOCATION_CONFLICT::RNA feature xref gene does not exist
prokka_out/CA139575:tRNA	Arg	NODE_1_length_558205_cov_102.860439:247668-247744	HDHBLALJ_00260

DiscRep_SUB:FEATURE_LOCATION_CONFLICT::RNA feature xref gene does not exist
prokka_out/CA139575:tRNA	Asn	NODE_1_length_558205_cov_102.860439:c476197-476123	HDHBLALJ_00483

DiscRep_SUB:FEATURE_LOCATION_CONFLICT::RNA feature xref gene does not exist
prokka_out/CA139575:tRNA	Gln	NODE_1_length_558205_cov_102.860439:537237-537311	HDHBLALJ_00549

DiscRep_SUB:FEATURE_LOCATION_CONFLICT::RNA feature xref gene does not exist
prokka_out/CA139575:tRNA	Met	NODE_1_length_558205_cov_102.860439:537343-537418	HDHBLALJ_00550

DiscRep_SUB:FEATURE_LOCATION_CONFLICT::RNA feature xref gene does not exist
prokka_out/CA139575:tRNA	Phe	NODE_1_length_558205_cov_102.860439:c537710-537635	HDHBLALJ_00551

DiscRep_SUB:FEATURE_LOCATION_CONFLICT::Coding region xref gene does not exist
prokka_out/CA139575:CDS	putative histidine-binding protein	NODE_2_length_255618_cov_107.055290:237-1007	HDHBLALJ_00574

DiscRep_SUB:FEATURE_LOCATION_CONFLICT::Coding region xref gene does not exist
prokka_out/CA139575:CDS	putative phosphatase	NODE_2_length_255618_cov_107.055290:c1669-1031	HDHBLALJ_00575

DiscRep_SUB:FEATURE_LOCATION_CONFLICT::Coding region xref gene does not exist
prokka_out/CA139575:CDS	Vitamin B12 import ATP-binding protein BtuD	NODE_2_length_255618_cov_107.055290:c2655-1666	HDHBLALJ_00576

DiscRep_SUB:FEATURE_LOCATION_CONFLICT::Coding region xref gene does not exist
prokka_out/CA139575:CDS	hypothetical protein	NODE_2_length_255618_cov_107.055290:c3438-2659	HDHBLALJ_00577

DiscRep_SUB:FEATURE_LOCATION_CONFLICT::Coding region xref gene does not exist
prokka_out/CA139575:CDS	hypothetical protein	NODE_2_length_255618_cov_107.055290:c4278-3439	HDHBLALJ_00578

DiscRep_SUB:FEATURE_LOCATION_CONFLICT::Coding region xref gene does not exist
prokka_out/CA139575:CDS	hypothetical protein	NODE_2_length_255618_cov_107.055290:c5081-4275	HDHBLALJ_00579

DiscRep_SUB:FEATURE_LOCATION_CONFLICT::Coding region xref gene does not exist
prokka_out/CA139575:CDS	hypothetical protein	NODE_2_length_255618_cov_107.055290:c6406-5081	HDHBLALJ_00580

DiscRep_SUB:FEATURE_LOCATION_CONFLICT::Coding region xref gene does not exist
prokka_out/CA139575:CDS	hypothetical protein	NODE_2_length_255618_cov_107.055290:c7463-6417	HDHBLALJ_00581

DiscRep_SUB:FEATURE_LOCATION_CONFLICT::Coding region xref gene does not exist
prokka_out/CA139575:CDS	Magnesium transport protein CorA	NODE_2_length_255618_cov_107.055290:7580-8563	HDHBLALJ_00582

DiscRep_SUB:FEATURE_LOCATION_CONFLICT::Coding region xref gene does not exist
prokka_out/CA139575:CDS	Molybdopterin adenylyltransferase	NODE_2_length_255618_cov_107.055290:8582-9124	HDHBLALJ_00583

DiscRep_SUB:FEATURE_LOCATION_CONFLICT::Coding region xref gene does not exist
prokka_out/CA139575:CDS	hypothetical protein	NODE_2_length_255618_cov_107.055290:c9306-9121	HDHBLALJ_00584

DiscRep_SUB:FEATURE_LOCATION_CONFLICT::Coding region xref gene does not exist
prokka_out/CA139575:CDS	Protease HtpX	NODE_2_length_255618_cov_107.055290:9435-10622	HDHBLALJ_00585

DiscRep_SUB:FEATURE_LOCATION_CONFLICT::Coding region xref gene does not exist
prokka_out/CA139575:CDS	Release factor glutamine methyltransferase	NODE_2_length_255618_cov_107.055290:10619-11419	HDHBLALJ_00586

DiscRep_SUB:FEATURE_LOCATION_CONFLICT::Coding region xref gene does not exist
prokka_out/CA139575:CDS	hypothetical protein	NODE_2_length_255618_cov_107.055290:11461-11934	HDHBLALJ_00587

DiscRep_SUB:FEATURE_LOCATION_CONFLICT::Coding region xref gene does not exist
prokka_out/CA139575:CDS	Secreted flagellin C	NODE_2_length_255618_cov_107.055290:11968-12717	HDHBLALJ_00588

DiscRep_SUB:FEATURE_LOCATION_CONFLICT::Coding region xref gene does not exist
prokka_out/CA139575:CDS	Pyridoxal phosphate homeostasis protein	NODE_2_length_255618_cov_107.055290:12754-13386	HDHBLALJ_00589

DiscRep_SUB:FEATURE_LOCATION_CONFLICT::Coding region xref gene does not exist
prokka_out/CA139575:CDS	DNA polymerase III subunit alpha	NODE_2_length_255618_cov_107.055290:c17005-13403	HDHBLALJ_00590

DiscRep_SUB:FEATURE_LOCATION_CONFLICT::Coding region xref gene does not exist
prokka_out/CA139575:CDS	hypothetical protein	NODE_2_length_255618_cov_107.055290:c17534-17205	HDHBLALJ_00591

DiscRep_SUB:FEATURE_LOCATION_CONFLICT::Coding region xref gene does not exist
prokka_out/CA139575:CDS	Phospho-2-dehydro-3-deoxyheptonate aldolase	NODE_2_length_255618_cov_107.055290:c18874-17531	HDHBLALJ_00592

DiscRep_SUB:FEATURE_LOCATION_CONFLICT::Coding region xref gene does not exist
prokka_out/CA139575:CDS	5-hydroxyisourate hydrolase	NODE_2_length_255618_cov_107.055290:c19311-18898	HDHBLALJ_00593

DiscRep_SUB:FEATURE_LOCATION_CONFLICT::Coding region xref gene does not exist
prokka_out/CA139575:CDS	50S ribosomal protein L19	NODE_2_length_255618_cov_107.055290:c19819-19463	HDHBLALJ_00594

DiscRep_SUB:FEATURE_LOCATION_CONFLICT::Coding region xref gene does not exist
prokka_out/CA139575:CDS	tRNA (guanine-N(1)-)-methyltransferase	NODE_2_length_255618_cov_107.055290:c20534-19830	HDHBLALJ_00595

DiscRep_SUB:FEATURE_LOCATION_CONFLICT::Coding region xref gene does not exist
prokka_out/CA139575:CDS	Ribosome maturation factor RimM	NODE_2_length_255618_cov_107.055290:c21070-20531	HDHBLALJ_00596

DiscRep_SUB:FEATURE_LOCATION_CONFLICT::Coding region xref gene does not exist
prokka_out/CA139575:CDS	hypothetical protein	NODE_2_length_255618_cov_107.055290:c21305-21063	HDHBLALJ_00597

DiscRep_SUB:FEATURE_LOCATION_CONFLICT::Coding region xref gene does not exist
prokka_out/CA139575:CDS	30S ribosomal protein S16	NODE_2_length_255618_cov_107.055290:c21538-21311	HDHBLALJ_00598

DiscRep_SUB:FEATURE_LOCATION_CONFLICT::Coding region xref gene does not exist
prokka_out/CA139575:CDS	Signal recognition particle protein	NODE_2_length_255618_cov_107.055290:c22943-21606	HDHBLALJ_00599

DiscRep_SUB:FEATURE_LOCATION_CONFLICT::Coding region xref gene does not exist
prokka_out/CA139575:CDS	hypothetical protein	NODE_2_length_255618_cov_107.055290:c23763-23011	HDHBLALJ_00600

DiscRep_SUB:FEATURE_LOCATION_CONFLICT::Coding region xref gene does not exist
prokka_out/CA139575:CDS	3-deoxy-D-manno-octulosonic acid transferase	NODE_2_length_255618_cov_107.055290:c24901-23744	HDHBLALJ_00601

DiscRep_SUB:FEATURE_LOCATION_CONFLICT::Coding region xref gene does not exist
prokka_out/CA139575:CDS	hypothetical protein	NODE_2_length_255618_cov_107.055290:c25614-24898	HDHBLALJ_00602

DiscRep_SUB:FEATURE_LOCATION_CONFLICT::Coding region xref gene does not exist
prokka_out/CA139575:CDS	GTP cyclohydrolase 1 type 2	NODE_2_length_255618_cov_107.055290:c26349-25624	HDHBLALJ_00603

DiscRep_SUB:FEATURE_LOCATION_CONFLICT::Coding region xref gene does not exist
prokka_out/CA139575:CDS	Glycine--tRNA ligase alpha subunit	NODE_2_length_255618_cov_107.055290:c27199-26336	HDHBLALJ_00604

DiscRep_SUB:FEATURE_LOCATION_CONFLICT::Coding region xref gene does not exist
prokka_out/CA139575:CDS	hypothetical protein	NODE_2_length_255618_cov_107.055290:c27755-27201	HDHBLALJ_00605

DiscRep_SUB:FEATURE_LOCATION_CONFLICT::Coding region xref gene does not exist
prokka_out/CA139575:CDS	N5-carboxyaminoimidazole ribonucleotide mutase	NODE_2_length_255618_cov_107.055290:c28262-27768	HDHBLALJ_00606

DiscRep_SUB:FEATURE_LOCATION_CONFLICT::Coding region xref gene does not exist
prokka_out/CA139575:CDS	hypothetical protein	NODE_2_length_255618_cov_107.055290:c29515-28259	HDHBLALJ_00607

DiscRep_SUB:FEATURE_LOCATION_CONFLICT::Coding region xref gene does not exist
prokka_out/CA139575:CDS	hypothetical protein	NODE_2_length_255618_cov_107.055290:c30216-29512	HDHBLALJ_00608

DiscRep_SUB:FEATURE_LOCATION_CONFLICT::Coding region xref gene does not exist
prokka_out/CA139575:CDS	Glutamine synthetase	NODE_2_length_255618_cov_107.055290:30415-31845	HDHBLALJ_00609

DiscRep_SUB:FEATURE_LOCATION_CONFLICT::Coding region xref gene does not exist
prokka_out/CA139575:CDS	Flagellar basal-body rod protein FlgG	NODE_2_length_255618_cov_107.055290:c32880-32089	HDHBLALJ_00610

DiscRep_SUB:FEATURE_LOCATION_CONFLICT::Coding region xref gene does not exist
prokka_out/CA139575:CDS	Flagellar basal-body rod protein FlgG	NODE_2_length_255618_cov_107.055290:c33723-32911	HDHBLALJ_00611

DiscRep_SUB:FEATURE_LOCATION_CONFLICT::Coding region xref gene does not exist
prokka_out/CA139575:CDS	Cell division protein FtsZ	NODE_2_length_255618_cov_107.055290:c35158-34046	HDHBLALJ_00612

DiscRep_SUB:FEATURE_LOCATION_CONFLICT::Coding region xref gene does not exist
prokka_out/CA139575:CDS	Cell division protein FtsA	NODE_2_length_255618_cov_107.055290:c36557-35175	HDHBLALJ_00613

DiscRep_SUB:FEATURE_LOCATION_CONFLICT::Coding region xref gene does not exist
prokka_out/CA139575:CDS	Peptidyl-prolyl cis-trans isomerase D	NODE_2_length_255618_cov_107.055290:c38047-36560	HDHBLALJ_00614

DiscRep_SUB:FEATURE_LOCATION_CONFLICT::Coding region xref gene does not exist
prokka_out/CA139575:CDS	Ribosomal RNA small subunit methyltransferase H	NODE_2_length_255618_cov_107.055290:38200-39135	HDHBLALJ_00615

DiscRep_SUB:FEATURE_LOCATION_CONFLICT::Coding region xref gene does not exist
prokka_out/CA139575:CDS	hypothetical protein	NODE_2_length_255618_cov_107.055290:39135-40022	HDHBLALJ_00616

DiscRep_SUB:FEATURE_LOCATION_CONFLICT::Coding region xref gene does not exist
prokka_out/CA139575:CDS	hypothetical protein	NODE_2_length_255618_cov_107.055290:c40501-40010	HDHBLALJ_00617

DiscRep_SUB:FEATURE_LOCATION_CONFLICT::Coding region xref gene does not exist
prokka_out/CA139575:CDS	Acetate kinase	NODE_2_length_255618_cov_107.055290:c41765-40575	HDHBLALJ_00618

DiscRep_SUB:FEATURE_LOCATION_CONFLICT::Coding region xref gene does not exist
prokka_out/CA139575:CDS	hypothetical protein	NODE_2_length_255618_cov_107.055290:c43281-41779	HDHBLALJ_00619

DiscRep_SUB:FEATURE_LOCATION_CONFLICT::Coding region xref gene does not exist
prokka_out/CA139575:CDS	Flagellar L-ring protein	NODE_2_length_255618_cov_107.055290:43386-44084	HDHBLALJ_00620

DiscRep_SUB:FEATURE_LOCATION_CONFLICT::Coding region xref gene does not exist
prokka_out/CA139575:CDS	4-hydroxy-3-methylbut-2-en-1-yl diphosphate synthase (flavodoxin)	NODE_2_length_255618_cov_107.055290:c45241-44168	HDHBLALJ_00621

DiscRep_SUB:FEATURE_LOCATION_CONFLICT::Coding region xref gene does not exist
prokka_out/CA139575:CDS	Primosomal protein N'	NODE_2_length_255618_cov_107.055290:c47139-45301	HDHBLALJ_00622

DiscRep_SUB:FEATURE_LOCATION_CONFLICT::Coding region xref gene does not exist
prokka_out/CA139575:CDS	hypothetical protein	NODE_2_length_255618_cov_107.055290:c47582-47136	HDHBLALJ_00623

DiscRep_SUB:FEATURE_LOCATION_CONFLICT::Coding region xref gene does not exist
prokka_out/CA139575:CDS	hypothetical protein	NODE_2_length_255618_cov_107.055290:c47824-47579	HDHBLALJ_00624

DiscRep_SUB:FEATURE_LOCATION_CONFLICT::Coding region xref gene does not exist
prokka_out/CA139575:CDS	hypothetical protein	NODE_2_length_255618_cov_107.055290:c48044-47814	HDHBLALJ_00625

DiscRep_SUB:FEATURE_LOCATION_CONFLICT::Coding region xref gene does not exist
prokka_out/CA139575:CDS	UvrABC system protein B	NODE_2_length_255618_cov_107.055290:48198-50171	HDHBLALJ_00626

DiscRep_SUB:FEATURE_LOCATION_CONFLICT::Coding region xref gene does not exist
prokka_out/CA139575:CDS	Anaerobic C4-dicarboxylate transporter DcuB	NODE_2_length_255618_cov_107.055290:c51630-50206	HDHBLALJ_00627

DiscRep_SUB:FEATURE_LOCATION_CONFLICT::Coding region xref gene does not exist
prokka_out/CA139575:CDS	RNA polymerase sigma-54 factor	NODE_2_length_255618_cov_107.055290:c53067-51817	HDHBLALJ_00628

DiscRep_SUB:FEATURE_LOCATION_CONFLICT::Coding region xref gene does not exist
prokka_out/CA139575:CDS	Lipopolysaccharide export system ATP-binding protein LptB	NODE_2_length_255618_cov_107.055290:c53795-53067	HDHBLALJ_00629

DiscRep_SUB:FEATURE_LOCATION_CONFLICT::Coding region xref gene does not exist
prokka_out/CA139575:CDS	tRNA threonylcarbamoyladenosine biosynthesis protein TsaE	NODE_2_length_255618_cov_107.055290:c54195-53788	HDHBLALJ_00630

DiscRep_SUB:FEATURE_LOCATION_CONFLICT::Coding region xref gene does not exist
prokka_out/CA139575:CDS	hypothetical protein	NODE_2_length_255618_cov_107.055290:c54437-54192	HDHBLALJ_00631

DiscRep_SUB:FEATURE_LOCATION_CONFLICT::Coding region xref gene does not exist
prokka_out/CA139575:CDS	Argininosuccinate synthase	NODE_2_length_255618_cov_107.055290:54577-55797	HDHBLALJ_00632

DiscRep_SUB:FEATURE_LOCATION_CONFLICT::Coding region xref gene does not exist
prokka_out/CA139575:CDS	50S ribosomal protein L9	NODE_2_length_255618_cov_107.055290:55813-56256	HDHBLALJ_00633

DiscRep_SUB:FEATURE_LOCATION_CONFLICT::Coding region xref gene does not exist
prokka_out/CA139575:CDS	ATP-dependent protease subunit HslV	NODE_2_length_255618_cov_107.055290:56256-56798	HDHBLALJ_00634

DiscRep_SUB:FEATURE_LOCATION_CONFLICT::Coding region xref gene does not exist
prokka_out/CA139575:CDS	ATP-dependent protease ATPase subunit ClpY	NODE_2_length_255618_cov_107.055290:56795-58114	HDHBLALJ_00635

DiscRep_SUB:FEATURE_LOCATION_CONFLICT::Coding region xref gene does not exist
prokka_out/CA139575:CDS	GTPase Era	NODE_2_length_255618_cov_107.055290:58111-58986	HDHBLALJ_00636

DiscRep_SUB:FEATURE_LOCATION_CONFLICT::Coding region xref gene does not exist
prokka_out/CA139575:CDS	hypothetical protein	NODE_2_length_255618_cov_107.055290:58976-60052	HDHBLALJ_00637

DiscRep_SUB:FEATURE_LOCATION_CONFLICT::Coding region xref gene does not exist
prokka_out/CA139575:CDS	hypothetical protein	NODE_2_length_255618_cov_107.055290:60049-60606	HDHBLALJ_00638

DiscRep_SUB:FEATURE_LOCATION_CONFLICT::Coding region xref gene does not exist
prokka_out/CA139575:CDS	hypothetical protein	NODE_2_length_255618_cov_107.055290:60691-62478	HDHBLALJ_00639

DiscRep_SUB:FEATURE_LOCATION_CONFLICT::Coding region xref gene does not exist
prokka_out/CA139575:CDS	Peptidoglycan D,D-transpeptidase MrdA	NODE_2_length_255618_cov_107.055290:c64346-62511	HDHBLALJ_00640

DiscRep_SUB:FEATURE_LOCATION_CONFLICT::Coding region xref gene does not exist
prokka_out/CA139575:CDS	hypothetical protein	NODE_2_length_255618_cov_107.055290:c64840-64346	HDHBLALJ_00641

DiscRep_SUB:FEATURE_LOCATION_CONFLICT::Coding region xref gene does not exist
prokka_out/CA139575:CDS	putative GTP-binding protein EngB	NODE_2_length_255618_cov_107.055290:c65432-64842	HDHBLALJ_00642

DiscRep_SUB:FEATURE_LOCATION_CONFLICT::Coding region xref gene does not exist
prokka_out/CA139575:CDS	Lipopolysaccharide export system protein LptA	NODE_2_length_255618_cov_107.055290:c65887-65429	HDHBLALJ_00643

DiscRep_SUB:FEATURE_LOCATION_CONFLICT::Coding region xref gene does not exist
prokka_out/CA139575:CDS	hypothetical protein	NODE_2_length_255618_cov_107.055290:c66384-65872	HDHBLALJ_00644

DiscRep_SUB:FEATURE_LOCATION_CONFLICT::Coding region xref gene does not exist
prokka_out/CA139575:CDS	2-keto-3-deoxy-D-glycero-D-galacto-9-phosphonononic acid phosphatase	NODE_2_length_255618_cov_107.055290:c66863-66375	HDHBLALJ_00645

DiscRep_SUB:FEATURE_LOCATION_CONFLICT::Coding region xref gene does not exist
prokka_out/CA139575:CDS	Endolytic peptidoglycan transglycosylase RlpA	NODE_2_length_255618_cov_107.055290:c67706-66867	HDHBLALJ_00646

DiscRep_SUB:FEATURE_LOCATION_CONFLICT::Coding region xref gene does not exist
prokka_out/CA139575:CDS	hypothetical protein	NODE_2_length_255618_cov_107.055290:c68784-67651	HDHBLALJ_00647

DiscRep_SUB:FEATURE_LOCATION_CONFLICT::Coding region xref gene does not exist
prokka_out/CA139575:CDS	putative metal-dependent hydrolase YcfH	NODE_2_length_255618_cov_107.055290:c69599-68787	HDHBLALJ_00648

DiscRep_SUB:FEATURE_LOCATION_CONFLICT::Coding region xref gene does not exist
prokka_out/CA139575:CDS	Response regulator PleD	NODE_2_length_255618_cov_107.055290:c70834-69590	HDHBLALJ_00649

DiscRep_SUB:FEATURE_LOCATION_CONFLICT::Coding region xref gene does not exist
prokka_out/CA139575:CDS	DNA repair protein RecN	NODE_2_length_255618_cov_107.055290:c72446-70923	HDHBLALJ_00650

DiscRep_SUB:FEATURE_LOCATION_CONFLICT::Coding region xref gene does not exist
prokka_out/CA139575:CDS	NAD kinase	NODE_2_length_255618_cov_107.055290:c73306-72446	HDHBLALJ_00651

DiscRep_SUB:FEATURE_LOCATION_CONFLICT::Coding region xref gene does not exist
prokka_out/CA139575:CDS	Aspartate--tRNA(Asp/Asn) ligase	NODE_2_length_255618_cov_107.055290:73399-75150	HDHBLALJ_00652

DiscRep_SUB:FEATURE_LOCATION_CONFLICT::Coding region xref gene does not exist
prokka_out/CA139575:CDS	Adenylate kinase	NODE_2_length_255618_cov_107.055290:75147-75722	HDHBLALJ_00653

DiscRep_SUB:FEATURE_LOCATION_CONFLICT::Coding region xref gene does not exist
prokka_out/CA139575:CDS	Inorganic pyrophosphatase	NODE_2_length_255618_cov_107.055290:75732-76250	HDHBLALJ_00654

DiscRep_SUB:FEATURE_LOCATION_CONFLICT::Coding region xref gene does not exist
prokka_out/CA139575:CDS	Peptide methionine sulfoxide reductase MsrA	NODE_2_length_255618_cov_107.055290:76298-76798	HDHBLALJ_00655

DiscRep_SUB:FEATURE_LOCATION_CONFLICT::Coding region xref gene does not exist
prokka_out/CA139575:CDS	Ribosomal RNA small subunit methyltransferase F	NODE_2_length_255618_cov_107.055290:c77896-77021	HDHBLALJ_00656

DiscRep_SUB:FEATURE_LOCATION_CONFLICT::Coding region xref gene does not exist
prokka_out/CA139575:CDS	Putative pre-16S rRNA nuclease	NODE_2_length_255618_cov_107.055290:c78266-77886	HDHBLALJ_00657

DiscRep_SUB:FEATURE_LOCATION_CONFLICT::Coding region xref gene does not exist
prokka_out/CA139575:CDS	hypothetical protein	NODE_2_length_255618_cov_107.055290:c79033-78263	HDHBLALJ_00658

DiscRep_SUB:FEATURE_LOCATION_CONFLICT::Coding region xref gene does not exist
prokka_out/CA139575:CDS	hypothetical protein	NODE_2_length_255618_cov_107.055290:c80054-79023	HDHBLALJ_00659

DiscRep_SUB:FEATURE_LOCATION_CONFLICT::Coding region xref gene does not exist
prokka_out/CA139575:CDS	Ketol-acid reductoisomerase (NADP(+))	NODE_2_length_255618_cov_107.055290:c81079-80057	HDHBLALJ_00660

DiscRep_SUB:FEATURE_LOCATION_CONFLICT::Coding region xref gene does not exist
prokka_out/CA139575:CDS	Ribonuclease R	NODE_2_length_255618_cov_107.055290:81202-83136	HDHBLALJ_00661

DiscRep_SUB:FEATURE_LOCATION_CONFLICT::Coding region xref gene does not exist
prokka_out/CA139575:CDS	hypothetical protein	NODE_2_length_255618_cov_107.055290:83129-84094	HDHBLALJ_00662

DiscRep_SUB:FEATURE_LOCATION_CONFLICT::Coding region xref gene does not exist
prokka_out/CA139575:CDS	Hydrogenase/urease maturation factor HypA	NODE_2_length_255618_cov_107.055290:c84546-84202	HDHBLALJ_00663

DiscRep_SUB:FEATURE_LOCATION_CONFLICT::Coding region xref gene does not exist
prokka_out/CA139575:CDS	Carbamoyl dehydratase HypE	NODE_2_length_255618_cov_107.055290:c85520-84546	HDHBLALJ_00664

DiscRep_SUB:FEATURE_LOCATION_CONFLICT::Coding region xref gene does not exist
prokka_out/CA139575:CDS	Hydrogenase maturation factor HypD	NODE_2_length_255618_cov_107.055290:c86608-85517	HDHBLALJ_00665

DiscRep_SUB:FEATURE_LOCATION_CONFLICT::Coding region xref gene does not exist
prokka_out/CA139575:CDS	hypothetical protein	NODE_2_length_255618_cov_107.055290:c86873-86592	HDHBLALJ_00666

DiscRep_SUB:FEATURE_LOCATION_CONFLICT::Coding region xref gene does not exist
prokka_out/CA139575:CDS	Hydrogenase maturation factor HypB	NODE_2_length_255618_cov_107.055290:c87616-86873	HDHBLALJ_00667

DiscRep_SUB:FEATURE_LOCATION_CONFLICT::Coding region xref gene does not exist
prokka_out/CA139575:CDS	Carbamoyltransferase HypF	NODE_2_length_255618_cov_107.055290:c89879-87693	HDHBLALJ_00668

DiscRep_SUB:FEATURE_LOCATION_CONFLICT::Coding region xref gene does not exist
prokka_out/CA139575:CDS	hypothetical protein	NODE_2_length_255618_cov_107.055290:c91380-89860	HDHBLALJ_00669

DiscRep_SUB:FEATURE_LOCATION_CONFLICT::Coding region xref gene does not exist
prokka_out/CA139575:CDS	hypothetical protein	NODE_2_length_255618_cov_107.055290:c92069-91422	HDHBLALJ_00670

DiscRep_SUB:FEATURE_LOCATION_CONFLICT::Coding region xref gene does not exist
prokka_out/CA139575:CDS	putative FMN/FAD exporter YeeO	NODE_2_length_255618_cov_107.055290:c93361-92045	HDHBLALJ_00671

DiscRep_SUB:FEATURE_LOCATION_CONFLICT::Coding region xref gene does not exist
prokka_out/CA139575:CDS	hypothetical protein	NODE_2_length_255618_cov_107.055290:c94677-93451	HDHBLALJ_00672

DiscRep_SUB:FEATURE_LOCATION_CONFLICT::Coding region xref gene does not exist
prokka_out/CA139575:CDS	Phosphate import ATP-binding protein PstB	NODE_2_length_255618_cov_107.055290:c95480-94740	HDHBLALJ_00673

DiscRep_SUB:FEATURE_LOCATION_CONFLICT::Coding region xref gene does not exist
prokka_out/CA139575:CDS	hypothetical protein	NODE_2_length_255618_cov_107.055290:c96565-95477	HDHBLALJ_00674

DiscRep_SUB:FEATURE_LOCATION_CONFLICT::Coding region xref gene does not exist
prokka_out/CA139575:CDS	Phosphate transport system permease protein PstC 1	NODE_2_length_255618_cov_107.055290:c97476-96562	HDHBLALJ_00675

DiscRep_SUB:FEATURE_LOCATION_CONFLICT::Coding region xref gene does not exist
prokka_out/CA139575:CDS	Protein SphX	NODE_2_length_255618_cov_107.055290:c98481-97486	HDHBLALJ_00676

DiscRep_SUB:FEATURE_LOCATION_CONFLICT::Coding region xref gene does not exist
prokka_out/CA139575:CDS	Bacterial non-heme ferritin	NODE_2_length_255618_cov_107.055290:98820-99320	HDHBLALJ_00677

DiscRep_SUB:FEATURE_LOCATION_CONFLICT::Coding region xref gene does not exist
prokka_out/CA139575:CDS	hypothetical protein	NODE_2_length_255618_cov_107.055290:99370-100746	HDHBLALJ_00678

DiscRep_SUB:FEATURE_LOCATION_CONFLICT::Coding region xref gene does not exist
prokka_out/CA139575:CDS	hypothetical protein	NODE_2_length_255618_cov_107.055290:100747-101727	HDHBLALJ_00679

DiscRep_SUB:FEATURE_LOCATION_CONFLICT::Coding region xref gene does not exist
prokka_out/CA139575:CDS	hypothetical protein	NODE_2_length_255618_cov_107.055290:101717-102886	HDHBLALJ_00680

DiscRep_SUB:FEATURE_LOCATION_CONFLICT::Coding region xref gene does not exist
prokka_out/CA139575:CDS	Toxin and drug export protein A	NODE_2_length_255618_cov_107.055290:c104321-102957	HDHBLALJ_00681

DiscRep_SUB:FEATURE_LOCATION_CONFLICT::Coding region xref gene does not exist
prokka_out/CA139575:CDS	Macrolide export ATP-binding/permease protein MacB	NODE_2_length_255618_cov_107.055290:c106248-104323	HDHBLALJ_00682

DiscRep_SUB:FEATURE_LOCATION_CONFLICT::Coding region xref gene does not exist
prokka_out/CA139575:CDS	Macrolide export protein MacA	NODE_2_length_255618_cov_107.055290:c107420-106248	HDHBLALJ_00683

DiscRep_SUB:FEATURE_LOCATION_CONFLICT::Coding region xref gene does not exist
prokka_out/CA139575:CDS	Hippurate hydrolase	NODE_2_length_255618_cov_107.055290:c108692-107502	HDHBLALJ_00684

DiscRep_SUB:FEATURE_LOCATION_CONFLICT::Coding region xref gene does not exist
prokka_out/CA139575:CDS	hypothetical protein	NODE_2_length_255618_cov_107.055290:c109578-108697	HDHBLALJ_00685

DiscRep_SUB:FEATURE_LOCATION_CONFLICT::Coding region xref gene does not exist
prokka_out/CA139575:CDS	Thiol:disulfide interchange protein DsbD	NODE_2_length_255618_cov_107.055290:109673-111373	HDHBLALJ_00686

DiscRep_SUB:FEATURE_LOCATION_CONFLICT::Coding region xref gene does not exist
prokka_out/CA139575:CDS	Protein YiiM	NODE_2_length_255618_cov_107.055290:111370-112038	HDHBLALJ_00687

DiscRep_SUB:FEATURE_LOCATION_CONFLICT::Coding region xref gene does not exist
prokka_out/CA139575:CDS	hypothetical protein	NODE_2_length_255618_cov_107.055290:112089-113432	HDHBLALJ_00688

DiscRep_SUB:FEATURE_LOCATION_CONFLICT::Coding region xref gene does not exist
prokka_out/CA139575:CDS	Major outer membrane protein	NODE_2_length_255618_cov_107.055290:113718-115016	HDHBLALJ_00689

DiscRep_SUB:FEATURE_LOCATION_CONFLICT::Coding region xref gene does not exist
prokka_out/CA139575:CDS	Chaperone protein DnaJ	NODE_2_length_255618_cov_107.055290:c116279-115155	HDHBLALJ_00690

DiscRep_SUB:FEATURE_LOCATION_CONFLICT::Coding region xref gene does not exist
prokka_out/CA139575:CDS	Sensory transduction protein regX3	NODE_2_length_255618_cov_107.055290:116426-117097	HDHBLALJ_00691

DiscRep_SUB:FEATURE_LOCATION_CONFLICT::Coding region xref gene does not exist
prokka_out/CA139575:CDS	Sensor protein CzcS	NODE_2_length_255618_cov_107.055290:117094-118344	HDHBLALJ_00692

DiscRep_SUB:FEATURE_LOCATION_CONFLICT::Coding region xref gene does not exist
prokka_out/CA139575:CDS	Recombination protein RecR	NODE_2_length_255618_cov_107.055290:118334-118909	HDHBLALJ_00693

DiscRep_SUB:FEATURE_LOCATION_CONFLICT::Coding region xref gene does not exist
prokka_out/CA139575:CDS	hypothetical protein	NODE_2_length_255618_cov_107.055290:c119411-118911	HDHBLALJ_00694

DiscRep_SUB:FEATURE_LOCATION_CONFLICT::Coding region xref gene does not exist
prokka_out/CA139575:CDS	Quinone-reactive Ni/Fe-hydrogenase B-type cytochrome subunit	NODE_2_length_255618_cov_107.055290:c120133-119441	HDHBLALJ_00695

DiscRep_SUB:FEATURE_LOCATION_CONFLICT::Coding region xref gene does not exist
prokka_out/CA139575:CDS	Quinone-reactive Ni/Fe-hydrogenase large chain	NODE_2_length_255618_cov_107.055290:c121860-120145	HDHBLALJ_00696

DiscRep_SUB:FEATURE_LOCATION_CONFLICT::Coding region xref gene does not exist
prokka_out/CA139575:CDS	Quinone-reactive Ni/Fe-hydrogenase small chain	NODE_2_length_255618_cov_107.055290:c123005-121866	HDHBLALJ_00697

DiscRep_SUB:FEATURE_LOCATION_CONFLICT::Coding region xref gene does not exist
prokka_out/CA139575:CDS	tRNA 5-methylaminomethyl-2-thiouridine biosynthesis bifunctional protein MnmC	NODE_2_length_255618_cov_107.055290:c124973-123138	HDHBLALJ_00698

DiscRep_SUB:FEATURE_LOCATION_CONFLICT::Coding region xref gene does not exist
prokka_out/CA139575:CDS	hypothetical protein	NODE_2_length_255618_cov_107.055290:c126940-124970	HDHBLALJ_00699

DiscRep_SUB:FEATURE_LOCATION_CONFLICT::Coding region xref gene does not exist
prokka_out/CA139575:CDS	hypothetical protein	NODE_2_length_255618_cov_107.055290:c128031-126940	HDHBLALJ_00700

DiscRep_SUB:FEATURE_LOCATION_CONFLICT::Coding region xref gene does not exist
prokka_out/CA139575:CDS	Tyrosine--tRNA ligase	NODE_2_length_255618_cov_107.055290:c129233-128028	HDHBLALJ_00701

DiscRep_SUB:FEATURE_LOCATION_CONFLICT::Coding region xref gene does not exist
prokka_out/CA139575:CDS	GTP pyrophosphokinase	NODE_2_length_255618_cov_107.055290:c131444-129249	HDHBLALJ_00702

DiscRep_SUB:FEATURE_LOCATION_CONFLICT::Coding region xref gene does not exist
prokka_out/CA139575:CDS	DNA-directed RNA polymerase subunit omega	NODE_2_length_255618_cov_107.055290:c131652-131428	HDHBLALJ_00703

DiscRep_SUB:FEATURE_LOCATION_CONFLICT::Coding region xref gene does not exist
prokka_out/CA139575:CDS	Uridylate kinase	NODE_2_length_255618_cov_107.055290:c132382-131666	HDHBLALJ_00704

DiscRep_SUB:FEATURE_LOCATION_CONFLICT::Coding region xref gene does not exist
prokka_out/CA139575:CDS	hypothetical protein	NODE_2_length_255618_cov_107.055290:c133636-132434	HDHBLALJ_00705

DiscRep_SUB:FEATURE_LOCATION_CONFLICT::Coding region xref gene does not exist
prokka_out/CA139575:CDS	hypothetical protein	NODE_2_length_255618_cov_107.055290:c134439-133633	HDHBLALJ_00706

DiscRep_SUB:FEATURE_LOCATION_CONFLICT::Coding region xref gene does not exist
prokka_out/CA139575:CDS	Cell division ATP-binding protein FtsE	NODE_2_length_255618_cov_107.055290:c135091-134426	HDHBLALJ_00707

DiscRep_SUB:FEATURE_LOCATION_CONFLICT::Coding region xref gene does not exist
prokka_out/CA139575:CDS	tRNA (guanine-N(7)-)-methyltransferase	NODE_2_length_255618_cov_107.055290:c136336-135140	HDHBLALJ_00708

DiscRep_SUB:FEATURE_LOCATION_CONFLICT::Coding region xref gene does not exist
prokka_out/CA139575:CDS	hypothetical protein	NODE_2_length_255618_cov_107.055290:c137568-136336	HDHBLALJ_00709

DiscRep_SUB:FEATURE_LOCATION_CONFLICT::Coding region xref gene does not exist
prokka_out/CA139575:CDS	Ribosomal large subunit pseudouridine synthase D	NODE_2_length_255618_cov_107.055290:c138481-137516	HDHBLALJ_00710

DiscRep_SUB:FEATURE_LOCATION_CONFLICT::Coding region xref gene does not exist
prokka_out/CA139575:CDS	Peptidoglycan glycosyltransferase MrdB	NODE_2_length_255618_cov_107.055290:138560-139660	HDHBLALJ_00711

DiscRep_SUB:FEATURE_LOCATION_CONFLICT::Coding region xref gene does not exist
prokka_out/CA139575:CDS	hypothetical protein	NODE_2_length_255618_cov_107.055290:140308-140544	HDHBLALJ_00713

DiscRep_SUB:FEATURE_LOCATION_CONFLICT::Coding region xref gene does not exist
prokka_out/CA139575:CDS	hypothetical protein	NODE_2_length_255618_cov_107.055290:140507-140647	HDHBLALJ_00714

DiscRep_SUB:FEATURE_LOCATION_CONFLICT::Coding region xref gene does not exist
prokka_out/CA139575:CDS	Replicative DNA helicase	NODE_2_length_255618_cov_107.055290:c142154-140781	HDHBLALJ_00715

DiscRep_SUB:FEATURE_LOCATION_CONFLICT::Coding region xref gene does not exist
prokka_out/CA139575:CDS	hypothetical protein	NODE_2_length_255618_cov_107.055290:142299-143228	HDHBLALJ_00716

DiscRep_SUB:FEATURE_LOCATION_CONFLICT::Coding region xref gene does not exist
prokka_out/CA139575:CDS	Multidrug export protein MepA	NODE_2_length_255618_cov_107.055290:c144582-143251	HDHBLALJ_00717

DiscRep_SUB:FEATURE_LOCATION_CONFLICT::Coding region xref gene does not exist
prokka_out/CA139575:CDS	Ferredoxin--NADP reductase	NODE_2_length_255618_cov_107.055290:c145743-144808	HDHBLALJ_00718

DiscRep_SUB:FEATURE_LOCATION_CONFLICT::Coding region xref gene does not exist
prokka_out/CA139575:CDS	Gamma-glutamyl phosphate reductase	NODE_2_length_255618_cov_107.055290:145814-147046	HDHBLALJ_00719

DiscRep_SUB:FEATURE_LOCATION_CONFLICT::Coding region xref gene does not exist
prokka_out/CA139575:CDS	hypothetical protein	NODE_2_length_255618_cov_107.055290:147043-147348	HDHBLALJ_00720

DiscRep_SUB:FEATURE_LOCATION_CONFLICT::Coding region xref gene does not exist
prokka_out/CA139575:CDS	hypothetical protein	NODE_2_length_255618_cov_107.055290:147620-148126	HDHBLALJ_00721

DiscRep_SUB:FEATURE_LOCATION_CONFLICT::Coding region xref gene does not exist
prokka_out/CA139575:CDS	Elongation factor P	NODE_2_length_255618_cov_107.055290:c148857-148288	HDHBLALJ_00722

DiscRep_SUB:FEATURE_LOCATION_CONFLICT::Coding region xref gene does not exist
prokka_out/CA139575:CDS	hypothetical protein	NODE_2_length_255618_cov_107.055290:c149561-149286	HDHBLALJ_00723

DiscRep_SUB:FEATURE_LOCATION_CONFLICT::Coding region xref gene does not exist
prokka_out/CA139575:CDS	Flagellar secretion chaperone FliS	NODE_2_length_255618_cov_107.055290:c149928-149542	HDHBLALJ_00724

DiscRep_SUB:FEATURE_LOCATION_CONFLICT::Coding region xref gene does not exist
prokka_out/CA139575:CDS	hypothetical protein	NODE_2_length_255618_cov_107.055290:c151856-149940	HDHBLALJ_00725

DiscRep_SUB:FEATURE_LOCATION_CONFLICT::Coding region xref gene does not exist
prokka_out/CA139575:CDS	hypothetical protein	NODE_2_length_255618_cov_107.055290:c152224-151859	HDHBLALJ_00726

DiscRep_SUB:FEATURE_LOCATION_CONFLICT::Coding region xref gene does not exist
prokka_out/CA139575:CDS	3-octaprenyl-4-hydroxybenzoate carboxy-lyase	NODE_2_length_255618_cov_107.055290:c154183-152381	HDHBLALJ_00727

DiscRep_SUB:FEATURE_LOCATION_CONFLICT::Coding region xref gene does not exist
prokka_out/CA139575:CDS	Porphobilinogen deaminase	NODE_2_length_255618_cov_107.055290:c155106-154180	HDHBLALJ_00728

DiscRep_SUB:FEATURE_LOCATION_CONFLICT::Coding region xref gene does not exist
prokka_out/CA139575:CDS	hypothetical protein	NODE_2_length_255618_cov_107.055290:c155489-155103	HDHBLALJ_00729

DiscRep_SUB:FEATURE_LOCATION_CONFLICT::Coding region xref gene does not exist
prokka_out/CA139575:CDS	Proline--tRNA ligase	NODE_2_length_255618_cov_107.055290:c157192-155486	HDHBLALJ_00730

DiscRep_SUB:FEATURE_LOCATION_CONFLICT::Coding region xref gene does not exist
prokka_out/CA139575:CDS	Glutamyl-tRNA reductase	NODE_2_length_255618_cov_107.055290:c158477-157182	HDHBLALJ_00731

DiscRep_SUB:FEATURE_LOCATION_CONFLICT::Coding region xref gene does not exist
prokka_out/CA139575:CDS	Octaprenyl diphosphate synthase	NODE_2_length_255618_cov_107.055290:c159370-158477	HDHBLALJ_00732

DiscRep_SUB:FEATURE_LOCATION_CONFLICT::Coding region xref gene does not exist
prokka_out/CA139575:CDS	hypothetical protein	NODE_2_length_255618_cov_107.055290:c159917-159387	HDHBLALJ_00733

DiscRep_SUB:FEATURE_LOCATION_CONFLICT::Coding region xref gene does not exist
prokka_out/CA139575:CDS	hypothetical protein	NODE_2_length_255618_cov_107.055290:c160180-159917	HDHBLALJ_00734

DiscRep_SUB:FEATURE_LOCATION_CONFLICT::Coding region xref gene does not exist
prokka_out/CA139575:CDS	hypothetical protein	NODE_2_length_255618_cov_107.055290:c160866-160309	HDHBLALJ_00735

DiscRep_SUB:FEATURE_LOCATION_CONFLICT::Coding region xref gene does not exist
prokka_out/CA139575:CDS	hypothetical protein	NODE_2_length_255618_cov_107.055290:c161708-160863	HDHBLALJ_00736

DiscRep_SUB:FEATURE_LOCATION_CONFLICT::Coding region xref gene does not exist
prokka_out/CA139575:CDS	2-oxoglutarate oxidoreductase subunit KorA	NODE_2_length_255618_cov_107.055290:c162833-161709	HDHBLALJ_00737

DiscRep_SUB:FEATURE_LOCATION_CONFLICT::Coding region xref gene does not exist
prokka_out/CA139575:CDS	Ion-translocating oxidoreductase complex subunit B	NODE_2_length_255618_cov_107.055290:c163153-162842	HDHBLALJ_00738

DiscRep_SUB:FEATURE_LOCATION_CONFLICT::Coding region xref gene does not exist
prokka_out/CA139575:CDS	Succinate--CoA ligase [ADP-forming] subunit alpha	NODE_2_length_255618_cov_107.055290:c164037-163168	HDHBLALJ_00739

DiscRep_SUB:FEATURE_LOCATION_CONFLICT::Coding region xref gene does not exist
prokka_out/CA139575:CDS	Succinate--CoA ligase [ADP-forming] subunit beta	NODE_2_length_255618_cov_107.055290:c165210-164047	HDHBLALJ_00740

DiscRep_SUB:FEATURE_LOCATION_CONFLICT::Coding region xref gene does not exist
prokka_out/CA139575:CDS	Malate dehydrogenase	NODE_2_length_255618_cov_107.055290:c166115-165207	HDHBLALJ_00741

DiscRep_SUB:FEATURE_LOCATION_CONFLICT::Coding region xref gene does not exist
prokka_out/CA139575:CDS	Isocitrate dehydrogenase [NADP] 2	NODE_2_length_255618_cov_107.055290:c168316-166112	HDHBLALJ_00742

DiscRep_SUB:FEATURE_LOCATION_CONFLICT::Coding region xref gene does not exist
prokka_out/CA139575:CDS	hypothetical protein	NODE_2_length_255618_cov_107.055290:c171003-168433	HDHBLALJ_00743

DiscRep_SUB:FEATURE_LOCATION_CONFLICT::Coding region xref gene does not exist
prokka_out/CA139575:CDS	Endolytic murein transglycosylase	NODE_2_length_255618_cov_107.055290:171017-171919	HDHBLALJ_00744

DiscRep_SUB:FEATURE_LOCATION_CONFLICT::Coding region xref gene does not exist
prokka_out/CA139575:CDS	hypothetical protein	NODE_2_length_255618_cov_107.055290:171995-172426	HDHBLALJ_00745

DiscRep_SUB:FEATURE_LOCATION_CONFLICT::Coding region xref gene does not exist
prokka_out/CA139575:CDS	Flagellar basal-body rod protein FlgC	NODE_2_length_255618_cov_107.055290:172436-172930	HDHBLALJ_00746

DiscRep_SUB:FEATURE_LOCATION_CONFLICT::Coding region xref gene does not exist
prokka_out/CA139575:CDS	Flagellar hook-basal body complex protein FliE	NODE_2_length_255618_cov_107.055290:172937-173236	HDHBLALJ_00747

DiscRep_SUB:FEATURE_LOCATION_CONFLICT::Coding region xref gene does not exist
prokka_out/CA139575:CDS	Peptidoglycan D,D-transpeptidase FtsI	NODE_2_length_255618_cov_107.055290:173242-175047	HDHBLALJ_00748

DiscRep_SUB:FEATURE_LOCATION_CONFLICT::Coding region xref gene does not exist
prokka_out/CA139575:CDS	hypothetical protein	NODE_2_length_255618_cov_107.055290:c176848-175040	HDHBLALJ_00749

DiscRep_SUB:FEATURE_LOCATION_CONFLICT::Coding region xref gene does not exist
prokka_out/CA139575:CDS	hypothetical protein	NODE_2_length_255618_cov_107.055290:c177257-176823	HDHBLALJ_00750

DiscRep_SUB:FEATURE_LOCATION_CONFLICT::Coding region xref gene does not exist
prokka_out/CA139575:CDS	hypothetical protein	NODE_2_length_255618_cov_107.055290:c177574-177254	HDHBLALJ_00751

DiscRep_SUB:FEATURE_LOCATION_CONFLICT::Coding region xref gene does not exist
prokka_out/CA139575:CDS	Chaperone protein HtpG	NODE_2_length_255618_cov_107.055290:c179400-177571	HDHBLALJ_00752

DiscRep_SUB:FEATURE_LOCATION_CONFLICT::Coding region xref gene does not exist
prokka_out/CA139575:CDS	Putative fluoride ion transporter CrcB	NODE_2_length_255618_cov_107.055290:c179841-179473	HDHBLALJ_00753

DiscRep_SUB:FEATURE_LOCATION_CONFLICT::Coding region xref gene does not exist
prokka_out/CA139575:CDS	hypothetical protein	NODE_2_length_255618_cov_107.055290:c180536-179835	HDHBLALJ_00754

DiscRep_SUB:FEATURE_LOCATION_CONFLICT::Coding region xref gene does not exist
prokka_out/CA139575:CDS	hypothetical protein	NODE_2_length_255618_cov_107.055290:c181707-180508	HDHBLALJ_00755

DiscRep_SUB:FEATURE_LOCATION_CONFLICT::Coding region xref gene does not exist
prokka_out/CA139575:CDS	Phosphoribosylformylglycinamidine synthase subunit PurQ	NODE_2_length_255618_cov_107.055290:c182348-181704	HDHBLALJ_00756

DiscRep_SUB:FEATURE_LOCATION_CONFLICT::Coding region xref gene does not exist
prokka_out/CA139575:CDS	Phosphoribosylformylglycinamidine synthase subunit PurS	NODE_2_length_255618_cov_107.055290:c182593-182348	HDHBLALJ_00757

DiscRep_SUB:FEATURE_LOCATION_CONFLICT::Coding region xref gene does not exist
prokka_out/CA139575:CDS	Phosphoribosylaminoimidazole-succinocarboxamide synthase	NODE_2_length_255618_cov_107.055290:c183312-182602	HDHBLALJ_00758

DiscRep_SUB:FEATURE_LOCATION_CONFLICT::Coding region xref gene does not exist
prokka_out/CA139575:CDS	Carboxy-terminal processing protease CtpA	NODE_2_length_255618_cov_107.055290:c184637-183315	HDHBLALJ_00759

DiscRep_SUB:FEATURE_LOCATION_CONFLICT::Coding region xref gene does not exist
prokka_out/CA139575:CDS	Copper-sensing transcriptional repressor CsoR	NODE_2_length_255618_cov_107.055290:184796-185077	HDHBLALJ_00760

DiscRep_SUB:FEATURE_LOCATION_CONFLICT::Coding region xref gene does not exist
prokka_out/CA139575:CDS	Chaperone protein ClpB	NODE_2_length_255618_cov_107.055290:185212-187785	HDHBLALJ_00761

DiscRep_SUB:FEATURE_LOCATION_CONFLICT::Coding region xref gene does not exist
prokka_out/CA139575:CDS	Penicillin-binding protein 1F	NODE_2_length_255618_cov_107.055290:c189759-187828	HDHBLALJ_00762

DiscRep_SUB:FEATURE_LOCATION_CONFLICT::Coding region xref gene does not exist
prokka_out/CA139575:CDS	dTTP/UTP pyrophosphatase	NODE_2_length_255618_cov_107.055290:c190307-189756	HDHBLALJ_00763

DiscRep_SUB:FEATURE_LOCATION_CONFLICT::Coding region xref gene does not exist
prokka_out/CA139575:CDS	Alanine--tRNA ligase	NODE_2_length_255618_cov_107.055290:c192839-190311	HDHBLALJ_00764

DiscRep_SUB:FEATURE_LOCATION_CONFLICT::Coding region xref gene does not exist
prokka_out/CA139575:CDS	UDP-2-acetamido-2-deoxy-3-oxo-D-glucuronate aminotransferase	NODE_2_length_255618_cov_107.055290:192956-194035	HDHBLALJ_00765

DiscRep_SUB:FEATURE_LOCATION_CONFLICT::Coding region xref gene does not exist
prokka_out/CA139575:CDS	hypothetical protein	NODE_2_length_255618_cov_107.055290:194032-195144	HDHBLALJ_00766

DiscRep_SUB:FEATURE_LOCATION_CONFLICT::Coding region xref gene does not exist
prokka_out/CA139575:CDS	Putative 4,5-dihydroxyphthalate dehydrogenase	NODE_2_length_255618_cov_107.055290:195141-195995	HDHBLALJ_00767

DiscRep_SUB:FEATURE_LOCATION_CONFLICT::Coding region xref gene does not exist
prokka_out/CA139575:CDS	Ferrochelatase	NODE_2_length_255618_cov_107.055290:196115-197026	HDHBLALJ_00768

DiscRep_SUB:FEATURE_LOCATION_CONFLICT::Coding region xref gene does not exist
prokka_out/CA139575:CDS	Ammonium transporter	NODE_2_length_255618_cov_107.055290:c198321-197086	HDHBLALJ_00769

DiscRep_SUB:FEATURE_LOCATION_CONFLICT::Coding region xref gene does not exist
prokka_out/CA139575:CDS	tRNA 2-selenouridine synthase	NODE_2_length_255618_cov_107.055290:c199622-198624	HDHBLALJ_00770

DiscRep_SUB:FEATURE_LOCATION_CONFLICT::Coding region xref gene does not exist
prokka_out/CA139575:CDS	AP-4-A phosphorylase	NODE_2_length_255618_cov_107.055290:c200097-199612	HDHBLALJ_00771

DiscRep_SUB:FEATURE_LOCATION_CONFLICT::Coding region xref gene does not exist
prokka_out/CA139575:CDS	Indole-3-glycerol phosphate synthase	NODE_2_length_255618_cov_107.055290:c200884-200108	HDHBLALJ_00772

DiscRep_SUB:FEATURE_LOCATION_CONFLICT::Coding region xref gene does not exist
prokka_out/CA139575:CDS	hypothetical protein	NODE_2_length_255618_cov_107.055290:c202158-200881	HDHBLALJ_00773

DiscRep_SUB:FEATURE_LOCATION_CONFLICT::Coding region xref gene does not exist
prokka_out/CA139575:CDS	hypothetical protein	NODE_2_length_255618_cov_107.055290:c202505-202131	HDHBLALJ_00774

DiscRep_SUB:FEATURE_LOCATION_CONFLICT::Coding region xref gene does not exist
prokka_out/CA139575:CDS	tRNA1(Val) (adenine(37)-N6)-methyltransferase	NODE_2_length_255618_cov_107.055290:c203196-202495	HDHBLALJ_00775

DiscRep_SUB:FEATURE_LOCATION_CONFLICT::Coding region xref gene does not exist
prokka_out/CA139575:CDS	hypothetical protein	NODE_2_length_255618_cov_107.055290:c203351-203199	HDHBLALJ_00776

DiscRep_SUB:FEATURE_LOCATION_CONFLICT::Coding region xref gene does not exist
prokka_out/CA139575:CDS	Elongation factor G	NODE_2_length_255618_cov_107.055290:c205582-203507	HDHBLALJ_00778

DiscRep_SUB:FEATURE_LOCATION_CONFLICT::Coding region xref gene does not exist
prokka_out/CA139575:CDS	30S ribosomal protein S7	NODE_2_length_255618_cov_107.055290:c206065-205595	HDHBLALJ_00779

DiscRep_SUB:FEATURE_LOCATION_CONFLICT::Coding region xref gene does not exist
prokka_out/CA139575:CDS	30S ribosomal protein S12	NODE_2_length_255618_cov_107.055290:c206521-206135	HDHBLALJ_00780

DiscRep_SUB:FEATURE_LOCATION_CONFLICT::Coding region xref gene does not exist
prokka_out/CA139575:CDS	Bifunctional DNA-directed RNA polymerase subunit beta-beta'	NODE_2_length_255618_cov_107.055290:c211369-206819	HDHBLALJ_00781

DiscRep_SUB:FEATURE_LOCATION_CONFLICT::Coding region xref gene does not exist
prokka_out/CA139575:CDS	Bifunctional DNA-directed RNA polymerase subunit beta-beta'	NODE_2_length_255618_cov_107.055290:c215489-211362	HDHBLALJ_00782

DiscRep_SUB:FEATURE_LOCATION_CONFLICT::Coding region xref gene does not exist
prokka_out/CA139575:CDS	50S ribosomal protein L7/L12	NODE_2_length_255618_cov_107.055290:c215986-215609	HDHBLALJ_00783

DiscRep_SUB:FEATURE_LOCATION_CONFLICT::Coding region xref gene does not exist
prokka_out/CA139575:CDS	50S ribosomal protein L10	NODE_2_length_255618_cov_107.055290:c216483-216004	HDHBLALJ_00784

DiscRep_SUB:FEATURE_LOCATION_CONFLICT::Coding region xref gene does not exist
prokka_out/CA139575:CDS	50S ribosomal protein L1	NODE_2_length_255618_cov_107.055290:c217333-216632	HDHBLALJ_00785

DiscRep_SUB:FEATURE_LOCATION_CONFLICT::Coding region xref gene does not exist
prokka_out/CA139575:CDS	50S ribosomal protein L11	NODE_2_length_255618_cov_107.055290:c217816-217391	HDHBLALJ_00786

DiscRep_SUB:FEATURE_LOCATION_CONFLICT::Coding region xref gene does not exist
prokka_out/CA139575:CDS	Transcription termination/antitermination protein NusG	NODE_2_length_255618_cov_107.055290:c218375-217842	HDHBLALJ_00787

DiscRep_SUB:FEATURE_LOCATION_CONFLICT::Coding region xref gene does not exist
prokka_out/CA139575:CDS	hypothetical protein	NODE_2_length_255618_cov_107.055290:c218568-218389	HDHBLALJ_00788

DiscRep_SUB:FEATURE_LOCATION_CONFLICT::Coding region xref gene does not exist
prokka_out/CA139575:CDS	50S ribosomal protein L33 2	NODE_2_length_255618_cov_107.055290:c218832-218674	HDHBLALJ_00790

DiscRep_SUB:FEATURE_LOCATION_CONFLICT::Coding region xref gene does not exist
prokka_out/CA139575:CDS	Elongation factor Tu	NODE_2_length_255618_cov_107.055290:c220084-218885	HDHBLALJ_00791

DiscRep_SUB:FEATURE_LOCATION_CONFLICT::Coding region xref gene does not exist
prokka_out/CA139575:CDS	Glutamine transport ATP-binding protein GlnQ	NODE_2_length_255618_cov_107.055290:c221491-220754	HDHBLALJ_00796

DiscRep_SUB:FEATURE_LOCATION_CONFLICT::Coding region xref gene does not exist
prokka_out/CA139575:CDS	putative glutamine ABC transporter permease protein GlnP	NODE_2_length_255618_cov_107.055290:c222149-221493	HDHBLALJ_00797

DiscRep_SUB:FEATURE_LOCATION_CONFLICT::Coding region xref gene does not exist
prokka_out/CA139575:CDS	L-cystine transport system permease protein YecS	NODE_2_length_255618_cov_107.055290:c222843-222142	HDHBLALJ_00798

DiscRep_SUB:FEATURE_LOCATION_CONFLICT::Coding region xref gene does not exist
prokka_out/CA139575:CDS	cAMP-activated global transcriptional regulator CRP	NODE_2_length_255618_cov_107.055290:c223450-222854	HDHBLALJ_00799

DiscRep_SUB:FEATURE_LOCATION_CONFLICT::Coding region xref gene does not exist
prokka_out/CA139575:CDS	Group 3 truncated hemoglobin ctb	NODE_2_length_255618_cov_107.055290:223532-223918	HDHBLALJ_00800

DiscRep_SUB:FEATURE_LOCATION_CONFLICT::Coding region xref gene does not exist
prokka_out/CA139575:CDS	ATP-dependent DNA helicase RecG	NODE_2_length_255618_cov_107.055290:c225735-223921	HDHBLALJ_00801

DiscRep_SUB:FEATURE_LOCATION_CONFLICT::Coding region xref gene does not exist
prokka_out/CA139575:CDS	hypothetical protein	NODE_2_length_255618_cov_107.055290:c226945-225725	HDHBLALJ_00802

DiscRep_SUB:FEATURE_LOCATION_CONFLICT::Coding region xref gene does not exist
prokka_out/CA139575:CDS	Cyclic dehypoxanthine futalosine synthase	NODE_2_length_255618_cov_107.055290:c227991-226945	HDHBLALJ_00803

DiscRep_SUB:FEATURE_LOCATION_CONFLICT::Coding region xref gene does not exist
prokka_out/CA139575:CDS	hypothetical protein	NODE_2_length_255618_cov_107.055290:228063-229250	HDHBLALJ_00804

DiscRep_SUB:FEATURE_LOCATION_CONFLICT::Coding region xref gene does not exist
prokka_out/CA139575:CDS	Transcription termination/antitermination protein NusA	NODE_2_length_255618_cov_107.055290:c230365-229277	HDHBLALJ_00805

DiscRep_SUB:FEATURE_LOCATION_CONFLICT::Coding region xref gene does not exist
prokka_out/CA139575:CDS	hypothetical protein	NODE_2_length_255618_cov_107.055290:230490-230732	HDHBLALJ_00806

DiscRep_SUB:FEATURE_LOCATION_CONFLICT::Coding region xref gene does not exist
prokka_out/CA139575:CDS	tRNA-2-methylthio-N(6)-dimethylallyladenosine synthase	NODE_2_length_255618_cov_107.055290:230729-232030	HDHBLALJ_00807

DiscRep_SUB:FEATURE_LOCATION_CONFLICT::Coding region xref gene does not exist
prokka_out/CA139575:CDS	hypothetical protein	NODE_2_length_255618_cov_107.055290:232014-232637	HDHBLALJ_00808

DiscRep_SUB:FEATURE_LOCATION_CONFLICT::Coding region xref gene does not exist
prokka_out/CA139575:CDS	hypothetical protein	NODE_2_length_255618_cov_107.055290:232646-233632	HDHBLALJ_00809

DiscRep_SUB:FEATURE_LOCATION_CONFLICT::Coding region xref gene does not exist
prokka_out/CA139575:CDS	hypothetical protein	NODE_2_length_255618_cov_107.055290:233629-234153	HDHBLALJ_00810

DiscRep_SUB:FEATURE_LOCATION_CONFLICT::Coding region xref gene does not exist
prokka_out/CA139575:CDS	hypothetical protein	NODE_2_length_255618_cov_107.055290:234150-234668	HDHBLALJ_00811

DiscRep_SUB:FEATURE_LOCATION_CONFLICT::Coding region xref gene does not exist
prokka_out/CA139575:CDS	5-hydroxybenzimidazole synthase	NODE_2_length_255618_cov_107.055290:c235952-234660	HDHBLALJ_00812

DiscRep_SUB:FEATURE_LOCATION_CONFLICT::Coding region xref gene does not exist
prokka_out/CA139575:CDS	3'-5' exonuclease DinG	NODE_2_length_255618_cov_107.055290:c236885-236124	HDHBLALJ_00813

DiscRep_SUB:FEATURE_LOCATION_CONFLICT::Coding region xref gene does not exist
prokka_out/CA139575:CDS	Ribulose-phosphate 3-epimerase	NODE_2_length_255618_cov_107.055290:c237529-236882	HDHBLALJ_00814

DiscRep_SUB:FEATURE_LOCATION_CONFLICT::Coding region xref gene does not exist
prokka_out/CA139575:CDS	50S ribosomal protein L28	NODE_2_length_255618_cov_107.055290:237667-237861	HDHBLALJ_00815

DiscRep_SUB:FEATURE_LOCATION_CONFLICT::Coding region xref gene does not exist
prokka_out/CA139575:CDS	hypothetical protein	NODE_2_length_255618_cov_107.055290:238058-238273	HDHBLALJ_00816

DiscRep_SUB:FEATURE_LOCATION_CONFLICT::Coding region xref gene does not exist
prokka_out/CA139575:CDS	hypothetical protein	NODE_2_length_255618_cov_107.055290:238286-239380	HDHBLALJ_00817

DiscRep_SUB:FEATURE_LOCATION_CONFLICT::Coding region xref gene does not exist
prokka_out/CA139575:CDS	hypothetical protein	NODE_2_length_255618_cov_107.055290:c239994-239401	HDHBLALJ_00818

DiscRep_SUB:FEATURE_LOCATION_CONFLICT::Coding region xref gene does not exist
prokka_out/CA139575:CDS	Colicin I receptor	NODE_2_length_255618_cov_107.055290:c242133-240070	HDHBLALJ_00819

DiscRep_SUB:FEATURE_LOCATION_CONFLICT::Coding region xref gene does not exist
prokka_out/CA139575:CDS	Citrate lyase subunit beta-like protein	NODE_2_length_255618_cov_107.055290:c243209-242376	HDHBLALJ_00820

DiscRep_SUB:FEATURE_LOCATION_CONFLICT::Coding region xref gene does not exist
prokka_out/CA139575:CDS	Acetyl-CoA:oxalate CoA-transferase	NODE_2_length_255618_cov_107.055290:c244391-243219	HDHBLALJ_00821

DiscRep_SUB:FEATURE_LOCATION_CONFLICT::Coding region xref gene does not exist
prokka_out/CA139575:CDS	Mesaconyl-C(4)-CoA hydratase	NODE_2_length_255618_cov_107.055290:c245234-244404	HDHBLALJ_00822

DiscRep_SUB:FEATURE_LOCATION_CONFLICT::Coding region xref gene does not exist
prokka_out/CA139575:CDS	hypothetical protein	NODE_2_length_255618_cov_107.055290:c246489-245245	HDHBLALJ_00823

DiscRep_SUB:FEATURE_LOCATION_CONFLICT::Coding region xref gene does not exist
prokka_out/CA139575:CDS	Acetyl-coenzyme A carboxylase carboxyl transferase subunit alpha	NODE_2_length_255618_cov_107.055290:c247944-247006	HDHBLALJ_00824

DiscRep_SUB:FEATURE_LOCATION_CONFLICT::Coding region xref gene does not exist
prokka_out/CA139575:CDS	3-oxoacyl-[acyl-carrier-protein] synthase 2	NODE_2_length_255618_cov_107.055290:c249160-247946	HDHBLALJ_00825

DiscRep_SUB:FEATURE_LOCATION_CONFLICT::Coding region xref gene does not exist
prokka_out/CA139575:CDS	Acyl carrier protein	NODE_2_length_255618_cov_107.055290:c249427-249194	HDHBLALJ_00826

DiscRep_SUB:FEATURE_LOCATION_CONFLICT::Coding region xref gene does not exist
prokka_out/CA139575:CDS	Aminopyrimidine aminohydrolase	NODE_2_length_255618_cov_107.055290:249541-250206	HDHBLALJ_00827

DiscRep_SUB:FEATURE_LOCATION_CONFLICT::Coding region xref gene does not exist
prokka_out/CA139575:CDS	hypothetical protein	NODE_2_length_255618_cov_107.055290:c250633-250226	HDHBLALJ_00828

DiscRep_SUB:FEATURE_LOCATION_CONFLICT::Coding region xref gene does not exist
prokka_out/CA139575:CDS	3-oxoacyl-[acyl-carrier-protein] reductase FabG	NODE_2_length_255618_cov_107.055290:c251386-250643	HDHBLALJ_00829

DiscRep_SUB:FEATURE_LOCATION_CONFLICT::Coding region xref gene does not exist
prokka_out/CA139575:CDS	2,3-bisphosphoglycerate-independent phosphoglycerate mutase	NODE_2_length_255618_cov_107.055290:c252929-251451	HDHBLALJ_00830

DiscRep_SUB:FEATURE_LOCATION_CONFLICT::Coding region xref gene does not exist
prokka_out/CA139575:CDS	Phospho-N-acetylmuramoyl-pentapeptide-transferase	NODE_2_length_255618_cov_107.055290:253009-254070	HDHBLALJ_00831

DiscRep_SUB:FEATURE_LOCATION_CONFLICT::Coding region xref gene does not exist
prokka_out/CA139575:CDS	UDP-N-acetylmuramoylalanine--D-glutamate ligase	NODE_2_length_255618_cov_107.055290:254070-255278	HDHBLALJ_00832

DiscRep_SUB:FEATURE_LOCATION_CONFLICT::RNA feature xref gene does not exist
prokka_out/CA139575:tRNA	Met	NODE_2_length_255618_cov_107.055290:139711-139787	HDHBLALJ_00712

DiscRep_SUB:FEATURE_LOCATION_CONFLICT::RNA feature xref gene does not exist
prokka_out/CA139575:tRNA	Arg	NODE_2_length_255618_cov_107.055290:c203478-203402	HDHBLALJ_00777

DiscRep_SUB:FEATURE_LOCATION_CONFLICT::RNA feature xref gene does not exist
prokka_out/CA139575:tRNA	Trp	NODE_2_length_255618_cov_107.055290:c218662-218587	HDHBLALJ_00789

DiscRep_SUB:FEATURE_LOCATION_CONFLICT::RNA feature xref gene does not exist
prokka_out/CA139575:tRNA	Thr	NODE_2_length_255618_cov_107.055290:c220219-220145	HDHBLALJ_00792

DiscRep_SUB:FEATURE_LOCATION_CONFLICT::RNA feature xref gene does not exist
prokka_out/CA139575:tRNA	Gly	NODE_2_length_255618_cov_107.055290:c220391-220315	HDHBLALJ_00793

DiscRep_SUB:FEATURE_LOCATION_CONFLICT::RNA feature xref gene does not exist
prokka_out/CA139575:tRNA	Tyr	NODE_2_length_255618_cov_107.055290:c220483-220398	HDHBLALJ_00794

DiscRep_SUB:FEATURE_LOCATION_CONFLICT::RNA feature xref gene does not exist
prokka_out/CA139575:tRNA	Thr	NODE_2_length_255618_cov_107.055290:c220619-220544	HDHBLALJ_00795

DiscRep_SUB:FEATURE_LOCATION_CONFLICT::Coding region xref gene does not exist
prokka_out/CA139575:CDS	hypothetical protein	NODE_3_length_216379_cov_110.237168:c1044-697	HDHBLALJ_00833

DiscRep_SUB:FEATURE_LOCATION_CONFLICT::Coding region xref gene does not exist
prokka_out/CA139575:CDS	Trimethylamine-N-oxide reductase 2	NODE_3_length_216379_cov_110.237168:c3730-1214	HDHBLALJ_00834

DiscRep_SUB:FEATURE_LOCATION_CONFLICT::Coding region xref gene does not exist
prokka_out/CA139575:CDS	Cytochrome c-type protein TorC	NODE_3_length_216379_cov_110.237168:c4314-3742	HDHBLALJ_00835

DiscRep_SUB:FEATURE_LOCATION_CONFLICT::Coding region xref gene does not exist
prokka_out/CA139575:CDS	hypothetical protein	NODE_3_length_216379_cov_110.237168:4649-5461	HDHBLALJ_00836

DiscRep_SUB:FEATURE_LOCATION_CONFLICT::Coding region xref gene does not exist
prokka_out/CA139575:CDS	Amidophosphoribosyltransferase	NODE_3_length_216379_cov_110.237168:c6802-5465	HDHBLALJ_00837

DiscRep_SUB:FEATURE_LOCATION_CONFLICT::Coding region xref gene does not exist
prokka_out/CA139575:CDS	4-hydroxy-tetrahydrodipicolinate reductase	NODE_3_length_216379_cov_110.237168:c7532-6804	HDHBLALJ_00838

DiscRep_SUB:FEATURE_LOCATION_CONFLICT::Coding region xref gene does not exist
prokka_out/CA139575:CDS	putative AAA domain-containing protein	NODE_3_length_216379_cov_110.237168:c8783-7602	HDHBLALJ_00839

DiscRep_SUB:FEATURE_LOCATION_CONFLICT::Coding region xref gene does not exist
prokka_out/CA139575:CDS	hypothetical protein	NODE_3_length_216379_cov_110.237168:c9931-8783	HDHBLALJ_00840

DiscRep_SUB:FEATURE_LOCATION_CONFLICT::Coding region xref gene does not exist
prokka_out/CA139575:CDS	hypothetical protein	NODE_3_length_216379_cov_110.237168:c10387-10034	HDHBLALJ_00841

DiscRep_SUB:FEATURE_LOCATION_CONFLICT::Coding region xref gene does not exist
prokka_out/CA139575:CDS	Alpha-2-macroglobulin	NODE_3_length_216379_cov_110.237168:10571-15823	HDHBLALJ_00842

DiscRep_SUB:FEATURE_LOCATION_CONFLICT::Coding region xref gene does not exist
prokka_out/CA139575:CDS	Biosynthetic peptidoglycan transglycosylase	NODE_3_length_216379_cov_110.237168:15831-18053	HDHBLALJ_00843

DiscRep_SUB:FEATURE_LOCATION_CONFLICT::Coding region xref gene does not exist
prokka_out/CA139575:CDS	hypothetical protein	NODE_3_length_216379_cov_110.237168:18157-18678	HDHBLALJ_00844

DiscRep_SUB:FEATURE_LOCATION_CONFLICT::Coding region xref gene does not exist
prokka_out/CA139575:CDS	hypothetical protein	NODE_3_length_216379_cov_110.237168:18672-19073	HDHBLALJ_00845

DiscRep_SUB:FEATURE_LOCATION_CONFLICT::Coding region xref gene does not exist
prokka_out/CA139575:CDS	hypothetical protein	NODE_3_length_216379_cov_110.237168:19113-20147	HDHBLALJ_00846

DiscRep_SUB:FEATURE_LOCATION_CONFLICT::Coding region xref gene does not exist
prokka_out/CA139575:CDS	Undecaprenyl-diphosphatase	NODE_3_length_216379_cov_110.237168:20434-21237	HDHBLALJ_00847

DiscRep_SUB:FEATURE_LOCATION_CONFLICT::Coding region xref gene does not exist
prokka_out/CA139575:CDS	Threonine--tRNA ligase 2	NODE_3_length_216379_cov_110.237168:21369-23177	HDHBLALJ_00848

DiscRep_SUB:FEATURE_LOCATION_CONFLICT::Coding region xref gene does not exist
prokka_out/CA139575:CDS	Translation initiation factor IF-3	NODE_3_length_216379_cov_110.237168:23174-23692	HDHBLALJ_00849

DiscRep_SUB:FEATURE_LOCATION_CONFLICT::Coding region xref gene does not exist
prokka_out/CA139575:CDS	Modification methylase FokI	NODE_3_length_216379_cov_110.237168:23732-24835	HDHBLALJ_00850

DiscRep_SUB:FEATURE_LOCATION_CONFLICT::Coding region xref gene does not exist
prokka_out/CA139575:CDS	N-acetyl-gamma-glutamyl-phosphate reductase	NODE_3_length_216379_cov_110.237168:25028-26056	HDHBLALJ_00851

DiscRep_SUB:FEATURE_LOCATION_CONFLICT::Coding region xref gene does not exist
prokka_out/CA139575:CDS	Acetyltransferase YpeA	NODE_3_length_216379_cov_110.237168:26067-26513	HDHBLALJ_00852

DiscRep_SUB:FEATURE_LOCATION_CONFLICT::Coding region xref gene does not exist
prokka_out/CA139575:CDS	Acetylglutamate kinase	NODE_3_length_216379_cov_110.237168:26523-27362	HDHBLALJ_00853

DiscRep_SUB:FEATURE_LOCATION_CONFLICT::Coding region xref gene does not exist
prokka_out/CA139575:CDS	Acetylornithine aminotransferase	NODE_3_length_216379_cov_110.237168:27372-28556	HDHBLALJ_00854

DiscRep_SUB:FEATURE_LOCATION_CONFLICT::Coding region xref gene does not exist
prokka_out/CA139575:CDS	Protein-L-isoaspartate O-methyltransferase	NODE_3_length_216379_cov_110.237168:c29205-28576	HDHBLALJ_00855

DiscRep_SUB:FEATURE_LOCATION_CONFLICT::Coding region xref gene does not exist
prokka_out/CA139575:CDS	Protein YrdA	NODE_3_length_216379_cov_110.237168:29324-29863	HDHBLALJ_00856

DiscRep_SUB:FEATURE_LOCATION_CONFLICT::Coding region xref gene does not exist
prokka_out/CA139575:CDS	Nicotinate phosphoribosyltransferase pncB2	NODE_3_length_216379_cov_110.237168:c31345-29957	HDHBLALJ_00857

DiscRep_SUB:FEATURE_LOCATION_CONFLICT::Coding region xref gene does not exist
prokka_out/CA139575:CDS	Ribonucleoside-diphosphate reductase subunit beta	NODE_3_length_216379_cov_110.237168:c32389-31367	HDHBLALJ_00858

DiscRep_SUB:FEATURE_LOCATION_CONFLICT::Coding region xref gene does not exist
prokka_out/CA139575:CDS	hypothetical protein	NODE_3_length_216379_cov_110.237168:c32814-32404	HDHBLALJ_00859

DiscRep_SUB:FEATURE_LOCATION_CONFLICT::Coding region xref gene does not exist
prokka_out/CA139575:CDS	Orotate phosphoribosyltransferase	NODE_3_length_216379_cov_110.237168:c33423-32815	HDHBLALJ_00860

DiscRep_SUB:FEATURE_LOCATION_CONFLICT::Coding region xref gene does not exist
prokka_out/CA139575:CDS	Ribosome-recycling factor	NODE_3_length_216379_cov_110.237168:c33983-33426	HDHBLALJ_00861

DiscRep_SUB:FEATURE_LOCATION_CONFLICT::Coding region xref gene does not exist
prokka_out/CA139575:CDS	hypothetical protein	NODE_3_length_216379_cov_110.237168:c34356-34000	HDHBLALJ_00862

DiscRep_SUB:FEATURE_LOCATION_CONFLICT::Coding region xref gene does not exist
prokka_out/CA139575:CDS	Modulator of FtsH protease YccA	NODE_3_length_216379_cov_110.237168:c35158-34463	HDHBLALJ_00863

DiscRep_SUB:FEATURE_LOCATION_CONFLICT::Coding region xref gene does not exist
prokka_out/CA139575:CDS	Carbonic anhydrase 1	NODE_3_length_216379_cov_110.237168:35317-35952	HDHBLALJ_00864

DiscRep_SUB:FEATURE_LOCATION_CONFLICT::Coding region xref gene does not exist
prokka_out/CA139575:CDS	hypothetical protein	NODE_3_length_216379_cov_110.237168:35949-37832	HDHBLALJ_00865

DiscRep_SUB:FEATURE_LOCATION_CONFLICT::Coding region xref gene does not exist
prokka_out/CA139575:CDS	hypothetical protein	NODE_3_length_216379_cov_110.237168:c38826-37855	HDHBLALJ_00866

DiscRep_SUB:FEATURE_LOCATION_CONFLICT::Coding region xref gene does not exist
prokka_out/CA139575:CDS	Cysteine desulfurase IscS	NODE_3_length_216379_cov_110.237168:c40017-38836	HDHBLALJ_00867

DiscRep_SUB:FEATURE_LOCATION_CONFLICT::Coding region xref gene does not exist
prokka_out/CA139575:CDS	hypothetical protein	NODE_3_length_216379_cov_110.237168:c41358-40192	HDHBLALJ_00868

DiscRep_SUB:FEATURE_LOCATION_CONFLICT::Coding region xref gene does not exist
prokka_out/CA139575:CDS	hypothetical protein	NODE_3_length_216379_cov_110.237168:41511-41702	HDHBLALJ_00869

DiscRep_SUB:FEATURE_LOCATION_CONFLICT::Coding region xref gene does not exist
prokka_out/CA139575:CDS	50S ribosomal protein L20	NODE_3_length_216379_cov_110.237168:41796-42149	HDHBLALJ_00870

DiscRep_SUB:FEATURE_LOCATION_CONFLICT::Coding region xref gene does not exist
prokka_out/CA139575:CDS	hypothetical protein	NODE_3_length_216379_cov_110.237168:42436-43299	HDHBLALJ_00871

DiscRep_SUB:FEATURE_LOCATION_CONFLICT::Coding region xref gene does not exist
prokka_out/CA139575:CDS	hypothetical protein	NODE_3_length_216379_cov_110.237168:43321-43605	HDHBLALJ_00872

DiscRep_SUB:FEATURE_LOCATION_CONFLICT::Coding region xref gene does not exist
prokka_out/CA139575:CDS	Proline/betaine transporter	NODE_3_length_216379_cov_110.237168:c45077-43767	HDHBLALJ_00873

DiscRep_SUB:FEATURE_LOCATION_CONFLICT::Coding region xref gene does not exist
prokka_out/CA139575:CDS	hypothetical protein	NODE_3_length_216379_cov_110.237168:c45232-45080	HDHBLALJ_00874

DiscRep_SUB:FEATURE_LOCATION_CONFLICT::Coding region xref gene does not exist
prokka_out/CA139575:CDS	Cyclic pyranopterin monophosphate synthase	NODE_3_length_216379_cov_110.237168:45327-45800	HDHBLALJ_00875

DiscRep_SUB:FEATURE_LOCATION_CONFLICT::Coding region xref gene does not exist
prokka_out/CA139575:CDS	hypothetical protein	NODE_3_length_216379_cov_110.237168:45778-46041	HDHBLALJ_00876

DiscRep_SUB:FEATURE_LOCATION_CONFLICT::Coding region xref gene does not exist
prokka_out/CA139575:CDS	hypothetical protein	NODE_3_length_216379_cov_110.237168:46056-47192	HDHBLALJ_00877

DiscRep_SUB:FEATURE_LOCATION_CONFLICT::Coding region xref gene does not exist
prokka_out/CA139575:CDS	Exodeoxyribonuclease	NODE_3_length_216379_cov_110.237168:c47968-47210	HDHBLALJ_00878

DiscRep_SUB:FEATURE_LOCATION_CONFLICT::Coding region xref gene does not exist
prokka_out/CA139575:CDS	Phosphoethanolamine transferase EptA	NODE_3_length_216379_cov_110.237168:48084-49631	HDHBLALJ_00879

DiscRep_SUB:FEATURE_LOCATION_CONFLICT::Coding region xref gene does not exist
prokka_out/CA139575:CDS	Diacylglycerol kinase	NODE_3_length_216379_cov_110.237168:49631-49987	HDHBLALJ_00880

DiscRep_SUB:FEATURE_LOCATION_CONFLICT::Coding region xref gene does not exist
prokka_out/CA139575:CDS	hypothetical protein	NODE_3_length_216379_cov_110.237168:49978-50220	HDHBLALJ_00881

DiscRep_SUB:FEATURE_LOCATION_CONFLICT::Coding region xref gene does not exist
prokka_out/CA139575:CDS	Dihydroorotase	NODE_3_length_216379_cov_110.237168:50322-51326	HDHBLALJ_00882

DiscRep_SUB:FEATURE_LOCATION_CONFLICT::Coding region xref gene does not exist
prokka_out/CA139575:CDS	hypothetical protein	NODE_3_length_216379_cov_110.237168:c51741-51367	HDHBLALJ_00883

DiscRep_SUB:FEATURE_LOCATION_CONFLICT::Coding region xref gene does not exist
prokka_out/CA139575:CDS	Ubiquinone biosynthesis O-methyltransferase, mitochondrial	NODE_3_length_216379_cov_110.237168:c52604-51894	HDHBLALJ_00884

DiscRep_SUB:FEATURE_LOCATION_CONFLICT::Coding region xref gene does not exist
prokka_out/CA139575:CDS	hypothetical protein	NODE_3_length_216379_cov_110.237168:c54840-52723	HDHBLALJ_00885

DiscRep_SUB:FEATURE_LOCATION_CONFLICT::Coding region xref gene does not exist
prokka_out/CA139575:CDS	hypothetical protein	NODE_3_length_216379_cov_110.237168:c55462-54953	HDHBLALJ_00886

DiscRep_SUB:FEATURE_LOCATION_CONFLICT::Coding region xref gene does not exist
prokka_out/CA139575:CDS	hypothetical protein	NODE_3_length_216379_cov_110.237168:c55992-55462	HDHBLALJ_00887

DiscRep_SUB:FEATURE_LOCATION_CONFLICT::Coding region xref gene does not exist
prokka_out/CA139575:CDS	hypothetical protein	NODE_3_length_216379_cov_110.237168:c57085-56003	HDHBLALJ_00888

DiscRep_SUB:FEATURE_LOCATION_CONFLICT::Coding region xref gene does not exist
prokka_out/CA139575:CDS	Branched-chain-amino-acid aminotransferase	NODE_3_length_216379_cov_110.237168:c58015-57101	HDHBLALJ_00889

DiscRep_SUB:FEATURE_LOCATION_CONFLICT::Coding region xref gene does not exist
prokka_out/CA139575:CDS	putative tautomerase	NODE_3_length_216379_cov_110.237168:58342-58548	HDHBLALJ_00890

DiscRep_SUB:FEATURE_LOCATION_CONFLICT::Coding region xref gene does not exist
prokka_out/CA139575:CDS	Putative peroxiredoxin bcp	NODE_3_length_216379_cov_110.237168:58545-59003	HDHBLALJ_00891

DiscRep_SUB:FEATURE_LOCATION_CONFLICT::Coding region xref gene does not exist
prokka_out/CA139575:CDS	Epoxyqueuosine reductase QueH	NODE_3_length_216379_cov_110.237168:59003-60094	HDHBLALJ_00892

DiscRep_SUB:FEATURE_LOCATION_CONFLICT::Coding region xref gene does not exist
prokka_out/CA139575:CDS	3-hydroxyacyl-[acyl-carrier-protein] dehydratase FabZ	NODE_3_length_216379_cov_110.237168:60209-60649	HDHBLALJ_00893

DiscRep_SUB:FEATURE_LOCATION_CONFLICT::Coding region xref gene does not exist
prokka_out/CA139575:CDS	Acyl-[acyl-carrier-protein]--UDP-N-acetylglucosamine O-acyltransferase	NODE_3_length_216379_cov_110.237168:60660-61451	HDHBLALJ_00894

DiscRep_SUB:FEATURE_LOCATION_CONFLICT::Coding region xref gene does not exist
prokka_out/CA139575:CDS	ATP-dependent Clp protease ATP-binding subunit ClpX	NODE_3_length_216379_cov_110.237168:61444-62667	HDHBLALJ_00895

DiscRep_SUB:FEATURE_LOCATION_CONFLICT::Coding region xref gene does not exist
prokka_out/CA139575:CDS	Cell shape-determining protein MreB	NODE_3_length_216379_cov_110.237168:62681-63721	HDHBLALJ_00896

DiscRep_SUB:FEATURE_LOCATION_CONFLICT::Coding region xref gene does not exist
prokka_out/CA139575:CDS	hypothetical protein	NODE_3_length_216379_cov_110.237168:63711-64460	HDHBLALJ_00897

DiscRep_SUB:FEATURE_LOCATION_CONFLICT::Coding region xref gene does not exist
prokka_out/CA139575:CDS	hypothetical protein	NODE_3_length_216379_cov_110.237168:c65378-64455	HDHBLALJ_00898

DiscRep_SUB:FEATURE_LOCATION_CONFLICT::Coding region xref gene does not exist
prokka_out/CA139575:CDS	Acetyl-coenzyme A synthetase	NODE_3_length_216379_cov_110.237168:65626-67533	HDHBLALJ_00899

DiscRep_SUB:FEATURE_LOCATION_CONFLICT::Coding region xref gene does not exist
prokka_out/CA139575:CDS	2-methylisocitrate lyase	NODE_3_length_216379_cov_110.237168:67533-68408	HDHBLALJ_00900

DiscRep_SUB:FEATURE_LOCATION_CONFLICT::Coding region xref gene does not exist
prokka_out/CA139575:CDS	2-methylcitrate synthase	NODE_3_length_216379_cov_110.237168:68405-69532	HDHBLALJ_00901

DiscRep_SUB:FEATURE_LOCATION_CONFLICT::Coding region xref gene does not exist
prokka_out/CA139575:CDS	2-methylcitrate dehydratase	NODE_3_length_216379_cov_110.237168:69542-70996	HDHBLALJ_00902

DiscRep_SUB:FEATURE_LOCATION_CONFLICT::Coding region xref gene does not exist
prokka_out/CA139575:CDS	hypothetical protein	NODE_3_length_216379_cov_110.237168:71061-72002	HDHBLALJ_00903

DiscRep_SUB:FEATURE_LOCATION_CONFLICT::Coding region xref gene does not exist
prokka_out/CA139575:CDS	hypothetical protein	NODE_3_length_216379_cov_110.237168:71996-72889	HDHBLALJ_00904

DiscRep_SUB:FEATURE_LOCATION_CONFLICT::Coding region xref gene does not exist
prokka_out/CA139575:CDS	hypothetical protein	NODE_3_length_216379_cov_110.237168:c73076-72873	HDHBLALJ_00905

DiscRep_SUB:FEATURE_LOCATION_CONFLICT::Coding region xref gene does not exist
prokka_out/CA139575:CDS	hypothetical protein	NODE_3_length_216379_cov_110.237168:c73265-73080	HDHBLALJ_00906

DiscRep_SUB:FEATURE_LOCATION_CONFLICT::Coding region xref gene does not exist
prokka_out/CA139575:CDS	hypothetical protein	NODE_3_length_216379_cov_110.237168:c73588-73241	HDHBLALJ_00907

DiscRep_SUB:FEATURE_LOCATION_CONFLICT::Coding region xref gene does not exist
prokka_out/CA139575:CDS	hypothetical protein	NODE_3_length_216379_cov_110.237168:c73830-73576	HDHBLALJ_00908

DiscRep_SUB:FEATURE_LOCATION_CONFLICT::Coding region xref gene does not exist
prokka_out/CA139575:CDS	Carbamoyl-phosphate synthase large chain	NODE_3_length_216379_cov_110.237168:73937-77206	HDHBLALJ_00909

DiscRep_SUB:FEATURE_LOCATION_CONFLICT::Coding region xref gene does not exist
prokka_out/CA139575:CDS	hypothetical protein	NODE_3_length_216379_cov_110.237168:77203-77625	HDHBLALJ_00910

DiscRep_SUB:FEATURE_LOCATION_CONFLICT::Coding region xref gene does not exist
prokka_out/CA139575:CDS	Transaldolase	NODE_3_length_216379_cov_110.237168:c78608-77622	HDHBLALJ_00911

DiscRep_SUB:FEATURE_LOCATION_CONFLICT::Coding region xref gene does not exist
prokka_out/CA139575:CDS	Phosphoserine phosphatase	NODE_3_length_216379_cov_110.237168:c79233-78610	HDHBLALJ_00912

DiscRep_SUB:FEATURE_LOCATION_CONFLICT::Coding region xref gene does not exist
prokka_out/CA139575:CDS	Chemotaxis protein CheW	NODE_3_length_216379_cov_110.237168:c79754-79233	HDHBLALJ_00913

DiscRep_SUB:FEATURE_LOCATION_CONFLICT::Coding region xref gene does not exist
prokka_out/CA139575:CDS	Sensor histidine kinase RcsC	NODE_3_length_216379_cov_110.237168:c82053-79759	HDHBLALJ_00914

DiscRep_SUB:FEATURE_LOCATION_CONFLICT::Coding region xref gene does not exist
prokka_out/CA139575:CDS	Chemotaxis protein CheV	NODE_3_length_216379_cov_110.237168:c83013-82057	HDHBLALJ_00915

DiscRep_SUB:FEATURE_LOCATION_CONFLICT::Coding region xref gene does not exist
prokka_out/CA139575:CDS	hypothetical protein	NODE_3_length_216379_cov_110.237168:c83641-83006	HDHBLALJ_00916

DiscRep_SUB:FEATURE_LOCATION_CONFLICT::Coding region xref gene does not exist
prokka_out/CA139575:CDS	Transcription elongation factor GreA	NODE_3_length_216379_cov_110.237168:c84259-83774	HDHBLALJ_00917

DiscRep_SUB:FEATURE_LOCATION_CONFLICT::Coding region xref gene does not exist
prokka_out/CA139575:CDS	Lipid-A-disaccharide synthase	NODE_3_length_216379_cov_110.237168:c85368-84277	HDHBLALJ_00918

DiscRep_SUB:FEATURE_LOCATION_CONFLICT::Coding region xref gene does not exist
prokka_out/CA139575:CDS	Zinc transporter ZupT	NODE_3_length_216379_cov_110.237168:85507-86391	HDHBLALJ_00919

DiscRep_SUB:FEATURE_LOCATION_CONFLICT::Coding region xref gene does not exist
prokka_out/CA139575:CDS	hypothetical protein	NODE_3_length_216379_cov_110.237168:c86642-86445	HDHBLALJ_00920

DiscRep_SUB:FEATURE_LOCATION_CONFLICT::Coding region xref gene does not exist
prokka_out/CA139575:CDS	hypothetical protein	NODE_3_length_216379_cov_110.237168:c87016-86639	HDHBLALJ_00921

DiscRep_SUB:FEATURE_LOCATION_CONFLICT::Coding region xref gene does not exist
prokka_out/CA139575:CDS	Cytolethal distending toxin subunit B	NODE_3_length_216379_cov_110.237168:c87829-87026	HDHBLALJ_00922

DiscRep_SUB:FEATURE_LOCATION_CONFLICT::Coding region xref gene does not exist
prokka_out/CA139575:CDS	hypothetical protein	NODE_3_length_216379_cov_110.237168:c88630-87854	HDHBLALJ_00923

DiscRep_SUB:FEATURE_LOCATION_CONFLICT::Coding region xref gene does not exist
prokka_out/CA139575:CDS	Phosphoglycerate transporter protein	NODE_3_length_216379_cov_110.237168:c88985-88743	HDHBLALJ_00924

DiscRep_SUB:FEATURE_LOCATION_CONFLICT::Coding region xref gene does not exist
prokka_out/CA139575:CDS	Phosphoglycerate transporter protein	NODE_3_length_216379_cov_110.237168:c89429-89049	HDHBLALJ_00925

DiscRep_SUB:FEATURE_LOCATION_CONFLICT::Coding region xref gene does not exist
prokka_out/CA139575:CDS	Phosphoglycerate transporter protein	NODE_3_length_216379_cov_110.237168:c89977-89543	HDHBLALJ_00926

DiscRep_SUB:FEATURE_LOCATION_CONFLICT::Coding region xref gene does not exist
prokka_out/CA139575:CDS	5'-nucleotidase SurE	NODE_3_length_216379_cov_110.237168:90157-90930	HDHBLALJ_00927

DiscRep_SUB:FEATURE_LOCATION_CONFLICT::Coding region xref gene does not exist
prokka_out/CA139575:CDS	tRNA threonylcarbamoyladenosine dehydratase	NODE_3_length_216379_cov_110.237168:90927-91583	HDHBLALJ_00928

DiscRep_SUB:FEATURE_LOCATION_CONFLICT::Coding region xref gene does not exist
prokka_out/CA139575:CDS	putative N-acetyltransferase YafP	NODE_3_length_216379_cov_110.237168:91567-92019	HDHBLALJ_00929

DiscRep_SUB:FEATURE_LOCATION_CONFLICT::Coding region xref gene does not exist
prokka_out/CA139575:CDS	Aspartate 1-decarboxylase	NODE_3_length_216379_cov_110.237168:c92517-92137	HDHBLALJ_00930

DiscRep_SUB:FEATURE_LOCATION_CONFLICT::Coding region xref gene does not exist
prokka_out/CA139575:CDS	Pantothenate synthetase	NODE_3_length_216379_cov_110.237168:c93362-92514	HDHBLALJ_00931

DiscRep_SUB:FEATURE_LOCATION_CONFLICT::Coding region xref gene does not exist
prokka_out/CA139575:CDS	3-methyl-2-oxobutanoate hydroxymethyltransferase	NODE_3_length_216379_cov_110.237168:c94197-93373	HDHBLALJ_00932

DiscRep_SUB:FEATURE_LOCATION_CONFLICT::Coding region xref gene does not exist
prokka_out/CA139575:CDS	Beta-lactamase OXA-133	NODE_3_length_216379_cov_110.237168:94417-95190	HDHBLALJ_00933

DiscRep_SUB:FEATURE_LOCATION_CONFLICT::Coding region xref gene does not exist
prokka_out/CA139575:CDS	Vitamin B12 import ATP-binding protein BtuD	NODE_3_length_216379_cov_110.237168:c96159-95275	HDHBLALJ_00934

DiscRep_SUB:FEATURE_LOCATION_CONFLICT::Coding region xref gene does not exist
prokka_out/CA139575:CDS	hypothetical protein	NODE_3_length_216379_cov_110.237168:c96837-96169	HDHBLALJ_00935

DiscRep_SUB:FEATURE_LOCATION_CONFLICT::Coding region xref gene does not exist
prokka_out/CA139575:CDS	hypothetical protein	NODE_3_length_216379_cov_110.237168:c97231-96830	HDHBLALJ_00936

DiscRep_SUB:FEATURE_LOCATION_CONFLICT::Coding region xref gene does not exist
prokka_out/CA139575:CDS	Molybdate-binding protein ModA	NODE_3_length_216379_cov_110.237168:c97977-97228	HDHBLALJ_00937

DiscRep_SUB:FEATURE_LOCATION_CONFLICT::Coding region xref gene does not exist
prokka_out/CA139575:CDS	hypothetical protein	NODE_3_length_216379_cov_110.237168:c98717-98031	HDHBLALJ_00938

DiscRep_SUB:FEATURE_LOCATION_CONFLICT::Coding region xref gene does not exist
prokka_out/CA139575:CDS	hypothetical protein	NODE_3_length_216379_cov_110.237168:c99325-98714	HDHBLALJ_00939

DiscRep_SUB:FEATURE_LOCATION_CONFLICT::Coding region xref gene does not exist
prokka_out/CA139575:CDS	8-amino-7-oxononanoate synthase	NODE_3_length_216379_cov_110.237168:c100464-99322	HDHBLALJ_00940

DiscRep_SUB:FEATURE_LOCATION_CONFLICT::Coding region xref gene does not exist
prokka_out/CA139575:CDS	Adenosylmethionine-8-amino-7-oxononanoate aminotransferase	NODE_3_length_216379_cov_110.237168:100532-101815	HDHBLALJ_00941

DiscRep_SUB:FEATURE_LOCATION_CONFLICT::Coding region xref gene does not exist
prokka_out/CA139575:CDS	ATP-dependent dethiobiotin synthetase BioD	NODE_3_length_216379_cov_110.237168:c102407-101802	HDHBLALJ_00942

DiscRep_SUB:FEATURE_LOCATION_CONFLICT::Coding region xref gene does not exist
prokka_out/CA139575:CDS	putative guanidinium efflux system subunit GdnD	NODE_3_length_216379_cov_110.237168:c102731-102417	HDHBLALJ_00943

DiscRep_SUB:FEATURE_LOCATION_CONFLICT::Coding region xref gene does not exist
prokka_out/CA139575:CDS	putative guanidinium efflux system subunit GdnC	NODE_3_length_216379_cov_110.237168:c103061-102735	HDHBLALJ_00944

DiscRep_SUB:FEATURE_LOCATION_CONFLICT::Coding region xref gene does not exist
prokka_out/CA139575:CDS	50S ribosomal protein L25	NODE_3_length_216379_cov_110.237168:103194-103730	HDHBLALJ_00945

DiscRep_SUB:FEATURE_LOCATION_CONFLICT::Coding region xref gene does not exist
prokka_out/CA139575:CDS	Peptidyl-tRNA hydrolase	NODE_3_length_216379_cov_110.237168:103727-104269	HDHBLALJ_00946

DiscRep_SUB:FEATURE_LOCATION_CONFLICT::Coding region xref gene does not exist
prokka_out/CA139575:CDS	hypothetical protein	NODE_3_length_216379_cov_110.237168:104271-105329	HDHBLALJ_00947

DiscRep_SUB:FEATURE_LOCATION_CONFLICT::Coding region xref gene does not exist
prokka_out/CA139575:CDS	Diaminopimelate decarboxylase	NODE_3_length_216379_cov_110.237168:105371-106579	HDHBLALJ_00948

DiscRep_SUB:FEATURE_LOCATION_CONFLICT::Coding region xref gene does not exist
prokka_out/CA139575:CDS	Ribonucleotide monophosphatase NagD	NODE_3_length_216379_cov_110.237168:106581-107348	HDHBLALJ_00949

DiscRep_SUB:FEATURE_LOCATION_CONFLICT::Coding region xref gene does not exist
prokka_out/CA139575:CDS	Bifunctional chorismate mutase/prephenate dehydratase	NODE_3_length_216379_cov_110.237168:107336-108415	HDHBLALJ_00950

DiscRep_SUB:FEATURE_LOCATION_CONFLICT::Coding region xref gene does not exist
prokka_out/CA139575:CDS	Histidinol-phosphate aminotransferase	NODE_3_length_216379_cov_110.237168:108405-109499	HDHBLALJ_00951

DiscRep_SUB:FEATURE_LOCATION_CONFLICT::Coding region xref gene does not exist
prokka_out/CA139575:CDS	Flagellar M-ring protein	NODE_3_length_216379_cov_110.237168:109583-111265	HDHBLALJ_00952

DiscRep_SUB:FEATURE_LOCATION_CONFLICT::Coding region xref gene does not exist
prokka_out/CA139575:CDS	Flagellar motor switch protein FliG	NODE_3_length_216379_cov_110.237168:111265-112293	HDHBLALJ_00953

DiscRep_SUB:FEATURE_LOCATION_CONFLICT::Coding region xref gene does not exist
prokka_out/CA139575:CDS	hypothetical protein	NODE_3_length_216379_cov_110.237168:112301-113131	HDHBLALJ_00954

DiscRep_SUB:FEATURE_LOCATION_CONFLICT::Coding region xref gene does not exist
prokka_out/CA139575:CDS	1-deoxy-D-xylulose-5-phosphate synthase	NODE_3_length_216379_cov_110.237168:113124-115001	HDHBLALJ_00955

DiscRep_SUB:FEATURE_LOCATION_CONFLICT::Coding region xref gene does not exist
prokka_out/CA139575:CDS	hypothetical protein	NODE_3_length_216379_cov_110.237168:115138-115548	HDHBLALJ_00956

DiscRep_SUB:FEATURE_LOCATION_CONFLICT::Coding region xref gene does not exist
prokka_out/CA139575:CDS	hypothetical protein	NODE_3_length_216379_cov_110.237168:115594-116796	HDHBLALJ_00957

DiscRep_SUB:FEATURE_LOCATION_CONFLICT::Coding region xref gene does not exist
prokka_out/CA139575:CDS	Ubiquinone/menaquinone biosynthesis C-methyltransferase UbiE	NODE_3_length_216379_cov_110.237168:116796-117503	HDHBLALJ_00958

DiscRep_SUB:FEATURE_LOCATION_CONFLICT::Coding region xref gene does not exist
prokka_out/CA139575:CDS	hypothetical protein	NODE_3_length_216379_cov_110.237168:c118993-117500	HDHBLALJ_00959

DiscRep_SUB:FEATURE_LOCATION_CONFLICT::Coding region xref gene does not exist
prokka_out/CA139575:CDS	hypothetical protein	NODE_3_length_216379_cov_110.237168:c119450-119007	HDHBLALJ_00960

DiscRep_SUB:FEATURE_LOCATION_CONFLICT::Coding region xref gene does not exist
prokka_out/CA139575:CDS	hypothetical protein	NODE_3_length_216379_cov_110.237168:c120420-119455	HDHBLALJ_00961

DiscRep_SUB:FEATURE_LOCATION_CONFLICT::Coding region xref gene does not exist
prokka_out/CA139575:CDS	Exodeoxyribonuclease 7 large subunit	NODE_3_length_216379_cov_110.237168:120593-121756	HDHBLALJ_00962

DiscRep_SUB:FEATURE_LOCATION_CONFLICT::Coding region xref gene does not exist
prokka_out/CA139575:CDS	Phosphoserine aminotransferase	NODE_3_length_216379_cov_110.237168:121766-122842	HDHBLALJ_00963

DiscRep_SUB:FEATURE_LOCATION_CONFLICT::Coding region xref gene does not exist
prokka_out/CA139575:CDS	3-oxoacyl-[acyl-carrier-protein] synthase 3	NODE_3_length_216379_cov_110.237168:c124047-123070	HDHBLALJ_00964

DiscRep_SUB:FEATURE_LOCATION_CONFLICT::Coding region xref gene does not exist
prokka_out/CA139575:CDS	Phosphate acyltransferase	NODE_3_length_216379_cov_110.237168:c125026-124040	HDHBLALJ_00965

DiscRep_SUB:FEATURE_LOCATION_CONFLICT::Coding region xref gene does not exist
prokka_out/CA139575:CDS	50S ribosomal protein L32	NODE_3_length_216379_cov_110.237168:c125178-125032	HDHBLALJ_00966

DiscRep_SUB:FEATURE_LOCATION_CONFLICT::Coding region xref gene does not exist
prokka_out/CA139575:CDS	hypothetical protein	NODE_3_length_216379_cov_110.237168:c125561-125202	HDHBLALJ_00967

DiscRep_SUB:FEATURE_LOCATION_CONFLICT::Coding region xref gene does not exist
prokka_out/CA139575:CDS	Nucleoside diphosphate kinase	NODE_3_length_216379_cov_110.237168:c125974-125561	HDHBLALJ_00968

DiscRep_SUB:FEATURE_LOCATION_CONFLICT::Coding region xref gene does not exist
prokka_out/CA139575:CDS	hypothetical protein	NODE_3_length_216379_cov_110.237168:c126359-126075	HDHBLALJ_00969

DiscRep_SUB:FEATURE_LOCATION_CONFLICT::Coding region xref gene does not exist
prokka_out/CA139575:CDS	Alkyl hydroperoxide reductase C	NODE_3_length_216379_cov_110.237168:126615-127211	HDHBLALJ_00970

DiscRep_SUB:FEATURE_LOCATION_CONFLICT::Coding region xref gene does not exist
prokka_out/CA139575:CDS	Flagellar biosynthetic protein FlhB	NODE_3_length_216379_cov_110.237168:127333-128421	HDHBLALJ_00971

DiscRep_SUB:FEATURE_LOCATION_CONFLICT::Coding region xref gene does not exist
prokka_out/CA139575:CDS	Motility protein B	NODE_3_length_216379_cov_110.237168:c129167-128436	HDHBLALJ_00972

DiscRep_SUB:FEATURE_LOCATION_CONFLICT::Coding region xref gene does not exist
prokka_out/CA139575:CDS	Chemotaxis protein PomA	NODE_3_length_216379_cov_110.237168:c129946-129170	HDHBLALJ_00973

DiscRep_SUB:FEATURE_LOCATION_CONFLICT::Coding region xref gene does not exist
prokka_out/CA139575:CDS	DNA polymerase I	NODE_3_length_216379_cov_110.237168:c132601-129962	HDHBLALJ_00974

DiscRep_SUB:FEATURE_LOCATION_CONFLICT::Coding region xref gene does not exist
prokka_out/CA139575:CDS	Inner membrane protein YqaA	NODE_3_length_216379_cov_110.237168:c133108-132665	HDHBLALJ_00975

DiscRep_SUB:FEATURE_LOCATION_CONFLICT::Coding region xref gene does not exist
prokka_out/CA139575:CDS	hypothetical protein	NODE_3_length_216379_cov_110.237168:c133691-133101	HDHBLALJ_00976

DiscRep_SUB:FEATURE_LOCATION_CONFLICT::Coding region xref gene does not exist
prokka_out/CA139575:CDS	hypothetical protein	NODE_3_length_216379_cov_110.237168:c134381-133704	HDHBLALJ_00977

DiscRep_SUB:FEATURE_LOCATION_CONFLICT::Coding region xref gene does not exist
prokka_out/CA139575:CDS	hypothetical protein	NODE_3_length_216379_cov_110.237168:c134936-134403	HDHBLALJ_00978

DiscRep_SUB:FEATURE_LOCATION_CONFLICT::Coding region xref gene does not exist
prokka_out/CA139575:CDS	UvrABC system protein A	NODE_3_length_216379_cov_110.237168:c137760-134938	HDHBLALJ_00979

DiscRep_SUB:FEATURE_LOCATION_CONFLICT::Coding region xref gene does not exist
prokka_out/CA139575:CDS	hypothetical protein	NODE_3_length_216379_cov_110.237168:c138633-137848	HDHBLALJ_00980

DiscRep_SUB:FEATURE_LOCATION_CONFLICT::Coding region xref gene does not exist
prokka_out/CA139575:CDS	Isochorismate synthase MenF	NODE_3_length_216379_cov_110.237168:139017-140258	HDHBLALJ_00981

DiscRep_SUB:FEATURE_LOCATION_CONFLICT::Coding region xref gene does not exist
prokka_out/CA139575:CDS	Bifunctional protein TrpGD	NODE_3_length_216379_cov_110.237168:140260-141852	HDHBLALJ_00982

DiscRep_SUB:FEATURE_LOCATION_CONFLICT::Coding region xref gene does not exist
prokka_out/CA139575:CDS	Tryptophan biosynthesis protein TrpCF	NODE_3_length_216379_cov_110.237168:141839-142438	HDHBLALJ_00983

DiscRep_SUB:FEATURE_LOCATION_CONFLICT::Coding region xref gene does not exist
prokka_out/CA139575:CDS	Tryptophan synthase beta chain	NODE_3_length_216379_cov_110.237168:142435-143613	HDHBLALJ_00984

DiscRep_SUB:FEATURE_LOCATION_CONFLICT::Coding region xref gene does not exist
prokka_out/CA139575:CDS	Tryptophan synthase alpha chain	NODE_3_length_216379_cov_110.237168:143606-144355	HDHBLALJ_00985

DiscRep_SUB:FEATURE_LOCATION_CONFLICT::Coding region xref gene does not exist
prokka_out/CA139575:CDS	hypothetical protein	NODE_3_length_216379_cov_110.237168:144425-144847	HDHBLALJ_00986

DiscRep_SUB:FEATURE_LOCATION_CONFLICT::Coding region xref gene does not exist
prokka_out/CA139575:CDS	Flagellar motor switch protein FliN	NODE_3_length_216379_cov_110.237168:144847-145155	HDHBLALJ_00987

DiscRep_SUB:FEATURE_LOCATION_CONFLICT::Coding region xref gene does not exist
prokka_out/CA139575:CDS	hypothetical protein	NODE_3_length_216379_cov_110.237168:145155-145946	HDHBLALJ_00988

DiscRep_SUB:FEATURE_LOCATION_CONFLICT::Coding region xref gene does not exist
prokka_out/CA139575:CDS	Guanosine-5'-triphosphate,3'-diphosphate pyrophosphatase	NODE_3_length_216379_cov_110.237168:c147403-145943	HDHBLALJ_00989

DiscRep_SUB:FEATURE_LOCATION_CONFLICT::Coding region xref gene does not exist
prokka_out/CA139575:CDS	Ferredoxin	NODE_3_length_216379_cov_110.237168:c147648-147403	HDHBLALJ_00990

DiscRep_SUB:FEATURE_LOCATION_CONFLICT::Coding region xref gene does not exist
prokka_out/CA139575:CDS	Transcriptional regulatory protein CusR	NODE_3_length_216379_cov_110.237168:c148434-147763	HDHBLALJ_00991

DiscRep_SUB:FEATURE_LOCATION_CONFLICT::Coding region xref gene does not exist
prokka_out/CA139575:CDS	hypothetical protein	NODE_3_length_216379_cov_110.237168:c148830-148513	HDHBLALJ_00992

DiscRep_SUB:FEATURE_LOCATION_CONFLICT::Coding region xref gene does not exist
prokka_out/CA139575:CDS	Glycerol-3-phosphate acyltransferase	NODE_3_length_216379_cov_110.237168:c149426-148815	HDHBLALJ_00993

DiscRep_SUB:FEATURE_LOCATION_CONFLICT::Coding region xref gene does not exist
prokka_out/CA139575:CDS	Cytochrome c551 peroxidase	NODE_3_length_216379_cov_110.237168:149606-150631	HDHBLALJ_00994

DiscRep_SUB:FEATURE_LOCATION_CONFLICT::Coding region xref gene does not exist
prokka_out/CA139575:CDS	Phosphoglucosamine mutase	NODE_3_length_216379_cov_110.237168:150724-152064	HDHBLALJ_00995

DiscRep_SUB:FEATURE_LOCATION_CONFLICT::Coding region xref gene does not exist
prokka_out/CA139575:CDS	Lipoprotein signal peptidase	NODE_3_length_216379_cov_110.237168:152057-152527	HDHBLALJ_00996

DiscRep_SUB:FEATURE_LOCATION_CONFLICT::Coding region xref gene does not exist
prokka_out/CA139575:CDS	hypothetical protein	NODE_3_length_216379_cov_110.237168:152511-152963	HDHBLALJ_00997

DiscRep_SUB:FEATURE_LOCATION_CONFLICT::Coding region xref gene does not exist
prokka_out/CA139575:CDS	hypothetical protein	NODE_3_length_216379_cov_110.237168:c154307-152997	HDHBLALJ_00998

DiscRep_SUB:FEATURE_LOCATION_CONFLICT::Coding region xref gene does not exist
prokka_out/CA139575:CDS	hypothetical protein	NODE_3_length_216379_cov_110.237168:154432-154683	HDHBLALJ_00999

DiscRep_SUB:FEATURE_LOCATION_CONFLICT::Coding region xref gene does not exist
prokka_out/CA139575:CDS	putative efflux pump outer membrane protein TtgC	NODE_3_length_216379_cov_110.237168:c156190-154712	HDHBLALJ_01000

DiscRep_SUB:FEATURE_LOCATION_CONFLICT::Coding region xref gene does not exist
prokka_out/CA139575:CDS	Efflux pump membrane transporter BepE	NODE_3_length_216379_cov_110.237168:c159305-156183	HDHBLALJ_01001

DiscRep_SUB:FEATURE_LOCATION_CONFLICT::Coding region xref gene does not exist
prokka_out/CA139575:CDS	Multidrug resistance protein MdtE	NODE_3_length_216379_cov_110.237168:c160408-159305	HDHBLALJ_01002

DiscRep_SUB:FEATURE_LOCATION_CONFLICT::Coding region xref gene does not exist
prokka_out/CA139575:CDS	hypothetical protein	NODE_3_length_216379_cov_110.237168:c161151-160516	HDHBLALJ_01003

DiscRep_SUB:FEATURE_LOCATION_CONFLICT::Coding region xref gene does not exist
prokka_out/CA139575:CDS	hypothetical protein	NODE_3_length_216379_cov_110.237168:c162514-161138	HDHBLALJ_01004

DiscRep_SUB:FEATURE_LOCATION_CONFLICT::Coding region xref gene does not exist
prokka_out/CA139575:CDS	30S ribosomal protein S21	NODE_3_length_216379_cov_110.237168:162660-162872	HDHBLALJ_01005

DiscRep_SUB:FEATURE_LOCATION_CONFLICT::Coding region xref gene does not exist
prokka_out/CA139575:CDS	hypothetical protein	NODE_3_length_216379_cov_110.237168:163073-163678	HDHBLALJ_01006

DiscRep_SUB:FEATURE_LOCATION_CONFLICT::Coding region xref gene does not exist
prokka_out/CA139575:CDS	Putative acid--amine ligase YgiC	NODE_3_length_216379_cov_110.237168:163688-164857	HDHBLALJ_01007

DiscRep_SUB:FEATURE_LOCATION_CONFLICT::Coding region xref gene does not exist
prokka_out/CA139575:CDS	Hydroxypyruvate reductase	NODE_3_length_216379_cov_110.237168:164860-165795	HDHBLALJ_01008

DiscRep_SUB:FEATURE_LOCATION_CONFLICT::Coding region xref gene does not exist
prokka_out/CA139575:CDS	hypothetical protein	NODE_3_length_216379_cov_110.237168:165785-166276	HDHBLALJ_01009

DiscRep_SUB:FEATURE_LOCATION_CONFLICT::Coding region xref gene does not exist
prokka_out/CA139575:CDS	hypothetical protein	NODE_3_length_216379_cov_110.237168:166284-166769	HDHBLALJ_01010

DiscRep_SUB:FEATURE_LOCATION_CONFLICT::Coding region xref gene does not exist
prokka_out/CA139575:CDS	hypothetical protein	NODE_3_length_216379_cov_110.237168:166766-167587	HDHBLALJ_01011

DiscRep_SUB:FEATURE_LOCATION_CONFLICT::Coding region xref gene does not exist
prokka_out/CA139575:CDS	ATP-dependent zinc metalloprotease FtsH	NODE_3_length_216379_cov_110.237168:167589-169301	HDHBLALJ_01012

DiscRep_SUB:FEATURE_LOCATION_CONFLICT::Coding region xref gene does not exist
prokka_out/CA139575:CDS	Protein-methionine-sulfoxide reductase heme-binding subunit MsrQ	NODE_3_length_216379_cov_110.237168:c169846-169298	HDHBLALJ_01013

DiscRep_SUB:FEATURE_LOCATION_CONFLICT::Coding region xref gene does not exist
prokka_out/CA139575:CDS	Protein-methionine-sulfoxide reductase catalytic subunit MsrP	NODE_3_length_216379_cov_110.237168:c170739-169846	HDHBLALJ_01014

DiscRep_SUB:FEATURE_LOCATION_CONFLICT::Coding region xref gene does not exist
prokka_out/CA139575:CDS	hypothetical protein	NODE_3_length_216379_cov_110.237168:c171580-170801	HDHBLALJ_01015

DiscRep_SUB:FEATURE_LOCATION_CONFLICT::Coding region xref gene does not exist
prokka_out/CA139575:CDS	Orotidine 5'-phosphate decarboxylase	NODE_3_length_216379_cov_110.237168:c172416-171577	HDHBLALJ_01016

DiscRep_SUB:FEATURE_LOCATION_CONFLICT::Coding region xref gene does not exist
prokka_out/CA139575:CDS	Transcription antitermination protein NusB	NODE_3_length_216379_cov_110.237168:c172811-172413	HDHBLALJ_01017

DiscRep_SUB:FEATURE_LOCATION_CONFLICT::Coding region xref gene does not exist
prokka_out/CA139575:CDS	6,7-dimethyl-8-ribityllumazine synthase	NODE_3_length_216379_cov_110.237168:c173275-172811	HDHBLALJ_01018

DiscRep_SUB:FEATURE_LOCATION_CONFLICT::Coding region xref gene does not exist
prokka_out/CA139575:CDS	2-dehydro-3-deoxyphosphooctonate aldolase	NODE_3_length_216379_cov_110.237168:c174089-173277	HDHBLALJ_01019

DiscRep_SUB:FEATURE_LOCATION_CONFLICT::Coding region xref gene does not exist
prokka_out/CA139575:CDS	Pseudopaline exporter CntI	NODE_3_length_216379_cov_110.237168:c175018-174086	HDHBLALJ_01020

DiscRep_SUB:FEATURE_LOCATION_CONFLICT::Coding region xref gene does not exist
prokka_out/CA139575:CDS	GTPase Der	NODE_3_length_216379_cov_110.237168:175134-176516	HDHBLALJ_01021

DiscRep_SUB:FEATURE_LOCATION_CONFLICT::Coding region xref gene does not exist
prokka_out/CA139575:CDS	Shikimate kinase	NODE_3_length_216379_cov_110.237168:176503-177000	HDHBLALJ_01022

DiscRep_SUB:FEATURE_LOCATION_CONFLICT::Coding region xref gene does not exist
prokka_out/CA139575:CDS	Tryptophan--tRNA ligase	NODE_3_length_216379_cov_110.237168:176997-177956	HDHBLALJ_01023

DiscRep_SUB:FEATURE_LOCATION_CONFLICT::Coding region xref gene does not exist
prokka_out/CA139575:CDS	Serine--tRNA ligase	NODE_3_length_216379_cov_110.237168:177966-179201	HDHBLALJ_01024

DiscRep_SUB:FEATURE_LOCATION_CONFLICT::Coding region xref gene does not exist
prokka_out/CA139575:CDS	hypothetical protein	NODE_3_length_216379_cov_110.237168:179211-181673	HDHBLALJ_01025

DiscRep_SUB:FEATURE_LOCATION_CONFLICT::Coding region xref gene does not exist
prokka_out/CA139575:CDS	hypothetical protein	NODE_3_length_216379_cov_110.237168:c182327-181701	HDHBLALJ_01026

DiscRep_SUB:FEATURE_LOCATION_CONFLICT::Coding region xref gene does not exist
prokka_out/CA139575:CDS	Pyruvate kinase	NODE_3_length_216379_cov_110.237168:c183861-182419	HDHBLALJ_01027

DiscRep_SUB:FEATURE_LOCATION_CONFLICT::Coding region xref gene does not exist
prokka_out/CA139575:CDS	Malate:quinone oxidoreductase	NODE_3_length_216379_cov_110.237168:c185256-183910	HDHBLALJ_01028

DiscRep_SUB:FEATURE_LOCATION_CONFLICT::Coding region xref gene does not exist
prokka_out/CA139575:CDS	Type III pantothenate kinase	NODE_3_length_216379_cov_110.237168:c186012-185383	HDHBLALJ_01029

DiscRep_SUB:FEATURE_LOCATION_CONFLICT::Coding region xref gene does not exist
prokka_out/CA139575:CDS	hypothetical protein	NODE_3_length_216379_cov_110.237168:c186286-185999	HDHBLALJ_01030

DiscRep_SUB:FEATURE_LOCATION_CONFLICT::Coding region xref gene does not exist
prokka_out/CA139575:CDS	Plasminogen-binding protein PgbB	NODE_3_length_216379_cov_110.237168:c187281-186283	HDHBLALJ_01031

DiscRep_SUB:FEATURE_LOCATION_CONFLICT::Coding region xref gene does not exist
prokka_out/CA139575:CDS	hypothetical protein	NODE_3_length_216379_cov_110.237168:c187856-187278	HDHBLALJ_01032

DiscRep_SUB:FEATURE_LOCATION_CONFLICT::Coding region xref gene does not exist
prokka_out/CA139575:CDS	Glutamyl-tRNA(Gln) amidotransferase subunit C	NODE_3_length_216379_cov_110.237168:187988-188275	HDHBLALJ_01033

DiscRep_SUB:FEATURE_LOCATION_CONFLICT::Coding region xref gene does not exist
prokka_out/CA139575:CDS	hypothetical protein	NODE_3_length_216379_cov_110.237168:188356-188916	HDHBLALJ_01034

DiscRep_SUB:FEATURE_LOCATION_CONFLICT::Coding region xref gene does not exist
prokka_out/CA139575:CDS	Ferric uptake regulation protein	NODE_3_length_216379_cov_110.237168:188920-189390	HDHBLALJ_01035

DiscRep_SUB:FEATURE_LOCATION_CONFLICT::Coding region xref gene does not exist
prokka_out/CA139575:CDS	Lysine--tRNA ligase	NODE_3_length_216379_cov_110.237168:189390-190898	HDHBLALJ_01036

DiscRep_SUB:FEATURE_LOCATION_CONFLICT::Coding region xref gene does not exist
prokka_out/CA139575:CDS	Serine hydroxymethyltransferase	NODE_3_length_216379_cov_110.237168:190895-192139	HDHBLALJ_01037

DiscRep_SUB:FEATURE_LOCATION_CONFLICT::Coding region xref gene does not exist
prokka_out/CA139575:CDS	hypothetical protein	NODE_3_length_216379_cov_110.237168:192136-192681	HDHBLALJ_01038

DiscRep_SUB:FEATURE_LOCATION_CONFLICT::Coding region xref gene does not exist
prokka_out/CA139575:CDS	hypothetical protein	NODE_3_length_216379_cov_110.237168:192694-193521	HDHBLALJ_01039

DiscRep_SUB:FEATURE_LOCATION_CONFLICT::Coding region xref gene does not exist
prokka_out/CA139575:CDS	Shikimate dehydrogenase (NADP(+))	NODE_3_length_216379_cov_110.237168:193518-194309	HDHBLALJ_01040

DiscRep_SUB:FEATURE_LOCATION_CONFLICT::Coding region xref gene does not exist
prokka_out/CA139575:CDS	hypothetical protein	NODE_3_length_216379_cov_110.237168:c195287-194382	HDHBLALJ_01041

DiscRep_SUB:FEATURE_LOCATION_CONFLICT::Coding region xref gene does not exist
prokka_out/CA139575:CDS	Phosphatidylglycerol--prolipoprotein diacylglyceryl transferase	NODE_3_length_216379_cov_110.237168:195378-196193	HDHBLALJ_01042

DiscRep_SUB:FEATURE_LOCATION_CONFLICT::Coding region xref gene does not exist
prokka_out/CA139575:CDS	Fumarate reductase cytochrome b subunit	NODE_3_length_216379_cov_110.237168:196261-197046	HDHBLALJ_01043

DiscRep_SUB:FEATURE_LOCATION_CONFLICT::Coding region xref gene does not exist
prokka_out/CA139575:CDS	Fumarate reductase flavoprotein subunit	NODE_3_length_216379_cov_110.237168:197030-199021	HDHBLALJ_01044

DiscRep_SUB:FEATURE_LOCATION_CONFLICT::Coding region xref gene does not exist
prokka_out/CA139575:CDS	Fumarate reductase iron-sulfur subunit	NODE_3_length_216379_cov_110.237168:199014-199739	HDHBLALJ_01045

DiscRep_SUB:FEATURE_LOCATION_CONFLICT::Coding region xref gene does not exist
prokka_out/CA139575:CDS	GTPase Der	NODE_3_length_216379_cov_110.237168:199767-201953	HDHBLALJ_01046

DiscRep_SUB:FEATURE_LOCATION_CONFLICT::Coding region xref gene does not exist
prokka_out/CA139575:CDS	GTPase Der	NODE_3_length_216379_cov_110.237168:201943-203775	HDHBLALJ_01047

DiscRep_SUB:FEATURE_LOCATION_CONFLICT::Coding region xref gene does not exist
prokka_out/CA139575:CDS	Putative beta-lactamase HcpC	NODE_3_length_216379_cov_110.237168:203772-204476	HDHBLALJ_01048

DiscRep_SUB:FEATURE_LOCATION_CONFLICT::Coding region xref gene does not exist
prokka_out/CA139575:CDS	hypothetical protein	NODE_3_length_216379_cov_110.237168:c205175-204495	HDHBLALJ_01049

DiscRep_SUB:FEATURE_LOCATION_CONFLICT::Coding region xref gene does not exist
prokka_out/CA139575:CDS	hypothetical protein	NODE_3_length_216379_cov_110.237168:205285-205647	HDHBLALJ_01050

DiscRep_SUB:FEATURE_LOCATION_CONFLICT::Coding region xref gene does not exist
prokka_out/CA139575:CDS	Protein YceI	NODE_3_length_216379_cov_110.237168:205722-206294	HDHBLALJ_01051

DiscRep_SUB:FEATURE_LOCATION_CONFLICT::Coding region xref gene does not exist
prokka_out/CA139575:CDS	hypothetical protein	NODE_3_length_216379_cov_110.237168:c207255-206299	HDHBLALJ_01052

DiscRep_SUB:FEATURE_LOCATION_CONFLICT::Coding region xref gene does not exist
prokka_out/CA139575:CDS	hypothetical protein	NODE_3_length_216379_cov_110.237168:c207525-207316	HDHBLALJ_01053

DiscRep_SUB:FEATURE_LOCATION_CONFLICT::Coding region xref gene does not exist
prokka_out/CA139575:CDS	hypothetical protein	NODE_3_length_216379_cov_110.237168:207692-208114	HDHBLALJ_01054

DiscRep_SUB:FEATURE_LOCATION_CONFLICT::Coding region xref gene does not exist
prokka_out/CA139575:CDS	hypothetical protein	NODE_3_length_216379_cov_110.237168:208366-208719	HDHBLALJ_01055

DiscRep_SUB:FEATURE_LOCATION_CONFLICT::Coding region xref gene does not exist
prokka_out/CA139575:CDS	hypothetical protein	NODE_3_length_216379_cov_110.237168:208769-208975	HDHBLALJ_01056

DiscRep_SUB:FEATURE_LOCATION_CONFLICT::Coding region xref gene does not exist
prokka_out/CA139575:CDS	hypothetical protein	NODE_3_length_216379_cov_110.237168:208938-209237	HDHBLALJ_01057

DiscRep_SUB:FEATURE_LOCATION_CONFLICT::Coding region xref gene does not exist
prokka_out/CA139575:CDS	putative ABC transporter ATP-binding protein YbiT	NODE_3_length_216379_cov_110.237168:209315-210892	HDHBLALJ_01058

DiscRep_SUB:FEATURE_LOCATION_CONFLICT::Coding region xref gene does not exist
prokka_out/CA139575:CDS	hypothetical protein	NODE_3_length_216379_cov_110.237168:210885-211217	HDHBLALJ_01059

DiscRep_SUB:FEATURE_LOCATION_CONFLICT::Coding region xref gene does not exist
prokka_out/CA139575:CDS	hypothetical protein	NODE_3_length_216379_cov_110.237168:211268-211645	HDHBLALJ_01060

DiscRep_SUB:FEATURE_LOCATION_CONFLICT::Coding region xref gene does not exist
prokka_out/CA139575:CDS	hypothetical protein	NODE_3_length_216379_cov_110.237168:c212261-211677	HDHBLALJ_01061

DiscRep_SUB:FEATURE_LOCATION_CONFLICT::Coding region xref gene does not exist
prokka_out/CA139575:CDS	hypothetical protein	NODE_3_length_216379_cov_110.237168:212542-213765	HDHBLALJ_01062

DiscRep_SUB:FEATURE_LOCATION_CONFLICT::Coding region xref gene does not exist
prokka_out/CA139575:CDS	hypothetical protein	NODE_3_length_216379_cov_110.237168:213734-214501	HDHBLALJ_01063

DiscRep_SUB:FEATURE_LOCATION_CONFLICT::Coding region xref gene does not exist
prokka_out/CA139575:CDS	hypothetical protein	NODE_3_length_216379_cov_110.237168:214568-216205	HDHBLALJ_01064

DiscRep_SUB:FEATURE_LOCATION_CONFLICT::Coding region xref gene does not exist
prokka_out/CA139575:CDS	hypothetical protein	NODE_4_length_167782_cov_107.829555:57-257	HDHBLALJ_01065

DiscRep_SUB:FEATURE_LOCATION_CONFLICT::Coding region xref gene does not exist
prokka_out/CA139575:CDS	hypothetical protein	NODE_4_length_167782_cov_107.829555:c3251-885	HDHBLALJ_01066

DiscRep_SUB:FEATURE_LOCATION_CONFLICT::Coding region xref gene does not exist
prokka_out/CA139575:CDS	NAD(P)H-quinone oxidoreductase subunit 2, chloroplastic	NODE_4_length_167782_cov_107.829555:c4637-3264	HDHBLALJ_01067

DiscRep_SUB:FEATURE_LOCATION_CONFLICT::Coding region xref gene does not exist
prokka_out/CA139575:CDS	NAD(P)H-quinone oxidoreductase chain 4	NODE_4_length_167782_cov_107.829555:c6117-4627	HDHBLALJ_01068

DiscRep_SUB:FEATURE_LOCATION_CONFLICT::Coding region xref gene does not exist
prokka_out/CA139575:CDS	NADH-quinone oxidoreductase subunit L	NODE_4_length_167782_cov_107.829555:c7909-6119	HDHBLALJ_01069

DiscRep_SUB:FEATURE_LOCATION_CONFLICT::Coding region xref gene does not exist
prokka_out/CA139575:CDS	NADH-quinone oxidoreductase subunit K	NODE_4_length_167782_cov_107.829555:c8205-7912	HDHBLALJ_01070

DiscRep_SUB:FEATURE_LOCATION_CONFLICT::Coding region xref gene does not exist
prokka_out/CA139575:CDS	NADH-quinone oxidoreductase subunit J	NODE_4_length_167782_cov_107.829555:c8720-8205	HDHBLALJ_01071

DiscRep_SUB:FEATURE_LOCATION_CONFLICT::Coding region xref gene does not exist
prokka_out/CA139575:CDS	NAD(P)H-quinone oxidoreductase subunit I, chloroplastic	NODE_4_length_167782_cov_107.829555:c9382-8717	HDHBLALJ_01072

DiscRep_SUB:FEATURE_LOCATION_CONFLICT::Coding region xref gene does not exist
prokka_out/CA139575:CDS	NADH-quinone oxidoreductase subunit H	NODE_4_length_167782_cov_107.829555:c10390-9392	HDHBLALJ_01073

DiscRep_SUB:FEATURE_LOCATION_CONFLICT::Coding region xref gene does not exist
prokka_out/CA139575:CDS	hypothetical protein	NODE_4_length_167782_cov_107.829555:c12845-10383	HDHBLALJ_01074

DiscRep_SUB:FEATURE_LOCATION_CONFLICT::Coding region xref gene does not exist
prokka_out/CA139575:CDS	hypothetical protein	NODE_4_length_167782_cov_107.829555:c13534-12842	HDHBLALJ_01075

DiscRep_SUB:FEATURE_LOCATION_CONFLICT::Coding region xref gene does not exist
prokka_out/CA139575:CDS	hypothetical protein	NODE_4_length_167782_cov_107.829555:c13758-13531	HDHBLALJ_01076

DiscRep_SUB:FEATURE_LOCATION_CONFLICT::Coding region xref gene does not exist
prokka_out/CA139575:CDS	NADH-quinone oxidoreductase subunit D	NODE_4_length_167782_cov_107.829555:c14981-13755	HDHBLALJ_01077

DiscRep_SUB:FEATURE_LOCATION_CONFLICT::Coding region xref gene does not exist
prokka_out/CA139575:CDS	NAD(P)H-quinone oxidoreductase subunit J, chloroplastic	NODE_4_length_167782_cov_107.829555:c15774-14983	HDHBLALJ_01078

DiscRep_SUB:FEATURE_LOCATION_CONFLICT::Coding region xref gene does not exist
prokka_out/CA139575:CDS	NADH-quinone oxidoreductase subunit 6	NODE_4_length_167782_cov_107.829555:c16277-15774	HDHBLALJ_01079

DiscRep_SUB:FEATURE_LOCATION_CONFLICT::Coding region xref gene does not exist
prokka_out/CA139575:CDS	NAD(P)H-quinone oxidoreductase subunit 3, chloroplastic	NODE_4_length_167782_cov_107.829555:c16648-16259	HDHBLALJ_01080

DiscRep_SUB:FEATURE_LOCATION_CONFLICT::Coding region xref gene does not exist
prokka_out/CA139575:CDS	Nickel import ATP-binding protein NikE	NODE_4_length_167782_cov_107.829555:c17431-16766	HDHBLALJ_01081

DiscRep_SUB:FEATURE_LOCATION_CONFLICT::Coding region xref gene does not exist
prokka_out/CA139575:CDS	Dipeptide transport ATP-binding protein DppD	NODE_4_length_167782_cov_107.829555:c18134-17424	HDHBLALJ_01082

DiscRep_SUB:FEATURE_LOCATION_CONFLICT::Coding region xref gene does not exist
prokka_out/CA139575:CDS	Dipeptide transport system permease protein DppC	NODE_4_length_167782_cov_107.829555:c18886-18131	HDHBLALJ_01083

DiscRep_SUB:FEATURE_LOCATION_CONFLICT::Coding region xref gene does not exist
prokka_out/CA139575:CDS	Metal-staphylopine import system permease protein CntB	NODE_4_length_167782_cov_107.829555:c19856-18912	HDHBLALJ_01084

DiscRep_SUB:FEATURE_LOCATION_CONFLICT::Coding region xref gene does not exist
prokka_out/CA139575:CDS	Oligopeptide-binding protein AppA	NODE_4_length_167782_cov_107.829555:c21395-19857	HDHBLALJ_01085

DiscRep_SUB:FEATURE_LOCATION_CONFLICT::Coding region xref gene does not exist
prokka_out/CA139575:CDS	hypothetical protein	NODE_4_length_167782_cov_107.829555:c24277-21500	HDHBLALJ_01086

DiscRep_SUB:FEATURE_LOCATION_CONFLICT::Coding region xref gene does not exist
prokka_out/CA139575:CDS	Bacterial hemoglobin	NODE_4_length_167782_cov_107.829555:24429-24851	HDHBLALJ_01087

DiscRep_SUB:FEATURE_LOCATION_CONFLICT::Coding region xref gene does not exist
prokka_out/CA139575:CDS	ABC transporter ATP-binding/permease protein YojI	NODE_4_length_167782_cov_107.829555:c26502-24871	HDHBLALJ_01088

DiscRep_SUB:FEATURE_LOCATION_CONFLICT::Coding region xref gene does not exist
prokka_out/CA139575:CDS	Proline/betaine transporter	NODE_4_length_167782_cov_107.829555:c27846-26539	HDHBLALJ_01089

DiscRep_SUB:FEATURE_LOCATION_CONFLICT::Coding region xref gene does not exist
prokka_out/CA139575:CDS	hypothetical protein	NODE_4_length_167782_cov_107.829555:28157-28375	HDHBLALJ_01090

DiscRep_SUB:FEATURE_LOCATION_CONFLICT::Coding region xref gene does not exist
prokka_out/CA139575:CDS	hypothetical protein	NODE_4_length_167782_cov_107.829555:28372-28806	HDHBLALJ_01091

DiscRep_SUB:FEATURE_LOCATION_CONFLICT::Coding region xref gene does not exist
prokka_out/CA139575:CDS	hypothetical protein	NODE_4_length_167782_cov_107.829555:29067-29225	HDHBLALJ_01092

DiscRep_SUB:FEATURE_LOCATION_CONFLICT::Coding region xref gene does not exist
prokka_out/CA139575:CDS	hypothetical protein	NODE_4_length_167782_cov_107.829555:29306-30466	HDHBLALJ_01093

DiscRep_SUB:FEATURE_LOCATION_CONFLICT::Coding region xref gene does not exist
prokka_out/CA139575:CDS	hypothetical protein	NODE_4_length_167782_cov_107.829555:30454-31071	HDHBLALJ_01094

DiscRep_SUB:FEATURE_LOCATION_CONFLICT::Coding region xref gene does not exist
prokka_out/CA139575:CDS	hypothetical protein	NODE_4_length_167782_cov_107.829555:31074-31859	HDHBLALJ_01095

DiscRep_SUB:FEATURE_LOCATION_CONFLICT::Coding region xref gene does not exist
prokka_out/CA139575:CDS	hypothetical protein	NODE_4_length_167782_cov_107.829555:31927-32415	HDHBLALJ_01096

DiscRep_SUB:FEATURE_LOCATION_CONFLICT::Coding region xref gene does not exist
prokka_out/CA139575:CDS	hypothetical protein	NODE_4_length_167782_cov_107.829555:32418-33278	HDHBLALJ_01097

DiscRep_SUB:FEATURE_LOCATION_CONFLICT::Coding region xref gene does not exist
prokka_out/CA139575:CDS	Translation initiation factor IF-1	NODE_4_length_167782_cov_107.829555:33344-33562	HDHBLALJ_01098

DiscRep_SUB:FEATURE_LOCATION_CONFLICT::Coding region xref gene does not exist
prokka_out/CA139575:CDS	30S ribosomal protein S13	NODE_4_length_167782_cov_107.829555:33850-34215	HDHBLALJ_01099

DiscRep_SUB:FEATURE_LOCATION_CONFLICT::Coding region xref gene does not exist
prokka_out/CA139575:CDS	30S ribosomal protein S11	NODE_4_length_167782_cov_107.829555:34225-34617	HDHBLALJ_01100

DiscRep_SUB:FEATURE_LOCATION_CONFLICT::Coding region xref gene does not exist
prokka_out/CA139575:CDS	30S ribosomal protein S4	NODE_4_length_167782_cov_107.829555:34647-35273	HDHBLALJ_01101

DiscRep_SUB:FEATURE_LOCATION_CONFLICT::Coding region xref gene does not exist
prokka_out/CA139575:CDS	DNA-directed RNA polymerase subunit alpha	NODE_4_length_167782_cov_107.829555:35287-36300	HDHBLALJ_01102

DiscRep_SUB:FEATURE_LOCATION_CONFLICT::Coding region xref gene does not exist
prokka_out/CA139575:CDS	50S ribosomal protein L17	NODE_4_length_167782_cov_107.829555:36304-36657	HDHBLALJ_01103

DiscRep_SUB:FEATURE_LOCATION_CONFLICT::Coding region xref gene does not exist
prokka_out/CA139575:CDS	ATP phosphoribosyltransferase	NODE_4_length_167782_cov_107.829555:36875-37774	HDHBLALJ_01104

DiscRep_SUB:FEATURE_LOCATION_CONFLICT::Coding region xref gene does not exist
prokka_out/CA139575:CDS	Histidinol dehydrogenase	NODE_4_length_167782_cov_107.829555:37782-39068	HDHBLALJ_01105

DiscRep_SUB:FEATURE_LOCATION_CONFLICT::Coding region xref gene does not exist
prokka_out/CA139575:CDS	Histidine biosynthesis bifunctional protein HisB	NODE_4_length_167782_cov_107.829555:39065-40126	HDHBLALJ_01106

DiscRep_SUB:FEATURE_LOCATION_CONFLICT::Coding region xref gene does not exist
prokka_out/CA139575:CDS	Imidazole glycerol phosphate synthase subunit HisH	NODE_4_length_167782_cov_107.829555:40123-40710	HDHBLALJ_01107

DiscRep_SUB:FEATURE_LOCATION_CONFLICT::Coding region xref gene does not exist
prokka_out/CA139575:CDS	1-(5-phosphoribosyl)-5-[(5-phosphoribosylamino)methylideneamino] imidazole-4-carboxamide isomerase	NODE_4_length_167782_cov_107.829555:40707-41435	HDHBLALJ_01108

DiscRep_SUB:FEATURE_LOCATION_CONFLICT::Coding region xref gene does not exist
prokka_out/CA139575:CDS	Imidazole glycerol phosphate synthase subunit HisF	NODE_4_length_167782_cov_107.829555:41417-42184	HDHBLALJ_01109

DiscRep_SUB:FEATURE_LOCATION_CONFLICT::Coding region xref gene does not exist
prokka_out/CA139575:CDS	Histidine biosynthesis bifunctional protein HisIE	NODE_4_length_167782_cov_107.829555:42187-42810	HDHBLALJ_01110

DiscRep_SUB:FEATURE_LOCATION_CONFLICT::Coding region xref gene does not exist
prokka_out/CA139575:CDS	hypothetical protein	NODE_4_length_167782_cov_107.829555:42863-43378	HDHBLALJ_01111

DiscRep_SUB:FEATURE_LOCATION_CONFLICT::Coding region xref gene does not exist
prokka_out/CA139575:CDS	2,3,4,5-tetrahydropyridine-2,6-dicarboxylate N-succinyltransferase	NODE_4_length_167782_cov_107.829555:c44599-43436	HDHBLALJ_01112

DiscRep_SUB:FEATURE_LOCATION_CONFLICT::Coding region xref gene does not exist
prokka_out/CA139575:CDS	Iron-sulfur cluster carrier protein	NODE_4_length_167782_cov_107.829555:c45724-44618	HDHBLALJ_01113

DiscRep_SUB:FEATURE_LOCATION_CONFLICT::Coding region xref gene does not exist
prokka_out/CA139575:CDS	Bifunctional enzyme IspD/IspF	NODE_4_length_167782_cov_107.829555:45844-46959	HDHBLALJ_01114

DiscRep_SUB:FEATURE_LOCATION_CONFLICT::Coding region xref gene does not exist
prokka_out/CA139575:CDS	hypothetical protein	NODE_4_length_167782_cov_107.829555:46956-47843	HDHBLALJ_01115

DiscRep_SUB:FEATURE_LOCATION_CONFLICT::Coding region xref gene does not exist
prokka_out/CA139575:CDS	Sulfate adenylyltransferase	NODE_4_length_167782_cov_107.829555:47821-48981	HDHBLALJ_01116

DiscRep_SUB:FEATURE_LOCATION_CONFLICT::Coding region xref gene does not exist
prokka_out/CA139575:CDS	Phosphatidylglycerophosphatase A	NODE_4_length_167782_cov_107.829555:48991-49491	HDHBLALJ_01117

DiscRep_SUB:FEATURE_LOCATION_CONFLICT::Coding region xref gene does not exist
prokka_out/CA139575:CDS	hypothetical protein	NODE_4_length_167782_cov_107.829555:49568-49831	HDHBLALJ_01118

DiscRep_SUB:FEATURE_LOCATION_CONFLICT::Coding region xref gene does not exist
prokka_out/CA139575:CDS	Peptide chain release factor RF1	NODE_4_length_167782_cov_107.829555:49848-50915	HDHBLALJ_01119

DiscRep_SUB:FEATURE_LOCATION_CONFLICT::Coding region xref gene does not exist
prokka_out/CA139575:CDS	Heme oxygenase HugZ	NODE_4_length_167782_cov_107.829555:c51701-50946	HDHBLALJ_01120

DiscRep_SUB:FEATURE_LOCATION_CONFLICT::Coding region xref gene does not exist
prokka_out/CA139575:CDS	Vitamin B12 transporter BtuB	NODE_4_length_167782_cov_107.829555:51905-54013	HDHBLALJ_01121

DiscRep_SUB:FEATURE_LOCATION_CONFLICT::Coding region xref gene does not exist
prokka_out/CA139575:CDS	Hemin transport system permease protein HmuU	NODE_4_length_167782_cov_107.829555:53973-54974	HDHBLALJ_01122

DiscRep_SUB:FEATURE_LOCATION_CONFLICT::Coding region xref gene does not exist
prokka_out/CA139575:CDS	Ferric enterobactin transport ATP-binding protein FepC	NODE_4_length_167782_cov_107.829555:54971-55750	HDHBLALJ_01123

DiscRep_SUB:FEATURE_LOCATION_CONFLICT::Coding region xref gene does not exist
prokka_out/CA139575:CDS	Vitamin B12-binding protein	NODE_4_length_167782_cov_107.829555:55747-56553	HDHBLALJ_01124

DiscRep_SUB:FEATURE_LOCATION_CONFLICT::Coding region xref gene does not exist
prokka_out/CA139575:CDS	GTP 3',8-cyclase	NODE_4_length_167782_cov_107.829555:c57407-56550	HDHBLALJ_01125

DiscRep_SUB:FEATURE_LOCATION_CONFLICT::Coding region xref gene does not exist
prokka_out/CA139575:CDS	Alpha-ketoglutarate permease	NODE_4_length_167782_cov_107.829555:57577-58839	HDHBLALJ_01126

DiscRep_SUB:FEATURE_LOCATION_CONFLICT::Coding region xref gene does not exist
prokka_out/CA139575:CDS	Adenine DNA glycosylase	NODE_4_length_167782_cov_107.829555:c59844-58825	HDHBLALJ_01127

DiscRep_SUB:FEATURE_LOCATION_CONFLICT::Coding region xref gene does not exist
prokka_out/CA139575:CDS	Bacteriohemerythrin	NODE_4_length_167782_cov_107.829555:60168-60854	HDHBLALJ_01128

DiscRep_SUB:FEATURE_LOCATION_CONFLICT::Coding region xref gene does not exist
prokka_out/CA139575:CDS	Bacteriohemerythrin	NODE_4_length_167782_cov_107.829555:60806-61144	HDHBLALJ_01129

DiscRep_SUB:FEATURE_LOCATION_CONFLICT::Coding region xref gene does not exist
prokka_out/CA139575:CDS	hypothetical protein	NODE_4_length_167782_cov_107.829555:61165-61401	HDHBLALJ_01130

DiscRep_SUB:FEATURE_LOCATION_CONFLICT::Coding region xref gene does not exist
prokka_out/CA139575:CDS	hypothetical protein	NODE_4_length_167782_cov_107.829555:61454-62212	HDHBLALJ_01131

DiscRep_SUB:FEATURE_LOCATION_CONFLICT::Coding region xref gene does not exist
prokka_out/CA139575:CDS	hypothetical protein	NODE_4_length_167782_cov_107.829555:62733-63062	HDHBLALJ_01136

DiscRep_SUB:FEATURE_LOCATION_CONFLICT::Coding region xref gene does not exist
prokka_out/CA139575:CDS	hypothetical protein	NODE_4_length_167782_cov_107.829555:63157-64890	HDHBLALJ_01137

DiscRep_SUB:FEATURE_LOCATION_CONFLICT::Coding region xref gene does not exist
prokka_out/CA139575:CDS	Riboflavin biosynthesis protein RibD	NODE_4_length_167782_cov_107.829555:64900-65880	HDHBLALJ_01138

DiscRep_SUB:FEATURE_LOCATION_CONFLICT::Coding region xref gene does not exist
prokka_out/CA139575:CDS	hypothetical protein	NODE_4_length_167782_cov_107.829555:65861-66382	HDHBLALJ_01139

DiscRep_SUB:FEATURE_LOCATION_CONFLICT::Coding region xref gene does not exist
prokka_out/CA139575:CDS	L-serine dehydratase TdcG	NODE_4_length_167782_cov_107.829555:c67806-66442	HDHBLALJ_01140

DiscRep_SUB:FEATURE_LOCATION_CONFLICT::Coding region xref gene does not exist
prokka_out/CA139575:CDS	Serine transporter	NODE_4_length_167782_cov_107.829555:c69139-67817	HDHBLALJ_01141

DiscRep_SUB:FEATURE_LOCATION_CONFLICT::Coding region xref gene does not exist
prokka_out/CA139575:CDS	hypothetical protein	NODE_4_length_167782_cov_107.829555:c69825-69409	HDHBLALJ_01142

DiscRep_SUB:FEATURE_LOCATION_CONFLICT::Coding region xref gene does not exist
prokka_out/CA139575:CDS	hypothetical protein	NODE_4_length_167782_cov_107.829555:c70631-69894	HDHBLALJ_01143

DiscRep_SUB:FEATURE_LOCATION_CONFLICT::Coding region xref gene does not exist
prokka_out/CA139575:CDS	Tol-Pal system protein TolQ	NODE_4_length_167782_cov_107.829555:70784-71209	HDHBLALJ_01144

DiscRep_SUB:FEATURE_LOCATION_CONFLICT::Coding region xref gene does not exist
prokka_out/CA139575:CDS	Tol-Pal system protein TolR	NODE_4_length_167782_cov_107.829555:71202-71591	HDHBLALJ_01145

DiscRep_SUB:FEATURE_LOCATION_CONFLICT::Coding region xref gene does not exist
prokka_out/CA139575:CDS	hypothetical protein	NODE_4_length_167782_cov_107.829555:c72695-71826	HDHBLALJ_01146

DiscRep_SUB:FEATURE_LOCATION_CONFLICT::Coding region xref gene does not exist
prokka_out/CA139575:CDS	hypothetical protein	NODE_4_length_167782_cov_107.829555:c72860-72699	HDHBLALJ_01147

DiscRep_SUB:FEATURE_LOCATION_CONFLICT::Coding region xref gene does not exist
prokka_out/CA139575:CDS	tRNA-specific 2-thiouridylase MnmA	NODE_4_length_167782_cov_107.829555:72955-73938	HDHBLALJ_01148

DiscRep_SUB:FEATURE_LOCATION_CONFLICT::Coding region xref gene does not exist
prokka_out/CA139575:CDS	Filamentous hemagglutinin transporter protein FhaC	NODE_4_length_167782_cov_107.829555:c75284-73941	HDHBLALJ_01149

DiscRep_SUB:FEATURE_LOCATION_CONFLICT::Coding region xref gene does not exist
prokka_out/CA139575:CDS	hypothetical protein	NODE_4_length_167782_cov_107.829555:c77678-75591	HDHBLALJ_01150

DiscRep_SUB:FEATURE_LOCATION_CONFLICT::Coding region xref gene does not exist
prokka_out/CA139575:CDS	hypothetical protein	NODE_4_length_167782_cov_107.829555:c80641-78014	HDHBLALJ_01151

DiscRep_SUB:FEATURE_LOCATION_CONFLICT::Coding region xref gene does not exist
prokka_out/CA139575:CDS	hypothetical protein	NODE_4_length_167782_cov_107.829555:c81189-80641	HDHBLALJ_01152

DiscRep_SUB:FEATURE_LOCATION_CONFLICT::Coding region xref gene does not exist
prokka_out/CA139575:CDS	Chorismate synthase	NODE_4_length_167782_cov_107.829555:c82536-81445	HDHBLALJ_01153

DiscRep_SUB:FEATURE_LOCATION_CONFLICT::Coding region xref gene does not exist
prokka_out/CA139575:CDS	Ribonuclease 3	NODE_4_length_167782_cov_107.829555:c83210-82536	HDHBLALJ_01154

DiscRep_SUB:FEATURE_LOCATION_CONFLICT::Coding region xref gene does not exist
prokka_out/CA139575:CDS	Ribonuclease H	NODE_4_length_167782_cov_107.829555:c83637-83197	HDHBLALJ_01155

DiscRep_SUB:FEATURE_LOCATION_CONFLICT::Coding region xref gene does not exist
prokka_out/CA139575:CDS	Lipopolysaccharide assembly protein B	NODE_4_length_167782_cov_107.829555:c84607-83624	HDHBLALJ_01156

DiscRep_SUB:FEATURE_LOCATION_CONFLICT::Coding region xref gene does not exist
prokka_out/CA139575:CDS	DNA primase	NODE_4_length_167782_cov_107.829555:84677-86503	HDHBLALJ_01157

DiscRep_SUB:FEATURE_LOCATION_CONFLICT::Coding region xref gene does not exist
prokka_out/CA139575:CDS	hypothetical protein	NODE_4_length_167782_cov_107.829555:86601-86870	HDHBLALJ_01158

DiscRep_SUB:FEATURE_LOCATION_CONFLICT::Coding region xref gene does not exist
prokka_out/CA139575:CDS	hypothetical protein	NODE_4_length_167782_cov_107.829555:86857-87414	HDHBLALJ_01159

DiscRep_SUB:FEATURE_LOCATION_CONFLICT::Coding region xref gene does not exist
prokka_out/CA139575:CDS	UDP-N-acetylmuramoyl-L-alanyl-D-glutamate--2,6-diaminopimelate ligase	NODE_4_length_167782_cov_107.829555:87398-88681	HDHBLALJ_01160

DiscRep_SUB:FEATURE_LOCATION_CONFLICT::Coding region xref gene does not exist
prokka_out/CA139575:CDS	Nucleoid-associated protein	NODE_4_length_167782_cov_107.829555:88685-88990	HDHBLALJ_01161

DiscRep_SUB:FEATURE_LOCATION_CONFLICT::Coding region xref gene does not exist
prokka_out/CA139575:CDS	hypothetical protein	NODE_4_length_167782_cov_107.829555:88987-90078	HDHBLALJ_01162

DiscRep_SUB:FEATURE_LOCATION_CONFLICT::Coding region xref gene does not exist
prokka_out/CA139575:CDS	Farnesyl diphosphate synthase	NODE_4_length_167782_cov_107.829555:90075-90914	HDHBLALJ_01163

DiscRep_SUB:FEATURE_LOCATION_CONFLICT::Coding region xref gene does not exist
prokka_out/CA139575:CDS	Transketolase	NODE_4_length_167782_cov_107.829555:90924-92822	HDHBLALJ_01164

DiscRep_SUB:FEATURE_LOCATION_CONFLICT::Coding region xref gene does not exist
prokka_out/CA139575:CDS	hypothetical protein	NODE_4_length_167782_cov_107.829555:92824-93939	HDHBLALJ_01165

DiscRep_SUB:FEATURE_LOCATION_CONFLICT::Coding region xref gene does not exist
prokka_out/CA139575:CDS	putative ribonucleotide transport ATP-binding protein mkl	NODE_4_length_167782_cov_107.829555:93940-94662	HDHBLALJ_01166

DiscRep_SUB:FEATURE_LOCATION_CONFLICT::Coding region xref gene does not exist
prokka_out/CA139575:CDS	hypothetical protein	NODE_4_length_167782_cov_107.829555:94665-95561	HDHBLALJ_01167

DiscRep_SUB:FEATURE_LOCATION_CONFLICT::Coding region xref gene does not exist
prokka_out/CA139575:CDS	hypothetical protein	NODE_4_length_167782_cov_107.829555:95558-96160	HDHBLALJ_01168

DiscRep_SUB:FEATURE_LOCATION_CONFLICT::Coding region xref gene does not exist
prokka_out/CA139575:CDS	hypothetical protein	NODE_4_length_167782_cov_107.829555:96212-96712	HDHBLALJ_01169

DiscRep_SUB:FEATURE_LOCATION_CONFLICT::Coding region xref gene does not exist
prokka_out/CA139575:CDS	Methionine aminopeptidase 1	NODE_4_length_167782_cov_107.829555:c97792-97034	HDHBLALJ_01170

DiscRep_SUB:FEATURE_LOCATION_CONFLICT::Coding region xref gene does not exist
prokka_out/CA139575:CDS	Glutamate racemase	NODE_4_length_167782_cov_107.829555:c98545-97802	HDHBLALJ_01171

DiscRep_SUB:FEATURE_LOCATION_CONFLICT::Coding region xref gene does not exist
prokka_out/CA139575:CDS	hypothetical protein	NODE_4_length_167782_cov_107.829555:c99011-98547	HDHBLALJ_01172

DiscRep_SUB:FEATURE_LOCATION_CONFLICT::Coding region xref gene does not exist
prokka_out/CA139575:CDS	Na(+)/H(+) antiporter NhaA	NODE_4_length_167782_cov_107.829555:c100189-99020	HDHBLALJ_01173

DiscRep_SUB:FEATURE_LOCATION_CONFLICT::Coding region xref gene does not exist
prokka_out/CA139575:CDS	Na(+)/H(+) antiporter NhaA	NODE_4_length_167782_cov_107.829555:c101334-100186	HDHBLALJ_01174

DiscRep_SUB:FEATURE_LOCATION_CONFLICT::Coding region xref gene does not exist
prokka_out/CA139575:CDS	hypothetical protein	NODE_4_length_167782_cov_107.829555:c101642-101460	HDHBLALJ_01175

DiscRep_SUB:FEATURE_LOCATION_CONFLICT::Coding region xref gene does not exist
prokka_out/CA139575:CDS	hypothetical protein	NODE_4_length_167782_cov_107.829555:101820-103889	HDHBLALJ_01176

DiscRep_SUB:FEATURE_LOCATION_CONFLICT::Coding region xref gene does not exist
prokka_out/CA139575:CDS	34 kDa membrane antigen	NODE_4_length_167782_cov_107.829555:103886-104425	HDHBLALJ_01177

DiscRep_SUB:FEATURE_LOCATION_CONFLICT::Coding region xref gene does not exist
prokka_out/CA139575:CDS	hypothetical protein	NODE_4_length_167782_cov_107.829555:104507-105910	HDHBLALJ_01178

DiscRep_SUB:FEATURE_LOCATION_CONFLICT::Coding region xref gene does not exist
prokka_out/CA139575:CDS	hypothetical protein	NODE_4_length_167782_cov_107.829555:105900-107195	HDHBLALJ_01179

DiscRep_SUB:FEATURE_LOCATION_CONFLICT::Coding region xref gene does not exist
prokka_out/CA139575:CDS	hypothetical protein	NODE_4_length_167782_cov_107.829555:107185-108303	HDHBLALJ_01180

DiscRep_SUB:FEATURE_LOCATION_CONFLICT::Coding region xref gene does not exist
prokka_out/CA139575:CDS	putative ABC transporter ATP-binding protein YknY	NODE_4_length_167782_cov_107.829555:108303-108950	HDHBLALJ_01181

DiscRep_SUB:FEATURE_LOCATION_CONFLICT::Coding region xref gene does not exist
prokka_out/CA139575:CDS	Thiol-disulfide oxidoreductase ResA	NODE_4_length_167782_cov_107.829555:108947-109435	HDHBLALJ_01182

DiscRep_SUB:FEATURE_LOCATION_CONFLICT::Coding region xref gene does not exist
prokka_out/CA139575:CDS	hypothetical protein	NODE_4_length_167782_cov_107.829555:109396-109899	HDHBLALJ_01183

DiscRep_SUB:FEATURE_LOCATION_CONFLICT::Coding region xref gene does not exist
prokka_out/CA139575:CDS	GTPase Obg	NODE_4_length_167782_cov_107.829555:c110999-109962	HDHBLALJ_01184

DiscRep_SUB:FEATURE_LOCATION_CONFLICT::Coding region xref gene does not exist
prokka_out/CA139575:CDS	50S ribosomal protein L27	NODE_4_length_167782_cov_107.829555:c111358-111104	HDHBLALJ_01185

DiscRep_SUB:FEATURE_LOCATION_CONFLICT::Coding region xref gene does not exist
prokka_out/CA139575:CDS	50S ribosomal protein L21	NODE_4_length_167782_cov_107.829555:c111677-111369	HDHBLALJ_01186

DiscRep_SUB:FEATURE_LOCATION_CONFLICT::Coding region xref gene does not exist
prokka_out/CA139575:CDS	hypothetical protein	NODE_4_length_167782_cov_107.829555:c112820-111834	HDHBLALJ_01187

DiscRep_SUB:FEATURE_LOCATION_CONFLICT::Coding region xref gene does not exist
prokka_out/CA139575:CDS	hypothetical protein	NODE_4_length_167782_cov_107.829555:c113443-112820	HDHBLALJ_01188

DiscRep_SUB:FEATURE_LOCATION_CONFLICT::Coding region xref gene does not exist
prokka_out/CA139575:CDS	hypothetical protein	NODE_4_length_167782_cov_107.829555:c114826-113474	HDHBLALJ_01189

DiscRep_SUB:FEATURE_LOCATION_CONFLICT::Coding region xref gene does not exist
prokka_out/CA139575:CDS	Anaerobic C4-dicarboxylate transporter DcuA	NODE_4_length_167782_cov_107.829555:c116233-114896	HDHBLALJ_01190

DiscRep_SUB:FEATURE_LOCATION_CONFLICT::Coding region xref gene does not exist
prokka_out/CA139575:CDS	Aspartate ammonia-lyase	NODE_4_length_167782_cov_107.829555:c117656-116250	HDHBLALJ_01191

DiscRep_SUB:FEATURE_LOCATION_CONFLICT::Coding region xref gene does not exist
prokka_out/CA139575:CDS	Uracil-DNA glycosylase	NODE_4_length_167782_cov_107.829555:117920-118615	HDHBLALJ_01192

DiscRep_SUB:FEATURE_LOCATION_CONFLICT::Coding region xref gene does not exist
prokka_out/CA139575:CDS	L-aspartate/glutamate-specific racemase	NODE_4_length_167782_cov_107.829555:118750-119442	HDHBLALJ_01193

DiscRep_SUB:FEATURE_LOCATION_CONFLICT::Coding region xref gene does not exist
prokka_out/CA139575:CDS	hypothetical protein	NODE_4_length_167782_cov_107.829555:c119639-119439	HDHBLALJ_01194

DiscRep_SUB:FEATURE_LOCATION_CONFLICT::Coding region xref gene does not exist
prokka_out/CA139575:CDS	hypothetical protein	NODE_4_length_167782_cov_107.829555:119770-120393	HDHBLALJ_01195

DiscRep_SUB:FEATURE_LOCATION_CONFLICT::Coding region xref gene does not exist
prokka_out/CA139575:CDS	hypothetical protein	NODE_4_length_167782_cov_107.829555:c120579-120475	HDHBLALJ_01196

DiscRep_SUB:FEATURE_LOCATION_CONFLICT::Coding region xref gene does not exist
prokka_out/CA139575:CDS	Cytochrome bd-I ubiquinol oxidase subunit 2	NODE_4_length_167782_cov_107.829555:c121717-120593	HDHBLALJ_01197

DiscRep_SUB:FEATURE_LOCATION_CONFLICT::Coding region xref gene does not exist
prokka_out/CA139575:CDS	Cytochrome bd-I ubiquinol oxidase subunit 1	NODE_4_length_167782_cov_107.829555:c123279-121717	HDHBLALJ_01198

DiscRep_SUB:FEATURE_LOCATION_CONFLICT::Coding region xref gene does not exist
prokka_out/CA139575:CDS	hypothetical protein	NODE_4_length_167782_cov_107.829555:c123509-123279	HDHBLALJ_01199

DiscRep_SUB:FEATURE_LOCATION_CONFLICT::Coding region xref gene does not exist
prokka_out/CA139575:CDS	L-lactate permease	NODE_4_length_167782_cov_107.829555:123909-125576	HDHBLALJ_01200

DiscRep_SUB:FEATURE_LOCATION_CONFLICT::Coding region xref gene does not exist
prokka_out/CA139575:CDS	Lactate utilization protein A	NODE_4_length_167782_cov_107.829555:125729-126466	HDHBLALJ_01201

DiscRep_SUB:FEATURE_LOCATION_CONFLICT::Coding region xref gene does not exist
prokka_out/CA139575:CDS	Lactate utilization protein B	NODE_4_length_167782_cov_107.829555:126463-127902	HDHBLALJ_01202

DiscRep_SUB:FEATURE_LOCATION_CONFLICT::Coding region xref gene does not exist
prokka_out/CA139575:CDS	Lactate utilization protein C	NODE_4_length_167782_cov_107.829555:127895-128551	HDHBLALJ_01203

DiscRep_SUB:FEATURE_LOCATION_CONFLICT::Coding region xref gene does not exist
prokka_out/CA139575:CDS	Bacteriohemerythrin	NODE_4_length_167782_cov_107.829555:128774-129463	HDHBLALJ_01204

DiscRep_SUB:FEATURE_LOCATION_CONFLICT::Coding region xref gene does not exist
prokka_out/CA139575:CDS	Bacteriohemerythrin	NODE_4_length_167782_cov_107.829555:129444-130055	HDHBLALJ_01205

DiscRep_SUB:FEATURE_LOCATION_CONFLICT::Coding region xref gene does not exist
prokka_out/CA139575:CDS	hypothetical protein	NODE_4_length_167782_cov_107.829555:c131314-130283	HDHBLALJ_01206

DiscRep_SUB:FEATURE_LOCATION_CONFLICT::Coding region xref gene does not exist
prokka_out/CA139575:CDS	hypothetical protein	NODE_4_length_167782_cov_107.829555:c132318-131422	HDHBLALJ_01207

DiscRep_SUB:FEATURE_LOCATION_CONFLICT::Coding region xref gene does not exist
prokka_out/CA139575:CDS	Aminodeoxyfutalosine deaminase	NODE_4_length_167782_cov_107.829555:c133535-132306	HDHBLALJ_01208

DiscRep_SUB:FEATURE_LOCATION_CONFLICT::Coding region xref gene does not exist
prokka_out/CA139575:CDS	3-dehydroquinate dehydratase	NODE_4_length_167782_cov_107.829555:133628-134116	HDHBLALJ_01209

DiscRep_SUB:FEATURE_LOCATION_CONFLICT::Coding region xref gene does not exist
prokka_out/CA139575:CDS	hypothetical protein	NODE_4_length_167782_cov_107.829555:134119-134601	HDHBLALJ_01210

DiscRep_SUB:FEATURE_LOCATION_CONFLICT::Coding region xref gene does not exist
prokka_out/CA139575:CDS	Signal recognition particle 54 kDa protein	NODE_4_length_167782_cov_107.829555:134602-136032	HDHBLALJ_01211

DiscRep_SUB:FEATURE_LOCATION_CONFLICT::Coding region xref gene does not exist
prokka_out/CA139575:CDS	Flagellum site-determining protein YlxH	NODE_4_length_167782_cov_107.829555:136025-136891	HDHBLALJ_01212

DiscRep_SUB:FEATURE_LOCATION_CONFLICT::Coding region xref gene does not exist
prokka_out/CA139575:CDS	hypothetical protein	NODE_4_length_167782_cov_107.829555:136911-137267	HDHBLALJ_01213

DiscRep_SUB:FEATURE_LOCATION_CONFLICT::Coding region xref gene does not exist
prokka_out/CA139575:CDS	RNA polymerase sigma factor FliA	NODE_4_length_167782_cov_107.829555:137248-137940	HDHBLALJ_01214

DiscRep_SUB:FEATURE_LOCATION_CONFLICT::Coding region xref gene does not exist
prokka_out/CA139575:CDS	Flagellar motor switch protein FliM	NODE_4_length_167782_cov_107.829555:137940-139016	HDHBLALJ_01215

DiscRep_SUB:FEATURE_LOCATION_CONFLICT::Coding region xref gene does not exist
prokka_out/CA139575:CDS	hypothetical protein	NODE_4_length_167782_cov_107.829555:139013-139849	HDHBLALJ_01216

DiscRep_SUB:FEATURE_LOCATION_CONFLICT::Coding region xref gene does not exist
prokka_out/CA139575:CDS	hypothetical protein	NODE_4_length_167782_cov_107.829555:c140497-139898	HDHBLALJ_01217

DiscRep_SUB:FEATURE_LOCATION_CONFLICT::Coding region xref gene does not exist
prokka_out/CA139575:CDS	hypothetical protein	NODE_4_length_167782_cov_107.829555:c140730-140482	HDHBLALJ_01218

DiscRep_SUB:FEATURE_LOCATION_CONFLICT::Coding region xref gene does not exist
prokka_out/CA139575:CDS	hypothetical protein	NODE_4_length_167782_cov_107.829555:c141334-140807	HDHBLALJ_01219

DiscRep_SUB:FEATURE_LOCATION_CONFLICT::Coding region xref gene does not exist
prokka_out/CA139575:CDS	hypothetical protein	NODE_4_length_167782_cov_107.829555:141614-142261	HDHBLALJ_01220

DiscRep_SUB:FEATURE_LOCATION_CONFLICT::Coding region xref gene does not exist
prokka_out/CA139575:CDS	hypothetical protein	NODE_4_length_167782_cov_107.829555:142275-143063	HDHBLALJ_01221

DiscRep_SUB:FEATURE_LOCATION_CONFLICT::Coding region xref gene does not exist
prokka_out/CA139575:CDS	hypothetical protein	NODE_4_length_167782_cov_107.829555:143184-143789	HDHBLALJ_01222

DiscRep_SUB:FEATURE_LOCATION_CONFLICT::Coding region xref gene does not exist
prokka_out/CA139575:CDS	tRNA-specific 2-thiouridylase MnmA	NODE_4_length_167782_cov_107.829555:143789-144805	HDHBLALJ_01223

DiscRep_SUB:FEATURE_LOCATION_CONFLICT::Coding region xref gene does not exist
prokka_out/CA139575:CDS	Putative malate transporter YflS	NODE_4_length_167782_cov_107.829555:c145183-144833	HDHBLALJ_01224

DiscRep_SUB:FEATURE_LOCATION_CONFLICT::Coding region xref gene does not exist
prokka_out/CA139575:CDS	hypothetical protein	NODE_4_length_167782_cov_107.829555:c145441-145202	HDHBLALJ_01225

DiscRep_SUB:FEATURE_LOCATION_CONFLICT::Coding region xref gene does not exist
prokka_out/CA139575:CDS	hypothetical protein	NODE_4_length_167782_cov_107.829555:c145604-145380	HDHBLALJ_01226

DiscRep_SUB:FEATURE_LOCATION_CONFLICT::Coding region xref gene does not exist
prokka_out/CA139575:CDS	Putative malate transporter YflS	NODE_4_length_167782_cov_107.829555:c146008-145658	HDHBLALJ_01227

DiscRep_SUB:FEATURE_LOCATION_CONFLICT::Coding region xref gene does not exist
prokka_out/CA139575:CDS	hypothetical protein	NODE_4_length_167782_cov_107.829555:c146433-146128	HDHBLALJ_01228

DiscRep_SUB:FEATURE_LOCATION_CONFLICT::Coding region xref gene does not exist
prokka_out/CA139575:CDS	Bacteriohemerythrin	NODE_4_length_167782_cov_107.829555:146867-147586	HDHBLALJ_01229

DiscRep_SUB:FEATURE_LOCATION_CONFLICT::Coding region xref gene does not exist
prokka_out/CA139575:CDS	hypothetical protein	NODE_4_length_167782_cov_107.829555:147587-149458	HDHBLALJ_01230

DiscRep_SUB:FEATURE_LOCATION_CONFLICT::Coding region xref gene does not exist
prokka_out/CA139575:CDS	hypothetical protein	NODE_4_length_167782_cov_107.829555:c151099-149462	HDHBLALJ_01231

DiscRep_SUB:FEATURE_LOCATION_CONFLICT::Coding region xref gene does not exist
prokka_out/CA139575:CDS	hypothetical protein	NODE_4_length_167782_cov_107.829555:c151987-151103	HDHBLALJ_01232

DiscRep_SUB:FEATURE_LOCATION_CONFLICT::Coding region xref gene does not exist
prokka_out/CA139575:CDS	hypothetical protein	NODE_4_length_167782_cov_107.829555:c153927-152041	HDHBLALJ_01233

DiscRep_SUB:FEATURE_LOCATION_CONFLICT::Coding region xref gene does not exist
prokka_out/CA139575:CDS	hypothetical protein	NODE_4_length_167782_cov_107.829555:c154264-153941	HDHBLALJ_01234

DiscRep_SUB:FEATURE_LOCATION_CONFLICT::Coding region xref gene does not exist
prokka_out/CA139575:CDS	GTP-binding protein TypA/BipA	NODE_4_length_167782_cov_107.829555:154393-156201	HDHBLALJ_01235

DiscRep_SUB:FEATURE_LOCATION_CONFLICT::Coding region xref gene does not exist
prokka_out/CA139575:CDS	hypothetical protein	NODE_4_length_167782_cov_107.829555:156201-156851	HDHBLALJ_01236

DiscRep_SUB:FEATURE_LOCATION_CONFLICT::Coding region xref gene does not exist
prokka_out/CA139575:CDS	hypothetical protein	NODE_4_length_167782_cov_107.829555:c158197-156848	HDHBLALJ_01237

DiscRep_SUB:FEATURE_LOCATION_CONFLICT::Coding region xref gene does not exist
prokka_out/CA139575:CDS	Bicyclomycin resistance protein	NODE_4_length_167782_cov_107.829555:158303-159511	HDHBLALJ_01238

DiscRep_SUB:FEATURE_LOCATION_CONFLICT::Coding region xref gene does not exist
prokka_out/CA139575:CDS	hypothetical protein	NODE_4_length_167782_cov_107.829555:159508-160209	HDHBLALJ_01239

DiscRep_SUB:FEATURE_LOCATION_CONFLICT::Coding region xref gene does not exist
prokka_out/CA139575:CDS	hypothetical protein	NODE_4_length_167782_cov_107.829555:c160758-160270	HDHBLALJ_01240

DiscRep_SUB:FEATURE_LOCATION_CONFLICT::Coding region xref gene does not exist
prokka_out/CA139575:CDS	hypothetical protein	NODE_4_length_167782_cov_107.829555:c164567-160758	HDHBLALJ_01241

DiscRep_SUB:FEATURE_LOCATION_CONFLICT::Coding region xref gene does not exist
prokka_out/CA139575:CDS	RecBCD enzyme subunit RecD	NODE_4_length_167782_cov_107.829555:164682-167471	HDHBLALJ_01242

DiscRep_SUB:FEATURE_LOCATION_CONFLICT::RNA feature xref gene does not exist
prokka_out/CA139575:tRNA	Gly	NODE_4_length_167782_cov_107.829555:62272-62346	HDHBLALJ_01132

DiscRep_SUB:FEATURE_LOCATION_CONFLICT::RNA feature xref gene does not exist
prokka_out/CA139575:tRNA	Leu	NODE_4_length_167782_cov_107.829555:62356-62444	HDHBLALJ_01133

DiscRep_SUB:FEATURE_LOCATION_CONFLICT::RNA feature xref gene does not exist
prokka_out/CA139575:tRNA	Cys	NODE_4_length_167782_cov_107.829555:62465-62538	HDHBLALJ_01134

DiscRep_SUB:FEATURE_LOCATION_CONFLICT::RNA feature xref gene does not exist
prokka_out/CA139575:tRNA	Ser	NODE_4_length_167782_cov_107.829555:62570-62657	HDHBLALJ_01135

DiscRep_SUB:FEATURE_LOCATION_CONFLICT::Coding region xref gene does not exist
prokka_out/CA139575:CDS	putative HTH-type transcriptional regulator	NODE_5_length_155382_cov_111.273969:1388-1816	HDHBLALJ_01243

DiscRep_SUB:FEATURE_LOCATION_CONFLICT::Coding region xref gene does not exist
prokka_out/CA139575:CDS	Arsenical-resistance protein Acr3	NODE_5_length_155382_cov_111.273969:c2583-1825	HDHBLALJ_01244

DiscRep_SUB:FEATURE_LOCATION_CONFLICT::Coding region xref gene does not exist
prokka_out/CA139575:CDS	Arsenate reductase	NODE_5_length_155382_cov_111.273969:c3270-2848	HDHBLALJ_01245

DiscRep_SUB:FEATURE_LOCATION_CONFLICT::Coding region xref gene does not exist
prokka_out/CA139575:CDS	hypothetical protein	NODE_5_length_155382_cov_111.273969:c3584-3267	HDHBLALJ_01246

DiscRep_SUB:FEATURE_LOCATION_CONFLICT::Coding region xref gene does not exist
prokka_out/CA139575:CDS	Putative two-component membrane permease complex subunit SMU_747c	NODE_5_length_155382_cov_111.273969:c4541-3594	HDHBLALJ_01247

DiscRep_SUB:FEATURE_LOCATION_CONFLICT::Coding region xref gene does not exist
prokka_out/CA139575:CDS	Catalase-related peroxidase	NODE_5_length_155382_cov_111.273969:4865-5836	HDHBLALJ_01248

DiscRep_SUB:FEATURE_LOCATION_CONFLICT::Coding region xref gene does not exist
prokka_out/CA139575:CDS	General stress protein 14	NODE_5_length_155382_cov_111.273969:6102-6611	HDHBLALJ_01249

DiscRep_SUB:FEATURE_LOCATION_CONFLICT::Coding region xref gene does not exist
prokka_out/CA139575:CDS	N-methyl-L-tryptophan oxidase	NODE_5_length_155382_cov_111.273969:6850-7965	HDHBLALJ_01250

DiscRep_SUB:FEATURE_LOCATION_CONFLICT::Coding region xref gene does not exist
prokka_out/CA139575:CDS	Putative hydrolase YdeN	NODE_5_length_155382_cov_111.273969:c8594-7992	HDHBLALJ_01251

DiscRep_SUB:FEATURE_LOCATION_CONFLICT::Coding region xref gene does not exist
prokka_out/CA139575:CDS	hypothetical protein	NODE_5_length_155382_cov_111.273969:c10108-8621	HDHBLALJ_01252

DiscRep_SUB:FEATURE_LOCATION_CONFLICT::Coding region xref gene does not exist
prokka_out/CA139575:CDS	hypothetical protein	NODE_5_length_155382_cov_111.273969:c11179-10109	HDHBLALJ_01253

DiscRep_SUB:FEATURE_LOCATION_CONFLICT::Coding region xref gene does not exist
prokka_out/CA139575:CDS	Type-1 restriction enzyme EcoKI specificity protein	NODE_5_length_155382_cov_111.273969:c12532-11300	HDHBLALJ_01254

DiscRep_SUB:FEATURE_LOCATION_CONFLICT::Coding region xref gene does not exist
prokka_out/CA139575:CDS	hypothetical protein	NODE_5_length_155382_cov_111.273969:c13310-12546	HDHBLALJ_01255

DiscRep_SUB:FEATURE_LOCATION_CONFLICT::Coding region xref gene does not exist
prokka_out/CA139575:CDS	hypothetical protein	NODE_5_length_155382_cov_111.273969:c13914-13315	HDHBLALJ_01256

DiscRep_SUB:FEATURE_LOCATION_CONFLICT::Coding region xref gene does not exist
prokka_out/CA139575:CDS	hypothetical protein	NODE_5_length_155382_cov_111.273969:c15601-14006	HDHBLALJ_01257

DiscRep_SUB:FEATURE_LOCATION_CONFLICT::Coding region xref gene does not exist
prokka_out/CA139575:CDS	hypothetical protein	NODE_5_length_155382_cov_111.273969:c17900-15591	HDHBLALJ_01258

DiscRep_SUB:FEATURE_LOCATION_CONFLICT::Coding region xref gene does not exist
prokka_out/CA139575:CDS	putative formaldehyde dehydrogenase AdhA	NODE_5_length_155382_cov_111.273969:18030-19106	HDHBLALJ_01259

DiscRep_SUB:FEATURE_LOCATION_CONFLICT::Coding region xref gene does not exist
prokka_out/CA139575:CDS	Outer membrane lipoprotein Blc	NODE_5_length_155382_cov_111.273969:c19559-19107	HDHBLALJ_01260

DiscRep_SUB:FEATURE_LOCATION_CONFLICT::Coding region xref gene does not exist
prokka_out/CA139575:CDS	sugar efflux transporter	NODE_5_length_155382_cov_111.273969:19683-20873	HDHBLALJ_01261

DiscRep_SUB:FEATURE_LOCATION_CONFLICT::Coding region xref gene does not exist
prokka_out/CA139575:CDS	hypothetical protein	NODE_5_length_155382_cov_111.273969:20890-21111	HDHBLALJ_01262

DiscRep_SUB:FEATURE_LOCATION_CONFLICT::Coding region xref gene does not exist
prokka_out/CA139575:CDS	hypothetical protein	NODE_5_length_155382_cov_111.273969:21051-21425	HDHBLALJ_01263

DiscRep_SUB:FEATURE_LOCATION_CONFLICT::Coding region xref gene does not exist
prokka_out/CA139575:CDS	tetracycline resistance ribosomal protection protein Tet(O)	NODE_5_length_155382_cov_111.273969:21792-23711	HDHBLALJ_01264

DiscRep_SUB:FEATURE_LOCATION_CONFLICT::Coding region xref gene does not exist
prokka_out/CA139575:CDS	hypothetical protein	NODE_5_length_155382_cov_111.273969:24160-24384	HDHBLALJ_01265

DiscRep_SUB:FEATURE_LOCATION_CONFLICT::Coding region xref gene does not exist
prokka_out/CA139575:CDS	Streptomycin 3''-adenylyltransferase	NODE_5_length_155382_cov_111.273969:24409-25188	HDHBLALJ_01266

DiscRep_SUB:FEATURE_LOCATION_CONFLICT::Coding region xref gene does not exist
prokka_out/CA139575:CDS	hypothetical protein	NODE_5_length_155382_cov_111.273969:25388-25933	HDHBLALJ_01267

DiscRep_SUB:FEATURE_LOCATION_CONFLICT::Coding region xref gene does not exist
prokka_out/CA139575:CDS	rRNA adenine N-6-methyltransferase	NODE_5_length_155382_cov_111.273969:25967-26761	HDHBLALJ_01268

DiscRep_SUB:FEATURE_LOCATION_CONFLICT::Coding region xref gene does not exist
prokka_out/CA139575:CDS	hypothetical protein	NODE_5_length_155382_cov_111.273969:27365-28000	HDHBLALJ_01269

DiscRep_SUB:FEATURE_LOCATION_CONFLICT::Coding region xref gene does not exist
prokka_out/CA139575:CDS	hypothetical protein	NODE_5_length_155382_cov_111.273969:c28397-28002	HDHBLALJ_01270

DiscRep_SUB:FEATURE_LOCATION_CONFLICT::Coding region xref gene does not exist
prokka_out/CA139575:CDS	Bifunctional AAC/APH	NODE_5_length_155382_cov_111.273969:c29162-28497	HDHBLALJ_01271

DiscRep_SUB:FEATURE_LOCATION_CONFLICT::Coding region xref gene does not exist
prokka_out/CA139575:CDS	hypothetical protein	NODE_5_length_155382_cov_111.273969:c29528-29169	HDHBLALJ_01272

DiscRep_SUB:FEATURE_LOCATION_CONFLICT::Coding region xref gene does not exist
prokka_out/CA139575:CDS	hypothetical protein	NODE_5_length_155382_cov_111.273969:29865-30278	HDHBLALJ_01273

DiscRep_SUB:FEATURE_LOCATION_CONFLICT::Coding region xref gene does not exist
prokka_out/CA139575:CDS	Aminoglycoside 6-adenylyltransferase	NODE_5_length_155382_cov_111.273969:30464-31330	HDHBLALJ_01274

DiscRep_SUB:FEATURE_LOCATION_CONFLICT::Coding region xref gene does not exist
prokka_out/CA139575:CDS	Tetracycline resistance protein TetO	NODE_5_length_155382_cov_111.273969:31545-32432	HDHBLALJ_01275

DiscRep_SUB:FEATURE_LOCATION_CONFLICT::Coding region xref gene does not exist
prokka_out/CA139575:CDS	NADPH:quinone oxidoreductase MdaB	NODE_5_length_155382_cov_111.273969:34083-34568	HDHBLALJ_01276

DiscRep_SUB:FEATURE_LOCATION_CONFLICT::Coding region xref gene does not exist
prokka_out/CA139575:CDS	hypothetical protein	NODE_5_length_155382_cov_111.273969:34702-35601	HDHBLALJ_01277

DiscRep_SUB:FEATURE_LOCATION_CONFLICT::Coding region xref gene does not exist
prokka_out/CA139575:CDS	Putative hydro-lyase	NODE_5_length_155382_cov_111.273969:c36362-35598	HDHBLALJ_01278

DiscRep_SUB:FEATURE_LOCATION_CONFLICT::Coding region xref gene does not exist
prokka_out/CA139575:CDS	5-oxoprolinase subunit C	NODE_5_length_155382_cov_111.273969:c37336-36371	HDHBLALJ_01279

DiscRep_SUB:FEATURE_LOCATION_CONFLICT::Coding region xref gene does not exist
prokka_out/CA139575:CDS	5-oxoprolinase subunit B	NODE_5_length_155382_cov_111.273969:c38057-37317	HDHBLALJ_01280

DiscRep_SUB:FEATURE_LOCATION_CONFLICT::Coding region xref gene does not exist
prokka_out/CA139575:CDS	hypothetical protein	NODE_5_length_155382_cov_111.273969:c39228-38059	HDHBLALJ_01281

DiscRep_SUB:FEATURE_LOCATION_CONFLICT::Coding region xref gene does not exist
prokka_out/CA139575:CDS	5-oxoprolinase subunit A	NODE_5_length_155382_cov_111.273969:c40020-39250	HDHBLALJ_01282

DiscRep_SUB:FEATURE_LOCATION_CONFLICT::Coding region xref gene does not exist
prokka_out/CA139575:CDS	Tungstate-binding protein TupA	NODE_5_length_155382_cov_111.273969:c41188-40379	HDHBLALJ_01283

DiscRep_SUB:FEATURE_LOCATION_CONFLICT::Coding region xref gene does not exist
prokka_out/CA139575:CDS	Tungstate uptake system permease protein TupB	NODE_5_length_155382_cov_111.273969:41271-41957	HDHBLALJ_01284

DiscRep_SUB:FEATURE_LOCATION_CONFLICT::Coding region xref gene does not exist
prokka_out/CA139575:CDS	Tungstate uptake system ATP-binding protein TupC	NODE_5_length_155382_cov_111.273969:41958-42953	HDHBLALJ_01285

DiscRep_SUB:FEATURE_LOCATION_CONFLICT::Coding region xref gene does not exist
prokka_out/CA139575:CDS	Acetyl-coenzyme A synthetase	NODE_5_length_155382_cov_111.273969:43094-45064	HDHBLALJ_01286

DiscRep_SUB:FEATURE_LOCATION_CONFLICT::Coding region xref gene does not exist
prokka_out/CA139575:CDS	UTP--glucose-1-phosphate uridylyltransferase	NODE_5_length_155382_cov_111.273969:45175-45999	HDHBLALJ_01287

DiscRep_SUB:FEATURE_LOCATION_CONFLICT::Coding region xref gene does not exist
prokka_out/CA139575:CDS	Glucose-6-phosphate isomerase	NODE_5_length_155382_cov_111.273969:45993-47213	HDHBLALJ_01288

DiscRep_SUB:FEATURE_LOCATION_CONFLICT::Coding region xref gene does not exist
prokka_out/CA139575:CDS	DNA protection during starvation protein	NODE_5_length_155382_cov_111.273969:47338-47787	HDHBLALJ_01289

DiscRep_SUB:FEATURE_LOCATION_CONFLICT::Coding region xref gene does not exist
prokka_out/CA139575:CDS	hypothetical protein	NODE_5_length_155382_cov_111.273969:48079-48396	HDHBLALJ_01290

DiscRep_SUB:FEATURE_LOCATION_CONFLICT::Coding region xref gene does not exist
prokka_out/CA139575:CDS	hypothetical protein	NODE_5_length_155382_cov_111.273969:48708-49745	HDHBLALJ_01291

DiscRep_SUB:FEATURE_LOCATION_CONFLICT::Coding region xref gene does not exist
prokka_out/CA139575:CDS	hypothetical protein	NODE_5_length_155382_cov_111.273969:c50483-49752	HDHBLALJ_01292

DiscRep_SUB:FEATURE_LOCATION_CONFLICT::Coding region xref gene does not exist
prokka_out/CA139575:CDS	Diaminopimelate epimerase	NODE_5_length_155382_cov_111.273969:c51207-50458	HDHBLALJ_01293

DiscRep_SUB:FEATURE_LOCATION_CONFLICT::Coding region xref gene does not exist
prokka_out/CA139575:CDS	Dephospho-CoA kinase	NODE_5_length_155382_cov_111.273969:c51809-51204	HDHBLALJ_01294

DiscRep_SUB:FEATURE_LOCATION_CONFLICT::Coding region xref gene does not exist
prokka_out/CA139575:CDS	Phosphoribosylformylglycinamidine cyclo-ligase	NODE_5_length_155382_cov_111.273969:51870-52859	HDHBLALJ_01295

DiscRep_SUB:FEATURE_LOCATION_CONFLICT::Coding region xref gene does not exist
prokka_out/CA139575:CDS	hypothetical protein	NODE_5_length_155382_cov_111.273969:52919-53896	HDHBLALJ_01296

DiscRep_SUB:FEATURE_LOCATION_CONFLICT::Coding region xref gene does not exist
prokka_out/CA139575:CDS	hypothetical protein	NODE_5_length_155382_cov_111.273969:c54435-53848	HDHBLALJ_01297

DiscRep_SUB:FEATURE_LOCATION_CONFLICT::Coding region xref gene does not exist
prokka_out/CA139575:CDS	Putative cryptic C4-dicarboxylate transporter DcuD	NODE_5_length_155382_cov_111.273969:c55087-54428	HDHBLALJ_01298

DiscRep_SUB:FEATURE_LOCATION_CONFLICT::Coding region xref gene does not exist
prokka_out/CA139575:CDS	CRISPR-associated endonuclease Cas9	NODE_5_length_155382_cov_111.273969:55529-58492	HDHBLALJ_01299

DiscRep_SUB:FEATURE_LOCATION_CONFLICT::Coding region xref gene does not exist
prokka_out/CA139575:CDS	CRISPR-associated endonuclease Cas1	NODE_5_length_155382_cov_111.273969:58479-59369	HDHBLALJ_01300

DiscRep_SUB:FEATURE_LOCATION_CONFLICT::Coding region xref gene does not exist
prokka_out/CA139575:CDS	CRISPR-associated endoribonuclease Cas2	NODE_5_length_155382_cov_111.273969:59362-59793	HDHBLALJ_01301

DiscRep_SUB:FEATURE_LOCATION_CONFLICT::Coding region xref gene does not exist
prokka_out/CA139575:CDS	IS6 family transposase IS1216E	NODE_5_length_155382_cov_111.273969:c60659-59979	HDHBLALJ_01302

DiscRep_SUB:FEATURE_LOCATION_CONFLICT::Coding region xref gene does not exist
prokka_out/CA139575:CDS	hypothetical protein	NODE_5_length_155382_cov_111.273969:c60981-60697	HDHBLALJ_01303

DiscRep_SUB:FEATURE_LOCATION_CONFLICT::Coding region xref gene does not exist
prokka_out/CA139575:CDS	hypothetical protein	NODE_5_length_155382_cov_111.273969:c61531-60968	HDHBLALJ_01304

DiscRep_SUB:FEATURE_LOCATION_CONFLICT::Coding region xref gene does not exist
prokka_out/CA139575:CDS	Aminoglycoside 3'-phosphotransferase	NODE_5_length_155382_cov_111.273969:c62562-61768	HDHBLALJ_01305

DiscRep_SUB:FEATURE_LOCATION_CONFLICT::Coding region xref gene does not exist
prokka_out/CA139575:CDS	Streptothricin acetyltransferase A	NODE_5_length_155382_cov_111.273969:c63198-62656	HDHBLALJ_01306

DiscRep_SUB:FEATURE_LOCATION_CONFLICT::Coding region xref gene does not exist
prokka_out/CA139575:CDS	Aminoglycoside 6-adenylyltransferase	NODE_5_length_155382_cov_111.273969:c64103-63195	HDHBLALJ_01307

DiscRep_SUB:FEATURE_LOCATION_CONFLICT::Coding region xref gene does not exist
prokka_out/CA139575:CDS	Molybdopterin molybdenumtransferase	NODE_5_length_155382_cov_111.273969:c66292-65102	HDHBLALJ_01308

DiscRep_SUB:FEATURE_LOCATION_CONFLICT::Coding region xref gene does not exist
prokka_out/CA139575:CDS	hypothetical protein	NODE_5_length_155382_cov_111.273969:c66711-66295	HDHBLALJ_01309

DiscRep_SUB:FEATURE_LOCATION_CONFLICT::Coding region xref gene does not exist
prokka_out/CA139575:CDS	Molybdopterin synthase catalytic subunit	NODE_5_length_155382_cov_111.273969:c67151-66708	HDHBLALJ_01310

DiscRep_SUB:FEATURE_LOCATION_CONFLICT::Coding region xref gene does not exist
prokka_out/CA139575:CDS	hypothetical protein	NODE_5_length_155382_cov_111.273969:c67373-67152	HDHBLALJ_01311

DiscRep_SUB:FEATURE_LOCATION_CONFLICT::Coding region xref gene does not exist
prokka_out/CA139575:CDS	Multicopper oxidase mco	NODE_5_length_155382_cov_111.273969:c68916-67375	HDHBLALJ_01312

DiscRep_SUB:FEATURE_LOCATION_CONFLICT::Coding region xref gene does not exist
prokka_out/CA139575:CDS	Carboxynorspermidine/carboxyspermidine decarboxylase	NODE_5_length_155382_cov_111.273969:69040-70188	HDHBLALJ_01313

DiscRep_SUB:FEATURE_LOCATION_CONFLICT::Coding region xref gene does not exist
prokka_out/CA139575:CDS	hypothetical protein	NODE_5_length_155382_cov_111.273969:70504-71205	HDHBLALJ_01314

DiscRep_SUB:FEATURE_LOCATION_CONFLICT::Coding region xref gene does not exist
prokka_out/CA139575:CDS	hypothetical protein	NODE_5_length_155382_cov_111.273969:71180-71371	HDHBLALJ_01315

DiscRep_SUB:FEATURE_LOCATION_CONFLICT::Coding region xref gene does not exist
prokka_out/CA139575:CDS	Formate dehydrogenase 2 subunit alpha (cytochrome c-553)	NODE_5_length_155382_cov_111.273969:71371-71913	HDHBLALJ_01316

DiscRep_SUB:FEATURE_LOCATION_CONFLICT::Coding region xref gene does not exist
prokka_out/CA139575:CDS	Periplasmic nitrate reductase	NODE_5_length_155382_cov_111.273969:71935-74175	HDHBLALJ_01317

DiscRep_SUB:FEATURE_LOCATION_CONFLICT::Coding region xref gene does not exist
prokka_out/CA139575:CDS	Formate dehydrogenase iron-sulfur subunit	NODE_5_length_155382_cov_111.273969:74179-74820	HDHBLALJ_01318

DiscRep_SUB:FEATURE_LOCATION_CONFLICT::Coding region xref gene does not exist
prokka_out/CA139575:CDS	hypothetical protein	NODE_5_length_155382_cov_111.273969:74817-75749	HDHBLALJ_01319

DiscRep_SUB:FEATURE_LOCATION_CONFLICT::Coding region xref gene does not exist
prokka_out/CA139575:CDS	hypothetical protein	NODE_5_length_155382_cov_111.273969:c79334-77094	HDHBLALJ_01320

DiscRep_SUB:FEATURE_LOCATION_CONFLICT::Coding region xref gene does not exist
prokka_out/CA139575:CDS	Sulfur carrier protein FdhD	NODE_5_length_155382_cov_111.273969:79487-80269	HDHBLALJ_01321

DiscRep_SUB:FEATURE_LOCATION_CONFLICT::Coding region xref gene does not exist
prokka_out/CA139575:CDS	hypothetical protein	NODE_5_length_155382_cov_111.273969:80262-80993	HDHBLALJ_01322

DiscRep_SUB:FEATURE_LOCATION_CONFLICT::Coding region xref gene does not exist
prokka_out/CA139575:CDS	hypothetical protein	NODE_5_length_155382_cov_111.273969:81118-81690	HDHBLALJ_01323

DiscRep_SUB:FEATURE_LOCATION_CONFLICT::Coding region xref gene does not exist
prokka_out/CA139575:CDS	Selenide, water dikinase	NODE_5_length_155382_cov_111.273969:81794-82720	HDHBLALJ_01324

DiscRep_SUB:FEATURE_LOCATION_CONFLICT::Coding region xref gene does not exist
prokka_out/CA139575:CDS	1-pyrroline-5-carboxylate dehydrogenase	NODE_5_length_155382_cov_111.273969:82858-86361	HDHBLALJ_01325

DiscRep_SUB:FEATURE_LOCATION_CONFLICT::Coding region xref gene does not exist
prokka_out/CA139575:CDS	High-affinity proline transporter PutP	NODE_5_length_155382_cov_111.273969:86376-87857	HDHBLALJ_01326

DiscRep_SUB:FEATURE_LOCATION_CONFLICT::Coding region xref gene does not exist
prokka_out/CA139575:CDS	Putative sulfur carrier protein YedF	NODE_5_length_155382_cov_111.273969:c88226-87999	HDHBLALJ_01327

DiscRep_SUB:FEATURE_LOCATION_CONFLICT::Coding region xref gene does not exist
prokka_out/CA139575:CDS	hypothetical protein	NODE_5_length_155382_cov_111.273969:c89441-88230	HDHBLALJ_01328

DiscRep_SUB:FEATURE_LOCATION_CONFLICT::Coding region xref gene does not exist
prokka_out/CA139575:CDS	Adenylosuccinate synthetase	NODE_5_length_155382_cov_111.273969:89714-90964	HDHBLALJ_01330

DiscRep_SUB:FEATURE_LOCATION_CONFLICT::Coding region xref gene does not exist
prokka_out/CA139575:CDS	hypothetical protein	NODE_5_length_155382_cov_111.273969:90961-91389	HDHBLALJ_01331

DiscRep_SUB:FEATURE_LOCATION_CONFLICT::Coding region xref gene does not exist
prokka_out/CA139575:CDS	hypothetical protein	NODE_5_length_155382_cov_111.273969:91382-91900	HDHBLALJ_01332

DiscRep_SUB:FEATURE_LOCATION_CONFLICT::Coding region xref gene does not exist
prokka_out/CA139575:CDS	hypothetical protein	NODE_5_length_155382_cov_111.273969:91974-92525	HDHBLALJ_01333

DiscRep_SUB:FEATURE_LOCATION_CONFLICT::Coding region xref gene does not exist
prokka_out/CA139575:CDS	Carbamoyl-phosphate synthase small chain	NODE_5_length_155382_cov_111.273969:92529-93647	HDHBLALJ_01334

DiscRep_SUB:FEATURE_LOCATION_CONFLICT::Coding region xref gene does not exist
prokka_out/CA139575:CDS	hypothetical protein	NODE_5_length_155382_cov_111.273969:93644-94315	HDHBLALJ_01335

DiscRep_SUB:FEATURE_LOCATION_CONFLICT::Coding region xref gene does not exist
prokka_out/CA139575:CDS	Adaptive-response sensory-kinase SasA	NODE_5_length_155382_cov_111.273969:94316-95530	HDHBLALJ_01336

DiscRep_SUB:FEATURE_LOCATION_CONFLICT::Coding region xref gene does not exist
prokka_out/CA139575:CDS	Response regulator MprA	NODE_5_length_155382_cov_111.273969:95534-96202	HDHBLALJ_01337

DiscRep_SUB:FEATURE_LOCATION_CONFLICT::Coding region xref gene does not exist
prokka_out/CA139575:CDS	Cbb3-type cytochrome c oxidase subunit CcoN1	NODE_5_length_155382_cov_111.273969:96331-97797	HDHBLALJ_01338

DiscRep_SUB:FEATURE_LOCATION_CONFLICT::Coding region xref gene does not exist
prokka_out/CA139575:CDS	hypothetical protein	NODE_5_length_155382_cov_111.273969:97810-98475	HDHBLALJ_01339

DiscRep_SUB:FEATURE_LOCATION_CONFLICT::Coding region xref gene does not exist
prokka_out/CA139575:CDS	hypothetical protein	NODE_5_length_155382_cov_111.273969:98492-98743	HDHBLALJ_01340

DiscRep_SUB:FEATURE_LOCATION_CONFLICT::Coding region xref gene does not exist
prokka_out/CA139575:CDS	Cbb3-type cytochrome c oxidase subunit CcoP	NODE_5_length_155382_cov_111.273969:98743-99606	HDHBLALJ_01341

DiscRep_SUB:FEATURE_LOCATION_CONFLICT::Coding region xref gene does not exist
prokka_out/CA139575:CDS	hypothetical protein	NODE_5_length_155382_cov_111.273969:99606-99827	HDHBLALJ_01342

DiscRep_SUB:FEATURE_LOCATION_CONFLICT::Coding region xref gene does not exist
prokka_out/CA139575:CDS	hypothetical protein	NODE_5_length_155382_cov_111.273969:99824-99925	HDHBLALJ_01343

DiscRep_SUB:FEATURE_LOCATION_CONFLICT::Coding region xref gene does not exist
prokka_out/CA139575:CDS	hypothetical protein	NODE_5_length_155382_cov_111.273969:99922-100512	HDHBLALJ_01344

DiscRep_SUB:FEATURE_LOCATION_CONFLICT::Coding region xref gene does not exist
prokka_out/CA139575:CDS	hypothetical protein	NODE_5_length_155382_cov_111.273969:100505-101029	HDHBLALJ_01345

DiscRep_SUB:FEATURE_LOCATION_CONFLICT::Coding region xref gene does not exist
prokka_out/CA139575:CDS	hypothetical protein	NODE_5_length_155382_cov_111.273969:101026-103392	HDHBLALJ_01346

DiscRep_SUB:FEATURE_LOCATION_CONFLICT::Coding region xref gene does not exist
prokka_out/CA139575:CDS	ATP-dependent helicase/nuclease subunit A	NODE_5_length_155382_cov_111.273969:103389-106151	HDHBLALJ_01347

DiscRep_SUB:FEATURE_LOCATION_CONFLICT::Coding region xref gene does not exist
prokka_out/CA139575:CDS	hypothetical protein	NODE_5_length_155382_cov_111.273969:c106792-106148	HDHBLALJ_01348

DiscRep_SUB:FEATURE_LOCATION_CONFLICT::Coding region xref gene does not exist
prokka_out/CA139575:CDS	Co-chaperone protein DjlA	NODE_5_length_155382_cov_111.273969:c107297-106857	HDHBLALJ_01349

DiscRep_SUB:FEATURE_LOCATION_CONFLICT::Coding region xref gene does not exist
prokka_out/CA139575:CDS	50S ribosomal protein L13	NODE_5_length_155382_cov_111.273969:107781-108206	HDHBLALJ_01350

DiscRep_SUB:FEATURE_LOCATION_CONFLICT::Coding region xref gene does not exist
prokka_out/CA139575:CDS	30S ribosomal protein S9	NODE_5_length_155382_cov_111.273969:108209-108598	HDHBLALJ_01351

DiscRep_SUB:FEATURE_LOCATION_CONFLICT::Coding region xref gene does not exist
prokka_out/CA139575:CDS	Outer membrane porin F	NODE_5_length_155382_cov_111.273969:108721-109719	HDHBLALJ_01352

DiscRep_SUB:FEATURE_LOCATION_CONFLICT::Coding region xref gene does not exist
prokka_out/CA139575:CDS	Phosphoglycolate phosphatase	NODE_5_length_155382_cov_111.273969:109719-110357	HDHBLALJ_01353

DiscRep_SUB:FEATURE_LOCATION_CONFLICT::Coding region xref gene does not exist
prokka_out/CA139575:CDS	Pyruvate:ferredoxin oxidoreductase	NODE_5_length_155382_cov_111.273969:110461-114021	HDHBLALJ_01354

DiscRep_SUB:FEATURE_LOCATION_CONFLICT::Coding region xref gene does not exist
prokka_out/CA139575:CDS	hypothetical protein	NODE_5_length_155382_cov_111.273969:114060-114356	HDHBLALJ_01355

DiscRep_SUB:FEATURE_LOCATION_CONFLICT::Coding region xref gene does not exist
prokka_out/CA139575:CDS	Type 3 secretion system secretin	NODE_5_length_155382_cov_111.273969:114334-115752	HDHBLALJ_01356

DiscRep_SUB:FEATURE_LOCATION_CONFLICT::Coding region xref gene does not exist
prokka_out/CA139575:CDS	hypothetical protein	NODE_5_length_155382_cov_111.273969:115745-116341	HDHBLALJ_01357

DiscRep_SUB:FEATURE_LOCATION_CONFLICT::Coding region xref gene does not exist
prokka_out/CA139575:CDS	hypothetical protein	NODE_5_length_155382_cov_111.273969:116338-116934	HDHBLALJ_01358

DiscRep_SUB:FEATURE_LOCATION_CONFLICT::Coding region xref gene does not exist
prokka_out/CA139575:CDS	hypothetical protein	NODE_5_length_155382_cov_111.273969:116927-118489	HDHBLALJ_01359

DiscRep_SUB:FEATURE_LOCATION_CONFLICT::Coding region xref gene does not exist
prokka_out/CA139575:CDS	Putative type II secretion system protein F	NODE_5_length_155382_cov_111.273969:118476-119651	HDHBLALJ_01360

DiscRep_SUB:FEATURE_LOCATION_CONFLICT::Coding region xref gene does not exist
prokka_out/CA139575:CDS	putative membrane transporter protein YfcA	NODE_5_length_155382_cov_111.273969:c120412-119648	HDHBLALJ_01361

DiscRep_SUB:FEATURE_LOCATION_CONFLICT::Coding region xref gene does not exist
prokka_out/CA139575:CDS	hypothetical protein	NODE_5_length_155382_cov_111.273969:c121179-120415	HDHBLALJ_01362

DiscRep_SUB:FEATURE_LOCATION_CONFLICT::Coding region xref gene does not exist
prokka_out/CA139575:CDS	hypothetical protein	NODE_5_length_155382_cov_111.273969:c123022-121196	HDHBLALJ_01363

DiscRep_SUB:FEATURE_LOCATION_CONFLICT::Coding region xref gene does not exist
prokka_out/CA139575:CDS	hypothetical protein	NODE_5_length_155382_cov_111.273969:c123466-123032	HDHBLALJ_01364

DiscRep_SUB:FEATURE_LOCATION_CONFLICT::Coding region xref gene does not exist
prokka_out/CA139575:CDS	hypothetical protein	NODE_5_length_155382_cov_111.273969:c123706-123509	HDHBLALJ_01365

DiscRep_SUB:FEATURE_LOCATION_CONFLICT::Coding region xref gene does not exist
prokka_out/CA139575:CDS	hypothetical protein	NODE_5_length_155382_cov_111.273969:c124110-123769	HDHBLALJ_01366

DiscRep_SUB:FEATURE_LOCATION_CONFLICT::Coding region xref gene does not exist
prokka_out/CA139575:CDS	Flagellar P-ring protein	NODE_5_length_155382_cov_111.273969:c125156-124110	HDHBLALJ_01367

DiscRep_SUB:FEATURE_LOCATION_CONFLICT::Coding region xref gene does not exist
prokka_out/CA139575:CDS	hypothetical protein	NODE_5_length_155382_cov_111.273969:c125908-125219	HDHBLALJ_01368

DiscRep_SUB:FEATURE_LOCATION_CONFLICT::Coding region xref gene does not exist
prokka_out/CA139575:CDS	hypothetical protein	NODE_5_length_155382_cov_111.273969:c126284-125901	HDHBLALJ_01369

DiscRep_SUB:FEATURE_LOCATION_CONFLICT::Coding region xref gene does not exist
prokka_out/CA139575:CDS	hypothetical protein	NODE_5_length_155382_cov_111.273969:c127354-126281	HDHBLALJ_01370

DiscRep_SUB:FEATURE_LOCATION_CONFLICT::Coding region xref gene does not exist
prokka_out/CA139575:CDS	Thiamine-monophosphate kinase	NODE_5_length_155382_cov_111.273969:127436-128257	HDHBLALJ_01371

DiscRep_SUB:FEATURE_LOCATION_CONFLICT::Coding region xref gene does not exist
prokka_out/CA139575:CDS	tRNA pseudouridine synthase D	NODE_5_length_155382_cov_111.273969:128226-129344	HDHBLALJ_01372

DiscRep_SUB:FEATURE_LOCATION_CONFLICT::Coding region xref gene does not exist
prokka_out/CA139575:CDS	hypothetical protein	NODE_5_length_155382_cov_111.273969:129464-129568	HDHBLALJ_01373

DiscRep_SUB:FEATURE_LOCATION_CONFLICT::Coding region xref gene does not exist
prokka_out/CA139575:CDS	hypothetical protein	NODE_5_length_155382_cov_111.273969:129577-129849	HDHBLALJ_01374

DiscRep_SUB:FEATURE_LOCATION_CONFLICT::Coding region xref gene does not exist
prokka_out/CA139575:CDS	Peptide chain release factor 2	NODE_5_length_155382_cov_111.273969:c131030-129933	HDHBLALJ_01375

DiscRep_SUB:FEATURE_LOCATION_CONFLICT::Coding region xref gene does not exist
prokka_out/CA139575:CDS	Ribosomal protein S12 methylthiotransferase RimO	NODE_5_length_155382_cov_111.273969:131104-132423	HDHBLALJ_01376

DiscRep_SUB:FEATURE_LOCATION_CONFLICT::Coding region xref gene does not exist
prokka_out/CA139575:CDS	tRNA(Ile)-lysidine synthase	NODE_5_length_155382_cov_111.273969:132413-133378	HDHBLALJ_01377

DiscRep_SUB:FEATURE_LOCATION_CONFLICT::Coding region xref gene does not exist
prokka_out/CA139575:CDS	hypothetical protein	NODE_5_length_155382_cov_111.273969:c134071-133361	HDHBLALJ_01378

DiscRep_SUB:FEATURE_LOCATION_CONFLICT::Coding region xref gene does not exist
prokka_out/CA139575:CDS	hypothetical protein	NODE_5_length_155382_cov_111.273969:c134762-134073	HDHBLALJ_01379

DiscRep_SUB:FEATURE_LOCATION_CONFLICT::Coding region xref gene does not exist
prokka_out/CA139575:CDS	hypothetical protein	NODE_5_length_155382_cov_111.273969:c135365-134802	HDHBLALJ_01380

DiscRep_SUB:FEATURE_LOCATION_CONFLICT::Coding region xref gene does not exist
prokka_out/CA139575:CDS	hypothetical protein	NODE_5_length_155382_cov_111.273969:135442-135858	HDHBLALJ_01381

DiscRep_SUB:FEATURE_LOCATION_CONFLICT::Coding region xref gene does not exist
prokka_out/CA139575:CDS	Polysialic acid transport protein KpsM	NODE_5_length_155382_cov_111.273969:135917-136699	HDHBLALJ_01382

DiscRep_SUB:FEATURE_LOCATION_CONFLICT::Coding region xref gene does not exist
prokka_out/CA139575:CDS	Polysialic acid transport ATP-binding protein KpsT	NODE_5_length_155382_cov_111.273969:136696-137358	HDHBLALJ_01383

DiscRep_SUB:FEATURE_LOCATION_CONFLICT::Coding region xref gene does not exist
prokka_out/CA139575:CDS	hypothetical protein	NODE_5_length_155382_cov_111.273969:137358-138473	HDHBLALJ_01384

DiscRep_SUB:FEATURE_LOCATION_CONFLICT::Coding region xref gene does not exist
prokka_out/CA139575:CDS	Polysialic acid transport protein KpsD	NODE_5_length_155382_cov_111.273969:138475-140106	HDHBLALJ_01385

DiscRep_SUB:FEATURE_LOCATION_CONFLICT::Coding region xref gene does not exist
prokka_out/CA139575:CDS	Arabinose 5-phosphate isomerase KdsD	NODE_5_length_155382_cov_111.273969:140127-141080	HDHBLALJ_01386

DiscRep_SUB:FEATURE_LOCATION_CONFLICT::Coding region xref gene does not exist
prokka_out/CA139575:CDS	hypothetical protein	NODE_5_length_155382_cov_111.273969:141081-142058	HDHBLALJ_01387

DiscRep_SUB:FEATURE_LOCATION_CONFLICT::Coding region xref gene does not exist
prokka_out/CA139575:CDS	hypothetical protein	NODE_5_length_155382_cov_111.273969:142059-144584	HDHBLALJ_01388

DiscRep_SUB:FEATURE_LOCATION_CONFLICT::Coding region xref gene does not exist
prokka_out/CA139575:CDS	hypothetical protein	NODE_5_length_155382_cov_111.273969:144594-147164	HDHBLALJ_01389

DiscRep_SUB:FEATURE_LOCATION_CONFLICT::Coding region xref gene does not exist
prokka_out/CA139575:CDS	hypothetical protein	NODE_5_length_155382_cov_111.273969:147157-148827	HDHBLALJ_01390

DiscRep_SUB:FEATURE_LOCATION_CONFLICT::Coding region xref gene does not exist
prokka_out/CA139575:CDS	3'(2'),5'-bisphosphate nucleotidase CysQ	NODE_5_length_155382_cov_111.273969:148820-149146	HDHBLALJ_01391

DiscRep_SUB:FEATURE_LOCATION_CONFLICT::Coding region xref gene does not exist
prokka_out/CA139575:CDS	3'(2'),5'-bisphosphate nucleotidase CysQ	NODE_5_length_155382_cov_111.273969:149136-149564	HDHBLALJ_01392

DiscRep_SUB:FEATURE_LOCATION_CONFLICT::Coding region xref gene does not exist
prokka_out/CA139575:CDS	Sulfate adenylyltransferase subunit 2	NODE_5_length_155382_cov_111.273969:149569-150462	HDHBLALJ_01393

DiscRep_SUB:FEATURE_LOCATION_CONFLICT::Coding region xref gene does not exist
prokka_out/CA139575:CDS	Sulfate adenylyltransferase subunit 1	NODE_5_length_155382_cov_111.273969:150462-151886	HDHBLALJ_01394

DiscRep_SUB:FEATURE_LOCATION_CONFLICT::Coding region xref gene does not exist
prokka_out/CA139575:CDS	hypothetical protein	NODE_5_length_155382_cov_111.273969:151883-153598	HDHBLALJ_01395

DiscRep_SUB:FEATURE_LOCATION_CONFLICT::Coding region xref gene does not exist
prokka_out/CA139575:CDS	Adenylyl-sulfate kinase	NODE_5_length_155382_cov_111.273969:153608-154189	HDHBLALJ_01396

DiscRep_SUB:FEATURE_LOCATION_CONFLICT::RNA feature xref gene does not exist
prokka_out/CA139575:tRNA	Sec	NODE_5_length_155382_cov_111.273969:89598-89691	HDHBLALJ_01329

DiscRep_SUB:FEATURE_LOCATION_CONFLICT::Coding region xref gene does not exist
prokka_out/CA139575:CDS	L-asparaginase 2	NODE_6_length_129135_cov_112.937888:c1189-194	HDHBLALJ_01397

DiscRep_SUB:FEATURE_LOCATION_CONFLICT::Coding region xref gene does not exist
prokka_out/CA139575:CDS	Single-stranded-DNA-specific exonuclease RecJ	NODE_6_length_129135_cov_112.937888:c2897-1326	HDHBLALJ_01398

DiscRep_SUB:FEATURE_LOCATION_CONFLICT::Coding region xref gene does not exist
prokka_out/CA139575:CDS	CTP synthase	NODE_6_length_129135_cov_112.937888:c4518-2884	HDHBLALJ_01399

DiscRep_SUB:FEATURE_LOCATION_CONFLICT::Coding region xref gene does not exist
prokka_out/CA139575:CDS	Flavin-dependent thymidylate synthase	NODE_6_length_129135_cov_112.937888:4631-5254	HDHBLALJ_01400

DiscRep_SUB:FEATURE_LOCATION_CONFLICT::Coding region xref gene does not exist
prokka_out/CA139575:CDS	L-cystine uptake protein TcyP	NODE_6_length_129135_cov_112.937888:5372-6757	HDHBLALJ_01401

DiscRep_SUB:FEATURE_LOCATION_CONFLICT::Coding region xref gene does not exist
prokka_out/CA139575:CDS	Ribonucleoside-diphosphate reductase 1 subunit alpha	NODE_6_length_129135_cov_112.937888:c9158-6789	HDHBLALJ_01402

DiscRep_SUB:FEATURE_LOCATION_CONFLICT::Coding region xref gene does not exist
prokka_out/CA139575:CDS	Adenylosuccinate lyase	NODE_6_length_129135_cov_112.937888:c10501-9173	HDHBLALJ_01403

DiscRep_SUB:FEATURE_LOCATION_CONFLICT::Coding region xref gene does not exist
prokka_out/CA139575:CDS	putative RNA pseudouridine synthase	NODE_6_length_129135_cov_112.937888:10542-11477	HDHBLALJ_01404

DiscRep_SUB:FEATURE_LOCATION_CONFLICT::Coding region xref gene does not exist
prokka_out/CA139575:CDS	putative protein YisK	NODE_6_length_129135_cov_112.937888:11598-12464	HDHBLALJ_01405

DiscRep_SUB:FEATURE_LOCATION_CONFLICT::Coding region xref gene does not exist
prokka_out/CA139575:CDS	hypothetical protein	NODE_6_length_129135_cov_112.937888:12512-12679	HDHBLALJ_01406

DiscRep_SUB:FEATURE_LOCATION_CONFLICT::Coding region xref gene does not exist
prokka_out/CA139575:CDS	hypothetical protein	NODE_6_length_129135_cov_112.937888:12694-14211	HDHBLALJ_01407

DiscRep_SUB:FEATURE_LOCATION_CONFLICT::Coding region xref gene does not exist
prokka_out/CA139575:CDS	7-cyano-7-deazaguanine synthase	NODE_6_length_129135_cov_112.937888:c14906-14232	HDHBLALJ_01408

DiscRep_SUB:FEATURE_LOCATION_CONFLICT::Coding region xref gene does not exist
prokka_out/CA139575:CDS	5'-deoxynucleotidase YfbR	NODE_6_length_129135_cov_112.937888:14982-16208	HDHBLALJ_01409

DiscRep_SUB:FEATURE_LOCATION_CONFLICT::Coding region xref gene does not exist
prokka_out/CA139575:CDS	Dihydroxy-acid dehydratase	NODE_6_length_129135_cov_112.937888:c17931-16255	HDHBLALJ_01410

DiscRep_SUB:FEATURE_LOCATION_CONFLICT::Coding region xref gene does not exist
prokka_out/CA139575:CDS	Rubrerythrin-1	NODE_6_length_129135_cov_112.937888:18082-18729	HDHBLALJ_01411

DiscRep_SUB:FEATURE_LOCATION_CONFLICT::Coding region xref gene does not exist
prokka_out/CA139575:CDS	Ribonuclease HII	NODE_6_length_129135_cov_112.937888:18734-19342	HDHBLALJ_01412

DiscRep_SUB:FEATURE_LOCATION_CONFLICT::Coding region xref gene does not exist
prokka_out/CA139575:CDS	Glutamate synthase [NADPH] small chain	NODE_6_length_129135_cov_112.937888:c20788-19343	HDHBLALJ_01413

DiscRep_SUB:FEATURE_LOCATION_CONFLICT::Coding region xref gene does not exist
prokka_out/CA139575:CDS	Ferredoxin-dependent glutamate synthase 1	NODE_6_length_129135_cov_112.937888:c25288-20798	HDHBLALJ_01414

DiscRep_SUB:FEATURE_LOCATION_CONFLICT::Coding region xref gene does not exist
prokka_out/CA139575:CDS	hypothetical protein	NODE_6_length_129135_cov_112.937888:c26723-25422	HDHBLALJ_01415

DiscRep_SUB:FEATURE_LOCATION_CONFLICT::Coding region xref gene does not exist
prokka_out/CA139575:CDS	hypothetical protein	NODE_6_length_129135_cov_112.937888:26954-27313	HDHBLALJ_01416

DiscRep_SUB:FEATURE_LOCATION_CONFLICT::Coding region xref gene does not exist
prokka_out/CA139575:CDS	Cation/acetate symporter ActP	NODE_6_length_129135_cov_112.937888:27310-28956	HDHBLALJ_01417

DiscRep_SUB:FEATURE_LOCATION_CONFLICT::Coding region xref gene does not exist
prokka_out/CA139575:CDS	hypothetical protein	NODE_6_length_129135_cov_112.937888:c29511-29212	HDHBLALJ_01418

DiscRep_SUB:FEATURE_LOCATION_CONFLICT::Coding region xref gene does not exist
prokka_out/CA139575:CDS	hypothetical protein	NODE_6_length_129135_cov_112.937888:c29773-29609	HDHBLALJ_01419

DiscRep_SUB:FEATURE_LOCATION_CONFLICT::Coding region xref gene does not exist
prokka_out/CA139575:CDS	hypothetical protein	NODE_6_length_129135_cov_112.937888:c30747-29785	HDHBLALJ_01420

DiscRep_SUB:FEATURE_LOCATION_CONFLICT::Coding region xref gene does not exist
prokka_out/CA139575:CDS	hypothetical protein	NODE_6_length_129135_cov_112.937888:c31187-30810	HDHBLALJ_01421

DiscRep_SUB:FEATURE_LOCATION_CONFLICT::Coding region xref gene does not exist
prokka_out/CA139575:CDS	DNA gyrase subunit B	NODE_6_length_129135_cov_112.937888:c33662-31350	HDHBLALJ_01422

DiscRep_SUB:FEATURE_LOCATION_CONFLICT::Coding region xref gene does not exist
prokka_out/CA139575:CDS	Beta sliding clamp	NODE_6_length_129135_cov_112.937888:c34761-33694	HDHBLALJ_01423

DiscRep_SUB:FEATURE_LOCATION_CONFLICT::Coding region xref gene does not exist
prokka_out/CA139575:CDS	Chromosomal replication initiator protein DnaA	NODE_6_length_129135_cov_112.937888:c36248-34926	HDHBLALJ_01424

DiscRep_SUB:FEATURE_LOCATION_CONFLICT::Coding region xref gene does not exist
prokka_out/CA139575:CDS	Crossover junction endodeoxyribonuclease RuvC	NODE_6_length_129135_cov_112.937888:36351-36827	HDHBLALJ_01425

DiscRep_SUB:FEATURE_LOCATION_CONFLICT::Coding region xref gene does not exist
prokka_out/CA139575:CDS	hypothetical protein	NODE_6_length_129135_cov_112.937888:37031-39568	HDHBLALJ_01426

DiscRep_SUB:FEATURE_LOCATION_CONFLICT::Coding region xref gene does not exist
prokka_out/CA139575:CDS	O-acetyl-L-homoserine sulfhydrylase	NODE_6_length_129135_cov_112.937888:39995-41266	HDHBLALJ_01427

DiscRep_SUB:FEATURE_LOCATION_CONFLICT::Coding region xref gene does not exist
prokka_out/CA139575:CDS	hypothetical protein	NODE_6_length_129135_cov_112.937888:41278-42312	HDHBLALJ_01428

DiscRep_SUB:FEATURE_LOCATION_CONFLICT::Coding region xref gene does not exist
prokka_out/CA139575:CDS	Putative sulfur carrier protein YeeD	NODE_6_length_129135_cov_112.937888:42322-42543	HDHBLALJ_01429

DiscRep_SUB:FEATURE_LOCATION_CONFLICT::Coding region xref gene does not exist
prokka_out/CA139575:CDS	Homoserine O-acetyltransferase 1	NODE_6_length_129135_cov_112.937888:42554-43435	HDHBLALJ_01430

DiscRep_SUB:FEATURE_LOCATION_CONFLICT::Coding region xref gene does not exist
prokka_out/CA139575:CDS	hypothetical protein	NODE_6_length_129135_cov_112.937888:c44039-43440	HDHBLALJ_01431

DiscRep_SUB:FEATURE_LOCATION_CONFLICT::Coding region xref gene does not exist
prokka_out/CA139575:CDS	NADPH-dependent 7-cyano-7-deazaguanine reductase	NODE_6_length_129135_cov_112.937888:44199-44582	HDHBLALJ_01432

DiscRep_SUB:FEATURE_LOCATION_CONFLICT::Coding region xref gene does not exist
prokka_out/CA139575:CDS	hypothetical protein	NODE_6_length_129135_cov_112.937888:44768-45094	HDHBLALJ_01433

DiscRep_SUB:FEATURE_LOCATION_CONFLICT::Coding region xref gene does not exist
prokka_out/CA139575:CDS	hypothetical protein	NODE_6_length_129135_cov_112.937888:45508-46152	HDHBLALJ_01434

DiscRep_SUB:FEATURE_LOCATION_CONFLICT::Coding region xref gene does not exist
prokka_out/CA139575:CDS	hypothetical protein	NODE_6_length_129135_cov_112.937888:c46805-46176	HDHBLALJ_01435

DiscRep_SUB:FEATURE_LOCATION_CONFLICT::Coding region xref gene does not exist
prokka_out/CA139575:CDS	2-isopropylmalate synthase	NODE_6_length_129135_cov_112.937888:47152-48687	HDHBLALJ_01436

DiscRep_SUB:FEATURE_LOCATION_CONFLICT::Coding region xref gene does not exist
prokka_out/CA139575:CDS	3-isopropylmalate dehydrogenase	NODE_6_length_129135_cov_112.937888:48684-49760	HDHBLALJ_01437

DiscRep_SUB:FEATURE_LOCATION_CONFLICT::Coding region xref gene does not exist
prokka_out/CA139575:CDS	3-isopropylmalate dehydratase large subunit	NODE_6_length_129135_cov_112.937888:49753-51159	HDHBLALJ_01438

DiscRep_SUB:FEATURE_LOCATION_CONFLICT::Coding region xref gene does not exist
prokka_out/CA139575:CDS	3-isopropylmalate dehydratase small subunit 1	NODE_6_length_129135_cov_112.937888:51161-51763	HDHBLALJ_01439

DiscRep_SUB:FEATURE_LOCATION_CONFLICT::Coding region xref gene does not exist
prokka_out/CA139575:CDS	hypothetical protein	NODE_6_length_129135_cov_112.937888:c52273-51743	HDHBLALJ_01440

DiscRep_SUB:FEATURE_LOCATION_CONFLICT::Coding region xref gene does not exist
prokka_out/CA139575:CDS	hypothetical protein	NODE_6_length_129135_cov_112.937888:c53178-52765	HDHBLALJ_01443

DiscRep_SUB:FEATURE_LOCATION_CONFLICT::Coding region xref gene does not exist
prokka_out/CA139575:CDS	hypothetical protein	NODE_6_length_129135_cov_112.937888:c53726-53424	HDHBLALJ_01444

DiscRep_SUB:FEATURE_LOCATION_CONFLICT::Coding region xref gene does not exist
prokka_out/CA139575:CDS	hypothetical protein	NODE_6_length_129135_cov_112.937888:c54537-54433	HDHBLALJ_01447

DiscRep_SUB:FEATURE_LOCATION_CONFLICT::Coding region xref gene does not exist
prokka_out/CA139575:CDS	putative dual-specificity RNA methyltransferase RlmN	NODE_6_length_129135_cov_112.937888:c55604-54534	HDHBLALJ_01448

DiscRep_SUB:FEATURE_LOCATION_CONFLICT::Coding region xref gene does not exist
prokka_out/CA139575:CDS	hypothetical protein	NODE_6_length_129135_cov_112.937888:c56160-55624	HDHBLALJ_01449

DiscRep_SUB:FEATURE_LOCATION_CONFLICT::Coding region xref gene does not exist
prokka_out/CA139575:CDS	Ribosomal RNA small subunit methyltransferase A	NODE_6_length_129135_cov_112.937888:56245-57039	HDHBLALJ_01450

DiscRep_SUB:FEATURE_LOCATION_CONFLICT::Coding region xref gene does not exist
prokka_out/CA139575:CDS	Ribonuclease J	NODE_6_length_129135_cov_112.937888:57014-59044	HDHBLALJ_01451

DiscRep_SUB:FEATURE_LOCATION_CONFLICT::Coding region xref gene does not exist
prokka_out/CA139575:CDS	Ribosomal large subunit pseudouridine synthase B	NODE_6_length_129135_cov_112.937888:59086-59847	HDHBLALJ_01452

DiscRep_SUB:FEATURE_LOCATION_CONFLICT::Coding region xref gene does not exist
prokka_out/CA139575:CDS	30S ribosomal protein S10	NODE_6_length_129135_cov_112.937888:60045-60356	HDHBLALJ_01453

DiscRep_SUB:FEATURE_LOCATION_CONFLICT::Coding region xref gene does not exist
prokka_out/CA139575:CDS	hypothetical protein	NODE_6_length_129135_cov_112.937888:60366-60941	HDHBLALJ_01454

DiscRep_SUB:FEATURE_LOCATION_CONFLICT::Coding region xref gene does not exist
prokka_out/CA139575:CDS	50S ribosomal protein L4	NODE_6_length_129135_cov_112.937888:60938-61552	HDHBLALJ_01455

DiscRep_SUB:FEATURE_LOCATION_CONFLICT::Coding region xref gene does not exist
prokka_out/CA139575:CDS	50S ribosomal protein L23	NODE_6_length_129135_cov_112.937888:61555-61836	HDHBLALJ_01456

DiscRep_SUB:FEATURE_LOCATION_CONFLICT::Coding region xref gene does not exist
prokka_out/CA139575:CDS	50S ribosomal protein L2	NODE_6_length_129135_cov_112.937888:61838-62668	HDHBLALJ_01457

DiscRep_SUB:FEATURE_LOCATION_CONFLICT::Coding region xref gene does not exist
prokka_out/CA139575:CDS	30S ribosomal protein S19	NODE_6_length_129135_cov_112.937888:62670-62951	HDHBLALJ_01458

DiscRep_SUB:FEATURE_LOCATION_CONFLICT::Coding region xref gene does not exist
prokka_out/CA139575:CDS	hypothetical protein	NODE_6_length_129135_cov_112.937888:62962-63369	HDHBLALJ_01459

DiscRep_SUB:FEATURE_LOCATION_CONFLICT::Coding region xref gene does not exist
prokka_out/CA139575:CDS	30S ribosomal protein S3	NODE_6_length_129135_cov_112.937888:63369-64070	HDHBLALJ_01460

DiscRep_SUB:FEATURE_LOCATION_CONFLICT::Coding region xref gene does not exist
prokka_out/CA139575:CDS	50S ribosomal protein L16	NODE_6_length_129135_cov_112.937888:64073-64498	HDHBLALJ_01461

DiscRep_SUB:FEATURE_LOCATION_CONFLICT::Coding region xref gene does not exist
prokka_out/CA139575:CDS	hypothetical protein	NODE_6_length_129135_cov_112.937888:64485-64670	HDHBLALJ_01462

DiscRep_SUB:FEATURE_LOCATION_CONFLICT::Coding region xref gene does not exist
prokka_out/CA139575:CDS	30S ribosomal protein S17	NODE_6_length_129135_cov_112.937888:64680-64931	HDHBLALJ_01463

DiscRep_SUB:FEATURE_LOCATION_CONFLICT::Coding region xref gene does not exist
prokka_out/CA139575:CDS	50S ribosomal protein L14	NODE_6_length_129135_cov_112.937888:64931-65299	HDHBLALJ_01464

DiscRep_SUB:FEATURE_LOCATION_CONFLICT::Coding region xref gene does not exist
prokka_out/CA139575:CDS	50S ribosomal protein L24	NODE_6_length_129135_cov_112.937888:65299-65532	HDHBLALJ_01465

DiscRep_SUB:FEATURE_LOCATION_CONFLICT::Coding region xref gene does not exist
prokka_out/CA139575:CDS	50S ribosomal protein L5	NODE_6_length_129135_cov_112.937888:65539-66081	HDHBLALJ_01466

DiscRep_SUB:FEATURE_LOCATION_CONFLICT::Coding region xref gene does not exist
prokka_out/CA139575:CDS	30S ribosomal protein S14 type Z	NODE_6_length_129135_cov_112.937888:66083-66268	HDHBLALJ_01467

DiscRep_SUB:FEATURE_LOCATION_CONFLICT::Coding region xref gene does not exist
prokka_out/CA139575:CDS	30S ribosomal protein S8	NODE_6_length_129135_cov_112.937888:66278-66673	HDHBLALJ_01468

DiscRep_SUB:FEATURE_LOCATION_CONFLICT::Coding region xref gene does not exist
prokka_out/CA139575:CDS	50S ribosomal protein L6	NODE_6_length_129135_cov_112.937888:66751-67287	HDHBLALJ_01469

DiscRep_SUB:FEATURE_LOCATION_CONFLICT::Coding region xref gene does not exist
prokka_out/CA139575:CDS	50S ribosomal protein L18	NODE_6_length_129135_cov_112.937888:67297-67653	HDHBLALJ_01470

DiscRep_SUB:FEATURE_LOCATION_CONFLICT::Coding region xref gene does not exist
prokka_out/CA139575:CDS	30S ribosomal protein S5	NODE_6_length_129135_cov_112.937888:67665-68108	HDHBLALJ_01471

DiscRep_SUB:FEATURE_LOCATION_CONFLICT::Coding region xref gene does not exist
prokka_out/CA139575:CDS	50S ribosomal protein L15	NODE_6_length_129135_cov_112.937888:68113-68505	HDHBLALJ_01472

DiscRep_SUB:FEATURE_LOCATION_CONFLICT::Coding region xref gene does not exist
prokka_out/CA139575:CDS	Protein translocase subunit SecY	NODE_6_length_129135_cov_112.937888:68505-69770	HDHBLALJ_01473

DiscRep_SUB:FEATURE_LOCATION_CONFLICT::Coding region xref gene does not exist
prokka_out/CA139575:CDS	hypothetical protein	NODE_6_length_129135_cov_112.937888:c71091-69832	HDHBLALJ_01474

DiscRep_SUB:FEATURE_LOCATION_CONFLICT::Coding region xref gene does not exist
prokka_out/CA139575:CDS	DNA topoisomerase 1	NODE_6_length_129135_cov_112.937888:71320-73422	HDHBLALJ_01475

DiscRep_SUB:FEATURE_LOCATION_CONFLICT::Coding region xref gene does not exist
prokka_out/CA139575:CDS	Biotin synthase	NODE_6_length_129135_cov_112.937888:73425-74261	HDHBLALJ_01476

DiscRep_SUB:FEATURE_LOCATION_CONFLICT::Coding region xref gene does not exist
prokka_out/CA139575:CDS	hypothetical protein	NODE_6_length_129135_cov_112.937888:74242-75417	HDHBLALJ_01477

DiscRep_SUB:FEATURE_LOCATION_CONFLICT::Coding region xref gene does not exist
prokka_out/CA139575:CDS	Citrate synthase	NODE_6_length_129135_cov_112.937888:75547-76815	HDHBLALJ_01478

DiscRep_SUB:FEATURE_LOCATION_CONFLICT::Coding region xref gene does not exist
prokka_out/CA139575:CDS	3'(2'),5'-bisphosphate nucleotidase CysQ	NODE_6_length_129135_cov_112.937888:76889-77653	HDHBLALJ_01479

DiscRep_SUB:FEATURE_LOCATION_CONFLICT::Coding region xref gene does not exist
prokka_out/CA139575:CDS	hypothetical protein	NODE_6_length_129135_cov_112.937888:77690-78451	HDHBLALJ_01480

DiscRep_SUB:FEATURE_LOCATION_CONFLICT::Coding region xref gene does not exist
prokka_out/CA139575:CDS	hypothetical protein	NODE_6_length_129135_cov_112.937888:c78629-78456	HDHBLALJ_01481

DiscRep_SUB:FEATURE_LOCATION_CONFLICT::Coding region xref gene does not exist
prokka_out/CA139575:CDS	UDP-N-acetylenolpyruvoylglucosamine reductase	NODE_6_length_129135_cov_112.937888:c79514-78738	HDHBLALJ_01482

DiscRep_SUB:FEATURE_LOCATION_CONFLICT::Coding region xref gene does not exist
prokka_out/CA139575:CDS	Flagellar biosynthetic protein FliQ	NODE_6_length_129135_cov_112.937888:c79780-79511	HDHBLALJ_01483

DiscRep_SUB:FEATURE_LOCATION_CONFLICT::Coding region xref gene does not exist
prokka_out/CA139575:CDS	1,4-dihydroxy-6-naphtoate synthase	NODE_6_length_129135_cov_112.937888:c80655-79792	HDHBLALJ_01484

DiscRep_SUB:FEATURE_LOCATION_CONFLICT::Coding region xref gene does not exist
prokka_out/CA139575:CDS	Protein RecA	NODE_6_length_129135_cov_112.937888:80765-81796	HDHBLALJ_01485

DiscRep_SUB:FEATURE_LOCATION_CONFLICT::Coding region xref gene does not exist
prokka_out/CA139575:CDS	Enolase	NODE_6_length_129135_cov_112.937888:81796-83040	HDHBLALJ_01486

DiscRep_SUB:FEATURE_LOCATION_CONFLICT::Coding region xref gene does not exist
prokka_out/CA139575:CDS	hypothetical protein	NODE_6_length_129135_cov_112.937888:83106-83309	HDHBLALJ_01487

DiscRep_SUB:FEATURE_LOCATION_CONFLICT::Coding region xref gene does not exist
prokka_out/CA139575:CDS	hypothetical protein	NODE_6_length_129135_cov_112.937888:83299-83961	HDHBLALJ_01488

DiscRep_SUB:FEATURE_LOCATION_CONFLICT::Coding region xref gene does not exist
prokka_out/CA139575:CDS	DNA ligase	NODE_6_length_129135_cov_112.937888:83961-84800	HDHBLALJ_01489

DiscRep_SUB:FEATURE_LOCATION_CONFLICT::Coding region xref gene does not exist
prokka_out/CA139575:CDS	Glutamate 5-kinase	NODE_6_length_129135_cov_112.937888:85489-86244	HDHBLALJ_01495

DiscRep_SUB:FEATURE_LOCATION_CONFLICT::Coding region xref gene does not exist
prokka_out/CA139575:CDS	hypothetical protein	NODE_6_length_129135_cov_112.937888:86323-86457	HDHBLALJ_01496

DiscRep_SUB:FEATURE_LOCATION_CONFLICT::Coding region xref gene does not exist
prokka_out/CA139575:CDS	hypothetical protein	NODE_6_length_129135_cov_112.937888:86511-87239	HDHBLALJ_01497

DiscRep_SUB:FEATURE_LOCATION_CONFLICT::Coding region xref gene does not exist
prokka_out/CA139575:CDS	Methionyl-tRNA formyltransferase	NODE_6_length_129135_cov_112.937888:87685-88605	HDHBLALJ_01498

DiscRep_SUB:FEATURE_LOCATION_CONFLICT::Coding region xref gene does not exist
prokka_out/CA139575:CDS	Bifunctional ligase/repressor BirA	NODE_6_length_129135_cov_112.937888:88568-89221	HDHBLALJ_01499

DiscRep_SUB:FEATURE_LOCATION_CONFLICT::Coding region xref gene does not exist
prokka_out/CA139575:CDS	Sporulation initiation inhibitor protein Soj	NODE_6_length_129135_cov_112.937888:89218-90003	HDHBLALJ_01500

DiscRep_SUB:FEATURE_LOCATION_CONFLICT::Coding region xref gene does not exist
prokka_out/CA139575:CDS	putative chromosome-partitioning protein ParB	NODE_6_length_129135_cov_112.937888:90008-90844	HDHBLALJ_01501

DiscRep_SUB:FEATURE_LOCATION_CONFLICT::Coding region xref gene does not exist
prokka_out/CA139575:CDS	ATP synthase subunit b'	NODE_6_length_129135_cov_112.937888:90903-91328	HDHBLALJ_01502

DiscRep_SUB:FEATURE_LOCATION_CONFLICT::Coding region xref gene does not exist
prokka_out/CA139575:CDS	ATP synthase subunit b	NODE_6_length_129135_cov_112.937888:91341-91853	HDHBLALJ_01503

DiscRep_SUB:FEATURE_LOCATION_CONFLICT::Coding region xref gene does not exist
prokka_out/CA139575:CDS	ATP synthase subunit delta	NODE_6_length_129135_cov_112.937888:91853-92374	HDHBLALJ_01504

DiscRep_SUB:FEATURE_LOCATION_CONFLICT::Coding region xref gene does not exist
prokka_out/CA139575:CDS	ATP synthase subunit alpha	NODE_6_length_129135_cov_112.937888:92387-93892	HDHBLALJ_01505

DiscRep_SUB:FEATURE_LOCATION_CONFLICT::Coding region xref gene does not exist
prokka_out/CA139575:CDS	ATP synthase gamma chain, sodium ion specific	NODE_6_length_129135_cov_112.937888:93902-94786	HDHBLALJ_01506

DiscRep_SUB:FEATURE_LOCATION_CONFLICT::Coding region xref gene does not exist
prokka_out/CA139575:CDS	ATP synthase subunit beta	NODE_6_length_129135_cov_112.937888:94813-96210	HDHBLALJ_01507

DiscRep_SUB:FEATURE_LOCATION_CONFLICT::Coding region xref gene does not exist
prokka_out/CA139575:CDS	ATP synthase epsilon chain	NODE_6_length_129135_cov_112.937888:96214-96603	HDHBLALJ_01508

DiscRep_SUB:FEATURE_LOCATION_CONFLICT::Coding region xref gene does not exist
prokka_out/CA139575:CDS	Tol-Pal system protein TolQ	NODE_6_length_129135_cov_112.937888:96604-97158	HDHBLALJ_01509

DiscRep_SUB:FEATURE_LOCATION_CONFLICT::Coding region xref gene does not exist
prokka_out/CA139575:CDS	Biopolymer transport protein ExbD	NODE_6_length_129135_cov_112.937888:97169-97558	HDHBLALJ_01510

DiscRep_SUB:FEATURE_LOCATION_CONFLICT::Coding region xref gene does not exist
prokka_out/CA139575:CDS	hypothetical protein	NODE_6_length_129135_cov_112.937888:97562-98338	HDHBLALJ_01511

DiscRep_SUB:FEATURE_LOCATION_CONFLICT::Coding region xref gene does not exist
prokka_out/CA139575:CDS	Tol-Pal system protein TolB	NODE_6_length_129135_cov_112.937888:98352-99563	HDHBLALJ_01512

DiscRep_SUB:FEATURE_LOCATION_CONFLICT::Coding region xref gene does not exist
prokka_out/CA139575:CDS	Peptidoglycan-associated lipoprotein	NODE_6_length_129135_cov_112.937888:99640-100137	HDHBLALJ_01513

DiscRep_SUB:FEATURE_LOCATION_CONFLICT::Coding region xref gene does not exist
prokka_out/CA139575:CDS	Cell division coordinator CpoB	NODE_6_length_129135_cov_112.937888:100141-101094	HDHBLALJ_01514

DiscRep_SUB:FEATURE_LOCATION_CONFLICT::Coding region xref gene does not exist
prokka_out/CA139575:CDS	hypothetical protein	NODE_6_length_129135_cov_112.937888:101110-101682	HDHBLALJ_01515

DiscRep_SUB:FEATURE_LOCATION_CONFLICT::Coding region xref gene does not exist
prokka_out/CA139575:CDS	Malonyl CoA-acyl carrier protein transacylase	NODE_6_length_129135_cov_112.937888:101630-102604	HDHBLALJ_01516

DiscRep_SUB:FEATURE_LOCATION_CONFLICT::Coding region xref gene does not exist
prokka_out/CA139575:CDS	Aminodeoxyfutalosine nucleosidase	NODE_6_length_129135_cov_112.937888:102605-103291	HDHBLALJ_01517

DiscRep_SUB:FEATURE_LOCATION_CONFLICT::Coding region xref gene does not exist
prokka_out/CA139575:CDS	tRNA-cytidine(32) 2-sulfurtransferase	NODE_6_length_129135_cov_112.937888:103288-104043	HDHBLALJ_01518

DiscRep_SUB:FEATURE_LOCATION_CONFLICT::Coding region xref gene does not exist
prokka_out/CA139575:CDS	hypothetical protein	NODE_6_length_129135_cov_112.937888:104048-104569	HDHBLALJ_01519

DiscRep_SUB:FEATURE_LOCATION_CONFLICT::Coding region xref gene does not exist
prokka_out/CA139575:CDS	hypothetical protein	NODE_6_length_129135_cov_112.937888:104569-105183	HDHBLALJ_01520

DiscRep_SUB:FEATURE_LOCATION_CONFLICT::Coding region xref gene does not exist
prokka_out/CA139575:CDS	Endoribonuclease YbeY	NODE_6_length_129135_cov_112.937888:105180-105587	HDHBLALJ_01521

DiscRep_SUB:FEATURE_LOCATION_CONFLICT::Coding region xref gene does not exist
prokka_out/CA139575:CDS	hypothetical protein	NODE_6_length_129135_cov_112.937888:105710-106402	HDHBLALJ_01522

DiscRep_SUB:FEATURE_LOCATION_CONFLICT::Coding region xref gene does not exist
prokka_out/CA139575:CDS	hypothetical protein	NODE_6_length_129135_cov_112.937888:106438-107676	HDHBLALJ_01523

DiscRep_SUB:FEATURE_LOCATION_CONFLICT::Coding region xref gene does not exist
prokka_out/CA139575:CDS	tRNA-dihydrouridine synthase B	NODE_6_length_129135_cov_112.937888:c108623-107697	HDHBLALJ_01524

DiscRep_SUB:FEATURE_LOCATION_CONFLICT::Coding region xref gene does not exist
prokka_out/CA139575:CDS	hypothetical protein	NODE_6_length_129135_cov_112.937888:c109606-108620	HDHBLALJ_01525

DiscRep_SUB:FEATURE_LOCATION_CONFLICT::Coding region xref gene does not exist
prokka_out/CA139575:CDS	RNA polymerase-binding transcription factor DksA	NODE_6_length_129135_cov_112.937888:c109956-109603	HDHBLALJ_01526

DiscRep_SUB:FEATURE_LOCATION_CONFLICT::Coding region xref gene does not exist
prokka_out/CA139575:CDS	Ribosomal RNA large subunit methyltransferase H	NODE_6_length_129135_cov_112.937888:c110417-109968	HDHBLALJ_01527

DiscRep_SUB:FEATURE_LOCATION_CONFLICT::Coding region xref gene does not exist
prokka_out/CA139575:CDS	Acetyl-coenzyme A carboxylase carboxyl transferase subunit beta	NODE_6_length_129135_cov_112.937888:c111261-110419	HDHBLALJ_01528

DiscRep_SUB:FEATURE_LOCATION_CONFLICT::Coding region xref gene does not exist
prokka_out/CA139575:CDS	hypothetical protein	NODE_6_length_129135_cov_112.937888:c111992-111276	HDHBLALJ_01529

DiscRep_SUB:FEATURE_LOCATION_CONFLICT::Coding region xref gene does not exist
prokka_out/CA139575:CDS	Outer membrane protein assembly factor BamA	NODE_6_length_129135_cov_112.937888:c114208-111992	HDHBLALJ_01530

DiscRep_SUB:FEATURE_LOCATION_CONFLICT::Coding region xref gene does not exist
prokka_out/CA139575:CDS	Cyclohexadienyl dehydrogenase	NODE_6_length_129135_cov_112.937888:114284-115111	HDHBLALJ_01531

DiscRep_SUB:FEATURE_LOCATION_CONFLICT::Coding region xref gene does not exist
prokka_out/CA139575:CDS	hypothetical protein	NODE_6_length_129135_cov_112.937888:115209-116582	HDHBLALJ_01532

DiscRep_SUB:FEATURE_LOCATION_CONFLICT::Coding region xref gene does not exist
prokka_out/CA139575:CDS	UDP-3-O-acyl-N-acetylglucosamine deacetylase	NODE_6_length_129135_cov_112.937888:116582-117466	HDHBLALJ_01533

DiscRep_SUB:FEATURE_LOCATION_CONFLICT::Coding region xref gene does not exist
prokka_out/CA139575:CDS	hypothetical protein	NODE_6_length_129135_cov_112.937888:117505-117906	HDHBLALJ_01534

DiscRep_SUB:FEATURE_LOCATION_CONFLICT::Coding region xref gene does not exist
prokka_out/CA139575:CDS	Homoserine kinase	NODE_6_length_129135_cov_112.937888:117924-118802	HDHBLALJ_01535

DiscRep_SUB:FEATURE_LOCATION_CONFLICT::Coding region xref gene does not exist
prokka_out/CA139575:CDS	hypothetical protein	NODE_6_length_129135_cov_112.937888:118796-119089	HDHBLALJ_01536

DiscRep_SUB:FEATURE_LOCATION_CONFLICT::Coding region xref gene does not exist
prokka_out/CA139575:CDS	Translation initiation factor IF-2	NODE_6_length_129135_cov_112.937888:119076-121646	HDHBLALJ_01537

DiscRep_SUB:FEATURE_LOCATION_CONFLICT::Coding region xref gene does not exist
prokka_out/CA139575:CDS	Ribosome-binding factor A	NODE_6_length_129135_cov_112.937888:121643-122005	HDHBLALJ_01538

DiscRep_SUB:FEATURE_LOCATION_CONFLICT::Coding region xref gene does not exist
prokka_out/CA139575:CDS	Ribosome maturation factor RimP	NODE_6_length_129135_cov_112.937888:121995-122438	HDHBLALJ_01539

DiscRep_SUB:FEATURE_LOCATION_CONFLICT::Coding region xref gene does not exist
prokka_out/CA139575:CDS	hypothetical protein	NODE_6_length_129135_cov_112.937888:122512-122799	HDHBLALJ_01540

DiscRep_SUB:FEATURE_LOCATION_CONFLICT::Coding region xref gene does not exist
prokka_out/CA139575:CDS	hypothetical protein	NODE_6_length_129135_cov_112.937888:122871-123251	HDHBLALJ_01541

DiscRep_SUB:FEATURE_LOCATION_CONFLICT::Coding region xref gene does not exist
prokka_out/CA139575:CDS	hypothetical protein	NODE_6_length_129135_cov_112.937888:123308-125005	HDHBLALJ_01542

DiscRep_SUB:FEATURE_LOCATION_CONFLICT::Coding region xref gene does not exist
prokka_out/CA139575:CDS	High-affinity zinc uptake system membrane protein ZnuB	NODE_6_length_129135_cov_112.937888:c126054-125248	HDHBLALJ_01543

DiscRep_SUB:FEATURE_LOCATION_CONFLICT::Coding region xref gene does not exist
prokka_out/CA139575:CDS	Vitamin B12 import ATP-binding protein BtuD	NODE_6_length_129135_cov_112.937888:c126901-126047	HDHBLALJ_01544

DiscRep_SUB:FEATURE_LOCATION_CONFLICT::Coding region xref gene does not exist
prokka_out/CA139575:CDS	hypothetical protein	NODE_6_length_129135_cov_112.937888:c127768-126914	HDHBLALJ_01545

DiscRep_SUB:FEATURE_LOCATION_CONFLICT::RNA feature xref gene does not exist
prokka_out/CA139575:tRNA	Val	NODE_6_length_129135_cov_112.937888:c52579-52504	HDHBLALJ_01441

DiscRep_SUB:FEATURE_LOCATION_CONFLICT::RNA feature xref gene does not exist
prokka_out/CA139575:tRNA	Ala	NODE_6_length_129135_cov_112.937888:c52656-52581	HDHBLALJ_01442

DiscRep_SUB:FEATURE_LOCATION_CONFLICT::RNA feature xref gene does not exist
prokka_out/CA139575:tRNA	Ser	NODE_6_length_129135_cov_112.937888:c53917-53830	HDHBLALJ_01445

DiscRep_SUB:FEATURE_LOCATION_CONFLICT::RNA feature xref gene does not exist
prokka_out/CA139575:tRNA	Met	NODE_6_length_129135_cov_112.937888:54022-54098	HDHBLALJ_01446

DiscRep_SUB:FEATURE_LOCATION_CONFLICT::RNA feature xref gene does not exist
prokka_out/CA139575:tRNA	Pro	NODE_6_length_129135_cov_112.937888:84847-84924	HDHBLALJ_01490

DiscRep_SUB:FEATURE_LOCATION_CONFLICT::RNA feature xref gene does not exist
prokka_out/CA139575:tRNA	His	NODE_6_length_129135_cov_112.937888:84949-85025	HDHBLALJ_01491

DiscRep_SUB:FEATURE_LOCATION_CONFLICT::RNA feature xref gene does not exist
prokka_out/CA139575:tRNA	Arg	NODE_6_length_129135_cov_112.937888:85030-85106	HDHBLALJ_01492

DiscRep_SUB:FEATURE_LOCATION_CONFLICT::RNA feature xref gene does not exist
prokka_out/CA139575:tRNA	Arg	NODE_6_length_129135_cov_112.937888:85121-85197	HDHBLALJ_01493

DiscRep_SUB:FEATURE_LOCATION_CONFLICT::RNA feature xref gene does not exist
prokka_out/CA139575:tRNA	Leu	NODE_6_length_129135_cov_112.937888:85203-85287	HDHBLALJ_01494

DiscRep_SUB:FEATURE_LOCATION_CONFLICT::Coding region xref gene does not exist
prokka_out/CA139575:CDS	hypothetical protein	NODE_7_length_91366_cov_106.824680:257-505	HDHBLALJ_01546

DiscRep_SUB:FEATURE_LOCATION_CONFLICT::Coding region xref gene does not exist
prokka_out/CA139575:CDS	hypothetical protein	NODE_7_length_91366_cov_106.824680:542-1765	HDHBLALJ_01547

DiscRep_SUB:FEATURE_LOCATION_CONFLICT::Coding region xref gene does not exist
prokka_out/CA139575:CDS	hypothetical protein	NODE_7_length_91366_cov_106.824680:1770-3791	HDHBLALJ_01548

DiscRep_SUB:FEATURE_LOCATION_CONFLICT::Coding region xref gene does not exist
prokka_out/CA139575:CDS	Undecaprenyl-phosphate 4-deoxy-4-formamido-L-arabinose transferase	NODE_7_length_91366_cov_106.824680:3799-5712	HDHBLALJ_01549

DiscRep_SUB:FEATURE_LOCATION_CONFLICT::Coding region xref gene does not exist
prokka_out/CA139575:CDS	hypothetical protein	NODE_7_length_91366_cov_106.824680:5709-6383	HDHBLALJ_01550

DiscRep_SUB:FEATURE_LOCATION_CONFLICT::Coding region xref gene does not exist
prokka_out/CA139575:CDS	2-keto-3-deoxy-L-rhamnonate aldolase	NODE_7_length_91366_cov_106.824680:6380-7144	HDHBLALJ_01551

DiscRep_SUB:FEATURE_LOCATION_CONFLICT::Coding region xref gene does not exist
prokka_out/CA139575:CDS	Hydroxypyruvate reductase	NODE_7_length_91366_cov_106.824680:7141-8094	HDHBLALJ_01552

DiscRep_SUB:FEATURE_LOCATION_CONFLICT::Coding region xref gene does not exist
prokka_out/CA139575:CDS	GDP-L-fucose synthase	NODE_7_length_91366_cov_106.824680:8087-8962	HDHBLALJ_01553

DiscRep_SUB:FEATURE_LOCATION_CONFLICT::Coding region xref gene does not exist
prokka_out/CA139575:CDS	Kynurenine formamidase	NODE_7_length_91366_cov_106.824680:8959-9630	HDHBLALJ_01554

DiscRep_SUB:FEATURE_LOCATION_CONFLICT::Coding region xref gene does not exist
prokka_out/CA139575:CDS	hypothetical protein	NODE_7_length_91366_cov_106.824680:9633-10121	HDHBLALJ_01555

DiscRep_SUB:FEATURE_LOCATION_CONFLICT::Coding region xref gene does not exist
prokka_out/CA139575:CDS	hypothetical protein	NODE_7_length_91366_cov_106.824680:10118-10711	HDHBLALJ_01556

DiscRep_SUB:FEATURE_LOCATION_CONFLICT::Coding region xref gene does not exist
prokka_out/CA139575:CDS	hypothetical protein	NODE_7_length_91366_cov_106.824680:10718-11815	HDHBLALJ_01557

DiscRep_SUB:FEATURE_LOCATION_CONFLICT::Coding region xref gene does not exist
prokka_out/CA139575:CDS	hypothetical protein	NODE_7_length_91366_cov_106.824680:11790-12383	HDHBLALJ_01558

DiscRep_SUB:FEATURE_LOCATION_CONFLICT::Coding region xref gene does not exist
prokka_out/CA139575:CDS	Uridine kinase	NODE_7_length_91366_cov_106.824680:12376-13674	HDHBLALJ_01559

DiscRep_SUB:FEATURE_LOCATION_CONFLICT::Coding region xref gene does not exist
prokka_out/CA139575:CDS	hypothetical protein	NODE_7_length_91366_cov_106.824680:13667-14395	HDHBLALJ_01560

DiscRep_SUB:FEATURE_LOCATION_CONFLICT::Coding region xref gene does not exist
prokka_out/CA139575:CDS	Bifunctional protein GlmU	NODE_7_length_91366_cov_106.824680:14392-15888	HDHBLALJ_01561

DiscRep_SUB:FEATURE_LOCATION_CONFLICT::Coding region xref gene does not exist
prokka_out/CA139575:CDS	hypothetical protein	NODE_7_length_91366_cov_106.824680:15926-17953	HDHBLALJ_01562

DiscRep_SUB:FEATURE_LOCATION_CONFLICT::Coding region xref gene does not exist
prokka_out/CA139575:CDS	hypothetical protein	NODE_7_length_91366_cov_106.824680:17950-19134	HDHBLALJ_01563

DiscRep_SUB:FEATURE_LOCATION_CONFLICT::Coding region xref gene does not exist
prokka_out/CA139575:CDS	hypothetical protein	NODE_7_length_91366_cov_106.824680:19202-20323	HDHBLALJ_01564

DiscRep_SUB:FEATURE_LOCATION_CONFLICT::Coding region xref gene does not exist
prokka_out/CA139575:CDS	hypothetical protein	NODE_7_length_91366_cov_106.824680:20320-21690	HDHBLALJ_01565

DiscRep_SUB:FEATURE_LOCATION_CONFLICT::Coding region xref gene does not exist
prokka_out/CA139575:CDS	hypothetical protein	NODE_7_length_91366_cov_106.824680:21687-22109	HDHBLALJ_01566

DiscRep_SUB:FEATURE_LOCATION_CONFLICT::Coding region xref gene does not exist
prokka_out/CA139575:CDS	Holo-[acyl-carrier-protein] synthase	NODE_7_length_91366_cov_106.824680:c22459-22112	HDHBLALJ_01567

DiscRep_SUB:FEATURE_LOCATION_CONFLICT::Coding region xref gene does not exist
prokka_out/CA139575:CDS	hypothetical protein	NODE_7_length_91366_cov_106.824680:c22995-22459	HDHBLALJ_01568

DiscRep_SUB:FEATURE_LOCATION_CONFLICT::Coding region xref gene does not exist
prokka_out/CA139575:CDS	Phosphomannomutase/phosphoglucomutase	NODE_7_length_91366_cov_106.824680:23107-24471	HDHBLALJ_01569

DiscRep_SUB:FEATURE_LOCATION_CONFLICT::Coding region xref gene does not exist
prokka_out/CA139575:CDS	Ribosomal silencing factor RsfS	NODE_7_length_91366_cov_106.824680:c25428-25102	HDHBLALJ_01570

DiscRep_SUB:FEATURE_LOCATION_CONFLICT::Coding region xref gene does not exist
prokka_out/CA139575:CDS	putative nicotinate-nucleotide adenylyltransferase	NODE_7_length_91366_cov_106.824680:c26002-25457	HDHBLALJ_01571

DiscRep_SUB:FEATURE_LOCATION_CONFLICT::Coding region xref gene does not exist
prokka_out/CA139575:CDS	Glyceraldehyde-3-phosphate dehydrogenase	NODE_7_length_91366_cov_106.824680:26064-27062	HDHBLALJ_01572

DiscRep_SUB:FEATURE_LOCATION_CONFLICT::Coding region xref gene does not exist
prokka_out/CA139575:CDS	Phosphoglycerate kinase	NODE_7_length_91366_cov_106.824680:27065-28267	HDHBLALJ_01573

DiscRep_SUB:FEATURE_LOCATION_CONFLICT::Coding region xref gene does not exist
prokka_out/CA139575:CDS	Triosephosphate isomerase	NODE_7_length_91366_cov_106.824680:28264-28935	HDHBLALJ_01574

DiscRep_SUB:FEATURE_LOCATION_CONFLICT::Coding region xref gene does not exist
prokka_out/CA139575:CDS	Enoyl-[acyl-carrier-protein] reductase [NADH] FabI	NODE_7_length_91366_cov_106.824680:28939-29766	HDHBLALJ_01575

DiscRep_SUB:FEATURE_LOCATION_CONFLICT::Coding region xref gene does not exist
prokka_out/CA139575:CDS	hypothetical protein	NODE_7_length_91366_cov_106.824680:29766-31265	HDHBLALJ_01576

DiscRep_SUB:FEATURE_LOCATION_CONFLICT::Coding region xref gene does not exist
prokka_out/CA139575:CDS	Fe(2+) transporter FeoB	NODE_7_length_91366_cov_106.824680:c33103-31262	HDHBLALJ_01577

DiscRep_SUB:FEATURE_LOCATION_CONFLICT::Coding region xref gene does not exist
prokka_out/CA139575:CDS	Putative Fe(2+) transport protein A	NODE_7_length_91366_cov_106.824680:c33324-33100	HDHBLALJ_01578

DiscRep_SUB:FEATURE_LOCATION_CONFLICT::Coding region xref gene does not exist
prokka_out/CA139575:CDS	hypothetical protein	NODE_7_length_91366_cov_106.824680:c34746-33406	HDHBLALJ_01579

DiscRep_SUB:FEATURE_LOCATION_CONFLICT::Coding region xref gene does not exist
prokka_out/CA139575:CDS	3-carboxy-cis,cis-muconate cycloisomerase	NODE_7_length_91366_cov_106.824680:c36122-34755	HDHBLALJ_01580

DiscRep_SUB:FEATURE_LOCATION_CONFLICT::Coding region xref gene does not exist
prokka_out/CA139575:CDS	Cystathionine beta-lyase	NODE_7_length_91366_cov_106.824680:c37295-36132	HDHBLALJ_01581

DiscRep_SUB:FEATURE_LOCATION_CONFLICT::Coding region xref gene does not exist
prokka_out/CA139575:CDS	Putative cryptic C4-dicarboxylate transporter DcuD	NODE_7_length_91366_cov_106.824680:c38747-37308	HDHBLALJ_01582

DiscRep_SUB:FEATURE_LOCATION_CONFLICT::Coding region xref gene does not exist
prokka_out/CA139575:CDS	2-iminobutanoate/2-iminopropanoate deaminase	NODE_7_length_91366_cov_106.824680:c39113-38751	HDHBLALJ_01583

DiscRep_SUB:FEATURE_LOCATION_CONFLICT::Coding region xref gene does not exist
prokka_out/CA139575:CDS	hypothetical protein	NODE_7_length_91366_cov_106.824680:39289-39957	HDHBLALJ_01584

DiscRep_SUB:FEATURE_LOCATION_CONFLICT::Coding region xref gene does not exist
prokka_out/CA139575:CDS	hypothetical protein	NODE_7_length_91366_cov_106.824680:c40425-39961	HDHBLALJ_01585

DiscRep_SUB:FEATURE_LOCATION_CONFLICT::Coding region xref gene does not exist
prokka_out/CA139575:CDS	Catalase	NODE_7_length_91366_cov_106.824680:c41909-40485	HDHBLALJ_01586

DiscRep_SUB:FEATURE_LOCATION_CONFLICT::Coding region xref gene does not exist
prokka_out/CA139575:CDS	hypothetical protein	NODE_7_length_91366_cov_106.824680:42096-42413	HDHBLALJ_01587

DiscRep_SUB:FEATURE_LOCATION_CONFLICT::Coding region xref gene does not exist
prokka_out/CA139575:CDS	hypothetical protein	NODE_7_length_91366_cov_106.824680:42413-43108	HDHBLALJ_01588

DiscRep_SUB:FEATURE_LOCATION_CONFLICT::Coding region xref gene does not exist
prokka_out/CA139575:CDS	Flavodoxin	NODE_7_length_91366_cov_106.824680:43108-43599	HDHBLALJ_01589

DiscRep_SUB:FEATURE_LOCATION_CONFLICT::Coding region xref gene does not exist
prokka_out/CA139575:CDS	hypothetical protein	NODE_7_length_91366_cov_106.824680:43566-44444	HDHBLALJ_01590

DiscRep_SUB:FEATURE_LOCATION_CONFLICT::Coding region xref gene does not exist
prokka_out/CA139575:CDS	Ion-translocating oxidoreductase complex subunit B	NODE_7_length_91366_cov_106.824680:c46110-44449	HDHBLALJ_01591

DiscRep_SUB:FEATURE_LOCATION_CONFLICT::Coding region xref gene does not exist
prokka_out/CA139575:CDS	L-seryl-tRNA(Sec) selenium transferase	NODE_7_length_91366_cov_106.824680:46180-47502	HDHBLALJ_01592

DiscRep_SUB:FEATURE_LOCATION_CONFLICT::Coding region xref gene does not exist
prokka_out/CA139575:CDS	Elongation factor Tu	NODE_7_length_91366_cov_106.824680:47499-49298	HDHBLALJ_01593

DiscRep_SUB:FEATURE_LOCATION_CONFLICT::Coding region xref gene does not exist
prokka_out/CA139575:CDS	hypothetical protein	NODE_7_length_91366_cov_106.824680:49347-50057	HDHBLALJ_01594

DiscRep_SUB:FEATURE_LOCATION_CONFLICT::Coding region xref gene does not exist
prokka_out/CA139575:CDS	hypothetical protein	NODE_7_length_91366_cov_106.824680:50057-50584	HDHBLALJ_01595

DiscRep_SUB:FEATURE_LOCATION_CONFLICT::Coding region xref gene does not exist
prokka_out/CA139575:CDS	Inner membrane transport protein YajR	NODE_7_length_91366_cov_106.824680:c51881-50586	HDHBLALJ_01596

DiscRep_SUB:FEATURE_LOCATION_CONFLICT::Coding region xref gene does not exist
prokka_out/CA139575:CDS	hypothetical protein	NODE_7_length_91366_cov_106.824680:52023-52478	HDHBLALJ_01597

DiscRep_SUB:FEATURE_LOCATION_CONFLICT::Coding region xref gene does not exist
prokka_out/CA139575:CDS	dITP/XTP pyrophosphatase	NODE_7_length_91366_cov_106.824680:52450-53058	HDHBLALJ_01598

DiscRep_SUB:FEATURE_LOCATION_CONFLICT::Coding region xref gene does not exist
prokka_out/CA139575:CDS	hypothetical protein	NODE_7_length_91366_cov_106.824680:c55554-53092	HDHBLALJ_01599

DiscRep_SUB:FEATURE_LOCATION_CONFLICT::Coding region xref gene does not exist
prokka_out/CA139575:CDS	hypothetical protein	NODE_7_length_91366_cov_106.824680:c56123-55554	HDHBLALJ_01600

DiscRep_SUB:FEATURE_LOCATION_CONFLICT::Coding region xref gene does not exist
prokka_out/CA139575:CDS	Intermembrane phospholipid transport system lipoprotein MlaA	NODE_7_length_91366_cov_106.824680:c56831-56133	HDHBLALJ_01601

DiscRep_SUB:FEATURE_LOCATION_CONFLICT::Coding region xref gene does not exist
prokka_out/CA139575:CDS	Xanthine phosphoribosyltransferase	NODE_7_length_91366_cov_106.824680:c57315-56872	HDHBLALJ_01602

DiscRep_SUB:FEATURE_LOCATION_CONFLICT::Coding region xref gene does not exist
prokka_out/CA139575:CDS	Nucleobase transporter PlAzg1	NODE_7_length_91366_cov_106.824680:c58652-57333	HDHBLALJ_01603

DiscRep_SUB:FEATURE_LOCATION_CONFLICT::Coding region xref gene does not exist
prokka_out/CA139575:CDS	Aminodeoxyfutalosine synthase	NODE_7_length_91366_cov_106.824680:c59726-58662	HDHBLALJ_01604

DiscRep_SUB:FEATURE_LOCATION_CONFLICT::Coding region xref gene does not exist
prokka_out/CA139575:CDS	Bifunctional uridylyltransferase/uridylyl-removing enzyme	NODE_7_length_91366_cov_106.824680:59869-62217	HDHBLALJ_01605

DiscRep_SUB:FEATURE_LOCATION_CONFLICT::Coding region xref gene does not exist
prokka_out/CA139575:CDS	Glutamine--fructose-6-phosphate aminotransferase [isomerizing]	NODE_7_length_91366_cov_106.824680:62221-64017	HDHBLALJ_01606

DiscRep_SUB:FEATURE_LOCATION_CONFLICT::Coding region xref gene does not exist
prokka_out/CA139575:CDS	Fumarate hydratase class II	NODE_7_length_91366_cov_106.824680:64152-65543	HDHBLALJ_01607

DiscRep_SUB:FEATURE_LOCATION_CONFLICT::Coding region xref gene does not exist
prokka_out/CA139575:CDS	hypothetical protein	NODE_7_length_91366_cov_106.824680:c66633-65590	HDHBLALJ_01608

DiscRep_SUB:FEATURE_LOCATION_CONFLICT::Coding region xref gene does not exist
prokka_out/CA139575:CDS	Holliday junction ATP-dependent DNA helicase RuvB	NODE_7_length_91366_cov_106.824680:c67653-66643	HDHBLALJ_01609

DiscRep_SUB:FEATURE_LOCATION_CONFLICT::Coding region xref gene does not exist
prokka_out/CA139575:CDS	hypothetical protein	NODE_7_length_91366_cov_106.824680:67745-68155	HDHBLALJ_01610

DiscRep_SUB:FEATURE_LOCATION_CONFLICT::Coding region xref gene does not exist
prokka_out/CA139575:CDS	hypothetical protein	NODE_7_length_91366_cov_106.824680:68720-70981	HDHBLALJ_01612

DiscRep_SUB:FEATURE_LOCATION_CONFLICT::Coding region xref gene does not exist
prokka_out/CA139575:CDS	Polyphosphate kinase	NODE_7_length_91366_cov_106.824680:c73207-71123	HDHBLALJ_01613

DiscRep_SUB:FEATURE_LOCATION_CONFLICT::Coding region xref gene does not exist
prokka_out/CA139575:CDS	Cytochrome c-type protein NrfH	NODE_7_length_91366_cov_106.824680:73391-73882	HDHBLALJ_01614

DiscRep_SUB:FEATURE_LOCATION_CONFLICT::Coding region xref gene does not exist
prokka_out/CA139575:CDS	Cytochrome c-552	NODE_7_length_91366_cov_106.824680:73898-75730	HDHBLALJ_01615

DiscRep_SUB:FEATURE_LOCATION_CONFLICT::Coding region xref gene does not exist
prokka_out/CA139575:CDS	hypothetical protein	NODE_7_length_91366_cov_106.824680:c77034-76402	HDHBLALJ_01617

DiscRep_SUB:FEATURE_LOCATION_CONFLICT::Coding region xref gene does not exist
prokka_out/CA139575:CDS	Petrobactin-binding protein YclQ	NODE_7_length_91366_cov_106.824680:c78189-77200	HDHBLALJ_01618

DiscRep_SUB:FEATURE_LOCATION_CONFLICT::Coding region xref gene does not exist
prokka_out/CA139575:CDS	Petrobactin import ATP-binding protein YclP	NODE_7_length_91366_cov_106.824680:c78959-78204	HDHBLALJ_01619

DiscRep_SUB:FEATURE_LOCATION_CONFLICT::Coding region xref gene does not exist
prokka_out/CA139575:CDS	Petrobactin import system permease protein YclO	NODE_7_length_91366_cov_106.824680:c79894-78956	HDHBLALJ_01620

DiscRep_SUB:FEATURE_LOCATION_CONFLICT::Coding region xref gene does not exist
prokka_out/CA139575:CDS	Petrobactin import system permease protein YclN	NODE_7_length_91366_cov_106.824680:c80855-79887	HDHBLALJ_01621

DiscRep_SUB:FEATURE_LOCATION_CONFLICT::Coding region xref gene does not exist
prokka_out/CA139575:CDS	hypothetical protein	NODE_7_length_91366_cov_106.824680:c81983-80988	HDHBLALJ_01622

DiscRep_SUB:FEATURE_LOCATION_CONFLICT::Coding region xref gene does not exist
prokka_out/CA139575:CDS	putative molybdenum cofactor guanylyltransferase	NODE_7_length_91366_cov_106.824680:c82555-81980	HDHBLALJ_01623

DiscRep_SUB:FEATURE_LOCATION_CONFLICT::Coding region xref gene does not exist
prokka_out/CA139575:CDS	hypothetical protein	NODE_7_length_91366_cov_106.824680:82618-83925	HDHBLALJ_01624

DiscRep_SUB:FEATURE_LOCATION_CONFLICT::Coding region xref gene does not exist
prokka_out/CA139575:CDS	hypothetical protein	NODE_7_length_91366_cov_106.824680:83927-84265	HDHBLALJ_01625

DiscRep_SUB:FEATURE_LOCATION_CONFLICT::Coding region xref gene does not exist
prokka_out/CA139575:CDS	hypothetical protein	NODE_7_length_91366_cov_106.824680:84274-84999	HDHBLALJ_01626

DiscRep_SUB:FEATURE_LOCATION_CONFLICT::Coding region xref gene does not exist
prokka_out/CA139575:CDS	1-deoxy-D-xylulose 5-phosphate reductoisomerase	NODE_7_length_91366_cov_106.824680:84996-86072	HDHBLALJ_01627

DiscRep_SUB:FEATURE_LOCATION_CONFLICT::Coding region xref gene does not exist
prokka_out/CA139575:CDS	hypothetical protein	NODE_7_length_91366_cov_106.824680:86069-87463	HDHBLALJ_01628

DiscRep_SUB:FEATURE_LOCATION_CONFLICT::Coding region xref gene does not exist
prokka_out/CA139575:CDS	tRNA N6-adenosine threonylcarbamoyltransferase	NODE_7_length_91366_cov_106.824680:87460-88467	HDHBLALJ_01629

DiscRep_SUB:FEATURE_LOCATION_CONFLICT::Coding region xref gene does not exist
prokka_out/CA139575:CDS	hypothetical protein	NODE_7_length_91366_cov_106.824680:88471-88986	HDHBLALJ_01630

DiscRep_SUB:FEATURE_LOCATION_CONFLICT::Coding region xref gene does not exist
prokka_out/CA139575:CDS	hypothetical protein	NODE_7_length_91366_cov_106.824680:88986-90236	HDHBLALJ_01631

DiscRep_SUB:FEATURE_LOCATION_CONFLICT::RNA feature xref gene does not exist
prokka_out/CA139575:tmRNA	transfer-messenger RNA, SsrA	NODE_7_length_91366_cov_106.824680:68156-68514	HDHBLALJ_01611

DiscRep_SUB:FEATURE_LOCATION_CONFLICT::RNA feature xref gene does not exist
prokka_out/CA139575:tRNA	Ser	NODE_7_length_91366_cov_106.824680:c76334-76244	HDHBLALJ_01616

DiscRep_SUB:FEATURE_LOCATION_CONFLICT::Coding region xref gene does not exist
prokka_out/CA139575:CDS	Flagellum-specific ATP synthase	NODE_8_length_45716_cov_106.731339:c1568-183	HDHBLALJ_01632

DiscRep_SUB:FEATURE_LOCATION_CONFLICT::Coding region xref gene does not exist
prokka_out/CA139575:CDS	GTP cyclohydrolase 1	NODE_8_length_45716_cov_106.731339:c2170-1568	HDHBLALJ_01633

DiscRep_SUB:FEATURE_LOCATION_CONFLICT::Coding region xref gene does not exist
prokka_out/CA139575:CDS	Trigger factor	NODE_8_length_45716_cov_106.731339:2261-3586	HDHBLALJ_01634

DiscRep_SUB:FEATURE_LOCATION_CONFLICT::Coding region xref gene does not exist
prokka_out/CA139575:CDS	ATP-dependent Clp protease proteolytic subunit	NODE_8_length_45716_cov_106.731339:3586-4170	HDHBLALJ_01635

DiscRep_SUB:FEATURE_LOCATION_CONFLICT::Coding region xref gene does not exist
prokka_out/CA139575:CDS	Peptide deformylase	NODE_8_length_45716_cov_106.731339:4198-4725	HDHBLALJ_01636

DiscRep_SUB:FEATURE_LOCATION_CONFLICT::Coding region xref gene does not exist
prokka_out/CA139575:CDS	Competence protein ComM	NODE_8_length_45716_cov_106.731339:4722-6227	HDHBLALJ_01637

DiscRep_SUB:FEATURE_LOCATION_CONFLICT::Coding region xref gene does not exist
prokka_out/CA139575:CDS	hypothetical protein	NODE_8_length_45716_cov_106.731339:6229-6927	HDHBLALJ_01638

DiscRep_SUB:FEATURE_LOCATION_CONFLICT::Coding region xref gene does not exist
prokka_out/CA139575:CDS	Bifunctional NAD(P)H-hydrate repair enzyme Nnr	NODE_8_length_45716_cov_106.731339:6911-8281	HDHBLALJ_01639

DiscRep_SUB:FEATURE_LOCATION_CONFLICT::Coding region xref gene does not exist
prokka_out/CA139575:CDS	Phosphoribosylglycinamide formyltransferase	NODE_8_length_45716_cov_106.731339:8272-8847	HDHBLALJ_01640

DiscRep_SUB:FEATURE_LOCATION_CONFLICT::Coding region xref gene does not exist
prokka_out/CA139575:CDS	hypothetical protein	NODE_8_length_45716_cov_106.731339:c8988-8899	HDHBLALJ_01641

DiscRep_SUB:FEATURE_LOCATION_CONFLICT::Coding region xref gene does not exist
prokka_out/CA139575:CDS	hypothetical protein	NODE_8_length_45716_cov_106.731339:c9377-8985	HDHBLALJ_01642

DiscRep_SUB:FEATURE_LOCATION_CONFLICT::Coding region xref gene does not exist
prokka_out/CA139575:CDS	hypothetical protein	NODE_8_length_45716_cov_106.731339:c10104-9388	HDHBLALJ_01643

DiscRep_SUB:FEATURE_LOCATION_CONFLICT::Coding region xref gene does not exist
prokka_out/CA139575:CDS	hypothetical protein	NODE_8_length_45716_cov_106.731339:10245-10985	HDHBLALJ_01644

DiscRep_SUB:FEATURE_LOCATION_CONFLICT::Coding region xref gene does not exist
prokka_out/CA139575:CDS	hypothetical protein	NODE_8_length_45716_cov_106.731339:11035-11244	HDHBLALJ_01645

DiscRep_SUB:FEATURE_LOCATION_CONFLICT::Coding region xref gene does not exist
prokka_out/CA139575:CDS	Bis(5'-nucleosyl)-tetraphosphatase, symmetrical	NODE_8_length_45716_cov_106.731339:11253-12437	HDHBLALJ_01646

DiscRep_SUB:FEATURE_LOCATION_CONFLICT::Coding region xref gene does not exist
prokka_out/CA139575:CDS	hypothetical protein	NODE_8_length_45716_cov_106.731339:c13810-12449	HDHBLALJ_01647

DiscRep_SUB:FEATURE_LOCATION_CONFLICT::Coding region xref gene does not exist
prokka_out/CA139575:CDS	Inner membrane transport protein YnfM	NODE_8_length_45716_cov_106.731339:13922-15055	HDHBLALJ_01648

DiscRep_SUB:FEATURE_LOCATION_CONFLICT::Coding region xref gene does not exist
prokka_out/CA139575:CDS	hypothetical protein	NODE_8_length_45716_cov_106.731339:c16266-15046	HDHBLALJ_01649

DiscRep_SUB:FEATURE_LOCATION_CONFLICT::Coding region xref gene does not exist
prokka_out/CA139575:CDS	hypothetical protein	NODE_8_length_45716_cov_106.731339:c17068-16322	HDHBLALJ_01650

DiscRep_SUB:FEATURE_LOCATION_CONFLICT::Coding region xref gene does not exist
prokka_out/CA139575:CDS	Biopolymer transport protein ExbD	NODE_8_length_45716_cov_106.731339:c17481-17071	HDHBLALJ_01651

DiscRep_SUB:FEATURE_LOCATION_CONFLICT::Coding region xref gene does not exist
prokka_out/CA139575:CDS	Biopolymer transport protein ExbB	NODE_8_length_45716_cov_106.731339:c18229-17468	HDHBLALJ_01652

DiscRep_SUB:FEATURE_LOCATION_CONFLICT::Coding region xref gene does not exist
prokka_out/CA139575:CDS	putative TonB-dependent receptor	NODE_8_length_45716_cov_106.731339:c20518-18242	HDHBLALJ_01653

DiscRep_SUB:FEATURE_LOCATION_CONFLICT::Coding region xref gene does not exist
prokka_out/CA139575:CDS	hypothetical protein	NODE_8_length_45716_cov_106.731339:c21370-20528	HDHBLALJ_01654

DiscRep_SUB:FEATURE_LOCATION_CONFLICT::Coding region xref gene does not exist
prokka_out/CA139575:CDS	hypothetical protein	NODE_8_length_45716_cov_106.731339:21616-21738	HDHBLALJ_01655

DiscRep_SUB:FEATURE_LOCATION_CONFLICT::Coding region xref gene does not exist
prokka_out/CA139575:CDS	Iron uptake protein A1	NODE_8_length_45716_cov_106.731339:21739-22743	HDHBLALJ_01656

DiscRep_SUB:FEATURE_LOCATION_CONFLICT::Coding region xref gene does not exist
prokka_out/CA139575:CDS	hypothetical protein	NODE_8_length_45716_cov_106.731339:22743-24359	HDHBLALJ_01657

DiscRep_SUB:FEATURE_LOCATION_CONFLICT::Coding region xref gene does not exist
prokka_out/CA139575:CDS	Vitamin B12 import ATP-binding protein BtuD	NODE_8_length_45716_cov_106.731339:24346-25251	HDHBLALJ_01658

DiscRep_SUB:FEATURE_LOCATION_CONFLICT::Coding region xref gene does not exist
prokka_out/CA139575:CDS	Carboxynorspermidine synthase	NODE_8_length_45716_cov_106.731339:25287-26492	HDHBLALJ_01659

DiscRep_SUB:FEATURE_LOCATION_CONFLICT::Coding region xref gene does not exist
prokka_out/CA139575:CDS	Superoxide dismutase [Fe]	NODE_8_length_45716_cov_106.731339:c27181-26519	HDHBLALJ_01660

DiscRep_SUB:FEATURE_LOCATION_CONFLICT::Coding region xref gene does not exist
prokka_out/CA139575:CDS	hypothetical protein	NODE_8_length_45716_cov_106.731339:c27580-27287	HDHBLALJ_01661

DiscRep_SUB:FEATURE_LOCATION_CONFLICT::Coding region xref gene does not exist
prokka_out/CA139575:CDS	hypothetical protein	NODE_8_length_45716_cov_106.731339:c28118-27711	HDHBLALJ_01662

DiscRep_SUB:FEATURE_LOCATION_CONFLICT::Coding region xref gene does not exist
prokka_out/CA139575:CDS	putative manganese efflux pump MntP	NODE_8_length_45716_cov_106.731339:28527-29090	HDHBLALJ_01664

DiscRep_SUB:FEATURE_LOCATION_CONFLICT::Coding region xref gene does not exist
prokka_out/CA139575:CDS	tRNA dimethylallyltransferase	NODE_8_length_45716_cov_106.731339:c29945-29076	HDHBLALJ_01665

DiscRep_SUB:FEATURE_LOCATION_CONFLICT::Coding region xref gene does not exist
prokka_out/CA139575:CDS	4-hydroxybenzoate polyprenyltransferase, mitochondrial	NODE_8_length_45716_cov_106.731339:30017-30901	HDHBLALJ_01666

DiscRep_SUB:FEATURE_LOCATION_CONFLICT::Coding region xref gene does not exist
prokka_out/CA139575:CDS	hypothetical protein	NODE_8_length_45716_cov_106.731339:30892-31392	HDHBLALJ_01667

DiscRep_SUB:FEATURE_LOCATION_CONFLICT::Coding region xref gene does not exist
prokka_out/CA139575:CDS	hypothetical protein	NODE_8_length_45716_cov_106.731339:31385-31903	HDHBLALJ_01668

DiscRep_SUB:FEATURE_LOCATION_CONFLICT::Coding region xref gene does not exist
prokka_out/CA139575:CDS	GTP 3',8-cyclase	NODE_8_length_45716_cov_106.731339:31919-32881	HDHBLALJ_01669

DiscRep_SUB:FEATURE_LOCATION_CONFLICT::Coding region xref gene does not exist
prokka_out/CA139575:CDS	7-carboxy-7-deazaguanine synthase	NODE_8_length_45716_cov_106.731339:32884-33627	HDHBLALJ_01670

DiscRep_SUB:FEATURE_LOCATION_CONFLICT::Coding region xref gene does not exist
prokka_out/CA139575:CDS	hypothetical protein	NODE_8_length_45716_cov_106.731339:33624-34205	HDHBLALJ_01671

DiscRep_SUB:FEATURE_LOCATION_CONFLICT::Coding region xref gene does not exist
prokka_out/CA139575:CDS	hypothetical protein	NODE_8_length_45716_cov_106.731339:34205-34627	HDHBLALJ_01672

DiscRep_SUB:FEATURE_LOCATION_CONFLICT::Coding region xref gene does not exist
prokka_out/CA139575:CDS	hypothetical protein	NODE_8_length_45716_cov_106.731339:34628-35035	HDHBLALJ_01673

DiscRep_SUB:FEATURE_LOCATION_CONFLICT::Coding region xref gene does not exist
prokka_out/CA139575:CDS	Ribosomal RNA small subunit methyltransferase E	NODE_8_length_45716_cov_106.731339:35036-35689	HDHBLALJ_01674

DiscRep_SUB:FEATURE_LOCATION_CONFLICT::Coding region xref gene does not exist
prokka_out/CA139575:CDS	50S ribosomal protein L31	NODE_8_length_45716_cov_106.731339:35768-35968	HDHBLALJ_01675

DiscRep_SUB:FEATURE_LOCATION_CONFLICT::Coding region xref gene does not exist
prokka_out/CA139575:CDS	Ribosomal RNA small subunit methyltransferase I	NODE_8_length_45716_cov_106.731339:35971-36795	HDHBLALJ_01676

DiscRep_SUB:FEATURE_LOCATION_CONFLICT::Coding region xref gene does not exist
prokka_out/CA139575:CDS	23S rRNA (guanosine-2'-O-)-methyltransferase RlmB	NODE_8_length_45716_cov_106.731339:36808-37491	HDHBLALJ_01677

DiscRep_SUB:FEATURE_LOCATION_CONFLICT::Coding region xref gene does not exist
prokka_out/CA139575:CDS	hypothetical protein	NODE_8_length_45716_cov_106.731339:37484-38431	HDHBLALJ_01678

DiscRep_SUB:FEATURE_LOCATION_CONFLICT::Coding region xref gene does not exist
prokka_out/CA139575:CDS	hypothetical protein	NODE_8_length_45716_cov_106.731339:38425-39231	HDHBLALJ_01679

DiscRep_SUB:FEATURE_LOCATION_CONFLICT::Coding region xref gene does not exist
prokka_out/CA139575:CDS	Glutamate-pyruvate aminotransferase AlaC	NODE_8_length_45716_cov_106.731339:39244-40449	HDHBLALJ_01680

DiscRep_SUB:FEATURE_LOCATION_CONFLICT::Coding region xref gene does not exist
prokka_out/CA139575:CDS	Homoserine dehydrogenase	NODE_8_length_45716_cov_106.731339:40451-41701	HDHBLALJ_01681

DiscRep_SUB:FEATURE_LOCATION_CONFLICT::Coding region xref gene does not exist
prokka_out/CA139575:CDS	hypothetical protein	NODE_8_length_45716_cov_106.731339:41701-42039	HDHBLALJ_01682

DiscRep_SUB:FEATURE_LOCATION_CONFLICT::Coding region xref gene does not exist
prokka_out/CA139575:CDS	Thioredoxin	NODE_8_length_45716_cov_106.731339:42094-42408	HDHBLALJ_01683

DiscRep_SUB:FEATURE_LOCATION_CONFLICT::Coding region xref gene does not exist
prokka_out/CA139575:CDS	Thioredoxin reductase	NODE_8_length_45716_cov_106.731339:42544-43482	HDHBLALJ_01684

DiscRep_SUB:FEATURE_LOCATION_CONFLICT::Coding region xref gene does not exist
prokka_out/CA139575:CDS	hypothetical protein	NODE_8_length_45716_cov_106.731339:c45388-43607	HDHBLALJ_01685

DiscRep_SUB:FEATURE_LOCATION_CONFLICT::RNA feature xref gene does not exist
prokka_out/CA139575:tRNA	Glu	NODE_8_length_45716_cov_106.731339:c28354-28280	HDHBLALJ_01663

DiscRep_SUB:FEATURE_LOCATION_CONFLICT::Coding region xref gene does not exist
prokka_out/CA139575:CDS	D-alanine--D-alanyl carrier protein ligase	NODE_9_length_38386_cov_110.540997:949-2457	HDHBLALJ_01686

DiscRep_SUB:FEATURE_LOCATION_CONFLICT::Coding region xref gene does not exist
prokka_out/CA139575:CDS	hypothetical protein	NODE_9_length_38386_cov_110.540997:2450-3175	HDHBLALJ_01687

DiscRep_SUB:FEATURE_LOCATION_CONFLICT::Coding region xref gene does not exist
prokka_out/CA139575:CDS	Methionyl-tRNA formyltransferase	NODE_9_length_38386_cov_110.540997:3175-3894	HDHBLALJ_01688

DiscRep_SUB:FEATURE_LOCATION_CONFLICT::Coding region xref gene does not exist
prokka_out/CA139575:CDS	hypothetical protein	NODE_9_length_38386_cov_110.540997:3896-4123	HDHBLALJ_01689

DiscRep_SUB:FEATURE_LOCATION_CONFLICT::Coding region xref gene does not exist
prokka_out/CA139575:CDS	hypothetical protein	NODE_9_length_38386_cov_110.540997:c4836-4120	HDHBLALJ_01690

DiscRep_SUB:FEATURE_LOCATION_CONFLICT::Coding region xref gene does not exist
prokka_out/CA139575:CDS	hypothetical protein	NODE_9_length_38386_cov_110.540997:c5189-4884	HDHBLALJ_01691

DiscRep_SUB:FEATURE_LOCATION_CONFLICT::Coding region xref gene does not exist
prokka_out/CA139575:CDS	3-oxoacyl-[acyl-carrier-protein] synthase 3	NODE_9_length_38386_cov_110.540997:5290-6315	HDHBLALJ_01692

DiscRep_SUB:FEATURE_LOCATION_CONFLICT::Coding region xref gene does not exist
prokka_out/CA139575:CDS	hypothetical protein	NODE_9_length_38386_cov_110.540997:c7839-6628	HDHBLALJ_01693

DiscRep_SUB:FEATURE_LOCATION_CONFLICT::Coding region xref gene does not exist
prokka_out/CA139575:CDS	CMP-N,N'-diacetyllegionaminic acid synthase	NODE_9_length_38386_cov_110.540997:7919-8617	HDHBLALJ_01694

DiscRep_SUB:FEATURE_LOCATION_CONFLICT::Coding region xref gene does not exist
prokka_out/CA139575:CDS	UDP-2,4-diacetamido-2,4,6-trideoxy-beta-L-altropyranose hydrolase	NODE_9_length_38386_cov_110.540997:8601-9425	HDHBLALJ_01695

DiscRep_SUB:FEATURE_LOCATION_CONFLICT::Coding region xref gene does not exist
prokka_out/CA139575:CDS	UDP-4-amino-4,6-dideoxy-N-acetyl-beta-L-altrosamine N-acetyltransferase	NODE_9_length_38386_cov_110.540997:9422-9895	HDHBLALJ_01696

DiscRep_SUB:FEATURE_LOCATION_CONFLICT::Coding region xref gene does not exist
prokka_out/CA139575:CDS	Imidazole glycerol phosphate synthase subunit HisF	NODE_9_length_38386_cov_110.540997:c10606-9860	HDHBLALJ_01697

DiscRep_SUB:FEATURE_LOCATION_CONFLICT::Coding region xref gene does not exist
prokka_out/CA139575:CDS	Imidazole glycerol phosphate synthase subunit HisH	NODE_9_length_38386_cov_110.540997:c11212-10607	HDHBLALJ_01698

DiscRep_SUB:FEATURE_LOCATION_CONFLICT::Coding region xref gene does not exist
prokka_out/CA139575:CDS	hypothetical protein	NODE_9_length_38386_cov_110.540997:c12345-11209	HDHBLALJ_01699

DiscRep_SUB:FEATURE_LOCATION_CONFLICT::Coding region xref gene does not exist
prokka_out/CA139575:CDS	Pseudaminic acid synthase	NODE_9_length_38386_cov_110.540997:12601-13632	HDHBLALJ_01700

DiscRep_SUB:FEATURE_LOCATION_CONFLICT::Coding region xref gene does not exist
prokka_out/CA139575:CDS	hypothetical protein	NODE_9_length_38386_cov_110.540997:13629-13811	HDHBLALJ_01701

DiscRep_SUB:FEATURE_LOCATION_CONFLICT::Coding region xref gene does not exist
prokka_out/CA139575:CDS	hypothetical protein	NODE_9_length_38386_cov_110.540997:13795-15576	HDHBLALJ_01702

DiscRep_SUB:FEATURE_LOCATION_CONFLICT::Coding region xref gene does not exist
prokka_out/CA139575:CDS	GDP-6-deoxy-D-mannose reductase	NODE_9_length_38386_cov_110.540997:15552-16544	HDHBLALJ_01703

DiscRep_SUB:FEATURE_LOCATION_CONFLICT::Coding region xref gene does not exist
prokka_out/CA139575:CDS	Putative pyridoxal phosphate-dependent aminotransferase EpsN	NODE_9_length_38386_cov_110.540997:16537-17691	HDHBLALJ_01704

DiscRep_SUB:FEATURE_LOCATION_CONFLICT::Coding region xref gene does not exist
prokka_out/CA139575:CDS	hypothetical protein	NODE_9_length_38386_cov_110.540997:17800-18048	HDHBLALJ_01705

DiscRep_SUB:FEATURE_LOCATION_CONFLICT::Coding region xref gene does not exist
prokka_out/CA139575:CDS	UDP-N-acetylbacillosamine N-acetyltransferase	NODE_9_length_38386_cov_110.540997:18116-18343	HDHBLALJ_01706

DiscRep_SUB:FEATURE_LOCATION_CONFLICT::Coding region xref gene does not exist
prokka_out/CA139575:CDS	hypothetical protein	NODE_9_length_38386_cov_110.540997:18416-18733	HDHBLALJ_01707

DiscRep_SUB:FEATURE_LOCATION_CONFLICT::Coding region xref gene does not exist
prokka_out/CA139575:CDS	hypothetical protein	NODE_9_length_38386_cov_110.540997:18736-19122	HDHBLALJ_01708

DiscRep_SUB:FEATURE_LOCATION_CONFLICT::Coding region xref gene does not exist
prokka_out/CA139575:CDS	hypothetical protein	NODE_9_length_38386_cov_110.540997:19239-20360	HDHBLALJ_01709

DiscRep_SUB:FEATURE_LOCATION_CONFLICT::Coding region xref gene does not exist
prokka_out/CA139575:CDS	hypothetical protein	NODE_9_length_38386_cov_110.540997:20378-20656	HDHBLALJ_01710

DiscRep_SUB:FEATURE_LOCATION_CONFLICT::Coding region xref gene does not exist
prokka_out/CA139575:CDS	hypothetical protein	NODE_9_length_38386_cov_110.540997:20695-21054	HDHBLALJ_01711

DiscRep_SUB:FEATURE_LOCATION_CONFLICT::Coding region xref gene does not exist
prokka_out/CA139575:CDS	N,N'-diacetyllegionaminic acid synthase	NODE_9_length_38386_cov_110.540997:21094-22098	HDHBLALJ_01712

DiscRep_SUB:FEATURE_LOCATION_CONFLICT::Coding region xref gene does not exist
prokka_out/CA139575:CDS	GDP/UDP-N,N'-diacetylbacillosamine 2-epimerase (hydrolyzing)	NODE_9_length_38386_cov_110.540997:22091-23245	HDHBLALJ_01713

DiscRep_SUB:FEATURE_LOCATION_CONFLICT::Coding region xref gene does not exist
prokka_out/CA139575:CDS	UTP--glucose-1-phosphate uridylyltransferase	NODE_9_length_38386_cov_110.540997:23254-24279	HDHBLALJ_01714

DiscRep_SUB:FEATURE_LOCATION_CONFLICT::Coding region xref gene does not exist
prokka_out/CA139575:CDS	hypothetical protein	NODE_9_length_38386_cov_110.540997:24276-25181	HDHBLALJ_01715

DiscRep_SUB:FEATURE_LOCATION_CONFLICT::Coding region xref gene does not exist
prokka_out/CA139575:CDS	CMP-N,N'-diacetyllegionaminic acid synthase	NODE_9_length_38386_cov_110.540997:25174-25881	HDHBLALJ_01716

DiscRep_SUB:FEATURE_LOCATION_CONFLICT::Coding region xref gene does not exist
prokka_out/CA139575:CDS	Dihydroanticapsin 7-dehydrogenase	NODE_9_length_38386_cov_110.540997:25881-26651	HDHBLALJ_01717

DiscRep_SUB:FEATURE_LOCATION_CONFLICT::Coding region xref gene does not exist
prokka_out/CA139575:CDS	hypothetical protein	NODE_9_length_38386_cov_110.540997:26648-28591	HDHBLALJ_01718

DiscRep_SUB:FEATURE_LOCATION_CONFLICT::Coding region xref gene does not exist
prokka_out/CA139575:CDS	hypothetical protein	NODE_9_length_38386_cov_110.540997:28567-30447	HDHBLALJ_01719

DiscRep_SUB:FEATURE_LOCATION_CONFLICT::Coding region xref gene does not exist
prokka_out/CA139575:CDS	hypothetical protein	NODE_9_length_38386_cov_110.540997:30460-32397	HDHBLALJ_01720

DiscRep_SUB:FEATURE_LOCATION_CONFLICT::Coding region xref gene does not exist
prokka_out/CA139575:CDS	hypothetical protein	NODE_9_length_38386_cov_110.540997:32373-34280	HDHBLALJ_01721

DiscRep_SUB:FEATURE_LOCATION_CONFLICT::Coding region xref gene does not exist
prokka_out/CA139575:CDS	Flagellin A	NODE_9_length_38386_cov_110.540997:c36035-34311	HDHBLALJ_01722

DiscRep_SUB:FEATURE_LOCATION_CONFLICT::Coding region xref gene does not exist
prokka_out/CA139575:CDS	Flagellin A	NODE_9_length_38386_cov_110.540997:c37907-36183	HDHBLALJ_01723

DiscRep_SUB:FEATURE_LOCATION_CONFLICT::Coding region xref gene does not exist
prokka_out/CA139575:CDS	hypothetical protein	NODE_9_length_38386_cov_110.540997:c38261-38004	HDHBLALJ_01724

DiscRep_SUB:FEATURE_LOCATION_CONFLICT::RNA feature xref gene does not exist
prokka_out/CA139575:rRNA	23S ribosomal RNA	NODE_10_length_4862_cov_395.452587:c4293-1244	HDHBLALJ_01725

DiscRep_SUB:FEATURE_LOCATION_CONFLICT::RNA feature xref gene does not exist
prokka_out/CA139575:tRNA	Ile	NODE_11_length_2206_cov_408.043771:c79-3	HDHBLALJ_01726

DiscRep_SUB:FEATURE_LOCATION_CONFLICT::RNA feature xref gene does not exist
prokka_out/CA139575:tRNA	Ala	NODE_11_length_2206_cov_408.043771:c162-87	HDHBLALJ_01727

DiscRep_SUB:FEATURE_LOCATION_CONFLICT::RNA feature xref gene does not exist
prokka_out/CA139575:rRNA	16S ribosomal RNA	NODE_11_length_2206_cov_408.043771:c1773-264	HDHBLALJ_01728

DiscRep_SUB:FEATURE_LOCATION_CONFLICT::RNA feature xref gene does not exist
prokka_out/CA139575:tRNA	Ile	NODE_20_length_295_cov_190.130952:49-125	HDHBLALJ_01729

DiscRep_SUB:FEATURE_LOCATION_CONFLICT::RNA feature xref gene does not exist
prokka_out/CA139575:tRNA	Ile	NODE_21_length_272_cov_89.317241:49-125	HDHBLALJ_01730

DiscRep_SUB:FEATURE_LOCATION_CONFLICT::Coding region xref gene does not exist
prokka_out/CA139575:CDS	hypothetical protein	NODE_22_length_255_cov_93.023438:3-182	HDHBLALJ_01731

DiscRep_ALL:OVERLAPPING_CDS::12 coding regions overlap another coding region with a similar or identical name.
DiscRep_SUB:OVERLAPPING_CDS::12 coding regions overlap another coding region with a similar or identical name that do not have the appropriate note text
prokka_out/CA139575:CDS	Bifunctional DNA-directed RNA polymerase subunit beta-beta'	NODE_2_length_255618_cov_107.055290:c211369-206819	HDHBLALJ_00781
prokka_out/CA139575:CDS	Bifunctional DNA-directed RNA polymerase subunit beta-beta'	NODE_2_length_255618_cov_107.055290:c215489-211362	HDHBLALJ_00782
prokka_out/CA139575:CDS	GTPase Der	NODE_3_length_216379_cov_110.237168:199767-201953	HDHBLALJ_01046
prokka_out/CA139575:CDS	GTPase Der	NODE_3_length_216379_cov_110.237168:201943-203775	HDHBLALJ_01047
prokka_out/CA139575:CDS	Bacteriohemerythrin	NODE_4_length_167782_cov_107.829555:60168-60854	HDHBLALJ_01128
prokka_out/CA139575:CDS	Bacteriohemerythrin	NODE_4_length_167782_cov_107.829555:60806-61144	HDHBLALJ_01129
prokka_out/CA139575:CDS	Na(+)/H(+) antiporter NhaA	NODE_4_length_167782_cov_107.829555:c100189-99020	HDHBLALJ_01173
prokka_out/CA139575:CDS	Na(+)/H(+) antiporter NhaA	NODE_4_length_167782_cov_107.829555:c101334-100186	HDHBLALJ_01174
prokka_out/CA139575:CDS	Bacteriohemerythrin	NODE_4_length_167782_cov_107.829555:128774-129463	HDHBLALJ_01204
prokka_out/CA139575:CDS	Bacteriohemerythrin	NODE_4_length_167782_cov_107.829555:129444-130055	HDHBLALJ_01205
prokka_out/CA139575:CDS	3'(2'),5'-bisphosphate nucleotidase CysQ	NODE_5_length_155382_cov_111.273969:148820-149146	HDHBLALJ_01391
prokka_out/CA139575:CDS	3'(2'),5'-bisphosphate nucleotidase CysQ	NODE_5_length_155382_cov_111.273969:149136-149564	HDHBLALJ_01392

DiscRep_ALL:SUSPECT_PRODUCT_NAMES::6 product_names contain suspect phrase or characters
DiscRep_SUB:SUSPECT_PRODUCT_NAMES::Suspicious phrase; should this be nonfunctional?
DiscRep_SUB:SUSPECT_PRODUCT_NAMES::1 features contains 'truncat'
prokka_out/CA139575:CDS	Group 3 truncated hemoglobin ctb	NODE_2_length_255618_cov_107.055290:223532-223918	HDHBLALJ_00800

DiscRep_SUB:SUSPECT_PRODUCT_NAMES::May contain database identifier more appropriate in note; remove from product name
DiscRep_SUB:SUSPECT_PRODUCT_NAMES::2 features contains three or more numbers together that may be identifiers more appropriate in note
prokka_out/CA139575:CDS	Beta-lactamase OXA-133	NODE_3_length_216379_cov_110.237168:94417-95190	HDHBLALJ_00933
prokka_out/CA139575:CDS	Putative two-component membrane permease complex subunit SMU_747c	NODE_5_length_155382_cov_111.273969:c4541-3594	HDHBLALJ_01247

DiscRep_SUB:SUSPECT_PRODUCT_NAMES::1 features Contains underscore
prokka_out/CA139575:CDS	Putative two-component membrane permease complex subunit SMU_747c	NODE_5_length_155382_cov_111.273969:c4541-3594	HDHBLALJ_01247

DiscRep_SUB:SUSPECT_PRODUCT_NAMES::Use short product name instead of descriptive phrase
DiscRep_SUB:SUSPECT_PRODUCT_NAMES::2 features Is longer than 100 characters. Remove descriptive phrases or synonyms from product names. Keep valid long product names, eg long enzyme names
prokka_out/CA139575:CDS	N-acetylgalactosamine-N,N'-diacetylbacillosaminyl-diphospho-undecaprenol 4-alpha-N-acetylgalactosaminyltransferase	NODE_1_length_558205_cov_102.860439:c376280-375183	HDHBLALJ_00386
prokka_out/CA139575:CDS	GalNAc-alpha-(1->4)-GalNAc-alpha-(1->3)-diNAcBac-PP-undecaprenol alpha-1,4-N-acetyl-D-galactosaminyltransferase	NODE_1_length_558205_cov_102.860439:c378266-377190	HDHBLALJ_00388

FATAL: DiscRep_ALL:EC_NUMBER_ON_UNKNOWN_PROTEIN::1 protein features have an EC number and a protein name of 'unknown protein' or 'hypothetical protein'
prokka_out/CA139575:CDS	hypothetical protein	NODE_1_length_558205_cov_102.860439:c61168-60572	HDHBLALJ_00061

DiscRep_ALL:NO_ANNOTATION::5 bioseqs have no features
prokka_out/CA139575:NODE_12_length_1245_cov_112.223614 (length 1245)
prokka_out/CA139575:NODE_13_length_560_cov_223.096998 (length 560)
prokka_out/CA139575:NODE_18_length_397_cov_354.881481 (length 397)
prokka_out/CA139575:NODE_19_length_371_cov_130.811475 (length 371)
prokka_out/CA139575:NODE_23_length_225_cov_117.132653 (length 225)

DiscRep_ALL:DISC_QUALITY_SCORES::Quality scores are missing on all sequences.

DiscRep_ALL:ONCALLER_COMMENT_PRESENT::19 comment descriptors were found (all same)
prokka_out/CA139575:NODE_1_length_558205_cov_102.860439:Annotated using prokka 1.14.6 from https://github.com/tseemann/prokka
prokka_out/CA139575:NODE_2_length_255618_cov_107.055290:Annotated using prokka 1.14.6 from https://github.com/tseemann/prokka
prokka_out/CA139575:NODE_3_length_216379_cov_110.237168:Annotated using prokka 1.14.6 from https://github.com/tseemann/prokka
prokka_out/CA139575:NODE_4_length_167782_cov_107.829555:Annotated using prokka 1.14.6 from https://github.com/tseemann/prokka
prokka_out/CA139575:NODE_5_length_155382_cov_111.273969:Annotated using prokka 1.14.6 from https://github.com/tseemann/prokka
prokka_out/CA139575:NODE_6_length_129135_cov_112.937888:Annotated using prokka 1.14.6 from https://github.com/tseemann/prokka
prokka_out/CA139575:NODE_7_length_91366_cov_106.824680:Annotated using prokka 1.14.6 from https://github.com/tseemann/prokka
prokka_out/CA139575:NODE_8_length_45716_cov_106.731339:Annotated using prokka 1.14.6 from https://github.com/tseemann/prokka
prokka_out/CA139575:NODE_9_length_38386_cov_110.540997:Annotated using prokka 1.14.6 from https://github.com/tseemann/prokka
prokka_out/CA139575:NODE_10_length_4862_cov_395.452587:Annotated using prokka 1.14.6 from https://github.com/tseemann/prokka
prokka_out/CA139575:NODE_11_length_2206_cov_408.043771:Annotated using prokka 1.14.6 from https://github.com/tseemann/prokka
prokka_out/CA139575:NODE_12_length_1245_cov_112.223614:Annotated using prokka 1.14.6 from https://github.com/tseemann/prokka
prokka_out/CA139575:NODE_13_length_560_cov_223.096998:Annotated using prokka 1.14.6 from https://github.com/tseemann/prokka
prokka_out/CA139575:NODE_18_length_397_cov_354.881481:Annotated using prokka 1.14.6 from https://github.com/tseemann/prokka
prokka_out/CA139575:NODE_19_length_371_cov_130.811475:Annotated using prokka 1.14.6 from https://github.com/tseemann/prokka
prokka_out/CA139575:NODE_20_length_295_cov_190.130952:Annotated using prokka 1.14.6 from https://github.com/tseemann/prokka
prokka_out/CA139575:NODE_21_length_272_cov_89.317241:Annotated using prokka 1.14.6 from https://github.com/tseemann/prokka
prokka_out/CA139575:NODE_22_length_255_cov_93.023438:Annotated using prokka 1.14.6 from https://github.com/tseemann/prokka
prokka_out/CA139575:NODE_23_length_225_cov_117.132653:Annotated using prokka 1.14.6 from https://github.com/tseemann/prokka

DiscRep_ALL:SHORT_PROT_SEQUENCES::14 protein sequences are shorter than 50 aa.
prokka_out/CA139575:NODE_1_length_558205_cov_102.860439_> (length 49)
prokka_out/CA139575:NODE_1_length_558205_cov_102.860439_> (length 44)
prokka_out/CA139575:NODE_1_length_558205_cov_102.860439_> (length 46)
prokka_out/CA139575:NODE_1_length_558205_cov_102.860439_> (length 45)
prokka_out/CA139575:NODE_1_length_558205_cov_102.860439_> (length 36)
prokka_out/CA139575:NODE_2_length_255618_cov_107.055290_> (length 46)
prokka_out/CA139575:NODE_3_length_216379_cov_110.237168_> (length 48)
prokka_out/CA139575:NODE_4_length_167782_cov_107.829555_> (length 34)
prokka_out/CA139575:NODE_5_length_155382_cov_111.273969_> (length 33)
prokka_out/CA139575:NODE_5_length_155382_cov_111.273969_> (length 34)
prokka_out/CA139575:NODE_6_length_129135_cov_112.937888_> (length 34)
prokka_out/CA139575:NODE_6_length_129135_cov_112.937888_> (length 44)
prokka_out/CA139575:NODE_8_length_45716_cov_106.731339_10 (length 29)
prokka_out/CA139575:NODE_8_length_45716_cov_106.731339_24 (length 40)

DiscRep_ALL:MISSING_GENOMEASSEMBLY_COMMENTS::19 bioseqs are missing GenomeAssembly structured comments
prokka_out/CA139575:NODE_1_length_558205_cov_102.860439 (length 558205)
prokka_out/CA139575:NODE_2_length_255618_cov_107.055290 (length 255618)
prokka_out/CA139575:NODE_3_length_216379_cov_110.237168 (length 216379)
prokka_out/CA139575:NODE_4_length_167782_cov_107.829555 (length 167782)
prokka_out/CA139575:NODE_5_length_155382_cov_111.273969 (length 155382)
prokka_out/CA139575:NODE_6_length_129135_cov_112.937888 (length 129135)
prokka_out/CA139575:NODE_7_length_91366_cov_106.824680 (length 91366)
prokka_out/CA139575:NODE_8_length_45716_cov_106.731339 (length 45716)
prokka_out/CA139575:NODE_9_length_38386_cov_110.540997 (length 38386)
prokka_out/CA139575:NODE_10_length_4862_cov_395.452587 (length 4862)
prokka_out/CA139575:NODE_11_length_2206_cov_408.043771 (length 2206)
prokka_out/CA139575:NODE_12_length_1245_cov_112.223614 (length 1245)
prokka_out/CA139575:NODE_13_length_560_cov_223.096998 (length 560)
prokka_out/CA139575:NODE_18_length_397_cov_354.881481 (length 397)
prokka_out/CA139575:NODE_19_length_371_cov_130.811475 (length 371)
prokka_out/CA139575:NODE_20_length_295_cov_190.130952 (length 295)
prokka_out/CA139575:NODE_21_length_272_cov_89.317241 (length 272)
prokka_out/CA139575:NODE_22_length_255_cov_93.023438 (length 255)
prokka_out/CA139575:NODE_23_length_225_cov_117.132653 (length 225)

DiscRep_ALL:MOLTYPE_NOT_MRNA::19 molecule types are not set as mRNA.
prokka_out/CA139575:NODE_1_length_558205_cov_102.860439 (length 558205)
prokka_out/CA139575:NODE_2_length_255618_cov_107.055290 (length 255618)
prokka_out/CA139575:NODE_3_length_216379_cov_110.237168 (length 216379)
prokka_out/CA139575:NODE_4_length_167782_cov_107.829555 (length 167782)
prokka_out/CA139575:NODE_5_length_155382_cov_111.273969 (length 155382)
prokka_out/CA139575:NODE_6_length_129135_cov_112.937888 (length 129135)
prokka_out/CA139575:NODE_7_length_91366_cov_106.824680 (length 91366)
prokka_out/CA139575:NODE_8_length_45716_cov_106.731339 (length 45716)
prokka_out/CA139575:NODE_9_length_38386_cov_110.540997 (length 38386)
prokka_out/CA139575:NODE_10_length_4862_cov_395.452587 (length 4862)
prokka_out/CA139575:NODE_11_length_2206_cov_408.043771 (length 2206)
prokka_out/CA139575:NODE_12_length_1245_cov_112.223614 (length 1245)
prokka_out/CA139575:NODE_13_length_560_cov_223.096998 (length 560)
prokka_out/CA139575:NODE_18_length_397_cov_354.881481 (length 397)
prokka_out/CA139575:NODE_19_length_371_cov_130.811475 (length 371)
prokka_out/CA139575:NODE_20_length_295_cov_190.130952 (length 295)
prokka_out/CA139575:NODE_21_length_272_cov_89.317241 (length 272)
prokka_out/CA139575:NODE_22_length_255_cov_93.023438 (length 255)
prokka_out/CA139575:NODE_23_length_225_cov_117.132653 (length 225)

DiscRep_ALL:TECHNIQUE_NOT_TSA::19 technique are not set as TSA
prokka_out/CA139575:NODE_1_length_558205_cov_102.860439 (length 558205)
prokka_out/CA139575:NODE_2_length_255618_cov_107.055290 (length 255618)
prokka_out/CA139575:NODE_3_length_216379_cov_110.237168 (length 216379)
prokka_out/CA139575:NODE_4_length_167782_cov_107.829555 (length 167782)
prokka_out/CA139575:NODE_5_length_155382_cov_111.273969 (length 155382)
prokka_out/CA139575:NODE_6_length_129135_cov_112.937888 (length 129135)
prokka_out/CA139575:NODE_7_length_91366_cov_106.824680 (length 91366)
prokka_out/CA139575:NODE_8_length_45716_cov_106.731339 (length 45716)
prokka_out/CA139575:NODE_9_length_38386_cov_110.540997 (length 38386)
prokka_out/CA139575:NODE_10_length_4862_cov_395.452587 (length 4862)
prokka_out/CA139575:NODE_11_length_2206_cov_408.043771 (length 2206)
prokka_out/CA139575:NODE_12_length_1245_cov_112.223614 (length 1245)
prokka_out/CA139575:NODE_13_length_560_cov_223.096998 (length 560)
prokka_out/CA139575:NODE_18_length_397_cov_354.881481 (length 397)
prokka_out/CA139575:NODE_19_length_371_cov_130.811475 (length 371)
prokka_out/CA139575:NODE_20_length_295_cov_190.130952 (length 295)
prokka_out/CA139575:NODE_21_length_272_cov_89.317241 (length 272)
prokka_out/CA139575:NODE_22_length_255_cov_93.023438 (length 255)
prokka_out/CA139575:NODE_23_length_225_cov_117.132653 (length 225)

DiscRep_ALL:MISSING_STRUCTURED_COMMENT::19 sequences do not include structured comments.
prokka_out/CA139575:NODE_1_length_558205_cov_102.860439 (length 558205)
prokka_out/CA139575:NODE_2_length_255618_cov_107.055290 (length 255618)
prokka_out/CA139575:NODE_3_length_216379_cov_110.237168 (length 216379)
prokka_out/CA139575:NODE_4_length_167782_cov_107.829555 (length 167782)
prokka_out/CA139575:NODE_5_length_155382_cov_111.273969 (length 155382)
prokka_out/CA139575:NODE_6_length_129135_cov_112.937888 (length 129135)
prokka_out/CA139575:NODE_7_length_91366_cov_106.824680 (length 91366)
prokka_out/CA139575:NODE_8_length_45716_cov_106.731339 (length 45716)
prokka_out/CA139575:NODE_9_length_38386_cov_110.540997 (length 38386)
prokka_out/CA139575:NODE_10_length_4862_cov_395.452587 (length 4862)
prokka_out/CA139575:NODE_11_length_2206_cov_408.043771 (length 2206)
prokka_out/CA139575:NODE_12_length_1245_cov_112.223614 (length 1245)
prokka_out/CA139575:NODE_13_length_560_cov_223.096998 (length 560)
prokka_out/CA139575:NODE_18_length_397_cov_354.881481 (length 397)
prokka_out/CA139575:NODE_19_length_371_cov_130.811475 (length 371)
prokka_out/CA139575:NODE_20_length_295_cov_190.130952 (length 295)
prokka_out/CA139575:NODE_21_length_272_cov_89.317241 (length 272)
prokka_out/CA139575:NODE_22_length_255_cov_93.023438 (length 255)
prokka_out/CA139575:NODE_23_length_225_cov_117.132653 (length 225)

DiscRep_ALL:MISSING_PROJECT::1705 sequences do not include project.
prokka_out/CA139575:NODE_1_length_558205_cov_102.860439 (length 558205)
prokka_out/CA139575:NODE_1_length_558205_cov_102.860439_1 (length 94)
prokka_out/CA139575:NODE_1_length_558205_cov_102.860439_2 (length 127)
prokka_out/CA139575:NODE_1_length_558205_cov_102.860439_3 (length 232)
prokka_out/CA139575:NODE_1_length_558205_cov_102.860439_4 (length 696)
prokka_out/CA139575:NODE_1_length_558205_cov_102.860439_5 (length 263)
prokka_out/CA139575:NODE_1_length_558205_cov_102.860439_6 (length 176)
prokka_out/CA139575:NODE_1_length_558205_cov_102.860439_7 (length 623)
prokka_out/CA139575:NODE_1_length_558205_cov_102.860439_8 (length 95)
prokka_out/CA139575:NODE_1_length_558205_cov_102.860439_9 (length 76)
prokka_out/CA139575:NODE_1_length_558205_cov_102.860439_> (length 340)
prokka_out/CA139575:NODE_1_length_558205_cov_102.860439_> (length 113)
prokka_out/CA139575:NODE_1_length_558205_cov_102.860439_> (length 389)
prokka_out/CA139575:NODE_1_length_558205_cov_102.860439_> (length 210)
prokka_out/CA139575:NODE_1_length_558205_cov_102.860439_> (length 611)
prokka_out/CA139575:NODE_1_length_558205_cov_102.860439_> (length 408)
prokka_out/CA139575:NODE_1_length_558205_cov_102.860439_> (length 192)
prokka_out/CA139575:NODE_1_length_558205_cov_102.860439_> (length 158)
prokka_out/CA139575:NODE_1_length_558205_cov_102.860439_> (length 187)
prokka_out/CA139575:NODE_1_length_558205_cov_102.860439_> (length 220)
prokka_out/CA139575:NODE_1_length_558205_cov_102.860439_> (length 258)
prokka_out/CA139575:NODE_1_length_558205_cov_102.860439_> (length 256)
prokka_out/CA139575:NODE_1_length_558205_cov_102.860439_> (length 257)
prokka_out/CA139575:NODE_1_length_558205_cov_102.860439_> (length 301)
prokka_out/CA139575:NODE_1_length_558205_cov_102.860439_> (length 336)
prokka_out/CA139575:NODE_1_length_558205_cov_102.860439_> (length 870)
prokka_out/CA139575:NODE_1_length_558205_cov_102.860439_> (length 309)
prokka_out/CA139575:NODE_1_length_558205_cov_102.860439_> (length 676)
prokka_out/CA139575:NODE_1_length_558205_cov_102.860439_> (length 86)
prokka_out/CA139575:NODE_1_length_558205_cov_102.860439_> (length 94)
prokka_out/CA139575:NODE_1_length_558205_cov_102.860439_> (length 175)
prokka_out/CA139575:NODE_1_length_558205_cov_102.860439_> (length 924)
prokka_out/CA139575:NODE_1_length_558205_cov_102.860439_> (length 246)
prokka_out/CA139575:NODE_1_length_558205_cov_102.860439_> (length 260)
prokka_out/CA139575:NODE_1_length_558205_cov_102.860439_> (length 173)
prokka_out/CA139575:NODE_1_length_558205_cov_102.860439_> (length 306)
prokka_out/CA139575:NODE_1_length_558205_cov_102.860439_> (length 111)
prokka_out/CA139575:NODE_1_length_558205_cov_102.860439_> (length 58)
prokka_out/CA139575:NODE_1_length_558205_cov_102.860439_> (length 226)
prokka_out/CA139575:NODE_1_length_558205_cov_102.860439_> (length 106)
prokka_out/CA139575:NODE_1_length_558205_cov_102.860439_> (length 193)
prokka_out/CA139575:NODE_1_length_558205_cov_102.860439_> (length 81)
prokka_out/CA139575:NODE_1_length_558205_cov_102.860439_> (length 165)
prokka_out/CA139575:NODE_1_length_558205_cov_102.860439_> (length 371)
prokka_out/CA139575:NODE_1_length_558205_cov_102.860439_> (length 274)
prokka_out/CA139575:NODE_1_length_558205_cov_102.860439_> (length 303)
prokka_out/CA139575:NODE_1_length_558205_cov_102.860439_> (length 1169)
prokka_out/CA139575:NODE_1_length_558205_cov_102.860439_> (length 475)
prokka_out/CA139575:NODE_1_length_558205_cov_102.860439_> (length 243)
prokka_out/CA139575:NODE_1_length_558205_cov_102.860439_> (length 71)
prokka_out/CA139575:NODE_1_length_558205_cov_102.860439_> (length 346)
prokka_out/CA139575:NODE_1_length_558205_cov_102.860439_> (length 183)
prokka_out/CA139575:NODE_1_length_558205_cov_102.860439_> (length 621)
prokka_out/CA139575:NODE_1_length_558205_cov_102.860439_> (length 483)
prokka_out/CA139575:NODE_1_length_558205_cov_102.860439_> (length 460)
prokka_out/CA139575:NODE_1_length_558205_cov_102.860439_> (length 577)
prokka_out/CA139575:NODE_1_length_558205_cov_102.860439_> (length 352)
prokka_out/CA139575:NODE_1_length_558205_cov_102.860439_> (length 413)
prokka_out/CA139575:NODE_1_length_558205_cov_102.860439_> (length 298)
prokka_out/CA139575:NODE_1_length_558205_cov_102.860439_> (length 259)
prokka_out/CA139575:NODE_1_length_558205_cov_102.860439_> (length 101)
prokka_out/CA139575:NODE_1_length_558205_cov_102.860439_> (length 198)
prokka_out/CA139575:NODE_1_length_558205_cov_102.860439_> (length 248)
prokka_out/CA139575:NODE_1_length_558205_cov_102.860439_> (length 310)
prokka_out/CA139575:NODE_1_length_558205_cov_102.860439_> (length 470)
prokka_out/CA139575:NODE_1_length_558205_cov_102.860439_> (length 239)
prokka_out/CA139575:NODE_1_length_558205_cov_102.860439_> (length 445)
prokka_out/CA139575:NODE_1_length_558205_cov_102.860439_> (length 441)
prokka_out/CA139575:NODE_1_length_558205_cov_102.860439_> (length 256)
prokka_out/CA139575:NODE_1_length_558205_cov_102.860439_> (length 86)
prokka_out/CA139575:NODE_1_length_558205_cov_102.860439_> (length 247)
prokka_out/CA139575:NODE_1_length_558205_cov_102.860439_> (length 429)
prokka_out/CA139575:NODE_1_length_558205_cov_102.860439_> (length 384)
prokka_out/CA139575:NODE_1_length_558205_cov_102.860439_> (length 205)
prokka_out/CA139575:NODE_1_length_558205_cov_102.860439_> (length 222)
prokka_out/CA139575:NODE_1_length_558205_cov_102.860439_> (length 259)
prokka_out/CA139575:NODE_1_length_558205_cov_102.860439_> (length 341)
prokka_out/CA139575:NODE_1_length_558205_cov_102.860439_> (length 240)
prokka_out/CA139575:NODE_1_length_558205_cov_102.860439_> (length 403)
prokka_out/CA139575:NODE_1_length_558205_cov_102.860439_> (length 152)
prokka_out/CA139575:NODE_1_length_558205_cov_102.860439_> (length 136)
prokka_out/CA139575:NODE_1_length_558205_cov_102.860439_> (length 362)
prokka_out/CA139575:NODE_1_length_558205_cov_102.860439_> (length 576)
prokka_out/CA139575:NODE_1_length_558205_cov_102.860439_> (length 249)
prokka_out/CA139575:NODE_1_length_558205_cov_102.860439_> (length 413)
prokka_out/CA139575:NODE_1_length_558205_cov_102.860439_> (length 848)
prokka_out/CA139575:NODE_1_length_558205_cov_102.860439_> (length 158)
prokka_out/CA139575:NODE_1_length_558205_cov_102.860439_> (length 315)
prokka_out/CA139575:NODE_1_length_558205_cov_102.860439_> (length 628)
prokka_out/CA139575:NODE_1_length_558205_cov_102.860439_> (length 65)
prokka_out/CA139575:NODE_1_length_558205_cov_102.860439_> (length 280)
prokka_out/CA139575:NODE_1_length_558205_cov_102.860439_> (length 164)
prokka_out/CA139575:NODE_1_length_558205_cov_102.860439_> (length 161)
prokka_out/CA139575:NODE_1_length_558205_cov_102.860439_> (length 542)
prokka_out/CA139575:NODE_1_length_558205_cov_102.860439_> (length 93)
prokka_out/CA139575:NODE_1_length_558205_cov_102.860439_> (length 431)
prokka_out/CA139575:NODE_1_length_558205_cov_102.860439_> (length 374)
prokka_out/CA139575:NODE_1_length_558205_cov_102.860439_> (length 266)
prokka_out/CA139575:NODE_1_length_558205_cov_102.860439_> (length 93)
prokka_out/CA139575:NODE_1_length_558205_cov_102.860439_> (length 769)
prokka_out/CA139575:NODE_1_length_558205_cov_102.860439_> (length 395)
prokka_out/CA139575:NODE_1_length_558205_cov_102.860439_> (length 167)
prokka_out/CA139575:NODE_1_length_558205_cov_102.860439_> (length 101)
prokka_out/CA139575:NODE_1_length_558205_cov_102.860439_> (length 424)
prokka_out/CA139575:NODE_1_length_558205_cov_102.860439_> (length 115)
prokka_out/CA139575:NODE_1_length_558205_cov_102.860439_> (length 285)
prokka_out/CA139575:NODE_1_length_558205_cov_102.860439_> (length 282)
prokka_out/CA139575:NODE_1_length_558205_cov_102.860439_> (length 114)
prokka_out/CA139575:NODE_1_length_558205_cov_102.860439_> (length 289)
prokka_out/CA139575:NODE_1_length_558205_cov_102.860439_> (length 440)
prokka_out/CA139575:NODE_1_length_558205_cov_102.860439_> (length 151)
prokka_out/CA139575:NODE_1_length_558205_cov_102.860439_> (length 49)
prokka_out/CA139575:NODE_1_length_558205_cov_102.860439_> (length 72)
prokka_out/CA139575:NODE_1_length_558205_cov_102.860439_> (length 104)
prokka_out/CA139575:NODE_1_length_558205_cov_102.860439_> (length 93)
prokka_out/CA139575:NODE_1_length_558205_cov_102.860439_> (length 468)
prokka_out/CA139575:NODE_1_length_558205_cov_102.860439_> (length 245)
prokka_out/CA139575:NODE_1_length_558205_cov_102.860439_> (length 227)
prokka_out/CA139575:NODE_1_length_558205_cov_102.860439_> (length 75)
prokka_out/CA139575:NODE_1_length_558205_cov_102.860439_> (length 166)
prokka_out/CA139575:NODE_1_length_558205_cov_102.860439_> (length 429)
prokka_out/CA139575:NODE_1_length_558205_cov_102.860439_> (length 124)
prokka_out/CA139575:NODE_1_length_558205_cov_102.860439_> (length 398)
prokka_out/CA139575:NODE_1_length_558205_cov_102.860439_> (length 202)
prokka_out/CA139575:NODE_1_length_558205_cov_102.860439_> (length 159)
prokka_out/CA139575:NODE_1_length_558205_cov_102.860439_> (length 44)
prokka_out/CA139575:NODE_1_length_558205_cov_102.860439_> (length 108)
prokka_out/CA139575:NODE_1_length_558205_cov_102.860439_> (length 124)
prokka_out/CA139575:NODE_1_length_558205_cov_102.860439_> (length 531)
prokka_out/CA139575:NODE_1_length_558205_cov_102.860439_> (length 283)
prokka_out/CA139575:NODE_1_length_558205_cov_102.860439_> (length 442)
prokka_out/CA139575:NODE_1_length_558205_cov_102.860439_> (length 728)
prokka_out/CA139575:NODE_1_length_558205_cov_102.860439_> (length 256)
prokka_out/CA139575:NODE_1_length_558205_cov_102.860439_> (length 510)
prokka_out/CA139575:NODE_1_length_558205_cov_102.860439_> (length 530)
prokka_out/CA139575:NODE_1_length_558205_cov_102.860439_> (length 145)
prokka_out/CA139575:NODE_1_length_558205_cov_102.860439_> (length 325)
prokka_out/CA139575:NODE_1_length_558205_cov_102.860439_> (length 295)
prokka_out/CA139575:NODE_1_length_558205_cov_102.860439_> (length 290)
prokka_out/CA139575:NODE_1_length_558205_cov_102.860439_> (length 454)
prokka_out/CA139575:NODE_1_length_558205_cov_102.860439_> (length 447)
prokka_out/CA139575:NODE_1_length_558205_cov_102.860439_> (length 232)
prokka_out/CA139575:NODE_1_length_558205_cov_102.860439_> (length 169)
prokka_out/CA139575:NODE_1_length_558205_cov_102.860439_> (length 862)
prokka_out/CA139575:NODE_1_length_558205_cov_102.860439_> (length 401)
prokka_out/CA139575:NODE_1_length_558205_cov_102.860439_> (length 372)
prokka_out/CA139575:NODE_1_length_558205_cov_102.860439_> (length 125)
prokka_out/CA139575:NODE_1_length_558205_cov_102.860439_> (length 261)
prokka_out/CA139575:NODE_1_length_558205_cov_102.860439_> (length 422)
prokka_out/CA139575:NODE_1_length_558205_cov_102.860439_> (length 248)
prokka_out/CA139575:NODE_1_length_558205_cov_102.860439_> (length 339)
prokka_out/CA139575:NODE_1_length_558205_cov_102.860439_> (length 231)
prokka_out/CA139575:NODE_1_length_558205_cov_102.860439_> (length 750)
prokka_out/CA139575:NODE_1_length_558205_cov_102.860439_> (length 989)
prokka_out/CA139575:NODE_1_length_558205_cov_102.860439_> (length 90)
prokka_out/CA139575:NODE_1_length_558205_cov_102.860439_> (length 136)
prokka_out/CA139575:NODE_1_length_558205_cov_102.860439_> (length 725)
prokka_out/CA139575:NODE_1_length_558205_cov_102.860439_> (length 350)
prokka_out/CA139575:NODE_1_length_558205_cov_102.860439_> (length 80)
prokka_out/CA139575:NODE_1_length_558205_cov_102.860439_> (length 210)
prokka_out/CA139575:NODE_1_length_558205_cov_102.860439_> (length 46)
prokka_out/CA139575:NODE_1_length_558205_cov_102.860439_> (length 212)
prokka_out/CA139575:NODE_1_length_558205_cov_102.860439_> (length 231)
prokka_out/CA139575:NODE_1_length_558205_cov_102.860439_> (length 354)
prokka_out/CA139575:NODE_1_length_558205_cov_102.860439_> (length 592)
prokka_out/CA139575:NODE_1_length_558205_cov_102.860439_> (length 192)
prokka_out/CA139575:NODE_1_length_558205_cov_102.860439_> (length 286)
prokka_out/CA139575:NODE_1_length_558205_cov_102.860439_> (length 418)
prokka_out/CA139575:NODE_1_length_558205_cov_102.860439_> (length 388)
prokka_out/CA139575:NODE_1_length_558205_cov_102.860439_> (length 643)
prokka_out/CA139575:NODE_1_length_558205_cov_102.860439_> (length 427)
prokka_out/CA139575:NODE_1_length_558205_cov_102.860439_> (length 223)
prokka_out/CA139575:NODE_1_length_558205_cov_102.860439_> (length 527)
prokka_out/CA139575:NODE_1_length_558205_cov_102.860439_> (length 163)
prokka_out/CA139575:NODE_1_length_558205_cov_102.860439_> (length 556)
prokka_out/CA139575:NODE_1_length_558205_cov_102.860439_> (length 276)
prokka_out/CA139575:NODE_1_length_558205_cov_102.860439_> (length 426)
prokka_out/CA139575:NODE_1_length_558205_cov_102.860439_> (length 773)
prokka_out/CA139575:NODE_1_length_558205_cov_102.860439_> (length 330)
prokka_out/CA139575:NODE_1_length_558205_cov_102.860439_> (length 121)
prokka_out/CA139575:NODE_1_length_558205_cov_102.860439_> (length 189)
prokka_out/CA139575:NODE_1_length_558205_cov_102.860439_> (length 45)
prokka_out/CA139575:NODE_1_length_558205_cov_102.860439_> (length 247)
prokka_out/CA139575:NODE_1_length_558205_cov_102.860439_> (length 242)
prokka_out/CA139575:NODE_1_length_558205_cov_102.860439_> (length 494)
prokka_out/CA139575:NODE_1_length_558205_cov_102.860439_> (length 155)
prokka_out/CA139575:NODE_1_length_558205_cov_102.860439_> (length 329)
prokka_out/CA139575:NODE_1_length_558205_cov_102.860439_> (length 325)
prokka_out/CA139575:NODE_1_length_558205_cov_102.860439_> (length 97)
prokka_out/CA139575:NODE_1_length_558205_cov_102.860439_> (length 138)
prokka_out/CA139575:NODE_1_length_558205_cov_102.860439_> (length 150)
prokka_out/CA139575:NODE_1_length_558205_cov_102.860439_> (length 184)
prokka_out/CA139575:NODE_1_length_558205_cov_102.860439_> (length 299)
prokka_out/CA139575:NODE_1_length_558205_cov_102.860439_> (length 96)
prokka_out/CA139575:NODE_1_length_558205_cov_102.860439_> (length 613)
prokka_out/CA139575:NODE_1_length_558205_cov_102.860439_> (length 137)
prokka_out/CA139575:NODE_1_length_558205_cov_102.860439_> (length 703)
prokka_out/CA139575:NODE_1_length_558205_cov_102.860439_> (length 309)
prokka_out/CA139575:NODE_1_length_558205_cov_102.860439_> (length 219)
prokka_out/CA139575:NODE_1_length_558205_cov_102.860439_> (length 250)
prokka_out/CA139575:NODE_1_length_558205_cov_102.860439_> (length 259)
prokka_out/CA139575:NODE_1_length_558205_cov_102.860439_> (length 242)
prokka_out/CA139575:NODE_1_length_558205_cov_102.860439_> (length 262)
prokka_out/CA139575:NODE_1_length_558205_cov_102.860439_> (length 184)
prokka_out/CA139575:NODE_1_length_558205_cov_102.860439_> (length 145)
prokka_out/CA139575:NODE_1_length_558205_cov_102.860439_> (length 110)
prokka_out/CA139575:NODE_1_length_558205_cov_102.860439_> (length 182)
prokka_out/CA139575:NODE_1_length_558205_cov_102.860439_> (length 231)
prokka_out/CA139575:NODE_1_length_558205_cov_102.860439_> (length 483)
prokka_out/CA139575:NODE_1_length_558205_cov_102.860439_> (length 367)
prokka_out/CA139575:NODE_1_length_558205_cov_102.860439_> (length 461)
prokka_out/CA139575:NODE_1_length_558205_cov_102.860439_> (length 524)
prokka_out/CA139575:NODE_1_length_558205_cov_102.860439_> (length 597)
prokka_out/CA139575:NODE_1_length_558205_cov_102.860439_> (length 449)
prokka_out/CA139575:NODE_1_length_558205_cov_102.860439_> (length 444)
prokka_out/CA139575:NODE_1_length_558205_cov_102.860439_> (length 112)
prokka_out/CA139575:NODE_1_length_558205_cov_102.860439_> (length 60)
prokka_out/CA139575:NODE_1_length_558205_cov_102.860439_> (length 303)
prokka_out/CA139575:NODE_1_length_558205_cov_102.860439_> (length 291)
prokka_out/CA139575:NODE_1_length_558205_cov_102.860439_> (length 191)
prokka_out/CA139575:NODE_1_length_558205_cov_102.860439_> (length 57)
prokka_out/CA139575:NODE_1_length_558205_cov_102.860439_> (length 175)
prokka_out/CA139575:NODE_1_length_558205_cov_102.860439_> (length 422)
prokka_out/CA139575:NODE_1_length_558205_cov_102.860439_> (length 415)
prokka_out/CA139575:NODE_1_length_558205_cov_102.860439_> (length 279)
prokka_out/CA139575:NODE_1_length_558205_cov_102.860439_> (length 367)
prokka_out/CA139575:NODE_1_length_558205_cov_102.860439_> (length 246)
prokka_out/CA139575:NODE_1_length_558205_cov_102.860439_> (length 67)
prokka_out/CA139575:NODE_1_length_558205_cov_102.860439_> (length 246)
prokka_out/CA139575:NODE_1_length_558205_cov_102.860439_> (length 421)
prokka_out/CA139575:NODE_1_length_558205_cov_102.860439_> (length 451)
prokka_out/CA139575:NODE_1_length_558205_cov_102.860439_> (length 163)
prokka_out/CA139575:NODE_1_length_558205_cov_102.860439_> (length 303)
prokka_out/CA139575:NODE_1_length_558205_cov_102.860439_> (length 327)
prokka_out/CA139575:NODE_1_length_558205_cov_102.860439_> (length 186)
prokka_out/CA139575:NODE_1_length_558205_cov_102.860439_> (length 199)
prokka_out/CA139575:NODE_1_length_558205_cov_102.860439_> (length 190)
prokka_out/CA139575:NODE_1_length_558205_cov_102.860439_> (length 364)
prokka_out/CA139575:NODE_1_length_558205_cov_102.860439_> (length 293)
prokka_out/CA139575:NODE_1_length_558205_cov_102.860439_> (length 621)
prokka_out/CA139575:NODE_1_length_558205_cov_102.860439_> (length 169)
prokka_out/CA139575:NODE_1_length_558205_cov_102.860439_> (length 172)
prokka_out/CA139575:NODE_1_length_558205_cov_102.860439_> (length 138)
prokka_out/CA139575:NODE_1_length_558205_cov_102.860439_> (length 534)
prokka_out/CA139575:NODE_1_length_558205_cov_102.860439_> (length 418)
prokka_out/CA139575:NODE_1_length_558205_cov_102.860439_> (length 523)
prokka_out/CA139575:NODE_1_length_558205_cov_102.860439_> (length 351)
prokka_out/CA139575:NODE_1_length_558205_cov_102.860439_> (length 466)
prokka_out/CA139575:NODE_1_length_558205_cov_102.860439_> (length 377)
prokka_out/CA139575:NODE_1_length_558205_cov_102.860439_> (length 256)
prokka_out/CA139575:NODE_1_length_558205_cov_102.860439_> (length 226)
prokka_out/CA139575:NODE_1_length_558205_cov_102.860439_> (length 94)
prokka_out/CA139575:NODE_1_length_558205_cov_102.860439_> (length 559)
prokka_out/CA139575:NODE_1_length_558205_cov_102.860439_> (length 56)
prokka_out/CA139575:NODE_1_length_558205_cov_102.860439_> (length 151)
prokka_out/CA139575:NODE_1_length_558205_cov_102.860439_> (length 1086)
prokka_out/CA139575:NODE_1_length_558205_cov_102.860439_> (length 231)
prokka_out/CA139575:NODE_1_length_558205_cov_102.860439_> (length 256)
prokka_out/CA139575:NODE_1_length_558205_cov_102.860439_> (length 346)
prokka_out/CA139575:NODE_1_length_558205_cov_102.860439_> (length 319)
prokka_out/CA139575:NODE_1_length_558205_cov_102.860439_> (length 369)
prokka_out/CA139575:NODE_1_length_558205_cov_102.860439_> (length 371)
prokka_out/CA139575:NODE_1_length_558205_cov_102.860439_> (length 143)
prokka_out/CA139575:NODE_1_length_558205_cov_102.860439_> (length 66)
prokka_out/CA139575:NODE_1_length_558205_cov_102.860439_> (length 168)
prokka_out/CA139575:NODE_1_length_558205_cov_102.860439_> (length 343)
prokka_out/CA139575:NODE_1_length_558205_cov_102.860439_> (length 432)
prokka_out/CA139575:NODE_1_length_558205_cov_102.860439_> (length 149)
prokka_out/CA139575:NODE_1_length_558205_cov_102.860439_> (length 173)
prokka_out/CA139575:NODE_1_length_558205_cov_102.860439_> (length 855)
prokka_out/CA139575:NODE_1_length_558205_cov_102.860439_> (length 191)
prokka_out/CA139575:NODE_1_length_558205_cov_102.860439_> (length 214)
prokka_out/CA139575:NODE_1_length_558205_cov_102.860439_> (length 598)
prokka_out/CA139575:NODE_1_length_558205_cov_102.860439_> (length 424)
prokka_out/CA139575:NODE_1_length_558205_cov_102.860439_> (length 246)
prokka_out/CA139575:NODE_1_length_558205_cov_102.860439_> (length 1005)
prokka_out/CA139575:NODE_1_length_558205_cov_102.860439_> (length 268)
prokka_out/CA139575:NODE_1_length_558205_cov_102.860439_> (length 239)
prokka_out/CA139575:NODE_1_length_558205_cov_102.860439_> (length 78)
prokka_out/CA139575:NODE_1_length_558205_cov_102.860439_> (length 480)
prokka_out/CA139575:NODE_1_length_558205_cov_102.860439_> (length 387)
prokka_out/CA139575:NODE_1_length_558205_cov_102.860439_> (length 338)
prokka_out/CA139575:NODE_1_length_558205_cov_102.860439_> (length 386)
prokka_out/CA139575:NODE_1_length_558205_cov_102.860439_> (length 284)
prokka_out/CA139575:NODE_1_length_558205_cov_102.860439_> (length 296)
prokka_out/CA139575:NODE_1_length_558205_cov_102.860439_> (length 201)
prokka_out/CA139575:NODE_1_length_558205_cov_102.860439_> (length 381)
prokka_out/CA139575:NODE_1_length_558205_cov_102.860439_> (length 258)
prokka_out/CA139575:NODE_1_length_558205_cov_102.860439_> (length 266)
prokka_out/CA139575:NODE_1_length_558205_cov_102.860439_> (length 63)
prokka_out/CA139575:NODE_1_length_558205_cov_102.860439_> (length 1028)
prokka_out/CA139575:NODE_1_length_558205_cov_102.860439_> (length 366)
prokka_out/CA139575:NODE_1_length_558205_cov_102.860439_> (length 200)
prokka_out/CA139575:NODE_1_length_558205_cov_102.860439_> (length 233)
prokka_out/CA139575:NODE_1_length_558205_cov_102.860439_> (length 1364)
prokka_out/CA139575:NODE_1_length_558205_cov_102.860439_> (length 735)
prokka_out/CA139575:NODE_1_length_558205_cov_102.860439_> (length 116)
prokka_out/CA139575:NODE_1_length_558205_cov_102.860439_> (length 431)
prokka_out/CA139575:NODE_1_length_558205_cov_102.860439_> (length 151)
prokka_out/CA139575:NODE_1_length_558205_cov_102.860439_> (length 55)
prokka_out/CA139575:NODE_1_length_558205_cov_102.860439_> (length 117)
prokka_out/CA139575:NODE_1_length_558205_cov_102.860439_> (length 507)
prokka_out/CA139575:NODE_1_length_558205_cov_102.860439_> (length 83)
prokka_out/CA139575:NODE_1_length_558205_cov_102.860439_> (length 258)
prokka_out/CA139575:NODE_1_length_558205_cov_102.860439_> (length 57)
prokka_out/CA139575:NODE_1_length_558205_cov_102.860439_> (length 484)
prokka_out/CA139575:NODE_1_length_558205_cov_102.860439_> (length 455)
prokka_out/CA139575:NODE_1_length_558205_cov_102.860439_> (length 918)
prokka_out/CA139575:NODE_1_length_558205_cov_102.860439_> (length 362)
prokka_out/CA139575:NODE_1_length_558205_cov_102.860439_> (length 141)
prokka_out/CA139575:NODE_1_length_558205_cov_102.860439_> (length 206)
prokka_out/CA139575:NODE_1_length_558205_cov_102.860439_> (length 201)
prokka_out/CA139575:NODE_1_length_558205_cov_102.860439_> (length 178)
prokka_out/CA139575:NODE_1_length_558205_cov_102.860439_> (length 367)
prokka_out/CA139575:NODE_1_length_558205_cov_102.860439_> (length 146)
prokka_out/CA139575:NODE_1_length_558205_cov_102.860439_> (length 94)
prokka_out/CA139575:NODE_1_length_558205_cov_102.860439_> (length 333)
prokka_out/CA139575:NODE_1_length_558205_cov_102.860439_> (length 423)
prokka_out/CA139575:NODE_1_length_558205_cov_102.860439_> (length 125)
prokka_out/CA139575:NODE_1_length_558205_cov_102.860439_> (length 182)
prokka_out/CA139575:NODE_1_length_558205_cov_102.860439_> (length 86)
prokka_out/CA139575:NODE_1_length_558205_cov_102.860439_> (length 791)
prokka_out/CA139575:NODE_1_length_558205_cov_102.860439_> (length 215)
prokka_out/CA139575:NODE_1_length_558205_cov_102.860439_> (length 129)
prokka_out/CA139575:NODE_1_length_558205_cov_102.860439_> (length 245)
prokka_out/CA139575:NODE_1_length_558205_cov_102.860439_> (length 101)
prokka_out/CA139575:NODE_1_length_558205_cov_102.860439_> (length 222)
prokka_out/CA139575:NODE_1_length_558205_cov_102.860439_> (length 150)
prokka_out/CA139575:NODE_1_length_558205_cov_102.860439_> (length 209)
prokka_out/CA139575:NODE_1_length_558205_cov_102.860439_> (length 210)
prokka_out/CA139575:NODE_1_length_558205_cov_102.860439_> (length 270)
prokka_out/CA139575:NODE_1_length_558205_cov_102.860439_> (length 227)
prokka_out/CA139575:NODE_1_length_558205_cov_102.860439_> (length 254)
prokka_out/CA139575:NODE_1_length_558205_cov_102.860439_> (length 978)
prokka_out/CA139575:NODE_1_length_558205_cov_102.860439_> (length 95)
prokka_out/CA139575:NODE_1_length_558205_cov_102.860439_> (length 300)
prokka_out/CA139575:NODE_1_length_558205_cov_102.860439_> (length 395)
prokka_out/CA139575:NODE_1_length_558205_cov_102.860439_> (length 467)
prokka_out/CA139575:NODE_1_length_558205_cov_102.860439_> (length 170)
prokka_out/CA139575:NODE_1_length_558205_cov_102.860439_> (length 810)
prokka_out/CA139575:NODE_1_length_558205_cov_102.860439_> (length 323)
prokka_out/CA139575:NODE_1_length_558205_cov_102.860439_> (length 526)
prokka_out/CA139575:NODE_1_length_558205_cov_102.860439_> (length 90)
prokka_out/CA139575:NODE_1_length_558205_cov_102.860439_> (length 404)
prokka_out/CA139575:NODE_1_length_558205_cov_102.860439_> (length 134)
prokka_out/CA139575:NODE_1_length_558205_cov_102.860439_> (length 72)
prokka_out/CA139575:NODE_1_length_558205_cov_102.860439_> (length 382)
prokka_out/CA139575:NODE_1_length_558205_cov_102.860439_> (length 399)
prokka_out/CA139575:NODE_1_length_558205_cov_102.860439_> (length 407)
prokka_out/CA139575:NODE_1_length_558205_cov_102.860439_> (length 293)
prokka_out/CA139575:NODE_1_length_558205_cov_102.860439_> (length 572)
prokka_out/CA139575:NODE_1_length_558205_cov_102.860439_> (length 145)
prokka_out/CA139575:NODE_1_length_558205_cov_102.860439_> (length 686)
prokka_out/CA139575:NODE_1_length_558205_cov_102.860439_> (length 272)
prokka_out/CA139575:NODE_1_length_558205_cov_102.860439_> (length 75)
prokka_out/CA139575:NODE_1_length_558205_cov_102.860439_> (length 256)
prokka_out/CA139575:NODE_1_length_558205_cov_102.860439_> (length 150)
prokka_out/CA139575:NODE_1_length_558205_cov_102.860439_> (length 201)
prokka_out/CA139575:NODE_1_length_558205_cov_102.860439_> (length 96)
prokka_out/CA139575:NODE_1_length_558205_cov_102.860439_> (length 705)
prokka_out/CA139575:NODE_1_length_558205_cov_102.860439_> (length 217)
prokka_out/CA139575:NODE_1_length_558205_cov_102.860439_> (length 212)
prokka_out/CA139575:NODE_1_length_558205_cov_102.860439_> (length 118)
prokka_out/CA139575:NODE_1_length_558205_cov_102.860439_> (length 265)
prokka_out/CA139575:NODE_1_length_558205_cov_102.860439_> (length 241)
prokka_out/CA139575:NODE_1_length_558205_cov_102.860439_> (length 204)
prokka_out/CA139575:NODE_1_length_558205_cov_102.860439_> (length 648)
prokka_out/CA139575:NODE_1_length_558205_cov_102.860439_> (length 282)
prokka_out/CA139575:NODE_1_length_558205_cov_102.860439_> (length 130)
prokka_out/CA139575:NODE_1_length_558205_cov_102.860439_> (length 590)
prokka_out/CA139575:NODE_1_length_558205_cov_102.860439_> (length 386)
prokka_out/CA139575:NODE_1_length_558205_cov_102.860439_> (length 195)
prokka_out/CA139575:NODE_1_length_558205_cov_102.860439_> (length 200)
prokka_out/CA139575:NODE_1_length_558205_cov_102.860439_> (length 376)
prokka_out/CA139575:NODE_1_length_558205_cov_102.860439_> (length 714)
prokka_out/CA139575:NODE_1_length_558205_cov_102.860439_> (length 365)
prokka_out/CA139575:NODE_1_length_558205_cov_102.860439_> (length 309)
prokka_out/CA139575:NODE_1_length_558205_cov_102.860439_> (length 358)
prokka_out/CA139575:NODE_1_length_558205_cov_102.860439_> (length 566)
prokka_out/CA139575:NODE_1_length_558205_cov_102.860439_> (length 328)
prokka_out/CA139575:NODE_1_length_558205_cov_102.860439_> (length 263)
prokka_out/CA139575:NODE_1_length_558205_cov_102.860439_> (length 342)
prokka_out/CA139575:NODE_1_length_558205_cov_102.860439_> (length 295)
prokka_out/CA139575:NODE_1_length_558205_cov_102.860439_> (length 517)
prokka_out/CA139575:NODE_1_length_558205_cov_102.860439_> (length 350)
prokka_out/CA139575:NODE_1_length_558205_cov_102.860439_> (length 399)
prokka_out/CA139575:NODE_1_length_558205_cov_102.860439_> (length 434)
prokka_out/CA139575:NODE_1_length_558205_cov_102.860439_> (length 280)
prokka_out/CA139575:NODE_1_length_558205_cov_102.860439_> (length 138)
prokka_out/CA139575:NODE_1_length_558205_cov_102.860439_> (length 271)
prokka_out/CA139575:NODE_1_length_558205_cov_102.860439_> (length 314)
prokka_out/CA139575:NODE_1_length_558205_cov_102.860439_> (length 484)
prokka_out/CA139575:NODE_1_length_558205_cov_102.860439_> (length 186)
prokka_out/CA139575:NODE_1_length_558205_cov_102.860439_> (length 461)
prokka_out/CA139575:NODE_1_length_558205_cov_102.860439_> (length 317)
prokka_out/CA139575:NODE_1_length_558205_cov_102.860439_> (length 187)
prokka_out/CA139575:NODE_1_length_558205_cov_102.860439_> (length 99)
prokka_out/CA139575:NODE_1_length_558205_cov_102.860439_> (length 66)
prokka_out/CA139575:NODE_1_length_558205_cov_102.860439_> (length 785)
prokka_out/CA139575:NODE_1_length_558205_cov_102.860439_> (length 432)
prokka_out/CA139575:NODE_1_length_558205_cov_102.860439_> (length 518)
prokka_out/CA139575:NODE_1_length_558205_cov_102.860439_> (length 707)
prokka_out/CA139575:NODE_1_length_558205_cov_102.860439_> (length 67)
prokka_out/CA139575:NODE_1_length_558205_cov_102.860439_> (length 313)
prokka_out/CA139575:NODE_1_length_558205_cov_102.860439_> (length 89)
prokka_out/CA139575:NODE_1_length_558205_cov_102.860439_> (length 164)
prokka_out/CA139575:NODE_1_length_558205_cov_102.860439_> (length 258)
prokka_out/CA139575:NODE_1_length_558205_cov_102.860439_> (length 307)
prokka_out/CA139575:NODE_1_length_558205_cov_102.860439_> (length 201)
prokka_out/CA139575:NODE_1_length_558205_cov_102.860439_> (length 160)
prokka_out/CA139575:NODE_1_length_558205_cov_102.860439_> (length 235)
prokka_out/CA139575:NODE_1_length_558205_cov_102.860439_> (length 113)
prokka_out/CA139575:NODE_1_length_558205_cov_102.860439_> (length 102)
prokka_out/CA139575:NODE_1_length_558205_cov_102.860439_> (length 530)
prokka_out/CA139575:NODE_1_length_558205_cov_102.860439_> (length 79)
prokka_out/CA139575:NODE_1_length_558205_cov_102.860439_> (length 205)
prokka_out/CA139575:NODE_1_length_558205_cov_102.860439_> (length 515)
prokka_out/CA139575:NODE_1_length_558205_cov_102.860439_> (length 255)
prokka_out/CA139575:NODE_1_length_558205_cov_102.860439_> (length 211)
prokka_out/CA139575:NODE_1_length_558205_cov_102.860439_> (length 357)
prokka_out/CA139575:NODE_1_length_558205_cov_102.860439_> (length 263)
prokka_out/CA139575:NODE_1_length_558205_cov_102.860439_> (length 387)
prokka_out/CA139575:NODE_1_length_558205_cov_102.860439_> (length 374)
prokka_out/CA139575:NODE_1_length_558205_cov_102.860439_> (length 416)
prokka_out/CA139575:NODE_1_length_558205_cov_102.860439_> (length 167)
prokka_out/CA139575:NODE_1_length_558205_cov_102.860439_> (length 422)
prokka_out/CA139575:NODE_1_length_558205_cov_102.860439_> (length 619)
prokka_out/CA139575:NODE_1_length_558205_cov_102.860439_> (length 165)
prokka_out/CA139575:NODE_1_length_558205_cov_102.860439_> (length 459)
prokka_out/CA139575:NODE_1_length_558205_cov_102.860439_> (length 164)
prokka_out/CA139575:NODE_1_length_558205_cov_102.860439_> (length 458)
prokka_out/CA139575:NODE_1_length_558205_cov_102.860439_> (length 267)
prokka_out/CA139575:NODE_1_length_558205_cov_102.860439_> (length 508)
prokka_out/CA139575:NODE_1_length_558205_cov_102.860439_> (length 393)
prokka_out/CA139575:NODE_1_length_558205_cov_102.860439_> (length 299)
prokka_out/CA139575:NODE_1_length_558205_cov_102.860439_> (length 472)
prokka_out/CA139575:NODE_1_length_558205_cov_102.860439_> (length 164)
prokka_out/CA139575:NODE_1_length_558205_cov_102.860439_> (length 330)
prokka_out/CA139575:NODE_1_length_558205_cov_102.860439_> (length 256)
prokka_out/CA139575:NODE_1_length_558205_cov_102.860439_> (length 754)
prokka_out/CA139575:NODE_1_length_558205_cov_102.860439_> (length 282)
prokka_out/CA139575:NODE_1_length_558205_cov_102.860439_> (length 66)
prokka_out/CA139575:NODE_1_length_558205_cov_102.860439_> (length 226)
prokka_out/CA139575:NODE_1_length_558205_cov_102.860439_> (length 446)
prokka_out/CA139575:NODE_1_length_558205_cov_102.860439_> (length 283)
prokka_out/CA139575:NODE_1_length_558205_cov_102.860439_> (length 293)
prokka_out/CA139575:NODE_1_length_558205_cov_102.860439_> (length 111)
prokka_out/CA139575:NODE_1_length_558205_cov_102.860439_> (length 314)
prokka_out/CA139575:NODE_1_length_558205_cov_102.860439_> (length 288)
prokka_out/CA139575:NODE_1_length_558205_cov_102.860439_> (length 185)
prokka_out/CA139575:NODE_1_length_558205_cov_102.860439_> (length 538)
prokka_out/CA139575:NODE_1_length_558205_cov_102.860439_> (length 185)
prokka_out/CA139575:NODE_1_length_558205_cov_102.860439_> (length 419)
prokka_out/CA139575:NODE_1_length_558205_cov_102.860439_> (length 268)
prokka_out/CA139575:NODE_1_length_558205_cov_102.860439_> (length 460)
prokka_out/CA139575:NODE_1_length_558205_cov_102.860439_> (length 242)
prokka_out/CA139575:NODE_1_length_558205_cov_102.860439_> (length 386)
prokka_out/CA139575:NODE_1_length_558205_cov_102.860439_> (length 68)
prokka_out/CA139575:NODE_1_length_558205_cov_102.860439_> (length 226)
prokka_out/CA139575:NODE_1_length_558205_cov_102.860439_> (length 203)
prokka_out/CA139575:NODE_1_length_558205_cov_102.860439_> (length 846)
prokka_out/CA139575:NODE_1_length_558205_cov_102.860439_> (length 86)
prokka_out/CA139575:NODE_1_length_558205_cov_102.860439_> (length 545)
prokka_out/CA139575:NODE_1_length_558205_cov_102.860439_> (length 73)
prokka_out/CA139575:NODE_1_length_558205_cov_102.860439_> (length 401)
prokka_out/CA139575:NODE_1_length_558205_cov_102.860439_> (length 221)
prokka_out/CA139575:NODE_1_length_558205_cov_102.860439_> (length 199)
prokka_out/CA139575:NODE_1_length_558205_cov_102.860439_> (length 121)
prokka_out/CA139575:NODE_1_length_558205_cov_102.860439_> (length 451)
prokka_out/CA139575:NODE_1_length_558205_cov_102.860439_> (length 76)
prokka_out/CA139575:NODE_1_length_558205_cov_102.860439_> (length 771)
prokka_out/CA139575:NODE_1_length_558205_cov_102.860439_> (length 1047)
prokka_out/CA139575:NODE_1_length_558205_cov_102.860439_> (length 416)
prokka_out/CA139575:NODE_1_length_558205_cov_102.860439_> (length 224)
prokka_out/CA139575:NODE_1_length_558205_cov_102.860439_> (length 472)
prokka_out/CA139575:NODE_1_length_558205_cov_102.860439_> (length 299)
prokka_out/CA139575:NODE_1_length_558205_cov_102.860439_> (length 124)
prokka_out/CA139575:NODE_1_length_558205_cov_102.860439_> (length 540)
prokka_out/CA139575:NODE_1_length_558205_cov_102.860439_> (length 110)
prokka_out/CA139575:NODE_1_length_558205_cov_102.860439_> (length 206)
prokka_out/CA139575:NODE_1_length_558205_cov_102.860439_> (length 664)
prokka_out/CA139575:NODE_1_length_558205_cov_102.860439_> (length 273)
prokka_out/CA139575:NODE_1_length_558205_cov_102.860439_> (length 316)
prokka_out/CA139575:NODE_1_length_558205_cov_102.860439_> (length 36)
prokka_out/CA139575:NODE_1_length_558205_cov_102.860439_> (length 139)
prokka_out/CA139575:NODE_1_length_558205_cov_102.860439_> (length 325)
prokka_out/CA139575:NODE_1_length_558205_cov_102.860439_> (length 255)
prokka_out/CA139575:NODE_1_length_558205_cov_102.860439_> (length 366)
prokka_out/CA139575:NODE_1_length_558205_cov_102.860439_> (length 201)
prokka_out/CA139575:NODE_1_length_558205_cov_102.860439_> (length 103)
prokka_out/CA139575:NODE_1_length_558205_cov_102.860439_> (length 340)
prokka_out/CA139575:NODE_1_length_558205_cov_102.860439_> (length 300)
prokka_out/CA139575:NODE_1_length_558205_cov_102.860439_> (length 397)
prokka_out/CA139575:NODE_1_length_558205_cov_102.860439_> (length 604)
prokka_out/CA139575:NODE_1_length_558205_cov_102.860439_> (length 158)
prokka_out/CA139575:NODE_1_length_558205_cov_102.860439_> (length 511)
prokka_out/CA139575:NODE_1_length_558205_cov_102.860439_> (length 202)
prokka_out/CA139575:NODE_1_length_558205_cov_102.860439_> (length 185)
prokka_out/CA139575:NODE_1_length_558205_cov_102.860439_> (length 486)
prokka_out/CA139575:NODE_1_length_558205_cov_102.860439_> (length 416)
prokka_out/CA139575:NODE_1_length_558205_cov_102.860439_> (length 150)
prokka_out/CA139575:NODE_1_length_558205_cov_102.860439_> (length 682)
prokka_out/CA139575:NODE_1_length_558205_cov_102.860439_> (length 738)
prokka_out/CA139575:NODE_1_length_558205_cov_102.860439_> (length 160)
prokka_out/CA139575:NODE_1_length_558205_cov_102.860439_> (length 89)
prokka_out/CA139575:NODE_1_length_558205_cov_102.860439_> (length 69)
prokka_out/CA139575:NODE_1_length_558205_cov_102.860439_> (length 218)
prokka_out/CA139575:NODE_1_length_558205_cov_102.860439_> (length 394)
prokka_out/CA139575:NODE_1_length_558205_cov_102.860439_> (length 151)
prokka_out/CA139575:NODE_1_length_558205_cov_102.860439_> (length 289)
prokka_out/CA139575:NODE_1_length_558205_cov_102.860439_> (length 316)
prokka_out/CA139575:NODE_1_length_558205_cov_102.860439_> (length 484)
prokka_out/CA139575:NODE_1_length_558205_cov_102.860439_> (length 354)
prokka_out/CA139575:NODE_1_length_558205_cov_102.860439_> (length 273)
prokka_out/CA139575:NODE_1_length_558205_cov_102.860439_> (length 208)
prokka_out/CA139575:NODE_1_length_558205_cov_102.860439_> (length 216)
prokka_out/CA139575:NODE_1_length_558205_cov_102.860439_> (length 210)
prokka_out/CA139575:NODE_1_length_558205_cov_102.860439_> (length 72)
prokka_out/CA139575:NODE_1_length_558205_cov_102.860439_> (length 234)
prokka_out/CA139575:NODE_1_length_558205_cov_102.860439_> (length 278)
prokka_out/CA139575:NODE_1_length_558205_cov_102.860439_> (length 249)
prokka_out/CA139575:NODE_1_length_558205_cov_102.860439_> (length 334)
prokka_out/CA139575:NODE_1_length_558205_cov_102.860439_> (length 646)
prokka_out/CA139575:NODE_1_length_558205_cov_102.860439_> (length 380)
prokka_out/CA139575:NODE_1_length_558205_cov_102.860439_> (length 203)
prokka_out/CA139575:NODE_1_length_558205_cov_102.860439_> (length 177)
prokka_out/CA139575:NODE_1_length_558205_cov_102.860439_> (length 400)
prokka_out/CA139575:NODE_1_length_558205_cov_102.860439_> (length 156)
prokka_out/CA139575:NODE_1_length_558205_cov_102.860439_> (length 355)
prokka_out/CA139575:NODE_1_length_558205_cov_102.860439_> (length 134)
prokka_out/CA139575:NODE_1_length_558205_cov_102.860439_> (length 248)
prokka_out/CA139575:NODE_1_length_558205_cov_102.860439_> (length 341)
prokka_out/CA139575:NODE_1_length_558205_cov_102.860439_> (length 317)
prokka_out/CA139575:NODE_1_length_558205_cov_102.860439_> (length 154)
prokka_out/CA139575:NODE_1_length_558205_cov_102.860439_> (length 566)
prokka_out/CA139575:NODE_1_length_558205_cov_102.860439_> (length 147)
prokka_out/CA139575:NODE_1_length_558205_cov_102.860439_> (length 339)
prokka_out/CA139575:NODE_1_length_558205_cov_102.860439_> (length 447)
prokka_out/CA139575:NODE_1_length_558205_cov_102.860439_> (length 216)
prokka_out/CA139575:NODE_1_length_558205_cov_102.860439_> (length 223)
prokka_out/CA139575:NODE_1_length_558205_cov_102.860439_> (length 208)
prokka_out/CA139575:NODE_1_length_558205_cov_102.860439_> (length 411)
prokka_out/CA139575:NODE_1_length_558205_cov_102.860439_> (length 463)
prokka_out/CA139575:NODE_1_length_558205_cov_102.860439_> (length 271)
prokka_out/CA139575:NODE_1_length_558205_cov_102.860439_> (length 443)
prokka_out/CA139575:NODE_1_length_558205_cov_102.860439_> (length 151)
prokka_out/CA139575:NODE_1_length_558205_cov_102.860439_> (length 186)
prokka_out/CA139575:NODE_1_length_558205_cov_102.860439_> (length 334)
prokka_out/CA139575:NODE_1_length_558205_cov_102.860439_> (length 376)
prokka_out/CA139575:NODE_1_length_558205_cov_102.860439_> (length 438)
prokka_out/CA139575:NODE_1_length_558205_cov_102.860439_> (length 247)
prokka_out/CA139575:NODE_1_length_558205_cov_102.860439_> (length 76)
prokka_out/CA139575:NODE_1_length_558205_cov_102.860439_> (length 297)
prokka_out/CA139575:NODE_1_length_558205_cov_102.860439_> (length 138)
prokka_out/CA139575:NODE_1_length_558205_cov_102.860439_> (length 520)
prokka_out/CA139575:NODE_1_length_558205_cov_102.860439_> (length 353)
prokka_out/CA139575:NODE_1_length_558205_cov_102.860439_> (length 73)
prokka_out/CA139575:NODE_1_length_558205_cov_102.860439_> (length 404)
prokka_out/CA139575:NODE_1_length_558205_cov_102.860439_> (length 337)
prokka_out/CA139575:NODE_2_length_255618_cov_107.055290 (length 255618)
prokka_out/CA139575:NODE_2_length_255618_cov_107.055290_1 (length 256)
prokka_out/CA139575:NODE_2_length_255618_cov_107.055290_2 (length 212)
prokka_out/CA139575:NODE_2_length_255618_cov_107.055290_3 (length 329)
prokka_out/CA139575:NODE_2_length_255618_cov_107.055290_4 (length 259)
prokka_out/CA139575:NODE_2_length_255618_cov_107.055290_5 (length 279)
prokka_out/CA139575:NODE_2_length_255618_cov_107.055290_6 (length 268)
prokka_out/CA139575:NODE_2_length_255618_cov_107.055290_7 (length 441)
prokka_out/CA139575:NODE_2_length_255618_cov_107.055290_8 (length 348)
prokka_out/CA139575:NODE_2_length_255618_cov_107.055290_9 (length 327)
prokka_out/CA139575:NODE_2_length_255618_cov_107.055290_> (length 180)
prokka_out/CA139575:NODE_2_length_255618_cov_107.055290_> (length 61)
prokka_out/CA139575:NODE_2_length_255618_cov_107.055290_> (length 395)
prokka_out/CA139575:NODE_2_length_255618_cov_107.055290_> (length 266)
prokka_out/CA139575:NODE_2_length_255618_cov_107.055290_> (length 157)
prokka_out/CA139575:NODE_2_length_255618_cov_107.055290_> (length 249)
prokka_out/CA139575:NODE_2_length_255618_cov_107.055290_> (length 210)
prokka_out/CA139575:NODE_2_length_255618_cov_107.055290_> (length 1200)
prokka_out/CA139575:NODE_2_length_255618_cov_107.055290_> (length 109)
prokka_out/CA139575:NODE_2_length_255618_cov_107.055290_> (length 447)
prokka_out/CA139575:NODE_2_length_255618_cov_107.055290_> (length 137)
prokka_out/CA139575:NODE_2_length_255618_cov_107.055290_> (length 118)
prokka_out/CA139575:NODE_2_length_255618_cov_107.055290_> (length 234)
prokka_out/CA139575:NODE_2_length_255618_cov_107.055290_> (length 179)
prokka_out/CA139575:NODE_2_length_255618_cov_107.055290_> (length 80)
prokka_out/CA139575:NODE_2_length_255618_cov_107.055290_> (length 75)
prokka_out/CA139575:NODE_2_length_255618_cov_107.055290_> (length 445)
prokka_out/CA139575:NODE_2_length_255618_cov_107.055290_> (length 250)
prokka_out/CA139575:NODE_2_length_255618_cov_107.055290_> (length 385)
prokka_out/CA139575:NODE_2_length_255618_cov_107.055290_> (length 238)
prokka_out/CA139575:NODE_2_length_255618_cov_107.055290_> (length 241)
prokka_out/CA139575:NODE_2_length_255618_cov_107.055290_> (length 287)
prokka_out/CA139575:NODE_2_length_255618_cov_107.055290_> (length 184)
prokka_out/CA139575:NODE_2_length_255618_cov_107.055290_> (length 164)
prokka_out/CA139575:NODE_2_length_255618_cov_107.055290_> (length 418)
prokka_out/CA139575:NODE_2_length_255618_cov_107.055290_> (length 234)
prokka_out/CA139575:NODE_2_length_255618_cov_107.055290_> (length 476)
prokka_out/CA139575:NODE_2_length_255618_cov_107.055290_> (length 263)
prokka_out/CA139575:NODE_2_length_255618_cov_107.055290_> (length 270)
prokka_out/CA139575:NODE_2_length_255618_cov_107.055290_> (length 370)
prokka_out/CA139575:NODE_2_length_255618_cov_107.055290_> (length 460)
prokka_out/CA139575:NODE_2_length_255618_cov_107.055290_> (length 495)
prokka_out/CA139575:NODE_2_length_255618_cov_107.055290_> (length 311)
prokka_out/CA139575:NODE_2_length_255618_cov_107.055290_> (length 295)
prokka_out/CA139575:NODE_2_length_255618_cov_107.055290_> (length 163)
prokka_out/CA139575:NODE_2_length_255618_cov_107.055290_> (length 396)
prokka_out/CA139575:NODE_2_length_255618_cov_107.055290_> (length 500)
prokka_out/CA139575:NODE_2_length_255618_cov_107.055290_> (length 232)
prokka_out/CA139575:NODE_2_length_255618_cov_107.055290_> (length 357)
prokka_out/CA139575:NODE_2_length_255618_cov_107.055290_> (length 612)
prokka_out/CA139575:NODE_2_length_255618_cov_107.055290_> (length 148)
prokka_out/CA139575:NODE_2_length_255618_cov_107.055290_> (length 81)
prokka_out/CA139575:NODE_2_length_255618_cov_107.055290_> (length 76)
prokka_out/CA139575:NODE_2_length_255618_cov_107.055290_> (length 657)
prokka_out/CA139575:NODE_2_length_255618_cov_107.055290_> (length 474)
prokka_out/CA139575:NODE_2_length_255618_cov_107.055290_> (length 416)
prokka_out/CA139575:NODE_2_length_255618_cov_107.055290_> (length 242)
prokka_out/CA139575:NODE_2_length_255618_cov_107.055290_> (length 135)
prokka_out/CA139575:NODE_2_length_255618_cov_107.055290_> (length 81)
prokka_out/CA139575:NODE_2_length_255618_cov_107.055290_> (length 406)
prokka_out/CA139575:NODE_2_length_255618_cov_107.055290_> (length 147)
prokka_out/CA139575:NODE_2_length_255618_cov_107.055290_> (length 180)
prokka_out/CA139575:NODE_2_length_255618_cov_107.055290_> (length 439)
prokka_out/CA139575:NODE_2_length_255618_cov_107.055290_> (length 291)
prokka_out/CA139575:NODE_2_length_255618_cov_107.055290_> (length 358)
prokka_out/CA139575:NODE_2_length_255618_cov_107.055290_> (length 185)
prokka_out/CA139575:NODE_2_length_255618_cov_107.055290_> (length 595)
prokka_out/CA139575:NODE_2_length_255618_cov_107.055290_> (length 611)
prokka_out/CA139575:NODE_2_length_255618_cov_107.055290_> (length 164)
prokka_out/CA139575:NODE_2_length_255618_cov_107.055290_> (length 196)
prokka_out/CA139575:NODE_2_length_255618_cov_107.055290_> (length 152)
prokka_out/CA139575:NODE_2_length_255618_cov_107.055290_> (length 170)
prokka_out/CA139575:NODE_2_length_255618_cov_107.055290_> (length 162)
prokka_out/CA139575:NODE_2_length_255618_cov_107.055290_> (length 279)
prokka_out/CA139575:NODE_2_length_255618_cov_107.055290_> (length 377)
prokka_out/CA139575:NODE_2_length_255618_cov_107.055290_> (length 270)
prokka_out/CA139575:NODE_2_length_255618_cov_107.055290_> (length 414)
prokka_out/CA139575:NODE_2_length_255618_cov_107.055290_> (length 507)
prokka_out/CA139575:NODE_2_length_255618_cov_107.055290_> (length 286)
prokka_out/CA139575:NODE_2_length_255618_cov_107.055290_> (length 583)
prokka_out/CA139575:NODE_2_length_255618_cov_107.055290_> (length 191)
prokka_out/CA139575:NODE_2_length_255618_cov_107.055290_> (length 172)
prokka_out/CA139575:NODE_2_length_255618_cov_107.055290_> (length 166)
prokka_out/CA139575:NODE_2_length_255618_cov_107.055290_> (length 291)
prokka_out/CA139575:NODE_2_length_255618_cov_107.055290_> (length 126)
prokka_out/CA139575:NODE_2_length_255618_cov_107.055290_> (length 256)
prokka_out/CA139575:NODE_2_length_255618_cov_107.055290_> (length 343)
prokka_out/CA139575:NODE_2_length_255618_cov_107.055290_> (length 340)
prokka_out/CA139575:NODE_2_length_255618_cov_107.055290_> (length 644)
prokka_out/CA139575:NODE_2_length_255618_cov_107.055290_> (length 321)
prokka_out/CA139575:NODE_2_length_255618_cov_107.055290_> (length 114)
prokka_out/CA139575:NODE_2_length_255618_cov_107.055290_> (length 324)
prokka_out/CA139575:NODE_2_length_255618_cov_107.055290_> (length 363)
prokka_out/CA139575:NODE_2_length_255618_cov_107.055290_> (length 93)
prokka_out/CA139575:NODE_2_length_255618_cov_107.055290_> (length 247)
prokka_out/CA139575:NODE_2_length_255618_cov_107.055290_> (length 728)
prokka_out/CA139575:NODE_2_length_255618_cov_107.055290_> (length 506)
prokka_out/CA139575:NODE_2_length_255618_cov_107.055290_> (length 215)
prokka_out/CA139575:NODE_2_length_255618_cov_107.055290_> (length 438)
prokka_out/CA139575:NODE_2_length_255618_cov_107.055290_> (length 408)
prokka_out/CA139575:NODE_2_length_255618_cov_107.055290_> (length 246)
prokka_out/CA139575:NODE_2_length_255618_cov_107.055290_> (length 362)
prokka_out/CA139575:NODE_2_length_255618_cov_107.055290_> (length 304)
prokka_out/CA139575:NODE_2_length_255618_cov_107.055290_> (length 331)
prokka_out/CA139575:NODE_2_length_255618_cov_107.055290_> (length 166)
prokka_out/CA139575:NODE_2_length_255618_cov_107.055290_> (length 458)
prokka_out/CA139575:NODE_2_length_255618_cov_107.055290_> (length 326)
prokka_out/CA139575:NODE_2_length_255618_cov_107.055290_> (length 389)
prokka_out/CA139575:NODE_2_length_255618_cov_107.055290_> (length 454)
prokka_out/CA139575:NODE_2_length_255618_cov_107.055290_> (length 641)
prokka_out/CA139575:NODE_2_length_255618_cov_107.055290_> (length 390)
prokka_out/CA139575:NODE_2_length_255618_cov_107.055290_> (length 396)
prokka_out/CA139575:NODE_2_length_255618_cov_107.055290_> (length 293)
prokka_out/CA139575:NODE_2_length_255618_cov_107.055290_> (length 566)
prokka_out/CA139575:NODE_2_length_255618_cov_107.055290_> (length 222)
prokka_out/CA139575:NODE_2_length_255618_cov_107.055290_> (length 447)
prokka_out/CA139575:NODE_2_length_255618_cov_107.055290_> (length 432)
prokka_out/CA139575:NODE_2_length_255618_cov_107.055290_> (length 374)
prokka_out/CA139575:NODE_2_length_255618_cov_107.055290_> (length 223)
prokka_out/CA139575:NODE_2_length_255618_cov_107.055290_> (length 416)
prokka_out/CA139575:NODE_2_length_255618_cov_107.055290_> (length 191)
prokka_out/CA139575:NODE_2_length_255618_cov_107.055290_> (length 166)
prokka_out/CA139575:NODE_2_length_255618_cov_107.055290_> (length 230)
prokka_out/CA139575:NODE_2_length_255618_cov_107.055290_> (length 571)
prokka_out/CA139575:NODE_2_length_255618_cov_107.055290_> (length 379)
prokka_out/CA139575:NODE_2_length_255618_cov_107.055290_> (length 611)
prokka_out/CA139575:NODE_2_length_255618_cov_107.055290_> (length 656)
prokka_out/CA139575:NODE_2_length_255618_cov_107.055290_> (length 363)
prokka_out/CA139575:NODE_2_length_255618_cov_107.055290_> (length 401)
prokka_out/CA139575:NODE_2_length_255618_cov_107.055290_> (length 731)
prokka_out/CA139575:NODE_2_length_255618_cov_107.055290_> (length 74)
prokka_out/CA139575:NODE_2_length_255618_cov_107.055290_> (length 238)
prokka_out/CA139575:NODE_2_length_255618_cov_107.055290_> (length 400)
prokka_out/CA139575:NODE_2_length_255618_cov_107.055290_> (length 268)
prokka_out/CA139575:NODE_2_length_255618_cov_107.055290_> (length 221)
prokka_out/CA139575:NODE_2_length_255618_cov_107.055290_> (length 398)
prokka_out/CA139575:NODE_2_length_255618_cov_107.055290_> (length 410)
prokka_out/CA139575:NODE_2_length_255618_cov_107.055290_> (length 321)
prokka_out/CA139575:NODE_2_length_255618_cov_107.055290_> (length 366)
prokka_out/CA139575:NODE_2_length_255618_cov_107.055290_> (length 78)
prokka_out/CA139575:NODE_2_length_255618_cov_107.055290_> (length 46)
prokka_out/CA139575:NODE_2_length_255618_cov_107.055290_> (length 457)
prokka_out/CA139575:NODE_2_length_255618_cov_107.055290_> (length 309)
prokka_out/CA139575:NODE_2_length_255618_cov_107.055290_> (length 443)
prokka_out/CA139575:NODE_2_length_255618_cov_107.055290_> (length 311)
prokka_out/CA139575:NODE_2_length_255618_cov_107.055290_> (length 410)
prokka_out/CA139575:NODE_2_length_255618_cov_107.055290_> (length 101)
prokka_out/CA139575:NODE_2_length_255618_cov_107.055290_> (length 168)
prokka_out/CA139575:NODE_2_length_255618_cov_107.055290_> (length 189)
prokka_out/CA139575:NODE_2_length_255618_cov_107.055290_> (length 91)
prokka_out/CA139575:NODE_2_length_255618_cov_107.055290_> (length 128)
prokka_out/CA139575:NODE_2_length_255618_cov_107.055290_> (length 638)
prokka_out/CA139575:NODE_2_length_255618_cov_107.055290_> (length 121)
prokka_out/CA139575:NODE_2_length_255618_cov_107.055290_> (length 600)
prokka_out/CA139575:NODE_2_length_255618_cov_107.055290_> (length 308)
prokka_out/CA139575:NODE_2_length_255618_cov_107.055290_> (length 128)
prokka_out/CA139575:NODE_2_length_255618_cov_107.055290_> (length 568)
prokka_out/CA139575:NODE_2_length_255618_cov_107.055290_> (length 431)
prokka_out/CA139575:NODE_2_length_255618_cov_107.055290_> (length 297)
prokka_out/CA139575:NODE_2_length_255618_cov_107.055290_> (length 176)
prokka_out/CA139575:NODE_2_length_255618_cov_107.055290_> (length 87)
prokka_out/CA139575:NODE_2_length_255618_cov_107.055290_> (length 185)
prokka_out/CA139575:NODE_2_length_255618_cov_107.055290_> (length 281)
prokka_out/CA139575:NODE_2_length_255618_cov_107.055290_> (length 374)
prokka_out/CA139575:NODE_2_length_255618_cov_107.055290_> (length 103)
prokka_out/CA139575:NODE_2_length_255618_cov_107.055290_> (length 289)
prokka_out/CA139575:NODE_2_length_255618_cov_107.055290_> (length 387)
prokka_out/CA139575:NODE_2_length_255618_cov_107.055290_> (length 302)
prokka_out/CA139575:NODE_2_length_255618_cov_107.055290_> (length 734)
prokka_out/CA139575:NODE_2_length_255618_cov_107.055290_> (length 856)
prokka_out/CA139575:NODE_2_length_255618_cov_107.055290_> (length 300)
prokka_out/CA139575:NODE_2_length_255618_cov_107.055290_> (length 143)
prokka_out/CA139575:NODE_2_length_255618_cov_107.055290_> (length 164)
prokka_out/CA139575:NODE_2_length_255618_cov_107.055290_> (length 99)
prokka_out/CA139575:NODE_2_length_255618_cov_107.055290_> (length 601)
prokka_out/CA139575:NODE_2_length_255618_cov_107.055290_> (length 602)
prokka_out/CA139575:NODE_2_length_255618_cov_107.055290_> (length 144)
prokka_out/CA139575:NODE_2_length_255618_cov_107.055290_> (length 106)
prokka_out/CA139575:NODE_2_length_255618_cov_107.055290_> (length 609)
prokka_out/CA139575:NODE_2_length_255618_cov_107.055290_> (length 122)
prokka_out/CA139575:NODE_2_length_255618_cov_107.055290_> (length 233)
prokka_out/CA139575:NODE_2_length_255618_cov_107.055290_> (length 399)
prokka_out/CA139575:NODE_2_length_255618_cov_107.055290_> (length 214)
prokka_out/CA139575:NODE_2_length_255618_cov_107.055290_> (length 81)
prokka_out/CA139575:NODE_2_length_255618_cov_107.055290_> (length 236)
prokka_out/CA139575:NODE_2_length_255618_cov_107.055290_> (length 440)
prokka_out/CA139575:NODE_2_length_255618_cov_107.055290_> (length 93)
prokka_out/CA139575:NODE_2_length_255618_cov_107.055290_> (length 857)
prokka_out/CA139575:NODE_2_length_255618_cov_107.055290_> (length 643)
prokka_out/CA139575:NODE_2_length_255618_cov_107.055290_> (length 183)
prokka_out/CA139575:NODE_2_length_255618_cov_107.055290_> (length 842)
prokka_out/CA139575:NODE_2_length_255618_cov_107.055290_> (length 359)
prokka_out/CA139575:NODE_2_length_255618_cov_107.055290_> (length 370)
prokka_out/CA139575:NODE_2_length_255618_cov_107.055290_> (length 284)
prokka_out/CA139575:NODE_2_length_255618_cov_107.055290_> (length 303)
prokka_out/CA139575:NODE_2_length_255618_cov_107.055290_> (length 411)
prokka_out/CA139575:NODE_2_length_255618_cov_107.055290_> (length 332)
prokka_out/CA139575:NODE_2_length_255618_cov_107.055290_> (length 161)
prokka_out/CA139575:NODE_2_length_255618_cov_107.055290_> (length 258)
prokka_out/CA139575:NODE_2_length_255618_cov_107.055290_> (length 425)
prokka_out/CA139575:NODE_2_length_255618_cov_107.055290_> (length 124)
prokka_out/CA139575:NODE_2_length_255618_cov_107.055290_> (length 233)
prokka_out/CA139575:NODE_2_length_255618_cov_107.055290_> (length 50)
prokka_out/CA139575:NODE_2_length_255618_cov_107.055290_> (length 691)
prokka_out/CA139575:NODE_2_length_255618_cov_107.055290_> (length 156)
prokka_out/CA139575:NODE_2_length_255618_cov_107.055290_> (length 128)
prokka_out/CA139575:NODE_2_length_255618_cov_107.055290_> (length 1516)
prokka_out/CA139575:NODE_2_length_255618_cov_107.055290_> (length 1375)
prokka_out/CA139575:NODE_2_length_255618_cov_107.055290_> (length 125)
prokka_out/CA139575:NODE_2_length_255618_cov_107.055290_> (length 159)
prokka_out/CA139575:NODE_2_length_255618_cov_107.055290_> (length 233)
prokka_out/CA139575:NODE_2_length_255618_cov_107.055290_> (length 141)
prokka_out/CA139575:NODE_2_length_255618_cov_107.055290_> (length 177)
prokka_out/CA139575:NODE_2_length_255618_cov_107.055290_> (length 59)
prokka_out/CA139575:NODE_2_length_255618_cov_107.055290_> (length 52)
prokka_out/CA139575:NODE_2_length_255618_cov_107.055290_> (length 399)
prokka_out/CA139575:NODE_2_length_255618_cov_107.055290_> (length 245)
prokka_out/CA139575:NODE_2_length_255618_cov_107.055290_> (length 218)
prokka_out/CA139575:NODE_2_length_255618_cov_107.055290_> (length 233)
prokka_out/CA139575:NODE_2_length_255618_cov_107.055290_> (length 198)
prokka_out/CA139575:NODE_2_length_255618_cov_107.055290_> (length 128)
prokka_out/CA139575:NODE_2_length_255618_cov_107.055290_> (length 604)
prokka_out/CA139575:NODE_2_length_255618_cov_107.055290_> (length 406)
prokka_out/CA139575:NODE_2_length_255618_cov_107.055290_> (length 348)
prokka_out/CA139575:NODE_2_length_255618_cov_107.055290_> (length 395)
prokka_out/CA139575:NODE_2_length_255618_cov_107.055290_> (length 362)
prokka_out/CA139575:NODE_2_length_255618_cov_107.055290_> (length 80)
prokka_out/CA139575:NODE_2_length_255618_cov_107.055290_> (length 433)
prokka_out/CA139575:NODE_2_length_255618_cov_107.055290_> (length 207)
prokka_out/CA139575:NODE_2_length_255618_cov_107.055290_> (length 328)
prokka_out/CA139575:NODE_2_length_255618_cov_107.055290_> (length 174)
prokka_out/CA139575:NODE_2_length_255618_cov_107.055290_> (length 172)
prokka_out/CA139575:NODE_2_length_255618_cov_107.055290_> (length 430)
prokka_out/CA139575:NODE_2_length_255618_cov_107.055290_> (length 253)
prokka_out/CA139575:NODE_2_length_255618_cov_107.055290_> (length 215)
prokka_out/CA139575:NODE_2_length_255618_cov_107.055290_> (length 64)
prokka_out/CA139575:NODE_2_length_255618_cov_107.055290_> (length 71)
prokka_out/CA139575:NODE_2_length_255618_cov_107.055290_> (length 364)
prokka_out/CA139575:NODE_2_length_255618_cov_107.055290_> (length 197)
prokka_out/CA139575:NODE_2_length_255618_cov_107.055290_> (length 687)
prokka_out/CA139575:NODE_2_length_255618_cov_107.055290_> (length 277)
prokka_out/CA139575:NODE_2_length_255618_cov_107.055290_> (length 390)
prokka_out/CA139575:NODE_2_length_255618_cov_107.055290_> (length 276)
prokka_out/CA139575:NODE_2_length_255618_cov_107.055290_> (length 414)
prokka_out/CA139575:NODE_2_length_255618_cov_107.055290_> (length 312)
prokka_out/CA139575:NODE_2_length_255618_cov_107.055290_> (length 404)
prokka_out/CA139575:NODE_2_length_255618_cov_107.055290_> (length 77)
prokka_out/CA139575:NODE_2_length_255618_cov_107.055290_> (length 221)
prokka_out/CA139575:NODE_2_length_255618_cov_107.055290_> (length 135)
prokka_out/CA139575:NODE_2_length_255618_cov_107.055290_> (length 247)
prokka_out/CA139575:NODE_2_length_255618_cov_107.055290_> (length 492)
prokka_out/CA139575:NODE_2_length_255618_cov_107.055290_> (length 353)
prokka_out/CA139575:NODE_2_length_255618_cov_107.055290_> (length 402)
prokka_out/CA139575:NODE_3_length_216379_cov_110.237168 (length 216379)
prokka_out/CA139575:NODE_3_length_216379_cov_110.237168_1 (length 115)
prokka_out/CA139575:NODE_3_length_216379_cov_110.237168_2 (length 838)
prokka_out/CA139575:NODE_3_length_216379_cov_110.237168_3 (length 190)
prokka_out/CA139575:NODE_3_length_216379_cov_110.237168_4 (length 270)
prokka_out/CA139575:NODE_3_length_216379_cov_110.237168_5 (length 445)
prokka_out/CA139575:NODE_3_length_216379_cov_110.237168_6 (length 242)
prokka_out/CA139575:NODE_3_length_216379_cov_110.237168_7 (length 393)
prokka_out/CA139575:NODE_3_length_216379_cov_110.237168_8 (length 382)
prokka_out/CA139575:NODE_3_length_216379_cov_110.237168_9 (length 117)
prokka_out/CA139575:NODE_3_length_216379_cov_110.237168_> (length 1750)
prokka_out/CA139575:NODE_3_length_216379_cov_110.237168_> (length 740)
prokka_out/CA139575:NODE_3_length_216379_cov_110.237168_> (length 173)
prokka_out/CA139575:NODE_3_length_216379_cov_110.237168_> (length 133)
prokka_out/CA139575:NODE_3_length_216379_cov_110.237168_> (length 344)
prokka_out/CA139575:NODE_3_length_216379_cov_110.237168_> (length 267)
prokka_out/CA139575:NODE_3_length_216379_cov_110.237168_> (length 602)
prokka_out/CA139575:NODE_3_length_216379_cov_110.237168_> (length 172)
prokka_out/CA139575:NODE_3_length_216379_cov_110.237168_> (length 367)
prokka_out/CA139575:NODE_3_length_216379_cov_110.237168_> (length 342)
prokka_out/CA139575:NODE_3_length_216379_cov_110.237168_> (length 148)
prokka_out/CA139575:NODE_3_length_216379_cov_110.237168_> (length 279)
prokka_out/CA139575:NODE_3_length_216379_cov_110.237168_> (length 394)
prokka_out/CA139575:NODE_3_length_216379_cov_110.237168_> (length 209)
prokka_out/CA139575:NODE_3_length_216379_cov_110.237168_> (length 179)
prokka_out/CA139575:NODE_3_length_216379_cov_110.237168_> (length 462)
prokka_out/CA139575:NODE_3_length_216379_cov_110.237168_> (length 340)
prokka_out/CA139575:NODE_3_length_216379_cov_110.237168_> (length 136)
prokka_out/CA139575:NODE_3_length_216379_cov_110.237168_> (length 202)
prokka_out/CA139575:NODE_3_length_216379_cov_110.237168_> (length 185)
prokka_out/CA139575:NODE_3_length_216379_cov_110.237168_> (length 118)
prokka_out/CA139575:NODE_3_length_216379_cov_110.237168_> (length 231)
prokka_out/CA139575:NODE_3_length_216379_cov_110.237168_> (length 211)
prokka_out/CA139575:NODE_3_length_216379_cov_110.237168_> (length 627)
prokka_out/CA139575:NODE_3_length_216379_cov_110.237168_> (length 323)
prokka_out/CA139575:NODE_3_length_216379_cov_110.237168_> (length 393)
prokka_out/CA139575:NODE_3_length_216379_cov_110.237168_> (length 388)
prokka_out/CA139575:NODE_3_length_216379_cov_110.237168_> (length 63)
prokka_out/CA139575:NODE_3_length_216379_cov_110.237168_> (length 117)
prokka_out/CA139575:NODE_3_length_216379_cov_110.237168_> (length 287)
prokka_out/CA139575:NODE_3_length_216379_cov_110.237168_> (length 94)
prokka_out/CA139575:NODE_3_length_216379_cov_110.237168_> (length 436)
prokka_out/CA139575:NODE_3_length_216379_cov_110.237168_> (length 50)
prokka_out/CA139575:NODE_3_length_216379_cov_110.237168_> (length 157)
prokka_out/CA139575:NODE_3_length_216379_cov_110.237168_> (length 87)
prokka_out/CA139575:NODE_3_length_216379_cov_110.237168_> (length 378)
prokka_out/CA139575:NODE_3_length_216379_cov_110.237168_> (length 252)
prokka_out/CA139575:NODE_3_length_216379_cov_110.237168_> (length 515)
prokka_out/CA139575:NODE_3_length_216379_cov_110.237168_> (length 118)
prokka_out/CA139575:NODE_3_length_216379_cov_110.237168_> (length 80)
prokka_out/CA139575:NODE_3_length_216379_cov_110.237168_> (length 334)
prokka_out/CA139575:NODE_3_length_216379_cov_110.237168_> (length 124)
prokka_out/CA139575:NODE_3_length_216379_cov_110.237168_> (length 236)
prokka_out/CA139575:NODE_3_length_216379_cov_110.237168_> (length 705)
prokka_out/CA139575:NODE_3_length_216379_cov_110.237168_> (length 169)
prokka_out/CA139575:NODE_3_length_216379_cov_110.237168_> (length 176)
prokka_out/CA139575:NODE_3_length_216379_cov_110.237168_> (length 360)
prokka_out/CA139575:NODE_3_length_216379_cov_110.237168_> (length 304)
prokka_out/CA139575:NODE_3_length_216379_cov_110.237168_> (length 68)
prokka_out/CA139575:NODE_3_length_216379_cov_110.237168_> (length 152)
prokka_out/CA139575:NODE_3_length_216379_cov_110.237168_> (length 363)
prokka_out/CA139575:NODE_3_length_216379_cov_110.237168_> (length 146)
prokka_out/CA139575:NODE_3_length_216379_cov_110.237168_> (length 263)
prokka_out/CA139575:NODE_3_length_216379_cov_110.237168_> (length 407)
prokka_out/CA139575:NODE_3_length_216379_cov_110.237168_> (length 346)
prokka_out/CA139575:NODE_3_length_216379_cov_110.237168_> (length 249)
prokka_out/CA139575:NODE_3_length_216379_cov_110.237168_> (length 307)
prokka_out/CA139575:NODE_3_length_216379_cov_110.237168_> (length 635)
prokka_out/CA139575:NODE_3_length_216379_cov_110.237168_> (length 291)
prokka_out/CA139575:NODE_3_length_216379_cov_110.237168_> (length 375)
prokka_out/CA139575:NODE_3_length_216379_cov_110.237168_> (length 484)
prokka_out/CA139575:NODE_3_length_216379_cov_110.237168_> (length 313)
prokka_out/CA139575:NODE_3_length_216379_cov_110.237168_> (length 297)
prokka_out/CA139575:NODE_3_length_216379_cov_110.237168_> (length 67)
prokka_out/CA139575:NODE_3_length_216379_cov_110.237168_> (length 61)
prokka_out/CA139575:NODE_3_length_216379_cov_110.237168_> (length 115)
prokka_out/CA139575:NODE_3_length_216379_cov_110.237168_> (length 84)
prokka_out/CA139575:NODE_3_length_216379_cov_110.237168_> (length 1089)
prokka_out/CA139575:NODE_3_length_216379_cov_110.237168_> (length 140)
prokka_out/CA139575:NODE_3_length_216379_cov_110.237168_> (length 328)
prokka_out/CA139575:NODE_3_length_216379_cov_110.237168_> (length 207)
prokka_out/CA139575:NODE_3_length_216379_cov_110.237168_> (length 173)
prokka_out/CA139575:NODE_3_length_216379_cov_110.237168_> (length 764)
prokka_out/CA139575:NODE_3_length_216379_cov_110.237168_> (length 318)
prokka_out/CA139575:NODE_3_length_216379_cov_110.237168_> (length 211)
prokka_out/CA139575:NODE_3_length_216379_cov_110.237168_> (length 161)
prokka_out/CA139575:NODE_3_length_216379_cov_110.237168_> (length 363)
prokka_out/CA139575:NODE_3_length_216379_cov_110.237168_> (length 294)
prokka_out/CA139575:NODE_3_length_216379_cov_110.237168_> (length 65)
prokka_out/CA139575:NODE_3_length_216379_cov_110.237168_> (length 125)
prokka_out/CA139575:NODE_3_length_216379_cov_110.237168_> (length 267)
prokka_out/CA139575:NODE_3_length_216379_cov_110.237168_> (length 258)
prokka_out/CA139575:NODE_3_length_216379_cov_110.237168_> (length 80)
prokka_out/CA139575:NODE_3_length_216379_cov_110.237168_> (length 126)
prokka_out/CA139575:NODE_3_length_216379_cov_110.237168_> (length 144)
prokka_out/CA139575:NODE_3_length_216379_cov_110.237168_> (length 257)
prokka_out/CA139575:NODE_3_length_216379_cov_110.237168_> (length 218)
prokka_out/CA139575:NODE_3_length_216379_cov_110.237168_> (length 150)
prokka_out/CA139575:NODE_3_length_216379_cov_110.237168_> (length 126)
prokka_out/CA139575:NODE_3_length_216379_cov_110.237168_> (length 282)
prokka_out/CA139575:NODE_3_length_216379_cov_110.237168_> (length 274)
prokka_out/CA139575:NODE_3_length_216379_cov_110.237168_> (length 257)
prokka_out/CA139575:NODE_3_length_216379_cov_110.237168_> (length 294)
prokka_out/CA139575:NODE_3_length_216379_cov_110.237168_> (length 222)
prokka_out/CA139575:NODE_3_length_216379_cov_110.237168_> (length 133)
prokka_out/CA139575:NODE_3_length_216379_cov_110.237168_> (length 249)
prokka_out/CA139575:NODE_3_length_216379_cov_110.237168_> (length 228)
prokka_out/CA139575:NODE_3_length_216379_cov_110.237168_> (length 203)
prokka_out/CA139575:NODE_3_length_216379_cov_110.237168_> (length 380)
prokka_out/CA139575:NODE_3_length_216379_cov_110.237168_> (length 427)
prokka_out/CA139575:NODE_3_length_216379_cov_110.237168_> (length 201)
prokka_out/CA139575:NODE_3_length_216379_cov_110.237168_> (length 104)
prokka_out/CA139575:NODE_3_length_216379_cov_110.237168_> (length 108)
prokka_out/CA139575:NODE_3_length_216379_cov_110.237168_> (length 178)
prokka_out/CA139575:NODE_3_length_216379_cov_110.237168_> (length 180)
prokka_out/CA139575:NODE_3_length_216379_cov_110.237168_> (length 352)
prokka_out/CA139575:NODE_3_length_216379_cov_110.237168_> (length 402)
prokka_out/CA139575:NODE_3_length_216379_cov_110.237168_> (length 255)
prokka_out/CA139575:NODE_3_length_216379_cov_110.237168_> (length 359)
prokka_out/CA139575:NODE_3_length_216379_cov_110.237168_> (length 364)
prokka_out/CA139575:NODE_3_length_216379_cov_110.237168_> (length 560)
prokka_out/CA139575:NODE_3_length_216379_cov_110.237168_> (length 342)
prokka_out/CA139575:NODE_3_length_216379_cov_110.237168_> (length 276)
prokka_out/CA139575:NODE_3_length_216379_cov_110.237168_> (length 625)
prokka_out/CA139575:NODE_3_length_216379_cov_110.237168_> (length 136)
prokka_out/CA139575:NODE_3_length_216379_cov_110.237168_> (length 400)
prokka_out/CA139575:NODE_3_length_216379_cov_110.237168_> (length 235)
prokka_out/CA139575:NODE_3_length_216379_cov_110.237168_> (length 497)
prokka_out/CA139575:NODE_3_length_216379_cov_110.237168_> (length 147)
prokka_out/CA139575:NODE_3_length_216379_cov_110.237168_> (length 321)
prokka_out/CA139575:NODE_3_length_216379_cov_110.237168_> (length 387)
prokka_out/CA139575:NODE_3_length_216379_cov_110.237168_> (length 358)
prokka_out/CA139575:NODE_3_length_216379_cov_110.237168_> (length 325)
prokka_out/CA139575:NODE_3_length_216379_cov_110.237168_> (length 328)
prokka_out/CA139575:NODE_3_length_216379_cov_110.237168_> (length 48)
prokka_out/CA139575:NODE_3_length_216379_cov_110.237168_> (length 119)
prokka_out/CA139575:NODE_3_length_216379_cov_110.237168_> (length 137)
prokka_out/CA139575:NODE_3_length_216379_cov_110.237168_> (length 94)
prokka_out/CA139575:NODE_3_length_216379_cov_110.237168_> (length 198)
prokka_out/CA139575:NODE_3_length_216379_cov_110.237168_> (length 362)
prokka_out/CA139575:NODE_3_length_216379_cov_110.237168_> (length 243)
prokka_out/CA139575:NODE_3_length_216379_cov_110.237168_> (length 258)
prokka_out/CA139575:NODE_3_length_216379_cov_110.237168_> (length 879)
prokka_out/CA139575:NODE_3_length_216379_cov_110.237168_> (length 147)
prokka_out/CA139575:NODE_3_length_216379_cov_110.237168_> (length 196)
prokka_out/CA139575:NODE_3_length_216379_cov_110.237168_> (length 225)
prokka_out/CA139575:NODE_3_length_216379_cov_110.237168_> (length 177)
prokka_out/CA139575:NODE_3_length_216379_cov_110.237168_> (length 940)
prokka_out/CA139575:NODE_3_length_216379_cov_110.237168_> (length 261)
prokka_out/CA139575:NODE_3_length_216379_cov_110.237168_> (length 413)
prokka_out/CA139575:NODE_3_length_216379_cov_110.237168_> (length 530)
prokka_out/CA139575:NODE_3_length_216379_cov_110.237168_> (length 199)
prokka_out/CA139575:NODE_3_length_216379_cov_110.237168_> (length 392)
prokka_out/CA139575:NODE_3_length_216379_cov_110.237168_> (length 249)
prokka_out/CA139575:NODE_3_length_216379_cov_110.237168_> (length 140)
prokka_out/CA139575:NODE_3_length_216379_cov_110.237168_> (length 102)
prokka_out/CA139575:NODE_3_length_216379_cov_110.237168_> (length 263)
prokka_out/CA139575:NODE_3_length_216379_cov_110.237168_> (length 486)
prokka_out/CA139575:NODE_3_length_216379_cov_110.237168_> (length 81)
prokka_out/CA139575:NODE_3_length_216379_cov_110.237168_> (length 223)
prokka_out/CA139575:NODE_3_length_216379_cov_110.237168_> (length 105)
prokka_out/CA139575:NODE_3_length_216379_cov_110.237168_> (length 203)
prokka_out/CA139575:NODE_3_length_216379_cov_110.237168_> (length 341)
prokka_out/CA139575:NODE_3_length_216379_cov_110.237168_> (length 446)
prokka_out/CA139575:NODE_3_length_216379_cov_110.237168_> (length 156)
prokka_out/CA139575:NODE_3_length_216379_cov_110.237168_> (length 150)
prokka_out/CA139575:NODE_3_length_216379_cov_110.237168_> (length 436)
prokka_out/CA139575:NODE_3_length_216379_cov_110.237168_> (length 83)
prokka_out/CA139575:NODE_3_length_216379_cov_110.237168_> (length 492)
prokka_out/CA139575:NODE_3_length_216379_cov_110.237168_> (length 1040)
prokka_out/CA139575:NODE_3_length_216379_cov_110.237168_> (length 367)
prokka_out/CA139575:NODE_3_length_216379_cov_110.237168_> (length 211)
prokka_out/CA139575:NODE_3_length_216379_cov_110.237168_> (length 458)
prokka_out/CA139575:NODE_3_length_216379_cov_110.237168_> (length 70)
prokka_out/CA139575:NODE_3_length_216379_cov_110.237168_> (length 201)
prokka_out/CA139575:NODE_3_length_216379_cov_110.237168_> (length 389)
prokka_out/CA139575:NODE_3_length_216379_cov_110.237168_> (length 311)
prokka_out/CA139575:NODE_3_length_216379_cov_110.237168_> (length 163)
prokka_out/CA139575:NODE_3_length_216379_cov_110.237168_> (length 161)
prokka_out/CA139575:NODE_3_length_216379_cov_110.237168_> (length 273)
prokka_out/CA139575:NODE_3_length_216379_cov_110.237168_> (length 570)
prokka_out/CA139575:NODE_3_length_216379_cov_110.237168_> (length 182)
prokka_out/CA139575:NODE_3_length_216379_cov_110.237168_> (length 297)
prokka_out/CA139575:NODE_3_length_216379_cov_110.237168_> (length 259)
prokka_out/CA139575:NODE_3_length_216379_cov_110.237168_> (length 279)
prokka_out/CA139575:NODE_3_length_216379_cov_110.237168_> (length 132)
prokka_out/CA139575:NODE_3_length_216379_cov_110.237168_> (length 154)
prokka_out/CA139575:NODE_3_length_216379_cov_110.237168_> (length 270)
prokka_out/CA139575:NODE_3_length_216379_cov_110.237168_> (length 310)
prokka_out/CA139575:NODE_3_length_216379_cov_110.237168_> (length 460)
prokka_out/CA139575:NODE_3_length_216379_cov_110.237168_> (length 165)
prokka_out/CA139575:NODE_3_length_216379_cov_110.237168_> (length 319)
prokka_out/CA139575:NODE_3_length_216379_cov_110.237168_> (length 411)
prokka_out/CA139575:NODE_3_length_216379_cov_110.237168_> (length 820)
prokka_out/CA139575:NODE_3_length_216379_cov_110.237168_> (length 208)
prokka_out/CA139575:NODE_3_length_216379_cov_110.237168_> (length 480)
prokka_out/CA139575:NODE_3_length_216379_cov_110.237168_> (length 448)
prokka_out/CA139575:NODE_3_length_216379_cov_110.237168_> (length 209)
prokka_out/CA139575:NODE_3_length_216379_cov_110.237168_> (length 95)
prokka_out/CA139575:NODE_3_length_216379_cov_110.237168_> (length 332)
prokka_out/CA139575:NODE_3_length_216379_cov_110.237168_> (length 192)
prokka_out/CA139575:NODE_3_length_216379_cov_110.237168_> (length 95)
prokka_out/CA139575:NODE_3_length_216379_cov_110.237168_> (length 186)
prokka_out/CA139575:NODE_3_length_216379_cov_110.237168_> (length 156)
prokka_out/CA139575:NODE_3_length_216379_cov_110.237168_> (length 502)
prokka_out/CA139575:NODE_3_length_216379_cov_110.237168_> (length 414)
prokka_out/CA139575:NODE_3_length_216379_cov_110.237168_> (length 181)
prokka_out/CA139575:NODE_3_length_216379_cov_110.237168_> (length 275)
prokka_out/CA139575:NODE_3_length_216379_cov_110.237168_> (length 263)
prokka_out/CA139575:NODE_3_length_216379_cov_110.237168_> (length 301)
prokka_out/CA139575:NODE_3_length_216379_cov_110.237168_> (length 271)
prokka_out/CA139575:NODE_3_length_216379_cov_110.237168_> (length 261)
prokka_out/CA139575:NODE_3_length_216379_cov_110.237168_> (length 663)
prokka_out/CA139575:NODE_3_length_216379_cov_110.237168_> (length 241)
prokka_out/CA139575:NODE_3_length_216379_cov_110.237168_> (length 728)
prokka_out/CA139575:NODE_3_length_216379_cov_110.237168_> (length 610)
prokka_out/CA139575:NODE_3_length_216379_cov_110.237168_> (length 234)
prokka_out/CA139575:NODE_3_length_216379_cov_110.237168_> (length 226)
prokka_out/CA139575:NODE_3_length_216379_cov_110.237168_> (length 120)
prokka_out/CA139575:NODE_3_length_216379_cov_110.237168_> (length 190)
prokka_out/CA139575:NODE_3_length_216379_cov_110.237168_> (length 318)
prokka_out/CA139575:NODE_3_length_216379_cov_110.237168_> (length 69)
prokka_out/CA139575:NODE_3_length_216379_cov_110.237168_> (length 140)
prokka_out/CA139575:NODE_3_length_216379_cov_110.237168_> (length 117)
prokka_out/CA139575:NODE_3_length_216379_cov_110.237168_> (length 68)
prokka_out/CA139575:NODE_3_length_216379_cov_110.237168_> (length 99)
prokka_out/CA139575:NODE_3_length_216379_cov_110.237168_> (length 525)
prokka_out/CA139575:NODE_3_length_216379_cov_110.237168_> (length 110)
prokka_out/CA139575:NODE_3_length_216379_cov_110.237168_> (length 125)
prokka_out/CA139575:NODE_3_length_216379_cov_110.237168_> (length 194)
prokka_out/CA139575:NODE_3_length_216379_cov_110.237168_> (length 407)
prokka_out/CA139575:NODE_3_length_216379_cov_110.237168_> (length 255)
prokka_out/CA139575:NODE_3_length_216379_cov_110.237168_> (length 545)
prokka_out/CA139575:NODE_4_length_167782_cov_107.829555 (length 167782)
prokka_out/CA139575:NODE_4_length_167782_cov_107.829555_1 (length 66)
prokka_out/CA139575:NODE_4_length_167782_cov_107.829555_2 (length 788)
prokka_out/CA139575:NODE_4_length_167782_cov_107.829555_3 (length 457)
prokka_out/CA139575:NODE_4_length_167782_cov_107.829555_4 (length 496)
prokka_out/CA139575:NODE_4_length_167782_cov_107.829555_5 (length 596)
prokka_out/CA139575:NODE_4_length_167782_cov_107.829555_6 (length 97)
prokka_out/CA139575:NODE_4_length_167782_cov_107.829555_7 (length 171)
prokka_out/CA139575:NODE_4_length_167782_cov_107.829555_8 (length 221)
prokka_out/CA139575:NODE_4_length_167782_cov_107.829555_9 (length 332)
prokka_out/CA139575:NODE_4_length_167782_cov_107.829555_> (length 820)
prokka_out/CA139575:NODE_4_length_167782_cov_107.829555_> (length 230)
prokka_out/CA139575:NODE_4_length_167782_cov_107.829555_> (length 75)
prokka_out/CA139575:NODE_4_length_167782_cov_107.829555_> (length 408)
prokka_out/CA139575:NODE_4_length_167782_cov_107.829555_> (length 263)
prokka_out/CA139575:NODE_4_length_167782_cov_107.829555_> (length 167)
prokka_out/CA139575:NODE_4_length_167782_cov_107.829555_> (length 129)
prokka_out/CA139575:NODE_4_length_167782_cov_107.829555_> (length 221)
prokka_out/CA139575:NODE_4_length_167782_cov_107.829555_> (length 236)
prokka_out/CA139575:NODE_4_length_167782_cov_107.829555_> (length 251)
prokka_out/CA139575:NODE_4_length_167782_cov_107.829555_> (length 314)
prokka_out/CA139575:NODE_4_length_167782_cov_107.829555_> (length 512)
prokka_out/CA139575:NODE_4_length_167782_cov_107.829555_> (length 925)
prokka_out/CA139575:NODE_4_length_167782_cov_107.829555_> (length 140)
prokka_out/CA139575:NODE_4_length_167782_cov_107.829555_> (length 543)
prokka_out/CA139575:NODE_4_length_167782_cov_107.829555_> (length 435)
prokka_out/CA139575:NODE_4_length_167782_cov_107.829555_> (length 72)
prokka_out/CA139575:NODE_4_length_167782_cov_107.829555_> (length 144)
prokka_out/CA139575:NODE_4_length_167782_cov_107.829555_> (length 52)
prokka_out/CA139575:NODE_4_length_167782_cov_107.829555_> (length 386)
prokka_out/CA139575:NODE_4_length_167782_cov_107.829555_> (length 205)
prokka_out/CA139575:NODE_4_length_167782_cov_107.829555_> (length 261)
prokka_out/CA139575:NODE_4_length_167782_cov_107.829555_> (length 162)
prokka_out/CA139575:NODE_4_length_167782_cov_107.829555_> (length 286)
prokka_out/CA139575:NODE_4_length_167782_cov_107.829555_> (length 72)
prokka_out/CA139575:NODE_4_length_167782_cov_107.829555_> (length 121)
prokka_out/CA139575:NODE_4_length_167782_cov_107.829555_> (length 130)
prokka_out/CA139575:NODE_4_length_167782_cov_107.829555_> (length 208)
prokka_out/CA139575:NODE_4_length_167782_cov_107.829555_> (length 337)
prokka_out/CA139575:NODE_4_length_167782_cov_107.829555_> (length 117)
prokka_out/CA139575:NODE_4_length_167782_cov_107.829555_> (length 299)
prokka_out/CA139575:NODE_4_length_167782_cov_107.829555_> (length 428)
prokka_out/CA139575:NODE_4_length_167782_cov_107.829555_> (length 353)
prokka_out/CA139575:NODE_4_length_167782_cov_107.829555_> (length 195)
prokka_out/CA139575:NODE_4_length_167782_cov_107.829555_> (length 242)
prokka_out/CA139575:NODE_4_length_167782_cov_107.829555_> (length 255)
prokka_out/CA139575:NODE_4_length_167782_cov_107.829555_> (length 207)
prokka_out/CA139575:NODE_4_length_167782_cov_107.829555_> (length 171)
prokka_out/CA139575:NODE_4_length_167782_cov_107.829555_> (length 387)
prokka_out/CA139575:NODE_4_length_167782_cov_107.829555_> (length 368)
prokka_out/CA139575:NODE_4_length_167782_cov_107.829555_> (length 371)
prokka_out/CA139575:NODE_4_length_167782_cov_107.829555_> (length 295)
prokka_out/CA139575:NODE_4_length_167782_cov_107.829555_> (length 386)
prokka_out/CA139575:NODE_4_length_167782_cov_107.829555_> (length 166)
prokka_out/CA139575:NODE_4_length_167782_cov_107.829555_> (length 87)
prokka_out/CA139575:NODE_4_length_167782_cov_107.829555_> (length 355)
prokka_out/CA139575:NODE_4_length_167782_cov_107.829555_> (length 251)
prokka_out/CA139575:NODE_4_length_167782_cov_107.829555_> (length 702)
prokka_out/CA139575:NODE_4_length_167782_cov_107.829555_> (length 333)
prokka_out/CA139575:NODE_4_length_167782_cov_107.829555_> (length 259)
prokka_out/CA139575:NODE_4_length_167782_cov_107.829555_> (length 268)
prokka_out/CA139575:NODE_4_length_167782_cov_107.829555_> (length 285)
prokka_out/CA139575:NODE_4_length_167782_cov_107.829555_> (length 420)
prokka_out/CA139575:NODE_4_length_167782_cov_107.829555_> (length 339)
prokka_out/CA139575:NODE_4_length_167782_cov_107.829555_> (length 228)
prokka_out/CA139575:NODE_4_length_167782_cov_107.829555_> (length 112)
prokka_out/CA139575:NODE_4_length_167782_cov_107.829555_> (length 78)
prokka_out/CA139575:NODE_4_length_167782_cov_107.829555_> (length 252)
prokka_out/CA139575:NODE_4_length_167782_cov_107.829555_> (length 109)
prokka_out/CA139575:NODE_4_length_167782_cov_107.829555_> (length 577)
prokka_out/CA139575:NODE_4_length_167782_cov_107.829555_> (length 326)
prokka_out/CA139575:NODE_4_length_167782_cov_107.829555_> (length 173)
prokka_out/CA139575:NODE_4_length_167782_cov_107.829555_> (length 454)
prokka_out/CA139575:NODE_4_length_167782_cov_107.829555_> (length 440)
prokka_out/CA139575:NODE_4_length_167782_cov_107.829555_> (length 138)
prokka_out/CA139575:NODE_4_length_167782_cov_107.829555_> (length 245)
prokka_out/CA139575:NODE_4_length_167782_cov_107.829555_> (length 141)
prokka_out/CA139575:NODE_4_length_167782_cov_107.829555_> (length 129)
prokka_out/CA139575:NODE_4_length_167782_cov_107.829555_> (length 289)
prokka_out/CA139575:NODE_4_length_167782_cov_107.829555_> (length 53)
prokka_out/CA139575:NODE_4_length_167782_cov_107.829555_> (length 327)
prokka_out/CA139575:NODE_4_length_167782_cov_107.829555_> (length 447)
prokka_out/CA139575:NODE_4_length_167782_cov_107.829555_> (length 695)
prokka_out/CA139575:NODE_4_length_167782_cov_107.829555_> (length 875)
prokka_out/CA139575:NODE_4_length_167782_cov_107.829555_> (length 182)
prokka_out/CA139575:NODE_4_length_167782_cov_107.829555_> (length 363)
prokka_out/CA139575:NODE_4_length_167782_cov_107.829555_> (length 224)
prokka_out/CA139575:NODE_4_length_167782_cov_107.829555_> (length 146)
prokka_out/CA139575:NODE_4_length_167782_cov_107.829555_> (length 327)
prokka_out/CA139575:NODE_4_length_167782_cov_107.829555_> (length 608)
prokka_out/CA139575:NODE_4_length_167782_cov_107.829555_> (length 89)
prokka_out/CA139575:NODE_4_length_167782_cov_107.829555_> (length 185)
prokka_out/CA139575:NODE_4_length_167782_cov_107.829555_> (length 427)
prokka_out/CA139575:NODE_4_length_167782_cov_107.829555_> (length 101)
prokka_out/CA139575:NODE_4_length_167782_cov_107.829555_> (length 363)
prokka_out/CA139575:NODE_4_length_167782_cov_107.829555_> (length 279)
prokka_out/CA139575:NODE_4_length_167782_cov_107.829555_> (length 632)
prokka_out/CA139575:NODE_4_length_167782_cov_107.829555_> (length 371)
prokka_out/CA139575:NODE_4_length_167782_cov_107.829555_> (length 240)
prokka_out/CA139575:NODE_4_length_167782_cov_107.829555_> (length 298)
prokka_out/CA139575:NODE_4_length_167782_cov_107.829555_> (length 200)
prokka_out/CA139575:NODE_4_length_167782_cov_107.829555_> (length 166)
prokka_out/CA139575:NODE_4_length_167782_cov_107.829555_> (length 252)
prokka_out/CA139575:NODE_4_length_167782_cov_107.829555_> (length 247)
prokka_out/CA139575:NODE_4_length_167782_cov_107.829555_> (length 154)
prokka_out/CA139575:NODE_4_length_167782_cov_107.829555_> (length 389)
prokka_out/CA139575:NODE_4_length_167782_cov_107.829555_> (length 382)
prokka_out/CA139575:NODE_4_length_167782_cov_107.829555_> (length 60)
prokka_out/CA139575:NODE_4_length_167782_cov_107.829555_> (length 689)
prokka_out/CA139575:NODE_4_length_167782_cov_107.829555_> (length 179)
prokka_out/CA139575:NODE_4_length_167782_cov_107.829555_> (length 467)
prokka_out/CA139575:NODE_4_length_167782_cov_107.829555_> (length 431)
prokka_out/CA139575:NODE_4_length_167782_cov_107.829555_> (length 372)
prokka_out/CA139575:NODE_4_length_167782_cov_107.829555_> (length 215)
prokka_out/CA139575:NODE_4_length_167782_cov_107.829555_> (length 162)
prokka_out/CA139575:NODE_4_length_167782_cov_107.829555_> (length 167)
prokka_out/CA139575:NODE_4_length_167782_cov_107.829555_> (length 345)
prokka_out/CA139575:NODE_4_length_167782_cov_107.829555_> (length 84)
prokka_out/CA139575:NODE_4_length_167782_cov_107.829555_> (length 102)
prokka_out/CA139575:NODE_4_length_167782_cov_107.829555_> (length 328)
prokka_out/CA139575:NODE_4_length_167782_cov_107.829555_> (length 207)
prokka_out/CA139575:NODE_4_length_167782_cov_107.829555_> (length 450)
prokka_out/CA139575:NODE_4_length_167782_cov_107.829555_> (length 445)
prokka_out/CA139575:NODE_4_length_167782_cov_107.829555_> (length 468)
prokka_out/CA139575:NODE_4_length_167782_cov_107.829555_> (length 231)
prokka_out/CA139575:NODE_4_length_167782_cov_107.829555_> (length 230)
prokka_out/CA139575:NODE_4_length_167782_cov_107.829555_> (length 66)
prokka_out/CA139575:NODE_4_length_167782_cov_107.829555_> (length 207)
prokka_out/CA139575:NODE_4_length_167782_cov_107.829555_> (length 34)
prokka_out/CA139575:NODE_4_length_167782_cov_107.829555_> (length 374)
prokka_out/CA139575:NODE_4_length_167782_cov_107.829555_> (length 520)
prokka_out/CA139575:NODE_4_length_167782_cov_107.829555_> (length 76)
prokka_out/CA139575:NODE_4_length_167782_cov_107.829555_> (length 555)
prokka_out/CA139575:NODE_4_length_167782_cov_107.829555_> (length 245)
prokka_out/CA139575:NODE_4_length_167782_cov_107.829555_> (length 479)
prokka_out/CA139575:NODE_4_length_167782_cov_107.829555_> (length 218)
prokka_out/CA139575:NODE_4_length_167782_cov_107.829555_> (length 229)
prokka_out/CA139575:NODE_4_length_167782_cov_107.829555_> (length 203)
prokka_out/CA139575:NODE_4_length_167782_cov_107.829555_> (length 343)
prokka_out/CA139575:NODE_4_length_167782_cov_107.829555_> (length 298)
prokka_out/CA139575:NODE_4_length_167782_cov_107.829555_> (length 409)
prokka_out/CA139575:NODE_4_length_167782_cov_107.829555_> (length 162)
prokka_out/CA139575:NODE_4_length_167782_cov_107.829555_> (length 160)
prokka_out/CA139575:NODE_4_length_167782_cov_107.829555_> (length 476)
prokka_out/CA139575:NODE_4_length_167782_cov_107.829555_> (length 288)
prokka_out/CA139575:NODE_4_length_167782_cov_107.829555_> (length 118)
prokka_out/CA139575:NODE_4_length_167782_cov_107.829555_> (length 230)
prokka_out/CA139575:NODE_4_length_167782_cov_107.829555_> (length 358)
prokka_out/CA139575:NODE_4_length_167782_cov_107.829555_> (length 278)
prokka_out/CA139575:NODE_4_length_167782_cov_107.829555_> (length 199)
prokka_out/CA139575:NODE_4_length_167782_cov_107.829555_> (length 82)
prokka_out/CA139575:NODE_4_length_167782_cov_107.829555_> (length 175)
prokka_out/CA139575:NODE_4_length_167782_cov_107.829555_> (length 215)
prokka_out/CA139575:NODE_4_length_167782_cov_107.829555_> (length 262)
prokka_out/CA139575:NODE_4_length_167782_cov_107.829555_> (length 201)
prokka_out/CA139575:NODE_4_length_167782_cov_107.829555_> (length 338)
prokka_out/CA139575:NODE_4_length_167782_cov_107.829555_> (length 116)
prokka_out/CA139575:NODE_4_length_167782_cov_107.829555_> (length 79)
prokka_out/CA139575:NODE_4_length_167782_cov_107.829555_> (length 74)
prokka_out/CA139575:NODE_4_length_167782_cov_107.829555_> (length 116)
prokka_out/CA139575:NODE_4_length_167782_cov_107.829555_> (length 101)
prokka_out/CA139575:NODE_4_length_167782_cov_107.829555_> (length 239)
prokka_out/CA139575:NODE_4_length_167782_cov_107.829555_> (length 623)
prokka_out/CA139575:NODE_4_length_167782_cov_107.829555_> (length 545)
prokka_out/CA139575:NODE_4_length_167782_cov_107.829555_> (length 294)
prokka_out/CA139575:NODE_4_length_167782_cov_107.829555_> (length 628)
prokka_out/CA139575:NODE_4_length_167782_cov_107.829555_> (length 107)
prokka_out/CA139575:NODE_4_length_167782_cov_107.829555_> (length 602)
prokka_out/CA139575:NODE_4_length_167782_cov_107.829555_> (length 216)
prokka_out/CA139575:NODE_4_length_167782_cov_107.829555_> (length 449)
prokka_out/CA139575:NODE_4_length_167782_cov_107.829555_> (length 402)
prokka_out/CA139575:NODE_4_length_167782_cov_107.829555_> (length 233)
prokka_out/CA139575:NODE_4_length_167782_cov_107.829555_> (length 162)
prokka_out/CA139575:NODE_4_length_167782_cov_107.829555_> (length 1269)
prokka_out/CA139575:NODE_4_length_167782_cov_107.829555_> (length 929)
prokka_out/CA139575:NODE_5_length_155382_cov_111.273969 (length 155382)
prokka_out/CA139575:NODE_5_length_155382_cov_111.273969_1 (length 142)
prokka_out/CA139575:NODE_5_length_155382_cov_111.273969_2 (length 252)
prokka_out/CA139575:NODE_5_length_155382_cov_111.273969_3 (length 140)
prokka_out/CA139575:NODE_5_length_155382_cov_111.273969_4 (length 105)
prokka_out/CA139575:NODE_5_length_155382_cov_111.273969_5 (length 315)
prokka_out/CA139575:NODE_5_length_155382_cov_111.273969_6 (length 323)
prokka_out/CA139575:NODE_5_length_155382_cov_111.273969_7 (length 169)
prokka_out/CA139575:NODE_5_length_155382_cov_111.273969_8 (length 371)
prokka_out/CA139575:NODE_5_length_155382_cov_111.273969_9 (length 200)
prokka_out/CA139575:NODE_5_length_155382_cov_111.273969_> (length 495)
prokka_out/CA139575:NODE_5_length_155382_cov_111.273969_> (length 356)
prokka_out/CA139575:NODE_5_length_155382_cov_111.273969_> (length 410)
prokka_out/CA139575:NODE_5_length_155382_cov_111.273969_> (length 254)
prokka_out/CA139575:NODE_5_length_155382_cov_111.273969_> (length 199)
prokka_out/CA139575:NODE_5_length_155382_cov_111.273969_> (length 531)
prokka_out/CA139575:NODE_5_length_155382_cov_111.273969_> (length 769)
prokka_out/CA139575:NODE_5_length_155382_cov_111.273969_> (length 358)
prokka_out/CA139575:NODE_5_length_155382_cov_111.273969_> (length 150)
prokka_out/CA139575:NODE_5_length_155382_cov_111.273969_> (length 396)
prokka_out/CA139575:NODE_5_length_155382_cov_111.273969_> (length 73)
prokka_out/CA139575:NODE_5_length_155382_cov_111.273969_> (length 124)
prokka_out/CA139575:NODE_5_length_155382_cov_111.273969_> (length 639)
prokka_out/CA139575:NODE_5_length_155382_cov_111.273969_> (length 74)
prokka_out/CA139575:NODE_5_length_155382_cov_111.273969_> (length 259)
prokka_out/CA139575:NODE_5_length_155382_cov_111.273969_> (length 181)
prokka_out/CA139575:NODE_5_length_155382_cov_111.273969_> (length 264)
prokka_out/CA139575:NODE_5_length_155382_cov_111.273969_> (length 211)
prokka_out/CA139575:NODE_5_length_155382_cov_111.273969_> (length 131)
prokka_out/CA139575:NODE_5_length_155382_cov_111.273969_> (length 221)
prokka_out/CA139575:NODE_5_length_155382_cov_111.273969_> (length 119)
prokka_out/CA139575:NODE_5_length_155382_cov_111.273969_> (length 137)
prokka_out/CA139575:NODE_5_length_155382_cov_111.273969_> (length 288)
prokka_out/CA139575:NODE_5_length_155382_cov_111.273969_> (length 295)
prokka_out/CA139575:NODE_5_length_155382_cov_111.273969_> (length 161)
prokka_out/CA139575:NODE_5_length_155382_cov_111.273969_> (length 299)
prokka_out/CA139575:NODE_5_length_155382_cov_111.273969_> (length 254)
prokka_out/CA139575:NODE_5_length_155382_cov_111.273969_> (length 321)
prokka_out/CA139575:NODE_5_length_155382_cov_111.273969_> (length 246)
prokka_out/CA139575:NODE_5_length_155382_cov_111.273969_> (length 389)
prokka_out/CA139575:NODE_5_length_155382_cov_111.273969_> (length 256)
prokka_out/CA139575:NODE_5_length_155382_cov_111.273969_> (length 269)
prokka_out/CA139575:NODE_5_length_155382_cov_111.273969_> (length 228)
prokka_out/CA139575:NODE_5_length_155382_cov_111.273969_> (length 331)
prokka_out/CA139575:NODE_5_length_155382_cov_111.273969_> (length 656)
prokka_out/CA139575:NODE_5_length_155382_cov_111.273969_> (length 274)
prokka_out/CA139575:NODE_5_length_155382_cov_111.273969_> (length 406)
prokka_out/CA139575:NODE_5_length_155382_cov_111.273969_> (length 149)
prokka_out/CA139575:NODE_5_length_155382_cov_111.273969_> (length 105)
prokka_out/CA139575:NODE_5_length_155382_cov_111.273969_> (length 345)
prokka_out/CA139575:NODE_5_length_155382_cov_111.273969_> (length 243)
prokka_out/CA139575:NODE_5_length_155382_cov_111.273969_> (length 249)
prokka_out/CA139575:NODE_5_length_155382_cov_111.273969_> (length 201)
prokka_out/CA139575:NODE_5_length_155382_cov_111.273969_> (length 329)
prokka_out/CA139575:NODE_5_length_155382_cov_111.273969_> (length 325)
prokka_out/CA139575:NODE_5_length_155382_cov_111.273969_> (length 195)
prokka_out/CA139575:NODE_5_length_155382_cov_111.273969_> (length 219)
prokka_out/CA139575:NODE_5_length_155382_cov_111.273969_> (length 987)
prokka_out/CA139575:NODE_5_length_155382_cov_111.273969_> (length 296)
prokka_out/CA139575:NODE_5_length_155382_cov_111.273969_> (length 143)
prokka_out/CA139575:NODE_5_length_155382_cov_111.273969_> (length 226)
prokka_out/CA139575:NODE_5_length_155382_cov_111.273969_> (length 94)
prokka_out/CA139575:NODE_5_length_155382_cov_111.273969_> (length 187)
prokka_out/CA139575:NODE_5_length_155382_cov_111.273969_> (length 264)
prokka_out/CA139575:NODE_5_length_155382_cov_111.273969_> (length 180)
prokka_out/CA139575:NODE_5_length_155382_cov_111.273969_> (length 302)
prokka_out/CA139575:NODE_5_length_155382_cov_111.273969_> (length 396)
prokka_out/CA139575:NODE_5_length_155382_cov_111.273969_> (length 138)
prokka_out/CA139575:NODE_5_length_155382_cov_111.273969_> (length 147)
prokka_out/CA139575:NODE_5_length_155382_cov_111.273969_> (length 73)
prokka_out/CA139575:NODE_5_length_155382_cov_111.273969_> (length 513)
prokka_out/CA139575:NODE_5_length_155382_cov_111.273969_> (length 382)
prokka_out/CA139575:NODE_5_length_155382_cov_111.273969_> (length 233)
prokka_out/CA139575:NODE_5_length_155382_cov_111.273969_> (length 63)
prokka_out/CA139575:NODE_5_length_155382_cov_111.273969_> (length 180)
prokka_out/CA139575:NODE_5_length_155382_cov_111.273969_> (length 746)
prokka_out/CA139575:NODE_5_length_155382_cov_111.273969_> (length 213)
prokka_out/CA139575:NODE_5_length_155382_cov_111.273969_> (length 310)
prokka_out/CA139575:NODE_5_length_155382_cov_111.273969_> (length 746)
prokka_out/CA139575:NODE_5_length_155382_cov_111.273969_> (length 260)
prokka_out/CA139575:NODE_5_length_155382_cov_111.273969_> (length 243)
prokka_out/CA139575:NODE_5_length_155382_cov_111.273969_> (length 190)
prokka_out/CA139575:NODE_5_length_155382_cov_111.273969_> (length 308)
prokka_out/CA139575:NODE_5_length_155382_cov_111.273969_> (length 1167)
prokka_out/CA139575:NODE_5_length_155382_cov_111.273969_> (length 493)
prokka_out/CA139575:NODE_5_length_155382_cov_111.273969_> (length 75)
prokka_out/CA139575:NODE_5_length_155382_cov_111.273969_> (length 403)
prokka_out/CA139575:NODE_5_length_155382_cov_111.273969_> (length 416)
prokka_out/CA139575:NODE_5_length_155382_cov_111.273969_> (length 142)
prokka_out/CA139575:NODE_5_length_155382_cov_111.273969_> (length 172)
prokka_out/CA139575:NODE_5_length_155382_cov_111.273969_> (length 183)
prokka_out/CA139575:NODE_5_length_155382_cov_111.273969_> (length 372)
prokka_out/CA139575:NODE_5_length_155382_cov_111.273969_> (length 223)
prokka_out/CA139575:NODE_5_length_155382_cov_111.273969_> (length 404)
prokka_out/CA139575:NODE_5_length_155382_cov_111.273969_> (length 222)
prokka_out/CA139575:NODE_5_length_155382_cov_111.273969_> (length 488)
prokka_out/CA139575:NODE_5_length_155382_cov_111.273969_> (length 221)
prokka_out/CA139575:NODE_5_length_155382_cov_111.273969_> (length 83)
prokka_out/CA139575:NODE_5_length_155382_cov_111.273969_> (length 287)
prokka_out/CA139575:NODE_5_length_155382_cov_111.273969_> (length 73)
prokka_out/CA139575:NODE_5_length_155382_cov_111.273969_> (length 33)
prokka_out/CA139575:NODE_5_length_155382_cov_111.273969_> (length 196)
prokka_out/CA139575:NODE_5_length_155382_cov_111.273969_> (length 174)
prokka_out/CA139575:NODE_5_length_155382_cov_111.273969_> (length 788)
prokka_out/CA139575:NODE_5_length_155382_cov_111.273969_> (length 920)
prokka_out/CA139575:NODE_5_length_155382_cov_111.273969_> (length 214)
prokka_out/CA139575:NODE_5_length_155382_cov_111.273969_> (length 146)
prokka_out/CA139575:NODE_5_length_155382_cov_111.273969_> (length 141)
prokka_out/CA139575:NODE_5_length_155382_cov_111.273969_> (length 129)
prokka_out/CA139575:NODE_5_length_155382_cov_111.273969_> (length 332)
prokka_out/CA139575:NODE_5_length_155382_cov_111.273969_> (length 212)
prokka_out/CA139575:NODE_5_length_155382_cov_111.273969_> (length 1186)
prokka_out/CA139575:NODE_5_length_155382_cov_111.273969_> (length 98)
prokka_out/CA139575:NODE_5_length_155382_cov_111.273969_> (length 472)
prokka_out/CA139575:NODE_5_length_155382_cov_111.273969_> (length 198)
prokka_out/CA139575:NODE_5_length_155382_cov_111.273969_> (length 198)
prokka_out/CA139575:NODE_5_length_155382_cov_111.273969_> (length 520)
prokka_out/CA139575:NODE_5_length_155382_cov_111.273969_> (length 391)
prokka_out/CA139575:NODE_5_length_155382_cov_111.273969_> (length 254)
prokka_out/CA139575:NODE_5_length_155382_cov_111.273969_> (length 254)
prokka_out/CA139575:NODE_5_length_155382_cov_111.273969_> (length 608)
prokka_out/CA139575:NODE_5_length_155382_cov_111.273969_> (length 144)
prokka_out/CA139575:NODE_5_length_155382_cov_111.273969_> (length 65)
prokka_out/CA139575:NODE_5_length_155382_cov_111.273969_> (length 113)
prokka_out/CA139575:NODE_5_length_155382_cov_111.273969_> (length 348)
prokka_out/CA139575:NODE_5_length_155382_cov_111.273969_> (length 229)
prokka_out/CA139575:NODE_5_length_155382_cov_111.273969_> (length 127)
prokka_out/CA139575:NODE_5_length_155382_cov_111.273969_> (length 357)
prokka_out/CA139575:NODE_5_length_155382_cov_111.273969_> (length 273)
prokka_out/CA139575:NODE_5_length_155382_cov_111.273969_> (length 372)
prokka_out/CA139575:NODE_5_length_155382_cov_111.273969_> (length 34)
prokka_out/CA139575:NODE_5_length_155382_cov_111.273969_> (length 90)
prokka_out/CA139575:NODE_5_length_155382_cov_111.273969_> (length 365)
prokka_out/CA139575:NODE_5_length_155382_cov_111.273969_> (length 439)
prokka_out/CA139575:NODE_5_length_155382_cov_111.273969_> (length 321)
prokka_out/CA139575:NODE_5_length_155382_cov_111.273969_> (length 236)
prokka_out/CA139575:NODE_5_length_155382_cov_111.273969_> (length 229)
prokka_out/CA139575:NODE_5_length_155382_cov_111.273969_> (length 187)
prokka_out/CA139575:NODE_5_length_155382_cov_111.273969_> (length 138)
prokka_out/CA139575:NODE_5_length_155382_cov_111.273969_> (length 260)
prokka_out/CA139575:NODE_5_length_155382_cov_111.273969_> (length 220)
prokka_out/CA139575:NODE_5_length_155382_cov_111.273969_> (length 371)
prokka_out/CA139575:NODE_5_length_155382_cov_111.273969_> (length 543)
prokka_out/CA139575:NODE_5_length_155382_cov_111.273969_> (length 317)
prokka_out/CA139575:NODE_5_length_155382_cov_111.273969_> (length 325)
prokka_out/CA139575:NODE_5_length_155382_cov_111.273969_> (length 841)
prokka_out/CA139575:NODE_5_length_155382_cov_111.273969_> (length 856)
prokka_out/CA139575:NODE_5_length_155382_cov_111.273969_> (length 556)
prokka_out/CA139575:NODE_5_length_155382_cov_111.273969_> (length 108)
prokka_out/CA139575:NODE_5_length_155382_cov_111.273969_> (length 142)
prokka_out/CA139575:NODE_5_length_155382_cov_111.273969_> (length 297)
prokka_out/CA139575:NODE_5_length_155382_cov_111.273969_> (length 474)
prokka_out/CA139575:NODE_5_length_155382_cov_111.273969_> (length 571)
prokka_out/CA139575:NODE_5_length_155382_cov_111.273969_> (length 193)
prokka_out/CA139575:NODE_6_length_129135_cov_112.937888 (length 129135)
prokka_out/CA139575:NODE_6_length_129135_cov_112.937888_1 (length 331)
prokka_out/CA139575:NODE_6_length_129135_cov_112.937888_2 (length 523)
prokka_out/CA139575:NODE_6_length_129135_cov_112.937888_3 (length 544)
prokka_out/CA139575:NODE_6_length_129135_cov_112.937888_4 (length 207)
prokka_out/CA139575:NODE_6_length_129135_cov_112.937888_5 (length 461)
prokka_out/CA139575:NODE_6_length_129135_cov_112.937888_6 (length 789)
prokka_out/CA139575:NODE_6_length_129135_cov_112.937888_7 (length 442)
prokka_out/CA139575:NODE_6_length_129135_cov_112.937888_8 (length 311)
prokka_out/CA139575:NODE_6_length_129135_cov_112.937888_9 (length 288)
prokka_out/CA139575:NODE_6_length_129135_cov_112.937888_> (length 55)
prokka_out/CA139575:NODE_6_length_129135_cov_112.937888_> (length 505)
prokka_out/CA139575:NODE_6_length_129135_cov_112.937888_> (length 224)
prokka_out/CA139575:NODE_6_length_129135_cov_112.937888_> (length 408)
prokka_out/CA139575:NODE_6_length_129135_cov_112.937888_> (length 558)
prokka_out/CA139575:NODE_6_length_129135_cov_112.937888_> (length 215)
prokka_out/CA139575:NODE_6_length_129135_cov_112.937888_> (length 202)
prokka_out/CA139575:NODE_6_length_129135_cov_112.937888_> (length 481)
prokka_out/CA139575:NODE_6_length_129135_cov_112.937888_> (length 1496)
prokka_out/CA139575:NODE_6_length_129135_cov_112.937888_> (length 433)
prokka_out/CA139575:NODE_6_length_129135_cov_112.937888_> (length 119)
prokka_out/CA139575:NODE_6_length_129135_cov_112.937888_> (length 548)
prokka_out/CA139575:NODE_6_length_129135_cov_112.937888_> (length 99)
prokka_out/CA139575:NODE_6_length_129135_cov_112.937888_> (length 54)
prokka_out/CA139575:NODE_6_length_129135_cov_112.937888_> (length 320)
prokka_out/CA139575:NODE_6_length_129135_cov_112.937888_> (length 125)
prokka_out/CA139575:NODE_6_length_129135_cov_112.937888_> (length 770)
prokka_out/CA139575:NODE_6_length_129135_cov_112.937888_> (length 355)
prokka_out/CA139575:NODE_6_length_129135_cov_112.937888_> (length 440)
prokka_out/CA139575:NODE_6_length_129135_cov_112.937888_> (length 158)
prokka_out/CA139575:NODE_6_length_129135_cov_112.937888_> (length 845)
prokka_out/CA139575:NODE_6_length_129135_cov_112.937888_> (length 423)
prokka_out/CA139575:NODE_6_length_129135_cov_112.937888_> (length 344)
prokka_out/CA139575:NODE_6_length_129135_cov_112.937888_> (length 73)
prokka_out/CA139575:NODE_6_length_129135_cov_112.937888_> (length 293)
prokka_out/CA139575:NODE_6_length_129135_cov_112.937888_> (length 199)
prokka_out/CA139575:NODE_6_length_129135_cov_112.937888_> (length 127)
prokka_out/CA139575:NODE_6_length_129135_cov_112.937888_> (length 108)
prokka_out/CA139575:NODE_6_length_129135_cov_112.937888_> (length 214)
prokka_out/CA139575:NODE_6_length_129135_cov_112.937888_> (length 209)
prokka_out/CA139575:NODE_6_length_129135_cov_112.937888_> (length 511)
prokka_out/CA139575:NODE_6_length_129135_cov_112.937888_> (length 358)
prokka_out/CA139575:NODE_6_length_129135_cov_112.937888_> (length 468)
prokka_out/CA139575:NODE_6_length_129135_cov_112.937888_> (length 200)
prokka_out/CA139575:NODE_6_length_129135_cov_112.937888_> (length 176)
prokka_out/CA139575:NODE_6_length_129135_cov_112.937888_> (length 137)
prokka_out/CA139575:NODE_6_length_129135_cov_112.937888_> (length 100)
prokka_out/CA139575:NODE_6_length_129135_cov_112.937888_> (length 34)
prokka_out/CA139575:NODE_6_length_129135_cov_112.937888_> (length 356)
prokka_out/CA139575:NODE_6_length_129135_cov_112.937888_> (length 178)
prokka_out/CA139575:NODE_6_length_129135_cov_112.937888_> (length 264)
prokka_out/CA139575:NODE_6_length_129135_cov_112.937888_> (length 676)
prokka_out/CA139575:NODE_6_length_129135_cov_112.937888_> (length 253)
prokka_out/CA139575:NODE_6_length_129135_cov_112.937888_> (length 103)
prokka_out/CA139575:NODE_6_length_129135_cov_112.937888_> (length 191)
prokka_out/CA139575:NODE_6_length_129135_cov_112.937888_> (length 204)
prokka_out/CA139575:NODE_6_length_129135_cov_112.937888_> (length 93)
prokka_out/CA139575:NODE_6_length_129135_cov_112.937888_> (length 276)
prokka_out/CA139575:NODE_6_length_129135_cov_112.937888_> (length 93)
prokka_out/CA139575:NODE_6_length_129135_cov_112.937888_> (length 135)
prokka_out/CA139575:NODE_6_length_129135_cov_112.937888_> (length 233)
prokka_out/CA139575:NODE_6_length_129135_cov_112.937888_> (length 141)
prokka_out/CA139575:NODE_6_length_129135_cov_112.937888_> (length 61)
prokka_out/CA139575:NODE_6_length_129135_cov_112.937888_> (length 83)
prokka_out/CA139575:NODE_6_length_129135_cov_112.937888_> (length 122)
prokka_out/CA139575:NODE_6_length_129135_cov_112.937888_> (length 77)
prokka_out/CA139575:NODE_6_length_129135_cov_112.937888_> (length 180)
prokka_out/CA139575:NODE_6_length_129135_cov_112.937888_> (length 61)
prokka_out/CA139575:NODE_6_length_129135_cov_112.937888_> (length 131)
prokka_out/CA139575:NODE_6_length_129135_cov_112.937888_> (length 178)
prokka_out/CA139575:NODE_6_length_129135_cov_112.937888_> (length 118)
prokka_out/CA139575:NODE_6_length_129135_cov_112.937888_> (length 147)
prokka_out/CA139575:NODE_6_length_129135_cov_112.937888_> (length 130)
prokka_out/CA139575:NODE_6_length_129135_cov_112.937888_> (length 421)
prokka_out/CA139575:NODE_6_length_129135_cov_112.937888_> (length 419)
prokka_out/CA139575:NODE_6_length_129135_cov_112.937888_> (length 700)
prokka_out/CA139575:NODE_6_length_129135_cov_112.937888_> (length 278)
prokka_out/CA139575:NODE_6_length_129135_cov_112.937888_> (length 391)
prokka_out/CA139575:NODE_6_length_129135_cov_112.937888_> (length 422)
prokka_out/CA139575:NODE_6_length_129135_cov_112.937888_> (length 254)
prokka_out/CA139575:NODE_6_length_129135_cov_112.937888_> (length 253)
prokka_out/CA139575:NODE_6_length_129135_cov_112.937888_> (length 57)
prokka_out/CA139575:NODE_6_length_129135_cov_112.937888_> (length 258)
prokka_out/CA139575:NODE_6_length_129135_cov_112.937888_> (length 89)
prokka_out/CA139575:NODE_6_length_129135_cov_112.937888_> (length 287)
prokka_out/CA139575:NODE_6_length_129135_cov_112.937888_> (length 343)
prokka_out/CA139575:NODE_6_length_129135_cov_112.937888_> (length 414)
prokka_out/CA139575:NODE_6_length_129135_cov_112.937888_> (length 67)
prokka_out/CA139575:NODE_6_length_129135_cov_112.937888_> (length 220)
prokka_out/CA139575:NODE_6_length_129135_cov_112.937888_> (length 279)
prokka_out/CA139575:NODE_6_length_129135_cov_112.937888_> (length 251)
prokka_out/CA139575:NODE_6_length_129135_cov_112.937888_> (length 44)
prokka_out/CA139575:NODE_6_length_129135_cov_112.937888_> (length 242)
prokka_out/CA139575:NODE_6_length_129135_cov_112.937888_> (length 306)
prokka_out/CA139575:NODE_6_length_129135_cov_112.937888_> (length 217)
prokka_out/CA139575:NODE_6_length_129135_cov_112.937888_> (length 261)
prokka_out/CA139575:NODE_6_length_129135_cov_112.937888_> (length 278)
prokka_out/CA139575:NODE_6_length_129135_cov_112.937888_> (length 141)
prokka_out/CA139575:NODE_6_length_129135_cov_112.937888_> (length 170)
prokka_out/CA139575:NODE_6_length_129135_cov_112.937888_> (length 173)
prokka_out/CA139575:NODE_6_length_129135_cov_112.937888_> (length 501)
prokka_out/CA139575:NODE_6_length_129135_cov_112.937888_> (length 294)
prokka_out/CA139575:NODE_6_length_129135_cov_112.937888_> (length 465)
prokka_out/CA139575:NODE_6_length_129135_cov_112.937888_> (length 129)
prokka_out/CA139575:NODE_6_length_129135_cov_112.937888_> (length 184)
prokka_out/CA139575:NODE_6_length_129135_cov_112.937888_> (length 129)
prokka_out/CA139575:NODE_6_length_129135_cov_112.937888_> (length 258)
prokka_out/CA139575:NODE_6_length_129135_cov_112.937888_> (length 403)
prokka_out/CA139575:NODE_6_length_129135_cov_112.937888_> (length 165)
prokka_out/CA139575:NODE_6_length_129135_cov_112.937888_> (length 317)
prokka_out/CA139575:NODE_6_length_129135_cov_112.937888_> (length 190)
prokka_out/CA139575:NODE_6_length_129135_cov_112.937888_> (length 324)
prokka_out/CA139575:NODE_6_length_129135_cov_112.937888_> (length 228)
prokka_out/CA139575:NODE_6_length_129135_cov_112.937888_> (length 251)
prokka_out/CA139575:NODE_6_length_129135_cov_112.937888_> (length 173)
prokka_out/CA139575:NODE_6_length_129135_cov_112.937888_> (length 204)
prokka_out/CA139575:NODE_6_length_129135_cov_112.937888_> (length 135)
prokka_out/CA139575:NODE_6_length_129135_cov_112.937888_> (length 230)
prokka_out/CA139575:NODE_6_length_129135_cov_112.937888_> (length 412)
prokka_out/CA139575:NODE_6_length_129135_cov_112.937888_> (length 308)
prokka_out/CA139575:NODE_6_length_129135_cov_112.937888_> (length 328)
prokka_out/CA139575:NODE_6_length_129135_cov_112.937888_> (length 117)
prokka_out/CA139575:NODE_6_length_129135_cov_112.937888_> (length 149)
prokka_out/CA139575:NODE_6_length_129135_cov_112.937888_> (length 280)
prokka_out/CA139575:NODE_6_length_129135_cov_112.937888_> (length 238)
prokka_out/CA139575:NODE_6_length_129135_cov_112.937888_> (length 738)
prokka_out/CA139575:NODE_6_length_129135_cov_112.937888_> (length 275)
prokka_out/CA139575:NODE_6_length_129135_cov_112.937888_> (length 457)
prokka_out/CA139575:NODE_6_length_129135_cov_112.937888_> (length 294)
prokka_out/CA139575:NODE_6_length_129135_cov_112.937888_> (length 133)
prokka_out/CA139575:NODE_6_length_129135_cov_112.937888_> (length 292)
prokka_out/CA139575:NODE_6_length_129135_cov_112.937888_> (length 97)
prokka_out/CA139575:NODE_6_length_129135_cov_112.937888_> (length 856)
prokka_out/CA139575:NODE_6_length_129135_cov_112.937888_> (length 120)
prokka_out/CA139575:NODE_6_length_129135_cov_112.937888_> (length 147)
prokka_out/CA139575:NODE_6_length_129135_cov_112.937888_> (length 95)
prokka_out/CA139575:NODE_6_length_129135_cov_112.937888_> (length 126)
prokka_out/CA139575:NODE_6_length_129135_cov_112.937888_> (length 565)
prokka_out/CA139575:NODE_6_length_129135_cov_112.937888_> (length 268)
prokka_out/CA139575:NODE_6_length_129135_cov_112.937888_> (length 284)
prokka_out/CA139575:NODE_6_length_129135_cov_112.937888_> (length 284)
prokka_out/CA139575:NODE_7_length_91366_cov_106.824680 (length 91366)
prokka_out/CA139575:NODE_7_length_91366_cov_106.824680_1 (length 82)
prokka_out/CA139575:NODE_7_length_91366_cov_106.824680_2 (length 407)
prokka_out/CA139575:NODE_7_length_91366_cov_106.824680_3 (length 673)
prokka_out/CA139575:NODE_7_length_91366_cov_106.824680_4 (length 637)
prokka_out/CA139575:NODE_7_length_91366_cov_106.824680_5 (length 224)
prokka_out/CA139575:NODE_7_length_91366_cov_106.824680_6 (length 254)
prokka_out/CA139575:NODE_7_length_91366_cov_106.824680_7 (length 317)
prokka_out/CA139575:NODE_7_length_91366_cov_106.824680_8 (length 291)
prokka_out/CA139575:NODE_7_length_91366_cov_106.824680_9 (length 223)
prokka_out/CA139575:NODE_7_length_91366_cov_106.824680_10 (length 162)
prokka_out/CA139575:NODE_7_length_91366_cov_106.824680_11 (length 197)
prokka_out/CA139575:NODE_7_length_91366_cov_106.824680_12 (length 365)
prokka_out/CA139575:NODE_7_length_91366_cov_106.824680_13 (length 197)
prokka_out/CA139575:NODE_7_length_91366_cov_106.824680_14 (length 432)
prokka_out/CA139575:NODE_7_length_91366_cov_106.824680_15 (length 242)
prokka_out/CA139575:NODE_7_length_91366_cov_106.824680_16 (length 498)
prokka_out/CA139575:NODE_7_length_91366_cov_106.824680_17 (length 675)
prokka_out/CA139575:NODE_7_length_91366_cov_106.824680_18 (length 394)
prokka_out/CA139575:NODE_7_length_91366_cov_106.824680_19 (length 373)
prokka_out/CA139575:NODE_7_length_91366_cov_106.824680_20 (length 456)
prokka_out/CA139575:NODE_7_length_91366_cov_106.824680_21 (length 140)
prokka_out/CA139575:NODE_7_length_91366_cov_106.824680_22 (length 115)
prokka_out/CA139575:NODE_7_length_91366_cov_106.824680_23 (length 178)
prokka_out/CA139575:NODE_7_length_91366_cov_106.824680_24 (length 454)
prokka_out/CA139575:NODE_7_length_91366_cov_106.824680_25 (length 108)
prokka_out/CA139575:NODE_7_length_91366_cov_106.824680_26 (length 181)
prokka_out/CA139575:NODE_7_length_91366_cov_106.824680_27 (length 332)
prokka_out/CA139575:NODE_7_length_91366_cov_106.824680_28 (length 400)
prokka_out/CA139575:NODE_7_length_91366_cov_106.824680_29 (length 223)
prokka_out/CA139575:NODE_7_length_91366_cov_106.824680_30 (length 275)
prokka_out/CA139575:NODE_7_length_91366_cov_106.824680_31 (length 499)
prokka_out/CA139575:NODE_7_length_91366_cov_106.824680_32 (length 613)
prokka_out/CA139575:NODE_7_length_91366_cov_106.824680_33 (length 74)
prokka_out/CA139575:NODE_7_length_91366_cov_106.824680_34 (length 446)
prokka_out/CA139575:NODE_7_length_91366_cov_106.824680_35 (length 455)
prokka_out/CA139575:NODE_7_length_91366_cov_106.824680_36 (length 387)
prokka_out/CA139575:NODE_7_length_91366_cov_106.824680_37 (length 479)
prokka_out/CA139575:NODE_7_length_91366_cov_106.824680_38 (length 120)
prokka_out/CA139575:NODE_7_length_91366_cov_106.824680_39 (length 222)
prokka_out/CA139575:NODE_7_length_91366_cov_106.824680_40 (length 154)
prokka_out/CA139575:NODE_7_length_91366_cov_106.824680_41 (length 474)
prokka_out/CA139575:NODE_7_length_91366_cov_106.824680_42 (length 105)
prokka_out/CA139575:NODE_7_length_91366_cov_106.824680_43 (length 231)
prokka_out/CA139575:NODE_7_length_91366_cov_106.824680_44 (length 163)
prokka_out/CA139575:NODE_7_length_91366_cov_106.824680_45 (length 292)
prokka_out/CA139575:NODE_7_length_91366_cov_106.824680_46 (length 553)
prokka_out/CA139575:NODE_7_length_91366_cov_106.824680_47 (length 440)
prokka_out/CA139575:NODE_7_length_91366_cov_106.824680_48 (length 599)
prokka_out/CA139575:NODE_7_length_91366_cov_106.824680_49 (length 236)
prokka_out/CA139575:NODE_7_length_91366_cov_106.824680_50 (length 175)
prokka_out/CA139575:NODE_7_length_91366_cov_106.824680_51 (length 431)
prokka_out/CA139575:NODE_7_length_91366_cov_106.824680_52 (length 151)
prokka_out/CA139575:NODE_7_length_91366_cov_106.824680_53 (length 202)
prokka_out/CA139575:NODE_7_length_91366_cov_106.824680_54 (length 820)
prokka_out/CA139575:NODE_7_length_91366_cov_106.824680_55 (length 189)
prokka_out/CA139575:NODE_7_length_91366_cov_106.824680_56 (length 232)
prokka_out/CA139575:NODE_7_length_91366_cov_106.824680_57 (length 147)
prokka_out/CA139575:NODE_7_length_91366_cov_106.824680_58 (length 439)
prokka_out/CA139575:NODE_7_length_91366_cov_106.824680_59 (length 354)
prokka_out/CA139575:NODE_7_length_91366_cov_106.824680_60 (length 782)
prokka_out/CA139575:NODE_7_length_91366_cov_106.824680_61 (length 598)
prokka_out/CA139575:NODE_7_length_91366_cov_106.824680_62 (length 463)
prokka_out/CA139575:NODE_7_length_91366_cov_106.824680_63 (length 347)
prokka_out/CA139575:NODE_7_length_91366_cov_106.824680_64 (length 336)
prokka_out/CA139575:NODE_7_length_91366_cov_106.824680_65 (length 136)
prokka_out/CA139575:NODE_7_length_91366_cov_106.824680_66 (length 753)
prokka_out/CA139575:NODE_7_length_91366_cov_106.824680_67 (length 694)
prokka_out/CA139575:NODE_7_length_91366_cov_106.824680_68 (length 163)
prokka_out/CA139575:NODE_7_length_91366_cov_106.824680_69 (length 610)
prokka_out/CA139575:NODE_7_length_91366_cov_106.824680_70 (length 210)
prokka_out/CA139575:NODE_7_length_91366_cov_106.824680_71 (length 329)
prokka_out/CA139575:NODE_7_length_91366_cov_106.824680_72 (length 251)
prokka_out/CA139575:NODE_7_length_91366_cov_106.824680_73 (length 312)
prokka_out/CA139575:NODE_7_length_91366_cov_106.824680_74 (length 322)
prokka_out/CA139575:NODE_7_length_91366_cov_106.824680_75 (length 331)
prokka_out/CA139575:NODE_7_length_91366_cov_106.824680_76 (length 191)
prokka_out/CA139575:NODE_7_length_91366_cov_106.824680_77 (length 435)
prokka_out/CA139575:NODE_7_length_91366_cov_106.824680_78 (length 112)
prokka_out/CA139575:NODE_7_length_91366_cov_106.824680_79 (length 241)
prokka_out/CA139575:NODE_7_length_91366_cov_106.824680_80 (length 358)
prokka_out/CA139575:NODE_7_length_91366_cov_106.824680_81 (length 464)
prokka_out/CA139575:NODE_7_length_91366_cov_106.824680_82 (length 335)
prokka_out/CA139575:NODE_7_length_91366_cov_106.824680_83 (length 171)
prokka_out/CA139575:NODE_7_length_91366_cov_106.824680_84 (length 416)
prokka_out/CA139575:NODE_8_length_45716_cov_106.731339 (length 45716)
prokka_out/CA139575:NODE_8_length_45716_cov_106.731339_1 (length 461)
prokka_out/CA139575:NODE_8_length_45716_cov_106.731339_2 (length 200)
prokka_out/CA139575:NODE_8_length_45716_cov_106.731339_3 (length 441)
prokka_out/CA139575:NODE_8_length_45716_cov_106.731339_4 (length 194)
prokka_out/CA139575:NODE_8_length_45716_cov_106.731339_5 (length 175)
prokka_out/CA139575:NODE_8_length_45716_cov_106.731339_6 (length 501)
prokka_out/CA139575:NODE_8_length_45716_cov_106.731339_7 (length 232)
prokka_out/CA139575:NODE_8_length_45716_cov_106.731339_8 (length 456)
prokka_out/CA139575:NODE_8_length_45716_cov_106.731339_9 (length 191)
prokka_out/CA139575:NODE_8_length_45716_cov_106.731339_10 (length 29)
prokka_out/CA139575:NODE_8_length_45716_cov_106.731339_11 (length 130)
prokka_out/CA139575:NODE_8_length_45716_cov_106.731339_12 (length 238)
prokka_out/CA139575:NODE_8_length_45716_cov_106.731339_13 (length 246)
prokka_out/CA139575:NODE_8_length_45716_cov_106.731339_14 (length 69)
prokka_out/CA139575:NODE_8_length_45716_cov_106.731339_15 (length 394)
prokka_out/CA139575:NODE_8_length_45716_cov_106.731339_16 (length 453)
prokka_out/CA139575:NODE_8_length_45716_cov_106.731339_17 (length 377)
prokka_out/CA139575:NODE_8_length_45716_cov_106.731339_18 (length 406)
prokka_out/CA139575:NODE_8_length_45716_cov_106.731339_19 (length 248)
prokka_out/CA139575:NODE_8_length_45716_cov_106.731339_20 (length 136)
prokka_out/CA139575:NODE_8_length_45716_cov_106.731339_21 (length 253)
prokka_out/CA139575:NODE_8_length_45716_cov_106.731339_22 (length 758)
prokka_out/CA139575:NODE_8_length_45716_cov_106.731339_23 (length 280)
prokka_out/CA139575:NODE_8_length_45716_cov_106.731339_24 (length 40)
prokka_out/CA139575:NODE_8_length_45716_cov_106.731339_25 (length 334)
prokka_out/CA139575:NODE_8_length_45716_cov_106.731339_26 (length 538)
prokka_out/CA139575:NODE_8_length_45716_cov_106.731339_27 (length 301)
prokka_out/CA139575:NODE_8_length_45716_cov_106.731339_28 (length 401)
prokka_out/CA139575:NODE_8_length_45716_cov_106.731339_29 (length 220)
prokka_out/CA139575:NODE_8_length_45716_cov_106.731339_30 (length 97)
prokka_out/CA139575:NODE_8_length_45716_cov_106.731339_31 (length 135)
prokka_out/CA139575:NODE_8_length_45716_cov_106.731339_32 (length 187)
prokka_out/CA139575:NODE_8_length_45716_cov_106.731339_33 (length 289)
prokka_out/CA139575:NODE_8_length_45716_cov_106.731339_34 (length 294)
prokka_out/CA139575:NODE_8_length_45716_cov_106.731339_35 (length 166)
prokka_out/CA139575:NODE_8_length_45716_cov_106.731339_36 (length 172)
prokka_out/CA139575:NODE_8_length_45716_cov_106.731339_37 (length 320)
prokka_out/CA139575:NODE_8_length_45716_cov_106.731339_38 (length 247)
prokka_out/CA139575:NODE_8_length_45716_cov_106.731339_39 (length 193)
prokka_out/CA139575:NODE_8_length_45716_cov_106.731339_40 (length 140)
prokka_out/CA139575:NODE_8_length_45716_cov_106.731339_41 (length 135)
prokka_out/CA139575:NODE_8_length_45716_cov_106.731339_42 (length 217)
prokka_out/CA139575:NODE_8_length_45716_cov_106.731339_43 (length 66)
prokka_out/CA139575:NODE_8_length_45716_cov_106.731339_44 (length 274)
prokka_out/CA139575:NODE_8_length_45716_cov_106.731339_45 (length 227)
prokka_out/CA139575:NODE_8_length_45716_cov_106.731339_46 (length 315)
prokka_out/CA139575:NODE_8_length_45716_cov_106.731339_47 (length 268)
prokka_out/CA139575:NODE_8_length_45716_cov_106.731339_48 (length 401)
prokka_out/CA139575:NODE_8_length_45716_cov_106.731339_49 (length 416)
prokka_out/CA139575:NODE_8_length_45716_cov_106.731339_50 (length 112)
prokka_out/CA139575:NODE_8_length_45716_cov_106.731339_51 (length 104)
prokka_out/CA139575:NODE_8_length_45716_cov_106.731339_52 (length 312)
prokka_out/CA139575:NODE_8_length_45716_cov_106.731339_53 (length 593)
prokka_out/CA139575:NODE_9_length_38386_cov_110.540997 (length 38386)
prokka_out/CA139575:NODE_9_length_38386_cov_110.540997_1 (length 502)
prokka_out/CA139575:NODE_9_length_38386_cov_110.540997_2 (length 241)
prokka_out/CA139575:NODE_9_length_38386_cov_110.540997_3 (length 239)
prokka_out/CA139575:NODE_9_length_38386_cov_110.540997_4 (length 75)
prokka_out/CA139575:NODE_9_length_38386_cov_110.540997_5 (length 238)
prokka_out/CA139575:NODE_9_length_38386_cov_110.540997_6 (length 101)
prokka_out/CA139575:NODE_9_length_38386_cov_110.540997_7 (length 341)
prokka_out/CA139575:NODE_9_length_38386_cov_110.540997_8 (length 403)
prokka_out/CA139575:NODE_9_length_38386_cov_110.540997_9 (length 232)
prokka_out/CA139575:NODE_9_length_38386_cov_110.540997_10 (length 274)
prokka_out/CA139575:NODE_9_length_38386_cov_110.540997_11 (length 157)
prokka_out/CA139575:NODE_9_length_38386_cov_110.540997_12 (length 248)
prokka_out/CA139575:NODE_9_length_38386_cov_110.540997_13 (length 201)
prokka_out/CA139575:NODE_9_length_38386_cov_110.540997_14 (length 378)
prokka_out/CA139575:NODE_9_length_38386_cov_110.540997_15 (length 343)
prokka_out/CA139575:NODE_9_length_38386_cov_110.540997_16 (length 60)
prokka_out/CA139575:NODE_9_length_38386_cov_110.540997_17 (length 593)
prokka_out/CA139575:NODE_9_length_38386_cov_110.540997_18 (length 330)
prokka_out/CA139575:NODE_9_length_38386_cov_110.540997_19 (length 384)
prokka_out/CA139575:NODE_9_length_38386_cov_110.540997_20 (length 82)
prokka_out/CA139575:NODE_9_length_38386_cov_110.540997_21 (length 75)
prokka_out/CA139575:NODE_9_length_38386_cov_110.540997_22 (length 105)
prokka_out/CA139575:NODE_9_length_38386_cov_110.540997_23 (length 128)
prokka_out/CA139575:NODE_9_length_38386_cov_110.540997_24 (length 373)
prokka_out/CA139575:NODE_9_length_38386_cov_110.540997_25 (length 92)
prokka_out/CA139575:NODE_9_length_38386_cov_110.540997_26 (length 119)
prokka_out/CA139575:NODE_9_length_38386_cov_110.540997_27 (length 334)
prokka_out/CA139575:NODE_9_length_38386_cov_110.540997_28 (length 384)
prokka_out/CA139575:NODE_9_length_38386_cov_110.540997_29 (length 341)
prokka_out/CA139575:NODE_9_length_38386_cov_110.540997_30 (length 301)
prokka_out/CA139575:NODE_9_length_38386_cov_110.540997_31 (length 235)
prokka_out/CA139575:NODE_9_length_38386_cov_110.540997_32 (length 256)
prokka_out/CA139575:NODE_9_length_38386_cov_110.540997_33 (length 647)
prokka_out/CA139575:NODE_9_length_38386_cov_110.540997_34 (length 626)
prokka_out/CA139575:NODE_9_length_38386_cov_110.540997_35 (length 645)
prokka_out/CA139575:NODE_9_length_38386_cov_110.540997_36 (length 635)
prokka_out/CA139575:NODE_9_length_38386_cov_110.540997_37 (length 574)
prokka_out/CA139575:NODE_9_length_38386_cov_110.540997_38 (length 574)
prokka_out/CA139575:NODE_9_length_38386_cov_110.540997_39 (length 85)
prokka_out/CA139575:NODE_10_length_4862_cov_395.452587 (length 4862)
prokka_out/CA139575:NODE_11_length_2206_cov_408.043771 (length 2206)
prokka_out/CA139575:NODE_12_length_1245_cov_112.223614 (length 1245)
prokka_out/CA139575:NODE_13_length_560_cov_223.096998 (length 560)
prokka_out/CA139575:NODE_18_length_397_cov_354.881481 (length 397)
prokka_out/CA139575:NODE_19_length_371_cov_130.811475 (length 371)
prokka_out/CA139575:NODE_20_length_295_cov_190.130952 (length 295)
prokka_out/CA139575:NODE_21_length_272_cov_89.317241 (length 272)
prokka_out/CA139575:NODE_22_length_255_cov_93.023438 (length 255)
prokka_out/CA139575:NODE_22_length_255_cov_93.023438_1 (length 59)
prokka_out/CA139575:NODE_23_length_225_cov_117.132653 (length 225)

DiscRep_ALL:DISC_INCONSISTENT_MOLINFO_TECH::Molinfo Technique Report (some missing, all same)
DiscRep_SUB:DISC_INCONSISTENT_MOLINFO_TECH::technique (all missing)
DiscRep_SUB:DISC_INCONSISTENT_MOLINFO_TECH::19 Molinfos are missing field technique
prokka_out/CA139575:NODE_1_length_558205_cov_102.860439 (length 558205)
prokka_out/CA139575:NODE_2_length_255618_cov_107.055290 (length 255618)
prokka_out/CA139575:NODE_3_length_216379_cov_110.237168 (length 216379)
prokka_out/CA139575:NODE_4_length_167782_cov_107.829555 (length 167782)
prokka_out/CA139575:NODE_5_length_155382_cov_111.273969 (length 155382)
prokka_out/CA139575:NODE_6_length_129135_cov_112.937888 (length 129135)
prokka_out/CA139575:NODE_7_length_91366_cov_106.824680 (length 91366)
prokka_out/CA139575:NODE_8_length_45716_cov_106.731339 (length 45716)
prokka_out/CA139575:NODE_9_length_38386_cov_110.540997 (length 38386)
prokka_out/CA139575:NODE_10_length_4862_cov_395.452587 (length 4862)
prokka_out/CA139575:NODE_11_length_2206_cov_408.043771 (length 2206)
prokka_out/CA139575:NODE_12_length_1245_cov_112.223614 (length 1245)
prokka_out/CA139575:NODE_13_length_560_cov_223.096998 (length 560)
prokka_out/CA139575:NODE_18_length_397_cov_354.881481 (length 397)
prokka_out/CA139575:NODE_19_length_371_cov_130.811475 (length 371)
prokka_out/CA139575:NODE_20_length_295_cov_190.130952 (length 295)
prokka_out/CA139575:NODE_21_length_272_cov_89.317241 (length 272)
prokka_out/CA139575:NODE_22_length_255_cov_93.023438 (length 255)
prokka_out/CA139575:NODE_23_length_225_cov_117.132653 (length 225)

DiscRep_ALL:SEQ_ID_PHRASES::Sequence Ids contain unacceptable phrases (cov_, length, node, paired, or trimmed)

