Discrepancy Report Results

Summary
FATAL: MISSING_PROTEIN_ID:1699 proteins have invalid IDs.
DISC_SOURCE_QUALS_ASNDISC:strain (all present, all same)
DISC_SOURCE_QUALS_ASNDISC:taxname (all present, all same)
DISC_FEATURE_COUNT:CDS: 1699 present
DISC_FEATURE_COUNT:tRNA: 40 present
DISC_FEATURE_COUNT:rRNA: 3 present
DISC_FEATURE_COUNT:tmRNA: 1 present
DISC_COUNT_NUCLEOTIDES:64 nucleotide Bioseqs are present
FEATURE_LOCATION_CONFLICT:1743 features have inconsistent gene locations.
OVERLAPPING_CDS:10 coding regions overlap another coding region with a similar or identical name.
SUSPECT_PRODUCT_NAMES:6 product_names contain suspect phrase or characters
	Suspicious phrase; should this be nonfunctional?
		1 features contains 'truncat'
	May contain database identifier more appropriate in note; remove from product name
		2 features contains three or more numbers together that may be identifiers more appropriate in note
		1 features Contains underscore
	Use short product name instead of descriptive phrase
		2 features Is longer than 100 characters. Remove descriptive phrases or synonyms from product names. Keep valid long product names, eg long enzyme names
FATAL: EC_NUMBER_ON_UNKNOWN_PROTEIN:1 protein features have an EC number and a protein name of 'unknown protein' or 'hypothetical protein'
NO_ANNOTATION:12 bioseqs have no features
DISC_QUALITY_SCORES:Quality scores are missing on all sequences.
FATAL: DISC_SUSPECT_RRNA_PRODUCTS:2 rRNA product names contain suspect phrase
FATAL: DISC_SHORT_RRNA:2 rRNA features are too short
ONCALLER_COMMENT_PRESENT:64 comment descriptors were found (all same)
SHORT_PROT_SEQUENCES:19 protein sequences are shorter than 50 aa.
MISSING_GENOMEASSEMBLY_COMMENTS:64 bioseqs are missing GenomeAssembly structured comments
MOLTYPE_NOT_MRNA:64 molecule types are not set as mRNA.
TECHNIQUE_NOT_TSA:64 technique are not set as TSA
MISSING_STRUCTURED_COMMENT:64 sequences do not include structured comments.
MISSING_PROJECT:1763 sequences do not include project.
FATAL: RRNA_NAME_CONFLICTS:2 rRNA product names are not standard. Correct the names to the standard format, eg "16S ribosomal RNA"
DISC_INCONSISTENT_MOLINFO_TECH:Molinfo Technique Report (some missing, all same)
SEQ_ID_PHRASES:Sequence Ids contain unacceptable phrases (cov_, length, node, paired, or trimmed)


Detailed Report

FATAL: DiscRep_ALL:MISSING_PROTEIN_ID::1699 proteins have invalid IDs.
prokka_out/CA110357:NODE_1_length_246645_cov_28.538618_1 (length 256)
prokka_out/CA110357:NODE_1_length_246645_cov_28.538618_2 (length 212)
prokka_out/CA110357:NODE_1_length_246645_cov_28.538618_3 (length 329)
prokka_out/CA110357:NODE_1_length_246645_cov_28.538618_4 (length 259)
prokka_out/CA110357:NODE_1_length_246645_cov_28.538618_5 (length 279)
prokka_out/CA110357:NODE_1_length_246645_cov_28.538618_6 (length 207)
prokka_out/CA110357:NODE_1_length_246645_cov_28.538618_7 (length 65)
prokka_out/CA110357:NODE_1_length_246645_cov_28.538618_8 (length 441)
prokka_out/CA110357:NODE_1_length_246645_cov_28.538618_9 (length 348)
prokka_out/CA110357:NODE_1_length_246645_cov_28.538618_10 (length 327)
prokka_out/CA110357:NODE_1_length_246645_cov_28.538618_11 (length 180)
prokka_out/CA110357:NODE_1_length_246645_cov_28.538618_12 (length 61)
prokka_out/CA110357:NODE_1_length_246645_cov_28.538618_13 (length 395)
prokka_out/CA110357:NODE_1_length_246645_cov_28.538618_14 (length 266)
prokka_out/CA110357:NODE_1_length_246645_cov_28.538618_15 (length 157)
prokka_out/CA110357:NODE_1_length_246645_cov_28.538618_16 (length 249)
prokka_out/CA110357:NODE_1_length_246645_cov_28.538618_17 (length 210)
prokka_out/CA110357:NODE_1_length_246645_cov_28.538618_18 (length 1200)
prokka_out/CA110357:NODE_1_length_246645_cov_28.538618_19 (length 109)
prokka_out/CA110357:NODE_1_length_246645_cov_28.538618_20 (length 447)
prokka_out/CA110357:NODE_1_length_246645_cov_28.538618_21 (length 137)
prokka_out/CA110357:NODE_1_length_246645_cov_28.538618_22 (length 118)
prokka_out/CA110357:NODE_1_length_246645_cov_28.538618_23 (length 234)
prokka_out/CA110357:NODE_1_length_246645_cov_28.538618_24 (length 179)
prokka_out/CA110357:NODE_1_length_246645_cov_28.538618_25 (length 80)
prokka_out/CA110357:NODE_1_length_246645_cov_28.538618_26 (length 75)
prokka_out/CA110357:NODE_1_length_246645_cov_28.538618_27 (length 445)
prokka_out/CA110357:NODE_1_length_246645_cov_28.538618_28 (length 250)
prokka_out/CA110357:NODE_1_length_246645_cov_28.538618_29 (length 385)
prokka_out/CA110357:NODE_1_length_246645_cov_28.538618_30 (length 238)
prokka_out/CA110357:NODE_1_length_246645_cov_28.538618_31 (length 241)
prokka_out/CA110357:NODE_1_length_246645_cov_28.538618_32 (length 287)
prokka_out/CA110357:NODE_1_length_246645_cov_28.538618_33 (length 184)
prokka_out/CA110357:NODE_1_length_246645_cov_28.538618_34 (length 164)
prokka_out/CA110357:NODE_1_length_246645_cov_28.538618_35 (length 418)
prokka_out/CA110357:NODE_1_length_246645_cov_28.538618_36 (length 234)
prokka_out/CA110357:NODE_1_length_246645_cov_28.538618_37 (length 476)
prokka_out/CA110357:NODE_1_length_246645_cov_28.538618_38 (length 263)
prokka_out/CA110357:NODE_1_length_246645_cov_28.538618_39 (length 270)
prokka_out/CA110357:NODE_1_length_246645_cov_28.538618_40 (length 370)
prokka_out/CA110357:NODE_1_length_246645_cov_28.538618_41 (length 460)
prokka_out/CA110357:NODE_1_length_246645_cov_28.538618_42 (length 495)
prokka_out/CA110357:NODE_1_length_246645_cov_28.538618_43 (length 311)
prokka_out/CA110357:NODE_1_length_246645_cov_28.538618_44 (length 295)
prokka_out/CA110357:NODE_1_length_246645_cov_28.538618_45 (length 163)
prokka_out/CA110357:NODE_1_length_246645_cov_28.538618_46 (length 396)
prokka_out/CA110357:NODE_1_length_246645_cov_28.538618_47 (length 500)
prokka_out/CA110357:NODE_1_length_246645_cov_28.538618_48 (length 232)
prokka_out/CA110357:NODE_1_length_246645_cov_28.538618_49 (length 357)
prokka_out/CA110357:NODE_1_length_246645_cov_28.538618_50 (length 612)
prokka_out/CA110357:NODE_1_length_246645_cov_28.538618_51 (length 148)
prokka_out/CA110357:NODE_1_length_246645_cov_28.538618_52 (length 81)
prokka_out/CA110357:NODE_1_length_246645_cov_28.538618_53 (length 76)
prokka_out/CA110357:NODE_1_length_246645_cov_28.538618_54 (length 657)
prokka_out/CA110357:NODE_1_length_246645_cov_28.538618_55 (length 474)
prokka_out/CA110357:NODE_1_length_246645_cov_28.538618_56 (length 416)
prokka_out/CA110357:NODE_1_length_246645_cov_28.538618_57 (length 242)
prokka_out/CA110357:NODE_1_length_246645_cov_28.538618_58 (length 135)
prokka_out/CA110357:NODE_1_length_246645_cov_28.538618_59 (length 81)
prokka_out/CA110357:NODE_1_length_246645_cov_28.538618_60 (length 406)
prokka_out/CA110357:NODE_1_length_246645_cov_28.538618_61 (length 147)
prokka_out/CA110357:NODE_1_length_246645_cov_28.538618_62 (length 180)
prokka_out/CA110357:NODE_1_length_246645_cov_28.538618_63 (length 439)
prokka_out/CA110357:NODE_1_length_246645_cov_28.538618_64 (length 291)
prokka_out/CA110357:NODE_1_length_246645_cov_28.538618_65 (length 358)
prokka_out/CA110357:NODE_1_length_246645_cov_28.538618_66 (length 185)
prokka_out/CA110357:NODE_1_length_246645_cov_28.538618_67 (length 595)
prokka_out/CA110357:NODE_1_length_246645_cov_28.538618_68 (length 611)
prokka_out/CA110357:NODE_1_length_246645_cov_28.538618_69 (length 164)
prokka_out/CA110357:NODE_1_length_246645_cov_28.538618_70 (length 196)
prokka_out/CA110357:NODE_1_length_246645_cov_28.538618_71 (length 152)
prokka_out/CA110357:NODE_1_length_246645_cov_28.538618_72 (length 170)
prokka_out/CA110357:NODE_1_length_246645_cov_28.538618_73 (length 162)
prokka_out/CA110357:NODE_1_length_246645_cov_28.538618_74 (length 279)
prokka_out/CA110357:NODE_1_length_246645_cov_28.538618_75 (length 377)
prokka_out/CA110357:NODE_1_length_246645_cov_28.538618_76 (length 270)
prokka_out/CA110357:NODE_1_length_246645_cov_28.538618_77 (length 414)
prokka_out/CA110357:NODE_1_length_246645_cov_28.538618_78 (length 507)
prokka_out/CA110357:NODE_1_length_246645_cov_28.538618_79 (length 286)
prokka_out/CA110357:NODE_1_length_246645_cov_28.538618_80 (length 583)
prokka_out/CA110357:NODE_1_length_246645_cov_28.538618_81 (length 191)
prokka_out/CA110357:NODE_1_length_246645_cov_28.538618_82 (length 172)
prokka_out/CA110357:NODE_1_length_246645_cov_28.538618_83 (length 166)
prokka_out/CA110357:NODE_1_length_246645_cov_28.538618_84 (length 291)
prokka_out/CA110357:NODE_1_length_246645_cov_28.538618_85 (length 126)
prokka_out/CA110357:NODE_1_length_246645_cov_28.538618_86 (length 256)
prokka_out/CA110357:NODE_1_length_246645_cov_28.538618_87 (length 343)
prokka_out/CA110357:NODE_1_length_246645_cov_28.538618_88 (length 340)
prokka_out/CA110357:NODE_1_length_246645_cov_28.538618_89 (length 644)
prokka_out/CA110357:NODE_1_length_246645_cov_28.538618_90 (length 321)
prokka_out/CA110357:NODE_1_length_246645_cov_28.538618_91 (length 114)
prokka_out/CA110357:NODE_1_length_246645_cov_28.538618_92 (length 324)
prokka_out/CA110357:NODE_1_length_246645_cov_28.538618_93 (length 363)
prokka_out/CA110357:NODE_1_length_246645_cov_28.538618_94 (length 93)
prokka_out/CA110357:NODE_1_length_246645_cov_28.538618_95 (length 247)
prokka_out/CA110357:NODE_1_length_246645_cov_28.538618_96 (length 728)
prokka_out/CA110357:NODE_1_length_246645_cov_28.538618_97 (length 506)
prokka_out/CA110357:NODE_1_length_246645_cov_28.538618_98 (length 215)
prokka_out/CA110357:NODE_1_length_246645_cov_28.538618_99 (length 438)
prokka_out/CA110357:NODE_1_length_246645_cov_28.538618_1> (length 408)
prokka_out/CA110357:NODE_1_length_246645_cov_28.538618_1> (length 246)
prokka_out/CA110357:NODE_1_length_246645_cov_28.538618_1> (length 362)
prokka_out/CA110357:NODE_1_length_246645_cov_28.538618_1> (length 304)
prokka_out/CA110357:NODE_1_length_246645_cov_28.538618_1> (length 331)
prokka_out/CA110357:NODE_1_length_246645_cov_28.538618_1> (length 166)
prokka_out/CA110357:NODE_1_length_246645_cov_28.538618_1> (length 458)
prokka_out/CA110357:NODE_1_length_246645_cov_28.538618_1> (length 326)
prokka_out/CA110357:NODE_1_length_246645_cov_28.538618_1> (length 389)
prokka_out/CA110357:NODE_1_length_246645_cov_28.538618_1> (length 454)
prokka_out/CA110357:NODE_1_length_246645_cov_28.538618_1> (length 641)
prokka_out/CA110357:NODE_1_length_246645_cov_28.538618_1> (length 390)
prokka_out/CA110357:NODE_1_length_246645_cov_28.538618_1> (length 396)
prokka_out/CA110357:NODE_1_length_246645_cov_28.538618_1> (length 293)
prokka_out/CA110357:NODE_1_length_246645_cov_28.538618_1> (length 566)
prokka_out/CA110357:NODE_1_length_246645_cov_28.538618_1> (length 222)
prokka_out/CA110357:NODE_1_length_246645_cov_28.538618_1> (length 447)
prokka_out/CA110357:NODE_1_length_246645_cov_28.538618_1> (length 416)
prokka_out/CA110357:NODE_1_length_246645_cov_28.538618_1> (length 374)
prokka_out/CA110357:NODE_1_length_246645_cov_28.538618_1> (length 223)
prokka_out/CA110357:NODE_1_length_246645_cov_28.538618_1> (length 416)
prokka_out/CA110357:NODE_1_length_246645_cov_28.538618_1> (length 191)
prokka_out/CA110357:NODE_1_length_246645_cov_28.538618_1> (length 166)
prokka_out/CA110357:NODE_1_length_246645_cov_28.538618_1> (length 230)
prokka_out/CA110357:NODE_1_length_246645_cov_28.538618_1> (length 571)
prokka_out/CA110357:NODE_1_length_246645_cov_28.538618_1> (length 379)
prokka_out/CA110357:NODE_1_length_246645_cov_28.538618_1> (length 478)
prokka_out/CA110357:NODE_1_length_246645_cov_28.538618_1> (length 110)
prokka_out/CA110357:NODE_1_length_246645_cov_28.538618_1> (length 656)
prokka_out/CA110357:NODE_1_length_246645_cov_28.538618_1> (length 363)
prokka_out/CA110357:NODE_1_length_246645_cov_28.538618_1> (length 401)
prokka_out/CA110357:NODE_1_length_246645_cov_28.538618_1> (length 731)
prokka_out/CA110357:NODE_1_length_246645_cov_28.538618_1> (length 74)
prokka_out/CA110357:NODE_1_length_246645_cov_28.538618_1> (length 238)
prokka_out/CA110357:NODE_1_length_246645_cov_28.538618_1> (length 400)
prokka_out/CA110357:NODE_1_length_246645_cov_28.538618_1> (length 268)
prokka_out/CA110357:NODE_1_length_246645_cov_28.538618_1> (length 221)
prokka_out/CA110357:NODE_1_length_246645_cov_28.538618_1> (length 398)
prokka_out/CA110357:NODE_1_length_246645_cov_28.538618_1> (length 410)
prokka_out/CA110357:NODE_1_length_246645_cov_28.538618_1> (length 321)
prokka_out/CA110357:NODE_1_length_246645_cov_28.538618_1> (length 366)
prokka_out/CA110357:NODE_1_length_246645_cov_28.538618_1> (length 78)
prokka_out/CA110357:NODE_1_length_246645_cov_28.538618_1> (length 46)
prokka_out/CA110357:NODE_1_length_246645_cov_28.538618_1> (length 457)
prokka_out/CA110357:NODE_1_length_246645_cov_28.538618_1> (length 309)
prokka_out/CA110357:NODE_1_length_246645_cov_28.538618_1> (length 443)
prokka_out/CA110357:NODE_1_length_246645_cov_28.538618_1> (length 311)
prokka_out/CA110357:NODE_1_length_246645_cov_28.538618_1> (length 410)
prokka_out/CA110357:NODE_1_length_246645_cov_28.538618_1> (length 361)
prokka_out/CA110357:NODE_1_length_246645_cov_28.538618_1> (length 189)
prokka_out/CA110357:NODE_1_length_246645_cov_28.538618_1> (length 91)
prokka_out/CA110357:NODE_1_length_246645_cov_28.538618_1> (length 128)
prokka_out/CA110357:NODE_1_length_246645_cov_28.538618_1> (length 638)
prokka_out/CA110357:NODE_1_length_246645_cov_28.538618_1> (length 121)
prokka_out/CA110357:NODE_1_length_246645_cov_28.538618_1> (length 600)
prokka_out/CA110357:NODE_1_length_246645_cov_28.538618_1> (length 308)
prokka_out/CA110357:NODE_1_length_246645_cov_28.538618_1> (length 128)
prokka_out/CA110357:NODE_1_length_246645_cov_28.538618_1> (length 568)
prokka_out/CA110357:NODE_1_length_246645_cov_28.538618_1> (length 431)
prokka_out/CA110357:NODE_1_length_246645_cov_28.538618_1> (length 297)
prokka_out/CA110357:NODE_1_length_246645_cov_28.538618_1> (length 176)
prokka_out/CA110357:NODE_1_length_246645_cov_28.538618_1> (length 87)
prokka_out/CA110357:NODE_1_length_246645_cov_28.538618_1> (length 185)
prokka_out/CA110357:NODE_1_length_246645_cov_28.538618_1> (length 281)
prokka_out/CA110357:NODE_1_length_246645_cov_28.538618_1> (length 374)
prokka_out/CA110357:NODE_1_length_246645_cov_28.538618_1> (length 103)
prokka_out/CA110357:NODE_1_length_246645_cov_28.538618_1> (length 289)
prokka_out/CA110357:NODE_1_length_246645_cov_28.538618_1> (length 387)
prokka_out/CA110357:NODE_1_length_246645_cov_28.538618_1> (length 302)
prokka_out/CA110357:NODE_1_length_246645_cov_28.538618_1> (length 734)
prokka_out/CA110357:NODE_1_length_246645_cov_28.538618_1> (length 856)
prokka_out/CA110357:NODE_1_length_246645_cov_28.538618_1> (length 300)
prokka_out/CA110357:NODE_1_length_246645_cov_28.538618_1> (length 143)
prokka_out/CA110357:NODE_1_length_246645_cov_28.538618_1> (length 164)
prokka_out/CA110357:NODE_1_length_246645_cov_28.538618_1> (length 99)
prokka_out/CA110357:NODE_1_length_246645_cov_28.538618_1> (length 601)
prokka_out/CA110357:NODE_1_length_246645_cov_28.538618_1> (length 602)
prokka_out/CA110357:NODE_1_length_246645_cov_28.538618_1> (length 144)
prokka_out/CA110357:NODE_1_length_246645_cov_28.538618_1> (length 106)
prokka_out/CA110357:NODE_1_length_246645_cov_28.538618_1> (length 609)
prokka_out/CA110357:NODE_1_length_246645_cov_28.538618_1> (length 122)
prokka_out/CA110357:NODE_1_length_246645_cov_28.538618_1> (length 233)
prokka_out/CA110357:NODE_1_length_246645_cov_28.538618_1> (length 399)
prokka_out/CA110357:NODE_1_length_246645_cov_28.538618_1> (length 214)
prokka_out/CA110357:NODE_1_length_246645_cov_28.538618_1> (length 81)
prokka_out/CA110357:NODE_1_length_246645_cov_28.538618_1> (length 236)
prokka_out/CA110357:NODE_1_length_246645_cov_28.538618_1> (length 440)
prokka_out/CA110357:NODE_1_length_246645_cov_28.538618_1> (length 93)
prokka_out/CA110357:NODE_1_length_246645_cov_28.538618_1> (length 857)
prokka_out/CA110357:NODE_1_length_246645_cov_28.538618_1> (length 643)
prokka_out/CA110357:NODE_1_length_246645_cov_28.538618_1> (length 183)
prokka_out/CA110357:NODE_1_length_246645_cov_28.538618_1> (length 842)
prokka_out/CA110357:NODE_1_length_246645_cov_28.538618_1> (length 359)
prokka_out/CA110357:NODE_1_length_246645_cov_28.538618_1> (length 370)
prokka_out/CA110357:NODE_1_length_246645_cov_28.538618_1> (length 284)
prokka_out/CA110357:NODE_1_length_246645_cov_28.538618_1> (length 303)
prokka_out/CA110357:NODE_1_length_246645_cov_28.538618_1> (length 411)
prokka_out/CA110357:NODE_1_length_246645_cov_28.538618_1> (length 332)
prokka_out/CA110357:NODE_1_length_246645_cov_28.538618_1> (length 161)
prokka_out/CA110357:NODE_1_length_246645_cov_28.538618_1> (length 258)
prokka_out/CA110357:NODE_1_length_246645_cov_28.538618_2> (length 425)
prokka_out/CA110357:NODE_1_length_246645_cov_28.538618_2> (length 124)
prokka_out/CA110357:NODE_1_length_246645_cov_28.538618_2> (length 233)
prokka_out/CA110357:NODE_1_length_246645_cov_28.538618_2> (length 50)
prokka_out/CA110357:NODE_1_length_246645_cov_28.538618_2> (length 691)
prokka_out/CA110357:NODE_1_length_246645_cov_28.538618_2> (length 156)
prokka_out/CA110357:NODE_1_length_246645_cov_28.538618_2> (length 128)
prokka_out/CA110357:NODE_1_length_246645_cov_28.538618_2> (length 1516)
prokka_out/CA110357:NODE_1_length_246645_cov_28.538618_2> (length 1375)
prokka_out/CA110357:NODE_1_length_246645_cov_28.538618_2> (length 125)
prokka_out/CA110357:NODE_1_length_246645_cov_28.538618_2> (length 159)
prokka_out/CA110357:NODE_1_length_246645_cov_28.538618_2> (length 233)
prokka_out/CA110357:NODE_1_length_246645_cov_28.538618_2> (length 141)
prokka_out/CA110357:NODE_1_length_246645_cov_28.538618_2> (length 177)
prokka_out/CA110357:NODE_1_length_246645_cov_28.538618_2> (length 59)
prokka_out/CA110357:NODE_1_length_246645_cov_28.538618_2> (length 52)
prokka_out/CA110357:NODE_1_length_246645_cov_28.538618_2> (length 399)
prokka_out/CA110357:NODE_1_length_246645_cov_28.538618_2> (length 245)
prokka_out/CA110357:NODE_1_length_246645_cov_28.538618_2> (length 218)
prokka_out/CA110357:NODE_1_length_246645_cov_28.538618_2> (length 233)
prokka_out/CA110357:NODE_1_length_246645_cov_28.538618_2> (length 198)
prokka_out/CA110357:NODE_1_length_246645_cov_28.538618_2> (length 128)
prokka_out/CA110357:NODE_1_length_246645_cov_28.538618_2> (length 604)
prokka_out/CA110357:NODE_1_length_246645_cov_28.538618_2> (length 406)
prokka_out/CA110357:NODE_1_length_246645_cov_28.538618_2> (length 348)
prokka_out/CA110357:NODE_1_length_246645_cov_28.538618_2> (length 395)
prokka_out/CA110357:NODE_1_length_246645_cov_28.538618_2> (length 362)
prokka_out/CA110357:NODE_1_length_246645_cov_28.538618_2> (length 80)
prokka_out/CA110357:NODE_1_length_246645_cov_28.538618_2> (length 433)
prokka_out/CA110357:NODE_1_length_246645_cov_28.538618_2> (length 207)
prokka_out/CA110357:NODE_1_length_246645_cov_28.538618_2> (length 328)
prokka_out/CA110357:NODE_1_length_246645_cov_28.538618_2> (length 174)
prokka_out/CA110357:NODE_1_length_246645_cov_28.538618_2> (length 172)
prokka_out/CA110357:NODE_1_length_246645_cov_28.538618_2> (length 430)
prokka_out/CA110357:NODE_1_length_246645_cov_28.538618_2> (length 253)
prokka_out/CA110357:NODE_1_length_246645_cov_28.538618_2> (length 215)
prokka_out/CA110357:NODE_1_length_246645_cov_28.538618_2> (length 64)
prokka_out/CA110357:NODE_1_length_246645_cov_28.538618_2> (length 71)
prokka_out/CA110357:NODE_1_length_246645_cov_28.538618_2> (length 364)
prokka_out/CA110357:NODE_1_length_246645_cov_28.538618_2> (length 197)
prokka_out/CA110357:NODE_1_length_246645_cov_28.538618_2> (length 687)
prokka_out/CA110357:NODE_1_length_246645_cov_28.538618_2> (length 277)
prokka_out/CA110357:NODE_1_length_246645_cov_28.538618_2> (length 390)
prokka_out/CA110357:NODE_1_length_246645_cov_28.538618_2> (length 276)
prokka_out/CA110357:NODE_1_length_246645_cov_28.538618_2> (length 414)
prokka_out/CA110357:NODE_2_length_151050_cov_23.777973_1 (length 291)
prokka_out/CA110357:NODE_2_length_151050_cov_23.777973_2 (length 191)
prokka_out/CA110357:NODE_2_length_151050_cov_23.777973_3 (length 57)
prokka_out/CA110357:NODE_2_length_151050_cov_23.777973_4 (length 175)
prokka_out/CA110357:NODE_2_length_151050_cov_23.777973_5 (length 422)
prokka_out/CA110357:NODE_2_length_151050_cov_23.777973_6 (length 415)
prokka_out/CA110357:NODE_2_length_151050_cov_23.777973_7 (length 279)
prokka_out/CA110357:NODE_2_length_151050_cov_23.777973_8 (length 367)
prokka_out/CA110357:NODE_2_length_151050_cov_23.777973_9 (length 246)
prokka_out/CA110357:NODE_2_length_151050_cov_23.777973_10 (length 67)
prokka_out/CA110357:NODE_2_length_151050_cov_23.777973_11 (length 246)
prokka_out/CA110357:NODE_2_length_151050_cov_23.777973_12 (length 421)
prokka_out/CA110357:NODE_2_length_151050_cov_23.777973_13 (length 451)
prokka_out/CA110357:NODE_2_length_151050_cov_23.777973_14 (length 163)
prokka_out/CA110357:NODE_2_length_151050_cov_23.777973_15 (length 303)
prokka_out/CA110357:NODE_2_length_151050_cov_23.777973_16 (length 327)
prokka_out/CA110357:NODE_2_length_151050_cov_23.777973_17 (length 186)
prokka_out/CA110357:NODE_2_length_151050_cov_23.777973_18 (length 199)
prokka_out/CA110357:NODE_2_length_151050_cov_23.777973_19 (length 190)
prokka_out/CA110357:NODE_2_length_151050_cov_23.777973_20 (length 364)
prokka_out/CA110357:NODE_2_length_151050_cov_23.777973_21 (length 293)
prokka_out/CA110357:NODE_2_length_151050_cov_23.777973_22 (length 621)
prokka_out/CA110357:NODE_2_length_151050_cov_23.777973_23 (length 169)
prokka_out/CA110357:NODE_2_length_151050_cov_23.777973_24 (length 172)
prokka_out/CA110357:NODE_2_length_151050_cov_23.777973_25 (length 138)
prokka_out/CA110357:NODE_2_length_151050_cov_23.777973_26 (length 534)
prokka_out/CA110357:NODE_2_length_151050_cov_23.777973_27 (length 418)
prokka_out/CA110357:NODE_2_length_151050_cov_23.777973_28 (length 523)
prokka_out/CA110357:NODE_2_length_151050_cov_23.777973_29 (length 351)
prokka_out/CA110357:NODE_2_length_151050_cov_23.777973_30 (length 466)
prokka_out/CA110357:NODE_2_length_151050_cov_23.777973_31 (length 377)
prokka_out/CA110357:NODE_2_length_151050_cov_23.777973_32 (length 256)
prokka_out/CA110357:NODE_2_length_151050_cov_23.777973_33 (length 226)
prokka_out/CA110357:NODE_2_length_151050_cov_23.777973_34 (length 94)
prokka_out/CA110357:NODE_2_length_151050_cov_23.777973_35 (length 559)
prokka_out/CA110357:NODE_2_length_151050_cov_23.777973_36 (length 56)
prokka_out/CA110357:NODE_2_length_151050_cov_23.777973_37 (length 151)
prokka_out/CA110357:NODE_2_length_151050_cov_23.777973_38 (length 1086)
prokka_out/CA110357:NODE_2_length_151050_cov_23.777973_39 (length 231)
prokka_out/CA110357:NODE_2_length_151050_cov_23.777973_40 (length 256)
prokka_out/CA110357:NODE_2_length_151050_cov_23.777973_41 (length 346)
prokka_out/CA110357:NODE_2_length_151050_cov_23.777973_42 (length 319)
prokka_out/CA110357:NODE_2_length_151050_cov_23.777973_43 (length 369)
prokka_out/CA110357:NODE_2_length_151050_cov_23.777973_44 (length 371)
prokka_out/CA110357:NODE_2_length_151050_cov_23.777973_45 (length 143)
prokka_out/CA110357:NODE_2_length_151050_cov_23.777973_46 (length 66)
prokka_out/CA110357:NODE_2_length_151050_cov_23.777973_47 (length 168)
prokka_out/CA110357:NODE_2_length_151050_cov_23.777973_48 (length 343)
prokka_out/CA110357:NODE_2_length_151050_cov_23.777973_49 (length 432)
prokka_out/CA110357:NODE_2_length_151050_cov_23.777973_50 (length 149)
prokka_out/CA110357:NODE_2_length_151050_cov_23.777973_51 (length 173)
prokka_out/CA110357:NODE_2_length_151050_cov_23.777973_52 (length 855)
prokka_out/CA110357:NODE_2_length_151050_cov_23.777973_53 (length 191)
prokka_out/CA110357:NODE_2_length_151050_cov_23.777973_54 (length 214)
prokka_out/CA110357:NODE_2_length_151050_cov_23.777973_55 (length 598)
prokka_out/CA110357:NODE_2_length_151050_cov_23.777973_56 (length 424)
prokka_out/CA110357:NODE_2_length_151050_cov_23.777973_57 (length 246)
prokka_out/CA110357:NODE_2_length_151050_cov_23.777973_58 (length 1005)
prokka_out/CA110357:NODE_2_length_151050_cov_23.777973_59 (length 268)
prokka_out/CA110357:NODE_2_length_151050_cov_23.777973_60 (length 239)
prokka_out/CA110357:NODE_2_length_151050_cov_23.777973_61 (length 78)
prokka_out/CA110357:NODE_2_length_151050_cov_23.777973_62 (length 480)
prokka_out/CA110357:NODE_2_length_151050_cov_23.777973_63 (length 387)
prokka_out/CA110357:NODE_2_length_151050_cov_23.777973_64 (length 338)
prokka_out/CA110357:NODE_2_length_151050_cov_23.777973_65 (length 386)
prokka_out/CA110357:NODE_2_length_151050_cov_23.777973_66 (length 284)
prokka_out/CA110357:NODE_2_length_151050_cov_23.777973_67 (length 296)
prokka_out/CA110357:NODE_2_length_151050_cov_23.777973_68 (length 201)
prokka_out/CA110357:NODE_2_length_151050_cov_23.777973_69 (length 381)
prokka_out/CA110357:NODE_2_length_151050_cov_23.777973_70 (length 258)
prokka_out/CA110357:NODE_2_length_151050_cov_23.777973_71 (length 266)
prokka_out/CA110357:NODE_2_length_151050_cov_23.777973_72 (length 63)
prokka_out/CA110357:NODE_2_length_151050_cov_23.777973_73 (length 1028)
prokka_out/CA110357:NODE_2_length_151050_cov_23.777973_74 (length 366)
prokka_out/CA110357:NODE_2_length_151050_cov_23.777973_75 (length 200)
prokka_out/CA110357:NODE_2_length_151050_cov_23.777973_76 (length 233)
prokka_out/CA110357:NODE_2_length_151050_cov_23.777973_77 (length 1358)
prokka_out/CA110357:NODE_2_length_151050_cov_23.777973_78 (length 735)
prokka_out/CA110357:NODE_2_length_151050_cov_23.777973_79 (length 116)
prokka_out/CA110357:NODE_2_length_151050_cov_23.777973_80 (length 431)
prokka_out/CA110357:NODE_2_length_151050_cov_23.777973_81 (length 151)
prokka_out/CA110357:NODE_2_length_151050_cov_23.777973_82 (length 68)
prokka_out/CA110357:NODE_2_length_151050_cov_23.777973_83 (length 119)
prokka_out/CA110357:NODE_2_length_151050_cov_23.777973_84 (length 507)
prokka_out/CA110357:NODE_2_length_151050_cov_23.777973_85 (length 85)
prokka_out/CA110357:NODE_2_length_151050_cov_23.777973_86 (length 258)
prokka_out/CA110357:NODE_2_length_151050_cov_23.777973_87 (length 57)
prokka_out/CA110357:NODE_2_length_151050_cov_23.777973_88 (length 484)
prokka_out/CA110357:NODE_2_length_151050_cov_23.777973_89 (length 454)
prokka_out/CA110357:NODE_2_length_151050_cov_23.777973_90 (length 918)
prokka_out/CA110357:NODE_2_length_151050_cov_23.777973_91 (length 362)
prokka_out/CA110357:NODE_2_length_151050_cov_23.777973_92 (length 141)
prokka_out/CA110357:NODE_2_length_151050_cov_23.777973_93 (length 206)
prokka_out/CA110357:NODE_2_length_151050_cov_23.777973_94 (length 201)
prokka_out/CA110357:NODE_2_length_151050_cov_23.777973_95 (length 178)
prokka_out/CA110357:NODE_2_length_151050_cov_23.777973_96 (length 367)
prokka_out/CA110357:NODE_2_length_151050_cov_23.777973_97 (length 146)
prokka_out/CA110357:NODE_2_length_151050_cov_23.777973_98 (length 94)
prokka_out/CA110357:NODE_2_length_151050_cov_23.777973_99 (length 333)
prokka_out/CA110357:NODE_2_length_151050_cov_23.777973_1> (length 421)
prokka_out/CA110357:NODE_2_length_151050_cov_23.777973_1> (length 125)
prokka_out/CA110357:NODE_2_length_151050_cov_23.777973_1> (length 182)
prokka_out/CA110357:NODE_2_length_151050_cov_23.777973_1> (length 86)
prokka_out/CA110357:NODE_2_length_151050_cov_23.777973_1> (length 791)
prokka_out/CA110357:NODE_2_length_151050_cov_23.777973_1> (length 215)
prokka_out/CA110357:NODE_2_length_151050_cov_23.777973_1> (length 129)
prokka_out/CA110357:NODE_2_length_151050_cov_23.777973_1> (length 245)
prokka_out/CA110357:NODE_2_length_151050_cov_23.777973_1> (length 101)
prokka_out/CA110357:NODE_2_length_151050_cov_23.777973_1> (length 222)
prokka_out/CA110357:NODE_2_length_151050_cov_23.777973_1> (length 150)
prokka_out/CA110357:NODE_2_length_151050_cov_23.777973_1> (length 209)
prokka_out/CA110357:NODE_2_length_151050_cov_23.777973_1> (length 210)
prokka_out/CA110357:NODE_2_length_151050_cov_23.777973_1> (length 270)
prokka_out/CA110357:NODE_2_length_151050_cov_23.777973_1> (length 227)
prokka_out/CA110357:NODE_2_length_151050_cov_23.777973_1> (length 254)
prokka_out/CA110357:NODE_2_length_151050_cov_23.777973_1> (length 978)
prokka_out/CA110357:NODE_2_length_151050_cov_23.777973_1> (length 95)
prokka_out/CA110357:NODE_2_length_151050_cov_23.777973_1> (length 300)
prokka_out/CA110357:NODE_2_length_151050_cov_23.777973_1> (length 395)
prokka_out/CA110357:NODE_2_length_151050_cov_23.777973_1> (length 467)
prokka_out/CA110357:NODE_2_length_151050_cov_23.777973_1> (length 170)
prokka_out/CA110357:NODE_2_length_151050_cov_23.777973_1> (length 810)
prokka_out/CA110357:NODE_2_length_151050_cov_23.777973_1> (length 323)
prokka_out/CA110357:NODE_2_length_151050_cov_23.777973_1> (length 526)
prokka_out/CA110357:NODE_2_length_151050_cov_23.777973_1> (length 90)
prokka_out/CA110357:NODE_2_length_151050_cov_23.777973_1> (length 404)
prokka_out/CA110357:NODE_2_length_151050_cov_23.777973_1> (length 134)
prokka_out/CA110357:NODE_2_length_151050_cov_23.777973_1> (length 72)
prokka_out/CA110357:NODE_2_length_151050_cov_23.777973_1> (length 382)
prokka_out/CA110357:NODE_2_length_151050_cov_23.777973_1> (length 399)
prokka_out/CA110357:NODE_2_length_151050_cov_23.777973_1> (length 407)
prokka_out/CA110357:NODE_2_length_151050_cov_23.777973_1> (length 293)
prokka_out/CA110357:NODE_2_length_151050_cov_23.777973_1> (length 571)
prokka_out/CA110357:NODE_2_length_151050_cov_23.777973_1> (length 145)
prokka_out/CA110357:NODE_2_length_151050_cov_23.777973_1> (length 686)
prokka_out/CA110357:NODE_2_length_151050_cov_23.777973_1> (length 272)
prokka_out/CA110357:NODE_2_length_151050_cov_23.777973_1> (length 75)
prokka_out/CA110357:NODE_2_length_151050_cov_23.777973_1> (length 256)
prokka_out/CA110357:NODE_2_length_151050_cov_23.777973_1> (length 150)
prokka_out/CA110357:NODE_2_length_151050_cov_23.777973_1> (length 201)
prokka_out/CA110357:NODE_2_length_151050_cov_23.777973_1> (length 96)
prokka_out/CA110357:NODE_2_length_151050_cov_23.777973_1> (length 705)
prokka_out/CA110357:NODE_2_length_151050_cov_23.777973_1> (length 217)
prokka_out/CA110357:NODE_2_length_151050_cov_23.777973_1> (length 212)
prokka_out/CA110357:NODE_2_length_151050_cov_23.777973_1> (length 118)
prokka_out/CA110357:NODE_2_length_151050_cov_23.777973_1> (length 265)
prokka_out/CA110357:NODE_2_length_151050_cov_23.777973_1> (length 241)
prokka_out/CA110357:NODE_2_length_151050_cov_23.777973_1> (length 204)
prokka_out/CA110357:NODE_2_length_151050_cov_23.777973_1> (length 648)
prokka_out/CA110357:NODE_2_length_151050_cov_23.777973_1> (length 282)
prokka_out/CA110357:NODE_2_length_151050_cov_23.777973_1> (length 130)
prokka_out/CA110357:NODE_3_length_107807_cov_23.952684_1 (length 440)
prokka_out/CA110357:NODE_3_length_107807_cov_23.952684_2 (length 289)
prokka_out/CA110357:NODE_3_length_107807_cov_23.952684_3 (length 114)
prokka_out/CA110357:NODE_3_length_107807_cov_23.952684_4 (length 282)
prokka_out/CA110357:NODE_3_length_107807_cov_23.952684_5 (length 285)
prokka_out/CA110357:NODE_3_length_107807_cov_23.952684_6 (length 115)
prokka_out/CA110357:NODE_3_length_107807_cov_23.952684_7 (length 424)
prokka_out/CA110357:NODE_3_length_107807_cov_23.952684_8 (length 101)
prokka_out/CA110357:NODE_3_length_107807_cov_23.952684_9 (length 167)
prokka_out/CA110357:NODE_3_length_107807_cov_23.952684_10 (length 395)
prokka_out/CA110357:NODE_3_length_107807_cov_23.952684_11 (length 769)
prokka_out/CA110357:NODE_3_length_107807_cov_23.952684_12 (length 93)
prokka_out/CA110357:NODE_3_length_107807_cov_23.952684_13 (length 266)
prokka_out/CA110357:NODE_3_length_107807_cov_23.952684_14 (length 374)
prokka_out/CA110357:NODE_3_length_107807_cov_23.952684_15 (length 431)
prokka_out/CA110357:NODE_3_length_107807_cov_23.952684_16 (length 93)
prokka_out/CA110357:NODE_3_length_107807_cov_23.952684_17 (length 542)
prokka_out/CA110357:NODE_3_length_107807_cov_23.952684_18 (length 161)
prokka_out/CA110357:NODE_3_length_107807_cov_23.952684_19 (length 164)
prokka_out/CA110357:NODE_3_length_107807_cov_23.952684_20 (length 280)
prokka_out/CA110357:NODE_3_length_107807_cov_23.952684_21 (length 65)
prokka_out/CA110357:NODE_3_length_107807_cov_23.952684_22 (length 628)
prokka_out/CA110357:NODE_3_length_107807_cov_23.952684_23 (length 315)
prokka_out/CA110357:NODE_3_length_107807_cov_23.952684_24 (length 158)
prokka_out/CA110357:NODE_3_length_107807_cov_23.952684_25 (length 848)
prokka_out/CA110357:NODE_3_length_107807_cov_23.952684_26 (length 413)
prokka_out/CA110357:NODE_3_length_107807_cov_23.952684_27 (length 249)
prokka_out/CA110357:NODE_3_length_107807_cov_23.952684_28 (length 576)
prokka_out/CA110357:NODE_3_length_107807_cov_23.952684_29 (length 362)
prokka_out/CA110357:NODE_3_length_107807_cov_23.952684_30 (length 136)
prokka_out/CA110357:NODE_3_length_107807_cov_23.952684_31 (length 152)
prokka_out/CA110357:NODE_3_length_107807_cov_23.952684_32 (length 403)
prokka_out/CA110357:NODE_3_length_107807_cov_23.952684_33 (length 240)
prokka_out/CA110357:NODE_3_length_107807_cov_23.952684_34 (length 341)
prokka_out/CA110357:NODE_3_length_107807_cov_23.952684_35 (length 259)
prokka_out/CA110357:NODE_3_length_107807_cov_23.952684_36 (length 222)
prokka_out/CA110357:NODE_3_length_107807_cov_23.952684_37 (length 205)
prokka_out/CA110357:NODE_3_length_107807_cov_23.952684_38 (length 384)
prokka_out/CA110357:NODE_3_length_107807_cov_23.952684_39 (length 429)
prokka_out/CA110357:NODE_3_length_107807_cov_23.952684_40 (length 247)
prokka_out/CA110357:NODE_3_length_107807_cov_23.952684_41 (length 86)
prokka_out/CA110357:NODE_3_length_107807_cov_23.952684_42 (length 256)
prokka_out/CA110357:NODE_3_length_107807_cov_23.952684_43 (length 441)
prokka_out/CA110357:NODE_3_length_107807_cov_23.952684_44 (length 445)
prokka_out/CA110357:NODE_3_length_107807_cov_23.952684_45 (length 239)
prokka_out/CA110357:NODE_3_length_107807_cov_23.952684_46 (length 470)
prokka_out/CA110357:NODE_3_length_107807_cov_23.952684_47 (length 310)
prokka_out/CA110357:NODE_3_length_107807_cov_23.952684_48 (length 248)
prokka_out/CA110357:NODE_3_length_107807_cov_23.952684_49 (length 198)
prokka_out/CA110357:NODE_3_length_107807_cov_23.952684_50 (length 101)
prokka_out/CA110357:NODE_3_length_107807_cov_23.952684_51 (length 259)
prokka_out/CA110357:NODE_3_length_107807_cov_23.952684_52 (length 298)
prokka_out/CA110357:NODE_3_length_107807_cov_23.952684_53 (length 413)
prokka_out/CA110357:NODE_3_length_107807_cov_23.952684_54 (length 352)
prokka_out/CA110357:NODE_3_length_107807_cov_23.952684_55 (length 577)
prokka_out/CA110357:NODE_3_length_107807_cov_23.952684_56 (length 460)
prokka_out/CA110357:NODE_3_length_107807_cov_23.952684_57 (length 483)
prokka_out/CA110357:NODE_3_length_107807_cov_23.952684_58 (length 621)
prokka_out/CA110357:NODE_3_length_107807_cov_23.952684_59 (length 183)
prokka_out/CA110357:NODE_3_length_107807_cov_23.952684_60 (length 346)
prokka_out/CA110357:NODE_3_length_107807_cov_23.952684_61 (length 71)
prokka_out/CA110357:NODE_3_length_107807_cov_23.952684_62 (length 243)
prokka_out/CA110357:NODE_3_length_107807_cov_23.952684_63 (length 475)
prokka_out/CA110357:NODE_3_length_107807_cov_23.952684_64 (length 1169)
prokka_out/CA110357:NODE_3_length_107807_cov_23.952684_65 (length 303)
prokka_out/CA110357:NODE_3_length_107807_cov_23.952684_66 (length 274)
prokka_out/CA110357:NODE_3_length_107807_cov_23.952684_67 (length 371)
prokka_out/CA110357:NODE_3_length_107807_cov_23.952684_68 (length 165)
prokka_out/CA110357:NODE_3_length_107807_cov_23.952684_69 (length 81)
prokka_out/CA110357:NODE_3_length_107807_cov_23.952684_70 (length 193)
prokka_out/CA110357:NODE_3_length_107807_cov_23.952684_71 (length 106)
prokka_out/CA110357:NODE_3_length_107807_cov_23.952684_72 (length 226)
prokka_out/CA110357:NODE_3_length_107807_cov_23.952684_73 (length 58)
prokka_out/CA110357:NODE_3_length_107807_cov_23.952684_74 (length 111)
prokka_out/CA110357:NODE_3_length_107807_cov_23.952684_75 (length 306)
prokka_out/CA110357:NODE_3_length_107807_cov_23.952684_76 (length 173)
prokka_out/CA110357:NODE_3_length_107807_cov_23.952684_77 (length 260)
prokka_out/CA110357:NODE_3_length_107807_cov_23.952684_78 (length 246)
prokka_out/CA110357:NODE_3_length_107807_cov_23.952684_79 (length 924)
prokka_out/CA110357:NODE_3_length_107807_cov_23.952684_80 (length 175)
prokka_out/CA110357:NODE_3_length_107807_cov_23.952684_81 (length 94)
prokka_out/CA110357:NODE_3_length_107807_cov_23.952684_82 (length 86)
prokka_out/CA110357:NODE_3_length_107807_cov_23.952684_83 (length 676)
prokka_out/CA110357:NODE_3_length_107807_cov_23.952684_84 (length 309)
prokka_out/CA110357:NODE_3_length_107807_cov_23.952684_85 (length 870)
prokka_out/CA110357:NODE_3_length_107807_cov_23.952684_86 (length 336)
prokka_out/CA110357:NODE_3_length_107807_cov_23.952684_87 (length 301)
prokka_out/CA110357:NODE_3_length_107807_cov_23.952684_88 (length 257)
prokka_out/CA110357:NODE_3_length_107807_cov_23.952684_89 (length 256)
prokka_out/CA110357:NODE_3_length_107807_cov_23.952684_90 (length 258)
prokka_out/CA110357:NODE_3_length_107807_cov_23.952684_91 (length 220)
prokka_out/CA110357:NODE_3_length_107807_cov_23.952684_92 (length 187)
prokka_out/CA110357:NODE_3_length_107807_cov_23.952684_93 (length 158)
prokka_out/CA110357:NODE_3_length_107807_cov_23.952684_94 (length 192)
prokka_out/CA110357:NODE_3_length_107807_cov_23.952684_95 (length 408)
prokka_out/CA110357:NODE_3_length_107807_cov_23.952684_96 (length 611)
prokka_out/CA110357:NODE_3_length_107807_cov_23.952684_97 (length 210)
prokka_out/CA110357:NODE_3_length_107807_cov_23.952684_98 (length 389)
prokka_out/CA110357:NODE_3_length_107807_cov_23.952684_99 (length 113)
prokka_out/CA110357:NODE_3_length_107807_cov_23.952684_1> (length 340)
prokka_out/CA110357:NODE_3_length_107807_cov_23.952684_1> (length 76)
prokka_out/CA110357:NODE_3_length_107807_cov_23.952684_1> (length 95)
prokka_out/CA110357:NODE_3_length_107807_cov_23.952684_1> (length 623)
prokka_out/CA110357:NODE_3_length_107807_cov_23.952684_1> (length 176)
prokka_out/CA110357:NODE_3_length_107807_cov_23.952684_1> (length 263)
prokka_out/CA110357:NODE_3_length_107807_cov_23.952684_1> (length 696)
prokka_out/CA110357:NODE_3_length_107807_cov_23.952684_1> (length 232)
prokka_out/CA110357:NODE_3_length_107807_cov_23.952684_1> (length 127)
prokka_out/CA110357:NODE_3_length_107807_cov_23.952684_1> (length 94)
prokka_out/CA110357:NODE_4_length_101299_cov_28.002857_1 (length 434)
prokka_out/CA110357:NODE_4_length_101299_cov_28.002857_2 (length 59)
prokka_out/CA110357:NODE_4_length_101299_cov_28.002857_3 (length 280)
prokka_out/CA110357:NODE_4_length_101299_cov_28.002857_4 (length 138)
prokka_out/CA110357:NODE_4_length_101299_cov_28.002857_5 (length 271)
prokka_out/CA110357:NODE_4_length_101299_cov_28.002857_6 (length 314)
prokka_out/CA110357:NODE_4_length_101299_cov_28.002857_7 (length 484)
prokka_out/CA110357:NODE_4_length_101299_cov_28.002857_8 (length 186)
prokka_out/CA110357:NODE_4_length_101299_cov_28.002857_9 (length 461)
prokka_out/CA110357:NODE_4_length_101299_cov_28.002857_10 (length 317)
prokka_out/CA110357:NODE_4_length_101299_cov_28.002857_11 (length 187)
prokka_out/CA110357:NODE_4_length_101299_cov_28.002857_12 (length 99)
prokka_out/CA110357:NODE_4_length_101299_cov_28.002857_13 (length 66)
prokka_out/CA110357:NODE_4_length_101299_cov_28.002857_14 (length 785)
prokka_out/CA110357:NODE_4_length_101299_cov_28.002857_15 (length 432)
prokka_out/CA110357:NODE_4_length_101299_cov_28.002857_16 (length 518)
prokka_out/CA110357:NODE_4_length_101299_cov_28.002857_17 (length 707)
prokka_out/CA110357:NODE_4_length_101299_cov_28.002857_18 (length 67)
prokka_out/CA110357:NODE_4_length_101299_cov_28.002857_19 (length 313)
prokka_out/CA110357:NODE_4_length_101299_cov_28.002857_20 (length 89)
prokka_out/CA110357:NODE_4_length_101299_cov_28.002857_21 (length 164)
prokka_out/CA110357:NODE_4_length_101299_cov_28.002857_22 (length 258)
prokka_out/CA110357:NODE_4_length_101299_cov_28.002857_23 (length 307)
prokka_out/CA110357:NODE_4_length_101299_cov_28.002857_24 (length 201)
prokka_out/CA110357:NODE_4_length_101299_cov_28.002857_25 (length 160)
prokka_out/CA110357:NODE_4_length_101299_cov_28.002857_26 (length 235)
prokka_out/CA110357:NODE_4_length_101299_cov_28.002857_27 (length 113)
prokka_out/CA110357:NODE_4_length_101299_cov_28.002857_28 (length 102)
prokka_out/CA110357:NODE_4_length_101299_cov_28.002857_29 (length 530)
prokka_out/CA110357:NODE_4_length_101299_cov_28.002857_30 (length 79)
prokka_out/CA110357:NODE_4_length_101299_cov_28.002857_31 (length 205)
prokka_out/CA110357:NODE_4_length_101299_cov_28.002857_32 (length 515)
prokka_out/CA110357:NODE_4_length_101299_cov_28.002857_33 (length 255)
prokka_out/CA110357:NODE_4_length_101299_cov_28.002857_34 (length 211)
prokka_out/CA110357:NODE_4_length_101299_cov_28.002857_35 (length 357)
prokka_out/CA110357:NODE_4_length_101299_cov_28.002857_36 (length 263)
prokka_out/CA110357:NODE_4_length_101299_cov_28.002857_37 (length 387)
prokka_out/CA110357:NODE_4_length_101299_cov_28.002857_38 (length 374)
prokka_out/CA110357:NODE_4_length_101299_cov_28.002857_39 (length 416)
prokka_out/CA110357:NODE_4_length_101299_cov_28.002857_40 (length 167)
prokka_out/CA110357:NODE_4_length_101299_cov_28.002857_41 (length 422)
prokka_out/CA110357:NODE_4_length_101299_cov_28.002857_42 (length 619)
prokka_out/CA110357:NODE_4_length_101299_cov_28.002857_43 (length 165)
prokka_out/CA110357:NODE_4_length_101299_cov_28.002857_44 (length 459)
prokka_out/CA110357:NODE_4_length_101299_cov_28.002857_45 (length 164)
prokka_out/CA110357:NODE_4_length_101299_cov_28.002857_46 (length 458)
prokka_out/CA110357:NODE_4_length_101299_cov_28.002857_47 (length 267)
prokka_out/CA110357:NODE_4_length_101299_cov_28.002857_48 (length 508)
prokka_out/CA110357:NODE_4_length_101299_cov_28.002857_49 (length 393)
prokka_out/CA110357:NODE_4_length_101299_cov_28.002857_50 (length 299)
prokka_out/CA110357:NODE_4_length_101299_cov_28.002857_51 (length 472)
prokka_out/CA110357:NODE_4_length_101299_cov_28.002857_52 (length 164)
prokka_out/CA110357:NODE_4_length_101299_cov_28.002857_53 (length 330)
prokka_out/CA110357:NODE_4_length_101299_cov_28.002857_54 (length 256)
prokka_out/CA110357:NODE_4_length_101299_cov_28.002857_55 (length 754)
prokka_out/CA110357:NODE_4_length_101299_cov_28.002857_56 (length 282)
prokka_out/CA110357:NODE_4_length_101299_cov_28.002857_57 (length 66)
prokka_out/CA110357:NODE_4_length_101299_cov_28.002857_58 (length 226)
prokka_out/CA110357:NODE_4_length_101299_cov_28.002857_59 (length 446)
prokka_out/CA110357:NODE_4_length_101299_cov_28.002857_60 (length 283)
prokka_out/CA110357:NODE_4_length_101299_cov_28.002857_61 (length 293)
prokka_out/CA110357:NODE_4_length_101299_cov_28.002857_62 (length 111)
prokka_out/CA110357:NODE_4_length_101299_cov_28.002857_63 (length 314)
prokka_out/CA110357:NODE_4_length_101299_cov_28.002857_64 (length 288)
prokka_out/CA110357:NODE_4_length_101299_cov_28.002857_65 (length 185)
prokka_out/CA110357:NODE_4_length_101299_cov_28.002857_66 (length 517)
prokka_out/CA110357:NODE_4_length_101299_cov_28.002857_67 (length 185)
prokka_out/CA110357:NODE_4_length_101299_cov_28.002857_68 (length 419)
prokka_out/CA110357:NODE_4_length_101299_cov_28.002857_69 (length 268)
prokka_out/CA110357:NODE_4_length_101299_cov_28.002857_70 (length 460)
prokka_out/CA110357:NODE_4_length_101299_cov_28.002857_71 (length 242)
prokka_out/CA110357:NODE_4_length_101299_cov_28.002857_72 (length 386)
prokka_out/CA110357:NODE_4_length_101299_cov_28.002857_73 (length 68)
prokka_out/CA110357:NODE_4_length_101299_cov_28.002857_74 (length 226)
prokka_out/CA110357:NODE_4_length_101299_cov_28.002857_75 (length 203)
prokka_out/CA110357:NODE_4_length_101299_cov_28.002857_76 (length 846)
prokka_out/CA110357:NODE_4_length_101299_cov_28.002857_77 (length 86)
prokka_out/CA110357:NODE_4_length_101299_cov_28.002857_78 (length 545)
prokka_out/CA110357:NODE_4_length_101299_cov_28.002857_79 (length 73)
prokka_out/CA110357:NODE_4_length_101299_cov_28.002857_80 (length 401)
prokka_out/CA110357:NODE_4_length_101299_cov_28.002857_81 (length 221)
prokka_out/CA110357:NODE_4_length_101299_cov_28.002857_82 (length 199)
prokka_out/CA110357:NODE_4_length_101299_cov_28.002857_83 (length 121)
prokka_out/CA110357:NODE_4_length_101299_cov_28.002857_84 (length 451)
prokka_out/CA110357:NODE_4_length_101299_cov_28.002857_85 (length 76)
prokka_out/CA110357:NODE_4_length_101299_cov_28.002857_86 (length 771)
prokka_out/CA110357:NODE_4_length_101299_cov_28.002857_87 (length 1064)
prokka_out/CA110357:NODE_4_length_101299_cov_28.002857_88 (length 416)
prokka_out/CA110357:NODE_4_length_101299_cov_28.002857_89 (length 224)
prokka_out/CA110357:NODE_4_length_101299_cov_28.002857_90 (length 472)
prokka_out/CA110357:NODE_4_length_101299_cov_28.002857_91 (length 299)
prokka_out/CA110357:NODE_4_length_101299_cov_28.002857_92 (length 124)
prokka_out/CA110357:NODE_4_length_101299_cov_28.002857_93 (length 540)
prokka_out/CA110357:NODE_4_length_101299_cov_28.002857_94 (length 110)
prokka_out/CA110357:NODE_4_length_101299_cov_28.002857_95 (length 206)
prokka_out/CA110357:NODE_4_length_101299_cov_28.002857_96 (length 664)
prokka_out/CA110357:NODE_4_length_101299_cov_28.002857_97 (length 273)
prokka_out/CA110357:NODE_4_length_101299_cov_28.002857_98 (length 316)
prokka_out/CA110357:NODE_4_length_101299_cov_28.002857_99 (length 36)
prokka_out/CA110357:NODE_5_length_84794_cov_32.952520_1 (length 261)
prokka_out/CA110357:NODE_5_length_84794_cov_32.952520_2 (length 940)
prokka_out/CA110357:NODE_5_length_84794_cov_32.952520_3 (length 177)
prokka_out/CA110357:NODE_5_length_84794_cov_32.952520_4 (length 225)
prokka_out/CA110357:NODE_5_length_84794_cov_32.952520_5 (length 196)
prokka_out/CA110357:NODE_5_length_84794_cov_32.952520_6 (length 147)
prokka_out/CA110357:NODE_5_length_84794_cov_32.952520_7 (length 879)
prokka_out/CA110357:NODE_5_length_84794_cov_32.952520_8 (length 258)
prokka_out/CA110357:NODE_5_length_84794_cov_32.952520_9 (length 243)
prokka_out/CA110357:NODE_5_length_84794_cov_32.952520_10 (length 362)
prokka_out/CA110357:NODE_5_length_84794_cov_32.952520_11 (length 198)
prokka_out/CA110357:NODE_5_length_84794_cov_32.952520_12 (length 94)
prokka_out/CA110357:NODE_5_length_84794_cov_32.952520_13 (length 137)
prokka_out/CA110357:NODE_5_length_84794_cov_32.952520_14 (length 119)
prokka_out/CA110357:NODE_5_length_84794_cov_32.952520_15 (length 48)
prokka_out/CA110357:NODE_5_length_84794_cov_32.952520_16 (length 328)
prokka_out/CA110357:NODE_5_length_84794_cov_32.952520_17 (length 325)
prokka_out/CA110357:NODE_5_length_84794_cov_32.952520_18 (length 358)
prokka_out/CA110357:NODE_5_length_84794_cov_32.952520_19 (length 387)
prokka_out/CA110357:NODE_5_length_84794_cov_32.952520_20 (length 321)
prokka_out/CA110357:NODE_5_length_84794_cov_32.952520_21 (length 147)
prokka_out/CA110357:NODE_5_length_84794_cov_32.952520_22 (length 497)
prokka_out/CA110357:NODE_5_length_84794_cov_32.952520_23 (length 235)
prokka_out/CA110357:NODE_5_length_84794_cov_32.952520_24 (length 400)
prokka_out/CA110357:NODE_5_length_84794_cov_32.952520_25 (length 136)
prokka_out/CA110357:NODE_5_length_84794_cov_32.952520_26 (length 625)
prokka_out/CA110357:NODE_5_length_84794_cov_32.952520_27 (length 276)
prokka_out/CA110357:NODE_5_length_84794_cov_32.952520_28 (length 342)
prokka_out/CA110357:NODE_5_length_84794_cov_32.952520_29 (length 560)
prokka_out/CA110357:NODE_5_length_84794_cov_32.952520_30 (length 364)
prokka_out/CA110357:NODE_5_length_84794_cov_32.952520_31 (length 359)
prokka_out/CA110357:NODE_5_length_84794_cov_32.952520_32 (length 255)
prokka_out/CA110357:NODE_5_length_84794_cov_32.952520_33 (length 402)
prokka_out/CA110357:NODE_5_length_84794_cov_32.952520_34 (length 352)
prokka_out/CA110357:NODE_5_length_84794_cov_32.952520_35 (length 180)
prokka_out/CA110357:NODE_5_length_84794_cov_32.952520_36 (length 178)
prokka_out/CA110357:NODE_5_length_84794_cov_32.952520_37 (length 108)
prokka_out/CA110357:NODE_5_length_84794_cov_32.952520_38 (length 104)
prokka_out/CA110357:NODE_5_length_84794_cov_32.952520_39 (length 201)
prokka_out/CA110357:NODE_5_length_84794_cov_32.952520_40 (length 427)
prokka_out/CA110357:NODE_5_length_84794_cov_32.952520_41 (length 380)
prokka_out/CA110357:NODE_5_length_84794_cov_32.952520_42 (length 203)
prokka_out/CA110357:NODE_5_length_84794_cov_32.952520_43 (length 228)
prokka_out/CA110357:NODE_5_length_84794_cov_32.952520_44 (length 249)
prokka_out/CA110357:NODE_5_length_84794_cov_32.952520_45 (length 133)
prokka_out/CA110357:NODE_5_length_84794_cov_32.952520_46 (length 222)
prokka_out/CA110357:NODE_5_length_84794_cov_32.952520_47 (length 294)
prokka_out/CA110357:NODE_5_length_84794_cov_32.952520_48 (length 257)
prokka_out/CA110357:NODE_5_length_84794_cov_32.952520_49 (length 274)
prokka_out/CA110357:NODE_5_length_84794_cov_32.952520_50 (length 282)
prokka_out/CA110357:NODE_5_length_84794_cov_32.952520_51 (length 126)
prokka_out/CA110357:NODE_5_length_84794_cov_32.952520_52 (length 150)
prokka_out/CA110357:NODE_5_length_84794_cov_32.952520_53 (length 218)
prokka_out/CA110357:NODE_5_length_84794_cov_32.952520_54 (length 257)
prokka_out/CA110357:NODE_5_length_84794_cov_32.952520_55 (length 144)
prokka_out/CA110357:NODE_5_length_84794_cov_32.952520_56 (length 126)
prokka_out/CA110357:NODE_5_length_84794_cov_32.952520_57 (length 80)
prokka_out/CA110357:NODE_5_length_84794_cov_32.952520_58 (length 258)
prokka_out/CA110357:NODE_5_length_84794_cov_32.952520_59 (length 267)
prokka_out/CA110357:NODE_5_length_84794_cov_32.952520_60 (length 125)
prokka_out/CA110357:NODE_5_length_84794_cov_32.952520_61 (length 65)
prokka_out/CA110357:NODE_5_length_84794_cov_32.952520_62 (length 294)
prokka_out/CA110357:NODE_5_length_84794_cov_32.952520_63 (length 363)
prokka_out/CA110357:NODE_5_length_84794_cov_32.952520_64 (length 161)
prokka_out/CA110357:NODE_5_length_84794_cov_32.952520_65 (length 211)
prokka_out/CA110357:NODE_5_length_84794_cov_32.952520_66 (length 318)
prokka_out/CA110357:NODE_5_length_84794_cov_32.952520_67 (length 764)
prokka_out/CA110357:NODE_5_length_84794_cov_32.952520_68 (length 173)
prokka_out/CA110357:NODE_5_length_84794_cov_32.952520_69 (length 207)
prokka_out/CA110357:NODE_5_length_84794_cov_32.952520_70 (length 328)
prokka_out/CA110357:NODE_5_length_84794_cov_32.952520_71 (length 140)
prokka_out/CA110357:NODE_5_length_84794_cov_32.952520_72 (length 1089)
prokka_out/CA110357:NODE_5_length_84794_cov_32.952520_73 (length 84)
prokka_out/CA110357:NODE_5_length_84794_cov_32.952520_74 (length 238)
prokka_out/CA110357:NODE_5_length_84794_cov_32.952520_75 (length 188)
prokka_out/CA110357:NODE_5_length_84794_cov_32.952520_76 (length 484)
prokka_out/CA110357:NODE_5_length_84794_cov_32.952520_77 (length 375)
prokka_out/CA110357:NODE_5_length_84794_cov_32.952520_78 (length 291)
prokka_out/CA110357:NODE_5_length_84794_cov_32.952520_79 (length 635)
prokka_out/CA110357:NODE_5_length_84794_cov_32.952520_80 (length 307)
prokka_out/CA110357:NODE_5_length_84794_cov_32.952520_81 (length 249)
prokka_out/CA110357:NODE_5_length_84794_cov_32.952520_82 (length 346)
prokka_out/CA110357:NODE_5_length_84794_cov_32.952520_83 (length 407)
prokka_out/CA110357:NODE_5_length_84794_cov_32.952520_84 (length 263)
prokka_out/CA110357:NODE_5_length_84794_cov_32.952520_85 (length 146)
prokka_out/CA110357:NODE_5_length_84794_cov_32.952520_86 (length 363)
prokka_out/CA110357:NODE_5_length_84794_cov_32.952520_87 (length 152)
prokka_out/CA110357:NODE_5_length_84794_cov_32.952520_88 (length 68)
prokka_out/CA110357:NODE_5_length_84794_cov_32.952520_89 (length 304)
prokka_out/CA110357:NODE_5_length_84794_cov_32.952520_90 (length 360)
prokka_out/CA110357:NODE_5_length_84794_cov_32.952520_91 (length 176)
prokka_out/CA110357:NODE_5_length_84794_cov_32.952520_92 (length 169)
prokka_out/CA110357:NODE_6_length_75010_cov_33.629876_1 (length 284)
prokka_out/CA110357:NODE_6_length_75010_cov_33.629876_2 (length 284)
prokka_out/CA110357:NODE_6_length_75010_cov_33.629876_3 (length 268)
prokka_out/CA110357:NODE_6_length_75010_cov_33.629876_4 (length 565)
prokka_out/CA110357:NODE_6_length_75010_cov_33.629876_5 (length 126)
prokka_out/CA110357:NODE_6_length_75010_cov_33.629876_6 (length 95)
prokka_out/CA110357:NODE_6_length_75010_cov_33.629876_7 (length 147)
prokka_out/CA110357:NODE_6_length_75010_cov_33.629876_8 (length 120)
prokka_out/CA110357:NODE_6_length_75010_cov_33.629876_9 (length 856)
prokka_out/CA110357:NODE_6_length_75010_cov_33.629876_10 (length 97)
prokka_out/CA110357:NODE_6_length_75010_cov_33.629876_11 (length 292)
prokka_out/CA110357:NODE_6_length_75010_cov_33.629876_12 (length 133)
prokka_out/CA110357:NODE_6_length_75010_cov_33.629876_13 (length 294)
prokka_out/CA110357:NODE_6_length_75010_cov_33.629876_14 (length 457)
prokka_out/CA110357:NODE_6_length_75010_cov_33.629876_15 (length 275)
prokka_out/CA110357:NODE_6_length_75010_cov_33.629876_16 (length 738)
prokka_out/CA110357:NODE_6_length_75010_cov_33.629876_17 (length 238)
prokka_out/CA110357:NODE_6_length_75010_cov_33.629876_18 (length 280)
prokka_out/CA110357:NODE_6_length_75010_cov_33.629876_19 (length 149)
prokka_out/CA110357:NODE_6_length_75010_cov_33.629876_20 (length 117)
prokka_out/CA110357:NODE_6_length_75010_cov_33.629876_21 (length 328)
prokka_out/CA110357:NODE_6_length_75010_cov_33.629876_22 (length 308)
prokka_out/CA110357:NODE_6_length_75010_cov_33.629876_23 (length 412)
prokka_out/CA110357:NODE_6_length_75010_cov_33.629876_24 (length 230)
prokka_out/CA110357:NODE_6_length_75010_cov_33.629876_25 (length 135)
prokka_out/CA110357:NODE_6_length_75010_cov_33.629876_26 (length 204)
prokka_out/CA110357:NODE_6_length_75010_cov_33.629876_27 (length 173)
prokka_out/CA110357:NODE_6_length_75010_cov_33.629876_28 (length 251)
prokka_out/CA110357:NODE_6_length_75010_cov_33.629876_29 (length 228)
prokka_out/CA110357:NODE_6_length_75010_cov_33.629876_30 (length 324)
prokka_out/CA110357:NODE_6_length_75010_cov_33.629876_31 (length 190)
prokka_out/CA110357:NODE_6_length_75010_cov_33.629876_32 (length 317)
prokka_out/CA110357:NODE_6_length_75010_cov_33.629876_33 (length 165)
prokka_out/CA110357:NODE_6_length_75010_cov_33.629876_34 (length 403)
prokka_out/CA110357:NODE_6_length_75010_cov_33.629876_35 (length 258)
prokka_out/CA110357:NODE_6_length_75010_cov_33.629876_36 (length 129)
prokka_out/CA110357:NODE_6_length_75010_cov_33.629876_37 (length 184)
prokka_out/CA110357:NODE_6_length_75010_cov_33.629876_38 (length 129)
prokka_out/CA110357:NODE_6_length_75010_cov_33.629876_39 (length 465)
prokka_out/CA110357:NODE_6_length_75010_cov_33.629876_40 (length 294)
prokka_out/CA110357:NODE_6_length_75010_cov_33.629876_41 (length 501)
prokka_out/CA110357:NODE_6_length_75010_cov_33.629876_42 (length 173)
prokka_out/CA110357:NODE_6_length_75010_cov_33.629876_43 (length 170)
prokka_out/CA110357:NODE_6_length_75010_cov_33.629876_44 (length 141)
prokka_out/CA110357:NODE_6_length_75010_cov_33.629876_45 (length 278)
prokka_out/CA110357:NODE_6_length_75010_cov_33.629876_46 (length 261)
prokka_out/CA110357:NODE_6_length_75010_cov_33.629876_47 (length 217)
prokka_out/CA110357:NODE_6_length_75010_cov_33.629876_48 (length 306)
prokka_out/CA110357:NODE_6_length_75010_cov_33.629876_49 (length 242)
prokka_out/CA110357:NODE_6_length_75010_cov_33.629876_50 (length 44)
prokka_out/CA110357:NODE_6_length_75010_cov_33.629876_51 (length 251)
prokka_out/CA110357:NODE_6_length_75010_cov_33.629876_52 (length 279)
prokka_out/CA110357:NODE_6_length_75010_cov_33.629876_53 (length 220)
prokka_out/CA110357:NODE_6_length_75010_cov_33.629876_54 (length 67)
prokka_out/CA110357:NODE_6_length_75010_cov_33.629876_55 (length 414)
prokka_out/CA110357:NODE_6_length_75010_cov_33.629876_56 (length 343)
prokka_out/CA110357:NODE_6_length_75010_cov_33.629876_57 (length 287)
prokka_out/CA110357:NODE_6_length_75010_cov_33.629876_58 (length 89)
prokka_out/CA110357:NODE_6_length_75010_cov_33.629876_59 (length 258)
prokka_out/CA110357:NODE_6_length_75010_cov_33.629876_60 (length 57)
prokka_out/CA110357:NODE_6_length_75010_cov_33.629876_61 (length 253)
prokka_out/CA110357:NODE_6_length_75010_cov_33.629876_62 (length 254)
prokka_out/CA110357:NODE_6_length_75010_cov_33.629876_63 (length 422)
prokka_out/CA110357:NODE_6_length_75010_cov_33.629876_64 (length 391)
prokka_out/CA110357:NODE_6_length_75010_cov_33.629876_65 (length 278)
prokka_out/CA110357:NODE_6_length_75010_cov_33.629876_66 (length 700)
prokka_out/CA110357:NODE_6_length_75010_cov_33.629876_67 (length 419)
prokka_out/CA110357:NODE_6_length_75010_cov_33.629876_68 (length 421)
prokka_out/CA110357:NODE_6_length_75010_cov_33.629876_69 (length 130)
prokka_out/CA110357:NODE_6_length_75010_cov_33.629876_70 (length 147)
prokka_out/CA110357:NODE_6_length_75010_cov_33.629876_71 (length 118)
prokka_out/CA110357:NODE_6_length_75010_cov_33.629876_72 (length 178)
prokka_out/CA110357:NODE_6_length_75010_cov_33.629876_73 (length 131)
prokka_out/CA110357:NODE_6_length_75010_cov_33.629876_74 (length 61)
prokka_out/CA110357:NODE_6_length_75010_cov_33.629876_75 (length 180)
prokka_out/CA110357:NODE_6_length_75010_cov_33.629876_76 (length 77)
prokka_out/CA110357:NODE_6_length_75010_cov_33.629876_77 (length 122)
prokka_out/CA110357:NODE_6_length_75010_cov_33.629876_78 (length 83)
prokka_out/CA110357:NODE_6_length_75010_cov_33.629876_79 (length 61)
prokka_out/CA110357:NODE_6_length_75010_cov_33.629876_80 (length 141)
prokka_out/CA110357:NODE_6_length_75010_cov_33.629876_81 (length 233)
prokka_out/CA110357:NODE_6_length_75010_cov_33.629876_82 (length 135)
prokka_out/CA110357:NODE_6_length_75010_cov_33.629876_83 (length 93)
prokka_out/CA110357:NODE_6_length_75010_cov_33.629876_84 (length 276)
prokka_out/CA110357:NODE_6_length_75010_cov_33.629876_85 (length 93)
prokka_out/CA110357:NODE_6_length_75010_cov_33.629876_86 (length 204)
prokka_out/CA110357:NODE_6_length_75010_cov_33.629876_87 (length 191)
prokka_out/CA110357:NODE_6_length_75010_cov_33.629876_88 (length 103)
prokka_out/CA110357:NODE_6_length_75010_cov_33.629876_89 (length 253)
prokka_out/CA110357:NODE_6_length_75010_cov_33.629876_90 (length 676)
prokka_out/CA110357:NODE_6_length_75010_cov_33.629876_91 (length 264)
prokka_out/CA110357:NODE_6_length_75010_cov_33.629876_92 (length 178)
prokka_out/CA110357:NODE_6_length_75010_cov_33.629876_93 (length 356)
prokka_out/CA110357:NODE_6_length_75010_cov_33.629876_94 (length 34)
prokka_out/CA110357:NODE_7_length_73514_cov_27.283824_1 (length 413)
prokka_out/CA110357:NODE_7_length_73514_cov_27.283824_2 (length 530)
prokka_out/CA110357:NODE_7_length_73514_cov_27.283824_3 (length 199)
prokka_out/CA110357:NODE_7_length_73514_cov_27.283824_4 (length 392)
prokka_out/CA110357:NODE_7_length_73514_cov_27.283824_5 (length 249)
prokka_out/CA110357:NODE_7_length_73514_cov_27.283824_6 (length 140)
prokka_out/CA110357:NODE_7_length_73514_cov_27.283824_7 (length 102)
prokka_out/CA110357:NODE_7_length_73514_cov_27.283824_8 (length 263)
prokka_out/CA110357:NODE_7_length_73514_cov_27.283824_9 (length 486)
prokka_out/CA110357:NODE_7_length_73514_cov_27.283824_10 (length 81)
prokka_out/CA110357:NODE_7_length_73514_cov_27.283824_11 (length 223)
prokka_out/CA110357:NODE_7_length_73514_cov_27.283824_12 (length 105)
prokka_out/CA110357:NODE_7_length_73514_cov_27.283824_13 (length 203)
prokka_out/CA110357:NODE_7_length_73514_cov_27.283824_14 (length 341)
prokka_out/CA110357:NODE_7_length_73514_cov_27.283824_15 (length 446)
prokka_out/CA110357:NODE_7_length_73514_cov_27.283824_16 (length 156)
prokka_out/CA110357:NODE_7_length_73514_cov_27.283824_17 (length 150)
prokka_out/CA110357:NODE_7_length_73514_cov_27.283824_18 (length 436)
prokka_out/CA110357:NODE_7_length_73514_cov_27.283824_19 (length 83)
prokka_out/CA110357:NODE_7_length_73514_cov_27.283824_20 (length 492)
prokka_out/CA110357:NODE_7_length_73514_cov_27.283824_21 (length 1040)
prokka_out/CA110357:NODE_7_length_73514_cov_27.283824_22 (length 367)
prokka_out/CA110357:NODE_7_length_73514_cov_27.283824_23 (length 211)
prokka_out/CA110357:NODE_7_length_73514_cov_27.283824_24 (length 458)
prokka_out/CA110357:NODE_7_length_73514_cov_27.283824_25 (length 70)
prokka_out/CA110357:NODE_7_length_73514_cov_27.283824_26 (length 201)
prokka_out/CA110357:NODE_7_length_73514_cov_27.283824_27 (length 389)
prokka_out/CA110357:NODE_7_length_73514_cov_27.283824_28 (length 311)
prokka_out/CA110357:NODE_7_length_73514_cov_27.283824_29 (length 163)
prokka_out/CA110357:NODE_7_length_73514_cov_27.283824_30 (length 161)
prokka_out/CA110357:NODE_7_length_73514_cov_27.283824_31 (length 273)
prokka_out/CA110357:NODE_7_length_73514_cov_27.283824_32 (length 570)
prokka_out/CA110357:NODE_7_length_73514_cov_27.283824_33 (length 182)
prokka_out/CA110357:NODE_7_length_73514_cov_27.283824_34 (length 297)
prokka_out/CA110357:NODE_7_length_73514_cov_27.283824_35 (length 259)
prokka_out/CA110357:NODE_7_length_73514_cov_27.283824_36 (length 279)
prokka_out/CA110357:NODE_7_length_73514_cov_27.283824_37 (length 132)
prokka_out/CA110357:NODE_7_length_73514_cov_27.283824_38 (length 154)
prokka_out/CA110357:NODE_7_length_73514_cov_27.283824_39 (length 270)
prokka_out/CA110357:NODE_7_length_73514_cov_27.283824_40 (length 310)
prokka_out/CA110357:NODE_7_length_73514_cov_27.283824_41 (length 460)
prokka_out/CA110357:NODE_7_length_73514_cov_27.283824_42 (length 165)
prokka_out/CA110357:NODE_7_length_73514_cov_27.283824_43 (length 319)
prokka_out/CA110357:NODE_7_length_73514_cov_27.283824_44 (length 411)
prokka_out/CA110357:NODE_7_length_73514_cov_27.283824_45 (length 820)
prokka_out/CA110357:NODE_7_length_73514_cov_27.283824_46 (length 208)
prokka_out/CA110357:NODE_7_length_73514_cov_27.283824_47 (length 480)
prokka_out/CA110357:NODE_7_length_73514_cov_27.283824_48 (length 448)
prokka_out/CA110357:NODE_7_length_73514_cov_27.283824_49 (length 209)
prokka_out/CA110357:NODE_7_length_73514_cov_27.283824_50 (length 95)
prokka_out/CA110357:NODE_7_length_73514_cov_27.283824_51 (length 332)
prokka_out/CA110357:NODE_7_length_73514_cov_27.283824_52 (length 192)
prokka_out/CA110357:NODE_7_length_73514_cov_27.283824_53 (length 95)
prokka_out/CA110357:NODE_7_length_73514_cov_27.283824_54 (length 186)
prokka_out/CA110357:NODE_7_length_73514_cov_27.283824_55 (length 156)
prokka_out/CA110357:NODE_7_length_73514_cov_27.283824_56 (length 502)
prokka_out/CA110357:NODE_7_length_73514_cov_27.283824_57 (length 414)
prokka_out/CA110357:NODE_7_length_73514_cov_27.283824_58 (length 181)
prokka_out/CA110357:NODE_7_length_73514_cov_27.283824_59 (length 275)
prokka_out/CA110357:NODE_7_length_73514_cov_27.283824_60 (length 263)
prokka_out/CA110357:NODE_7_length_73514_cov_27.283824_61 (length 301)
prokka_out/CA110357:NODE_7_length_73514_cov_27.283824_62 (length 271)
prokka_out/CA110357:NODE_7_length_73514_cov_27.283824_63 (length 261)
prokka_out/CA110357:NODE_7_length_73514_cov_27.283824_64 (length 663)
prokka_out/CA110357:NODE_7_length_73514_cov_27.283824_65 (length 241)
prokka_out/CA110357:NODE_7_length_73514_cov_27.283824_66 (length 728)
prokka_out/CA110357:NODE_7_length_73514_cov_27.283824_67 (length 610)
prokka_out/CA110357:NODE_7_length_73514_cov_27.283824_68 (length 234)
prokka_out/CA110357:NODE_7_length_73514_cov_27.283824_69 (length 226)
prokka_out/CA110357:NODE_7_length_73514_cov_27.283824_70 (length 120)
prokka_out/CA110357:NODE_7_length_73514_cov_27.283824_71 (length 190)
prokka_out/CA110357:NODE_7_length_73514_cov_27.283824_72 (length 318)
prokka_out/CA110357:NODE_7_length_73514_cov_27.283824_73 (length 69)
prokka_out/CA110357:NODE_7_length_73514_cov_27.283824_74 (length 140)
prokka_out/CA110357:NODE_7_length_73514_cov_27.283824_75 (length 117)
prokka_out/CA110357:NODE_7_length_73514_cov_27.283824_76 (length 68)
prokka_out/CA110357:NODE_7_length_73514_cov_27.283824_77 (length 99)
prokka_out/CA110357:NODE_7_length_73514_cov_27.283824_78 (length 525)
prokka_out/CA110357:NODE_7_length_73514_cov_27.283824_79 (length 110)
prokka_out/CA110357:NODE_7_length_73514_cov_27.283824_80 (length 125)
prokka_out/CA110357:NODE_7_length_73514_cov_27.283824_81 (length 194)
prokka_out/CA110357:NODE_8_length_63333_cov_26.930244_1 (length 201)
prokka_out/CA110357:NODE_8_length_63333_cov_26.930244_2 (length 438)
prokka_out/CA110357:NODE_8_length_63333_cov_26.930244_3 (length 376)
prokka_out/CA110357:NODE_8_length_63333_cov_26.930244_4 (length 334)
prokka_out/CA110357:NODE_8_length_63333_cov_26.930244_5 (length 186)
prokka_out/CA110357:NODE_8_length_63333_cov_26.930244_6 (length 151)
prokka_out/CA110357:NODE_8_length_63333_cov_26.930244_7 (length 443)
prokka_out/CA110357:NODE_8_length_63333_cov_26.930244_8 (length 271)
prokka_out/CA110357:NODE_8_length_63333_cov_26.930244_9 (length 463)
prokka_out/CA110357:NODE_8_length_63333_cov_26.930244_10 (length 411)
prokka_out/CA110357:NODE_8_length_63333_cov_26.930244_11 (length 208)
prokka_out/CA110357:NODE_8_length_63333_cov_26.930244_12 (length 223)
prokka_out/CA110357:NODE_8_length_63333_cov_26.930244_13 (length 216)
prokka_out/CA110357:NODE_8_length_63333_cov_26.930244_14 (length 447)
prokka_out/CA110357:NODE_8_length_63333_cov_26.930244_15 (length 339)
prokka_out/CA110357:NODE_8_length_63333_cov_26.930244_16 (length 147)
prokka_out/CA110357:NODE_8_length_63333_cov_26.930244_17 (length 566)
prokka_out/CA110357:NODE_8_length_63333_cov_26.930244_18 (length 154)
prokka_out/CA110357:NODE_8_length_63333_cov_26.930244_19 (length 317)
prokka_out/CA110357:NODE_8_length_63333_cov_26.930244_20 (length 341)
prokka_out/CA110357:NODE_8_length_63333_cov_26.930244_21 (length 248)
prokka_out/CA110357:NODE_8_length_63333_cov_26.930244_22 (length 134)
prokka_out/CA110357:NODE_8_length_63333_cov_26.930244_23 (length 355)
prokka_out/CA110357:NODE_8_length_63333_cov_26.930244_24 (length 156)
prokka_out/CA110357:NODE_8_length_63333_cov_26.930244_25 (length 400)
prokka_out/CA110357:NODE_8_length_63333_cov_26.930244_26 (length 177)
prokka_out/CA110357:NODE_8_length_63333_cov_26.930244_27 (length 203)
prokka_out/CA110357:NODE_8_length_63333_cov_26.930244_28 (length 380)
prokka_out/CA110357:NODE_8_length_63333_cov_26.930244_29 (length 646)
prokka_out/CA110357:NODE_8_length_63333_cov_26.930244_30 (length 334)
prokka_out/CA110357:NODE_8_length_63333_cov_26.930244_31 (length 249)
prokka_out/CA110357:NODE_8_length_63333_cov_26.930244_32 (length 278)
prokka_out/CA110357:NODE_8_length_63333_cov_26.930244_33 (length 234)
prokka_out/CA110357:NODE_8_length_63333_cov_26.930244_34 (length 72)
prokka_out/CA110357:NODE_8_length_63333_cov_26.930244_35 (length 210)
prokka_out/CA110357:NODE_8_length_63333_cov_26.930244_36 (length 216)
prokka_out/CA110357:NODE_8_length_63333_cov_26.930244_37 (length 208)
prokka_out/CA110357:NODE_8_length_63333_cov_26.930244_38 (length 273)
prokka_out/CA110357:NODE_8_length_63333_cov_26.930244_39 (length 354)
prokka_out/CA110357:NODE_8_length_63333_cov_26.930244_40 (length 484)
prokka_out/CA110357:NODE_8_length_63333_cov_26.930244_41 (length 316)
prokka_out/CA110357:NODE_8_length_63333_cov_26.930244_42 (length 289)
prokka_out/CA110357:NODE_8_length_63333_cov_26.930244_43 (length 151)
prokka_out/CA110357:NODE_8_length_63333_cov_26.930244_44 (length 394)
prokka_out/CA110357:NODE_8_length_63333_cov_26.930244_45 (length 218)
prokka_out/CA110357:NODE_8_length_63333_cov_26.930244_46 (length 69)
prokka_out/CA110357:NODE_8_length_63333_cov_26.930244_47 (length 89)
prokka_out/CA110357:NODE_8_length_63333_cov_26.930244_48 (length 160)
prokka_out/CA110357:NODE_8_length_63333_cov_26.930244_49 (length 738)
prokka_out/CA110357:NODE_8_length_63333_cov_26.930244_50 (length 682)
prokka_out/CA110357:NODE_8_length_63333_cov_26.930244_51 (length 150)
prokka_out/CA110357:NODE_8_length_63333_cov_26.930244_52 (length 416)
prokka_out/CA110357:NODE_8_length_63333_cov_26.930244_53 (length 486)
prokka_out/CA110357:NODE_8_length_63333_cov_26.930244_54 (length 185)
prokka_out/CA110357:NODE_8_length_63333_cov_26.930244_55 (length 202)
prokka_out/CA110357:NODE_8_length_63333_cov_26.930244_56 (length 511)
prokka_out/CA110357:NODE_8_length_63333_cov_26.930244_57 (length 158)
prokka_out/CA110357:NODE_8_length_63333_cov_26.930244_58 (length 604)
prokka_out/CA110357:NODE_8_length_63333_cov_26.930244_59 (length 397)
prokka_out/CA110357:NODE_8_length_63333_cov_26.930244_60 (length 300)
prokka_out/CA110357:NODE_8_length_63333_cov_26.930244_61 (length 340)
prokka_out/CA110357:NODE_8_length_63333_cov_26.930244_62 (length 103)
prokka_out/CA110357:NODE_8_length_63333_cov_26.930244_63 (length 201)
prokka_out/CA110357:NODE_8_length_63333_cov_26.930244_64 (length 366)
prokka_out/CA110357:NODE_8_length_63333_cov_26.930244_65 (length 255)
prokka_out/CA110357:NODE_8_length_63333_cov_26.930244_66 (length 325)
prokka_out/CA110357:NODE_9_length_61305_cov_33.338292_1 (length 100)
prokka_out/CA110357:NODE_9_length_61305_cov_33.338292_2 (length 108)
prokka_out/CA110357:NODE_9_length_61305_cov_33.338292_3 (length 118)
prokka_out/CA110357:NODE_9_length_61305_cov_33.338292_4 (length 396)
prokka_out/CA110357:NODE_9_length_61305_cov_33.338292_5 (length 148)
prokka_out/CA110357:NODE_9_length_61305_cov_33.338292_6 (length 73)
prokka_out/CA110357:NODE_9_length_61305_cov_33.338292_7 (length 513)
prokka_out/CA110357:NODE_9_length_61305_cov_33.338292_8 (length 382)
prokka_out/CA110357:NODE_9_length_61305_cov_33.338292_9 (length 233)
prokka_out/CA110357:NODE_9_length_61305_cov_33.338292_10 (length 63)
prokka_out/CA110357:NODE_9_length_61305_cov_33.338292_11 (length 180)
prokka_out/CA110357:NODE_9_length_61305_cov_33.338292_12 (length 746)
prokka_out/CA110357:NODE_9_length_61305_cov_33.338292_13 (length 213)
prokka_out/CA110357:NODE_9_length_61305_cov_33.338292_14 (length 310)
prokka_out/CA110357:NODE_9_length_61305_cov_33.338292_15 (length 746)
prokka_out/CA110357:NODE_9_length_61305_cov_33.338292_16 (length 260)
prokka_out/CA110357:NODE_9_length_61305_cov_33.338292_17 (length 243)
prokka_out/CA110357:NODE_9_length_61305_cov_33.338292_18 (length 190)
prokka_out/CA110357:NODE_9_length_61305_cov_33.338292_19 (length 308)
prokka_out/CA110357:NODE_9_length_61305_cov_33.338292_20 (length 1167)
prokka_out/CA110357:NODE_9_length_61305_cov_33.338292_21 (length 493)
prokka_out/CA110357:NODE_9_length_61305_cov_33.338292_22 (length 75)
prokka_out/CA110357:NODE_9_length_61305_cov_33.338292_23 (length 403)
prokka_out/CA110357:NODE_9_length_61305_cov_33.338292_24 (length 416)
prokka_out/CA110357:NODE_9_length_61305_cov_33.338292_25 (length 142)
prokka_out/CA110357:NODE_9_length_61305_cov_33.338292_26 (length 172)
prokka_out/CA110357:NODE_9_length_61305_cov_33.338292_27 (length 183)
prokka_out/CA110357:NODE_9_length_61305_cov_33.338292_28 (length 372)
prokka_out/CA110357:NODE_9_length_61305_cov_33.338292_29 (length 223)
prokka_out/CA110357:NODE_9_length_61305_cov_33.338292_30 (length 404)
prokka_out/CA110357:NODE_9_length_61305_cov_33.338292_31 (length 222)
prokka_out/CA110357:NODE_9_length_61305_cov_33.338292_32 (length 488)
prokka_out/CA110357:NODE_9_length_61305_cov_33.338292_33 (length 221)
prokka_out/CA110357:NODE_9_length_61305_cov_33.338292_34 (length 83)
prokka_out/CA110357:NODE_9_length_61305_cov_33.338292_35 (length 287)
prokka_out/CA110357:NODE_9_length_61305_cov_33.338292_36 (length 73)
prokka_out/CA110357:NODE_9_length_61305_cov_33.338292_37 (length 33)
prokka_out/CA110357:NODE_9_length_61305_cov_33.338292_38 (length 196)
prokka_out/CA110357:NODE_9_length_61305_cov_33.338292_39 (length 174)
prokka_out/CA110357:NODE_9_length_61305_cov_33.338292_40 (length 788)
prokka_out/CA110357:NODE_9_length_61305_cov_33.338292_41 (length 920)
prokka_out/CA110357:NODE_9_length_61305_cov_33.338292_42 (length 214)
prokka_out/CA110357:NODE_9_length_61305_cov_33.338292_43 (length 186)
prokka_out/CA110357:NODE_9_length_61305_cov_33.338292_44 (length 141)
prokka_out/CA110357:NODE_9_length_61305_cov_33.338292_45 (length 129)
prokka_out/CA110357:NODE_9_length_61305_cov_33.338292_46 (length 332)
prokka_out/CA110357:NODE_9_length_61305_cov_33.338292_47 (length 212)
prokka_out/CA110357:NODE_9_length_61305_cov_33.338292_48 (length 1186)
prokka_out/CA110357:NODE_9_length_61305_cov_33.338292_49 (length 98)
prokka_out/CA110357:NODE_9_length_61305_cov_33.338292_50 (length 472)
prokka_out/CA110357:NODE_9_length_61305_cov_33.338292_51 (length 198)
prokka_out/CA110357:NODE_9_length_61305_cov_33.338292_52 (length 198)
prokka_out/CA110357:NODE_9_length_61305_cov_33.338292_53 (length 520)
prokka_out/CA110357:NODE_9_length_61305_cov_33.338292_54 (length 391)
prokka_out/CA110357:NODE_9_length_61305_cov_33.338292_55 (length 254)
prokka_out/CA110357:NODE_9_length_61305_cov_33.338292_56 (length 254)
prokka_out/CA110357:NODE_9_length_61305_cov_33.338292_57 (length 608)
prokka_out/CA110357:NODE_9_length_61305_cov_33.338292_58 (length 144)
prokka_out/CA110357:NODE_9_length_61305_cov_33.338292_59 (length 65)
prokka_out/CA110357:NODE_9_length_61305_cov_33.338292_60 (length 113)
prokka_out/CA110357:NODE_9_length_61305_cov_33.338292_61 (length 348)
prokka_out/CA110357:NODE_10_length_57455_cov_29.148200_1 (length 327)
prokka_out/CA110357:NODE_10_length_57455_cov_29.148200_2 (length 146)
prokka_out/CA110357:NODE_10_length_57455_cov_29.148200_3 (length 224)
prokka_out/CA110357:NODE_10_length_57455_cov_29.148200_4 (length 363)
prokka_out/CA110357:NODE_10_length_57455_cov_29.148200_5 (length 182)
prokka_out/CA110357:NODE_10_length_57455_cov_29.148200_6 (length 379)
prokka_out/CA110357:NODE_10_length_57455_cov_29.148200_7 (length 330)
prokka_out/CA110357:NODE_10_length_57455_cov_29.148200_8 (length 283)
prokka_out/CA110357:NODE_10_length_57455_cov_29.148200_9 (length 546)
prokka_out/CA110357:NODE_10_length_57455_cov_29.148200_10 (length 447)
prokka_out/CA110357:NODE_10_length_57455_cov_29.148200_11 (length 327)
prokka_out/CA110357:NODE_10_length_57455_cov_29.148200_12 (length 53)
prokka_out/CA110357:NODE_10_length_57455_cov_29.148200_13 (length 289)
prokka_out/CA110357:NODE_10_length_57455_cov_29.148200_14 (length 129)
prokka_out/CA110357:NODE_10_length_57455_cov_29.148200_15 (length 141)
prokka_out/CA110357:NODE_10_length_57455_cov_29.148200_16 (length 245)
prokka_out/CA110357:NODE_10_length_57455_cov_29.148200_17 (length 138)
prokka_out/CA110357:NODE_10_length_57455_cov_29.148200_18 (length 440)
prokka_out/CA110357:NODE_10_length_57455_cov_29.148200_19 (length 454)
prokka_out/CA110357:NODE_10_length_57455_cov_29.148200_20 (length 173)
prokka_out/CA110357:NODE_10_length_57455_cov_29.148200_21 (length 326)
prokka_out/CA110357:NODE_10_length_57455_cov_29.148200_22 (length 577)
prokka_out/CA110357:NODE_10_length_57455_cov_29.148200_23 (length 109)
prokka_out/CA110357:NODE_10_length_57455_cov_29.148200_24 (length 252)
prokka_out/CA110357:NODE_10_length_57455_cov_29.148200_25 (length 78)
prokka_out/CA110357:NODE_10_length_57455_cov_29.148200_26 (length 112)
prokka_out/CA110357:NODE_10_length_57455_cov_29.148200_27 (length 228)
prokka_out/CA110357:NODE_10_length_57455_cov_29.148200_28 (length 339)
prokka_out/CA110357:NODE_10_length_57455_cov_29.148200_29 (length 420)
prokka_out/CA110357:NODE_10_length_57455_cov_29.148200_30 (length 285)
prokka_out/CA110357:NODE_10_length_57455_cov_29.148200_31 (length 268)
prokka_out/CA110357:NODE_10_length_57455_cov_29.148200_32 (length 259)
prokka_out/CA110357:NODE_10_length_57455_cov_29.148200_33 (length 333)
prokka_out/CA110357:NODE_10_length_57455_cov_29.148200_34 (length 702)
prokka_out/CA110357:NODE_10_length_57455_cov_29.148200_35 (length 251)
prokka_out/CA110357:NODE_10_length_57455_cov_29.148200_36 (length 355)
prokka_out/CA110357:NODE_10_length_57455_cov_29.148200_37 (length 87)
prokka_out/CA110357:NODE_10_length_57455_cov_29.148200_38 (length 166)
prokka_out/CA110357:NODE_10_length_57455_cov_29.148200_39 (length 386)
prokka_out/CA110357:NODE_10_length_57455_cov_29.148200_40 (length 295)
prokka_out/CA110357:NODE_10_length_57455_cov_29.148200_41 (length 371)
prokka_out/CA110357:NODE_10_length_57455_cov_29.148200_42 (length 368)
prokka_out/CA110357:NODE_10_length_57455_cov_29.148200_43 (length 387)
prokka_out/CA110357:NODE_10_length_57455_cov_29.148200_44 (length 171)
prokka_out/CA110357:NODE_10_length_57455_cov_29.148200_45 (length 207)
prokka_out/CA110357:NODE_10_length_57455_cov_29.148200_46 (length 255)
prokka_out/CA110357:NODE_10_length_57455_cov_29.148200_47 (length 242)
prokka_out/CA110357:NODE_10_length_57455_cov_29.148200_48 (length 195)
prokka_out/CA110357:NODE_10_length_57455_cov_29.148200_49 (length 353)
prokka_out/CA110357:NODE_10_length_57455_cov_29.148200_50 (length 428)
prokka_out/CA110357:NODE_10_length_57455_cov_29.148200_51 (length 299)
prokka_out/CA110357:NODE_10_length_57455_cov_29.148200_52 (length 117)
prokka_out/CA110357:NODE_10_length_57455_cov_29.148200_53 (length 337)
prokka_out/CA110357:NODE_10_length_57455_cov_29.148200_54 (length 208)
prokka_out/CA110357:NODE_10_length_57455_cov_29.148200_55 (length 130)
prokka_out/CA110357:NODE_10_length_57455_cov_29.148200_56 (length 121)
prokka_out/CA110357:NODE_10_length_57455_cov_29.148200_57 (length 72)
prokka_out/CA110357:NODE_10_length_57455_cov_29.148200_58 (length 286)
prokka_out/CA110357:NODE_10_length_57455_cov_29.148200_59 (length 162)
prokka_out/CA110357:NODE_10_length_57455_cov_29.148200_60 (length 261)
prokka_out/CA110357:NODE_10_length_57455_cov_29.148200_61 (length 205)
prokka_out/CA110357:NODE_10_length_57455_cov_29.148200_62 (length 386)
prokka_out/CA110357:NODE_10_length_57455_cov_29.148200_63 (length 52)
prokka_out/CA110357:NODE_11_length_54396_cov_35.294938_1 (length 189)
prokka_out/CA110357:NODE_11_length_54396_cov_35.294938_2 (length 137)
prokka_out/CA110357:NODE_11_length_54396_cov_35.294938_3 (length 176)
prokka_out/CA110357:NODE_11_length_54396_cov_35.294938_4 (length 200)
prokka_out/CA110357:NODE_11_length_54396_cov_35.294938_5 (length 468)
prokka_out/CA110357:NODE_11_length_54396_cov_35.294938_6 (length 358)
prokka_out/CA110357:NODE_11_length_54396_cov_35.294938_7 (length 511)
prokka_out/CA110357:NODE_11_length_54396_cov_35.294938_8 (length 209)
prokka_out/CA110357:NODE_11_length_54396_cov_35.294938_9 (length 214)
prokka_out/CA110357:NODE_11_length_54396_cov_35.294938_10 (length 103)
prokka_out/CA110357:NODE_11_length_54396_cov_35.294938_11 (length 127)
prokka_out/CA110357:NODE_11_length_54396_cov_35.294938_12 (length 199)
prokka_out/CA110357:NODE_11_length_54396_cov_35.294938_13 (length 293)
prokka_out/CA110357:NODE_11_length_54396_cov_35.294938_14 (length 73)
prokka_out/CA110357:NODE_11_length_54396_cov_35.294938_15 (length 346)
prokka_out/CA110357:NODE_11_length_54396_cov_35.294938_16 (length 423)
prokka_out/CA110357:NODE_11_length_54396_cov_35.294938_17 (length 852)
prokka_out/CA110357:NODE_11_length_54396_cov_35.294938_18 (length 184)
prokka_out/CA110357:NODE_11_length_54396_cov_35.294938_19 (length 440)
prokka_out/CA110357:NODE_11_length_54396_cov_35.294938_20 (length 355)
prokka_out/CA110357:NODE_11_length_54396_cov_35.294938_21 (length 770)
prokka_out/CA110357:NODE_11_length_54396_cov_35.294938_22 (length 125)
prokka_out/CA110357:NODE_11_length_54396_cov_35.294938_23 (length 320)
prokka_out/CA110357:NODE_11_length_54396_cov_35.294938_24 (length 54)
prokka_out/CA110357:NODE_11_length_54396_cov_35.294938_25 (length 99)
prokka_out/CA110357:NODE_11_length_54396_cov_35.294938_26 (length 548)
prokka_out/CA110357:NODE_11_length_54396_cov_35.294938_27 (length 119)
prokka_out/CA110357:NODE_11_length_54396_cov_35.294938_28 (length 433)
prokka_out/CA110357:NODE_11_length_54396_cov_35.294938_29 (length 1496)
prokka_out/CA110357:NODE_11_length_54396_cov_35.294938_30 (length 481)
prokka_out/CA110357:NODE_11_length_54396_cov_35.294938_31 (length 202)
prokka_out/CA110357:NODE_11_length_54396_cov_35.294938_32 (length 215)
prokka_out/CA110357:NODE_11_length_54396_cov_35.294938_33 (length 558)
prokka_out/CA110357:NODE_11_length_54396_cov_35.294938_34 (length 408)
prokka_out/CA110357:NODE_11_length_54396_cov_35.294938_35 (length 224)
prokka_out/CA110357:NODE_11_length_54396_cov_35.294938_36 (length 505)
prokka_out/CA110357:NODE_11_length_54396_cov_35.294938_37 (length 55)
prokka_out/CA110357:NODE_11_length_54396_cov_35.294938_38 (length 288)
prokka_out/CA110357:NODE_11_length_54396_cov_35.294938_39 (length 311)
prokka_out/CA110357:NODE_11_length_54396_cov_35.294938_40 (length 442)
prokka_out/CA110357:NODE_11_length_54396_cov_35.294938_41 (length 789)
prokka_out/CA110357:NODE_11_length_54396_cov_35.294938_42 (length 461)
prokka_out/CA110357:NODE_11_length_54396_cov_35.294938_43 (length 207)
prokka_out/CA110357:NODE_11_length_54396_cov_35.294938_44 (length 544)
prokka_out/CA110357:NODE_11_length_54396_cov_35.294938_45 (length 523)
prokka_out/CA110357:NODE_11_length_54396_cov_35.294938_46 (length 331)
prokka_out/CA110357:NODE_12_length_51844_cov_25.366707_1 (length 354)
prokka_out/CA110357:NODE_12_length_51844_cov_25.366707_2 (length 439)
prokka_out/CA110357:NODE_12_length_51844_cov_25.366707_3 (length 147)
prokka_out/CA110357:NODE_12_length_51844_cov_25.366707_4 (length 232)
prokka_out/CA110357:NODE_12_length_51844_cov_25.366707_5 (length 189)
prokka_out/CA110357:NODE_12_length_51844_cov_25.366707_6 (length 820)
prokka_out/CA110357:NODE_12_length_51844_cov_25.366707_7 (length 202)
prokka_out/CA110357:NODE_12_length_51844_cov_25.366707_8 (length 151)
prokka_out/CA110357:NODE_12_length_51844_cov_25.366707_9 (length 431)
prokka_out/CA110357:NODE_12_length_51844_cov_25.366707_10 (length 175)
prokka_out/CA110357:NODE_12_length_51844_cov_25.366707_11 (length 236)
prokka_out/CA110357:NODE_12_length_51844_cov_25.366707_12 (length 599)
prokka_out/CA110357:NODE_12_length_51844_cov_25.366707_13 (length 440)
prokka_out/CA110357:NODE_12_length_51844_cov_25.366707_14 (length 553)
prokka_out/CA110357:NODE_12_length_51844_cov_25.366707_15 (length 292)
prokka_out/CA110357:NODE_12_length_51844_cov_25.366707_16 (length 163)
prokka_out/CA110357:NODE_12_length_51844_cov_25.366707_17 (length 231)
prokka_out/CA110357:NODE_12_length_51844_cov_25.366707_18 (length 105)
prokka_out/CA110357:NODE_12_length_51844_cov_25.366707_19 (length 474)
prokka_out/CA110357:NODE_12_length_51844_cov_25.366707_20 (length 154)
prokka_out/CA110357:NODE_12_length_51844_cov_25.366707_21 (length 222)
prokka_out/CA110357:NODE_12_length_51844_cov_25.366707_22 (length 120)
prokka_out/CA110357:NODE_12_length_51844_cov_25.366707_23 (length 479)
prokka_out/CA110357:NODE_12_length_51844_cov_25.366707_24 (length 387)
prokka_out/CA110357:NODE_12_length_51844_cov_25.366707_25 (length 455)
prokka_out/CA110357:NODE_12_length_51844_cov_25.366707_26 (length 446)
prokka_out/CA110357:NODE_12_length_51844_cov_25.366707_27 (length 74)
prokka_out/CA110357:NODE_12_length_51844_cov_25.366707_28 (length 613)
prokka_out/CA110357:NODE_12_length_51844_cov_25.366707_29 (length 499)
prokka_out/CA110357:NODE_12_length_51844_cov_25.366707_30 (length 274)
prokka_out/CA110357:NODE_12_length_51844_cov_25.366707_31 (length 223)
prokka_out/CA110357:NODE_12_length_51844_cov_25.366707_32 (length 400)
prokka_out/CA110357:NODE_12_length_51844_cov_25.366707_33 (length 332)
prokka_out/CA110357:NODE_12_length_51844_cov_25.366707_34 (length 181)
prokka_out/CA110357:NODE_12_length_51844_cov_25.366707_35 (length 108)
prokka_out/CA110357:NODE_12_length_51844_cov_25.366707_36 (length 454)
prokka_out/CA110357:NODE_12_length_51844_cov_25.366707_37 (length 178)
prokka_out/CA110357:NODE_12_length_51844_cov_25.366707_38 (length 115)
prokka_out/CA110357:NODE_12_length_51844_cov_25.366707_39 (length 140)
prokka_out/CA110357:NODE_12_length_51844_cov_25.366707_40 (length 456)
prokka_out/CA110357:NODE_12_length_51844_cov_25.366707_41 (length 373)
prokka_out/CA110357:NODE_12_length_51844_cov_25.366707_42 (length 393)
prokka_out/CA110357:NODE_12_length_51844_cov_25.366707_43 (length 675)
prokka_out/CA110357:NODE_12_length_51844_cov_25.366707_44 (length 498)
prokka_out/CA110357:NODE_12_length_51844_cov_25.366707_45 (length 243)
prokka_out/CA110357:NODE_12_length_51844_cov_25.366707_46 (length 431)
prokka_out/CA110357:NODE_12_length_51844_cov_25.366707_47 (length 197)
prokka_out/CA110357:NODE_12_length_51844_cov_25.366707_48 (length 643)
prokka_out/CA110357:NODE_12_length_51844_cov_25.366707_49 (length 551)
prokka_out/CA110357:NODE_13_length_45722_cov_28.431034_1 (length 593)
prokka_out/CA110357:NODE_13_length_45722_cov_28.431034_2 (length 312)
prokka_out/CA110357:NODE_13_length_45722_cov_28.431034_3 (length 104)
prokka_out/CA110357:NODE_13_length_45722_cov_28.431034_4 (length 112)
prokka_out/CA110357:NODE_13_length_45722_cov_28.431034_5 (length 416)
prokka_out/CA110357:NODE_13_length_45722_cov_28.431034_6 (length 401)
prokka_out/CA110357:NODE_13_length_45722_cov_28.431034_7 (length 268)
prokka_out/CA110357:NODE_13_length_45722_cov_28.431034_8 (length 315)
prokka_out/CA110357:NODE_13_length_45722_cov_28.431034_9 (length 227)
prokka_out/CA110357:NODE_13_length_45722_cov_28.431034_10 (length 274)
prokka_out/CA110357:NODE_13_length_45722_cov_28.431034_11 (length 66)
prokka_out/CA110357:NODE_13_length_45722_cov_28.431034_12 (length 217)
prokka_out/CA110357:NODE_13_length_45722_cov_28.431034_13 (length 135)
prokka_out/CA110357:NODE_13_length_45722_cov_28.431034_14 (length 140)
prokka_out/CA110357:NODE_13_length_45722_cov_28.431034_15 (length 193)
prokka_out/CA110357:NODE_13_length_45722_cov_28.431034_16 (length 247)
prokka_out/CA110357:NODE_13_length_45722_cov_28.431034_17 (length 320)
prokka_out/CA110357:NODE_13_length_45722_cov_28.431034_18 (length 172)
prokka_out/CA110357:NODE_13_length_45722_cov_28.431034_19 (length 166)
prokka_out/CA110357:NODE_13_length_45722_cov_28.431034_20 (length 294)
prokka_out/CA110357:NODE_13_length_45722_cov_28.431034_21 (length 289)
prokka_out/CA110357:NODE_13_length_45722_cov_28.431034_22 (length 187)
prokka_out/CA110357:NODE_13_length_45722_cov_28.431034_23 (length 135)
prokka_out/CA110357:NODE_13_length_45722_cov_28.431034_24 (length 97)
prokka_out/CA110357:NODE_13_length_45722_cov_28.431034_25 (length 220)
prokka_out/CA110357:NODE_13_length_45722_cov_28.431034_26 (length 401)
prokka_out/CA110357:NODE_13_length_45722_cov_28.431034_27 (length 301)
prokka_out/CA110357:NODE_13_length_45722_cov_28.431034_28 (length 538)
prokka_out/CA110357:NODE_13_length_45722_cov_28.431034_29 (length 334)
prokka_out/CA110357:NODE_13_length_45722_cov_28.431034_30 (length 40)
prokka_out/CA110357:NODE_13_length_45722_cov_28.431034_31 (length 280)
prokka_out/CA110357:NODE_13_length_45722_cov_28.431034_32 (length 758)
prokka_out/CA110357:NODE_13_length_45722_cov_28.431034_33 (length 253)
prokka_out/CA110357:NODE_13_length_45722_cov_28.431034_34 (length 136)
prokka_out/CA110357:NODE_13_length_45722_cov_28.431034_35 (length 248)
prokka_out/CA110357:NODE_13_length_45722_cov_28.431034_36 (length 406)
prokka_out/CA110357:NODE_13_length_45722_cov_28.431034_37 (length 377)
prokka_out/CA110357:NODE_13_length_45722_cov_28.431034_38 (length 453)
prokka_out/CA110357:NODE_13_length_45722_cov_28.431034_39 (length 394)
prokka_out/CA110357:NODE_13_length_45722_cov_28.431034_40 (length 69)
prokka_out/CA110357:NODE_13_length_45722_cov_28.431034_41 (length 246)
prokka_out/CA110357:NODE_13_length_45722_cov_28.431034_42 (length 238)
prokka_out/CA110357:NODE_13_length_45722_cov_28.431034_43 (length 130)
prokka_out/CA110357:NODE_13_length_45722_cov_28.431034_44 (length 29)
prokka_out/CA110357:NODE_13_length_45722_cov_28.431034_45 (length 191)
prokka_out/CA110357:NODE_13_length_45722_cov_28.431034_46 (length 456)
prokka_out/CA110357:NODE_13_length_45722_cov_28.431034_47 (length 232)
prokka_out/CA110357:NODE_13_length_45722_cov_28.431034_48 (length 501)
prokka_out/CA110357:NODE_13_length_45722_cov_28.431034_49 (length 175)
prokka_out/CA110357:NODE_13_length_45722_cov_28.431034_50 (length 194)
prokka_out/CA110357:NODE_13_length_45722_cov_28.431034_51 (length 441)
prokka_out/CA110357:NODE_13_length_45722_cov_28.431034_52 (length 200)
prokka_out/CA110357:NODE_13_length_45722_cov_28.431034_53 (length 461)
prokka_out/CA110357:NODE_14_length_39543_cov_34.711056_1 (length 329)
prokka_out/CA110357:NODE_14_length_39543_cov_34.711056_2 (length 201)
prokka_out/CA110357:NODE_14_length_39543_cov_34.711056_3 (length 249)
prokka_out/CA110357:NODE_14_length_39543_cov_34.711056_4 (length 243)
prokka_out/CA110357:NODE_14_length_39543_cov_34.711056_5 (length 345)
prokka_out/CA110357:NODE_14_length_39543_cov_34.711056_6 (length 105)
prokka_out/CA110357:NODE_14_length_39543_cov_34.711056_7 (length 149)
prokka_out/CA110357:NODE_14_length_39543_cov_34.711056_8 (length 406)
prokka_out/CA110357:NODE_14_length_39543_cov_34.711056_9 (length 274)
prokka_out/CA110357:NODE_14_length_39543_cov_34.711056_10 (length 656)
prokka_out/CA110357:NODE_14_length_39543_cov_34.711056_11 (length 331)
prokka_out/CA110357:NODE_14_length_39543_cov_34.711056_12 (length 228)
prokka_out/CA110357:NODE_14_length_39543_cov_34.711056_13 (length 269)
prokka_out/CA110357:NODE_14_length_39543_cov_34.711056_14 (length 256)
prokka_out/CA110357:NODE_14_length_39543_cov_34.711056_15 (length 389)
prokka_out/CA110357:NODE_14_length_39543_cov_34.711056_16 (length 246)
prokka_out/CA110357:NODE_14_length_39543_cov_34.711056_17 (length 321)
prokka_out/CA110357:NODE_14_length_39543_cov_34.711056_18 (length 254)
prokka_out/CA110357:NODE_14_length_39543_cov_34.711056_19 (length 299)
prokka_out/CA110357:NODE_14_length_39543_cov_34.711056_20 (length 161)
prokka_out/CA110357:NODE_14_length_39543_cov_34.711056_21 (length 295)
prokka_out/CA110357:NODE_14_length_39543_cov_34.711056_22 (length 288)
prokka_out/CA110357:NODE_14_length_39543_cov_34.711056_23 (length 137)
prokka_out/CA110357:NODE_14_length_39543_cov_34.711056_24 (length 119)
prokka_out/CA110357:NODE_14_length_39543_cov_34.711056_25 (length 221)
prokka_out/CA110357:NODE_14_length_39543_cov_34.711056_26 (length 131)
prokka_out/CA110357:NODE_14_length_39543_cov_34.711056_27 (length 211)
prokka_out/CA110357:NODE_14_length_39543_cov_34.711056_28 (length 264)
prokka_out/CA110357:NODE_14_length_39543_cov_34.711056_29 (length 181)
prokka_out/CA110357:NODE_14_length_39543_cov_34.711056_30 (length 258)
prokka_out/CA110357:NODE_14_length_39543_cov_34.711056_31 (length 74)
prokka_out/CA110357:NODE_14_length_39543_cov_34.711056_32 (length 639)
prokka_out/CA110357:NODE_14_length_39543_cov_34.711056_33 (length 124)
prokka_out/CA110357:NODE_14_length_39543_cov_34.711056_34 (length 73)
prokka_out/CA110357:NODE_14_length_39543_cov_34.711056_35 (length 396)
prokka_out/CA110357:NODE_14_length_39543_cov_34.711056_36 (length 150)
prokka_out/CA110357:NODE_14_length_39543_cov_34.711056_37 (length 358)
prokka_out/CA110357:NODE_14_length_39543_cov_34.711056_38 (length 769)
prokka_out/CA110357:NODE_14_length_39543_cov_34.711056_39 (length 531)
prokka_out/CA110357:NODE_15_length_37051_cov_31.152800_1 (length 76)
prokka_out/CA110357:NODE_15_length_37051_cov_31.152800_2 (length 520)
prokka_out/CA110357:NODE_15_length_37051_cov_31.152800_3 (length 374)
prokka_out/CA110357:NODE_15_length_37051_cov_31.152800_4 (length 34)
prokka_out/CA110357:NODE_15_length_37051_cov_31.152800_5 (length 207)
prokka_out/CA110357:NODE_15_length_37051_cov_31.152800_6 (length 66)
prokka_out/CA110357:NODE_15_length_37051_cov_31.152800_7 (length 230)
prokka_out/CA110357:NODE_15_length_37051_cov_31.152800_8 (length 231)
prokka_out/CA110357:NODE_15_length_37051_cov_31.152800_9 (length 468)
prokka_out/CA110357:NODE_15_length_37051_cov_31.152800_10 (length 442)
prokka_out/CA110357:NODE_15_length_37051_cov_31.152800_11 (length 450)
prokka_out/CA110357:NODE_15_length_37051_cov_31.152800_12 (length 207)
prokka_out/CA110357:NODE_15_length_37051_cov_31.152800_13 (length 328)
prokka_out/CA110357:NODE_15_length_37051_cov_31.152800_14 (length 102)
prokka_out/CA110357:NODE_15_length_37051_cov_31.152800_15 (length 84)
prokka_out/CA110357:NODE_15_length_37051_cov_31.152800_16 (length 351)
prokka_out/CA110357:NODE_15_length_37051_cov_31.152800_17 (length 167)
prokka_out/CA110357:NODE_15_length_37051_cov_31.152800_18 (length 162)
prokka_out/CA110357:NODE_15_length_37051_cov_31.152800_19 (length 215)
prokka_out/CA110357:NODE_15_length_37051_cov_31.152800_20 (length 372)
prokka_out/CA110357:NODE_15_length_37051_cov_31.152800_21 (length 431)
prokka_out/CA110357:NODE_15_length_37051_cov_31.152800_22 (length 467)
prokka_out/CA110357:NODE_15_length_37051_cov_31.152800_23 (length 179)
prokka_out/CA110357:NODE_15_length_37051_cov_31.152800_24 (length 689)
prokka_out/CA110357:NODE_15_length_37051_cov_31.152800_25 (length 60)
prokka_out/CA110357:NODE_15_length_37051_cov_31.152800_26 (length 382)
prokka_out/CA110357:NODE_15_length_37051_cov_31.152800_27 (length 389)
prokka_out/CA110357:NODE_15_length_37051_cov_31.152800_28 (length 154)
prokka_out/CA110357:NODE_15_length_37051_cov_31.152800_29 (length 247)
prokka_out/CA110357:NODE_15_length_37051_cov_31.152800_30 (length 252)
prokka_out/CA110357:NODE_15_length_37051_cov_31.152800_31 (length 166)
prokka_out/CA110357:NODE_15_length_37051_cov_31.152800_32 (length 200)
prokka_out/CA110357:NODE_15_length_37051_cov_31.152800_33 (length 298)
prokka_out/CA110357:NODE_15_length_37051_cov_31.152800_34 (length 240)
prokka_out/CA110357:NODE_15_length_37051_cov_31.152800_35 (length 371)
prokka_out/CA110357:NODE_15_length_37051_cov_31.152800_36 (length 632)
prokka_out/CA110357:NODE_15_length_37051_cov_31.152800_37 (length 279)
prokka_out/CA110357:NODE_15_length_37051_cov_31.152800_38 (length 363)
prokka_out/CA110357:NODE_15_length_37051_cov_31.152800_39 (length 101)
prokka_out/CA110357:NODE_15_length_37051_cov_31.152800_40 (length 427)
prokka_out/CA110357:NODE_15_length_37051_cov_31.152800_41 (length 185)
prokka_out/CA110357:NODE_15_length_37051_cov_31.152800_42 (length 89)
prokka_out/CA110357:NODE_16_length_36957_cov_22.562205_1 (length 422)
prokka_out/CA110357:NODE_16_length_36957_cov_22.562205_2 (length 261)
prokka_out/CA110357:NODE_16_length_36957_cov_22.562205_3 (length 125)
prokka_out/CA110357:NODE_16_length_36957_cov_22.562205_4 (length 372)
prokka_out/CA110357:NODE_16_length_36957_cov_22.562205_5 (length 401)
prokka_out/CA110357:NODE_16_length_36957_cov_22.562205_6 (length 862)
prokka_out/CA110357:NODE_16_length_36957_cov_22.562205_7 (length 169)
prokka_out/CA110357:NODE_16_length_36957_cov_22.562205_8 (length 232)
prokka_out/CA110357:NODE_16_length_36957_cov_22.562205_9 (length 447)
prokka_out/CA110357:NODE_16_length_36957_cov_22.562205_10 (length 454)
prokka_out/CA110357:NODE_16_length_36957_cov_22.562205_11 (length 290)
prokka_out/CA110357:NODE_16_length_36957_cov_22.562205_12 (length 295)
prokka_out/CA110357:NODE_16_length_36957_cov_22.562205_13 (length 325)
prokka_out/CA110357:NODE_16_length_36957_cov_22.562205_14 (length 145)
prokka_out/CA110357:NODE_16_length_36957_cov_22.562205_15 (length 530)
prokka_out/CA110357:NODE_16_length_36957_cov_22.562205_16 (length 510)
prokka_out/CA110357:NODE_16_length_36957_cov_22.562205_17 (length 256)
prokka_out/CA110357:NODE_16_length_36957_cov_22.562205_18 (length 728)
prokka_out/CA110357:NODE_16_length_36957_cov_22.562205_19 (length 442)
prokka_out/CA110357:NODE_16_length_36957_cov_22.562205_20 (length 283)
prokka_out/CA110357:NODE_16_length_36957_cov_22.562205_21 (length 531)
prokka_out/CA110357:NODE_16_length_36957_cov_22.562205_22 (length 124)
prokka_out/CA110357:NODE_16_length_36957_cov_22.562205_23 (length 108)
prokka_out/CA110357:NODE_16_length_36957_cov_22.562205_24 (length 44)
prokka_out/CA110357:NODE_16_length_36957_cov_22.562205_25 (length 159)
prokka_out/CA110357:NODE_16_length_36957_cov_22.562205_26 (length 202)
prokka_out/CA110357:NODE_16_length_36957_cov_22.562205_27 (length 398)
prokka_out/CA110357:NODE_16_length_36957_cov_22.562205_28 (length 124)
prokka_out/CA110357:NODE_16_length_36957_cov_22.562205_29 (length 428)
prokka_out/CA110357:NODE_16_length_36957_cov_22.562205_30 (length 166)
prokka_out/CA110357:NODE_16_length_36957_cov_22.562205_31 (length 75)
prokka_out/CA110357:NODE_16_length_36957_cov_22.562205_32 (length 227)
prokka_out/CA110357:NODE_16_length_36957_cov_22.562205_33 (length 245)
prokka_out/CA110357:NODE_16_length_36957_cov_22.562205_34 (length 468)
prokka_out/CA110357:NODE_16_length_36957_cov_22.562205_35 (length 93)
prokka_out/CA110357:NODE_16_length_36957_cov_22.562205_36 (length 104)
prokka_out/CA110357:NODE_16_length_36957_cov_22.562205_37 (length 72)
prokka_out/CA110357:NODE_16_length_36957_cov_22.562205_38 (length 49)
prokka_out/CA110357:NODE_17_length_32617_cov_27.744014_1 (length 236)
prokka_out/CA110357:NODE_17_length_32617_cov_27.744014_2 (length 124)
prokka_out/CA110357:NODE_17_length_32617_cov_27.744014_3 (length 334)
prokka_out/CA110357:NODE_17_length_32617_cov_27.744014_4 (length 80)
prokka_out/CA110357:NODE_17_length_32617_cov_27.744014_5 (length 118)
prokka_out/CA110357:NODE_17_length_32617_cov_27.744014_6 (length 515)
prokka_out/CA110357:NODE_17_length_32617_cov_27.744014_7 (length 252)
prokka_out/CA110357:NODE_17_length_32617_cov_27.744014_8 (length 378)
prokka_out/CA110357:NODE_17_length_32617_cov_27.744014_9 (length 87)
prokka_out/CA110357:NODE_17_length_32617_cov_27.744014_10 (length 157)
prokka_out/CA110357:NODE_17_length_32617_cov_27.744014_11 (length 50)
prokka_out/CA110357:NODE_17_length_32617_cov_27.744014_12 (length 436)
prokka_out/CA110357:NODE_17_length_32617_cov_27.744014_13 (length 158)
prokka_out/CA110357:NODE_17_length_32617_cov_27.744014_14 (length 287)
prokka_out/CA110357:NODE_17_length_32617_cov_27.744014_15 (length 117)
prokka_out/CA110357:NODE_17_length_32617_cov_27.744014_16 (length 63)
prokka_out/CA110357:NODE_17_length_32617_cov_27.744014_17 (length 388)
prokka_out/CA110357:NODE_17_length_32617_cov_27.744014_18 (length 393)
prokka_out/CA110357:NODE_17_length_32617_cov_27.744014_19 (length 323)
prokka_out/CA110357:NODE_17_length_32617_cov_27.744014_20 (length 627)
prokka_out/CA110357:NODE_17_length_32617_cov_27.744014_21 (length 211)
prokka_out/CA110357:NODE_17_length_32617_cov_27.744014_22 (length 231)
prokka_out/CA110357:NODE_17_length_32617_cov_27.744014_23 (length 118)
prokka_out/CA110357:NODE_17_length_32617_cov_27.744014_24 (length 185)
prokka_out/CA110357:NODE_17_length_32617_cov_27.744014_25 (length 202)
prokka_out/CA110357:NODE_17_length_32617_cov_27.744014_26 (length 136)
prokka_out/CA110357:NODE_17_length_32617_cov_27.744014_27 (length 340)
prokka_out/CA110357:NODE_17_length_32617_cov_27.744014_28 (length 462)
prokka_out/CA110357:NODE_17_length_32617_cov_27.744014_29 (length 179)
prokka_out/CA110357:NODE_17_length_32617_cov_27.744014_30 (length 209)
prokka_out/CA110357:NODE_17_length_32617_cov_27.744014_31 (length 394)
prokka_out/CA110357:NODE_17_length_32617_cov_27.744014_32 (length 279)
prokka_out/CA110357:NODE_17_length_32617_cov_27.744014_33 (length 148)
prokka_out/CA110357:NODE_17_length_32617_cov_27.744014_34 (length 342)
prokka_out/CA110357:NODE_17_length_32617_cov_27.744014_35 (length 367)
prokka_out/CA110357:NODE_17_length_32617_cov_27.744014_36 (length 172)
prokka_out/CA110357:NODE_17_length_32617_cov_27.744014_37 (length 602)
prokka_out/CA110357:NODE_17_length_32617_cov_27.744014_38 (length 267)
prokka_out/CA110357:NODE_18_length_28760_cov_27.563196_1 (length 144)
prokka_out/CA110357:NODE_18_length_28760_cov_27.563196_2 (length 72)
prokka_out/CA110357:NODE_18_length_28760_cov_27.563196_3 (length 435)
prokka_out/CA110357:NODE_18_length_28760_cov_27.563196_4 (length 543)
prokka_out/CA110357:NODE_18_length_28760_cov_27.563196_5 (length 140)
prokka_out/CA110357:NODE_18_length_28760_cov_27.563196_6 (length 925)
prokka_out/CA110357:NODE_18_length_28760_cov_27.563196_7 (length 512)
prokka_out/CA110357:NODE_18_length_28760_cov_27.563196_8 (length 314)
prokka_out/CA110357:NODE_18_length_28760_cov_27.563196_9 (length 251)
prokka_out/CA110357:NODE_18_length_28760_cov_27.563196_10 (length 236)
prokka_out/CA110357:NODE_18_length_28760_cov_27.563196_11 (length 221)
prokka_out/CA110357:NODE_18_length_28760_cov_27.563196_12 (length 129)
prokka_out/CA110357:NODE_18_length_28760_cov_27.563196_13 (length 167)
prokka_out/CA110357:NODE_18_length_28760_cov_27.563196_14 (length 263)
prokka_out/CA110357:NODE_18_length_28760_cov_27.563196_15 (length 408)
prokka_out/CA110357:NODE_18_length_28760_cov_27.563196_16 (length 75)
prokka_out/CA110357:NODE_18_length_28760_cov_27.563196_17 (length 230)
prokka_out/CA110357:NODE_18_length_28760_cov_27.563196_18 (length 820)
prokka_out/CA110357:NODE_18_length_28760_cov_27.563196_19 (length 332)
prokka_out/CA110357:NODE_18_length_28760_cov_27.563196_20 (length 221)
prokka_out/CA110357:NODE_18_length_28760_cov_27.563196_21 (length 171)
prokka_out/CA110357:NODE_18_length_28760_cov_27.563196_22 (length 97)
prokka_out/CA110357:NODE_18_length_28760_cov_27.563196_23 (length 596)
prokka_out/CA110357:NODE_18_length_28760_cov_27.563196_24 (length 496)
prokka_out/CA110357:NODE_18_length_28760_cov_27.563196_25 (length 457)
prokka_out/CA110357:NODE_18_length_28760_cov_27.563196_26 (length 788)
prokka_out/CA110357:NODE_19_length_28675_cov_23.424793_1 (length 97)
prokka_out/CA110357:NODE_19_length_28675_cov_23.424793_2 (length 138)
prokka_out/CA110357:NODE_19_length_28675_cov_23.424793_3 (length 150)
prokka_out/CA110357:NODE_19_length_28675_cov_23.424793_4 (length 184)
prokka_out/CA110357:NODE_19_length_28675_cov_23.424793_5 (length 299)
prokka_out/CA110357:NODE_19_length_28675_cov_23.424793_6 (length 96)
prokka_out/CA110357:NODE_19_length_28675_cov_23.424793_7 (length 613)
prokka_out/CA110357:NODE_19_length_28675_cov_23.424793_8 (length 137)
prokka_out/CA110357:NODE_19_length_28675_cov_23.424793_9 (length 703)
prokka_out/CA110357:NODE_19_length_28675_cov_23.424793_10 (length 309)
prokka_out/CA110357:NODE_19_length_28675_cov_23.424793_11 (length 219)
prokka_out/CA110357:NODE_19_length_28675_cov_23.424793_12 (length 250)
prokka_out/CA110357:NODE_19_length_28675_cov_23.424793_13 (length 259)
prokka_out/CA110357:NODE_19_length_28675_cov_23.424793_14 (length 242)
prokka_out/CA110357:NODE_19_length_28675_cov_23.424793_15 (length 262)
prokka_out/CA110357:NODE_19_length_28675_cov_23.424793_16 (length 184)
prokka_out/CA110357:NODE_19_length_28675_cov_23.424793_17 (length 145)
prokka_out/CA110357:NODE_19_length_28675_cov_23.424793_18 (length 110)
prokka_out/CA110357:NODE_19_length_28675_cov_23.424793_19 (length 182)
prokka_out/CA110357:NODE_19_length_28675_cov_23.424793_20 (length 231)
prokka_out/CA110357:NODE_19_length_28675_cov_23.424793_21 (length 483)
prokka_out/CA110357:NODE_19_length_28675_cov_23.424793_22 (length 367)
prokka_out/CA110357:NODE_19_length_28675_cov_23.424793_23 (length 461)
prokka_out/CA110357:NODE_19_length_28675_cov_23.424793_24 (length 524)
prokka_out/CA110357:NODE_19_length_28675_cov_23.424793_25 (length 597)
prokka_out/CA110357:NODE_19_length_28675_cov_23.424793_26 (length 449)
prokka_out/CA110357:NODE_19_length_28675_cov_23.424793_27 (length 444)
prokka_out/CA110357:NODE_19_length_28675_cov_23.424793_28 (length 112)
prokka_out/CA110357:NODE_19_length_28675_cov_23.424793_29 (length 60)
prokka_out/CA110357:NODE_19_length_28675_cov_23.424793_30 (length 299)
prokka_out/CA110357:NODE_20_length_25761_cov_32.456815_1 (length 304)
prokka_out/CA110357:NODE_20_length_25761_cov_32.456815_2 (length 111)
prokka_out/CA110357:NODE_20_length_25761_cov_32.456815_3 (length 107)
prokka_out/CA110357:NODE_20_length_25761_cov_32.456815_4 (length 127)
prokka_out/CA110357:NODE_20_length_25761_cov_32.456815_5 (length 718)
prokka_out/CA110357:NODE_20_length_25761_cov_32.456815_6 (length 66)
prokka_out/CA110357:NODE_20_length_25761_cov_32.456815_7 (length 74)
prokka_out/CA110357:NODE_20_length_25761_cov_32.456815_8 (length 228)
prokka_out/CA110357:NODE_20_length_25761_cov_32.456815_9 (length 131)
prokka_out/CA110357:NODE_20_length_25761_cov_32.456815_10 (length 155)
prokka_out/CA110357:NODE_20_length_25761_cov_32.456815_11 (length 217)
prokka_out/CA110357:NODE_20_length_25761_cov_32.456815_12 (length 84)
prokka_out/CA110357:NODE_20_length_25761_cov_32.456815_13 (length 239)
prokka_out/CA110357:NODE_20_length_25761_cov_32.456815_14 (length 607)
prokka_out/CA110357:NODE_20_length_25761_cov_32.456815_15 (length 737)
prokka_out/CA110357:NODE_20_length_25761_cov_32.456815_16 (length 46)
prokka_out/CA110357:NODE_20_length_25761_cov_32.456815_17 (length 120)
prokka_out/CA110357:NODE_20_length_25761_cov_32.456815_18 (length 33)
prokka_out/CA110357:NODE_20_length_25761_cov_32.456815_19 (length 181)
prokka_out/CA110357:NODE_20_length_25761_cov_32.456815_20 (length 413)
prokka_out/CA110357:NODE_20_length_25761_cov_32.456815_21 (length 147)
prokka_out/CA110357:NODE_20_length_25761_cov_32.456815_22 (length 307)
prokka_out/CA110357:NODE_20_length_25761_cov_32.456815_23 (length 231)
prokka_out/CA110357:NODE_20_length_25761_cov_32.456815_24 (length 395)
prokka_out/CA110357:NODE_20_length_25761_cov_32.456815_25 (length 87)
prokka_out/CA110357:NODE_20_length_25761_cov_32.456815_26 (length 265)
prokka_out/CA110357:NODE_20_length_25761_cov_32.456815_27 (length 192)
prokka_out/CA110357:NODE_20_length_25761_cov_32.456815_28 (length 223)
prokka_out/CA110357:NODE_20_length_25761_cov_32.456815_29 (length 821)
prokka_out/CA110357:NODE_20_length_25761_cov_32.456815_30 (length 95)
prokka_out/CA110357:NODE_20_length_25761_cov_32.456815_31 (length 98)
prokka_out/CA110357:NODE_20_length_25761_cov_32.456815_32 (length 312)
prokka_out/CA110357:NODE_21_length_22028_cov_29.117346_1 (length 416)
prokka_out/CA110357:NODE_21_length_22028_cov_29.117346_2 (length 171)
prokka_out/CA110357:NODE_21_length_22028_cov_29.117346_3 (length 335)
prokka_out/CA110357:NODE_21_length_22028_cov_29.117346_4 (length 464)
prokka_out/CA110357:NODE_21_length_22028_cov_29.117346_5 (length 358)
prokka_out/CA110357:NODE_21_length_22028_cov_29.117346_6 (length 241)
prokka_out/CA110357:NODE_21_length_22028_cov_29.117346_7 (length 112)
prokka_out/CA110357:NODE_21_length_22028_cov_29.117346_8 (length 435)
prokka_out/CA110357:NODE_21_length_22028_cov_29.117346_9 (length 191)
prokka_out/CA110357:NODE_21_length_22028_cov_29.117346_10 (length 331)
prokka_out/CA110357:NODE_21_length_22028_cov_29.117346_11 (length 322)
prokka_out/CA110357:NODE_21_length_22028_cov_29.117346_12 (length 312)
prokka_out/CA110357:NODE_21_length_22028_cov_29.117346_13 (length 251)
prokka_out/CA110357:NODE_21_length_22028_cov_29.117346_14 (length 329)
prokka_out/CA110357:NODE_21_length_22028_cov_29.117346_15 (length 210)
prokka_out/CA110357:NODE_21_length_22028_cov_29.117346_16 (length 610)
prokka_out/CA110357:NODE_21_length_22028_cov_29.117346_17 (length 163)
prokka_out/CA110357:NODE_21_length_22028_cov_29.117346_18 (length 694)
prokka_out/CA110357:NODE_21_length_22028_cov_29.117346_19 (length 753)
prokka_out/CA110357:NODE_22_length_21066_cov_29.525049_1 (length 195)
prokka_out/CA110357:NODE_22_length_21066_cov_29.525049_2 (length 258)
prokka_out/CA110357:NODE_22_length_21066_cov_29.525049_3 (length 201)
prokka_out/CA110357:NODE_22_length_21066_cov_29.525049_4 (length 338)
prokka_out/CA110357:NODE_22_length_21066_cov_29.525049_5 (length 602)
prokka_out/CA110357:NODE_22_length_21066_cov_29.525049_6 (length 268)
prokka_out/CA110357:NODE_22_length_21066_cov_29.525049_7 (length 362)
prokka_out/CA110357:NODE_22_length_21066_cov_29.525049_8 (length 150)
prokka_out/CA110357:NODE_22_length_21066_cov_29.525049_9 (length 545)
prokka_out/CA110357:NODE_22_length_21066_cov_29.525049_10 (length 287)
prokka_out/CA110357:NODE_22_length_21066_cov_29.525049_11 (length 628)
prokka_out/CA110357:NODE_22_length_21066_cov_29.525049_12 (length 107)
prokka_out/CA110357:NODE_22_length_21066_cov_29.525049_13 (length 602)
prokka_out/CA110357:NODE_22_length_21066_cov_29.525049_14 (length 216)
prokka_out/CA110357:NODE_22_length_21066_cov_29.525049_15 (length 449)
prokka_out/CA110357:NODE_22_length_21066_cov_29.525049_16 (length 402)
prokka_out/CA110357:NODE_22_length_21066_cov_29.525049_17 (length 233)
prokka_out/CA110357:NODE_22_length_21066_cov_29.525049_18 (length 580)
prokka_out/CA110357:NODE_23_length_19863_cov_32.630067_1 (length 555)
prokka_out/CA110357:NODE_23_length_19863_cov_32.630067_2 (length 245)
prokka_out/CA110357:NODE_23_length_19863_cov_32.630067_3 (length 479)
prokka_out/CA110357:NODE_23_length_19863_cov_32.630067_4 (length 218)
prokka_out/CA110357:NODE_23_length_19863_cov_32.630067_5 (length 229)
prokka_out/CA110357:NODE_23_length_19863_cov_32.630067_6 (length 203)
prokka_out/CA110357:NODE_23_length_19863_cov_32.630067_7 (length 343)
prokka_out/CA110357:NODE_23_length_19863_cov_32.630067_8 (length 298)
prokka_out/CA110357:NODE_23_length_19863_cov_32.630067_9 (length 409)
prokka_out/CA110357:NODE_23_length_19863_cov_32.630067_10 (length 162)
prokka_out/CA110357:NODE_23_length_19863_cov_32.630067_11 (length 160)
prokka_out/CA110357:NODE_23_length_19863_cov_32.630067_12 (length 476)
prokka_out/CA110357:NODE_23_length_19863_cov_32.630067_13 (length 288)
prokka_out/CA110357:NODE_23_length_19863_cov_32.630067_14 (length 118)
prokka_out/CA110357:NODE_23_length_19863_cov_32.630067_15 (length 230)
prokka_out/CA110357:NODE_23_length_19863_cov_32.630067_16 (length 358)
prokka_out/CA110357:NODE_23_length_19863_cov_32.630067_17 (length 278)
prokka_out/CA110357:NODE_23_length_19863_cov_32.630067_18 (length 199)
prokka_out/CA110357:NODE_23_length_19863_cov_32.630067_19 (length 284)
prokka_out/CA110357:NODE_23_length_19863_cov_32.630067_20 (length 174)
prokka_out/CA110357:NODE_23_length_19863_cov_32.630067_21 (length 318)
prokka_out/CA110357:NODE_24_length_18878_cov_18.207989_1 (length 350)
prokka_out/CA110357:NODE_24_length_18878_cov_18.207989_2 (length 517)
prokka_out/CA110357:NODE_24_length_18878_cov_18.207989_3 (length 295)
prokka_out/CA110357:NODE_24_length_18878_cov_18.207989_4 (length 342)
prokka_out/CA110357:NODE_24_length_18878_cov_18.207989_5 (length 263)
prokka_out/CA110357:NODE_24_length_18878_cov_18.207989_6 (length 328)
prokka_out/CA110357:NODE_24_length_18878_cov_18.207989_7 (length 566)
prokka_out/CA110357:NODE_24_length_18878_cov_18.207989_8 (length 358)
prokka_out/CA110357:NODE_24_length_18878_cov_18.207989_9 (length 309)
prokka_out/CA110357:NODE_24_length_18878_cov_18.207989_10 (length 365)
prokka_out/CA110357:NODE_24_length_18878_cov_18.207989_11 (length 714)
prokka_out/CA110357:NODE_24_length_18878_cov_18.207989_12 (length 376)
prokka_out/CA110357:NODE_24_length_18878_cov_18.207989_13 (length 200)
prokka_out/CA110357:NODE_24_length_18878_cov_18.207989_14 (length 195)
prokka_out/CA110357:NODE_24_length_18878_cov_18.207989_15 (length 386)
prokka_out/CA110357:NODE_24_length_18878_cov_18.207989_16 (length 590)
prokka_out/CA110357:NODE_25_length_17959_cov_26.037349_1 (length 115)
prokka_out/CA110357:NODE_25_length_17959_cov_26.037349_2 (length 838)
prokka_out/CA110357:NODE_25_length_17959_cov_26.037349_3 (length 190)
prokka_out/CA110357:NODE_25_length_17959_cov_26.037349_4 (length 270)
prokka_out/CA110357:NODE_25_length_17959_cov_26.037349_5 (length 445)
prokka_out/CA110357:NODE_25_length_17959_cov_26.037349_6 (length 242)
prokka_out/CA110357:NODE_25_length_17959_cov_26.037349_7 (length 393)
prokka_out/CA110357:NODE_25_length_17959_cov_26.037349_8 (length 382)
prokka_out/CA110357:NODE_25_length_17959_cov_26.037349_9 (length 117)
prokka_out/CA110357:NODE_25_length_17959_cov_26.037349_10 (length 1750)
prokka_out/CA110357:NODE_26_length_17256_cov_12.940744_1 (length 1088)
prokka_out/CA110357:NODE_26_length_17256_cov_12.940744_2 (length 238)
prokka_out/CA110357:NODE_26_length_17256_cov_12.940744_3 (length 164)
prokka_out/CA110357:NODE_26_length_17256_cov_12.940744_4 (length 310)
prokka_out/CA110357:NODE_26_length_17256_cov_12.940744_5 (length 236)
prokka_out/CA110357:NODE_26_length_17256_cov_12.940744_6 (length 335)
prokka_out/CA110357:NODE_26_length_17256_cov_12.940744_7 (length 190)
prokka_out/CA110357:NODE_26_length_17256_cov_12.940744_8 (length 236)
prokka_out/CA110357:NODE_26_length_17256_cov_12.940744_9 (length 966)
prokka_out/CA110357:NODE_26_length_17256_cov_12.940744_10 (length 670)
prokka_out/CA110357:NODE_26_length_17256_cov_12.940744_11 (length 458)
prokka_out/CA110357:NODE_26_length_17256_cov_12.940744_12 (length 228)
prokka_out/CA110357:NODE_27_length_16838_cov_23.405182_1 (length 325)
prokka_out/CA110357:NODE_27_length_16838_cov_23.405182_2 (length 329)
prokka_out/CA110357:NODE_27_length_16838_cov_23.405182_3 (length 155)
prokka_out/CA110357:NODE_27_length_16838_cov_23.405182_4 (length 494)
prokka_out/CA110357:NODE_27_length_16838_cov_23.405182_5 (length 242)
prokka_out/CA110357:NODE_27_length_16838_cov_23.405182_6 (length 247)
prokka_out/CA110357:NODE_27_length_16838_cov_23.405182_7 (length 45)
prokka_out/CA110357:NODE_27_length_16838_cov_23.405182_8 (length 189)
prokka_out/CA110357:NODE_27_length_16838_cov_23.405182_9 (length 121)
prokka_out/CA110357:NODE_27_length_16838_cov_23.405182_10 (length 330)
prokka_out/CA110357:NODE_27_length_16838_cov_23.405182_11 (length 773)
prokka_out/CA110357:NODE_27_length_16838_cov_23.405182_12 (length 426)
prokka_out/CA110357:NODE_27_length_16838_cov_23.405182_13 (length 276)
prokka_out/CA110357:NODE_27_length_16838_cov_23.405182_14 (length 556)
prokka_out/CA110357:NODE_27_length_16838_cov_23.405182_15 (length 163)
prokka_out/CA110357:NODE_27_length_16838_cov_23.405182_16 (length 527)
prokka_out/CA110357:NODE_27_length_16838_cov_23.405182_17 (length 184)
prokka_out/CA110357:NODE_28_length_16620_cov_24.527982_1 (length 317)
prokka_out/CA110357:NODE_28_length_16620_cov_24.527982_2 (length 543)
prokka_out/CA110357:NODE_28_length_16620_cov_24.527982_3 (length 371)
prokka_out/CA110357:NODE_28_length_16620_cov_24.527982_4 (length 220)
prokka_out/CA110357:NODE_28_length_16620_cov_24.527982_5 (length 260)
prokka_out/CA110357:NODE_28_length_16620_cov_24.527982_6 (length 138)
prokka_out/CA110357:NODE_28_length_16620_cov_24.527982_7 (length 187)
prokka_out/CA110357:NODE_28_length_16620_cov_24.527982_8 (length 229)
prokka_out/CA110357:NODE_28_length_16620_cov_24.527982_9 (length 236)
prokka_out/CA110357:NODE_28_length_16620_cov_24.527982_10 (length 321)
prokka_out/CA110357:NODE_28_length_16620_cov_24.527982_11 (length 439)
prokka_out/CA110357:NODE_28_length_16620_cov_24.527982_12 (length 365)
prokka_out/CA110357:NODE_28_length_16620_cov_24.527982_13 (length 90)
prokka_out/CA110357:NODE_28_length_16620_cov_24.527982_14 (length 34)
prokka_out/CA110357:NODE_28_length_16620_cov_24.527982_15 (length 372)
prokka_out/CA110357:NODE_28_length_16620_cov_24.527982_16 (length 273)
prokka_out/CA110357:NODE_28_length_16620_cov_24.527982_17 (length 357)
prokka_out/CA110357:NODE_28_length_16620_cov_24.527982_18 (length 127)
prokka_out/CA110357:NODE_29_length_15193_cov_24.382849_1 (length 231)
prokka_out/CA110357:NODE_29_length_15193_cov_24.382849_2 (length 212)
prokka_out/CA110357:NODE_29_length_15193_cov_24.382849_3 (length 46)
prokka_out/CA110357:NODE_29_length_15193_cov_24.382849_4 (length 210)
prokka_out/CA110357:NODE_29_length_15193_cov_24.382849_5 (length 80)
prokka_out/CA110357:NODE_29_length_15193_cov_24.382849_6 (length 350)
prokka_out/CA110357:NODE_29_length_15193_cov_24.382849_7 (length 725)
prokka_out/CA110357:NODE_29_length_15193_cov_24.382849_8 (length 136)
prokka_out/CA110357:NODE_29_length_15193_cov_24.382849_9 (length 90)
prokka_out/CA110357:NODE_29_length_15193_cov_24.382849_10 (length 989)
prokka_out/CA110357:NODE_29_length_15193_cov_24.382849_11 (length 750)
prokka_out/CA110357:NODE_29_length_15193_cov_24.382849_12 (length 231)
prokka_out/CA110357:NODE_29_length_15193_cov_24.382849_13 (length 292)
prokka_out/CA110357:NODE_30_length_14463_cov_24.501674_1 (length 127)
prokka_out/CA110357:NODE_30_length_14463_cov_24.501674_2 (length 142)
prokka_out/CA110357:NODE_30_length_14463_cov_24.501674_3 (length 190)
prokka_out/CA110357:NODE_30_length_14463_cov_24.501674_4 (length 130)
prokka_out/CA110357:NODE_30_length_14463_cov_24.501674_5 (length 140)
prokka_out/CA110357:NODE_30_length_14463_cov_24.501674_6 (length 105)
prokka_out/CA110357:NODE_30_length_14463_cov_24.501674_7 (length 315)
prokka_out/CA110357:NODE_30_length_14463_cov_24.501674_8 (length 323)
prokka_out/CA110357:NODE_30_length_14463_cov_24.501674_9 (length 169)
prokka_out/CA110357:NODE_30_length_14463_cov_24.501674_10 (length 371)
prokka_out/CA110357:NODE_30_length_14463_cov_24.501674_11 (length 200)
prokka_out/CA110357:NODE_30_length_14463_cov_24.501674_12 (length 495)
prokka_out/CA110357:NODE_30_length_14463_cov_24.501674_13 (length 356)
prokka_out/CA110357:NODE_30_length_14463_cov_24.501674_14 (length 410)
prokka_out/CA110357:NODE_30_length_14463_cov_24.501674_15 (length 254)
prokka_out/CA110357:NODE_30_length_14463_cov_24.501674_16 (length 165)
prokka_out/CA110357:NODE_31_length_12582_cov_19.602168_1 (length 143)
prokka_out/CA110357:NODE_31_length_12582_cov_19.602168_2 (length 172)
prokka_out/CA110357:NODE_31_length_12582_cov_19.602168_3 (length 48)
prokka_out/CA110357:NODE_31_length_12582_cov_19.602168_4 (length 75)
prokka_out/CA110357:NODE_31_length_12582_cov_19.602168_5 (length 238)
prokka_out/CA110357:NODE_31_length_12582_cov_19.602168_6 (length 101)
prokka_out/CA110357:NODE_31_length_12582_cov_19.602168_7 (length 304)
prokka_out/CA110357:NODE_31_length_12582_cov_19.602168_8 (length 47)
prokka_out/CA110357:NODE_31_length_12582_cov_19.602168_9 (length 403)
prokka_out/CA110357:NODE_31_length_12582_cov_19.602168_10 (length 232)
prokka_out/CA110357:NODE_31_length_12582_cov_19.602168_11 (length 274)
prokka_out/CA110357:NODE_31_length_12582_cov_19.602168_12 (length 241)
prokka_out/CA110357:NODE_31_length_12582_cov_19.602168_13 (length 224)
prokka_out/CA110357:NODE_31_length_12582_cov_19.602168_14 (length 157)
prokka_out/CA110357:NODE_31_length_12582_cov_19.602168_15 (length 248)
prokka_out/CA110357:NODE_31_length_12582_cov_19.602168_16 (length 201)
prokka_out/CA110357:NODE_31_length_12582_cov_19.602168_17 (length 378)
prokka_out/CA110357:NODE_31_length_12582_cov_19.602168_18 (length 343)
prokka_out/CA110357:NODE_31_length_12582_cov_19.602168_19 (length 60)
prokka_out/CA110357:NODE_32_length_9907_cov_23.130573_1 (length 179)
prokka_out/CA110357:NODE_32_length_9907_cov_23.130573_2 (length 643)
prokka_out/CA110357:NODE_32_length_9907_cov_23.130573_3 (length 388)
prokka_out/CA110357:NODE_32_length_9907_cov_23.130573_4 (length 418)
prokka_out/CA110357:NODE_32_length_9907_cov_23.130573_5 (length 286)
prokka_out/CA110357:NODE_32_length_9907_cov_23.130573_6 (length 192)
prokka_out/CA110357:NODE_32_length_9907_cov_23.130573_7 (length 592)
prokka_out/CA110357:NODE_32_length_9907_cov_23.130573_8 (length 354)
prokka_out/CA110357:NODE_33_length_8871_cov_30.729186_1 (length 312)
prokka_out/CA110357:NODE_33_length_8871_cov_30.729186_2 (length 404)
prokka_out/CA110357:NODE_33_length_8871_cov_30.729186_3 (length 77)
prokka_out/CA110357:NODE_33_length_8871_cov_30.729186_4 (length 221)
prokka_out/CA110357:NODE_33_length_8871_cov_30.729186_5 (length 135)
prokka_out/CA110357:NODE_33_length_8871_cov_30.729186_6 (length 247)
prokka_out/CA110357:NODE_33_length_8871_cov_30.729186_7 (length 492)
prokka_out/CA110357:NODE_33_length_8871_cov_30.729186_8 (length 353)
prokka_out/CA110357:NODE_33_length_8871_cov_30.729186_9 (length 402)
prokka_out/CA110357:NODE_34_length_8690_cov_28.111643_1 (length 136)
prokka_out/CA110357:NODE_34_length_8690_cov_28.111643_2 (length 336)
prokka_out/CA110357:NODE_34_length_8690_cov_28.111643_3 (length 347)
prokka_out/CA110357:NODE_34_length_8690_cov_28.111643_4 (length 463)
prokka_out/CA110357:NODE_34_length_8690_cov_28.111643_5 (length 598)
prokka_out/CA110357:NODE_34_length_8690_cov_28.111643_6 (length 745)
prokka_out/CA110357:NODE_35_length_7593_cov_24.361238_1 (length 373)
prokka_out/CA110357:NODE_35_length_7593_cov_24.361238_2 (length 89)
prokka_out/CA110357:NODE_35_length_7593_cov_24.361238_3 (length 119)
prokka_out/CA110357:NODE_35_length_7593_cov_24.361238_4 (length 334)
prokka_out/CA110357:NODE_35_length_7593_cov_24.361238_5 (length 384)
prokka_out/CA110357:NODE_35_length_7593_cov_24.361238_6 (length 341)
prokka_out/CA110357:NODE_35_length_7593_cov_24.361238_7 (length 301)
prokka_out/CA110357:NODE_35_length_7593_cov_24.361238_8 (length 235)
prokka_out/CA110357:NODE_35_length_7593_cov_24.361238_9 (length 256)
prokka_out/CA110357:NODE_36_length_6945_cov_22.217219_1 (length 1270)
prokka_out/CA110357:NODE_36_length_6945_cov_22.217219_2 (length 365)
prokka_out/CA110357:NODE_36_length_6945_cov_22.217219_3 (length 340)
prokka_out/CA110357:NODE_37_length_4770_cov_24.021107_1 (length 76)
prokka_out/CA110357:NODE_37_length_4770_cov_24.021107_2 (length 297)
prokka_out/CA110357:NODE_37_length_4770_cov_24.021107_3 (length 138)
prokka_out/CA110357:NODE_37_length_4770_cov_24.021107_4 (length 520)
prokka_out/CA110357:NODE_37_length_4770_cov_24.021107_5 (length 353)
prokka_out/CA110357:NODE_37_length_4770_cov_24.021107_6 (length 73)
prokka_out/CA110357:NODE_38_length_4050_cov_20.158297_1 (length 116)
prokka_out/CA110357:NODE_38_length_4050_cov_20.158297_2 (length 330)
prokka_out/CA110357:NODE_38_length_4050_cov_20.158297_3 (length 384)
prokka_out/CA110357:NODE_38_length_4050_cov_20.158297_4 (length 82)
prokka_out/CA110357:NODE_38_length_4050_cov_20.158297_5 (length 75)
prokka_out/CA110357:NODE_38_length_4050_cov_20.158297_6 (length 105)
prokka_out/CA110357:NODE_38_length_4050_cov_20.158297_7 (length 128)
prokka_out/CA110357:NODE_40_length_3871_cov_24.747596_1 (length 407)
prokka_out/CA110357:NODE_40_length_3871_cov_24.747596_2 (length 255)
prokka_out/CA110357:NODE_40_length_3871_cov_24.747596_3 (length 545)
prokka_out/CA110357:NODE_42_length_2926_cov_40.415506_1 (length 485)
prokka_out/CA110357:NODE_43_length_2208_cov_26.885632_1 (length 173)
prokka_out/CA110357:NODE_43_length_2208_cov_26.885632_2 (length 133)
prokka_out/CA110357:NODE_43_length_2208_cov_26.885632_3 (length 344)
prokka_out/CA110357:NODE_44_length_2151_cov_24.195158_1 (length 507)
prokka_out/CA110357:NODE_44_length_2151_cov_24.195158_2 (length 93)
prokka_out/CA110357:NODE_45_length_2131_cov_20.388224_1 (length 626)
prokka_out/CA110357:NODE_45_length_2131_cov_20.388224_2 (length 40)
prokka_out/CA110357:NODE_46_length_2068_cov_24.138073_1 (length 111)
prokka_out/CA110357:NODE_46_length_2068_cov_24.138073_2 (length 549)
prokka_out/CA110357:NODE_47_length_1854_cov_14.825709_1 (length 502)
prokka_out/CA110357:NODE_48_length_1759_cov_51.463848_1 (length 111)
prokka_out/CA110357:NODE_55_length_771_cov_7.338509_1 (length 147)
prokka_out/CA110357:NODE_56_length_554_cov_174.459016_1 (length 146)
prokka_out/CA110357:NODE_57_length_433_cov_21.712418_1 (length 86)
prokka_out/CA110357:NODE_60_length_411_cov_15.133803_1 (length 68)

DiscRep_ALL:DISC_SOURCE_QUALS_ASNDISC::strain (all present, all same)
DiscRep_SUB:DISC_SOURCE_QUALS_ASNDISC::64 sources have 'strain' for strain
DiscRep_ALL:DISC_SOURCE_QUALS_ASNDISC::taxname (all present, all same)
DiscRep_SUB:DISC_SOURCE_QUALS_ASNDISC::64 sources have 'Genus species' for taxname
DiscRep_ALL:DISC_FEATURE_COUNT::CDS: 1699 present
DiscRep_ALL:DISC_FEATURE_COUNT::tRNA: 40 present
DiscRep_ALL:DISC_FEATURE_COUNT::rRNA: 3 present
DiscRep_ALL:DISC_FEATURE_COUNT::tmRNA: 1 present
DiscRep_ALL:DISC_COUNT_NUCLEOTIDES::64 nucleotide Bioseqs are present
prokka_out/CA110357:NODE_1_length_246645_cov_28.538618 (length 246645)
prokka_out/CA110357:NODE_2_length_151050_cov_23.777973 (length 151050)
prokka_out/CA110357:NODE_3_length_107807_cov_23.952684 (length 107807)
prokka_out/CA110357:NODE_4_length_101299_cov_28.002857 (length 101299)
prokka_out/CA110357:NODE_5_length_84794_cov_32.952520 (length 84794)
prokka_out/CA110357:NODE_6_length_75010_cov_33.629876 (length 75010)
prokka_out/CA110357:NODE_7_length_73514_cov_27.283824 (length 73514)
prokka_out/CA110357:NODE_8_length_63333_cov_26.930244 (length 63333)
prokka_out/CA110357:NODE_9_length_61305_cov_33.338292 (length 61305)
prokka_out/CA110357:NODE_10_length_57455_cov_29.148200 (length 57455)
prokka_out/CA110357:NODE_11_length_54396_cov_35.294938 (length 54396)
prokka_out/CA110357:NODE_12_length_51844_cov_25.366707 (length 51844)
prokka_out/CA110357:NODE_13_length_45722_cov_28.431034 (length 45722)
prokka_out/CA110357:NODE_14_length_39543_cov_34.711056 (length 39543)
prokka_out/CA110357:NODE_15_length_37051_cov_31.152800 (length 37051)
prokka_out/CA110357:NODE_16_length_36957_cov_22.562205 (length 36957)
prokka_out/CA110357:NODE_17_length_32617_cov_27.744014 (length 32617)
prokka_out/CA110357:NODE_18_length_28760_cov_27.563196 (length 28760)
prokka_out/CA110357:NODE_19_length_28675_cov_23.424793 (length 28675)
prokka_out/CA110357:NODE_20_length_25761_cov_32.456815 (length 25761)
prokka_out/CA110357:NODE_21_length_22028_cov_29.117346 (length 22028)
prokka_out/CA110357:NODE_22_length_21066_cov_29.525049 (length 21066)
prokka_out/CA110357:NODE_23_length_19863_cov_32.630067 (length 19863)
prokka_out/CA110357:NODE_24_length_18878_cov_18.207989 (length 18878)
prokka_out/CA110357:NODE_25_length_17959_cov_26.037349 (length 17959)
prokka_out/CA110357:NODE_26_length_17256_cov_12.940744 (length 17256)
prokka_out/CA110357:NODE_27_length_16838_cov_23.405182 (length 16838)
prokka_out/CA110357:NODE_28_length_16620_cov_24.527982 (length 16620)
prokka_out/CA110357:NODE_29_length_15193_cov_24.382849 (length 15193)
prokka_out/CA110357:NODE_30_length_14463_cov_24.501674 (length 14463)
prokka_out/CA110357:NODE_31_length_12582_cov_19.602168 (length 12582)
prokka_out/CA110357:NODE_32_length_9907_cov_23.130573 (length 9907)
prokka_out/CA110357:NODE_33_length_8871_cov_30.729186 (length 8871)
prokka_out/CA110357:NODE_34_length_8690_cov_28.111643 (length 8690)
prokka_out/CA110357:NODE_35_length_7593_cov_24.361238 (length 7593)
prokka_out/CA110357:NODE_36_length_6945_cov_22.217219 (length 6945)
prokka_out/CA110357:NODE_37_length_4770_cov_24.021107 (length 4770)
prokka_out/CA110357:NODE_38_length_4050_cov_20.158297 (length 4050)
prokka_out/CA110357:NODE_39_length_4001_cov_129.067372 (length 4001)
prokka_out/CA110357:NODE_40_length_3871_cov_24.747596 (length 3871)
prokka_out/CA110357:NODE_41_length_2957_cov_95.798587 (length 2957)
prokka_out/CA110357:NODE_42_length_2926_cov_40.415506 (length 2926)
prokka_out/CA110357:NODE_43_length_2208_cov_26.885632 (length 2208)
prokka_out/CA110357:NODE_44_length_2151_cov_24.195158 (length 2151)
prokka_out/CA110357:NODE_45_length_2131_cov_20.388224 (length 2131)
prokka_out/CA110357:NODE_46_length_2068_cov_24.138073 (length 2068)
prokka_out/CA110357:NODE_47_length_1854_cov_14.825709 (length 1854)
prokka_out/CA110357:NODE_48_length_1759_cov_51.463848 (length 1759)
prokka_out/CA110357:NODE_49_length_1131_cov_21.916335 (length 1131)
prokka_out/CA110357:NODE_50_length_934_cov_10.396530 (length 934)
prokka_out/CA110357:NODE_51_length_928_cov_18.449438 (length 928)
prokka_out/CA110357:NODE_52_length_901_cov_26.153747 (length 901)
prokka_out/CA110357:NODE_53_length_804_cov_27.534712 (length 804)
prokka_out/CA110357:NODE_54_length_783_cov_10.858232 (length 783)
prokka_out/CA110357:NODE_55_length_771_cov_7.338509 (length 771)
prokka_out/CA110357:NODE_56_length_554_cov_174.459016 (length 554)
prokka_out/CA110357:NODE_57_length_433_cov_21.712418 (length 433)
prokka_out/CA110357:NODE_59_length_425_cov_12.271812 (length 425)
prokka_out/CA110357:NODE_60_length_411_cov_15.133803 (length 411)
prokka_out/CA110357:NODE_61_length_367_cov_107.645833 (length 367)
prokka_out/CA110357:NODE_62_length_294_cov_19.095808 (length 294)
prokka_out/CA110357:NODE_63_length_262_cov_96.533333 (length 262)
prokka_out/CA110357:NODE_64_length_261_cov_86.753731 (length 261)
prokka_out/CA110357:NODE_65_length_221_cov_52.106383 (length 221)

DiscRep_ALL:FEATURE_LOCATION_CONFLICT::1743 features have inconsistent gene locations.
DiscRep_SUB:FEATURE_LOCATION_CONFLICT::Coding region xref gene does not exist
prokka_out/CA110357:CDS	putative histidine-binding protein	NODE_1_length_246645_cov_28.538618:237-1007	OBHBHFCO_00001

DiscRep_SUB:FEATURE_LOCATION_CONFLICT::Coding region xref gene does not exist
prokka_out/CA110357:CDS	putative phosphatase	NODE_1_length_246645_cov_28.538618:c1669-1031	OBHBHFCO_00002

DiscRep_SUB:FEATURE_LOCATION_CONFLICT::Coding region xref gene does not exist
prokka_out/CA110357:CDS	Vitamin B12 import ATP-binding protein BtuD	NODE_1_length_246645_cov_28.538618:c2655-1666	OBHBHFCO_00003

DiscRep_SUB:FEATURE_LOCATION_CONFLICT::Coding region xref gene does not exist
prokka_out/CA110357:CDS	hypothetical protein	NODE_1_length_246645_cov_28.538618:c3438-2659	OBHBHFCO_00004

DiscRep_SUB:FEATURE_LOCATION_CONFLICT::Coding region xref gene does not exist
prokka_out/CA110357:CDS	hypothetical protein	NODE_1_length_246645_cov_28.538618:c4278-3439	OBHBHFCO_00005

DiscRep_SUB:FEATURE_LOCATION_CONFLICT::Coding region xref gene does not exist
prokka_out/CA110357:CDS	hypothetical protein	NODE_1_length_246645_cov_28.538618:c4898-4275	OBHBHFCO_00006

DiscRep_SUB:FEATURE_LOCATION_CONFLICT::Coding region xref gene does not exist
prokka_out/CA110357:CDS	hypothetical protein	NODE_1_length_246645_cov_28.538618:c5082-4885	OBHBHFCO_00007

DiscRep_SUB:FEATURE_LOCATION_CONFLICT::Coding region xref gene does not exist
prokka_out/CA110357:CDS	hypothetical protein	NODE_1_length_246645_cov_28.538618:c6407-5082	OBHBHFCO_00008

DiscRep_SUB:FEATURE_LOCATION_CONFLICT::Coding region xref gene does not exist
prokka_out/CA110357:CDS	hypothetical protein	NODE_1_length_246645_cov_28.538618:c7464-6418	OBHBHFCO_00009

DiscRep_SUB:FEATURE_LOCATION_CONFLICT::Coding region xref gene does not exist
prokka_out/CA110357:CDS	Magnesium transport protein CorA	NODE_1_length_246645_cov_28.538618:7581-8564	OBHBHFCO_00010

DiscRep_SUB:FEATURE_LOCATION_CONFLICT::Coding region xref gene does not exist
prokka_out/CA110357:CDS	Molybdopterin adenylyltransferase	NODE_1_length_246645_cov_28.538618:8583-9125	OBHBHFCO_00011

DiscRep_SUB:FEATURE_LOCATION_CONFLICT::Coding region xref gene does not exist
prokka_out/CA110357:CDS	hypothetical protein	NODE_1_length_246645_cov_28.538618:c9307-9122	OBHBHFCO_00012

DiscRep_SUB:FEATURE_LOCATION_CONFLICT::Coding region xref gene does not exist
prokka_out/CA110357:CDS	Protease HtpX	NODE_1_length_246645_cov_28.538618:9436-10623	OBHBHFCO_00013

DiscRep_SUB:FEATURE_LOCATION_CONFLICT::Coding region xref gene does not exist
prokka_out/CA110357:CDS	Release factor glutamine methyltransferase	NODE_1_length_246645_cov_28.538618:10620-11420	OBHBHFCO_00014

DiscRep_SUB:FEATURE_LOCATION_CONFLICT::Coding region xref gene does not exist
prokka_out/CA110357:CDS	hypothetical protein	NODE_1_length_246645_cov_28.538618:11462-11935	OBHBHFCO_00015

DiscRep_SUB:FEATURE_LOCATION_CONFLICT::Coding region xref gene does not exist
prokka_out/CA110357:CDS	Secreted flagellin C	NODE_1_length_246645_cov_28.538618:11969-12718	OBHBHFCO_00016

DiscRep_SUB:FEATURE_LOCATION_CONFLICT::Coding region xref gene does not exist
prokka_out/CA110357:CDS	Pyridoxal phosphate homeostasis protein	NODE_1_length_246645_cov_28.538618:12755-13387	OBHBHFCO_00017

DiscRep_SUB:FEATURE_LOCATION_CONFLICT::Coding region xref gene does not exist
prokka_out/CA110357:CDS	DNA polymerase III subunit alpha	NODE_1_length_246645_cov_28.538618:c17006-13404	OBHBHFCO_00018

DiscRep_SUB:FEATURE_LOCATION_CONFLICT::Coding region xref gene does not exist
prokka_out/CA110357:CDS	hypothetical protein	NODE_1_length_246645_cov_28.538618:c17535-17206	OBHBHFCO_00019

DiscRep_SUB:FEATURE_LOCATION_CONFLICT::Coding region xref gene does not exist
prokka_out/CA110357:CDS	Phospho-2-dehydro-3-deoxyheptonate aldolase	NODE_1_length_246645_cov_28.538618:c18875-17532	OBHBHFCO_00020

DiscRep_SUB:FEATURE_LOCATION_CONFLICT::Coding region xref gene does not exist
prokka_out/CA110357:CDS	5-hydroxyisourate hydrolase	NODE_1_length_246645_cov_28.538618:c19312-18899	OBHBHFCO_00021

DiscRep_SUB:FEATURE_LOCATION_CONFLICT::Coding region xref gene does not exist
prokka_out/CA110357:CDS	50S ribosomal protein L19	NODE_1_length_246645_cov_28.538618:c19820-19464	OBHBHFCO_00022

DiscRep_SUB:FEATURE_LOCATION_CONFLICT::Coding region xref gene does not exist
prokka_out/CA110357:CDS	tRNA (guanine-N(1)-)-methyltransferase	NODE_1_length_246645_cov_28.538618:c20535-19831	OBHBHFCO_00023

DiscRep_SUB:FEATURE_LOCATION_CONFLICT::Coding region xref gene does not exist
prokka_out/CA110357:CDS	Ribosome maturation factor RimM	NODE_1_length_246645_cov_28.538618:c21071-20532	OBHBHFCO_00024

DiscRep_SUB:FEATURE_LOCATION_CONFLICT::Coding region xref gene does not exist
prokka_out/CA110357:CDS	hypothetical protein	NODE_1_length_246645_cov_28.538618:c21306-21064	OBHBHFCO_00025

DiscRep_SUB:FEATURE_LOCATION_CONFLICT::Coding region xref gene does not exist
prokka_out/CA110357:CDS	30S ribosomal protein S16	NODE_1_length_246645_cov_28.538618:c21539-21312	OBHBHFCO_00026

DiscRep_SUB:FEATURE_LOCATION_CONFLICT::Coding region xref gene does not exist
prokka_out/CA110357:CDS	Signal recognition particle protein	NODE_1_length_246645_cov_28.538618:c22944-21607	OBHBHFCO_00027

DiscRep_SUB:FEATURE_LOCATION_CONFLICT::Coding region xref gene does not exist
prokka_out/CA110357:CDS	hypothetical protein	NODE_1_length_246645_cov_28.538618:c23764-23012	OBHBHFCO_00028

DiscRep_SUB:FEATURE_LOCATION_CONFLICT::Coding region xref gene does not exist
prokka_out/CA110357:CDS	3-deoxy-D-manno-octulosonic acid transferase	NODE_1_length_246645_cov_28.538618:c24902-23745	OBHBHFCO_00029

DiscRep_SUB:FEATURE_LOCATION_CONFLICT::Coding region xref gene does not exist
prokka_out/CA110357:CDS	hypothetical protein	NODE_1_length_246645_cov_28.538618:c25615-24899	OBHBHFCO_00030

DiscRep_SUB:FEATURE_LOCATION_CONFLICT::Coding region xref gene does not exist
prokka_out/CA110357:CDS	GTP cyclohydrolase 1 type 2	NODE_1_length_246645_cov_28.538618:c26350-25625	OBHBHFCO_00031

DiscRep_SUB:FEATURE_LOCATION_CONFLICT::Coding region xref gene does not exist
prokka_out/CA110357:CDS	Glycine--tRNA ligase alpha subunit	NODE_1_length_246645_cov_28.538618:c27200-26337	OBHBHFCO_00032

DiscRep_SUB:FEATURE_LOCATION_CONFLICT::Coding region xref gene does not exist
prokka_out/CA110357:CDS	hypothetical protein	NODE_1_length_246645_cov_28.538618:c27756-27202	OBHBHFCO_00033

DiscRep_SUB:FEATURE_LOCATION_CONFLICT::Coding region xref gene does not exist
prokka_out/CA110357:CDS	N5-carboxyaminoimidazole ribonucleotide mutase	NODE_1_length_246645_cov_28.538618:c28263-27769	OBHBHFCO_00034

DiscRep_SUB:FEATURE_LOCATION_CONFLICT::Coding region xref gene does not exist
prokka_out/CA110357:CDS	hypothetical protein	NODE_1_length_246645_cov_28.538618:c29516-28260	OBHBHFCO_00035

DiscRep_SUB:FEATURE_LOCATION_CONFLICT::Coding region xref gene does not exist
prokka_out/CA110357:CDS	hypothetical protein	NODE_1_length_246645_cov_28.538618:c30217-29513	OBHBHFCO_00036

DiscRep_SUB:FEATURE_LOCATION_CONFLICT::Coding region xref gene does not exist
prokka_out/CA110357:CDS	Glutamine synthetase	NODE_1_length_246645_cov_28.538618:30416-31846	OBHBHFCO_00037

DiscRep_SUB:FEATURE_LOCATION_CONFLICT::Coding region xref gene does not exist
prokka_out/CA110357:CDS	Flagellar basal-body rod protein FlgG	NODE_1_length_246645_cov_28.538618:c32881-32090	OBHBHFCO_00038

DiscRep_SUB:FEATURE_LOCATION_CONFLICT::Coding region xref gene does not exist
prokka_out/CA110357:CDS	Flagellar basal-body rod protein FlgG	NODE_1_length_246645_cov_28.538618:c33724-32912	OBHBHFCO_00039

DiscRep_SUB:FEATURE_LOCATION_CONFLICT::Coding region xref gene does not exist
prokka_out/CA110357:CDS	Cell division protein FtsZ	NODE_1_length_246645_cov_28.538618:c35159-34047	OBHBHFCO_00040

DiscRep_SUB:FEATURE_LOCATION_CONFLICT::Coding region xref gene does not exist
prokka_out/CA110357:CDS	Cell division protein FtsA	NODE_1_length_246645_cov_28.538618:c36558-35176	OBHBHFCO_00041

DiscRep_SUB:FEATURE_LOCATION_CONFLICT::Coding region xref gene does not exist
prokka_out/CA110357:CDS	Peptidyl-prolyl cis-trans isomerase D	NODE_1_length_246645_cov_28.538618:c38048-36561	OBHBHFCO_00042

DiscRep_SUB:FEATURE_LOCATION_CONFLICT::Coding region xref gene does not exist
prokka_out/CA110357:CDS	Ribosomal RNA small subunit methyltransferase H	NODE_1_length_246645_cov_28.538618:38201-39136	OBHBHFCO_00043

DiscRep_SUB:FEATURE_LOCATION_CONFLICT::Coding region xref gene does not exist
prokka_out/CA110357:CDS	hypothetical protein	NODE_1_length_246645_cov_28.538618:39136-40023	OBHBHFCO_00044

DiscRep_SUB:FEATURE_LOCATION_CONFLICT::Coding region xref gene does not exist
prokka_out/CA110357:CDS	hypothetical protein	NODE_1_length_246645_cov_28.538618:c40502-40011	OBHBHFCO_00045

DiscRep_SUB:FEATURE_LOCATION_CONFLICT::Coding region xref gene does not exist
prokka_out/CA110357:CDS	Acetate kinase	NODE_1_length_246645_cov_28.538618:c41766-40576	OBHBHFCO_00046

DiscRep_SUB:FEATURE_LOCATION_CONFLICT::Coding region xref gene does not exist
prokka_out/CA110357:CDS	hypothetical protein	NODE_1_length_246645_cov_28.538618:c43282-41780	OBHBHFCO_00047

DiscRep_SUB:FEATURE_LOCATION_CONFLICT::Coding region xref gene does not exist
prokka_out/CA110357:CDS	Flagellar L-ring protein	NODE_1_length_246645_cov_28.538618:43387-44085	OBHBHFCO_00048

DiscRep_SUB:FEATURE_LOCATION_CONFLICT::Coding region xref gene does not exist
prokka_out/CA110357:CDS	4-hydroxy-3-methylbut-2-en-1-yl diphosphate synthase (flavodoxin)	NODE_1_length_246645_cov_28.538618:c45242-44169	OBHBHFCO_00049

DiscRep_SUB:FEATURE_LOCATION_CONFLICT::Coding region xref gene does not exist
prokka_out/CA110357:CDS	Primosomal protein N'	NODE_1_length_246645_cov_28.538618:c47140-45302	OBHBHFCO_00050

DiscRep_SUB:FEATURE_LOCATION_CONFLICT::Coding region xref gene does not exist
prokka_out/CA110357:CDS	hypothetical protein	NODE_1_length_246645_cov_28.538618:c47583-47137	OBHBHFCO_00051

DiscRep_SUB:FEATURE_LOCATION_CONFLICT::Coding region xref gene does not exist
prokka_out/CA110357:CDS	hypothetical protein	NODE_1_length_246645_cov_28.538618:c47825-47580	OBHBHFCO_00052

DiscRep_SUB:FEATURE_LOCATION_CONFLICT::Coding region xref gene does not exist
prokka_out/CA110357:CDS	hypothetical protein	NODE_1_length_246645_cov_28.538618:c48045-47815	OBHBHFCO_00053

DiscRep_SUB:FEATURE_LOCATION_CONFLICT::Coding region xref gene does not exist
prokka_out/CA110357:CDS	UvrABC system protein B	NODE_1_length_246645_cov_28.538618:48199-50172	OBHBHFCO_00054

DiscRep_SUB:FEATURE_LOCATION_CONFLICT::Coding region xref gene does not exist
prokka_out/CA110357:CDS	Anaerobic C4-dicarboxylate transporter DcuB	NODE_1_length_246645_cov_28.538618:c51631-50207	OBHBHFCO_00055

DiscRep_SUB:FEATURE_LOCATION_CONFLICT::Coding region xref gene does not exist
prokka_out/CA110357:CDS	RNA polymerase sigma-54 factor	NODE_1_length_246645_cov_28.538618:c53068-51818	OBHBHFCO_00056

DiscRep_SUB:FEATURE_LOCATION_CONFLICT::Coding region xref gene does not exist
prokka_out/CA110357:CDS	Lipopolysaccharide export system ATP-binding protein LptB	NODE_1_length_246645_cov_28.538618:c53796-53068	OBHBHFCO_00057

DiscRep_SUB:FEATURE_LOCATION_CONFLICT::Coding region xref gene does not exist
prokka_out/CA110357:CDS	tRNA threonylcarbamoyladenosine biosynthesis protein TsaE	NODE_1_length_246645_cov_28.538618:c54196-53789	OBHBHFCO_00058

DiscRep_SUB:FEATURE_LOCATION_CONFLICT::Coding region xref gene does not exist
prokka_out/CA110357:CDS	hypothetical protein	NODE_1_length_246645_cov_28.538618:c54438-54193	OBHBHFCO_00059

DiscRep_SUB:FEATURE_LOCATION_CONFLICT::Coding region xref gene does not exist
prokka_out/CA110357:CDS	Argininosuccinate synthase	NODE_1_length_246645_cov_28.538618:54578-55798	OBHBHFCO_00060

DiscRep_SUB:FEATURE_LOCATION_CONFLICT::Coding region xref gene does not exist
prokka_out/CA110357:CDS	50S ribosomal protein L9	NODE_1_length_246645_cov_28.538618:55814-56257	OBHBHFCO_00061

DiscRep_SUB:FEATURE_LOCATION_CONFLICT::Coding region xref gene does not exist
prokka_out/CA110357:CDS	ATP-dependent protease subunit HslV	NODE_1_length_246645_cov_28.538618:56257-56799	OBHBHFCO_00062

DiscRep_SUB:FEATURE_LOCATION_CONFLICT::Coding region xref gene does not exist
prokka_out/CA110357:CDS	ATP-dependent protease ATPase subunit ClpY	NODE_1_length_246645_cov_28.538618:56796-58115	OBHBHFCO_00063

DiscRep_SUB:FEATURE_LOCATION_CONFLICT::Coding region xref gene does not exist
prokka_out/CA110357:CDS	GTPase Era	NODE_1_length_246645_cov_28.538618:58112-58987	OBHBHFCO_00064

DiscRep_SUB:FEATURE_LOCATION_CONFLICT::Coding region xref gene does not exist
prokka_out/CA110357:CDS	hypothetical protein	NODE_1_length_246645_cov_28.538618:58977-60053	OBHBHFCO_00065

DiscRep_SUB:FEATURE_LOCATION_CONFLICT::Coding region xref gene does not exist
prokka_out/CA110357:CDS	hypothetical protein	NODE_1_length_246645_cov_28.538618:60050-60607	OBHBHFCO_00066

DiscRep_SUB:FEATURE_LOCATION_CONFLICT::Coding region xref gene does not exist
prokka_out/CA110357:CDS	hypothetical protein	NODE_1_length_246645_cov_28.538618:60692-62479	OBHBHFCO_00067

DiscRep_SUB:FEATURE_LOCATION_CONFLICT::Coding region xref gene does not exist
prokka_out/CA110357:CDS	Peptidoglycan D,D-transpeptidase MrdA	NODE_1_length_246645_cov_28.538618:c64347-62512	OBHBHFCO_00068

DiscRep_SUB:FEATURE_LOCATION_CONFLICT::Coding region xref gene does not exist
prokka_out/CA110357:CDS	hypothetical protein	NODE_1_length_246645_cov_28.538618:c64841-64347	OBHBHFCO_00069

DiscRep_SUB:FEATURE_LOCATION_CONFLICT::Coding region xref gene does not exist
prokka_out/CA110357:CDS	putative GTP-binding protein EngB	NODE_1_length_246645_cov_28.538618:c65433-64843	OBHBHFCO_00070

DiscRep_SUB:FEATURE_LOCATION_CONFLICT::Coding region xref gene does not exist
prokka_out/CA110357:CDS	Lipopolysaccharide export system protein LptA	NODE_1_length_246645_cov_28.538618:c65888-65430	OBHBHFCO_00071

DiscRep_SUB:FEATURE_LOCATION_CONFLICT::Coding region xref gene does not exist
prokka_out/CA110357:CDS	hypothetical protein	NODE_1_length_246645_cov_28.538618:c66385-65873	OBHBHFCO_00072

DiscRep_SUB:FEATURE_LOCATION_CONFLICT::Coding region xref gene does not exist
prokka_out/CA110357:CDS	2-keto-3-deoxy-D-glycero-D-galacto-9-phosphonononic acid phosphatase	NODE_1_length_246645_cov_28.538618:c66864-66376	OBHBHFCO_00073

DiscRep_SUB:FEATURE_LOCATION_CONFLICT::Coding region xref gene does not exist
prokka_out/CA110357:CDS	Endolytic peptidoglycan transglycosylase RlpA	NODE_1_length_246645_cov_28.538618:c67707-66868	OBHBHFCO_00074

DiscRep_SUB:FEATURE_LOCATION_CONFLICT::Coding region xref gene does not exist
prokka_out/CA110357:CDS	hypothetical protein	NODE_1_length_246645_cov_28.538618:c68785-67652	OBHBHFCO_00075

DiscRep_SUB:FEATURE_LOCATION_CONFLICT::Coding region xref gene does not exist
prokka_out/CA110357:CDS	putative metal-dependent hydrolase YcfH	NODE_1_length_246645_cov_28.538618:c69600-68788	OBHBHFCO_00076

DiscRep_SUB:FEATURE_LOCATION_CONFLICT::Coding region xref gene does not exist
prokka_out/CA110357:CDS	Response regulator PleD	NODE_1_length_246645_cov_28.538618:c70835-69591	OBHBHFCO_00077

DiscRep_SUB:FEATURE_LOCATION_CONFLICT::Coding region xref gene does not exist
prokka_out/CA110357:CDS	DNA repair protein RecN	NODE_1_length_246645_cov_28.538618:c72447-70924	OBHBHFCO_00078

DiscRep_SUB:FEATURE_LOCATION_CONFLICT::Coding region xref gene does not exist
prokka_out/CA110357:CDS	NAD kinase	NODE_1_length_246645_cov_28.538618:c73307-72447	OBHBHFCO_00079

DiscRep_SUB:FEATURE_LOCATION_CONFLICT::Coding region xref gene does not exist
prokka_out/CA110357:CDS	Aspartate--tRNA(Asp/Asn) ligase	NODE_1_length_246645_cov_28.538618:73400-75151	OBHBHFCO_00080

DiscRep_SUB:FEATURE_LOCATION_CONFLICT::Coding region xref gene does not exist
prokka_out/CA110357:CDS	Adenylate kinase	NODE_1_length_246645_cov_28.538618:75148-75723	OBHBHFCO_00081

DiscRep_SUB:FEATURE_LOCATION_CONFLICT::Coding region xref gene does not exist
prokka_out/CA110357:CDS	Inorganic pyrophosphatase	NODE_1_length_246645_cov_28.538618:75733-76251	OBHBHFCO_00082

DiscRep_SUB:FEATURE_LOCATION_CONFLICT::Coding region xref gene does not exist
prokka_out/CA110357:CDS	Peptide methionine sulfoxide reductase MsrA	NODE_1_length_246645_cov_28.538618:76299-76799	OBHBHFCO_00083

DiscRep_SUB:FEATURE_LOCATION_CONFLICT::Coding region xref gene does not exist
prokka_out/CA110357:CDS	Ribosomal RNA small subunit methyltransferase F	NODE_1_length_246645_cov_28.538618:c77897-77022	OBHBHFCO_00084

DiscRep_SUB:FEATURE_LOCATION_CONFLICT::Coding region xref gene does not exist
prokka_out/CA110357:CDS	Putative pre-16S rRNA nuclease	NODE_1_length_246645_cov_28.538618:c78267-77887	OBHBHFCO_00085

DiscRep_SUB:FEATURE_LOCATION_CONFLICT::Coding region xref gene does not exist
prokka_out/CA110357:CDS	hypothetical protein	NODE_1_length_246645_cov_28.538618:c79034-78264	OBHBHFCO_00086

DiscRep_SUB:FEATURE_LOCATION_CONFLICT::Coding region xref gene does not exist
prokka_out/CA110357:CDS	hypothetical protein	NODE_1_length_246645_cov_28.538618:c80055-79024	OBHBHFCO_00087

DiscRep_SUB:FEATURE_LOCATION_CONFLICT::Coding region xref gene does not exist
prokka_out/CA110357:CDS	Ketol-acid reductoisomerase (NADP(+))	NODE_1_length_246645_cov_28.538618:c81080-80058	OBHBHFCO_00088

DiscRep_SUB:FEATURE_LOCATION_CONFLICT::Coding region xref gene does not exist
prokka_out/CA110357:CDS	Ribonuclease R	NODE_1_length_246645_cov_28.538618:81203-83137	OBHBHFCO_00089

DiscRep_SUB:FEATURE_LOCATION_CONFLICT::Coding region xref gene does not exist
prokka_out/CA110357:CDS	hypothetical protein	NODE_1_length_246645_cov_28.538618:83130-84095	OBHBHFCO_00090

DiscRep_SUB:FEATURE_LOCATION_CONFLICT::Coding region xref gene does not exist
prokka_out/CA110357:CDS	Hydrogenase/urease maturation factor HypA	NODE_1_length_246645_cov_28.538618:c84547-84203	OBHBHFCO_00091

DiscRep_SUB:FEATURE_LOCATION_CONFLICT::Coding region xref gene does not exist
prokka_out/CA110357:CDS	Carbamoyl dehydratase HypE	NODE_1_length_246645_cov_28.538618:c85521-84547	OBHBHFCO_00092

DiscRep_SUB:FEATURE_LOCATION_CONFLICT::Coding region xref gene does not exist
prokka_out/CA110357:CDS	Hydrogenase maturation factor HypD	NODE_1_length_246645_cov_28.538618:c86609-85518	OBHBHFCO_00093

DiscRep_SUB:FEATURE_LOCATION_CONFLICT::Coding region xref gene does not exist
prokka_out/CA110357:CDS	hypothetical protein	NODE_1_length_246645_cov_28.538618:c86874-86593	OBHBHFCO_00094

DiscRep_SUB:FEATURE_LOCATION_CONFLICT::Coding region xref gene does not exist
prokka_out/CA110357:CDS	Hydrogenase maturation factor HypB	NODE_1_length_246645_cov_28.538618:c87617-86874	OBHBHFCO_00095

DiscRep_SUB:FEATURE_LOCATION_CONFLICT::Coding region xref gene does not exist
prokka_out/CA110357:CDS	Carbamoyltransferase HypF	NODE_1_length_246645_cov_28.538618:c89880-87694	OBHBHFCO_00096

DiscRep_SUB:FEATURE_LOCATION_CONFLICT::Coding region xref gene does not exist
prokka_out/CA110357:CDS	hypothetical protein	NODE_1_length_246645_cov_28.538618:c91381-89861	OBHBHFCO_00097

DiscRep_SUB:FEATURE_LOCATION_CONFLICT::Coding region xref gene does not exist
prokka_out/CA110357:CDS	hypothetical protein	NODE_1_length_246645_cov_28.538618:c92070-91423	OBHBHFCO_00098

DiscRep_SUB:FEATURE_LOCATION_CONFLICT::Coding region xref gene does not exist
prokka_out/CA110357:CDS	putative FMN/FAD exporter YeeO	NODE_1_length_246645_cov_28.538618:c93362-92046	OBHBHFCO_00099

DiscRep_SUB:FEATURE_LOCATION_CONFLICT::Coding region xref gene does not exist
prokka_out/CA110357:CDS	hypothetical protein	NODE_1_length_246645_cov_28.538618:c94678-93452	OBHBHFCO_00100

DiscRep_SUB:FEATURE_LOCATION_CONFLICT::Coding region xref gene does not exist
prokka_out/CA110357:CDS	Phosphate import ATP-binding protein PstB	NODE_1_length_246645_cov_28.538618:c95481-94741	OBHBHFCO_00101

DiscRep_SUB:FEATURE_LOCATION_CONFLICT::Coding region xref gene does not exist
prokka_out/CA110357:CDS	hypothetical protein	NODE_1_length_246645_cov_28.538618:c96566-95478	OBHBHFCO_00102

DiscRep_SUB:FEATURE_LOCATION_CONFLICT::Coding region xref gene does not exist
prokka_out/CA110357:CDS	Phosphate transport system permease protein PstC 1	NODE_1_length_246645_cov_28.538618:c97477-96563	OBHBHFCO_00103

DiscRep_SUB:FEATURE_LOCATION_CONFLICT::Coding region xref gene does not exist
prokka_out/CA110357:CDS	Protein SphX	NODE_1_length_246645_cov_28.538618:c98482-97487	OBHBHFCO_00104

DiscRep_SUB:FEATURE_LOCATION_CONFLICT::Coding region xref gene does not exist
prokka_out/CA110357:CDS	Bacterial non-heme ferritin	NODE_1_length_246645_cov_28.538618:98821-99321	OBHBHFCO_00105

DiscRep_SUB:FEATURE_LOCATION_CONFLICT::Coding region xref gene does not exist
prokka_out/CA110357:CDS	hypothetical protein	NODE_1_length_246645_cov_28.538618:99371-100747	OBHBHFCO_00106

DiscRep_SUB:FEATURE_LOCATION_CONFLICT::Coding region xref gene does not exist
prokka_out/CA110357:CDS	hypothetical protein	NODE_1_length_246645_cov_28.538618:100748-101728	OBHBHFCO_00107

DiscRep_SUB:FEATURE_LOCATION_CONFLICT::Coding region xref gene does not exist
prokka_out/CA110357:CDS	hypothetical protein	NODE_1_length_246645_cov_28.538618:101718-102887	OBHBHFCO_00108

DiscRep_SUB:FEATURE_LOCATION_CONFLICT::Coding region xref gene does not exist
prokka_out/CA110357:CDS	Toxin and drug export protein A	NODE_1_length_246645_cov_28.538618:c104322-102958	OBHBHFCO_00109

DiscRep_SUB:FEATURE_LOCATION_CONFLICT::Coding region xref gene does not exist
prokka_out/CA110357:CDS	Macrolide export ATP-binding/permease protein MacB	NODE_1_length_246645_cov_28.538618:c106249-104324	OBHBHFCO_00110

DiscRep_SUB:FEATURE_LOCATION_CONFLICT::Coding region xref gene does not exist
prokka_out/CA110357:CDS	Macrolide export protein MacA	NODE_1_length_246645_cov_28.538618:c107421-106249	OBHBHFCO_00111

DiscRep_SUB:FEATURE_LOCATION_CONFLICT::Coding region xref gene does not exist
prokka_out/CA110357:CDS	N-acetyldiaminopimelate deacetylase	NODE_1_length_246645_cov_28.538618:c108693-107503	OBHBHFCO_00112

DiscRep_SUB:FEATURE_LOCATION_CONFLICT::Coding region xref gene does not exist
prokka_out/CA110357:CDS	hypothetical protein	NODE_1_length_246645_cov_28.538618:c109579-108698	OBHBHFCO_00113

DiscRep_SUB:FEATURE_LOCATION_CONFLICT::Coding region xref gene does not exist
prokka_out/CA110357:CDS	Thiol:disulfide interchange protein DsbD	NODE_1_length_246645_cov_28.538618:109674-111374	OBHBHFCO_00114

DiscRep_SUB:FEATURE_LOCATION_CONFLICT::Coding region xref gene does not exist
prokka_out/CA110357:CDS	Protein YiiM	NODE_1_length_246645_cov_28.538618:111371-112039	OBHBHFCO_00115

DiscRep_SUB:FEATURE_LOCATION_CONFLICT::Coding region xref gene does not exist
prokka_out/CA110357:CDS	hypothetical protein	NODE_1_length_246645_cov_28.538618:112090-113433	OBHBHFCO_00116

DiscRep_SUB:FEATURE_LOCATION_CONFLICT::Coding region xref gene does not exist
prokka_out/CA110357:CDS	Major outer membrane protein	NODE_1_length_246645_cov_28.538618:113715-114965	OBHBHFCO_00117

DiscRep_SUB:FEATURE_LOCATION_CONFLICT::Coding region xref gene does not exist
prokka_out/CA110357:CDS	Chaperone protein DnaJ	NODE_1_length_246645_cov_28.538618:c116229-115105	OBHBHFCO_00118

DiscRep_SUB:FEATURE_LOCATION_CONFLICT::Coding region xref gene does not exist
prokka_out/CA110357:CDS	Sensory transduction protein regX3	NODE_1_length_246645_cov_28.538618:116376-117047	OBHBHFCO_00119

DiscRep_SUB:FEATURE_LOCATION_CONFLICT::Coding region xref gene does not exist
prokka_out/CA110357:CDS	Sensor protein CzcS	NODE_1_length_246645_cov_28.538618:117044-118294	OBHBHFCO_00120

DiscRep_SUB:FEATURE_LOCATION_CONFLICT::Coding region xref gene does not exist
prokka_out/CA110357:CDS	Recombination protein RecR	NODE_1_length_246645_cov_28.538618:118284-118859	OBHBHFCO_00121

DiscRep_SUB:FEATURE_LOCATION_CONFLICT::Coding region xref gene does not exist
prokka_out/CA110357:CDS	hypothetical protein	NODE_1_length_246645_cov_28.538618:c119361-118861	OBHBHFCO_00122

DiscRep_SUB:FEATURE_LOCATION_CONFLICT::Coding region xref gene does not exist
prokka_out/CA110357:CDS	Quinone-reactive Ni/Fe-hydrogenase B-type cytochrome subunit	NODE_1_length_246645_cov_28.538618:c120083-119391	OBHBHFCO_00123

DiscRep_SUB:FEATURE_LOCATION_CONFLICT::Coding region xref gene does not exist
prokka_out/CA110357:CDS	Quinone-reactive Ni/Fe-hydrogenase large chain	NODE_1_length_246645_cov_28.538618:c121810-120095	OBHBHFCO_00124

DiscRep_SUB:FEATURE_LOCATION_CONFLICT::Coding region xref gene does not exist
prokka_out/CA110357:CDS	Quinone-reactive Ni/Fe-hydrogenase small chain	NODE_1_length_246645_cov_28.538618:c122955-121816	OBHBHFCO_00125

DiscRep_SUB:FEATURE_LOCATION_CONFLICT::Coding region xref gene does not exist
prokka_out/CA110357:CDS	tRNA 5-methylaminomethyl-2-thiouridine biosynthesis bifunctional protein MnmC	NODE_1_length_246645_cov_28.538618:c124524-123088	OBHBHFCO_00126

DiscRep_SUB:FEATURE_LOCATION_CONFLICT::Coding region xref gene does not exist
prokka_out/CA110357:CDS	tRNA 5-methylaminomethyl-2-thiouridine biosynthesis bifunctional protein MnmC	NODE_1_length_246645_cov_28.538618:c124923-124591	OBHBHFCO_00127

DiscRep_SUB:FEATURE_LOCATION_CONFLICT::Coding region xref gene does not exist
prokka_out/CA110357:CDS	hypothetical protein	NODE_1_length_246645_cov_28.538618:c126890-124920	OBHBHFCO_00128

DiscRep_SUB:FEATURE_LOCATION_CONFLICT::Coding region xref gene does not exist
prokka_out/CA110357:CDS	hypothetical protein	NODE_1_length_246645_cov_28.538618:c127981-126890	OBHBHFCO_00129

DiscRep_SUB:FEATURE_LOCATION_CONFLICT::Coding region xref gene does not exist
prokka_out/CA110357:CDS	Tyrosine--tRNA ligase	NODE_1_length_246645_cov_28.538618:c129183-127978	OBHBHFCO_00130

DiscRep_SUB:FEATURE_LOCATION_CONFLICT::Coding region xref gene does not exist
prokka_out/CA110357:CDS	GTP pyrophosphokinase	NODE_1_length_246645_cov_28.538618:c131394-129199	OBHBHFCO_00131

DiscRep_SUB:FEATURE_LOCATION_CONFLICT::Coding region xref gene does not exist
prokka_out/CA110357:CDS	DNA-directed RNA polymerase subunit omega	NODE_1_length_246645_cov_28.538618:c131602-131378	OBHBHFCO_00132

DiscRep_SUB:FEATURE_LOCATION_CONFLICT::Coding region xref gene does not exist
prokka_out/CA110357:CDS	Uridylate kinase	NODE_1_length_246645_cov_28.538618:c132332-131616	OBHBHFCO_00133

DiscRep_SUB:FEATURE_LOCATION_CONFLICT::Coding region xref gene does not exist
prokka_out/CA110357:CDS	hypothetical protein	NODE_1_length_246645_cov_28.538618:c133586-132384	OBHBHFCO_00134

DiscRep_SUB:FEATURE_LOCATION_CONFLICT::Coding region xref gene does not exist
prokka_out/CA110357:CDS	hypothetical protein	NODE_1_length_246645_cov_28.538618:c134389-133583	OBHBHFCO_00135

DiscRep_SUB:FEATURE_LOCATION_CONFLICT::Coding region xref gene does not exist
prokka_out/CA110357:CDS	Cell division ATP-binding protein FtsE	NODE_1_length_246645_cov_28.538618:c135041-134376	OBHBHFCO_00136

DiscRep_SUB:FEATURE_LOCATION_CONFLICT::Coding region xref gene does not exist
prokka_out/CA110357:CDS	tRNA (guanine-N(7)-)-methyltransferase	NODE_1_length_246645_cov_28.538618:c136286-135090	OBHBHFCO_00137

DiscRep_SUB:FEATURE_LOCATION_CONFLICT::Coding region xref gene does not exist
prokka_out/CA110357:CDS	hypothetical protein	NODE_1_length_246645_cov_28.538618:c137518-136286	OBHBHFCO_00138

DiscRep_SUB:FEATURE_LOCATION_CONFLICT::Coding region xref gene does not exist
prokka_out/CA110357:CDS	Ribosomal large subunit pseudouridine synthase D	NODE_1_length_246645_cov_28.538618:c138431-137466	OBHBHFCO_00139

DiscRep_SUB:FEATURE_LOCATION_CONFLICT::Coding region xref gene does not exist
prokka_out/CA110357:CDS	Peptidoglycan glycosyltransferase MrdB	NODE_1_length_246645_cov_28.538618:138510-139610	OBHBHFCO_00140

DiscRep_SUB:FEATURE_LOCATION_CONFLICT::Coding region xref gene does not exist
prokka_out/CA110357:CDS	hypothetical protein	NODE_1_length_246645_cov_28.538618:140258-140494	OBHBHFCO_00142

DiscRep_SUB:FEATURE_LOCATION_CONFLICT::Coding region xref gene does not exist
prokka_out/CA110357:CDS	hypothetical protein	NODE_1_length_246645_cov_28.538618:140457-140597	OBHBHFCO_00143

DiscRep_SUB:FEATURE_LOCATION_CONFLICT::Coding region xref gene does not exist
prokka_out/CA110357:CDS	Replicative DNA helicase	NODE_1_length_246645_cov_28.538618:c142104-140731	OBHBHFCO_00144

DiscRep_SUB:FEATURE_LOCATION_CONFLICT::Coding region xref gene does not exist
prokka_out/CA110357:CDS	hypothetical protein	NODE_1_length_246645_cov_28.538618:142249-143178	OBHBHFCO_00145

DiscRep_SUB:FEATURE_LOCATION_CONFLICT::Coding region xref gene does not exist
prokka_out/CA110357:CDS	Multidrug export protein MepA	NODE_1_length_246645_cov_28.538618:c144532-143201	OBHBHFCO_00146

DiscRep_SUB:FEATURE_LOCATION_CONFLICT::Coding region xref gene does not exist
prokka_out/CA110357:CDS	Ferredoxin--NADP reductase	NODE_1_length_246645_cov_28.538618:c145693-144758	OBHBHFCO_00147

DiscRep_SUB:FEATURE_LOCATION_CONFLICT::Coding region xref gene does not exist
prokka_out/CA110357:CDS	Gamma-glutamyl phosphate reductase	NODE_1_length_246645_cov_28.538618:145764-146996	OBHBHFCO_00148

DiscRep_SUB:FEATURE_LOCATION_CONFLICT::Coding region xref gene does not exist
prokka_out/CA110357:CDS	hypothetical protein	NODE_1_length_246645_cov_28.538618:146993-148078	OBHBHFCO_00149

DiscRep_SUB:FEATURE_LOCATION_CONFLICT::Coding region xref gene does not exist
prokka_out/CA110357:CDS	Elongation factor P	NODE_1_length_246645_cov_28.538618:c148809-148240	OBHBHFCO_00150

DiscRep_SUB:FEATURE_LOCATION_CONFLICT::Coding region xref gene does not exist
prokka_out/CA110357:CDS	hypothetical protein	NODE_1_length_246645_cov_28.538618:c149513-149238	OBHBHFCO_00151

DiscRep_SUB:FEATURE_LOCATION_CONFLICT::Coding region xref gene does not exist
prokka_out/CA110357:CDS	Flagellar secretion chaperone FliS	NODE_1_length_246645_cov_28.538618:c149880-149494	OBHBHFCO_00152

DiscRep_SUB:FEATURE_LOCATION_CONFLICT::Coding region xref gene does not exist
prokka_out/CA110357:CDS	hypothetical protein	NODE_1_length_246645_cov_28.538618:c151808-149892	OBHBHFCO_00153

DiscRep_SUB:FEATURE_LOCATION_CONFLICT::Coding region xref gene does not exist
prokka_out/CA110357:CDS	hypothetical protein	NODE_1_length_246645_cov_28.538618:c152176-151811	OBHBHFCO_00154

DiscRep_SUB:FEATURE_LOCATION_CONFLICT::Coding region xref gene does not exist
prokka_out/CA110357:CDS	3-octaprenyl-4-hydroxybenzoate carboxy-lyase	NODE_1_length_246645_cov_28.538618:c154135-152333	OBHBHFCO_00155

DiscRep_SUB:FEATURE_LOCATION_CONFLICT::Coding region xref gene does not exist
prokka_out/CA110357:CDS	Porphobilinogen deaminase	NODE_1_length_246645_cov_28.538618:c155058-154132	OBHBHFCO_00156

DiscRep_SUB:FEATURE_LOCATION_CONFLICT::Coding region xref gene does not exist
prokka_out/CA110357:CDS	hypothetical protein	NODE_1_length_246645_cov_28.538618:c155441-155055	OBHBHFCO_00157

DiscRep_SUB:FEATURE_LOCATION_CONFLICT::Coding region xref gene does not exist
prokka_out/CA110357:CDS	Proline--tRNA ligase	NODE_1_length_246645_cov_28.538618:c157144-155438	OBHBHFCO_00158

DiscRep_SUB:FEATURE_LOCATION_CONFLICT::Coding region xref gene does not exist
prokka_out/CA110357:CDS	Glutamyl-tRNA reductase	NODE_1_length_246645_cov_28.538618:c158429-157134	OBHBHFCO_00159

DiscRep_SUB:FEATURE_LOCATION_CONFLICT::Coding region xref gene does not exist
prokka_out/CA110357:CDS	Octaprenyl diphosphate synthase	NODE_1_length_246645_cov_28.538618:c159322-158429	OBHBHFCO_00160

DiscRep_SUB:FEATURE_LOCATION_CONFLICT::Coding region xref gene does not exist
prokka_out/CA110357:CDS	hypothetical protein	NODE_1_length_246645_cov_28.538618:c159869-159339	OBHBHFCO_00161

DiscRep_SUB:FEATURE_LOCATION_CONFLICT::Coding region xref gene does not exist
prokka_out/CA110357:CDS	hypothetical protein	NODE_1_length_246645_cov_28.538618:c160132-159869	OBHBHFCO_00162

DiscRep_SUB:FEATURE_LOCATION_CONFLICT::Coding region xref gene does not exist
prokka_out/CA110357:CDS	hypothetical protein	NODE_1_length_246645_cov_28.538618:c160818-160261	OBHBHFCO_00163

DiscRep_SUB:FEATURE_LOCATION_CONFLICT::Coding region xref gene does not exist
prokka_out/CA110357:CDS	hypothetical protein	NODE_1_length_246645_cov_28.538618:c161660-160815	OBHBHFCO_00164

DiscRep_SUB:FEATURE_LOCATION_CONFLICT::Coding region xref gene does not exist
prokka_out/CA110357:CDS	2-oxoglutarate oxidoreductase subunit KorA	NODE_1_length_246645_cov_28.538618:c162785-161661	OBHBHFCO_00165

DiscRep_SUB:FEATURE_LOCATION_CONFLICT::Coding region xref gene does not exist
prokka_out/CA110357:CDS	Ion-translocating oxidoreductase complex subunit B	NODE_1_length_246645_cov_28.538618:c163105-162794	OBHBHFCO_00166

DiscRep_SUB:FEATURE_LOCATION_CONFLICT::Coding region xref gene does not exist
prokka_out/CA110357:CDS	Succinate--CoA ligase [ADP-forming] subunit alpha	NODE_1_length_246645_cov_28.538618:c163989-163120	OBHBHFCO_00167

DiscRep_SUB:FEATURE_LOCATION_CONFLICT::Coding region xref gene does not exist
prokka_out/CA110357:CDS	Succinate--CoA ligase [ADP-forming] subunit beta	NODE_1_length_246645_cov_28.538618:c165162-163999	OBHBHFCO_00168

DiscRep_SUB:FEATURE_LOCATION_CONFLICT::Coding region xref gene does not exist
prokka_out/CA110357:CDS	Malate dehydrogenase	NODE_1_length_246645_cov_28.538618:c166067-165159	OBHBHFCO_00169

DiscRep_SUB:FEATURE_LOCATION_CONFLICT::Coding region xref gene does not exist
prokka_out/CA110357:CDS	Isocitrate dehydrogenase [NADP] 2	NODE_1_length_246645_cov_28.538618:c168268-166064	OBHBHFCO_00170

DiscRep_SUB:FEATURE_LOCATION_CONFLICT::Coding region xref gene does not exist
prokka_out/CA110357:CDS	hypothetical protein	NODE_1_length_246645_cov_28.538618:c170955-168385	OBHBHFCO_00171

DiscRep_SUB:FEATURE_LOCATION_CONFLICT::Coding region xref gene does not exist
prokka_out/CA110357:CDS	Endolytic murein transglycosylase	NODE_1_length_246645_cov_28.538618:170969-171871	OBHBHFCO_00172

DiscRep_SUB:FEATURE_LOCATION_CONFLICT::Coding region xref gene does not exist
prokka_out/CA110357:CDS	hypothetical protein	NODE_1_length_246645_cov_28.538618:171947-172378	OBHBHFCO_00173

DiscRep_SUB:FEATURE_LOCATION_CONFLICT::Coding region xref gene does not exist
prokka_out/CA110357:CDS	Flagellar basal-body rod protein FlgC	NODE_1_length_246645_cov_28.538618:172388-172882	OBHBHFCO_00174

DiscRep_SUB:FEATURE_LOCATION_CONFLICT::Coding region xref gene does not exist
prokka_out/CA110357:CDS	Flagellar hook-basal body complex protein FliE	NODE_1_length_246645_cov_28.538618:172889-173188	OBHBHFCO_00175

DiscRep_SUB:FEATURE_LOCATION_CONFLICT::Coding region xref gene does not exist
prokka_out/CA110357:CDS	Peptidoglycan D,D-transpeptidase FtsI	NODE_1_length_246645_cov_28.538618:173194-174999	OBHBHFCO_00176

DiscRep_SUB:FEATURE_LOCATION_CONFLICT::Coding region xref gene does not exist
prokka_out/CA110357:CDS	hypothetical protein	NODE_1_length_246645_cov_28.538618:c176800-174992	OBHBHFCO_00177

DiscRep_SUB:FEATURE_LOCATION_CONFLICT::Coding region xref gene does not exist
prokka_out/CA110357:CDS	hypothetical protein	NODE_1_length_246645_cov_28.538618:c177209-176775	OBHBHFCO_00178

DiscRep_SUB:FEATURE_LOCATION_CONFLICT::Coding region xref gene does not exist
prokka_out/CA110357:CDS	hypothetical protein	NODE_1_length_246645_cov_28.538618:c177526-177206	OBHBHFCO_00179

DiscRep_SUB:FEATURE_LOCATION_CONFLICT::Coding region xref gene does not exist
prokka_out/CA110357:CDS	Chaperone protein HtpG	NODE_1_length_246645_cov_28.538618:c179352-177523	OBHBHFCO_00180

DiscRep_SUB:FEATURE_LOCATION_CONFLICT::Coding region xref gene does not exist
prokka_out/CA110357:CDS	Putative fluoride ion transporter CrcB	NODE_1_length_246645_cov_28.538618:c179793-179425	OBHBHFCO_00181

DiscRep_SUB:FEATURE_LOCATION_CONFLICT::Coding region xref gene does not exist
prokka_out/CA110357:CDS	hypothetical protein	NODE_1_length_246645_cov_28.538618:c180488-179787	OBHBHFCO_00182

DiscRep_SUB:FEATURE_LOCATION_CONFLICT::Coding region xref gene does not exist
prokka_out/CA110357:CDS	hypothetical protein	NODE_1_length_246645_cov_28.538618:c181659-180460	OBHBHFCO_00183

DiscRep_SUB:FEATURE_LOCATION_CONFLICT::Coding region xref gene does not exist
prokka_out/CA110357:CDS	Phosphoribosylformylglycinamidine synthase subunit PurQ	NODE_1_length_246645_cov_28.538618:c182300-181656	OBHBHFCO_00184

DiscRep_SUB:FEATURE_LOCATION_CONFLICT::Coding region xref gene does not exist
prokka_out/CA110357:CDS	Phosphoribosylformylglycinamidine synthase subunit PurS	NODE_1_length_246645_cov_28.538618:c182545-182300	OBHBHFCO_00185

DiscRep_SUB:FEATURE_LOCATION_CONFLICT::Coding region xref gene does not exist
prokka_out/CA110357:CDS	Phosphoribosylaminoimidazole-succinocarboxamide synthase	NODE_1_length_246645_cov_28.538618:c183264-182554	OBHBHFCO_00186

DiscRep_SUB:FEATURE_LOCATION_CONFLICT::Coding region xref gene does not exist
prokka_out/CA110357:CDS	Carboxy-terminal processing protease CtpA	NODE_1_length_246645_cov_28.538618:c184589-183267	OBHBHFCO_00187

DiscRep_SUB:FEATURE_LOCATION_CONFLICT::Coding region xref gene does not exist
prokka_out/CA110357:CDS	Copper-sensing transcriptional repressor CsoR	NODE_1_length_246645_cov_28.538618:184747-185028	OBHBHFCO_00188

DiscRep_SUB:FEATURE_LOCATION_CONFLICT::Coding region xref gene does not exist
prokka_out/CA110357:CDS	Chaperone protein ClpB	NODE_1_length_246645_cov_28.538618:185163-187736	OBHBHFCO_00189

DiscRep_SUB:FEATURE_LOCATION_CONFLICT::Coding region xref gene does not exist
prokka_out/CA110357:CDS	Penicillin-binding protein 1F	NODE_1_length_246645_cov_28.538618:c189710-187779	OBHBHFCO_00190

DiscRep_SUB:FEATURE_LOCATION_CONFLICT::Coding region xref gene does not exist
prokka_out/CA110357:CDS	dTTP/UTP pyrophosphatase	NODE_1_length_246645_cov_28.538618:c190258-189707	OBHBHFCO_00191

DiscRep_SUB:FEATURE_LOCATION_CONFLICT::Coding region xref gene does not exist
prokka_out/CA110357:CDS	Alanine--tRNA ligase	NODE_1_length_246645_cov_28.538618:c192790-190262	OBHBHFCO_00192

DiscRep_SUB:FEATURE_LOCATION_CONFLICT::Coding region xref gene does not exist
prokka_out/CA110357:CDS	UDP-2-acetamido-2-deoxy-3-oxo-D-glucuronate aminotransferase	NODE_1_length_246645_cov_28.538618:192907-193986	OBHBHFCO_00193

DiscRep_SUB:FEATURE_LOCATION_CONFLICT::Coding region xref gene does not exist
prokka_out/CA110357:CDS	hypothetical protein	NODE_1_length_246645_cov_28.538618:193983-195095	OBHBHFCO_00194

DiscRep_SUB:FEATURE_LOCATION_CONFLICT::Coding region xref gene does not exist
prokka_out/CA110357:CDS	Putative 4,5-dihydroxyphthalate dehydrogenase	NODE_1_length_246645_cov_28.538618:195092-195946	OBHBHFCO_00195

DiscRep_SUB:FEATURE_LOCATION_CONFLICT::Coding region xref gene does not exist
prokka_out/CA110357:CDS	Ferrochelatase	NODE_1_length_246645_cov_28.538618:196066-196977	OBHBHFCO_00196

DiscRep_SUB:FEATURE_LOCATION_CONFLICT::Coding region xref gene does not exist
prokka_out/CA110357:CDS	Ammonium transporter	NODE_1_length_246645_cov_28.538618:c198272-197037	OBHBHFCO_00197

DiscRep_SUB:FEATURE_LOCATION_CONFLICT::Coding region xref gene does not exist
prokka_out/CA110357:CDS	tRNA 2-selenouridine synthase	NODE_1_length_246645_cov_28.538618:c199573-198575	OBHBHFCO_00198

DiscRep_SUB:FEATURE_LOCATION_CONFLICT::Coding region xref gene does not exist
prokka_out/CA110357:CDS	AP-4-A phosphorylase	NODE_1_length_246645_cov_28.538618:c200048-199563	OBHBHFCO_00199

DiscRep_SUB:FEATURE_LOCATION_CONFLICT::Coding region xref gene does not exist
prokka_out/CA110357:CDS	Indole-3-glycerol phosphate synthase	NODE_1_length_246645_cov_28.538618:c200835-200059	OBHBHFCO_00200

DiscRep_SUB:FEATURE_LOCATION_CONFLICT::Coding region xref gene does not exist
prokka_out/CA110357:CDS	hypothetical protein	NODE_1_length_246645_cov_28.538618:c202109-200832	OBHBHFCO_00201

DiscRep_SUB:FEATURE_LOCATION_CONFLICT::Coding region xref gene does not exist
prokka_out/CA110357:CDS	hypothetical protein	NODE_1_length_246645_cov_28.538618:c202456-202082	OBHBHFCO_00202

DiscRep_SUB:FEATURE_LOCATION_CONFLICT::Coding region xref gene does not exist
prokka_out/CA110357:CDS	tRNA1(Val) (adenine(37)-N6)-methyltransferase	NODE_1_length_246645_cov_28.538618:c203147-202446	OBHBHFCO_00203

DiscRep_SUB:FEATURE_LOCATION_CONFLICT::Coding region xref gene does not exist
prokka_out/CA110357:CDS	hypothetical protein	NODE_1_length_246645_cov_28.538618:c203302-203150	OBHBHFCO_00204

DiscRep_SUB:FEATURE_LOCATION_CONFLICT::Coding region xref gene does not exist
prokka_out/CA110357:CDS	Elongation factor G	NODE_1_length_246645_cov_28.538618:c205533-203458	OBHBHFCO_00206

DiscRep_SUB:FEATURE_LOCATION_CONFLICT::Coding region xref gene does not exist
prokka_out/CA110357:CDS	30S ribosomal protein S7	NODE_1_length_246645_cov_28.538618:c206016-205546	OBHBHFCO_00207

DiscRep_SUB:FEATURE_LOCATION_CONFLICT::Coding region xref gene does not exist
prokka_out/CA110357:CDS	30S ribosomal protein S12	NODE_1_length_246645_cov_28.538618:c206472-206086	OBHBHFCO_00208

DiscRep_SUB:FEATURE_LOCATION_CONFLICT::Coding region xref gene does not exist
prokka_out/CA110357:CDS	Bifunctional DNA-directed RNA polymerase subunit beta-beta'	NODE_1_length_246645_cov_28.538618:c211320-206770	OBHBHFCO_00209

DiscRep_SUB:FEATURE_LOCATION_CONFLICT::Coding region xref gene does not exist
prokka_out/CA110357:CDS	Bifunctional DNA-directed RNA polymerase subunit beta-beta'	NODE_1_length_246645_cov_28.538618:c215440-211313	OBHBHFCO_00210

DiscRep_SUB:FEATURE_LOCATION_CONFLICT::Coding region xref gene does not exist
prokka_out/CA110357:CDS	50S ribosomal protein L7/L12	NODE_1_length_246645_cov_28.538618:c215937-215560	OBHBHFCO_00211

DiscRep_SUB:FEATURE_LOCATION_CONFLICT::Coding region xref gene does not exist
prokka_out/CA110357:CDS	50S ribosomal protein L10	NODE_1_length_246645_cov_28.538618:c216434-215955	OBHBHFCO_00212

DiscRep_SUB:FEATURE_LOCATION_CONFLICT::Coding region xref gene does not exist
prokka_out/CA110357:CDS	50S ribosomal protein L1	NODE_1_length_246645_cov_28.538618:c217284-216583	OBHBHFCO_00213

DiscRep_SUB:FEATURE_LOCATION_CONFLICT::Coding region xref gene does not exist
prokka_out/CA110357:CDS	50S ribosomal protein L11	NODE_1_length_246645_cov_28.538618:c217767-217342	OBHBHFCO_00214

DiscRep_SUB:FEATURE_LOCATION_CONFLICT::Coding region xref gene does not exist
prokka_out/CA110357:CDS	Transcription termination/antitermination protein NusG	NODE_1_length_246645_cov_28.538618:c218326-217793	OBHBHFCO_00215

DiscRep_SUB:FEATURE_LOCATION_CONFLICT::Coding region xref gene does not exist
prokka_out/CA110357:CDS	hypothetical protein	NODE_1_length_246645_cov_28.538618:c218519-218340	OBHBHFCO_00216

DiscRep_SUB:FEATURE_LOCATION_CONFLICT::Coding region xref gene does not exist
prokka_out/CA110357:CDS	50S ribosomal protein L33 2	NODE_1_length_246645_cov_28.538618:c218783-218625	OBHBHFCO_00218

DiscRep_SUB:FEATURE_LOCATION_CONFLICT::Coding region xref gene does not exist
prokka_out/CA110357:CDS	Elongation factor Tu	NODE_1_length_246645_cov_28.538618:c220035-218836	OBHBHFCO_00219

DiscRep_SUB:FEATURE_LOCATION_CONFLICT::Coding region xref gene does not exist
prokka_out/CA110357:CDS	Glutamine transport ATP-binding protein GlnQ	NODE_1_length_246645_cov_28.538618:c221442-220705	OBHBHFCO_00224

DiscRep_SUB:FEATURE_LOCATION_CONFLICT::Coding region xref gene does not exist
prokka_out/CA110357:CDS	putative glutamine ABC transporter permease protein GlnP	NODE_1_length_246645_cov_28.538618:c222100-221444	OBHBHFCO_00225

DiscRep_SUB:FEATURE_LOCATION_CONFLICT::Coding region xref gene does not exist
prokka_out/CA110357:CDS	L-cystine transport system permease protein YecS	NODE_1_length_246645_cov_28.538618:c222794-222093	OBHBHFCO_00226

DiscRep_SUB:FEATURE_LOCATION_CONFLICT::Coding region xref gene does not exist
prokka_out/CA110357:CDS	cAMP-activated global transcriptional regulator CRP	NODE_1_length_246645_cov_28.538618:c223401-222805	OBHBHFCO_00227

DiscRep_SUB:FEATURE_LOCATION_CONFLICT::Coding region xref gene does not exist
prokka_out/CA110357:CDS	Group 3 truncated hemoglobin ctb	NODE_1_length_246645_cov_28.538618:223483-223869	OBHBHFCO_00228

DiscRep_SUB:FEATURE_LOCATION_CONFLICT::Coding region xref gene does not exist
prokka_out/CA110357:CDS	ATP-dependent DNA helicase RecG	NODE_1_length_246645_cov_28.538618:c225686-223872	OBHBHFCO_00229

DiscRep_SUB:FEATURE_LOCATION_CONFLICT::Coding region xref gene does not exist
prokka_out/CA110357:CDS	hypothetical protein	NODE_1_length_246645_cov_28.538618:c226896-225676	OBHBHFCO_00230

DiscRep_SUB:FEATURE_LOCATION_CONFLICT::Coding region xref gene does not exist
prokka_out/CA110357:CDS	Cyclic dehypoxanthine futalosine synthase	NODE_1_length_246645_cov_28.538618:c227942-226896	OBHBHFCO_00231

DiscRep_SUB:FEATURE_LOCATION_CONFLICT::Coding region xref gene does not exist
prokka_out/CA110357:CDS	hypothetical protein	NODE_1_length_246645_cov_28.538618:228014-229201	OBHBHFCO_00232

DiscRep_SUB:FEATURE_LOCATION_CONFLICT::Coding region xref gene does not exist
prokka_out/CA110357:CDS	Transcription termination/antitermination protein NusA	NODE_1_length_246645_cov_28.538618:c230316-229228	OBHBHFCO_00233

DiscRep_SUB:FEATURE_LOCATION_CONFLICT::Coding region xref gene does not exist
prokka_out/CA110357:CDS	hypothetical protein	NODE_1_length_246645_cov_28.538618:230441-230683	OBHBHFCO_00234

DiscRep_SUB:FEATURE_LOCATION_CONFLICT::Coding region xref gene does not exist
prokka_out/CA110357:CDS	tRNA-2-methylthio-N(6)-dimethylallyladenosine synthase	NODE_1_length_246645_cov_28.538618:230680-231981	OBHBHFCO_00235

DiscRep_SUB:FEATURE_LOCATION_CONFLICT::Coding region xref gene does not exist
prokka_out/CA110357:CDS	hypothetical protein	NODE_1_length_246645_cov_28.538618:231965-232588	OBHBHFCO_00236

DiscRep_SUB:FEATURE_LOCATION_CONFLICT::Coding region xref gene does not exist
prokka_out/CA110357:CDS	hypothetical protein	NODE_1_length_246645_cov_28.538618:232597-233583	OBHBHFCO_00237

DiscRep_SUB:FEATURE_LOCATION_CONFLICT::Coding region xref gene does not exist
prokka_out/CA110357:CDS	hypothetical protein	NODE_1_length_246645_cov_28.538618:233580-234104	OBHBHFCO_00238

DiscRep_SUB:FEATURE_LOCATION_CONFLICT::Coding region xref gene does not exist
prokka_out/CA110357:CDS	hypothetical protein	NODE_1_length_246645_cov_28.538618:234101-234619	OBHBHFCO_00239

DiscRep_SUB:FEATURE_LOCATION_CONFLICT::Coding region xref gene does not exist
prokka_out/CA110357:CDS	5-hydroxybenzimidazole synthase	NODE_1_length_246645_cov_28.538618:c235903-234611	OBHBHFCO_00240

DiscRep_SUB:FEATURE_LOCATION_CONFLICT::Coding region xref gene does not exist
prokka_out/CA110357:CDS	3'-5' exonuclease DinG	NODE_1_length_246645_cov_28.538618:c236836-236075	OBHBHFCO_00241

DiscRep_SUB:FEATURE_LOCATION_CONFLICT::Coding region xref gene does not exist
prokka_out/CA110357:CDS	Ribulose-phosphate 3-epimerase	NODE_1_length_246645_cov_28.538618:c237480-236833	OBHBHFCO_00242

DiscRep_SUB:FEATURE_LOCATION_CONFLICT::Coding region xref gene does not exist
prokka_out/CA110357:CDS	50S ribosomal protein L28	NODE_1_length_246645_cov_28.538618:237618-237812	OBHBHFCO_00243

DiscRep_SUB:FEATURE_LOCATION_CONFLICT::Coding region xref gene does not exist
prokka_out/CA110357:CDS	hypothetical protein	NODE_1_length_246645_cov_28.538618:238009-238224	OBHBHFCO_00244

DiscRep_SUB:FEATURE_LOCATION_CONFLICT::Coding region xref gene does not exist
prokka_out/CA110357:CDS	hypothetical protein	NODE_1_length_246645_cov_28.538618:238236-239330	OBHBHFCO_00245

DiscRep_SUB:FEATURE_LOCATION_CONFLICT::Coding region xref gene does not exist
prokka_out/CA110357:CDS	hypothetical protein	NODE_1_length_246645_cov_28.538618:c239944-239351	OBHBHFCO_00246

DiscRep_SUB:FEATURE_LOCATION_CONFLICT::Coding region xref gene does not exist
prokka_out/CA110357:CDS	Colicin I receptor	NODE_1_length_246645_cov_28.538618:c242084-240021	OBHBHFCO_00247

DiscRep_SUB:FEATURE_LOCATION_CONFLICT::Coding region xref gene does not exist
prokka_out/CA110357:CDS	Citrate lyase subunit beta-like protein	NODE_1_length_246645_cov_28.538618:c243160-242327	OBHBHFCO_00248

DiscRep_SUB:FEATURE_LOCATION_CONFLICT::Coding region xref gene does not exist
prokka_out/CA110357:CDS	Acetyl-CoA:oxalate CoA-transferase	NODE_1_length_246645_cov_28.538618:c244342-243170	OBHBHFCO_00249

DiscRep_SUB:FEATURE_LOCATION_CONFLICT::Coding region xref gene does not exist
prokka_out/CA110357:CDS	Mesaconyl-C(4)-CoA hydratase	NODE_1_length_246645_cov_28.538618:c245185-244355	OBHBHFCO_00250

DiscRep_SUB:FEATURE_LOCATION_CONFLICT::Coding region xref gene does not exist
prokka_out/CA110357:CDS	hypothetical protein	NODE_1_length_246645_cov_28.538618:c246440-245196	OBHBHFCO_00251

DiscRep_SUB:FEATURE_LOCATION_CONFLICT::RNA feature xref gene does not exist
prokka_out/CA110357:tRNA	Met	NODE_1_length_246645_cov_28.538618:139661-139737	OBHBHFCO_00141

DiscRep_SUB:FEATURE_LOCATION_CONFLICT::RNA feature xref gene does not exist
prokka_out/CA110357:tRNA	Arg	NODE_1_length_246645_cov_28.538618:c203429-203353	OBHBHFCO_00205

DiscRep_SUB:FEATURE_LOCATION_CONFLICT::RNA feature xref gene does not exist
prokka_out/CA110357:tRNA	Trp	NODE_1_length_246645_cov_28.538618:c218613-218538	OBHBHFCO_00217

DiscRep_SUB:FEATURE_LOCATION_CONFLICT::RNA feature xref gene does not exist
prokka_out/CA110357:tRNA	Thr	NODE_1_length_246645_cov_28.538618:c220170-220096	OBHBHFCO_00220

DiscRep_SUB:FEATURE_LOCATION_CONFLICT::RNA feature xref gene does not exist
prokka_out/CA110357:tRNA	Gly	NODE_1_length_246645_cov_28.538618:c220342-220266	OBHBHFCO_00221

DiscRep_SUB:FEATURE_LOCATION_CONFLICT::RNA feature xref gene does not exist
prokka_out/CA110357:tRNA	Tyr	NODE_1_length_246645_cov_28.538618:c220434-220349	OBHBHFCO_00222

DiscRep_SUB:FEATURE_LOCATION_CONFLICT::RNA feature xref gene does not exist
prokka_out/CA110357:tRNA	Thr	NODE_1_length_246645_cov_28.538618:c220570-220495	OBHBHFCO_00223

DiscRep_SUB:FEATURE_LOCATION_CONFLICT::Coding region xref gene does not exist
prokka_out/CA110357:CDS	tRNA U34 carboxymethyltransferase	NODE_2_length_151050_cov_23.777973:534-1409	OBHBHFCO_00252

DiscRep_SUB:FEATURE_LOCATION_CONFLICT::Coding region xref gene does not exist
prokka_out/CA110357:CDS	hypothetical protein	NODE_2_length_151050_cov_23.777973:1486-2061	OBHBHFCO_00253

DiscRep_SUB:FEATURE_LOCATION_CONFLICT::Coding region xref gene does not exist
prokka_out/CA110357:CDS	hypothetical protein	NODE_2_length_151050_cov_23.777973:c2239-2066	OBHBHFCO_00254

DiscRep_SUB:FEATURE_LOCATION_CONFLICT::Coding region xref gene does not exist
prokka_out/CA110357:CDS	hypothetical protein	NODE_2_length_151050_cov_23.777973:c2776-2249	OBHBHFCO_00255

DiscRep_SUB:FEATURE_LOCATION_CONFLICT::Coding region xref gene does not exist
prokka_out/CA110357:CDS	Cytosol non-specific dipeptidase	NODE_2_length_151050_cov_23.777973:2833-4101	OBHBHFCO_00256

DiscRep_SUB:FEATURE_LOCATION_CONFLICT::Coding region xref gene does not exist
prokka_out/CA110357:CDS	Proline/betaine transporter	NODE_2_length_151050_cov_23.777973:c5331-4084	OBHBHFCO_00257

DiscRep_SUB:FEATURE_LOCATION_CONFLICT::Coding region xref gene does not exist
prokka_out/CA110357:CDS	ABC transporter glutamine-binding protein GlnH	NODE_2_length_151050_cov_23.777973:c6213-5374	OBHBHFCO_00258

DiscRep_SUB:FEATURE_LOCATION_CONFLICT::Coding region xref gene does not exist
prokka_out/CA110357:CDS	hypothetical protein	NODE_2_length_151050_cov_23.777973:6411-7514	OBHBHFCO_00259

DiscRep_SUB:FEATURE_LOCATION_CONFLICT::Coding region xref gene does not exist
prokka_out/CA110357:CDS	hypothetical protein	NODE_2_length_151050_cov_23.777973:7624-8364	OBHBHFCO_00260

DiscRep_SUB:FEATURE_LOCATION_CONFLICT::Coding region xref gene does not exist
prokka_out/CA110357:CDS	hypothetical protein	NODE_2_length_151050_cov_23.777973:8563-8766	OBHBHFCO_00261

DiscRep_SUB:FEATURE_LOCATION_CONFLICT::Coding region xref gene does not exist
prokka_out/CA110357:CDS	hypothetical protein	NODE_2_length_151050_cov_23.777973:c9509-8769	OBHBHFCO_00262

DiscRep_SUB:FEATURE_LOCATION_CONFLICT::Coding region xref gene does not exist
prokka_out/CA110357:CDS	Lactate utilization protein A	NODE_2_length_151050_cov_23.777973:c10775-9510	OBHBHFCO_00263

DiscRep_SUB:FEATURE_LOCATION_CONFLICT::Coding region xref gene does not exist
prokka_out/CA110357:CDS	Oxygen-independent coproporphyrinogen III oxidase	NODE_2_length_151050_cov_23.777973:c12141-10786	OBHBHFCO_00264

DiscRep_SUB:FEATURE_LOCATION_CONFLICT::Coding region xref gene does not exist
prokka_out/CA110357:CDS	hypothetical protein	NODE_2_length_151050_cov_23.777973:c12619-12128	OBHBHFCO_00265

DiscRep_SUB:FEATURE_LOCATION_CONFLICT::Coding region xref gene does not exist
prokka_out/CA110357:CDS	Ornithine carbamoyltransferase, anabolic	NODE_2_length_151050_cov_23.777973:c13580-12669	OBHBHFCO_00266

DiscRep_SUB:FEATURE_LOCATION_CONFLICT::Coding region xref gene does not exist
prokka_out/CA110357:CDS	Delta-aminolevulinic acid dehydratase	NODE_2_length_151050_cov_23.777973:c14560-13577	OBHBHFCO_00267

DiscRep_SUB:FEATURE_LOCATION_CONFLICT::Coding region xref gene does not exist
prokka_out/CA110357:CDS	GTP cyclohydrolase-2	NODE_2_length_151050_cov_23.777973:14617-15177	OBHBHFCO_00268

DiscRep_SUB:FEATURE_LOCATION_CONFLICT::Coding region xref gene does not exist
prokka_out/CA110357:CDS	Ribosomal RNA small subunit methyltransferase G	NODE_2_length_151050_cov_23.777973:15174-15773	OBHBHFCO_00269

DiscRep_SUB:FEATURE_LOCATION_CONFLICT::Coding region xref gene does not exist
prokka_out/CA110357:CDS	hypothetical protein	NODE_2_length_151050_cov_23.777973:c16346-15774	OBHBHFCO_00270

DiscRep_SUB:FEATURE_LOCATION_CONFLICT::Coding region xref gene does not exist
prokka_out/CA110357:CDS	hypothetical protein	NODE_2_length_151050_cov_23.777973:c17532-16438	OBHBHFCO_00271

DiscRep_SUB:FEATURE_LOCATION_CONFLICT::Coding region xref gene does not exist
prokka_out/CA110357:CDS	HTH-type transcriptional regulator CysL	NODE_2_length_151050_cov_23.777973:17676-18557	OBHBHFCO_00272

DiscRep_SUB:FEATURE_LOCATION_CONFLICT::Coding region xref gene does not exist
prokka_out/CA110357:CDS	RNA polymerase sigma factor RpoD	NODE_2_length_151050_cov_23.777973:18632-20497	OBHBHFCO_00273

DiscRep_SUB:FEATURE_LOCATION_CONFLICT::Coding region xref gene does not exist
prokka_out/CA110357:CDS	hypothetical protein	NODE_2_length_151050_cov_23.777973:c21007-20498	OBHBHFCO_00274

DiscRep_SUB:FEATURE_LOCATION_CONFLICT::Coding region xref gene does not exist
prokka_out/CA110357:CDS	hypothetical protein	NODE_2_length_151050_cov_23.777973:c21522-21004	OBHBHFCO_00275

DiscRep_SUB:FEATURE_LOCATION_CONFLICT::Coding region xref gene does not exist
prokka_out/CA110357:CDS	hypothetical protein	NODE_2_length_151050_cov_23.777973:21622-22038	OBHBHFCO_00276

DiscRep_SUB:FEATURE_LOCATION_CONFLICT::Coding region xref gene does not exist
prokka_out/CA110357:CDS	ATP-dependent zinc metalloprotease FtsH 3	NODE_2_length_151050_cov_23.777973:c23697-22093	OBHBHFCO_00277

DiscRep_SUB:FEATURE_LOCATION_CONFLICT::Coding region xref gene does not exist
prokka_out/CA110357:CDS	Threonylcarbamoyladenosine tRNA methylthiotransferase MtaB	NODE_2_length_151050_cov_23.777973:c24950-23694	OBHBHFCO_00278

DiscRep_SUB:FEATURE_LOCATION_CONFLICT::Coding region xref gene does not exist
prokka_out/CA110357:CDS	hypothetical protein	NODE_2_length_151050_cov_23.777973:c26518-24947	OBHBHFCO_00279

DiscRep_SUB:FEATURE_LOCATION_CONFLICT::Coding region xref gene does not exist
prokka_out/CA110357:CDS	3-dehydroquinate synthase	NODE_2_length_151050_cov_23.777973:c27570-26515	OBHBHFCO_00280

DiscRep_SUB:FEATURE_LOCATION_CONFLICT::Coding region xref gene does not exist
prokka_out/CA110357:CDS	hypothetical protein	NODE_2_length_151050_cov_23.777973:c29138-27738	OBHBHFCO_00281

DiscRep_SUB:FEATURE_LOCATION_CONFLICT::Coding region xref gene does not exist
prokka_out/CA110357:CDS	Queuine tRNA-ribosyltransferase	NODE_2_length_151050_cov_23.777973:29168-30301	OBHBHFCO_00282

DiscRep_SUB:FEATURE_LOCATION_CONFLICT::Coding region xref gene does not exist
prokka_out/CA110357:CDS	hypothetical protein	NODE_2_length_151050_cov_23.777973:30288-31058	OBHBHFCO_00283

DiscRep_SUB:FEATURE_LOCATION_CONFLICT::Coding region xref gene does not exist
prokka_out/CA110357:CDS	hypothetical protein	NODE_2_length_151050_cov_23.777973:c32375-31695	OBHBHFCO_00285

DiscRep_SUB:FEATURE_LOCATION_CONFLICT::Coding region xref gene does not exist
prokka_out/CA110357:CDS	hypothetical protein	NODE_2_length_151050_cov_23.777973:c32671-32387	OBHBHFCO_00286

DiscRep_SUB:FEATURE_LOCATION_CONFLICT::Coding region xref gene does not exist
prokka_out/CA110357:CDS	hypothetical protein	NODE_2_length_151050_cov_23.777973:c34361-32682	OBHBHFCO_00287

DiscRep_SUB:FEATURE_LOCATION_CONFLICT::Coding region xref gene does not exist
prokka_out/CA110357:CDS	hypothetical protein	NODE_2_length_151050_cov_23.777973:c34946-34776	OBHBHFCO_00288

DiscRep_SUB:FEATURE_LOCATION_CONFLICT::Coding region xref gene does not exist
prokka_out/CA110357:CDS	hypothetical protein	NODE_2_length_151050_cov_23.777973:c35777-35322	OBHBHFCO_00289

DiscRep_SUB:FEATURE_LOCATION_CONFLICT::Coding region xref gene does not exist
prokka_out/CA110357:CDS	Cytochrome c biogenesis protein CcsA	NODE_2_length_151050_cov_23.777973:c39037-35777	OBHBHFCO_00290

DiscRep_SUB:FEATURE_LOCATION_CONFLICT::Coding region xref gene does not exist
prokka_out/CA110357:CDS	High-affinity branched-chain amino acid transport ATP-binding protein LivF	NODE_2_length_151050_cov_23.777973:c39748-39053	OBHBHFCO_00291

DiscRep_SUB:FEATURE_LOCATION_CONFLICT::Coding region xref gene does not exist
prokka_out/CA110357:CDS	Lipopolysaccharide export system ATP-binding protein LptB	NODE_2_length_151050_cov_23.777973:c40505-39735	OBHBHFCO_00292

DiscRep_SUB:FEATURE_LOCATION_CONFLICT::Coding region xref gene does not exist
prokka_out/CA110357:CDS	hypothetical protein	NODE_2_length_151050_cov_23.777973:c41545-40505	OBHBHFCO_00293

DiscRep_SUB:FEATURE_LOCATION_CONFLICT::Coding region xref gene does not exist
prokka_out/CA110357:CDS	High-affinity branched-chain amino acid transport system permease protein LivH	NODE_2_length_151050_cov_23.777973:c42507-41548	OBHBHFCO_00294

DiscRep_SUB:FEATURE_LOCATION_CONFLICT::Coding region xref gene does not exist
prokka_out/CA110357:CDS	hypothetical protein	NODE_2_length_151050_cov_23.777973:c43624-42515	OBHBHFCO_00295

DiscRep_SUB:FEATURE_LOCATION_CONFLICT::Coding region xref gene does not exist
prokka_out/CA110357:CDS	Leu/Ile/Val-binding protein	NODE_2_length_151050_cov_23.777973:c44749-43634	OBHBHFCO_00296

DiscRep_SUB:FEATURE_LOCATION_CONFLICT::Coding region xref gene does not exist
prokka_out/CA110357:CDS	hypothetical protein	NODE_2_length_151050_cov_23.777973:c45216-44785	OBHBHFCO_00297

DiscRep_SUB:FEATURE_LOCATION_CONFLICT::Coding region xref gene does not exist
prokka_out/CA110357:CDS	hypothetical protein	NODE_2_length_151050_cov_23.777973:c45426-45226	OBHBHFCO_00298

DiscRep_SUB:FEATURE_LOCATION_CONFLICT::Coding region xref gene does not exist
prokka_out/CA110357:CDS	hypothetical protein	NODE_2_length_151050_cov_23.777973:c45986-45480	OBHBHFCO_00299

DiscRep_SUB:FEATURE_LOCATION_CONFLICT::Coding region xref gene does not exist
prokka_out/CA110357:CDS	Aspartate-semialdehyde dehydrogenase	NODE_2_length_151050_cov_23.777973:c47031-46000	OBHBHFCO_00300

DiscRep_SUB:FEATURE_LOCATION_CONFLICT::Coding region xref gene does not exist
prokka_out/CA110357:CDS	Regulatory protein AtoC	NODE_2_length_151050_cov_23.777973:c48329-47031	OBHBHFCO_00301

DiscRep_SUB:FEATURE_LOCATION_CONFLICT::Coding region xref gene does not exist
prokka_out/CA110357:CDS	hypothetical protein	NODE_2_length_151050_cov_23.777973:c48827-48378	OBHBHFCO_00302

DiscRep_SUB:FEATURE_LOCATION_CONFLICT::Coding region xref gene does not exist
prokka_out/CA110357:CDS	hypothetical protein	NODE_2_length_151050_cov_23.777973:c49324-48803	OBHBHFCO_00303

DiscRep_SUB:FEATURE_LOCATION_CONFLICT::Coding region xref gene does not exist
prokka_out/CA110357:CDS	DNA gyrase subunit A	NODE_2_length_151050_cov_23.777973:c51959-49392	OBHBHFCO_00304

DiscRep_SUB:FEATURE_LOCATION_CONFLICT::Coding region xref gene does not exist
prokka_out/CA110357:CDS	hypothetical protein	NODE_2_length_151050_cov_23.777973:c52574-51999	OBHBHFCO_00305

DiscRep_SUB:FEATURE_LOCATION_CONFLICT::Coding region xref gene does not exist
prokka_out/CA110357:CDS	hypothetical protein	NODE_2_length_151050_cov_23.777973:c53215-52571	OBHBHFCO_00306

DiscRep_SUB:FEATURE_LOCATION_CONFLICT::Coding region xref gene does not exist
prokka_out/CA110357:CDS	Elongation factor 4	NODE_2_length_151050_cov_23.777973:c55102-53306	OBHBHFCO_00307

DiscRep_SUB:FEATURE_LOCATION_CONFLICT::Coding region xref gene does not exist
prokka_out/CA110357:CDS	hypothetical protein	NODE_2_length_151050_cov_23.777973:55228-56502	OBHBHFCO_00308

DiscRep_SUB:FEATURE_LOCATION_CONFLICT::Coding region xref gene does not exist
prokka_out/CA110357:CDS	Cobalt-zinc-cadmium resistance protein CzcB	NODE_2_length_151050_cov_23.777973:56499-57239	OBHBHFCO_00309

DiscRep_SUB:FEATURE_LOCATION_CONFLICT::Coding region xref gene does not exist
prokka_out/CA110357:CDS	Multidrug resistance protein MdtC	NODE_2_length_151050_cov_23.777973:57242-60259	OBHBHFCO_00310

DiscRep_SUB:FEATURE_LOCATION_CONFLICT::Coding region xref gene does not exist
prokka_out/CA110357:CDS	hypothetical protein	NODE_2_length_151050_cov_23.777973:c61089-60283	OBHBHFCO_00311

DiscRep_SUB:FEATURE_LOCATION_CONFLICT::Coding region xref gene does not exist
prokka_out/CA110357:CDS	Aspartate/glutamate leucyltransferase	NODE_2_length_151050_cov_23.777973:c61810-61091	OBHBHFCO_00312

DiscRep_SUB:FEATURE_LOCATION_CONFLICT::Coding region xref gene does not exist
prokka_out/CA110357:CDS	hypothetical protein	NODE_2_length_151050_cov_23.777973:c62046-61810	OBHBHFCO_00313

DiscRep_SUB:FEATURE_LOCATION_CONFLICT::Coding region xref gene does not exist
prokka_out/CA110357:CDS	2-oxoglutarate carboxylase small subunit	NODE_2_length_151050_cov_23.777973:c63488-62046	OBHBHFCO_00314

DiscRep_SUB:FEATURE_LOCATION_CONFLICT::Coding region xref gene does not exist
prokka_out/CA110357:CDS	putative peptidoglycan glycosyltransferase FtsW	NODE_2_length_151050_cov_23.777973:63623-64786	OBHBHFCO_00315

DiscRep_SUB:FEATURE_LOCATION_CONFLICT::Coding region xref gene does not exist
prokka_out/CA110357:CDS	UDP-N-acetylglucosamine--N-acetylmuramyl-(pentapeptide) pyrophosphoryl-undecaprenol N-acetylglucosamine transferase	NODE_2_length_151050_cov_23.777973:64783-65799	OBHBHFCO_00316

DiscRep_SUB:FEATURE_LOCATION_CONFLICT::Coding region xref gene does not exist
prokka_out/CA110357:CDS	putative transporter YycB	NODE_2_length_151050_cov_23.777973:c66952-65792	OBHBHFCO_00317

DiscRep_SUB:FEATURE_LOCATION_CONFLICT::Coding region xref gene does not exist
prokka_out/CA110357:CDS	hypothetical protein	NODE_2_length_151050_cov_23.777973:c67814-66960	OBHBHFCO_00318

DiscRep_SUB:FEATURE_LOCATION_CONFLICT::Coding region xref gene does not exist
prokka_out/CA110357:CDS	HTH-type transcriptional activator RhaS	NODE_2_length_151050_cov_23.777973:c68767-67877	OBHBHFCO_00319

DiscRep_SUB:FEATURE_LOCATION_CONFLICT::Coding region xref gene does not exist
prokka_out/CA110357:CDS	Thiamine-phosphate synthase	NODE_2_length_151050_cov_23.777973:c69387-68782	OBHBHFCO_00320

DiscRep_SUB:FEATURE_LOCATION_CONFLICT::Coding region xref gene does not exist
prokka_out/CA110357:CDS	2-iminoacetate synthase	NODE_2_length_151050_cov_23.777973:c70522-69377	OBHBHFCO_00321

DiscRep_SUB:FEATURE_LOCATION_CONFLICT::Coding region xref gene does not exist
prokka_out/CA110357:CDS	Thiazole synthase	NODE_2_length_151050_cov_23.777973:c71301-70525	OBHBHFCO_00322

DiscRep_SUB:FEATURE_LOCATION_CONFLICT::Coding region xref gene does not exist
prokka_out/CA110357:CDS	hypothetical protein	NODE_2_length_151050_cov_23.777973:c72105-71305	OBHBHFCO_00323

DiscRep_SUB:FEATURE_LOCATION_CONFLICT::Coding region xref gene does not exist
prokka_out/CA110357:CDS	hypothetical protein	NODE_2_length_151050_cov_23.777973:c72296-72105	OBHBHFCO_00324

DiscRep_SUB:FEATURE_LOCATION_CONFLICT::Coding region xref gene does not exist
prokka_out/CA110357:CDS	hypothetical protein	NODE_2_length_151050_cov_23.777973:c75372-72286	OBHBHFCO_00325

DiscRep_SUB:FEATURE_LOCATION_CONFLICT::Coding region xref gene does not exist
prokka_out/CA110357:CDS	Succinyl-diaminopimelate desuccinylase	NODE_2_length_151050_cov_23.777973:c76481-75381	OBHBHFCO_00326

DiscRep_SUB:FEATURE_LOCATION_CONFLICT::Coding region xref gene does not exist
prokka_out/CA110357:CDS	hypothetical protein	NODE_2_length_151050_cov_23.777973:c77089-76487	OBHBHFCO_00327

DiscRep_SUB:FEATURE_LOCATION_CONFLICT::Coding region xref gene does not exist
prokka_out/CA110357:CDS	NAD-dependent protein deacylase	NODE_2_length_151050_cov_23.777973:c77783-77082	OBHBHFCO_00328

DiscRep_SUB:FEATURE_LOCATION_CONFLICT::Coding region xref gene does not exist
prokka_out/CA110357:CDS	hypothetical protein	NODE_2_length_151050_cov_23.777973:c81902-77826	OBHBHFCO_00329

DiscRep_SUB:FEATURE_LOCATION_CONFLICT::Coding region xref gene does not exist
prokka_out/CA110357:CDS	Endonuclease MutS2	NODE_2_length_151050_cov_23.777973:c84118-81911	OBHBHFCO_00330

DiscRep_SUB:FEATURE_LOCATION_CONFLICT::Coding region xref gene does not exist
prokka_out/CA110357:CDS	hypothetical protein	NODE_2_length_151050_cov_23.777973:c84461-84111	OBHBHFCO_00331

DiscRep_SUB:FEATURE_LOCATION_CONFLICT::Coding region xref gene does not exist
prokka_out/CA110357:CDS	UDP-N-acetylmuramate--L-alanine ligase	NODE_2_length_151050_cov_23.777973:c85749-84454	OBHBHFCO_00332

DiscRep_SUB:FEATURE_LOCATION_CONFLICT::Coding region xref gene does not exist
prokka_out/CA110357:CDS	hypothetical protein	NODE_2_length_151050_cov_23.777973:c86386-85931	OBHBHFCO_00333

DiscRep_SUB:FEATURE_LOCATION_CONFLICT::Coding region xref gene does not exist
prokka_out/CA110357:CDS	hypothetical protein	NODE_2_length_151050_cov_23.777973:c86562-86356	OBHBHFCO_00334

DiscRep_SUB:FEATURE_LOCATION_CONFLICT::Coding region xref gene does not exist
prokka_out/CA110357:CDS	hypothetical protein	NODE_2_length_151050_cov_23.777973:c86924-86565	OBHBHFCO_00335

DiscRep_SUB:FEATURE_LOCATION_CONFLICT::Coding region xref gene does not exist
prokka_out/CA110357:CDS	hypothetical protein	NODE_2_length_151050_cov_23.777973:c88710-87187	OBHBHFCO_00336

DiscRep_SUB:FEATURE_LOCATION_CONFLICT::Coding region xref gene does not exist
prokka_out/CA110357:CDS	hypothetical protein	NODE_2_length_151050_cov_23.777973:c89155-88898	OBHBHFCO_00337

DiscRep_SUB:FEATURE_LOCATION_CONFLICT::Coding region xref gene does not exist
prokka_out/CA110357:CDS	hypothetical protein	NODE_2_length_151050_cov_23.777973:c89995-89219	OBHBHFCO_00338

DiscRep_SUB:FEATURE_LOCATION_CONFLICT::Coding region xref gene does not exist
prokka_out/CA110357:CDS	Exodeoxyribonuclease 7 small subunit	NODE_2_length_151050_cov_23.777973:c90161-89988	OBHBHFCO_00339

DiscRep_SUB:FEATURE_LOCATION_CONFLICT::Coding region xref gene does not exist
prokka_out/CA110357:CDS	Inosine-5'-monophosphate dehydrogenase	NODE_2_length_151050_cov_23.777973:c91612-90158	OBHBHFCO_00340

DiscRep_SUB:FEATURE_LOCATION_CONFLICT::Coding region xref gene does not exist
prokka_out/CA110357:CDS	Glutamyl-tRNA(Gln) amidotransferase subunit A	NODE_2_length_151050_cov_23.777973:c92977-91613	OBHBHFCO_00341

DiscRep_SUB:FEATURE_LOCATION_CONFLICT::Coding region xref gene does not exist
prokka_out/CA110357:CDS	Isoleucine--tRNA ligase	NODE_2_length_151050_cov_23.777973:c95845-93089	OBHBHFCO_00342

DiscRep_SUB:FEATURE_LOCATION_CONFLICT::Coding region xref gene does not exist
prokka_out/CA110357:CDS	Putative competence-damage inducible protein	NODE_2_length_151050_cov_23.777973:95936-97024	OBHBHFCO_00343

DiscRep_SUB:FEATURE_LOCATION_CONFLICT::Coding region xref gene does not exist
prokka_out/CA110357:CDS	hypothetical protein	NODE_2_length_151050_cov_23.777973:97036-97461	OBHBHFCO_00344

DiscRep_SUB:FEATURE_LOCATION_CONFLICT::Coding region xref gene does not exist
prokka_out/CA110357:CDS	Putative NAD(P)H nitroreductase YfkO	NODE_2_length_151050_cov_23.777973:97528-98148	OBHBHFCO_00345

DiscRep_SUB:FEATURE_LOCATION_CONFLICT::Coding region xref gene does not exist
prokka_out/CA110357:CDS	Putative NAD(P)H nitroreductase	NODE_2_length_151050_cov_23.777973:98148-98753	OBHBHFCO_00346

DiscRep_SUB:FEATURE_LOCATION_CONFLICT::Coding region xref gene does not exist
prokka_out/CA110357:CDS	CDP-diacylglycerol--glycerol-3-phosphate 3-phosphatidyltransferase	NODE_2_length_151050_cov_23.777973:98904-99440	OBHBHFCO_00347

DiscRep_SUB:FEATURE_LOCATION_CONFLICT::Coding region xref gene does not exist
prokka_out/CA110357:CDS	Metalloprotease MmpA	NODE_2_length_151050_cov_23.777973:99437-100540	OBHBHFCO_00348

DiscRep_SUB:FEATURE_LOCATION_CONFLICT::Coding region xref gene does not exist
prokka_out/CA110357:CDS	hypothetical protein	NODE_2_length_151050_cov_23.777973:100537-100977	OBHBHFCO_00349

DiscRep_SUB:FEATURE_LOCATION_CONFLICT::Coding region xref gene does not exist
prokka_out/CA110357:CDS	hypothetical protein	NODE_2_length_151050_cov_23.777973:101110-101394	OBHBHFCO_00350

DiscRep_SUB:FEATURE_LOCATION_CONFLICT::Coding region xref gene does not exist
prokka_out/CA110357:CDS	hypothetical protein	NODE_2_length_151050_cov_23.777973:c102388-101387	OBHBHFCO_00351

DiscRep_SUB:FEATURE_LOCATION_CONFLICT::Coding region xref gene does not exist
prokka_out/CA110357:CDS	Inner membrane protein YihN	NODE_2_length_151050_cov_23.777973:c103653-102388	OBHBHFCO_00352

DiscRep_SUB:FEATURE_LOCATION_CONFLICT::Coding region xref gene does not exist
prokka_out/CA110357:CDS	30S ribosomal protein S6	NODE_2_length_151050_cov_23.777973:103940-104317	OBHBHFCO_00353

DiscRep_SUB:FEATURE_LOCATION_CONFLICT::Coding region xref gene does not exist
prokka_out/CA110357:CDS	Single-stranded DNA-binding protein	NODE_2_length_151050_cov_23.777973:104326-104874	OBHBHFCO_00354

DiscRep_SUB:FEATURE_LOCATION_CONFLICT::Coding region xref gene does not exist
prokka_out/CA110357:CDS	30S ribosomal protein S18	NODE_2_length_151050_cov_23.777973:104885-105145	OBHBHFCO_00355

DiscRep_SUB:FEATURE_LOCATION_CONFLICT::Coding region xref gene does not exist
prokka_out/CA110357:CDS	Lon protease	NODE_2_length_151050_cov_23.777973:c107576-105201	OBHBHFCO_00356

DiscRep_SUB:FEATURE_LOCATION_CONFLICT::Coding region xref gene does not exist
prokka_out/CA110357:CDS	Outer membrane protein assembly factor BamD	NODE_2_length_151050_cov_23.777973:c108239-107592	OBHBHFCO_00357

DiscRep_SUB:FEATURE_LOCATION_CONFLICT::Coding region xref gene does not exist
prokka_out/CA110357:CDS	Flagellar assembly factor FliW	NODE_2_length_151050_cov_23.777973:108403-108792	OBHBHFCO_00358

DiscRep_SUB:FEATURE_LOCATION_CONFLICT::Coding region xref gene does not exist
prokka_out/CA110357:CDS	Pyrroline-5-carboxylate reductase	NODE_2_length_151050_cov_23.777973:108792-109529	OBHBHFCO_00359

DiscRep_SUB:FEATURE_LOCATION_CONFLICT::Coding region xref gene does not exist
prokka_out/CA110357:CDS	hypothetical protein	NODE_2_length_151050_cov_23.777973:109526-109831	OBHBHFCO_00360

DiscRep_SUB:FEATURE_LOCATION_CONFLICT::Coding region xref gene does not exist
prokka_out/CA110357:CDS	hypothetical protein	NODE_2_length_151050_cov_23.777973:109824-110492	OBHBHFCO_00361

DiscRep_SUB:FEATURE_LOCATION_CONFLICT::Coding region xref gene does not exist
prokka_out/CA110357:CDS	hypothetical protein	NODE_2_length_151050_cov_23.777973:110489-110941	OBHBHFCO_00362

DiscRep_SUB:FEATURE_LOCATION_CONFLICT::Coding region xref gene does not exist
prokka_out/CA110357:CDS	hypothetical protein	NODE_2_length_151050_cov_23.777973:c111563-110934	OBHBHFCO_00363

DiscRep_SUB:FEATURE_LOCATION_CONFLICT::Coding region xref gene does not exist
prokka_out/CA110357:CDS	Thiamine-phosphate synthase	NODE_2_length_151050_cov_23.777973:c112173-111541	OBHBHFCO_00364

DiscRep_SUB:FEATURE_LOCATION_CONFLICT::Coding region xref gene does not exist
prokka_out/CA110357:CDS	Hydroxymethylpyrimidine/phosphomethylpyrimidine kinase	NODE_2_length_151050_cov_23.777973:c112975-112163	OBHBHFCO_00365

DiscRep_SUB:FEATURE_LOCATION_CONFLICT::Coding region xref gene does not exist
prokka_out/CA110357:CDS	Endonuclease III	NODE_2_length_151050_cov_23.777973:c113658-112975	OBHBHFCO_00366

DiscRep_SUB:FEATURE_LOCATION_CONFLICT::Coding region xref gene does not exist
prokka_out/CA110357:CDS	hypothetical protein	NODE_2_length_151050_cov_23.777973:c114419-113655	OBHBHFCO_00367

DiscRep_SUB:FEATURE_LOCATION_CONFLICT::Coding region xref gene does not exist
prokka_out/CA110357:CDS	Transcription-repair-coupling factor	NODE_2_length_151050_cov_23.777973:c117356-114420	OBHBHFCO_00368

DiscRep_SUB:FEATURE_LOCATION_CONFLICT::Coding region xref gene does not exist
prokka_out/CA110357:CDS	hypothetical protein	NODE_2_length_151050_cov_23.777973:c117643-117356	OBHBHFCO_00369

DiscRep_SUB:FEATURE_LOCATION_CONFLICT::Coding region xref gene does not exist
prokka_out/CA110357:CDS	hypothetical protein	NODE_2_length_151050_cov_23.777973:c118590-117688	OBHBHFCO_00370

DiscRep_SUB:FEATURE_LOCATION_CONFLICT::Coding region xref gene does not exist
prokka_out/CA110357:CDS	hypothetical protein	NODE_2_length_151050_cov_23.777973:c119764-118577	OBHBHFCO_00371

DiscRep_SUB:FEATURE_LOCATION_CONFLICT::Coding region xref gene does not exist
prokka_out/CA110357:CDS	hypothetical protein	NODE_2_length_151050_cov_23.777973:c121139-119736	OBHBHFCO_00372

DiscRep_SUB:FEATURE_LOCATION_CONFLICT::Coding region xref gene does not exist
prokka_out/CA110357:CDS	hypothetical protein	NODE_2_length_151050_cov_23.777973:c121635-121123	OBHBHFCO_00373

DiscRep_SUB:FEATURE_LOCATION_CONFLICT::Coding region xref gene does not exist
prokka_out/CA110357:CDS	Leucine--tRNA ligase	NODE_2_length_151050_cov_23.777973:c124064-121632	OBHBHFCO_00374

DiscRep_SUB:FEATURE_LOCATION_CONFLICT::Coding region xref gene does not exist
prokka_out/CA110357:CDS	Protein translocase subunit SecF	NODE_2_length_151050_cov_23.777973:c125045-124074	OBHBHFCO_00375

DiscRep_SUB:FEATURE_LOCATION_CONFLICT::Coding region xref gene does not exist
prokka_out/CA110357:CDS	Protein translocase subunit SecD	NODE_2_length_151050_cov_23.777973:c126625-125045	OBHBHFCO_00376

DiscRep_SUB:FEATURE_LOCATION_CONFLICT::Coding region xref gene does not exist
prokka_out/CA110357:CDS	Sec translocon accessory complex subunit YajC	NODE_2_length_151050_cov_23.777973:c126890-126618	OBHBHFCO_00377

DiscRep_SUB:FEATURE_LOCATION_CONFLICT::Coding region xref gene does not exist
prokka_out/CA110357:CDS	Apolipoprotein N-acyltransferase	NODE_2_length_151050_cov_23.777973:126968-128182	OBHBHFCO_00378

DiscRep_SUB:FEATURE_LOCATION_CONFLICT::Coding region xref gene does not exist
prokka_out/CA110357:CDS	Sulfoquinovose 1-dehydrogenase	NODE_2_length_151050_cov_23.777973:128324-128728	OBHBHFCO_00379

DiscRep_SUB:FEATURE_LOCATION_CONFLICT::Coding region xref gene does not exist
prokka_out/CA110357:CDS	hypothetical protein	NODE_2_length_151050_cov_23.777973:128867-129085	OBHBHFCO_00380

DiscRep_SUB:FEATURE_LOCATION_CONFLICT::Coding region xref gene does not exist
prokka_out/CA110357:CDS	hypothetical protein	NODE_2_length_151050_cov_23.777973:129163-130311	OBHBHFCO_00381

DiscRep_SUB:FEATURE_LOCATION_CONFLICT::Coding region xref gene does not exist
prokka_out/CA110357:CDS	S-adenosylmethionine synthase	NODE_2_length_151050_cov_23.777973:c131877-130678	OBHBHFCO_00382

DiscRep_SUB:FEATURE_LOCATION_CONFLICT::Coding region xref gene does not exist
prokka_out/CA110357:CDS	Serine/threonine transporter SstT	NODE_2_length_151050_cov_23.777973:132029-133252	OBHBHFCO_00383

DiscRep_SUB:FEATURE_LOCATION_CONFLICT::Coding region xref gene does not exist
prokka_out/CA110357:CDS	Aspartate carbamoyltransferase	NODE_2_length_151050_cov_23.777973:133258-134139	OBHBHFCO_00384

DiscRep_SUB:FEATURE_LOCATION_CONFLICT::Coding region xref gene does not exist
prokka_out/CA110357:CDS	Oligoendopeptidase F, plasmid	NODE_2_length_151050_cov_23.777973:134149-135864	OBHBHFCO_00385

DiscRep_SUB:FEATURE_LOCATION_CONFLICT::Coding region xref gene does not exist
prokka_out/CA110357:CDS	hypothetical protein	NODE_2_length_151050_cov_23.777973:135864-136301	OBHBHFCO_00386

DiscRep_SUB:FEATURE_LOCATION_CONFLICT::Coding region xref gene does not exist
prokka_out/CA110357:CDS	ATP-dependent DNA helicase PcrA	NODE_2_length_151050_cov_23.777973:136298-138358	OBHBHFCO_00387

DiscRep_SUB:FEATURE_LOCATION_CONFLICT::Coding region xref gene does not exist
prokka_out/CA110357:CDS	tRNA pseudouridine synthase B	NODE_2_length_151050_cov_23.777973:138355-139173	OBHBHFCO_00388

DiscRep_SUB:FEATURE_LOCATION_CONFLICT::Coding region xref gene does not exist
prokka_out/CA110357:CDS	Translational regulator CsrA	NODE_2_length_151050_cov_23.777973:139167-139394	OBHBHFCO_00389

DiscRep_SUB:FEATURE_LOCATION_CONFLICT::Coding region xref gene does not exist
prokka_out/CA110357:CDS	4-diphosphocytidyl-2-C-methyl-D-erythritol kinase	NODE_2_length_151050_cov_23.777973:139391-140161	OBHBHFCO_00390

DiscRep_SUB:FEATURE_LOCATION_CONFLICT::Coding region xref gene does not exist
prokka_out/CA110357:CDS	SsrA-binding protein	NODE_2_length_151050_cov_23.777973:140158-140610	OBHBHFCO_00391

DiscRep_SUB:FEATURE_LOCATION_CONFLICT::Coding region xref gene does not exist
prokka_out/CA110357:CDS	hypothetical protein	NODE_2_length_151050_cov_23.777973:140620-141225	OBHBHFCO_00392

DiscRep_SUB:FEATURE_LOCATION_CONFLICT::Coding region xref gene does not exist
prokka_out/CA110357:CDS	ATP-dependent Clp protease adapter protein ClpS	NODE_2_length_151050_cov_23.777973:141225-141515	OBHBHFCO_00393

DiscRep_SUB:FEATURE_LOCATION_CONFLICT::Coding region xref gene does not exist
prokka_out/CA110357:CDS	ATP-dependent Clp protease ATP-binding subunit ClpA	NODE_2_length_151050_cov_23.777973:141512-143629	OBHBHFCO_00394

DiscRep_SUB:FEATURE_LOCATION_CONFLICT::Coding region xref gene does not exist
prokka_out/CA110357:CDS	Leucyl/phenylalanyl-tRNA--protein transferase	NODE_2_length_151050_cov_23.777973:143604-144257	OBHBHFCO_00395

DiscRep_SUB:FEATURE_LOCATION_CONFLICT::Coding region xref gene does not exist
prokka_out/CA110357:CDS	hypothetical protein	NODE_2_length_151050_cov_23.777973:c144981-144343	OBHBHFCO_00396

DiscRep_SUB:FEATURE_LOCATION_CONFLICT::Coding region xref gene does not exist
prokka_out/CA110357:CDS	Peptide methionine sulfoxide reductase MsrB	NODE_2_length_151050_cov_23.777973:c145341-144985	OBHBHFCO_00397

DiscRep_SUB:FEATURE_LOCATION_CONFLICT::Coding region xref gene does not exist
prokka_out/CA110357:CDS	hypothetical protein	NODE_2_length_151050_cov_23.777973:145505-146302	OBHBHFCO_00398

DiscRep_SUB:FEATURE_LOCATION_CONFLICT::Coding region xref gene does not exist
prokka_out/CA110357:CDS	hypothetical protein	NODE_2_length_151050_cov_23.777973:c147024-146299	OBHBHFCO_00399

DiscRep_SUB:FEATURE_LOCATION_CONFLICT::Coding region xref gene does not exist
prokka_out/CA110357:CDS	Phosphatidylserine decarboxylase proenzyme	NODE_2_length_151050_cov_23.777973:c147648-147034	OBHBHFCO_00400

DiscRep_SUB:FEATURE_LOCATION_CONFLICT::Coding region xref gene does not exist
prokka_out/CA110357:CDS	ATP-dependent zinc metalloprotease FtsH	NODE_2_length_151050_cov_23.777973:c149594-147648	OBHBHFCO_00401

DiscRep_SUB:FEATURE_LOCATION_CONFLICT::Coding region xref gene does not exist
prokka_out/CA110357:CDS	Ribosomal protein L11 methyltransferase	NODE_2_length_151050_cov_23.777973:c150442-149594	OBHBHFCO_00402

DiscRep_SUB:FEATURE_LOCATION_CONFLICT::Coding region xref gene does not exist
prokka_out/CA110357:CDS	Chemotaxis protein CheY	NODE_2_length_151050_cov_23.777973:c150848-150456	OBHBHFCO_00403

DiscRep_SUB:FEATURE_LOCATION_CONFLICT::RNA feature xref gene does not exist
prokka_out/CA110357:tRNA	Arg	NODE_2_length_151050_cov_23.777973:31113-31189	OBHBHFCO_00284

DiscRep_SUB:FEATURE_LOCATION_CONFLICT::Coding region xref gene does not exist
prokka_out/CA110357:CDS	hypothetical protein	NODE_3_length_107807_cov_23.952684:c1880-558	OBHBHFCO_00404

DiscRep_SUB:FEATURE_LOCATION_CONFLICT::Coding region xref gene does not exist
prokka_out/CA110357:CDS	High-affinity zinc uptake system binding-protein ZnuA	NODE_3_length_107807_cov_23.952684:c2746-1877	OBHBHFCO_00405

DiscRep_SUB:FEATURE_LOCATION_CONFLICT::Coding region xref gene does not exist
prokka_out/CA110357:CDS	hypothetical protein	NODE_3_length_107807_cov_23.952684:2879-3223	OBHBHFCO_00406

DiscRep_SUB:FEATURE_LOCATION_CONFLICT::Coding region xref gene does not exist
prokka_out/CA110357:CDS	Signal peptidase I	NODE_3_length_107807_cov_23.952684:c4126-3278	OBHBHFCO_00407

DiscRep_SUB:FEATURE_LOCATION_CONFLICT::Coding region xref gene does not exist
prokka_out/CA110357:CDS	Bifunctional protein FolD protein	NODE_3_length_107807_cov_23.952684:c4984-4127	OBHBHFCO_00408

DiscRep_SUB:FEATURE_LOCATION_CONFLICT::Coding region xref gene does not exist
prokka_out/CA110357:CDS	hypothetical protein	NODE_3_length_107807_cov_23.952684:5062-5409	OBHBHFCO_00409

DiscRep_SUB:FEATURE_LOCATION_CONFLICT::Coding region xref gene does not exist
prokka_out/CA110357:CDS	Glutamate-1-semialdehyde 2,1-aminomutase 1	NODE_3_length_107807_cov_23.952684:5406-6680	OBHBHFCO_00410

DiscRep_SUB:FEATURE_LOCATION_CONFLICT::Coding region xref gene does not exist
prokka_out/CA110357:CDS	hypothetical protein	NODE_3_length_107807_cov_23.952684:6677-6982	OBHBHFCO_00411

DiscRep_SUB:FEATURE_LOCATION_CONFLICT::Coding region xref gene does not exist
prokka_out/CA110357:CDS	hypothetical protein	NODE_3_length_107807_cov_23.952684:6972-7475	OBHBHFCO_00412

DiscRep_SUB:FEATURE_LOCATION_CONFLICT::Coding region xref gene does not exist
prokka_out/CA110357:CDS	putative MFS-type transporter YcaD	NODE_3_length_107807_cov_23.952684:7453-8640	OBHBHFCO_00413

DiscRep_SUB:FEATURE_LOCATION_CONFLICT::Coding region xref gene does not exist
prokka_out/CA110357:CDS	hypothetical protein	NODE_3_length_107807_cov_23.952684:8633-10942	OBHBHFCO_00414

DiscRep_SUB:FEATURE_LOCATION_CONFLICT::Coding region xref gene does not exist
prokka_out/CA110357:CDS	hypothetical protein	NODE_3_length_107807_cov_23.952684:10939-11220	OBHBHFCO_00415

DiscRep_SUB:FEATURE_LOCATION_CONFLICT::Coding region xref gene does not exist
prokka_out/CA110357:CDS	Phosphatidylserine decarboxylase proenzyme	NODE_3_length_107807_cov_23.952684:c12017-11217	OBHBHFCO_00416

DiscRep_SUB:FEATURE_LOCATION_CONFLICT::Coding region xref gene does not exist
prokka_out/CA110357:CDS	3',5'-cyclic adenosine monophosphate phosphodiesterase CpdA	NODE_3_length_107807_cov_23.952684:c13138-12014	OBHBHFCO_00417

DiscRep_SUB:FEATURE_LOCATION_CONFLICT::Coding region xref gene does not exist
prokka_out/CA110357:CDS	Glutamate--tRNA ligase	NODE_3_length_107807_cov_23.952684:13223-14518	OBHBHFCO_00418

DiscRep_SUB:FEATURE_LOCATION_CONFLICT::Coding region xref gene does not exist
prokka_out/CA110357:CDS	hypothetical protein	NODE_3_length_107807_cov_23.952684:14522-14803	OBHBHFCO_00419

DiscRep_SUB:FEATURE_LOCATION_CONFLICT::Coding region xref gene does not exist
prokka_out/CA110357:CDS	hypothetical protein	NODE_3_length_107807_cov_23.952684:14800-16428	OBHBHFCO_00420

DiscRep_SUB:FEATURE_LOCATION_CONFLICT::Coding region xref gene does not exist
prokka_out/CA110357:CDS	hypothetical protein	NODE_3_length_107807_cov_23.952684:c16810-16325	OBHBHFCO_00421

DiscRep_SUB:FEATURE_LOCATION_CONFLICT::Coding region xref gene does not exist
prokka_out/CA110357:CDS	Molybdopterin-guanine dinucleotide biosynthesis adapter protein	NODE_3_length_107807_cov_23.952684:16903-17397	OBHBHFCO_00422

DiscRep_SUB:FEATURE_LOCATION_CONFLICT::Coding region xref gene does not exist
prokka_out/CA110357:CDS	Fructose-1,6-bisphosphatase class 1	NODE_3_length_107807_cov_23.952684:17399-18241	OBHBHFCO_00423

DiscRep_SUB:FEATURE_LOCATION_CONFLICT::Coding region xref gene does not exist
prokka_out/CA110357:CDS	hypothetical protein	NODE_3_length_107807_cov_23.952684:18234-18431	OBHBHFCO_00424

DiscRep_SUB:FEATURE_LOCATION_CONFLICT::Coding region xref gene does not exist
prokka_out/CA110357:CDS	Methionine--tRNA ligase	NODE_3_length_107807_cov_23.952684:18441-20327	OBHBHFCO_00425

DiscRep_SUB:FEATURE_LOCATION_CONFLICT::Coding region xref gene does not exist
prokka_out/CA110357:CDS	hypothetical protein	NODE_3_length_107807_cov_23.952684:20329-21276	OBHBHFCO_00426

DiscRep_SUB:FEATURE_LOCATION_CONFLICT::Coding region xref gene does not exist
prokka_out/CA110357:CDS	Methylated-DNA--protein-cysteine methyltransferase, constitutive	NODE_3_length_107807_cov_23.952684:c21725-21249	OBHBHFCO_00427

DiscRep_SUB:FEATURE_LOCATION_CONFLICT::Coding region xref gene does not exist
prokka_out/CA110357:CDS	Aconitate hydratase B	NODE_3_length_107807_cov_23.952684:21780-24326	OBHBHFCO_00428

DiscRep_SUB:FEATURE_LOCATION_CONFLICT::Coding region xref gene does not exist
prokka_out/CA110357:CDS	hypothetical protein	NODE_3_length_107807_cov_23.952684:24385-25626	OBHBHFCO_00429

DiscRep_SUB:FEATURE_LOCATION_CONFLICT::Coding region xref gene does not exist
prokka_out/CA110357:CDS	NADP-dependent 3-hydroxy acid dehydrogenase YdfG	NODE_3_length_107807_cov_23.952684:25623-26372	OBHBHFCO_00430

DiscRep_SUB:FEATURE_LOCATION_CONFLICT::Coding region xref gene does not exist
prokka_out/CA110357:CDS	hypothetical protein	NODE_3_length_107807_cov_23.952684:26369-28099	OBHBHFCO_00431

DiscRep_SUB:FEATURE_LOCATION_CONFLICT::Coding region xref gene does not exist
prokka_out/CA110357:CDS	tRNA/tmRNA (uracil-C(5))-methyltransferase	NODE_3_length_107807_cov_23.952684:28096-29184	OBHBHFCO_00432

DiscRep_SUB:FEATURE_LOCATION_CONFLICT::Coding region xref gene does not exist
prokka_out/CA110357:CDS	hypothetical protein	NODE_3_length_107807_cov_23.952684:c29606-29196	OBHBHFCO_00433

DiscRep_SUB:FEATURE_LOCATION_CONFLICT::Coding region xref gene does not exist
prokka_out/CA110357:CDS	putative protein YccU	NODE_3_length_107807_cov_23.952684:29731-30189	OBHBHFCO_00434

DiscRep_SUB:FEATURE_LOCATION_CONFLICT::Coding region xref gene does not exist
prokka_out/CA110357:CDS	L-threonine ammonia-lyase	NODE_3_length_107807_cov_23.952684:30183-31394	OBHBHFCO_00435

DiscRep_SUB:FEATURE_LOCATION_CONFLICT::Coding region xref gene does not exist
prokka_out/CA110357:CDS	tRNA pseudouridine synthase A	NODE_3_length_107807_cov_23.952684:c32113-31391	OBHBHFCO_00436

DiscRep_SUB:FEATURE_LOCATION_CONFLICT::Coding region xref gene does not exist
prokka_out/CA110357:CDS	hypothetical protein	NODE_3_length_107807_cov_23.952684:c33138-32113	OBHBHFCO_00437

DiscRep_SUB:FEATURE_LOCATION_CONFLICT::Coding region xref gene does not exist
prokka_out/CA110357:CDS	hypothetical protein	NODE_3_length_107807_cov_23.952684:c33914-33135	OBHBHFCO_00438

DiscRep_SUB:FEATURE_LOCATION_CONFLICT::Coding region xref gene does not exist
prokka_out/CA110357:CDS	Isoprenyl transferase	NODE_3_length_107807_cov_23.952684:c34572-33904	OBHBHFCO_00439

DiscRep_SUB:FEATURE_LOCATION_CONFLICT::Coding region xref gene does not exist
prokka_out/CA110357:CDS	hypothetical protein	NODE_3_length_107807_cov_23.952684:c35192-34575	OBHBHFCO_00440

DiscRep_SUB:FEATURE_LOCATION_CONFLICT::Coding region xref gene does not exist
prokka_out/CA110357:CDS	Coenzyme A biosynthesis bifunctional protein CoaBC	NODE_3_length_107807_cov_23.952684:c36343-35189	OBHBHFCO_00441

DiscRep_SUB:FEATURE_LOCATION_CONFLICT::Coding region xref gene does not exist
prokka_out/CA110357:CDS	Bifunctional protein GlmU	NODE_3_length_107807_cov_23.952684:c37629-36340	OBHBHFCO_00442

DiscRep_SUB:FEATURE_LOCATION_CONFLICT::Coding region xref gene does not exist
prokka_out/CA110357:CDS	Flagellar biosynthetic protein FliP	NODE_3_length_107807_cov_23.952684:37770-38513	OBHBHFCO_00443

DiscRep_SUB:FEATURE_LOCATION_CONFLICT::Coding region xref gene does not exist
prokka_out/CA110357:CDS	hypothetical protein	NODE_3_length_107807_cov_23.952684:c38988-38728	OBHBHFCO_00444

DiscRep_SUB:FEATURE_LOCATION_CONFLICT::Coding region xref gene does not exist
prokka_out/CA110357:CDS	L-cystine-binding protein FliY	NODE_3_length_107807_cov_23.952684:c39851-39081	OBHBHFCO_00445

DiscRep_SUB:FEATURE_LOCATION_CONFLICT::Coding region xref gene does not exist
prokka_out/CA110357:CDS	hypothetical protein	NODE_3_length_107807_cov_23.952684:c41271-39946	OBHBHFCO_00446

DiscRep_SUB:FEATURE_LOCATION_CONFLICT::Coding region xref gene does not exist
prokka_out/CA110357:CDS	hypothetical protein	NODE_3_length_107807_cov_23.952684:c42684-41347	OBHBHFCO_00447

DiscRep_SUB:FEATURE_LOCATION_CONFLICT::Coding region xref gene does not exist
prokka_out/CA110357:CDS	3-deoxy-manno-octulosonate cytidylyltransferase	NODE_3_length_107807_cov_23.952684:c43492-42773	OBHBHFCO_00448

DiscRep_SUB:FEATURE_LOCATION_CONFLICT::Coding region xref gene does not exist
prokka_out/CA110357:CDS	Threonine synthase	NODE_3_length_107807_cov_23.952684:c44901-43489	OBHBHFCO_00449

DiscRep_SUB:FEATURE_LOCATION_CONFLICT::Coding region xref gene does not exist
prokka_out/CA110357:CDS	Tetraacyldisaccharide 4'-kinase	NODE_3_length_107807_cov_23.952684:c45820-44888	OBHBHFCO_00450

DiscRep_SUB:FEATURE_LOCATION_CONFLICT::Coding region xref gene does not exist
prokka_out/CA110357:CDS	NH(3)-dependent NAD(+) synthetase	NODE_3_length_107807_cov_23.952684:c46566-45820	OBHBHFCO_00451

DiscRep_SUB:FEATURE_LOCATION_CONFLICT::Coding region xref gene does not exist
prokka_out/CA110357:CDS	hypothetical protein	NODE_3_length_107807_cov_23.952684:46640-47236	OBHBHFCO_00452

DiscRep_SUB:FEATURE_LOCATION_CONFLICT::Coding region xref gene does not exist
prokka_out/CA110357:CDS	hypothetical protein	NODE_3_length_107807_cov_23.952684:47248-47553	OBHBHFCO_00453

DiscRep_SUB:FEATURE_LOCATION_CONFLICT::Coding region xref gene does not exist
prokka_out/CA110357:CDS	Enoyl-[acyl-carrier-protein] reductase [NADPH] FabL	NODE_3_length_107807_cov_23.952684:c48440-47661	OBHBHFCO_00454

DiscRep_SUB:FEATURE_LOCATION_CONFLICT::Coding region xref gene does not exist
prokka_out/CA110357:CDS	4-hydroxy-tetrahydrodipicolinate synthase	NODE_3_length_107807_cov_23.952684:c49336-48440	OBHBHFCO_00455

DiscRep_SUB:FEATURE_LOCATION_CONFLICT::Coding region xref gene does not exist
prokka_out/CA110357:CDS	putative zinc protease	NODE_3_length_107807_cov_23.952684:c50580-49339	OBHBHFCO_00456

DiscRep_SUB:FEATURE_LOCATION_CONFLICT::Coding region xref gene does not exist
prokka_out/CA110357:CDS	Dihydroorotate dehydrogenase (quinone)	NODE_3_length_107807_cov_23.952684:c51635-50577	OBHBHFCO_00457

DiscRep_SUB:FEATURE_LOCATION_CONFLICT::Coding region xref gene does not exist
prokka_out/CA110357:CDS	Lipid A export ATP-binding/permease protein MsbA	NODE_3_length_107807_cov_23.952684:c53414-51681	OBHBHFCO_00458

DiscRep_SUB:FEATURE_LOCATION_CONFLICT::Coding region xref gene does not exist
prokka_out/CA110357:CDS	Cysteine--tRNA ligase	NODE_3_length_107807_cov_23.952684:c54797-53415	OBHBHFCO_00459

DiscRep_SUB:FEATURE_LOCATION_CONFLICT::Coding region xref gene does not exist
prokka_out/CA110357:CDS	Lipid II flippase MurJ	NODE_3_length_107807_cov_23.952684:c56248-54797	OBHBHFCO_00460

DiscRep_SUB:FEATURE_LOCATION_CONFLICT::Coding region xref gene does not exist
prokka_out/CA110357:CDS	hypothetical protein	NODE_3_length_107807_cov_23.952684:56352-58217	OBHBHFCO_00461

DiscRep_SUB:FEATURE_LOCATION_CONFLICT::Coding region xref gene does not exist
prokka_out/CA110357:CDS	Holliday junction ATP-dependent DNA helicase RuvA	NODE_3_length_107807_cov_23.952684:58193-58744	OBHBHFCO_00462

DiscRep_SUB:FEATURE_LOCATION_CONFLICT::Coding region xref gene does not exist
prokka_out/CA110357:CDS	D-alanine--D-alanine ligase	NODE_3_length_107807_cov_23.952684:58754-59794	OBHBHFCO_00463

DiscRep_SUB:FEATURE_LOCATION_CONFLICT::Coding region xref gene does not exist
prokka_out/CA110357:CDS	hypothetical protein	NODE_3_length_107807_cov_23.952684:59854-60069	OBHBHFCO_00464

DiscRep_SUB:FEATURE_LOCATION_CONFLICT::Coding region xref gene does not exist
prokka_out/CA110357:CDS	2-succinyl-6-hydroxy-2,4-cyclohexadiene-1-carboxylate synthase	NODE_3_length_107807_cov_23.952684:60071-60802	OBHBHFCO_00465

DiscRep_SUB:FEATURE_LOCATION_CONFLICT::Coding region xref gene does not exist
prokka_out/CA110357:CDS	UDP-N-acetylmuramoyl-tripeptide--D-alanyl-D-alanine ligase	NODE_3_length_107807_cov_23.952684:60796-62223	OBHBHFCO_00466

DiscRep_SUB:FEATURE_LOCATION_CONFLICT::Coding region xref gene does not exist
prokka_out/CA110357:CDS	Bifunctional protein Aas	NODE_3_length_107807_cov_23.952684:62372-65881	OBHBHFCO_00467

DiscRep_SUB:FEATURE_LOCATION_CONFLICT::Coding region xref gene does not exist
prokka_out/CA110357:CDS	hypothetical protein	NODE_3_length_107807_cov_23.952684:c66871-65960	OBHBHFCO_00468

DiscRep_SUB:FEATURE_LOCATION_CONFLICT::Coding region xref gene does not exist
prokka_out/CA110357:CDS	Formyltetrahydrofolate deformylase	NODE_3_length_107807_cov_23.952684:c67852-67028	OBHBHFCO_00469

DiscRep_SUB:FEATURE_LOCATION_CONFLICT::Coding region xref gene does not exist
prokka_out/CA110357:CDS	CCA-adding enzyme	NODE_3_length_107807_cov_23.952684:c68968-67853	OBHBHFCO_00470

DiscRep_SUB:FEATURE_LOCATION_CONFLICT::Coding region xref gene does not exist
prokka_out/CA110357:CDS	hypothetical protein	NODE_3_length_107807_cov_23.952684:c69434-68937	OBHBHFCO_00471

DiscRep_SUB:FEATURE_LOCATION_CONFLICT::Coding region xref gene does not exist
prokka_out/CA110357:CDS	hypothetical protein	NODE_3_length_107807_cov_23.952684:c69676-69431	OBHBHFCO_00472

DiscRep_SUB:FEATURE_LOCATION_CONFLICT::Coding region xref gene does not exist
prokka_out/CA110357:CDS	hypothetical protein	NODE_3_length_107807_cov_23.952684:c70304-69723	OBHBHFCO_00473

DiscRep_SUB:FEATURE_LOCATION_CONFLICT::Coding region xref gene does not exist
prokka_out/CA110357:CDS	hypothetical protein	NODE_3_length_107807_cov_23.952684:c70624-70304	OBHBHFCO_00474

DiscRep_SUB:FEATURE_LOCATION_CONFLICT::Coding region xref gene does not exist
prokka_out/CA110357:CDS	hypothetical protein	NODE_3_length_107807_cov_23.952684:c71294-70614	OBHBHFCO_00475

DiscRep_SUB:FEATURE_LOCATION_CONFLICT::Coding region xref gene does not exist
prokka_out/CA110357:CDS	hypothetical protein	NODE_3_length_107807_cov_23.952684:c71467-71291	OBHBHFCO_00476

DiscRep_SUB:FEATURE_LOCATION_CONFLICT::Coding region xref gene does not exist
prokka_out/CA110357:CDS	Chaperone NapD	NODE_3_length_107807_cov_23.952684:c71816-71481	OBHBHFCO_00477

DiscRep_SUB:FEATURE_LOCATION_CONFLICT::Coding region xref gene does not exist
prokka_out/CA110357:CDS	hypothetical protein	NODE_3_length_107807_cov_23.952684:c72723-71803	OBHBHFCO_00478

DiscRep_SUB:FEATURE_LOCATION_CONFLICT::Coding region xref gene does not exist
prokka_out/CA110357:CDS	Periplasmic nitrate reductase, electron transfer subunit	NODE_3_length_107807_cov_23.952684:c73249-72728	OBHBHFCO_00479

DiscRep_SUB:FEATURE_LOCATION_CONFLICT::Coding region xref gene does not exist
prokka_out/CA110357:CDS	Ferredoxin-type protein NapH	NODE_3_length_107807_cov_23.952684:c74031-73249	OBHBHFCO_00480

DiscRep_SUB:FEATURE_LOCATION_CONFLICT::Coding region xref gene does not exist
prokka_out/CA110357:CDS	Ferredoxin-type protein NapG	NODE_3_length_107807_cov_23.952684:c74771-74031	OBHBHFCO_00481

DiscRep_SUB:FEATURE_LOCATION_CONFLICT::Coding region xref gene does not exist
prokka_out/CA110357:CDS	Periplasmic nitrate reductase	NODE_3_length_107807_cov_23.952684:c77563-74789	OBHBHFCO_00482

DiscRep_SUB:FEATURE_LOCATION_CONFLICT::Coding region xref gene does not exist
prokka_out/CA110357:CDS	Thiol peroxidase	NODE_3_length_107807_cov_23.952684:c78359-77832	OBHBHFCO_00483

DiscRep_SUB:FEATURE_LOCATION_CONFLICT::Coding region xref gene does not exist
prokka_out/CA110357:CDS	hypothetical protein	NODE_3_length_107807_cov_23.952684:c78837-78553	OBHBHFCO_00484

DiscRep_SUB:FEATURE_LOCATION_CONFLICT::Coding region xref gene does not exist
prokka_out/CA110357:CDS	hypothetical protein	NODE_3_length_107807_cov_23.952684:c79115-78855	OBHBHFCO_00485

DiscRep_SUB:FEATURE_LOCATION_CONFLICT::Coding region xref gene does not exist
prokka_out/CA110357:CDS	DNA helicase II	NODE_3_length_107807_cov_23.952684:c81285-79255	OBHBHFCO_00486

DiscRep_SUB:FEATURE_LOCATION_CONFLICT::Coding region xref gene does not exist
prokka_out/CA110357:CDS	hypothetical protein	NODE_3_length_107807_cov_23.952684:81407-82336	OBHBHFCO_00487

DiscRep_SUB:FEATURE_LOCATION_CONFLICT::Coding region xref gene does not exist
prokka_out/CA110357:CDS	Valine--tRNA ligase	NODE_3_length_107807_cov_23.952684:82361-84973	OBHBHFCO_00488

DiscRep_SUB:FEATURE_LOCATION_CONFLICT::Coding region xref gene does not exist
prokka_out/CA110357:CDS	Methionine import ATP-binding protein MetN	NODE_3_length_107807_cov_23.952684:84979-85989	OBHBHFCO_00489

DiscRep_SUB:FEATURE_LOCATION_CONFLICT::Coding region xref gene does not exist
prokka_out/CA110357:CDS	hypothetical protein	NODE_3_length_107807_cov_23.952684:85986-86891	OBHBHFCO_00490

DiscRep_SUB:FEATURE_LOCATION_CONFLICT::Coding region xref gene does not exist
prokka_out/CA110357:CDS	Membrane lipoprotein TpN32	NODE_3_length_107807_cov_23.952684:87085-87858	OBHBHFCO_00491

DiscRep_SUB:FEATURE_LOCATION_CONFLICT::Coding region xref gene does not exist
prokka_out/CA110357:CDS	D-methionine-binding lipoprotein MetQ	NODE_3_length_107807_cov_23.952684:87913-88683	OBHBHFCO_00492

DiscRep_SUB:FEATURE_LOCATION_CONFLICT::Coding region xref gene does not exist
prokka_out/CA110357:CDS	Methionine-binding lipoprotein MetQ	NODE_3_length_107807_cov_23.952684:88693-89469	OBHBHFCO_00493

DiscRep_SUB:FEATURE_LOCATION_CONFLICT::Coding region xref gene does not exist
prokka_out/CA110357:CDS	hypothetical protein	NODE_3_length_107807_cov_23.952684:89547-90209	OBHBHFCO_00494

DiscRep_SUB:FEATURE_LOCATION_CONFLICT::Coding region xref gene does not exist
prokka_out/CA110357:CDS	putative UbiX-like flavin prenyltransferase	NODE_3_length_107807_cov_23.952684:90206-90769	OBHBHFCO_00495

DiscRep_SUB:FEATURE_LOCATION_CONFLICT::Coding region xref gene does not exist
prokka_out/CA110357:CDS	Phosphopantetheine adenylyltransferase	NODE_3_length_107807_cov_23.952684:90809-91285	OBHBHFCO_00496

DiscRep_SUB:FEATURE_LOCATION_CONFLICT::Coding region xref gene does not exist
prokka_out/CA110357:CDS	Thymidylate kinase	NODE_3_length_107807_cov_23.952684:91276-91854	OBHBHFCO_00497

DiscRep_SUB:FEATURE_LOCATION_CONFLICT::Coding region xref gene does not exist
prokka_out/CA110357:CDS	Histidine--tRNA ligase	NODE_3_length_107807_cov_23.952684:91851-93077	OBHBHFCO_00498

DiscRep_SUB:FEATURE_LOCATION_CONFLICT::Coding region xref gene does not exist
prokka_out/CA110357:CDS	Biosynthetic arginine decarboxylase	NODE_3_length_107807_cov_23.952684:93074-94909	OBHBHFCO_00499

DiscRep_SUB:FEATURE_LOCATION_CONFLICT::Coding region xref gene does not exist
prokka_out/CA110357:CDS	Serine acetyltransferase	NODE_3_length_107807_cov_23.952684:94910-95542	OBHBHFCO_00500

DiscRep_SUB:FEATURE_LOCATION_CONFLICT::Coding region xref gene does not exist
prokka_out/CA110357:CDS	Aspartate aminotransferase	NODE_3_length_107807_cov_23.952684:95693-96862	OBHBHFCO_00501

DiscRep_SUB:FEATURE_LOCATION_CONFLICT::Coding region xref gene does not exist
prokka_out/CA110357:CDS	hypothetical protein	NODE_3_length_107807_cov_23.952684:c97313-96972	OBHBHFCO_00502

DiscRep_SUB:FEATURE_LOCATION_CONFLICT::Coding region xref gene does not exist
prokka_out/CA110357:CDS	hypothetical protein	NODE_3_length_107807_cov_23.952684:c98405-97383	OBHBHFCO_00503

DiscRep_SUB:FEATURE_LOCATION_CONFLICT::Coding region xref gene does not exist
prokka_out/CA110357:CDS	hypothetical protein	NODE_3_length_107807_cov_23.952684:98606-98836	OBHBHFCO_00504

DiscRep_SUB:FEATURE_LOCATION_CONFLICT::Coding region xref gene does not exist
prokka_out/CA110357:CDS	hypothetical protein	NODE_3_length_107807_cov_23.952684:98784-99071	OBHBHFCO_00505

DiscRep_SUB:FEATURE_LOCATION_CONFLICT::Coding region xref gene does not exist
prokka_out/CA110357:CDS	Chaperone protein DnaK	NODE_3_length_107807_cov_23.952684:c101283-99412	OBHBHFCO_00506

DiscRep_SUB:FEATURE_LOCATION_CONFLICT::Coding region xref gene does not exist
prokka_out/CA110357:CDS	Protein GrpE	NODE_3_length_107807_cov_23.952684:c101836-101306	OBHBHFCO_00507

DiscRep_SUB:FEATURE_LOCATION_CONFLICT::Coding region xref gene does not exist
prokka_out/CA110357:CDS	Heat-inducible transcription repressor HrcA	NODE_3_length_107807_cov_23.952684:c102624-101833	OBHBHFCO_00508

DiscRep_SUB:FEATURE_LOCATION_CONFLICT::Coding region xref gene does not exist
prokka_out/CA110357:CDS	Colicin I receptor	NODE_3_length_107807_cov_23.952684:c105017-102927	OBHBHFCO_00509

DiscRep_SUB:FEATURE_LOCATION_CONFLICT::Coding region xref gene does not exist
prokka_out/CA110357:CDS	hypothetical protein	NODE_3_length_107807_cov_23.952684:105342-106040	OBHBHFCO_00510

DiscRep_SUB:FEATURE_LOCATION_CONFLICT::Coding region xref gene does not exist
prokka_out/CA110357:CDS	IS200/IS605 family transposase ISCco1	NODE_3_length_107807_cov_23.952684:c106496-106113	OBHBHFCO_00511

DiscRep_SUB:FEATURE_LOCATION_CONFLICT::Coding region xref gene does not exist
prokka_out/CA110357:CDS	IS200/IS605 family transposase ISCco1	NODE_3_length_107807_cov_23.952684:c106946-106662	OBHBHFCO_00512

DiscRep_SUB:FEATURE_LOCATION_CONFLICT::Coding region xref gene does not exist
prokka_out/CA110357:CDS	hypothetical protein	NODE_4_length_101299_cov_28.002857:1212-2516	OBHBHFCO_00513

DiscRep_SUB:FEATURE_LOCATION_CONFLICT::Coding region xref gene does not exist
prokka_out/CA110357:CDS	hypothetical protein	NODE_4_length_101299_cov_28.002857:2513-2692	OBHBHFCO_00514

DiscRep_SUB:FEATURE_LOCATION_CONFLICT::Coding region xref gene does not exist
prokka_out/CA110357:CDS	hypothetical protein	NODE_4_length_101299_cov_28.002857:2721-3563	OBHBHFCO_00515

DiscRep_SUB:FEATURE_LOCATION_CONFLICT::Coding region xref gene does not exist
prokka_out/CA110357:CDS	Glycerol-3-phosphate cytidylyltransferase	NODE_4_length_101299_cov_28.002857:3566-3982	OBHBHFCO_00516

DiscRep_SUB:FEATURE_LOCATION_CONFLICT::Coding region xref gene does not exist
prokka_out/CA110357:CDS	putative glycosyltransferase EpsJ	NODE_4_length_101299_cov_28.002857:c4816-4001	OBHBHFCO_00517

DiscRep_SUB:FEATURE_LOCATION_CONFLICT::Coding region xref gene does not exist
prokka_out/CA110357:CDS	ADP-heptose--LPS heptosyltransferase 2	NODE_4_length_101299_cov_28.002857:4875-5819	OBHBHFCO_00518

DiscRep_SUB:FEATURE_LOCATION_CONFLICT::Coding region xref gene does not exist
prokka_out/CA110357:CDS	hypothetical protein	NODE_4_length_101299_cov_28.002857:c7256-5802	OBHBHFCO_00519

DiscRep_SUB:FEATURE_LOCATION_CONFLICT::Coding region xref gene does not exist
prokka_out/CA110357:CDS	Phosphoheptose isomerase 1	NODE_4_length_101299_cov_28.002857:c7828-7268	OBHBHFCO_00520

DiscRep_SUB:FEATURE_LOCATION_CONFLICT::Coding region xref gene does not exist
prokka_out/CA110357:CDS	Bifunctional protein HldE	NODE_4_length_101299_cov_28.002857:c9210-7825	OBHBHFCO_00521

DiscRep_SUB:FEATURE_LOCATION_CONFLICT::Coding region xref gene does not exist
prokka_out/CA110357:CDS	ADP-L-glycero-D-manno-heptose-6-epimerase	NODE_4_length_101299_cov_28.002857:c10156-9203	OBHBHFCO_00522

DiscRep_SUB:FEATURE_LOCATION_CONFLICT::Coding region xref gene does not exist
prokka_out/CA110357:CDS	D-glycero-alpha-D-manno-heptose-1,7-bisphosphate 7-phosphatase	NODE_4_length_101299_cov_28.002857:c10716-10153	OBHBHFCO_00523

DiscRep_SUB:FEATURE_LOCATION_CONFLICT::Coding region xref gene does not exist
prokka_out/CA110357:CDS	Cytochrome c-553	NODE_4_length_101299_cov_28.002857:10793-11092	OBHBHFCO_00524

DiscRep_SUB:FEATURE_LOCATION_CONFLICT::Coding region xref gene does not exist
prokka_out/CA110357:CDS	hypothetical protein	NODE_4_length_101299_cov_28.002857:c11322-11122	OBHBHFCO_00525

DiscRep_SUB:FEATURE_LOCATION_CONFLICT::Coding region xref gene does not exist
prokka_out/CA110357:CDS	Copper-exporting P-type ATPase	NODE_4_length_101299_cov_28.002857:c13672-11315	OBHBHFCO_00526

DiscRep_SUB:FEATURE_LOCATION_CONFLICT::Coding region xref gene does not exist
prokka_out/CA110357:CDS	Transcription termination factor Rho	NODE_4_length_101299_cov_28.002857:13791-15089	OBHBHFCO_00527

DiscRep_SUB:FEATURE_LOCATION_CONFLICT::Coding region xref gene does not exist
prokka_out/CA110357:CDS	hypothetical protein	NODE_4_length_101299_cov_28.002857:15092-16648	OBHBHFCO_00528

DiscRep_SUB:FEATURE_LOCATION_CONFLICT::Coding region xref gene does not exist
prokka_out/CA110357:CDS	Copper-exporting P-type ATPase	NODE_4_length_101299_cov_28.002857:c18783-16660	OBHBHFCO_00529

DiscRep_SUB:FEATURE_LOCATION_CONFLICT::Coding region xref gene does not exist
prokka_out/CA110357:CDS	hypothetical protein	NODE_4_length_101299_cov_28.002857:c18986-18783	OBHBHFCO_00530

DiscRep_SUB:FEATURE_LOCATION_CONFLICT::Coding region xref gene does not exist
prokka_out/CA110357:CDS	Cadmium, cobalt and zinc/H(+)-K(+) antiporter	NODE_4_length_101299_cov_28.002857:c19917-18976	OBHBHFCO_00531

DiscRep_SUB:FEATURE_LOCATION_CONFLICT::Coding region xref gene does not exist
prokka_out/CA110357:CDS	hypothetical protein	NODE_4_length_101299_cov_28.002857:c20261-19992	OBHBHFCO_00532

DiscRep_SUB:FEATURE_LOCATION_CONFLICT::Coding region xref gene does not exist
prokka_out/CA110357:CDS	hypothetical protein	NODE_4_length_101299_cov_28.002857:c20813-20319	OBHBHFCO_00533

DiscRep_SUB:FEATURE_LOCATION_CONFLICT::Coding region xref gene does not exist
prokka_out/CA110357:CDS	Inner membrane protein YjjP	NODE_4_length_101299_cov_28.002857:c21586-20810	OBHBHFCO_00534

DiscRep_SUB:FEATURE_LOCATION_CONFLICT::Coding region xref gene does not exist
prokka_out/CA110357:CDS	L-lactate dehydrogenase	NODE_4_length_101299_cov_28.002857:21652-22575	OBHBHFCO_00535

DiscRep_SUB:FEATURE_LOCATION_CONFLICT::Coding region xref gene does not exist
prokka_out/CA110357:CDS	Protein DedA	NODE_4_length_101299_cov_28.002857:c23177-22572	OBHBHFCO_00536

DiscRep_SUB:FEATURE_LOCATION_CONFLICT::Coding region xref gene does not exist
prokka_out/CA110357:CDS	Peptidyl-prolyl cis-trans isomerase B	NODE_4_length_101299_cov_28.002857:c23824-23342	OBHBHFCO_00537

DiscRep_SUB:FEATURE_LOCATION_CONFLICT::Coding region xref gene does not exist
prokka_out/CA110357:CDS	putative transcriptional regulatory protein	NODE_4_length_101299_cov_28.002857:c24541-23834	OBHBHFCO_00538

DiscRep_SUB:FEATURE_LOCATION_CONFLICT::Coding region xref gene does not exist
prokka_out/CA110357:CDS	Spermidine export protein MdtJ	NODE_4_length_101299_cov_28.002857:24650-24991	OBHBHFCO_00539

DiscRep_SUB:FEATURE_LOCATION_CONFLICT::Coding region xref gene does not exist
prokka_out/CA110357:CDS	Spermidine export protein MdtI	NODE_4_length_101299_cov_28.002857:24991-25299	OBHBHFCO_00540

DiscRep_SUB:FEATURE_LOCATION_CONFLICT::Coding region xref gene does not exist
prokka_out/CA110357:CDS	Arginine--tRNA ligase	NODE_4_length_101299_cov_28.002857:c26909-25317	OBHBHFCO_00541

DiscRep_SUB:FEATURE_LOCATION_CONFLICT::Coding region xref gene does not exist
prokka_out/CA110357:CDS	Sec-independent protein translocase protein TatA	NODE_4_length_101299_cov_28.002857:c27159-26920	OBHBHFCO_00542

DiscRep_SUB:FEATURE_LOCATION_CONFLICT::Coding region xref gene does not exist
prokka_out/CA110357:CDS	Guanylate kinase	NODE_4_length_101299_cov_28.002857:c27778-27161	OBHBHFCO_00543

DiscRep_SUB:FEATURE_LOCATION_CONFLICT::Coding region xref gene does not exist
prokka_out/CA110357:CDS	hypothetical protein	NODE_4_length_101299_cov_28.002857:c29328-27781	OBHBHFCO_00544

DiscRep_SUB:FEATURE_LOCATION_CONFLICT::Coding region xref gene does not exist
prokka_out/CA110357:CDS	Flagellar biosynthetic protein FliR	NODE_4_length_101299_cov_28.002857:c30151-29384	OBHBHFCO_00545

DiscRep_SUB:FEATURE_LOCATION_CONFLICT::Coding region xref gene does not exist
prokka_out/CA110357:CDS	Lipoprotein-releasing system ATP-binding protein LolD	NODE_4_length_101299_cov_28.002857:c30773-30138	OBHBHFCO_00546

DiscRep_SUB:FEATURE_LOCATION_CONFLICT::Coding region xref gene does not exist
prokka_out/CA110357:CDS	Elongation factor Ts	NODE_4_length_101299_cov_28.002857:c31856-30783	OBHBHFCO_00547

DiscRep_SUB:FEATURE_LOCATION_CONFLICT::Coding region xref gene does not exist
prokka_out/CA110357:CDS	30S ribosomal protein S2	NODE_4_length_101299_cov_28.002857:c32647-31856	OBHBHFCO_00548

DiscRep_SUB:FEATURE_LOCATION_CONFLICT::Coding region xref gene does not exist
prokka_out/CA110357:CDS	Ubiquinone biosynthesis O-methyltransferase, mitochondrial	NODE_4_length_101299_cov_28.002857:c33927-32764	OBHBHFCO_00549

DiscRep_SUB:FEATURE_LOCATION_CONFLICT::Coding region xref gene does not exist
prokka_out/CA110357:CDS	hypothetical protein	NODE_4_length_101299_cov_28.002857:c35178-34054	OBHBHFCO_00550

DiscRep_SUB:FEATURE_LOCATION_CONFLICT::Coding region xref gene does not exist
prokka_out/CA110357:CDS	Cytochrome b	NODE_4_length_101299_cov_28.002857:c36425-35175	OBHBHFCO_00551

DiscRep_SUB:FEATURE_LOCATION_CONFLICT::Coding region xref gene does not exist
prokka_out/CA110357:CDS	Ubiquinol-cytochrome c reductase iron-sulfur subunit	NODE_4_length_101299_cov_28.002857:c36930-36427	OBHBHFCO_00552

DiscRep_SUB:FEATURE_LOCATION_CONFLICT::Coding region xref gene does not exist
prokka_out/CA110357:CDS	Arsenical pump membrane protein	NODE_4_length_101299_cov_28.002857:c38288-37020	OBHBHFCO_00553

DiscRep_SUB:FEATURE_LOCATION_CONFLICT::Coding region xref gene does not exist
prokka_out/CA110357:CDS	tRNA uridine 5-carboxymethylaminomethyl modification enzyme MnmG	NODE_4_length_101299_cov_28.002857:c40147-38288	OBHBHFCO_00554

DiscRep_SUB:FEATURE_LOCATION_CONFLICT::Coding region xref gene does not exist
prokka_out/CA110357:CDS	Aerotaxis receptor	NODE_4_length_101299_cov_28.002857:c40731-40234	OBHBHFCO_00555

DiscRep_SUB:FEATURE_LOCATION_CONFLICT::Coding region xref gene does not exist
prokka_out/CA110357:CDS	hypothetical protein	NODE_4_length_101299_cov_28.002857:c42128-40749	OBHBHFCO_00556

DiscRep_SUB:FEATURE_LOCATION_CONFLICT::Coding region xref gene does not exist
prokka_out/CA110357:CDS	Aerotaxis receptor	NODE_4_length_101299_cov_28.002857:c42743-42249	OBHBHFCO_00557

DiscRep_SUB:FEATURE_LOCATION_CONFLICT::Coding region xref gene does not exist
prokka_out/CA110357:CDS	Aerobic C4-dicarboxylate transport protein	NODE_4_length_101299_cov_28.002857:43000-44376	OBHBHFCO_00558

DiscRep_SUB:FEATURE_LOCATION_CONFLICT::Coding region xref gene does not exist
prokka_out/CA110357:CDS	hypothetical protein	NODE_4_length_101299_cov_28.002857:c45176-44373	OBHBHFCO_00559

DiscRep_SUB:FEATURE_LOCATION_CONFLICT::Coding region xref gene does not exist
prokka_out/CA110357:CDS	hypothetical protein	NODE_4_length_101299_cov_28.002857:45320-46846	OBHBHFCO_00560

DiscRep_SUB:FEATURE_LOCATION_CONFLICT::Coding region xref gene does not exist
prokka_out/CA110357:CDS	Dihydroorotase	NODE_4_length_101299_cov_28.002857:c48030-46849	OBHBHFCO_00561

DiscRep_SUB:FEATURE_LOCATION_CONFLICT::Coding region xref gene does not exist
prokka_out/CA110357:CDS	Glycerol-3-phosphate dehydrogenase [NAD(P)+]	NODE_4_length_101299_cov_28.002857:c48938-48039	OBHBHFCO_00562

DiscRep_SUB:FEATURE_LOCATION_CONFLICT::Coding region xref gene does not exist
prokka_out/CA110357:CDS	Aspartyl/glutamyl-tRNA(Asn/Gln) amidotransferase subunit B	NODE_4_length_101299_cov_28.002857:c50356-48938	OBHBHFCO_00563

DiscRep_SUB:FEATURE_LOCATION_CONFLICT::Coding region xref gene does not exist
prokka_out/CA110357:CDS	S-ribosylhomocysteine lyase	NODE_4_length_101299_cov_28.002857:50471-50965	OBHBHFCO_00564

DiscRep_SUB:FEATURE_LOCATION_CONFLICT::Coding region xref gene does not exist
prokka_out/CA110357:CDS	Validamycin A dioxygenase	NODE_4_length_101299_cov_28.002857:51281-52273	OBHBHFCO_00565

DiscRep_SUB:FEATURE_LOCATION_CONFLICT::Coding region xref gene does not exist
prokka_out/CA110357:CDS	Membrane lipoprotein TpN32	NODE_4_length_101299_cov_28.002857:52287-53057	OBHBHFCO_00566

DiscRep_SUB:FEATURE_LOCATION_CONFLICT::Coding region xref gene does not exist
prokka_out/CA110357:CDS	5-methyltetrahydropteroyltriglutamate--homocysteine methyltransferase	NODE_4_length_101299_cov_28.002857:53080-55344	OBHBHFCO_00567

DiscRep_SUB:FEATURE_LOCATION_CONFLICT::Coding region xref gene does not exist
prokka_out/CA110357:CDS	5,10-methylenetetrahydrofolate reductase	NODE_4_length_101299_cov_28.002857:55354-56202	OBHBHFCO_00568

DiscRep_SUB:FEATURE_LOCATION_CONFLICT::Coding region xref gene does not exist
prokka_out/CA110357:CDS	hypothetical protein	NODE_4_length_101299_cov_28.002857:c56412-56212	OBHBHFCO_00569

DiscRep_SUB:FEATURE_LOCATION_CONFLICT::Coding region xref gene does not exist
prokka_out/CA110357:CDS	ATP synthase subunit a	NODE_4_length_101299_cov_28.002857:c57089-56409	OBHBHFCO_00570

DiscRep_SUB:FEATURE_LOCATION_CONFLICT::Coding region xref gene does not exist
prokka_out/CA110357:CDS	DNA repair protein RadA	NODE_4_length_101299_cov_28.002857:c58581-57241	OBHBHFCO_00571

DiscRep_SUB:FEATURE_LOCATION_CONFLICT::Coding region xref gene does not exist
prokka_out/CA110357:CDS	(R)-stereoselective amidase	NODE_4_length_101299_cov_28.002857:58717-59568	OBHBHFCO_00572

DiscRep_SUB:FEATURE_LOCATION_CONFLICT::Coding region xref gene does not exist
prokka_out/CA110357:CDS	Peptidoglycan deacetylase	NODE_4_length_101299_cov_28.002857:59571-60452	OBHBHFCO_00573

DiscRep_SUB:FEATURE_LOCATION_CONFLICT::Coding region xref gene does not exist
prokka_out/CA110357:CDS	hypothetical protein	NODE_4_length_101299_cov_28.002857:60494-60829	OBHBHFCO_00574

DiscRep_SUB:FEATURE_LOCATION_CONFLICT::Coding region xref gene does not exist
prokka_out/CA110357:CDS	P-loop guanosine triphosphatase YjiA	NODE_4_length_101299_cov_28.002857:60822-61766	OBHBHFCO_00575

DiscRep_SUB:FEATURE_LOCATION_CONFLICT::Coding region xref gene does not exist
prokka_out/CA110357:CDS	Signal recognition particle receptor FtsY	NODE_4_length_101299_cov_28.002857:c62629-61763	OBHBHFCO_00576

DiscRep_SUB:FEATURE_LOCATION_CONFLICT::Coding region xref gene does not exist
prokka_out/CA110357:CDS	Thiol-disulfide oxidoreductase ResA	NODE_4_length_101299_cov_28.002857:c63186-62629	OBHBHFCO_00577

DiscRep_SUB:FEATURE_LOCATION_CONFLICT::Coding region xref gene does not exist
prokka_out/CA110357:CDS	Ribonuclease Y	NODE_4_length_101299_cov_28.002857:63814-65367	OBHBHFCO_00578

DiscRep_SUB:FEATURE_LOCATION_CONFLICT::Coding region xref gene does not exist
prokka_out/CA110357:CDS	Inner membrane protein YohD	NODE_4_length_101299_cov_28.002857:65378-65935	OBHBHFCO_00579

DiscRep_SUB:FEATURE_LOCATION_CONFLICT::Coding region xref gene does not exist
prokka_out/CA110357:CDS	hypothetical protein	NODE_4_length_101299_cov_28.002857:65935-67194	OBHBHFCO_00580

DiscRep_SUB:FEATURE_LOCATION_CONFLICT::Coding region xref gene does not exist
prokka_out/CA110357:CDS	hypothetical protein	NODE_4_length_101299_cov_28.002857:c67944-67138	OBHBHFCO_00581

DiscRep_SUB:FEATURE_LOCATION_CONFLICT::Coding region xref gene does not exist
prokka_out/CA110357:CDS	putative FAD-linked oxidoreductase	NODE_4_length_101299_cov_28.002857:c69338-67956	OBHBHFCO_00582

DiscRep_SUB:FEATURE_LOCATION_CONFLICT::Coding region xref gene does not exist
prokka_out/CA110357:CDS	Plasminogen-binding protein PgbA	NODE_4_length_101299_cov_28.002857:c70063-69335	OBHBHFCO_00583

DiscRep_SUB:FEATURE_LOCATION_CONFLICT::Coding region xref gene does not exist
prokka_out/CA110357:CDS	Murein DD-endopeptidase MepM	NODE_4_length_101299_cov_28.002857:70187-71347	OBHBHFCO_00584

DiscRep_SUB:FEATURE_LOCATION_CONFLICT::Coding region xref gene does not exist
prokka_out/CA110357:CDS	hypothetical protein	NODE_4_length_101299_cov_28.002857:c71550-71344	OBHBHFCO_00585

DiscRep_SUB:FEATURE_LOCATION_CONFLICT::Coding region xref gene does not exist
prokka_out/CA110357:CDS	hypothetical protein	NODE_4_length_101299_cov_28.002857:c72235-71555	OBHBHFCO_00586

DiscRep_SUB:FEATURE_LOCATION_CONFLICT::Coding region xref gene does not exist
prokka_out/CA110357:CDS	Riboflavin synthase	NODE_4_length_101299_cov_28.002857:c72810-72199	OBHBHFCO_00587

DiscRep_SUB:FEATURE_LOCATION_CONFLICT::Coding region xref gene does not exist
prokka_out/CA110357:CDS	hypothetical protein	NODE_4_length_101299_cov_28.002857:c75360-72820	OBHBHFCO_00588

DiscRep_SUB:FEATURE_LOCATION_CONFLICT::Coding region xref gene does not exist
prokka_out/CA110357:CDS	10 kDa chaperonin	NODE_4_length_101299_cov_28.002857:75523-75783	OBHBHFCO_00589

DiscRep_SUB:FEATURE_LOCATION_CONFLICT::Coding region xref gene does not exist
prokka_out/CA110357:CDS	60 kDa chaperonin	NODE_4_length_101299_cov_28.002857:75804-77441	OBHBHFCO_00590

DiscRep_SUB:FEATURE_LOCATION_CONFLICT::Coding region xref gene does not exist
prokka_out/CA110357:CDS	hypothetical protein	NODE_4_length_101299_cov_28.002857:c77931-77710	OBHBHFCO_00591

DiscRep_SUB:FEATURE_LOCATION_CONFLICT::Coding region xref gene does not exist
prokka_out/CA110357:CDS	Adaptive-response sensory-kinase SasA	NODE_4_length_101299_cov_28.002857:c79360-78155	OBHBHFCO_00592

DiscRep_SUB:FEATURE_LOCATION_CONFLICT::Coding region xref gene does not exist
prokka_out/CA110357:CDS	Response regulator MprA	NODE_4_length_101299_cov_28.002857:c80018-79353	OBHBHFCO_00593

DiscRep_SUB:FEATURE_LOCATION_CONFLICT::Coding region xref gene does not exist
prokka_out/CA110357:CDS	Bacteriohemerythrin	NODE_4_length_101299_cov_28.002857:80153-80752	OBHBHFCO_00594

DiscRep_SUB:FEATURE_LOCATION_CONFLICT::Coding region xref gene does not exist
prokka_out/CA110357:CDS	hypothetical protein	NODE_4_length_101299_cov_28.002857:80766-81131	OBHBHFCO_00595

DiscRep_SUB:FEATURE_LOCATION_CONFLICT::Coding region xref gene does not exist
prokka_out/CA110357:CDS	Heme/hemopexin transporter protein HuxB	NODE_4_length_101299_cov_28.002857:c82553-81198	OBHBHFCO_00596

DiscRep_SUB:FEATURE_LOCATION_CONFLICT::Coding region xref gene does not exist
prokka_out/CA110357:CDS	hypothetical protein	NODE_4_length_101299_cov_28.002857:c82861-82631	OBHBHFCO_00597

DiscRep_SUB:FEATURE_LOCATION_CONFLICT::Coding region xref gene does not exist
prokka_out/CA110357:CDS	hypothetical protein	NODE_4_length_101299_cov_28.002857:c85950-83635	OBHBHFCO_00598

DiscRep_SUB:FEATURE_LOCATION_CONFLICT::Coding region xref gene does not exist
prokka_out/CA110357:CDS	hypothetical protein	NODE_4_length_101299_cov_28.002857:c89232-86038	OBHBHFCO_00599

DiscRep_SUB:FEATURE_LOCATION_CONFLICT::Coding region xref gene does not exist
prokka_out/CA110357:CDS	hypothetical protein	NODE_4_length_101299_cov_28.002857:c91053-89803	OBHBHFCO_00601

DiscRep_SUB:FEATURE_LOCATION_CONFLICT::Coding region xref gene does not exist
prokka_out/CA110357:CDS	Sensory transduction protein regX3	NODE_4_length_101299_cov_28.002857:c91724-91050	OBHBHFCO_00602

DiscRep_SUB:FEATURE_LOCATION_CONFLICT::Coding region xref gene does not exist
prokka_out/CA110357:CDS	Periplasmic serine endoprotease DegP	NODE_4_length_101299_cov_28.002857:c93225-91807	OBHBHFCO_00603

DiscRep_SUB:FEATURE_LOCATION_CONFLICT::Coding region xref gene does not exist
prokka_out/CA110357:CDS	Curved DNA-binding protein	NODE_4_length_101299_cov_28.002857:93431-94330	OBHBHFCO_00604

DiscRep_SUB:FEATURE_LOCATION_CONFLICT::Coding region xref gene does not exist
prokka_out/CA110357:CDS	hypothetical protein	NODE_4_length_101299_cov_28.002857:94346-94720	OBHBHFCO_00605

DiscRep_SUB:FEATURE_LOCATION_CONFLICT::Coding region xref gene does not exist
prokka_out/CA110357:CDS	Glutathione-regulated potassium-efflux system protein KefC	NODE_4_length_101299_cov_28.002857:94721-96343	OBHBHFCO_00606

DiscRep_SUB:FEATURE_LOCATION_CONFLICT::Coding region xref gene does not exist
prokka_out/CA110357:CDS	hypothetical protein	NODE_4_length_101299_cov_28.002857:96353-96685	OBHBHFCO_00607

DiscRep_SUB:FEATURE_LOCATION_CONFLICT::Coding region xref gene does not exist
prokka_out/CA110357:CDS	Phosphoglycolate phosphatase	NODE_4_length_101299_cov_28.002857:96678-97298	OBHBHFCO_00608

DiscRep_SUB:FEATURE_LOCATION_CONFLICT::Coding region xref gene does not exist
prokka_out/CA110357:CDS	Glycine--tRNA ligase beta subunit	NODE_4_length_101299_cov_28.002857:97351-99345	OBHBHFCO_00609

DiscRep_SUB:FEATURE_LOCATION_CONFLICT::Coding region xref gene does not exist
prokka_out/CA110357:CDS	hypothetical protein	NODE_4_length_101299_cov_28.002857:99342-100163	OBHBHFCO_00610

DiscRep_SUB:FEATURE_LOCATION_CONFLICT::Coding region xref gene does not exist
prokka_out/CA110357:CDS	hypothetical protein	NODE_4_length_101299_cov_28.002857:100160-101110	OBHBHFCO_00611

DiscRep_SUB:FEATURE_LOCATION_CONFLICT::Coding region xref gene does not exist
prokka_out/CA110357:CDS	hypothetical protein	NODE_4_length_101299_cov_28.002857:c101210-101100	OBHBHFCO_00612

DiscRep_SUB:FEATURE_LOCATION_CONFLICT::RNA feature xref gene does not exist
prokka_out/CA110357:tRNA	Asn	NODE_4_length_101299_cov_28.002857:c89721-89647	OBHBHFCO_00600

DiscRep_SUB:FEATURE_LOCATION_CONFLICT::Coding region xref gene does not exist
prokka_out/CA110357:CDS	hypothetical protein	NODE_5_length_84794_cov_32.952520:146-931	OBHBHFCO_00613

DiscRep_SUB:FEATURE_LOCATION_CONFLICT::Coding region xref gene does not exist
prokka_out/CA110357:CDS	UvrABC system protein A	NODE_5_length_84794_cov_32.952520:1019-3841	OBHBHFCO_00614

DiscRep_SUB:FEATURE_LOCATION_CONFLICT::Coding region xref gene does not exist
prokka_out/CA110357:CDS	hypothetical protein	NODE_5_length_84794_cov_32.952520:3843-4376	OBHBHFCO_00615

DiscRep_SUB:FEATURE_LOCATION_CONFLICT::Coding region xref gene does not exist
prokka_out/CA110357:CDS	hypothetical protein	NODE_5_length_84794_cov_32.952520:4398-5075	OBHBHFCO_00616

DiscRep_SUB:FEATURE_LOCATION_CONFLICT::Coding region xref gene does not exist
prokka_out/CA110357:CDS	hypothetical protein	NODE_5_length_84794_cov_32.952520:5088-5678	OBHBHFCO_00617

DiscRep_SUB:FEATURE_LOCATION_CONFLICT::Coding region xref gene does not exist
prokka_out/CA110357:CDS	Inner membrane protein YqaA	NODE_5_length_84794_cov_32.952520:5671-6114	OBHBHFCO_00618

DiscRep_SUB:FEATURE_LOCATION_CONFLICT::Coding region xref gene does not exist
prokka_out/CA110357:CDS	DNA polymerase I	NODE_5_length_84794_cov_32.952520:6178-8817	OBHBHFCO_00619

DiscRep_SUB:FEATURE_LOCATION_CONFLICT::Coding region xref gene does not exist
prokka_out/CA110357:CDS	Chemotaxis protein PomA	NODE_5_length_84794_cov_32.952520:8833-9609	OBHBHFCO_00620

DiscRep_SUB:FEATURE_LOCATION_CONFLICT::Coding region xref gene does not exist
prokka_out/CA110357:CDS	Motility protein B	NODE_5_length_84794_cov_32.952520:9612-10343	OBHBHFCO_00621

DiscRep_SUB:FEATURE_LOCATION_CONFLICT::Coding region xref gene does not exist
prokka_out/CA110357:CDS	Flagellar biosynthetic protein FlhB	NODE_5_length_84794_cov_32.952520:c11446-10358	OBHBHFCO_00622

DiscRep_SUB:FEATURE_LOCATION_CONFLICT::Coding region xref gene does not exist
prokka_out/CA110357:CDS	Alkyl hydroperoxide reductase C	NODE_5_length_84794_cov_32.952520:c12164-11568	OBHBHFCO_00623

DiscRep_SUB:FEATURE_LOCATION_CONFLICT::Coding region xref gene does not exist
prokka_out/CA110357:CDS	hypothetical protein	NODE_5_length_84794_cov_32.952520:12420-12704	OBHBHFCO_00624

DiscRep_SUB:FEATURE_LOCATION_CONFLICT::Coding region xref gene does not exist
prokka_out/CA110357:CDS	Nucleoside diphosphate kinase	NODE_5_length_84794_cov_32.952520:12805-13218	OBHBHFCO_00625

DiscRep_SUB:FEATURE_LOCATION_CONFLICT::Coding region xref gene does not exist
prokka_out/CA110357:CDS	hypothetical protein	NODE_5_length_84794_cov_32.952520:13218-13577	OBHBHFCO_00626

DiscRep_SUB:FEATURE_LOCATION_CONFLICT::Coding region xref gene does not exist
prokka_out/CA110357:CDS	50S ribosomal protein L32	NODE_5_length_84794_cov_32.952520:13601-13747	OBHBHFCO_00627

DiscRep_SUB:FEATURE_LOCATION_CONFLICT::Coding region xref gene does not exist
prokka_out/CA110357:CDS	Phosphate acyltransferase	NODE_5_length_84794_cov_32.952520:13753-14739	OBHBHFCO_00628

DiscRep_SUB:FEATURE_LOCATION_CONFLICT::Coding region xref gene does not exist
prokka_out/CA110357:CDS	3-oxoacyl-[acyl-carrier-protein] synthase 3	NODE_5_length_84794_cov_32.952520:14732-15709	OBHBHFCO_00629

DiscRep_SUB:FEATURE_LOCATION_CONFLICT::Coding region xref gene does not exist
prokka_out/CA110357:CDS	Phosphoserine aminotransferase	NODE_5_length_84794_cov_32.952520:c17013-15937	OBHBHFCO_00630

DiscRep_SUB:FEATURE_LOCATION_CONFLICT::Coding region xref gene does not exist
prokka_out/CA110357:CDS	Exodeoxyribonuclease 7 large subunit	NODE_5_length_84794_cov_32.952520:c18186-17023	OBHBHFCO_00631

DiscRep_SUB:FEATURE_LOCATION_CONFLICT::Coding region xref gene does not exist
prokka_out/CA110357:CDS	hypothetical protein	NODE_5_length_84794_cov_32.952520:18359-19324	OBHBHFCO_00632

DiscRep_SUB:FEATURE_LOCATION_CONFLICT::Coding region xref gene does not exist
prokka_out/CA110357:CDS	hypothetical protein	NODE_5_length_84794_cov_32.952520:19329-19772	OBHBHFCO_00633

DiscRep_SUB:FEATURE_LOCATION_CONFLICT::Coding region xref gene does not exist
prokka_out/CA110357:CDS	hypothetical protein	NODE_5_length_84794_cov_32.952520:19786-21279	OBHBHFCO_00634

DiscRep_SUB:FEATURE_LOCATION_CONFLICT::Coding region xref gene does not exist
prokka_out/CA110357:CDS	Ubiquinone/menaquinone biosynthesis C-methyltransferase UbiE	NODE_5_length_84794_cov_32.952520:c21983-21276	OBHBHFCO_00635

DiscRep_SUB:FEATURE_LOCATION_CONFLICT::Coding region xref gene does not exist
prokka_out/CA110357:CDS	hypothetical protein	NODE_5_length_84794_cov_32.952520:c23185-21983	OBHBHFCO_00636

DiscRep_SUB:FEATURE_LOCATION_CONFLICT::Coding region xref gene does not exist
prokka_out/CA110357:CDS	hypothetical protein	NODE_5_length_84794_cov_32.952520:c23641-23231	OBHBHFCO_00637

DiscRep_SUB:FEATURE_LOCATION_CONFLICT::Coding region xref gene does not exist
prokka_out/CA110357:CDS	1-deoxy-D-xylulose-5-phosphate synthase	NODE_5_length_84794_cov_32.952520:c25655-23778	OBHBHFCO_00638

DiscRep_SUB:FEATURE_LOCATION_CONFLICT::Coding region xref gene does not exist
prokka_out/CA110357:CDS	hypothetical protein	NODE_5_length_84794_cov_32.952520:c26478-25648	OBHBHFCO_00639

DiscRep_SUB:FEATURE_LOCATION_CONFLICT::Coding region xref gene does not exist
prokka_out/CA110357:CDS	Flagellar motor switch protein FliG	NODE_5_length_84794_cov_32.952520:c27514-26486	OBHBHFCO_00640

DiscRep_SUB:FEATURE_LOCATION_CONFLICT::Coding region xref gene does not exist
prokka_out/CA110357:CDS	Flagellar M-ring protein	NODE_5_length_84794_cov_32.952520:c29196-27514	OBHBHFCO_00641

DiscRep_SUB:FEATURE_LOCATION_CONFLICT::Coding region xref gene does not exist
prokka_out/CA110357:CDS	Histidinol-phosphate aminotransferase	NODE_5_length_84794_cov_32.952520:c30374-29280	OBHBHFCO_00642

DiscRep_SUB:FEATURE_LOCATION_CONFLICT::Coding region xref gene does not exist
prokka_out/CA110357:CDS	Bifunctional chorismate mutase/prephenate dehydratase	NODE_5_length_84794_cov_32.952520:c31443-30364	OBHBHFCO_00643

DiscRep_SUB:FEATURE_LOCATION_CONFLICT::Coding region xref gene does not exist
prokka_out/CA110357:CDS	Ribonucleotide monophosphatase NagD	NODE_5_length_84794_cov_32.952520:c32198-31431	OBHBHFCO_00644

DiscRep_SUB:FEATURE_LOCATION_CONFLICT::Coding region xref gene does not exist
prokka_out/CA110357:CDS	Diaminopimelate decarboxylase	NODE_5_length_84794_cov_32.952520:c33408-32200	OBHBHFCO_00645

DiscRep_SUB:FEATURE_LOCATION_CONFLICT::Coding region xref gene does not exist
prokka_out/CA110357:CDS	hypothetical protein	NODE_5_length_84794_cov_32.952520:c34508-33450	OBHBHFCO_00646

DiscRep_SUB:FEATURE_LOCATION_CONFLICT::Coding region xref gene does not exist
prokka_out/CA110357:CDS	Peptidyl-tRNA hydrolase	NODE_5_length_84794_cov_32.952520:c35052-34510	OBHBHFCO_00647

DiscRep_SUB:FEATURE_LOCATION_CONFLICT::Coding region xref gene does not exist
prokka_out/CA110357:CDS	50S ribosomal protein L25	NODE_5_length_84794_cov_32.952520:c35585-35049	OBHBHFCO_00648

DiscRep_SUB:FEATURE_LOCATION_CONFLICT::Coding region xref gene does not exist
prokka_out/CA110357:CDS	putative guanidinium efflux system subunit GdnC	NODE_5_length_84794_cov_32.952520:35718-36044	OBHBHFCO_00649

DiscRep_SUB:FEATURE_LOCATION_CONFLICT::Coding region xref gene does not exist
prokka_out/CA110357:CDS	putative guanidinium efflux system subunit GdnD	NODE_5_length_84794_cov_32.952520:36048-36362	OBHBHFCO_00650

DiscRep_SUB:FEATURE_LOCATION_CONFLICT::Coding region xref gene does not exist
prokka_out/CA110357:CDS	ATP-dependent dethiobiotin synthetase BioD	NODE_5_length_84794_cov_32.952520:36372-36977	OBHBHFCO_00651

DiscRep_SUB:FEATURE_LOCATION_CONFLICT::Coding region xref gene does not exist
prokka_out/CA110357:CDS	Adenosylmethionine-8-amino-7-oxononanoate aminotransferase	NODE_5_length_84794_cov_32.952520:c38247-36964	OBHBHFCO_00652

DiscRep_SUB:FEATURE_LOCATION_CONFLICT::Coding region xref gene does not exist
prokka_out/CA110357:CDS	8-amino-7-oxononanoate synthase	NODE_5_length_84794_cov_32.952520:38315-39457	OBHBHFCO_00653

DiscRep_SUB:FEATURE_LOCATION_CONFLICT::Coding region xref gene does not exist
prokka_out/CA110357:CDS	hypothetical protein	NODE_5_length_84794_cov_32.952520:39454-40065	OBHBHFCO_00654

DiscRep_SUB:FEATURE_LOCATION_CONFLICT::Coding region xref gene does not exist
prokka_out/CA110357:CDS	hypothetical protein	NODE_5_length_84794_cov_32.952520:40062-40748	OBHBHFCO_00655

DiscRep_SUB:FEATURE_LOCATION_CONFLICT::Coding region xref gene does not exist
prokka_out/CA110357:CDS	Molybdate-binding protein ModA	NODE_5_length_84794_cov_32.952520:40802-41551	OBHBHFCO_00656

DiscRep_SUB:FEATURE_LOCATION_CONFLICT::Coding region xref gene does not exist
prokka_out/CA110357:CDS	hypothetical protein	NODE_5_length_84794_cov_32.952520:41548-41949	OBHBHFCO_00657

DiscRep_SUB:FEATURE_LOCATION_CONFLICT::Coding region xref gene does not exist
prokka_out/CA110357:CDS	hypothetical protein	NODE_5_length_84794_cov_32.952520:41942-42610	OBHBHFCO_00658

DiscRep_SUB:FEATURE_LOCATION_CONFLICT::Coding region xref gene does not exist
prokka_out/CA110357:CDS	Vitamin B12 import ATP-binding protein BtuD	NODE_5_length_84794_cov_32.952520:42620-43504	OBHBHFCO_00659

DiscRep_SUB:FEATURE_LOCATION_CONFLICT::Coding region xref gene does not exist
prokka_out/CA110357:CDS	Beta-lactamase OXA-133	NODE_5_length_84794_cov_32.952520:c44362-43589	OBHBHFCO_00660

DiscRep_SUB:FEATURE_LOCATION_CONFLICT::Coding region xref gene does not exist
prokka_out/CA110357:CDS	3-methyl-2-oxobutanoate hydroxymethyltransferase	NODE_5_length_84794_cov_32.952520:44582-45406	OBHBHFCO_00661

DiscRep_SUB:FEATURE_LOCATION_CONFLICT::Coding region xref gene does not exist
prokka_out/CA110357:CDS	Pantothenate synthetase	NODE_5_length_84794_cov_32.952520:45417-46265	OBHBHFCO_00662

DiscRep_SUB:FEATURE_LOCATION_CONFLICT::Coding region xref gene does not exist
prokka_out/CA110357:CDS	Aspartate 1-decarboxylase	NODE_5_length_84794_cov_32.952520:46262-46642	OBHBHFCO_00663

DiscRep_SUB:FEATURE_LOCATION_CONFLICT::Coding region xref gene does not exist
prokka_out/CA110357:CDS	putative N-acetyltransferase YafP	NODE_5_length_84794_cov_32.952520:c47212-46760	OBHBHFCO_00664

DiscRep_SUB:FEATURE_LOCATION_CONFLICT::Coding region xref gene does not exist
prokka_out/CA110357:CDS	tRNA threonylcarbamoyladenosine dehydratase	NODE_5_length_84794_cov_32.952520:c47852-47196	OBHBHFCO_00665

DiscRep_SUB:FEATURE_LOCATION_CONFLICT::Coding region xref gene does not exist
prokka_out/CA110357:CDS	5'-nucleotidase SurE	NODE_5_length_84794_cov_32.952520:c48622-47849	OBHBHFCO_00666

DiscRep_SUB:FEATURE_LOCATION_CONFLICT::Coding region xref gene does not exist
prokka_out/CA110357:CDS	Phosphoglycerate transporter protein	NODE_5_length_84794_cov_32.952520:48802-49236	OBHBHFCO_00667

DiscRep_SUB:FEATURE_LOCATION_CONFLICT::Coding region xref gene does not exist
prokka_out/CA110357:CDS	Phosphoglycerate transporter protein	NODE_5_length_84794_cov_32.952520:49350-49730	OBHBHFCO_00668

DiscRep_SUB:FEATURE_LOCATION_CONFLICT::Coding region xref gene does not exist
prokka_out/CA110357:CDS	Phosphoglycerate transporter protein	NODE_5_length_84794_cov_32.952520:49794-50036	OBHBHFCO_00669

DiscRep_SUB:FEATURE_LOCATION_CONFLICT::Coding region xref gene does not exist
prokka_out/CA110357:CDS	hypothetical protein	NODE_5_length_84794_cov_32.952520:50149-50925	OBHBHFCO_00670

DiscRep_SUB:FEATURE_LOCATION_CONFLICT::Coding region xref gene does not exist
prokka_out/CA110357:CDS	Cytolethal distending toxin subunit B	NODE_5_length_84794_cov_32.952520:50950-51753	OBHBHFCO_00671

DiscRep_SUB:FEATURE_LOCATION_CONFLICT::Coding region xref gene does not exist
prokka_out/CA110357:CDS	hypothetical protein	NODE_5_length_84794_cov_32.952520:51763-52140	OBHBHFCO_00672

DiscRep_SUB:FEATURE_LOCATION_CONFLICT::Coding region xref gene does not exist
prokka_out/CA110357:CDS	hypothetical protein	NODE_5_length_84794_cov_32.952520:52137-52334	OBHBHFCO_00673

DiscRep_SUB:FEATURE_LOCATION_CONFLICT::Coding region xref gene does not exist
prokka_out/CA110357:CDS	Zinc transporter ZupT	NODE_5_length_84794_cov_32.952520:c53272-52388	OBHBHFCO_00674

DiscRep_SUB:FEATURE_LOCATION_CONFLICT::Coding region xref gene does not exist
prokka_out/CA110357:CDS	Lipid-A-disaccharide synthase	NODE_5_length_84794_cov_32.952520:53411-54502	OBHBHFCO_00675

DiscRep_SUB:FEATURE_LOCATION_CONFLICT::Coding region xref gene does not exist
prokka_out/CA110357:CDS	Transcription elongation factor GreA	NODE_5_length_84794_cov_32.952520:54520-55005	OBHBHFCO_00676

DiscRep_SUB:FEATURE_LOCATION_CONFLICT::Coding region xref gene does not exist
prokka_out/CA110357:CDS	hypothetical protein	NODE_5_length_84794_cov_32.952520:55138-55773	OBHBHFCO_00677

DiscRep_SUB:FEATURE_LOCATION_CONFLICT::Coding region xref gene does not exist
prokka_out/CA110357:CDS	Chemotaxis protein CheV	NODE_5_length_84794_cov_32.952520:55766-56722	OBHBHFCO_00678

DiscRep_SUB:FEATURE_LOCATION_CONFLICT::Coding region xref gene does not exist
prokka_out/CA110357:CDS	Sensor histidine kinase RcsC	NODE_5_length_84794_cov_32.952520:56726-59020	OBHBHFCO_00679

DiscRep_SUB:FEATURE_LOCATION_CONFLICT::Coding region xref gene does not exist
prokka_out/CA110357:CDS	Chemotaxis protein CheW	NODE_5_length_84794_cov_32.952520:59025-59546	OBHBHFCO_00680

DiscRep_SUB:FEATURE_LOCATION_CONFLICT::Coding region xref gene does not exist
prokka_out/CA110357:CDS	Phosphoserine phosphatase	NODE_5_length_84794_cov_32.952520:59546-60169	OBHBHFCO_00681

DiscRep_SUB:FEATURE_LOCATION_CONFLICT::Coding region xref gene does not exist
prokka_out/CA110357:CDS	Transaldolase	NODE_5_length_84794_cov_32.952520:60171-61157	OBHBHFCO_00682

DiscRep_SUB:FEATURE_LOCATION_CONFLICT::Coding region xref gene does not exist
prokka_out/CA110357:CDS	hypothetical protein	NODE_5_length_84794_cov_32.952520:c61576-61154	OBHBHFCO_00683

DiscRep_SUB:FEATURE_LOCATION_CONFLICT::Coding region xref gene does not exist
prokka_out/CA110357:CDS	Carbamoyl-phosphate synthase large chain	NODE_5_length_84794_cov_32.952520:c64842-61573	OBHBHFCO_00684

DiscRep_SUB:FEATURE_LOCATION_CONFLICT::Coding region xref gene does not exist
prokka_out/CA110357:CDS	hypothetical protein	NODE_5_length_84794_cov_32.952520:64949-65203	OBHBHFCO_00685

DiscRep_SUB:FEATURE_LOCATION_CONFLICT::Coding region xref gene does not exist
prokka_out/CA110357:CDS	hypothetical protein	NODE_5_length_84794_cov_32.952520:65191-65907	OBHBHFCO_00686

DiscRep_SUB:FEATURE_LOCATION_CONFLICT::Coding region xref gene does not exist
prokka_out/CA110357:CDS	hypothetical protein	NODE_5_length_84794_cov_32.952520:c66678-66112	OBHBHFCO_00687

DiscRep_SUB:FEATURE_LOCATION_CONFLICT::Coding region xref gene does not exist
prokka_out/CA110357:CDS	2-methylcitrate dehydratase	NODE_5_length_84794_cov_32.952520:c68400-66946	OBHBHFCO_00688

DiscRep_SUB:FEATURE_LOCATION_CONFLICT::Coding region xref gene does not exist
prokka_out/CA110357:CDS	2-methylcitrate synthase	NODE_5_length_84794_cov_32.952520:c69537-68410	OBHBHFCO_00689

DiscRep_SUB:FEATURE_LOCATION_CONFLICT::Coding region xref gene does not exist
prokka_out/CA110357:CDS	2-methylisocitrate lyase	NODE_5_length_84794_cov_32.952520:c70409-69534	OBHBHFCO_00690

DiscRep_SUB:FEATURE_LOCATION_CONFLICT::Coding region xref gene does not exist
prokka_out/CA110357:CDS	Acetyl-coenzyme A synthetase	NODE_5_length_84794_cov_32.952520:c72316-70409	OBHBHFCO_00691

DiscRep_SUB:FEATURE_LOCATION_CONFLICT::Coding region xref gene does not exist
prokka_out/CA110357:CDS	hypothetical protein	NODE_5_length_84794_cov_32.952520:72564-73487	OBHBHFCO_00692

DiscRep_SUB:FEATURE_LOCATION_CONFLICT::Coding region xref gene does not exist
prokka_out/CA110357:CDS	hypothetical protein	NODE_5_length_84794_cov_32.952520:c74231-73482	OBHBHFCO_00693

DiscRep_SUB:FEATURE_LOCATION_CONFLICT::Coding region xref gene does not exist
prokka_out/CA110357:CDS	Cell shape-determining protein MreB	NODE_5_length_84794_cov_32.952520:c75261-74221	OBHBHFCO_00694

DiscRep_SUB:FEATURE_LOCATION_CONFLICT::Coding region xref gene does not exist
prokka_out/CA110357:CDS	ATP-dependent Clp protease ATP-binding subunit ClpX	NODE_5_length_84794_cov_32.952520:c76498-75275	OBHBHFCO_00695

DiscRep_SUB:FEATURE_LOCATION_CONFLICT::Coding region xref gene does not exist
prokka_out/CA110357:CDS	Acyl-[acyl-carrier-protein]--UDP-N-acetylglucosamine O-acyltransferase	NODE_5_length_84794_cov_32.952520:c77282-76491	OBHBHFCO_00696

DiscRep_SUB:FEATURE_LOCATION_CONFLICT::Coding region xref gene does not exist
prokka_out/CA110357:CDS	3-hydroxyacyl-[acyl-carrier-protein] dehydratase FabZ	NODE_5_length_84794_cov_32.952520:c77733-77293	OBHBHFCO_00697

DiscRep_SUB:FEATURE_LOCATION_CONFLICT::Coding region xref gene does not exist
prokka_out/CA110357:CDS	Epoxyqueuosine reductase QueH	NODE_5_length_84794_cov_32.952520:c78939-77848	OBHBHFCO_00698

DiscRep_SUB:FEATURE_LOCATION_CONFLICT::Coding region xref gene does not exist
prokka_out/CA110357:CDS	Putative peroxiredoxin bcp	NODE_5_length_84794_cov_32.952520:c79397-78939	OBHBHFCO_00699

DiscRep_SUB:FEATURE_LOCATION_CONFLICT::Coding region xref gene does not exist
prokka_out/CA110357:CDS	putative tautomerase	NODE_5_length_84794_cov_32.952520:c79600-79394	OBHBHFCO_00700

DiscRep_SUB:FEATURE_LOCATION_CONFLICT::Coding region xref gene does not exist
prokka_out/CA110357:CDS	Branched-chain-amino-acid aminotransferase	NODE_5_length_84794_cov_32.952520:79927-80841	OBHBHFCO_00701

DiscRep_SUB:FEATURE_LOCATION_CONFLICT::Coding region xref gene does not exist
prokka_out/CA110357:CDS	hypothetical protein	NODE_5_length_84794_cov_32.952520:80857-81939	OBHBHFCO_00702

DiscRep_SUB:FEATURE_LOCATION_CONFLICT::Coding region xref gene does not exist
prokka_out/CA110357:CDS	hypothetical protein	NODE_5_length_84794_cov_32.952520:81950-82480	OBHBHFCO_00703

DiscRep_SUB:FEATURE_LOCATION_CONFLICT::Coding region xref gene does not exist
prokka_out/CA110357:CDS	hypothetical protein	NODE_5_length_84794_cov_32.952520:82480-82989	OBHBHFCO_00704

DiscRep_SUB:FEATURE_LOCATION_CONFLICT::Coding region xref gene does not exist
prokka_out/CA110357:CDS	hypothetical protein	NODE_6_length_75010_cov_33.629876:1566-2420	OBHBHFCO_00705

DiscRep_SUB:FEATURE_LOCATION_CONFLICT::Coding region xref gene does not exist
prokka_out/CA110357:CDS	Vitamin B12 import ATP-binding protein BtuD	NODE_6_length_75010_cov_33.629876:2433-3287	OBHBHFCO_00706

DiscRep_SUB:FEATURE_LOCATION_CONFLICT::Coding region xref gene does not exist
prokka_out/CA110357:CDS	High-affinity zinc uptake system membrane protein ZnuB	NODE_6_length_75010_cov_33.629876:3280-4086	OBHBHFCO_00707

DiscRep_SUB:FEATURE_LOCATION_CONFLICT::Coding region xref gene does not exist
prokka_out/CA110357:CDS	hypothetical protein	NODE_6_length_75010_cov_33.629876:c6026-4329	OBHBHFCO_00708

DiscRep_SUB:FEATURE_LOCATION_CONFLICT::Coding region xref gene does not exist
prokka_out/CA110357:CDS	hypothetical protein	NODE_6_length_75010_cov_33.629876:c6463-6083	OBHBHFCO_00709

DiscRep_SUB:FEATURE_LOCATION_CONFLICT::Coding region xref gene does not exist
prokka_out/CA110357:CDS	hypothetical protein	NODE_6_length_75010_cov_33.629876:c6822-6535	OBHBHFCO_00710

DiscRep_SUB:FEATURE_LOCATION_CONFLICT::Coding region xref gene does not exist
prokka_out/CA110357:CDS	Ribosome maturation factor RimP	NODE_6_length_75010_cov_33.629876:c7339-6896	OBHBHFCO_00711

DiscRep_SUB:FEATURE_LOCATION_CONFLICT::Coding region xref gene does not exist
prokka_out/CA110357:CDS	Ribosome-binding factor A	NODE_6_length_75010_cov_33.629876:c7691-7329	OBHBHFCO_00712

DiscRep_SUB:FEATURE_LOCATION_CONFLICT::Coding region xref gene does not exist
prokka_out/CA110357:CDS	Translation initiation factor IF-2	NODE_6_length_75010_cov_33.629876:c10258-7688	OBHBHFCO_00713

DiscRep_SUB:FEATURE_LOCATION_CONFLICT::Coding region xref gene does not exist
prokka_out/CA110357:CDS	hypothetical protein	NODE_6_length_75010_cov_33.629876:c10538-10245	OBHBHFCO_00714

DiscRep_SUB:FEATURE_LOCATION_CONFLICT::Coding region xref gene does not exist
prokka_out/CA110357:CDS	Homoserine kinase	NODE_6_length_75010_cov_33.629876:c11410-10532	OBHBHFCO_00715

DiscRep_SUB:FEATURE_LOCATION_CONFLICT::Coding region xref gene does not exist
prokka_out/CA110357:CDS	hypothetical protein	NODE_6_length_75010_cov_33.629876:c11829-11428	OBHBHFCO_00716

DiscRep_SUB:FEATURE_LOCATION_CONFLICT::Coding region xref gene does not exist
prokka_out/CA110357:CDS	UDP-3-O-acyl-N-acetylglucosamine deacetylase	NODE_6_length_75010_cov_33.629876:c12752-11868	OBHBHFCO_00717

DiscRep_SUB:FEATURE_LOCATION_CONFLICT::Coding region xref gene does not exist
prokka_out/CA110357:CDS	hypothetical protein	NODE_6_length_75010_cov_33.629876:c14125-12752	OBHBHFCO_00718

DiscRep_SUB:FEATURE_LOCATION_CONFLICT::Coding region xref gene does not exist
prokka_out/CA110357:CDS	Cyclohexadienyl dehydrogenase	NODE_6_length_75010_cov_33.629876:c15050-14223	OBHBHFCO_00719

DiscRep_SUB:FEATURE_LOCATION_CONFLICT::Coding region xref gene does not exist
prokka_out/CA110357:CDS	Outer membrane protein assembly factor BamA	NODE_6_length_75010_cov_33.629876:15126-17342	OBHBHFCO_00720

DiscRep_SUB:FEATURE_LOCATION_CONFLICT::Coding region xref gene does not exist
prokka_out/CA110357:CDS	hypothetical protein	NODE_6_length_75010_cov_33.629876:17342-18058	OBHBHFCO_00721

DiscRep_SUB:FEATURE_LOCATION_CONFLICT::Coding region xref gene does not exist
prokka_out/CA110357:CDS	Acetyl-coenzyme A carboxylase carboxyl transferase subunit beta	NODE_6_length_75010_cov_33.629876:18073-18915	OBHBHFCO_00722

DiscRep_SUB:FEATURE_LOCATION_CONFLICT::Coding region xref gene does not exist
prokka_out/CA110357:CDS	Ribosomal RNA large subunit methyltransferase H	NODE_6_length_75010_cov_33.629876:18917-19366	OBHBHFCO_00723

DiscRep_SUB:FEATURE_LOCATION_CONFLICT::Coding region xref gene does not exist
prokka_out/CA110357:CDS	RNA polymerase-binding transcription factor DksA	NODE_6_length_75010_cov_33.629876:19378-19731	OBHBHFCO_00724

DiscRep_SUB:FEATURE_LOCATION_CONFLICT::Coding region xref gene does not exist
prokka_out/CA110357:CDS	hypothetical protein	NODE_6_length_75010_cov_33.629876:19728-20714	OBHBHFCO_00725

DiscRep_SUB:FEATURE_LOCATION_CONFLICT::Coding region xref gene does not exist
prokka_out/CA110357:CDS	tRNA-dihydrouridine synthase B	NODE_6_length_75010_cov_33.629876:20711-21637	OBHBHFCO_00726

DiscRep_SUB:FEATURE_LOCATION_CONFLICT::Coding region xref gene does not exist
prokka_out/CA110357:CDS	hypothetical protein	NODE_6_length_75010_cov_33.629876:c22896-21658	OBHBHFCO_00727

DiscRep_SUB:FEATURE_LOCATION_CONFLICT::Coding region xref gene does not exist
prokka_out/CA110357:CDS	hypothetical protein	NODE_6_length_75010_cov_33.629876:c23624-22932	OBHBHFCO_00728

DiscRep_SUB:FEATURE_LOCATION_CONFLICT::Coding region xref gene does not exist
prokka_out/CA110357:CDS	Endoribonuclease YbeY	NODE_6_length_75010_cov_33.629876:c24154-23747	OBHBHFCO_00729

DiscRep_SUB:FEATURE_LOCATION_CONFLICT::Coding region xref gene does not exist
prokka_out/CA110357:CDS	hypothetical protein	NODE_6_length_75010_cov_33.629876:c24765-24151	OBHBHFCO_00730

DiscRep_SUB:FEATURE_LOCATION_CONFLICT::Coding region xref gene does not exist
prokka_out/CA110357:CDS	hypothetical protein	NODE_6_length_75010_cov_33.629876:c25286-24765	OBHBHFCO_00731

DiscRep_SUB:FEATURE_LOCATION_CONFLICT::Coding region xref gene does not exist
prokka_out/CA110357:CDS	tRNA-cytidine(32) 2-sulfurtransferase	NODE_6_length_75010_cov_33.629876:c26046-25291	OBHBHFCO_00732

DiscRep_SUB:FEATURE_LOCATION_CONFLICT::Coding region xref gene does not exist
prokka_out/CA110357:CDS	Aminodeoxyfutalosine nucleosidase	NODE_6_length_75010_cov_33.629876:c26729-26043	OBHBHFCO_00733

DiscRep_SUB:FEATURE_LOCATION_CONFLICT::Coding region xref gene does not exist
prokka_out/CA110357:CDS	Malonyl CoA-acyl carrier protein transacylase	NODE_6_length_75010_cov_33.629876:c27704-26730	OBHBHFCO_00734

DiscRep_SUB:FEATURE_LOCATION_CONFLICT::Coding region xref gene does not exist
prokka_out/CA110357:CDS	hypothetical protein	NODE_6_length_75010_cov_33.629876:c28224-27652	OBHBHFCO_00735

DiscRep_SUB:FEATURE_LOCATION_CONFLICT::Coding region xref gene does not exist
prokka_out/CA110357:CDS	Cell division coordinator CpoB	NODE_6_length_75010_cov_33.629876:c29193-28240	OBHBHFCO_00736

DiscRep_SUB:FEATURE_LOCATION_CONFLICT::Coding region xref gene does not exist
prokka_out/CA110357:CDS	Peptidoglycan-associated lipoprotein	NODE_6_length_75010_cov_33.629876:c29694-29197	OBHBHFCO_00737

DiscRep_SUB:FEATURE_LOCATION_CONFLICT::Coding region xref gene does not exist
prokka_out/CA110357:CDS	Tol-Pal system protein TolB	NODE_6_length_75010_cov_33.629876:c30982-29771	OBHBHFCO_00738

DiscRep_SUB:FEATURE_LOCATION_CONFLICT::Coding region xref gene does not exist
prokka_out/CA110357:CDS	hypothetical protein	NODE_6_length_75010_cov_33.629876:c31772-30996	OBHBHFCO_00739

DiscRep_SUB:FEATURE_LOCATION_CONFLICT::Coding region xref gene does not exist
prokka_out/CA110357:CDS	Biopolymer transport protein ExbD	NODE_6_length_75010_cov_33.629876:c32165-31776	OBHBHFCO_00740

DiscRep_SUB:FEATURE_LOCATION_CONFLICT::Coding region xref gene does not exist
prokka_out/CA110357:CDS	Tol-Pal system protein TolQ	NODE_6_length_75010_cov_33.629876:c32730-32176	OBHBHFCO_00741

DiscRep_SUB:FEATURE_LOCATION_CONFLICT::Coding region xref gene does not exist
prokka_out/CA110357:CDS	ATP synthase epsilon chain	NODE_6_length_75010_cov_33.629876:c33120-32731	OBHBHFCO_00742

DiscRep_SUB:FEATURE_LOCATION_CONFLICT::Coding region xref gene does not exist
prokka_out/CA110357:CDS	ATP synthase subunit beta	NODE_6_length_75010_cov_33.629876:c34521-33124	OBHBHFCO_00743

DiscRep_SUB:FEATURE_LOCATION_CONFLICT::Coding region xref gene does not exist
prokka_out/CA110357:CDS	ATP synthase gamma chain, sodium ion specific	NODE_6_length_75010_cov_33.629876:c35432-34548	OBHBHFCO_00744

DiscRep_SUB:FEATURE_LOCATION_CONFLICT::Coding region xref gene does not exist
prokka_out/CA110357:CDS	ATP synthase subunit alpha	NODE_6_length_75010_cov_33.629876:c36947-35442	OBHBHFCO_00745

DiscRep_SUB:FEATURE_LOCATION_CONFLICT::Coding region xref gene does not exist
prokka_out/CA110357:CDS	ATP synthase subunit delta	NODE_6_length_75010_cov_33.629876:c37481-36960	OBHBHFCO_00746

DiscRep_SUB:FEATURE_LOCATION_CONFLICT::Coding region xref gene does not exist
prokka_out/CA110357:CDS	ATP synthase subunit b	NODE_6_length_75010_cov_33.629876:c37993-37481	OBHBHFCO_00747

DiscRep_SUB:FEATURE_LOCATION_CONFLICT::Coding region xref gene does not exist
prokka_out/CA110357:CDS	ATP synthase subunit b'	NODE_6_length_75010_cov_33.629876:c38431-38006	OBHBHFCO_00748

DiscRep_SUB:FEATURE_LOCATION_CONFLICT::Coding region xref gene does not exist
prokka_out/CA110357:CDS	putative chromosome-partitioning protein ParB	NODE_6_length_75010_cov_33.629876:c39326-38490	OBHBHFCO_00749

DiscRep_SUB:FEATURE_LOCATION_CONFLICT::Coding region xref gene does not exist
prokka_out/CA110357:CDS	Sporulation initiation inhibitor protein Soj	NODE_6_length_75010_cov_33.629876:c40116-39331	OBHBHFCO_00750

DiscRep_SUB:FEATURE_LOCATION_CONFLICT::Coding region xref gene does not exist
prokka_out/CA110357:CDS	Bifunctional ligase/repressor BirA	NODE_6_length_75010_cov_33.629876:c40766-40113	OBHBHFCO_00751

DiscRep_SUB:FEATURE_LOCATION_CONFLICT::Coding region xref gene does not exist
prokka_out/CA110357:CDS	Methionyl-tRNA formyltransferase	NODE_6_length_75010_cov_33.629876:c41649-40729	OBHBHFCO_00752

DiscRep_SUB:FEATURE_LOCATION_CONFLICT::Coding region xref gene does not exist
prokka_out/CA110357:CDS	hypothetical protein	NODE_6_length_75010_cov_33.629876:c42823-42095	OBHBHFCO_00753

DiscRep_SUB:FEATURE_LOCATION_CONFLICT::Coding region xref gene does not exist
prokka_out/CA110357:CDS	hypothetical protein	NODE_6_length_75010_cov_33.629876:c43011-42877	OBHBHFCO_00754

DiscRep_SUB:FEATURE_LOCATION_CONFLICT::Coding region xref gene does not exist
prokka_out/CA110357:CDS	Glutamate 5-kinase	NODE_6_length_75010_cov_33.629876:c43845-43090	OBHBHFCO_00755

DiscRep_SUB:FEATURE_LOCATION_CONFLICT::Coding region xref gene does not exist
prokka_out/CA110357:CDS	DNA ligase	NODE_6_length_75010_cov_33.629876:c45373-44534	OBHBHFCO_00761

DiscRep_SUB:FEATURE_LOCATION_CONFLICT::Coding region xref gene does not exist
prokka_out/CA110357:CDS	hypothetical protein	NODE_6_length_75010_cov_33.629876:c46035-45373	OBHBHFCO_00762

DiscRep_SUB:FEATURE_LOCATION_CONFLICT::Coding region xref gene does not exist
prokka_out/CA110357:CDS	hypothetical protein	NODE_6_length_75010_cov_33.629876:c46228-46025	OBHBHFCO_00763

DiscRep_SUB:FEATURE_LOCATION_CONFLICT::Coding region xref gene does not exist
prokka_out/CA110357:CDS	Enolase	NODE_6_length_75010_cov_33.629876:c47538-46294	OBHBHFCO_00764

DiscRep_SUB:FEATURE_LOCATION_CONFLICT::Coding region xref gene does not exist
prokka_out/CA110357:CDS	Protein RecA	NODE_6_length_75010_cov_33.629876:c48569-47538	OBHBHFCO_00765

DiscRep_SUB:FEATURE_LOCATION_CONFLICT::Coding region xref gene does not exist
prokka_out/CA110357:CDS	1,4-dihydroxy-6-naphtoate synthase	NODE_6_length_75010_cov_33.629876:48679-49542	OBHBHFCO_00766

DiscRep_SUB:FEATURE_LOCATION_CONFLICT::Coding region xref gene does not exist
prokka_out/CA110357:CDS	Flagellar biosynthetic protein FliQ	NODE_6_length_75010_cov_33.629876:49554-49823	OBHBHFCO_00767

DiscRep_SUB:FEATURE_LOCATION_CONFLICT::Coding region xref gene does not exist
prokka_out/CA110357:CDS	UDP-N-acetylenolpyruvoylglucosamine reductase	NODE_6_length_75010_cov_33.629876:49820-50596	OBHBHFCO_00768

DiscRep_SUB:FEATURE_LOCATION_CONFLICT::Coding region xref gene does not exist
prokka_out/CA110357:CDS	hypothetical protein	NODE_6_length_75010_cov_33.629876:50705-50878	OBHBHFCO_00769

DiscRep_SUB:FEATURE_LOCATION_CONFLICT::Coding region xref gene does not exist
prokka_out/CA110357:CDS	hypothetical protein	NODE_6_length_75010_cov_33.629876:c51644-50883	OBHBHFCO_00770

DiscRep_SUB:FEATURE_LOCATION_CONFLICT::Coding region xref gene does not exist
prokka_out/CA110357:CDS	3'(2'),5'-bisphosphate nucleotidase CysQ	NODE_6_length_75010_cov_33.629876:c52445-51681	OBHBHFCO_00771

DiscRep_SUB:FEATURE_LOCATION_CONFLICT::Coding region xref gene does not exist
prokka_out/CA110357:CDS	Citrate synthase	NODE_6_length_75010_cov_33.629876:c53787-52519	OBHBHFCO_00772

DiscRep_SUB:FEATURE_LOCATION_CONFLICT::Coding region xref gene does not exist
prokka_out/CA110357:CDS	hypothetical protein	NODE_6_length_75010_cov_33.629876:c55092-53917	OBHBHFCO_00773

DiscRep_SUB:FEATURE_LOCATION_CONFLICT::Coding region xref gene does not exist
prokka_out/CA110357:CDS	Biotin synthase	NODE_6_length_75010_cov_33.629876:c55909-55073	OBHBHFCO_00774

DiscRep_SUB:FEATURE_LOCATION_CONFLICT::Coding region xref gene does not exist
prokka_out/CA110357:CDS	DNA topoisomerase 1	NODE_6_length_75010_cov_33.629876:c58014-55912	OBHBHFCO_00775

DiscRep_SUB:FEATURE_LOCATION_CONFLICT::Coding region xref gene does not exist
prokka_out/CA110357:CDS	hypothetical protein	NODE_6_length_75010_cov_33.629876:58243-59502	OBHBHFCO_00776

DiscRep_SUB:FEATURE_LOCATION_CONFLICT::Coding region xref gene does not exist
prokka_out/CA110357:CDS	Protein translocase subunit SecY	NODE_6_length_75010_cov_33.629876:c60829-59564	OBHBHFCO_00777

DiscRep_SUB:FEATURE_LOCATION_CONFLICT::Coding region xref gene does not exist
prokka_out/CA110357:CDS	50S ribosomal protein L15	NODE_6_length_75010_cov_33.629876:c61221-60829	OBHBHFCO_00778

DiscRep_SUB:FEATURE_LOCATION_CONFLICT::Coding region xref gene does not exist
prokka_out/CA110357:CDS	30S ribosomal protein S5	NODE_6_length_75010_cov_33.629876:c61669-61226	OBHBHFCO_00779

DiscRep_SUB:FEATURE_LOCATION_CONFLICT::Coding region xref gene does not exist
prokka_out/CA110357:CDS	50S ribosomal protein L18	NODE_6_length_75010_cov_33.629876:c62037-61681	OBHBHFCO_00780

DiscRep_SUB:FEATURE_LOCATION_CONFLICT::Coding region xref gene does not exist
prokka_out/CA110357:CDS	50S ribosomal protein L6	NODE_6_length_75010_cov_33.629876:c62583-62047	OBHBHFCO_00781

DiscRep_SUB:FEATURE_LOCATION_CONFLICT::Coding region xref gene does not exist
prokka_out/CA110357:CDS	30S ribosomal protein S8	NODE_6_length_75010_cov_33.629876:c63056-62661	OBHBHFCO_00782

DiscRep_SUB:FEATURE_LOCATION_CONFLICT::Coding region xref gene does not exist
prokka_out/CA110357:CDS	30S ribosomal protein S14 type Z	NODE_6_length_75010_cov_33.629876:c63251-63066	OBHBHFCO_00783

DiscRep_SUB:FEATURE_LOCATION_CONFLICT::Coding region xref gene does not exist
prokka_out/CA110357:CDS	50S ribosomal protein L5	NODE_6_length_75010_cov_33.629876:c63795-63253	OBHBHFCO_00784

DiscRep_SUB:FEATURE_LOCATION_CONFLICT::Coding region xref gene does not exist
prokka_out/CA110357:CDS	50S ribosomal protein L24	NODE_6_length_75010_cov_33.629876:c64035-63802	OBHBHFCO_00785

DiscRep_SUB:FEATURE_LOCATION_CONFLICT::Coding region xref gene does not exist
prokka_out/CA110357:CDS	50S ribosomal protein L14	NODE_6_length_75010_cov_33.629876:c64403-64035	OBHBHFCO_00786

DiscRep_SUB:FEATURE_LOCATION_CONFLICT::Coding region xref gene does not exist
prokka_out/CA110357:CDS	30S ribosomal protein S17	NODE_6_length_75010_cov_33.629876:c64654-64403	OBHBHFCO_00787

DiscRep_SUB:FEATURE_LOCATION_CONFLICT::Coding region xref gene does not exist
prokka_out/CA110357:CDS	hypothetical protein	NODE_6_length_75010_cov_33.629876:c64849-64664	OBHBHFCO_00788

DiscRep_SUB:FEATURE_LOCATION_CONFLICT::Coding region xref gene does not exist
prokka_out/CA110357:CDS	50S ribosomal protein L16	NODE_6_length_75010_cov_33.629876:c65261-64836	OBHBHFCO_00789

DiscRep_SUB:FEATURE_LOCATION_CONFLICT::Coding region xref gene does not exist
prokka_out/CA110357:CDS	30S ribosomal protein S3	NODE_6_length_75010_cov_33.629876:c65965-65264	OBHBHFCO_00790

DiscRep_SUB:FEATURE_LOCATION_CONFLICT::Coding region xref gene does not exist
prokka_out/CA110357:CDS	hypothetical protein	NODE_6_length_75010_cov_33.629876:c66372-65965	OBHBHFCO_00791

DiscRep_SUB:FEATURE_LOCATION_CONFLICT::Coding region xref gene does not exist
prokka_out/CA110357:CDS	30S ribosomal protein S19	NODE_6_length_75010_cov_33.629876:c66664-66383	OBHBHFCO_00792

DiscRep_SUB:FEATURE_LOCATION_CONFLICT::Coding region xref gene does not exist
prokka_out/CA110357:CDS	50S ribosomal protein L2	NODE_6_length_75010_cov_33.629876:c67496-66666	OBHBHFCO_00793

DiscRep_SUB:FEATURE_LOCATION_CONFLICT::Coding region xref gene does not exist
prokka_out/CA110357:CDS	50S ribosomal protein L23	NODE_6_length_75010_cov_33.629876:c67779-67498	OBHBHFCO_00794

DiscRep_SUB:FEATURE_LOCATION_CONFLICT::Coding region xref gene does not exist
prokka_out/CA110357:CDS	50S ribosomal protein L4	NODE_6_length_75010_cov_33.629876:c68396-67782	OBHBHFCO_00795

DiscRep_SUB:FEATURE_LOCATION_CONFLICT::Coding region xref gene does not exist
prokka_out/CA110357:CDS	hypothetical protein	NODE_6_length_75010_cov_33.629876:c68968-68393	OBHBHFCO_00796

DiscRep_SUB:FEATURE_LOCATION_CONFLICT::Coding region xref gene does not exist
prokka_out/CA110357:CDS	30S ribosomal protein S10	NODE_6_length_75010_cov_33.629876:c69289-68978	OBHBHFCO_00797

DiscRep_SUB:FEATURE_LOCATION_CONFLICT::Coding region xref gene does not exist
prokka_out/CA110357:CDS	Ribosomal large subunit pseudouridine synthase B	NODE_6_length_75010_cov_33.629876:c70248-69487	OBHBHFCO_00798

DiscRep_SUB:FEATURE_LOCATION_CONFLICT::Coding region xref gene does not exist
prokka_out/CA110357:CDS	Ribonuclease J	NODE_6_length_75010_cov_33.629876:c72320-70290	OBHBHFCO_00799

DiscRep_SUB:FEATURE_LOCATION_CONFLICT::Coding region xref gene does not exist
prokka_out/CA110357:CDS	Ribosomal RNA small subunit methyltransferase A	NODE_6_length_75010_cov_33.629876:c73089-72295	OBHBHFCO_00800

DiscRep_SUB:FEATURE_LOCATION_CONFLICT::Coding region xref gene does not exist
prokka_out/CA110357:CDS	hypothetical protein	NODE_6_length_75010_cov_33.629876:73174-73710	OBHBHFCO_00801

DiscRep_SUB:FEATURE_LOCATION_CONFLICT::Coding region xref gene does not exist
prokka_out/CA110357:CDS	putative dual-specificity RNA methyltransferase RlmN	NODE_6_length_75010_cov_33.629876:73730-74800	OBHBHFCO_00802

DiscRep_SUB:FEATURE_LOCATION_CONFLICT::Coding region xref gene does not exist
prokka_out/CA110357:CDS	hypothetical protein	NODE_6_length_75010_cov_33.629876:74797-74901	OBHBHFCO_00803

DiscRep_SUB:FEATURE_LOCATION_CONFLICT::RNA feature xref gene does not exist
prokka_out/CA110357:tRNA	Leu	NODE_6_length_75010_cov_33.629876:c44131-44047	OBHBHFCO_00756

DiscRep_SUB:FEATURE_LOCATION_CONFLICT::RNA feature xref gene does not exist
prokka_out/CA110357:tRNA	Arg	NODE_6_length_75010_cov_33.629876:c44213-44137	OBHBHFCO_00757

DiscRep_SUB:FEATURE_LOCATION_CONFLICT::RNA feature xref gene does not exist
prokka_out/CA110357:tRNA	Arg	NODE_6_length_75010_cov_33.629876:c44304-44228	OBHBHFCO_00758

DiscRep_SUB:FEATURE_LOCATION_CONFLICT::RNA feature xref gene does not exist
prokka_out/CA110357:tRNA	His	NODE_6_length_75010_cov_33.629876:c44385-44309	OBHBHFCO_00759

DiscRep_SUB:FEATURE_LOCATION_CONFLICT::RNA feature xref gene does not exist
prokka_out/CA110357:tRNA	Pro	NODE_6_length_75010_cov_33.629876:c44487-44410	OBHBHFCO_00760

DiscRep_SUB:FEATURE_LOCATION_CONFLICT::Coding region xref gene does not exist
prokka_out/CA110357:CDS	Isochorismate synthase MenF	NODE_7_length_73514_cov_27.283824:139-1380	OBHBHFCO_00804

DiscRep_SUB:FEATURE_LOCATION_CONFLICT::Coding region xref gene does not exist
prokka_out/CA110357:CDS	Bifunctional protein TrpGD	NODE_7_length_73514_cov_27.283824:1382-2974	OBHBHFCO_00805

DiscRep_SUB:FEATURE_LOCATION_CONFLICT::Coding region xref gene does not exist
prokka_out/CA110357:CDS	Tryptophan biosynthesis protein TrpCF	NODE_7_length_73514_cov_27.283824:2961-3560	OBHBHFCO_00806

DiscRep_SUB:FEATURE_LOCATION_CONFLICT::Coding region xref gene does not exist
prokka_out/CA110357:CDS	Tryptophan synthase beta chain	NODE_7_length_73514_cov_27.283824:3557-4735	OBHBHFCO_00807

DiscRep_SUB:FEATURE_LOCATION_CONFLICT::Coding region xref gene does not exist
prokka_out/CA110357:CDS	Tryptophan synthase alpha chain	NODE_7_length_73514_cov_27.283824:4728-5477	OBHBHFCO_00808

DiscRep_SUB:FEATURE_LOCATION_CONFLICT::Coding region xref gene does not exist
prokka_out/CA110357:CDS	hypothetical protein	NODE_7_length_73514_cov_27.283824:5547-5969	OBHBHFCO_00809

DiscRep_SUB:FEATURE_LOCATION_CONFLICT::Coding region xref gene does not exist
prokka_out/CA110357:CDS	Flagellar motor switch protein FliN	NODE_7_length_73514_cov_27.283824:5969-6277	OBHBHFCO_00810

DiscRep_SUB:FEATURE_LOCATION_CONFLICT::Coding region xref gene does not exist
prokka_out/CA110357:CDS	hypothetical protein	NODE_7_length_73514_cov_27.283824:6277-7068	OBHBHFCO_00811

DiscRep_SUB:FEATURE_LOCATION_CONFLICT::Coding region xref gene does not exist
prokka_out/CA110357:CDS	Guanosine-5'-triphosphate,3'-diphosphate pyrophosphatase	NODE_7_length_73514_cov_27.283824:c8525-7065	OBHBHFCO_00812

DiscRep_SUB:FEATURE_LOCATION_CONFLICT::Coding region xref gene does not exist
prokka_out/CA110357:CDS	Ferredoxin	NODE_7_length_73514_cov_27.283824:c8770-8525	OBHBHFCO_00813

DiscRep_SUB:FEATURE_LOCATION_CONFLICT::Coding region xref gene does not exist
prokka_out/CA110357:CDS	Transcriptional regulatory protein CusR	NODE_7_length_73514_cov_27.283824:c9556-8885	OBHBHFCO_00814

DiscRep_SUB:FEATURE_LOCATION_CONFLICT::Coding region xref gene does not exist
prokka_out/CA110357:CDS	hypothetical protein	NODE_7_length_73514_cov_27.283824:c9952-9635	OBHBHFCO_00815

DiscRep_SUB:FEATURE_LOCATION_CONFLICT::Coding region xref gene does not exist
prokka_out/CA110357:CDS	Glycerol-3-phosphate acyltransferase	NODE_7_length_73514_cov_27.283824:c10548-9937	OBHBHFCO_00816

DiscRep_SUB:FEATURE_LOCATION_CONFLICT::Coding region xref gene does not exist
prokka_out/CA110357:CDS	Cytochrome c551 peroxidase	NODE_7_length_73514_cov_27.283824:10728-11753	OBHBHFCO_00817

DiscRep_SUB:FEATURE_LOCATION_CONFLICT::Coding region xref gene does not exist
prokka_out/CA110357:CDS	Phosphoglucosamine mutase	NODE_7_length_73514_cov_27.283824:11846-13186	OBHBHFCO_00818

DiscRep_SUB:FEATURE_LOCATION_CONFLICT::Coding region xref gene does not exist
prokka_out/CA110357:CDS	Lipoprotein signal peptidase	NODE_7_length_73514_cov_27.283824:13179-13649	OBHBHFCO_00819

DiscRep_SUB:FEATURE_LOCATION_CONFLICT::Coding region xref gene does not exist
prokka_out/CA110357:CDS	hypothetical protein	NODE_7_length_73514_cov_27.283824:13633-14085	OBHBHFCO_00820

DiscRep_SUB:FEATURE_LOCATION_CONFLICT::Coding region xref gene does not exist
prokka_out/CA110357:CDS	hypothetical protein	NODE_7_length_73514_cov_27.283824:c15429-14119	OBHBHFCO_00821

DiscRep_SUB:FEATURE_LOCATION_CONFLICT::Coding region xref gene does not exist
prokka_out/CA110357:CDS	hypothetical protein	NODE_7_length_73514_cov_27.283824:15554-15805	OBHBHFCO_00822

DiscRep_SUB:FEATURE_LOCATION_CONFLICT::Coding region xref gene does not exist
prokka_out/CA110357:CDS	Toluene efflux pump outer membrane protein TtgC	NODE_7_length_73514_cov_27.283824:c17312-15834	OBHBHFCO_00823

DiscRep_SUB:FEATURE_LOCATION_CONFLICT::Coding region xref gene does not exist
prokka_out/CA110357:CDS	Efflux pump membrane transporter BepE	NODE_7_length_73514_cov_27.283824:c20427-17305	OBHBHFCO_00824

DiscRep_SUB:FEATURE_LOCATION_CONFLICT::Coding region xref gene does not exist
prokka_out/CA110357:CDS	Multidrug resistance protein MdtE	NODE_7_length_73514_cov_27.283824:c21530-20427	OBHBHFCO_00825

DiscRep_SUB:FEATURE_LOCATION_CONFLICT::Coding region xref gene does not exist
prokka_out/CA110357:CDS	hypothetical protein	NODE_7_length_73514_cov_27.283824:c22273-21638	OBHBHFCO_00826

DiscRep_SUB:FEATURE_LOCATION_CONFLICT::Coding region xref gene does not exist
prokka_out/CA110357:CDS	hypothetical protein	NODE_7_length_73514_cov_27.283824:c23636-22260	OBHBHFCO_00827

DiscRep_SUB:FEATURE_LOCATION_CONFLICT::Coding region xref gene does not exist
prokka_out/CA110357:CDS	30S ribosomal protein S21	NODE_7_length_73514_cov_27.283824:23782-23994	OBHBHFCO_00828

DiscRep_SUB:FEATURE_LOCATION_CONFLICT::Coding region xref gene does not exist
prokka_out/CA110357:CDS	hypothetical protein	NODE_7_length_73514_cov_27.283824:24197-24802	OBHBHFCO_00829

DiscRep_SUB:FEATURE_LOCATION_CONFLICT::Coding region xref gene does not exist
prokka_out/CA110357:CDS	Putative acid--amine ligase YgiC	NODE_7_length_73514_cov_27.283824:24812-25981	OBHBHFCO_00830

DiscRep_SUB:FEATURE_LOCATION_CONFLICT::Coding region xref gene does not exist
prokka_out/CA110357:CDS	Hydroxypyruvate reductase	NODE_7_length_73514_cov_27.283824:25984-26919	OBHBHFCO_00831

DiscRep_SUB:FEATURE_LOCATION_CONFLICT::Coding region xref gene does not exist
prokka_out/CA110357:CDS	hypothetical protein	NODE_7_length_73514_cov_27.283824:26909-27400	OBHBHFCO_00832

DiscRep_SUB:FEATURE_LOCATION_CONFLICT::Coding region xref gene does not exist
prokka_out/CA110357:CDS	hypothetical protein	NODE_7_length_73514_cov_27.283824:27408-27893	OBHBHFCO_00833

DiscRep_SUB:FEATURE_LOCATION_CONFLICT::Coding region xref gene does not exist
prokka_out/CA110357:CDS	hypothetical protein	NODE_7_length_73514_cov_27.283824:27890-28711	OBHBHFCO_00834

DiscRep_SUB:FEATURE_LOCATION_CONFLICT::Coding region xref gene does not exist
prokka_out/CA110357:CDS	ATP-dependent zinc metalloprotease FtsH	NODE_7_length_73514_cov_27.283824:28713-30425	OBHBHFCO_00835

DiscRep_SUB:FEATURE_LOCATION_CONFLICT::Coding region xref gene does not exist
prokka_out/CA110357:CDS	Protein-methionine-sulfoxide reductase heme-binding subunit MsrQ	NODE_7_length_73514_cov_27.283824:c30970-30422	OBHBHFCO_00836

DiscRep_SUB:FEATURE_LOCATION_CONFLICT::Coding region xref gene does not exist
prokka_out/CA110357:CDS	Protein-methionine-sulfoxide reductase catalytic subunit MsrP	NODE_7_length_73514_cov_27.283824:c31863-30970	OBHBHFCO_00837

DiscRep_SUB:FEATURE_LOCATION_CONFLICT::Coding region xref gene does not exist
prokka_out/CA110357:CDS	hypothetical protein	NODE_7_length_73514_cov_27.283824:c32704-31925	OBHBHFCO_00838

DiscRep_SUB:FEATURE_LOCATION_CONFLICT::Coding region xref gene does not exist
prokka_out/CA110357:CDS	Orotidine 5'-phosphate decarboxylase	NODE_7_length_73514_cov_27.283824:c33540-32701	OBHBHFCO_00839

DiscRep_SUB:FEATURE_LOCATION_CONFLICT::Coding region xref gene does not exist
prokka_out/CA110357:CDS	Transcription antitermination protein NusB	NODE_7_length_73514_cov_27.283824:c33935-33537	OBHBHFCO_00840

DiscRep_SUB:FEATURE_LOCATION_CONFLICT::Coding region xref gene does not exist
prokka_out/CA110357:CDS	6,7-dimethyl-8-ribityllumazine synthase	NODE_7_length_73514_cov_27.283824:c34399-33935	OBHBHFCO_00841

DiscRep_SUB:FEATURE_LOCATION_CONFLICT::Coding region xref gene does not exist
prokka_out/CA110357:CDS	2-dehydro-3-deoxyphosphooctonate aldolase	NODE_7_length_73514_cov_27.283824:c35213-34401	OBHBHFCO_00842

DiscRep_SUB:FEATURE_LOCATION_CONFLICT::Coding region xref gene does not exist
prokka_out/CA110357:CDS	Pseudopaline exporter CntI	NODE_7_length_73514_cov_27.283824:c36142-35210	OBHBHFCO_00843

DiscRep_SUB:FEATURE_LOCATION_CONFLICT::Coding region xref gene does not exist
prokka_out/CA110357:CDS	GTPase Der	NODE_7_length_73514_cov_27.283824:36258-37640	OBHBHFCO_00844

DiscRep_SUB:FEATURE_LOCATION_CONFLICT::Coding region xref gene does not exist
prokka_out/CA110357:CDS	Shikimate kinase	NODE_7_length_73514_cov_27.283824:37627-38124	OBHBHFCO_00845

DiscRep_SUB:FEATURE_LOCATION_CONFLICT::Coding region xref gene does not exist
prokka_out/CA110357:CDS	Tryptophan--tRNA ligase	NODE_7_length_73514_cov_27.283824:38121-39080	OBHBHFCO_00846

DiscRep_SUB:FEATURE_LOCATION_CONFLICT::Coding region xref gene does not exist
prokka_out/CA110357:CDS	Serine--tRNA ligase	NODE_7_length_73514_cov_27.283824:39090-40325	OBHBHFCO_00847

DiscRep_SUB:FEATURE_LOCATION_CONFLICT::Coding region xref gene does not exist
prokka_out/CA110357:CDS	hypothetical protein	NODE_7_length_73514_cov_27.283824:40335-42797	OBHBHFCO_00848

DiscRep_SUB:FEATURE_LOCATION_CONFLICT::Coding region xref gene does not exist
prokka_out/CA110357:CDS	hypothetical protein	NODE_7_length_73514_cov_27.283824:c43451-42825	OBHBHFCO_00849

DiscRep_SUB:FEATURE_LOCATION_CONFLICT::Coding region xref gene does not exist
prokka_out/CA110357:CDS	Pyruvate kinase	NODE_7_length_73514_cov_27.283824:c44985-43543	OBHBHFCO_00850

DiscRep_SUB:FEATURE_LOCATION_CONFLICT::Coding region xref gene does not exist
prokka_out/CA110357:CDS	Malate:quinone oxidoreductase	NODE_7_length_73514_cov_27.283824:c46380-45034	OBHBHFCO_00851

DiscRep_SUB:FEATURE_LOCATION_CONFLICT::Coding region xref gene does not exist
prokka_out/CA110357:CDS	Type III pantothenate kinase	NODE_7_length_73514_cov_27.283824:c47136-46507	OBHBHFCO_00852

DiscRep_SUB:FEATURE_LOCATION_CONFLICT::Coding region xref gene does not exist
prokka_out/CA110357:CDS	hypothetical protein	NODE_7_length_73514_cov_27.283824:c47410-47123	OBHBHFCO_00853

DiscRep_SUB:FEATURE_LOCATION_CONFLICT::Coding region xref gene does not exist
prokka_out/CA110357:CDS	Plasminogen-binding protein PgbB	NODE_7_length_73514_cov_27.283824:c48405-47407	OBHBHFCO_00854

DiscRep_SUB:FEATURE_LOCATION_CONFLICT::Coding region xref gene does not exist
prokka_out/CA110357:CDS	hypothetical protein	NODE_7_length_73514_cov_27.283824:c48980-48402	OBHBHFCO_00855

DiscRep_SUB:FEATURE_LOCATION_CONFLICT::Coding region xref gene does not exist
prokka_out/CA110357:CDS	Glutamyl-tRNA(Gln) amidotransferase subunit C	NODE_7_length_73514_cov_27.283824:49112-49399	OBHBHFCO_00856

DiscRep_SUB:FEATURE_LOCATION_CONFLICT::Coding region xref gene does not exist
prokka_out/CA110357:CDS	hypothetical protein	NODE_7_length_73514_cov_27.283824:49480-50040	OBHBHFCO_00857

DiscRep_SUB:FEATURE_LOCATION_CONFLICT::Coding region xref gene does not exist
prokka_out/CA110357:CDS	Ferric uptake regulation protein	NODE_7_length_73514_cov_27.283824:50044-50514	OBHBHFCO_00858

DiscRep_SUB:FEATURE_LOCATION_CONFLICT::Coding region xref gene does not exist
prokka_out/CA110357:CDS	Lysine--tRNA ligase	NODE_7_length_73514_cov_27.283824:50514-52022	OBHBHFCO_00859

DiscRep_SUB:FEATURE_LOCATION_CONFLICT::Coding region xref gene does not exist
prokka_out/CA110357:CDS	Serine hydroxymethyltransferase	NODE_7_length_73514_cov_27.283824:52019-53263	OBHBHFCO_00860

DiscRep_SUB:FEATURE_LOCATION_CONFLICT::Coding region xref gene does not exist
prokka_out/CA110357:CDS	hypothetical protein	NODE_7_length_73514_cov_27.283824:53260-53805	OBHBHFCO_00861

DiscRep_SUB:FEATURE_LOCATION_CONFLICT::Coding region xref gene does not exist
prokka_out/CA110357:CDS	hypothetical protein	NODE_7_length_73514_cov_27.283824:53818-54645	OBHBHFCO_00862

DiscRep_SUB:FEATURE_LOCATION_CONFLICT::Coding region xref gene does not exist
prokka_out/CA110357:CDS	Shikimate dehydrogenase (NADP(+))	NODE_7_length_73514_cov_27.283824:54642-55433	OBHBHFCO_00863

DiscRep_SUB:FEATURE_LOCATION_CONFLICT::Coding region xref gene does not exist
prokka_out/CA110357:CDS	hypothetical protein	NODE_7_length_73514_cov_27.283824:c56411-55506	OBHBHFCO_00864

DiscRep_SUB:FEATURE_LOCATION_CONFLICT::Coding region xref gene does not exist
prokka_out/CA110357:CDS	Phosphatidylglycerol--prolipoprotein diacylglyceryl transferase	NODE_7_length_73514_cov_27.283824:56502-57317	OBHBHFCO_00865

DiscRep_SUB:FEATURE_LOCATION_CONFLICT::Coding region xref gene does not exist
prokka_out/CA110357:CDS	Fumarate reductase cytochrome b subunit	NODE_7_length_73514_cov_27.283824:57385-58170	OBHBHFCO_00866

DiscRep_SUB:FEATURE_LOCATION_CONFLICT::Coding region xref gene does not exist
prokka_out/CA110357:CDS	Fumarate reductase flavoprotein subunit	NODE_7_length_73514_cov_27.283824:58154-60145	OBHBHFCO_00867

DiscRep_SUB:FEATURE_LOCATION_CONFLICT::Coding region xref gene does not exist
prokka_out/CA110357:CDS	Fumarate reductase iron-sulfur subunit	NODE_7_length_73514_cov_27.283824:60138-60863	OBHBHFCO_00868

DiscRep_SUB:FEATURE_LOCATION_CONFLICT::Coding region xref gene does not exist
prokka_out/CA110357:CDS	GTPase Der	NODE_7_length_73514_cov_27.283824:60891-63077	OBHBHFCO_00869

DiscRep_SUB:FEATURE_LOCATION_CONFLICT::Coding region xref gene does not exist
prokka_out/CA110357:CDS	GTPase Der	NODE_7_length_73514_cov_27.283824:63067-64899	OBHBHFCO_00870

DiscRep_SUB:FEATURE_LOCATION_CONFLICT::Coding region xref gene does not exist
prokka_out/CA110357:CDS	Putative beta-lactamase HcpC	NODE_7_length_73514_cov_27.283824:64896-65600	OBHBHFCO_00871

DiscRep_SUB:FEATURE_LOCATION_CONFLICT::Coding region xref gene does not exist
prokka_out/CA110357:CDS	hypothetical protein	NODE_7_length_73514_cov_27.283824:c66299-65619	OBHBHFCO_00872

DiscRep_SUB:FEATURE_LOCATION_CONFLICT::Coding region xref gene does not exist
prokka_out/CA110357:CDS	hypothetical protein	NODE_7_length_73514_cov_27.283824:66409-66771	OBHBHFCO_00873

DiscRep_SUB:FEATURE_LOCATION_CONFLICT::Coding region xref gene does not exist
prokka_out/CA110357:CDS	Protein YceI	NODE_7_length_73514_cov_27.283824:66846-67418	OBHBHFCO_00874

DiscRep_SUB:FEATURE_LOCATION_CONFLICT::Coding region xref gene does not exist
prokka_out/CA110357:CDS	hypothetical protein	NODE_7_length_73514_cov_27.283824:c68379-67423	OBHBHFCO_00875

DiscRep_SUB:FEATURE_LOCATION_CONFLICT::Coding region xref gene does not exist
prokka_out/CA110357:CDS	hypothetical protein	NODE_7_length_73514_cov_27.283824:c68649-68440	OBHBHFCO_00876

DiscRep_SUB:FEATURE_LOCATION_CONFLICT::Coding region xref gene does not exist
prokka_out/CA110357:CDS	hypothetical protein	NODE_7_length_73514_cov_27.283824:68816-69238	OBHBHFCO_00877

DiscRep_SUB:FEATURE_LOCATION_CONFLICT::Coding region xref gene does not exist
prokka_out/CA110357:CDS	hypothetical protein	NODE_7_length_73514_cov_27.283824:69490-69843	OBHBHFCO_00878

DiscRep_SUB:FEATURE_LOCATION_CONFLICT::Coding region xref gene does not exist
prokka_out/CA110357:CDS	hypothetical protein	NODE_7_length_73514_cov_27.283824:69893-70099	OBHBHFCO_00879

DiscRep_SUB:FEATURE_LOCATION_CONFLICT::Coding region xref gene does not exist
prokka_out/CA110357:CDS	hypothetical protein	NODE_7_length_73514_cov_27.283824:70062-70361	OBHBHFCO_00880

DiscRep_SUB:FEATURE_LOCATION_CONFLICT::Coding region xref gene does not exist
prokka_out/CA110357:CDS	putative ABC transporter ATP-binding protein YbiT	NODE_7_length_73514_cov_27.283824:70439-72016	OBHBHFCO_00881

DiscRep_SUB:FEATURE_LOCATION_CONFLICT::Coding region xref gene does not exist
prokka_out/CA110357:CDS	hypothetical protein	NODE_7_length_73514_cov_27.283824:72009-72341	OBHBHFCO_00882

DiscRep_SUB:FEATURE_LOCATION_CONFLICT::Coding region xref gene does not exist
prokka_out/CA110357:CDS	hypothetical protein	NODE_7_length_73514_cov_27.283824:72392-72769	OBHBHFCO_00883

DiscRep_SUB:FEATURE_LOCATION_CONFLICT::Coding region xref gene does not exist
prokka_out/CA110357:CDS	hypothetical protein	NODE_7_length_73514_cov_27.283824:c73385-72801	OBHBHFCO_00884

DiscRep_SUB:FEATURE_LOCATION_CONFLICT::Coding region xref gene does not exist
prokka_out/CA110357:CDS	hypothetical protein	NODE_8_length_63333_cov_26.930244:6-611	OBHBHFCO_00885

DiscRep_SUB:FEATURE_LOCATION_CONFLICT::Coding region xref gene does not exist
prokka_out/CA110357:CDS	Putative polysaccharide biosynthesis protein with aminopeptidase-like domain protein	NODE_8_length_63333_cov_26.930244:c1910-594	OBHBHFCO_00886

DiscRep_SUB:FEATURE_LOCATION_CONFLICT::Coding region xref gene does not exist
prokka_out/CA110357:CDS	UDP-4-amino-4,6-dideoxy-N-acetyl-beta-L-altrosamine transaminase	NODE_8_length_63333_cov_26.930244:c3033-1903	OBHBHFCO_00887

DiscRep_SUB:FEATURE_LOCATION_CONFLICT::Coding region xref gene does not exist
prokka_out/CA110357:CDS	UDP-N-acetylglucosamine 4,6-dehydratase (inverting)	NODE_8_length_63333_cov_26.930244:c4039-3035	OBHBHFCO_00888

DiscRep_SUB:FEATURE_LOCATION_CONFLICT::Coding region xref gene does not exist
prokka_out/CA110357:CDS	dCTP deaminase	NODE_8_length_63333_cov_26.930244:c4649-4089	OBHBHFCO_00889

DiscRep_SUB:FEATURE_LOCATION_CONFLICT::Coding region xref gene does not exist
prokka_out/CA110357:CDS	Biotin carboxyl carrier protein of acetyl-CoA carboxylase	NODE_8_length_63333_cov_26.930244:4808-5263	OBHBHFCO_00890

DiscRep_SUB:FEATURE_LOCATION_CONFLICT::Coding region xref gene does not exist
prokka_out/CA110357:CDS	Biotin carboxylase	NODE_8_length_63333_cov_26.930244:5265-6596	OBHBHFCO_00891

DiscRep_SUB:FEATURE_LOCATION_CONFLICT::Coding region xref gene does not exist
prokka_out/CA110357:CDS	Chaperone SurA	NODE_8_length_63333_cov_26.930244:c7439-6624	OBHBHFCO_00892

DiscRep_SUB:FEATURE_LOCATION_CONFLICT::Coding region xref gene does not exist
prokka_out/CA110357:CDS	Glutamate--tRNA ligase 1	NODE_8_length_63333_cov_26.930244:7504-8895	OBHBHFCO_00893

DiscRep_SUB:FEATURE_LOCATION_CONFLICT::Coding region xref gene does not exist
prokka_out/CA110357:CDS	NADP-dependent malic enzyme	NODE_8_length_63333_cov_26.930244:8895-10130	OBHBHFCO_00894

DiscRep_SUB:FEATURE_LOCATION_CONFLICT::Coding region xref gene does not exist
prokka_out/CA110357:CDS	Uracil phosphoribosyltransferase	NODE_8_length_63333_cov_26.930244:10127-10753	OBHBHFCO_00895

DiscRep_SUB:FEATURE_LOCATION_CONFLICT::Coding region xref gene does not exist
prokka_out/CA110357:CDS	Chorismate dehydratase	NODE_8_length_63333_cov_26.930244:10759-11430	OBHBHFCO_00896

DiscRep_SUB:FEATURE_LOCATION_CONFLICT::Coding region xref gene does not exist
prokka_out/CA110357:CDS	Ktr system potassium uptake protein A	NODE_8_length_63333_cov_26.930244:c12081-11431	OBHBHFCO_00897

DiscRep_SUB:FEATURE_LOCATION_CONFLICT::Coding region xref gene does not exist
prokka_out/CA110357:CDS	Ktr system potassium uptake protein B	NODE_8_length_63333_cov_26.930244:c13437-12094	OBHBHFCO_00898

DiscRep_SUB:FEATURE_LOCATION_CONFLICT::Coding region xref gene does not exist
prokka_out/CA110357:CDS	Riboflavin biosynthesis protein RibBA	NODE_8_length_63333_cov_26.930244:14159-15178	OBHBHFCO_00902

DiscRep_SUB:FEATURE_LOCATION_CONFLICT::Coding region xref gene does not exist
prokka_out/CA110357:CDS	putative protein YqeY	NODE_8_length_63333_cov_26.930244:15195-15638	OBHBHFCO_00903

DiscRep_SUB:FEATURE_LOCATION_CONFLICT::Coding region xref gene does not exist
prokka_out/CA110357:CDS	Acetolactate synthase large subunit	NODE_8_length_63333_cov_26.930244:15716-17416	OBHBHFCO_00904

DiscRep_SUB:FEATURE_LOCATION_CONFLICT::Coding region xref gene does not exist
prokka_out/CA110357:CDS	Acetolactate synthase isozyme 3 small subunit	NODE_8_length_63333_cov_26.930244:17413-17877	OBHBHFCO_00905

DiscRep_SUB:FEATURE_LOCATION_CONFLICT::Coding region xref gene does not exist
prokka_out/CA110357:CDS	UDP-3-O-acylglucosamine N-acyltransferase	NODE_8_length_63333_cov_26.930244:17874-18827	OBHBHFCO_00906

DiscRep_SUB:FEATURE_LOCATION_CONFLICT::Coding region xref gene does not exist
prokka_out/CA110357:CDS	S-adenosylmethionine:tRNA ribosyltransferase-isomerase	NODE_8_length_63333_cov_26.930244:c19855-18830	OBHBHFCO_00907

DiscRep_SUB:FEATURE_LOCATION_CONFLICT::Coding region xref gene does not exist
prokka_out/CA110357:CDS	Sec-independent protein translocase protein TatC	NODE_8_length_63333_cov_26.930244:c20598-19852	OBHBHFCO_00908

DiscRep_SUB:FEATURE_LOCATION_CONFLICT::Coding region xref gene does not exist
prokka_out/CA110357:CDS	Sec-independent protein translocase protein TatB	NODE_8_length_63333_cov_26.930244:c21003-20599	OBHBHFCO_00909

DiscRep_SUB:FEATURE_LOCATION_CONFLICT::Coding region xref gene does not exist
prokka_out/CA110357:CDS	Heme chaperone HemW	NODE_8_length_63333_cov_26.930244:c22133-21066	OBHBHFCO_00910

DiscRep_SUB:FEATURE_LOCATION_CONFLICT::Coding region xref gene does not exist
prokka_out/CA110357:CDS	RNA pyrophosphohydrolase	NODE_8_length_63333_cov_26.930244:22228-22698	OBHBHFCO_00911

DiscRep_SUB:FEATURE_LOCATION_CONFLICT::Coding region xref gene does not exist
prokka_out/CA110357:CDS	Aspartate kinase	NODE_8_length_63333_cov_26.930244:22698-23900	OBHBHFCO_00912

DiscRep_SUB:FEATURE_LOCATION_CONFLICT::Coding region xref gene does not exist
prokka_out/CA110357:CDS	hypothetical protein	NODE_8_length_63333_cov_26.930244:23901-24434	OBHBHFCO_00913

DiscRep_SUB:FEATURE_LOCATION_CONFLICT::Coding region xref gene does not exist
prokka_out/CA110357:CDS	hypothetical protein	NODE_8_length_63333_cov_26.930244:24434-25045	OBHBHFCO_00914

DiscRep_SUB:FEATURE_LOCATION_CONFLICT::Coding region xref gene does not exist
prokka_out/CA110357:CDS	Bifunctional dihydropteroate synthase/dihydropteroate reductase	NODE_8_length_63333_cov_26.930244:25042-26184	OBHBHFCO_00915

DiscRep_SUB:FEATURE_LOCATION_CONFLICT::Coding region xref gene does not exist
prokka_out/CA110357:CDS	DNA ligase	NODE_8_length_63333_cov_26.930244:26185-28125	OBHBHFCO_00916

DiscRep_SUB:FEATURE_LOCATION_CONFLICT::Coding region xref gene does not exist
prokka_out/CA110357:CDS	hypothetical protein	NODE_8_length_63333_cov_26.930244:28106-29110	OBHBHFCO_00917

DiscRep_SUB:FEATURE_LOCATION_CONFLICT::Coding region xref gene does not exist
prokka_out/CA110357:CDS	16S/23S rRNA (cytidine-2'-O)-methyltransferase TlyA	NODE_8_length_63333_cov_26.930244:29107-29856	OBHBHFCO_00918

DiscRep_SUB:FEATURE_LOCATION_CONFLICT::Coding region xref gene does not exist
prokka_out/CA110357:CDS	Bifunctional riboflavin kinase/FMN adenylyltransferase	NODE_8_length_63333_cov_26.930244:29825-30661	OBHBHFCO_00919

DiscRep_SUB:FEATURE_LOCATION_CONFLICT::Coding region xref gene does not exist
prokka_out/CA110357:CDS	Carboxy-S-adenosyl-L-methionine synthase	NODE_8_length_63333_cov_26.930244:30665-31369	OBHBHFCO_00920

DiscRep_SUB:FEATURE_LOCATION_CONFLICT::Coding region xref gene does not exist
prokka_out/CA110357:CDS	hypothetical protein	NODE_8_length_63333_cov_26.930244:c31591-31373	OBHBHFCO_00921

DiscRep_SUB:FEATURE_LOCATION_CONFLICT::Coding region xref gene does not exist
prokka_out/CA110357:CDS	hypothetical protein	NODE_8_length_63333_cov_26.930244:c32302-31670	OBHBHFCO_00922

DiscRep_SUB:FEATURE_LOCATION_CONFLICT::Coding region xref gene does not exist
prokka_out/CA110357:CDS	hypothetical protein	NODE_8_length_63333_cov_26.930244:c32962-32312	OBHBHFCO_00923

DiscRep_SUB:FEATURE_LOCATION_CONFLICT::Coding region xref gene does not exist
prokka_out/CA110357:CDS	Endonuclease III	NODE_8_length_63333_cov_26.930244:c33585-32959	OBHBHFCO_00924

DiscRep_SUB:FEATURE_LOCATION_CONFLICT::Coding region xref gene does not exist
prokka_out/CA110357:CDS	Putative peptidyl-prolyl cis-trans isomerase Cbf2	NODE_8_length_63333_cov_26.930244:33668-34489	OBHBHFCO_00925

DiscRep_SUB:FEATURE_LOCATION_CONFLICT::Coding region xref gene does not exist
prokka_out/CA110357:CDS	Fructose-bisphosphate aldolase	NODE_8_length_63333_cov_26.930244:34489-35553	OBHBHFCO_00926

DiscRep_SUB:FEATURE_LOCATION_CONFLICT::Coding region xref gene does not exist
prokka_out/CA110357:CDS	hypothetical protein	NODE_8_length_63333_cov_26.930244:35652-37106	OBHBHFCO_00927

DiscRep_SUB:FEATURE_LOCATION_CONFLICT::Coding region xref gene does not exist
prokka_out/CA110357:CDS	Peptidoglycan-associated lipoprotein	NODE_8_length_63333_cov_26.930244:37103-38053	OBHBHFCO_00928

DiscRep_SUB:FEATURE_LOCATION_CONFLICT::Coding region xref gene does not exist
prokka_out/CA110357:CDS	hypothetical protein	NODE_8_length_63333_cov_26.930244:38063-38932	OBHBHFCO_00929

DiscRep_SUB:FEATURE_LOCATION_CONFLICT::Coding region xref gene does not exist
prokka_out/CA110357:CDS	Low molecular weight protein-tyrosine-phosphatase YfkJ	NODE_8_length_63333_cov_26.930244:c39389-38934	OBHBHFCO_00930

DiscRep_SUB:FEATURE_LOCATION_CONFLICT::Coding region xref gene does not exist
prokka_out/CA110357:CDS	Staphyloferrin B transporter	NODE_8_length_63333_cov_26.930244:39443-40627	OBHBHFCO_00931

DiscRep_SUB:FEATURE_LOCATION_CONFLICT::Coding region xref gene does not exist
prokka_out/CA110357:CDS	hypothetical protein	NODE_8_length_63333_cov_26.930244:40648-41304	OBHBHFCO_00932

DiscRep_SUB:FEATURE_LOCATION_CONFLICT::Coding region xref gene does not exist
prokka_out/CA110357:CDS	putative tautomerase	NODE_8_length_63333_cov_26.930244:c41510-41301	OBHBHFCO_00933

DiscRep_SUB:FEATURE_LOCATION_CONFLICT::Coding region xref gene does not exist
prokka_out/CA110357:CDS	hypothetical protein	NODE_8_length_63333_cov_26.930244:41757-42026	OBHBHFCO_00934

DiscRep_SUB:FEATURE_LOCATION_CONFLICT::Coding region xref gene does not exist
prokka_out/CA110357:CDS	hypothetical protein	NODE_8_length_63333_cov_26.930244:c42446-41964	OBHBHFCO_00935

DiscRep_SUB:FEATURE_LOCATION_CONFLICT::Coding region xref gene does not exist
prokka_out/CA110357:CDS	Polyribonucleotide nucleotidyltransferase	NODE_8_length_63333_cov_26.930244:c44659-42443	OBHBHFCO_00936

DiscRep_SUB:FEATURE_LOCATION_CONFLICT::Coding region xref gene does not exist
prokka_out/CA110357:CDS	LPS-assembly protein LptD	NODE_8_length_63333_cov_26.930244:c46724-44676	OBHBHFCO_00937

DiscRep_SUB:FEATURE_LOCATION_CONFLICT::Coding region xref gene does not exist
prokka_out/CA110357:CDS	hypothetical protein	NODE_8_length_63333_cov_26.930244:c47166-46714	OBHBHFCO_00938

DiscRep_SUB:FEATURE_LOCATION_CONFLICT::Coding region xref gene does not exist
prokka_out/CA110357:CDS	Phosphoribosylamine--glycine ligase	NODE_8_length_63333_cov_26.930244:c48413-47163	OBHBHFCO_00939

DiscRep_SUB:FEATURE_LOCATION_CONFLICT::Coding region xref gene does not exist
prokka_out/CA110357:CDS	hypothetical protein	NODE_8_length_63333_cov_26.930244:c50114-48654	OBHBHFCO_00940

DiscRep_SUB:FEATURE_LOCATION_CONFLICT::Coding region xref gene does not exist
prokka_out/CA110357:CDS	Ornithine lipid N-methyltransferase	NODE_8_length_63333_cov_26.930244:50250-50807	OBHBHFCO_00941

DiscRep_SUB:FEATURE_LOCATION_CONFLICT::Coding region xref gene does not exist
prokka_out/CA110357:CDS	Ubiquinone biosynthesis O-methyltransferase, mitochondrial	NODE_8_length_63333_cov_26.930244:c51538-50930	OBHBHFCO_00942

DiscRep_SUB:FEATURE_LOCATION_CONFLICT::Coding region xref gene does not exist
prokka_out/CA110357:CDS	GMP synthase [glutamine-hydrolyzing]	NODE_8_length_63333_cov_26.930244:c53247-51712	OBHBHFCO_00943

DiscRep_SUB:FEATURE_LOCATION_CONFLICT::Coding region xref gene does not exist
prokka_out/CA110357:CDS	hypothetical protein	NODE_8_length_63333_cov_26.930244:53384-53860	OBHBHFCO_00944

DiscRep_SUB:FEATURE_LOCATION_CONFLICT::Coding region xref gene does not exist
prokka_out/CA110357:CDS	UvrABC system protein C	NODE_8_length_63333_cov_26.930244:53853-55667	OBHBHFCO_00945

DiscRep_SUB:FEATURE_LOCATION_CONFLICT::Coding region xref gene does not exist
prokka_out/CA110357:CDS	hypothetical protein	NODE_8_length_63333_cov_26.930244:55669-56862	OBHBHFCO_00946

DiscRep_SUB:FEATURE_LOCATION_CONFLICT::Coding region xref gene does not exist
prokka_out/CA110357:CDS	GTP 3',8-cyclase	NODE_8_length_63333_cov_26.930244:c57761-56859	OBHBHFCO_00947

DiscRep_SUB:FEATURE_LOCATION_CONFLICT::Coding region xref gene does not exist
prokka_out/CA110357:CDS	Uroporphyrinogen decarboxylase	NODE_8_length_63333_cov_26.930244:c58780-57758	OBHBHFCO_00948

DiscRep_SUB:FEATURE_LOCATION_CONFLICT::Coding region xref gene does not exist
prokka_out/CA110357:CDS	hypothetical protein	NODE_8_length_63333_cov_26.930244:c59239-58928	OBHBHFCO_00949

DiscRep_SUB:FEATURE_LOCATION_CONFLICT::Coding region xref gene does not exist
prokka_out/CA110357:CDS	hypothetical protein	NODE_8_length_63333_cov_26.930244:59482-60087	OBHBHFCO_00950

DiscRep_SUB:FEATURE_LOCATION_CONFLICT::Coding region xref gene does not exist
prokka_out/CA110357:CDS	4-hydroxythreonine-4-phosphate dehydrogenase	NODE_8_length_63333_cov_26.930244:c61171-60071	OBHBHFCO_00951

DiscRep_SUB:FEATURE_LOCATION_CONFLICT::Coding region xref gene does not exist
prokka_out/CA110357:CDS	Pyridoxine 5'-phosphate synthase	NODE_8_length_63333_cov_26.930244:c61941-61174	OBHBHFCO_00952

DiscRep_SUB:FEATURE_LOCATION_CONFLICT::Coding region xref gene does not exist
prokka_out/CA110357:CDS	hypothetical protein	NODE_8_length_63333_cov_26.930244:61997-62974	OBHBHFCO_00953

DiscRep_SUB:FEATURE_LOCATION_CONFLICT::RNA feature xref gene does not exist
prokka_out/CA110357:tRNA	Phe	NODE_8_length_63333_cov_26.930244:13578-13653	OBHBHFCO_00899

DiscRep_SUB:FEATURE_LOCATION_CONFLICT::RNA feature xref gene does not exist
prokka_out/CA110357:tRNA	Met	NODE_8_length_63333_cov_26.930244:c13946-13871	OBHBHFCO_00900

DiscRep_SUB:FEATURE_LOCATION_CONFLICT::RNA feature xref gene does not exist
prokka_out/CA110357:tRNA	Gln	NODE_8_length_63333_cov_26.930244:c14052-13978	OBHBHFCO_00901

DiscRep_SUB:FEATURE_LOCATION_CONFLICT::Coding region xref gene does not exist
prokka_out/CA110357:CDS	hypothetical protein	NODE_9_length_61305_cov_33.338292:168-470	OBHBHFCO_00954

DiscRep_SUB:FEATURE_LOCATION_CONFLICT::Coding region xref gene does not exist
prokka_out/CA110357:CDS	hypothetical protein	NODE_9_length_61305_cov_33.338292:638-964	OBHBHFCO_00955

DiscRep_SUB:FEATURE_LOCATION_CONFLICT::Coding region xref gene does not exist
prokka_out/CA110357:CDS	hypothetical protein	NODE_9_length_61305_cov_33.338292:1024-1380	OBHBHFCO_00956

DiscRep_SUB:FEATURE_LOCATION_CONFLICT::Coding region xref gene does not exist
prokka_out/CA110357:CDS	Molybdopterin molybdenumtransferase	NODE_9_length_61305_cov_33.338292:c2637-1447	OBHBHFCO_00957

DiscRep_SUB:FEATURE_LOCATION_CONFLICT::Coding region xref gene does not exist
prokka_out/CA110357:CDS	Molybdopterin synthase catalytic subunit	NODE_9_length_61305_cov_33.338292:c3128-2682	OBHBHFCO_00958

DiscRep_SUB:FEATURE_LOCATION_CONFLICT::Coding region xref gene does not exist
prokka_out/CA110357:CDS	hypothetical protein	NODE_9_length_61305_cov_33.338292:c3350-3129	OBHBHFCO_00959

DiscRep_SUB:FEATURE_LOCATION_CONFLICT::Coding region xref gene does not exist
prokka_out/CA110357:CDS	Multicopper oxidase mco	NODE_9_length_61305_cov_33.338292:c4893-3352	OBHBHFCO_00960

DiscRep_SUB:FEATURE_LOCATION_CONFLICT::Coding region xref gene does not exist
prokka_out/CA110357:CDS	Carboxynorspermidine/carboxyspermidine decarboxylase	NODE_9_length_61305_cov_33.338292:5016-6164	OBHBHFCO_00961

DiscRep_SUB:FEATURE_LOCATION_CONFLICT::Coding region xref gene does not exist
prokka_out/CA110357:CDS	hypothetical protein	NODE_9_length_61305_cov_33.338292:6496-7197	OBHBHFCO_00962

DiscRep_SUB:FEATURE_LOCATION_CONFLICT::Coding region xref gene does not exist
prokka_out/CA110357:CDS	hypothetical protein	NODE_9_length_61305_cov_33.338292:7172-7363	OBHBHFCO_00963

DiscRep_SUB:FEATURE_LOCATION_CONFLICT::Coding region xref gene does not exist
prokka_out/CA110357:CDS	Formate dehydrogenase 2 subunit alpha (cytochrome c-553)	NODE_9_length_61305_cov_33.338292:7363-7905	OBHBHFCO_00964

DiscRep_SUB:FEATURE_LOCATION_CONFLICT::Coding region xref gene does not exist
prokka_out/CA110357:CDS	Periplasmic nitrate reductase	NODE_9_length_61305_cov_33.338292:7927-10167	OBHBHFCO_00965

DiscRep_SUB:FEATURE_LOCATION_CONFLICT::Coding region xref gene does not exist
prokka_out/CA110357:CDS	Formate dehydrogenase iron-sulfur subunit	NODE_9_length_61305_cov_33.338292:10171-10812	OBHBHFCO_00966

DiscRep_SUB:FEATURE_LOCATION_CONFLICT::Coding region xref gene does not exist
prokka_out/CA110357:CDS	hypothetical protein	NODE_9_length_61305_cov_33.338292:10809-11741	OBHBHFCO_00967

DiscRep_SUB:FEATURE_LOCATION_CONFLICT::Coding region xref gene does not exist
prokka_out/CA110357:CDS	hypothetical protein	NODE_9_length_61305_cov_33.338292:c15326-13086	OBHBHFCO_00968

DiscRep_SUB:FEATURE_LOCATION_CONFLICT::Coding region xref gene does not exist
prokka_out/CA110357:CDS	Sulfur carrier protein FdhD	NODE_9_length_61305_cov_33.338292:15479-16261	OBHBHFCO_00969

DiscRep_SUB:FEATURE_LOCATION_CONFLICT::Coding region xref gene does not exist
prokka_out/CA110357:CDS	hypothetical protein	NODE_9_length_61305_cov_33.338292:16254-16985	OBHBHFCO_00970

DiscRep_SUB:FEATURE_LOCATION_CONFLICT::Coding region xref gene does not exist
prokka_out/CA110357:CDS	hypothetical protein	NODE_9_length_61305_cov_33.338292:17110-17682	OBHBHFCO_00971

DiscRep_SUB:FEATURE_LOCATION_CONFLICT::Coding region xref gene does not exist
prokka_out/CA110357:CDS	Selenide, water dikinase	NODE_9_length_61305_cov_33.338292:17786-18712	OBHBHFCO_00972

DiscRep_SUB:FEATURE_LOCATION_CONFLICT::Coding region xref gene does not exist
prokka_out/CA110357:CDS	1-pyrroline-5-carboxylate dehydrogenase	NODE_9_length_61305_cov_33.338292:18850-22353	OBHBHFCO_00973

DiscRep_SUB:FEATURE_LOCATION_CONFLICT::Coding region xref gene does not exist
prokka_out/CA110357:CDS	High-affinity proline transporter PutP	NODE_9_length_61305_cov_33.338292:22368-23849	OBHBHFCO_00974

DiscRep_SUB:FEATURE_LOCATION_CONFLICT::Coding region xref gene does not exist
prokka_out/CA110357:CDS	Putative sulfur carrier protein YedF	NODE_9_length_61305_cov_33.338292:c24218-23991	OBHBHFCO_00975

DiscRep_SUB:FEATURE_LOCATION_CONFLICT::Coding region xref gene does not exist
prokka_out/CA110357:CDS	hypothetical protein	NODE_9_length_61305_cov_33.338292:c25433-24222	OBHBHFCO_00976

DiscRep_SUB:FEATURE_LOCATION_CONFLICT::Coding region xref gene does not exist
prokka_out/CA110357:CDS	Adenylosuccinate synthetase	NODE_9_length_61305_cov_33.338292:25706-26956	OBHBHFCO_00978

DiscRep_SUB:FEATURE_LOCATION_CONFLICT::Coding region xref gene does not exist
prokka_out/CA110357:CDS	hypothetical protein	NODE_9_length_61305_cov_33.338292:26953-27381	OBHBHFCO_00979

DiscRep_SUB:FEATURE_LOCATION_CONFLICT::Coding region xref gene does not exist
prokka_out/CA110357:CDS	hypothetical protein	NODE_9_length_61305_cov_33.338292:27374-27892	OBHBHFCO_00980

DiscRep_SUB:FEATURE_LOCATION_CONFLICT::Coding region xref gene does not exist
prokka_out/CA110357:CDS	hypothetical protein	NODE_9_length_61305_cov_33.338292:27966-28517	OBHBHFCO_00981

DiscRep_SUB:FEATURE_LOCATION_CONFLICT::Coding region xref gene does not exist
prokka_out/CA110357:CDS	Carbamoyl-phosphate synthase small chain	NODE_9_length_61305_cov_33.338292:28521-29639	OBHBHFCO_00982

DiscRep_SUB:FEATURE_LOCATION_CONFLICT::Coding region xref gene does not exist
prokka_out/CA110357:CDS	hypothetical protein	NODE_9_length_61305_cov_33.338292:29636-30307	OBHBHFCO_00983

DiscRep_SUB:FEATURE_LOCATION_CONFLICT::Coding region xref gene does not exist
prokka_out/CA110357:CDS	Adaptive-response sensory-kinase SasA	NODE_9_length_61305_cov_33.338292:30308-31522	OBHBHFCO_00984

DiscRep_SUB:FEATURE_LOCATION_CONFLICT::Coding region xref gene does not exist
prokka_out/CA110357:CDS	Response regulator MprA	NODE_9_length_61305_cov_33.338292:31526-32194	OBHBHFCO_00985

DiscRep_SUB:FEATURE_LOCATION_CONFLICT::Coding region xref gene does not exist
prokka_out/CA110357:CDS	Cbb3-type cytochrome c oxidase subunit CcoN1	NODE_9_length_61305_cov_33.338292:32323-33789	OBHBHFCO_00986

DiscRep_SUB:FEATURE_LOCATION_CONFLICT::Coding region xref gene does not exist
prokka_out/CA110357:CDS	hypothetical protein	NODE_9_length_61305_cov_33.338292:33802-34467	OBHBHFCO_00987

DiscRep_SUB:FEATURE_LOCATION_CONFLICT::Coding region xref gene does not exist
prokka_out/CA110357:CDS	hypothetical protein	NODE_9_length_61305_cov_33.338292:34484-34735	OBHBHFCO_00988

DiscRep_SUB:FEATURE_LOCATION_CONFLICT::Coding region xref gene does not exist
prokka_out/CA110357:CDS	Cbb3-type cytochrome c oxidase subunit CcoP	NODE_9_length_61305_cov_33.338292:34735-35598	OBHBHFCO_00989

DiscRep_SUB:FEATURE_LOCATION_CONFLICT::Coding region xref gene does not exist
prokka_out/CA110357:CDS	hypothetical protein	NODE_9_length_61305_cov_33.338292:35598-35819	OBHBHFCO_00990

DiscRep_SUB:FEATURE_LOCATION_CONFLICT::Coding region xref gene does not exist
prokka_out/CA110357:CDS	hypothetical protein	NODE_9_length_61305_cov_33.338292:35816-35917	OBHBHFCO_00991

DiscRep_SUB:FEATURE_LOCATION_CONFLICT::Coding region xref gene does not exist
prokka_out/CA110357:CDS	hypothetical protein	NODE_9_length_61305_cov_33.338292:35914-36504	OBHBHFCO_00992

DiscRep_SUB:FEATURE_LOCATION_CONFLICT::Coding region xref gene does not exist
prokka_out/CA110357:CDS	hypothetical protein	NODE_9_length_61305_cov_33.338292:36497-37021	OBHBHFCO_00993

DiscRep_SUB:FEATURE_LOCATION_CONFLICT::Coding region xref gene does not exist
prokka_out/CA110357:CDS	hypothetical protein	NODE_9_length_61305_cov_33.338292:37018-39384	OBHBHFCO_00994

DiscRep_SUB:FEATURE_LOCATION_CONFLICT::Coding region xref gene does not exist
prokka_out/CA110357:CDS	ATP-dependent helicase/nuclease subunit A	NODE_9_length_61305_cov_33.338292:39381-42143	OBHBHFCO_00995

DiscRep_SUB:FEATURE_LOCATION_CONFLICT::Coding region xref gene does not exist
prokka_out/CA110357:CDS	hypothetical protein	NODE_9_length_61305_cov_33.338292:c42784-42140	OBHBHFCO_00996

DiscRep_SUB:FEATURE_LOCATION_CONFLICT::Coding region xref gene does not exist
prokka_out/CA110357:CDS	Co-chaperone protein DjlA	NODE_9_length_61305_cov_33.338292:c43409-42849	OBHBHFCO_00997

DiscRep_SUB:FEATURE_LOCATION_CONFLICT::Coding region xref gene does not exist
prokka_out/CA110357:CDS	50S ribosomal protein L13	NODE_9_length_61305_cov_33.338292:43775-44200	OBHBHFCO_00998

DiscRep_SUB:FEATURE_LOCATION_CONFLICT::Coding region xref gene does not exist
prokka_out/CA110357:CDS	30S ribosomal protein S9	NODE_9_length_61305_cov_33.338292:44203-44592	OBHBHFCO_00999

DiscRep_SUB:FEATURE_LOCATION_CONFLICT::Coding region xref gene does not exist
prokka_out/CA110357:CDS	Outer membrane porin F	NODE_9_length_61305_cov_33.338292:44715-45713	OBHBHFCO_01000

DiscRep_SUB:FEATURE_LOCATION_CONFLICT::Coding region xref gene does not exist
prokka_out/CA110357:CDS	Phosphoglycolate phosphatase	NODE_9_length_61305_cov_33.338292:45713-46351	OBHBHFCO_01001

DiscRep_SUB:FEATURE_LOCATION_CONFLICT::Coding region xref gene does not exist
prokka_out/CA110357:CDS	Pyruvate:ferredoxin oxidoreductase	NODE_9_length_61305_cov_33.338292:46455-50015	OBHBHFCO_01002

DiscRep_SUB:FEATURE_LOCATION_CONFLICT::Coding region xref gene does not exist
prokka_out/CA110357:CDS	hypothetical protein	NODE_9_length_61305_cov_33.338292:50054-50350	OBHBHFCO_01003

DiscRep_SUB:FEATURE_LOCATION_CONFLICT::Coding region xref gene does not exist
prokka_out/CA110357:CDS	Type 3 secretion system secretin	NODE_9_length_61305_cov_33.338292:50328-51746	OBHBHFCO_01004

DiscRep_SUB:FEATURE_LOCATION_CONFLICT::Coding region xref gene does not exist
prokka_out/CA110357:CDS	hypothetical protein	NODE_9_length_61305_cov_33.338292:51739-52335	OBHBHFCO_01005

DiscRep_SUB:FEATURE_LOCATION_CONFLICT::Coding region xref gene does not exist
prokka_out/CA110357:CDS	hypothetical protein	NODE_9_length_61305_cov_33.338292:52332-52928	OBHBHFCO_01006

DiscRep_SUB:FEATURE_LOCATION_CONFLICT::Coding region xref gene does not exist
prokka_out/CA110357:CDS	hypothetical protein	NODE_9_length_61305_cov_33.338292:52921-54483	OBHBHFCO_01007

DiscRep_SUB:FEATURE_LOCATION_CONFLICT::Coding region xref gene does not exist
prokka_out/CA110357:CDS	Putative type II secretion system protein F	NODE_9_length_61305_cov_33.338292:54470-55645	OBHBHFCO_01008

DiscRep_SUB:FEATURE_LOCATION_CONFLICT::Coding region xref gene does not exist
prokka_out/CA110357:CDS	putative membrane transporter protein YfcA	NODE_9_length_61305_cov_33.338292:c56406-55642	OBHBHFCO_01009

DiscRep_SUB:FEATURE_LOCATION_CONFLICT::Coding region xref gene does not exist
prokka_out/CA110357:CDS	hypothetical protein	NODE_9_length_61305_cov_33.338292:c57173-56409	OBHBHFCO_01010

DiscRep_SUB:FEATURE_LOCATION_CONFLICT::Coding region xref gene does not exist
prokka_out/CA110357:CDS	hypothetical protein	NODE_9_length_61305_cov_33.338292:c59016-57190	OBHBHFCO_01011

DiscRep_SUB:FEATURE_LOCATION_CONFLICT::Coding region xref gene does not exist
prokka_out/CA110357:CDS	hypothetical protein	NODE_9_length_61305_cov_33.338292:c59460-59026	OBHBHFCO_01012

DiscRep_SUB:FEATURE_LOCATION_CONFLICT::Coding region xref gene does not exist
prokka_out/CA110357:CDS	hypothetical protein	NODE_9_length_61305_cov_33.338292:c59700-59503	OBHBHFCO_01013

DiscRep_SUB:FEATURE_LOCATION_CONFLICT::Coding region xref gene does not exist
prokka_out/CA110357:CDS	hypothetical protein	NODE_9_length_61305_cov_33.338292:c60104-59763	OBHBHFCO_01014

DiscRep_SUB:FEATURE_LOCATION_CONFLICT::Coding region xref gene does not exist
prokka_out/CA110357:CDS	Flagellar P-ring protein	NODE_9_length_61305_cov_33.338292:c61150-60104	OBHBHFCO_01015

DiscRep_SUB:FEATURE_LOCATION_CONFLICT::RNA feature xref gene does not exist
prokka_out/CA110357:tRNA	Sec	NODE_9_length_61305_cov_33.338292:25590-25683	OBHBHFCO_00977

DiscRep_SUB:FEATURE_LOCATION_CONFLICT::Coding region xref gene does not exist
prokka_out/CA110357:CDS	Lipopolysaccharide assembly protein B	NODE_10_length_57455_cov_29.148200:1827-2810	OBHBHFCO_01016

DiscRep_SUB:FEATURE_LOCATION_CONFLICT::Coding region xref gene does not exist
prokka_out/CA110357:CDS	Ribonuclease H	NODE_10_length_57455_cov_29.148200:2797-3237	OBHBHFCO_01017

DiscRep_SUB:FEATURE_LOCATION_CONFLICT::Coding region xref gene does not exist
prokka_out/CA110357:CDS	Ribonuclease 3	NODE_10_length_57455_cov_29.148200:3224-3898	OBHBHFCO_01018

DiscRep_SUB:FEATURE_LOCATION_CONFLICT::Coding region xref gene does not exist
prokka_out/CA110357:CDS	Chorismate synthase	NODE_10_length_57455_cov_29.148200:3898-4989	OBHBHFCO_01019

DiscRep_SUB:FEATURE_LOCATION_CONFLICT::Coding region xref gene does not exist
prokka_out/CA110357:CDS	hypothetical protein	NODE_10_length_57455_cov_29.148200:5245-5793	OBHBHFCO_01020

DiscRep_SUB:FEATURE_LOCATION_CONFLICT::Coding region xref gene does not exist
prokka_out/CA110357:CDS	hypothetical protein	NODE_10_length_57455_cov_29.148200:5793-6932	OBHBHFCO_01021

DiscRep_SUB:FEATURE_LOCATION_CONFLICT::Coding region xref gene does not exist
prokka_out/CA110357:CDS	hypothetical protein	NODE_10_length_57455_cov_29.148200:6956-7948	OBHBHFCO_01022

DiscRep_SUB:FEATURE_LOCATION_CONFLICT::Coding region xref gene does not exist
prokka_out/CA110357:CDS	hypothetical protein	NODE_10_length_57455_cov_29.148200:7912-8763	OBHBHFCO_01023

DiscRep_SUB:FEATURE_LOCATION_CONFLICT::Coding region xref gene does not exist
prokka_out/CA110357:CDS	Filamentous hemagglutinin	NODE_10_length_57455_cov_29.148200:9222-10862	OBHBHFCO_01024

DiscRep_SUB:FEATURE_LOCATION_CONFLICT::Coding region xref gene does not exist
prokka_out/CA110357:CDS	Filamentous hemagglutinin transporter protein FhaC	NODE_10_length_57455_cov_29.148200:11169-12512	OBHBHFCO_01025

DiscRep_SUB:FEATURE_LOCATION_CONFLICT::Coding region xref gene does not exist
prokka_out/CA110357:CDS	tRNA-specific 2-thiouridylase MnmA	NODE_10_length_57455_cov_29.148200:c13498-12515	OBHBHFCO_01026

DiscRep_SUB:FEATURE_LOCATION_CONFLICT::Coding region xref gene does not exist
prokka_out/CA110357:CDS	hypothetical protein	NODE_10_length_57455_cov_29.148200:13593-13754	OBHBHFCO_01027

DiscRep_SUB:FEATURE_LOCATION_CONFLICT::Coding region xref gene does not exist
prokka_out/CA110357:CDS	hypothetical protein	NODE_10_length_57455_cov_29.148200:13758-14627	OBHBHFCO_01028

DiscRep_SUB:FEATURE_LOCATION_CONFLICT::Coding region xref gene does not exist
prokka_out/CA110357:CDS	Tol-Pal system protein TolR	NODE_10_length_57455_cov_29.148200:c15251-14862	OBHBHFCO_01029

DiscRep_SUB:FEATURE_LOCATION_CONFLICT::Coding region xref gene does not exist
prokka_out/CA110357:CDS	Tol-Pal system protein TolQ	NODE_10_length_57455_cov_29.148200:c15669-15244	OBHBHFCO_01030

DiscRep_SUB:FEATURE_LOCATION_CONFLICT::Coding region xref gene does not exist
prokka_out/CA110357:CDS	hypothetical protein	NODE_10_length_57455_cov_29.148200:15822-16559	OBHBHFCO_01031

DiscRep_SUB:FEATURE_LOCATION_CONFLICT::Coding region xref gene does not exist
prokka_out/CA110357:CDS	hypothetical protein	NODE_10_length_57455_cov_29.148200:16628-17044	OBHBHFCO_01032

DiscRep_SUB:FEATURE_LOCATION_CONFLICT::Coding region xref gene does not exist
prokka_out/CA110357:CDS	Serine transporter	NODE_10_length_57455_cov_29.148200:17314-18636	OBHBHFCO_01033

DiscRep_SUB:FEATURE_LOCATION_CONFLICT::Coding region xref gene does not exist
prokka_out/CA110357:CDS	L-serine dehydratase TdcG	NODE_10_length_57455_cov_29.148200:18647-20011	OBHBHFCO_01034

DiscRep_SUB:FEATURE_LOCATION_CONFLICT::Coding region xref gene does not exist
prokka_out/CA110357:CDS	hypothetical protein	NODE_10_length_57455_cov_29.148200:c20592-20071	OBHBHFCO_01035

DiscRep_SUB:FEATURE_LOCATION_CONFLICT::Coding region xref gene does not exist
prokka_out/CA110357:CDS	Riboflavin biosynthesis protein RibD	NODE_10_length_57455_cov_29.148200:c21553-20573	OBHBHFCO_01036

DiscRep_SUB:FEATURE_LOCATION_CONFLICT::Coding region xref gene does not exist
prokka_out/CA110357:CDS	hypothetical protein	NODE_10_length_57455_cov_29.148200:c23296-21563	OBHBHFCO_01037

DiscRep_SUB:FEATURE_LOCATION_CONFLICT::Coding region xref gene does not exist
prokka_out/CA110357:CDS	hypothetical protein	NODE_10_length_57455_cov_29.148200:c23720-23391	OBHBHFCO_01038

DiscRep_SUB:FEATURE_LOCATION_CONFLICT::Coding region xref gene does not exist
prokka_out/CA110357:CDS	hypothetical protein	NODE_10_length_57455_cov_29.148200:c24999-24241	OBHBHFCO_01043

DiscRep_SUB:FEATURE_LOCATION_CONFLICT::Coding region xref gene does not exist
prokka_out/CA110357:CDS	hypothetical protein	NODE_10_length_57455_cov_29.148200:c25288-25052	OBHBHFCO_01044

DiscRep_SUB:FEATURE_LOCATION_CONFLICT::Coding region xref gene does not exist
prokka_out/CA110357:CDS	Bacteriohemerythrin	NODE_10_length_57455_cov_29.148200:c25647-25309	OBHBHFCO_01045

DiscRep_SUB:FEATURE_LOCATION_CONFLICT::Coding region xref gene does not exist
prokka_out/CA110357:CDS	Bacteriohemerythrin	NODE_10_length_57455_cov_29.148200:c26285-25599	OBHBHFCO_01046

DiscRep_SUB:FEATURE_LOCATION_CONFLICT::Coding region xref gene does not exist
prokka_out/CA110357:CDS	Adenine DNA glycosylase	NODE_10_length_57455_cov_29.148200:26609-27628	OBHBHFCO_01047

DiscRep_SUB:FEATURE_LOCATION_CONFLICT::Coding region xref gene does not exist
prokka_out/CA110357:CDS	Alpha-ketoglutarate permease	NODE_10_length_57455_cov_29.148200:c28876-27614	OBHBHFCO_01048

DiscRep_SUB:FEATURE_LOCATION_CONFLICT::Coding region xref gene does not exist
prokka_out/CA110357:CDS	GTP 3',8-cyclase	NODE_10_length_57455_cov_29.148200:29046-29903	OBHBHFCO_01049

DiscRep_SUB:FEATURE_LOCATION_CONFLICT::Coding region xref gene does not exist
prokka_out/CA110357:CDS	Vitamin B12-binding protein	NODE_10_length_57455_cov_29.148200:c30706-29900	OBHBHFCO_01050

DiscRep_SUB:FEATURE_LOCATION_CONFLICT::Coding region xref gene does not exist
prokka_out/CA110357:CDS	Ferric enterobactin transport ATP-binding protein FepC	NODE_10_length_57455_cov_29.148200:c31482-30703	OBHBHFCO_01051

DiscRep_SUB:FEATURE_LOCATION_CONFLICT::Coding region xref gene does not exist
prokka_out/CA110357:CDS	Hemin transport system permease protein HmuU	NODE_10_length_57455_cov_29.148200:c32480-31479	OBHBHFCO_01052

DiscRep_SUB:FEATURE_LOCATION_CONFLICT::Coding region xref gene does not exist
prokka_out/CA110357:CDS	Vitamin B12 transporter BtuB	NODE_10_length_57455_cov_29.148200:c34548-32440	OBHBHFCO_01053

DiscRep_SUB:FEATURE_LOCATION_CONFLICT::Coding region xref gene does not exist
prokka_out/CA110357:CDS	Heme oxygenase HugZ	NODE_10_length_57455_cov_29.148200:34752-35507	OBHBHFCO_01054

DiscRep_SUB:FEATURE_LOCATION_CONFLICT::Coding region xref gene does not exist
prokka_out/CA110357:CDS	Peptide chain release factor RF1	NODE_10_length_57455_cov_29.148200:c36605-35538	OBHBHFCO_01055

DiscRep_SUB:FEATURE_LOCATION_CONFLICT::Coding region xref gene does not exist
prokka_out/CA110357:CDS	hypothetical protein	NODE_10_length_57455_cov_29.148200:c36885-36622	OBHBHFCO_01056

DiscRep_SUB:FEATURE_LOCATION_CONFLICT::Coding region xref gene does not exist
prokka_out/CA110357:CDS	Phosphatidylglycerophosphatase A	NODE_10_length_57455_cov_29.148200:c37462-36962	OBHBHFCO_01057

DiscRep_SUB:FEATURE_LOCATION_CONFLICT::Coding region xref gene does not exist
prokka_out/CA110357:CDS	Sulfate adenylyltransferase	NODE_10_length_57455_cov_29.148200:c38632-37472	OBHBHFCO_01058

DiscRep_SUB:FEATURE_LOCATION_CONFLICT::Coding region xref gene does not exist
prokka_out/CA110357:CDS	hypothetical protein	NODE_10_length_57455_cov_29.148200:c39497-38610	OBHBHFCO_01059

DiscRep_SUB:FEATURE_LOCATION_CONFLICT::Coding region xref gene does not exist
prokka_out/CA110357:CDS	Bifunctional enzyme IspD/IspF	NODE_10_length_57455_cov_29.148200:c40609-39494	OBHBHFCO_01060

DiscRep_SUB:FEATURE_LOCATION_CONFLICT::Coding region xref gene does not exist
prokka_out/CA110357:CDS	Iron-sulfur cluster carrier protein	NODE_10_length_57455_cov_29.148200:40729-41835	OBHBHFCO_01061

DiscRep_SUB:FEATURE_LOCATION_CONFLICT::Coding region xref gene does not exist
prokka_out/CA110357:CDS	2,3,4,5-tetrahydropyridine-2,6-dicarboxylate N-succinyltransferase	NODE_10_length_57455_cov_29.148200:41854-43017	OBHBHFCO_01062

DiscRep_SUB:FEATURE_LOCATION_CONFLICT::Coding region xref gene does not exist
prokka_out/CA110357:CDS	hypothetical protein	NODE_10_length_57455_cov_29.148200:c43590-43075	OBHBHFCO_01063

DiscRep_SUB:FEATURE_LOCATION_CONFLICT::Coding region xref gene does not exist
prokka_out/CA110357:CDS	Histidine biosynthesis bifunctional protein HisIE	NODE_10_length_57455_cov_29.148200:c44266-43643	OBHBHFCO_01064

DiscRep_SUB:FEATURE_LOCATION_CONFLICT::Coding region xref gene does not exist
prokka_out/CA110357:CDS	Imidazole glycerol phosphate synthase subunit HisF	NODE_10_length_57455_cov_29.148200:c45036-44269	OBHBHFCO_01065

DiscRep_SUB:FEATURE_LOCATION_CONFLICT::Coding region xref gene does not exist
prokka_out/CA110357:CDS	1-(5-phosphoribosyl)-5-[(5-phosphoribosylamino)methylideneamino] imidazole-4-carboxamide isomerase	NODE_10_length_57455_cov_29.148200:c45746-45018	OBHBHFCO_01066

DiscRep_SUB:FEATURE_LOCATION_CONFLICT::Coding region xref gene does not exist
prokka_out/CA110357:CDS	Imidazole glycerol phosphate synthase subunit HisH	NODE_10_length_57455_cov_29.148200:c46330-45743	OBHBHFCO_01067

DiscRep_SUB:FEATURE_LOCATION_CONFLICT::Coding region xref gene does not exist
prokka_out/CA110357:CDS	Histidine biosynthesis bifunctional protein HisB	NODE_10_length_57455_cov_29.148200:c47388-46327	OBHBHFCO_01068

DiscRep_SUB:FEATURE_LOCATION_CONFLICT::Coding region xref gene does not exist
prokka_out/CA110357:CDS	Histidinol dehydrogenase	NODE_10_length_57455_cov_29.148200:c48671-47385	OBHBHFCO_01069

DiscRep_SUB:FEATURE_LOCATION_CONFLICT::Coding region xref gene does not exist
prokka_out/CA110357:CDS	ATP phosphoribosyltransferase	NODE_10_length_57455_cov_29.148200:c49578-48679	OBHBHFCO_01070

DiscRep_SUB:FEATURE_LOCATION_CONFLICT::Coding region xref gene does not exist
prokka_out/CA110357:CDS	50S ribosomal protein L17	NODE_10_length_57455_cov_29.148200:c50149-49796	OBHBHFCO_01071

DiscRep_SUB:FEATURE_LOCATION_CONFLICT::Coding region xref gene does not exist
prokka_out/CA110357:CDS	DNA-directed RNA polymerase subunit alpha	NODE_10_length_57455_cov_29.148200:c51166-50153	OBHBHFCO_01072

DiscRep_SUB:FEATURE_LOCATION_CONFLICT::Coding region xref gene does not exist
prokka_out/CA110357:CDS	30S ribosomal protein S4	NODE_10_length_57455_cov_29.148200:c51806-51180	OBHBHFCO_01073

DiscRep_SUB:FEATURE_LOCATION_CONFLICT::Coding region xref gene does not exist
prokka_out/CA110357:CDS	30S ribosomal protein S11	NODE_10_length_57455_cov_29.148200:c52228-51836	OBHBHFCO_01074

DiscRep_SUB:FEATURE_LOCATION_CONFLICT::Coding region xref gene does not exist
prokka_out/CA110357:CDS	30S ribosomal protein S13	NODE_10_length_57455_cov_29.148200:c52603-52238	OBHBHFCO_01075

DiscRep_SUB:FEATURE_LOCATION_CONFLICT::Coding region xref gene does not exist
prokka_out/CA110357:CDS	Translation initiation factor IF-1	NODE_10_length_57455_cov_29.148200:c53109-52891	OBHBHFCO_01076

DiscRep_SUB:FEATURE_LOCATION_CONFLICT::Coding region xref gene does not exist
prokka_out/CA110357:CDS	hypothetical protein	NODE_10_length_57455_cov_29.148200:c54035-53175	OBHBHFCO_01077

DiscRep_SUB:FEATURE_LOCATION_CONFLICT::Coding region xref gene does not exist
prokka_out/CA110357:CDS	hypothetical protein	NODE_10_length_57455_cov_29.148200:c54526-54038	OBHBHFCO_01078

DiscRep_SUB:FEATURE_LOCATION_CONFLICT::Coding region xref gene does not exist
prokka_out/CA110357:CDS	hypothetical protein	NODE_10_length_57455_cov_29.148200:c55379-54594	OBHBHFCO_01079

DiscRep_SUB:FEATURE_LOCATION_CONFLICT::Coding region xref gene does not exist
prokka_out/CA110357:CDS	hypothetical protein	NODE_10_length_57455_cov_29.148200:c55999-55382	OBHBHFCO_01080

DiscRep_SUB:FEATURE_LOCATION_CONFLICT::Coding region xref gene does not exist
prokka_out/CA110357:CDS	hypothetical protein	NODE_10_length_57455_cov_29.148200:c57147-55987	OBHBHFCO_01081

DiscRep_SUB:FEATURE_LOCATION_CONFLICT::Coding region xref gene does not exist
prokka_out/CA110357:CDS	hypothetical protein	NODE_10_length_57455_cov_29.148200:c57386-57228	OBHBHFCO_01082

DiscRep_SUB:FEATURE_LOCATION_CONFLICT::RNA feature xref gene does not exist
prokka_out/CA110357:tRNA	Ser	NODE_10_length_57455_cov_29.148200:c23883-23796	OBHBHFCO_01039

DiscRep_SUB:FEATURE_LOCATION_CONFLICT::RNA feature xref gene does not exist
prokka_out/CA110357:tRNA	Cys	NODE_10_length_57455_cov_29.148200:c23988-23915	OBHBHFCO_01040

DiscRep_SUB:FEATURE_LOCATION_CONFLICT::RNA feature xref gene does not exist
prokka_out/CA110357:tRNA	Leu	NODE_10_length_57455_cov_29.148200:c24097-24009	OBHBHFCO_01041

DiscRep_SUB:FEATURE_LOCATION_CONFLICT::RNA feature xref gene does not exist
prokka_out/CA110357:tRNA	Gly	NODE_10_length_57455_cov_29.148200:c24181-24107	OBHBHFCO_01042

DiscRep_SUB:FEATURE_LOCATION_CONFLICT::Coding region xref gene does not exist
prokka_out/CA110357:CDS	hypothetical protein	NODE_11_length_54396_cov_35.294938:607-1176	OBHBHFCO_01085

DiscRep_SUB:FEATURE_LOCATION_CONFLICT::Coding region xref gene does not exist
prokka_out/CA110357:CDS	hypothetical protein	NODE_11_length_54396_cov_35.294938:1158-1571	OBHBHFCO_01086

DiscRep_SUB:FEATURE_LOCATION_CONFLICT::Coding region xref gene does not exist
prokka_out/CA110357:CDS	hypothetical protein	NODE_11_length_54396_cov_35.294938:2063-2593	OBHBHFCO_01089

DiscRep_SUB:FEATURE_LOCATION_CONFLICT::Coding region xref gene does not exist
prokka_out/CA110357:CDS	3-isopropylmalate dehydratase small subunit 1	NODE_11_length_54396_cov_35.294938:c3175-2573	OBHBHFCO_01090

DiscRep_SUB:FEATURE_LOCATION_CONFLICT::Coding region xref gene does not exist
prokka_out/CA110357:CDS	3-isopropylmalate dehydratase large subunit	NODE_11_length_54396_cov_35.294938:c4583-3177	OBHBHFCO_01091

DiscRep_SUB:FEATURE_LOCATION_CONFLICT::Coding region xref gene does not exist
prokka_out/CA110357:CDS	3-isopropylmalate dehydrogenase	NODE_11_length_54396_cov_35.294938:c5652-4576	OBHBHFCO_01092

DiscRep_SUB:FEATURE_LOCATION_CONFLICT::Coding region xref gene does not exist
prokka_out/CA110357:CDS	2-isopropylmalate synthase	NODE_11_length_54396_cov_35.294938:c7184-5649	OBHBHFCO_01093

DiscRep_SUB:FEATURE_LOCATION_CONFLICT::Coding region xref gene does not exist
prokka_out/CA110357:CDS	hypothetical protein	NODE_11_length_54396_cov_35.294938:7534-8163	OBHBHFCO_01094

DiscRep_SUB:FEATURE_LOCATION_CONFLICT::Coding region xref gene does not exist
prokka_out/CA110357:CDS	hypothetical protein	NODE_11_length_54396_cov_35.294938:c8831-8187	OBHBHFCO_01095

DiscRep_SUB:FEATURE_LOCATION_CONFLICT::Coding region xref gene does not exist
prokka_out/CA110357:CDS	hypothetical protein	NODE_11_length_54396_cov_35.294938:c9567-9256	OBHBHFCO_01096

DiscRep_SUB:FEATURE_LOCATION_CONFLICT::Coding region xref gene does not exist
prokka_out/CA110357:CDS	NADPH-dependent 7-cyano-7-deazaguanine reductase	NODE_11_length_54396_cov_35.294938:c10137-9754	OBHBHFCO_01097

DiscRep_SUB:FEATURE_LOCATION_CONFLICT::Coding region xref gene does not exist
prokka_out/CA110357:CDS	hypothetical protein	NODE_11_length_54396_cov_35.294938:10297-10896	OBHBHFCO_01098

DiscRep_SUB:FEATURE_LOCATION_CONFLICT::Coding region xref gene does not exist
prokka_out/CA110357:CDS	Homoserine O-acetyltransferase 1	NODE_11_length_54396_cov_35.294938:c11782-10901	OBHBHFCO_01099

DiscRep_SUB:FEATURE_LOCATION_CONFLICT::Coding region xref gene does not exist
prokka_out/CA110357:CDS	Putative sulfur carrier protein YeeD	NODE_11_length_54396_cov_35.294938:c12014-11793	OBHBHFCO_01100

DiscRep_SUB:FEATURE_LOCATION_CONFLICT::Coding region xref gene does not exist
prokka_out/CA110357:CDS	hypothetical protein	NODE_11_length_54396_cov_35.294938:c13058-12018	OBHBHFCO_01101

DiscRep_SUB:FEATURE_LOCATION_CONFLICT::Coding region xref gene does not exist
prokka_out/CA110357:CDS	O-acetyl-L-homoserine sulfhydrylase	NODE_11_length_54396_cov_35.294938:c14341-13070	OBHBHFCO_01102

DiscRep_SUB:FEATURE_LOCATION_CONFLICT::Coding region xref gene does not exist
prokka_out/CA110357:CDS	hypothetical protein	NODE_11_length_54396_cov_35.294938:c17326-14768	OBHBHFCO_01103

DiscRep_SUB:FEATURE_LOCATION_CONFLICT::Coding region xref gene does not exist
prokka_out/CA110357:CDS	Crossover junction endodeoxyribonuclease RuvC	NODE_11_length_54396_cov_35.294938:c18085-17531	OBHBHFCO_01104

DiscRep_SUB:FEATURE_LOCATION_CONFLICT::Coding region xref gene does not exist
prokka_out/CA110357:CDS	Chromosomal replication initiator protein DnaA	NODE_11_length_54396_cov_35.294938:18109-19431	OBHBHFCO_01105

DiscRep_SUB:FEATURE_LOCATION_CONFLICT::Coding region xref gene does not exist
prokka_out/CA110357:CDS	Beta sliding clamp	NODE_11_length_54396_cov_35.294938:19596-20663	OBHBHFCO_01106

DiscRep_SUB:FEATURE_LOCATION_CONFLICT::Coding region xref gene does not exist
prokka_out/CA110357:CDS	DNA gyrase subunit B	NODE_11_length_54396_cov_35.294938:20695-23007	OBHBHFCO_01107

DiscRep_SUB:FEATURE_LOCATION_CONFLICT::Coding region xref gene does not exist
prokka_out/CA110357:CDS	hypothetical protein	NODE_11_length_54396_cov_35.294938:23170-23547	OBHBHFCO_01108

DiscRep_SUB:FEATURE_LOCATION_CONFLICT::Coding region xref gene does not exist
prokka_out/CA110357:CDS	hypothetical protein	NODE_11_length_54396_cov_35.294938:23610-24572	OBHBHFCO_01109

DiscRep_SUB:FEATURE_LOCATION_CONFLICT::Coding region xref gene does not exist
prokka_out/CA110357:CDS	hypothetical protein	NODE_11_length_54396_cov_35.294938:24584-24748	OBHBHFCO_01110

DiscRep_SUB:FEATURE_LOCATION_CONFLICT::Coding region xref gene does not exist
prokka_out/CA110357:CDS	hypothetical protein	NODE_11_length_54396_cov_35.294938:24846-25145	OBHBHFCO_01111

DiscRep_SUB:FEATURE_LOCATION_CONFLICT::Coding region xref gene does not exist
prokka_out/CA110357:CDS	Cation/acetate symporter ActP	NODE_11_length_54396_cov_35.294938:c27047-25401	OBHBHFCO_01112

DiscRep_SUB:FEATURE_LOCATION_CONFLICT::Coding region xref gene does not exist
prokka_out/CA110357:CDS	hypothetical protein	NODE_11_length_54396_cov_35.294938:c27403-27044	OBHBHFCO_01113

DiscRep_SUB:FEATURE_LOCATION_CONFLICT::Coding region xref gene does not exist
prokka_out/CA110357:CDS	hypothetical protein	NODE_11_length_54396_cov_35.294938:27634-28935	OBHBHFCO_01114

DiscRep_SUB:FEATURE_LOCATION_CONFLICT::Coding region xref gene does not exist
prokka_out/CA110357:CDS	Ferredoxin-dependent glutamate synthase 1	NODE_11_length_54396_cov_35.294938:29069-33559	OBHBHFCO_01115

DiscRep_SUB:FEATURE_LOCATION_CONFLICT::Coding region xref gene does not exist
prokka_out/CA110357:CDS	Glutamate synthase [NADPH] small chain	NODE_11_length_54396_cov_35.294938:33569-35014	OBHBHFCO_01116

DiscRep_SUB:FEATURE_LOCATION_CONFLICT::Coding region xref gene does not exist
prokka_out/CA110357:CDS	Ribonuclease HII	NODE_11_length_54396_cov_35.294938:c35623-35015	OBHBHFCO_01117

DiscRep_SUB:FEATURE_LOCATION_CONFLICT::Coding region xref gene does not exist
prokka_out/CA110357:CDS	Rubrerythrin-1	NODE_11_length_54396_cov_35.294938:c36275-35628	OBHBHFCO_01118

DiscRep_SUB:FEATURE_LOCATION_CONFLICT::Coding region xref gene does not exist
prokka_out/CA110357:CDS	Dihydroxy-acid dehydratase	NODE_11_length_54396_cov_35.294938:36426-38102	OBHBHFCO_01119

DiscRep_SUB:FEATURE_LOCATION_CONFLICT::Coding region xref gene does not exist
prokka_out/CA110357:CDS	5'-deoxynucleotidase YfbR	NODE_11_length_54396_cov_35.294938:c39375-38149	OBHBHFCO_01120

DiscRep_SUB:FEATURE_LOCATION_CONFLICT::Coding region xref gene does not exist
prokka_out/CA110357:CDS	7-cyano-7-deazaguanine synthase	NODE_11_length_54396_cov_35.294938:39451-40125	OBHBHFCO_01121

DiscRep_SUB:FEATURE_LOCATION_CONFLICT::Coding region xref gene does not exist
prokka_out/CA110357:CDS	hypothetical protein	NODE_11_length_54396_cov_35.294938:c41663-40146	OBHBHFCO_01122

DiscRep_SUB:FEATURE_LOCATION_CONFLICT::Coding region xref gene does not exist
prokka_out/CA110357:CDS	hypothetical protein	NODE_11_length_54396_cov_35.294938:c41845-41678	OBHBHFCO_01123

DiscRep_SUB:FEATURE_LOCATION_CONFLICT::Coding region xref gene does not exist
prokka_out/CA110357:CDS	putative protein YisK	NODE_11_length_54396_cov_35.294938:c42759-41893	OBHBHFCO_01124

DiscRep_SUB:FEATURE_LOCATION_CONFLICT::Coding region xref gene does not exist
prokka_out/CA110357:CDS	putative RNA pseudouridine synthase	NODE_11_length_54396_cov_35.294938:c43815-42880	OBHBHFCO_01125

DiscRep_SUB:FEATURE_LOCATION_CONFLICT::Coding region xref gene does not exist
prokka_out/CA110357:CDS	Adenylosuccinate lyase	NODE_11_length_54396_cov_35.294938:43856-45184	OBHBHFCO_01126

DiscRep_SUB:FEATURE_LOCATION_CONFLICT::Coding region xref gene does not exist
prokka_out/CA110357:CDS	Ribonucleoside-diphosphate reductase 1 subunit alpha	NODE_11_length_54396_cov_35.294938:45199-47568	OBHBHFCO_01127

DiscRep_SUB:FEATURE_LOCATION_CONFLICT::Coding region xref gene does not exist
prokka_out/CA110357:CDS	L-cystine uptake protein TcyP	NODE_11_length_54396_cov_35.294938:c48985-47600	OBHBHFCO_01128

DiscRep_SUB:FEATURE_LOCATION_CONFLICT::Coding region xref gene does not exist
prokka_out/CA110357:CDS	Flavin-dependent thymidylate synthase	NODE_11_length_54396_cov_35.294938:c49726-49103	OBHBHFCO_01129

DiscRep_SUB:FEATURE_LOCATION_CONFLICT::Coding region xref gene does not exist
prokka_out/CA110357:CDS	CTP synthase	NODE_11_length_54396_cov_35.294938:49839-51473	OBHBHFCO_01130

DiscRep_SUB:FEATURE_LOCATION_CONFLICT::Coding region xref gene does not exist
prokka_out/CA110357:CDS	Single-stranded-DNA-specific exonuclease RecJ	NODE_11_length_54396_cov_35.294938:51460-53031	OBHBHFCO_01131

DiscRep_SUB:FEATURE_LOCATION_CONFLICT::Coding region xref gene does not exist
prokka_out/CA110357:CDS	L-asparaginase 2	NODE_11_length_54396_cov_35.294938:53168-54163	OBHBHFCO_01132

DiscRep_SUB:FEATURE_LOCATION_CONFLICT::RNA feature xref gene does not exist
prokka_out/CA110357:tRNA	Met	NODE_11_length_54396_cov_35.294938:c311-235	OBHBHFCO_01083

DiscRep_SUB:FEATURE_LOCATION_CONFLICT::RNA feature xref gene does not exist
prokka_out/CA110357:tRNA	Ser	NODE_11_length_54396_cov_35.294938:416-503	OBHBHFCO_01084

DiscRep_SUB:FEATURE_LOCATION_CONFLICT::RNA feature xref gene does not exist
prokka_out/CA110357:tRNA	Ala	NODE_11_length_54396_cov_35.294938:1680-1755	OBHBHFCO_01087

DiscRep_SUB:FEATURE_LOCATION_CONFLICT::RNA feature xref gene does not exist
prokka_out/CA110357:tRNA	Val	NODE_11_length_54396_cov_35.294938:1757-1832	OBHBHFCO_01088

DiscRep_SUB:FEATURE_LOCATION_CONFLICT::Coding region xref gene does not exist
prokka_out/CA110357:CDS	Aminodeoxyfutalosine synthase	NODE_12_length_51844_cov_25.366707:142-1206	OBHBHFCO_01133

DiscRep_SUB:FEATURE_LOCATION_CONFLICT::Coding region xref gene does not exist
prokka_out/CA110357:CDS	Nucleobase transporter PlAzg1	NODE_12_length_51844_cov_25.366707:1216-2535	OBHBHFCO_01134

DiscRep_SUB:FEATURE_LOCATION_CONFLICT::Coding region xref gene does not exist
prokka_out/CA110357:CDS	Xanthine phosphoribosyltransferase	NODE_12_length_51844_cov_25.366707:2553-2996	OBHBHFCO_01135

DiscRep_SUB:FEATURE_LOCATION_CONFLICT::Coding region xref gene does not exist
prokka_out/CA110357:CDS	Intermembrane phospholipid transport system lipoprotein MlaA	NODE_12_length_51844_cov_25.366707:3037-3735	OBHBHFCO_01136

DiscRep_SUB:FEATURE_LOCATION_CONFLICT::Coding region xref gene does not exist
prokka_out/CA110357:CDS	hypothetical protein	NODE_12_length_51844_cov_25.366707:3745-4314	OBHBHFCO_01137

DiscRep_SUB:FEATURE_LOCATION_CONFLICT::Coding region xref gene does not exist
prokka_out/CA110357:CDS	hypothetical protein	NODE_12_length_51844_cov_25.366707:4314-6776	OBHBHFCO_01138

DiscRep_SUB:FEATURE_LOCATION_CONFLICT::Coding region xref gene does not exist
prokka_out/CA110357:CDS	dITP/XTP pyrophosphatase	NODE_12_length_51844_cov_25.366707:c7418-6810	OBHBHFCO_01139

DiscRep_SUB:FEATURE_LOCATION_CONFLICT::Coding region xref gene does not exist
prokka_out/CA110357:CDS	hypothetical protein	NODE_12_length_51844_cov_25.366707:c7845-7390	OBHBHFCO_01140

DiscRep_SUB:FEATURE_LOCATION_CONFLICT::Coding region xref gene does not exist
prokka_out/CA110357:CDS	Inner membrane transport protein YajR	NODE_12_length_51844_cov_25.366707:7987-9282	OBHBHFCO_01141

DiscRep_SUB:FEATURE_LOCATION_CONFLICT::Coding region xref gene does not exist
prokka_out/CA110357:CDS	hypothetical protein	NODE_12_length_51844_cov_25.366707:c9811-9284	OBHBHFCO_01142

DiscRep_SUB:FEATURE_LOCATION_CONFLICT::Coding region xref gene does not exist
prokka_out/CA110357:CDS	hypothetical protein	NODE_12_length_51844_cov_25.366707:c10521-9811	OBHBHFCO_01143

DiscRep_SUB:FEATURE_LOCATION_CONFLICT::Coding region xref gene does not exist
prokka_out/CA110357:CDS	Elongation factor Tu	NODE_12_length_51844_cov_25.366707:c12369-10570	OBHBHFCO_01144

DiscRep_SUB:FEATURE_LOCATION_CONFLICT::Coding region xref gene does not exist
prokka_out/CA110357:CDS	L-seryl-tRNA(Sec) selenium transferase	NODE_12_length_51844_cov_25.366707:c13688-12366	OBHBHFCO_01145

DiscRep_SUB:FEATURE_LOCATION_CONFLICT::Coding region xref gene does not exist
prokka_out/CA110357:CDS	Ion-translocating oxidoreductase complex subunit B	NODE_12_length_51844_cov_25.366707:13758-15419	OBHBHFCO_01146

DiscRep_SUB:FEATURE_LOCATION_CONFLICT::Coding region xref gene does not exist
prokka_out/CA110357:CDS	hypothetical protein	NODE_12_length_51844_cov_25.366707:c16302-15424	OBHBHFCO_01147

DiscRep_SUB:FEATURE_LOCATION_CONFLICT::Coding region xref gene does not exist
prokka_out/CA110357:CDS	Flavodoxin	NODE_12_length_51844_cov_25.366707:c16760-16269	OBHBHFCO_01148

DiscRep_SUB:FEATURE_LOCATION_CONFLICT::Coding region xref gene does not exist
prokka_out/CA110357:CDS	hypothetical protein	NODE_12_length_51844_cov_25.366707:c17455-16760	OBHBHFCO_01149

DiscRep_SUB:FEATURE_LOCATION_CONFLICT::Coding region xref gene does not exist
prokka_out/CA110357:CDS	hypothetical protein	NODE_12_length_51844_cov_25.366707:c17772-17455	OBHBHFCO_01150

DiscRep_SUB:FEATURE_LOCATION_CONFLICT::Coding region xref gene does not exist
prokka_out/CA110357:CDS	Catalase	NODE_12_length_51844_cov_25.366707:17959-19383	OBHBHFCO_01151

DiscRep_SUB:FEATURE_LOCATION_CONFLICT::Coding region xref gene does not exist
prokka_out/CA110357:CDS	hypothetical protein	NODE_12_length_51844_cov_25.366707:19443-19907	OBHBHFCO_01152

DiscRep_SUB:FEATURE_LOCATION_CONFLICT::Coding region xref gene does not exist
prokka_out/CA110357:CDS	hypothetical protein	NODE_12_length_51844_cov_25.366707:c20579-19911	OBHBHFCO_01153

DiscRep_SUB:FEATURE_LOCATION_CONFLICT::Coding region xref gene does not exist
prokka_out/CA110357:CDS	2-iminobutanoate/2-iminopropanoate deaminase	NODE_12_length_51844_cov_25.366707:20755-21117	OBHBHFCO_01154

DiscRep_SUB:FEATURE_LOCATION_CONFLICT::Coding region xref gene does not exist
prokka_out/CA110357:CDS	Putative cryptic C4-dicarboxylate transporter DcuD	NODE_12_length_51844_cov_25.366707:21121-22560	OBHBHFCO_01155

DiscRep_SUB:FEATURE_LOCATION_CONFLICT::Coding region xref gene does not exist
prokka_out/CA110357:CDS	Cystathionine beta-lyase	NODE_12_length_51844_cov_25.366707:22573-23736	OBHBHFCO_01156

DiscRep_SUB:FEATURE_LOCATION_CONFLICT::Coding region xref gene does not exist
prokka_out/CA110357:CDS	3-carboxy-cis,cis-muconate cycloisomerase	NODE_12_length_51844_cov_25.366707:23746-25113	OBHBHFCO_01157

DiscRep_SUB:FEATURE_LOCATION_CONFLICT::Coding region xref gene does not exist
prokka_out/CA110357:CDS	hypothetical protein	NODE_12_length_51844_cov_25.366707:25122-26462	OBHBHFCO_01158

DiscRep_SUB:FEATURE_LOCATION_CONFLICT::Coding region xref gene does not exist
prokka_out/CA110357:CDS	Putative Fe(2+) transport protein A	NODE_12_length_51844_cov_25.366707:26544-26768	OBHBHFCO_01159

DiscRep_SUB:FEATURE_LOCATION_CONFLICT::Coding region xref gene does not exist
prokka_out/CA110357:CDS	Fe(2+) transporter FeoB	NODE_12_length_51844_cov_25.366707:26765-28606	OBHBHFCO_01160

DiscRep_SUB:FEATURE_LOCATION_CONFLICT::Coding region xref gene does not exist
prokka_out/CA110357:CDS	hypothetical protein	NODE_12_length_51844_cov_25.366707:c30102-28603	OBHBHFCO_01161

DiscRep_SUB:FEATURE_LOCATION_CONFLICT::Coding region xref gene does not exist
prokka_out/CA110357:CDS	Enoyl-[acyl-carrier-protein] reductase [NADH] FabI	NODE_12_length_51844_cov_25.366707:c30930-30106	OBHBHFCO_01162

DiscRep_SUB:FEATURE_LOCATION_CONFLICT::Coding region xref gene does not exist
prokka_out/CA110357:CDS	Triosephosphate isomerase	NODE_12_length_51844_cov_25.366707:c31605-30934	OBHBHFCO_01163

DiscRep_SUB:FEATURE_LOCATION_CONFLICT::Coding region xref gene does not exist
prokka_out/CA110357:CDS	Phosphoglycerate kinase	NODE_12_length_51844_cov_25.366707:c32804-31602	OBHBHFCO_01164

DiscRep_SUB:FEATURE_LOCATION_CONFLICT::Coding region xref gene does not exist
prokka_out/CA110357:CDS	Glyceraldehyde-3-phosphate dehydrogenase	NODE_12_length_51844_cov_25.366707:c33805-32807	OBHBHFCO_01165

DiscRep_SUB:FEATURE_LOCATION_CONFLICT::Coding region xref gene does not exist
prokka_out/CA110357:CDS	putative nicotinate-nucleotide adenylyltransferase	NODE_12_length_51844_cov_25.366707:33867-34412	OBHBHFCO_01166

DiscRep_SUB:FEATURE_LOCATION_CONFLICT::Coding region xref gene does not exist
prokka_out/CA110357:CDS	Ribosomal silencing factor RsfS	NODE_12_length_51844_cov_25.366707:34441-34767	OBHBHFCO_01167

DiscRep_SUB:FEATURE_LOCATION_CONFLICT::Coding region xref gene does not exist
prokka_out/CA110357:CDS	Phosphomannomutase/phosphoglucomutase	NODE_12_length_51844_cov_25.366707:c36762-35398	OBHBHFCO_01168

DiscRep_SUB:FEATURE_LOCATION_CONFLICT::Coding region xref gene does not exist
prokka_out/CA110357:CDS	hypothetical protein	NODE_12_length_51844_cov_25.366707:36874-37410	OBHBHFCO_01169

DiscRep_SUB:FEATURE_LOCATION_CONFLICT::Coding region xref gene does not exist
prokka_out/CA110357:CDS	Holo-[acyl-carrier-protein] synthase	NODE_12_length_51844_cov_25.366707:37410-37757	OBHBHFCO_01170

DiscRep_SUB:FEATURE_LOCATION_CONFLICT::Coding region xref gene does not exist
prokka_out/CA110357:CDS	hypothetical protein	NODE_12_length_51844_cov_25.366707:c38182-37760	OBHBHFCO_01171

DiscRep_SUB:FEATURE_LOCATION_CONFLICT::Coding region xref gene does not exist
prokka_out/CA110357:CDS	hypothetical protein	NODE_12_length_51844_cov_25.366707:c39549-38179	OBHBHFCO_01172

DiscRep_SUB:FEATURE_LOCATION_CONFLICT::Coding region xref gene does not exist
prokka_out/CA110357:CDS	hypothetical protein	NODE_12_length_51844_cov_25.366707:c40667-39546	OBHBHFCO_01173

DiscRep_SUB:FEATURE_LOCATION_CONFLICT::Coding region xref gene does not exist
prokka_out/CA110357:CDS	hypothetical protein	NODE_12_length_51844_cov_25.366707:c41917-40736	OBHBHFCO_01174

DiscRep_SUB:FEATURE_LOCATION_CONFLICT::Coding region xref gene does not exist
prokka_out/CA110357:CDS	hypothetical protein	NODE_12_length_51844_cov_25.366707:c43941-41914	OBHBHFCO_01175

DiscRep_SUB:FEATURE_LOCATION_CONFLICT::Coding region xref gene does not exist
prokka_out/CA110357:CDS	Bifunctional protein GlmU	NODE_12_length_51844_cov_25.366707:c45475-43979	OBHBHFCO_01176

DiscRep_SUB:FEATURE_LOCATION_CONFLICT::Coding region xref gene does not exist
prokka_out/CA110357:CDS	hypothetical protein	NODE_12_length_51844_cov_25.366707:c46203-45472	OBHBHFCO_01177

DiscRep_SUB:FEATURE_LOCATION_CONFLICT::Coding region xref gene does not exist
prokka_out/CA110357:CDS	Uridine kinase	NODE_12_length_51844_cov_25.366707:c47491-46196	OBHBHFCO_01178

DiscRep_SUB:FEATURE_LOCATION_CONFLICT::Coding region xref gene does not exist
prokka_out/CA110357:CDS	hypothetical protein	NODE_12_length_51844_cov_25.366707:c48077-47484	OBHBHFCO_01179

DiscRep_SUB:FEATURE_LOCATION_CONFLICT::Coding region xref gene does not exist
prokka_out/CA110357:CDS	hypothetical protein	NODE_12_length_51844_cov_25.366707:c50053-48122	OBHBHFCO_01180

DiscRep_SUB:FEATURE_LOCATION_CONFLICT::Coding region xref gene does not exist
prokka_out/CA110357:CDS	hypothetical protein	NODE_12_length_51844_cov_25.366707:c51736-50081	OBHBHFCO_01181

DiscRep_SUB:FEATURE_LOCATION_CONFLICT::Coding region xref gene does not exist
prokka_out/CA110357:CDS	hypothetical protein	NODE_13_length_45722_cov_28.431034:329-2110	OBHBHFCO_01182

DiscRep_SUB:FEATURE_LOCATION_CONFLICT::Coding region xref gene does not exist
prokka_out/CA110357:CDS	Thioredoxin reductase	NODE_13_length_45722_cov_28.431034:c3173-2235	OBHBHFCO_01183

DiscRep_SUB:FEATURE_LOCATION_CONFLICT::Coding region xref gene does not exist
prokka_out/CA110357:CDS	Thioredoxin	NODE_13_length_45722_cov_28.431034:c3623-3309	OBHBHFCO_01184

DiscRep_SUB:FEATURE_LOCATION_CONFLICT::Coding region xref gene does not exist
prokka_out/CA110357:CDS	hypothetical protein	NODE_13_length_45722_cov_28.431034:c4016-3678	OBHBHFCO_01185

DiscRep_SUB:FEATURE_LOCATION_CONFLICT::Coding region xref gene does not exist
prokka_out/CA110357:CDS	Homoserine dehydrogenase	NODE_13_length_45722_cov_28.431034:c5266-4016	OBHBHFCO_01186

DiscRep_SUB:FEATURE_LOCATION_CONFLICT::Coding region xref gene does not exist
prokka_out/CA110357:CDS	Glutamate-pyruvate aminotransferase AlaC	NODE_13_length_45722_cov_28.431034:c6473-5268	OBHBHFCO_01187

DiscRep_SUB:FEATURE_LOCATION_CONFLICT::Coding region xref gene does not exist
prokka_out/CA110357:CDS	hypothetical protein	NODE_13_length_45722_cov_28.431034:c7292-6486	OBHBHFCO_01188

DiscRep_SUB:FEATURE_LOCATION_CONFLICT::Coding region xref gene does not exist
prokka_out/CA110357:CDS	hypothetical protein	NODE_13_length_45722_cov_28.431034:c8233-7286	OBHBHFCO_01189

DiscRep_SUB:FEATURE_LOCATION_CONFLICT::Coding region xref gene does not exist
prokka_out/CA110357:CDS	23S rRNA (guanosine-2'-O-)-methyltransferase RlmB	NODE_13_length_45722_cov_28.431034:c8909-8226	OBHBHFCO_01190

DiscRep_SUB:FEATURE_LOCATION_CONFLICT::Coding region xref gene does not exist
prokka_out/CA110357:CDS	Ribosomal RNA small subunit methyltransferase I	NODE_13_length_45722_cov_28.431034:c9746-8922	OBHBHFCO_01191

DiscRep_SUB:FEATURE_LOCATION_CONFLICT::Coding region xref gene does not exist
prokka_out/CA110357:CDS	50S ribosomal protein L31	NODE_13_length_45722_cov_28.431034:c9949-9749	OBHBHFCO_01192

DiscRep_SUB:FEATURE_LOCATION_CONFLICT::Coding region xref gene does not exist
prokka_out/CA110357:CDS	Ribosomal RNA small subunit methyltransferase E	NODE_13_length_45722_cov_28.431034:c10681-10028	OBHBHFCO_01193

DiscRep_SUB:FEATURE_LOCATION_CONFLICT::Coding region xref gene does not exist
prokka_out/CA110357:CDS	hypothetical protein	NODE_13_length_45722_cov_28.431034:c11089-10682	OBHBHFCO_01194

DiscRep_SUB:FEATURE_LOCATION_CONFLICT::Coding region xref gene does not exist
prokka_out/CA110357:CDS	hypothetical protein	NODE_13_length_45722_cov_28.431034:c11512-11090	OBHBHFCO_01195

DiscRep_SUB:FEATURE_LOCATION_CONFLICT::Coding region xref gene does not exist
prokka_out/CA110357:CDS	hypothetical protein	NODE_13_length_45722_cov_28.431034:c12093-11512	OBHBHFCO_01196

DiscRep_SUB:FEATURE_LOCATION_CONFLICT::Coding region xref gene does not exist
prokka_out/CA110357:CDS	7-carboxy-7-deazaguanine synthase	NODE_13_length_45722_cov_28.431034:c12833-12090	OBHBHFCO_01197

DiscRep_SUB:FEATURE_LOCATION_CONFLICT::Coding region xref gene does not exist
prokka_out/CA110357:CDS	GTP 3',8-cyclase	NODE_13_length_45722_cov_28.431034:c13798-12836	OBHBHFCO_01198

DiscRep_SUB:FEATURE_LOCATION_CONFLICT::Coding region xref gene does not exist
prokka_out/CA110357:CDS	hypothetical protein	NODE_13_length_45722_cov_28.431034:c14332-13814	OBHBHFCO_01199

DiscRep_SUB:FEATURE_LOCATION_CONFLICT::Coding region xref gene does not exist
prokka_out/CA110357:CDS	hypothetical protein	NODE_13_length_45722_cov_28.431034:c14825-14325	OBHBHFCO_01200

DiscRep_SUB:FEATURE_LOCATION_CONFLICT::Coding region xref gene does not exist
prokka_out/CA110357:CDS	4-hydroxybenzoate polyprenyltransferase, mitochondrial	NODE_13_length_45722_cov_28.431034:c15700-14816	OBHBHFCO_01201

DiscRep_SUB:FEATURE_LOCATION_CONFLICT::Coding region xref gene does not exist
prokka_out/CA110357:CDS	tRNA dimethylallyltransferase	NODE_13_length_45722_cov_28.431034:15772-16641	OBHBHFCO_01202

DiscRep_SUB:FEATURE_LOCATION_CONFLICT::Coding region xref gene does not exist
prokka_out/CA110357:CDS	putative manganese efflux pump MntP	NODE_13_length_45722_cov_28.431034:c17190-16627	OBHBHFCO_01203

DiscRep_SUB:FEATURE_LOCATION_CONFLICT::Coding region xref gene does not exist
prokka_out/CA110357:CDS	hypothetical protein	NODE_13_length_45722_cov_28.431034:17599-18006	OBHBHFCO_01205

DiscRep_SUB:FEATURE_LOCATION_CONFLICT::Coding region xref gene does not exist
prokka_out/CA110357:CDS	hypothetical protein	NODE_13_length_45722_cov_28.431034:18137-18430	OBHBHFCO_01206

DiscRep_SUB:FEATURE_LOCATION_CONFLICT::Coding region xref gene does not exist
prokka_out/CA110357:CDS	Superoxide dismutase [Fe]	NODE_13_length_45722_cov_28.431034:18536-19198	OBHBHFCO_01207

DiscRep_SUB:FEATURE_LOCATION_CONFLICT::Coding region xref gene does not exist
prokka_out/CA110357:CDS	Carboxynorspermidine synthase	NODE_13_length_45722_cov_28.431034:c20430-19225	OBHBHFCO_01208

DiscRep_SUB:FEATURE_LOCATION_CONFLICT::Coding region xref gene does not exist
prokka_out/CA110357:CDS	Vitamin B12 import ATP-binding protein BtuD	NODE_13_length_45722_cov_28.431034:c21371-20466	OBHBHFCO_01209

DiscRep_SUB:FEATURE_LOCATION_CONFLICT::Coding region xref gene does not exist
prokka_out/CA110357:CDS	hypothetical protein	NODE_13_length_45722_cov_28.431034:c22974-21358	OBHBHFCO_01210

DiscRep_SUB:FEATURE_LOCATION_CONFLICT::Coding region xref gene does not exist
prokka_out/CA110357:CDS	Iron uptake protein A1	NODE_13_length_45722_cov_28.431034:c23978-22974	OBHBHFCO_01211

DiscRep_SUB:FEATURE_LOCATION_CONFLICT::Coding region xref gene does not exist
prokka_out/CA110357:CDS	hypothetical protein	NODE_13_length_45722_cov_28.431034:c24101-23979	OBHBHFCO_01212

DiscRep_SUB:FEATURE_LOCATION_CONFLICT::Coding region xref gene does not exist
prokka_out/CA110357:CDS	hypothetical protein	NODE_13_length_45722_cov_28.431034:24347-25189	OBHBHFCO_01213

DiscRep_SUB:FEATURE_LOCATION_CONFLICT::Coding region xref gene does not exist
prokka_out/CA110357:CDS	putative TonB-dependent receptor	NODE_13_length_45722_cov_28.431034:25199-27475	OBHBHFCO_01214

DiscRep_SUB:FEATURE_LOCATION_CONFLICT::Coding region xref gene does not exist
prokka_out/CA110357:CDS	Biopolymer transport protein ExbB	NODE_13_length_45722_cov_28.431034:27488-28249	OBHBHFCO_01215

DiscRep_SUB:FEATURE_LOCATION_CONFLICT::Coding region xref gene does not exist
prokka_out/CA110357:CDS	Biopolymer transport protein ExbD	NODE_13_length_45722_cov_28.431034:28236-28646	OBHBHFCO_01216

DiscRep_SUB:FEATURE_LOCATION_CONFLICT::Coding region xref gene does not exist
prokka_out/CA110357:CDS	hypothetical protein	NODE_13_length_45722_cov_28.431034:28649-29395	OBHBHFCO_01217

DiscRep_SUB:FEATURE_LOCATION_CONFLICT::Coding region xref gene does not exist
prokka_out/CA110357:CDS	hypothetical protein	NODE_13_length_45722_cov_28.431034:29451-30671	OBHBHFCO_01218

DiscRep_SUB:FEATURE_LOCATION_CONFLICT::Coding region xref gene does not exist
prokka_out/CA110357:CDS	Inner membrane transport protein YnfM	NODE_13_length_45722_cov_28.431034:c31795-30662	OBHBHFCO_01219

DiscRep_SUB:FEATURE_LOCATION_CONFLICT::Coding region xref gene does not exist
prokka_out/CA110357:CDS	hypothetical protein	NODE_13_length_45722_cov_28.431034:31907-33268	OBHBHFCO_01220

DiscRep_SUB:FEATURE_LOCATION_CONFLICT::Coding region xref gene does not exist
prokka_out/CA110357:CDS	Bis(5'-nucleosyl)-tetraphosphatase, symmetrical	NODE_13_length_45722_cov_28.431034:c34464-33280	OBHBHFCO_01221

DiscRep_SUB:FEATURE_LOCATION_CONFLICT::Coding region xref gene does not exist
prokka_out/CA110357:CDS	hypothetical protein	NODE_13_length_45722_cov_28.431034:c34682-34473	OBHBHFCO_01222

DiscRep_SUB:FEATURE_LOCATION_CONFLICT::Coding region xref gene does not exist
prokka_out/CA110357:CDS	hypothetical protein	NODE_13_length_45722_cov_28.431034:c35472-34732	OBHBHFCO_01223

DiscRep_SUB:FEATURE_LOCATION_CONFLICT::Coding region xref gene does not exist
prokka_out/CA110357:CDS	hypothetical protein	NODE_13_length_45722_cov_28.431034:35613-36329	OBHBHFCO_01224

DiscRep_SUB:FEATURE_LOCATION_CONFLICT::Coding region xref gene does not exist
prokka_out/CA110357:CDS	hypothetical protein	NODE_13_length_45722_cov_28.431034:36340-36732	OBHBHFCO_01225

DiscRep_SUB:FEATURE_LOCATION_CONFLICT::Coding region xref gene does not exist
prokka_out/CA110357:CDS	hypothetical protein	NODE_13_length_45722_cov_28.431034:36729-36818	OBHBHFCO_01226

DiscRep_SUB:FEATURE_LOCATION_CONFLICT::Coding region xref gene does not exist
prokka_out/CA110357:CDS	Phosphoribosylglycinamide formyltransferase	NODE_13_length_45722_cov_28.431034:c37445-36870	OBHBHFCO_01227

DiscRep_SUB:FEATURE_LOCATION_CONFLICT::Coding region xref gene does not exist
prokka_out/CA110357:CDS	Bifunctional NAD(P)H-hydrate repair enzyme Nnr	NODE_13_length_45722_cov_28.431034:c38806-37436	OBHBHFCO_01228

DiscRep_SUB:FEATURE_LOCATION_CONFLICT::Coding region xref gene does not exist
prokka_out/CA110357:CDS	hypothetical protein	NODE_13_length_45722_cov_28.431034:c39488-38790	OBHBHFCO_01229

DiscRep_SUB:FEATURE_LOCATION_CONFLICT::Coding region xref gene does not exist
prokka_out/CA110357:CDS	Competence protein ComM	NODE_13_length_45722_cov_28.431034:c40995-39490	OBHBHFCO_01230

DiscRep_SUB:FEATURE_LOCATION_CONFLICT::Coding region xref gene does not exist
prokka_out/CA110357:CDS	Peptide deformylase	NODE_13_length_45722_cov_28.431034:c41519-40992	OBHBHFCO_01231

DiscRep_SUB:FEATURE_LOCATION_CONFLICT::Coding region xref gene does not exist
prokka_out/CA110357:CDS	ATP-dependent Clp protease proteolytic subunit	NODE_13_length_45722_cov_28.431034:c42131-41547	OBHBHFCO_01232

DiscRep_SUB:FEATURE_LOCATION_CONFLICT::Coding region xref gene does not exist
prokka_out/CA110357:CDS	Trigger factor	NODE_13_length_45722_cov_28.431034:c43456-42131	OBHBHFCO_01233

DiscRep_SUB:FEATURE_LOCATION_CONFLICT::Coding region xref gene does not exist
prokka_out/CA110357:CDS	GTP cyclohydrolase 1	NODE_13_length_45722_cov_28.431034:43547-44149	OBHBHFCO_01234

DiscRep_SUB:FEATURE_LOCATION_CONFLICT::Coding region xref gene does not exist
prokka_out/CA110357:CDS	Flagellum-specific ATP synthase	NODE_13_length_45722_cov_28.431034:44149-45534	OBHBHFCO_01235

DiscRep_SUB:FEATURE_LOCATION_CONFLICT::RNA feature xref gene does not exist
prokka_out/CA110357:tRNA	Glu	NODE_13_length_45722_cov_28.431034:17363-17437	OBHBHFCO_01204

DiscRep_SUB:FEATURE_LOCATION_CONFLICT::Coding region xref gene does not exist
prokka_out/CA110357:CDS	Phosphoribosylformylglycinamidine cyclo-ligase	NODE_14_length_39543_cov_34.711056:c1519-530	OBHBHFCO_01236

DiscRep_SUB:FEATURE_LOCATION_CONFLICT::Coding region xref gene does not exist
prokka_out/CA110357:CDS	Dephospho-CoA kinase	NODE_14_length_39543_cov_34.711056:1580-2185	OBHBHFCO_01237

DiscRep_SUB:FEATURE_LOCATION_CONFLICT::Coding region xref gene does not exist
prokka_out/CA110357:CDS	Diaminopimelate epimerase	NODE_14_length_39543_cov_34.711056:2182-2931	OBHBHFCO_01238

DiscRep_SUB:FEATURE_LOCATION_CONFLICT::Coding region xref gene does not exist
prokka_out/CA110357:CDS	hypothetical protein	NODE_14_length_39543_cov_34.711056:2906-3637	OBHBHFCO_01239

DiscRep_SUB:FEATURE_LOCATION_CONFLICT::Coding region xref gene does not exist
prokka_out/CA110357:CDS	hypothetical protein	NODE_14_length_39543_cov_34.711056:c4681-3644	OBHBHFCO_01240

DiscRep_SUB:FEATURE_LOCATION_CONFLICT::Coding region xref gene does not exist
prokka_out/CA110357:CDS	hypothetical protein	NODE_14_length_39543_cov_34.711056:c5310-4993	OBHBHFCO_01241

DiscRep_SUB:FEATURE_LOCATION_CONFLICT::Coding region xref gene does not exist
prokka_out/CA110357:CDS	DNA protection during starvation protein	NODE_14_length_39543_cov_34.711056:c6051-5602	OBHBHFCO_01242

DiscRep_SUB:FEATURE_LOCATION_CONFLICT::Coding region xref gene does not exist
prokka_out/CA110357:CDS	Glucose-6-phosphate isomerase	NODE_14_length_39543_cov_34.711056:c7396-6176	OBHBHFCO_01243

DiscRep_SUB:FEATURE_LOCATION_CONFLICT::Coding region xref gene does not exist
prokka_out/CA110357:CDS	UTP--glucose-1-phosphate uridylyltransferase	NODE_14_length_39543_cov_34.711056:c8214-7390	OBHBHFCO_01244

DiscRep_SUB:FEATURE_LOCATION_CONFLICT::Coding region xref gene does not exist
prokka_out/CA110357:CDS	Acetyl-coenzyme A synthetase	NODE_14_length_39543_cov_34.711056:c10295-8325	OBHBHFCO_01245

DiscRep_SUB:FEATURE_LOCATION_CONFLICT::Coding region xref gene does not exist
prokka_out/CA110357:CDS	Tungstate uptake system ATP-binding protein TupC	NODE_14_length_39543_cov_34.711056:c11431-10436	OBHBHFCO_01246

DiscRep_SUB:FEATURE_LOCATION_CONFLICT::Coding region xref gene does not exist
prokka_out/CA110357:CDS	Tungstate uptake system permease protein TupB	NODE_14_length_39543_cov_34.711056:c12118-11432	OBHBHFCO_01247

DiscRep_SUB:FEATURE_LOCATION_CONFLICT::Coding region xref gene does not exist
prokka_out/CA110357:CDS	Tungstate-binding protein TupA	NODE_14_length_39543_cov_34.711056:12201-13010	OBHBHFCO_01248

DiscRep_SUB:FEATURE_LOCATION_CONFLICT::Coding region xref gene does not exist
prokka_out/CA110357:CDS	5-oxoprolinase subunit A	NODE_14_length_39543_cov_34.711056:13369-14139	OBHBHFCO_01249

DiscRep_SUB:FEATURE_LOCATION_CONFLICT::Coding region xref gene does not exist
prokka_out/CA110357:CDS	hypothetical protein	NODE_14_length_39543_cov_34.711056:14161-15330	OBHBHFCO_01250

DiscRep_SUB:FEATURE_LOCATION_CONFLICT::Coding region xref gene does not exist
prokka_out/CA110357:CDS	5-oxoprolinase subunit B	NODE_14_length_39543_cov_34.711056:15332-16072	OBHBHFCO_01251

DiscRep_SUB:FEATURE_LOCATION_CONFLICT::Coding region xref gene does not exist
prokka_out/CA110357:CDS	5-oxoprolinase subunit C	NODE_14_length_39543_cov_34.711056:16053-17018	OBHBHFCO_01252

DiscRep_SUB:FEATURE_LOCATION_CONFLICT::Coding region xref gene does not exist
prokka_out/CA110357:CDS	Putative hydro-lyase	NODE_14_length_39543_cov_34.711056:17027-17791	OBHBHFCO_01253

DiscRep_SUB:FEATURE_LOCATION_CONFLICT::Coding region xref gene does not exist
prokka_out/CA110357:CDS	hypothetical protein	NODE_14_length_39543_cov_34.711056:c18687-17788	OBHBHFCO_01254

DiscRep_SUB:FEATURE_LOCATION_CONFLICT::Coding region xref gene does not exist
prokka_out/CA110357:CDS	NADPH:quinone oxidoreductase MdaB	NODE_14_length_39543_cov_34.711056:c19306-18821	OBHBHFCO_01255

DiscRep_SUB:FEATURE_LOCATION_CONFLICT::Coding region xref gene does not exist
prokka_out/CA110357:CDS	Tetracycline resistance protein TetO	NODE_14_length_39543_cov_34.711056:c21844-20957	OBHBHFCO_01256

DiscRep_SUB:FEATURE_LOCATION_CONFLICT::Coding region xref gene does not exist
prokka_out/CA110357:CDS	Aminoglycoside 6-adenylyltransferase	NODE_14_length_39543_cov_34.711056:c22925-22059	OBHBHFCO_01257

DiscRep_SUB:FEATURE_LOCATION_CONFLICT::Coding region xref gene does not exist
prokka_out/CA110357:CDS	hypothetical protein	NODE_14_length_39543_cov_34.711056:c23524-23111	OBHBHFCO_01258

DiscRep_SUB:FEATURE_LOCATION_CONFLICT::Coding region xref gene does not exist
prokka_out/CA110357:CDS	hypothetical protein	NODE_14_length_39543_cov_34.711056:23861-24220	OBHBHFCO_01259

DiscRep_SUB:FEATURE_LOCATION_CONFLICT::Coding region xref gene does not exist
prokka_out/CA110357:CDS	Bifunctional AAC/APH	NODE_14_length_39543_cov_34.711056:24227-24892	OBHBHFCO_01260

DiscRep_SUB:FEATURE_LOCATION_CONFLICT::Coding region xref gene does not exist
prokka_out/CA110357:CDS	hypothetical protein	NODE_14_length_39543_cov_34.711056:24992-25387	OBHBHFCO_01261

DiscRep_SUB:FEATURE_LOCATION_CONFLICT::Coding region xref gene does not exist
prokka_out/CA110357:CDS	hypothetical protein	NODE_14_length_39543_cov_34.711056:c26024-25389	OBHBHFCO_01262

DiscRep_SUB:FEATURE_LOCATION_CONFLICT::Coding region xref gene does not exist
prokka_out/CA110357:CDS	rRNA adenine N-6-methyltransferase	NODE_14_length_39543_cov_34.711056:c27422-26628	OBHBHFCO_01263

DiscRep_SUB:FEATURE_LOCATION_CONFLICT::Coding region xref gene does not exist
prokka_out/CA110357:CDS	hypothetical protein	NODE_14_length_39543_cov_34.711056:c28001-27456	OBHBHFCO_01264

DiscRep_SUB:FEATURE_LOCATION_CONFLICT::Coding region xref gene does not exist
prokka_out/CA110357:CDS	Streptomycin 3''-adenylyltransferase	NODE_14_length_39543_cov_34.711056:c28977-28201	OBHBHFCO_01265

DiscRep_SUB:FEATURE_LOCATION_CONFLICT::Coding region xref gene does not exist
prokka_out/CA110357:CDS	hypothetical protein	NODE_14_length_39543_cov_34.711056:c29226-29002	OBHBHFCO_01266

DiscRep_SUB:FEATURE_LOCATION_CONFLICT::Coding region xref gene does not exist
prokka_out/CA110357:CDS	tetracycline resistance ribosomal protection protein Tet(O)	NODE_14_length_39543_cov_34.711056:c31594-29675	OBHBHFCO_01267

DiscRep_SUB:FEATURE_LOCATION_CONFLICT::Coding region xref gene does not exist
prokka_out/CA110357:CDS	hypothetical protein	NODE_14_length_39543_cov_34.711056:c32335-31961	OBHBHFCO_01268

DiscRep_SUB:FEATURE_LOCATION_CONFLICT::Coding region xref gene does not exist
prokka_out/CA110357:CDS	hypothetical protein	NODE_14_length_39543_cov_34.711056:c32496-32275	OBHBHFCO_01269

DiscRep_SUB:FEATURE_LOCATION_CONFLICT::Coding region xref gene does not exist
prokka_out/CA110357:CDS	sugar efflux transporter	NODE_14_length_39543_cov_34.711056:c33703-32513	OBHBHFCO_01270

DiscRep_SUB:FEATURE_LOCATION_CONFLICT::Coding region xref gene does not exist
prokka_out/CA110357:CDS	Outer membrane lipoprotein Blc	NODE_14_length_39543_cov_34.711056:33827-34279	OBHBHFCO_01271

DiscRep_SUB:FEATURE_LOCATION_CONFLICT::Coding region xref gene does not exist
prokka_out/CA110357:CDS	putative formaldehyde dehydrogenase AdhA	NODE_14_length_39543_cov_34.711056:c35356-34280	OBHBHFCO_01272

DiscRep_SUB:FEATURE_LOCATION_CONFLICT::Coding region xref gene does not exist
prokka_out/CA110357:CDS	hypothetical protein	NODE_14_length_39543_cov_34.711056:35486-37795	OBHBHFCO_01273

DiscRep_SUB:FEATURE_LOCATION_CONFLICT::Coding region xref gene does not exist
prokka_out/CA110357:CDS	hypothetical protein	NODE_14_length_39543_cov_34.711056:37785-39380	OBHBHFCO_01274

DiscRep_SUB:FEATURE_LOCATION_CONFLICT::Coding region xref gene does not exist
prokka_out/CA110357:CDS	hypothetical protein	NODE_15_length_37051_cov_31.152800:18-248	OBHBHFCO_01275

DiscRep_SUB:FEATURE_LOCATION_CONFLICT::Coding region xref gene does not exist
prokka_out/CA110357:CDS	Cytochrome bd-I ubiquinol oxidase subunit 1	NODE_15_length_37051_cov_31.152800:248-1810	OBHBHFCO_01276

DiscRep_SUB:FEATURE_LOCATION_CONFLICT::Coding region xref gene does not exist
prokka_out/CA110357:CDS	Cytochrome bd-I ubiquinol oxidase subunit 2	NODE_15_length_37051_cov_31.152800:1810-2934	OBHBHFCO_01277

DiscRep_SUB:FEATURE_LOCATION_CONFLICT::Coding region xref gene does not exist
prokka_out/CA110357:CDS	hypothetical protein	NODE_15_length_37051_cov_31.152800:2948-3052	OBHBHFCO_01278

DiscRep_SUB:FEATURE_LOCATION_CONFLICT::Coding region xref gene does not exist
prokka_out/CA110357:CDS	hypothetical protein	NODE_15_length_37051_cov_31.152800:c3757-3134	OBHBHFCO_01279

DiscRep_SUB:FEATURE_LOCATION_CONFLICT::Coding region xref gene does not exist
prokka_out/CA110357:CDS	hypothetical protein	NODE_15_length_37051_cov_31.152800:3888-4088	OBHBHFCO_01280

DiscRep_SUB:FEATURE_LOCATION_CONFLICT::Coding region xref gene does not exist
prokka_out/CA110357:CDS	L-aspartate/glutamate-specific racemase	NODE_15_length_37051_cov_31.152800:c4777-4085	OBHBHFCO_01281

DiscRep_SUB:FEATURE_LOCATION_CONFLICT::Coding region xref gene does not exist
prokka_out/CA110357:CDS	Uracil-DNA glycosylase	NODE_15_length_37051_cov_31.152800:c5607-4912	OBHBHFCO_01282

DiscRep_SUB:FEATURE_LOCATION_CONFLICT::Coding region xref gene does not exist
prokka_out/CA110357:CDS	Aspartate ammonia-lyase	NODE_15_length_37051_cov_31.152800:5871-7277	OBHBHFCO_01283

DiscRep_SUB:FEATURE_LOCATION_CONFLICT::Coding region xref gene does not exist
prokka_out/CA110357:CDS	Anaerobic C4-dicarboxylate transporter DcuA	NODE_15_length_37051_cov_31.152800:7305-8633	OBHBHFCO_01284

DiscRep_SUB:FEATURE_LOCATION_CONFLICT::Coding region xref gene does not exist
prokka_out/CA110357:CDS	hypothetical protein	NODE_15_length_37051_cov_31.152800:8703-10055	OBHBHFCO_01285

DiscRep_SUB:FEATURE_LOCATION_CONFLICT::Coding region xref gene does not exist
prokka_out/CA110357:CDS	hypothetical protein	NODE_15_length_37051_cov_31.152800:10086-10709	OBHBHFCO_01286

DiscRep_SUB:FEATURE_LOCATION_CONFLICT::Coding region xref gene does not exist
prokka_out/CA110357:CDS	hypothetical protein	NODE_15_length_37051_cov_31.152800:10709-11695	OBHBHFCO_01287

DiscRep_SUB:FEATURE_LOCATION_CONFLICT::Coding region xref gene does not exist
prokka_out/CA110357:CDS	50S ribosomal protein L21	NODE_15_length_37051_cov_31.152800:11852-12160	OBHBHFCO_01288

DiscRep_SUB:FEATURE_LOCATION_CONFLICT::Coding region xref gene does not exist
prokka_out/CA110357:CDS	50S ribosomal protein L27	NODE_15_length_37051_cov_31.152800:12171-12425	OBHBHFCO_01289

DiscRep_SUB:FEATURE_LOCATION_CONFLICT::Coding region xref gene does not exist
prokka_out/CA110357:CDS	GTPase Obg	NODE_15_length_37051_cov_31.152800:12530-13585	OBHBHFCO_01290

DiscRep_SUB:FEATURE_LOCATION_CONFLICT::Coding region xref gene does not exist
prokka_out/CA110357:CDS	hypothetical protein	NODE_15_length_37051_cov_31.152800:c14132-13629	OBHBHFCO_01291

DiscRep_SUB:FEATURE_LOCATION_CONFLICT::Coding region xref gene does not exist
prokka_out/CA110357:CDS	Thiol-disulfide oxidoreductase ResA	NODE_15_length_37051_cov_31.152800:c14581-14093	OBHBHFCO_01292

DiscRep_SUB:FEATURE_LOCATION_CONFLICT::Coding region xref gene does not exist
prokka_out/CA110357:CDS	putative ABC transporter ATP-binding protein YknY	NODE_15_length_37051_cov_31.152800:c15225-14578	OBHBHFCO_01293

DiscRep_SUB:FEATURE_LOCATION_CONFLICT::Coding region xref gene does not exist
prokka_out/CA110357:CDS	hypothetical protein	NODE_15_length_37051_cov_31.152800:c16343-15225	OBHBHFCO_01294

DiscRep_SUB:FEATURE_LOCATION_CONFLICT::Coding region xref gene does not exist
prokka_out/CA110357:CDS	hypothetical protein	NODE_15_length_37051_cov_31.152800:c17628-16333	OBHBHFCO_01295

DiscRep_SUB:FEATURE_LOCATION_CONFLICT::Coding region xref gene does not exist
prokka_out/CA110357:CDS	hypothetical protein	NODE_15_length_37051_cov_31.152800:c19021-17618	OBHBHFCO_01296

DiscRep_SUB:FEATURE_LOCATION_CONFLICT::Coding region xref gene does not exist
prokka_out/CA110357:CDS	34 kDa membrane antigen	NODE_15_length_37051_cov_31.152800:c19642-19103	OBHBHFCO_01297

DiscRep_SUB:FEATURE_LOCATION_CONFLICT::Coding region xref gene does not exist
prokka_out/CA110357:CDS	hypothetical protein	NODE_15_length_37051_cov_31.152800:c21708-19639	OBHBHFCO_01298

DiscRep_SUB:FEATURE_LOCATION_CONFLICT::Coding region xref gene does not exist
prokka_out/CA110357:CDS	hypothetical protein	NODE_15_length_37051_cov_31.152800:21886-22068	OBHBHFCO_01299

DiscRep_SUB:FEATURE_LOCATION_CONFLICT::Coding region xref gene does not exist
prokka_out/CA110357:CDS	Na(+)/H(+) antiporter NhaA	NODE_15_length_37051_cov_31.152800:22194-23342	OBHBHFCO_01300

DiscRep_SUB:FEATURE_LOCATION_CONFLICT::Coding region xref gene does not exist
prokka_out/CA110357:CDS	Na(+)/H(+) antiporter NhaA	NODE_15_length_37051_cov_31.152800:23339-24508	OBHBHFCO_01301

DiscRep_SUB:FEATURE_LOCATION_CONFLICT::Coding region xref gene does not exist
prokka_out/CA110357:CDS	hypothetical protein	NODE_15_length_37051_cov_31.152800:24517-24981	OBHBHFCO_01302

DiscRep_SUB:FEATURE_LOCATION_CONFLICT::Coding region xref gene does not exist
prokka_out/CA110357:CDS	Glutamate racemase	NODE_15_length_37051_cov_31.152800:24983-25726	OBHBHFCO_01303

DiscRep_SUB:FEATURE_LOCATION_CONFLICT::Coding region xref gene does not exist
prokka_out/CA110357:CDS	Methionine aminopeptidase 1	NODE_15_length_37051_cov_31.152800:25736-26494	OBHBHFCO_01304

DiscRep_SUB:FEATURE_LOCATION_CONFLICT::Coding region xref gene does not exist
prokka_out/CA110357:CDS	hypothetical protein	NODE_15_length_37051_cov_31.152800:c27316-26816	OBHBHFCO_01305

DiscRep_SUB:FEATURE_LOCATION_CONFLICT::Coding region xref gene does not exist
prokka_out/CA110357:CDS	hypothetical protein	NODE_15_length_37051_cov_31.152800:c27970-27368	OBHBHFCO_01306

DiscRep_SUB:FEATURE_LOCATION_CONFLICT::Coding region xref gene does not exist
prokka_out/CA110357:CDS	hypothetical protein	NODE_15_length_37051_cov_31.152800:c28863-27967	OBHBHFCO_01307

DiscRep_SUB:FEATURE_LOCATION_CONFLICT::Coding region xref gene does not exist
prokka_out/CA110357:CDS	putative ribonucleotide transport ATP-binding protein mkl	NODE_15_length_37051_cov_31.152800:c29588-28866	OBHBHFCO_01308

DiscRep_SUB:FEATURE_LOCATION_CONFLICT::Coding region xref gene does not exist
prokka_out/CA110357:CDS	hypothetical protein	NODE_15_length_37051_cov_31.152800:c30704-29589	OBHBHFCO_01309

DiscRep_SUB:FEATURE_LOCATION_CONFLICT::Coding region xref gene does not exist
prokka_out/CA110357:CDS	Transketolase	NODE_15_length_37051_cov_31.152800:c32604-30706	OBHBHFCO_01310

DiscRep_SUB:FEATURE_LOCATION_CONFLICT::Coding region xref gene does not exist
prokka_out/CA110357:CDS	Farnesyl diphosphate synthase	NODE_15_length_37051_cov_31.152800:c33453-32614	OBHBHFCO_01311

DiscRep_SUB:FEATURE_LOCATION_CONFLICT::Coding region xref gene does not exist
prokka_out/CA110357:CDS	hypothetical protein	NODE_15_length_37051_cov_31.152800:c34541-33450	OBHBHFCO_01312

DiscRep_SUB:FEATURE_LOCATION_CONFLICT::Coding region xref gene does not exist
prokka_out/CA110357:CDS	Nucleoid-associated protein	NODE_15_length_37051_cov_31.152800:c34843-34538	OBHBHFCO_01313

DiscRep_SUB:FEATURE_LOCATION_CONFLICT::Coding region xref gene does not exist
prokka_out/CA110357:CDS	UDP-N-acetylmuramoyl-L-alanyl-D-glutamate--2,6-diaminopimelate ligase	NODE_15_length_37051_cov_31.152800:c36130-34847	OBHBHFCO_01314

DiscRep_SUB:FEATURE_LOCATION_CONFLICT::Coding region xref gene does not exist
prokka_out/CA110357:CDS	hypothetical protein	NODE_15_length_37051_cov_31.152800:c36671-36114	OBHBHFCO_01315

DiscRep_SUB:FEATURE_LOCATION_CONFLICT::Coding region xref gene does not exist
prokka_out/CA110357:CDS	hypothetical protein	NODE_15_length_37051_cov_31.152800:c36927-36658	OBHBHFCO_01316

DiscRep_SUB:FEATURE_LOCATION_CONFLICT::Coding region xref gene does not exist
prokka_out/CA110357:CDS	Cysteine desulfurase	NODE_16_length_36957_cov_22.562205:812-2080	OBHBHFCO_01317

DiscRep_SUB:FEATURE_LOCATION_CONFLICT::Coding region xref gene does not exist
prokka_out/CA110357:CDS	hypothetical protein	NODE_16_length_36957_cov_22.562205:c3542-2757	OBHBHFCO_01325

DiscRep_SUB:FEATURE_LOCATION_CONFLICT::Coding region xref gene does not exist
prokka_out/CA110357:CDS	hypothetical protein	NODE_16_length_36957_cov_22.562205:3666-4043	OBHBHFCO_01326

DiscRep_SUB:FEATURE_LOCATION_CONFLICT::Coding region xref gene does not exist
prokka_out/CA110357:CDS	hypothetical protein	NODE_16_length_36957_cov_22.562205:c5170-4052	OBHBHFCO_01327

DiscRep_SUB:FEATURE_LOCATION_CONFLICT::Coding region xref gene does not exist
prokka_out/CA110357:CDS	Lipoprotein-releasing system transmembrane protein LolE	NODE_16_length_36957_cov_22.562205:c6385-5180	OBHBHFCO_01328

DiscRep_SUB:FEATURE_LOCATION_CONFLICT::Coding region xref gene does not exist
prokka_out/CA110357:CDS	Protein translocase subunit SecA	NODE_16_length_36957_cov_22.562205:c8970-6382	OBHBHFCO_01329

DiscRep_SUB:FEATURE_LOCATION_CONFLICT::Coding region xref gene does not exist
prokka_out/CA110357:CDS	Outer-membrane lipoprotein carrier protein	NODE_16_length_36957_cov_22.562205:9079-9588	OBHBHFCO_01330

DiscRep_SUB:FEATURE_LOCATION_CONFLICT::Coding region xref gene does not exist
prokka_out/CA110357:CDS	hypothetical protein	NODE_16_length_36957_cov_22.562205:c10289-9591	OBHBHFCO_01331

DiscRep_SUB:FEATURE_LOCATION_CONFLICT::Coding region xref gene does not exist
prokka_out/CA110357:CDS	ATP-dependent RecD-like DNA helicase	NODE_16_length_36957_cov_22.562205:c11643-10300	OBHBHFCO_01332

DiscRep_SUB:FEATURE_LOCATION_CONFLICT::Coding region xref gene does not exist
prokka_out/CA110357:CDS	hypothetical protein	NODE_16_length_36957_cov_22.562205:11692-13056	OBHBHFCO_01333

DiscRep_SUB:FEATURE_LOCATION_CONFLICT::Coding region xref gene does not exist
prokka_out/CA110357:CDS	N-carbamoyl-D-amino acid hydrolase	NODE_16_length_36957_cov_22.562205:c13965-13093	OBHBHFCO_01334

DiscRep_SUB:FEATURE_LOCATION_CONFLICT::Coding region xref gene does not exist
prokka_out/CA110357:CDS	Ferrous-iron efflux pump FieF	NODE_16_length_36957_cov_22.562205:c14849-13962	OBHBHFCO_01335

DiscRep_SUB:FEATURE_LOCATION_CONFLICT::Coding region xref gene does not exist
prokka_out/CA110357:CDS	Agmatine deiminase	NODE_16_length_36957_cov_22.562205:c15823-14846	OBHBHFCO_01336

DiscRep_SUB:FEATURE_LOCATION_CONFLICT::Coding region xref gene does not exist
prokka_out/CA110357:CDS	hypothetical protein	NODE_16_length_36957_cov_22.562205:c16357-15920	OBHBHFCO_01337

DiscRep_SUB:FEATURE_LOCATION_CONFLICT::Coding region xref gene does not exist
prokka_out/CA110357:CDS	hypothetical protein	NODE_16_length_36957_cov_22.562205:c17959-16367	OBHBHFCO_01338

DiscRep_SUB:FEATURE_LOCATION_CONFLICT::Coding region xref gene does not exist
prokka_out/CA110357:CDS	Bifunctional purine biosynthesis protein PurH	NODE_16_length_36957_cov_22.562205:c19586-18054	OBHBHFCO_01339

DiscRep_SUB:FEATURE_LOCATION_CONFLICT::Coding region xref gene does not exist
prokka_out/CA110357:CDS	Co-chaperone protein DjlA	NODE_16_length_36957_cov_22.562205:c20472-19702	OBHBHFCO_01340

DiscRep_SUB:FEATURE_LOCATION_CONFLICT::Coding region xref gene does not exist
prokka_out/CA110357:CDS	Phosphoribosylformylglycinamidine synthase subunit PurL	NODE_16_length_36957_cov_22.562205:c22655-20469	OBHBHFCO_01341

DiscRep_SUB:FEATURE_LOCATION_CONFLICT::Coding region xref gene does not exist
prokka_out/CA110357:CDS	tRNA modification GTPase MnmE	NODE_16_length_36957_cov_22.562205:c23994-22666	OBHBHFCO_01342

DiscRep_SUB:FEATURE_LOCATION_CONFLICT::Coding region xref gene does not exist
prokka_out/CA110357:CDS	hypothetical protein	NODE_16_length_36957_cov_22.562205:c24838-23987	OBHBHFCO_01343

DiscRep_SUB:FEATURE_LOCATION_CONFLICT::Coding region xref gene does not exist
prokka_out/CA110357:CDS	Membrane protein insertase YidC	NODE_16_length_36957_cov_22.562205:c26438-24843	OBHBHFCO_01344

DiscRep_SUB:FEATURE_LOCATION_CONFLICT::Coding region xref gene does not exist
prokka_out/CA110357:CDS	Putative membrane protein insertion efficiency factor	NODE_16_length_36957_cov_22.562205:c26809-26435	OBHBHFCO_01345

DiscRep_SUB:FEATURE_LOCATION_CONFLICT::Coding region xref gene does not exist
prokka_out/CA110357:CDS	Ribonuclease P protein component	NODE_16_length_36957_cov_22.562205:c27102-26776	OBHBHFCO_01346

DiscRep_SUB:FEATURE_LOCATION_CONFLICT::Coding region xref gene does not exist
prokka_out/CA110357:CDS	50S ribosomal protein L34	NODE_16_length_36957_cov_22.562205:c27233-27099	OBHBHFCO_01347

DiscRep_SUB:FEATURE_LOCATION_CONFLICT::Coding region xref gene does not exist
prokka_out/CA110357:CDS	hypothetical protein	NODE_16_length_36957_cov_22.562205:27372-27851	OBHBHFCO_01348

DiscRep_SUB:FEATURE_LOCATION_CONFLICT::Coding region xref gene does not exist
prokka_out/CA110357:CDS	hypothetical protein	NODE_16_length_36957_cov_22.562205:27848-28456	OBHBHFCO_01349

DiscRep_SUB:FEATURE_LOCATION_CONFLICT::Coding region xref gene does not exist
prokka_out/CA110357:CDS	hypothetical protein	NODE_16_length_36957_cov_22.562205:28453-29649	OBHBHFCO_01350

DiscRep_SUB:FEATURE_LOCATION_CONFLICT::Coding region xref gene does not exist
prokka_out/CA110357:CDS	Acyl-CoA thioesterase YbgC	NODE_16_length_36957_cov_22.562205:c30015-29641	OBHBHFCO_01351

DiscRep_SUB:FEATURE_LOCATION_CONFLICT::Coding region xref gene does not exist
prokka_out/CA110357:CDS	hypothetical protein	NODE_16_length_36957_cov_22.562205:c31577-30291	OBHBHFCO_01352

DiscRep_SUB:FEATURE_LOCATION_CONFLICT::Coding region xref gene does not exist
prokka_out/CA110357:CDS	hypothetical protein	NODE_16_length_36957_cov_22.562205:c32119-31619	OBHBHFCO_01353

DiscRep_SUB:FEATURE_LOCATION_CONFLICT::Coding region xref gene does not exist
prokka_out/CA110357:CDS	hypothetical protein	NODE_16_length_36957_cov_22.562205:c32358-32131	OBHBHFCO_01354

DiscRep_SUB:FEATURE_LOCATION_CONFLICT::Coding region xref gene does not exist
prokka_out/CA110357:CDS	hypothetical protein	NODE_16_length_36957_cov_22.562205:c32995-32312	OBHBHFCO_01355

DiscRep_SUB:FEATURE_LOCATION_CONFLICT::Coding region xref gene does not exist
prokka_out/CA110357:CDS	hypothetical protein	NODE_16_length_36957_cov_22.562205:c33742-33005	OBHBHFCO_01356

DiscRep_SUB:FEATURE_LOCATION_CONFLICT::Coding region xref gene does not exist
prokka_out/CA110357:CDS	hypothetical protein	NODE_16_length_36957_cov_22.562205:c35138-33732	OBHBHFCO_01357

DiscRep_SUB:FEATURE_LOCATION_CONFLICT::Coding region xref gene does not exist
prokka_out/CA110357:CDS	hypothetical protein	NODE_16_length_36957_cov_22.562205:c35475-35194	OBHBHFCO_01358

DiscRep_SUB:FEATURE_LOCATION_CONFLICT::Coding region xref gene does not exist
prokka_out/CA110357:CDS	hypothetical protein	NODE_16_length_36957_cov_22.562205:c36147-35833	OBHBHFCO_01359

DiscRep_SUB:FEATURE_LOCATION_CONFLICT::Coding region xref gene does not exist
prokka_out/CA110357:CDS	hypothetical protein	NODE_16_length_36957_cov_22.562205:c36393-36175	OBHBHFCO_01360

DiscRep_SUB:FEATURE_LOCATION_CONFLICT::Coding region xref gene does not exist
prokka_out/CA110357:CDS	hypothetical protein	NODE_16_length_36957_cov_22.562205:c36689-36540	OBHBHFCO_01361

DiscRep_SUB:FEATURE_LOCATION_CONFLICT::RNA feature xref gene does not exist
prokka_out/CA110357:tRNA	Asp	NODE_16_length_36957_cov_22.562205:c2160-2084	OBHBHFCO_01318

DiscRep_SUB:FEATURE_LOCATION_CONFLICT::RNA feature xref gene does not exist
prokka_out/CA110357:tRNA	Val	NODE_16_length_36957_cov_22.562205:c2257-2182	OBHBHFCO_01319

DiscRep_SUB:FEATURE_LOCATION_CONFLICT::RNA feature xref gene does not exist
prokka_out/CA110357:tRNA	Glu	NODE_16_length_36957_cov_22.562205:c2341-2266	OBHBHFCO_01320

DiscRep_SUB:FEATURE_LOCATION_CONFLICT::RNA feature xref gene does not exist
prokka_out/CA110357:tRNA	Lys	NODE_16_length_36957_cov_22.562205:c2430-2355	OBHBHFCO_01321

DiscRep_SUB:FEATURE_LOCATION_CONFLICT::RNA feature xref gene does not exist
prokka_out/CA110357:tRNA	Asp	NODE_16_length_36957_cov_22.562205:c2510-2434	OBHBHFCO_01322

DiscRep_SUB:FEATURE_LOCATION_CONFLICT::RNA feature xref gene does not exist
prokka_out/CA110357:tRNA	Val	NODE_16_length_36957_cov_22.562205:c2607-2532	OBHBHFCO_01323

DiscRep_SUB:FEATURE_LOCATION_CONFLICT::RNA feature xref gene does not exist
prokka_out/CA110357:tRNA	Lys	NODE_16_length_36957_cov_22.562205:c2695-2620	OBHBHFCO_01324

DiscRep_SUB:FEATURE_LOCATION_CONFLICT::Coding region xref gene does not exist
prokka_out/CA110357:CDS	Ubiquinone biosynthesis O-methyltransferase, mitochondrial	NODE_17_length_32617_cov_27.744014:244-954	OBHBHFCO_01362

DiscRep_SUB:FEATURE_LOCATION_CONFLICT::Coding region xref gene does not exist
prokka_out/CA110357:CDS	hypothetical protein	NODE_17_length_32617_cov_27.744014:1107-1481	OBHBHFCO_01363

DiscRep_SUB:FEATURE_LOCATION_CONFLICT::Coding region xref gene does not exist
prokka_out/CA110357:CDS	Dihydroorotase	NODE_17_length_32617_cov_27.744014:c2526-1522	OBHBHFCO_01364

DiscRep_SUB:FEATURE_LOCATION_CONFLICT::Coding region xref gene does not exist
prokka_out/CA110357:CDS	hypothetical protein	NODE_17_length_32617_cov_27.744014:c2870-2628	OBHBHFCO_01365

DiscRep_SUB:FEATURE_LOCATION_CONFLICT::Coding region xref gene does not exist
prokka_out/CA110357:CDS	Diacylglycerol kinase	NODE_17_length_32617_cov_27.744014:c3217-2861	OBHBHFCO_01366

DiscRep_SUB:FEATURE_LOCATION_CONFLICT::Coding region xref gene does not exist
prokka_out/CA110357:CDS	Phosphoethanolamine transferase EptA	NODE_17_length_32617_cov_27.744014:c4764-3217	OBHBHFCO_01367

DiscRep_SUB:FEATURE_LOCATION_CONFLICT::Coding region xref gene does not exist
prokka_out/CA110357:CDS	Exodeoxyribonuclease	NODE_17_length_32617_cov_27.744014:4880-5638	OBHBHFCO_01368

DiscRep_SUB:FEATURE_LOCATION_CONFLICT::Coding region xref gene does not exist
prokka_out/CA110357:CDS	hypothetical protein	NODE_17_length_32617_cov_27.744014:c6792-5656	OBHBHFCO_01369

DiscRep_SUB:FEATURE_LOCATION_CONFLICT::Coding region xref gene does not exist
prokka_out/CA110357:CDS	hypothetical protein	NODE_17_length_32617_cov_27.744014:c7070-6807	OBHBHFCO_01370

DiscRep_SUB:FEATURE_LOCATION_CONFLICT::Coding region xref gene does not exist
prokka_out/CA110357:CDS	Cyclic pyranopterin monophosphate synthase	NODE_17_length_32617_cov_27.744014:c7521-7048	OBHBHFCO_01371

DiscRep_SUB:FEATURE_LOCATION_CONFLICT::Coding region xref gene does not exist
prokka_out/CA110357:CDS	hypothetical protein	NODE_17_length_32617_cov_27.744014:7616-7768	OBHBHFCO_01372

DiscRep_SUB:FEATURE_LOCATION_CONFLICT::Coding region xref gene does not exist
prokka_out/CA110357:CDS	Proline/betaine transporter	NODE_17_length_32617_cov_27.744014:7771-9081	OBHBHFCO_01373

DiscRep_SUB:FEATURE_LOCATION_CONFLICT::Coding region xref gene does not exist
prokka_out/CA110357:CDS	hypothetical protein	NODE_17_length_32617_cov_27.744014:c9526-9050	OBHBHFCO_01374

DiscRep_SUB:FEATURE_LOCATION_CONFLICT::Coding region xref gene does not exist
prokka_out/CA110357:CDS	hypothetical protein	NODE_17_length_32617_cov_27.744014:c10411-9548	OBHBHFCO_01375

DiscRep_SUB:FEATURE_LOCATION_CONFLICT::Coding region xref gene does not exist
prokka_out/CA110357:CDS	50S ribosomal protein L20	NODE_17_length_32617_cov_27.744014:c11051-10698	OBHBHFCO_01376

DiscRep_SUB:FEATURE_LOCATION_CONFLICT::Coding region xref gene does not exist
prokka_out/CA110357:CDS	hypothetical protein	NODE_17_length_32617_cov_27.744014:c11336-11145	OBHBHFCO_01377

DiscRep_SUB:FEATURE_LOCATION_CONFLICT::Coding region xref gene does not exist
prokka_out/CA110357:CDS	hypothetical protein	NODE_17_length_32617_cov_27.744014:11489-12655	OBHBHFCO_01378

DiscRep_SUB:FEATURE_LOCATION_CONFLICT::Coding region xref gene does not exist
prokka_out/CA110357:CDS	Cysteine desulfurase IscS	NODE_17_length_32617_cov_27.744014:12830-14011	OBHBHFCO_01379

DiscRep_SUB:FEATURE_LOCATION_CONFLICT::Coding region xref gene does not exist
prokka_out/CA110357:CDS	hypothetical protein	NODE_17_length_32617_cov_27.744014:14021-14992	OBHBHFCO_01380

DiscRep_SUB:FEATURE_LOCATION_CONFLICT::Coding region xref gene does not exist
prokka_out/CA110357:CDS	hypothetical protein	NODE_17_length_32617_cov_27.744014:c16899-15016	OBHBHFCO_01381

DiscRep_SUB:FEATURE_LOCATION_CONFLICT::Coding region xref gene does not exist
prokka_out/CA110357:CDS	Carbonic anhydrase 1	NODE_17_length_32617_cov_27.744014:c17531-16896	OBHBHFCO_01382

DiscRep_SUB:FEATURE_LOCATION_CONFLICT::Coding region xref gene does not exist
prokka_out/CA110357:CDS	Modulator of FtsH protease YccA	NODE_17_length_32617_cov_27.744014:17690-18385	OBHBHFCO_01383

DiscRep_SUB:FEATURE_LOCATION_CONFLICT::Coding region xref gene does not exist
prokka_out/CA110357:CDS	hypothetical protein	NODE_17_length_32617_cov_27.744014:18492-18848	OBHBHFCO_01384

DiscRep_SUB:FEATURE_LOCATION_CONFLICT::Coding region xref gene does not exist
prokka_out/CA110357:CDS	Ribosome-recycling factor	NODE_17_length_32617_cov_27.744014:18865-19422	OBHBHFCO_01385

DiscRep_SUB:FEATURE_LOCATION_CONFLICT::Coding region xref gene does not exist
prokka_out/CA110357:CDS	Orotate phosphoribosyltransferase	NODE_17_length_32617_cov_27.744014:19425-20033	OBHBHFCO_01386

DiscRep_SUB:FEATURE_LOCATION_CONFLICT::Coding region xref gene does not exist
prokka_out/CA110357:CDS	hypothetical protein	NODE_17_length_32617_cov_27.744014:20034-20444	OBHBHFCO_01387

DiscRep_SUB:FEATURE_LOCATION_CONFLICT::Coding region xref gene does not exist
prokka_out/CA110357:CDS	Ribonucleoside-diphosphate reductase subunit beta	NODE_17_length_32617_cov_27.744014:20459-21481	OBHBHFCO_01388

DiscRep_SUB:FEATURE_LOCATION_CONFLICT::Coding region xref gene does not exist
prokka_out/CA110357:CDS	Nicotinate phosphoribosyltransferase pncB2	NODE_17_length_32617_cov_27.744014:21503-22891	OBHBHFCO_01389

DiscRep_SUB:FEATURE_LOCATION_CONFLICT::Coding region xref gene does not exist
prokka_out/CA110357:CDS	Protein YrdA	NODE_17_length_32617_cov_27.744014:c23524-22985	OBHBHFCO_01390

DiscRep_SUB:FEATURE_LOCATION_CONFLICT::Coding region xref gene does not exist
prokka_out/CA110357:CDS	Protein-L-isoaspartate O-methyltransferase	NODE_17_length_32617_cov_27.744014:23643-24272	OBHBHFCO_01391

DiscRep_SUB:FEATURE_LOCATION_CONFLICT::Coding region xref gene does not exist
prokka_out/CA110357:CDS	Acetylornithine aminotransferase	NODE_17_length_32617_cov_27.744014:c25476-24292	OBHBHFCO_01392

DiscRep_SUB:FEATURE_LOCATION_CONFLICT::Coding region xref gene does not exist
prokka_out/CA110357:CDS	Acetylglutamate kinase	NODE_17_length_32617_cov_27.744014:c26325-25486	OBHBHFCO_01393

DiscRep_SUB:FEATURE_LOCATION_CONFLICT::Coding region xref gene does not exist
prokka_out/CA110357:CDS	Acetyltransferase YpeA	NODE_17_length_32617_cov_27.744014:c26781-26335	OBHBHFCO_01394

DiscRep_SUB:FEATURE_LOCATION_CONFLICT::Coding region xref gene does not exist
prokka_out/CA110357:CDS	N-acetyl-gamma-glutamyl-phosphate reductase	NODE_17_length_32617_cov_27.744014:c27820-26792	OBHBHFCO_01395

DiscRep_SUB:FEATURE_LOCATION_CONFLICT::Coding region xref gene does not exist
prokka_out/CA110357:CDS	Modification methylase FokI	NODE_17_length_32617_cov_27.744014:c29116-28013	OBHBHFCO_01396

DiscRep_SUB:FEATURE_LOCATION_CONFLICT::Coding region xref gene does not exist
prokka_out/CA110357:CDS	Translation initiation factor IF-3	NODE_17_length_32617_cov_27.744014:c29674-29156	OBHBHFCO_01397

DiscRep_SUB:FEATURE_LOCATION_CONFLICT::Coding region xref gene does not exist
prokka_out/CA110357:CDS	Threonine--tRNA ligase 2	NODE_17_length_32617_cov_27.744014:c31479-29671	OBHBHFCO_01398

DiscRep_SUB:FEATURE_LOCATION_CONFLICT::Coding region xref gene does not exist
prokka_out/CA110357:CDS	Undecaprenyl-diphosphatase	NODE_17_length_32617_cov_27.744014:c32414-31611	OBHBHFCO_01399

DiscRep_SUB:FEATURE_LOCATION_CONFLICT::Coding region xref gene does not exist
prokka_out/CA110357:CDS	hypothetical protein	NODE_18_length_28760_cov_27.563196:c633-199	OBHBHFCO_01400

DiscRep_SUB:FEATURE_LOCATION_CONFLICT::Coding region xref gene does not exist
prokka_out/CA110357:CDS	hypothetical protein	NODE_18_length_28760_cov_27.563196:c848-630	OBHBHFCO_01401

DiscRep_SUB:FEATURE_LOCATION_CONFLICT::Coding region xref gene does not exist
prokka_out/CA110357:CDS	Proline/betaine transporter	NODE_18_length_28760_cov_27.563196:1159-2466	OBHBHFCO_01402

DiscRep_SUB:FEATURE_LOCATION_CONFLICT::Coding region xref gene does not exist
prokka_out/CA110357:CDS	ABC transporter ATP-binding/permease protein YojI	NODE_18_length_28760_cov_27.563196:2503-4134	OBHBHFCO_01403

DiscRep_SUB:FEATURE_LOCATION_CONFLICT::Coding region xref gene does not exist
prokka_out/CA110357:CDS	Bacterial hemoglobin	NODE_18_length_28760_cov_27.563196:c4576-4154	OBHBHFCO_01404

DiscRep_SUB:FEATURE_LOCATION_CONFLICT::Coding region xref gene does not exist
prokka_out/CA110357:CDS	hypothetical protein	NODE_18_length_28760_cov_27.563196:4728-7505	OBHBHFCO_01405

DiscRep_SUB:FEATURE_LOCATION_CONFLICT::Coding region xref gene does not exist
prokka_out/CA110357:CDS	Oligopeptide-binding protein AppA	NODE_18_length_28760_cov_27.563196:7610-9148	OBHBHFCO_01406

DiscRep_SUB:FEATURE_LOCATION_CONFLICT::Coding region xref gene does not exist
prokka_out/CA110357:CDS	Metal-staphylopine import system permease protein CntB	NODE_18_length_28760_cov_27.563196:9149-10093	OBHBHFCO_01407

DiscRep_SUB:FEATURE_LOCATION_CONFLICT::Coding region xref gene does not exist
prokka_out/CA110357:CDS	Dipeptide transport system permease protein DppC	NODE_18_length_28760_cov_27.563196:10119-10874	OBHBHFCO_01408

DiscRep_SUB:FEATURE_LOCATION_CONFLICT::Coding region xref gene does not exist
prokka_out/CA110357:CDS	Dipeptide transport ATP-binding protein DppD	NODE_18_length_28760_cov_27.563196:10871-11581	OBHBHFCO_01409

DiscRep_SUB:FEATURE_LOCATION_CONFLICT::Coding region xref gene does not exist
prokka_out/CA110357:CDS	Nickel import ATP-binding protein NikE	NODE_18_length_28760_cov_27.563196:11574-12239	OBHBHFCO_01410

DiscRep_SUB:FEATURE_LOCATION_CONFLICT::Coding region xref gene does not exist
prokka_out/CA110357:CDS	NAD(P)H-quinone oxidoreductase subunit 3, chloroplastic	NODE_18_length_28760_cov_27.563196:12357-12746	OBHBHFCO_01411

DiscRep_SUB:FEATURE_LOCATION_CONFLICT::Coding region xref gene does not exist
prokka_out/CA110357:CDS	NADH-quinone oxidoreductase subunit 6	NODE_18_length_28760_cov_27.563196:12728-13231	OBHBHFCO_01412

DiscRep_SUB:FEATURE_LOCATION_CONFLICT::Coding region xref gene does not exist
prokka_out/CA110357:CDS	NAD(P)H-quinone oxidoreductase subunit J, chloroplastic	NODE_18_length_28760_cov_27.563196:13231-14022	OBHBHFCO_01413

DiscRep_SUB:FEATURE_LOCATION_CONFLICT::Coding region xref gene does not exist
prokka_out/CA110357:CDS	NADH-quinone oxidoreductase subunit D	NODE_18_length_28760_cov_27.563196:14024-15250	OBHBHFCO_01414

DiscRep_SUB:FEATURE_LOCATION_CONFLICT::Coding region xref gene does not exist
prokka_out/CA110357:CDS	hypothetical protein	NODE_18_length_28760_cov_27.563196:15247-15474	OBHBHFCO_01415

DiscRep_SUB:FEATURE_LOCATION_CONFLICT::Coding region xref gene does not exist
prokka_out/CA110357:CDS	hypothetical protein	NODE_18_length_28760_cov_27.563196:15471-16163	OBHBHFCO_01416

DiscRep_SUB:FEATURE_LOCATION_CONFLICT::Coding region xref gene does not exist
prokka_out/CA110357:CDS	hypothetical protein	NODE_18_length_28760_cov_27.563196:16160-18622	OBHBHFCO_01417

DiscRep_SUB:FEATURE_LOCATION_CONFLICT::Coding region xref gene does not exist
prokka_out/CA110357:CDS	NADH-quinone oxidoreductase subunit H	NODE_18_length_28760_cov_27.563196:18615-19613	OBHBHFCO_01418

DiscRep_SUB:FEATURE_LOCATION_CONFLICT::Coding region xref gene does not exist
prokka_out/CA110357:CDS	NAD(P)H-quinone oxidoreductase subunit I, chloroplastic	NODE_18_length_28760_cov_27.563196:19623-20288	OBHBHFCO_01419

DiscRep_SUB:FEATURE_LOCATION_CONFLICT::Coding region xref gene does not exist
prokka_out/CA110357:CDS	hypothetical protein	NODE_18_length_28760_cov_27.563196:20285-20800	OBHBHFCO_01420

DiscRep_SUB:FEATURE_LOCATION_CONFLICT::Coding region xref gene does not exist
prokka_out/CA110357:CDS	NADH-quinone oxidoreductase subunit K	NODE_18_length_28760_cov_27.563196:20800-21093	OBHBHFCO_01421

DiscRep_SUB:FEATURE_LOCATION_CONFLICT::Coding region xref gene does not exist
prokka_out/CA110357:CDS	NADH-quinone oxidoreductase subunit L	NODE_18_length_28760_cov_27.563196:21096-22886	OBHBHFCO_01422

DiscRep_SUB:FEATURE_LOCATION_CONFLICT::Coding region xref gene does not exist
prokka_out/CA110357:CDS	NAD(P)H-quinone oxidoreductase chain 4	NODE_18_length_28760_cov_27.563196:22888-24378	OBHBHFCO_01423

DiscRep_SUB:FEATURE_LOCATION_CONFLICT::Coding region xref gene does not exist
prokka_out/CA110357:CDS	NAD(P)H-quinone oxidoreductase subunit 2, chloroplastic	NODE_18_length_28760_cov_27.563196:24368-25741	OBHBHFCO_01424

DiscRep_SUB:FEATURE_LOCATION_CONFLICT::Coding region xref gene does not exist
prokka_out/CA110357:CDS	hypothetical protein	NODE_18_length_28760_cov_27.563196:25754-28120	OBHBHFCO_01425

DiscRep_SUB:FEATURE_LOCATION_CONFLICT::Coding region xref gene does not exist
prokka_out/CA110357:CDS	hypothetical protein	NODE_19_length_28675_cov_23.424793:101-394	OBHBHFCO_01426

DiscRep_SUB:FEATURE_LOCATION_CONFLICT::Coding region xref gene does not exist
prokka_out/CA110357:CDS	hypothetical protein	NODE_19_length_28675_cov_23.424793:495-911	OBHBHFCO_01427

DiscRep_SUB:FEATURE_LOCATION_CONFLICT::Coding region xref gene does not exist
prokka_out/CA110357:CDS	hypothetical protein	NODE_19_length_28675_cov_23.424793:915-1367	OBHBHFCO_01428

DiscRep_SUB:FEATURE_LOCATION_CONFLICT::Coding region xref gene does not exist
prokka_out/CA110357:CDS	hypothetical protein	NODE_19_length_28675_cov_23.424793:1364-1918	OBHBHFCO_01429

DiscRep_SUB:FEATURE_LOCATION_CONFLICT::Coding region xref gene does not exist
prokka_out/CA110357:CDS	Cysteine synthase	NODE_19_length_28675_cov_23.424793:c2823-1924	OBHBHFCO_01430

DiscRep_SUB:FEATURE_LOCATION_CONFLICT::Coding region xref gene does not exist
prokka_out/CA110357:CDS	DNA-binding protein HU	NODE_19_length_28675_cov_23.424793:c3241-2951	OBHBHFCO_01431

DiscRep_SUB:FEATURE_LOCATION_CONFLICT::Coding region xref gene does not exist
prokka_out/CA110357:CDS	hypothetical protein	NODE_19_length_28675_cov_23.424793:c5159-3318	OBHBHFCO_01432

DiscRep_SUB:FEATURE_LOCATION_CONFLICT::Coding region xref gene does not exist
prokka_out/CA110357:CDS	putative acyl-CoA thioester hydrolase	NODE_19_length_28675_cov_23.424793:5224-5637	OBHBHFCO_01433

DiscRep_SUB:FEATURE_LOCATION_CONFLICT::Coding region xref gene does not exist
prokka_out/CA110357:CDS	Peptide transporter CstA	NODE_19_length_28675_cov_23.424793:c7972-5861	OBHBHFCO_01434

DiscRep_SUB:FEATURE_LOCATION_CONFLICT::Coding region xref gene does not exist
prokka_out/CA110357:CDS	Ribose-phosphate pyrophosphokinase	NODE_19_length_28675_cov_23.424793:c9288-8359	OBHBHFCO_01435

DiscRep_SUB:FEATURE_LOCATION_CONFLICT::Coding region xref gene does not exist
prokka_out/CA110357:CDS	putative glutamine ABC transporter permease protein GlnP	NODE_19_length_28675_cov_23.424793:c10048-9389	OBHBHFCO_01436

DiscRep_SUB:FEATURE_LOCATION_CONFLICT::Coding region xref gene does not exist
prokka_out/CA110357:CDS	putative glutamine ABC transporter permease protein GlnM	NODE_19_length_28675_cov_23.424793:c10811-10059	OBHBHFCO_01437

DiscRep_SUB:FEATURE_LOCATION_CONFLICT::Coding region xref gene does not exist
prokka_out/CA110357:CDS	Major cell-binding factor	NODE_19_length_28675_cov_23.424793:c11592-10813	OBHBHFCO_01438

DiscRep_SUB:FEATURE_LOCATION_CONFLICT::Coding region xref gene does not exist
prokka_out/CA110357:CDS	Glutamine transport ATP-binding protein GlnQ	NODE_19_length_28675_cov_23.424793:c12345-11617	OBHBHFCO_01439

DiscRep_SUB:FEATURE_LOCATION_CONFLICT::Coding region xref gene does not exist
prokka_out/CA110357:CDS	Chemotaxis protein methyltransferase	NODE_19_length_28675_cov_23.424793:c13296-12508	OBHBHFCO_01440

DiscRep_SUB:FEATURE_LOCATION_CONFLICT::Coding region xref gene does not exist
prokka_out/CA110357:CDS	Protein-glutamate methylesterase/protein-glutamine glutaminase	NODE_19_length_28675_cov_23.424793:c13863-13309	OBHBHFCO_01441

DiscRep_SUB:FEATURE_LOCATION_CONFLICT::Coding region xref gene does not exist
prokka_out/CA110357:CDS	Ribose-5-phosphate isomerase B	NODE_19_length_28675_cov_23.424793:14032-14469	OBHBHFCO_01442

DiscRep_SUB:FEATURE_LOCATION_CONFLICT::Coding region xref gene does not exist
prokka_out/CA110357:CDS	hypothetical protein	NODE_19_length_28675_cov_23.424793:14469-14801	OBHBHFCO_01443

DiscRep_SUB:FEATURE_LOCATION_CONFLICT::Coding region xref gene does not exist
prokka_out/CA110357:CDS	Adenine phosphoribosyltransferase	NODE_19_length_28675_cov_23.424793:14798-15346	OBHBHFCO_01444

DiscRep_SUB:FEATURE_LOCATION_CONFLICT::Coding region xref gene does not exist
prokka_out/CA110357:CDS	hypothetical protein	NODE_19_length_28675_cov_23.424793:15356-16051	OBHBHFCO_01445

DiscRep_SUB:FEATURE_LOCATION_CONFLICT::Coding region xref gene does not exist
prokka_out/CA110357:CDS	Cytosol aminopeptidase	NODE_19_length_28675_cov_23.424793:16041-17492	OBHBHFCO_01446

DiscRep_SUB:FEATURE_LOCATION_CONFLICT::Coding region xref gene does not exist
prokka_out/CA110357:CDS	Ribosome-binding ATPase YchF	NODE_19_length_28675_cov_23.424793:17489-18592	OBHBHFCO_01447

DiscRep_SUB:FEATURE_LOCATION_CONFLICT::Coding region xref gene does not exist
prokka_out/CA110357:CDS	Argininosuccinate lyase	NODE_19_length_28675_cov_23.424793:c19984-18599	OBHBHFCO_01448

DiscRep_SUB:FEATURE_LOCATION_CONFLICT::Coding region xref gene does not exist
prokka_out/CA110357:CDS	Phosphoenolpyruvate carboxykinase (ATP)	NODE_19_length_28675_cov_23.424793:c21568-19994	OBHBHFCO_01449

DiscRep_SUB:FEATURE_LOCATION_CONFLICT::Coding region xref gene does not exist
prokka_out/CA110357:CDS	Oxaloacetate decarboxylase alpha chain	NODE_19_length_28675_cov_23.424793:c23370-21577	OBHBHFCO_01450

DiscRep_SUB:FEATURE_LOCATION_CONFLICT::Coding region xref gene does not exist
prokka_out/CA110357:CDS	hypothetical protein	NODE_19_length_28675_cov_23.424793:c24742-23393	OBHBHFCO_01451

DiscRep_SUB:FEATURE_LOCATION_CONFLICT::Coding region xref gene does not exist
prokka_out/CA110357:CDS	hypothetical protein	NODE_19_length_28675_cov_23.424793:c26090-24756	OBHBHFCO_01452

DiscRep_SUB:FEATURE_LOCATION_CONFLICT::Coding region xref gene does not exist
prokka_out/CA110357:CDS	ATP synthase subunit c	NODE_19_length_28675_cov_23.424793:26334-26672	OBHBHFCO_01453

DiscRep_SUB:FEATURE_LOCATION_CONFLICT::Coding region xref gene does not exist
prokka_out/CA110357:CDS	hypothetical protein	NODE_19_length_28675_cov_23.424793:27322-27504	OBHBHFCO_01455

DiscRep_SUB:FEATURE_LOCATION_CONFLICT::Coding region xref gene does not exist
prokka_out/CA110357:CDS	hypothetical protein	NODE_19_length_28675_cov_23.424793:27696-28595	OBHBHFCO_01456

DiscRep_SUB:FEATURE_LOCATION_CONFLICT::RNA feature xref gene does not exist
prokka_out/CA110357:tRNA	Leu	NODE_19_length_28675_cov_23.424793:26729-26814	OBHBHFCO_01454

DiscRep_SUB:FEATURE_LOCATION_CONFLICT::Coding region xref gene does not exist
prokka_out/CA110357:CDS	hypothetical protein	NODE_20_length_25761_cov_32.456815:c1321-407	OBHBHFCO_01457

DiscRep_SUB:FEATURE_LOCATION_CONFLICT::Coding region xref gene does not exist
prokka_out/CA110357:CDS	hypothetical protein	NODE_20_length_25761_cov_32.456815:2268-2603	OBHBHFCO_01458

DiscRep_SUB:FEATURE_LOCATION_CONFLICT::Coding region xref gene does not exist
prokka_out/CA110357:CDS	hypothetical protein	NODE_20_length_25761_cov_32.456815:c2921-2598	OBHBHFCO_01459

DiscRep_SUB:FEATURE_LOCATION_CONFLICT::Coding region xref gene does not exist
prokka_out/CA110357:CDS	hypothetical protein	NODE_20_length_25761_cov_32.456815:3120-3503	OBHBHFCO_01460

DiscRep_SUB:FEATURE_LOCATION_CONFLICT::Coding region xref gene does not exist
prokka_out/CA110357:CDS	hypothetical protein	NODE_20_length_25761_cov_32.456815:3466-5622	OBHBHFCO_01461

DiscRep_SUB:FEATURE_LOCATION_CONFLICT::Coding region xref gene does not exist
prokka_out/CA110357:CDS	hypothetical protein	NODE_20_length_25761_cov_32.456815:c5858-5658	OBHBHFCO_01462

DiscRep_SUB:FEATURE_LOCATION_CONFLICT::Coding region xref gene does not exist
prokka_out/CA110357:CDS	hypothetical protein	NODE_20_length_25761_cov_32.456815:c6087-5863	OBHBHFCO_01463

DiscRep_SUB:FEATURE_LOCATION_CONFLICT::Coding region xref gene does not exist
prokka_out/CA110357:CDS	Protein virC1	NODE_20_length_25761_cov_32.456815:c6776-6090	OBHBHFCO_01464

DiscRep_SUB:FEATURE_LOCATION_CONFLICT::Coding region xref gene does not exist
prokka_out/CA110357:CDS	hypothetical protein	NODE_20_length_25761_cov_32.456815:c7263-6868	OBHBHFCO_01465

DiscRep_SUB:FEATURE_LOCATION_CONFLICT::Coding region xref gene does not exist
prokka_out/CA110357:CDS	hypothetical protein	NODE_20_length_25761_cov_32.456815:c7795-7328	OBHBHFCO_01466

DiscRep_SUB:FEATURE_LOCATION_CONFLICT::Coding region xref gene does not exist
prokka_out/CA110357:CDS	Protein adenylyltransferase VbhT	NODE_20_length_25761_cov_32.456815:c8453-7800	OBHBHFCO_01467

DiscRep_SUB:FEATURE_LOCATION_CONFLICT::Coding region xref gene does not exist
prokka_out/CA110357:CDS	hypothetical protein	NODE_20_length_25761_cov_32.456815:c8691-8437	OBHBHFCO_01468

DiscRep_SUB:FEATURE_LOCATION_CONFLICT::Coding region xref gene does not exist
prokka_out/CA110357:CDS	Protein TraL	NODE_20_length_25761_cov_32.456815:c9501-8782	OBHBHFCO_01469

DiscRep_SUB:FEATURE_LOCATION_CONFLICT::Coding region xref gene does not exist
prokka_out/CA110357:CDS	Conjugal transfer protein TraG	NODE_20_length_25761_cov_32.456815:c11335-9512	OBHBHFCO_01470

DiscRep_SUB:FEATURE_LOCATION_CONFLICT::Coding region xref gene does not exist
prokka_out/CA110357:CDS	hypothetical protein	NODE_20_length_25761_cov_32.456815:c13545-11332	OBHBHFCO_01471

DiscRep_SUB:FEATURE_LOCATION_CONFLICT::Coding region xref gene does not exist
prokka_out/CA110357:CDS	hypothetical protein	NODE_20_length_25761_cov_32.456815:c13690-13550	OBHBHFCO_01472

DiscRep_SUB:FEATURE_LOCATION_CONFLICT::Coding region xref gene does not exist
prokka_out/CA110357:CDS	Single-stranded DNA-binding protein	NODE_20_length_25761_cov_32.456815:c14039-13677	OBHBHFCO_01473

DiscRep_SUB:FEATURE_LOCATION_CONFLICT::Coding region xref gene does not exist
prokka_out/CA110357:CDS	hypothetical protein	NODE_20_length_25761_cov_32.456815:c14133-14032	OBHBHFCO_01474

DiscRep_SUB:FEATURE_LOCATION_CONFLICT::Coding region xref gene does not exist
prokka_out/CA110357:CDS	hypothetical protein	NODE_20_length_25761_cov_32.456815:c14681-14136	OBHBHFCO_01475

DiscRep_SUB:FEATURE_LOCATION_CONFLICT::Coding region xref gene does not exist
prokka_out/CA110357:CDS	hypothetical protein	NODE_20_length_25761_cov_32.456815:c15915-14674	OBHBHFCO_01476

DiscRep_SUB:FEATURE_LOCATION_CONFLICT::Coding region xref gene does not exist
prokka_out/CA110357:CDS	hypothetical protein	NODE_20_length_25761_cov_32.456815:c16362-15919	OBHBHFCO_01477

DiscRep_SUB:FEATURE_LOCATION_CONFLICT::Coding region xref gene does not exist
prokka_out/CA110357:CDS	hypothetical protein	NODE_20_length_25761_cov_32.456815:c17282-16359	OBHBHFCO_01478

DiscRep_SUB:FEATURE_LOCATION_CONFLICT::Coding region xref gene does not exist
prokka_out/CA110357:CDS	hypothetical protein	NODE_20_length_25761_cov_32.456815:c17990-17295	OBHBHFCO_01479

DiscRep_SUB:FEATURE_LOCATION_CONFLICT::Coding region xref gene does not exist
prokka_out/CA110357:CDS	hypothetical protein	NODE_20_length_25761_cov_32.456815:c19197-18010	OBHBHFCO_01480

DiscRep_SUB:FEATURE_LOCATION_CONFLICT::Coding region xref gene does not exist
prokka_out/CA110357:CDS	hypothetical protein	NODE_20_length_25761_cov_32.456815:c19447-19184	OBHBHFCO_01481

DiscRep_SUB:FEATURE_LOCATION_CONFLICT::Coding region xref gene does not exist
prokka_out/CA110357:CDS	hypothetical protein	NODE_20_length_25761_cov_32.456815:c20293-19496	OBHBHFCO_01482

DiscRep_SUB:FEATURE_LOCATION_CONFLICT::Coding region xref gene does not exist
prokka_out/CA110357:CDS	hypothetical protein	NODE_20_length_25761_cov_32.456815:c20868-20290	OBHBHFCO_01483

DiscRep_SUB:FEATURE_LOCATION_CONFLICT::Coding region xref gene does not exist
prokka_out/CA110357:CDS	hypothetical protein	NODE_20_length_25761_cov_32.456815:c21551-20880	OBHBHFCO_01484

DiscRep_SUB:FEATURE_LOCATION_CONFLICT::Coding region xref gene does not exist
prokka_out/CA110357:CDS	Type IV secretion system protein virB4	NODE_20_length_25761_cov_32.456815:c24013-21548	OBHBHFCO_01485

DiscRep_SUB:FEATURE_LOCATION_CONFLICT::Coding region xref gene does not exist
prokka_out/CA110357:CDS	hypothetical protein	NODE_20_length_25761_cov_32.456815:c24304-24017	OBHBHFCO_01486

DiscRep_SUB:FEATURE_LOCATION_CONFLICT::Coding region xref gene does not exist
prokka_out/CA110357:CDS	hypothetical protein	NODE_20_length_25761_cov_32.456815:c24600-24304	OBHBHFCO_01487

DiscRep_SUB:FEATURE_LOCATION_CONFLICT::Coding region xref gene does not exist
prokka_out/CA110357:CDS	Type IV secretion system protein PtlH	NODE_20_length_25761_cov_32.456815:c25548-24610	OBHBHFCO_01488

DiscRep_SUB:FEATURE_LOCATION_CONFLICT::Coding region xref gene does not exist
prokka_out/CA110357:CDS	hypothetical protein	NODE_21_length_22028_cov_29.117346:c1617-367	OBHBHFCO_01489

DiscRep_SUB:FEATURE_LOCATION_CONFLICT::Coding region xref gene does not exist
prokka_out/CA110357:CDS	hypothetical protein	NODE_21_length_22028_cov_29.117346:c2132-1617	OBHBHFCO_01490

DiscRep_SUB:FEATURE_LOCATION_CONFLICT::Coding region xref gene does not exist
prokka_out/CA110357:CDS	tRNA N6-adenosine threonylcarbamoyltransferase	NODE_21_length_22028_cov_29.117346:c3143-2136	OBHBHFCO_01491

DiscRep_SUB:FEATURE_LOCATION_CONFLICT::Coding region xref gene does not exist
prokka_out/CA110357:CDS	hypothetical protein	NODE_21_length_22028_cov_29.117346:c4534-3140	OBHBHFCO_01492

DiscRep_SUB:FEATURE_LOCATION_CONFLICT::Coding region xref gene does not exist
prokka_out/CA110357:CDS	1-deoxy-D-xylulose 5-phosphate reductoisomerase	NODE_21_length_22028_cov_29.117346:c5607-4531	OBHBHFCO_01493

DiscRep_SUB:FEATURE_LOCATION_CONFLICT::Coding region xref gene does not exist
prokka_out/CA110357:CDS	hypothetical protein	NODE_21_length_22028_cov_29.117346:c6329-5604	OBHBHFCO_01494

DiscRep_SUB:FEATURE_LOCATION_CONFLICT::Coding region xref gene does not exist
prokka_out/CA110357:CDS	hypothetical protein	NODE_21_length_22028_cov_29.117346:c6676-6338	OBHBHFCO_01495

DiscRep_SUB:FEATURE_LOCATION_CONFLICT::Coding region xref gene does not exist
prokka_out/CA110357:CDS	hypothetical protein	NODE_21_length_22028_cov_29.117346:c7985-6678	OBHBHFCO_01496

DiscRep_SUB:FEATURE_LOCATION_CONFLICT::Coding region xref gene does not exist
prokka_out/CA110357:CDS	putative molybdenum cofactor guanylyltransferase	NODE_21_length_22028_cov_29.117346:8048-8623	OBHBHFCO_01497

DiscRep_SUB:FEATURE_LOCATION_CONFLICT::Coding region xref gene does not exist
prokka_out/CA110357:CDS	hypothetical protein	NODE_21_length_22028_cov_29.117346:8620-9615	OBHBHFCO_01498

DiscRep_SUB:FEATURE_LOCATION_CONFLICT::Coding region xref gene does not exist
prokka_out/CA110357:CDS	Petrobactin import system permease protein YclN	NODE_21_length_22028_cov_29.117346:9748-10716	OBHBHFCO_01499

DiscRep_SUB:FEATURE_LOCATION_CONFLICT::Coding region xref gene does not exist
prokka_out/CA110357:CDS	Petrobactin import system permease protein YclO	NODE_21_length_22028_cov_29.117346:10709-11647	OBHBHFCO_01500

DiscRep_SUB:FEATURE_LOCATION_CONFLICT::Coding region xref gene does not exist
prokka_out/CA110357:CDS	Petrobactin import ATP-binding protein YclP	NODE_21_length_22028_cov_29.117346:11644-12399	OBHBHFCO_01501

DiscRep_SUB:FEATURE_LOCATION_CONFLICT::Coding region xref gene does not exist
prokka_out/CA110357:CDS	Petrobactin-binding protein YclQ	NODE_21_length_22028_cov_29.117346:12414-13403	OBHBHFCO_01502

DiscRep_SUB:FEATURE_LOCATION_CONFLICT::Coding region xref gene does not exist
prokka_out/CA110357:CDS	hypothetical protein	NODE_21_length_22028_cov_29.117346:13569-14201	OBHBHFCO_01503

DiscRep_SUB:FEATURE_LOCATION_CONFLICT::Coding region xref gene does not exist
prokka_out/CA110357:CDS	Cytochrome c-552	NODE_21_length_22028_cov_29.117346:c16705-14873	OBHBHFCO_01505

DiscRep_SUB:FEATURE_LOCATION_CONFLICT::Coding region xref gene does not exist
prokka_out/CA110357:CDS	Cytochrome c-type protein NrfH	NODE_21_length_22028_cov_29.117346:c17212-16721	OBHBHFCO_01506

DiscRep_SUB:FEATURE_LOCATION_CONFLICT::Coding region xref gene does not exist
prokka_out/CA110357:CDS	Polyphosphate kinase	NODE_21_length_22028_cov_29.117346:17395-19479	OBHBHFCO_01507

DiscRep_SUB:FEATURE_LOCATION_CONFLICT::Coding region xref gene does not exist
prokka_out/CA110357:CDS	hypothetical protein	NODE_21_length_22028_cov_29.117346:c21882-19621	OBHBHFCO_01508

DiscRep_SUB:FEATURE_LOCATION_CONFLICT::RNA feature xref gene does not exist
prokka_out/CA110357:tRNA	Ser	NODE_21_length_22028_cov_29.117346:14269-14359	OBHBHFCO_01504

DiscRep_SUB:FEATURE_LOCATION_CONFLICT::Coding region xref gene does not exist
prokka_out/CA110357:CDS	hypothetical protein	NODE_22_length_21066_cov_29.525049:253-840	OBHBHFCO_01509

DiscRep_SUB:FEATURE_LOCATION_CONFLICT::Coding region xref gene does not exist
prokka_out/CA110357:CDS	hypothetical protein	NODE_22_length_21066_cov_29.525049:861-1637	OBHBHFCO_01510

DiscRep_SUB:FEATURE_LOCATION_CONFLICT::Coding region xref gene does not exist
prokka_out/CA110357:CDS	hypothetical protein	NODE_22_length_21066_cov_29.525049:1759-2364	OBHBHFCO_01511

DiscRep_SUB:FEATURE_LOCATION_CONFLICT::Coding region xref gene does not exist
prokka_out/CA110357:CDS	tRNA-specific 2-thiouridylase MnmA	NODE_22_length_21066_cov_29.525049:2364-3380	OBHBHFCO_01512

DiscRep_SUB:FEATURE_LOCATION_CONFLICT::Coding region xref gene does not exist
prokka_out/CA110357:CDS	hypothetical protein	NODE_22_length_21066_cov_29.525049:c5223-3415	OBHBHFCO_01513

DiscRep_SUB:FEATURE_LOCATION_CONFLICT::Coding region xref gene does not exist
prokka_out/CA110357:CDS	Bacteriohemerythrin	NODE_22_length_21066_cov_29.525049:5658-6464	OBHBHFCO_01514

DiscRep_SUB:FEATURE_LOCATION_CONFLICT::Coding region xref gene does not exist
prokka_out/CA110357:CDS	hypothetical protein	NODE_22_length_21066_cov_29.525049:6592-7680	OBHBHFCO_01515

DiscRep_SUB:FEATURE_LOCATION_CONFLICT::Coding region xref gene does not exist
prokka_out/CA110357:CDS	hypothetical protein	NODE_22_length_21066_cov_29.525049:7799-8251	OBHBHFCO_01516

DiscRep_SUB:FEATURE_LOCATION_CONFLICT::Coding region xref gene does not exist
prokka_out/CA110357:CDS	hypothetical protein	NODE_22_length_21066_cov_29.525049:c9892-8255	OBHBHFCO_01517

DiscRep_SUB:FEATURE_LOCATION_CONFLICT::Coding region xref gene does not exist
prokka_out/CA110357:CDS	hypothetical protein	NODE_22_length_21066_cov_29.525049:c10759-9896	OBHBHFCO_01518

DiscRep_SUB:FEATURE_LOCATION_CONFLICT::Coding region xref gene does not exist
prokka_out/CA110357:CDS	hypothetical protein	NODE_22_length_21066_cov_29.525049:c12698-10812	OBHBHFCO_01519

DiscRep_SUB:FEATURE_LOCATION_CONFLICT::Coding region xref gene does not exist
prokka_out/CA110357:CDS	hypothetical protein	NODE_22_length_21066_cov_29.525049:c13035-12712	OBHBHFCO_01520

DiscRep_SUB:FEATURE_LOCATION_CONFLICT::Coding region xref gene does not exist
prokka_out/CA110357:CDS	GTP-binding protein TypA/BipA	NODE_22_length_21066_cov_29.525049:13164-14972	OBHBHFCO_01521

DiscRep_SUB:FEATURE_LOCATION_CONFLICT::Coding region xref gene does not exist
prokka_out/CA110357:CDS	hypothetical protein	NODE_22_length_21066_cov_29.525049:14972-15622	OBHBHFCO_01522

DiscRep_SUB:FEATURE_LOCATION_CONFLICT::Coding region xref gene does not exist
prokka_out/CA110357:CDS	hypothetical protein	NODE_22_length_21066_cov_29.525049:c16968-15619	OBHBHFCO_01523

DiscRep_SUB:FEATURE_LOCATION_CONFLICT::Coding region xref gene does not exist
prokka_out/CA110357:CDS	Bicyclomycin resistance protein	NODE_22_length_21066_cov_29.525049:17074-18282	OBHBHFCO_01524

DiscRep_SUB:FEATURE_LOCATION_CONFLICT::Coding region xref gene does not exist
prokka_out/CA110357:CDS	hypothetical protein	NODE_22_length_21066_cov_29.525049:18279-18980	OBHBHFCO_01525

DiscRep_SUB:FEATURE_LOCATION_CONFLICT::Coding region xref gene does not exist
prokka_out/CA110357:CDS	hypothetical protein	NODE_22_length_21066_cov_29.525049:c20752-19010	OBHBHFCO_01526

DiscRep_SUB:FEATURE_LOCATION_CONFLICT::Coding region xref gene does not exist
prokka_out/CA110357:CDS	L-lactate permease	NODE_23_length_19863_cov_32.630067:325-1992	OBHBHFCO_01527

DiscRep_SUB:FEATURE_LOCATION_CONFLICT::Coding region xref gene does not exist
prokka_out/CA110357:CDS	Lactate utilization protein A	NODE_23_length_19863_cov_32.630067:2145-2882	OBHBHFCO_01528

DiscRep_SUB:FEATURE_LOCATION_CONFLICT::Coding region xref gene does not exist
prokka_out/CA110357:CDS	Lactate utilization protein B	NODE_23_length_19863_cov_32.630067:2879-4318	OBHBHFCO_01529

DiscRep_SUB:FEATURE_LOCATION_CONFLICT::Coding region xref gene does not exist
prokka_out/CA110357:CDS	Lactate utilization protein C	NODE_23_length_19863_cov_32.630067:4311-4967	OBHBHFCO_01530

DiscRep_SUB:FEATURE_LOCATION_CONFLICT::Coding region xref gene does not exist
prokka_out/CA110357:CDS	Bacteriohemerythrin	NODE_23_length_19863_cov_32.630067:5190-5879	OBHBHFCO_01531

DiscRep_SUB:FEATURE_LOCATION_CONFLICT::Coding region xref gene does not exist
prokka_out/CA110357:CDS	Bacteriohemerythrin	NODE_23_length_19863_cov_32.630067:5860-6471	OBHBHFCO_01532

DiscRep_SUB:FEATURE_LOCATION_CONFLICT::Coding region xref gene does not exist
prokka_out/CA110357:CDS	hypothetical protein	NODE_23_length_19863_cov_32.630067:c7730-6699	OBHBHFCO_01533

DiscRep_SUB:FEATURE_LOCATION_CONFLICT::Coding region xref gene does not exist
prokka_out/CA110357:CDS	hypothetical protein	NODE_23_length_19863_cov_32.630067:c8734-7838	OBHBHFCO_01534

DiscRep_SUB:FEATURE_LOCATION_CONFLICT::Coding region xref gene does not exist
prokka_out/CA110357:CDS	Aminodeoxyfutalosine deaminase	NODE_23_length_19863_cov_32.630067:c9951-8722	OBHBHFCO_01535

DiscRep_SUB:FEATURE_LOCATION_CONFLICT::Coding region xref gene does not exist
prokka_out/CA110357:CDS	3-dehydroquinate dehydratase	NODE_23_length_19863_cov_32.630067:10044-10532	OBHBHFCO_01536

DiscRep_SUB:FEATURE_LOCATION_CONFLICT::Coding region xref gene does not exist
prokka_out/CA110357:CDS	hypothetical protein	NODE_23_length_19863_cov_32.630067:10535-11017	OBHBHFCO_01537

DiscRep_SUB:FEATURE_LOCATION_CONFLICT::Coding region xref gene does not exist
prokka_out/CA110357:CDS	Signal recognition particle 54 kDa protein	NODE_23_length_19863_cov_32.630067:11018-12448	OBHBHFCO_01538

DiscRep_SUB:FEATURE_LOCATION_CONFLICT::Coding region xref gene does not exist
prokka_out/CA110357:CDS	Flagellum site-determining protein YlxH	NODE_23_length_19863_cov_32.630067:12441-13307	OBHBHFCO_01539

DiscRep_SUB:FEATURE_LOCATION_CONFLICT::Coding region xref gene does not exist
prokka_out/CA110357:CDS	hypothetical protein	NODE_23_length_19863_cov_32.630067:13327-13683	OBHBHFCO_01540

DiscRep_SUB:FEATURE_LOCATION_CONFLICT::Coding region xref gene does not exist
prokka_out/CA110357:CDS	RNA polymerase sigma factor FliA	NODE_23_length_19863_cov_32.630067:13664-14356	OBHBHFCO_01541

DiscRep_SUB:FEATURE_LOCATION_CONFLICT::Coding region xref gene does not exist
prokka_out/CA110357:CDS	Flagellar motor switch protein FliM	NODE_23_length_19863_cov_32.630067:14356-15432	OBHBHFCO_01542

DiscRep_SUB:FEATURE_LOCATION_CONFLICT::Coding region xref gene does not exist
prokka_out/CA110357:CDS	hypothetical protein	NODE_23_length_19863_cov_32.630067:15429-16265	OBHBHFCO_01543

DiscRep_SUB:FEATURE_LOCATION_CONFLICT::Coding region xref gene does not exist
prokka_out/CA110357:CDS	hypothetical protein	NODE_23_length_19863_cov_32.630067:c16913-16314	OBHBHFCO_01544

DiscRep_SUB:FEATURE_LOCATION_CONFLICT::Coding region xref gene does not exist
prokka_out/CA110357:CDS	hypothetical protein	NODE_23_length_19863_cov_32.630067:c17752-16898	OBHBHFCO_01545

DiscRep_SUB:FEATURE_LOCATION_CONFLICT::Coding region xref gene does not exist
prokka_out/CA110357:CDS	hypothetical protein	NODE_23_length_19863_cov_32.630067:18032-18556	OBHBHFCO_01546

DiscRep_SUB:FEATURE_LOCATION_CONFLICT::Coding region xref gene does not exist
prokka_out/CA110357:CDS	hypothetical protein	NODE_23_length_19863_cov_32.630067:18606-19562	OBHBHFCO_01547

DiscRep_SUB:FEATURE_LOCATION_CONFLICT::Coding region xref gene does not exist
prokka_out/CA110357:CDS	UDP-N-acetylglucosamine--peptide N-acetylglucosaminyltransferase GtfA subunit	NODE_24_length_18878_cov_18.207989:c1180-128	OBHBHFCO_01548

DiscRep_SUB:FEATURE_LOCATION_CONFLICT::Coding region xref gene does not exist
prokka_out/CA110357:CDS	hypothetical protein	NODE_24_length_18878_cov_18.207989:c2730-1177	OBHBHFCO_01549

DiscRep_SUB:FEATURE_LOCATION_CONFLICT::Coding region xref gene does not exist
prokka_out/CA110357:CDS	Lipid A biosynthesis lauroyltransferase	NODE_24_length_18878_cov_18.207989:c3614-2727	OBHBHFCO_01550

DiscRep_SUB:FEATURE_LOCATION_CONFLICT::Coding region xref gene does not exist
prokka_out/CA110357:CDS	Lipopolysaccharide heptosyltransferase 1	NODE_24_length_18878_cov_18.207989:c4635-3607	OBHBHFCO_01551

DiscRep_SUB:FEATURE_LOCATION_CONFLICT::Coding region xref gene does not exist
prokka_out/CA110357:CDS	hypothetical protein	NODE_24_length_18878_cov_18.207989:4700-5491	OBHBHFCO_01552

DiscRep_SUB:FEATURE_LOCATION_CONFLICT::Coding region xref gene does not exist
prokka_out/CA110357:CDS	UDP-glucose 4-epimerase	NODE_24_length_18878_cov_18.207989:5548-6534	OBHBHFCO_01553

DiscRep_SUB:FEATURE_LOCATION_CONFLICT::Coding region xref gene does not exist
prokka_out/CA110357:CDS	Protein glycosylation K	NODE_24_length_18878_cov_18.207989:6528-8228	OBHBHFCO_01554

DiscRep_SUB:FEATURE_LOCATION_CONFLICT::Coding region xref gene does not exist
prokka_out/CA110357:CDS	GalNAc-alpha-(1->4)-GalNAc-alpha-(1->3)-diNAcBac-PP-undecaprenol alpha-1,4-N-acetyl-D-galactosaminyltransferase	NODE_24_length_18878_cov_18.207989:8225-9301	OBHBHFCO_01555

DiscRep_SUB:FEATURE_LOCATION_CONFLICT::Coding region xref gene does not exist
prokka_out/CA110357:CDS	GalNAc(5)-diNAcBac-PP-undecaprenol beta-1,3-glucosyltransferase	NODE_24_length_18878_cov_18.207989:9294-10223	OBHBHFCO_01556

DiscRep_SUB:FEATURE_LOCATION_CONFLICT::Coding region xref gene does not exist
prokka_out/CA110357:CDS	N-acetylgalactosamine-N,N'-diacetylbacillosaminyl-diphospho-undecaprenol 4-alpha-N-acetylgalactosaminyltransferase	NODE_24_length_18878_cov_18.207989:10211-11308	OBHBHFCO_01557

DiscRep_SUB:FEATURE_LOCATION_CONFLICT::Coding region xref gene does not exist
prokka_out/CA110357:CDS	Undecaprenyl-diphosphooligosaccharide--protein glycotransferase	NODE_24_length_18878_cov_18.207989:11312-13456	OBHBHFCO_01558

DiscRep_SUB:FEATURE_LOCATION_CONFLICT::Coding region xref gene does not exist
prokka_out/CA110357:CDS	N,N'-diacetylbacillosaminyl-diphospho-undecaprenol alpha-1,3-N-acetylgalactosaminyltransferase	NODE_24_length_18878_cov_18.207989:13468-14598	OBHBHFCO_01559

DiscRep_SUB:FEATURE_LOCATION_CONFLICT::Coding region xref gene does not exist
prokka_out/CA110357:CDS	Undecaprenyl phosphate N,N'-diacetylbacillosamine 1-phosphate transferase	NODE_24_length_18878_cov_18.207989:14591-15193	OBHBHFCO_01560

DiscRep_SUB:FEATURE_LOCATION_CONFLICT::Coding region xref gene does not exist
prokka_out/CA110357:CDS	UDP-N-acetylbacillosamine N-acetyltransferase	NODE_24_length_18878_cov_18.207989:15180-15767	OBHBHFCO_01561

DiscRep_SUB:FEATURE_LOCATION_CONFLICT::Coding region xref gene does not exist
prokka_out/CA110357:CDS	UDP-N-acetylbacillosamine transaminase	NODE_24_length_18878_cov_18.207989:15922-17082	OBHBHFCO_01562

DiscRep_SUB:FEATURE_LOCATION_CONFLICT::Coding region xref gene does not exist
prokka_out/CA110357:CDS	UDP-N-acetyl-alpha-D-glucosamine C6 dehydratase	NODE_24_length_18878_cov_18.207989:17085-18857	OBHBHFCO_01563

DiscRep_SUB:FEATURE_LOCATION_CONFLICT::Coding region xref gene does not exist
prokka_out/CA110357:CDS	hypothetical protein	NODE_25_length_17959_cov_26.037349:c957-610	OBHBHFCO_01564

DiscRep_SUB:FEATURE_LOCATION_CONFLICT::Coding region xref gene does not exist
prokka_out/CA110357:CDS	Trimethylamine-N-oxide reductase 2	NODE_25_length_17959_cov_26.037349:c3643-1127	OBHBHFCO_01565

DiscRep_SUB:FEATURE_LOCATION_CONFLICT::Coding region xref gene does not exist
prokka_out/CA110357:CDS	Cytochrome c-type protein TorC	NODE_25_length_17959_cov_26.037349:c4227-3655	OBHBHFCO_01566

DiscRep_SUB:FEATURE_LOCATION_CONFLICT::Coding region xref gene does not exist
prokka_out/CA110357:CDS	hypothetical protein	NODE_25_length_17959_cov_26.037349:4562-5374	OBHBHFCO_01567

DiscRep_SUB:FEATURE_LOCATION_CONFLICT::Coding region xref gene does not exist
prokka_out/CA110357:CDS	Amidophosphoribosyltransferase	NODE_25_length_17959_cov_26.037349:c6715-5378	OBHBHFCO_01568

DiscRep_SUB:FEATURE_LOCATION_CONFLICT::Coding region xref gene does not exist
prokka_out/CA110357:CDS	4-hydroxy-tetrahydrodipicolinate reductase	NODE_25_length_17959_cov_26.037349:c7445-6717	OBHBHFCO_01569

DiscRep_SUB:FEATURE_LOCATION_CONFLICT::Coding region xref gene does not exist
prokka_out/CA110357:CDS	putative AAA domain-containing protein	NODE_25_length_17959_cov_26.037349:c8696-7515	OBHBHFCO_01570

DiscRep_SUB:FEATURE_LOCATION_CONFLICT::Coding region xref gene does not exist
prokka_out/CA110357:CDS	hypothetical protein	NODE_25_length_17959_cov_26.037349:c9844-8696	OBHBHFCO_01571

DiscRep_SUB:FEATURE_LOCATION_CONFLICT::Coding region xref gene does not exist
prokka_out/CA110357:CDS	hypothetical protein	NODE_25_length_17959_cov_26.037349:c10300-9947	OBHBHFCO_01572

DiscRep_SUB:FEATURE_LOCATION_CONFLICT::Coding region xref gene does not exist
prokka_out/CA110357:CDS	Alpha-2-macroglobulin	NODE_25_length_17959_cov_26.037349:10484-15736	OBHBHFCO_01573

DiscRep_SUB:FEATURE_LOCATION_CONFLICT::Coding region xref gene does not exist
prokka_out/CA110357:CDS	hypothetical protein	NODE_26_length_17256_cov_12.940744:c5177-1911	OBHBHFCO_01574

DiscRep_SUB:FEATURE_LOCATION_CONFLICT::Coding region xref gene does not exist
prokka_out/CA110357:CDS	Inositol-1-monophosphatase	NODE_26_length_17256_cov_12.940744:c5909-5193	OBHBHFCO_01575

DiscRep_SUB:FEATURE_LOCATION_CONFLICT::Coding region xref gene does not exist
prokka_out/CA110357:CDS	hypothetical protein	NODE_26_length_17256_cov_12.940744:c6400-5906	OBHBHFCO_01576

DiscRep_SUB:FEATURE_LOCATION_CONFLICT::Coding region xref gene does not exist
prokka_out/CA110357:CDS	Putative 2-hydroxyacid dehydrogenase YoaD	NODE_26_length_17256_cov_12.940744:c7332-6400	OBHBHFCO_01577

DiscRep_SUB:FEATURE_LOCATION_CONFLICT::Coding region xref gene does not exist
prokka_out/CA110357:CDS	8-amino-3,8-dideoxy-manno-octulosonate cytidylyltransferase	NODE_26_length_17256_cov_12.940744:c8032-7322	OBHBHFCO_01578

DiscRep_SUB:FEATURE_LOCATION_CONFLICT::Coding region xref gene does not exist
prokka_out/CA110357:CDS	Inositol 2-dehydrogenase/D-chiro-inositol 3-dehydrogenase	NODE_26_length_17256_cov_12.940744:c9032-8025	OBHBHFCO_01579

DiscRep_SUB:FEATURE_LOCATION_CONFLICT::Coding region xref gene does not exist
prokka_out/CA110357:CDS	Phosphoheptose isomerase	NODE_26_length_17256_cov_12.940744:c9608-9036	OBHBHFCO_01580

DiscRep_SUB:FEATURE_LOCATION_CONFLICT::Coding region xref gene does not exist
prokka_out/CA110357:CDS	hypothetical protein	NODE_26_length_17256_cov_12.940744:c10315-9605	OBHBHFCO_01581

DiscRep_SUB:FEATURE_LOCATION_CONFLICT::Coding region xref gene does not exist
prokka_out/CA110357:CDS	hypothetical protein	NODE_26_length_17256_cov_12.940744:c13193-10293	OBHBHFCO_01582

DiscRep_SUB:FEATURE_LOCATION_CONFLICT::Coding region xref gene does not exist
prokka_out/CA110357:CDS	hypothetical protein	NODE_26_length_17256_cov_12.940744:c15192-13180	OBHBHFCO_01583

DiscRep_SUB:FEATURE_LOCATION_CONFLICT::Coding region xref gene does not exist
prokka_out/CA110357:CDS	hypothetical protein	NODE_26_length_17256_cov_12.940744:c16572-15196	OBHBHFCO_01584

DiscRep_SUB:FEATURE_LOCATION_CONFLICT::Coding region xref gene does not exist
prokka_out/CA110357:CDS	hypothetical protein	NODE_26_length_17256_cov_12.940744:c17248-16562	OBHBHFCO_01585

DiscRep_SUB:FEATURE_LOCATION_CONFLICT::Coding region xref gene does not exist
prokka_out/CA110357:CDS	hypothetical protein	NODE_27_length_16838_cov_23.405182:54-1031	OBHBHFCO_01586

DiscRep_SUB:FEATURE_LOCATION_CONFLICT::Coding region xref gene does not exist
prokka_out/CA110357:CDS	Alanine racemase	NODE_27_length_16838_cov_23.405182:1031-2020	OBHBHFCO_01587

DiscRep_SUB:FEATURE_LOCATION_CONFLICT::Coding region xref gene does not exist
prokka_out/CA110357:CDS	tRNA (cytidine(34)-2'-O)-methyltransferase	NODE_27_length_16838_cov_23.405182:2023-2490	OBHBHFCO_01588

DiscRep_SUB:FEATURE_LOCATION_CONFLICT::Coding region xref gene does not exist
prokka_out/CA110357:CDS	Amino-acid carrier protein AlsT	NODE_27_length_16838_cov_23.405182:2596-4080	OBHBHFCO_01589

DiscRep_SUB:FEATURE_LOCATION_CONFLICT::Coding region xref gene does not exist
prokka_out/CA110357:CDS	Glutamine transport ATP-binding protein GlnQ	NODE_27_length_16838_cov_23.405182:c4835-4107	OBHBHFCO_01590

DiscRep_SUB:FEATURE_LOCATION_CONFLICT::Coding region xref gene does not exist
prokka_out/CA110357:CDS	hypothetical protein	NODE_27_length_16838_cov_23.405182:c5571-4828	OBHBHFCO_01591

DiscRep_SUB:FEATURE_LOCATION_CONFLICT::Coding region xref gene does not exist
prokka_out/CA110357:CDS	hypothetical protein	NODE_27_length_16838_cov_23.405182:5682-5819	OBHBHFCO_01592

DiscRep_SUB:FEATURE_LOCATION_CONFLICT::Coding region xref gene does not exist
prokka_out/CA110357:CDS	Protein/nucleic acid deglycase 3	NODE_27_length_16838_cov_23.405182:5816-6385	OBHBHFCO_01593

DiscRep_SUB:FEATURE_LOCATION_CONFLICT::Coding region xref gene does not exist
prokka_out/CA110357:CDS	putative HIT-like protein	NODE_27_length_16838_cov_23.405182:c6789-6424	OBHBHFCO_01594

DiscRep_SUB:FEATURE_LOCATION_CONFLICT::Coding region xref gene does not exist
prokka_out/CA110357:CDS	Phenylalanine--tRNA ligase alpha subunit	NODE_27_length_16838_cov_23.405182:6910-7902	OBHBHFCO_01595

DiscRep_SUB:FEATURE_LOCATION_CONFLICT::Coding region xref gene does not exist
prokka_out/CA110357:CDS	Phenylalanine--tRNA ligase beta subunit	NODE_27_length_16838_cov_23.405182:7899-10220	OBHBHFCO_01596

DiscRep_SUB:FEATURE_LOCATION_CONFLICT::Coding region xref gene does not exist
prokka_out/CA110357:CDS	3-phosphoshikimate 1-carboxyvinyltransferase	NODE_27_length_16838_cov_23.405182:10217-11497	OBHBHFCO_01597

DiscRep_SUB:FEATURE_LOCATION_CONFLICT::Coding region xref gene does not exist
prokka_out/CA110357:CDS	4-hydroxy-3-methylbut-2-enyl diphosphate reductase	NODE_27_length_16838_cov_23.405182:11487-12317	OBHBHFCO_01598

DiscRep_SUB:FEATURE_LOCATION_CONFLICT::Coding region xref gene does not exist
prokka_out/CA110357:CDS	30S ribosomal protein S1	NODE_27_length_16838_cov_23.405182:12457-14127	OBHBHFCO_01599

DiscRep_SUB:FEATURE_LOCATION_CONFLICT::Coding region xref gene does not exist
prokka_out/CA110357:CDS	hypothetical protein	NODE_27_length_16838_cov_23.405182:14127-14618	OBHBHFCO_01600

DiscRep_SUB:FEATURE_LOCATION_CONFLICT::Coding region xref gene does not exist
prokka_out/CA110357:CDS	D-3-phosphoglycerate dehydrogenase	NODE_27_length_16838_cov_23.405182:14615-16198	OBHBHFCO_01601

DiscRep_SUB:FEATURE_LOCATION_CONFLICT::Coding region xref gene does not exist
prokka_out/CA110357:CDS	Transcriptional regulatory protein OmpR	NODE_27_length_16838_cov_23.405182:16176-16730	OBHBHFCO_01602

DiscRep_SUB:FEATURE_LOCATION_CONFLICT::Coding region xref gene does not exist
prokka_out/CA110357:CDS	Arabinose 5-phosphate isomerase KdsD	NODE_28_length_16620_cov_24.527982:c1896-943	OBHBHFCO_01603

DiscRep_SUB:FEATURE_LOCATION_CONFLICT::Coding region xref gene does not exist
prokka_out/CA110357:CDS	Polysialic acid transport protein KpsD	NODE_28_length_16620_cov_24.527982:c3548-1917	OBHBHFCO_01604

DiscRep_SUB:FEATURE_LOCATION_CONFLICT::Coding region xref gene does not exist
prokka_out/CA110357:CDS	hypothetical protein	NODE_28_length_16620_cov_24.527982:c4665-3550	OBHBHFCO_01605

DiscRep_SUB:FEATURE_LOCATION_CONFLICT::Coding region xref gene does not exist
prokka_out/CA110357:CDS	Polysialic acid transport ATP-binding protein KpsT	NODE_28_length_16620_cov_24.527982:c5327-4665	OBHBHFCO_01606

DiscRep_SUB:FEATURE_LOCATION_CONFLICT::Coding region xref gene does not exist
prokka_out/CA110357:CDS	Polysialic acid transport protein KpsM	NODE_28_length_16620_cov_24.527982:c6106-5324	OBHBHFCO_01607

DiscRep_SUB:FEATURE_LOCATION_CONFLICT::Coding region xref gene does not exist
prokka_out/CA110357:CDS	hypothetical protein	NODE_28_length_16620_cov_24.527982:c6581-6165	OBHBHFCO_01608

DiscRep_SUB:FEATURE_LOCATION_CONFLICT::Coding region xref gene does not exist
prokka_out/CA110357:CDS	hypothetical protein	NODE_28_length_16620_cov_24.527982:6658-7221	OBHBHFCO_01609

DiscRep_SUB:FEATURE_LOCATION_CONFLICT::Coding region xref gene does not exist
prokka_out/CA110357:CDS	hypothetical protein	NODE_28_length_16620_cov_24.527982:7261-7950	OBHBHFCO_01610

DiscRep_SUB:FEATURE_LOCATION_CONFLICT::Coding region xref gene does not exist
prokka_out/CA110357:CDS	hypothetical protein	NODE_28_length_16620_cov_24.527982:7952-8662	OBHBHFCO_01611

DiscRep_SUB:FEATURE_LOCATION_CONFLICT::Coding region xref gene does not exist
prokka_out/CA110357:CDS	tRNA(Ile)-lysidine synthase	NODE_28_length_16620_cov_24.527982:c9610-8645	OBHBHFCO_01612

DiscRep_SUB:FEATURE_LOCATION_CONFLICT::Coding region xref gene does not exist
prokka_out/CA110357:CDS	Ribosomal protein S12 methylthiotransferase RimO	NODE_28_length_16620_cov_24.527982:c10919-9600	OBHBHFCO_01613

DiscRep_SUB:FEATURE_LOCATION_CONFLICT::Coding region xref gene does not exist
prokka_out/CA110357:CDS	Peptide chain release factor 2	NODE_28_length_16620_cov_24.527982:10993-12090	OBHBHFCO_01614

DiscRep_SUB:FEATURE_LOCATION_CONFLICT::Coding region xref gene does not exist
prokka_out/CA110357:CDS	hypothetical protein	NODE_28_length_16620_cov_24.527982:c12446-12174	OBHBHFCO_01615

DiscRep_SUB:FEATURE_LOCATION_CONFLICT::Coding region xref gene does not exist
prokka_out/CA110357:CDS	hypothetical protein	NODE_28_length_16620_cov_24.527982:c12559-12455	OBHBHFCO_01616

DiscRep_SUB:FEATURE_LOCATION_CONFLICT::Coding region xref gene does not exist
prokka_out/CA110357:CDS	tRNA pseudouridine synthase D	NODE_28_length_16620_cov_24.527982:c13797-12679	OBHBHFCO_01617

DiscRep_SUB:FEATURE_LOCATION_CONFLICT::Coding region xref gene does not exist
prokka_out/CA110357:CDS	Thiamine-monophosphate kinase	NODE_28_length_16620_cov_24.527982:c14587-13766	OBHBHFCO_01618

DiscRep_SUB:FEATURE_LOCATION_CONFLICT::Coding region xref gene does not exist
prokka_out/CA110357:CDS	hypothetical protein	NODE_28_length_16620_cov_24.527982:14669-15742	OBHBHFCO_01619

DiscRep_SUB:FEATURE_LOCATION_CONFLICT::Coding region xref gene does not exist
prokka_out/CA110357:CDS	hypothetical protein	NODE_28_length_16620_cov_24.527982:15739-16122	OBHBHFCO_01620

DiscRep_SUB:FEATURE_LOCATION_CONFLICT::Coding region xref gene does not exist
prokka_out/CA110357:CDS	Protein-disulfide oxidoreductase DsbI	NODE_29_length_15193_cov_24.382849:352-1047	OBHBHFCO_01621

DiscRep_SUB:FEATURE_LOCATION_CONFLICT::Coding region xref gene does not exist
prokka_out/CA110357:CDS	Thiol:disulfide interchange protein DsbL	NODE_29_length_15193_cov_24.382849:1136-1774	OBHBHFCO_01622

DiscRep_SUB:FEATURE_LOCATION_CONFLICT::Coding region xref gene does not exist
prokka_out/CA110357:CDS	hypothetical protein	NODE_29_length_15193_cov_24.382849:1899-2039	OBHBHFCO_01623

DiscRep_SUB:FEATURE_LOCATION_CONFLICT::Coding region xref gene does not exist
prokka_out/CA110357:CDS	hypothetical protein	NODE_29_length_15193_cov_24.382849:c2659-2027	OBHBHFCO_01624

DiscRep_SUB:FEATURE_LOCATION_CONFLICT::Coding region xref gene does not exist
prokka_out/CA110357:CDS	hypothetical protein	NODE_29_length_15193_cov_24.382849:c2898-2656	OBHBHFCO_01625

DiscRep_SUB:FEATURE_LOCATION_CONFLICT::Coding region xref gene does not exist
prokka_out/CA110357:CDS	3',5'-cyclic-nucleotide phosphodiesterase	NODE_29_length_15193_cov_24.382849:c3931-2879	OBHBHFCO_01626

DiscRep_SUB:FEATURE_LOCATION_CONFLICT::Coding region xref gene does not exist
prokka_out/CA110357:CDS	Flagellar biosynthesis protein FlhA	NODE_29_length_15193_cov_24.382849:c6117-3940	OBHBHFCO_01627

DiscRep_SUB:FEATURE_LOCATION_CONFLICT::Coding region xref gene does not exist
prokka_out/CA110357:CDS	HTH-type transcriptional regulator CymR	NODE_29_length_15193_cov_24.382849:c6514-6104	OBHBHFCO_01628

DiscRep_SUB:FEATURE_LOCATION_CONFLICT::Coding region xref gene does not exist
prokka_out/CA110357:CDS	30S ribosomal protein S15	NODE_29_length_15193_cov_24.382849:6680-6952	OBHBHFCO_01629

DiscRep_SUB:FEATURE_LOCATION_CONFLICT::Coding region xref gene does not exist
prokka_out/CA110357:CDS	hypothetical protein	NODE_29_length_15193_cov_24.382849:c9992-7023	OBHBHFCO_01630

DiscRep_SUB:FEATURE_LOCATION_CONFLICT::Coding region xref gene does not exist
prokka_out/CA110357:CDS	hypothetical protein	NODE_29_length_15193_cov_24.382849:c12355-10103	OBHBHFCO_01631

DiscRep_SUB:FEATURE_LOCATION_CONFLICT::Coding region xref gene does not exist
prokka_out/CA110357:CDS	hypothetical protein	NODE_29_length_15193_cov_24.382849:13173-13868	OBHBHFCO_01633

DiscRep_SUB:FEATURE_LOCATION_CONFLICT::Coding region xref gene does not exist
prokka_out/CA110357:CDS	Adaptive-response sensory-kinase SasA	NODE_29_length_15193_cov_24.382849:c15074-14196	OBHBHFCO_01634

DiscRep_SUB:FEATURE_LOCATION_CONFLICT::RNA feature xref gene does not exist
prokka_out/CA110357:tRNA	Leu	NODE_29_length_15193_cov_24.382849:12606-12692	OBHBHFCO_01632

DiscRep_SUB:FEATURE_LOCATION_CONFLICT::Coding region xref gene does not exist
prokka_out/CA110357:CDS	hypothetical protein	NODE_30_length_14463_cov_24.501674:c1880-1497	OBHBHFCO_01635

DiscRep_SUB:FEATURE_LOCATION_CONFLICT::Coding region xref gene does not exist
prokka_out/CA110357:CDS	putative HTH-type transcriptional regulator	NODE_30_length_14463_cov_24.501674:1991-2419	OBHBHFCO_01636

DiscRep_SUB:FEATURE_LOCATION_CONFLICT::Coding region xref gene does not exist
prokka_out/CA110357:CDS	Arsenical-resistance protein Acr3	NODE_30_length_14463_cov_24.501674:c3000-2428	OBHBHFCO_01637

DiscRep_SUB:FEATURE_LOCATION_CONFLICT::Coding region xref gene does not exist
prokka_out/CA110357:CDS	hypothetical protein	NODE_30_length_14463_cov_24.501674:c3456-3064	OBHBHFCO_01638

DiscRep_SUB:FEATURE_LOCATION_CONFLICT::Coding region xref gene does not exist
prokka_out/CA110357:CDS	Arsenate reductase	NODE_30_length_14463_cov_24.501674:c3872-3450	OBHBHFCO_01639

DiscRep_SUB:FEATURE_LOCATION_CONFLICT::Coding region xref gene does not exist
prokka_out/CA110357:CDS	hypothetical protein	NODE_30_length_14463_cov_24.501674:c4186-3869	OBHBHFCO_01640

DiscRep_SUB:FEATURE_LOCATION_CONFLICT::Coding region xref gene does not exist
prokka_out/CA110357:CDS	Putative two-component membrane permease complex subunit SMU_747c	NODE_30_length_14463_cov_24.501674:c5143-4196	OBHBHFCO_01641

DiscRep_SUB:FEATURE_LOCATION_CONFLICT::Coding region xref gene does not exist
prokka_out/CA110357:CDS	Catalase-related peroxidase	NODE_30_length_14463_cov_24.501674:5467-6438	OBHBHFCO_01642

DiscRep_SUB:FEATURE_LOCATION_CONFLICT::Coding region xref gene does not exist
prokka_out/CA110357:CDS	General stress protein 14	NODE_30_length_14463_cov_24.501674:6704-7213	OBHBHFCO_01643

DiscRep_SUB:FEATURE_LOCATION_CONFLICT::Coding region xref gene does not exist
prokka_out/CA110357:CDS	N-methyl-L-tryptophan oxidase	NODE_30_length_14463_cov_24.501674:7452-8567	OBHBHFCO_01644

DiscRep_SUB:FEATURE_LOCATION_CONFLICT::Coding region xref gene does not exist
prokka_out/CA110357:CDS	Putative hydrolase YdeN	NODE_30_length_14463_cov_24.501674:c9196-8594	OBHBHFCO_01645

DiscRep_SUB:FEATURE_LOCATION_CONFLICT::Coding region xref gene does not exist
prokka_out/CA110357:CDS	hypothetical protein	NODE_30_length_14463_cov_24.501674:c10710-9223	OBHBHFCO_01646

DiscRep_SUB:FEATURE_LOCATION_CONFLICT::Coding region xref gene does not exist
prokka_out/CA110357:CDS	hypothetical protein	NODE_30_length_14463_cov_24.501674:c11781-10711	OBHBHFCO_01647

DiscRep_SUB:FEATURE_LOCATION_CONFLICT::Coding region xref gene does not exist
prokka_out/CA110357:CDS	Type-1 restriction enzyme EcoKI specificity protein	NODE_30_length_14463_cov_24.501674:c13134-11902	OBHBHFCO_01648

DiscRep_SUB:FEATURE_LOCATION_CONFLICT::Coding region xref gene does not exist
prokka_out/CA110357:CDS	hypothetical protein	NODE_30_length_14463_cov_24.501674:c13912-13148	OBHBHFCO_01649

DiscRep_SUB:FEATURE_LOCATION_CONFLICT::Coding region xref gene does not exist
prokka_out/CA110357:CDS	hypothetical protein	NODE_30_length_14463_cov_24.501674:c14414-13917	OBHBHFCO_01650

DiscRep_SUB:FEATURE_LOCATION_CONFLICT::Coding region xref gene does not exist
prokka_out/CA110357:CDS	hypothetical protein	NODE_31_length_12582_cov_19.602168:143-574	OBHBHFCO_01651

DiscRep_SUB:FEATURE_LOCATION_CONFLICT::Coding region xref gene does not exist
prokka_out/CA110357:CDS	Methionyl-tRNA formyltransferase	NODE_31_length_12582_cov_19.602168:574-1092	OBHBHFCO_01652

DiscRep_SUB:FEATURE_LOCATION_CONFLICT::Coding region xref gene does not exist
prokka_out/CA110357:CDS	hypothetical protein	NODE_31_length_12582_cov_19.602168:1148-1294	OBHBHFCO_01653

DiscRep_SUB:FEATURE_LOCATION_CONFLICT::Coding region xref gene does not exist
prokka_out/CA110357:CDS	hypothetical protein	NODE_31_length_12582_cov_19.602168:1296-1523	OBHBHFCO_01654

DiscRep_SUB:FEATURE_LOCATION_CONFLICT::Coding region xref gene does not exist
prokka_out/CA110357:CDS	hypothetical protein	NODE_31_length_12582_cov_19.602168:c2236-1520	OBHBHFCO_01655

DiscRep_SUB:FEATURE_LOCATION_CONFLICT::Coding region xref gene does not exist
prokka_out/CA110357:CDS	hypothetical protein	NODE_31_length_12582_cov_19.602168:c2589-2284	OBHBHFCO_01656

DiscRep_SUB:FEATURE_LOCATION_CONFLICT::Coding region xref gene does not exist
prokka_out/CA110357:CDS	3-oxoacyl-[acyl-carrier-protein] synthase 3	NODE_31_length_12582_cov_19.602168:2690-3604	OBHBHFCO_01657

DiscRep_SUB:FEATURE_LOCATION_CONFLICT::Coding region xref gene does not exist
prokka_out/CA110357:CDS	hypothetical protein	NODE_31_length_12582_cov_19.602168:3574-3717	OBHBHFCO_01658

DiscRep_SUB:FEATURE_LOCATION_CONFLICT::Coding region xref gene does not exist
prokka_out/CA110357:CDS	hypothetical protein	NODE_31_length_12582_cov_19.602168:c5241-4030	OBHBHFCO_01659

DiscRep_SUB:FEATURE_LOCATION_CONFLICT::Coding region xref gene does not exist
prokka_out/CA110357:CDS	CMP-N,N'-diacetyllegionaminic acid synthase	NODE_31_length_12582_cov_19.602168:5333-6031	OBHBHFCO_01660

DiscRep_SUB:FEATURE_LOCATION_CONFLICT::Coding region xref gene does not exist
prokka_out/CA110357:CDS	UDP-2,4-diacetamido-2,4,6-trideoxy-beta-L-altropyranose hydrolase	NODE_31_length_12582_cov_19.602168:6015-6839	OBHBHFCO_01661

DiscRep_SUB:FEATURE_LOCATION_CONFLICT::Coding region xref gene does not exist
prokka_out/CA110357:CDS	Methionyl-tRNA formyltransferase	NODE_31_length_12582_cov_19.602168:6836-7561	OBHBHFCO_01662

DiscRep_SUB:FEATURE_LOCATION_CONFLICT::Coding region xref gene does not exist
prokka_out/CA110357:CDS	N-acetyl-alpha-D-glucosaminyl L-malate deacetylase 1	NODE_31_length_12582_cov_19.602168:7521-8195	OBHBHFCO_01663

DiscRep_SUB:FEATURE_LOCATION_CONFLICT::Coding region xref gene does not exist
prokka_out/CA110357:CDS	UDP-4-amino-4,6-dideoxy-N-acetyl-beta-L-altrosamine N-acetyltransferase	NODE_31_length_12582_cov_19.602168:8192-8665	OBHBHFCO_01664

DiscRep_SUB:FEATURE_LOCATION_CONFLICT::Coding region xref gene does not exist
prokka_out/CA110357:CDS	Imidazole glycerol phosphate synthase subunit HisF	NODE_31_length_12582_cov_19.602168:c9376-8630	OBHBHFCO_01665

DiscRep_SUB:FEATURE_LOCATION_CONFLICT::Coding region xref gene does not exist
prokka_out/CA110357:CDS	Imidazole glycerol phosphate synthase subunit HisH	NODE_31_length_12582_cov_19.602168:c9982-9377	OBHBHFCO_01666

DiscRep_SUB:FEATURE_LOCATION_CONFLICT::Coding region xref gene does not exist
prokka_out/CA110357:CDS	hypothetical protein	NODE_31_length_12582_cov_19.602168:c11115-9979	OBHBHFCO_01667

DiscRep_SUB:FEATURE_LOCATION_CONFLICT::Coding region xref gene does not exist
prokka_out/CA110357:CDS	Pseudaminic acid synthase	NODE_31_length_12582_cov_19.602168:11371-12402	OBHBHFCO_01668

DiscRep_SUB:FEATURE_LOCATION_CONFLICT::Coding region xref gene does not exist
prokka_out/CA110357:CDS	hypothetical protein	NODE_31_length_12582_cov_19.602168:12399-12581	OBHBHFCO_01669

DiscRep_SUB:FEATURE_LOCATION_CONFLICT::Coding region xref gene does not exist
prokka_out/CA110357:CDS	Sensor histidine kinase ResE	NODE_32_length_9907_cov_23.130573:165-704	OBHBHFCO_01670

DiscRep_SUB:FEATURE_LOCATION_CONFLICT::Coding region xref gene does not exist
prokka_out/CA110357:CDS	ABC transporter ATP-binding protein uup	NODE_32_length_9907_cov_23.130573:714-2645	OBHBHFCO_01671

DiscRep_SUB:FEATURE_LOCATION_CONFLICT::Coding region xref gene does not exist
prokka_out/CA110357:CDS	Molybdopterin molybdenumtransferase	NODE_32_length_9907_cov_23.130573:c4041-2875	OBHBHFCO_01673

DiscRep_SUB:FEATURE_LOCATION_CONFLICT::Coding region xref gene does not exist
prokka_out/CA110357:CDS	UDP-N-acetylglucosamine 1-carboxyvinyltransferase	NODE_32_length_9907_cov_23.130573:c5294-4038	OBHBHFCO_01674

DiscRep_SUB:FEATURE_LOCATION_CONFLICT::Coding region xref gene does not exist
prokka_out/CA110357:CDS	putative inner membrane transporter YicL	NODE_32_length_9907_cov_23.130573:5489-6349	OBHBHFCO_01675

DiscRep_SUB:FEATURE_LOCATION_CONFLICT::Coding region xref gene does not exist
prokka_out/CA110357:CDS	Anthranilate synthase component 2	NODE_32_length_9907_cov_23.130573:c6924-6346	OBHBHFCO_01676

DiscRep_SUB:FEATURE_LOCATION_CONFLICT::Coding region xref gene does not exist
prokka_out/CA110357:CDS	Isochorismate synthase MenF	NODE_32_length_9907_cov_23.130573:c8699-6921	OBHBHFCO_01677

DiscRep_SUB:FEATURE_LOCATION_CONFLICT::Coding region xref gene does not exist
prokka_out/CA110357:CDS	Tyrosine recombinase XerH	NODE_32_length_9907_cov_23.130573:c9753-8689	OBHBHFCO_01678

DiscRep_SUB:FEATURE_LOCATION_CONFLICT::RNA feature xref gene does not exist
prokka_out/CA110357:tRNA	Gly	NODE_32_length_9907_cov_23.130573:2716-2790	OBHBHFCO_01672

DiscRep_SUB:FEATURE_LOCATION_CONFLICT::Coding region xref gene does not exist
prokka_out/CA110357:CDS	Acetyl-coenzyme A carboxylase carboxyl transferase subunit alpha	NODE_33_length_8871_cov_30.729186:c1197-259	OBHBHFCO_01679

DiscRep_SUB:FEATURE_LOCATION_CONFLICT::Coding region xref gene does not exist
prokka_out/CA110357:CDS	3-oxoacyl-[acyl-carrier-protein] synthase 2	NODE_33_length_8871_cov_30.729186:c2413-1199	OBHBHFCO_01680

DiscRep_SUB:FEATURE_LOCATION_CONFLICT::Coding region xref gene does not exist
prokka_out/CA110357:CDS	Acyl carrier protein	NODE_33_length_8871_cov_30.729186:c2680-2447	OBHBHFCO_01681

DiscRep_SUB:FEATURE_LOCATION_CONFLICT::Coding region xref gene does not exist
prokka_out/CA110357:CDS	Aminopyrimidine aminohydrolase	NODE_33_length_8871_cov_30.729186:2794-3459	OBHBHFCO_01682

DiscRep_SUB:FEATURE_LOCATION_CONFLICT::Coding region xref gene does not exist
prokka_out/CA110357:CDS	hypothetical protein	NODE_33_length_8871_cov_30.729186:c3886-3479	OBHBHFCO_01683

DiscRep_SUB:FEATURE_LOCATION_CONFLICT::Coding region xref gene does not exist
prokka_out/CA110357:CDS	3-oxoacyl-[acyl-carrier-protein] reductase FabG	NODE_33_length_8871_cov_30.729186:c4639-3896	OBHBHFCO_01684

DiscRep_SUB:FEATURE_LOCATION_CONFLICT::Coding region xref gene does not exist
prokka_out/CA110357:CDS	2,3-bisphosphoglycerate-independent phosphoglycerate mutase	NODE_33_length_8871_cov_30.729186:c6182-4704	OBHBHFCO_01685

DiscRep_SUB:FEATURE_LOCATION_CONFLICT::Coding region xref gene does not exist
prokka_out/CA110357:CDS	Phospho-N-acetylmuramoyl-pentapeptide-transferase	NODE_33_length_8871_cov_30.729186:6262-7323	OBHBHFCO_01686

DiscRep_SUB:FEATURE_LOCATION_CONFLICT::Coding region xref gene does not exist
prokka_out/CA110357:CDS	UDP-N-acetylmuramoylalanine--D-glutamate ligase	NODE_33_length_8871_cov_30.729186:7323-8531	OBHBHFCO_01687

DiscRep_SUB:FEATURE_LOCATION_CONFLICT::Coding region xref gene does not exist
prokka_out/CA110357:CDS	hypothetical protein	NODE_34_length_8690_cov_28.111643:c850-440	OBHBHFCO_01689

DiscRep_SUB:FEATURE_LOCATION_CONFLICT::Coding region xref gene does not exist
prokka_out/CA110357:CDS	Holliday junction ATP-dependent DNA helicase RuvB	NODE_34_length_8690_cov_28.111643:942-1952	OBHBHFCO_01690

DiscRep_SUB:FEATURE_LOCATION_CONFLICT::Coding region xref gene does not exist
prokka_out/CA110357:CDS	hypothetical protein	NODE_34_length_8690_cov_28.111643:1962-3005	OBHBHFCO_01691

DiscRep_SUB:FEATURE_LOCATION_CONFLICT::Coding region xref gene does not exist
prokka_out/CA110357:CDS	Fumarate hydratase class II	NODE_34_length_8690_cov_28.111643:c4443-3052	OBHBHFCO_01692

DiscRep_SUB:FEATURE_LOCATION_CONFLICT::Coding region xref gene does not exist
prokka_out/CA110357:CDS	Glutamine--fructose-6-phosphate aminotransferase [isomerizing]	NODE_34_length_8690_cov_28.111643:c6374-4578	OBHBHFCO_01693

DiscRep_SUB:FEATURE_LOCATION_CONFLICT::Coding region xref gene does not exist
prokka_out/CA110357:CDS	Bifunctional uridylyltransferase/uridylyl-removing enzyme	NODE_34_length_8690_cov_28.111643:c8615-6378	OBHBHFCO_01694

DiscRep_SUB:FEATURE_LOCATION_CONFLICT::RNA feature xref gene does not exist
prokka_out/CA110357:tmRNA	transfer-messenger RNA, SsrA	NODE_34_length_8690_cov_28.111643:c439-81	OBHBHFCO_01688

DiscRep_SUB:FEATURE_LOCATION_CONFLICT::Coding region xref gene does not exist
prokka_out/CA110357:CDS	hypothetical protein	NODE_35_length_7593_cov_24.361238:45-1166	OBHBHFCO_01695

DiscRep_SUB:FEATURE_LOCATION_CONFLICT::Coding region xref gene does not exist
prokka_out/CA110357:CDS	hypothetical protein	NODE_35_length_7593_cov_24.361238:1184-1453	OBHBHFCO_01696

DiscRep_SUB:FEATURE_LOCATION_CONFLICT::Coding region xref gene does not exist
prokka_out/CA110357:CDS	hypothetical protein	NODE_35_length_7593_cov_24.361238:1500-1859	OBHBHFCO_01697

DiscRep_SUB:FEATURE_LOCATION_CONFLICT::Coding region xref gene does not exist
prokka_out/CA110357:CDS	N,N'-diacetyllegionaminic acid synthase	NODE_35_length_7593_cov_24.361238:1899-2903	OBHBHFCO_01698

DiscRep_SUB:FEATURE_LOCATION_CONFLICT::Coding region xref gene does not exist
prokka_out/CA110357:CDS	GDP/UDP-N,N'-diacetylbacillosamine 2-epimerase (hydrolyzing)	NODE_35_length_7593_cov_24.361238:2896-4050	OBHBHFCO_01699

DiscRep_SUB:FEATURE_LOCATION_CONFLICT::Coding region xref gene does not exist
prokka_out/CA110357:CDS	UTP--glucose-1-phosphate uridylyltransferase	NODE_35_length_7593_cov_24.361238:4059-5084	OBHBHFCO_01700

DiscRep_SUB:FEATURE_LOCATION_CONFLICT::Coding region xref gene does not exist
prokka_out/CA110357:CDS	hypothetical protein	NODE_35_length_7593_cov_24.361238:5081-5986	OBHBHFCO_01701

DiscRep_SUB:FEATURE_LOCATION_CONFLICT::Coding region xref gene does not exist
prokka_out/CA110357:CDS	CMP-N,N'-diacetyllegionaminic acid synthase	NODE_35_length_7593_cov_24.361238:5979-6686	OBHBHFCO_01702

DiscRep_SUB:FEATURE_LOCATION_CONFLICT::Coding region xref gene does not exist
prokka_out/CA110357:CDS	Dihydroanticapsin 7-dehydrogenase	NODE_35_length_7593_cov_24.361238:6686-7456	OBHBHFCO_01703

DiscRep_SUB:FEATURE_LOCATION_CONFLICT::Coding region xref gene does not exist
prokka_out/CA110357:CDS	hypothetical protein	NODE_36_length_6945_cov_22.217219:c4134-322	OBHBHFCO_01704

DiscRep_SUB:FEATURE_LOCATION_CONFLICT::Coding region xref gene does not exist
prokka_out/CA110357:CDS	hypothetical protein	NODE_36_length_6945_cov_22.217219:4238-5335	OBHBHFCO_01705

DiscRep_SUB:FEATURE_LOCATION_CONFLICT::Coding region xref gene does not exist
prokka_out/CA110357:CDS	hypothetical protein	NODE_36_length_6945_cov_22.217219:5332-6354	OBHBHFCO_01706

DiscRep_SUB:FEATURE_LOCATION_CONFLICT::Coding region xref gene does not exist
prokka_out/CA110357:CDS	hypothetical protein	NODE_37_length_4770_cov_24.021107:236-466	OBHBHFCO_01707

DiscRep_SUB:FEATURE_LOCATION_CONFLICT::Coding region xref gene does not exist
prokka_out/CA110357:CDS	hypothetical protein	NODE_37_length_4770_cov_24.021107:463-1356	OBHBHFCO_01708

DiscRep_SUB:FEATURE_LOCATION_CONFLICT::Coding region xref gene does not exist
prokka_out/CA110357:CDS	hypothetical protein	NODE_37_length_4770_cov_24.021107:1349-1765	OBHBHFCO_01709

DiscRep_SUB:FEATURE_LOCATION_CONFLICT::Coding region xref gene does not exist
prokka_out/CA110357:CDS	hypothetical protein	NODE_37_length_4770_cov_24.021107:1762-3324	OBHBHFCO_01710

DiscRep_SUB:FEATURE_LOCATION_CONFLICT::Coding region xref gene does not exist
prokka_out/CA110357:CDS	3-oxoacyl-[acyl-carrier-protein] synthase 3	NODE_37_length_4770_cov_24.021107:3314-4375	OBHBHFCO_01711

DiscRep_SUB:FEATURE_LOCATION_CONFLICT::Coding region xref gene does not exist
prokka_out/CA110357:CDS	hypothetical protein	NODE_37_length_4770_cov_24.021107:4375-4596	OBHBHFCO_01712

DiscRep_SUB:FEATURE_LOCATION_CONFLICT::Coding region xref gene does not exist
prokka_out/CA110357:CDS	hypothetical protein	NODE_38_length_4050_cov_20.158297:63-413	OBHBHFCO_01713

DiscRep_SUB:FEATURE_LOCATION_CONFLICT::Coding region xref gene does not exist
prokka_out/CA110357:CDS	GDP-6-deoxy-D-mannose reductase	NODE_38_length_4050_cov_20.158297:389-1381	OBHBHFCO_01714

DiscRep_SUB:FEATURE_LOCATION_CONFLICT::Coding region xref gene does not exist
prokka_out/CA110357:CDS	Putative pyridoxal phosphate-dependent aminotransferase EpsN	NODE_38_length_4050_cov_20.158297:1374-2528	OBHBHFCO_01715

DiscRep_SUB:FEATURE_LOCATION_CONFLICT::Coding region xref gene does not exist
prokka_out/CA110357:CDS	hypothetical protein	NODE_38_length_4050_cov_20.158297:2637-2885	OBHBHFCO_01716

DiscRep_SUB:FEATURE_LOCATION_CONFLICT::Coding region xref gene does not exist
prokka_out/CA110357:CDS	UDP-N-acetylbacillosamine N-acetyltransferase	NODE_38_length_4050_cov_20.158297:2953-3180	OBHBHFCO_01717

DiscRep_SUB:FEATURE_LOCATION_CONFLICT::Coding region xref gene does not exist
prokka_out/CA110357:CDS	hypothetical protein	NODE_38_length_4050_cov_20.158297:3253-3570	OBHBHFCO_01718

DiscRep_SUB:FEATURE_LOCATION_CONFLICT::Coding region xref gene does not exist
prokka_out/CA110357:CDS	hypothetical protein	NODE_38_length_4050_cov_20.158297:3573-3959	OBHBHFCO_01719

DiscRep_SUB:FEATURE_LOCATION_CONFLICT::RNA feature xref gene does not exist
prokka_out/CA110357:rRNA	23S ribosomal RNA (partial)	NODE_39_length_4001_cov_129.067372:c1184-4	OBHBHFCO_01720

DiscRep_SUB:FEATURE_LOCATION_CONFLICT::RNA feature xref gene does not exist
prokka_out/CA110357:tRNA	Ile	NODE_39_length_4001_cov_129.067372:c1873-1797	OBHBHFCO_01721

DiscRep_SUB:FEATURE_LOCATION_CONFLICT::RNA feature xref gene does not exist
prokka_out/CA110357:tRNA	Ala	NODE_39_length_4001_cov_129.067372:c1957-1882	OBHBHFCO_01722

DiscRep_SUB:FEATURE_LOCATION_CONFLICT::RNA feature xref gene does not exist
prokka_out/CA110357:rRNA	16S ribosomal RNA	NODE_39_length_4001_cov_129.067372:c3568-2059	OBHBHFCO_01723

DiscRep_SUB:FEATURE_LOCATION_CONFLICT::Coding region xref gene does not exist
prokka_out/CA110357:CDS	hypothetical protein	NODE_40_length_3871_cov_24.747596:74-1297	OBHBHFCO_01724

DiscRep_SUB:FEATURE_LOCATION_CONFLICT::Coding region xref gene does not exist
prokka_out/CA110357:CDS	hypothetical protein	NODE_40_length_3871_cov_24.747596:1266-2033	OBHBHFCO_01725

DiscRep_SUB:FEATURE_LOCATION_CONFLICT::Coding region xref gene does not exist
prokka_out/CA110357:CDS	hypothetical protein	NODE_40_length_3871_cov_24.747596:2100-3737	OBHBHFCO_01726

DiscRep_SUB:FEATURE_LOCATION_CONFLICT::RNA feature xref gene does not exist
prokka_out/CA110357:rRNA	23S ribosomal RNA (partial)	NODE_41_length_2957_cov_95.798587:c2955-1249	OBHBHFCO_01727

DiscRep_SUB:FEATURE_LOCATION_CONFLICT::Coding region xref gene does not exist
prokka_out/CA110357:CDS	hypothetical protein	NODE_42_length_2926_cov_40.415506:c2795-1338	OBHBHFCO_01728

DiscRep_SUB:FEATURE_LOCATION_CONFLICT::Coding region xref gene does not exist
prokka_out/CA110357:CDS	hypothetical protein	NODE_43_length_2208_cov_26.885632:153-674	OBHBHFCO_01729

DiscRep_SUB:FEATURE_LOCATION_CONFLICT::Coding region xref gene does not exist
prokka_out/CA110357:CDS	hypothetical protein	NODE_43_length_2208_cov_26.885632:668-1069	OBHBHFCO_01730

DiscRep_SUB:FEATURE_LOCATION_CONFLICT::Coding region xref gene does not exist
prokka_out/CA110357:CDS	hypothetical protein	NODE_43_length_2208_cov_26.885632:1109-2143	OBHBHFCO_01731

DiscRep_SUB:FEATURE_LOCATION_CONFLICT::Coding region xref gene does not exist
prokka_out/CA110357:CDS	Putative cryptic C4-dicarboxylate transporter DcuD	NODE_44_length_2151_cov_24.195158:160-1683	OBHBHFCO_01732

DiscRep_SUB:FEATURE_LOCATION_CONFLICT::Coding region xref gene does not exist
prokka_out/CA110357:CDS	hypothetical protein	NODE_44_length_2151_cov_24.195158:c1916-1635	OBHBHFCO_01733

DiscRep_SUB:FEATURE_LOCATION_CONFLICT::Coding region xref gene does not exist
prokka_out/CA110357:CDS	hypothetical protein	NODE_45_length_2131_cov_20.388224:c2031-151	OBHBHFCO_01734

DiscRep_SUB:FEATURE_LOCATION_CONFLICT::Coding region xref gene does not exist
prokka_out/CA110357:CDS	hypothetical protein	NODE_45_length_2131_cov_20.388224:c2129-2007	OBHBHFCO_01735

DiscRep_SUB:FEATURE_LOCATION_CONFLICT::Coding region xref gene does not exist
prokka_out/CA110357:CDS	Flagellin B	NODE_46_length_2068_cov_24.138073:36-371	OBHBHFCO_01736

DiscRep_SUB:FEATURE_LOCATION_CONFLICT::Coding region xref gene does not exist
prokka_out/CA110357:CDS	hypothetical protein	NODE_46_length_2068_cov_24.138073:c2051-402	OBHBHFCO_01737

DiscRep_SUB:FEATURE_LOCATION_CONFLICT::Coding region xref gene does not exist
prokka_out/CA110357:CDS	D-alanine--D-alanyl carrier protein ligase	NODE_47_length_1854_cov_14.825709:185-1693	OBHBHFCO_01738

DiscRep_SUB:FEATURE_LOCATION_CONFLICT::Coding region xref gene does not exist
prokka_out/CA110357:CDS	Flagellin A	NODE_48_length_1759_cov_51.463848:36-371	OBHBHFCO_01739

DiscRep_SUB:FEATURE_LOCATION_CONFLICT::Coding region xref gene does not exist
prokka_out/CA110357:CDS	hypothetical protein	NODE_55_length_771_cov_7.338509:c671-228	OBHBHFCO_01740

DiscRep_SUB:FEATURE_LOCATION_CONFLICT::Coding region xref gene does not exist
prokka_out/CA110357:CDS	Methyl-accepting chemotaxis protein III	NODE_56_length_554_cov_174.459016:112-552	OBHBHFCO_01741

DiscRep_SUB:FEATURE_LOCATION_CONFLICT::Coding region xref gene does not exist
prokka_out/CA110357:CDS	hypothetical protein	NODE_57_length_433_cov_21.712418:c298-38	OBHBHFCO_01742

DiscRep_SUB:FEATURE_LOCATION_CONFLICT::Coding region xref gene does not exist
prokka_out/CA110357:CDS	hypothetical protein	NODE_60_length_411_cov_15.133803:c236-30	OBHBHFCO_01743

DiscRep_ALL:OVERLAPPING_CDS::10 coding regions overlap another coding region with a similar or identical name.
DiscRep_SUB:OVERLAPPING_CDS::10 coding regions overlap another coding region with a similar or identical name that do not have the appropriate note text
prokka_out/CA110357:CDS	Bifunctional DNA-directed RNA polymerase subunit beta-beta'	NODE_1_length_246645_cov_28.538618:c211320-206770	OBHBHFCO_00209
prokka_out/CA110357:CDS	Bifunctional DNA-directed RNA polymerase subunit beta-beta'	NODE_1_length_246645_cov_28.538618:c215440-211313	OBHBHFCO_00210
prokka_out/CA110357:CDS	GTPase Der	NODE_7_length_73514_cov_27.283824:60891-63077	OBHBHFCO_00869
prokka_out/CA110357:CDS	GTPase Der	NODE_7_length_73514_cov_27.283824:63067-64899	OBHBHFCO_00870
prokka_out/CA110357:CDS	Bacteriohemerythrin	NODE_10_length_57455_cov_29.148200:c25647-25309	OBHBHFCO_01045
prokka_out/CA110357:CDS	Bacteriohemerythrin	NODE_10_length_57455_cov_29.148200:c26285-25599	OBHBHFCO_01046
prokka_out/CA110357:CDS	Na(+)/H(+) antiporter NhaA	NODE_15_length_37051_cov_31.152800:22194-23342	OBHBHFCO_01300
prokka_out/CA110357:CDS	Na(+)/H(+) antiporter NhaA	NODE_15_length_37051_cov_31.152800:23339-24508	OBHBHFCO_01301
prokka_out/CA110357:CDS	Bacteriohemerythrin	NODE_23_length_19863_cov_32.630067:5190-5879	OBHBHFCO_01531
prokka_out/CA110357:CDS	Bacteriohemerythrin	NODE_23_length_19863_cov_32.630067:5860-6471	OBHBHFCO_01532

DiscRep_ALL:SUSPECT_PRODUCT_NAMES::6 product_names contain suspect phrase or characters
DiscRep_SUB:SUSPECT_PRODUCT_NAMES::Suspicious phrase; should this be nonfunctional?
DiscRep_SUB:SUSPECT_PRODUCT_NAMES::1 features contains 'truncat'
prokka_out/CA110357:CDS	Group 3 truncated hemoglobin ctb	NODE_1_length_246645_cov_28.538618:223483-223869	OBHBHFCO_00228

DiscRep_SUB:SUSPECT_PRODUCT_NAMES::May contain database identifier more appropriate in note; remove from product name
DiscRep_SUB:SUSPECT_PRODUCT_NAMES::2 features contains three or more numbers together that may be identifiers more appropriate in note
prokka_out/CA110357:CDS	Beta-lactamase OXA-133	NODE_5_length_84794_cov_32.952520:c44362-43589	OBHBHFCO_00660
prokka_out/CA110357:CDS	Putative two-component membrane permease complex subunit SMU_747c	NODE_30_length_14463_cov_24.501674:c5143-4196	OBHBHFCO_01641

DiscRep_SUB:SUSPECT_PRODUCT_NAMES::1 features Contains underscore
prokka_out/CA110357:CDS	Putative two-component membrane permease complex subunit SMU_747c	NODE_30_length_14463_cov_24.501674:c5143-4196	OBHBHFCO_01641

DiscRep_SUB:SUSPECT_PRODUCT_NAMES::Use short product name instead of descriptive phrase
DiscRep_SUB:SUSPECT_PRODUCT_NAMES::2 features Is longer than 100 characters. Remove descriptive phrases or synonyms from product names. Keep valid long product names, eg long enzyme names
prokka_out/CA110357:CDS	GalNAc-alpha-(1->4)-GalNAc-alpha-(1->3)-diNAcBac-PP-undecaprenol alpha-1,4-N-acetyl-D-galactosaminyltransferase	NODE_24_length_18878_cov_18.207989:8225-9301	OBHBHFCO_01555
prokka_out/CA110357:CDS	N-acetylgalactosamine-N,N'-diacetylbacillosaminyl-diphospho-undecaprenol 4-alpha-N-acetylgalactosaminyltransferase	NODE_24_length_18878_cov_18.207989:10211-11308	OBHBHFCO_01557

FATAL: DiscRep_ALL:EC_NUMBER_ON_UNKNOWN_PROTEIN::1 protein features have an EC number and a protein name of 'unknown protein' or 'hypothetical protein'
prokka_out/CA110357:CDS	hypothetical protein	NODE_3_length_107807_cov_23.952684:46640-47236	OBHBHFCO_00452

DiscRep_ALL:NO_ANNOTATION::12 bioseqs have no features
prokka_out/CA110357:NODE_49_length_1131_cov_21.916335 (length 1131)
prokka_out/CA110357:NODE_50_length_934_cov_10.396530 (length 934)
prokka_out/CA110357:NODE_51_length_928_cov_18.449438 (length 928)
prokka_out/CA110357:NODE_52_length_901_cov_26.153747 (length 901)
prokka_out/CA110357:NODE_53_length_804_cov_27.534712 (length 804)
prokka_out/CA110357:NODE_54_length_783_cov_10.858232 (length 783)
prokka_out/CA110357:NODE_59_length_425_cov_12.271812 (length 425)
prokka_out/CA110357:NODE_61_length_367_cov_107.645833 (length 367)
prokka_out/CA110357:NODE_62_length_294_cov_19.095808 (length 294)
prokka_out/CA110357:NODE_63_length_262_cov_96.533333 (length 262)
prokka_out/CA110357:NODE_64_length_261_cov_86.753731 (length 261)
prokka_out/CA110357:NODE_65_length_221_cov_52.106383 (length 221)

DiscRep_ALL:DISC_QUALITY_SCORES::Quality scores are missing on all sequences.

FATAL: DiscRep_ALL:DISC_SUSPECT_RRNA_PRODUCTS::2 rRNA product names contain suspect phrase
FATAL: DiscRep_SUB:DISC_SUSPECT_RRNA_PRODUCTS::2 rRNA product names contains 'partial'
prokka_out/CA110357:rRNA	23S ribosomal RNA (partial)	NODE_39_length_4001_cov_129.067372:c1184-4	OBHBHFCO_01720
prokka_out/CA110357:rRNA	23S ribosomal RNA (partial)	NODE_41_length_2957_cov_95.798587:c2955-1249	OBHBHFCO_01727

FATAL: DiscRep_ALL:DISC_SHORT_RRNA::2 rRNA features are too short
prokka_out/CA110357:rRNA	23S ribosomal RNA (partial)	NODE_39_length_4001_cov_129.067372:c1184-4	OBHBHFCO_01720
prokka_out/CA110357:rRNA	23S ribosomal RNA (partial)	NODE_41_length_2957_cov_95.798587:c2955-1249	OBHBHFCO_01727

DiscRep_ALL:ONCALLER_COMMENT_PRESENT::64 comment descriptors were found (all same)
prokka_out/CA110357:NODE_1_length_246645_cov_28.538618:Annotated using prokka 1.14.6 from https://github.com/tseemann/prokka
prokka_out/CA110357:NODE_2_length_151050_cov_23.777973:Annotated using prokka 1.14.6 from https://github.com/tseemann/prokka
prokka_out/CA110357:NODE_3_length_107807_cov_23.952684:Annotated using prokka 1.14.6 from https://github.com/tseemann/prokka
prokka_out/CA110357:NODE_4_length_101299_cov_28.002857:Annotated using prokka 1.14.6 from https://github.com/tseemann/prokka
prokka_out/CA110357:NODE_5_length_84794_cov_32.952520:Annotated using prokka 1.14.6 from https://github.com/tseemann/prokka
prokka_out/CA110357:NODE_6_length_75010_cov_33.629876:Annotated using prokka 1.14.6 from https://github.com/tseemann/prokka
prokka_out/CA110357:NODE_7_length_73514_cov_27.283824:Annotated using prokka 1.14.6 from https://github.com/tseemann/prokka
prokka_out/CA110357:NODE_8_length_63333_cov_26.930244:Annotated using prokka 1.14.6 from https://github.com/tseemann/prokka
prokka_out/CA110357:NODE_9_length_61305_cov_33.338292:Annotated using prokka 1.14.6 from https://github.com/tseemann/prokka
prokka_out/CA110357:NODE_10_length_57455_cov_29.148200:Annotated using prokka 1.14.6 from https://github.com/tseemann/prokka
prokka_out/CA110357:NODE_11_length_54396_cov_35.294938:Annotated using prokka 1.14.6 from https://github.com/tseemann/prokka
prokka_out/CA110357:NODE_12_length_51844_cov_25.366707:Annotated using prokka 1.14.6 from https://github.com/tseemann/prokka
prokka_out/CA110357:NODE_13_length_45722_cov_28.431034:Annotated using prokka 1.14.6 from https://github.com/tseemann/prokka
prokka_out/CA110357:NODE_14_length_39543_cov_34.711056:Annotated using prokka 1.14.6 from https://github.com/tseemann/prokka
prokka_out/CA110357:NODE_15_length_37051_cov_31.152800:Annotated using prokka 1.14.6 from https://github.com/tseemann/prokka
prokka_out/CA110357:NODE_16_length_36957_cov_22.562205:Annotated using prokka 1.14.6 from https://github.com/tseemann/prokka
prokka_out/CA110357:NODE_17_length_32617_cov_27.744014:Annotated using prokka 1.14.6 from https://github.com/tseemann/prokka
prokka_out/CA110357:NODE_18_length_28760_cov_27.563196:Annotated using prokka 1.14.6 from https://github.com/tseemann/prokka
prokka_out/CA110357:NODE_19_length_28675_cov_23.424793:Annotated using prokka 1.14.6 from https://github.com/tseemann/prokka
prokka_out/CA110357:NODE_20_length_25761_cov_32.456815:Annotated using prokka 1.14.6 from https://github.com/tseemann/prokka
prokka_out/CA110357:NODE_21_length_22028_cov_29.117346:Annotated using prokka 1.14.6 from https://github.com/tseemann/prokka
prokka_out/CA110357:NODE_22_length_21066_cov_29.525049:Annotated using prokka 1.14.6 from https://github.com/tseemann/prokka
prokka_out/CA110357:NODE_23_length_19863_cov_32.630067:Annotated using prokka 1.14.6 from https://github.com/tseemann/prokka
prokka_out/CA110357:NODE_24_length_18878_cov_18.207989:Annotated using prokka 1.14.6 from https://github.com/tseemann/prokka
prokka_out/CA110357:NODE_25_length_17959_cov_26.037349:Annotated using prokka 1.14.6 from https://github.com/tseemann/prokka
prokka_out/CA110357:NODE_26_length_17256_cov_12.940744:Annotated using prokka 1.14.6 from https://github.com/tseemann/prokka
prokka_out/CA110357:NODE_27_length_16838_cov_23.405182:Annotated using prokka 1.14.6 from https://github.com/tseemann/prokka
prokka_out/CA110357:NODE_28_length_16620_cov_24.527982:Annotated using prokka 1.14.6 from https://github.com/tseemann/prokka
prokka_out/CA110357:NODE_29_length_15193_cov_24.382849:Annotated using prokka 1.14.6 from https://github.com/tseemann/prokka
prokka_out/CA110357:NODE_30_length_14463_cov_24.501674:Annotated using prokka 1.14.6 from https://github.com/tseemann/prokka
prokka_out/CA110357:NODE_31_length_12582_cov_19.602168:Annotated using prokka 1.14.6 from https://github.com/tseemann/prokka
prokka_out/CA110357:NODE_32_length_9907_cov_23.130573:Annotated using prokka 1.14.6 from https://github.com/tseemann/prokka
prokka_out/CA110357:NODE_33_length_8871_cov_30.729186:Annotated using prokka 1.14.6 from https://github.com/tseemann/prokka
prokka_out/CA110357:NODE_34_length_8690_cov_28.111643:Annotated using prokka 1.14.6 from https://github.com/tseemann/prokka
prokka_out/CA110357:NODE_35_length_7593_cov_24.361238:Annotated using prokka 1.14.6 from https://github.com/tseemann/prokka
prokka_out/CA110357:NODE_36_length_6945_cov_22.217219:Annotated using prokka 1.14.6 from https://github.com/tseemann/prokka
prokka_out/CA110357:NODE_37_length_4770_cov_24.021107:Annotated using prokka 1.14.6 from https://github.com/tseemann/prokka
prokka_out/CA110357:NODE_38_length_4050_cov_20.158297:Annotated using prokka 1.14.6 from https://github.com/tseemann/prokka
prokka_out/CA110357:NODE_39_length_4001_cov_129.067372:Annotated using prokka 1.14.6 from https://github.com/tseemann/prokka
prokka_out/CA110357:NODE_40_length_3871_cov_24.747596:Annotated using prokka 1.14.6 from https://github.com/tseemann/prokka
prokka_out/CA110357:NODE_41_length_2957_cov_95.798587:Annotated using prokka 1.14.6 from https://github.com/tseemann/prokka
prokka_out/CA110357:NODE_42_length_2926_cov_40.415506:Annotated using prokka 1.14.6 from https://github.com/tseemann/prokka
prokka_out/CA110357:NODE_43_length_2208_cov_26.885632:Annotated using prokka 1.14.6 from https://github.com/tseemann/prokka
prokka_out/CA110357:NODE_44_length_2151_cov_24.195158:Annotated using prokka 1.14.6 from https://github.com/tseemann/prokka
prokka_out/CA110357:NODE_45_length_2131_cov_20.388224:Annotated using prokka 1.14.6 from https://github.com/tseemann/prokka
prokka_out/CA110357:NODE_46_length_2068_cov_24.138073:Annotated using prokka 1.14.6 from https://github.com/tseemann/prokka
prokka_out/CA110357:NODE_47_length_1854_cov_14.825709:Annotated using prokka 1.14.6 from https://github.com/tseemann/prokka
prokka_out/CA110357:NODE_48_length_1759_cov_51.463848:Annotated using prokka 1.14.6 from https://github.com/tseemann/prokka
prokka_out/CA110357:NODE_49_length_1131_cov_21.916335:Annotated using prokka 1.14.6 from https://github.com/tseemann/prokka
prokka_out/CA110357:NODE_50_length_934_cov_10.396530:Annotated using prokka 1.14.6 from https://github.com/tseemann/prokka
prokka_out/CA110357:NODE_51_length_928_cov_18.449438:Annotated using prokka 1.14.6 from https://github.com/tseemann/prokka
prokka_out/CA110357:NODE_52_length_901_cov_26.153747:Annotated using prokka 1.14.6 from https://github.com/tseemann/prokka
prokka_out/CA110357:NODE_53_length_804_cov_27.534712:Annotated using prokka 1.14.6 from https://github.com/tseemann/prokka
prokka_out/CA110357:NODE_54_length_783_cov_10.858232:Annotated using prokka 1.14.6 from https://github.com/tseemann/prokka
prokka_out/CA110357:NODE_55_length_771_cov_7.338509:Annotated using prokka 1.14.6 from https://github.com/tseemann/prokka
prokka_out/CA110357:NODE_56_length_554_cov_174.459016:Annotated using prokka 1.14.6 from https://github.com/tseemann/prokka
prokka_out/CA110357:NODE_57_length_433_cov_21.712418:Annotated using prokka 1.14.6 from https://github.com/tseemann/prokka
prokka_out/CA110357:NODE_59_length_425_cov_12.271812:Annotated using prokka 1.14.6 from https://github.com/tseemann/prokka
prokka_out/CA110357:NODE_60_length_411_cov_15.133803:Annotated using prokka 1.14.6 from https://github.com/tseemann/prokka
prokka_out/CA110357:NODE_61_length_367_cov_107.645833:Annotated using prokka 1.14.6 from https://github.com/tseemann/prokka
prokka_out/CA110357:NODE_62_length_294_cov_19.095808:Annotated using prokka 1.14.6 from https://github.com/tseemann/prokka
prokka_out/CA110357:NODE_63_length_262_cov_96.533333:Annotated using prokka 1.14.6 from https://github.com/tseemann/prokka
prokka_out/CA110357:NODE_64_length_261_cov_86.753731:Annotated using prokka 1.14.6 from https://github.com/tseemann/prokka
prokka_out/CA110357:NODE_65_length_221_cov_52.106383:Annotated using prokka 1.14.6 from https://github.com/tseemann/prokka

DiscRep_ALL:SHORT_PROT_SEQUENCES::19 protein sequences are shorter than 50 aa.
prokka_out/CA110357:NODE_1_length_246645_cov_28.538618_1> (length 46)
prokka_out/CA110357:NODE_4_length_101299_cov_28.002857_99 (length 36)
prokka_out/CA110357:NODE_5_length_84794_cov_32.952520_15 (length 48)
prokka_out/CA110357:NODE_6_length_75010_cov_33.629876_50 (length 44)
prokka_out/CA110357:NODE_6_length_75010_cov_33.629876_94 (length 34)
prokka_out/CA110357:NODE_9_length_61305_cov_33.338292_37 (length 33)
prokka_out/CA110357:NODE_13_length_45722_cov_28.431034_30 (length 40)
prokka_out/CA110357:NODE_13_length_45722_cov_28.431034_44 (length 29)
prokka_out/CA110357:NODE_15_length_37051_cov_31.152800_4 (length 34)
prokka_out/CA110357:NODE_16_length_36957_cov_22.562205_24 (length 44)
prokka_out/CA110357:NODE_16_length_36957_cov_22.562205_38 (length 49)
prokka_out/CA110357:NODE_20_length_25761_cov_32.456815_16 (length 46)
prokka_out/CA110357:NODE_20_length_25761_cov_32.456815_18 (length 33)
prokka_out/CA110357:NODE_27_length_16838_cov_23.405182_7 (length 45)
prokka_out/CA110357:NODE_28_length_16620_cov_24.527982_14 (length 34)
prokka_out/CA110357:NODE_29_length_15193_cov_24.382849_3 (length 46)
prokka_out/CA110357:NODE_31_length_12582_cov_19.602168_3 (length 48)
prokka_out/CA110357:NODE_31_length_12582_cov_19.602168_8 (length 47)
prokka_out/CA110357:NODE_45_length_2131_cov_20.388224_2 (length 40)

DiscRep_ALL:MISSING_GENOMEASSEMBLY_COMMENTS::64 bioseqs are missing GenomeAssembly structured comments
prokka_out/CA110357:NODE_1_length_246645_cov_28.538618 (length 246645)
prokka_out/CA110357:NODE_2_length_151050_cov_23.777973 (length 151050)
prokka_out/CA110357:NODE_3_length_107807_cov_23.952684 (length 107807)
prokka_out/CA110357:NODE_4_length_101299_cov_28.002857 (length 101299)
prokka_out/CA110357:NODE_5_length_84794_cov_32.952520 (length 84794)
prokka_out/CA110357:NODE_6_length_75010_cov_33.629876 (length 75010)
prokka_out/CA110357:NODE_7_length_73514_cov_27.283824 (length 73514)
prokka_out/CA110357:NODE_8_length_63333_cov_26.930244 (length 63333)
prokka_out/CA110357:NODE_9_length_61305_cov_33.338292 (length 61305)
prokka_out/CA110357:NODE_10_length_57455_cov_29.148200 (length 57455)
prokka_out/CA110357:NODE_11_length_54396_cov_35.294938 (length 54396)
prokka_out/CA110357:NODE_12_length_51844_cov_25.366707 (length 51844)
prokka_out/CA110357:NODE_13_length_45722_cov_28.431034 (length 45722)
prokka_out/CA110357:NODE_14_length_39543_cov_34.711056 (length 39543)
prokka_out/CA110357:NODE_15_length_37051_cov_31.152800 (length 37051)
prokka_out/CA110357:NODE_16_length_36957_cov_22.562205 (length 36957)
prokka_out/CA110357:NODE_17_length_32617_cov_27.744014 (length 32617)
prokka_out/CA110357:NODE_18_length_28760_cov_27.563196 (length 28760)
prokka_out/CA110357:NODE_19_length_28675_cov_23.424793 (length 28675)
prokka_out/CA110357:NODE_20_length_25761_cov_32.456815 (length 25761)
prokka_out/CA110357:NODE_21_length_22028_cov_29.117346 (length 22028)
prokka_out/CA110357:NODE_22_length_21066_cov_29.525049 (length 21066)
prokka_out/CA110357:NODE_23_length_19863_cov_32.630067 (length 19863)
prokka_out/CA110357:NODE_24_length_18878_cov_18.207989 (length 18878)
prokka_out/CA110357:NODE_25_length_17959_cov_26.037349 (length 17959)
prokka_out/CA110357:NODE_26_length_17256_cov_12.940744 (length 17256)
prokka_out/CA110357:NODE_27_length_16838_cov_23.405182 (length 16838)
prokka_out/CA110357:NODE_28_length_16620_cov_24.527982 (length 16620)
prokka_out/CA110357:NODE_29_length_15193_cov_24.382849 (length 15193)
prokka_out/CA110357:NODE_30_length_14463_cov_24.501674 (length 14463)
prokka_out/CA110357:NODE_31_length_12582_cov_19.602168 (length 12582)
prokka_out/CA110357:NODE_32_length_9907_cov_23.130573 (length 9907)
prokka_out/CA110357:NODE_33_length_8871_cov_30.729186 (length 8871)
prokka_out/CA110357:NODE_34_length_8690_cov_28.111643 (length 8690)
prokka_out/CA110357:NODE_35_length_7593_cov_24.361238 (length 7593)
prokka_out/CA110357:NODE_36_length_6945_cov_22.217219 (length 6945)
prokka_out/CA110357:NODE_37_length_4770_cov_24.021107 (length 4770)
prokka_out/CA110357:NODE_38_length_4050_cov_20.158297 (length 4050)
prokka_out/CA110357:NODE_39_length_4001_cov_129.067372 (length 4001)
prokka_out/CA110357:NODE_40_length_3871_cov_24.747596 (length 3871)
prokka_out/CA110357:NODE_41_length_2957_cov_95.798587 (length 2957)
prokka_out/CA110357:NODE_42_length_2926_cov_40.415506 (length 2926)
prokka_out/CA110357:NODE_43_length_2208_cov_26.885632 (length 2208)
prokka_out/CA110357:NODE_44_length_2151_cov_24.195158 (length 2151)
prokka_out/CA110357:NODE_45_length_2131_cov_20.388224 (length 2131)
prokka_out/CA110357:NODE_46_length_2068_cov_24.138073 (length 2068)
prokka_out/CA110357:NODE_47_length_1854_cov_14.825709 (length 1854)
prokka_out/CA110357:NODE_48_length_1759_cov_51.463848 (length 1759)
prokka_out/CA110357:NODE_49_length_1131_cov_21.916335 (length 1131)
prokka_out/CA110357:NODE_50_length_934_cov_10.396530 (length 934)
prokka_out/CA110357:NODE_51_length_928_cov_18.449438 (length 928)
prokka_out/CA110357:NODE_52_length_901_cov_26.153747 (length 901)
prokka_out/CA110357:NODE_53_length_804_cov_27.534712 (length 804)
prokka_out/CA110357:NODE_54_length_783_cov_10.858232 (length 783)
prokka_out/CA110357:NODE_55_length_771_cov_7.338509 (length 771)
prokka_out/CA110357:NODE_56_length_554_cov_174.459016 (length 554)
prokka_out/CA110357:NODE_57_length_433_cov_21.712418 (length 433)
prokka_out/CA110357:NODE_59_length_425_cov_12.271812 (length 425)
prokka_out/CA110357:NODE_60_length_411_cov_15.133803 (length 411)
prokka_out/CA110357:NODE_61_length_367_cov_107.645833 (length 367)
prokka_out/CA110357:NODE_62_length_294_cov_19.095808 (length 294)
prokka_out/CA110357:NODE_63_length_262_cov_96.533333 (length 262)
prokka_out/CA110357:NODE_64_length_261_cov_86.753731 (length 261)
prokka_out/CA110357:NODE_65_length_221_cov_52.106383 (length 221)

DiscRep_ALL:MOLTYPE_NOT_MRNA::64 molecule types are not set as mRNA.
prokka_out/CA110357:NODE_1_length_246645_cov_28.538618 (length 246645)
prokka_out/CA110357:NODE_2_length_151050_cov_23.777973 (length 151050)
prokka_out/CA110357:NODE_3_length_107807_cov_23.952684 (length 107807)
prokka_out/CA110357:NODE_4_length_101299_cov_28.002857 (length 101299)
prokka_out/CA110357:NODE_5_length_84794_cov_32.952520 (length 84794)
prokka_out/CA110357:NODE_6_length_75010_cov_33.629876 (length 75010)
prokka_out/CA110357:NODE_7_length_73514_cov_27.283824 (length 73514)
prokka_out/CA110357:NODE_8_length_63333_cov_26.930244 (length 63333)
prokka_out/CA110357:NODE_9_length_61305_cov_33.338292 (length 61305)
prokka_out/CA110357:NODE_10_length_57455_cov_29.148200 (length 57455)
prokka_out/CA110357:NODE_11_length_54396_cov_35.294938 (length 54396)
prokka_out/CA110357:NODE_12_length_51844_cov_25.366707 (length 51844)
prokka_out/CA110357:NODE_13_length_45722_cov_28.431034 (length 45722)
prokka_out/CA110357:NODE_14_length_39543_cov_34.711056 (length 39543)
prokka_out/CA110357:NODE_15_length_37051_cov_31.152800 (length 37051)
prokka_out/CA110357:NODE_16_length_36957_cov_22.562205 (length 36957)
prokka_out/CA110357:NODE_17_length_32617_cov_27.744014 (length 32617)
prokka_out/CA110357:NODE_18_length_28760_cov_27.563196 (length 28760)
prokka_out/CA110357:NODE_19_length_28675_cov_23.424793 (length 28675)
prokka_out/CA110357:NODE_20_length_25761_cov_32.456815 (length 25761)
prokka_out/CA110357:NODE_21_length_22028_cov_29.117346 (length 22028)
prokka_out/CA110357:NODE_22_length_21066_cov_29.525049 (length 21066)
prokka_out/CA110357:NODE_23_length_19863_cov_32.630067 (length 19863)
prokka_out/CA110357:NODE_24_length_18878_cov_18.207989 (length 18878)
prokka_out/CA110357:NODE_25_length_17959_cov_26.037349 (length 17959)
prokka_out/CA110357:NODE_26_length_17256_cov_12.940744 (length 17256)
prokka_out/CA110357:NODE_27_length_16838_cov_23.405182 (length 16838)
prokka_out/CA110357:NODE_28_length_16620_cov_24.527982 (length 16620)
prokka_out/CA110357:NODE_29_length_15193_cov_24.382849 (length 15193)
prokka_out/CA110357:NODE_30_length_14463_cov_24.501674 (length 14463)
prokka_out/CA110357:NODE_31_length_12582_cov_19.602168 (length 12582)
prokka_out/CA110357:NODE_32_length_9907_cov_23.130573 (length 9907)
prokka_out/CA110357:NODE_33_length_8871_cov_30.729186 (length 8871)
prokka_out/CA110357:NODE_34_length_8690_cov_28.111643 (length 8690)
prokka_out/CA110357:NODE_35_length_7593_cov_24.361238 (length 7593)
prokka_out/CA110357:NODE_36_length_6945_cov_22.217219 (length 6945)
prokka_out/CA110357:NODE_37_length_4770_cov_24.021107 (length 4770)
prokka_out/CA110357:NODE_38_length_4050_cov_20.158297 (length 4050)
prokka_out/CA110357:NODE_39_length_4001_cov_129.067372 (length 4001)
prokka_out/CA110357:NODE_40_length_3871_cov_24.747596 (length 3871)
prokka_out/CA110357:NODE_41_length_2957_cov_95.798587 (length 2957)
prokka_out/CA110357:NODE_42_length_2926_cov_40.415506 (length 2926)
prokka_out/CA110357:NODE_43_length_2208_cov_26.885632 (length 2208)
prokka_out/CA110357:NODE_44_length_2151_cov_24.195158 (length 2151)
prokka_out/CA110357:NODE_45_length_2131_cov_20.388224 (length 2131)
prokka_out/CA110357:NODE_46_length_2068_cov_24.138073 (length 2068)
prokka_out/CA110357:NODE_47_length_1854_cov_14.825709 (length 1854)
prokka_out/CA110357:NODE_48_length_1759_cov_51.463848 (length 1759)
prokka_out/CA110357:NODE_49_length_1131_cov_21.916335 (length 1131)
prokka_out/CA110357:NODE_50_length_934_cov_10.396530 (length 934)
prokka_out/CA110357:NODE_51_length_928_cov_18.449438 (length 928)
prokka_out/CA110357:NODE_52_length_901_cov_26.153747 (length 901)
prokka_out/CA110357:NODE_53_length_804_cov_27.534712 (length 804)
prokka_out/CA110357:NODE_54_length_783_cov_10.858232 (length 783)
prokka_out/CA110357:NODE_55_length_771_cov_7.338509 (length 771)
prokka_out/CA110357:NODE_56_length_554_cov_174.459016 (length 554)
prokka_out/CA110357:NODE_57_length_433_cov_21.712418 (length 433)
prokka_out/CA110357:NODE_59_length_425_cov_12.271812 (length 425)
prokka_out/CA110357:NODE_60_length_411_cov_15.133803 (length 411)
prokka_out/CA110357:NODE_61_length_367_cov_107.645833 (length 367)
prokka_out/CA110357:NODE_62_length_294_cov_19.095808 (length 294)
prokka_out/CA110357:NODE_63_length_262_cov_96.533333 (length 262)
prokka_out/CA110357:NODE_64_length_261_cov_86.753731 (length 261)
prokka_out/CA110357:NODE_65_length_221_cov_52.106383 (length 221)

DiscRep_ALL:TECHNIQUE_NOT_TSA::64 technique are not set as TSA
prokka_out/CA110357:NODE_1_length_246645_cov_28.538618 (length 246645)
prokka_out/CA110357:NODE_2_length_151050_cov_23.777973 (length 151050)
prokka_out/CA110357:NODE_3_length_107807_cov_23.952684 (length 107807)
prokka_out/CA110357:NODE_4_length_101299_cov_28.002857 (length 101299)
prokka_out/CA110357:NODE_5_length_84794_cov_32.952520 (length 84794)
prokka_out/CA110357:NODE_6_length_75010_cov_33.629876 (length 75010)
prokka_out/CA110357:NODE_7_length_73514_cov_27.283824 (length 73514)
prokka_out/CA110357:NODE_8_length_63333_cov_26.930244 (length 63333)
prokka_out/CA110357:NODE_9_length_61305_cov_33.338292 (length 61305)
prokka_out/CA110357:NODE_10_length_57455_cov_29.148200 (length 57455)
prokka_out/CA110357:NODE_11_length_54396_cov_35.294938 (length 54396)
prokka_out/CA110357:NODE_12_length_51844_cov_25.366707 (length 51844)
prokka_out/CA110357:NODE_13_length_45722_cov_28.431034 (length 45722)
prokka_out/CA110357:NODE_14_length_39543_cov_34.711056 (length 39543)
prokka_out/CA110357:NODE_15_length_37051_cov_31.152800 (length 37051)
prokka_out/CA110357:NODE_16_length_36957_cov_22.562205 (length 36957)
prokka_out/CA110357:NODE_17_length_32617_cov_27.744014 (length 32617)
prokka_out/CA110357:NODE_18_length_28760_cov_27.563196 (length 28760)
prokka_out/CA110357:NODE_19_length_28675_cov_23.424793 (length 28675)
prokka_out/CA110357:NODE_20_length_25761_cov_32.456815 (length 25761)
prokka_out/CA110357:NODE_21_length_22028_cov_29.117346 (length 22028)
prokka_out/CA110357:NODE_22_length_21066_cov_29.525049 (length 21066)
prokka_out/CA110357:NODE_23_length_19863_cov_32.630067 (length 19863)
prokka_out/CA110357:NODE_24_length_18878_cov_18.207989 (length 18878)
prokka_out/CA110357:NODE_25_length_17959_cov_26.037349 (length 17959)
prokka_out/CA110357:NODE_26_length_17256_cov_12.940744 (length 17256)
prokka_out/CA110357:NODE_27_length_16838_cov_23.405182 (length 16838)
prokka_out/CA110357:NODE_28_length_16620_cov_24.527982 (length 16620)
prokka_out/CA110357:NODE_29_length_15193_cov_24.382849 (length 15193)
prokka_out/CA110357:NODE_30_length_14463_cov_24.501674 (length 14463)
prokka_out/CA110357:NODE_31_length_12582_cov_19.602168 (length 12582)
prokka_out/CA110357:NODE_32_length_9907_cov_23.130573 (length 9907)
prokka_out/CA110357:NODE_33_length_8871_cov_30.729186 (length 8871)
prokka_out/CA110357:NODE_34_length_8690_cov_28.111643 (length 8690)
prokka_out/CA110357:NODE_35_length_7593_cov_24.361238 (length 7593)
prokka_out/CA110357:NODE_36_length_6945_cov_22.217219 (length 6945)
prokka_out/CA110357:NODE_37_length_4770_cov_24.021107 (length 4770)
prokka_out/CA110357:NODE_38_length_4050_cov_20.158297 (length 4050)
prokka_out/CA110357:NODE_39_length_4001_cov_129.067372 (length 4001)
prokka_out/CA110357:NODE_40_length_3871_cov_24.747596 (length 3871)
prokka_out/CA110357:NODE_41_length_2957_cov_95.798587 (length 2957)
prokka_out/CA110357:NODE_42_length_2926_cov_40.415506 (length 2926)
prokka_out/CA110357:NODE_43_length_2208_cov_26.885632 (length 2208)
prokka_out/CA110357:NODE_44_length_2151_cov_24.195158 (length 2151)
prokka_out/CA110357:NODE_45_length_2131_cov_20.388224 (length 2131)
prokka_out/CA110357:NODE_46_length_2068_cov_24.138073 (length 2068)
prokka_out/CA110357:NODE_47_length_1854_cov_14.825709 (length 1854)
prokka_out/CA110357:NODE_48_length_1759_cov_51.463848 (length 1759)
prokka_out/CA110357:NODE_49_length_1131_cov_21.916335 (length 1131)
prokka_out/CA110357:NODE_50_length_934_cov_10.396530 (length 934)
prokka_out/CA110357:NODE_51_length_928_cov_18.449438 (length 928)
prokka_out/CA110357:NODE_52_length_901_cov_26.153747 (length 901)
prokka_out/CA110357:NODE_53_length_804_cov_27.534712 (length 804)
prokka_out/CA110357:NODE_54_length_783_cov_10.858232 (length 783)
prokka_out/CA110357:NODE_55_length_771_cov_7.338509 (length 771)
prokka_out/CA110357:NODE_56_length_554_cov_174.459016 (length 554)
prokka_out/CA110357:NODE_57_length_433_cov_21.712418 (length 433)
prokka_out/CA110357:NODE_59_length_425_cov_12.271812 (length 425)
prokka_out/CA110357:NODE_60_length_411_cov_15.133803 (length 411)
prokka_out/CA110357:NODE_61_length_367_cov_107.645833 (length 367)
prokka_out/CA110357:NODE_62_length_294_cov_19.095808 (length 294)
prokka_out/CA110357:NODE_63_length_262_cov_96.533333 (length 262)
prokka_out/CA110357:NODE_64_length_261_cov_86.753731 (length 261)
prokka_out/CA110357:NODE_65_length_221_cov_52.106383 (length 221)

DiscRep_ALL:MISSING_STRUCTURED_COMMENT::64 sequences do not include structured comments.
prokka_out/CA110357:NODE_1_length_246645_cov_28.538618 (length 246645)
prokka_out/CA110357:NODE_2_length_151050_cov_23.777973 (length 151050)
prokka_out/CA110357:NODE_3_length_107807_cov_23.952684 (length 107807)
prokka_out/CA110357:NODE_4_length_101299_cov_28.002857 (length 101299)
prokka_out/CA110357:NODE_5_length_84794_cov_32.952520 (length 84794)
prokka_out/CA110357:NODE_6_length_75010_cov_33.629876 (length 75010)
prokka_out/CA110357:NODE_7_length_73514_cov_27.283824 (length 73514)
prokka_out/CA110357:NODE_8_length_63333_cov_26.930244 (length 63333)
prokka_out/CA110357:NODE_9_length_61305_cov_33.338292 (length 61305)
prokka_out/CA110357:NODE_10_length_57455_cov_29.148200 (length 57455)
prokka_out/CA110357:NODE_11_length_54396_cov_35.294938 (length 54396)
prokka_out/CA110357:NODE_12_length_51844_cov_25.366707 (length 51844)
prokka_out/CA110357:NODE_13_length_45722_cov_28.431034 (length 45722)
prokka_out/CA110357:NODE_14_length_39543_cov_34.711056 (length 39543)
prokka_out/CA110357:NODE_15_length_37051_cov_31.152800 (length 37051)
prokka_out/CA110357:NODE_16_length_36957_cov_22.562205 (length 36957)
prokka_out/CA110357:NODE_17_length_32617_cov_27.744014 (length 32617)
prokka_out/CA110357:NODE_18_length_28760_cov_27.563196 (length 28760)
prokka_out/CA110357:NODE_19_length_28675_cov_23.424793 (length 28675)
prokka_out/CA110357:NODE_20_length_25761_cov_32.456815 (length 25761)
prokka_out/CA110357:NODE_21_length_22028_cov_29.117346 (length 22028)
prokka_out/CA110357:NODE_22_length_21066_cov_29.525049 (length 21066)
prokka_out/CA110357:NODE_23_length_19863_cov_32.630067 (length 19863)
prokka_out/CA110357:NODE_24_length_18878_cov_18.207989 (length 18878)
prokka_out/CA110357:NODE_25_length_17959_cov_26.037349 (length 17959)
prokka_out/CA110357:NODE_26_length_17256_cov_12.940744 (length 17256)
prokka_out/CA110357:NODE_27_length_16838_cov_23.405182 (length 16838)
prokka_out/CA110357:NODE_28_length_16620_cov_24.527982 (length 16620)
prokka_out/CA110357:NODE_29_length_15193_cov_24.382849 (length 15193)
prokka_out/CA110357:NODE_30_length_14463_cov_24.501674 (length 14463)
prokka_out/CA110357:NODE_31_length_12582_cov_19.602168 (length 12582)
prokka_out/CA110357:NODE_32_length_9907_cov_23.130573 (length 9907)
prokka_out/CA110357:NODE_33_length_8871_cov_30.729186 (length 8871)
prokka_out/CA110357:NODE_34_length_8690_cov_28.111643 (length 8690)
prokka_out/CA110357:NODE_35_length_7593_cov_24.361238 (length 7593)
prokka_out/CA110357:NODE_36_length_6945_cov_22.217219 (length 6945)
prokka_out/CA110357:NODE_37_length_4770_cov_24.021107 (length 4770)
prokka_out/CA110357:NODE_38_length_4050_cov_20.158297 (length 4050)
prokka_out/CA110357:NODE_39_length_4001_cov_129.067372 (length 4001)
prokka_out/CA110357:NODE_40_length_3871_cov_24.747596 (length 3871)
prokka_out/CA110357:NODE_41_length_2957_cov_95.798587 (length 2957)
prokka_out/CA110357:NODE_42_length_2926_cov_40.415506 (length 2926)
prokka_out/CA110357:NODE_43_length_2208_cov_26.885632 (length 2208)
prokka_out/CA110357:NODE_44_length_2151_cov_24.195158 (length 2151)
prokka_out/CA110357:NODE_45_length_2131_cov_20.388224 (length 2131)
prokka_out/CA110357:NODE_46_length_2068_cov_24.138073 (length 2068)
prokka_out/CA110357:NODE_47_length_1854_cov_14.825709 (length 1854)
prokka_out/CA110357:NODE_48_length_1759_cov_51.463848 (length 1759)
prokka_out/CA110357:NODE_49_length_1131_cov_21.916335 (length 1131)
prokka_out/CA110357:NODE_50_length_934_cov_10.396530 (length 934)
prokka_out/CA110357:NODE_51_length_928_cov_18.449438 (length 928)
prokka_out/CA110357:NODE_52_length_901_cov_26.153747 (length 901)
prokka_out/CA110357:NODE_53_length_804_cov_27.534712 (length 804)
prokka_out/CA110357:NODE_54_length_783_cov_10.858232 (length 783)
prokka_out/CA110357:NODE_55_length_771_cov_7.338509 (length 771)
prokka_out/CA110357:NODE_56_length_554_cov_174.459016 (length 554)
prokka_out/CA110357:NODE_57_length_433_cov_21.712418 (length 433)
prokka_out/CA110357:NODE_59_length_425_cov_12.271812 (length 425)
prokka_out/CA110357:NODE_60_length_411_cov_15.133803 (length 411)
prokka_out/CA110357:NODE_61_length_367_cov_107.645833 (length 367)
prokka_out/CA110357:NODE_62_length_294_cov_19.095808 (length 294)
prokka_out/CA110357:NODE_63_length_262_cov_96.533333 (length 262)
prokka_out/CA110357:NODE_64_length_261_cov_86.753731 (length 261)
prokka_out/CA110357:NODE_65_length_221_cov_52.106383 (length 221)

DiscRep_ALL:MISSING_PROJECT::1763 sequences do not include project.
prokka_out/CA110357:NODE_1_length_246645_cov_28.538618 (length 246645)
prokka_out/CA110357:NODE_1_length_246645_cov_28.538618_1 (length 256)
prokka_out/CA110357:NODE_1_length_246645_cov_28.538618_2 (length 212)
prokka_out/CA110357:NODE_1_length_246645_cov_28.538618_3 (length 329)
prokka_out/CA110357:NODE_1_length_246645_cov_28.538618_4 (length 259)
prokka_out/CA110357:NODE_1_length_246645_cov_28.538618_5 (length 279)
prokka_out/CA110357:NODE_1_length_246645_cov_28.538618_6 (length 207)
prokka_out/CA110357:NODE_1_length_246645_cov_28.538618_7 (length 65)
prokka_out/CA110357:NODE_1_length_246645_cov_28.538618_8 (length 441)
prokka_out/CA110357:NODE_1_length_246645_cov_28.538618_9 (length 348)
prokka_out/CA110357:NODE_1_length_246645_cov_28.538618_10 (length 327)
prokka_out/CA110357:NODE_1_length_246645_cov_28.538618_11 (length 180)
prokka_out/CA110357:NODE_1_length_246645_cov_28.538618_12 (length 61)
prokka_out/CA110357:NODE_1_length_246645_cov_28.538618_13 (length 395)
prokka_out/CA110357:NODE_1_length_246645_cov_28.538618_14 (length 266)
prokka_out/CA110357:NODE_1_length_246645_cov_28.538618_15 (length 157)
prokka_out/CA110357:NODE_1_length_246645_cov_28.538618_16 (length 249)
prokka_out/CA110357:NODE_1_length_246645_cov_28.538618_17 (length 210)
prokka_out/CA110357:NODE_1_length_246645_cov_28.538618_18 (length 1200)
prokka_out/CA110357:NODE_1_length_246645_cov_28.538618_19 (length 109)
prokka_out/CA110357:NODE_1_length_246645_cov_28.538618_20 (length 447)
prokka_out/CA110357:NODE_1_length_246645_cov_28.538618_21 (length 137)
prokka_out/CA110357:NODE_1_length_246645_cov_28.538618_22 (length 118)
prokka_out/CA110357:NODE_1_length_246645_cov_28.538618_23 (length 234)
prokka_out/CA110357:NODE_1_length_246645_cov_28.538618_24 (length 179)
prokka_out/CA110357:NODE_1_length_246645_cov_28.538618_25 (length 80)
prokka_out/CA110357:NODE_1_length_246645_cov_28.538618_26 (length 75)
prokka_out/CA110357:NODE_1_length_246645_cov_28.538618_27 (length 445)
prokka_out/CA110357:NODE_1_length_246645_cov_28.538618_28 (length 250)
prokka_out/CA110357:NODE_1_length_246645_cov_28.538618_29 (length 385)
prokka_out/CA110357:NODE_1_length_246645_cov_28.538618_30 (length 238)
prokka_out/CA110357:NODE_1_length_246645_cov_28.538618_31 (length 241)
prokka_out/CA110357:NODE_1_length_246645_cov_28.538618_32 (length 287)
prokka_out/CA110357:NODE_1_length_246645_cov_28.538618_33 (length 184)
prokka_out/CA110357:NODE_1_length_246645_cov_28.538618_34 (length 164)
prokka_out/CA110357:NODE_1_length_246645_cov_28.538618_35 (length 418)
prokka_out/CA110357:NODE_1_length_246645_cov_28.538618_36 (length 234)
prokka_out/CA110357:NODE_1_length_246645_cov_28.538618_37 (length 476)
prokka_out/CA110357:NODE_1_length_246645_cov_28.538618_38 (length 263)
prokka_out/CA110357:NODE_1_length_246645_cov_28.538618_39 (length 270)
prokka_out/CA110357:NODE_1_length_246645_cov_28.538618_40 (length 370)
prokka_out/CA110357:NODE_1_length_246645_cov_28.538618_41 (length 460)
prokka_out/CA110357:NODE_1_length_246645_cov_28.538618_42 (length 495)
prokka_out/CA110357:NODE_1_length_246645_cov_28.538618_43 (length 311)
prokka_out/CA110357:NODE_1_length_246645_cov_28.538618_44 (length 295)
prokka_out/CA110357:NODE_1_length_246645_cov_28.538618_45 (length 163)
prokka_out/CA110357:NODE_1_length_246645_cov_28.538618_46 (length 396)
prokka_out/CA110357:NODE_1_length_246645_cov_28.538618_47 (length 500)
prokka_out/CA110357:NODE_1_length_246645_cov_28.538618_48 (length 232)
prokka_out/CA110357:NODE_1_length_246645_cov_28.538618_49 (length 357)
prokka_out/CA110357:NODE_1_length_246645_cov_28.538618_50 (length 612)
prokka_out/CA110357:NODE_1_length_246645_cov_28.538618_51 (length 148)
prokka_out/CA110357:NODE_1_length_246645_cov_28.538618_52 (length 81)
prokka_out/CA110357:NODE_1_length_246645_cov_28.538618_53 (length 76)
prokka_out/CA110357:NODE_1_length_246645_cov_28.538618_54 (length 657)
prokka_out/CA110357:NODE_1_length_246645_cov_28.538618_55 (length 474)
prokka_out/CA110357:NODE_1_length_246645_cov_28.538618_56 (length 416)
prokka_out/CA110357:NODE_1_length_246645_cov_28.538618_57 (length 242)
prokka_out/CA110357:NODE_1_length_246645_cov_28.538618_58 (length 135)
prokka_out/CA110357:NODE_1_length_246645_cov_28.538618_59 (length 81)
prokka_out/CA110357:NODE_1_length_246645_cov_28.538618_60 (length 406)
prokka_out/CA110357:NODE_1_length_246645_cov_28.538618_61 (length 147)
prokka_out/CA110357:NODE_1_length_246645_cov_28.538618_62 (length 180)
prokka_out/CA110357:NODE_1_length_246645_cov_28.538618_63 (length 439)
prokka_out/CA110357:NODE_1_length_246645_cov_28.538618_64 (length 291)
prokka_out/CA110357:NODE_1_length_246645_cov_28.538618_65 (length 358)
prokka_out/CA110357:NODE_1_length_246645_cov_28.538618_66 (length 185)
prokka_out/CA110357:NODE_1_length_246645_cov_28.538618_67 (length 595)
prokka_out/CA110357:NODE_1_length_246645_cov_28.538618_68 (length 611)
prokka_out/CA110357:NODE_1_length_246645_cov_28.538618_69 (length 164)
prokka_out/CA110357:NODE_1_length_246645_cov_28.538618_70 (length 196)
prokka_out/CA110357:NODE_1_length_246645_cov_28.538618_71 (length 152)
prokka_out/CA110357:NODE_1_length_246645_cov_28.538618_72 (length 170)
prokka_out/CA110357:NODE_1_length_246645_cov_28.538618_73 (length 162)
prokka_out/CA110357:NODE_1_length_246645_cov_28.538618_74 (length 279)
prokka_out/CA110357:NODE_1_length_246645_cov_28.538618_75 (length 377)
prokka_out/CA110357:NODE_1_length_246645_cov_28.538618_76 (length 270)
prokka_out/CA110357:NODE_1_length_246645_cov_28.538618_77 (length 414)
prokka_out/CA110357:NODE_1_length_246645_cov_28.538618_78 (length 507)
prokka_out/CA110357:NODE_1_length_246645_cov_28.538618_79 (length 286)
prokka_out/CA110357:NODE_1_length_246645_cov_28.538618_80 (length 583)
prokka_out/CA110357:NODE_1_length_246645_cov_28.538618_81 (length 191)
prokka_out/CA110357:NODE_1_length_246645_cov_28.538618_82 (length 172)
prokka_out/CA110357:NODE_1_length_246645_cov_28.538618_83 (length 166)
prokka_out/CA110357:NODE_1_length_246645_cov_28.538618_84 (length 291)
prokka_out/CA110357:NODE_1_length_246645_cov_28.538618_85 (length 126)
prokka_out/CA110357:NODE_1_length_246645_cov_28.538618_86 (length 256)
prokka_out/CA110357:NODE_1_length_246645_cov_28.538618_87 (length 343)
prokka_out/CA110357:NODE_1_length_246645_cov_28.538618_88 (length 340)
prokka_out/CA110357:NODE_1_length_246645_cov_28.538618_89 (length 644)
prokka_out/CA110357:NODE_1_length_246645_cov_28.538618_90 (length 321)
prokka_out/CA110357:NODE_1_length_246645_cov_28.538618_91 (length 114)
prokka_out/CA110357:NODE_1_length_246645_cov_28.538618_92 (length 324)
prokka_out/CA110357:NODE_1_length_246645_cov_28.538618_93 (length 363)
prokka_out/CA110357:NODE_1_length_246645_cov_28.538618_94 (length 93)
prokka_out/CA110357:NODE_1_length_246645_cov_28.538618_95 (length 247)
prokka_out/CA110357:NODE_1_length_246645_cov_28.538618_96 (length 728)
prokka_out/CA110357:NODE_1_length_246645_cov_28.538618_97 (length 506)
prokka_out/CA110357:NODE_1_length_246645_cov_28.538618_98 (length 215)
prokka_out/CA110357:NODE_1_length_246645_cov_28.538618_99 (length 438)
prokka_out/CA110357:NODE_1_length_246645_cov_28.538618_1> (length 408)
prokka_out/CA110357:NODE_1_length_246645_cov_28.538618_1> (length 246)
prokka_out/CA110357:NODE_1_length_246645_cov_28.538618_1> (length 362)
prokka_out/CA110357:NODE_1_length_246645_cov_28.538618_1> (length 304)
prokka_out/CA110357:NODE_1_length_246645_cov_28.538618_1> (length 331)
prokka_out/CA110357:NODE_1_length_246645_cov_28.538618_1> (length 166)
prokka_out/CA110357:NODE_1_length_246645_cov_28.538618_1> (length 458)
prokka_out/CA110357:NODE_1_length_246645_cov_28.538618_1> (length 326)
prokka_out/CA110357:NODE_1_length_246645_cov_28.538618_1> (length 389)
prokka_out/CA110357:NODE_1_length_246645_cov_28.538618_1> (length 454)
prokka_out/CA110357:NODE_1_length_246645_cov_28.538618_1> (length 641)
prokka_out/CA110357:NODE_1_length_246645_cov_28.538618_1> (length 390)
prokka_out/CA110357:NODE_1_length_246645_cov_28.538618_1> (length 396)
prokka_out/CA110357:NODE_1_length_246645_cov_28.538618_1> (length 293)
prokka_out/CA110357:NODE_1_length_246645_cov_28.538618_1> (length 566)
prokka_out/CA110357:NODE_1_length_246645_cov_28.538618_1> (length 222)
prokka_out/CA110357:NODE_1_length_246645_cov_28.538618_1> (length 447)
prokka_out/CA110357:NODE_1_length_246645_cov_28.538618_1> (length 416)
prokka_out/CA110357:NODE_1_length_246645_cov_28.538618_1> (length 374)
prokka_out/CA110357:NODE_1_length_246645_cov_28.538618_1> (length 223)
prokka_out/CA110357:NODE_1_length_246645_cov_28.538618_1> (length 416)
prokka_out/CA110357:NODE_1_length_246645_cov_28.538618_1> (length 191)
prokka_out/CA110357:NODE_1_length_246645_cov_28.538618_1> (length 166)
prokka_out/CA110357:NODE_1_length_246645_cov_28.538618_1> (length 230)
prokka_out/CA110357:NODE_1_length_246645_cov_28.538618_1> (length 571)
prokka_out/CA110357:NODE_1_length_246645_cov_28.538618_1> (length 379)
prokka_out/CA110357:NODE_1_length_246645_cov_28.538618_1> (length 478)
prokka_out/CA110357:NODE_1_length_246645_cov_28.538618_1> (length 110)
prokka_out/CA110357:NODE_1_length_246645_cov_28.538618_1> (length 656)
prokka_out/CA110357:NODE_1_length_246645_cov_28.538618_1> (length 363)
prokka_out/CA110357:NODE_1_length_246645_cov_28.538618_1> (length 401)
prokka_out/CA110357:NODE_1_length_246645_cov_28.538618_1> (length 731)
prokka_out/CA110357:NODE_1_length_246645_cov_28.538618_1> (length 74)
prokka_out/CA110357:NODE_1_length_246645_cov_28.538618_1> (length 238)
prokka_out/CA110357:NODE_1_length_246645_cov_28.538618_1> (length 400)
prokka_out/CA110357:NODE_1_length_246645_cov_28.538618_1> (length 268)
prokka_out/CA110357:NODE_1_length_246645_cov_28.538618_1> (length 221)
prokka_out/CA110357:NODE_1_length_246645_cov_28.538618_1> (length 398)
prokka_out/CA110357:NODE_1_length_246645_cov_28.538618_1> (length 410)
prokka_out/CA110357:NODE_1_length_246645_cov_28.538618_1> (length 321)
prokka_out/CA110357:NODE_1_length_246645_cov_28.538618_1> (length 366)
prokka_out/CA110357:NODE_1_length_246645_cov_28.538618_1> (length 78)
prokka_out/CA110357:NODE_1_length_246645_cov_28.538618_1> (length 46)
prokka_out/CA110357:NODE_1_length_246645_cov_28.538618_1> (length 457)
prokka_out/CA110357:NODE_1_length_246645_cov_28.538618_1> (length 309)
prokka_out/CA110357:NODE_1_length_246645_cov_28.538618_1> (length 443)
prokka_out/CA110357:NODE_1_length_246645_cov_28.538618_1> (length 311)
prokka_out/CA110357:NODE_1_length_246645_cov_28.538618_1> (length 410)
prokka_out/CA110357:NODE_1_length_246645_cov_28.538618_1> (length 361)
prokka_out/CA110357:NODE_1_length_246645_cov_28.538618_1> (length 189)
prokka_out/CA110357:NODE_1_length_246645_cov_28.538618_1> (length 91)
prokka_out/CA110357:NODE_1_length_246645_cov_28.538618_1> (length 128)
prokka_out/CA110357:NODE_1_length_246645_cov_28.538618_1> (length 638)
prokka_out/CA110357:NODE_1_length_246645_cov_28.538618_1> (length 121)
prokka_out/CA110357:NODE_1_length_246645_cov_28.538618_1> (length 600)
prokka_out/CA110357:NODE_1_length_246645_cov_28.538618_1> (length 308)
prokka_out/CA110357:NODE_1_length_246645_cov_28.538618_1> (length 128)
prokka_out/CA110357:NODE_1_length_246645_cov_28.538618_1> (length 568)
prokka_out/CA110357:NODE_1_length_246645_cov_28.538618_1> (length 431)
prokka_out/CA110357:NODE_1_length_246645_cov_28.538618_1> (length 297)
prokka_out/CA110357:NODE_1_length_246645_cov_28.538618_1> (length 176)
prokka_out/CA110357:NODE_1_length_246645_cov_28.538618_1> (length 87)
prokka_out/CA110357:NODE_1_length_246645_cov_28.538618_1> (length 185)
prokka_out/CA110357:NODE_1_length_246645_cov_28.538618_1> (length 281)
prokka_out/CA110357:NODE_1_length_246645_cov_28.538618_1> (length 374)
prokka_out/CA110357:NODE_1_length_246645_cov_28.538618_1> (length 103)
prokka_out/CA110357:NODE_1_length_246645_cov_28.538618_1> (length 289)
prokka_out/CA110357:NODE_1_length_246645_cov_28.538618_1> (length 387)
prokka_out/CA110357:NODE_1_length_246645_cov_28.538618_1> (length 302)
prokka_out/CA110357:NODE_1_length_246645_cov_28.538618_1> (length 734)
prokka_out/CA110357:NODE_1_length_246645_cov_28.538618_1> (length 856)
prokka_out/CA110357:NODE_1_length_246645_cov_28.538618_1> (length 300)
prokka_out/CA110357:NODE_1_length_246645_cov_28.538618_1> (length 143)
prokka_out/CA110357:NODE_1_length_246645_cov_28.538618_1> (length 164)
prokka_out/CA110357:NODE_1_length_246645_cov_28.538618_1> (length 99)
prokka_out/CA110357:NODE_1_length_246645_cov_28.538618_1> (length 601)
prokka_out/CA110357:NODE_1_length_246645_cov_28.538618_1> (length 602)
prokka_out/CA110357:NODE_1_length_246645_cov_28.538618_1> (length 144)
prokka_out/CA110357:NODE_1_length_246645_cov_28.538618_1> (length 106)
prokka_out/CA110357:NODE_1_length_246645_cov_28.538618_1> (length 609)
prokka_out/CA110357:NODE_1_length_246645_cov_28.538618_1> (length 122)
prokka_out/CA110357:NODE_1_length_246645_cov_28.538618_1> (length 233)
prokka_out/CA110357:NODE_1_length_246645_cov_28.538618_1> (length 399)
prokka_out/CA110357:NODE_1_length_246645_cov_28.538618_1> (length 214)
prokka_out/CA110357:NODE_1_length_246645_cov_28.538618_1> (length 81)
prokka_out/CA110357:NODE_1_length_246645_cov_28.538618_1> (length 236)
prokka_out/CA110357:NODE_1_length_246645_cov_28.538618_1> (length 440)
prokka_out/CA110357:NODE_1_length_246645_cov_28.538618_1> (length 93)
prokka_out/CA110357:NODE_1_length_246645_cov_28.538618_1> (length 857)
prokka_out/CA110357:NODE_1_length_246645_cov_28.538618_1> (length 643)
prokka_out/CA110357:NODE_1_length_246645_cov_28.538618_1> (length 183)
prokka_out/CA110357:NODE_1_length_246645_cov_28.538618_1> (length 842)
prokka_out/CA110357:NODE_1_length_246645_cov_28.538618_1> (length 359)
prokka_out/CA110357:NODE_1_length_246645_cov_28.538618_1> (length 370)
prokka_out/CA110357:NODE_1_length_246645_cov_28.538618_1> (length 284)
prokka_out/CA110357:NODE_1_length_246645_cov_28.538618_1> (length 303)
prokka_out/CA110357:NODE_1_length_246645_cov_28.538618_1> (length 411)
prokka_out/CA110357:NODE_1_length_246645_cov_28.538618_1> (length 332)
prokka_out/CA110357:NODE_1_length_246645_cov_28.538618_1> (length 161)
prokka_out/CA110357:NODE_1_length_246645_cov_28.538618_1> (length 258)
prokka_out/CA110357:NODE_1_length_246645_cov_28.538618_2> (length 425)
prokka_out/CA110357:NODE_1_length_246645_cov_28.538618_2> (length 124)
prokka_out/CA110357:NODE_1_length_246645_cov_28.538618_2> (length 233)
prokka_out/CA110357:NODE_1_length_246645_cov_28.538618_2> (length 50)
prokka_out/CA110357:NODE_1_length_246645_cov_28.538618_2> (length 691)
prokka_out/CA110357:NODE_1_length_246645_cov_28.538618_2> (length 156)
prokka_out/CA110357:NODE_1_length_246645_cov_28.538618_2> (length 128)
prokka_out/CA110357:NODE_1_length_246645_cov_28.538618_2> (length 1516)
prokka_out/CA110357:NODE_1_length_246645_cov_28.538618_2> (length 1375)
prokka_out/CA110357:NODE_1_length_246645_cov_28.538618_2> (length 125)
prokka_out/CA110357:NODE_1_length_246645_cov_28.538618_2> (length 159)
prokka_out/CA110357:NODE_1_length_246645_cov_28.538618_2> (length 233)
prokka_out/CA110357:NODE_1_length_246645_cov_28.538618_2> (length 141)
prokka_out/CA110357:NODE_1_length_246645_cov_28.538618_2> (length 177)
prokka_out/CA110357:NODE_1_length_246645_cov_28.538618_2> (length 59)
prokka_out/CA110357:NODE_1_length_246645_cov_28.538618_2> (length 52)
prokka_out/CA110357:NODE_1_length_246645_cov_28.538618_2> (length 399)
prokka_out/CA110357:NODE_1_length_246645_cov_28.538618_2> (length 245)
prokka_out/CA110357:NODE_1_length_246645_cov_28.538618_2> (length 218)
prokka_out/CA110357:NODE_1_length_246645_cov_28.538618_2> (length 233)
prokka_out/CA110357:NODE_1_length_246645_cov_28.538618_2> (length 198)
prokka_out/CA110357:NODE_1_length_246645_cov_28.538618_2> (length 128)
prokka_out/CA110357:NODE_1_length_246645_cov_28.538618_2> (length 604)
prokka_out/CA110357:NODE_1_length_246645_cov_28.538618_2> (length 406)
prokka_out/CA110357:NODE_1_length_246645_cov_28.538618_2> (length 348)
prokka_out/CA110357:NODE_1_length_246645_cov_28.538618_2> (length 395)
prokka_out/CA110357:NODE_1_length_246645_cov_28.538618_2> (length 362)
prokka_out/CA110357:NODE_1_length_246645_cov_28.538618_2> (length 80)
prokka_out/CA110357:NODE_1_length_246645_cov_28.538618_2> (length 433)
prokka_out/CA110357:NODE_1_length_246645_cov_28.538618_2> (length 207)
prokka_out/CA110357:NODE_1_length_246645_cov_28.538618_2> (length 328)
prokka_out/CA110357:NODE_1_length_246645_cov_28.538618_2> (length 174)
prokka_out/CA110357:NODE_1_length_246645_cov_28.538618_2> (length 172)
prokka_out/CA110357:NODE_1_length_246645_cov_28.538618_2> (length 430)
prokka_out/CA110357:NODE_1_length_246645_cov_28.538618_2> (length 253)
prokka_out/CA110357:NODE_1_length_246645_cov_28.538618_2> (length 215)
prokka_out/CA110357:NODE_1_length_246645_cov_28.538618_2> (length 64)
prokka_out/CA110357:NODE_1_length_246645_cov_28.538618_2> (length 71)
prokka_out/CA110357:NODE_1_length_246645_cov_28.538618_2> (length 364)
prokka_out/CA110357:NODE_1_length_246645_cov_28.538618_2> (length 197)
prokka_out/CA110357:NODE_1_length_246645_cov_28.538618_2> (length 687)
prokka_out/CA110357:NODE_1_length_246645_cov_28.538618_2> (length 277)
prokka_out/CA110357:NODE_1_length_246645_cov_28.538618_2> (length 390)
prokka_out/CA110357:NODE_1_length_246645_cov_28.538618_2> (length 276)
prokka_out/CA110357:NODE_1_length_246645_cov_28.538618_2> (length 414)
prokka_out/CA110357:NODE_2_length_151050_cov_23.777973 (length 151050)
prokka_out/CA110357:NODE_2_length_151050_cov_23.777973_1 (length 291)
prokka_out/CA110357:NODE_2_length_151050_cov_23.777973_2 (length 191)
prokka_out/CA110357:NODE_2_length_151050_cov_23.777973_3 (length 57)
prokka_out/CA110357:NODE_2_length_151050_cov_23.777973_4 (length 175)
prokka_out/CA110357:NODE_2_length_151050_cov_23.777973_5 (length 422)
prokka_out/CA110357:NODE_2_length_151050_cov_23.777973_6 (length 415)
prokka_out/CA110357:NODE_2_length_151050_cov_23.777973_7 (length 279)
prokka_out/CA110357:NODE_2_length_151050_cov_23.777973_8 (length 367)
prokka_out/CA110357:NODE_2_length_151050_cov_23.777973_9 (length 246)
prokka_out/CA110357:NODE_2_length_151050_cov_23.777973_10 (length 67)
prokka_out/CA110357:NODE_2_length_151050_cov_23.777973_11 (length 246)
prokka_out/CA110357:NODE_2_length_151050_cov_23.777973_12 (length 421)
prokka_out/CA110357:NODE_2_length_151050_cov_23.777973_13 (length 451)
prokka_out/CA110357:NODE_2_length_151050_cov_23.777973_14 (length 163)
prokka_out/CA110357:NODE_2_length_151050_cov_23.777973_15 (length 303)
prokka_out/CA110357:NODE_2_length_151050_cov_23.777973_16 (length 327)
prokka_out/CA110357:NODE_2_length_151050_cov_23.777973_17 (length 186)
prokka_out/CA110357:NODE_2_length_151050_cov_23.777973_18 (length 199)
prokka_out/CA110357:NODE_2_length_151050_cov_23.777973_19 (length 190)
prokka_out/CA110357:NODE_2_length_151050_cov_23.777973_20 (length 364)
prokka_out/CA110357:NODE_2_length_151050_cov_23.777973_21 (length 293)
prokka_out/CA110357:NODE_2_length_151050_cov_23.777973_22 (length 621)
prokka_out/CA110357:NODE_2_length_151050_cov_23.777973_23 (length 169)
prokka_out/CA110357:NODE_2_length_151050_cov_23.777973_24 (length 172)
prokka_out/CA110357:NODE_2_length_151050_cov_23.777973_25 (length 138)
prokka_out/CA110357:NODE_2_length_151050_cov_23.777973_26 (length 534)
prokka_out/CA110357:NODE_2_length_151050_cov_23.777973_27 (length 418)
prokka_out/CA110357:NODE_2_length_151050_cov_23.777973_28 (length 523)
prokka_out/CA110357:NODE_2_length_151050_cov_23.777973_29 (length 351)
prokka_out/CA110357:NODE_2_length_151050_cov_23.777973_30 (length 466)
prokka_out/CA110357:NODE_2_length_151050_cov_23.777973_31 (length 377)
prokka_out/CA110357:NODE_2_length_151050_cov_23.777973_32 (length 256)
prokka_out/CA110357:NODE_2_length_151050_cov_23.777973_33 (length 226)
prokka_out/CA110357:NODE_2_length_151050_cov_23.777973_34 (length 94)
prokka_out/CA110357:NODE_2_length_151050_cov_23.777973_35 (length 559)
prokka_out/CA110357:NODE_2_length_151050_cov_23.777973_36 (length 56)
prokka_out/CA110357:NODE_2_length_151050_cov_23.777973_37 (length 151)
prokka_out/CA110357:NODE_2_length_151050_cov_23.777973_38 (length 1086)
prokka_out/CA110357:NODE_2_length_151050_cov_23.777973_39 (length 231)
prokka_out/CA110357:NODE_2_length_151050_cov_23.777973_40 (length 256)
prokka_out/CA110357:NODE_2_length_151050_cov_23.777973_41 (length 346)
prokka_out/CA110357:NODE_2_length_151050_cov_23.777973_42 (length 319)
prokka_out/CA110357:NODE_2_length_151050_cov_23.777973_43 (length 369)
prokka_out/CA110357:NODE_2_length_151050_cov_23.777973_44 (length 371)
prokka_out/CA110357:NODE_2_length_151050_cov_23.777973_45 (length 143)
prokka_out/CA110357:NODE_2_length_151050_cov_23.777973_46 (length 66)
prokka_out/CA110357:NODE_2_length_151050_cov_23.777973_47 (length 168)
prokka_out/CA110357:NODE_2_length_151050_cov_23.777973_48 (length 343)
prokka_out/CA110357:NODE_2_length_151050_cov_23.777973_49 (length 432)
prokka_out/CA110357:NODE_2_length_151050_cov_23.777973_50 (length 149)
prokka_out/CA110357:NODE_2_length_151050_cov_23.777973_51 (length 173)
prokka_out/CA110357:NODE_2_length_151050_cov_23.777973_52 (length 855)
prokka_out/CA110357:NODE_2_length_151050_cov_23.777973_53 (length 191)
prokka_out/CA110357:NODE_2_length_151050_cov_23.777973_54 (length 214)
prokka_out/CA110357:NODE_2_length_151050_cov_23.777973_55 (length 598)
prokka_out/CA110357:NODE_2_length_151050_cov_23.777973_56 (length 424)
prokka_out/CA110357:NODE_2_length_151050_cov_23.777973_57 (length 246)
prokka_out/CA110357:NODE_2_length_151050_cov_23.777973_58 (length 1005)
prokka_out/CA110357:NODE_2_length_151050_cov_23.777973_59 (length 268)
prokka_out/CA110357:NODE_2_length_151050_cov_23.777973_60 (length 239)
prokka_out/CA110357:NODE_2_length_151050_cov_23.777973_61 (length 78)
prokka_out/CA110357:NODE_2_length_151050_cov_23.777973_62 (length 480)
prokka_out/CA110357:NODE_2_length_151050_cov_23.777973_63 (length 387)
prokka_out/CA110357:NODE_2_length_151050_cov_23.777973_64 (length 338)
prokka_out/CA110357:NODE_2_length_151050_cov_23.777973_65 (length 386)
prokka_out/CA110357:NODE_2_length_151050_cov_23.777973_66 (length 284)
prokka_out/CA110357:NODE_2_length_151050_cov_23.777973_67 (length 296)
prokka_out/CA110357:NODE_2_length_151050_cov_23.777973_68 (length 201)
prokka_out/CA110357:NODE_2_length_151050_cov_23.777973_69 (length 381)
prokka_out/CA110357:NODE_2_length_151050_cov_23.777973_70 (length 258)
prokka_out/CA110357:NODE_2_length_151050_cov_23.777973_71 (length 266)
prokka_out/CA110357:NODE_2_length_151050_cov_23.777973_72 (length 63)
prokka_out/CA110357:NODE_2_length_151050_cov_23.777973_73 (length 1028)
prokka_out/CA110357:NODE_2_length_151050_cov_23.777973_74 (length 366)
prokka_out/CA110357:NODE_2_length_151050_cov_23.777973_75 (length 200)
prokka_out/CA110357:NODE_2_length_151050_cov_23.777973_76 (length 233)
prokka_out/CA110357:NODE_2_length_151050_cov_23.777973_77 (length 1358)
prokka_out/CA110357:NODE_2_length_151050_cov_23.777973_78 (length 735)
prokka_out/CA110357:NODE_2_length_151050_cov_23.777973_79 (length 116)
prokka_out/CA110357:NODE_2_length_151050_cov_23.777973_80 (length 431)
prokka_out/CA110357:NODE_2_length_151050_cov_23.777973_81 (length 151)
prokka_out/CA110357:NODE_2_length_151050_cov_23.777973_82 (length 68)
prokka_out/CA110357:NODE_2_length_151050_cov_23.777973_83 (length 119)
prokka_out/CA110357:NODE_2_length_151050_cov_23.777973_84 (length 507)
prokka_out/CA110357:NODE_2_length_151050_cov_23.777973_85 (length 85)
prokka_out/CA110357:NODE_2_length_151050_cov_23.777973_86 (length 258)
prokka_out/CA110357:NODE_2_length_151050_cov_23.777973_87 (length 57)
prokka_out/CA110357:NODE_2_length_151050_cov_23.777973_88 (length 484)
prokka_out/CA110357:NODE_2_length_151050_cov_23.777973_89 (length 454)
prokka_out/CA110357:NODE_2_length_151050_cov_23.777973_90 (length 918)
prokka_out/CA110357:NODE_2_length_151050_cov_23.777973_91 (length 362)
prokka_out/CA110357:NODE_2_length_151050_cov_23.777973_92 (length 141)
prokka_out/CA110357:NODE_2_length_151050_cov_23.777973_93 (length 206)
prokka_out/CA110357:NODE_2_length_151050_cov_23.777973_94 (length 201)
prokka_out/CA110357:NODE_2_length_151050_cov_23.777973_95 (length 178)
prokka_out/CA110357:NODE_2_length_151050_cov_23.777973_96 (length 367)
prokka_out/CA110357:NODE_2_length_151050_cov_23.777973_97 (length 146)
prokka_out/CA110357:NODE_2_length_151050_cov_23.777973_98 (length 94)
prokka_out/CA110357:NODE_2_length_151050_cov_23.777973_99 (length 333)
prokka_out/CA110357:NODE_2_length_151050_cov_23.777973_1> (length 421)
prokka_out/CA110357:NODE_2_length_151050_cov_23.777973_1> (length 125)
prokka_out/CA110357:NODE_2_length_151050_cov_23.777973_1> (length 182)
prokka_out/CA110357:NODE_2_length_151050_cov_23.777973_1> (length 86)
prokka_out/CA110357:NODE_2_length_151050_cov_23.777973_1> (length 791)
prokka_out/CA110357:NODE_2_length_151050_cov_23.777973_1> (length 215)
prokka_out/CA110357:NODE_2_length_151050_cov_23.777973_1> (length 129)
prokka_out/CA110357:NODE_2_length_151050_cov_23.777973_1> (length 245)
prokka_out/CA110357:NODE_2_length_151050_cov_23.777973_1> (length 101)
prokka_out/CA110357:NODE_2_length_151050_cov_23.777973_1> (length 222)
prokka_out/CA110357:NODE_2_length_151050_cov_23.777973_1> (length 150)
prokka_out/CA110357:NODE_2_length_151050_cov_23.777973_1> (length 209)
prokka_out/CA110357:NODE_2_length_151050_cov_23.777973_1> (length 210)
prokka_out/CA110357:NODE_2_length_151050_cov_23.777973_1> (length 270)
prokka_out/CA110357:NODE_2_length_151050_cov_23.777973_1> (length 227)
prokka_out/CA110357:NODE_2_length_151050_cov_23.777973_1> (length 254)
prokka_out/CA110357:NODE_2_length_151050_cov_23.777973_1> (length 978)
prokka_out/CA110357:NODE_2_length_151050_cov_23.777973_1> (length 95)
prokka_out/CA110357:NODE_2_length_151050_cov_23.777973_1> (length 300)
prokka_out/CA110357:NODE_2_length_151050_cov_23.777973_1> (length 395)
prokka_out/CA110357:NODE_2_length_151050_cov_23.777973_1> (length 467)
prokka_out/CA110357:NODE_2_length_151050_cov_23.777973_1> (length 170)
prokka_out/CA110357:NODE_2_length_151050_cov_23.777973_1> (length 810)
prokka_out/CA110357:NODE_2_length_151050_cov_23.777973_1> (length 323)
prokka_out/CA110357:NODE_2_length_151050_cov_23.777973_1> (length 526)
prokka_out/CA110357:NODE_2_length_151050_cov_23.777973_1> (length 90)
prokka_out/CA110357:NODE_2_length_151050_cov_23.777973_1> (length 404)
prokka_out/CA110357:NODE_2_length_151050_cov_23.777973_1> (length 134)
prokka_out/CA110357:NODE_2_length_151050_cov_23.777973_1> (length 72)
prokka_out/CA110357:NODE_2_length_151050_cov_23.777973_1> (length 382)
prokka_out/CA110357:NODE_2_length_151050_cov_23.777973_1> (length 399)
prokka_out/CA110357:NODE_2_length_151050_cov_23.777973_1> (length 407)
prokka_out/CA110357:NODE_2_length_151050_cov_23.777973_1> (length 293)
prokka_out/CA110357:NODE_2_length_151050_cov_23.777973_1> (length 571)
prokka_out/CA110357:NODE_2_length_151050_cov_23.777973_1> (length 145)
prokka_out/CA110357:NODE_2_length_151050_cov_23.777973_1> (length 686)
prokka_out/CA110357:NODE_2_length_151050_cov_23.777973_1> (length 272)
prokka_out/CA110357:NODE_2_length_151050_cov_23.777973_1> (length 75)
prokka_out/CA110357:NODE_2_length_151050_cov_23.777973_1> (length 256)
prokka_out/CA110357:NODE_2_length_151050_cov_23.777973_1> (length 150)
prokka_out/CA110357:NODE_2_length_151050_cov_23.777973_1> (length 201)
prokka_out/CA110357:NODE_2_length_151050_cov_23.777973_1> (length 96)
prokka_out/CA110357:NODE_2_length_151050_cov_23.777973_1> (length 705)
prokka_out/CA110357:NODE_2_length_151050_cov_23.777973_1> (length 217)
prokka_out/CA110357:NODE_2_length_151050_cov_23.777973_1> (length 212)
prokka_out/CA110357:NODE_2_length_151050_cov_23.777973_1> (length 118)
prokka_out/CA110357:NODE_2_length_151050_cov_23.777973_1> (length 265)
prokka_out/CA110357:NODE_2_length_151050_cov_23.777973_1> (length 241)
prokka_out/CA110357:NODE_2_length_151050_cov_23.777973_1> (length 204)
prokka_out/CA110357:NODE_2_length_151050_cov_23.777973_1> (length 648)
prokka_out/CA110357:NODE_2_length_151050_cov_23.777973_1> (length 282)
prokka_out/CA110357:NODE_2_length_151050_cov_23.777973_1> (length 130)
prokka_out/CA110357:NODE_3_length_107807_cov_23.952684 (length 107807)
prokka_out/CA110357:NODE_3_length_107807_cov_23.952684_1 (length 440)
prokka_out/CA110357:NODE_3_length_107807_cov_23.952684_2 (length 289)
prokka_out/CA110357:NODE_3_length_107807_cov_23.952684_3 (length 114)
prokka_out/CA110357:NODE_3_length_107807_cov_23.952684_4 (length 282)
prokka_out/CA110357:NODE_3_length_107807_cov_23.952684_5 (length 285)
prokka_out/CA110357:NODE_3_length_107807_cov_23.952684_6 (length 115)
prokka_out/CA110357:NODE_3_length_107807_cov_23.952684_7 (length 424)
prokka_out/CA110357:NODE_3_length_107807_cov_23.952684_8 (length 101)
prokka_out/CA110357:NODE_3_length_107807_cov_23.952684_9 (length 167)
prokka_out/CA110357:NODE_3_length_107807_cov_23.952684_10 (length 395)
prokka_out/CA110357:NODE_3_length_107807_cov_23.952684_11 (length 769)
prokka_out/CA110357:NODE_3_length_107807_cov_23.952684_12 (length 93)
prokka_out/CA110357:NODE_3_length_107807_cov_23.952684_13 (length 266)
prokka_out/CA110357:NODE_3_length_107807_cov_23.952684_14 (length 374)
prokka_out/CA110357:NODE_3_length_107807_cov_23.952684_15 (length 431)
prokka_out/CA110357:NODE_3_length_107807_cov_23.952684_16 (length 93)
prokka_out/CA110357:NODE_3_length_107807_cov_23.952684_17 (length 542)
prokka_out/CA110357:NODE_3_length_107807_cov_23.952684_18 (length 161)
prokka_out/CA110357:NODE_3_length_107807_cov_23.952684_19 (length 164)
prokka_out/CA110357:NODE_3_length_107807_cov_23.952684_20 (length 280)
prokka_out/CA110357:NODE_3_length_107807_cov_23.952684_21 (length 65)
prokka_out/CA110357:NODE_3_length_107807_cov_23.952684_22 (length 628)
prokka_out/CA110357:NODE_3_length_107807_cov_23.952684_23 (length 315)
prokka_out/CA110357:NODE_3_length_107807_cov_23.952684_24 (length 158)
prokka_out/CA110357:NODE_3_length_107807_cov_23.952684_25 (length 848)
prokka_out/CA110357:NODE_3_length_107807_cov_23.952684_26 (length 413)
prokka_out/CA110357:NODE_3_length_107807_cov_23.952684_27 (length 249)
prokka_out/CA110357:NODE_3_length_107807_cov_23.952684_28 (length 576)
prokka_out/CA110357:NODE_3_length_107807_cov_23.952684_29 (length 362)
prokka_out/CA110357:NODE_3_length_107807_cov_23.952684_30 (length 136)
prokka_out/CA110357:NODE_3_length_107807_cov_23.952684_31 (length 152)
prokka_out/CA110357:NODE_3_length_107807_cov_23.952684_32 (length 403)
prokka_out/CA110357:NODE_3_length_107807_cov_23.952684_33 (length 240)
prokka_out/CA110357:NODE_3_length_107807_cov_23.952684_34 (length 341)
prokka_out/CA110357:NODE_3_length_107807_cov_23.952684_35 (length 259)
prokka_out/CA110357:NODE_3_length_107807_cov_23.952684_36 (length 222)
prokka_out/CA110357:NODE_3_length_107807_cov_23.952684_37 (length 205)
prokka_out/CA110357:NODE_3_length_107807_cov_23.952684_38 (length 384)
prokka_out/CA110357:NODE_3_length_107807_cov_23.952684_39 (length 429)
prokka_out/CA110357:NODE_3_length_107807_cov_23.952684_40 (length 247)
prokka_out/CA110357:NODE_3_length_107807_cov_23.952684_41 (length 86)
prokka_out/CA110357:NODE_3_length_107807_cov_23.952684_42 (length 256)
prokka_out/CA110357:NODE_3_length_107807_cov_23.952684_43 (length 441)
prokka_out/CA110357:NODE_3_length_107807_cov_23.952684_44 (length 445)
prokka_out/CA110357:NODE_3_length_107807_cov_23.952684_45 (length 239)
prokka_out/CA110357:NODE_3_length_107807_cov_23.952684_46 (length 470)
prokka_out/CA110357:NODE_3_length_107807_cov_23.952684_47 (length 310)
prokka_out/CA110357:NODE_3_length_107807_cov_23.952684_48 (length 248)
prokka_out/CA110357:NODE_3_length_107807_cov_23.952684_49 (length 198)
prokka_out/CA110357:NODE_3_length_107807_cov_23.952684_50 (length 101)
prokka_out/CA110357:NODE_3_length_107807_cov_23.952684_51 (length 259)
prokka_out/CA110357:NODE_3_length_107807_cov_23.952684_52 (length 298)
prokka_out/CA110357:NODE_3_length_107807_cov_23.952684_53 (length 413)
prokka_out/CA110357:NODE_3_length_107807_cov_23.952684_54 (length 352)
prokka_out/CA110357:NODE_3_length_107807_cov_23.952684_55 (length 577)
prokka_out/CA110357:NODE_3_length_107807_cov_23.952684_56 (length 460)
prokka_out/CA110357:NODE_3_length_107807_cov_23.952684_57 (length 483)
prokka_out/CA110357:NODE_3_length_107807_cov_23.952684_58 (length 621)
prokka_out/CA110357:NODE_3_length_107807_cov_23.952684_59 (length 183)
prokka_out/CA110357:NODE_3_length_107807_cov_23.952684_60 (length 346)
prokka_out/CA110357:NODE_3_length_107807_cov_23.952684_61 (length 71)
prokka_out/CA110357:NODE_3_length_107807_cov_23.952684_62 (length 243)
prokka_out/CA110357:NODE_3_length_107807_cov_23.952684_63 (length 475)
prokka_out/CA110357:NODE_3_length_107807_cov_23.952684_64 (length 1169)
prokka_out/CA110357:NODE_3_length_107807_cov_23.952684_65 (length 303)
prokka_out/CA110357:NODE_3_length_107807_cov_23.952684_66 (length 274)
prokka_out/CA110357:NODE_3_length_107807_cov_23.952684_67 (length 371)
prokka_out/CA110357:NODE_3_length_107807_cov_23.952684_68 (length 165)
prokka_out/CA110357:NODE_3_length_107807_cov_23.952684_69 (length 81)
prokka_out/CA110357:NODE_3_length_107807_cov_23.952684_70 (length 193)
prokka_out/CA110357:NODE_3_length_107807_cov_23.952684_71 (length 106)
prokka_out/CA110357:NODE_3_length_107807_cov_23.952684_72 (length 226)
prokka_out/CA110357:NODE_3_length_107807_cov_23.952684_73 (length 58)
prokka_out/CA110357:NODE_3_length_107807_cov_23.952684_74 (length 111)
prokka_out/CA110357:NODE_3_length_107807_cov_23.952684_75 (length 306)
prokka_out/CA110357:NODE_3_length_107807_cov_23.952684_76 (length 173)
prokka_out/CA110357:NODE_3_length_107807_cov_23.952684_77 (length 260)
prokka_out/CA110357:NODE_3_length_107807_cov_23.952684_78 (length 246)
prokka_out/CA110357:NODE_3_length_107807_cov_23.952684_79 (length 924)
prokka_out/CA110357:NODE_3_length_107807_cov_23.952684_80 (length 175)
prokka_out/CA110357:NODE_3_length_107807_cov_23.952684_81 (length 94)
prokka_out/CA110357:NODE_3_length_107807_cov_23.952684_82 (length 86)
prokka_out/CA110357:NODE_3_length_107807_cov_23.952684_83 (length 676)
prokka_out/CA110357:NODE_3_length_107807_cov_23.952684_84 (length 309)
prokka_out/CA110357:NODE_3_length_107807_cov_23.952684_85 (length 870)
prokka_out/CA110357:NODE_3_length_107807_cov_23.952684_86 (length 336)
prokka_out/CA110357:NODE_3_length_107807_cov_23.952684_87 (length 301)
prokka_out/CA110357:NODE_3_length_107807_cov_23.952684_88 (length 257)
prokka_out/CA110357:NODE_3_length_107807_cov_23.952684_89 (length 256)
prokka_out/CA110357:NODE_3_length_107807_cov_23.952684_90 (length 258)
prokka_out/CA110357:NODE_3_length_107807_cov_23.952684_91 (length 220)
prokka_out/CA110357:NODE_3_length_107807_cov_23.952684_92 (length 187)
prokka_out/CA110357:NODE_3_length_107807_cov_23.952684_93 (length 158)
prokka_out/CA110357:NODE_3_length_107807_cov_23.952684_94 (length 192)
prokka_out/CA110357:NODE_3_length_107807_cov_23.952684_95 (length 408)
prokka_out/CA110357:NODE_3_length_107807_cov_23.952684_96 (length 611)
prokka_out/CA110357:NODE_3_length_107807_cov_23.952684_97 (length 210)
prokka_out/CA110357:NODE_3_length_107807_cov_23.952684_98 (length 389)
prokka_out/CA110357:NODE_3_length_107807_cov_23.952684_99 (length 113)
prokka_out/CA110357:NODE_3_length_107807_cov_23.952684_1> (length 340)
prokka_out/CA110357:NODE_3_length_107807_cov_23.952684_1> (length 76)
prokka_out/CA110357:NODE_3_length_107807_cov_23.952684_1> (length 95)
prokka_out/CA110357:NODE_3_length_107807_cov_23.952684_1> (length 623)
prokka_out/CA110357:NODE_3_length_107807_cov_23.952684_1> (length 176)
prokka_out/CA110357:NODE_3_length_107807_cov_23.952684_1> (length 263)
prokka_out/CA110357:NODE_3_length_107807_cov_23.952684_1> (length 696)
prokka_out/CA110357:NODE_3_length_107807_cov_23.952684_1> (length 232)
prokka_out/CA110357:NODE_3_length_107807_cov_23.952684_1> (length 127)
prokka_out/CA110357:NODE_3_length_107807_cov_23.952684_1> (length 94)
prokka_out/CA110357:NODE_4_length_101299_cov_28.002857 (length 101299)
prokka_out/CA110357:NODE_4_length_101299_cov_28.002857_1 (length 434)
prokka_out/CA110357:NODE_4_length_101299_cov_28.002857_2 (length 59)
prokka_out/CA110357:NODE_4_length_101299_cov_28.002857_3 (length 280)
prokka_out/CA110357:NODE_4_length_101299_cov_28.002857_4 (length 138)
prokka_out/CA110357:NODE_4_length_101299_cov_28.002857_5 (length 271)
prokka_out/CA110357:NODE_4_length_101299_cov_28.002857_6 (length 314)
prokka_out/CA110357:NODE_4_length_101299_cov_28.002857_7 (length 484)
prokka_out/CA110357:NODE_4_length_101299_cov_28.002857_8 (length 186)
prokka_out/CA110357:NODE_4_length_101299_cov_28.002857_9 (length 461)
prokka_out/CA110357:NODE_4_length_101299_cov_28.002857_10 (length 317)
prokka_out/CA110357:NODE_4_length_101299_cov_28.002857_11 (length 187)
prokka_out/CA110357:NODE_4_length_101299_cov_28.002857_12 (length 99)
prokka_out/CA110357:NODE_4_length_101299_cov_28.002857_13 (length 66)
prokka_out/CA110357:NODE_4_length_101299_cov_28.002857_14 (length 785)
prokka_out/CA110357:NODE_4_length_101299_cov_28.002857_15 (length 432)
prokka_out/CA110357:NODE_4_length_101299_cov_28.002857_16 (length 518)
prokka_out/CA110357:NODE_4_length_101299_cov_28.002857_17 (length 707)
prokka_out/CA110357:NODE_4_length_101299_cov_28.002857_18 (length 67)
prokka_out/CA110357:NODE_4_length_101299_cov_28.002857_19 (length 313)
prokka_out/CA110357:NODE_4_length_101299_cov_28.002857_20 (length 89)
prokka_out/CA110357:NODE_4_length_101299_cov_28.002857_21 (length 164)
prokka_out/CA110357:NODE_4_length_101299_cov_28.002857_22 (length 258)
prokka_out/CA110357:NODE_4_length_101299_cov_28.002857_23 (length 307)
prokka_out/CA110357:NODE_4_length_101299_cov_28.002857_24 (length 201)
prokka_out/CA110357:NODE_4_length_101299_cov_28.002857_25 (length 160)
prokka_out/CA110357:NODE_4_length_101299_cov_28.002857_26 (length 235)
prokka_out/CA110357:NODE_4_length_101299_cov_28.002857_27 (length 113)
prokka_out/CA110357:NODE_4_length_101299_cov_28.002857_28 (length 102)
prokka_out/CA110357:NODE_4_length_101299_cov_28.002857_29 (length 530)
prokka_out/CA110357:NODE_4_length_101299_cov_28.002857_30 (length 79)
prokka_out/CA110357:NODE_4_length_101299_cov_28.002857_31 (length 205)
prokka_out/CA110357:NODE_4_length_101299_cov_28.002857_32 (length 515)
prokka_out/CA110357:NODE_4_length_101299_cov_28.002857_33 (length 255)
prokka_out/CA110357:NODE_4_length_101299_cov_28.002857_34 (length 211)
prokka_out/CA110357:NODE_4_length_101299_cov_28.002857_35 (length 357)
prokka_out/CA110357:NODE_4_length_101299_cov_28.002857_36 (length 263)
prokka_out/CA110357:NODE_4_length_101299_cov_28.002857_37 (length 387)
prokka_out/CA110357:NODE_4_length_101299_cov_28.002857_38 (length 374)
prokka_out/CA110357:NODE_4_length_101299_cov_28.002857_39 (length 416)
prokka_out/CA110357:NODE_4_length_101299_cov_28.002857_40 (length 167)
prokka_out/CA110357:NODE_4_length_101299_cov_28.002857_41 (length 422)
prokka_out/CA110357:NODE_4_length_101299_cov_28.002857_42 (length 619)
prokka_out/CA110357:NODE_4_length_101299_cov_28.002857_43 (length 165)
prokka_out/CA110357:NODE_4_length_101299_cov_28.002857_44 (length 459)
prokka_out/CA110357:NODE_4_length_101299_cov_28.002857_45 (length 164)
prokka_out/CA110357:NODE_4_length_101299_cov_28.002857_46 (length 458)
prokka_out/CA110357:NODE_4_length_101299_cov_28.002857_47 (length 267)
prokka_out/CA110357:NODE_4_length_101299_cov_28.002857_48 (length 508)
prokka_out/CA110357:NODE_4_length_101299_cov_28.002857_49 (length 393)
prokka_out/CA110357:NODE_4_length_101299_cov_28.002857_50 (length 299)
prokka_out/CA110357:NODE_4_length_101299_cov_28.002857_51 (length 472)
prokka_out/CA110357:NODE_4_length_101299_cov_28.002857_52 (length 164)
prokka_out/CA110357:NODE_4_length_101299_cov_28.002857_53 (length 330)
prokka_out/CA110357:NODE_4_length_101299_cov_28.002857_54 (length 256)
prokka_out/CA110357:NODE_4_length_101299_cov_28.002857_55 (length 754)
prokka_out/CA110357:NODE_4_length_101299_cov_28.002857_56 (length 282)
prokka_out/CA110357:NODE_4_length_101299_cov_28.002857_57 (length 66)
prokka_out/CA110357:NODE_4_length_101299_cov_28.002857_58 (length 226)
prokka_out/CA110357:NODE_4_length_101299_cov_28.002857_59 (length 446)
prokka_out/CA110357:NODE_4_length_101299_cov_28.002857_60 (length 283)
prokka_out/CA110357:NODE_4_length_101299_cov_28.002857_61 (length 293)
prokka_out/CA110357:NODE_4_length_101299_cov_28.002857_62 (length 111)
prokka_out/CA110357:NODE_4_length_101299_cov_28.002857_63 (length 314)
prokka_out/CA110357:NODE_4_length_101299_cov_28.002857_64 (length 288)
prokka_out/CA110357:NODE_4_length_101299_cov_28.002857_65 (length 185)
prokka_out/CA110357:NODE_4_length_101299_cov_28.002857_66 (length 517)
prokka_out/CA110357:NODE_4_length_101299_cov_28.002857_67 (length 185)
prokka_out/CA110357:NODE_4_length_101299_cov_28.002857_68 (length 419)
prokka_out/CA110357:NODE_4_length_101299_cov_28.002857_69 (length 268)
prokka_out/CA110357:NODE_4_length_101299_cov_28.002857_70 (length 460)
prokka_out/CA110357:NODE_4_length_101299_cov_28.002857_71 (length 242)
prokka_out/CA110357:NODE_4_length_101299_cov_28.002857_72 (length 386)
prokka_out/CA110357:NODE_4_length_101299_cov_28.002857_73 (length 68)
prokka_out/CA110357:NODE_4_length_101299_cov_28.002857_74 (length 226)
prokka_out/CA110357:NODE_4_length_101299_cov_28.002857_75 (length 203)
prokka_out/CA110357:NODE_4_length_101299_cov_28.002857_76 (length 846)
prokka_out/CA110357:NODE_4_length_101299_cov_28.002857_77 (length 86)
prokka_out/CA110357:NODE_4_length_101299_cov_28.002857_78 (length 545)
prokka_out/CA110357:NODE_4_length_101299_cov_28.002857_79 (length 73)
prokka_out/CA110357:NODE_4_length_101299_cov_28.002857_80 (length 401)
prokka_out/CA110357:NODE_4_length_101299_cov_28.002857_81 (length 221)
prokka_out/CA110357:NODE_4_length_101299_cov_28.002857_82 (length 199)
prokka_out/CA110357:NODE_4_length_101299_cov_28.002857_83 (length 121)
prokka_out/CA110357:NODE_4_length_101299_cov_28.002857_84 (length 451)
prokka_out/CA110357:NODE_4_length_101299_cov_28.002857_85 (length 76)
prokka_out/CA110357:NODE_4_length_101299_cov_28.002857_86 (length 771)
prokka_out/CA110357:NODE_4_length_101299_cov_28.002857_87 (length 1064)
prokka_out/CA110357:NODE_4_length_101299_cov_28.002857_88 (length 416)
prokka_out/CA110357:NODE_4_length_101299_cov_28.002857_89 (length 224)
prokka_out/CA110357:NODE_4_length_101299_cov_28.002857_90 (length 472)
prokka_out/CA110357:NODE_4_length_101299_cov_28.002857_91 (length 299)
prokka_out/CA110357:NODE_4_length_101299_cov_28.002857_92 (length 124)
prokka_out/CA110357:NODE_4_length_101299_cov_28.002857_93 (length 540)
prokka_out/CA110357:NODE_4_length_101299_cov_28.002857_94 (length 110)
prokka_out/CA110357:NODE_4_length_101299_cov_28.002857_95 (length 206)
prokka_out/CA110357:NODE_4_length_101299_cov_28.002857_96 (length 664)
prokka_out/CA110357:NODE_4_length_101299_cov_28.002857_97 (length 273)
prokka_out/CA110357:NODE_4_length_101299_cov_28.002857_98 (length 316)
prokka_out/CA110357:NODE_4_length_101299_cov_28.002857_99 (length 36)
prokka_out/CA110357:NODE_5_length_84794_cov_32.952520 (length 84794)
prokka_out/CA110357:NODE_5_length_84794_cov_32.952520_1 (length 261)
prokka_out/CA110357:NODE_5_length_84794_cov_32.952520_2 (length 940)
prokka_out/CA110357:NODE_5_length_84794_cov_32.952520_3 (length 177)
prokka_out/CA110357:NODE_5_length_84794_cov_32.952520_4 (length 225)
prokka_out/CA110357:NODE_5_length_84794_cov_32.952520_5 (length 196)
prokka_out/CA110357:NODE_5_length_84794_cov_32.952520_6 (length 147)
prokka_out/CA110357:NODE_5_length_84794_cov_32.952520_7 (length 879)
prokka_out/CA110357:NODE_5_length_84794_cov_32.952520_8 (length 258)
prokka_out/CA110357:NODE_5_length_84794_cov_32.952520_9 (length 243)
prokka_out/CA110357:NODE_5_length_84794_cov_32.952520_10 (length 362)
prokka_out/CA110357:NODE_5_length_84794_cov_32.952520_11 (length 198)
prokka_out/CA110357:NODE_5_length_84794_cov_32.952520_12 (length 94)
prokka_out/CA110357:NODE_5_length_84794_cov_32.952520_13 (length 137)
prokka_out/CA110357:NODE_5_length_84794_cov_32.952520_14 (length 119)
prokka_out/CA110357:NODE_5_length_84794_cov_32.952520_15 (length 48)
prokka_out/CA110357:NODE_5_length_84794_cov_32.952520_16 (length 328)
prokka_out/CA110357:NODE_5_length_84794_cov_32.952520_17 (length 325)
prokka_out/CA110357:NODE_5_length_84794_cov_32.952520_18 (length 358)
prokka_out/CA110357:NODE_5_length_84794_cov_32.952520_19 (length 387)
prokka_out/CA110357:NODE_5_length_84794_cov_32.952520_20 (length 321)
prokka_out/CA110357:NODE_5_length_84794_cov_32.952520_21 (length 147)
prokka_out/CA110357:NODE_5_length_84794_cov_32.952520_22 (length 497)
prokka_out/CA110357:NODE_5_length_84794_cov_32.952520_23 (length 235)
prokka_out/CA110357:NODE_5_length_84794_cov_32.952520_24 (length 400)
prokka_out/CA110357:NODE_5_length_84794_cov_32.952520_25 (length 136)
prokka_out/CA110357:NODE_5_length_84794_cov_32.952520_26 (length 625)
prokka_out/CA110357:NODE_5_length_84794_cov_32.952520_27 (length 276)
prokka_out/CA110357:NODE_5_length_84794_cov_32.952520_28 (length 342)
prokka_out/CA110357:NODE_5_length_84794_cov_32.952520_29 (length 560)
prokka_out/CA110357:NODE_5_length_84794_cov_32.952520_30 (length 364)
prokka_out/CA110357:NODE_5_length_84794_cov_32.952520_31 (length 359)
prokka_out/CA110357:NODE_5_length_84794_cov_32.952520_32 (length 255)
prokka_out/CA110357:NODE_5_length_84794_cov_32.952520_33 (length 402)
prokka_out/CA110357:NODE_5_length_84794_cov_32.952520_34 (length 352)
prokka_out/CA110357:NODE_5_length_84794_cov_32.952520_35 (length 180)
prokka_out/CA110357:NODE_5_length_84794_cov_32.952520_36 (length 178)
prokka_out/CA110357:NODE_5_length_84794_cov_32.952520_37 (length 108)
prokka_out/CA110357:NODE_5_length_84794_cov_32.952520_38 (length 104)
prokka_out/CA110357:NODE_5_length_84794_cov_32.952520_39 (length 201)
prokka_out/CA110357:NODE_5_length_84794_cov_32.952520_40 (length 427)
prokka_out/CA110357:NODE_5_length_84794_cov_32.952520_41 (length 380)
prokka_out/CA110357:NODE_5_length_84794_cov_32.952520_42 (length 203)
prokka_out/CA110357:NODE_5_length_84794_cov_32.952520_43 (length 228)
prokka_out/CA110357:NODE_5_length_84794_cov_32.952520_44 (length 249)
prokka_out/CA110357:NODE_5_length_84794_cov_32.952520_45 (length 133)
prokka_out/CA110357:NODE_5_length_84794_cov_32.952520_46 (length 222)
prokka_out/CA110357:NODE_5_length_84794_cov_32.952520_47 (length 294)
prokka_out/CA110357:NODE_5_length_84794_cov_32.952520_48 (length 257)
prokka_out/CA110357:NODE_5_length_84794_cov_32.952520_49 (length 274)
prokka_out/CA110357:NODE_5_length_84794_cov_32.952520_50 (length 282)
prokka_out/CA110357:NODE_5_length_84794_cov_32.952520_51 (length 126)
prokka_out/CA110357:NODE_5_length_84794_cov_32.952520_52 (length 150)
prokka_out/CA110357:NODE_5_length_84794_cov_32.952520_53 (length 218)
prokka_out/CA110357:NODE_5_length_84794_cov_32.952520_54 (length 257)
prokka_out/CA110357:NODE_5_length_84794_cov_32.952520_55 (length 144)
prokka_out/CA110357:NODE_5_length_84794_cov_32.952520_56 (length 126)
prokka_out/CA110357:NODE_5_length_84794_cov_32.952520_57 (length 80)
prokka_out/CA110357:NODE_5_length_84794_cov_32.952520_58 (length 258)
prokka_out/CA110357:NODE_5_length_84794_cov_32.952520_59 (length 267)
prokka_out/CA110357:NODE_5_length_84794_cov_32.952520_60 (length 125)
prokka_out/CA110357:NODE_5_length_84794_cov_32.952520_61 (length 65)
prokka_out/CA110357:NODE_5_length_84794_cov_32.952520_62 (length 294)
prokka_out/CA110357:NODE_5_length_84794_cov_32.952520_63 (length 363)
prokka_out/CA110357:NODE_5_length_84794_cov_32.952520_64 (length 161)
prokka_out/CA110357:NODE_5_length_84794_cov_32.952520_65 (length 211)
prokka_out/CA110357:NODE_5_length_84794_cov_32.952520_66 (length 318)
prokka_out/CA110357:NODE_5_length_84794_cov_32.952520_67 (length 764)
prokka_out/CA110357:NODE_5_length_84794_cov_32.952520_68 (length 173)
prokka_out/CA110357:NODE_5_length_84794_cov_32.952520_69 (length 207)
prokka_out/CA110357:NODE_5_length_84794_cov_32.952520_70 (length 328)
prokka_out/CA110357:NODE_5_length_84794_cov_32.952520_71 (length 140)
prokka_out/CA110357:NODE_5_length_84794_cov_32.952520_72 (length 1089)
prokka_out/CA110357:NODE_5_length_84794_cov_32.952520_73 (length 84)
prokka_out/CA110357:NODE_5_length_84794_cov_32.952520_74 (length 238)
prokka_out/CA110357:NODE_5_length_84794_cov_32.952520_75 (length 188)
prokka_out/CA110357:NODE_5_length_84794_cov_32.952520_76 (length 484)
prokka_out/CA110357:NODE_5_length_84794_cov_32.952520_77 (length 375)
prokka_out/CA110357:NODE_5_length_84794_cov_32.952520_78 (length 291)
prokka_out/CA110357:NODE_5_length_84794_cov_32.952520_79 (length 635)
prokka_out/CA110357:NODE_5_length_84794_cov_32.952520_80 (length 307)
prokka_out/CA110357:NODE_5_length_84794_cov_32.952520_81 (length 249)
prokka_out/CA110357:NODE_5_length_84794_cov_32.952520_82 (length 346)
prokka_out/CA110357:NODE_5_length_84794_cov_32.952520_83 (length 407)
prokka_out/CA110357:NODE_5_length_84794_cov_32.952520_84 (length 263)
prokka_out/CA110357:NODE_5_length_84794_cov_32.952520_85 (length 146)
prokka_out/CA110357:NODE_5_length_84794_cov_32.952520_86 (length 363)
prokka_out/CA110357:NODE_5_length_84794_cov_32.952520_87 (length 152)
prokka_out/CA110357:NODE_5_length_84794_cov_32.952520_88 (length 68)
prokka_out/CA110357:NODE_5_length_84794_cov_32.952520_89 (length 304)
prokka_out/CA110357:NODE_5_length_84794_cov_32.952520_90 (length 360)
prokka_out/CA110357:NODE_5_length_84794_cov_32.952520_91 (length 176)
prokka_out/CA110357:NODE_5_length_84794_cov_32.952520_92 (length 169)
prokka_out/CA110357:NODE_6_length_75010_cov_33.629876 (length 75010)
prokka_out/CA110357:NODE_6_length_75010_cov_33.629876_1 (length 284)
prokka_out/CA110357:NODE_6_length_75010_cov_33.629876_2 (length 284)
prokka_out/CA110357:NODE_6_length_75010_cov_33.629876_3 (length 268)
prokka_out/CA110357:NODE_6_length_75010_cov_33.629876_4 (length 565)
prokka_out/CA110357:NODE_6_length_75010_cov_33.629876_5 (length 126)
prokka_out/CA110357:NODE_6_length_75010_cov_33.629876_6 (length 95)
prokka_out/CA110357:NODE_6_length_75010_cov_33.629876_7 (length 147)
prokka_out/CA110357:NODE_6_length_75010_cov_33.629876_8 (length 120)
prokka_out/CA110357:NODE_6_length_75010_cov_33.629876_9 (length 856)
prokka_out/CA110357:NODE_6_length_75010_cov_33.629876_10 (length 97)
prokka_out/CA110357:NODE_6_length_75010_cov_33.629876_11 (length 292)
prokka_out/CA110357:NODE_6_length_75010_cov_33.629876_12 (length 133)
prokka_out/CA110357:NODE_6_length_75010_cov_33.629876_13 (length 294)
prokka_out/CA110357:NODE_6_length_75010_cov_33.629876_14 (length 457)
prokka_out/CA110357:NODE_6_length_75010_cov_33.629876_15 (length 275)
prokka_out/CA110357:NODE_6_length_75010_cov_33.629876_16 (length 738)
prokka_out/CA110357:NODE_6_length_75010_cov_33.629876_17 (length 238)
prokka_out/CA110357:NODE_6_length_75010_cov_33.629876_18 (length 280)
prokka_out/CA110357:NODE_6_length_75010_cov_33.629876_19 (length 149)
prokka_out/CA110357:NODE_6_length_75010_cov_33.629876_20 (length 117)
prokka_out/CA110357:NODE_6_length_75010_cov_33.629876_21 (length 328)
prokka_out/CA110357:NODE_6_length_75010_cov_33.629876_22 (length 308)
prokka_out/CA110357:NODE_6_length_75010_cov_33.629876_23 (length 412)
prokka_out/CA110357:NODE_6_length_75010_cov_33.629876_24 (length 230)
prokka_out/CA110357:NODE_6_length_75010_cov_33.629876_25 (length 135)
prokka_out/CA110357:NODE_6_length_75010_cov_33.629876_26 (length 204)
prokka_out/CA110357:NODE_6_length_75010_cov_33.629876_27 (length 173)
prokka_out/CA110357:NODE_6_length_75010_cov_33.629876_28 (length 251)
prokka_out/CA110357:NODE_6_length_75010_cov_33.629876_29 (length 228)
prokka_out/CA110357:NODE_6_length_75010_cov_33.629876_30 (length 324)
prokka_out/CA110357:NODE_6_length_75010_cov_33.629876_31 (length 190)
prokka_out/CA110357:NODE_6_length_75010_cov_33.629876_32 (length 317)
prokka_out/CA110357:NODE_6_length_75010_cov_33.629876_33 (length 165)
prokka_out/CA110357:NODE_6_length_75010_cov_33.629876_34 (length 403)
prokka_out/CA110357:NODE_6_length_75010_cov_33.629876_35 (length 258)
prokka_out/CA110357:NODE_6_length_75010_cov_33.629876_36 (length 129)
prokka_out/CA110357:NODE_6_length_75010_cov_33.629876_37 (length 184)
prokka_out/CA110357:NODE_6_length_75010_cov_33.629876_38 (length 129)
prokka_out/CA110357:NODE_6_length_75010_cov_33.629876_39 (length 465)
prokka_out/CA110357:NODE_6_length_75010_cov_33.629876_40 (length 294)
prokka_out/CA110357:NODE_6_length_75010_cov_33.629876_41 (length 501)
prokka_out/CA110357:NODE_6_length_75010_cov_33.629876_42 (length 173)
prokka_out/CA110357:NODE_6_length_75010_cov_33.629876_43 (length 170)
prokka_out/CA110357:NODE_6_length_75010_cov_33.629876_44 (length 141)
prokka_out/CA110357:NODE_6_length_75010_cov_33.629876_45 (length 278)
prokka_out/CA110357:NODE_6_length_75010_cov_33.629876_46 (length 261)
prokka_out/CA110357:NODE_6_length_75010_cov_33.629876_47 (length 217)
prokka_out/CA110357:NODE_6_length_75010_cov_33.629876_48 (length 306)
prokka_out/CA110357:NODE_6_length_75010_cov_33.629876_49 (length 242)
prokka_out/CA110357:NODE_6_length_75010_cov_33.629876_50 (length 44)
prokka_out/CA110357:NODE_6_length_75010_cov_33.629876_51 (length 251)
prokka_out/CA110357:NODE_6_length_75010_cov_33.629876_52 (length 279)
prokka_out/CA110357:NODE_6_length_75010_cov_33.629876_53 (length 220)
prokka_out/CA110357:NODE_6_length_75010_cov_33.629876_54 (length 67)
prokka_out/CA110357:NODE_6_length_75010_cov_33.629876_55 (length 414)
prokka_out/CA110357:NODE_6_length_75010_cov_33.629876_56 (length 343)
prokka_out/CA110357:NODE_6_length_75010_cov_33.629876_57 (length 287)
prokka_out/CA110357:NODE_6_length_75010_cov_33.629876_58 (length 89)
prokka_out/CA110357:NODE_6_length_75010_cov_33.629876_59 (length 258)
prokka_out/CA110357:NODE_6_length_75010_cov_33.629876_60 (length 57)
prokka_out/CA110357:NODE_6_length_75010_cov_33.629876_61 (length 253)
prokka_out/CA110357:NODE_6_length_75010_cov_33.629876_62 (length 254)
prokka_out/CA110357:NODE_6_length_75010_cov_33.629876_63 (length 422)
prokka_out/CA110357:NODE_6_length_75010_cov_33.629876_64 (length 391)
prokka_out/CA110357:NODE_6_length_75010_cov_33.629876_65 (length 278)
prokka_out/CA110357:NODE_6_length_75010_cov_33.629876_66 (length 700)
prokka_out/CA110357:NODE_6_length_75010_cov_33.629876_67 (length 419)
prokka_out/CA110357:NODE_6_length_75010_cov_33.629876_68 (length 421)
prokka_out/CA110357:NODE_6_length_75010_cov_33.629876_69 (length 130)
prokka_out/CA110357:NODE_6_length_75010_cov_33.629876_70 (length 147)
prokka_out/CA110357:NODE_6_length_75010_cov_33.629876_71 (length 118)
prokka_out/CA110357:NODE_6_length_75010_cov_33.629876_72 (length 178)
prokka_out/CA110357:NODE_6_length_75010_cov_33.629876_73 (length 131)
prokka_out/CA110357:NODE_6_length_75010_cov_33.629876_74 (length 61)
prokka_out/CA110357:NODE_6_length_75010_cov_33.629876_75 (length 180)
prokka_out/CA110357:NODE_6_length_75010_cov_33.629876_76 (length 77)
prokka_out/CA110357:NODE_6_length_75010_cov_33.629876_77 (length 122)
prokka_out/CA110357:NODE_6_length_75010_cov_33.629876_78 (length 83)
prokka_out/CA110357:NODE_6_length_75010_cov_33.629876_79 (length 61)
prokka_out/CA110357:NODE_6_length_75010_cov_33.629876_80 (length 141)
prokka_out/CA110357:NODE_6_length_75010_cov_33.629876_81 (length 233)
prokka_out/CA110357:NODE_6_length_75010_cov_33.629876_82 (length 135)
prokka_out/CA110357:NODE_6_length_75010_cov_33.629876_83 (length 93)
prokka_out/CA110357:NODE_6_length_75010_cov_33.629876_84 (length 276)
prokka_out/CA110357:NODE_6_length_75010_cov_33.629876_85 (length 93)
prokka_out/CA110357:NODE_6_length_75010_cov_33.629876_86 (length 204)
prokka_out/CA110357:NODE_6_length_75010_cov_33.629876_87 (length 191)
prokka_out/CA110357:NODE_6_length_75010_cov_33.629876_88 (length 103)
prokka_out/CA110357:NODE_6_length_75010_cov_33.629876_89 (length 253)
prokka_out/CA110357:NODE_6_length_75010_cov_33.629876_90 (length 676)
prokka_out/CA110357:NODE_6_length_75010_cov_33.629876_91 (length 264)
prokka_out/CA110357:NODE_6_length_75010_cov_33.629876_92 (length 178)
prokka_out/CA110357:NODE_6_length_75010_cov_33.629876_93 (length 356)
prokka_out/CA110357:NODE_6_length_75010_cov_33.629876_94 (length 34)
prokka_out/CA110357:NODE_7_length_73514_cov_27.283824 (length 73514)
prokka_out/CA110357:NODE_7_length_73514_cov_27.283824_1 (length 413)
prokka_out/CA110357:NODE_7_length_73514_cov_27.283824_2 (length 530)
prokka_out/CA110357:NODE_7_length_73514_cov_27.283824_3 (length 199)
prokka_out/CA110357:NODE_7_length_73514_cov_27.283824_4 (length 392)
prokka_out/CA110357:NODE_7_length_73514_cov_27.283824_5 (length 249)
prokka_out/CA110357:NODE_7_length_73514_cov_27.283824_6 (length 140)
prokka_out/CA110357:NODE_7_length_73514_cov_27.283824_7 (length 102)
prokka_out/CA110357:NODE_7_length_73514_cov_27.283824_8 (length 263)
prokka_out/CA110357:NODE_7_length_73514_cov_27.283824_9 (length 486)
prokka_out/CA110357:NODE_7_length_73514_cov_27.283824_10 (length 81)
prokka_out/CA110357:NODE_7_length_73514_cov_27.283824_11 (length 223)
prokka_out/CA110357:NODE_7_length_73514_cov_27.283824_12 (length 105)
prokka_out/CA110357:NODE_7_length_73514_cov_27.283824_13 (length 203)
prokka_out/CA110357:NODE_7_length_73514_cov_27.283824_14 (length 341)
prokka_out/CA110357:NODE_7_length_73514_cov_27.283824_15 (length 446)
prokka_out/CA110357:NODE_7_length_73514_cov_27.283824_16 (length 156)
prokka_out/CA110357:NODE_7_length_73514_cov_27.283824_17 (length 150)
prokka_out/CA110357:NODE_7_length_73514_cov_27.283824_18 (length 436)
prokka_out/CA110357:NODE_7_length_73514_cov_27.283824_19 (length 83)
prokka_out/CA110357:NODE_7_length_73514_cov_27.283824_20 (length 492)
prokka_out/CA110357:NODE_7_length_73514_cov_27.283824_21 (length 1040)
prokka_out/CA110357:NODE_7_length_73514_cov_27.283824_22 (length 367)
prokka_out/CA110357:NODE_7_length_73514_cov_27.283824_23 (length 211)
prokka_out/CA110357:NODE_7_length_73514_cov_27.283824_24 (length 458)
prokka_out/CA110357:NODE_7_length_73514_cov_27.283824_25 (length 70)
prokka_out/CA110357:NODE_7_length_73514_cov_27.283824_26 (length 201)
prokka_out/CA110357:NODE_7_length_73514_cov_27.283824_27 (length 389)
prokka_out/CA110357:NODE_7_length_73514_cov_27.283824_28 (length 311)
prokka_out/CA110357:NODE_7_length_73514_cov_27.283824_29 (length 163)
prokka_out/CA110357:NODE_7_length_73514_cov_27.283824_30 (length 161)
prokka_out/CA110357:NODE_7_length_73514_cov_27.283824_31 (length 273)
prokka_out/CA110357:NODE_7_length_73514_cov_27.283824_32 (length 570)
prokka_out/CA110357:NODE_7_length_73514_cov_27.283824_33 (length 182)
prokka_out/CA110357:NODE_7_length_73514_cov_27.283824_34 (length 297)
prokka_out/CA110357:NODE_7_length_73514_cov_27.283824_35 (length 259)
prokka_out/CA110357:NODE_7_length_73514_cov_27.283824_36 (length 279)
prokka_out/CA110357:NODE_7_length_73514_cov_27.283824_37 (length 132)
prokka_out/CA110357:NODE_7_length_73514_cov_27.283824_38 (length 154)
prokka_out/CA110357:NODE_7_length_73514_cov_27.283824_39 (length 270)
prokka_out/CA110357:NODE_7_length_73514_cov_27.283824_40 (length 310)
prokka_out/CA110357:NODE_7_length_73514_cov_27.283824_41 (length 460)
prokka_out/CA110357:NODE_7_length_73514_cov_27.283824_42 (length 165)
prokka_out/CA110357:NODE_7_length_73514_cov_27.283824_43 (length 319)
prokka_out/CA110357:NODE_7_length_73514_cov_27.283824_44 (length 411)
prokka_out/CA110357:NODE_7_length_73514_cov_27.283824_45 (length 820)
prokka_out/CA110357:NODE_7_length_73514_cov_27.283824_46 (length 208)
prokka_out/CA110357:NODE_7_length_73514_cov_27.283824_47 (length 480)
prokka_out/CA110357:NODE_7_length_73514_cov_27.283824_48 (length 448)
prokka_out/CA110357:NODE_7_length_73514_cov_27.283824_49 (length 209)
prokka_out/CA110357:NODE_7_length_73514_cov_27.283824_50 (length 95)
prokka_out/CA110357:NODE_7_length_73514_cov_27.283824_51 (length 332)
prokka_out/CA110357:NODE_7_length_73514_cov_27.283824_52 (length 192)
prokka_out/CA110357:NODE_7_length_73514_cov_27.283824_53 (length 95)
prokka_out/CA110357:NODE_7_length_73514_cov_27.283824_54 (length 186)
prokka_out/CA110357:NODE_7_length_73514_cov_27.283824_55 (length 156)
prokka_out/CA110357:NODE_7_length_73514_cov_27.283824_56 (length 502)
prokka_out/CA110357:NODE_7_length_73514_cov_27.283824_57 (length 414)
prokka_out/CA110357:NODE_7_length_73514_cov_27.283824_58 (length 181)
prokka_out/CA110357:NODE_7_length_73514_cov_27.283824_59 (length 275)
prokka_out/CA110357:NODE_7_length_73514_cov_27.283824_60 (length 263)
prokka_out/CA110357:NODE_7_length_73514_cov_27.283824_61 (length 301)
prokka_out/CA110357:NODE_7_length_73514_cov_27.283824_62 (length 271)
prokka_out/CA110357:NODE_7_length_73514_cov_27.283824_63 (length 261)
prokka_out/CA110357:NODE_7_length_73514_cov_27.283824_64 (length 663)
prokka_out/CA110357:NODE_7_length_73514_cov_27.283824_65 (length 241)
prokka_out/CA110357:NODE_7_length_73514_cov_27.283824_66 (length 728)
prokka_out/CA110357:NODE_7_length_73514_cov_27.283824_67 (length 610)
prokka_out/CA110357:NODE_7_length_73514_cov_27.283824_68 (length 234)
prokka_out/CA110357:NODE_7_length_73514_cov_27.283824_69 (length 226)
prokka_out/CA110357:NODE_7_length_73514_cov_27.283824_70 (length 120)
prokka_out/CA110357:NODE_7_length_73514_cov_27.283824_71 (length 190)
prokka_out/CA110357:NODE_7_length_73514_cov_27.283824_72 (length 318)
prokka_out/CA110357:NODE_7_length_73514_cov_27.283824_73 (length 69)
prokka_out/CA110357:NODE_7_length_73514_cov_27.283824_74 (length 140)
prokka_out/CA110357:NODE_7_length_73514_cov_27.283824_75 (length 117)
prokka_out/CA110357:NODE_7_length_73514_cov_27.283824_76 (length 68)
prokka_out/CA110357:NODE_7_length_73514_cov_27.283824_77 (length 99)
prokka_out/CA110357:NODE_7_length_73514_cov_27.283824_78 (length 525)
prokka_out/CA110357:NODE_7_length_73514_cov_27.283824_79 (length 110)
prokka_out/CA110357:NODE_7_length_73514_cov_27.283824_80 (length 125)
prokka_out/CA110357:NODE_7_length_73514_cov_27.283824_81 (length 194)
prokka_out/CA110357:NODE_8_length_63333_cov_26.930244 (length 63333)
prokka_out/CA110357:NODE_8_length_63333_cov_26.930244_1 (length 201)
prokka_out/CA110357:NODE_8_length_63333_cov_26.930244_2 (length 438)
prokka_out/CA110357:NODE_8_length_63333_cov_26.930244_3 (length 376)
prokka_out/CA110357:NODE_8_length_63333_cov_26.930244_4 (length 334)
prokka_out/CA110357:NODE_8_length_63333_cov_26.930244_5 (length 186)
prokka_out/CA110357:NODE_8_length_63333_cov_26.930244_6 (length 151)
prokka_out/CA110357:NODE_8_length_63333_cov_26.930244_7 (length 443)
prokka_out/CA110357:NODE_8_length_63333_cov_26.930244_8 (length 271)
prokka_out/CA110357:NODE_8_length_63333_cov_26.930244_9 (length 463)
prokka_out/CA110357:NODE_8_length_63333_cov_26.930244_10 (length 411)
prokka_out/CA110357:NODE_8_length_63333_cov_26.930244_11 (length 208)
prokka_out/CA110357:NODE_8_length_63333_cov_26.930244_12 (length 223)
prokka_out/CA110357:NODE_8_length_63333_cov_26.930244_13 (length 216)
prokka_out/CA110357:NODE_8_length_63333_cov_26.930244_14 (length 447)
prokka_out/CA110357:NODE_8_length_63333_cov_26.930244_15 (length 339)
prokka_out/CA110357:NODE_8_length_63333_cov_26.930244_16 (length 147)
prokka_out/CA110357:NODE_8_length_63333_cov_26.930244_17 (length 566)
prokka_out/CA110357:NODE_8_length_63333_cov_26.930244_18 (length 154)
prokka_out/CA110357:NODE_8_length_63333_cov_26.930244_19 (length 317)
prokka_out/CA110357:NODE_8_length_63333_cov_26.930244_20 (length 341)
prokka_out/CA110357:NODE_8_length_63333_cov_26.930244_21 (length 248)
prokka_out/CA110357:NODE_8_length_63333_cov_26.930244_22 (length 134)
prokka_out/CA110357:NODE_8_length_63333_cov_26.930244_23 (length 355)
prokka_out/CA110357:NODE_8_length_63333_cov_26.930244_24 (length 156)
prokka_out/CA110357:NODE_8_length_63333_cov_26.930244_25 (length 400)
prokka_out/CA110357:NODE_8_length_63333_cov_26.930244_26 (length 177)
prokka_out/CA110357:NODE_8_length_63333_cov_26.930244_27 (length 203)
prokka_out/CA110357:NODE_8_length_63333_cov_26.930244_28 (length 380)
prokka_out/CA110357:NODE_8_length_63333_cov_26.930244_29 (length 646)
prokka_out/CA110357:NODE_8_length_63333_cov_26.930244_30 (length 334)
prokka_out/CA110357:NODE_8_length_63333_cov_26.930244_31 (length 249)
prokka_out/CA110357:NODE_8_length_63333_cov_26.930244_32 (length 278)
prokka_out/CA110357:NODE_8_length_63333_cov_26.930244_33 (length 234)
prokka_out/CA110357:NODE_8_length_63333_cov_26.930244_34 (length 72)
prokka_out/CA110357:NODE_8_length_63333_cov_26.930244_35 (length 210)
prokka_out/CA110357:NODE_8_length_63333_cov_26.930244_36 (length 216)
prokka_out/CA110357:NODE_8_length_63333_cov_26.930244_37 (length 208)
prokka_out/CA110357:NODE_8_length_63333_cov_26.930244_38 (length 273)
prokka_out/CA110357:NODE_8_length_63333_cov_26.930244_39 (length 354)
prokka_out/CA110357:NODE_8_length_63333_cov_26.930244_40 (length 484)
prokka_out/CA110357:NODE_8_length_63333_cov_26.930244_41 (length 316)
prokka_out/CA110357:NODE_8_length_63333_cov_26.930244_42 (length 289)
prokka_out/CA110357:NODE_8_length_63333_cov_26.930244_43 (length 151)
prokka_out/CA110357:NODE_8_length_63333_cov_26.930244_44 (length 394)
prokka_out/CA110357:NODE_8_length_63333_cov_26.930244_45 (length 218)
prokka_out/CA110357:NODE_8_length_63333_cov_26.930244_46 (length 69)
prokka_out/CA110357:NODE_8_length_63333_cov_26.930244_47 (length 89)
prokka_out/CA110357:NODE_8_length_63333_cov_26.930244_48 (length 160)
prokka_out/CA110357:NODE_8_length_63333_cov_26.930244_49 (length 738)
prokka_out/CA110357:NODE_8_length_63333_cov_26.930244_50 (length 682)
prokka_out/CA110357:NODE_8_length_63333_cov_26.930244_51 (length 150)
prokka_out/CA110357:NODE_8_length_63333_cov_26.930244_52 (length 416)
prokka_out/CA110357:NODE_8_length_63333_cov_26.930244_53 (length 486)
prokka_out/CA110357:NODE_8_length_63333_cov_26.930244_54 (length 185)
prokka_out/CA110357:NODE_8_length_63333_cov_26.930244_55 (length 202)
prokka_out/CA110357:NODE_8_length_63333_cov_26.930244_56 (length 511)
prokka_out/CA110357:NODE_8_length_63333_cov_26.930244_57 (length 158)
prokka_out/CA110357:NODE_8_length_63333_cov_26.930244_58 (length 604)
prokka_out/CA110357:NODE_8_length_63333_cov_26.930244_59 (length 397)
prokka_out/CA110357:NODE_8_length_63333_cov_26.930244_60 (length 300)
prokka_out/CA110357:NODE_8_length_63333_cov_26.930244_61 (length 340)
prokka_out/CA110357:NODE_8_length_63333_cov_26.930244_62 (length 103)
prokka_out/CA110357:NODE_8_length_63333_cov_26.930244_63 (length 201)
prokka_out/CA110357:NODE_8_length_63333_cov_26.930244_64 (length 366)
prokka_out/CA110357:NODE_8_length_63333_cov_26.930244_65 (length 255)
prokka_out/CA110357:NODE_8_length_63333_cov_26.930244_66 (length 325)
prokka_out/CA110357:NODE_9_length_61305_cov_33.338292 (length 61305)
prokka_out/CA110357:NODE_9_length_61305_cov_33.338292_1 (length 100)
prokka_out/CA110357:NODE_9_length_61305_cov_33.338292_2 (length 108)
prokka_out/CA110357:NODE_9_length_61305_cov_33.338292_3 (length 118)
prokka_out/CA110357:NODE_9_length_61305_cov_33.338292_4 (length 396)
prokka_out/CA110357:NODE_9_length_61305_cov_33.338292_5 (length 148)
prokka_out/CA110357:NODE_9_length_61305_cov_33.338292_6 (length 73)
prokka_out/CA110357:NODE_9_length_61305_cov_33.338292_7 (length 513)
prokka_out/CA110357:NODE_9_length_61305_cov_33.338292_8 (length 382)
prokka_out/CA110357:NODE_9_length_61305_cov_33.338292_9 (length 233)
prokka_out/CA110357:NODE_9_length_61305_cov_33.338292_10 (length 63)
prokka_out/CA110357:NODE_9_length_61305_cov_33.338292_11 (length 180)
prokka_out/CA110357:NODE_9_length_61305_cov_33.338292_12 (length 746)
prokka_out/CA110357:NODE_9_length_61305_cov_33.338292_13 (length 213)
prokka_out/CA110357:NODE_9_length_61305_cov_33.338292_14 (length 310)
prokka_out/CA110357:NODE_9_length_61305_cov_33.338292_15 (length 746)
prokka_out/CA110357:NODE_9_length_61305_cov_33.338292_16 (length 260)
prokka_out/CA110357:NODE_9_length_61305_cov_33.338292_17 (length 243)
prokka_out/CA110357:NODE_9_length_61305_cov_33.338292_18 (length 190)
prokka_out/CA110357:NODE_9_length_61305_cov_33.338292_19 (length 308)
prokka_out/CA110357:NODE_9_length_61305_cov_33.338292_20 (length 1167)
prokka_out/CA110357:NODE_9_length_61305_cov_33.338292_21 (length 493)
prokka_out/CA110357:NODE_9_length_61305_cov_33.338292_22 (length 75)
prokka_out/CA110357:NODE_9_length_61305_cov_33.338292_23 (length 403)
prokka_out/CA110357:NODE_9_length_61305_cov_33.338292_24 (length 416)
prokka_out/CA110357:NODE_9_length_61305_cov_33.338292_25 (length 142)
prokka_out/CA110357:NODE_9_length_61305_cov_33.338292_26 (length 172)
prokka_out/CA110357:NODE_9_length_61305_cov_33.338292_27 (length 183)
prokka_out/CA110357:NODE_9_length_61305_cov_33.338292_28 (length 372)
prokka_out/CA110357:NODE_9_length_61305_cov_33.338292_29 (length 223)
prokka_out/CA110357:NODE_9_length_61305_cov_33.338292_30 (length 404)
prokka_out/CA110357:NODE_9_length_61305_cov_33.338292_31 (length 222)
prokka_out/CA110357:NODE_9_length_61305_cov_33.338292_32 (length 488)
prokka_out/CA110357:NODE_9_length_61305_cov_33.338292_33 (length 221)
prokka_out/CA110357:NODE_9_length_61305_cov_33.338292_34 (length 83)
prokka_out/CA110357:NODE_9_length_61305_cov_33.338292_35 (length 287)
prokka_out/CA110357:NODE_9_length_61305_cov_33.338292_36 (length 73)
prokka_out/CA110357:NODE_9_length_61305_cov_33.338292_37 (length 33)
prokka_out/CA110357:NODE_9_length_61305_cov_33.338292_38 (length 196)
prokka_out/CA110357:NODE_9_length_61305_cov_33.338292_39 (length 174)
prokka_out/CA110357:NODE_9_length_61305_cov_33.338292_40 (length 788)
prokka_out/CA110357:NODE_9_length_61305_cov_33.338292_41 (length 920)
prokka_out/CA110357:NODE_9_length_61305_cov_33.338292_42 (length 214)
prokka_out/CA110357:NODE_9_length_61305_cov_33.338292_43 (length 186)
prokka_out/CA110357:NODE_9_length_61305_cov_33.338292_44 (length 141)
prokka_out/CA110357:NODE_9_length_61305_cov_33.338292_45 (length 129)
prokka_out/CA110357:NODE_9_length_61305_cov_33.338292_46 (length 332)
prokka_out/CA110357:NODE_9_length_61305_cov_33.338292_47 (length 212)
prokka_out/CA110357:NODE_9_length_61305_cov_33.338292_48 (length 1186)
prokka_out/CA110357:NODE_9_length_61305_cov_33.338292_49 (length 98)
prokka_out/CA110357:NODE_9_length_61305_cov_33.338292_50 (length 472)
prokka_out/CA110357:NODE_9_length_61305_cov_33.338292_51 (length 198)
prokka_out/CA110357:NODE_9_length_61305_cov_33.338292_52 (length 198)
prokka_out/CA110357:NODE_9_length_61305_cov_33.338292_53 (length 520)
prokka_out/CA110357:NODE_9_length_61305_cov_33.338292_54 (length 391)
prokka_out/CA110357:NODE_9_length_61305_cov_33.338292_55 (length 254)
prokka_out/CA110357:NODE_9_length_61305_cov_33.338292_56 (length 254)
prokka_out/CA110357:NODE_9_length_61305_cov_33.338292_57 (length 608)
prokka_out/CA110357:NODE_9_length_61305_cov_33.338292_58 (length 144)
prokka_out/CA110357:NODE_9_length_61305_cov_33.338292_59 (length 65)
prokka_out/CA110357:NODE_9_length_61305_cov_33.338292_60 (length 113)
prokka_out/CA110357:NODE_9_length_61305_cov_33.338292_61 (length 348)
prokka_out/CA110357:NODE_10_length_57455_cov_29.148200 (length 57455)
prokka_out/CA110357:NODE_10_length_57455_cov_29.148200_1 (length 327)
prokka_out/CA110357:NODE_10_length_57455_cov_29.148200_2 (length 146)
prokka_out/CA110357:NODE_10_length_57455_cov_29.148200_3 (length 224)
prokka_out/CA110357:NODE_10_length_57455_cov_29.148200_4 (length 363)
prokka_out/CA110357:NODE_10_length_57455_cov_29.148200_5 (length 182)
prokka_out/CA110357:NODE_10_length_57455_cov_29.148200_6 (length 379)
prokka_out/CA110357:NODE_10_length_57455_cov_29.148200_7 (length 330)
prokka_out/CA110357:NODE_10_length_57455_cov_29.148200_8 (length 283)
prokka_out/CA110357:NODE_10_length_57455_cov_29.148200_9 (length 546)
prokka_out/CA110357:NODE_10_length_57455_cov_29.148200_10 (length 447)
prokka_out/CA110357:NODE_10_length_57455_cov_29.148200_11 (length 327)
prokka_out/CA110357:NODE_10_length_57455_cov_29.148200_12 (length 53)
prokka_out/CA110357:NODE_10_length_57455_cov_29.148200_13 (length 289)
prokka_out/CA110357:NODE_10_length_57455_cov_29.148200_14 (length 129)
prokka_out/CA110357:NODE_10_length_57455_cov_29.148200_15 (length 141)
prokka_out/CA110357:NODE_10_length_57455_cov_29.148200_16 (length 245)
prokka_out/CA110357:NODE_10_length_57455_cov_29.148200_17 (length 138)
prokka_out/CA110357:NODE_10_length_57455_cov_29.148200_18 (length 440)
prokka_out/CA110357:NODE_10_length_57455_cov_29.148200_19 (length 454)
prokka_out/CA110357:NODE_10_length_57455_cov_29.148200_20 (length 173)
prokka_out/CA110357:NODE_10_length_57455_cov_29.148200_21 (length 326)
prokka_out/CA110357:NODE_10_length_57455_cov_29.148200_22 (length 577)
prokka_out/CA110357:NODE_10_length_57455_cov_29.148200_23 (length 109)
prokka_out/CA110357:NODE_10_length_57455_cov_29.148200_24 (length 252)
prokka_out/CA110357:NODE_10_length_57455_cov_29.148200_25 (length 78)
prokka_out/CA110357:NODE_10_length_57455_cov_29.148200_26 (length 112)
prokka_out/CA110357:NODE_10_length_57455_cov_29.148200_27 (length 228)
prokka_out/CA110357:NODE_10_length_57455_cov_29.148200_28 (length 339)
prokka_out/CA110357:NODE_10_length_57455_cov_29.148200_29 (length 420)
prokka_out/CA110357:NODE_10_length_57455_cov_29.148200_30 (length 285)
prokka_out/CA110357:NODE_10_length_57455_cov_29.148200_31 (length 268)
prokka_out/CA110357:NODE_10_length_57455_cov_29.148200_32 (length 259)
prokka_out/CA110357:NODE_10_length_57455_cov_29.148200_33 (length 333)
prokka_out/CA110357:NODE_10_length_57455_cov_29.148200_34 (length 702)
prokka_out/CA110357:NODE_10_length_57455_cov_29.148200_35 (length 251)
prokka_out/CA110357:NODE_10_length_57455_cov_29.148200_36 (length 355)
prokka_out/CA110357:NODE_10_length_57455_cov_29.148200_37 (length 87)
prokka_out/CA110357:NODE_10_length_57455_cov_29.148200_38 (length 166)
prokka_out/CA110357:NODE_10_length_57455_cov_29.148200_39 (length 386)
prokka_out/CA110357:NODE_10_length_57455_cov_29.148200_40 (length 295)
prokka_out/CA110357:NODE_10_length_57455_cov_29.148200_41 (length 371)
prokka_out/CA110357:NODE_10_length_57455_cov_29.148200_42 (length 368)
prokka_out/CA110357:NODE_10_length_57455_cov_29.148200_43 (length 387)
prokka_out/CA110357:NODE_10_length_57455_cov_29.148200_44 (length 171)
prokka_out/CA110357:NODE_10_length_57455_cov_29.148200_45 (length 207)
prokka_out/CA110357:NODE_10_length_57455_cov_29.148200_46 (length 255)
prokka_out/CA110357:NODE_10_length_57455_cov_29.148200_47 (length 242)
prokka_out/CA110357:NODE_10_length_57455_cov_29.148200_48 (length 195)
prokka_out/CA110357:NODE_10_length_57455_cov_29.148200_49 (length 353)
prokka_out/CA110357:NODE_10_length_57455_cov_29.148200_50 (length 428)
prokka_out/CA110357:NODE_10_length_57455_cov_29.148200_51 (length 299)
prokka_out/CA110357:NODE_10_length_57455_cov_29.148200_52 (length 117)
prokka_out/CA110357:NODE_10_length_57455_cov_29.148200_53 (length 337)
prokka_out/CA110357:NODE_10_length_57455_cov_29.148200_54 (length 208)
prokka_out/CA110357:NODE_10_length_57455_cov_29.148200_55 (length 130)
prokka_out/CA110357:NODE_10_length_57455_cov_29.148200_56 (length 121)
prokka_out/CA110357:NODE_10_length_57455_cov_29.148200_57 (length 72)
prokka_out/CA110357:NODE_10_length_57455_cov_29.148200_58 (length 286)
prokka_out/CA110357:NODE_10_length_57455_cov_29.148200_59 (length 162)
prokka_out/CA110357:NODE_10_length_57455_cov_29.148200_60 (length 261)
prokka_out/CA110357:NODE_10_length_57455_cov_29.148200_61 (length 205)
prokka_out/CA110357:NODE_10_length_57455_cov_29.148200_62 (length 386)
prokka_out/CA110357:NODE_10_length_57455_cov_29.148200_63 (length 52)
prokka_out/CA110357:NODE_11_length_54396_cov_35.294938 (length 54396)
prokka_out/CA110357:NODE_11_length_54396_cov_35.294938_1 (length 189)
prokka_out/CA110357:NODE_11_length_54396_cov_35.294938_2 (length 137)
prokka_out/CA110357:NODE_11_length_54396_cov_35.294938_3 (length 176)
prokka_out/CA110357:NODE_11_length_54396_cov_35.294938_4 (length 200)
prokka_out/CA110357:NODE_11_length_54396_cov_35.294938_5 (length 468)
prokka_out/CA110357:NODE_11_length_54396_cov_35.294938_6 (length 358)
prokka_out/CA110357:NODE_11_length_54396_cov_35.294938_7 (length 511)
prokka_out/CA110357:NODE_11_length_54396_cov_35.294938_8 (length 209)
prokka_out/CA110357:NODE_11_length_54396_cov_35.294938_9 (length 214)
prokka_out/CA110357:NODE_11_length_54396_cov_35.294938_10 (length 103)
prokka_out/CA110357:NODE_11_length_54396_cov_35.294938_11 (length 127)
prokka_out/CA110357:NODE_11_length_54396_cov_35.294938_12 (length 199)
prokka_out/CA110357:NODE_11_length_54396_cov_35.294938_13 (length 293)
prokka_out/CA110357:NODE_11_length_54396_cov_35.294938_14 (length 73)
prokka_out/CA110357:NODE_11_length_54396_cov_35.294938_15 (length 346)
prokka_out/CA110357:NODE_11_length_54396_cov_35.294938_16 (length 423)
prokka_out/CA110357:NODE_11_length_54396_cov_35.294938_17 (length 852)
prokka_out/CA110357:NODE_11_length_54396_cov_35.294938_18 (length 184)
prokka_out/CA110357:NODE_11_length_54396_cov_35.294938_19 (length 440)
prokka_out/CA110357:NODE_11_length_54396_cov_35.294938_20 (length 355)
prokka_out/CA110357:NODE_11_length_54396_cov_35.294938_21 (length 770)
prokka_out/CA110357:NODE_11_length_54396_cov_35.294938_22 (length 125)
prokka_out/CA110357:NODE_11_length_54396_cov_35.294938_23 (length 320)
prokka_out/CA110357:NODE_11_length_54396_cov_35.294938_24 (length 54)
prokka_out/CA110357:NODE_11_length_54396_cov_35.294938_25 (length 99)
prokka_out/CA110357:NODE_11_length_54396_cov_35.294938_26 (length 548)
prokka_out/CA110357:NODE_11_length_54396_cov_35.294938_27 (length 119)
prokka_out/CA110357:NODE_11_length_54396_cov_35.294938_28 (length 433)
prokka_out/CA110357:NODE_11_length_54396_cov_35.294938_29 (length 1496)
prokka_out/CA110357:NODE_11_length_54396_cov_35.294938_30 (length 481)
prokka_out/CA110357:NODE_11_length_54396_cov_35.294938_31 (length 202)
prokka_out/CA110357:NODE_11_length_54396_cov_35.294938_32 (length 215)
prokka_out/CA110357:NODE_11_length_54396_cov_35.294938_33 (length 558)
prokka_out/CA110357:NODE_11_length_54396_cov_35.294938_34 (length 408)
prokka_out/CA110357:NODE_11_length_54396_cov_35.294938_35 (length 224)
prokka_out/CA110357:NODE_11_length_54396_cov_35.294938_36 (length 505)
prokka_out/CA110357:NODE_11_length_54396_cov_35.294938_37 (length 55)
prokka_out/CA110357:NODE_11_length_54396_cov_35.294938_38 (length 288)
prokka_out/CA110357:NODE_11_length_54396_cov_35.294938_39 (length 311)
prokka_out/CA110357:NODE_11_length_54396_cov_35.294938_40 (length 442)
prokka_out/CA110357:NODE_11_length_54396_cov_35.294938_41 (length 789)
prokka_out/CA110357:NODE_11_length_54396_cov_35.294938_42 (length 461)
prokka_out/CA110357:NODE_11_length_54396_cov_35.294938_43 (length 207)
prokka_out/CA110357:NODE_11_length_54396_cov_35.294938_44 (length 544)
prokka_out/CA110357:NODE_11_length_54396_cov_35.294938_45 (length 523)
prokka_out/CA110357:NODE_11_length_54396_cov_35.294938_46 (length 331)
prokka_out/CA110357:NODE_12_length_51844_cov_25.366707 (length 51844)
prokka_out/CA110357:NODE_12_length_51844_cov_25.366707_1 (length 354)
prokka_out/CA110357:NODE_12_length_51844_cov_25.366707_2 (length 439)
prokka_out/CA110357:NODE_12_length_51844_cov_25.366707_3 (length 147)
prokka_out/CA110357:NODE_12_length_51844_cov_25.366707_4 (length 232)
prokka_out/CA110357:NODE_12_length_51844_cov_25.366707_5 (length 189)
prokka_out/CA110357:NODE_12_length_51844_cov_25.366707_6 (length 820)
prokka_out/CA110357:NODE_12_length_51844_cov_25.366707_7 (length 202)
prokka_out/CA110357:NODE_12_length_51844_cov_25.366707_8 (length 151)
prokka_out/CA110357:NODE_12_length_51844_cov_25.366707_9 (length 431)
prokka_out/CA110357:NODE_12_length_51844_cov_25.366707_10 (length 175)
prokka_out/CA110357:NODE_12_length_51844_cov_25.366707_11 (length 236)
prokka_out/CA110357:NODE_12_length_51844_cov_25.366707_12 (length 599)
prokka_out/CA110357:NODE_12_length_51844_cov_25.366707_13 (length 440)
prokka_out/CA110357:NODE_12_length_51844_cov_25.366707_14 (length 553)
prokka_out/CA110357:NODE_12_length_51844_cov_25.366707_15 (length 292)
prokka_out/CA110357:NODE_12_length_51844_cov_25.366707_16 (length 163)
prokka_out/CA110357:NODE_12_length_51844_cov_25.366707_17 (length 231)
prokka_out/CA110357:NODE_12_length_51844_cov_25.366707_18 (length 105)
prokka_out/CA110357:NODE_12_length_51844_cov_25.366707_19 (length 474)
prokka_out/CA110357:NODE_12_length_51844_cov_25.366707_20 (length 154)
prokka_out/CA110357:NODE_12_length_51844_cov_25.366707_21 (length 222)
prokka_out/CA110357:NODE_12_length_51844_cov_25.366707_22 (length 120)
prokka_out/CA110357:NODE_12_length_51844_cov_25.366707_23 (length 479)
prokka_out/CA110357:NODE_12_length_51844_cov_25.366707_24 (length 387)
prokka_out/CA110357:NODE_12_length_51844_cov_25.366707_25 (length 455)
prokka_out/CA110357:NODE_12_length_51844_cov_25.366707_26 (length 446)
prokka_out/CA110357:NODE_12_length_51844_cov_25.366707_27 (length 74)
prokka_out/CA110357:NODE_12_length_51844_cov_25.366707_28 (length 613)
prokka_out/CA110357:NODE_12_length_51844_cov_25.366707_29 (length 499)
prokka_out/CA110357:NODE_12_length_51844_cov_25.366707_30 (length 274)
prokka_out/CA110357:NODE_12_length_51844_cov_25.366707_31 (length 223)
prokka_out/CA110357:NODE_12_length_51844_cov_25.366707_32 (length 400)
prokka_out/CA110357:NODE_12_length_51844_cov_25.366707_33 (length 332)
prokka_out/CA110357:NODE_12_length_51844_cov_25.366707_34 (length 181)
prokka_out/CA110357:NODE_12_length_51844_cov_25.366707_35 (length 108)
prokka_out/CA110357:NODE_12_length_51844_cov_25.366707_36 (length 454)
prokka_out/CA110357:NODE_12_length_51844_cov_25.366707_37 (length 178)
prokka_out/CA110357:NODE_12_length_51844_cov_25.366707_38 (length 115)
prokka_out/CA110357:NODE_12_length_51844_cov_25.366707_39 (length 140)
prokka_out/CA110357:NODE_12_length_51844_cov_25.366707_40 (length 456)
prokka_out/CA110357:NODE_12_length_51844_cov_25.366707_41 (length 373)
prokka_out/CA110357:NODE_12_length_51844_cov_25.366707_42 (length 393)
prokka_out/CA110357:NODE_12_length_51844_cov_25.366707_43 (length 675)
prokka_out/CA110357:NODE_12_length_51844_cov_25.366707_44 (length 498)
prokka_out/CA110357:NODE_12_length_51844_cov_25.366707_45 (length 243)
prokka_out/CA110357:NODE_12_length_51844_cov_25.366707_46 (length 431)
prokka_out/CA110357:NODE_12_length_51844_cov_25.366707_47 (length 197)
prokka_out/CA110357:NODE_12_length_51844_cov_25.366707_48 (length 643)
prokka_out/CA110357:NODE_12_length_51844_cov_25.366707_49 (length 551)
prokka_out/CA110357:NODE_13_length_45722_cov_28.431034 (length 45722)
prokka_out/CA110357:NODE_13_length_45722_cov_28.431034_1 (length 593)
prokka_out/CA110357:NODE_13_length_45722_cov_28.431034_2 (length 312)
prokka_out/CA110357:NODE_13_length_45722_cov_28.431034_3 (length 104)
prokka_out/CA110357:NODE_13_length_45722_cov_28.431034_4 (length 112)
prokka_out/CA110357:NODE_13_length_45722_cov_28.431034_5 (length 416)
prokka_out/CA110357:NODE_13_length_45722_cov_28.431034_6 (length 401)
prokka_out/CA110357:NODE_13_length_45722_cov_28.431034_7 (length 268)
prokka_out/CA110357:NODE_13_length_45722_cov_28.431034_8 (length 315)
prokka_out/CA110357:NODE_13_length_45722_cov_28.431034_9 (length 227)
prokka_out/CA110357:NODE_13_length_45722_cov_28.431034_10 (length 274)
prokka_out/CA110357:NODE_13_length_45722_cov_28.431034_11 (length 66)
prokka_out/CA110357:NODE_13_length_45722_cov_28.431034_12 (length 217)
prokka_out/CA110357:NODE_13_length_45722_cov_28.431034_13 (length 135)
prokka_out/CA110357:NODE_13_length_45722_cov_28.431034_14 (length 140)
prokka_out/CA110357:NODE_13_length_45722_cov_28.431034_15 (length 193)
prokka_out/CA110357:NODE_13_length_45722_cov_28.431034_16 (length 247)
prokka_out/CA110357:NODE_13_length_45722_cov_28.431034_17 (length 320)
prokka_out/CA110357:NODE_13_length_45722_cov_28.431034_18 (length 172)
prokka_out/CA110357:NODE_13_length_45722_cov_28.431034_19 (length 166)
prokka_out/CA110357:NODE_13_length_45722_cov_28.431034_20 (length 294)
prokka_out/CA110357:NODE_13_length_45722_cov_28.431034_21 (length 289)
prokka_out/CA110357:NODE_13_length_45722_cov_28.431034_22 (length 187)
prokka_out/CA110357:NODE_13_length_45722_cov_28.431034_23 (length 135)
prokka_out/CA110357:NODE_13_length_45722_cov_28.431034_24 (length 97)
prokka_out/CA110357:NODE_13_length_45722_cov_28.431034_25 (length 220)
prokka_out/CA110357:NODE_13_length_45722_cov_28.431034_26 (length 401)
prokka_out/CA110357:NODE_13_length_45722_cov_28.431034_27 (length 301)
prokka_out/CA110357:NODE_13_length_45722_cov_28.431034_28 (length 538)
prokka_out/CA110357:NODE_13_length_45722_cov_28.431034_29 (length 334)
prokka_out/CA110357:NODE_13_length_45722_cov_28.431034_30 (length 40)
prokka_out/CA110357:NODE_13_length_45722_cov_28.431034_31 (length 280)
prokka_out/CA110357:NODE_13_length_45722_cov_28.431034_32 (length 758)
prokka_out/CA110357:NODE_13_length_45722_cov_28.431034_33 (length 253)
prokka_out/CA110357:NODE_13_length_45722_cov_28.431034_34 (length 136)
prokka_out/CA110357:NODE_13_length_45722_cov_28.431034_35 (length 248)
prokka_out/CA110357:NODE_13_length_45722_cov_28.431034_36 (length 406)
prokka_out/CA110357:NODE_13_length_45722_cov_28.431034_37 (length 377)
prokka_out/CA110357:NODE_13_length_45722_cov_28.431034_38 (length 453)
prokka_out/CA110357:NODE_13_length_45722_cov_28.431034_39 (length 394)
prokka_out/CA110357:NODE_13_length_45722_cov_28.431034_40 (length 69)
prokka_out/CA110357:NODE_13_length_45722_cov_28.431034_41 (length 246)
prokka_out/CA110357:NODE_13_length_45722_cov_28.431034_42 (length 238)
prokka_out/CA110357:NODE_13_length_45722_cov_28.431034_43 (length 130)
prokka_out/CA110357:NODE_13_length_45722_cov_28.431034_44 (length 29)
prokka_out/CA110357:NODE_13_length_45722_cov_28.431034_45 (length 191)
prokka_out/CA110357:NODE_13_length_45722_cov_28.431034_46 (length 456)
prokka_out/CA110357:NODE_13_length_45722_cov_28.431034_47 (length 232)
prokka_out/CA110357:NODE_13_length_45722_cov_28.431034_48 (length 501)
prokka_out/CA110357:NODE_13_length_45722_cov_28.431034_49 (length 175)
prokka_out/CA110357:NODE_13_length_45722_cov_28.431034_50 (length 194)
prokka_out/CA110357:NODE_13_length_45722_cov_28.431034_51 (length 441)
prokka_out/CA110357:NODE_13_length_45722_cov_28.431034_52 (length 200)
prokka_out/CA110357:NODE_13_length_45722_cov_28.431034_53 (length 461)
prokka_out/CA110357:NODE_14_length_39543_cov_34.711056 (length 39543)
prokka_out/CA110357:NODE_14_length_39543_cov_34.711056_1 (length 329)
prokka_out/CA110357:NODE_14_length_39543_cov_34.711056_2 (length 201)
prokka_out/CA110357:NODE_14_length_39543_cov_34.711056_3 (length 249)
prokka_out/CA110357:NODE_14_length_39543_cov_34.711056_4 (length 243)
prokka_out/CA110357:NODE_14_length_39543_cov_34.711056_5 (length 345)
prokka_out/CA110357:NODE_14_length_39543_cov_34.711056_6 (length 105)
prokka_out/CA110357:NODE_14_length_39543_cov_34.711056_7 (length 149)
prokka_out/CA110357:NODE_14_length_39543_cov_34.711056_8 (length 406)
prokka_out/CA110357:NODE_14_length_39543_cov_34.711056_9 (length 274)
prokka_out/CA110357:NODE_14_length_39543_cov_34.711056_10 (length 656)
prokka_out/CA110357:NODE_14_length_39543_cov_34.711056_11 (length 331)
prokka_out/CA110357:NODE_14_length_39543_cov_34.711056_12 (length 228)
prokka_out/CA110357:NODE_14_length_39543_cov_34.711056_13 (length 269)
prokka_out/CA110357:NODE_14_length_39543_cov_34.711056_14 (length 256)
prokka_out/CA110357:NODE_14_length_39543_cov_34.711056_15 (length 389)
prokka_out/CA110357:NODE_14_length_39543_cov_34.711056_16 (length 246)
prokka_out/CA110357:NODE_14_length_39543_cov_34.711056_17 (length 321)
prokka_out/CA110357:NODE_14_length_39543_cov_34.711056_18 (length 254)
prokka_out/CA110357:NODE_14_length_39543_cov_34.711056_19 (length 299)
prokka_out/CA110357:NODE_14_length_39543_cov_34.711056_20 (length 161)
prokka_out/CA110357:NODE_14_length_39543_cov_34.711056_21 (length 295)
prokka_out/CA110357:NODE_14_length_39543_cov_34.711056_22 (length 288)
prokka_out/CA110357:NODE_14_length_39543_cov_34.711056_23 (length 137)
prokka_out/CA110357:NODE_14_length_39543_cov_34.711056_24 (length 119)
prokka_out/CA110357:NODE_14_length_39543_cov_34.711056_25 (length 221)
prokka_out/CA110357:NODE_14_length_39543_cov_34.711056_26 (length 131)
prokka_out/CA110357:NODE_14_length_39543_cov_34.711056_27 (length 211)
prokka_out/CA110357:NODE_14_length_39543_cov_34.711056_28 (length 264)
prokka_out/CA110357:NODE_14_length_39543_cov_34.711056_29 (length 181)
prokka_out/CA110357:NODE_14_length_39543_cov_34.711056_30 (length 258)
prokka_out/CA110357:NODE_14_length_39543_cov_34.711056_31 (length 74)
prokka_out/CA110357:NODE_14_length_39543_cov_34.711056_32 (length 639)
prokka_out/CA110357:NODE_14_length_39543_cov_34.711056_33 (length 124)
prokka_out/CA110357:NODE_14_length_39543_cov_34.711056_34 (length 73)
prokka_out/CA110357:NODE_14_length_39543_cov_34.711056_35 (length 396)
prokka_out/CA110357:NODE_14_length_39543_cov_34.711056_36 (length 150)
prokka_out/CA110357:NODE_14_length_39543_cov_34.711056_37 (length 358)
prokka_out/CA110357:NODE_14_length_39543_cov_34.711056_38 (length 769)
prokka_out/CA110357:NODE_14_length_39543_cov_34.711056_39 (length 531)
prokka_out/CA110357:NODE_15_length_37051_cov_31.152800 (length 37051)
prokka_out/CA110357:NODE_15_length_37051_cov_31.152800_1 (length 76)
prokka_out/CA110357:NODE_15_length_37051_cov_31.152800_2 (length 520)
prokka_out/CA110357:NODE_15_length_37051_cov_31.152800_3 (length 374)
prokka_out/CA110357:NODE_15_length_37051_cov_31.152800_4 (length 34)
prokka_out/CA110357:NODE_15_length_37051_cov_31.152800_5 (length 207)
prokka_out/CA110357:NODE_15_length_37051_cov_31.152800_6 (length 66)
prokka_out/CA110357:NODE_15_length_37051_cov_31.152800_7 (length 230)
prokka_out/CA110357:NODE_15_length_37051_cov_31.152800_8 (length 231)
prokka_out/CA110357:NODE_15_length_37051_cov_31.152800_9 (length 468)
prokka_out/CA110357:NODE_15_length_37051_cov_31.152800_10 (length 442)
prokka_out/CA110357:NODE_15_length_37051_cov_31.152800_11 (length 450)
prokka_out/CA110357:NODE_15_length_37051_cov_31.152800_12 (length 207)
prokka_out/CA110357:NODE_15_length_37051_cov_31.152800_13 (length 328)
prokka_out/CA110357:NODE_15_length_37051_cov_31.152800_14 (length 102)
prokka_out/CA110357:NODE_15_length_37051_cov_31.152800_15 (length 84)
prokka_out/CA110357:NODE_15_length_37051_cov_31.152800_16 (length 351)
prokka_out/CA110357:NODE_15_length_37051_cov_31.152800_17 (length 167)
prokka_out/CA110357:NODE_15_length_37051_cov_31.152800_18 (length 162)
prokka_out/CA110357:NODE_15_length_37051_cov_31.152800_19 (length 215)
prokka_out/CA110357:NODE_15_length_37051_cov_31.152800_20 (length 372)
prokka_out/CA110357:NODE_15_length_37051_cov_31.152800_21 (length 431)
prokka_out/CA110357:NODE_15_length_37051_cov_31.152800_22 (length 467)
prokka_out/CA110357:NODE_15_length_37051_cov_31.152800_23 (length 179)
prokka_out/CA110357:NODE_15_length_37051_cov_31.152800_24 (length 689)
prokka_out/CA110357:NODE_15_length_37051_cov_31.152800_25 (length 60)
prokka_out/CA110357:NODE_15_length_37051_cov_31.152800_26 (length 382)
prokka_out/CA110357:NODE_15_length_37051_cov_31.152800_27 (length 389)
prokka_out/CA110357:NODE_15_length_37051_cov_31.152800_28 (length 154)
prokka_out/CA110357:NODE_15_length_37051_cov_31.152800_29 (length 247)
prokka_out/CA110357:NODE_15_length_37051_cov_31.152800_30 (length 252)
prokka_out/CA110357:NODE_15_length_37051_cov_31.152800_31 (length 166)
prokka_out/CA110357:NODE_15_length_37051_cov_31.152800_32 (length 200)
prokka_out/CA110357:NODE_15_length_37051_cov_31.152800_33 (length 298)
prokka_out/CA110357:NODE_15_length_37051_cov_31.152800_34 (length 240)
prokka_out/CA110357:NODE_15_length_37051_cov_31.152800_35 (length 371)
prokka_out/CA110357:NODE_15_length_37051_cov_31.152800_36 (length 632)
prokka_out/CA110357:NODE_15_length_37051_cov_31.152800_37 (length 279)
prokka_out/CA110357:NODE_15_length_37051_cov_31.152800_38 (length 363)
prokka_out/CA110357:NODE_15_length_37051_cov_31.152800_39 (length 101)
prokka_out/CA110357:NODE_15_length_37051_cov_31.152800_40 (length 427)
prokka_out/CA110357:NODE_15_length_37051_cov_31.152800_41 (length 185)
prokka_out/CA110357:NODE_15_length_37051_cov_31.152800_42 (length 89)
prokka_out/CA110357:NODE_16_length_36957_cov_22.562205 (length 36957)
prokka_out/CA110357:NODE_16_length_36957_cov_22.562205_1 (length 422)
prokka_out/CA110357:NODE_16_length_36957_cov_22.562205_2 (length 261)
prokka_out/CA110357:NODE_16_length_36957_cov_22.562205_3 (length 125)
prokka_out/CA110357:NODE_16_length_36957_cov_22.562205_4 (length 372)
prokka_out/CA110357:NODE_16_length_36957_cov_22.562205_5 (length 401)
prokka_out/CA110357:NODE_16_length_36957_cov_22.562205_6 (length 862)
prokka_out/CA110357:NODE_16_length_36957_cov_22.562205_7 (length 169)
prokka_out/CA110357:NODE_16_length_36957_cov_22.562205_8 (length 232)
prokka_out/CA110357:NODE_16_length_36957_cov_22.562205_9 (length 447)
prokka_out/CA110357:NODE_16_length_36957_cov_22.562205_10 (length 454)
prokka_out/CA110357:NODE_16_length_36957_cov_22.562205_11 (length 290)
prokka_out/CA110357:NODE_16_length_36957_cov_22.562205_12 (length 295)
prokka_out/CA110357:NODE_16_length_36957_cov_22.562205_13 (length 325)
prokka_out/CA110357:NODE_16_length_36957_cov_22.562205_14 (length 145)
prokka_out/CA110357:NODE_16_length_36957_cov_22.562205_15 (length 530)
prokka_out/CA110357:NODE_16_length_36957_cov_22.562205_16 (length 510)
prokka_out/CA110357:NODE_16_length_36957_cov_22.562205_17 (length 256)
prokka_out/CA110357:NODE_16_length_36957_cov_22.562205_18 (length 728)
prokka_out/CA110357:NODE_16_length_36957_cov_22.562205_19 (length 442)
prokka_out/CA110357:NODE_16_length_36957_cov_22.562205_20 (length 283)
prokka_out/CA110357:NODE_16_length_36957_cov_22.562205_21 (length 531)
prokka_out/CA110357:NODE_16_length_36957_cov_22.562205_22 (length 124)
prokka_out/CA110357:NODE_16_length_36957_cov_22.562205_23 (length 108)
prokka_out/CA110357:NODE_16_length_36957_cov_22.562205_24 (length 44)
prokka_out/CA110357:NODE_16_length_36957_cov_22.562205_25 (length 159)
prokka_out/CA110357:NODE_16_length_36957_cov_22.562205_26 (length 202)
prokka_out/CA110357:NODE_16_length_36957_cov_22.562205_27 (length 398)
prokka_out/CA110357:NODE_16_length_36957_cov_22.562205_28 (length 124)
prokka_out/CA110357:NODE_16_length_36957_cov_22.562205_29 (length 428)
prokka_out/CA110357:NODE_16_length_36957_cov_22.562205_30 (length 166)
prokka_out/CA110357:NODE_16_length_36957_cov_22.562205_31 (length 75)
prokka_out/CA110357:NODE_16_length_36957_cov_22.562205_32 (length 227)
prokka_out/CA110357:NODE_16_length_36957_cov_22.562205_33 (length 245)
prokka_out/CA110357:NODE_16_length_36957_cov_22.562205_34 (length 468)
prokka_out/CA110357:NODE_16_length_36957_cov_22.562205_35 (length 93)
prokka_out/CA110357:NODE_16_length_36957_cov_22.562205_36 (length 104)
prokka_out/CA110357:NODE_16_length_36957_cov_22.562205_37 (length 72)
prokka_out/CA110357:NODE_16_length_36957_cov_22.562205_38 (length 49)
prokka_out/CA110357:NODE_17_length_32617_cov_27.744014 (length 32617)
prokka_out/CA110357:NODE_17_length_32617_cov_27.744014_1 (length 236)
prokka_out/CA110357:NODE_17_length_32617_cov_27.744014_2 (length 124)
prokka_out/CA110357:NODE_17_length_32617_cov_27.744014_3 (length 334)
prokka_out/CA110357:NODE_17_length_32617_cov_27.744014_4 (length 80)
prokka_out/CA110357:NODE_17_length_32617_cov_27.744014_5 (length 118)
prokka_out/CA110357:NODE_17_length_32617_cov_27.744014_6 (length 515)
prokka_out/CA110357:NODE_17_length_32617_cov_27.744014_7 (length 252)
prokka_out/CA110357:NODE_17_length_32617_cov_27.744014_8 (length 378)
prokka_out/CA110357:NODE_17_length_32617_cov_27.744014_9 (length 87)
prokka_out/CA110357:NODE_17_length_32617_cov_27.744014_10 (length 157)
prokka_out/CA110357:NODE_17_length_32617_cov_27.744014_11 (length 50)
prokka_out/CA110357:NODE_17_length_32617_cov_27.744014_12 (length 436)
prokka_out/CA110357:NODE_17_length_32617_cov_27.744014_13 (length 158)
prokka_out/CA110357:NODE_17_length_32617_cov_27.744014_14 (length 287)
prokka_out/CA110357:NODE_17_length_32617_cov_27.744014_15 (length 117)
prokka_out/CA110357:NODE_17_length_32617_cov_27.744014_16 (length 63)
prokka_out/CA110357:NODE_17_length_32617_cov_27.744014_17 (length 388)
prokka_out/CA110357:NODE_17_length_32617_cov_27.744014_18 (length 393)
prokka_out/CA110357:NODE_17_length_32617_cov_27.744014_19 (length 323)
prokka_out/CA110357:NODE_17_length_32617_cov_27.744014_20 (length 627)
prokka_out/CA110357:NODE_17_length_32617_cov_27.744014_21 (length 211)
prokka_out/CA110357:NODE_17_length_32617_cov_27.744014_22 (length 231)
prokka_out/CA110357:NODE_17_length_32617_cov_27.744014_23 (length 118)
prokka_out/CA110357:NODE_17_length_32617_cov_27.744014_24 (length 185)
prokka_out/CA110357:NODE_17_length_32617_cov_27.744014_25 (length 202)
prokka_out/CA110357:NODE_17_length_32617_cov_27.744014_26 (length 136)
prokka_out/CA110357:NODE_17_length_32617_cov_27.744014_27 (length 340)
prokka_out/CA110357:NODE_17_length_32617_cov_27.744014_28 (length 462)
prokka_out/CA110357:NODE_17_length_32617_cov_27.744014_29 (length 179)
prokka_out/CA110357:NODE_17_length_32617_cov_27.744014_30 (length 209)
prokka_out/CA110357:NODE_17_length_32617_cov_27.744014_31 (length 394)
prokka_out/CA110357:NODE_17_length_32617_cov_27.744014_32 (length 279)
prokka_out/CA110357:NODE_17_length_32617_cov_27.744014_33 (length 148)
prokka_out/CA110357:NODE_17_length_32617_cov_27.744014_34 (length 342)
prokka_out/CA110357:NODE_17_length_32617_cov_27.744014_35 (length 367)
prokka_out/CA110357:NODE_17_length_32617_cov_27.744014_36 (length 172)
prokka_out/CA110357:NODE_17_length_32617_cov_27.744014_37 (length 602)
prokka_out/CA110357:NODE_17_length_32617_cov_27.744014_38 (length 267)
prokka_out/CA110357:NODE_18_length_28760_cov_27.563196 (length 28760)
prokka_out/CA110357:NODE_18_length_28760_cov_27.563196_1 (length 144)
prokka_out/CA110357:NODE_18_length_28760_cov_27.563196_2 (length 72)
prokka_out/CA110357:NODE_18_length_28760_cov_27.563196_3 (length 435)
prokka_out/CA110357:NODE_18_length_28760_cov_27.563196_4 (length 543)
prokka_out/CA110357:NODE_18_length_28760_cov_27.563196_5 (length 140)
prokka_out/CA110357:NODE_18_length_28760_cov_27.563196_6 (length 925)
prokka_out/CA110357:NODE_18_length_28760_cov_27.563196_7 (length 512)
prokka_out/CA110357:NODE_18_length_28760_cov_27.563196_8 (length 314)
prokka_out/CA110357:NODE_18_length_28760_cov_27.563196_9 (length 251)
prokka_out/CA110357:NODE_18_length_28760_cov_27.563196_10 (length 236)
prokka_out/CA110357:NODE_18_length_28760_cov_27.563196_11 (length 221)
prokka_out/CA110357:NODE_18_length_28760_cov_27.563196_12 (length 129)
prokka_out/CA110357:NODE_18_length_28760_cov_27.563196_13 (length 167)
prokka_out/CA110357:NODE_18_length_28760_cov_27.563196_14 (length 263)
prokka_out/CA110357:NODE_18_length_28760_cov_27.563196_15 (length 408)
prokka_out/CA110357:NODE_18_length_28760_cov_27.563196_16 (length 75)
prokka_out/CA110357:NODE_18_length_28760_cov_27.563196_17 (length 230)
prokka_out/CA110357:NODE_18_length_28760_cov_27.563196_18 (length 820)
prokka_out/CA110357:NODE_18_length_28760_cov_27.563196_19 (length 332)
prokka_out/CA110357:NODE_18_length_28760_cov_27.563196_20 (length 221)
prokka_out/CA110357:NODE_18_length_28760_cov_27.563196_21 (length 171)
prokka_out/CA110357:NODE_18_length_28760_cov_27.563196_22 (length 97)
prokka_out/CA110357:NODE_18_length_28760_cov_27.563196_23 (length 596)
prokka_out/CA110357:NODE_18_length_28760_cov_27.563196_24 (length 496)
prokka_out/CA110357:NODE_18_length_28760_cov_27.563196_25 (length 457)
prokka_out/CA110357:NODE_18_length_28760_cov_27.563196_26 (length 788)
prokka_out/CA110357:NODE_19_length_28675_cov_23.424793 (length 28675)
prokka_out/CA110357:NODE_19_length_28675_cov_23.424793_1 (length 97)
prokka_out/CA110357:NODE_19_length_28675_cov_23.424793_2 (length 138)
prokka_out/CA110357:NODE_19_length_28675_cov_23.424793_3 (length 150)
prokka_out/CA110357:NODE_19_length_28675_cov_23.424793_4 (length 184)
prokka_out/CA110357:NODE_19_length_28675_cov_23.424793_5 (length 299)
prokka_out/CA110357:NODE_19_length_28675_cov_23.424793_6 (length 96)
prokka_out/CA110357:NODE_19_length_28675_cov_23.424793_7 (length 613)
prokka_out/CA110357:NODE_19_length_28675_cov_23.424793_8 (length 137)
prokka_out/CA110357:NODE_19_length_28675_cov_23.424793_9 (length 703)
prokka_out/CA110357:NODE_19_length_28675_cov_23.424793_10 (length 309)
prokka_out/CA110357:NODE_19_length_28675_cov_23.424793_11 (length 219)
prokka_out/CA110357:NODE_19_length_28675_cov_23.424793_12 (length 250)
prokka_out/CA110357:NODE_19_length_28675_cov_23.424793_13 (length 259)
prokka_out/CA110357:NODE_19_length_28675_cov_23.424793_14 (length 242)
prokka_out/CA110357:NODE_19_length_28675_cov_23.424793_15 (length 262)
prokka_out/CA110357:NODE_19_length_28675_cov_23.424793_16 (length 184)
prokka_out/CA110357:NODE_19_length_28675_cov_23.424793_17 (length 145)
prokka_out/CA110357:NODE_19_length_28675_cov_23.424793_18 (length 110)
prokka_out/CA110357:NODE_19_length_28675_cov_23.424793_19 (length 182)
prokka_out/CA110357:NODE_19_length_28675_cov_23.424793_20 (length 231)
prokka_out/CA110357:NODE_19_length_28675_cov_23.424793_21 (length 483)
prokka_out/CA110357:NODE_19_length_28675_cov_23.424793_22 (length 367)
prokka_out/CA110357:NODE_19_length_28675_cov_23.424793_23 (length 461)
prokka_out/CA110357:NODE_19_length_28675_cov_23.424793_24 (length 524)
prokka_out/CA110357:NODE_19_length_28675_cov_23.424793_25 (length 597)
prokka_out/CA110357:NODE_19_length_28675_cov_23.424793_26 (length 449)
prokka_out/CA110357:NODE_19_length_28675_cov_23.424793_27 (length 444)
prokka_out/CA110357:NODE_19_length_28675_cov_23.424793_28 (length 112)
prokka_out/CA110357:NODE_19_length_28675_cov_23.424793_29 (length 60)
prokka_out/CA110357:NODE_19_length_28675_cov_23.424793_30 (length 299)
prokka_out/CA110357:NODE_20_length_25761_cov_32.456815 (length 25761)
prokka_out/CA110357:NODE_20_length_25761_cov_32.456815_1 (length 304)
prokka_out/CA110357:NODE_20_length_25761_cov_32.456815_2 (length 111)
prokka_out/CA110357:NODE_20_length_25761_cov_32.456815_3 (length 107)
prokka_out/CA110357:NODE_20_length_25761_cov_32.456815_4 (length 127)
prokka_out/CA110357:NODE_20_length_25761_cov_32.456815_5 (length 718)
prokka_out/CA110357:NODE_20_length_25761_cov_32.456815_6 (length 66)
prokka_out/CA110357:NODE_20_length_25761_cov_32.456815_7 (length 74)
prokka_out/CA110357:NODE_20_length_25761_cov_32.456815_8 (length 228)
prokka_out/CA110357:NODE_20_length_25761_cov_32.456815_9 (length 131)
prokka_out/CA110357:NODE_20_length_25761_cov_32.456815_10 (length 155)
prokka_out/CA110357:NODE_20_length_25761_cov_32.456815_11 (length 217)
prokka_out/CA110357:NODE_20_length_25761_cov_32.456815_12 (length 84)
prokka_out/CA110357:NODE_20_length_25761_cov_32.456815_13 (length 239)
prokka_out/CA110357:NODE_20_length_25761_cov_32.456815_14 (length 607)
prokka_out/CA110357:NODE_20_length_25761_cov_32.456815_15 (length 737)
prokka_out/CA110357:NODE_20_length_25761_cov_32.456815_16 (length 46)
prokka_out/CA110357:NODE_20_length_25761_cov_32.456815_17 (length 120)
prokka_out/CA110357:NODE_20_length_25761_cov_32.456815_18 (length 33)
prokka_out/CA110357:NODE_20_length_25761_cov_32.456815_19 (length 181)
prokka_out/CA110357:NODE_20_length_25761_cov_32.456815_20 (length 413)
prokka_out/CA110357:NODE_20_length_25761_cov_32.456815_21 (length 147)
prokka_out/CA110357:NODE_20_length_25761_cov_32.456815_22 (length 307)
prokka_out/CA110357:NODE_20_length_25761_cov_32.456815_23 (length 231)
prokka_out/CA110357:NODE_20_length_25761_cov_32.456815_24 (length 395)
prokka_out/CA110357:NODE_20_length_25761_cov_32.456815_25 (length 87)
prokka_out/CA110357:NODE_20_length_25761_cov_32.456815_26 (length 265)
prokka_out/CA110357:NODE_20_length_25761_cov_32.456815_27 (length 192)
prokka_out/CA110357:NODE_20_length_25761_cov_32.456815_28 (length 223)
prokka_out/CA110357:NODE_20_length_25761_cov_32.456815_29 (length 821)
prokka_out/CA110357:NODE_20_length_25761_cov_32.456815_30 (length 95)
prokka_out/CA110357:NODE_20_length_25761_cov_32.456815_31 (length 98)
prokka_out/CA110357:NODE_20_length_25761_cov_32.456815_32 (length 312)
prokka_out/CA110357:NODE_21_length_22028_cov_29.117346 (length 22028)
prokka_out/CA110357:NODE_21_length_22028_cov_29.117346_1 (length 416)
prokka_out/CA110357:NODE_21_length_22028_cov_29.117346_2 (length 171)
prokka_out/CA110357:NODE_21_length_22028_cov_29.117346_3 (length 335)
prokka_out/CA110357:NODE_21_length_22028_cov_29.117346_4 (length 464)
prokka_out/CA110357:NODE_21_length_22028_cov_29.117346_5 (length 358)
prokka_out/CA110357:NODE_21_length_22028_cov_29.117346_6 (length 241)
prokka_out/CA110357:NODE_21_length_22028_cov_29.117346_7 (length 112)
prokka_out/CA110357:NODE_21_length_22028_cov_29.117346_8 (length 435)
prokka_out/CA110357:NODE_21_length_22028_cov_29.117346_9 (length 191)
prokka_out/CA110357:NODE_21_length_22028_cov_29.117346_10 (length 331)
prokka_out/CA110357:NODE_21_length_22028_cov_29.117346_11 (length 322)
prokka_out/CA110357:NODE_21_length_22028_cov_29.117346_12 (length 312)
prokka_out/CA110357:NODE_21_length_22028_cov_29.117346_13 (length 251)
prokka_out/CA110357:NODE_21_length_22028_cov_29.117346_14 (length 329)
prokka_out/CA110357:NODE_21_length_22028_cov_29.117346_15 (length 210)
prokka_out/CA110357:NODE_21_length_22028_cov_29.117346_16 (length 610)
prokka_out/CA110357:NODE_21_length_22028_cov_29.117346_17 (length 163)
prokka_out/CA110357:NODE_21_length_22028_cov_29.117346_18 (length 694)
prokka_out/CA110357:NODE_21_length_22028_cov_29.117346_19 (length 753)
prokka_out/CA110357:NODE_22_length_21066_cov_29.525049 (length 21066)
prokka_out/CA110357:NODE_22_length_21066_cov_29.525049_1 (length 195)
prokka_out/CA110357:NODE_22_length_21066_cov_29.525049_2 (length 258)
prokka_out/CA110357:NODE_22_length_21066_cov_29.525049_3 (length 201)
prokka_out/CA110357:NODE_22_length_21066_cov_29.525049_4 (length 338)
prokka_out/CA110357:NODE_22_length_21066_cov_29.525049_5 (length 602)
prokka_out/CA110357:NODE_22_length_21066_cov_29.525049_6 (length 268)
prokka_out/CA110357:NODE_22_length_21066_cov_29.525049_7 (length 362)
prokka_out/CA110357:NODE_22_length_21066_cov_29.525049_8 (length 150)
prokka_out/CA110357:NODE_22_length_21066_cov_29.525049_9 (length 545)
prokka_out/CA110357:NODE_22_length_21066_cov_29.525049_10 (length 287)
prokka_out/CA110357:NODE_22_length_21066_cov_29.525049_11 (length 628)
prokka_out/CA110357:NODE_22_length_21066_cov_29.525049_12 (length 107)
prokka_out/CA110357:NODE_22_length_21066_cov_29.525049_13 (length 602)
prokka_out/CA110357:NODE_22_length_21066_cov_29.525049_14 (length 216)
prokka_out/CA110357:NODE_22_length_21066_cov_29.525049_15 (length 449)
prokka_out/CA110357:NODE_22_length_21066_cov_29.525049_16 (length 402)
prokka_out/CA110357:NODE_22_length_21066_cov_29.525049_17 (length 233)
prokka_out/CA110357:NODE_22_length_21066_cov_29.525049_18 (length 580)
prokka_out/CA110357:NODE_23_length_19863_cov_32.630067 (length 19863)
prokka_out/CA110357:NODE_23_length_19863_cov_32.630067_1 (length 555)
prokka_out/CA110357:NODE_23_length_19863_cov_32.630067_2 (length 245)
prokka_out/CA110357:NODE_23_length_19863_cov_32.630067_3 (length 479)
prokka_out/CA110357:NODE_23_length_19863_cov_32.630067_4 (length 218)
prokka_out/CA110357:NODE_23_length_19863_cov_32.630067_5 (length 229)
prokka_out/CA110357:NODE_23_length_19863_cov_32.630067_6 (length 203)
prokka_out/CA110357:NODE_23_length_19863_cov_32.630067_7 (length 343)
prokka_out/CA110357:NODE_23_length_19863_cov_32.630067_8 (length 298)
prokka_out/CA110357:NODE_23_length_19863_cov_32.630067_9 (length 409)
prokka_out/CA110357:NODE_23_length_19863_cov_32.630067_10 (length 162)
prokka_out/CA110357:NODE_23_length_19863_cov_32.630067_11 (length 160)
prokka_out/CA110357:NODE_23_length_19863_cov_32.630067_12 (length 476)
prokka_out/CA110357:NODE_23_length_19863_cov_32.630067_13 (length 288)
prokka_out/CA110357:NODE_23_length_19863_cov_32.630067_14 (length 118)
prokka_out/CA110357:NODE_23_length_19863_cov_32.630067_15 (length 230)
prokka_out/CA110357:NODE_23_length_19863_cov_32.630067_16 (length 358)
prokka_out/CA110357:NODE_23_length_19863_cov_32.630067_17 (length 278)
prokka_out/CA110357:NODE_23_length_19863_cov_32.630067_18 (length 199)
prokka_out/CA110357:NODE_23_length_19863_cov_32.630067_19 (length 284)
prokka_out/CA110357:NODE_23_length_19863_cov_32.630067_20 (length 174)
prokka_out/CA110357:NODE_23_length_19863_cov_32.630067_21 (length 318)
prokka_out/CA110357:NODE_24_length_18878_cov_18.207989 (length 18878)
prokka_out/CA110357:NODE_24_length_18878_cov_18.207989_1 (length 350)
prokka_out/CA110357:NODE_24_length_18878_cov_18.207989_2 (length 517)
prokka_out/CA110357:NODE_24_length_18878_cov_18.207989_3 (length 295)
prokka_out/CA110357:NODE_24_length_18878_cov_18.207989_4 (length 342)
prokka_out/CA110357:NODE_24_length_18878_cov_18.207989_5 (length 263)
prokka_out/CA110357:NODE_24_length_18878_cov_18.207989_6 (length 328)
prokka_out/CA110357:NODE_24_length_18878_cov_18.207989_7 (length 566)
prokka_out/CA110357:NODE_24_length_18878_cov_18.207989_8 (length 358)
prokka_out/CA110357:NODE_24_length_18878_cov_18.207989_9 (length 309)
prokka_out/CA110357:NODE_24_length_18878_cov_18.207989_10 (length 365)
prokka_out/CA110357:NODE_24_length_18878_cov_18.207989_11 (length 714)
prokka_out/CA110357:NODE_24_length_18878_cov_18.207989_12 (length 376)
prokka_out/CA110357:NODE_24_length_18878_cov_18.207989_13 (length 200)
prokka_out/CA110357:NODE_24_length_18878_cov_18.207989_14 (length 195)
prokka_out/CA110357:NODE_24_length_18878_cov_18.207989_15 (length 386)
prokka_out/CA110357:NODE_24_length_18878_cov_18.207989_16 (length 590)
prokka_out/CA110357:NODE_25_length_17959_cov_26.037349 (length 17959)
prokka_out/CA110357:NODE_25_length_17959_cov_26.037349_1 (length 115)
prokka_out/CA110357:NODE_25_length_17959_cov_26.037349_2 (length 838)
prokka_out/CA110357:NODE_25_length_17959_cov_26.037349_3 (length 190)
prokka_out/CA110357:NODE_25_length_17959_cov_26.037349_4 (length 270)
prokka_out/CA110357:NODE_25_length_17959_cov_26.037349_5 (length 445)
prokka_out/CA110357:NODE_25_length_17959_cov_26.037349_6 (length 242)
prokka_out/CA110357:NODE_25_length_17959_cov_26.037349_7 (length 393)
prokka_out/CA110357:NODE_25_length_17959_cov_26.037349_8 (length 382)
prokka_out/CA110357:NODE_25_length_17959_cov_26.037349_9 (length 117)
prokka_out/CA110357:NODE_25_length_17959_cov_26.037349_10 (length 1750)
prokka_out/CA110357:NODE_26_length_17256_cov_12.940744 (length 17256)
prokka_out/CA110357:NODE_26_length_17256_cov_12.940744_1 (length 1088)
prokka_out/CA110357:NODE_26_length_17256_cov_12.940744_2 (length 238)
prokka_out/CA110357:NODE_26_length_17256_cov_12.940744_3 (length 164)
prokka_out/CA110357:NODE_26_length_17256_cov_12.940744_4 (length 310)
prokka_out/CA110357:NODE_26_length_17256_cov_12.940744_5 (length 236)
prokka_out/CA110357:NODE_26_length_17256_cov_12.940744_6 (length 335)
prokka_out/CA110357:NODE_26_length_17256_cov_12.940744_7 (length 190)
prokka_out/CA110357:NODE_26_length_17256_cov_12.940744_8 (length 236)
prokka_out/CA110357:NODE_26_length_17256_cov_12.940744_9 (length 966)
prokka_out/CA110357:NODE_26_length_17256_cov_12.940744_10 (length 670)
prokka_out/CA110357:NODE_26_length_17256_cov_12.940744_11 (length 458)
prokka_out/CA110357:NODE_26_length_17256_cov_12.940744_12 (length 228)
prokka_out/CA110357:NODE_27_length_16838_cov_23.405182 (length 16838)
prokka_out/CA110357:NODE_27_length_16838_cov_23.405182_1 (length 325)
prokka_out/CA110357:NODE_27_length_16838_cov_23.405182_2 (length 329)
prokka_out/CA110357:NODE_27_length_16838_cov_23.405182_3 (length 155)
prokka_out/CA110357:NODE_27_length_16838_cov_23.405182_4 (length 494)
prokka_out/CA110357:NODE_27_length_16838_cov_23.405182_5 (length 242)
prokka_out/CA110357:NODE_27_length_16838_cov_23.405182_6 (length 247)
prokka_out/CA110357:NODE_27_length_16838_cov_23.405182_7 (length 45)
prokka_out/CA110357:NODE_27_length_16838_cov_23.405182_8 (length 189)
prokka_out/CA110357:NODE_27_length_16838_cov_23.405182_9 (length 121)
prokka_out/CA110357:NODE_27_length_16838_cov_23.405182_10 (length 330)
prokka_out/CA110357:NODE_27_length_16838_cov_23.405182_11 (length 773)
prokka_out/CA110357:NODE_27_length_16838_cov_23.405182_12 (length 426)
prokka_out/CA110357:NODE_27_length_16838_cov_23.405182_13 (length 276)
prokka_out/CA110357:NODE_27_length_16838_cov_23.405182_14 (length 556)
prokka_out/CA110357:NODE_27_length_16838_cov_23.405182_15 (length 163)
prokka_out/CA110357:NODE_27_length_16838_cov_23.405182_16 (length 527)
prokka_out/CA110357:NODE_27_length_16838_cov_23.405182_17 (length 184)
prokka_out/CA110357:NODE_28_length_16620_cov_24.527982 (length 16620)
prokka_out/CA110357:NODE_28_length_16620_cov_24.527982_1 (length 317)
prokka_out/CA110357:NODE_28_length_16620_cov_24.527982_2 (length 543)
prokka_out/CA110357:NODE_28_length_16620_cov_24.527982_3 (length 371)
prokka_out/CA110357:NODE_28_length_16620_cov_24.527982_4 (length 220)
prokka_out/CA110357:NODE_28_length_16620_cov_24.527982_5 (length 260)
prokka_out/CA110357:NODE_28_length_16620_cov_24.527982_6 (length 138)
prokka_out/CA110357:NODE_28_length_16620_cov_24.527982_7 (length 187)
prokka_out/CA110357:NODE_28_length_16620_cov_24.527982_8 (length 229)
prokka_out/CA110357:NODE_28_length_16620_cov_24.527982_9 (length 236)
prokka_out/CA110357:NODE_28_length_16620_cov_24.527982_10 (length 321)
prokka_out/CA110357:NODE_28_length_16620_cov_24.527982_11 (length 439)
prokka_out/CA110357:NODE_28_length_16620_cov_24.527982_12 (length 365)
prokka_out/CA110357:NODE_28_length_16620_cov_24.527982_13 (length 90)
prokka_out/CA110357:NODE_28_length_16620_cov_24.527982_14 (length 34)
prokka_out/CA110357:NODE_28_length_16620_cov_24.527982_15 (length 372)
prokka_out/CA110357:NODE_28_length_16620_cov_24.527982_16 (length 273)
prokka_out/CA110357:NODE_28_length_16620_cov_24.527982_17 (length 357)
prokka_out/CA110357:NODE_28_length_16620_cov_24.527982_18 (length 127)
prokka_out/CA110357:NODE_29_length_15193_cov_24.382849 (length 15193)
prokka_out/CA110357:NODE_29_length_15193_cov_24.382849_1 (length 231)
prokka_out/CA110357:NODE_29_length_15193_cov_24.382849_2 (length 212)
prokka_out/CA110357:NODE_29_length_15193_cov_24.382849_3 (length 46)
prokka_out/CA110357:NODE_29_length_15193_cov_24.382849_4 (length 210)
prokka_out/CA110357:NODE_29_length_15193_cov_24.382849_5 (length 80)
prokka_out/CA110357:NODE_29_length_15193_cov_24.382849_6 (length 350)
prokka_out/CA110357:NODE_29_length_15193_cov_24.382849_7 (length 725)
prokka_out/CA110357:NODE_29_length_15193_cov_24.382849_8 (length 136)
prokka_out/CA110357:NODE_29_length_15193_cov_24.382849_9 (length 90)
prokka_out/CA110357:NODE_29_length_15193_cov_24.382849_10 (length 989)
prokka_out/CA110357:NODE_29_length_15193_cov_24.382849_11 (length 750)
prokka_out/CA110357:NODE_29_length_15193_cov_24.382849_12 (length 231)
prokka_out/CA110357:NODE_29_length_15193_cov_24.382849_13 (length 292)
prokka_out/CA110357:NODE_30_length_14463_cov_24.501674 (length 14463)
prokka_out/CA110357:NODE_30_length_14463_cov_24.501674_1 (length 127)
prokka_out/CA110357:NODE_30_length_14463_cov_24.501674_2 (length 142)
prokka_out/CA110357:NODE_30_length_14463_cov_24.501674_3 (length 190)
prokka_out/CA110357:NODE_30_length_14463_cov_24.501674_4 (length 130)
prokka_out/CA110357:NODE_30_length_14463_cov_24.501674_5 (length 140)
prokka_out/CA110357:NODE_30_length_14463_cov_24.501674_6 (length 105)
prokka_out/CA110357:NODE_30_length_14463_cov_24.501674_7 (length 315)
prokka_out/CA110357:NODE_30_length_14463_cov_24.501674_8 (length 323)
prokka_out/CA110357:NODE_30_length_14463_cov_24.501674_9 (length 169)
prokka_out/CA110357:NODE_30_length_14463_cov_24.501674_10 (length 371)
prokka_out/CA110357:NODE_30_length_14463_cov_24.501674_11 (length 200)
prokka_out/CA110357:NODE_30_length_14463_cov_24.501674_12 (length 495)
prokka_out/CA110357:NODE_30_length_14463_cov_24.501674_13 (length 356)
prokka_out/CA110357:NODE_30_length_14463_cov_24.501674_14 (length 410)
prokka_out/CA110357:NODE_30_length_14463_cov_24.501674_15 (length 254)
prokka_out/CA110357:NODE_30_length_14463_cov_24.501674_16 (length 165)
prokka_out/CA110357:NODE_31_length_12582_cov_19.602168 (length 12582)
prokka_out/CA110357:NODE_31_length_12582_cov_19.602168_1 (length 143)
prokka_out/CA110357:NODE_31_length_12582_cov_19.602168_2 (length 172)
prokka_out/CA110357:NODE_31_length_12582_cov_19.602168_3 (length 48)
prokka_out/CA110357:NODE_31_length_12582_cov_19.602168_4 (length 75)
prokka_out/CA110357:NODE_31_length_12582_cov_19.602168_5 (length 238)
prokka_out/CA110357:NODE_31_length_12582_cov_19.602168_6 (length 101)
prokka_out/CA110357:NODE_31_length_12582_cov_19.602168_7 (length 304)
prokka_out/CA110357:NODE_31_length_12582_cov_19.602168_8 (length 47)
prokka_out/CA110357:NODE_31_length_12582_cov_19.602168_9 (length 403)
prokka_out/CA110357:NODE_31_length_12582_cov_19.602168_10 (length 232)
prokka_out/CA110357:NODE_31_length_12582_cov_19.602168_11 (length 274)
prokka_out/CA110357:NODE_31_length_12582_cov_19.602168_12 (length 241)
prokka_out/CA110357:NODE_31_length_12582_cov_19.602168_13 (length 224)
prokka_out/CA110357:NODE_31_length_12582_cov_19.602168_14 (length 157)
prokka_out/CA110357:NODE_31_length_12582_cov_19.602168_15 (length 248)
prokka_out/CA110357:NODE_31_length_12582_cov_19.602168_16 (length 201)
prokka_out/CA110357:NODE_31_length_12582_cov_19.602168_17 (length 378)
prokka_out/CA110357:NODE_31_length_12582_cov_19.602168_18 (length 343)
prokka_out/CA110357:NODE_31_length_12582_cov_19.602168_19 (length 60)
prokka_out/CA110357:NODE_32_length_9907_cov_23.130573 (length 9907)
prokka_out/CA110357:NODE_32_length_9907_cov_23.130573_1 (length 179)
prokka_out/CA110357:NODE_32_length_9907_cov_23.130573_2 (length 643)
prokka_out/CA110357:NODE_32_length_9907_cov_23.130573_3 (length 388)
prokka_out/CA110357:NODE_32_length_9907_cov_23.130573_4 (length 418)
prokka_out/CA110357:NODE_32_length_9907_cov_23.130573_5 (length 286)
prokka_out/CA110357:NODE_32_length_9907_cov_23.130573_6 (length 192)
prokka_out/CA110357:NODE_32_length_9907_cov_23.130573_7 (length 592)
prokka_out/CA110357:NODE_32_length_9907_cov_23.130573_8 (length 354)
prokka_out/CA110357:NODE_33_length_8871_cov_30.729186 (length 8871)
prokka_out/CA110357:NODE_33_length_8871_cov_30.729186_1 (length 312)
prokka_out/CA110357:NODE_33_length_8871_cov_30.729186_2 (length 404)
prokka_out/CA110357:NODE_33_length_8871_cov_30.729186_3 (length 77)
prokka_out/CA110357:NODE_33_length_8871_cov_30.729186_4 (length 221)
prokka_out/CA110357:NODE_33_length_8871_cov_30.729186_5 (length 135)
prokka_out/CA110357:NODE_33_length_8871_cov_30.729186_6 (length 247)
prokka_out/CA110357:NODE_33_length_8871_cov_30.729186_7 (length 492)
prokka_out/CA110357:NODE_33_length_8871_cov_30.729186_8 (length 353)
prokka_out/CA110357:NODE_33_length_8871_cov_30.729186_9 (length 402)
prokka_out/CA110357:NODE_34_length_8690_cov_28.111643 (length 8690)
prokka_out/CA110357:NODE_34_length_8690_cov_28.111643_1 (length 136)
prokka_out/CA110357:NODE_34_length_8690_cov_28.111643_2 (length 336)
prokka_out/CA110357:NODE_34_length_8690_cov_28.111643_3 (length 347)
prokka_out/CA110357:NODE_34_length_8690_cov_28.111643_4 (length 463)
prokka_out/CA110357:NODE_34_length_8690_cov_28.111643_5 (length 598)
prokka_out/CA110357:NODE_34_length_8690_cov_28.111643_6 (length 745)
prokka_out/CA110357:NODE_35_length_7593_cov_24.361238 (length 7593)
prokka_out/CA110357:NODE_35_length_7593_cov_24.361238_1 (length 373)
prokka_out/CA110357:NODE_35_length_7593_cov_24.361238_2 (length 89)
prokka_out/CA110357:NODE_35_length_7593_cov_24.361238_3 (length 119)
prokka_out/CA110357:NODE_35_length_7593_cov_24.361238_4 (length 334)
prokka_out/CA110357:NODE_35_length_7593_cov_24.361238_5 (length 384)
prokka_out/CA110357:NODE_35_length_7593_cov_24.361238_6 (length 341)
prokka_out/CA110357:NODE_35_length_7593_cov_24.361238_7 (length 301)
prokka_out/CA110357:NODE_35_length_7593_cov_24.361238_8 (length 235)
prokka_out/CA110357:NODE_35_length_7593_cov_24.361238_9 (length 256)
prokka_out/CA110357:NODE_36_length_6945_cov_22.217219 (length 6945)
prokka_out/CA110357:NODE_36_length_6945_cov_22.217219_1 (length 1270)
prokka_out/CA110357:NODE_36_length_6945_cov_22.217219_2 (length 365)
prokka_out/CA110357:NODE_36_length_6945_cov_22.217219_3 (length 340)
prokka_out/CA110357:NODE_37_length_4770_cov_24.021107 (length 4770)
prokka_out/CA110357:NODE_37_length_4770_cov_24.021107_1 (length 76)
prokka_out/CA110357:NODE_37_length_4770_cov_24.021107_2 (length 297)
prokka_out/CA110357:NODE_37_length_4770_cov_24.021107_3 (length 138)
prokka_out/CA110357:NODE_37_length_4770_cov_24.021107_4 (length 520)
prokka_out/CA110357:NODE_37_length_4770_cov_24.021107_5 (length 353)
prokka_out/CA110357:NODE_37_length_4770_cov_24.021107_6 (length 73)
prokka_out/CA110357:NODE_38_length_4050_cov_20.158297 (length 4050)
prokka_out/CA110357:NODE_38_length_4050_cov_20.158297_1 (length 116)
prokka_out/CA110357:NODE_38_length_4050_cov_20.158297_2 (length 330)
prokka_out/CA110357:NODE_38_length_4050_cov_20.158297_3 (length 384)
prokka_out/CA110357:NODE_38_length_4050_cov_20.158297_4 (length 82)
prokka_out/CA110357:NODE_38_length_4050_cov_20.158297_5 (length 75)
prokka_out/CA110357:NODE_38_length_4050_cov_20.158297_6 (length 105)
prokka_out/CA110357:NODE_38_length_4050_cov_20.158297_7 (length 128)
prokka_out/CA110357:NODE_39_length_4001_cov_129.067372 (length 4001)
prokka_out/CA110357:NODE_40_length_3871_cov_24.747596 (length 3871)
prokka_out/CA110357:NODE_40_length_3871_cov_24.747596_1 (length 407)
prokka_out/CA110357:NODE_40_length_3871_cov_24.747596_2 (length 255)
prokka_out/CA110357:NODE_40_length_3871_cov_24.747596_3 (length 545)
prokka_out/CA110357:NODE_41_length_2957_cov_95.798587 (length 2957)
prokka_out/CA110357:NODE_42_length_2926_cov_40.415506 (length 2926)
prokka_out/CA110357:NODE_42_length_2926_cov_40.415506_1 (length 485)
prokka_out/CA110357:NODE_43_length_2208_cov_26.885632 (length 2208)
prokka_out/CA110357:NODE_43_length_2208_cov_26.885632_1 (length 173)
prokka_out/CA110357:NODE_43_length_2208_cov_26.885632_2 (length 133)
prokka_out/CA110357:NODE_43_length_2208_cov_26.885632_3 (length 344)
prokka_out/CA110357:NODE_44_length_2151_cov_24.195158 (length 2151)
prokka_out/CA110357:NODE_44_length_2151_cov_24.195158_1 (length 507)
prokka_out/CA110357:NODE_44_length_2151_cov_24.195158_2 (length 93)
prokka_out/CA110357:NODE_45_length_2131_cov_20.388224 (length 2131)
prokka_out/CA110357:NODE_45_length_2131_cov_20.388224_1 (length 626)
prokka_out/CA110357:NODE_45_length_2131_cov_20.388224_2 (length 40)
prokka_out/CA110357:NODE_46_length_2068_cov_24.138073 (length 2068)
prokka_out/CA110357:NODE_46_length_2068_cov_24.138073_1 (length 111)
prokka_out/CA110357:NODE_46_length_2068_cov_24.138073_2 (length 549)
prokka_out/CA110357:NODE_47_length_1854_cov_14.825709 (length 1854)
prokka_out/CA110357:NODE_47_length_1854_cov_14.825709_1 (length 502)
prokka_out/CA110357:NODE_48_length_1759_cov_51.463848 (length 1759)
prokka_out/CA110357:NODE_48_length_1759_cov_51.463848_1 (length 111)
prokka_out/CA110357:NODE_49_length_1131_cov_21.916335 (length 1131)
prokka_out/CA110357:NODE_50_length_934_cov_10.396530 (length 934)
prokka_out/CA110357:NODE_51_length_928_cov_18.449438 (length 928)
prokka_out/CA110357:NODE_52_length_901_cov_26.153747 (length 901)
prokka_out/CA110357:NODE_53_length_804_cov_27.534712 (length 804)
prokka_out/CA110357:NODE_54_length_783_cov_10.858232 (length 783)
prokka_out/CA110357:NODE_55_length_771_cov_7.338509 (length 771)
prokka_out/CA110357:NODE_55_length_771_cov_7.338509_1 (length 147)
prokka_out/CA110357:NODE_56_length_554_cov_174.459016 (length 554)
prokka_out/CA110357:NODE_56_length_554_cov_174.459016_1 (length 146)
prokka_out/CA110357:NODE_57_length_433_cov_21.712418 (length 433)
prokka_out/CA110357:NODE_57_length_433_cov_21.712418_1 (length 86)
prokka_out/CA110357:NODE_59_length_425_cov_12.271812 (length 425)
prokka_out/CA110357:NODE_60_length_411_cov_15.133803 (length 411)
prokka_out/CA110357:NODE_60_length_411_cov_15.133803_1 (length 68)
prokka_out/CA110357:NODE_61_length_367_cov_107.645833 (length 367)
prokka_out/CA110357:NODE_62_length_294_cov_19.095808 (length 294)
prokka_out/CA110357:NODE_63_length_262_cov_96.533333 (length 262)
prokka_out/CA110357:NODE_64_length_261_cov_86.753731 (length 261)
prokka_out/CA110357:NODE_65_length_221_cov_52.106383 (length 221)

FATAL: DiscRep_ALL:RRNA_NAME_CONFLICTS::2 rRNA product names are not standard. Correct the names to the standard format, eg "16S ribosomal RNA"
prokka_out/CA110357:rRNA	23S ribosomal RNA (partial)	NODE_39_length_4001_cov_129.067372:c1184-4	OBHBHFCO_01720
prokka_out/CA110357:rRNA	23S ribosomal RNA (partial)	NODE_41_length_2957_cov_95.798587:c2955-1249	OBHBHFCO_01727

DiscRep_ALL:DISC_INCONSISTENT_MOLINFO_TECH::Molinfo Technique Report (some missing, all same)
DiscRep_SUB:DISC_INCONSISTENT_MOLINFO_TECH::technique (all missing)
DiscRep_SUB:DISC_INCONSISTENT_MOLINFO_TECH::64 Molinfos are missing field technique
prokka_out/CA110357:NODE_1_length_246645_cov_28.538618 (length 246645)
prokka_out/CA110357:NODE_2_length_151050_cov_23.777973 (length 151050)
prokka_out/CA110357:NODE_3_length_107807_cov_23.952684 (length 107807)
prokka_out/CA110357:NODE_4_length_101299_cov_28.002857 (length 101299)
prokka_out/CA110357:NODE_5_length_84794_cov_32.952520 (length 84794)
prokka_out/CA110357:NODE_6_length_75010_cov_33.629876 (length 75010)
prokka_out/CA110357:NODE_7_length_73514_cov_27.283824 (length 73514)
prokka_out/CA110357:NODE_8_length_63333_cov_26.930244 (length 63333)
prokka_out/CA110357:NODE_9_length_61305_cov_33.338292 (length 61305)
prokka_out/CA110357:NODE_10_length_57455_cov_29.148200 (length 57455)
prokka_out/CA110357:NODE_11_length_54396_cov_35.294938 (length 54396)
prokka_out/CA110357:NODE_12_length_51844_cov_25.366707 (length 51844)
prokka_out/CA110357:NODE_13_length_45722_cov_28.431034 (length 45722)
prokka_out/CA110357:NODE_14_length_39543_cov_34.711056 (length 39543)
prokka_out/CA110357:NODE_15_length_37051_cov_31.152800 (length 37051)
prokka_out/CA110357:NODE_16_length_36957_cov_22.562205 (length 36957)
prokka_out/CA110357:NODE_17_length_32617_cov_27.744014 (length 32617)
prokka_out/CA110357:NODE_18_length_28760_cov_27.563196 (length 28760)
prokka_out/CA110357:NODE_19_length_28675_cov_23.424793 (length 28675)
prokka_out/CA110357:NODE_20_length_25761_cov_32.456815 (length 25761)
prokka_out/CA110357:NODE_21_length_22028_cov_29.117346 (length 22028)
prokka_out/CA110357:NODE_22_length_21066_cov_29.525049 (length 21066)
prokka_out/CA110357:NODE_23_length_19863_cov_32.630067 (length 19863)
prokka_out/CA110357:NODE_24_length_18878_cov_18.207989 (length 18878)
prokka_out/CA110357:NODE_25_length_17959_cov_26.037349 (length 17959)
prokka_out/CA110357:NODE_26_length_17256_cov_12.940744 (length 17256)
prokka_out/CA110357:NODE_27_length_16838_cov_23.405182 (length 16838)
prokka_out/CA110357:NODE_28_length_16620_cov_24.527982 (length 16620)
prokka_out/CA110357:NODE_29_length_15193_cov_24.382849 (length 15193)
prokka_out/CA110357:NODE_30_length_14463_cov_24.501674 (length 14463)
prokka_out/CA110357:NODE_31_length_12582_cov_19.602168 (length 12582)
prokka_out/CA110357:NODE_32_length_9907_cov_23.130573 (length 9907)
prokka_out/CA110357:NODE_33_length_8871_cov_30.729186 (length 8871)
prokka_out/CA110357:NODE_34_length_8690_cov_28.111643 (length 8690)
prokka_out/CA110357:NODE_35_length_7593_cov_24.361238 (length 7593)
prokka_out/CA110357:NODE_36_length_6945_cov_22.217219 (length 6945)
prokka_out/CA110357:NODE_37_length_4770_cov_24.021107 (length 4770)
prokka_out/CA110357:NODE_38_length_4050_cov_20.158297 (length 4050)
prokka_out/CA110357:NODE_39_length_4001_cov_129.067372 (length 4001)
prokka_out/CA110357:NODE_40_length_3871_cov_24.747596 (length 3871)
prokka_out/CA110357:NODE_41_length_2957_cov_95.798587 (length 2957)
prokka_out/CA110357:NODE_42_length_2926_cov_40.415506 (length 2926)
prokka_out/CA110357:NODE_43_length_2208_cov_26.885632 (length 2208)
prokka_out/CA110357:NODE_44_length_2151_cov_24.195158 (length 2151)
prokka_out/CA110357:NODE_45_length_2131_cov_20.388224 (length 2131)
prokka_out/CA110357:NODE_46_length_2068_cov_24.138073 (length 2068)
prokka_out/CA110357:NODE_47_length_1854_cov_14.825709 (length 1854)
prokka_out/CA110357:NODE_48_length_1759_cov_51.463848 (length 1759)
prokka_out/CA110357:NODE_49_length_1131_cov_21.916335 (length 1131)
prokka_out/CA110357:NODE_50_length_934_cov_10.396530 (length 934)
prokka_out/CA110357:NODE_51_length_928_cov_18.449438 (length 928)
prokka_out/CA110357:NODE_52_length_901_cov_26.153747 (length 901)
prokka_out/CA110357:NODE_53_length_804_cov_27.534712 (length 804)
prokka_out/CA110357:NODE_54_length_783_cov_10.858232 (length 783)
prokka_out/CA110357:NODE_55_length_771_cov_7.338509 (length 771)
prokka_out/CA110357:NODE_56_length_554_cov_174.459016 (length 554)
prokka_out/CA110357:NODE_57_length_433_cov_21.712418 (length 433)
prokka_out/CA110357:NODE_59_length_425_cov_12.271812 (length 425)
prokka_out/CA110357:NODE_60_length_411_cov_15.133803 (length 411)
prokka_out/CA110357:NODE_61_length_367_cov_107.645833 (length 367)
prokka_out/CA110357:NODE_62_length_294_cov_19.095808 (length 294)
prokka_out/CA110357:NODE_63_length_262_cov_96.533333 (length 262)
prokka_out/CA110357:NODE_64_length_261_cov_86.753731 (length 261)
prokka_out/CA110357:NODE_65_length_221_cov_52.106383 (length 221)

DiscRep_ALL:SEQ_ID_PHRASES::Sequence Ids contain unacceptable phrases (cov_, length, node, paired, or trimmed)

