Discrepancy Report Results

Summary
FATAL: MISSING_PROTEIN_ID:1680 proteins have invalid IDs.
DISC_SOURCE_QUALS_ASNDISC:strain (all present, all same)
DISC_SOURCE_QUALS_ASNDISC:taxname (all present, all same)
DISC_FEATURE_COUNT:CDS: 1680 present
DISC_FEATURE_COUNT:tRNA: 41 present
DISC_FEATURE_COUNT:rRNA: 2 present
DISC_FEATURE_COUNT:misc_feature: 1 present
DISC_FEATURE_COUNT:tmRNA: 1 present
DISC_COUNT_NUCLEOTIDES:29 nucleotide Bioseqs are present
FEATURE_LOCATION_CONFLICT:1724 features have inconsistent gene locations.
OVERLAPPING_CDS:16 coding regions overlap another coding region with a similar or identical name.
SUSPECT_PRODUCT_NAMES:4 product_names contain suspect phrase or characters
	Suspicious phrase; should this be nonfunctional?
		1 features contains 'truncat'
	May contain database identifier more appropriate in note; remove from product name
		1 features contains three or more numbers together that may be identifiers more appropriate in note
	Use short product name instead of descriptive phrase
		2 features Is longer than 100 characters. Remove descriptive phrases or synonyms from product names. Keep valid long product names, eg long enzyme names
FATAL: EC_NUMBER_ON_UNKNOWN_PROTEIN:1 protein features have an EC number and a protein name of 'unknown protein' or 'hypothetical protein'
NO_ANNOTATION:13 bioseqs have no features
DISC_QUALITY_SCORES:Quality scores are missing on all sequences.
ONCALLER_COMMENT_PRESENT:29 comment descriptors were found (all same)
SHORT_PROT_SEQUENCES:19 protein sequences are shorter than 50 aa.
MISSING_GENOMEASSEMBLY_COMMENTS:29 bioseqs are missing GenomeAssembly structured comments
MOLTYPE_NOT_MRNA:29 molecule types are not set as mRNA.
TECHNIQUE_NOT_TSA:29 technique are not set as TSA
MISSING_STRUCTURED_COMMENT:29 sequences do not include structured comments.
MISSING_PROJECT:1709 sequences do not include project.
DISC_INCONSISTENT_MOLINFO_TECH:Molinfo Technique Report (some missing, all same)
SEQ_ID_PHRASES:Sequence Ids contain unacceptable phrases (cov_, length, node, paired, or trimmed)


Detailed Report

FATAL: DiscRep_ALL:MISSING_PROTEIN_ID::1680 proteins have invalid IDs.
prokka_out/CA114720:NODE_1_length_324161_cov_58.071320_1 (length 389)
prokka_out/CA114720:NODE_1_length_324161_cov_58.071320_2 (length 635)
prokka_out/CA114720:NODE_1_length_324161_cov_58.071320_3 (length 645)
prokka_out/CA114720:NODE_1_length_324161_cov_58.071320_4 (length 626)
prokka_out/CA114720:NODE_1_length_324161_cov_58.071320_5 (length 647)
prokka_out/CA114720:NODE_1_length_324161_cov_58.071320_6 (length 256)
prokka_out/CA114720:NODE_1_length_324161_cov_58.071320_7 (length 235)
prokka_out/CA114720:NODE_1_length_324161_cov_58.071320_8 (length 301)
prokka_out/CA114720:NODE_1_length_324161_cov_58.071320_9 (length 341)
prokka_out/CA114720:NODE_1_length_324161_cov_58.071320_10 (length 384)
prokka_out/CA114720:NODE_1_length_324161_cov_58.071320_11 (length 334)
prokka_out/CA114720:NODE_1_length_324161_cov_58.071320_12 (length 373)
prokka_out/CA114720:NODE_1_length_324161_cov_58.071320_13 (length 236)
prokka_out/CA114720:NODE_1_length_324161_cov_58.071320_14 (length 93)
prokka_out/CA114720:NODE_1_length_324161_cov_58.071320_15 (length 74)
prokka_out/CA114720:NODE_1_length_324161_cov_58.071320_16 (length 384)
prokka_out/CA114720:NODE_1_length_324161_cov_58.071320_17 (length 323)
prokka_out/CA114720:NODE_1_length_324161_cov_58.071320_18 (length 343)
prokka_out/CA114720:NODE_1_length_324161_cov_58.071320_19 (length 378)
prokka_out/CA114720:NODE_1_length_324161_cov_58.071320_20 (length 201)
prokka_out/CA114720:NODE_1_length_324161_cov_58.071320_21 (length 248)
prokka_out/CA114720:NODE_1_length_324161_cov_58.071320_22 (length 157)
prokka_out/CA114720:NODE_1_length_324161_cov_58.071320_23 (length 274)
prokka_out/CA114720:NODE_1_length_324161_cov_58.071320_24 (length 232)
prokka_out/CA114720:NODE_1_length_324161_cov_58.071320_25 (length 403)
prokka_out/CA114720:NODE_1_length_324161_cov_58.071320_26 (length 339)
prokka_out/CA114720:NODE_1_length_324161_cov_58.071320_27 (length 101)
prokka_out/CA114720:NODE_1_length_324161_cov_58.071320_28 (length 238)
prokka_out/CA114720:NODE_1_length_324161_cov_58.071320_29 (length 75)
prokka_out/CA114720:NODE_1_length_324161_cov_58.071320_30 (length 48)
prokka_out/CA114720:NODE_1_length_324161_cov_58.071320_31 (length 72)
prokka_out/CA114720:NODE_1_length_324161_cov_58.071320_32 (length 105)
prokka_out/CA114720:NODE_1_length_324161_cov_58.071320_33 (length 241)
prokka_out/CA114720:NODE_1_length_324161_cov_58.071320_34 (length 502)
prokka_out/CA114720:NODE_1_length_324161_cov_58.071320_35 (length 205)
prokka_out/CA114720:NODE_1_length_324161_cov_58.071320_36 (length 196)
prokka_out/CA114720:NODE_1_length_324161_cov_58.071320_37 (length 73)
prokka_out/CA114720:NODE_1_length_324161_cov_58.071320_38 (length 353)
prokka_out/CA114720:NODE_1_length_324161_cov_58.071320_39 (length 520)
prokka_out/CA114720:NODE_1_length_324161_cov_58.071320_40 (length 138)
prokka_out/CA114720:NODE_1_length_324161_cov_58.071320_41 (length 297)
prokka_out/CA114720:NODE_1_length_324161_cov_58.071320_42 (length 76)
prokka_out/CA114720:NODE_1_length_324161_cov_58.071320_43 (length 263)
prokka_out/CA114720:NODE_1_length_324161_cov_58.071320_44 (length 312)
prokka_out/CA114720:NODE_1_length_324161_cov_58.071320_45 (length 64)
prokka_out/CA114720:NODE_1_length_324161_cov_58.071320_46 (length 376)
prokka_out/CA114720:NODE_1_length_324161_cov_58.071320_47 (length 334)
prokka_out/CA114720:NODE_1_length_324161_cov_58.071320_48 (length 186)
prokka_out/CA114720:NODE_1_length_324161_cov_58.071320_49 (length 151)
prokka_out/CA114720:NODE_1_length_324161_cov_58.071320_50 (length 443)
prokka_out/CA114720:NODE_1_length_324161_cov_58.071320_51 (length 271)
prokka_out/CA114720:NODE_1_length_324161_cov_58.071320_52 (length 463)
prokka_out/CA114720:NODE_1_length_324161_cov_58.071320_53 (length 411)
prokka_out/CA114720:NODE_1_length_324161_cov_58.071320_54 (length 208)
prokka_out/CA114720:NODE_1_length_324161_cov_58.071320_55 (length 223)
prokka_out/CA114720:NODE_1_length_324161_cov_58.071320_56 (length 216)
prokka_out/CA114720:NODE_1_length_324161_cov_58.071320_57 (length 447)
prokka_out/CA114720:NODE_1_length_324161_cov_58.071320_58 (length 366)
prokka_out/CA114720:NODE_1_length_324161_cov_58.071320_59 (length 322)
prokka_out/CA114720:NODE_1_length_324161_cov_58.071320_60 (length 410)
prokka_out/CA114720:NODE_1_length_324161_cov_58.071320_61 (length 392)
prokka_out/CA114720:NODE_1_length_324161_cov_58.071320_62 (length 221)
prokka_out/CA114720:NODE_1_length_324161_cov_58.071320_63 (length 268)
prokka_out/CA114720:NODE_1_length_324161_cov_58.071320_64 (length 397)
prokka_out/CA114720:NODE_1_length_324161_cov_58.071320_65 (length 239)
prokka_out/CA114720:NODE_1_length_324161_cov_58.071320_66 (length 74)
prokka_out/CA114720:NODE_1_length_324161_cov_58.071320_67 (length 731)
prokka_out/CA114720:NODE_1_length_324161_cov_58.071320_68 (length 401)
prokka_out/CA114720:NODE_1_length_324161_cov_58.071320_69 (length 363)
prokka_out/CA114720:NODE_1_length_324161_cov_58.071320_70 (length 659)
prokka_out/CA114720:NODE_1_length_324161_cov_58.071320_71 (length 613)
prokka_out/CA114720:NODE_1_length_324161_cov_58.071320_72 (length 379)
prokka_out/CA114720:NODE_1_length_324161_cov_58.071320_73 (length 571)
prokka_out/CA114720:NODE_1_length_324161_cov_58.071320_74 (length 230)
prokka_out/CA114720:NODE_1_length_324161_cov_58.071320_75 (length 167)
prokka_out/CA114720:NODE_1_length_324161_cov_58.071320_76 (length 190)
prokka_out/CA114720:NODE_1_length_324161_cov_58.071320_77 (length 411)
prokka_out/CA114720:NODE_1_length_324161_cov_58.071320_78 (length 223)
prokka_out/CA114720:NODE_1_length_324161_cov_58.071320_79 (length 373)
prokka_out/CA114720:NODE_1_length_324161_cov_58.071320_80 (length 431)
prokka_out/CA114720:NODE_1_length_324161_cov_58.071320_81 (length 151)
prokka_out/CA114720:NODE_1_length_324161_cov_58.071320_82 (length 394)
prokka_out/CA114720:NODE_1_length_324161_cov_58.071320_83 (length 220)
prokka_out/CA114720:NODE_1_length_324161_cov_58.071320_84 (length 160)
prokka_out/CA114720:NODE_1_length_324161_cov_58.071320_85 (length 719)
prokka_out/CA114720:NODE_1_length_324161_cov_58.071320_86 (length 682)
prokka_out/CA114720:NODE_1_length_324161_cov_58.071320_87 (length 150)
prokka_out/CA114720:NODE_1_length_324161_cov_58.071320_88 (length 416)
prokka_out/CA114720:NODE_1_length_324161_cov_58.071320_89 (length 486)
prokka_out/CA114720:NODE_1_length_324161_cov_58.071320_90 (length 511)
prokka_out/CA114720:NODE_1_length_324161_cov_58.071320_91 (length 164)
prokka_out/CA114720:NODE_1_length_324161_cov_58.071320_92 (length 600)
prokka_out/CA114720:NODE_1_length_324161_cov_58.071320_93 (length 398)
prokka_out/CA114720:NODE_1_length_324161_cov_58.071320_94 (length 300)
prokka_out/CA114720:NODE_1_length_324161_cov_58.071320_95 (length 340)
prokka_out/CA114720:NODE_1_length_324161_cov_58.071320_96 (length 106)
prokka_out/CA114720:NODE_1_length_324161_cov_58.071320_97 (length 399)
prokka_out/CA114720:NODE_1_length_324161_cov_58.071320_98 (length 200)
prokka_out/CA114720:NODE_1_length_324161_cov_58.071320_99 (length 364)
prokka_out/CA114720:NODE_1_length_324161_cov_58.071320_1> (length 257)
prokka_out/CA114720:NODE_1_length_324161_cov_58.071320_1> (length 324)
prokka_out/CA114720:NODE_1_length_324161_cov_58.071320_1> (length 316)
prokka_out/CA114720:NODE_1_length_324161_cov_58.071320_1> (length 273)
prokka_out/CA114720:NODE_1_length_324161_cov_58.071320_1> (length 664)
prokka_out/CA114720:NODE_1_length_324161_cov_58.071320_1> (length 206)
prokka_out/CA114720:NODE_1_length_324161_cov_58.071320_1> (length 110)
prokka_out/CA114720:NODE_1_length_324161_cov_58.071320_1> (length 541)
prokka_out/CA114720:NODE_1_length_324161_cov_58.071320_1> (length 124)
prokka_out/CA114720:NODE_1_length_324161_cov_58.071320_1> (length 297)
prokka_out/CA114720:NODE_1_length_324161_cov_58.071320_1> (length 472)
prokka_out/CA114720:NODE_1_length_324161_cov_58.071320_1> (length 224)
prokka_out/CA114720:NODE_1_length_324161_cov_58.071320_1> (length 415)
prokka_out/CA114720:NODE_1_length_324161_cov_58.071320_1> (length 164)
prokka_out/CA114720:NODE_1_length_324161_cov_58.071320_1> (length 199)
prokka_out/CA114720:NODE_1_length_324161_cov_58.071320_1> (length 221)
prokka_out/CA114720:NODE_1_length_324161_cov_58.071320_1> (length 396)
prokka_out/CA114720:NODE_1_length_324161_cov_58.071320_1> (length 545)
prokka_out/CA114720:NODE_1_length_324161_cov_58.071320_1> (length 86)
prokka_out/CA114720:NODE_1_length_324161_cov_58.071320_1> (length 846)
prokka_out/CA114720:NODE_1_length_324161_cov_58.071320_1> (length 203)
prokka_out/CA114720:NODE_1_length_324161_cov_58.071320_1> (length 226)
prokka_out/CA114720:NODE_1_length_324161_cov_58.071320_1> (length 67)
prokka_out/CA114720:NODE_1_length_324161_cov_58.071320_1> (length 386)
prokka_out/CA114720:NODE_1_length_324161_cov_58.071320_1> (length 241)
prokka_out/CA114720:NODE_1_length_324161_cov_58.071320_1> (length 460)
prokka_out/CA114720:NODE_1_length_324161_cov_58.071320_1> (length 268)
prokka_out/CA114720:NODE_1_length_324161_cov_58.071320_1> (length 419)
prokka_out/CA114720:NODE_1_length_324161_cov_58.071320_1> (length 185)
prokka_out/CA114720:NODE_1_length_324161_cov_58.071320_1> (length 517)
prokka_out/CA114720:NODE_1_length_324161_cov_58.071320_1> (length 185)
prokka_out/CA114720:NODE_1_length_324161_cov_58.071320_1> (length 288)
prokka_out/CA114720:NODE_1_length_324161_cov_58.071320_1> (length 446)
prokka_out/CA114720:NODE_1_length_324161_cov_58.071320_1> (length 226)
prokka_out/CA114720:NODE_1_length_324161_cov_58.071320_1> (length 472)
prokka_out/CA114720:NODE_1_length_324161_cov_58.071320_1> (length 297)
prokka_out/CA114720:NODE_1_length_324161_cov_58.071320_1> (length 392)
prokka_out/CA114720:NODE_1_length_324161_cov_58.071320_1> (length 508)
prokka_out/CA114720:NODE_1_length_324161_cov_58.071320_1> (length 268)
prokka_out/CA114720:NODE_1_length_324161_cov_58.071320_1> (length 458)
prokka_out/CA114720:NODE_1_length_324161_cov_58.071320_1> (length 164)
prokka_out/CA114720:NODE_1_length_324161_cov_58.071320_1> (length 459)
prokka_out/CA114720:NODE_1_length_324161_cov_58.071320_1> (length 165)
prokka_out/CA114720:NODE_1_length_324161_cov_58.071320_1> (length 619)
prokka_out/CA114720:NODE_1_length_324161_cov_58.071320_1> (length 428)
prokka_out/CA114720:NODE_1_length_324161_cov_58.071320_1> (length 167)
prokka_out/CA114720:NODE_1_length_324161_cov_58.071320_1> (length 416)
prokka_out/CA114720:NODE_1_length_324161_cov_58.071320_1> (length 374)
prokka_out/CA114720:NODE_1_length_324161_cov_58.071320_1> (length 387)
prokka_out/CA114720:NODE_1_length_324161_cov_58.071320_1> (length 263)
prokka_out/CA114720:NODE_1_length_324161_cov_58.071320_1> (length 357)
prokka_out/CA114720:NODE_1_length_324161_cov_58.071320_1> (length 211)
prokka_out/CA114720:NODE_1_length_324161_cov_58.071320_1> (length 255)
prokka_out/CA114720:NODE_1_length_324161_cov_58.071320_1> (length 434)
prokka_out/CA114720:NODE_1_length_324161_cov_58.071320_1> (length 205)
prokka_out/CA114720:NODE_1_length_324161_cov_58.071320_1> (length 79)
prokka_out/CA114720:NODE_1_length_324161_cov_58.071320_1> (length 530)
prokka_out/CA114720:NODE_1_length_324161_cov_58.071320_1> (length 102)
prokka_out/CA114720:NODE_1_length_324161_cov_58.071320_1> (length 113)
prokka_out/CA114720:NODE_1_length_324161_cov_58.071320_1> (length 235)
prokka_out/CA114720:NODE_1_length_324161_cov_58.071320_1> (length 160)
prokka_out/CA114720:NODE_1_length_324161_cov_58.071320_1> (length 484)
prokka_out/CA114720:NODE_1_length_324161_cov_58.071320_1> (length 75)
prokka_out/CA114720:NODE_1_length_324161_cov_58.071320_1> (length 200)
prokka_out/CA114720:NODE_1_length_324161_cov_58.071320_1> (length 308)
prokka_out/CA114720:NODE_1_length_324161_cov_58.071320_1> (length 258)
prokka_out/CA114720:NODE_1_length_324161_cov_58.071320_1> (length 164)
prokka_out/CA114720:NODE_1_length_324161_cov_58.071320_1> (length 87)
prokka_out/CA114720:NODE_1_length_324161_cov_58.071320_1> (length 316)
prokka_out/CA114720:NODE_1_length_324161_cov_58.071320_1> (length 64)
prokka_out/CA114720:NODE_1_length_324161_cov_58.071320_1> (length 699)
prokka_out/CA114720:NODE_1_length_324161_cov_58.071320_1> (length 109)
prokka_out/CA114720:NODE_1_length_324161_cov_58.071320_1> (length 509)
prokka_out/CA114720:NODE_1_length_324161_cov_58.071320_1> (length 432)
prokka_out/CA114720:NODE_1_length_324161_cov_58.071320_1> (length 783)
prokka_out/CA114720:NODE_1_length_324161_cov_58.071320_1> (length 68)
prokka_out/CA114720:NODE_1_length_324161_cov_58.071320_1> (length 100)
prokka_out/CA114720:NODE_1_length_324161_cov_58.071320_1> (length 186)
prokka_out/CA114720:NODE_1_length_324161_cov_58.071320_1> (length 317)
prokka_out/CA114720:NODE_1_length_324161_cov_58.071320_1> (length 461)
prokka_out/CA114720:NODE_1_length_324161_cov_58.071320_1> (length 186)
prokka_out/CA114720:NODE_1_length_324161_cov_58.071320_1> (length 254)
prokka_out/CA114720:NODE_1_length_324161_cov_58.071320_1> (length 316)
prokka_out/CA114720:NODE_1_length_324161_cov_58.071320_1> (length 269)
prokka_out/CA114720:NODE_1_length_324161_cov_58.071320_1> (length 106)
prokka_out/CA114720:NODE_1_length_324161_cov_58.071320_1> (length 193)
prokka_out/CA114720:NODE_1_length_324161_cov_58.071320_1> (length 323)
prokka_out/CA114720:NODE_1_length_324161_cov_58.071320_1> (length 402)
prokka_out/CA114720:NODE_1_length_324161_cov_58.071320_1> (length 295)
prokka_out/CA114720:NODE_1_length_324161_cov_58.071320_1> (length 516)
prokka_out/CA114720:NODE_1_length_324161_cov_58.071320_1> (length 295)
prokka_out/CA114720:NODE_1_length_324161_cov_58.071320_1> (length 342)
prokka_out/CA114720:NODE_1_length_324161_cov_58.071320_1> (length 264)
prokka_out/CA114720:NODE_1_length_324161_cov_58.071320_1> (length 328)
prokka_out/CA114720:NODE_1_length_324161_cov_58.071320_1> (length 564)
prokka_out/CA114720:NODE_1_length_324161_cov_58.071320_1> (length 359)
prokka_out/CA114720:NODE_1_length_324161_cov_58.071320_1> (length 309)
prokka_out/CA114720:NODE_1_length_324161_cov_58.071320_1> (length 365)
prokka_out/CA114720:NODE_1_length_324161_cov_58.071320_1> (length 713)
prokka_out/CA114720:NODE_1_length_324161_cov_58.071320_1> (length 376)
prokka_out/CA114720:NODE_1_length_324161_cov_58.071320_2> (length 200)
prokka_out/CA114720:NODE_1_length_324161_cov_58.071320_2> (length 196)
prokka_out/CA114720:NODE_1_length_324161_cov_58.071320_2> (length 386)
prokka_out/CA114720:NODE_1_length_324161_cov_58.071320_2> (length 590)
prokka_out/CA114720:NODE_1_length_324161_cov_58.071320_2> (length 297)
prokka_out/CA114720:NODE_1_length_324161_cov_58.071320_2> (length 130)
prokka_out/CA114720:NODE_1_length_324161_cov_58.071320_2> (length 281)
prokka_out/CA114720:NODE_1_length_324161_cov_58.071320_2> (length 645)
prokka_out/CA114720:NODE_1_length_324161_cov_58.071320_2> (length 205)
prokka_out/CA114720:NODE_1_length_324161_cov_58.071320_2> (length 242)
prokka_out/CA114720:NODE_1_length_324161_cov_58.071320_2> (length 265)
prokka_out/CA114720:NODE_1_length_324161_cov_58.071320_2> (length 119)
prokka_out/CA114720:NODE_1_length_324161_cov_58.071320_2> (length 212)
prokka_out/CA114720:NODE_1_length_324161_cov_58.071320_2> (length 429)
prokka_out/CA114720:NODE_1_length_324161_cov_58.071320_2> (length 215)
prokka_out/CA114720:NODE_1_length_324161_cov_58.071320_2> (length 709)
prokka_out/CA114720:NODE_1_length_324161_cov_58.071320_2> (length 96)
prokka_out/CA114720:NODE_1_length_324161_cov_58.071320_2> (length 200)
prokka_out/CA114720:NODE_1_length_324161_cov_58.071320_2> (length 150)
prokka_out/CA114720:NODE_1_length_324161_cov_58.071320_2> (length 255)
prokka_out/CA114720:NODE_1_length_324161_cov_58.071320_2> (length 75)
prokka_out/CA114720:NODE_1_length_324161_cov_58.071320_2> (length 272)
prokka_out/CA114720:NODE_1_length_324161_cov_58.071320_2> (length 691)
prokka_out/CA114720:NODE_1_length_324161_cov_58.071320_2> (length 145)
prokka_out/CA114720:NODE_1_length_324161_cov_58.071320_2> (length 573)
prokka_out/CA114720:NODE_1_length_324161_cov_58.071320_2> (length 295)
prokka_out/CA114720:NODE_1_length_324161_cov_58.071320_2> (length 407)
prokka_out/CA114720:NODE_1_length_324161_cov_58.071320_2> (length 398)
prokka_out/CA114720:NODE_1_length_324161_cov_58.071320_2> (length 441)
prokka_out/CA114720:NODE_1_length_324161_cov_58.071320_2> (length 76)
prokka_out/CA114720:NODE_1_length_324161_cov_58.071320_2> (length 526)
prokka_out/CA114720:NODE_1_length_324161_cov_58.071320_2> (length 323)
prokka_out/CA114720:NODE_1_length_324161_cov_58.071320_2> (length 809)
prokka_out/CA114720:NODE_1_length_324161_cov_58.071320_2> (length 170)
prokka_out/CA114720:NODE_1_length_324161_cov_58.071320_2> (length 465)
prokka_out/CA114720:NODE_1_length_324161_cov_58.071320_2> (length 390)
prokka_out/CA114720:NODE_1_length_324161_cov_58.071320_2> (length 300)
prokka_out/CA114720:NODE_1_length_324161_cov_58.071320_2> (length 95)
prokka_out/CA114720:NODE_1_length_324161_cov_58.071320_2> (length 978)
prokka_out/CA114720:NODE_1_length_324161_cov_58.071320_2> (length 253)
prokka_out/CA114720:NODE_1_length_324161_cov_58.071320_2> (length 228)
prokka_out/CA114720:NODE_1_length_324161_cov_58.071320_2> (length 279)
prokka_out/CA114720:NODE_1_length_324161_cov_58.071320_2> (length 210)
prokka_out/CA114720:NODE_1_length_324161_cov_58.071320_2> (length 209)
prokka_out/CA114720:NODE_1_length_324161_cov_58.071320_2> (length 150)
prokka_out/CA114720:NODE_1_length_324161_cov_58.071320_2> (length 220)
prokka_out/CA114720:NODE_1_length_324161_cov_58.071320_2> (length 100)
prokka_out/CA114720:NODE_1_length_324161_cov_58.071320_2> (length 243)
prokka_out/CA114720:NODE_1_length_324161_cov_58.071320_2> (length 129)
prokka_out/CA114720:NODE_1_length_324161_cov_58.071320_2> (length 215)
prokka_out/CA114720:NODE_1_length_324161_cov_58.071320_2> (length 791)
prokka_out/CA114720:NODE_1_length_324161_cov_58.071320_2> (length 86)
prokka_out/CA114720:NODE_1_length_324161_cov_58.071320_2> (length 183)
prokka_out/CA114720:NODE_1_length_324161_cov_58.071320_2> (length 125)
prokka_out/CA114720:NODE_1_length_324161_cov_58.071320_2> (length 288)
prokka_out/CA114720:NODE_1_length_324161_cov_58.071320_2> (length 368)
prokka_out/CA114720:NODE_1_length_324161_cov_58.071320_2> (length 178)
prokka_out/CA114720:NODE_1_length_324161_cov_58.071320_2> (length 201)
prokka_out/CA114720:NODE_1_length_324161_cov_58.071320_2> (length 206)
prokka_out/CA114720:NODE_1_length_324161_cov_58.071320_2> (length 141)
prokka_out/CA114720:NODE_1_length_324161_cov_58.071320_2> (length 362)
prokka_out/CA114720:NODE_1_length_324161_cov_58.071320_2> (length 917)
prokka_out/CA114720:NODE_1_length_324161_cov_58.071320_2> (length 36)
prokka_out/CA114720:NODE_1_length_324161_cov_58.071320_2> (length 453)
prokka_out/CA114720:NODE_1_length_324161_cov_58.071320_2> (length 485)
prokka_out/CA114720:NODE_1_length_324161_cov_58.071320_2> (length 57)
prokka_out/CA114720:NODE_1_length_324161_cov_58.071320_2> (length 260)
prokka_out/CA114720:NODE_1_length_324161_cov_58.071320_2> (length 432)
prokka_out/CA114720:NODE_1_length_324161_cov_58.071320_2> (length 116)
prokka_out/CA114720:NODE_1_length_324161_cov_58.071320_2> (length 735)
prokka_out/CA114720:NODE_1_length_324161_cov_58.071320_2> (length 233)
prokka_out/CA114720:NODE_1_length_324161_cov_58.071320_2> (length 199)
prokka_out/CA114720:NODE_1_length_324161_cov_58.071320_2> (length 365)
prokka_out/CA114720:NODE_1_length_324161_cov_58.071320_2> (length 63)
prokka_out/CA114720:NODE_1_length_324161_cov_58.071320_2> (length 266)
prokka_out/CA114720:NODE_1_length_324161_cov_58.071320_2> (length 258)
prokka_out/CA114720:NODE_1_length_324161_cov_58.071320_2> (length 381)
prokka_out/CA114720:NODE_1_length_324161_cov_58.071320_2> (length 201)
prokka_out/CA114720:NODE_1_length_324161_cov_58.071320_2> (length 296)
prokka_out/CA114720:NODE_1_length_324161_cov_58.071320_2> (length 283)
prokka_out/CA114720:NODE_1_length_324161_cov_58.071320_2> (length 387)
prokka_out/CA114720:NODE_1_length_324161_cov_58.071320_2> (length 342)
prokka_out/CA114720:NODE_1_length_324161_cov_58.071320_2> (length 387)
prokka_out/CA114720:NODE_1_length_324161_cov_58.071320_2> (length 481)
prokka_out/CA114720:NODE_1_length_324161_cov_58.071320_2> (length 83)
prokka_out/CA114720:NODE_1_length_324161_cov_58.071320_2> (length 239)
prokka_out/CA114720:NODE_1_length_324161_cov_58.071320_2> (length 268)
prokka_out/CA114720:NODE_1_length_324161_cov_58.071320_2> (length 1005)
prokka_out/CA114720:NODE_1_length_324161_cov_58.071320_2> (length 246)
prokka_out/CA114720:NODE_1_length_324161_cov_58.071320_2> (length 424)
prokka_out/CA114720:NODE_1_length_324161_cov_58.071320_2> (length 598)
prokka_out/CA114720:NODE_1_length_324161_cov_58.071320_2> (length 214)
prokka_out/CA114720:NODE_1_length_324161_cov_58.071320_2> (length 191)
prokka_out/CA114720:NODE_1_length_324161_cov_58.071320_2> (length 862)
prokka_out/CA114720:NODE_1_length_324161_cov_58.071320_2> (length 171)
prokka_out/CA114720:NODE_1_length_324161_cov_58.071320_2> (length 105)
prokka_out/CA114720:NODE_1_length_324161_cov_58.071320_2> (length 433)
prokka_out/CA114720:NODE_1_length_324161_cov_58.071320_2> (length 343)
prokka_out/CA114720:NODE_1_length_324161_cov_58.071320_2> (length 168)
prokka_out/CA114720:NODE_1_length_324161_cov_58.071320_2> (length 63)
prokka_out/CA114720:NODE_1_length_324161_cov_58.071320_3> (length 144)
prokka_out/CA114720:NODE_1_length_324161_cov_58.071320_3> (length 371)
prokka_out/CA114720:NODE_1_length_324161_cov_58.071320_3> (length 369)
prokka_out/CA114720:NODE_1_length_324161_cov_58.071320_3> (length 298)
prokka_out/CA114720:NODE_1_length_324161_cov_58.071320_3> (length 350)
prokka_out/CA114720:NODE_1_length_324161_cov_58.071320_3> (length 256)
prokka_out/CA114720:NODE_1_length_324161_cov_58.071320_3> (length 231)
prokka_out/CA114720:NODE_1_length_324161_cov_58.071320_3> (length 1081)
prokka_out/CA114720:NODE_1_length_324161_cov_58.071320_3> (length 154)
prokka_out/CA114720:NODE_1_length_324161_cov_58.071320_3> (length 415)
prokka_out/CA114720:NODE_1_length_324161_cov_58.071320_3> (length 424)
prokka_out/CA114720:NODE_1_length_324161_cov_58.071320_3> (length 650)
prokka_out/CA114720:NODE_1_length_324161_cov_58.071320_3> (length 286)
prokka_out/CA114720:NODE_1_length_324161_cov_58.071320_3> (length 57)
prokka_out/CA114720:NODE_1_length_324161_cov_58.071320_3> (length 254)
prokka_out/CA114720:NODE_1_length_324161_cov_58.071320_3> (length 289)
prokka_out/CA114720:NODE_1_length_324161_cov_58.071320_3> (length 416)
prokka_out/CA114720:NODE_1_length_324161_cov_58.071320_3> (length 224)
prokka_out/CA114720:NODE_1_length_324161_cov_58.071320_3> (length 257)
prokka_out/CA114720:NODE_1_length_324161_cov_58.071320_3> (length 206)
prokka_out/CA114720:NODE_1_length_324161_cov_58.071320_3> (length 106)
prokka_out/CA114720:NODE_1_length_324161_cov_58.071320_3> (length 335)
prokka_out/CA114720:NODE_1_length_324161_cov_58.071320_3> (length 82)
prokka_out/CA114720:NODE_1_length_324161_cov_58.071320_3> (length 147)
prokka_out/CA114720:NODE_1_length_324161_cov_58.071320_3> (length 60)
prokka_out/CA114720:NODE_1_length_324161_cov_58.071320_3> (length 203)
prokka_out/CA114720:NODE_1_length_324161_cov_58.071320_3> (length 663)
prokka_out/CA114720:NODE_1_length_324161_cov_58.071320_3> (length 298)
prokka_out/CA114720:NODE_2_length_271635_cov_57.555321_1 (length 402)
prokka_out/CA114720:NODE_2_length_271635_cov_57.555321_2 (length 353)
prokka_out/CA114720:NODE_2_length_271635_cov_57.555321_3 (length 492)
prokka_out/CA114720:NODE_2_length_271635_cov_57.555321_4 (length 247)
prokka_out/CA114720:NODE_2_length_271635_cov_57.555321_5 (length 135)
prokka_out/CA114720:NODE_2_length_271635_cov_57.555321_6 (length 111)
prokka_out/CA114720:NODE_2_length_271635_cov_57.555321_7 (length 164)
prokka_out/CA114720:NODE_2_length_271635_cov_57.555321_8 (length 77)
prokka_out/CA114720:NODE_2_length_271635_cov_57.555321_9 (length 143)
prokka_out/CA114720:NODE_2_length_271635_cov_57.555321_10 (length 56)
prokka_out/CA114720:NODE_2_length_271635_cov_57.555321_11 (length 251)
prokka_out/CA114720:NODE_2_length_271635_cov_57.555321_12 (length 221)
prokka_out/CA114720:NODE_2_length_271635_cov_57.555321_13 (length 77)
prokka_out/CA114720:NODE_2_length_271635_cov_57.555321_14 (length 404)
prokka_out/CA114720:NODE_2_length_271635_cov_57.555321_15 (length 312)
prokka_out/CA114720:NODE_2_length_271635_cov_57.555321_16 (length 690)
prokka_out/CA114720:NODE_2_length_271635_cov_57.555321_17 (length 198)
prokka_out/CA114720:NODE_2_length_271635_cov_57.555321_18 (length 365)
prokka_out/CA114720:NODE_2_length_271635_cov_57.555321_19 (length 71)
prokka_out/CA114720:NODE_2_length_271635_cov_57.555321_20 (length 64)
prokka_out/CA114720:NODE_2_length_271635_cov_57.555321_21 (length 215)
prokka_out/CA114720:NODE_2_length_271635_cov_57.555321_22 (length 251)
prokka_out/CA114720:NODE_2_length_271635_cov_57.555321_23 (length 430)
prokka_out/CA114720:NODE_2_length_271635_cov_57.555321_24 (length 172)
prokka_out/CA114720:NODE_2_length_271635_cov_57.555321_25 (length 175)
prokka_out/CA114720:NODE_2_length_271635_cov_57.555321_26 (length 319)
prokka_out/CA114720:NODE_2_length_271635_cov_57.555321_27 (length 216)
prokka_out/CA114720:NODE_2_length_271635_cov_57.555321_28 (length 433)
prokka_out/CA114720:NODE_2_length_271635_cov_57.555321_29 (length 80)
prokka_out/CA114720:NODE_2_length_271635_cov_57.555321_30 (length 362)
prokka_out/CA114720:NODE_2_length_271635_cov_57.555321_31 (length 395)
prokka_out/CA114720:NODE_2_length_271635_cov_57.555321_32 (length 348)
prokka_out/CA114720:NODE_2_length_271635_cov_57.555321_33 (length 406)
prokka_out/CA114720:NODE_2_length_271635_cov_57.555321_34 (length 607)
prokka_out/CA114720:NODE_2_length_271635_cov_57.555321_35 (length 127)
prokka_out/CA114720:NODE_2_length_271635_cov_57.555321_36 (length 198)
prokka_out/CA114720:NODE_2_length_271635_cov_57.555321_37 (length 233)
prokka_out/CA114720:NODE_2_length_271635_cov_57.555321_38 (length 218)
prokka_out/CA114720:NODE_2_length_271635_cov_57.555321_39 (length 245)
prokka_out/CA114720:NODE_2_length_271635_cov_57.555321_40 (length 399)
prokka_out/CA114720:NODE_2_length_271635_cov_57.555321_41 (length 52)
prokka_out/CA114720:NODE_2_length_271635_cov_57.555321_42 (length 59)
prokka_out/CA114720:NODE_2_length_271635_cov_57.555321_43 (length 177)
prokka_out/CA114720:NODE_2_length_271635_cov_57.555321_44 (length 141)
prokka_out/CA114720:NODE_2_length_271635_cov_57.555321_45 (length 233)
prokka_out/CA114720:NODE_2_length_271635_cov_57.555321_46 (length 159)
prokka_out/CA114720:NODE_2_length_271635_cov_57.555321_47 (length 125)
prokka_out/CA114720:NODE_2_length_271635_cov_57.555321_48 (length 1375)
prokka_out/CA114720:NODE_2_length_271635_cov_57.555321_49 (length 1517)
prokka_out/CA114720:NODE_2_length_271635_cov_57.555321_50 (length 128)
prokka_out/CA114720:NODE_2_length_271635_cov_57.555321_51 (length 156)
prokka_out/CA114720:NODE_2_length_271635_cov_57.555321_52 (length 691)
prokka_out/CA114720:NODE_2_length_271635_cov_57.555321_53 (length 48)
prokka_out/CA114720:NODE_2_length_271635_cov_57.555321_54 (length 233)
prokka_out/CA114720:NODE_2_length_271635_cov_57.555321_55 (length 124)
prokka_out/CA114720:NODE_2_length_271635_cov_57.555321_56 (length 425)
prokka_out/CA114720:NODE_2_length_271635_cov_57.555321_57 (length 258)
prokka_out/CA114720:NODE_2_length_271635_cov_57.555321_58 (length 161)
prokka_out/CA114720:NODE_2_length_271635_cov_57.555321_59 (length 332)
prokka_out/CA114720:NODE_2_length_271635_cov_57.555321_60 (length 214)
prokka_out/CA114720:NODE_2_length_271635_cov_57.555321_61 (length 303)
prokka_out/CA114720:NODE_2_length_271635_cov_57.555321_62 (length 278)
prokka_out/CA114720:NODE_2_length_271635_cov_57.555321_63 (length 357)
prokka_out/CA114720:NODE_2_length_271635_cov_57.555321_64 (length 842)
prokka_out/CA114720:NODE_2_length_271635_cov_57.555321_65 (length 183)
prokka_out/CA114720:NODE_2_length_271635_cov_57.555321_66 (length 643)
prokka_out/CA114720:NODE_2_length_271635_cov_57.555321_67 (length 857)
prokka_out/CA114720:NODE_2_length_271635_cov_57.555321_68 (length 96)
prokka_out/CA114720:NODE_2_length_271635_cov_57.555321_69 (length 439)
prokka_out/CA114720:NODE_2_length_271635_cov_57.555321_70 (length 236)
prokka_out/CA114720:NODE_2_length_271635_cov_57.555321_71 (length 81)
prokka_out/CA114720:NODE_2_length_271635_cov_57.555321_72 (length 215)
prokka_out/CA114720:NODE_2_length_271635_cov_57.555321_73 (length 398)
prokka_out/CA114720:NODE_2_length_271635_cov_57.555321_74 (length 230)
prokka_out/CA114720:NODE_2_length_271635_cov_57.555321_75 (length 122)
prokka_out/CA114720:NODE_2_length_271635_cov_57.555321_76 (length 608)
prokka_out/CA114720:NODE_2_length_271635_cov_57.555321_77 (length 105)
prokka_out/CA114720:NODE_2_length_271635_cov_57.555321_78 (length 144)
prokka_out/CA114720:NODE_2_length_271635_cov_57.555321_79 (length 201)
prokka_out/CA114720:NODE_2_length_271635_cov_57.555321_80 (length 111)
prokka_out/CA114720:NODE_2_length_271635_cov_57.555321_81 (length 101)
prokka_out/CA114720:NODE_2_length_271635_cov_57.555321_82 (length 602)
prokka_out/CA114720:NODE_2_length_271635_cov_57.555321_83 (length 98)
prokka_out/CA114720:NODE_2_length_271635_cov_57.555321_84 (length 164)
prokka_out/CA114720:NODE_2_length_271635_cov_57.555321_85 (length 143)
prokka_out/CA114720:NODE_2_length_271635_cov_57.555321_86 (length 259)
prokka_out/CA114720:NODE_2_length_271635_cov_57.555321_87 (length 856)
prokka_out/CA114720:NODE_2_length_271635_cov_57.555321_88 (length 734)
prokka_out/CA114720:NODE_2_length_271635_cov_57.555321_89 (length 300)
prokka_out/CA114720:NODE_2_length_271635_cov_57.555321_90 (length 387)
prokka_out/CA114720:NODE_2_length_271635_cov_57.555321_91 (length 289)
prokka_out/CA114720:NODE_2_length_271635_cov_57.555321_92 (length 103)
prokka_out/CA114720:NODE_2_length_271635_cov_57.555321_93 (length 374)
prokka_out/CA114720:NODE_2_length_271635_cov_57.555321_94 (length 281)
prokka_out/CA114720:NODE_2_length_271635_cov_57.555321_95 (length 185)
prokka_out/CA114720:NODE_2_length_271635_cov_57.555321_96 (length 87)
prokka_out/CA114720:NODE_2_length_271635_cov_57.555321_97 (length 178)
prokka_out/CA114720:NODE_2_length_271635_cov_57.555321_98 (length 297)
prokka_out/CA114720:NODE_2_length_271635_cov_57.555321_99 (length 432)
prokka_out/CA114720:NODE_2_length_271635_cov_57.555321_1> (length 568)
prokka_out/CA114720:NODE_2_length_271635_cov_57.555321_1> (length 129)
prokka_out/CA114720:NODE_2_length_271635_cov_57.555321_1> (length 307)
prokka_out/CA114720:NODE_2_length_271635_cov_57.555321_1> (length 600)
prokka_out/CA114720:NODE_2_length_271635_cov_57.555321_1> (length 121)
prokka_out/CA114720:NODE_2_length_271635_cov_57.555321_1> (length 642)
prokka_out/CA114720:NODE_2_length_271635_cov_57.555321_1> (length 128)
prokka_out/CA114720:NODE_2_length_271635_cov_57.555321_1> (length 91)
prokka_out/CA114720:NODE_2_length_271635_cov_57.555321_1> (length 189)
prokka_out/CA114720:NODE_2_length_271635_cov_57.555321_1> (length 230)
prokka_out/CA114720:NODE_2_length_271635_cov_57.555321_1> (length 317)
prokka_out/CA114720:NODE_2_length_271635_cov_57.555321_1> (length 334)
prokka_out/CA114720:NODE_2_length_271635_cov_57.555321_1> (length 428)
prokka_out/CA114720:NODE_2_length_271635_cov_57.555321_1> (length 265)
prokka_out/CA114720:NODE_2_length_271635_cov_57.555321_1> (length 361)
prokka_out/CA114720:NODE_2_length_271635_cov_57.555321_1> (length 410)
prokka_out/CA114720:NODE_2_length_271635_cov_57.555321_1> (length 311)
prokka_out/CA114720:NODE_2_length_271635_cov_57.555321_1> (length 442)
prokka_out/CA114720:NODE_2_length_271635_cov_57.555321_1> (length 309)
prokka_out/CA114720:NODE_2_length_271635_cov_57.555321_1> (length 458)
prokka_out/CA114720:NODE_2_length_271635_cov_57.555321_1> (length 186)
prokka_out/CA114720:NODE_2_length_271635_cov_57.555321_1> (length 65)
prokka_out/CA114720:NODE_2_length_271635_cov_57.555321_1> (length 242)
prokka_out/CA114720:NODE_2_length_271635_cov_57.555321_1> (length 488)
prokka_out/CA114720:NODE_2_length_271635_cov_57.555321_1> (length 490)
prokka_out/CA114720:NODE_2_length_271635_cov_57.555321_1> (length 355)
prokka_out/CA114720:NODE_2_length_271635_cov_57.555321_1> (length 290)
prokka_out/CA114720:NODE_2_length_271635_cov_57.555321_1> (length 339)
prokka_out/CA114720:NODE_2_length_271635_cov_57.555321_1> (length 147)
prokka_out/CA114720:NODE_2_length_271635_cov_57.555321_1> (length 566)
prokka_out/CA114720:NODE_2_length_271635_cov_57.555321_1> (length 154)
prokka_out/CA114720:NODE_2_length_271635_cov_57.555321_1> (length 321)
prokka_out/CA114720:NODE_2_length_271635_cov_57.555321_1> (length 342)
prokka_out/CA114720:NODE_2_length_271635_cov_57.555321_1> (length 245)
prokka_out/CA114720:NODE_2_length_271635_cov_57.555321_1> (length 138)
prokka_out/CA114720:NODE_2_length_271635_cov_57.555321_1> (length 355)
prokka_out/CA114720:NODE_2_length_271635_cov_57.555321_1> (length 156)
prokka_out/CA114720:NODE_2_length_271635_cov_57.555321_1> (length 400)
prokka_out/CA114720:NODE_2_length_271635_cov_57.555321_1> (length 178)
prokka_out/CA114720:NODE_2_length_271635_cov_57.555321_1> (length 201)
prokka_out/CA114720:NODE_2_length_271635_cov_57.555321_1> (length 389)
prokka_out/CA114720:NODE_2_length_271635_cov_57.555321_1> (length 647)
prokka_out/CA114720:NODE_2_length_271635_cov_57.555321_1> (length 334)
prokka_out/CA114720:NODE_2_length_271635_cov_57.555321_1> (length 253)
prokka_out/CA114720:NODE_2_length_271635_cov_57.555321_1> (length 284)
prokka_out/CA114720:NODE_2_length_271635_cov_57.555321_1> (length 235)
prokka_out/CA114720:NODE_2_length_271635_cov_57.555321_1> (length 71)
prokka_out/CA114720:NODE_2_length_271635_cov_57.555321_1> (length 146)
prokka_out/CA114720:NODE_2_length_271635_cov_57.555321_1> (length 210)
prokka_out/CA114720:NODE_2_length_271635_cov_57.555321_1> (length 216)
prokka_out/CA114720:NODE_2_length_271635_cov_57.555321_1> (length 208)
prokka_out/CA114720:NODE_2_length_271635_cov_57.555321_1> (length 273)
prokka_out/CA114720:NODE_2_length_271635_cov_57.555321_1> (length 354)
prokka_out/CA114720:NODE_2_length_271635_cov_57.555321_1> (length 480)
prokka_out/CA114720:NODE_2_length_271635_cov_57.555321_1> (length 317)
prokka_out/CA114720:NODE_2_length_271635_cov_57.555321_1> (length 291)
prokka_out/CA114720:NODE_2_length_271635_cov_57.555321_1> (length 447)
prokka_out/CA114720:NODE_2_length_271635_cov_57.555321_1> (length 222)
prokka_out/CA114720:NODE_2_length_271635_cov_57.555321_1> (length 567)
prokka_out/CA114720:NODE_2_length_271635_cov_57.555321_1> (length 31)
prokka_out/CA114720:NODE_2_length_271635_cov_57.555321_1> (length 61)
prokka_out/CA114720:NODE_2_length_271635_cov_57.555321_1> (length 178)
prokka_out/CA114720:NODE_2_length_271635_cov_57.555321_1> (length 396)
prokka_out/CA114720:NODE_2_length_271635_cov_57.555321_1> (length 390)
prokka_out/CA114720:NODE_2_length_271635_cov_57.555321_1> (length 641)
prokka_out/CA114720:NODE_2_length_271635_cov_57.555321_1> (length 456)
prokka_out/CA114720:NODE_2_length_271635_cov_57.555321_1> (length 392)
prokka_out/CA114720:NODE_2_length_271635_cov_57.555321_1> (length 336)
prokka_out/CA114720:NODE_2_length_271635_cov_57.555321_1> (length 458)
prokka_out/CA114720:NODE_2_length_271635_cov_57.555321_1> (length 167)
prokka_out/CA114720:NODE_2_length_271635_cov_57.555321_1> (length 331)
prokka_out/CA114720:NODE_2_length_271635_cov_57.555321_1> (length 304)
prokka_out/CA114720:NODE_2_length_271635_cov_57.555321_1> (length 362)
prokka_out/CA114720:NODE_2_length_271635_cov_57.555321_1> (length 246)
prokka_out/CA114720:NODE_2_length_271635_cov_57.555321_1> (length 203)
prokka_out/CA114720:NODE_2_length_271635_cov_57.555321_1> (length 215)
prokka_out/CA114720:NODE_2_length_271635_cov_57.555321_1> (length 438)
prokka_out/CA114720:NODE_2_length_271635_cov_57.555321_1> (length 215)
prokka_out/CA114720:NODE_2_length_271635_cov_57.555321_1> (length 506)
prokka_out/CA114720:NODE_2_length_271635_cov_57.555321_1> (length 729)
prokka_out/CA114720:NODE_2_length_271635_cov_57.555321_1> (length 247)
prokka_out/CA114720:NODE_2_length_271635_cov_57.555321_1> (length 93)
prokka_out/CA114720:NODE_2_length_271635_cov_57.555321_1> (length 363)
prokka_out/CA114720:NODE_2_length_271635_cov_57.555321_1> (length 324)
prokka_out/CA114720:NODE_2_length_271635_cov_57.555321_1> (length 114)
prokka_out/CA114720:NODE_2_length_271635_cov_57.555321_1> (length 321)
prokka_out/CA114720:NODE_2_length_271635_cov_57.555321_1> (length 644)
prokka_out/CA114720:NODE_2_length_271635_cov_57.555321_1> (length 340)
prokka_out/CA114720:NODE_2_length_271635_cov_57.555321_1> (length 360)
prokka_out/CA114720:NODE_2_length_271635_cov_57.555321_1> (length 257)
prokka_out/CA114720:NODE_2_length_271635_cov_57.555321_1> (length 127)
prokka_out/CA114720:NODE_2_length_271635_cov_57.555321_1> (length 292)
prokka_out/CA114720:NODE_2_length_271635_cov_57.555321_1> (length 165)
prokka_out/CA114720:NODE_2_length_271635_cov_57.555321_1> (length 172)
prokka_out/CA114720:NODE_2_length_271635_cov_57.555321_1> (length 192)
prokka_out/CA114720:NODE_2_length_271635_cov_57.555321_1> (length 583)
prokka_out/CA114720:NODE_2_length_271635_cov_57.555321_1> (length 286)
prokka_out/CA114720:NODE_2_length_271635_cov_57.555321_1> (length 507)
prokka_out/CA114720:NODE_2_length_271635_cov_57.555321_1> (length 414)
prokka_out/CA114720:NODE_2_length_271635_cov_57.555321_1> (length 271)
prokka_out/CA114720:NODE_2_length_271635_cov_57.555321_2> (length 372)
prokka_out/CA114720:NODE_2_length_271635_cov_57.555321_2> (length 276)
prokka_out/CA114720:NODE_2_length_271635_cov_57.555321_2> (length 162)
prokka_out/CA114720:NODE_2_length_271635_cov_57.555321_2> (length 171)
prokka_out/CA114720:NODE_2_length_271635_cov_57.555321_2> (length 153)
prokka_out/CA114720:NODE_2_length_271635_cov_57.555321_2> (length 198)
prokka_out/CA114720:NODE_2_length_271635_cov_57.555321_2> (length 164)
prokka_out/CA114720:NODE_2_length_271635_cov_57.555321_2> (length 601)
prokka_out/CA114720:NODE_2_length_271635_cov_57.555321_2> (length 596)
prokka_out/CA114720:NODE_2_length_271635_cov_57.555321_2> (length 80)
prokka_out/CA114720:NODE_2_length_271635_cov_57.555321_2> (length 182)
prokka_out/CA114720:NODE_2_length_271635_cov_57.555321_2> (length 368)
prokka_out/CA114720:NODE_2_length_271635_cov_57.555321_2> (length 291)
prokka_out/CA114720:NODE_2_length_271635_cov_57.555321_2> (length 439)
prokka_out/CA114720:NODE_2_length_271635_cov_57.555321_2> (length 180)
prokka_out/CA114720:NODE_2_length_271635_cov_57.555321_2> (length 147)
prokka_out/CA114720:NODE_2_length_271635_cov_57.555321_2> (length 406)
prokka_out/CA114720:NODE_2_length_271635_cov_57.555321_2> (length 94)
prokka_out/CA114720:NODE_2_length_271635_cov_57.555321_2> (length 135)
prokka_out/CA114720:NODE_2_length_271635_cov_57.555321_2> (length 242)
prokka_out/CA114720:NODE_2_length_271635_cov_57.555321_2> (length 416)
prokka_out/CA114720:NODE_2_length_271635_cov_57.555321_2> (length 474)
prokka_out/CA114720:NODE_2_length_271635_cov_57.555321_2> (length 105)
prokka_out/CA114720:NODE_2_length_271635_cov_57.555321_2> (length 96)
prokka_out/CA114720:NODE_2_length_271635_cov_57.555321_2> (length 77)
prokka_out/CA114720:NODE_2_length_271635_cov_57.555321_2> (length 95)
prokka_out/CA114720:NODE_2_length_271635_cov_57.555321_2> (length 162)
prokka_out/CA114720:NODE_2_length_271635_cov_57.555321_2> (length 273)
prokka_out/CA114720:NODE_2_length_271635_cov_57.555321_2> (length 78)
prokka_out/CA114720:NODE_2_length_271635_cov_57.555321_2> (length 96)
prokka_out/CA114720:NODE_2_length_271635_cov_57.555321_2> (length 188)
prokka_out/CA114720:NODE_2_length_271635_cov_57.555321_2> (length 192)
prokka_out/CA114720:NODE_2_length_271635_cov_57.555321_2> (length 383)
prokka_out/CA114720:NODE_2_length_271635_cov_57.555321_2> (length 207)
prokka_out/CA114720:NODE_2_length_271635_cov_57.555321_2> (length 657)
prokka_out/CA114720:NODE_2_length_271635_cov_57.555321_2> (length 76)
prokka_out/CA114720:NODE_2_length_271635_cov_57.555321_2> (length 80)
prokka_out/CA114720:NODE_2_length_271635_cov_57.555321_2> (length 145)
prokka_out/CA114720:NODE_2_length_271635_cov_57.555321_2> (length 617)
prokka_out/CA114720:NODE_2_length_271635_cov_57.555321_2> (length 464)
prokka_out/CA114720:NODE_2_length_271635_cov_57.555321_2> (length 357)
prokka_out/CA114720:NODE_2_length_271635_cov_57.555321_2> (length 232)
prokka_out/CA114720:NODE_2_length_271635_cov_57.555321_2> (length 500)
prokka_out/CA114720:NODE_2_length_271635_cov_57.555321_2> (length 398)
prokka_out/CA114720:NODE_2_length_271635_cov_57.555321_2> (length 1250)
prokka_out/CA114720:NODE_2_length_271635_cov_57.555321_2> (length 163)
prokka_out/CA114720:NODE_2_length_271635_cov_57.555321_2> (length 312)
prokka_out/CA114720:NODE_2_length_271635_cov_57.555321_2> (length 310)
prokka_out/CA114720:NODE_2_length_271635_cov_57.555321_2> (length 496)
prokka_out/CA114720:NODE_2_length_271635_cov_57.555321_2> (length 460)
prokka_out/CA114720:NODE_2_length_271635_cov_57.555321_2> (length 370)
prokka_out/CA114720:NODE_2_length_271635_cov_57.555321_2> (length 270)
prokka_out/CA114720:NODE_2_length_271635_cov_57.555321_2> (length 262)
prokka_out/CA114720:NODE_2_length_271635_cov_57.555321_2> (length 476)
prokka_out/CA114720:NODE_2_length_271635_cov_57.555321_2> (length 231)
prokka_out/CA114720:NODE_2_length_271635_cov_57.555321_2> (length 417)
prokka_out/CA114720:NODE_2_length_271635_cov_57.555321_2> (length 164)
prokka_out/CA114720:NODE_2_length_271635_cov_57.555321_2> (length 178)
prokka_out/CA114720:NODE_2_length_271635_cov_57.555321_2> (length 287)
prokka_out/CA114720:NODE_2_length_271635_cov_57.555321_2> (length 241)
prokka_out/CA114720:NODE_2_length_271635_cov_57.555321_2> (length 238)
prokka_out/CA114720:NODE_2_length_271635_cov_57.555321_2> (length 385)
prokka_out/CA114720:NODE_2_length_271635_cov_57.555321_2> (length 250)
prokka_out/CA114720:NODE_2_length_271635_cov_57.555321_2> (length 445)
prokka_out/CA114720:NODE_2_length_271635_cov_57.555321_2> (length 75)
prokka_out/CA114720:NODE_2_length_271635_cov_57.555321_2> (length 80)
prokka_out/CA114720:NODE_2_length_271635_cov_57.555321_2> (length 179)
prokka_out/CA114720:NODE_2_length_271635_cov_57.555321_2> (length 234)
prokka_out/CA114720:NODE_2_length_271635_cov_57.555321_2> (length 118)
prokka_out/CA114720:NODE_2_length_271635_cov_57.555321_2> (length 137)
prokka_out/CA114720:NODE_2_length_271635_cov_57.555321_2> (length 446)
prokka_out/CA114720:NODE_2_length_271635_cov_57.555321_2> (length 109)
prokka_out/CA114720:NODE_2_length_271635_cov_57.555321_2> (length 1200)
prokka_out/CA114720:NODE_2_length_271635_cov_57.555321_2> (length 210)
prokka_out/CA114720:NODE_2_length_271635_cov_57.555321_2> (length 248)
prokka_out/CA114720:NODE_2_length_271635_cov_57.555321_2> (length 156)
prokka_out/CA114720:NODE_2_length_271635_cov_57.555321_2> (length 271)
prokka_out/CA114720:NODE_2_length_271635_cov_57.555321_2> (length 395)
prokka_out/CA114720:NODE_2_length_271635_cov_57.555321_2> (length 61)
prokka_out/CA114720:NODE_2_length_271635_cov_57.555321_2> (length 180)
prokka_out/CA114720:NODE_2_length_271635_cov_57.555321_2> (length 327)
prokka_out/CA114720:NODE_2_length_271635_cov_57.555321_2> (length 134)
prokka_out/CA114720:NODE_2_length_271635_cov_57.555321_2> (length 239)
prokka_out/CA114720:NODE_2_length_271635_cov_57.555321_2> (length 251)
prokka_out/CA114720:NODE_2_length_271635_cov_57.555321_2> (length 86)
prokka_out/CA114720:NODE_2_length_271635_cov_57.555321_2> (length 124)
prokka_out/CA114720:NODE_3_length_264240_cov_55.000500_1 (length 304)
prokka_out/CA114720:NODE_3_length_264240_cov_55.000500_2 (length 299)
prokka_out/CA114720:NODE_3_length_264240_cov_55.000500_3 (length 422)
prokka_out/CA114720:NODE_3_length_264240_cov_55.000500_4 (length 1309)
prokka_out/CA114720:NODE_3_length_264240_cov_55.000500_5 (length 119)
prokka_out/CA114720:NODE_3_length_264240_cov_55.000500_6 (length 195)
prokka_out/CA114720:NODE_3_length_264240_cov_55.000500_7 (length 119)
prokka_out/CA114720:NODE_3_length_264240_cov_55.000500_8 (length 507)
prokka_out/CA114720:NODE_3_length_264240_cov_55.000500_9 (length 105)
prokka_out/CA114720:NODE_3_length_264240_cov_55.000500_10 (length 503)
prokka_out/CA114720:NODE_3_length_264240_cov_55.000500_11 (length 169)
prokka_out/CA114720:NODE_3_length_264240_cov_55.000500_12 (length 167)
prokka_out/CA114720:NODE_3_length_264240_cov_55.000500_13 (length 167)
prokka_out/CA114720:NODE_3_length_264240_cov_55.000500_14 (length 164)
prokka_out/CA114720:NODE_3_length_264240_cov_55.000500_15 (length 644)
prokka_out/CA114720:NODE_3_length_264240_cov_55.000500_16 (length 1164)
prokka_out/CA114720:NODE_3_length_264240_cov_55.000500_17 (length 428)
prokka_out/CA114720:NODE_3_length_264240_cov_55.000500_18 (length 267)
prokka_out/CA114720:NODE_3_length_264240_cov_55.000500_19 (length 572)
prokka_out/CA114720:NODE_3_length_264240_cov_55.000500_20 (length 70)
prokka_out/CA114720:NODE_3_length_264240_cov_55.000500_21 (length 58)
prokka_out/CA114720:NODE_3_length_264240_cov_55.000500_22 (length 95)
prokka_out/CA114720:NODE_3_length_264240_cov_55.000500_23 (length 52)
prokka_out/CA114720:NODE_3_length_264240_cov_55.000500_24 (length 40)
prokka_out/CA114720:NODE_3_length_264240_cov_55.000500_25 (length 93)
prokka_out/CA114720:NODE_3_length_264240_cov_55.000500_26 (length 75)
prokka_out/CA114720:NODE_3_length_264240_cov_55.000500_27 (length 46)
prokka_out/CA114720:NODE_3_length_264240_cov_55.000500_28 (length 69)
prokka_out/CA114720:NODE_3_length_264240_cov_55.000500_29 (length 47)
prokka_out/CA114720:NODE_3_length_264240_cov_55.000500_30 (length 38)
prokka_out/CA114720:NODE_3_length_264240_cov_55.000500_31 (length 64)
prokka_out/CA114720:NODE_3_length_264240_cov_55.000500_32 (length 76)
prokka_out/CA114720:NODE_3_length_264240_cov_55.000500_33 (length 86)
prokka_out/CA114720:NODE_3_length_264240_cov_55.000500_34 (length 199)
prokka_out/CA114720:NODE_3_length_264240_cov_55.000500_35 (length 116)
prokka_out/CA114720:NODE_3_length_264240_cov_55.000500_36 (length 35)
prokka_out/CA114720:NODE_3_length_264240_cov_55.000500_37 (length 255)
prokka_out/CA114720:NODE_3_length_264240_cov_55.000500_38 (length 373)
prokka_out/CA114720:NODE_3_length_264240_cov_55.000500_39 (length 466)
prokka_out/CA114720:NODE_3_length_264240_cov_55.000500_40 (length 351)
prokka_out/CA114720:NODE_3_length_264240_cov_55.000500_41 (length 523)
prokka_out/CA114720:NODE_3_length_264240_cov_55.000500_42 (length 416)
prokka_out/CA114720:NODE_3_length_264240_cov_55.000500_43 (length 536)
prokka_out/CA114720:NODE_3_length_264240_cov_55.000500_44 (length 138)
prokka_out/CA114720:NODE_3_length_264240_cov_55.000500_45 (length 172)
prokka_out/CA114720:NODE_3_length_264240_cov_55.000500_46 (length 170)
prokka_out/CA114720:NODE_3_length_264240_cov_55.000500_47 (length 622)
prokka_out/CA114720:NODE_3_length_264240_cov_55.000500_48 (length 293)
prokka_out/CA114720:NODE_3_length_264240_cov_55.000500_49 (length 365)
prokka_out/CA114720:NODE_3_length_264240_cov_55.000500_50 (length 190)
prokka_out/CA114720:NODE_3_length_264240_cov_55.000500_51 (length 188)
prokka_out/CA114720:NODE_3_length_264240_cov_55.000500_52 (length 186)
prokka_out/CA114720:NODE_3_length_264240_cov_55.000500_53 (length 327)
prokka_out/CA114720:NODE_3_length_264240_cov_55.000500_54 (length 306)
prokka_out/CA114720:NODE_3_length_264240_cov_55.000500_55 (length 163)
prokka_out/CA114720:NODE_3_length_264240_cov_55.000500_56 (length 451)
prokka_out/CA114720:NODE_3_length_264240_cov_55.000500_57 (length 421)
prokka_out/CA114720:NODE_3_length_264240_cov_55.000500_58 (length 252)
prokka_out/CA114720:NODE_3_length_264240_cov_55.000500_59 (length 68)
prokka_out/CA114720:NODE_3_length_264240_cov_55.000500_60 (length 204)
prokka_out/CA114720:NODE_3_length_264240_cov_55.000500_61 (length 383)
prokka_out/CA114720:NODE_3_length_264240_cov_55.000500_62 (length 246)
prokka_out/CA114720:NODE_3_length_264240_cov_55.000500_63 (length 372)
prokka_out/CA114720:NODE_3_length_264240_cov_55.000500_64 (length 279)
prokka_out/CA114720:NODE_3_length_264240_cov_55.000500_65 (length 415)
prokka_out/CA114720:NODE_3_length_264240_cov_55.000500_66 (length 422)
prokka_out/CA114720:NODE_3_length_264240_cov_55.000500_67 (length 175)
prokka_out/CA114720:NODE_3_length_264240_cov_55.000500_68 (length 57)
prokka_out/CA114720:NODE_3_length_264240_cov_55.000500_69 (length 192)
prokka_out/CA114720:NODE_3_length_264240_cov_55.000500_70 (length 291)
prokka_out/CA114720:NODE_3_length_264240_cov_55.000500_71 (length 185)
prokka_out/CA114720:NODE_3_length_264240_cov_55.000500_72 (length 330)
prokka_out/CA114720:NODE_3_length_264240_cov_55.000500_73 (length 107)
prokka_out/CA114720:NODE_3_length_264240_cov_55.000500_74 (length 71)
prokka_out/CA114720:NODE_3_length_264240_cov_55.000500_75 (length 124)
prokka_out/CA114720:NODE_3_length_264240_cov_55.000500_76 (length 396)
prokka_out/CA114720:NODE_3_length_264240_cov_55.000500_77 (length 202)
prokka_out/CA114720:NODE_3_length_264240_cov_55.000500_78 (length 159)
prokka_out/CA114720:NODE_3_length_264240_cov_55.000500_79 (length 44)
prokka_out/CA114720:NODE_3_length_264240_cov_55.000500_80 (length 108)
prokka_out/CA114720:NODE_3_length_264240_cov_55.000500_81 (length 123)
prokka_out/CA114720:NODE_3_length_264240_cov_55.000500_82 (length 530)
prokka_out/CA114720:NODE_3_length_264240_cov_55.000500_83 (length 272)
prokka_out/CA114720:NODE_3_length_264240_cov_55.000500_84 (length 442)
prokka_out/CA114720:NODE_3_length_264240_cov_55.000500_85 (length 728)
prokka_out/CA114720:NODE_3_length_264240_cov_55.000500_86 (length 256)
prokka_out/CA114720:NODE_3_length_264240_cov_55.000500_87 (length 510)
prokka_out/CA114720:NODE_3_length_264240_cov_55.000500_88 (length 530)
prokka_out/CA114720:NODE_3_length_264240_cov_55.000500_89 (length 144)
prokka_out/CA114720:NODE_3_length_264240_cov_55.000500_90 (length 325)
prokka_out/CA114720:NODE_3_length_264240_cov_55.000500_91 (length 295)
prokka_out/CA114720:NODE_3_length_264240_cov_55.000500_92 (length 290)
prokka_out/CA114720:NODE_3_length_264240_cov_55.000500_93 (length 448)
prokka_out/CA114720:NODE_3_length_264240_cov_55.000500_94 (length 447)
prokka_out/CA114720:NODE_3_length_264240_cov_55.000500_95 (length 244)
prokka_out/CA114720:NODE_3_length_264240_cov_55.000500_96 (length 169)
prokka_out/CA114720:NODE_3_length_264240_cov_55.000500_97 (length 862)
prokka_out/CA114720:NODE_3_length_264240_cov_55.000500_98 (length 401)
prokka_out/CA114720:NODE_3_length_264240_cov_55.000500_99 (length 261)
prokka_out/CA114720:NODE_3_length_264240_cov_55.000500_1> (length 126)
prokka_out/CA114720:NODE_3_length_264240_cov_55.000500_1> (length 1170)
prokka_out/CA114720:NODE_3_length_264240_cov_55.000500_1> (length 303)
prokka_out/CA114720:NODE_3_length_264240_cov_55.000500_1> (length 112)
prokka_out/CA114720:NODE_3_length_264240_cov_55.000500_1> (length 444)
prokka_out/CA114720:NODE_3_length_264240_cov_55.000500_1> (length 446)
prokka_out/CA114720:NODE_3_length_264240_cov_55.000500_1> (length 599)
prokka_out/CA114720:NODE_3_length_264240_cov_55.000500_1> (length 524)
prokka_out/CA114720:NODE_3_length_264240_cov_55.000500_1> (length 460)
prokka_out/CA114720:NODE_3_length_264240_cov_55.000500_1> (length 367)
prokka_out/CA114720:NODE_3_length_264240_cov_55.000500_1> (length 483)
prokka_out/CA114720:NODE_3_length_264240_cov_55.000500_1> (length 198)
prokka_out/CA114720:NODE_3_length_264240_cov_55.000500_1> (length 182)
prokka_out/CA114720:NODE_3_length_264240_cov_55.000500_1> (length 110)
prokka_out/CA114720:NODE_3_length_264240_cov_55.000500_1> (length 145)
prokka_out/CA114720:NODE_3_length_264240_cov_55.000500_1> (length 184)
prokka_out/CA114720:NODE_3_length_264240_cov_55.000500_1> (length 262)
prokka_out/CA114720:NODE_3_length_264240_cov_55.000500_1> (length 242)
prokka_out/CA114720:NODE_3_length_264240_cov_55.000500_1> (length 259)
prokka_out/CA114720:NODE_3_length_264240_cov_55.000500_1> (length 250)
prokka_out/CA114720:NODE_3_length_264240_cov_55.000500_1> (length 219)
prokka_out/CA114720:NODE_3_length_264240_cov_55.000500_1> (length 309)
prokka_out/CA114720:NODE_3_length_264240_cov_55.000500_1> (length 703)
prokka_out/CA114720:NODE_3_length_264240_cov_55.000500_1> (length 65)
prokka_out/CA114720:NODE_3_length_264240_cov_55.000500_1> (length 137)
prokka_out/CA114720:NODE_3_length_264240_cov_55.000500_1> (length 610)
prokka_out/CA114720:NODE_3_length_264240_cov_55.000500_1> (length 98)
prokka_out/CA114720:NODE_3_length_264240_cov_55.000500_1> (length 299)
prokka_out/CA114720:NODE_3_length_264240_cov_55.000500_1> (length 186)
prokka_out/CA114720:NODE_3_length_264240_cov_55.000500_1> (length 150)
prokka_out/CA114720:NODE_3_length_264240_cov_55.000500_1> (length 139)
prokka_out/CA114720:NODE_3_length_264240_cov_55.000500_1> (length 156)
prokka_out/CA114720:NODE_3_length_264240_cov_55.000500_1> (length 325)
prokka_out/CA114720:NODE_3_length_264240_cov_55.000500_1> (length 328)
prokka_out/CA114720:NODE_3_length_264240_cov_55.000500_1> (length 155)
prokka_out/CA114720:NODE_3_length_264240_cov_55.000500_1> (length 488)
prokka_out/CA114720:NODE_3_length_264240_cov_55.000500_1> (length 242)
prokka_out/CA114720:NODE_3_length_264240_cov_55.000500_1> (length 247)
prokka_out/CA114720:NODE_3_length_264240_cov_55.000500_1> (length 48)
prokka_out/CA114720:NODE_3_length_264240_cov_55.000500_1> (length 189)
prokka_out/CA114720:NODE_3_length_264240_cov_55.000500_1> (length 121)
prokka_out/CA114720:NODE_3_length_264240_cov_55.000500_1> (length 330)
prokka_out/CA114720:NODE_3_length_264240_cov_55.000500_1> (length 773)
prokka_out/CA114720:NODE_3_length_264240_cov_55.000500_1> (length 428)
prokka_out/CA114720:NODE_3_length_264240_cov_55.000500_1> (length 277)
prokka_out/CA114720:NODE_3_length_264240_cov_55.000500_1> (length 556)
prokka_out/CA114720:NODE_3_length_264240_cov_55.000500_1> (length 162)
prokka_out/CA114720:NODE_3_length_264240_cov_55.000500_1> (length 527)
prokka_out/CA114720:NODE_3_length_264240_cov_55.000500_1> (length 223)
prokka_out/CA114720:NODE_3_length_264240_cov_55.000500_1> (length 427)
prokka_out/CA114720:NODE_3_length_264240_cov_55.000500_1> (length 643)
prokka_out/CA114720:NODE_3_length_264240_cov_55.000500_1> (length 750)
prokka_out/CA114720:NODE_3_length_264240_cov_55.000500_1> (length 946)
prokka_out/CA114720:NODE_3_length_264240_cov_55.000500_1> (length 90)
prokka_out/CA114720:NODE_3_length_264240_cov_55.000500_1> (length 136)
prokka_out/CA114720:NODE_3_length_264240_cov_55.000500_1> (length 724)
prokka_out/CA114720:NODE_3_length_264240_cov_55.000500_1> (length 348)
prokka_out/CA114720:NODE_3_length_264240_cov_55.000500_1> (length 80)
prokka_out/CA114720:NODE_3_length_264240_cov_55.000500_1> (length 210)
prokka_out/CA114720:NODE_3_length_264240_cov_55.000500_1> (length 46)
prokka_out/CA114720:NODE_3_length_264240_cov_55.000500_1> (length 316)
prokka_out/CA114720:NODE_3_length_264240_cov_55.000500_1> (length 213)
prokka_out/CA114720:NODE_3_length_264240_cov_55.000500_1> (length 105)
prokka_out/CA114720:NODE_3_length_264240_cov_55.000500_1> (length 89)
prokka_out/CA114720:NODE_3_length_264240_cov_55.000500_1> (length 291)
prokka_out/CA114720:NODE_3_length_264240_cov_55.000500_1> (length 264)
prokka_out/CA114720:NODE_3_length_264240_cov_55.000500_1> (length 119)
prokka_out/CA114720:NODE_3_length_264240_cov_55.000500_1> (length 354)
prokka_out/CA114720:NODE_3_length_264240_cov_55.000500_1> (length 594)
prokka_out/CA114720:NODE_3_length_264240_cov_55.000500_1> (length 188)
prokka_out/CA114720:NODE_3_length_264240_cov_55.000500_1> (length 142)
prokka_out/CA114720:NODE_3_length_264240_cov_55.000500_1> (length 418)
prokka_out/CA114720:NODE_3_length_264240_cov_55.000500_1> (length 386)
prokka_out/CA114720:NODE_3_length_264240_cov_55.000500_1> (length 282)
prokka_out/CA114720:NODE_3_length_264240_cov_55.000500_1> (length 282)
prokka_out/CA114720:NODE_3_length_264240_cov_55.000500_1> (length 110)
prokka_out/CA114720:NODE_3_length_264240_cov_55.000500_1> (length 424)
prokka_out/CA114720:NODE_3_length_264240_cov_55.000500_1> (length 109)
prokka_out/CA114720:NODE_3_length_264240_cov_55.000500_1> (length 167)
prokka_out/CA114720:NODE_3_length_264240_cov_55.000500_1> (length 386)
prokka_out/CA114720:NODE_3_length_264240_cov_55.000500_1> (length 719)
prokka_out/CA114720:NODE_3_length_264240_cov_55.000500_1> (length 93)
prokka_out/CA114720:NODE_3_length_264240_cov_55.000500_1> (length 266)
prokka_out/CA114720:NODE_3_length_264240_cov_55.000500_1> (length 374)
prokka_out/CA114720:NODE_3_length_264240_cov_55.000500_1> (length 431)
prokka_out/CA114720:NODE_3_length_264240_cov_55.000500_1> (length 93)
prokka_out/CA114720:NODE_3_length_264240_cov_55.000500_1> (length 541)
prokka_out/CA114720:NODE_3_length_264240_cov_55.000500_1> (length 161)
prokka_out/CA114720:NODE_3_length_264240_cov_55.000500_1> (length 163)
prokka_out/CA114720:NODE_3_length_264240_cov_55.000500_1> (length 280)
prokka_out/CA114720:NODE_3_length_264240_cov_55.000500_1> (length 65)
prokka_out/CA114720:NODE_3_length_264240_cov_55.000500_1> (length 628)
prokka_out/CA114720:NODE_3_length_264240_cov_55.000500_1> (length 313)
prokka_out/CA114720:NODE_3_length_264240_cov_55.000500_1> (length 150)
prokka_out/CA114720:NODE_3_length_264240_cov_55.000500_1> (length 848)
prokka_out/CA114720:NODE_3_length_264240_cov_55.000500_1> (length 412)
prokka_out/CA114720:NODE_3_length_264240_cov_55.000500_1> (length 249)
prokka_out/CA114720:NODE_3_length_264240_cov_55.000500_1> (length 577)
prokka_out/CA114720:NODE_3_length_264240_cov_55.000500_1> (length 357)
prokka_out/CA114720:NODE_3_length_264240_cov_55.000500_1> (length 138)
prokka_out/CA114720:NODE_3_length_264240_cov_55.000500_2> (length 137)
prokka_out/CA114720:NODE_3_length_264240_cov_55.000500_2> (length 403)
prokka_out/CA114720:NODE_3_length_264240_cov_55.000500_2> (length 240)
prokka_out/CA114720:NODE_3_length_264240_cov_55.000500_2> (length 341)
prokka_out/CA114720:NODE_3_length_264240_cov_55.000500_2> (length 258)
prokka_out/CA114720:NODE_3_length_264240_cov_55.000500_2> (length 222)
prokka_out/CA114720:NODE_3_length_264240_cov_55.000500_2> (length 205)
prokka_out/CA114720:NODE_3_length_264240_cov_55.000500_2> (length 384)
prokka_out/CA114720:NODE_3_length_264240_cov_55.000500_2> (length 429)
prokka_out/CA114720:NODE_3_length_264240_cov_55.000500_2> (length 244)
prokka_out/CA114720:NODE_3_length_264240_cov_55.000500_2> (length 256)
prokka_out/CA114720:NODE_3_length_264240_cov_55.000500_2> (length 443)
prokka_out/CA114720:NODE_3_length_264240_cov_55.000500_2> (length 239)
prokka_out/CA114720:NODE_3_length_264240_cov_55.000500_2> (length 470)
prokka_out/CA114720:NODE_3_length_264240_cov_55.000500_2> (length 307)
prokka_out/CA114720:NODE_3_length_264240_cov_55.000500_2> (length 246)
prokka_out/CA114720:NODE_3_length_264240_cov_55.000500_2> (length 198)
prokka_out/CA114720:NODE_3_length_264240_cov_55.000500_2> (length 101)
prokka_out/CA114720:NODE_3_length_264240_cov_55.000500_2> (length 259)
prokka_out/CA114720:NODE_3_length_264240_cov_55.000500_2> (length 298)
prokka_out/CA114720:NODE_3_length_264240_cov_55.000500_2> (length 416)
prokka_out/CA114720:NODE_3_length_264240_cov_55.000500_2> (length 352)
prokka_out/CA114720:NODE_3_length_264240_cov_55.000500_2> (length 580)
prokka_out/CA114720:NODE_3_length_264240_cov_55.000500_2> (length 462)
prokka_out/CA114720:NODE_3_length_264240_cov_55.000500_2> (length 479)
prokka_out/CA114720:NODE_3_length_264240_cov_55.000500_2> (length 619)
prokka_out/CA114720:NODE_3_length_264240_cov_55.000500_2> (length 183)
prokka_out/CA114720:NODE_3_length_264240_cov_55.000500_2> (length 346)
prokka_out/CA114720:NODE_3_length_264240_cov_55.000500_2> (length 71)
prokka_out/CA114720:NODE_3_length_264240_cov_55.000500_2> (length 239)
prokka_out/CA114720:NODE_3_length_264240_cov_55.000500_2> (length 475)
prokka_out/CA114720:NODE_3_length_264240_cov_55.000500_2> (length 414)
prokka_out/CA114720:NODE_3_length_264240_cov_55.000500_2> (length 339)
prokka_out/CA114720:NODE_3_length_264240_cov_55.000500_2> (length 292)
prokka_out/CA114720:NODE_3_length_264240_cov_55.000500_2> (length 422)
prokka_out/CA114720:NODE_3_length_264240_cov_55.000500_2> (length 274)
prokka_out/CA114720:NODE_3_length_264240_cov_55.000500_2> (length 372)
prokka_out/CA114720:NODE_3_length_264240_cov_55.000500_2> (length 163)
prokka_out/CA114720:NODE_3_length_264240_cov_55.000500_2> (length 81)
prokka_out/CA114720:NODE_3_length_264240_cov_55.000500_2> (length 57)
prokka_out/CA114720:NODE_3_length_264240_cov_55.000500_2> (length 112)
prokka_out/CA114720:NODE_3_length_264240_cov_55.000500_2> (length 304)
prokka_out/CA114720:NODE_3_length_264240_cov_55.000500_2> (length 173)
prokka_out/CA114720:NODE_3_length_264240_cov_55.000500_2> (length 259)
prokka_out/CA114720:NODE_3_length_264240_cov_55.000500_2> (length 246)
prokka_out/CA114720:NODE_3_length_264240_cov_55.000500_2> (length 924)
prokka_out/CA114720:NODE_3_length_264240_cov_55.000500_2> (length 175)
prokka_out/CA114720:NODE_3_length_264240_cov_55.000500_2> (length 246)
prokka_out/CA114720:NODE_3_length_264240_cov_55.000500_2> (length 676)
prokka_out/CA114720:NODE_3_length_264240_cov_55.000500_2> (length 340)
prokka_out/CA114720:NODE_3_length_264240_cov_55.000500_2> (length 870)
prokka_out/CA114720:NODE_3_length_264240_cov_55.000500_2> (length 336)
prokka_out/CA114720:NODE_3_length_264240_cov_55.000500_2> (length 303)
prokka_out/CA114720:NODE_3_length_264240_cov_55.000500_2> (length 257)
prokka_out/CA114720:NODE_3_length_264240_cov_55.000500_2> (length 256)
prokka_out/CA114720:NODE_3_length_264240_cov_55.000500_2> (length 258)
prokka_out/CA114720:NODE_3_length_264240_cov_55.000500_2> (length 220)
prokka_out/CA114720:NODE_3_length_264240_cov_55.000500_2> (length 187)
prokka_out/CA114720:NODE_3_length_264240_cov_55.000500_2> (length 158)
prokka_out/CA114720:NODE_3_length_264240_cov_55.000500_2> (length 192)
prokka_out/CA114720:NODE_3_length_264240_cov_55.000500_2> (length 408)
prokka_out/CA114720:NODE_3_length_264240_cov_55.000500_2> (length 611)
prokka_out/CA114720:NODE_3_length_264240_cov_55.000500_2> (length 212)
prokka_out/CA114720:NODE_3_length_264240_cov_55.000500_2> (length 389)
prokka_out/CA114720:NODE_3_length_264240_cov_55.000500_2> (length 113)
prokka_out/CA114720:NODE_3_length_264240_cov_55.000500_2> (length 340)
prokka_out/CA114720:NODE_3_length_264240_cov_55.000500_2> (length 623)
prokka_out/CA114720:NODE_3_length_264240_cov_55.000500_2> (length 176)
prokka_out/CA114720:NODE_3_length_264240_cov_55.000500_2> (length 263)
prokka_out/CA114720:NODE_3_length_264240_cov_55.000500_2> (length 353)
prokka_out/CA114720:NODE_4_length_223668_cov_61.855060_1 (length 152)
prokka_out/CA114720:NODE_4_length_223668_cov_61.855060_2 (length 147)
prokka_out/CA114720:NODE_4_length_223668_cov_61.855060_3 (length 391)
prokka_out/CA114720:NODE_4_length_223668_cov_61.855060_4 (length 149)
prokka_out/CA114720:NODE_4_length_223668_cov_61.855060_5 (length 250)
prokka_out/CA114720:NODE_4_length_223668_cov_61.855060_6 (length 494)
prokka_out/CA114720:NODE_4_length_223668_cov_61.855060_7 (length 356)
prokka_out/CA114720:NODE_4_length_223668_cov_61.855060_8 (length 415)
prokka_out/CA114720:NODE_4_length_223668_cov_61.855060_9 (length 1014)
prokka_out/CA114720:NODE_4_length_223668_cov_61.855060_10 (length 57)
prokka_out/CA114720:NODE_4_length_223668_cov_61.855060_11 (length 769)
prokka_out/CA114720:NODE_4_length_223668_cov_61.855060_12 (length 358)
prokka_out/CA114720:NODE_4_length_223668_cov_61.855060_13 (length 149)
prokka_out/CA114720:NODE_4_length_223668_cov_61.855060_14 (length 192)
prokka_out/CA114720:NODE_4_length_223668_cov_61.855060_15 (length 298)
prokka_out/CA114720:NODE_4_length_223668_cov_61.855060_16 (length 321)
prokka_out/CA114720:NODE_4_length_223668_cov_61.855060_17 (length 246)
prokka_out/CA114720:NODE_4_length_223668_cov_61.855060_18 (length 255)
prokka_out/CA114720:NODE_4_length_223668_cov_61.855060_19 (length 269)
prokka_out/CA114720:NODE_4_length_223668_cov_61.855060_20 (length 228)
prokka_out/CA114720:NODE_4_length_223668_cov_61.855060_21 (length 331)
prokka_out/CA114720:NODE_4_length_223668_cov_61.855060_22 (length 657)
prokka_out/CA114720:NODE_4_length_223668_cov_61.855060_23 (length 274)
prokka_out/CA114720:NODE_4_length_223668_cov_61.855060_24 (length 406)
prokka_out/CA114720:NODE_4_length_223668_cov_61.855060_25 (length 149)
prokka_out/CA114720:NODE_4_length_223668_cov_61.855060_26 (length 345)
prokka_out/CA114720:NODE_4_length_223668_cov_61.855060_27 (length 243)
prokka_out/CA114720:NODE_4_length_223668_cov_61.855060_28 (length 249)
prokka_out/CA114720:NODE_4_length_223668_cov_61.855060_29 (length 201)
prokka_out/CA114720:NODE_4_length_223668_cov_61.855060_30 (length 329)
prokka_out/CA114720:NODE_4_length_223668_cov_61.855060_31 (length 172)
prokka_out/CA114720:NODE_4_length_223668_cov_61.855060_32 (length 219)
prokka_out/CA114720:NODE_4_length_223668_cov_61.855060_33 (length 987)
prokka_out/CA114720:NODE_4_length_223668_cov_61.855060_34 (length 296)
prokka_out/CA114720:NODE_4_length_223668_cov_61.855060_35 (length 143)
prokka_out/CA114720:NODE_4_length_223668_cov_61.855060_36 (length 226)
prokka_out/CA114720:NODE_4_length_223668_cov_61.855060_37 (length 33)
prokka_out/CA114720:NODE_4_length_223668_cov_61.855060_38 (length 161)
prokka_out/CA114720:NODE_4_length_223668_cov_61.855060_39 (length 152)
prokka_out/CA114720:NODE_4_length_223668_cov_61.855060_40 (length 269)
prokka_out/CA114720:NODE_4_length_223668_cov_61.855060_41 (length 175)
prokka_out/CA114720:NODE_4_length_223668_cov_61.855060_42 (length 287)
prokka_out/CA114720:NODE_4_length_223668_cov_61.855060_43 (length 245)
prokka_out/CA114720:NODE_4_length_223668_cov_61.855060_44 (length 226)
prokka_out/CA114720:NODE_4_length_223668_cov_61.855060_45 (length 94)
prokka_out/CA114720:NODE_4_length_223668_cov_61.855060_46 (length 187)
prokka_out/CA114720:NODE_4_length_223668_cov_61.855060_47 (length 264)
prokka_out/CA114720:NODE_4_length_223668_cov_61.855060_48 (length 180)
prokka_out/CA114720:NODE_4_length_223668_cov_61.855060_49 (length 302)
prokka_out/CA114720:NODE_4_length_223668_cov_61.855060_50 (length 396)
prokka_out/CA114720:NODE_4_length_223668_cov_61.855060_51 (length 138)
prokka_out/CA114720:NODE_4_length_223668_cov_61.855060_52 (length 147)
prokka_out/CA114720:NODE_4_length_223668_cov_61.855060_53 (length 73)
prokka_out/CA114720:NODE_4_length_223668_cov_61.855060_54 (length 513)
prokka_out/CA114720:NODE_4_length_223668_cov_61.855060_55 (length 382)
prokka_out/CA114720:NODE_4_length_223668_cov_61.855060_56 (length 233)
prokka_out/CA114720:NODE_4_length_223668_cov_61.855060_57 (length 63)
prokka_out/CA114720:NODE_4_length_223668_cov_61.855060_58 (length 180)
prokka_out/CA114720:NODE_4_length_223668_cov_61.855060_59 (length 746)
prokka_out/CA114720:NODE_4_length_223668_cov_61.855060_60 (length 213)
prokka_out/CA114720:NODE_4_length_223668_cov_61.855060_61 (length 310)
prokka_out/CA114720:NODE_4_length_223668_cov_61.855060_62 (length 260)
prokka_out/CA114720:NODE_4_length_223668_cov_61.855060_63 (length 245)
prokka_out/CA114720:NODE_4_length_223668_cov_61.855060_64 (length 700)
prokka_out/CA114720:NODE_4_length_223668_cov_61.855060_65 (length 190)
prokka_out/CA114720:NODE_4_length_223668_cov_61.855060_66 (length 308)
prokka_out/CA114720:NODE_4_length_223668_cov_61.855060_67 (length 1162)
prokka_out/CA114720:NODE_4_length_223668_cov_61.855060_68 (length 489)
prokka_out/CA114720:NODE_4_length_223668_cov_61.855060_69 (length 75)
prokka_out/CA114720:NODE_4_length_223668_cov_61.855060_70 (length 402)
prokka_out/CA114720:NODE_4_length_223668_cov_61.855060_71 (length 416)
prokka_out/CA114720:NODE_4_length_223668_cov_61.855060_72 (length 142)
prokka_out/CA114720:NODE_4_length_223668_cov_61.855060_73 (length 172)
prokka_out/CA114720:NODE_4_length_223668_cov_61.855060_74 (length 183)
prokka_out/CA114720:NODE_4_length_223668_cov_61.855060_75 (length 372)
prokka_out/CA114720:NODE_4_length_223668_cov_61.855060_76 (length 219)
prokka_out/CA114720:NODE_4_length_223668_cov_61.855060_77 (length 403)
prokka_out/CA114720:NODE_4_length_223668_cov_61.855060_78 (length 226)
prokka_out/CA114720:NODE_4_length_223668_cov_61.855060_79 (length 488)
prokka_out/CA114720:NODE_4_length_223668_cov_61.855060_80 (length 221)
prokka_out/CA114720:NODE_4_length_223668_cov_61.855060_81 (length 88)
prokka_out/CA114720:NODE_4_length_223668_cov_61.855060_82 (length 287)
prokka_out/CA114720:NODE_4_length_223668_cov_61.855060_83 (length 73)
prokka_out/CA114720:NODE_4_length_223668_cov_61.855060_84 (length 33)
prokka_out/CA114720:NODE_4_length_223668_cov_61.855060_85 (length 200)
prokka_out/CA114720:NODE_4_length_223668_cov_61.855060_86 (length 173)
prokka_out/CA114720:NODE_4_length_223668_cov_61.855060_87 (length 788)
prokka_out/CA114720:NODE_4_length_223668_cov_61.855060_88 (length 921)
prokka_out/CA114720:NODE_4_length_223668_cov_61.855060_89 (length 141)
prokka_out/CA114720:NODE_4_length_223668_cov_61.855060_90 (length 129)
prokka_out/CA114720:NODE_4_length_223668_cov_61.855060_91 (length 319)
prokka_out/CA114720:NODE_4_length_223668_cov_61.855060_92 (length 213)
prokka_out/CA114720:NODE_4_length_223668_cov_61.855060_93 (length 1186)
prokka_out/CA114720:NODE_4_length_223668_cov_61.855060_94 (length 103)
prokka_out/CA114720:NODE_4_length_223668_cov_61.855060_95 (length 470)
prokka_out/CA114720:NODE_4_length_223668_cov_61.855060_96 (length 202)
prokka_out/CA114720:NODE_4_length_223668_cov_61.855060_97 (length 195)
prokka_out/CA114720:NODE_4_length_223668_cov_61.855060_98 (length 519)
prokka_out/CA114720:NODE_4_length_223668_cov_61.855060_99 (length 393)
prokka_out/CA114720:NODE_4_length_223668_cov_61.855060_1> (length 254)
prokka_out/CA114720:NODE_4_length_223668_cov_61.855060_1> (length 254)
prokka_out/CA114720:NODE_4_length_223668_cov_61.855060_1> (length 608)
prokka_out/CA114720:NODE_4_length_223668_cov_61.855060_1> (length 144)
prokka_out/CA114720:NODE_4_length_223668_cov_61.855060_1> (length 65)
prokka_out/CA114720:NODE_4_length_223668_cov_61.855060_1> (length 113)
prokka_out/CA114720:NODE_4_length_223668_cov_61.855060_1> (length 348)
prokka_out/CA114720:NODE_4_length_223668_cov_61.855060_1> (length 228)
prokka_out/CA114720:NODE_4_length_223668_cov_61.855060_1> (length 127)
prokka_out/CA114720:NODE_4_length_223668_cov_61.855060_1> (length 357)
prokka_out/CA114720:NODE_4_length_223668_cov_61.855060_1> (length 273)
prokka_out/CA114720:NODE_4_length_223668_cov_61.855060_1> (length 372)
prokka_out/CA114720:NODE_4_length_223668_cov_61.855060_1> (length 130)
prokka_out/CA114720:NODE_4_length_223668_cov_61.855060_1> (length 365)
prokka_out/CA114720:NODE_4_length_223668_cov_61.855060_1> (length 439)
prokka_out/CA114720:NODE_4_length_223668_cov_61.855060_1> (length 321)
prokka_out/CA114720:NODE_4_length_223668_cov_61.855060_1> (length 237)
prokka_out/CA114720:NODE_4_length_223668_cov_61.855060_1> (length 229)
prokka_out/CA114720:NODE_4_length_223668_cov_61.855060_1> (length 187)
prokka_out/CA114720:NODE_4_length_223668_cov_61.855060_1> (length 135)
prokka_out/CA114720:NODE_4_length_223668_cov_61.855060_1> (length 260)
prokka_out/CA114720:NODE_4_length_223668_cov_61.855060_1> (length 220)
prokka_out/CA114720:NODE_4_length_223668_cov_61.855060_1> (length 372)
prokka_out/CA114720:NODE_4_length_223668_cov_61.855060_1> (length 552)
prokka_out/CA114720:NODE_4_length_223668_cov_61.855060_1> (length 315)
prokka_out/CA114720:NODE_4_length_223668_cov_61.855060_1> (length 325)
prokka_out/CA114720:NODE_4_length_223668_cov_61.855060_1> (length 347)
prokka_out/CA114720:NODE_4_length_223668_cov_61.855060_1> (length 465)
prokka_out/CA114720:NODE_4_length_223668_cov_61.855060_1> (length 347)
prokka_out/CA114720:NODE_4_length_223668_cov_61.855060_1> (length 432)
prokka_out/CA114720:NODE_4_length_223668_cov_61.855060_1> (length 324)
prokka_out/CA114720:NODE_4_length_223668_cov_61.855060_1> (length 371)
prokka_out/CA114720:NODE_4_length_223668_cov_61.855060_1> (length 410)
prokka_out/CA114720:NODE_4_length_223668_cov_61.855060_1> (length 712)
prokka_out/CA114720:NODE_4_length_223668_cov_61.855060_1> (length 665)
prokka_out/CA114720:NODE_4_length_223668_cov_61.855060_1> (length 346)
prokka_out/CA114720:NODE_4_length_223668_cov_61.855060_1> (length 373)
prokka_out/CA114720:NODE_4_length_223668_cov_61.855060_1> (length 288)
prokka_out/CA114720:NODE_4_length_223668_cov_61.855060_1> (length 463)
prokka_out/CA114720:NODE_4_length_223668_cov_61.855060_1> (length 315)
prokka_out/CA114720:NODE_4_length_223668_cov_61.855060_1> (length 220)
prokka_out/CA114720:NODE_4_length_223668_cov_61.855060_1> (length 394)
prokka_out/CA114720:NODE_4_length_223668_cov_61.855060_1> (length 440)
prokka_out/CA114720:NODE_4_length_223668_cov_61.855060_1> (length 398)
prokka_out/CA114720:NODE_4_length_223668_cov_61.855060_1> (length 351)
prokka_out/CA114720:NODE_4_length_223668_cov_61.855060_1> (length 371)
prokka_out/CA114720:NODE_4_length_223668_cov_61.855060_1> (length 394)
prokka_out/CA114720:NODE_4_length_223668_cov_61.855060_1> (length 373)
prokka_out/CA114720:NODE_4_length_223668_cov_61.855060_1> (length 453)
prokka_out/CA114720:NODE_4_length_223668_cov_61.855060_1> (length 139)
prokka_out/CA114720:NODE_4_length_223668_cov_61.855060_1> (length 115)
prokka_out/CA114720:NODE_4_length_223668_cov_61.855060_1> (length 178)
prokka_out/CA114720:NODE_4_length_223668_cov_61.855060_1> (length 456)
prokka_out/CA114720:NODE_4_length_223668_cov_61.855060_1> (length 125)
prokka_out/CA114720:NODE_4_length_223668_cov_61.855060_1> (length 108)
prokka_out/CA114720:NODE_4_length_223668_cov_61.855060_1> (length 181)
prokka_out/CA114720:NODE_4_length_223668_cov_61.855060_1> (length 332)
prokka_out/CA114720:NODE_4_length_223668_cov_61.855060_1> (length 400)
prokka_out/CA114720:NODE_4_length_223668_cov_61.855060_1> (length 223)
prokka_out/CA114720:NODE_4_length_223668_cov_61.855060_1> (length 274)
prokka_out/CA114720:NODE_4_length_223668_cov_61.855060_1> (length 497)
prokka_out/CA114720:NODE_4_length_223668_cov_61.855060_1> (length 613)
prokka_out/CA114720:NODE_4_length_223668_cov_61.855060_1> (length 74)
prokka_out/CA114720:NODE_4_length_223668_cov_61.855060_1> (length 446)
prokka_out/CA114720:NODE_4_length_223668_cov_61.855060_1> (length 455)
prokka_out/CA114720:NODE_4_length_223668_cov_61.855060_1> (length 387)
prokka_out/CA114720:NODE_4_length_223668_cov_61.855060_1> (length 479)
prokka_out/CA114720:NODE_4_length_223668_cov_61.855060_1> (length 120)
prokka_out/CA114720:NODE_4_length_223668_cov_61.855060_1> (length 218)
prokka_out/CA114720:NODE_4_length_223668_cov_61.855060_1> (length 156)
prokka_out/CA114720:NODE_4_length_223668_cov_61.855060_1> (length 474)
prokka_out/CA114720:NODE_4_length_223668_cov_61.855060_1> (length 104)
prokka_out/CA114720:NODE_4_length_223668_cov_61.855060_1> (length 231)
prokka_out/CA114720:NODE_4_length_223668_cov_61.855060_1> (length 163)
prokka_out/CA114720:NODE_4_length_223668_cov_61.855060_1> (length 176)
prokka_out/CA114720:NODE_4_length_223668_cov_61.855060_1> (length 236)
prokka_out/CA114720:NODE_4_length_223668_cov_61.855060_1> (length 601)
prokka_out/CA114720:NODE_4_length_223668_cov_61.855060_1> (length 440)
prokka_out/CA114720:NODE_4_length_223668_cov_61.855060_1> (length 557)
prokka_out/CA114720:NODE_4_length_223668_cov_61.855060_1> (length 433)
prokka_out/CA114720:NODE_4_length_223668_cov_61.855060_1> (length 200)
prokka_out/CA114720:NODE_4_length_223668_cov_61.855060_1> (length 823)
prokka_out/CA114720:NODE_4_length_223668_cov_61.855060_1> (length 189)
prokka_out/CA114720:NODE_4_length_223668_cov_61.855060_1> (length 232)
prokka_out/CA114720:NODE_4_length_223668_cov_61.855060_1> (length 147)
prokka_out/CA114720:NODE_4_length_223668_cov_61.855060_1> (length 439)
prokka_out/CA114720:NODE_4_length_223668_cov_61.855060_1> (length 354)
prokka_out/CA114720:NODE_4_length_223668_cov_61.855060_1> (length 753)
prokka_out/CA114720:NODE_4_length_223668_cov_61.855060_1> (length 598)
prokka_out/CA114720:NODE_4_length_223668_cov_61.855060_1> (length 463)
prokka_out/CA114720:NODE_4_length_223668_cov_61.855060_1> (length 347)
prokka_out/CA114720:NODE_4_length_223668_cov_61.855060_1> (length 335)
prokka_out/CA114720:NODE_4_length_223668_cov_61.855060_1> (length 136)
prokka_out/CA114720:NODE_4_length_223668_cov_61.855060_1> (length 152)
prokka_out/CA114720:NODE_4_length_223668_cov_61.855060_1> (length 523)
prokka_out/CA114720:NODE_4_length_223668_cov_61.855060_1> (length 639)
prokka_out/CA114720:NODE_4_length_223668_cov_61.855060_1> (length 127)
prokka_out/CA114720:NODE_4_length_223668_cov_61.855060_1> (length 694)
prokka_out/CA114720:NODE_4_length_223668_cov_61.855060_1> (length 163)
prokka_out/CA114720:NODE_4_length_223668_cov_61.855060_1> (length 610)
prokka_out/CA114720:NODE_4_length_223668_cov_61.855060_2> (length 184)
prokka_out/CA114720:NODE_4_length_223668_cov_61.855060_2> (length 330)
prokka_out/CA114720:NODE_4_length_223668_cov_61.855060_2> (length 251)
prokka_out/CA114720:NODE_4_length_223668_cov_61.855060_2> (length 312)
prokka_out/CA114720:NODE_4_length_223668_cov_61.855060_2> (length 322)
prokka_out/CA114720:NODE_4_length_223668_cov_61.855060_2> (length 329)
prokka_out/CA114720:NODE_4_length_223668_cov_61.855060_2> (length 191)
prokka_out/CA114720:NODE_4_length_223668_cov_61.855060_2> (length 435)
prokka_out/CA114720:NODE_4_length_223668_cov_61.855060_2> (length 112)
prokka_out/CA114720:NODE_4_length_223668_cov_61.855060_2> (length 241)
prokka_out/CA114720:NODE_4_length_223668_cov_61.855060_2> (length 356)
prokka_out/CA114720:NODE_4_length_223668_cov_61.855060_2> (length 464)
prokka_out/CA114720:NODE_4_length_223668_cov_61.855060_2> (length 335)
prokka_out/CA114720:NODE_4_length_223668_cov_61.855060_2> (length 171)
prokka_out/CA114720:NODE_4_length_223668_cov_61.855060_2> (length 414)
prokka_out/CA114720:NODE_5_length_181371_cov_62.490394_1 (length 146)
prokka_out/CA114720:NODE_5_length_181371_cov_62.490394_2 (length 788)
prokka_out/CA114720:NODE_5_length_181371_cov_62.490394_3 (length 462)
prokka_out/CA114720:NODE_5_length_181371_cov_62.490394_4 (length 495)
prokka_out/CA114720:NODE_5_length_181371_cov_62.490394_5 (length 596)
prokka_out/CA114720:NODE_5_length_181371_cov_62.490394_6 (length 98)
prokka_out/CA114720:NODE_5_length_181371_cov_62.490394_7 (length 172)
prokka_out/CA114720:NODE_5_length_181371_cov_62.490394_8 (length 213)
prokka_out/CA114720:NODE_5_length_181371_cov_62.490394_9 (length 332)
prokka_out/CA114720:NODE_5_length_181371_cov_62.490394_10 (length 820)
prokka_out/CA114720:NODE_5_length_181371_cov_62.490394_11 (length 230)
prokka_out/CA114720:NODE_5_length_181371_cov_62.490394_12 (length 75)
prokka_out/CA114720:NODE_5_length_181371_cov_62.490394_13 (length 408)
prokka_out/CA114720:NODE_5_length_181371_cov_62.490394_14 (length 263)
prokka_out/CA114720:NODE_5_length_181371_cov_62.490394_15 (length 167)
prokka_out/CA114720:NODE_5_length_181371_cov_62.490394_16 (length 129)
prokka_out/CA114720:NODE_5_length_181371_cov_62.490394_17 (length 221)
prokka_out/CA114720:NODE_5_length_181371_cov_62.490394_18 (length 236)
prokka_out/CA114720:NODE_5_length_181371_cov_62.490394_19 (length 262)
prokka_out/CA114720:NODE_5_length_181371_cov_62.490394_20 (length 314)
prokka_out/CA114720:NODE_5_length_181371_cov_62.490394_21 (length 511)
prokka_out/CA114720:NODE_5_length_181371_cov_62.490394_22 (length 258)
prokka_out/CA114720:NODE_5_length_181371_cov_62.490394_23 (length 153)
prokka_out/CA114720:NODE_5_length_181371_cov_62.490394_24 (length 357)
prokka_out/CA114720:NODE_5_length_181371_cov_62.490394_25 (length 218)
prokka_out/CA114720:NODE_5_length_181371_cov_62.490394_26 (length 288)
prokka_out/CA114720:NODE_5_length_181371_cov_62.490394_27 (length 185)
prokka_out/CA114720:NODE_5_length_181371_cov_62.490394_28 (length 140)
prokka_out/CA114720:NODE_5_length_181371_cov_62.490394_29 (length 543)
prokka_out/CA114720:NODE_5_length_181371_cov_62.490394_30 (length 431)
prokka_out/CA114720:NODE_5_length_181371_cov_62.490394_31 (length 265)
prokka_out/CA114720:NODE_5_length_181371_cov_62.490394_32 (length 72)
prokka_out/CA114720:NODE_5_length_181371_cov_62.490394_33 (length 121)
prokka_out/CA114720:NODE_5_length_181371_cov_62.490394_34 (length 130)
prokka_out/CA114720:NODE_5_length_181371_cov_62.490394_35 (length 208)
prokka_out/CA114720:NODE_5_length_181371_cov_62.490394_36 (length 337)
prokka_out/CA114720:NODE_5_length_181371_cov_62.490394_37 (length 117)
prokka_out/CA114720:NODE_5_length_181371_cov_62.490394_38 (length 299)
prokka_out/CA114720:NODE_5_length_181371_cov_62.490394_39 (length 428)
prokka_out/CA114720:NODE_5_length_181371_cov_62.490394_40 (length 352)
prokka_out/CA114720:NODE_5_length_181371_cov_62.490394_41 (length 195)
prokka_out/CA114720:NODE_5_length_181371_cov_62.490394_42 (length 243)
prokka_out/CA114720:NODE_5_length_181371_cov_62.490394_43 (length 318)
prokka_out/CA114720:NODE_5_length_181371_cov_62.490394_44 (length 255)
prokka_out/CA114720:NODE_5_length_181371_cov_62.490394_45 (length 207)
prokka_out/CA114720:NODE_5_length_181371_cov_62.490394_46 (length 386)
prokka_out/CA114720:NODE_5_length_181371_cov_62.490394_47 (length 368)
prokka_out/CA114720:NODE_5_length_181371_cov_62.490394_48 (length 371)
prokka_out/CA114720:NODE_5_length_181371_cov_62.490394_49 (length 295)
prokka_out/CA114720:NODE_5_length_181371_cov_62.490394_50 (length 386)
prokka_out/CA114720:NODE_5_length_181371_cov_62.490394_51 (length 166)
prokka_out/CA114720:NODE_5_length_181371_cov_62.490394_52 (length 87)
prokka_out/CA114720:NODE_5_length_181371_cov_62.490394_53 (length 355)
prokka_out/CA114720:NODE_5_length_181371_cov_62.490394_54 (length 251)
prokka_out/CA114720:NODE_5_length_181371_cov_62.490394_55 (length 707)
prokka_out/CA114720:NODE_5_length_181371_cov_62.490394_56 (length 333)
prokka_out/CA114720:NODE_5_length_181371_cov_62.490394_57 (length 258)
prokka_out/CA114720:NODE_5_length_181371_cov_62.490394_58 (length 268)
prokka_out/CA114720:NODE_5_length_181371_cov_62.490394_59 (length 285)
prokka_out/CA114720:NODE_5_length_181371_cov_62.490394_60 (length 419)
prokka_out/CA114720:NODE_5_length_181371_cov_62.490394_61 (length 339)
prokka_out/CA114720:NODE_5_length_181371_cov_62.490394_62 (length 250)
prokka_out/CA114720:NODE_5_length_181371_cov_62.490394_63 (length 326)
prokka_out/CA114720:NODE_5_length_181371_cov_62.490394_64 (length 173)
prokka_out/CA114720:NODE_5_length_181371_cov_62.490394_65 (length 454)
prokka_out/CA114720:NODE_5_length_181371_cov_62.490394_66 (length 416)
prokka_out/CA114720:NODE_5_length_181371_cov_62.490394_67 (length 138)
prokka_out/CA114720:NODE_5_length_181371_cov_62.490394_68 (length 247)
prokka_out/CA114720:NODE_5_length_181371_cov_62.490394_69 (length 141)
prokka_out/CA114720:NODE_5_length_181371_cov_62.490394_70 (length 129)
prokka_out/CA114720:NODE_5_length_181371_cov_62.490394_71 (length 227)
prokka_out/CA114720:NODE_5_length_181371_cov_62.490394_72 (length 289)
prokka_out/CA114720:NODE_5_length_181371_cov_62.490394_73 (length 53)
prokka_out/CA114720:NODE_5_length_181371_cov_62.490394_74 (length 327)
prokka_out/CA114720:NODE_5_length_181371_cov_62.490394_75 (length 362)
prokka_out/CA114720:NODE_5_length_181371_cov_62.490394_76 (length 224)
prokka_out/CA114720:NODE_5_length_181371_cov_62.490394_77 (length 146)
prokka_out/CA114720:NODE_5_length_181371_cov_62.490394_78 (length 328)
prokka_out/CA114720:NODE_5_length_181371_cov_62.490394_79 (length 605)
prokka_out/CA114720:NODE_5_length_181371_cov_62.490394_80 (length 89)
prokka_out/CA114720:NODE_5_length_181371_cov_62.490394_81 (length 183)
prokka_out/CA114720:NODE_5_length_181371_cov_62.490394_82 (length 427)
prokka_out/CA114720:NODE_5_length_181371_cov_62.490394_83 (length 103)
prokka_out/CA114720:NODE_5_length_181371_cov_62.490394_84 (length 364)
prokka_out/CA114720:NODE_5_length_181371_cov_62.490394_85 (length 281)
prokka_out/CA114720:NODE_5_length_181371_cov_62.490394_86 (length 632)
prokka_out/CA114720:NODE_5_length_181371_cov_62.490394_87 (length 369)
prokka_out/CA114720:NODE_5_length_181371_cov_62.490394_88 (length 240)
prokka_out/CA114720:NODE_5_length_181371_cov_62.490394_89 (length 296)
prokka_out/CA114720:NODE_5_length_181371_cov_62.490394_90 (length 199)
prokka_out/CA114720:NODE_5_length_181371_cov_62.490394_91 (length 166)
prokka_out/CA114720:NODE_5_length_181371_cov_62.490394_92 (length 252)
prokka_out/CA114720:NODE_5_length_181371_cov_62.490394_93 (length 247)
prokka_out/CA114720:NODE_5_length_181371_cov_62.490394_94 (length 152)
prokka_out/CA114720:NODE_5_length_181371_cov_62.490394_95 (length 389)
prokka_out/CA114720:NODE_5_length_181371_cov_62.490394_96 (length 382)
prokka_out/CA114720:NODE_5_length_181371_cov_62.490394_97 (length 60)
prokka_out/CA114720:NODE_5_length_181371_cov_62.490394_98 (length 696)
prokka_out/CA114720:NODE_5_length_181371_cov_62.490394_99 (length 179)
prokka_out/CA114720:NODE_5_length_181371_cov_62.490394_1> (length 467)
prokka_out/CA114720:NODE_5_length_181371_cov_62.490394_1> (length 429)
prokka_out/CA114720:NODE_5_length_181371_cov_62.490394_1> (length 372)
prokka_out/CA114720:NODE_5_length_181371_cov_62.490394_1> (length 216)
prokka_out/CA114720:NODE_5_length_181371_cov_62.490394_1> (length 162)
prokka_out/CA114720:NODE_5_length_181371_cov_62.490394_1> (length 167)
prokka_out/CA114720:NODE_5_length_181371_cov_62.490394_1> (length 145)
prokka_out/CA114720:NODE_5_length_181371_cov_62.490394_1> (length 147)
prokka_out/CA114720:NODE_5_length_181371_cov_62.490394_1> (length 282)
prokka_out/CA114720:NODE_5_length_181371_cov_62.490394_1> (length 220)
prokka_out/CA114720:NODE_5_length_181371_cov_62.490394_1> (length 67)
prokka_out/CA114720:NODE_5_length_181371_cov_62.490394_1> (length 414)
prokka_out/CA114720:NODE_5_length_181371_cov_62.490394_1> (length 343)
prokka_out/CA114720:NODE_5_length_181371_cov_62.490394_1> (length 286)
prokka_out/CA114720:NODE_5_length_181371_cov_62.490394_1> (length 89)
prokka_out/CA114720:NODE_5_length_181371_cov_62.490394_1> (length 258)
prokka_out/CA114720:NODE_5_length_181371_cov_62.490394_1> (length 254)
prokka_out/CA114720:NODE_5_length_181371_cov_62.490394_1> (length 282)
prokka_out/CA114720:NODE_5_length_181371_cov_62.490394_1> (length 422)
prokka_out/CA114720:NODE_5_length_181371_cov_62.490394_1> (length 391)
prokka_out/CA114720:NODE_5_length_181371_cov_62.490394_1> (length 278)
prokka_out/CA114720:NODE_5_length_181371_cov_62.490394_1> (length 700)
prokka_out/CA114720:NODE_5_length_181371_cov_62.490394_1> (length 296)
prokka_out/CA114720:NODE_5_length_181371_cov_62.490394_1> (length 133)
prokka_out/CA114720:NODE_5_length_181371_cov_62.490394_1> (length 421)
prokka_out/CA114720:NODE_5_length_181371_cov_62.490394_1> (length 130)
prokka_out/CA114720:NODE_5_length_181371_cov_62.490394_1> (length 147)
prokka_out/CA114720:NODE_5_length_181371_cov_62.490394_1> (length 118)
prokka_out/CA114720:NODE_5_length_181371_cov_62.490394_1> (length 178)
prokka_out/CA114720:NODE_5_length_181371_cov_62.490394_1> (length 131)
prokka_out/CA114720:NODE_5_length_181371_cov_62.490394_1> (length 61)
prokka_out/CA114720:NODE_5_length_181371_cov_62.490394_1> (length 180)
prokka_out/CA114720:NODE_5_length_181371_cov_62.490394_1> (length 77)
prokka_out/CA114720:NODE_5_length_181371_cov_62.490394_1> (length 122)
prokka_out/CA114720:NODE_5_length_181371_cov_62.490394_1> (length 83)
prokka_out/CA114720:NODE_5_length_181371_cov_62.490394_1> (length 61)
prokka_out/CA114720:NODE_5_length_181371_cov_62.490394_1> (length 141)
prokka_out/CA114720:NODE_5_length_181371_cov_62.490394_1> (length 233)
prokka_out/CA114720:NODE_5_length_181371_cov_62.490394_1> (length 147)
prokka_out/CA114720:NODE_5_length_181371_cov_62.490394_1> (length 93)
prokka_out/CA114720:NODE_5_length_181371_cov_62.490394_1> (length 276)
prokka_out/CA114720:NODE_5_length_181371_cov_62.490394_1> (length 93)
prokka_out/CA114720:NODE_5_length_181371_cov_62.490394_1> (length 204)
prokka_out/CA114720:NODE_5_length_181371_cov_62.490394_1> (length 191)
prokka_out/CA114720:NODE_5_length_181371_cov_62.490394_1> (length 103)
prokka_out/CA114720:NODE_5_length_181371_cov_62.490394_1> (length 253)
prokka_out/CA114720:NODE_5_length_181371_cov_62.490394_1> (length 662)
prokka_out/CA114720:NODE_5_length_181371_cov_62.490394_1> (length 266)
prokka_out/CA114720:NODE_5_length_181371_cov_62.490394_1> (length 178)
prokka_out/CA114720:NODE_5_length_181371_cov_62.490394_1> (length 356)
prokka_out/CA114720:NODE_5_length_181371_cov_62.490394_1> (length 32)
prokka_out/CA114720:NODE_5_length_181371_cov_62.490394_1> (length 318)
prokka_out/CA114720:NODE_5_length_181371_cov_62.490394_1> (length 176)
prokka_out/CA114720:NODE_5_length_181371_cov_62.490394_1> (length 200)
prokka_out/CA114720:NODE_5_length_181371_cov_62.490394_1> (length 468)
prokka_out/CA114720:NODE_5_length_181371_cov_62.490394_1> (length 358)
prokka_out/CA114720:NODE_5_length_181371_cov_62.490394_1> (length 511)
prokka_out/CA114720:NODE_5_length_181371_cov_62.490394_1> (length 209)
prokka_out/CA114720:NODE_5_length_181371_cov_62.490394_1> (length 214)
prokka_out/CA114720:NODE_5_length_181371_cov_62.490394_1> (length 127)
prokka_out/CA114720:NODE_5_length_181371_cov_62.490394_1> (length 852)
prokka_out/CA114720:NODE_5_length_181371_cov_62.490394_1> (length 184)
prokka_out/CA114720:NODE_5_length_181371_cov_62.490394_1> (length 440)
prokka_out/CA114720:NODE_5_length_181371_cov_62.490394_1> (length 355)
prokka_out/CA114720:NODE_5_length_181371_cov_62.490394_1> (length 769)
prokka_out/CA114720:NODE_5_length_181371_cov_62.490394_1> (length 113)
prokka_out/CA114720:NODE_5_length_181371_cov_62.490394_1> (length 412)
prokka_out/CA114720:NODE_5_length_181371_cov_62.490394_1> (length 400)
prokka_out/CA114720:NODE_5_length_181371_cov_62.490394_1> (length 52)
prokka_out/CA114720:NODE_5_length_181371_cov_62.490394_1> (length 1496)
prokka_out/CA114720:NODE_5_length_181371_cov_62.490394_1> (length 481)
prokka_out/CA114720:NODE_5_length_181371_cov_62.490394_1> (length 191)
prokka_out/CA114720:NODE_5_length_181371_cov_62.490394_1> (length 79)
prokka_out/CA114720:NODE_5_length_181371_cov_62.490394_1> (length 215)
prokka_out/CA114720:NODE_5_length_181371_cov_62.490394_1> (length 558)
prokka_out/CA114720:NODE_5_length_181371_cov_62.490394_1> (length 408)
prokka_out/CA114720:NODE_5_length_181371_cov_62.490394_1> (length 224)
prokka_out/CA114720:NODE_5_length_181371_cov_62.490394_1> (length 508)
prokka_out/CA114720:NODE_5_length_181371_cov_62.490394_1> (length 55)
prokka_out/CA114720:NODE_5_length_181371_cov_62.490394_1> (length 592)
prokka_out/CA114720:NODE_5_length_181371_cov_62.490394_1> (length 304)
prokka_out/CA114720:NODE_5_length_181371_cov_62.490394_1> (length 292)
prokka_out/CA114720:NODE_5_length_181371_cov_62.490394_1> (length 300)
prokka_out/CA114720:NODE_5_length_181371_cov_62.490394_1> (length 442)
prokka_out/CA114720:NODE_5_length_181371_cov_62.490394_1> (length 789)
prokka_out/CA114720:NODE_5_length_181371_cov_62.490394_1> (length 461)
prokka_out/CA114720:NODE_5_length_181371_cov_62.490394_1> (length 207)
prokka_out/CA114720:NODE_5_length_181371_cov_62.490394_1> (length 543)
prokka_out/CA114720:NODE_5_length_181371_cov_62.490394_1> (length 523)
prokka_out/CA114720:NODE_5_length_181371_cov_62.490394_1> (length 331)
prokka_out/CA114720:NODE_5_length_181371_cov_62.490394_1> (length 166)
prokka_out/CA114720:NODE_5_length_181371_cov_62.490394_1> (length 613)
prokka_out/CA114720:NODE_5_length_181371_cov_62.490394_1> (length 177)
prokka_out/CA114720:NODE_6_length_155835_cov_57.527205_1 (length 169)
prokka_out/CA114720:NODE_6_length_155835_cov_57.527205_2 (length 176)
prokka_out/CA114720:NODE_6_length_155835_cov_57.527205_3 (length 362)
prokka_out/CA114720:NODE_6_length_155835_cov_57.527205_4 (length 304)
prokka_out/CA114720:NODE_6_length_155835_cov_57.527205_5 (length 68)
prokka_out/CA114720:NODE_6_length_155835_cov_57.527205_6 (length 151)
prokka_out/CA114720:NODE_6_length_155835_cov_57.527205_7 (length 363)
prokka_out/CA114720:NODE_6_length_155835_cov_57.527205_8 (length 146)
prokka_out/CA114720:NODE_6_length_155835_cov_57.527205_9 (length 263)
prokka_out/CA114720:NODE_6_length_155835_cov_57.527205_10 (length 407)
prokka_out/CA114720:NODE_6_length_155835_cov_57.527205_11 (length 346)
prokka_out/CA114720:NODE_6_length_155835_cov_57.527205_12 (length 249)
prokka_out/CA114720:NODE_6_length_155835_cov_57.527205_13 (length 1089)
prokka_out/CA114720:NODE_6_length_155835_cov_57.527205_14 (length 140)
prokka_out/CA114720:NODE_6_length_155835_cov_57.527205_15 (length 325)
prokka_out/CA114720:NODE_6_length_155835_cov_57.527205_16 (length 207)
prokka_out/CA114720:NODE_6_length_155835_cov_57.527205_17 (length 173)
prokka_out/CA114720:NODE_6_length_155835_cov_57.527205_18 (length 769)
prokka_out/CA114720:NODE_6_length_155835_cov_57.527205_19 (length 318)
prokka_out/CA114720:NODE_6_length_155835_cov_57.527205_20 (length 211)
prokka_out/CA114720:NODE_6_length_155835_cov_57.527205_21 (length 161)
prokka_out/CA114720:NODE_6_length_155835_cov_57.527205_22 (length 364)
prokka_out/CA114720:NODE_6_length_155835_cov_57.527205_23 (length 947)
prokka_out/CA114720:NODE_6_length_155835_cov_57.527205_24 (length 502)
prokka_out/CA114720:NODE_6_length_155835_cov_57.527205_25 (length 781)
prokka_out/CA114720:NODE_6_length_155835_cov_57.527205_26 (length 250)
prokka_out/CA114720:NODE_6_length_155835_cov_57.527205_27 (length 431)
prokka_out/CA114720:NODE_6_length_155835_cov_57.527205_28 (length 258)
prokka_out/CA114720:NODE_6_length_155835_cov_57.527205_29 (length 218)
prokka_out/CA114720:NODE_6_length_155835_cov_57.527205_30 (length 248)
prokka_out/CA114720:NODE_6_length_155835_cov_57.527205_31 (length 272)
prokka_out/CA114720:NODE_6_length_155835_cov_57.527205_32 (length 290)
prokka_out/CA114720:NODE_6_length_155835_cov_57.527205_33 (length 224)
prokka_out/CA114720:NODE_6_length_155835_cov_57.527205_34 (length 133)
prokka_out/CA114720:NODE_6_length_155835_cov_57.527205_35 (length 249)
prokka_out/CA114720:NODE_6_length_155835_cov_57.527205_36 (length 228)
prokka_out/CA114720:NODE_6_length_155835_cov_57.527205_37 (length 203)
prokka_out/CA114720:NODE_6_length_155835_cov_57.527205_38 (length 380)
prokka_out/CA114720:NODE_6_length_155835_cov_57.527205_39 (length 427)
prokka_out/CA114720:NODE_6_length_155835_cov_57.527205_40 (length 201)
prokka_out/CA114720:NODE_6_length_155835_cov_57.527205_41 (length 104)
prokka_out/CA114720:NODE_6_length_155835_cov_57.527205_42 (length 112)
prokka_out/CA114720:NODE_6_length_155835_cov_57.527205_43 (length 178)
prokka_out/CA114720:NODE_6_length_155835_cov_57.527205_44 (length 181)
prokka_out/CA114720:NODE_6_length_155835_cov_57.527205_45 (length 352)
prokka_out/CA114720:NODE_6_length_155835_cov_57.527205_46 (length 402)
prokka_out/CA114720:NODE_6_length_155835_cov_57.527205_47 (length 255)
prokka_out/CA114720:NODE_6_length_155835_cov_57.527205_48 (length 357)
prokka_out/CA114720:NODE_6_length_155835_cov_57.527205_49 (length 364)
prokka_out/CA114720:NODE_6_length_155835_cov_57.527205_50 (length 560)
prokka_out/CA114720:NODE_6_length_155835_cov_57.527205_51 (length 342)
prokka_out/CA114720:NODE_6_length_155835_cov_57.527205_52 (length 276)
prokka_out/CA114720:NODE_6_length_155835_cov_57.527205_53 (length 615)
prokka_out/CA114720:NODE_6_length_155835_cov_57.527205_54 (length 136)
prokka_out/CA114720:NODE_6_length_155835_cov_57.527205_55 (length 398)
prokka_out/CA114720:NODE_6_length_155835_cov_57.527205_56 (length 235)
prokka_out/CA114720:NODE_6_length_155835_cov_57.527205_57 (length 387)
prokka_out/CA114720:NODE_6_length_155835_cov_57.527205_58 (length 358)
prokka_out/CA114720:NODE_6_length_155835_cov_57.527205_59 (length 116)
prokka_out/CA114720:NODE_6_length_155835_cov_57.527205_60 (length 324)
prokka_out/CA114720:NODE_6_length_155835_cov_57.527205_61 (length 328)
prokka_out/CA114720:NODE_6_length_155835_cov_57.527205_62 (length 48)
prokka_out/CA114720:NODE_6_length_155835_cov_57.527205_63 (length 116)
prokka_out/CA114720:NODE_6_length_155835_cov_57.527205_64 (length 137)
prokka_out/CA114720:NODE_6_length_155835_cov_57.527205_65 (length 94)
prokka_out/CA114720:NODE_6_length_155835_cov_57.527205_66 (length 198)
prokka_out/CA114720:NODE_6_length_155835_cov_57.527205_67 (length 362)
prokka_out/CA114720:NODE_6_length_155835_cov_57.527205_68 (length 247)
prokka_out/CA114720:NODE_6_length_155835_cov_57.527205_69 (length 258)
prokka_out/CA114720:NODE_6_length_155835_cov_57.527205_70 (length 883)
prokka_out/CA114720:NODE_6_length_155835_cov_57.527205_71 (length 453)
prokka_out/CA114720:NODE_6_length_155835_cov_57.527205_72 (length 335)
prokka_out/CA114720:NODE_6_length_155835_cov_57.527205_73 (length 147)
prokka_out/CA114720:NODE_6_length_155835_cov_57.527205_74 (length 941)
prokka_out/CA114720:NODE_6_length_155835_cov_57.527205_75 (length 261)
prokka_out/CA114720:NODE_6_length_155835_cov_57.527205_76 (length 415)
prokka_out/CA114720:NODE_6_length_155835_cov_57.527205_77 (length 533)
prokka_out/CA114720:NODE_6_length_155835_cov_57.527205_78 (length 199)
prokka_out/CA114720:NODE_6_length_155835_cov_57.527205_79 (length 392)
prokka_out/CA114720:NODE_6_length_155835_cov_57.527205_80 (length 249)
prokka_out/CA114720:NODE_6_length_155835_cov_57.527205_81 (length 140)
prokka_out/CA114720:NODE_6_length_155835_cov_57.527205_82 (length 102)
prokka_out/CA114720:NODE_6_length_155835_cov_57.527205_83 (length 263)
prokka_out/CA114720:NODE_6_length_155835_cov_57.527205_84 (length 486)
prokka_out/CA114720:NODE_6_length_155835_cov_57.527205_85 (length 81)
prokka_out/CA114720:NODE_6_length_155835_cov_57.527205_86 (length 223)
prokka_out/CA114720:NODE_6_length_155835_cov_57.527205_87 (length 105)
prokka_out/CA114720:NODE_6_length_155835_cov_57.527205_88 (length 202)
prokka_out/CA114720:NODE_6_length_155835_cov_57.527205_89 (length 341)
prokka_out/CA114720:NODE_6_length_155835_cov_57.527205_90 (length 445)
prokka_out/CA114720:NODE_6_length_155835_cov_57.527205_91 (length 156)
prokka_out/CA114720:NODE_6_length_155835_cov_57.527205_92 (length 150)
prokka_out/CA114720:NODE_6_length_155835_cov_57.527205_93 (length 448)
prokka_out/CA114720:NODE_6_length_155835_cov_57.527205_94 (length 83)
prokka_out/CA114720:NODE_6_length_155835_cov_57.527205_95 (length 492)
prokka_out/CA114720:NODE_6_length_155835_cov_57.527205_96 (length 1039)
prokka_out/CA114720:NODE_6_length_155835_cov_57.527205_97 (length 367)
prokka_out/CA114720:NODE_6_length_155835_cov_57.527205_98 (length 210)
prokka_out/CA114720:NODE_6_length_155835_cov_57.527205_99 (length 458)
prokka_out/CA114720:NODE_6_length_155835_cov_57.527205_1> (length 65)
prokka_out/CA114720:NODE_6_length_155835_cov_57.527205_1> (length 201)
prokka_out/CA114720:NODE_6_length_155835_cov_57.527205_1> (length 389)
prokka_out/CA114720:NODE_6_length_155835_cov_57.527205_1> (length 311)
prokka_out/CA114720:NODE_6_length_155835_cov_57.527205_1> (length 163)
prokka_out/CA114720:NODE_6_length_155835_cov_57.527205_1> (length 158)
prokka_out/CA114720:NODE_6_length_155835_cov_57.527205_1> (length 274)
prokka_out/CA114720:NODE_6_length_155835_cov_57.527205_1> (length 570)
prokka_out/CA114720:NODE_6_length_155835_cov_57.527205_1> (length 179)
prokka_out/CA114720:NODE_6_length_155835_cov_57.527205_1> (length 297)
prokka_out/CA114720:NODE_6_length_155835_cov_57.527205_1> (length 261)
prokka_out/CA114720:NODE_6_length_155835_cov_57.527205_1> (length 279)
prokka_out/CA114720:NODE_6_length_155835_cov_57.527205_1> (length 132)
prokka_out/CA114720:NODE_6_length_155835_cov_57.527205_1> (length 154)
prokka_out/CA114720:NODE_6_length_155835_cov_57.527205_1> (length 271)
prokka_out/CA114720:NODE_6_length_155835_cov_57.527205_1> (length 310)
prokka_out/CA114720:NODE_6_length_155835_cov_57.527205_1> (length 460)
prokka_out/CA114720:NODE_6_length_155835_cov_57.527205_1> (length 165)
prokka_out/CA114720:NODE_6_length_155835_cov_57.527205_1> (length 319)
prokka_out/CA114720:NODE_6_length_155835_cov_57.527205_1> (length 411)
prokka_out/CA114720:NODE_6_length_155835_cov_57.527205_1> (length 820)
prokka_out/CA114720:NODE_6_length_155835_cov_57.527205_1> (length 211)
prokka_out/CA114720:NODE_6_length_155835_cov_57.527205_1> (length 480)
prokka_out/CA114720:NODE_6_length_155835_cov_57.527205_1> (length 448)
prokka_out/CA114720:NODE_6_length_155835_cov_57.527205_1> (length 209)
prokka_out/CA114720:NODE_6_length_155835_cov_57.527205_1> (length 96)
prokka_out/CA114720:NODE_6_length_155835_cov_57.527205_1> (length 332)
prokka_out/CA114720:NODE_6_length_155835_cov_57.527205_1> (length 192)
prokka_out/CA114720:NODE_6_length_155835_cov_57.527205_1> (length 94)
prokka_out/CA114720:NODE_6_length_155835_cov_57.527205_1> (length 187)
prokka_out/CA114720:NODE_6_length_155835_cov_57.527205_1> (length 157)
prokka_out/CA114720:NODE_6_length_155835_cov_57.527205_1> (length 501)
prokka_out/CA114720:NODE_6_length_155835_cov_57.527205_1> (length 414)
prokka_out/CA114720:NODE_6_length_155835_cov_57.527205_1> (length 181)
prokka_out/CA114720:NODE_6_length_155835_cov_57.527205_1> (length 278)
prokka_out/CA114720:NODE_6_length_155835_cov_57.527205_1> (length 262)
prokka_out/CA114720:NODE_6_length_155835_cov_57.527205_1> (length 299)
prokka_out/CA114720:NODE_6_length_155835_cov_57.527205_1> (length 271)
prokka_out/CA114720:NODE_6_length_155835_cov_57.527205_1> (length 260)
prokka_out/CA114720:NODE_6_length_155835_cov_57.527205_1> (length 663)
prokka_out/CA114720:NODE_6_length_155835_cov_57.527205_1> (length 241)
prokka_out/CA114720:NODE_6_length_155835_cov_57.527205_1> (length 728)
prokka_out/CA114720:NODE_6_length_155835_cov_57.527205_1> (length 609)
prokka_out/CA114720:NODE_6_length_155835_cov_57.527205_1> (length 234)
prokka_out/CA114720:NODE_6_length_155835_cov_57.527205_1> (length 242)
prokka_out/CA114720:NODE_6_length_155835_cov_57.527205_1> (length 573)
prokka_out/CA114720:NODE_6_length_155835_cov_57.527205_1> (length 177)
prokka_out/CA114720:NODE_6_length_155835_cov_57.527205_1> (length 82)
prokka_out/CA114720:NODE_6_length_155835_cov_57.527205_1> (length 234)
prokka_out/CA114720:NODE_6_length_155835_cov_57.527205_1> (length 120)
prokka_out/CA114720:NODE_6_length_155835_cov_57.527205_1> (length 190)
prokka_out/CA114720:NODE_6_length_155835_cov_57.527205_1> (length 318)
prokka_out/CA114720:NODE_6_length_155835_cov_57.527205_1> (length 69)
prokka_out/CA114720:NODE_6_length_155835_cov_57.527205_1> (length 75)
prokka_out/CA114720:NODE_6_length_155835_cov_57.527205_1> (length 210)
prokka_out/CA114720:NODE_6_length_155835_cov_57.527205_1> (length 138)
prokka_out/CA114720:NODE_6_length_155835_cov_57.527205_1> (length 525)
prokka_out/CA114720:NODE_6_length_155835_cov_57.527205_1> (length 110)
prokka_out/CA114720:NODE_6_length_155835_cov_57.527205_1> (length 127)
prokka_out/CA114720:NODE_6_length_155835_cov_57.527205_1> (length 194)
prokka_out/CA114720:NODE_6_length_155835_cov_57.527205_1> (length 408)
prokka_out/CA114720:NODE_6_length_155835_cov_57.527205_1> (length 245)
prokka_out/CA114720:NODE_7_length_101298_cov_59.651501_1 (length 296)
prokka_out/CA114720:NODE_7_length_101298_cov_59.651501_2 (length 284)
prokka_out/CA114720:NODE_7_length_101298_cov_59.651501_3 (length 267)
prokka_out/CA114720:NODE_7_length_101298_cov_59.651501_4 (length 445)
prokka_out/CA114720:NODE_7_length_101298_cov_59.651501_5 (length 747)
prokka_out/CA114720:NODE_7_length_101298_cov_59.651501_6 (length 140)
prokka_out/CA114720:NODE_7_length_101298_cov_59.651501_7 (length 120)
prokka_out/CA114720:NODE_7_length_101298_cov_59.651501_8 (length 871)
prokka_out/CA114720:NODE_7_length_101298_cov_59.651501_9 (length 65)
prokka_out/CA114720:NODE_7_length_101298_cov_59.651501_10 (length 292)
prokka_out/CA114720:NODE_7_length_101298_cov_59.651501_11 (length 133)
prokka_out/CA114720:NODE_7_length_101298_cov_59.651501_12 (length 294)
prokka_out/CA114720:NODE_7_length_101298_cov_59.651501_13 (length 457)
prokka_out/CA114720:NODE_7_length_101298_cov_59.651501_14 (length 275)
prokka_out/CA114720:NODE_7_length_101298_cov_59.651501_15 (length 739)
prokka_out/CA114720:NODE_7_length_101298_cov_59.651501_16 (length 240)
prokka_out/CA114720:NODE_7_length_101298_cov_59.651501_17 (length 280)
prokka_out/CA114720:NODE_7_length_101298_cov_59.651501_18 (length 149)
prokka_out/CA114720:NODE_7_length_101298_cov_59.651501_19 (length 120)
prokka_out/CA114720:NODE_7_length_101298_cov_59.651501_20 (length 328)
prokka_out/CA114720:NODE_7_length_101298_cov_59.651501_21 (length 308)
prokka_out/CA114720:NODE_7_length_101298_cov_59.651501_22 (length 52)
prokka_out/CA114720:NODE_7_length_101298_cov_59.651501_23 (length 177)
prokka_out/CA114720:NODE_7_length_101298_cov_59.651501_24 (length 135)
prokka_out/CA114720:NODE_7_length_101298_cov_59.651501_25 (length 204)
prokka_out/CA114720:NODE_7_length_101298_cov_59.651501_26 (length 173)
prokka_out/CA114720:NODE_7_length_101298_cov_59.651501_27 (length 251)
prokka_out/CA114720:NODE_7_length_101298_cov_59.651501_28 (length 228)
prokka_out/CA114720:NODE_7_length_101298_cov_59.651501_29 (length 306)
prokka_out/CA114720:NODE_7_length_101298_cov_59.651501_30 (length 189)
prokka_out/CA114720:NODE_7_length_101298_cov_59.651501_31 (length 315)
prokka_out/CA114720:NODE_7_length_101298_cov_59.651501_32 (length 165)
prokka_out/CA114720:NODE_7_length_101298_cov_59.651501_33 (length 402)
prokka_out/CA114720:NODE_7_length_101298_cov_59.651501_34 (length 259)
prokka_out/CA114720:NODE_7_length_101298_cov_59.651501_35 (length 129)
prokka_out/CA114720:NODE_7_length_101298_cov_59.651501_36 (length 184)
prokka_out/CA114720:NODE_7_length_101298_cov_59.651501_37 (length 129)
prokka_out/CA114720:NODE_7_length_101298_cov_59.651501_38 (length 465)
prokka_out/CA114720:NODE_7_length_101298_cov_59.651501_39 (length 294)
prokka_out/CA114720:NODE_7_length_101298_cov_59.651501_40 (length 501)
prokka_out/CA114720:NODE_7_length_101298_cov_59.651501_41 (length 173)
prokka_out/CA114720:NODE_7_length_101298_cov_59.651501_42 (length 170)
prokka_out/CA114720:NODE_7_length_101298_cov_59.651501_43 (length 141)
prokka_out/CA114720:NODE_7_length_101298_cov_59.651501_44 (length 278)
prokka_out/CA114720:NODE_7_length_101298_cov_59.651501_45 (length 261)
prokka_out/CA114720:NODE_7_length_101298_cov_59.651501_46 (length 217)
prokka_out/CA114720:NODE_7_length_101298_cov_59.651501_47 (length 305)
prokka_out/CA114720:NODE_7_length_101298_cov_59.651501_48 (length 251)
prokka_out/CA114720:NODE_7_length_101298_cov_59.651501_49 (length 345)
prokka_out/CA114720:NODE_7_length_101298_cov_59.651501_50 (length 84)
prokka_out/CA114720:NODE_7_length_101298_cov_59.651501_51 (length 102)
prokka_out/CA114720:NODE_7_length_101298_cov_59.651501_52 (length 400)
prokka_out/CA114720:NODE_7_length_101298_cov_59.651501_53 (length 445)
prokka_out/CA114720:NODE_7_length_101298_cov_59.651501_54 (length 207)
prokka_out/CA114720:NODE_7_length_101298_cov_59.651501_55 (length 122)
prokka_out/CA114720:NODE_7_length_101298_cov_59.651501_56 (length 453)
prokka_out/CA114720:NODE_7_length_101298_cov_59.651501_57 (length 445)
prokka_out/CA114720:NODE_7_length_101298_cov_59.651501_58 (length 468)
prokka_out/CA114720:NODE_7_length_101298_cov_59.651501_59 (length 231)
prokka_out/CA114720:NODE_7_length_101298_cov_59.651501_60 (length 231)
prokka_out/CA114720:NODE_7_length_101298_cov_59.651501_61 (length 34)
prokka_out/CA114720:NODE_7_length_101298_cov_59.651501_62 (length 374)
prokka_out/CA114720:NODE_7_length_101298_cov_59.651501_63 (length 520)
prokka_out/CA114720:NODE_7_length_101298_cov_59.651501_64 (length 89)
prokka_out/CA114720:NODE_7_length_101298_cov_59.651501_65 (length 239)
prokka_out/CA114720:NODE_7_length_101298_cov_59.651501_66 (length 179)
prokka_out/CA114720:NODE_7_length_101298_cov_59.651501_67 (length 67)
prokka_out/CA114720:NODE_7_length_101298_cov_59.651501_68 (length 560)
prokka_out/CA114720:NODE_7_length_101298_cov_59.651501_69 (length 245)
prokka_out/CA114720:NODE_7_length_101298_cov_59.651501_70 (length 479)
prokka_out/CA114720:NODE_7_length_101298_cov_59.651501_71 (length 218)
prokka_out/CA114720:NODE_7_length_101298_cov_59.651501_72 (length 79)
prokka_out/CA114720:NODE_7_length_101298_cov_59.651501_73 (length 116)
prokka_out/CA114720:NODE_7_length_101298_cov_59.651501_74 (length 343)
prokka_out/CA114720:NODE_7_length_101298_cov_59.651501_75 (length 298)
prokka_out/CA114720:NODE_7_length_101298_cov_59.651501_76 (length 409)
prokka_out/CA114720:NODE_7_length_101298_cov_59.651501_77 (length 159)
prokka_out/CA114720:NODE_7_length_101298_cov_59.651501_78 (length 157)
prokka_out/CA114720:NODE_7_length_101298_cov_59.651501_79 (length 484)
prokka_out/CA114720:NODE_7_length_101298_cov_59.651501_80 (length 288)
prokka_out/CA114720:NODE_7_length_101298_cov_59.651501_81 (length 118)
prokka_out/CA114720:NODE_7_length_101298_cov_59.651501_82 (length 238)
prokka_out/CA114720:NODE_7_length_101298_cov_59.651501_83 (length 359)
prokka_out/CA114720:NODE_7_length_101298_cov_59.651501_84 (length 280)
prokka_out/CA114720:NODE_7_length_101298_cov_59.651501_85 (length 199)
prokka_out/CA114720:NODE_7_length_101298_cov_59.651501_86 (length 255)
prokka_out/CA114720:NODE_7_length_101298_cov_59.651501_87 (length 180)
prokka_out/CA114720:NODE_7_length_101298_cov_59.651501_88 (length 230)
prokka_out/CA114720:NODE_7_length_101298_cov_59.651501_89 (length 201)
prokka_out/CA114720:NODE_7_length_101298_cov_59.651501_90 (length 338)
prokka_out/CA114720:NODE_7_length_101298_cov_59.651501_91 (length 83)
prokka_out/CA114720:NODE_7_length_101298_cov_59.651501_92 (length 79)
prokka_out/CA114720:NODE_7_length_101298_cov_59.651501_93 (length 71)
prokka_out/CA114720:NODE_7_length_101298_cov_59.651501_94 (length 114)
prokka_out/CA114720:NODE_7_length_101298_cov_59.651501_95 (length 241)
prokka_out/CA114720:NODE_7_length_101298_cov_59.651501_96 (length 623)
prokka_out/CA114720:NODE_7_length_101298_cov_59.651501_97 (length 545)
prokka_out/CA114720:NODE_7_length_101298_cov_59.651501_98 (length 294)
prokka_out/CA114720:NODE_7_length_101298_cov_59.651501_99 (length 596)
prokka_out/CA114720:NODE_7_length_101298_cov_59.651501_1> (length 107)
prokka_out/CA114720:NODE_7_length_101298_cov_59.651501_1> (length 602)
prokka_out/CA114720:NODE_7_length_101298_cov_59.651501_1> (length 215)
prokka_out/CA114720:NODE_7_length_101298_cov_59.651501_1> (length 347)
prokka_out/CA114720:NODE_7_length_101298_cov_59.651501_1> (length 449)
prokka_out/CA114720:NODE_7_length_101298_cov_59.651501_1> (length 400)
prokka_out/CA114720:NODE_7_length_101298_cov_59.651501_1> (length 233)
prokka_out/CA114720:NODE_7_length_101298_cov_59.651501_1> (length 162)
prokka_out/CA114720:NODE_7_length_101298_cov_59.651501_1> (length 1258)
prokka_out/CA114720:NODE_7_length_101298_cov_59.651501_1> (length 465)
prokka_out/CA114720:NODE_8_length_87826_cov_56.427485_1 (length 593)
prokka_out/CA114720:NODE_8_length_87826_cov_56.427485_2 (length 312)
prokka_out/CA114720:NODE_8_length_87826_cov_56.427485_3 (length 104)
prokka_out/CA114720:NODE_8_length_87826_cov_56.427485_4 (length 112)
prokka_out/CA114720:NODE_8_length_87826_cov_56.427485_5 (length 415)
prokka_out/CA114720:NODE_8_length_87826_cov_56.427485_6 (length 400)
prokka_out/CA114720:NODE_8_length_87826_cov_56.427485_7 (length 268)
prokka_out/CA114720:NODE_8_length_87826_cov_56.427485_8 (length 312)
prokka_out/CA114720:NODE_8_length_87826_cov_56.427485_9 (length 227)
prokka_out/CA114720:NODE_8_length_87826_cov_56.427485_10 (length 274)
prokka_out/CA114720:NODE_8_length_87826_cov_56.427485_11 (length 66)
prokka_out/CA114720:NODE_8_length_87826_cov_56.427485_12 (length 218)
prokka_out/CA114720:NODE_8_length_87826_cov_56.427485_13 (length 135)
prokka_out/CA114720:NODE_8_length_87826_cov_56.427485_14 (length 141)
prokka_out/CA114720:NODE_8_length_87826_cov_56.427485_15 (length 193)
prokka_out/CA114720:NODE_8_length_87826_cov_56.427485_16 (length 247)
prokka_out/CA114720:NODE_8_length_87826_cov_56.427485_17 (length 320)
prokka_out/CA114720:NODE_8_length_87826_cov_56.427485_18 (length 171)
prokka_out/CA114720:NODE_8_length_87826_cov_56.427485_19 (length 165)
prokka_out/CA114720:NODE_8_length_87826_cov_56.427485_20 (length 294)
prokka_out/CA114720:NODE_8_length_87826_cov_56.427485_21 (length 289)
prokka_out/CA114720:NODE_8_length_87826_cov_56.427485_22 (length 187)
prokka_out/CA114720:NODE_8_length_87826_cov_56.427485_23 (length 60)
prokka_out/CA114720:NODE_8_length_87826_cov_56.427485_24 (length 220)
prokka_out/CA114720:NODE_8_length_87826_cov_56.427485_25 (length 401)
prokka_out/CA114720:NODE_8_length_87826_cov_56.427485_26 (length 301)
prokka_out/CA114720:NODE_8_length_87826_cov_56.427485_27 (length 538)
prokka_out/CA114720:NODE_8_length_87826_cov_56.427485_28 (length 334)
prokka_out/CA114720:NODE_8_length_87826_cov_56.427485_29 (length 36)
prokka_out/CA114720:NODE_8_length_87826_cov_56.427485_30 (length 400)
prokka_out/CA114720:NODE_8_length_87826_cov_56.427485_31 (length 378)
prokka_out/CA114720:NODE_8_length_87826_cov_56.427485_32 (length 452)
prokka_out/CA114720:NODE_8_length_87826_cov_56.427485_33 (length 394)
prokka_out/CA114720:NODE_8_length_87826_cov_56.427485_34 (length 69)
prokka_out/CA114720:NODE_8_length_87826_cov_56.427485_35 (length 239)
prokka_out/CA114720:NODE_8_length_87826_cov_56.427485_36 (length 188)
prokka_out/CA114720:NODE_8_length_87826_cov_56.427485_37 (length 456)
prokka_out/CA114720:NODE_8_length_87826_cov_56.427485_38 (length 232)
prokka_out/CA114720:NODE_8_length_87826_cov_56.427485_39 (length 501)
prokka_out/CA114720:NODE_8_length_87826_cov_56.427485_40 (length 175)
prokka_out/CA114720:NODE_8_length_87826_cov_56.427485_41 (length 194)
prokka_out/CA114720:NODE_8_length_87826_cov_56.427485_42 (length 457)
prokka_out/CA114720:NODE_8_length_87826_cov_56.427485_43 (length 190)
prokka_out/CA114720:NODE_8_length_87826_cov_56.427485_44 (length 461)
prokka_out/CA114720:NODE_8_length_87826_cov_56.427485_45 (length 445)
prokka_out/CA114720:NODE_8_length_87826_cov_56.427485_46 (length 242)
prokka_out/CA114720:NODE_8_length_87826_cov_56.427485_47 (length 393)
prokka_out/CA114720:NODE_8_length_87826_cov_56.427485_48 (length 375)
prokka_out/CA114720:NODE_8_length_87826_cov_56.427485_49 (length 115)
prokka_out/CA114720:NODE_8_length_87826_cov_56.427485_50 (length 205)
prokka_out/CA114720:NODE_8_length_87826_cov_56.427485_51 (length 129)
prokka_out/CA114720:NODE_8_length_87826_cov_56.427485_52 (length 441)
prokka_out/CA114720:NODE_8_length_87826_cov_56.427485_53 (length 664)
prokka_out/CA114720:NODE_8_length_87826_cov_56.427485_54 (length 267)
prokka_out/CA114720:NODE_8_length_87826_cov_56.427485_55 (length 602)
prokka_out/CA114720:NODE_8_length_87826_cov_56.427485_56 (length 172)
prokka_out/CA114720:NODE_8_length_87826_cov_56.427485_57 (length 363)
prokka_out/CA114720:NODE_8_length_87826_cov_56.427485_58 (length 183)
prokka_out/CA114720:NODE_8_length_87826_cov_56.427485_59 (length 162)
prokka_out/CA114720:NODE_8_length_87826_cov_56.427485_60 (length 49)
prokka_out/CA114720:NODE_8_length_87826_cov_56.427485_61 (length 60)
prokka_out/CA114720:NODE_8_length_87826_cov_56.427485_62 (length 342)
prokka_out/CA114720:NODE_8_length_87826_cov_56.427485_63 (length 148)
prokka_out/CA114720:NODE_8_length_87826_cov_56.427485_64 (length 279)
prokka_out/CA114720:NODE_8_length_87826_cov_56.427485_65 (length 393)
prokka_out/CA114720:NODE_8_length_87826_cov_56.427485_66 (length 209)
prokka_out/CA114720:NODE_8_length_87826_cov_56.427485_67 (length 182)
prokka_out/CA114720:NODE_8_length_87826_cov_56.427485_68 (length 456)
prokka_out/CA114720:NODE_8_length_87826_cov_56.427485_69 (length 340)
prokka_out/CA114720:NODE_8_length_87826_cov_56.427485_70 (length 140)
prokka_out/CA114720:NODE_8_length_87826_cov_56.427485_71 (length 202)
prokka_out/CA114720:NODE_8_length_87826_cov_56.427485_72 (length 185)
prokka_out/CA114720:NODE_8_length_87826_cov_56.427485_73 (length 123)
prokka_out/CA114720:NODE_8_length_87826_cov_56.427485_74 (length 231)
prokka_out/CA114720:NODE_8_length_87826_cov_56.427485_75 (length 211)
prokka_out/CA114720:NODE_8_length_87826_cov_56.427485_76 (length 625)
prokka_out/CA114720:NODE_8_length_87826_cov_56.427485_77 (length 323)
prokka_out/CA114720:NODE_8_length_87826_cov_56.427485_78 (length 393)
prokka_out/CA114720:NODE_8_length_87826_cov_56.427485_79 (length 133)
prokka_out/CA114720:NODE_8_length_87826_cov_56.427485_80 (length 388)
prokka_out/CA114720:NODE_8_length_87826_cov_56.427485_81 (length 63)
prokka_out/CA114720:NODE_8_length_87826_cov_56.427485_82 (length 119)
prokka_out/CA114720:NODE_8_length_87826_cov_56.427485_83 (length 65)
prokka_out/CA114720:NODE_8_length_87826_cov_56.427485_84 (length 107)
prokka_out/CA114720:NODE_8_length_87826_cov_56.427485_85 (length 52)
prokka_out/CA114720:NODE_8_length_87826_cov_56.427485_86 (length 285)
prokka_out/CA114720:NODE_8_length_87826_cov_56.427485_87 (length 158)
prokka_out/CA114720:NODE_8_length_87826_cov_56.427485_88 (length 436)
prokka_out/CA114720:NODE_8_length_87826_cov_56.427485_89 (length 51)
prokka_out/CA114720:NODE_8_length_87826_cov_56.427485_90 (length 157)
prokka_out/CA114720:NODE_8_length_87826_cov_56.427485_91 (length 87)
prokka_out/CA114720:NODE_8_length_87826_cov_56.427485_92 (length 378)
prokka_out/CA114720:NODE_8_length_87826_cov_56.427485_93 (length 252)
prokka_out/CA114720:NODE_8_length_87826_cov_56.427485_94 (length 512)
prokka_out/CA114720:NODE_8_length_87826_cov_56.427485_95 (length 118)
prokka_out/CA114720:NODE_8_length_87826_cov_56.427485_96 (length 75)
prokka_out/CA114720:NODE_8_length_87826_cov_56.427485_97 (length 331)
prokka_out/CA114720:NODE_8_length_87826_cov_56.427485_98 (length 1049)
prokka_out/CA114720:NODE_8_length_87826_cov_56.427485_99 (length 236)
prokka_out/CA114720:NODE_8_length_87826_cov_56.427485_100 (length 146)
prokka_out/CA114720:NODE_9_length_10804_cov_65.739627_1 (length 342)
prokka_out/CA114720:NODE_9_length_10804_cov_65.739627_2 (length 317)
prokka_out/CA114720:NODE_9_length_10804_cov_65.739627_3 (length 541)
prokka_out/CA114720:NODE_9_length_10804_cov_65.739627_4 (length 314)
prokka_out/CA114720:NODE_9_length_10804_cov_65.739627_5 (length 597)
prokka_out/CA114720:NODE_9_length_10804_cov_65.739627_6 (length 313)
prokka_out/CA114720:NODE_9_length_10804_cov_65.739627_7 (length 154)
prokka_out/CA114720:NODE_9_length_10804_cov_65.739627_8 (length 416)
prokka_out/CA114720:NODE_9_length_10804_cov_65.739627_9 (length 322)
prokka_out/CA114720:NODE_9_length_10804_cov_65.739627_10 (length 137)
prokka_out/CA114720:NODE_9_length_10804_cov_65.739627_11 (length 62)
prokka_out/CA114720:NODE_11_length_3380_cov_95.668614_1 (length 185)
prokka_out/CA114720:NODE_11_length_3380_cov_95.668614_2 (length 128)
prokka_out/CA114720:NODE_11_length_3380_cov_95.668614_3 (length 318)
prokka_out/CA114720:NODE_11_length_3380_cov_95.668614_4 (length 125)
prokka_out/CA114720:NODE_11_length_3380_cov_95.668614_5 (length 188)
prokka_out/CA114720:NODE_12_length_1987_cov_37.722581_1 (length 210)
prokka_out/CA114720:NODE_12_length_1987_cov_37.722581_2 (length 116)
prokka_out/CA114720:NODE_12_length_1987_cov_37.722581_3 (length 188)
prokka_out/CA114720:NODE_14_length_913_cov_97.374046_1 (length 111)
prokka_out/CA114720:NODE_15_length_737_cov_67.244262_1 (length 85)
prokka_out/CA114720:NODE_18_length_569_cov_40.151584_1 (length 90)
prokka_out/CA114720:NODE_22_length_473_cov_154.167630_1 (length 147)

DiscRep_ALL:DISC_SOURCE_QUALS_ASNDISC::strain (all present, all same)
DiscRep_SUB:DISC_SOURCE_QUALS_ASNDISC::29 sources have 'strain' for strain
DiscRep_ALL:DISC_SOURCE_QUALS_ASNDISC::taxname (all present, all same)
DiscRep_SUB:DISC_SOURCE_QUALS_ASNDISC::29 sources have 'Genus species' for taxname
DiscRep_ALL:DISC_FEATURE_COUNT::CDS: 1680 present
DiscRep_ALL:DISC_FEATURE_COUNT::tRNA: 41 present
DiscRep_ALL:DISC_FEATURE_COUNT::rRNA: 2 present
DiscRep_ALL:DISC_FEATURE_COUNT::misc_feature: 1 present
DiscRep_ALL:DISC_FEATURE_COUNT::tmRNA: 1 present
DiscRep_ALL:DISC_COUNT_NUCLEOTIDES::29 nucleotide Bioseqs are present
prokka_out/CA114720:NODE_1_length_324161_cov_58.071320 (length 324161)
prokka_out/CA114720:NODE_2_length_271635_cov_57.555321 (length 271635)
prokka_out/CA114720:NODE_3_length_264240_cov_55.000500 (length 264240)
prokka_out/CA114720:NODE_4_length_223668_cov_61.855060 (length 223668)
prokka_out/CA114720:NODE_5_length_181371_cov_62.490394 (length 181371)
prokka_out/CA114720:NODE_6_length_155835_cov_57.527205 (length 155835)
prokka_out/CA114720:NODE_7_length_101298_cov_59.651501 (length 101298)
prokka_out/CA114720:NODE_8_length_87826_cov_56.427485 (length 87826)
prokka_out/CA114720:NODE_9_length_10804_cov_65.739627 (length 10804)
prokka_out/CA114720:NODE_10_length_5798_cov_259.193264 (length 5798)
prokka_out/CA114720:NODE_11_length_3380_cov_95.668614 (length 3380)
prokka_out/CA114720:NODE_12_length_1987_cov_37.722581 (length 1987)
prokka_out/CA114720:NODE_13_length_1511_cov_144.447977 (length 1511)
prokka_out/CA114720:NODE_14_length_913_cov_97.374046 (length 913)
prokka_out/CA114720:NODE_15_length_737_cov_67.244262 (length 737)
prokka_out/CA114720:NODE_16_length_675_cov_75.421533 (length 675)
prokka_out/CA114720:NODE_17_length_663_cov_125.330224 (length 663)
prokka_out/CA114720:NODE_18_length_569_cov_40.151584 (length 569)
prokka_out/CA114720:NODE_19_length_519_cov_246.392857 (length 519)
prokka_out/CA114720:NODE_22_length_473_cov_154.167630 (length 473)
prokka_out/CA114720:NODE_28_length_442_cov_186.977778 (length 442)
prokka_out/CA114720:NODE_31_length_436_cov_57.019417 (length 436)
prokka_out/CA114720:NODE_35_length_418_cov_58.683849 (length 418)
prokka_out/CA114720:NODE_37_length_416_cov_53.010381 (length 416)
prokka_out/CA114720:NODE_44_length_395_cov_87.074627 (length 395)
prokka_out/CA114720:NODE_52_length_351_cov_73.669643 (length 351)
prokka_out/CA114720:NODE_53_length_258_cov_94.946565 (length 258)
prokka_out/CA114720:NODE_54_length_255_cov_161.273438 (length 255)
prokka_out/CA114720:NODE_55_length_255_cov_105.187500 (length 255)

DiscRep_ALL:FEATURE_LOCATION_CONFLICT::1724 features have inconsistent gene locations.
DiscRep_SUB:FEATURE_LOCATION_CONFLICT::Coding region xref gene does not exist
prokka_out/CA114720:CDS	Flagellin A	NODE_1_length_324161_cov_58.071320:27-1196	CCHHBCMG_00001

DiscRep_SUB:FEATURE_LOCATION_CONFLICT::Coding region xref gene does not exist
prokka_out/CA114720:CDS	hypothetical protein	NODE_1_length_324161_cov_58.071320:c3134-1227	CCHHBCMG_00002

DiscRep_SUB:FEATURE_LOCATION_CONFLICT::Coding region xref gene does not exist
prokka_out/CA114720:CDS	hypothetical protein	NODE_1_length_324161_cov_58.071320:c5047-3110	CCHHBCMG_00003

DiscRep_SUB:FEATURE_LOCATION_CONFLICT::Coding region xref gene does not exist
prokka_out/CA114720:CDS	hypothetical protein	NODE_1_length_324161_cov_58.071320:c6940-5060	CCHHBCMG_00004

DiscRep_SUB:FEATURE_LOCATION_CONFLICT::Coding region xref gene does not exist
prokka_out/CA114720:CDS	hypothetical protein	NODE_1_length_324161_cov_58.071320:c8859-6916	CCHHBCMG_00005

DiscRep_SUB:FEATURE_LOCATION_CONFLICT::Coding region xref gene does not exist
prokka_out/CA114720:CDS	Dihydroanticapsin 7-dehydrogenase	NODE_1_length_324161_cov_58.071320:c9626-8856	CCHHBCMG_00006

DiscRep_SUB:FEATURE_LOCATION_CONFLICT::Coding region xref gene does not exist
prokka_out/CA114720:CDS	CMP-N,N'-diacetyllegionaminic acid synthase	NODE_1_length_324161_cov_58.071320:c10333-9626	CCHHBCMG_00007

DiscRep_SUB:FEATURE_LOCATION_CONFLICT::Coding region xref gene does not exist
prokka_out/CA114720:CDS	hypothetical protein	NODE_1_length_324161_cov_58.071320:c11231-10326	CCHHBCMG_00008

DiscRep_SUB:FEATURE_LOCATION_CONFLICT::Coding region xref gene does not exist
prokka_out/CA114720:CDS	UTP--glucose-1-phosphate uridylyltransferase	NODE_1_length_324161_cov_58.071320:c12253-11228	CCHHBCMG_00009

DiscRep_SUB:FEATURE_LOCATION_CONFLICT::Coding region xref gene does not exist
prokka_out/CA114720:CDS	GDP/UDP-N,N'-diacetylbacillosamine 2-epimerase (hydrolyzing)	NODE_1_length_324161_cov_58.071320:c13416-12262	CCHHBCMG_00010

DiscRep_SUB:FEATURE_LOCATION_CONFLICT::Coding region xref gene does not exist
prokka_out/CA114720:CDS	N,N'-diacetyllegionaminic acid synthase	NODE_1_length_324161_cov_58.071320:c14413-13409	CCHHBCMG_00011

DiscRep_SUB:FEATURE_LOCATION_CONFLICT::Coding region xref gene does not exist
prokka_out/CA114720:CDS	hypothetical protein	NODE_1_length_324161_cov_58.071320:c15592-14471	CCHHBCMG_00012

DiscRep_SUB:FEATURE_LOCATION_CONFLICT::Coding region xref gene does not exist
prokka_out/CA114720:CDS	hypothetical protein	NODE_1_length_324161_cov_58.071320:c16420-15710	CCHHBCMG_00013

DiscRep_SUB:FEATURE_LOCATION_CONFLICT::Coding region xref gene does not exist
prokka_out/CA114720:CDS	UDP-N-acetylbacillosamine N-acetyltransferase	NODE_1_length_324161_cov_58.071320:c16721-16440	CCHHBCMG_00014

DiscRep_SUB:FEATURE_LOCATION_CONFLICT::Coding region xref gene does not exist
prokka_out/CA114720:CDS	hypothetical protein	NODE_1_length_324161_cov_58.071320:c17036-16812	CCHHBCMG_00015

DiscRep_SUB:FEATURE_LOCATION_CONFLICT::Coding region xref gene does not exist
prokka_out/CA114720:CDS	Putative pyridoxal phosphate-dependent aminotransferase EpsN	NODE_1_length_324161_cov_58.071320:c18300-17146	CCHHBCMG_00016

DiscRep_SUB:FEATURE_LOCATION_CONFLICT::Coding region xref gene does not exist
prokka_out/CA114720:CDS	GDP-6-deoxy-D-mannose reductase	NODE_1_length_324161_cov_58.071320:c19264-18293	CCHHBCMG_00017

DiscRep_SUB:FEATURE_LOCATION_CONFLICT::Coding region xref gene does not exist
prokka_out/CA114720:CDS	Pseudaminic acid synthase	NODE_1_length_324161_cov_58.071320:c20292-19261	CCHHBCMG_00018

DiscRep_SUB:FEATURE_LOCATION_CONFLICT::Coding region xref gene does not exist
prokka_out/CA114720:CDS	hypothetical protein	NODE_1_length_324161_cov_58.071320:20550-21686	CCHHBCMG_00019

DiscRep_SUB:FEATURE_LOCATION_CONFLICT::Coding region xref gene does not exist
prokka_out/CA114720:CDS	Imidazole glycerol phosphate synthase subunit HisH	NODE_1_length_324161_cov_58.071320:21683-22288	CCHHBCMG_00020

DiscRep_SUB:FEATURE_LOCATION_CONFLICT::Coding region xref gene does not exist
prokka_out/CA114720:CDS	Imidazole glycerol phosphate synthase subunit HisF	NODE_1_length_324161_cov_58.071320:22289-23035	CCHHBCMG_00021

DiscRep_SUB:FEATURE_LOCATION_CONFLICT::Coding region xref gene does not exist
prokka_out/CA114720:CDS	UDP-4-amino-4,6-dideoxy-N-acetyl-beta-L-altrosamine N-acetyltransferase	NODE_1_length_324161_cov_58.071320:c23473-23000	CCHHBCMG_00022

DiscRep_SUB:FEATURE_LOCATION_CONFLICT::Coding region xref gene does not exist
prokka_out/CA114720:CDS	UDP-2,4-diacetamido-2,4,6-trideoxy-beta-L-altropyranose hydrolase	NODE_1_length_324161_cov_58.071320:c24294-23470	CCHHBCMG_00023

DiscRep_SUB:FEATURE_LOCATION_CONFLICT::Coding region xref gene does not exist
prokka_out/CA114720:CDS	CMP-N,N'-diacetyllegionaminic acid synthase	NODE_1_length_324161_cov_58.071320:c24976-24278	CCHHBCMG_00024

DiscRep_SUB:FEATURE_LOCATION_CONFLICT::Coding region xref gene does not exist
prokka_out/CA114720:CDS	hypothetical protein	NODE_1_length_324161_cov_58.071320:25068-26279	CCHHBCMG_00025

DiscRep_SUB:FEATURE_LOCATION_CONFLICT::Coding region xref gene does not exist
prokka_out/CA114720:CDS	3-oxoacyl-[acyl-carrier-protein] synthase 3	NODE_1_length_324161_cov_58.071320:c27611-26592	CCHHBCMG_00026

DiscRep_SUB:FEATURE_LOCATION_CONFLICT::Coding region xref gene does not exist
prokka_out/CA114720:CDS	hypothetical protein	NODE_1_length_324161_cov_58.071320:27712-28017	CCHHBCMG_00027

DiscRep_SUB:FEATURE_LOCATION_CONFLICT::Coding region xref gene does not exist
prokka_out/CA114720:CDS	hypothetical protein	NODE_1_length_324161_cov_58.071320:28065-28781	CCHHBCMG_00028

DiscRep_SUB:FEATURE_LOCATION_CONFLICT::Coding region xref gene does not exist
prokka_out/CA114720:CDS	hypothetical protein	NODE_1_length_324161_cov_58.071320:c29005-28778	CCHHBCMG_00029

DiscRep_SUB:FEATURE_LOCATION_CONFLICT::Coding region xref gene does not exist
prokka_out/CA114720:CDS	hypothetical protein	NODE_1_length_324161_cov_58.071320:c29153-29007	CCHHBCMG_00030

DiscRep_SUB:FEATURE_LOCATION_CONFLICT::Coding region xref gene does not exist
prokka_out/CA114720:CDS	hypothetical protein	NODE_1_length_324161_cov_58.071320:c29416-29198	CCHHBCMG_00031

DiscRep_SUB:FEATURE_LOCATION_CONFLICT::Coding region xref gene does not exist
prokka_out/CA114720:CDS	hypothetical protein	NODE_1_length_324161_cov_58.071320:c29726-29409	CCHHBCMG_00032

DiscRep_SUB:FEATURE_LOCATION_CONFLICT::Coding region xref gene does not exist
prokka_out/CA114720:CDS	hypothetical protein	NODE_1_length_324161_cov_58.071320:c30451-29726	CCHHBCMG_00033

DiscRep_SUB:FEATURE_LOCATION_CONFLICT::Coding region xref gene does not exist
prokka_out/CA114720:CDS	D-alanine--D-alanyl carrier protein ligase	NODE_1_length_324161_cov_58.071320:c31952-30444	CCHHBCMG_00034

DiscRep_SUB:FEATURE_LOCATION_CONFLICT::Coding region xref gene does not exist
prokka_out/CA114720:CDS	hypothetical protein	NODE_1_length_324161_cov_58.071320:32013-32630	CCHHBCMG_00035

DiscRep_SUB:FEATURE_LOCATION_CONFLICT::Coding region xref gene does not exist
prokka_out/CA114720:CDS	hypothetical protein	NODE_1_length_324161_cov_58.071320:32651-33241	CCHHBCMG_00036

DiscRep_SUB:FEATURE_LOCATION_CONFLICT::Coding region xref gene does not exist
prokka_out/CA114720:CDS	hypothetical protein	NODE_1_length_324161_cov_58.071320:c33476-33255	CCHHBCMG_00037

DiscRep_SUB:FEATURE_LOCATION_CONFLICT::Coding region xref gene does not exist
prokka_out/CA114720:CDS	3-oxoacyl-[acyl-carrier-protein] synthase 3	NODE_1_length_324161_cov_58.071320:c34537-33476	CCHHBCMG_00038

DiscRep_SUB:FEATURE_LOCATION_CONFLICT::Coding region xref gene does not exist
prokka_out/CA114720:CDS	hypothetical protein	NODE_1_length_324161_cov_58.071320:c36089-34527	CCHHBCMG_00039

DiscRep_SUB:FEATURE_LOCATION_CONFLICT::Coding region xref gene does not exist
prokka_out/CA114720:CDS	hypothetical protein	NODE_1_length_324161_cov_58.071320:c36502-36086	CCHHBCMG_00040

DiscRep_SUB:FEATURE_LOCATION_CONFLICT::Coding region xref gene does not exist
prokka_out/CA114720:CDS	hypothetical protein	NODE_1_length_324161_cov_58.071320:c37388-36495	CCHHBCMG_00041

DiscRep_SUB:FEATURE_LOCATION_CONFLICT::Coding region xref gene does not exist
prokka_out/CA114720:CDS	hypothetical protein	NODE_1_length_324161_cov_58.071320:c37615-37385	CCHHBCMG_00042

DiscRep_SUB:FEATURE_LOCATION_CONFLICT::Coding region xref gene does not exist
prokka_out/CA114720:CDS	hypothetical protein	NODE_1_length_324161_cov_58.071320:c38437-37646	CCHHBCMG_00043

DiscRep_SUB:FEATURE_LOCATION_CONFLICT::Coding region xref gene does not exist
prokka_out/CA114720:CDS	Putative polysaccharide biosynthesis protein with aminopeptidase-like domain protein	NODE_1_length_324161_cov_58.071320:c39372-38434	CCHHBCMG_00044

DiscRep_SUB:FEATURE_LOCATION_CONFLICT::Coding region xref gene does not exist
prokka_out/CA114720:CDS	hypothetical protein	NODE_1_length_324161_cov_58.071320:c39739-39545	CCHHBCMG_00045

DiscRep_SUB:FEATURE_LOCATION_CONFLICT::Coding region xref gene does not exist
prokka_out/CA114720:CDS	UDP-4-amino-4,6-dideoxy-N-acetyl-beta-L-altrosamine transaminase	NODE_1_length_324161_cov_58.071320:c40862-39732	CCHHBCMG_00046

DiscRep_SUB:FEATURE_LOCATION_CONFLICT::Coding region xref gene does not exist
prokka_out/CA114720:CDS	UDP-N-acetylglucosamine 4,6-dehydratase (inverting)	NODE_1_length_324161_cov_58.071320:c41868-40864	CCHHBCMG_00047

DiscRep_SUB:FEATURE_LOCATION_CONFLICT::Coding region xref gene does not exist
prokka_out/CA114720:CDS	dCTP deaminase	NODE_1_length_324161_cov_58.071320:c42477-41917	CCHHBCMG_00048

DiscRep_SUB:FEATURE_LOCATION_CONFLICT::Coding region xref gene does not exist
prokka_out/CA114720:CDS	Biotin carboxyl carrier protein of acetyl-CoA carboxylase	NODE_1_length_324161_cov_58.071320:42626-43081	CCHHBCMG_00049

DiscRep_SUB:FEATURE_LOCATION_CONFLICT::Coding region xref gene does not exist
prokka_out/CA114720:CDS	Biotin carboxylase	NODE_1_length_324161_cov_58.071320:43083-44414	CCHHBCMG_00050

DiscRep_SUB:FEATURE_LOCATION_CONFLICT::Coding region xref gene does not exist
prokka_out/CA114720:CDS	Chaperone SurA	NODE_1_length_324161_cov_58.071320:c45267-44452	CCHHBCMG_00051

DiscRep_SUB:FEATURE_LOCATION_CONFLICT::Coding region xref gene does not exist
prokka_out/CA114720:CDS	Glutamate--tRNA ligase 1	NODE_1_length_324161_cov_58.071320:45332-46723	CCHHBCMG_00052

DiscRep_SUB:FEATURE_LOCATION_CONFLICT::Coding region xref gene does not exist
prokka_out/CA114720:CDS	NADP-dependent malic enzyme	NODE_1_length_324161_cov_58.071320:46725-47960	CCHHBCMG_00053

DiscRep_SUB:FEATURE_LOCATION_CONFLICT::Coding region xref gene does not exist
prokka_out/CA114720:CDS	Uracil phosphoribosyltransferase	NODE_1_length_324161_cov_58.071320:47957-48583	CCHHBCMG_00054

DiscRep_SUB:FEATURE_LOCATION_CONFLICT::Coding region xref gene does not exist
prokka_out/CA114720:CDS	Chorismate dehydratase	NODE_1_length_324161_cov_58.071320:48589-49260	CCHHBCMG_00055

DiscRep_SUB:FEATURE_LOCATION_CONFLICT::Coding region xref gene does not exist
prokka_out/CA114720:CDS	Ktr system potassium uptake protein A	NODE_1_length_324161_cov_58.071320:c49907-49257	CCHHBCMG_00056

DiscRep_SUB:FEATURE_LOCATION_CONFLICT::Coding region xref gene does not exist
prokka_out/CA114720:CDS	Ktr system potassium uptake protein B	NODE_1_length_324161_cov_58.071320:c51261-49918	CCHHBCMG_00057

DiscRep_SUB:FEATURE_LOCATION_CONFLICT::Coding region xref gene does not exist
prokka_out/CA114720:CDS	Peptidoglycan glycosyltransferase MrdB	NODE_1_length_324161_cov_58.071320:c52816-51716	CCHHBCMG_00060

DiscRep_SUB:FEATURE_LOCATION_CONFLICT::Coding region xref gene does not exist
prokka_out/CA114720:CDS	Ribosomal large subunit pseudouridine synthase D	NODE_1_length_324161_cov_58.071320:52894-53862	CCHHBCMG_00061

DiscRep_SUB:FEATURE_LOCATION_CONFLICT::Coding region xref gene does not exist
prokka_out/CA114720:CDS	hypothetical protein	NODE_1_length_324161_cov_58.071320:53810-55042	CCHHBCMG_00062

DiscRep_SUB:FEATURE_LOCATION_CONFLICT::Coding region xref gene does not exist
prokka_out/CA114720:CDS	tRNA (guanine-N(7)-)-methyltransferase	NODE_1_length_324161_cov_58.071320:55042-56220	CCHHBCMG_00063

DiscRep_SUB:FEATURE_LOCATION_CONFLICT::Coding region xref gene does not exist
prokka_out/CA114720:CDS	Methionine import ATP-binding protein MetN	NODE_1_length_324161_cov_58.071320:56290-56955	CCHHBCMG_00064

DiscRep_SUB:FEATURE_LOCATION_CONFLICT::Coding region xref gene does not exist
prokka_out/CA114720:CDS	hypothetical protein	NODE_1_length_324161_cov_58.071320:56942-57748	CCHHBCMG_00065

DiscRep_SUB:FEATURE_LOCATION_CONFLICT::Coding region xref gene does not exist
prokka_out/CA114720:CDS	hypothetical protein	NODE_1_length_324161_cov_58.071320:57745-58938	CCHHBCMG_00066

DiscRep_SUB:FEATURE_LOCATION_CONFLICT::Coding region xref gene does not exist
prokka_out/CA114720:CDS	Uridylate kinase	NODE_1_length_324161_cov_58.071320:58990-59709	CCHHBCMG_00067

DiscRep_SUB:FEATURE_LOCATION_CONFLICT::Coding region xref gene does not exist
prokka_out/CA114720:CDS	DNA-directed RNA polymerase subunit omega	NODE_1_length_324161_cov_58.071320:59720-59944	CCHHBCMG_00068

DiscRep_SUB:FEATURE_LOCATION_CONFLICT::Coding region xref gene does not exist
prokka_out/CA114720:CDS	GTP pyrophosphokinase	NODE_1_length_324161_cov_58.071320:59928-62123	CCHHBCMG_00069

DiscRep_SUB:FEATURE_LOCATION_CONFLICT::Coding region xref gene does not exist
prokka_out/CA114720:CDS	Tyrosine--tRNA ligase	NODE_1_length_324161_cov_58.071320:62135-63340	CCHHBCMG_00070

DiscRep_SUB:FEATURE_LOCATION_CONFLICT::Coding region xref gene does not exist
prokka_out/CA114720:CDS	hypothetical protein	NODE_1_length_324161_cov_58.071320:63337-64428	CCHHBCMG_00071

DiscRep_SUB:FEATURE_LOCATION_CONFLICT::Coding region xref gene does not exist
prokka_out/CA114720:CDS	hypothetical protein	NODE_1_length_324161_cov_58.071320:64428-66407	CCHHBCMG_00072

DiscRep_SUB:FEATURE_LOCATION_CONFLICT::Coding region xref gene does not exist
prokka_out/CA114720:CDS	tRNA 5-methylaminomethyl-2-thiouridine biosynthesis bifunctional protein MnmC	NODE_1_length_324161_cov_58.071320:66404-68245	CCHHBCMG_00073

DiscRep_SUB:FEATURE_LOCATION_CONFLICT::Coding region xref gene does not exist
prokka_out/CA114720:CDS	Quinone-reactive Ni/Fe-hydrogenase small chain	NODE_1_length_324161_cov_58.071320:68365-69504	CCHHBCMG_00074

DiscRep_SUB:FEATURE_LOCATION_CONFLICT::Coding region xref gene does not exist
prokka_out/CA114720:CDS	Quinone-reactive Ni/Fe-hydrogenase large chain	NODE_1_length_324161_cov_58.071320:69507-71222	CCHHBCMG_00075

DiscRep_SUB:FEATURE_LOCATION_CONFLICT::Coding region xref gene does not exist
prokka_out/CA114720:CDS	Quinone-reactive Ni/Fe-hydrogenase B-type cytochrome subunit	NODE_1_length_324161_cov_58.071320:71233-71925	CCHHBCMG_00076

DiscRep_SUB:FEATURE_LOCATION_CONFLICT::Coding region xref gene does not exist
prokka_out/CA114720:CDS	hypothetical protein	NODE_1_length_324161_cov_58.071320:71955-72458	CCHHBCMG_00077

DiscRep_SUB:FEATURE_LOCATION_CONFLICT::Coding region xref gene does not exist
prokka_out/CA114720:CDS	Recombination protein RecR	NODE_1_length_324161_cov_58.071320:c73027-72455	CCHHBCMG_00078

DiscRep_SUB:FEATURE_LOCATION_CONFLICT::Coding region xref gene does not exist
prokka_out/CA114720:CDS	hypothetical protein	NODE_1_length_324161_cov_58.071320:c74262-73027	CCHHBCMG_00079

DiscRep_SUB:FEATURE_LOCATION_CONFLICT::Coding region xref gene does not exist
prokka_out/CA114720:CDS	Sensory transduction protein regX3	NODE_1_length_324161_cov_58.071320:c74930-74259	CCHHBCMG_00080

DiscRep_SUB:FEATURE_LOCATION_CONFLICT::Coding region xref gene does not exist
prokka_out/CA114720:CDS	Chaperone protein DnaJ	NODE_1_length_324161_cov_58.071320:75087-76208	CCHHBCMG_00081

DiscRep_SUB:FEATURE_LOCATION_CONFLICT::Coding region xref gene does not exist
prokka_out/CA114720:CDS	Major outer membrane protein	NODE_1_length_324161_cov_58.071320:c77619-76324	CCHHBCMG_00082

DiscRep_SUB:FEATURE_LOCATION_CONFLICT::Coding region xref gene does not exist
prokka_out/CA114720:CDS	Low molecular weight protein-tyrosine-phosphatase YfkJ	NODE_1_length_324161_cov_58.071320:c78326-77871	CCHHBCMG_00083

DiscRep_SUB:FEATURE_LOCATION_CONFLICT::Coding region xref gene does not exist
prokka_out/CA114720:CDS	Staphyloferrin B transporter	NODE_1_length_324161_cov_58.071320:78380-79564	CCHHBCMG_00084

DiscRep_SUB:FEATURE_LOCATION_CONFLICT::Coding region xref gene does not exist
prokka_out/CA114720:CDS	hypothetical protein	NODE_1_length_324161_cov_58.071320:79582-80244	CCHHBCMG_00085

DiscRep_SUB:FEATURE_LOCATION_CONFLICT::Coding region xref gene does not exist
prokka_out/CA114720:CDS	hypothetical protein	NODE_1_length_324161_cov_58.071320:c80765-80283	CCHHBCMG_00086

DiscRep_SUB:FEATURE_LOCATION_CONFLICT::Coding region xref gene does not exist
prokka_out/CA114720:CDS	Polyribonucleotide nucleotidyltransferase	NODE_1_length_324161_cov_58.071320:c82921-80762	CCHHBCMG_00087

DiscRep_SUB:FEATURE_LOCATION_CONFLICT::Coding region xref gene does not exist
prokka_out/CA114720:CDS	LPS-assembly protein LptD	NODE_1_length_324161_cov_58.071320:c85039-82991	CCHHBCMG_00088

DiscRep_SUB:FEATURE_LOCATION_CONFLICT::Coding region xref gene does not exist
prokka_out/CA114720:CDS	hypothetical protein	NODE_1_length_324161_cov_58.071320:c85481-85029	CCHHBCMG_00089

DiscRep_SUB:FEATURE_LOCATION_CONFLICT::Coding region xref gene does not exist
prokka_out/CA114720:CDS	Phosphoribosylamine--glycine ligase	NODE_1_length_324161_cov_58.071320:c86728-85478	CCHHBCMG_00090

DiscRep_SUB:FEATURE_LOCATION_CONFLICT::Coding region xref gene does not exist
prokka_out/CA114720:CDS	hypothetical protein	NODE_1_length_324161_cov_58.071320:c88428-86968	CCHHBCMG_00091

DiscRep_SUB:FEATURE_LOCATION_CONFLICT::Coding region xref gene does not exist
prokka_out/CA114720:CDS	GMP synthase [glutamine-hydrolyzing]	NODE_1_length_324161_cov_58.071320:c90049-88514	CCHHBCMG_00092

DiscRep_SUB:FEATURE_LOCATION_CONFLICT::Coding region xref gene does not exist
prokka_out/CA114720:CDS	hypothetical protein	NODE_1_length_324161_cov_58.071320:90188-90682	CCHHBCMG_00093

DiscRep_SUB:FEATURE_LOCATION_CONFLICT::Coding region xref gene does not exist
prokka_out/CA114720:CDS	UvrABC system protein C	NODE_1_length_324161_cov_58.071320:90675-92477	CCHHBCMG_00094

DiscRep_SUB:FEATURE_LOCATION_CONFLICT::Coding region xref gene does not exist
prokka_out/CA114720:CDS	hypothetical protein	NODE_1_length_324161_cov_58.071320:92479-93675	CCHHBCMG_00095

DiscRep_SUB:FEATURE_LOCATION_CONFLICT::Coding region xref gene does not exist
prokka_out/CA114720:CDS	GTP 3',8-cyclase	NODE_1_length_324161_cov_58.071320:c94574-93672	CCHHBCMG_00096

DiscRep_SUB:FEATURE_LOCATION_CONFLICT::Coding region xref gene does not exist
prokka_out/CA114720:CDS	Uroporphyrinogen decarboxylase	NODE_1_length_324161_cov_58.071320:c95593-94571	CCHHBCMG_00097

DiscRep_SUB:FEATURE_LOCATION_CONFLICT::Coding region xref gene does not exist
prokka_out/CA114720:CDS	hypothetical protein	NODE_1_length_324161_cov_58.071320:c96093-95773	CCHHBCMG_00098

DiscRep_SUB:FEATURE_LOCATION_CONFLICT::Coding region xref gene does not exist
prokka_out/CA114720:CDS	Putative transporter AraJ	NODE_1_length_324161_cov_58.071320:c97348-96149	CCHHBCMG_00099

DiscRep_SUB:FEATURE_LOCATION_CONFLICT::Coding region xref gene does not exist
prokka_out/CA114720:CDS	hypothetical protein	NODE_1_length_324161_cov_58.071320:97462-98064	CCHHBCMG_00100

DiscRep_SUB:FEATURE_LOCATION_CONFLICT::Coding region xref gene does not exist
prokka_out/CA114720:CDS	4-hydroxythreonine-4-phosphate dehydrogenase	NODE_1_length_324161_cov_58.071320:c99148-98054	CCHHBCMG_00101

DiscRep_SUB:FEATURE_LOCATION_CONFLICT::Coding region xref gene does not exist
prokka_out/CA114720:CDS	Pyridoxine 5'-phosphate synthase	NODE_1_length_324161_cov_58.071320:c99918-99145	CCHHBCMG_00102

DiscRep_SUB:FEATURE_LOCATION_CONFLICT::Coding region xref gene does not exist
prokka_out/CA114720:CDS	Guanosine-5'-triphosphate,3'-diphosphate pyrophosphatase	NODE_1_length_324161_cov_58.071320:99974-100948	CCHHBCMG_00103

DiscRep_SUB:FEATURE_LOCATION_CONFLICT::Coding region xref gene does not exist
prokka_out/CA114720:CDS	hypothetical protein	NODE_1_length_324161_cov_58.071320:c101895-100945	CCHHBCMG_00104

DiscRep_SUB:FEATURE_LOCATION_CONFLICT::Coding region xref gene does not exist
prokka_out/CA114720:CDS	hypothetical protein	NODE_1_length_324161_cov_58.071320:c102713-101892	CCHHBCMG_00105

DiscRep_SUB:FEATURE_LOCATION_CONFLICT::Coding region xref gene does not exist
prokka_out/CA114720:CDS	Glycine--tRNA ligase beta subunit	NODE_1_length_324161_cov_58.071320:c104704-102710	CCHHBCMG_00106

DiscRep_SUB:FEATURE_LOCATION_CONFLICT::Coding region xref gene does not exist
prokka_out/CA114720:CDS	Phosphoglycolate phosphatase	NODE_1_length_324161_cov_58.071320:c105380-104760	CCHHBCMG_00107

DiscRep_SUB:FEATURE_LOCATION_CONFLICT::Coding region xref gene does not exist
prokka_out/CA114720:CDS	hypothetical protein	NODE_1_length_324161_cov_58.071320:c105709-105377	CCHHBCMG_00108

DiscRep_SUB:FEATURE_LOCATION_CONFLICT::Coding region xref gene does not exist
prokka_out/CA114720:CDS	Glutathione-regulated potassium-efflux system protein KefC	NODE_1_length_324161_cov_58.071320:c107344-105719	CCHHBCMG_00109

DiscRep_SUB:FEATURE_LOCATION_CONFLICT::Coding region xref gene does not exist
prokka_out/CA114720:CDS	hypothetical protein	NODE_1_length_324161_cov_58.071320:c107724-107350	CCHHBCMG_00110

DiscRep_SUB:FEATURE_LOCATION_CONFLICT::Coding region xref gene does not exist
prokka_out/CA114720:CDS	Chaperone protein DnaJ	NODE_1_length_324161_cov_58.071320:c108633-107740	CCHHBCMG_00111

DiscRep_SUB:FEATURE_LOCATION_CONFLICT::Coding region xref gene does not exist
prokka_out/CA114720:CDS	Periplasmic serine endoprotease DegP	NODE_1_length_324161_cov_58.071320:108833-110251	CCHHBCMG_00112

DiscRep_SUB:FEATURE_LOCATION_CONFLICT::Coding region xref gene does not exist
prokka_out/CA114720:CDS	Sensory transduction protein regX3	NODE_1_length_324161_cov_58.071320:110327-111001	CCHHBCMG_00113

DiscRep_SUB:FEATURE_LOCATION_CONFLICT::Coding region xref gene does not exist
prokka_out/CA114720:CDS	hypothetical protein	NODE_1_length_324161_cov_58.071320:110998-112245	CCHHBCMG_00114

DiscRep_SUB:FEATURE_LOCATION_CONFLICT::Coding region xref gene does not exist
prokka_out/CA114720:CDS	hypothetical protein	NODE_1_length_324161_cov_58.071320:c112996-112502	CCHHBCMG_00116

DiscRep_SUB:FEATURE_LOCATION_CONFLICT::Coding region xref gene does not exist
prokka_out/CA114720:CDS	Bacteriohemerythrin	NODE_1_length_324161_cov_58.071320:c113606-113007	CCHHBCMG_00117

DiscRep_SUB:FEATURE_LOCATION_CONFLICT::Coding region xref gene does not exist
prokka_out/CA114720:CDS	Response regulator MprA	NODE_1_length_324161_cov_58.071320:113754-114419	CCHHBCMG_00118

DiscRep_SUB:FEATURE_LOCATION_CONFLICT::Coding region xref gene does not exist
prokka_out/CA114720:CDS	Adaptive-response sensory-kinase SasA	NODE_1_length_324161_cov_58.071320:114412-115602	CCHHBCMG_00119

DiscRep_SUB:FEATURE_LOCATION_CONFLICT::Coding region xref gene does not exist
prokka_out/CA114720:CDS	60 kDa chaperonin	NODE_1_length_324161_cov_58.071320:c117282-115645	CCHHBCMG_00120

DiscRep_SUB:FEATURE_LOCATION_CONFLICT::Coding region xref gene does not exist
prokka_out/CA114720:CDS	10 kDa chaperonin	NODE_1_length_324161_cov_58.071320:c117563-117303	CCHHBCMG_00121

DiscRep_SUB:FEATURE_LOCATION_CONFLICT::Coding region xref gene does not exist
prokka_out/CA114720:CDS	hypothetical protein	NODE_1_length_324161_cov_58.071320:117725-120265	CCHHBCMG_00122

DiscRep_SUB:FEATURE_LOCATION_CONFLICT::Coding region xref gene does not exist
prokka_out/CA114720:CDS	Riboflavin synthase	NODE_1_length_324161_cov_58.071320:120274-120885	CCHHBCMG_00123

DiscRep_SUB:FEATURE_LOCATION_CONFLICT::Coding region xref gene does not exist
prokka_out/CA114720:CDS	hypothetical protein	NODE_1_length_324161_cov_58.071320:120849-121529	CCHHBCMG_00124

DiscRep_SUB:FEATURE_LOCATION_CONFLICT::Coding region xref gene does not exist
prokka_out/CA114720:CDS	hypothetical protein	NODE_1_length_324161_cov_58.071320:121531-121734	CCHHBCMG_00125

DiscRep_SUB:FEATURE_LOCATION_CONFLICT::Coding region xref gene does not exist
prokka_out/CA114720:CDS	Murein DD-endopeptidase MepM	NODE_1_length_324161_cov_58.071320:c122891-121731	CCHHBCMG_00126

DiscRep_SUB:FEATURE_LOCATION_CONFLICT::Coding region xref gene does not exist
prokka_out/CA114720:CDS	Plasminogen-binding protein PgbA	NODE_1_length_324161_cov_58.071320:123013-123738	CCHHBCMG_00127

DiscRep_SUB:FEATURE_LOCATION_CONFLICT::Coding region xref gene does not exist
prokka_out/CA114720:CDS	putative FAD-linked oxidoreductase	NODE_1_length_324161_cov_58.071320:123741-125123	CCHHBCMG_00128

DiscRep_SUB:FEATURE_LOCATION_CONFLICT::Coding region xref gene does not exist
prokka_out/CA114720:CDS	hypothetical protein	NODE_1_length_324161_cov_58.071320:125127-125933	CCHHBCMG_00129

DiscRep_SUB:FEATURE_LOCATION_CONFLICT::Coding region xref gene does not exist
prokka_out/CA114720:CDS	hypothetical protein	NODE_1_length_324161_cov_58.071320:c127136-125877	CCHHBCMG_00130

DiscRep_SUB:FEATURE_LOCATION_CONFLICT::Coding region xref gene does not exist
prokka_out/CA114720:CDS	Inner membrane protein YohD	NODE_1_length_324161_cov_58.071320:c127693-127136	CCHHBCMG_00131

DiscRep_SUB:FEATURE_LOCATION_CONFLICT::Coding region xref gene does not exist
prokka_out/CA114720:CDS	Ribonuclease Y	NODE_1_length_324161_cov_58.071320:c129255-127702	CCHHBCMG_00132

DiscRep_SUB:FEATURE_LOCATION_CONFLICT::Coding region xref gene does not exist
prokka_out/CA114720:CDS	Thiol-disulfide oxidoreductase ResA	NODE_1_length_324161_cov_58.071320:129885-130442	CCHHBCMG_00133

DiscRep_SUB:FEATURE_LOCATION_CONFLICT::Coding region xref gene does not exist
prokka_out/CA114720:CDS	Signal recognition particle receptor FtsY	NODE_1_length_324161_cov_58.071320:130442-131308	CCHHBCMG_00134

DiscRep_SUB:FEATURE_LOCATION_CONFLICT::Coding region xref gene does not exist
prokka_out/CA114720:CDS	DNA repair protein RadA	NODE_1_length_324161_cov_58.071320:131308-132648	CCHHBCMG_00135

DiscRep_SUB:FEATURE_LOCATION_CONFLICT::Coding region xref gene does not exist
prokka_out/CA114720:CDS	ATP synthase subunit a	NODE_1_length_324161_cov_58.071320:132717-133397	CCHHBCMG_00136

DiscRep_SUB:FEATURE_LOCATION_CONFLICT::Coding region xref gene does not exist
prokka_out/CA114720:CDS	Aspartyl/glutamyl-tRNA(Asn/Gln) amidotransferase subunit B	NODE_1_length_324161_cov_58.071320:133697-135115	CCHHBCMG_00137

DiscRep_SUB:FEATURE_LOCATION_CONFLICT::Coding region xref gene does not exist
prokka_out/CA114720:CDS	Glycerol-3-phosphate dehydrogenase [NAD(P)+]	NODE_1_length_324161_cov_58.071320:135115-136008	CCHHBCMG_00138

DiscRep_SUB:FEATURE_LOCATION_CONFLICT::Coding region xref gene does not exist
prokka_out/CA114720:CDS	Dihydroorotase	NODE_1_length_324161_cov_58.071320:136018-137196	CCHHBCMG_00139

DiscRep_SUB:FEATURE_LOCATION_CONFLICT::Coding region xref gene does not exist
prokka_out/CA114720:CDS	hypothetical protein	NODE_1_length_324161_cov_58.071320:c138730-137204	CCHHBCMG_00140

DiscRep_SUB:FEATURE_LOCATION_CONFLICT::Coding region xref gene does not exist
prokka_out/CA114720:CDS	hypothetical protein	NODE_1_length_324161_cov_58.071320:138872-139678	CCHHBCMG_00141

DiscRep_SUB:FEATURE_LOCATION_CONFLICT::Coding region xref gene does not exist
prokka_out/CA114720:CDS	Aerobic C4-dicarboxylate transport protein	NODE_1_length_324161_cov_58.071320:c141051-139675	CCHHBCMG_00142

DiscRep_SUB:FEATURE_LOCATION_CONFLICT::Coding region xref gene does not exist
prokka_out/CA114720:CDS	Aerotaxis receptor	NODE_1_length_324161_cov_58.071320:141320-141814	CCHHBCMG_00143

DiscRep_SUB:FEATURE_LOCATION_CONFLICT::Coding region xref gene does not exist
prokka_out/CA114720:CDS	hypothetical protein	NODE_1_length_324161_cov_58.071320:141934-143313	CCHHBCMG_00144

DiscRep_SUB:FEATURE_LOCATION_CONFLICT::Coding region xref gene does not exist
prokka_out/CA114720:CDS	Aerotaxis receptor	NODE_1_length_324161_cov_58.071320:143331-143828	CCHHBCMG_00145

DiscRep_SUB:FEATURE_LOCATION_CONFLICT::Coding region xref gene does not exist
prokka_out/CA114720:CDS	tRNA uridine 5-carboxymethylaminomethyl modification enzyme MnmG	NODE_1_length_324161_cov_58.071320:143916-145775	CCHHBCMG_00146

DiscRep_SUB:FEATURE_LOCATION_CONFLICT::Coding region xref gene does not exist
prokka_out/CA114720:CDS	Arsenical pump membrane protein	NODE_1_length_324161_cov_58.071320:145776-147062	CCHHBCMG_00147

DiscRep_SUB:FEATURE_LOCATION_CONFLICT::Coding region xref gene does not exist
prokka_out/CA114720:CDS	Ubiquinol-cytochrome c reductase iron-sulfur subunit	NODE_1_length_324161_cov_58.071320:147152-147655	CCHHBCMG_00148

DiscRep_SUB:FEATURE_LOCATION_CONFLICT::Coding region xref gene does not exist
prokka_out/CA114720:CDS	Cytochrome b	NODE_1_length_324161_cov_58.071320:147657-148907	CCHHBCMG_00149

DiscRep_SUB:FEATURE_LOCATION_CONFLICT::Coding region xref gene does not exist
prokka_out/CA114720:CDS	hypothetical protein	NODE_1_length_324161_cov_58.071320:148904-150028	CCHHBCMG_00150

DiscRep_SUB:FEATURE_LOCATION_CONFLICT::Coding region xref gene does not exist
prokka_out/CA114720:CDS	Cyclopropane-fatty-acyl-phospholipid synthase	NODE_1_length_324161_cov_58.071320:150156-151319	CCHHBCMG_00151

DiscRep_SUB:FEATURE_LOCATION_CONFLICT::Coding region xref gene does not exist
prokka_out/CA114720:CDS	30S ribosomal protein S2	NODE_1_length_324161_cov_58.071320:151435-152226	CCHHBCMG_00152

DiscRep_SUB:FEATURE_LOCATION_CONFLICT::Coding region xref gene does not exist
prokka_out/CA114720:CDS	Elongation factor Ts	NODE_1_length_324161_cov_58.071320:152226-153299	CCHHBCMG_00153

DiscRep_SUB:FEATURE_LOCATION_CONFLICT::Coding region xref gene does not exist
prokka_out/CA114720:CDS	Lipoprotein-releasing system ATP-binding protein LolD	NODE_1_length_324161_cov_58.071320:153312-153947	CCHHBCMG_00154

DiscRep_SUB:FEATURE_LOCATION_CONFLICT::Coding region xref gene does not exist
prokka_out/CA114720:CDS	Flagellar biosynthetic protein FliR	NODE_1_length_324161_cov_58.071320:153934-154701	CCHHBCMG_00155

DiscRep_SUB:FEATURE_LOCATION_CONFLICT::Coding region xref gene does not exist
prokka_out/CA114720:CDS	hypothetical protein	NODE_1_length_324161_cov_58.071320:154758-156062	CCHHBCMG_00156

DiscRep_SUB:FEATURE_LOCATION_CONFLICT::Coding region xref gene does not exist
prokka_out/CA114720:CDS	Guanylate kinase	NODE_1_length_324161_cov_58.071320:156065-156682	CCHHBCMG_00157

DiscRep_SUB:FEATURE_LOCATION_CONFLICT::Coding region xref gene does not exist
prokka_out/CA114720:CDS	Sec-independent protein translocase protein TatA	NODE_1_length_324161_cov_58.071320:156684-156923	CCHHBCMG_00158

DiscRep_SUB:FEATURE_LOCATION_CONFLICT::Coding region xref gene does not exist
prokka_out/CA114720:CDS	Arginine--tRNA ligase	NODE_1_length_324161_cov_58.071320:156935-158527	CCHHBCMG_00159

DiscRep_SUB:FEATURE_LOCATION_CONFLICT::Coding region xref gene does not exist
prokka_out/CA114720:CDS	Spermidine export protein MdtI	NODE_1_length_324161_cov_58.071320:c158853-158545	CCHHBCMG_00160

DiscRep_SUB:FEATURE_LOCATION_CONFLICT::Coding region xref gene does not exist
prokka_out/CA114720:CDS	Spermidine export protein MdtJ	NODE_1_length_324161_cov_58.071320:c159194-158853	CCHHBCMG_00161

DiscRep_SUB:FEATURE_LOCATION_CONFLICT::Coding region xref gene does not exist
prokka_out/CA114720:CDS	putative transcriptional regulatory protein	NODE_1_length_324161_cov_58.071320:159303-160010	CCHHBCMG_00162

DiscRep_SUB:FEATURE_LOCATION_CONFLICT::Coding region xref gene does not exist
prokka_out/CA114720:CDS	Peptidyl-prolyl cis-trans isomerase B	NODE_1_length_324161_cov_58.071320:160020-160502	CCHHBCMG_00163

DiscRep_SUB:FEATURE_LOCATION_CONFLICT::Coding region xref gene does not exist
prokka_out/CA114720:CDS	hypothetical protein	NODE_1_length_324161_cov_58.071320:160666-162120	CCHHBCMG_00164

DiscRep_SUB:FEATURE_LOCATION_CONFLICT::Coding region xref gene does not exist
prokka_out/CA114720:CDS	hypothetical protein	NODE_1_length_324161_cov_58.071320:162131-162358	CCHHBCMG_00165

DiscRep_SUB:FEATURE_LOCATION_CONFLICT::Coding region xref gene does not exist
prokka_out/CA114720:CDS	Protein DedA	NODE_1_length_324161_cov_58.071320:162439-163041	CCHHBCMG_00166

DiscRep_SUB:FEATURE_LOCATION_CONFLICT::Coding region xref gene does not exist
prokka_out/CA114720:CDS	L-lactate dehydrogenase	NODE_1_length_324161_cov_58.071320:c163964-163038	CCHHBCMG_00167

DiscRep_SUB:FEATURE_LOCATION_CONFLICT::Coding region xref gene does not exist
prokka_out/CA114720:CDS	Inner membrane protein YjjP	NODE_1_length_324161_cov_58.071320:164031-164807	CCHHBCMG_00168

DiscRep_SUB:FEATURE_LOCATION_CONFLICT::Coding region xref gene does not exist
prokka_out/CA114720:CDS	hypothetical protein	NODE_1_length_324161_cov_58.071320:164804-165298	CCHHBCMG_00169

DiscRep_SUB:FEATURE_LOCATION_CONFLICT::Coding region xref gene does not exist
prokka_out/CA114720:CDS	hypothetical protein	NODE_1_length_324161_cov_58.071320:165369-165632	CCHHBCMG_00170

DiscRep_SUB:FEATURE_LOCATION_CONFLICT::Coding region xref gene does not exist
prokka_out/CA114720:CDS	Cadmium, cobalt and zinc/H(+)-K(+) antiporter	NODE_1_length_324161_cov_58.071320:165707-166657	CCHHBCMG_00171

DiscRep_SUB:FEATURE_LOCATION_CONFLICT::Coding region xref gene does not exist
prokka_out/CA114720:CDS	hypothetical protein	NODE_1_length_324161_cov_58.071320:166647-166841	CCHHBCMG_00172

DiscRep_SUB:FEATURE_LOCATION_CONFLICT::Coding region xref gene does not exist
prokka_out/CA114720:CDS	putative copper-importing P-type ATPase A	NODE_1_length_324161_cov_58.071320:166841-168940	CCHHBCMG_00173

DiscRep_SUB:FEATURE_LOCATION_CONFLICT::Coding region xref gene does not exist
prokka_out/CA114720:CDS	hypothetical protein	NODE_1_length_324161_cov_58.071320:169205-169534	CCHHBCMG_00174

DiscRep_SUB:FEATURE_LOCATION_CONFLICT::Coding region xref gene does not exist
prokka_out/CA114720:CDS	hypothetical protein	NODE_1_length_324161_cov_58.071320:c171060-169531	CCHHBCMG_00175

DiscRep_SUB:FEATURE_LOCATION_CONFLICT::Coding region xref gene does not exist
prokka_out/CA114720:CDS	Transcription termination factor Rho	NODE_1_length_324161_cov_58.071320:c172362-171064	CCHHBCMG_00176

DiscRep_SUB:FEATURE_LOCATION_CONFLICT::Coding region xref gene does not exist
prokka_out/CA114720:CDS	Copper-exporting P-type ATPase	NODE_1_length_324161_cov_58.071320:172477-174828	CCHHBCMG_00177

DiscRep_SUB:FEATURE_LOCATION_CONFLICT::Coding region xref gene does not exist
prokka_out/CA114720:CDS	hypothetical protein	NODE_1_length_324161_cov_58.071320:174825-175031	CCHHBCMG_00178

DiscRep_SUB:FEATURE_LOCATION_CONFLICT::Coding region xref gene does not exist
prokka_out/CA114720:CDS	Cytochrome c-553	NODE_1_length_324161_cov_58.071320:c175356-175054	CCHHBCMG_00179

DiscRep_SUB:FEATURE_LOCATION_CONFLICT::Coding region xref gene does not exist
prokka_out/CA114720:CDS	D-glycero-alpha-D-manno-heptose-1,7-bisphosphate 7-phosphatase	NODE_1_length_324161_cov_58.071320:175438-175998	CCHHBCMG_00180

DiscRep_SUB:FEATURE_LOCATION_CONFLICT::Coding region xref gene does not exist
prokka_out/CA114720:CDS	ADP-L-glycero-D-manno-heptose-6-epimerase	NODE_1_length_324161_cov_58.071320:175999-176952	CCHHBCMG_00181

DiscRep_SUB:FEATURE_LOCATION_CONFLICT::Coding region xref gene does not exist
prokka_out/CA114720:CDS	Bifunctional protein HldE	NODE_1_length_324161_cov_58.071320:176945-178330	CCHHBCMG_00182

DiscRep_SUB:FEATURE_LOCATION_CONFLICT::Coding region xref gene does not exist
prokka_out/CA114720:CDS	Phosphoheptose isomerase 1	NODE_1_length_324161_cov_58.071320:178327-178887	CCHHBCMG_00183

DiscRep_SUB:FEATURE_LOCATION_CONFLICT::Coding region xref gene does not exist
prokka_out/CA114720:CDS	hypothetical protein	NODE_1_length_324161_cov_58.071320:178887-179651	CCHHBCMG_00184

DiscRep_SUB:FEATURE_LOCATION_CONFLICT::Coding region xref gene does not exist
prokka_out/CA114720:CDS	ADP-heptose--LPS heptosyltransferase 2	NODE_1_length_324161_cov_58.071320:c180587-179637	CCHHBCMG_00185

DiscRep_SUB:FEATURE_LOCATION_CONFLICT::Coding region xref gene does not exist
prokka_out/CA114720:CDS	putative glycosyltransferase EpsJ	NODE_1_length_324161_cov_58.071320:180646-181455	CCHHBCMG_00186

DiscRep_SUB:FEATURE_LOCATION_CONFLICT::Coding region xref gene does not exist
prokka_out/CA114720:CDS	hypothetical protein	NODE_1_length_324161_cov_58.071320:181509-181829	CCHHBCMG_00187

DiscRep_SUB:FEATURE_LOCATION_CONFLICT::Coding region xref gene does not exist
prokka_out/CA114720:CDS	hypothetical protein	NODE_1_length_324161_cov_58.071320:181817-182398	CCHHBCMG_00188

DiscRep_SUB:FEATURE_LOCATION_CONFLICT::Coding region xref gene does not exist
prokka_out/CA114720:CDS	hypothetical protein	NODE_1_length_324161_cov_58.071320:182391-183362	CCHHBCMG_00189

DiscRep_SUB:FEATURE_LOCATION_CONFLICT::Coding region xref gene does not exist
prokka_out/CA114720:CDS	Undecaprenyl-phosphate 4-deoxy-4-formamido-L-arabinose transferase	NODE_1_length_324161_cov_58.071320:183440-184648	CCHHBCMG_00190

DiscRep_SUB:FEATURE_LOCATION_CONFLICT::Coding region xref gene does not exist
prokka_out/CA114720:CDS	Undecaprenyl-phosphate 4-deoxy-4-formamido-L-arabinose transferase	NODE_1_length_324161_cov_58.071320:184641-185528	CCHHBCMG_00191

DiscRep_SUB:FEATURE_LOCATION_CONFLICT::Coding region xref gene does not exist
prokka_out/CA114720:CDS	hypothetical protein	NODE_1_length_324161_cov_58.071320:c187047-185497	CCHHBCMG_00192

DiscRep_SUB:FEATURE_LOCATION_CONFLICT::Coding region xref gene does not exist
prokka_out/CA114720:CDS	Lipid A biosynthesis lauroyltransferase	NODE_1_length_324161_cov_58.071320:c187931-187044	CCHHBCMG_00193

DiscRep_SUB:FEATURE_LOCATION_CONFLICT::Coding region xref gene does not exist
prokka_out/CA114720:CDS	Lipopolysaccharide heptosyltransferase 1	NODE_1_length_324161_cov_58.071320:c188949-187921	CCHHBCMG_00194

DiscRep_SUB:FEATURE_LOCATION_CONFLICT::Coding region xref gene does not exist
prokka_out/CA114720:CDS	hypothetical protein	NODE_1_length_324161_cov_58.071320:189015-189809	CCHHBCMG_00195

DiscRep_SUB:FEATURE_LOCATION_CONFLICT::Coding region xref gene does not exist
prokka_out/CA114720:CDS	UDP-glucose 4-epimerase	NODE_1_length_324161_cov_58.071320:189867-190853	CCHHBCMG_00196

DiscRep_SUB:FEATURE_LOCATION_CONFLICT::Coding region xref gene does not exist
prokka_out/CA114720:CDS	Protein glycosylation K	NODE_1_length_324161_cov_58.071320:190847-192541	CCHHBCMG_00197

DiscRep_SUB:FEATURE_LOCATION_CONFLICT::Coding region xref gene does not exist
prokka_out/CA114720:CDS	GalNAc-alpha-(1->4)-GalNAc-alpha-(1->3)-diNAcBac-PP-undecaprenol alpha-1,4-N-acetyl-D-galactosaminyltransferase	NODE_1_length_324161_cov_58.071320:192538-193617	CCHHBCMG_00198

DiscRep_SUB:FEATURE_LOCATION_CONFLICT::Coding region xref gene does not exist
prokka_out/CA114720:CDS	GalNAc(5)-diNAcBac-PP-undecaprenol beta-1,3-glucosyltransferase	NODE_1_length_324161_cov_58.071320:193610-194539	CCHHBCMG_00199

DiscRep_SUB:FEATURE_LOCATION_CONFLICT::Coding region xref gene does not exist
prokka_out/CA114720:CDS	N-acetylgalactosamine-N,N'-diacetylbacillosaminyl-diphospho-undecaprenol 4-alpha-N-acetylgalactosaminyltransferase	NODE_1_length_324161_cov_58.071320:194527-195624	CCHHBCMG_00200

DiscRep_SUB:FEATURE_LOCATION_CONFLICT::Coding region xref gene does not exist
prokka_out/CA114720:CDS	Undecaprenyl-diphosphooligosaccharide--protein glycotransferase	NODE_1_length_324161_cov_58.071320:195628-197769	CCHHBCMG_00201

DiscRep_SUB:FEATURE_LOCATION_CONFLICT::Coding region xref gene does not exist
prokka_out/CA114720:CDS	N,N'-diacetylbacillosaminyl-diphospho-undecaprenol alpha-1,3-N-acetylgalactosaminyltransferase	NODE_1_length_324161_cov_58.071320:197779-198909	CCHHBCMG_00202

DiscRep_SUB:FEATURE_LOCATION_CONFLICT::Coding region xref gene does not exist
prokka_out/CA114720:CDS	Undecaprenyl phosphate N,N'-diacetylbacillosamine 1-phosphate transferase	NODE_1_length_324161_cov_58.071320:198902-199504	CCHHBCMG_00203

DiscRep_SUB:FEATURE_LOCATION_CONFLICT::Coding region xref gene does not exist
prokka_out/CA114720:CDS	UDP-N-acetylbacillosamine N-acetyltransferase	NODE_1_length_324161_cov_58.071320:199491-200081	CCHHBCMG_00204

DiscRep_SUB:FEATURE_LOCATION_CONFLICT::Coding region xref gene does not exist
prokka_out/CA114720:CDS	UDP-N-acetylbacillosamine transaminase	NODE_1_length_324161_cov_58.071320:200179-201339	CCHHBCMG_00205

DiscRep_SUB:FEATURE_LOCATION_CONFLICT::Coding region xref gene does not exist
prokka_out/CA114720:CDS	UDP-N-acetyl-alpha-D-glucosamine C6 dehydratase	NODE_1_length_324161_cov_58.071320:201341-203113	CCHHBCMG_00206

DiscRep_SUB:FEATURE_LOCATION_CONFLICT::Coding region xref gene does not exist
prokka_out/CA114720:CDS	hypothetical protein	NODE_1_length_324161_cov_58.071320:203113-204006	CCHHBCMG_00207

DiscRep_SUB:FEATURE_LOCATION_CONFLICT::Coding region xref gene does not exist
prokka_out/CA114720:CDS	Chemotaxis protein CheY	NODE_1_length_324161_cov_58.071320:204119-204511	CCHHBCMG_00208

DiscRep_SUB:FEATURE_LOCATION_CONFLICT::Coding region xref gene does not exist
prokka_out/CA114720:CDS	Ribosomal RNA small subunit methyltransferase C	NODE_1_length_324161_cov_58.071320:204534-205379	CCHHBCMG_00209

DiscRep_SUB:FEATURE_LOCATION_CONFLICT::Coding region xref gene does not exist
prokka_out/CA114720:CDS	ATP-dependent zinc metalloprotease FtsH	NODE_1_length_324161_cov_58.071320:205383-207320	CCHHBCMG_00210

DiscRep_SUB:FEATURE_LOCATION_CONFLICT::Coding region xref gene does not exist
prokka_out/CA114720:CDS	Phosphatidylserine decarboxylase proenzyme	NODE_1_length_324161_cov_58.071320:207317-207934	CCHHBCMG_00211

DiscRep_SUB:FEATURE_LOCATION_CONFLICT::Coding region xref gene does not exist
prokka_out/CA114720:CDS	hypothetical protein	NODE_1_length_324161_cov_58.071320:207944-208672	CCHHBCMG_00212

DiscRep_SUB:FEATURE_LOCATION_CONFLICT::Coding region xref gene does not exist
prokka_out/CA114720:CDS	hypothetical protein	NODE_1_length_324161_cov_58.071320:c209460-208663	CCHHBCMG_00213

DiscRep_SUB:FEATURE_LOCATION_CONFLICT::Coding region xref gene does not exist
prokka_out/CA114720:CDS	Peptide methionine sulfoxide reductase MsrB	NODE_1_length_324161_cov_58.071320:209550-209909	CCHHBCMG_00214

DiscRep_SUB:FEATURE_LOCATION_CONFLICT::Coding region xref gene does not exist
prokka_out/CA114720:CDS	hypothetical protein	NODE_1_length_324161_cov_58.071320:209912-210550	CCHHBCMG_00215

DiscRep_SUB:FEATURE_LOCATION_CONFLICT::Coding region xref gene does not exist
prokka_out/CA114720:CDS	Biofilm dispersion protein BdlA	NODE_1_length_324161_cov_58.071320:210631-211920	CCHHBCMG_00216

DiscRep_SUB:FEATURE_LOCATION_CONFLICT::Coding region xref gene does not exist
prokka_out/CA114720:CDS	Leucyl/phenylalanyl-tRNA--protein transferase	NODE_1_length_324161_cov_58.071320:c212590-211943	CCHHBCMG_00217

DiscRep_SUB:FEATURE_LOCATION_CONFLICT::Coding region xref gene does not exist
prokka_out/CA114720:CDS	ATP-dependent Clp protease ATP-binding subunit ClpA	NODE_1_length_324161_cov_58.071320:c214694-212565	CCHHBCMG_00218

DiscRep_SUB:FEATURE_LOCATION_CONFLICT::Coding region xref gene does not exist
prokka_out/CA114720:CDS	ATP-dependent Clp protease adapter protein ClpS	NODE_1_length_324161_cov_58.071320:c214981-214691	CCHHBCMG_00219

DiscRep_SUB:FEATURE_LOCATION_CONFLICT::Coding region xref gene does not exist
prokka_out/CA114720:CDS	hypothetical protein	NODE_1_length_324161_cov_58.071320:c215583-214981	CCHHBCMG_00220

DiscRep_SUB:FEATURE_LOCATION_CONFLICT::Coding region xref gene does not exist
prokka_out/CA114720:CDS	SsrA-binding protein	NODE_1_length_324161_cov_58.071320:c216046-215594	CCHHBCMG_00221

DiscRep_SUB:FEATURE_LOCATION_CONFLICT::Coding region xref gene does not exist
prokka_out/CA114720:CDS	Putative 4-diphosphocytidyl-2-C-methyl-D-erythritol kinase	NODE_1_length_324161_cov_58.071320:c216810-216043	CCHHBCMG_00222

DiscRep_SUB:FEATURE_LOCATION_CONFLICT::Coding region xref gene does not exist
prokka_out/CA114720:CDS	Translational regulator CsrA	NODE_1_length_324161_cov_58.071320:c217034-216807	CCHHBCMG_00223

DiscRep_SUB:FEATURE_LOCATION_CONFLICT::Coding region xref gene does not exist
prokka_out/CA114720:CDS	tRNA pseudouridine synthase B	NODE_1_length_324161_cov_58.071320:c217846-217028	CCHHBCMG_00224

DiscRep_SUB:FEATURE_LOCATION_CONFLICT::Coding region xref gene does not exist
prokka_out/CA114720:CDS	ATP-dependent DNA helicase PcrA	NODE_1_length_324161_cov_58.071320:c219918-217843	CCHHBCMG_00225

DiscRep_SUB:FEATURE_LOCATION_CONFLICT::Coding region xref gene does not exist
prokka_out/CA114720:CDS	hypothetical protein	NODE_1_length_324161_cov_58.071320:c220352-219915	CCHHBCMG_00226

DiscRep_SUB:FEATURE_LOCATION_CONFLICT::Coding region xref gene does not exist
prokka_out/CA114720:CDS	Oligoendopeptidase F, plasmid	NODE_1_length_324161_cov_58.071320:c222067-220346	CCHHBCMG_00227

DiscRep_SUB:FEATURE_LOCATION_CONFLICT::Coding region xref gene does not exist
prokka_out/CA114720:CDS	Aspartate carbamoyltransferase	NODE_1_length_324161_cov_58.071320:c222958-222071	CCHHBCMG_00228

DiscRep_SUB:FEATURE_LOCATION_CONFLICT::Coding region xref gene does not exist
prokka_out/CA114720:CDS	Serine/threonine transporter SstT	NODE_1_length_324161_cov_58.071320:c224191-222968	CCHHBCMG_00229

DiscRep_SUB:FEATURE_LOCATION_CONFLICT::Coding region xref gene does not exist
prokka_out/CA114720:CDS	S-adenosylmethionine synthase	NODE_1_length_324161_cov_58.071320:224331-225527	CCHHBCMG_00230

DiscRep_SUB:FEATURE_LOCATION_CONFLICT::Coding region xref gene does not exist
prokka_out/CA114720:CDS	Apolipoprotein N-acyltransferase	NODE_1_length_324161_cov_58.071320:c227089-225764	CCHHBCMG_00231

DiscRep_SUB:FEATURE_LOCATION_CONFLICT::Coding region xref gene does not exist
prokka_out/CA114720:CDS	Sec translocon accessory complex subunit YajC	NODE_1_length_324161_cov_58.071320:227104-227334	CCHHBCMG_00232

DiscRep_SUB:FEATURE_LOCATION_CONFLICT::Coding region xref gene does not exist
prokka_out/CA114720:CDS	Protein translocase subunit SecD	NODE_1_length_324161_cov_58.071320:227327-228907	CCHHBCMG_00233

DiscRep_SUB:FEATURE_LOCATION_CONFLICT::Coding region xref gene does not exist
prokka_out/CA114720:CDS	Protein translocase subunit SecF	NODE_1_length_324161_cov_58.071320:228907-229878	CCHHBCMG_00234

DiscRep_SUB:FEATURE_LOCATION_CONFLICT::Coding region xref gene does not exist
prokka_out/CA114720:CDS	Leucine--tRNA ligase	NODE_1_length_324161_cov_58.071320:229888-232317	CCHHBCMG_00235

DiscRep_SUB:FEATURE_LOCATION_CONFLICT::Coding region xref gene does not exist
prokka_out/CA114720:CDS	hypothetical protein	NODE_1_length_324161_cov_58.071320:232314-232826	CCHHBCMG_00236

DiscRep_SUB:FEATURE_LOCATION_CONFLICT::Coding region xref gene does not exist
prokka_out/CA114720:CDS	hypothetical protein	NODE_1_length_324161_cov_58.071320:232810-234207	CCHHBCMG_00237

DiscRep_SUB:FEATURE_LOCATION_CONFLICT::Coding region xref gene does not exist
prokka_out/CA114720:CDS	hypothetical protein	NODE_1_length_324161_cov_58.071320:234185-235357	CCHHBCMG_00238

DiscRep_SUB:FEATURE_LOCATION_CONFLICT::Coding region xref gene does not exist
prokka_out/CA114720:CDS	hypothetical protein	NODE_1_length_324161_cov_58.071320:235344-236246	CCHHBCMG_00239

DiscRep_SUB:FEATURE_LOCATION_CONFLICT::Coding region xref gene does not exist
prokka_out/CA114720:CDS	hypothetical protein	NODE_1_length_324161_cov_58.071320:236291-236578	CCHHBCMG_00240

DiscRep_SUB:FEATURE_LOCATION_CONFLICT::Coding region xref gene does not exist
prokka_out/CA114720:CDS	Transcription-repair-coupling factor	NODE_1_length_324161_cov_58.071320:236578-239514	CCHHBCMG_00241

DiscRep_SUB:FEATURE_LOCATION_CONFLICT::Coding region xref gene does not exist
prokka_out/CA114720:CDS	hypothetical protein	NODE_1_length_324161_cov_58.071320:239516-240277	CCHHBCMG_00242

DiscRep_SUB:FEATURE_LOCATION_CONFLICT::Coding region xref gene does not exist
prokka_out/CA114720:CDS	Endonuclease III	NODE_1_length_324161_cov_58.071320:240274-240960	CCHHBCMG_00243

DiscRep_SUB:FEATURE_LOCATION_CONFLICT::Coding region xref gene does not exist
prokka_out/CA114720:CDS	Hydroxymethylpyrimidine/phosphomethylpyrimidine kinase	NODE_1_length_324161_cov_58.071320:240930-241769	CCHHBCMG_00244

DiscRep_SUB:FEATURE_LOCATION_CONFLICT::Coding region xref gene does not exist
prokka_out/CA114720:CDS	Thiamine-phosphate synthase	NODE_1_length_324161_cov_58.071320:241759-242391	CCHHBCMG_00245

DiscRep_SUB:FEATURE_LOCATION_CONFLICT::Coding region xref gene does not exist
prokka_out/CA114720:CDS	hypothetical protein	NODE_1_length_324161_cov_58.071320:242369-242998	CCHHBCMG_00246

DiscRep_SUB:FEATURE_LOCATION_CONFLICT::Coding region xref gene does not exist
prokka_out/CA114720:CDS	hypothetical protein	NODE_1_length_324161_cov_58.071320:c243447-242995	CCHHBCMG_00247

DiscRep_SUB:FEATURE_LOCATION_CONFLICT::Coding region xref gene does not exist
prokka_out/CA114720:CDS	hypothetical protein	NODE_1_length_324161_cov_58.071320:c244106-243444	CCHHBCMG_00248

DiscRep_SUB:FEATURE_LOCATION_CONFLICT::Coding region xref gene does not exist
prokka_out/CA114720:CDS	hypothetical protein	NODE_1_length_324161_cov_58.071320:c244405-244103	CCHHBCMG_00249

DiscRep_SUB:FEATURE_LOCATION_CONFLICT::Coding region xref gene does not exist
prokka_out/CA114720:CDS	Pyrroline-5-carboxylate reductase	NODE_1_length_324161_cov_58.071320:c245133-244402	CCHHBCMG_00250

DiscRep_SUB:FEATURE_LOCATION_CONFLICT::Coding region xref gene does not exist
prokka_out/CA114720:CDS	Flagellar assembly factor FliW	NODE_1_length_324161_cov_58.071320:c245522-245133	CCHHBCMG_00251

DiscRep_SUB:FEATURE_LOCATION_CONFLICT::Coding region xref gene does not exist
prokka_out/CA114720:CDS	Outer membrane protein assembly factor BamD	NODE_1_length_324161_cov_58.071320:245683-246330	CCHHBCMG_00252

DiscRep_SUB:FEATURE_LOCATION_CONFLICT::Coding region xref gene does not exist
prokka_out/CA114720:CDS	Lon protease	NODE_1_length_324161_cov_58.071320:246347-248722	CCHHBCMG_00253

DiscRep_SUB:FEATURE_LOCATION_CONFLICT::Coding region xref gene does not exist
prokka_out/CA114720:CDS	30S ribosomal protein S18	NODE_1_length_324161_cov_58.071320:c249042-248782	CCHHBCMG_00254

DiscRep_SUB:FEATURE_LOCATION_CONFLICT::Coding region xref gene does not exist
prokka_out/CA114720:CDS	Single-stranded DNA-binding protein	NODE_1_length_324161_cov_58.071320:c249604-249053	CCHHBCMG_00255

DiscRep_SUB:FEATURE_LOCATION_CONFLICT::Coding region xref gene does not exist
prokka_out/CA114720:CDS	30S ribosomal protein S6	NODE_1_length_324161_cov_58.071320:c249990-249613	CCHHBCMG_00256

DiscRep_SUB:FEATURE_LOCATION_CONFLICT::Coding region xref gene does not exist
prokka_out/CA114720:CDS	hypothetical protein	NODE_1_length_324161_cov_58.071320:c250943-250077	CCHHBCMG_00257

DiscRep_SUB:FEATURE_LOCATION_CONFLICT::Coding region xref gene does not exist
prokka_out/CA114720:CDS	Metalloprotease MmpA	NODE_1_length_324161_cov_58.071320:c252042-250936	CCHHBCMG_00258

DiscRep_SUB:FEATURE_LOCATION_CONFLICT::Coding region xref gene does not exist
prokka_out/CA114720:CDS	CDP-diacylglycerol--glycerol-3-phosphate 3-phosphatidyltransferase	NODE_1_length_324161_cov_58.071320:c252575-252039	CCHHBCMG_00259

DiscRep_SUB:FEATURE_LOCATION_CONFLICT::Coding region xref gene does not exist
prokka_out/CA114720:CDS	Putative NAD(P)H nitroreductase	NODE_1_length_324161_cov_58.071320:c253305-252700	CCHHBCMG_00260

DiscRep_SUB:FEATURE_LOCATION_CONFLICT::Coding region xref gene does not exist
prokka_out/CA114720:CDS	Putative NAD(P)H nitroreductase YfkO	NODE_1_length_324161_cov_58.071320:c253925-253305	CCHHBCMG_00261

DiscRep_SUB:FEATURE_LOCATION_CONFLICT::Coding region xref gene does not exist
prokka_out/CA114720:CDS	Aminoalkylphosphonate N-acetyltransferase	NODE_1_length_324161_cov_58.071320:c254414-253989	CCHHBCMG_00262

DiscRep_SUB:FEATURE_LOCATION_CONFLICT::Coding region xref gene does not exist
prokka_out/CA114720:CDS	Putative competence-damage inducible protein	NODE_1_length_324161_cov_58.071320:c255514-254426	CCHHBCMG_00263

DiscRep_SUB:FEATURE_LOCATION_CONFLICT::Coding region xref gene does not exist
prokka_out/CA114720:CDS	Isoleucine--tRNA ligase	NODE_1_length_324161_cov_58.071320:255613-258366	CCHHBCMG_00264

DiscRep_SUB:FEATURE_LOCATION_CONFLICT::Coding region xref gene does not exist
prokka_out/CA114720:CDS	hypothetical protein	NODE_1_length_324161_cov_58.071320:258360-258470	CCHHBCMG_00265

DiscRep_SUB:FEATURE_LOCATION_CONFLICT::Coding region xref gene does not exist
prokka_out/CA114720:CDS	Glutamyl-tRNA(Gln) amidotransferase subunit A	NODE_1_length_324161_cov_58.071320:258467-259828	CCHHBCMG_00266

DiscRep_SUB:FEATURE_LOCATION_CONFLICT::Coding region xref gene does not exist
prokka_out/CA114720:CDS	Inosine-5'-monophosphate dehydrogenase	NODE_1_length_324161_cov_58.071320:259838-261295	CCHHBCMG_00267

DiscRep_SUB:FEATURE_LOCATION_CONFLICT::Coding region xref gene does not exist
prokka_out/CA114720:CDS	Exodeoxyribonuclease 7 small subunit	NODE_1_length_324161_cov_58.071320:261292-261465	CCHHBCMG_00268

DiscRep_SUB:FEATURE_LOCATION_CONFLICT::Coding region xref gene does not exist
prokka_out/CA114720:CDS	hypothetical protein	NODE_1_length_324161_cov_58.071320:261458-262240	CCHHBCMG_00269

DiscRep_SUB:FEATURE_LOCATION_CONFLICT::Coding region xref gene does not exist
prokka_out/CA114720:CDS	UDP-N-acetylmuramate--L-alanine ligase	NODE_1_length_324161_cov_58.071320:262361-263659	CCHHBCMG_00270

DiscRep_SUB:FEATURE_LOCATION_CONFLICT::Coding region xref gene does not exist
prokka_out/CA114720:CDS	hypothetical protein	NODE_1_length_324161_cov_58.071320:263652-264002	CCHHBCMG_00271

DiscRep_SUB:FEATURE_LOCATION_CONFLICT::Coding region xref gene does not exist
prokka_out/CA114720:CDS	Endonuclease MutS2	NODE_1_length_324161_cov_58.071320:263995-266202	CCHHBCMG_00272

DiscRep_SUB:FEATURE_LOCATION_CONFLICT::Coding region xref gene does not exist
prokka_out/CA114720:CDS	NAD-dependent protein deacylase	NODE_1_length_324161_cov_58.071320:266199-266900	CCHHBCMG_00273

DiscRep_SUB:FEATURE_LOCATION_CONFLICT::Coding region xref gene does not exist
prokka_out/CA114720:CDS	hypothetical protein	NODE_1_length_324161_cov_58.071320:266893-267492	CCHHBCMG_00274

DiscRep_SUB:FEATURE_LOCATION_CONFLICT::Coding region xref gene does not exist
prokka_out/CA114720:CDS	Succinyl-diaminopimelate desuccinylase	NODE_1_length_324161_cov_58.071320:267496-268593	CCHHBCMG_00275

DiscRep_SUB:FEATURE_LOCATION_CONFLICT::Coding region xref gene does not exist
prokka_out/CA114720:CDS	hypothetical protein	NODE_1_length_324161_cov_58.071320:268603-268794	CCHHBCMG_00276

DiscRep_SUB:FEATURE_LOCATION_CONFLICT::Coding region xref gene does not exist
prokka_out/CA114720:CDS	hypothetical protein	NODE_1_length_324161_cov_58.071320:268794-269594	CCHHBCMG_00277

DiscRep_SUB:FEATURE_LOCATION_CONFLICT::Coding region xref gene does not exist
prokka_out/CA114720:CDS	Thiazole synthase	NODE_1_length_324161_cov_58.071320:269597-270373	CCHHBCMG_00278

DiscRep_SUB:FEATURE_LOCATION_CONFLICT::Coding region xref gene does not exist
prokka_out/CA114720:CDS	2-iminoacetate synthase	NODE_1_length_324161_cov_58.071320:270376-271521	CCHHBCMG_00279

DiscRep_SUB:FEATURE_LOCATION_CONFLICT::Coding region xref gene does not exist
prokka_out/CA114720:CDS	Thiamine-phosphate synthase	NODE_1_length_324161_cov_58.071320:271511-272116	CCHHBCMG_00280

DiscRep_SUB:FEATURE_LOCATION_CONFLICT::Coding region xref gene does not exist
prokka_out/CA114720:CDS	HTH-type transcriptional activator RhaS	NODE_1_length_324161_cov_58.071320:272113-273003	CCHHBCMG_00281

DiscRep_SUB:FEATURE_LOCATION_CONFLICT::Coding region xref gene does not exist
prokka_out/CA114720:CDS	hypothetical protein	NODE_1_length_324161_cov_58.071320:273066-273917	CCHHBCMG_00282

DiscRep_SUB:FEATURE_LOCATION_CONFLICT::Coding region xref gene does not exist
prokka_out/CA114720:CDS	putative transporter YycB	NODE_1_length_324161_cov_58.071320:273925-275088	CCHHBCMG_00283

DiscRep_SUB:FEATURE_LOCATION_CONFLICT::Coding region xref gene does not exist
prokka_out/CA114720:CDS	UDP-N-acetylglucosamine--N-acetylmuramyl-(pentapeptide) pyrophosphoryl-undecaprenol N-acetylglucosamine transferase	NODE_1_length_324161_cov_58.071320:c276087-275059	CCHHBCMG_00284

DiscRep_SUB:FEATURE_LOCATION_CONFLICT::Coding region xref gene does not exist
prokka_out/CA114720:CDS	putative peptidoglycan glycosyltransferase FtsW	NODE_1_length_324161_cov_58.071320:c277247-276084	CCHHBCMG_00285

DiscRep_SUB:FEATURE_LOCATION_CONFLICT::Coding region xref gene does not exist
prokka_out/CA114720:CDS	2-oxoglutarate carboxylase small subunit	NODE_1_length_324161_cov_58.071320:277387-278832	CCHHBCMG_00286

DiscRep_SUB:FEATURE_LOCATION_CONFLICT::Coding region xref gene does not exist
prokka_out/CA114720:CDS	hypothetical protein	NODE_1_length_324161_cov_58.071320:278836-279087	CCHHBCMG_00287

DiscRep_SUB:FEATURE_LOCATION_CONFLICT::Coding region xref gene does not exist
prokka_out/CA114720:CDS	Aspartate/glutamate leucyltransferase	NODE_1_length_324161_cov_58.071320:279087-279806	CCHHBCMG_00288

DiscRep_SUB:FEATURE_LOCATION_CONFLICT::Coding region xref gene does not exist
prokka_out/CA114720:CDS	hypothetical protein	NODE_1_length_324161_cov_58.071320:279807-280613	CCHHBCMG_00289

DiscRep_SUB:FEATURE_LOCATION_CONFLICT::Coding region xref gene does not exist
prokka_out/CA114720:CDS	Multidrug resistance protein MdtC	NODE_1_length_324161_cov_58.071320:c283654-280637	CCHHBCMG_00290

DiscRep_SUB:FEATURE_LOCATION_CONFLICT::Coding region xref gene does not exist
prokka_out/CA114720:CDS	Cobalt-zinc-cadmium resistance protein CzcB	NODE_1_length_324161_cov_58.071320:c284397-283657	CCHHBCMG_00291

DiscRep_SUB:FEATURE_LOCATION_CONFLICT::Coding region xref gene does not exist
prokka_out/CA114720:CDS	hypothetical protein	NODE_1_length_324161_cov_58.071320:c285668-284394	CCHHBCMG_00292

DiscRep_SUB:FEATURE_LOCATION_CONFLICT::Coding region xref gene does not exist
prokka_out/CA114720:CDS	Elongation factor 4	NODE_1_length_324161_cov_58.071320:285795-287591	CCHHBCMG_00293

DiscRep_SUB:FEATURE_LOCATION_CONFLICT::Coding region xref gene does not exist
prokka_out/CA114720:CDS	hypothetical protein	NODE_1_length_324161_cov_58.071320:287668-288312	CCHHBCMG_00294

DiscRep_SUB:FEATURE_LOCATION_CONFLICT::Coding region xref gene does not exist
prokka_out/CA114720:CDS	hypothetical protein	NODE_1_length_324161_cov_58.071320:288309-288884	CCHHBCMG_00295

DiscRep_SUB:FEATURE_LOCATION_CONFLICT::Coding region xref gene does not exist
prokka_out/CA114720:CDS	DNA gyrase subunit A	NODE_1_length_324161_cov_58.071320:288925-291513	CCHHBCMG_00296

DiscRep_SUB:FEATURE_LOCATION_CONFLICT::Coding region xref gene does not exist
prokka_out/CA114720:CDS	hypothetical protein	NODE_1_length_324161_cov_58.071320:291582-292097	CCHHBCMG_00297

DiscRep_SUB:FEATURE_LOCATION_CONFLICT::Coding region xref gene does not exist
prokka_out/CA114720:CDS	hypothetical protein	NODE_1_length_324161_cov_58.071320:292205-292522	CCHHBCMG_00298

DiscRep_SUB:FEATURE_LOCATION_CONFLICT::Coding region xref gene does not exist
prokka_out/CA114720:CDS	Regulatory protein AtoC	NODE_1_length_324161_cov_58.071320:292579-293880	CCHHBCMG_00299

DiscRep_SUB:FEATURE_LOCATION_CONFLICT::Coding region xref gene does not exist
prokka_out/CA114720:CDS	Aspartate-semialdehyde dehydrogenase	NODE_1_length_324161_cov_58.071320:293880-294911	CCHHBCMG_00300

DiscRep_SUB:FEATURE_LOCATION_CONFLICT::Coding region xref gene does not exist
prokka_out/CA114720:CDS	hypothetical protein	NODE_1_length_324161_cov_58.071320:294920-295426	CCHHBCMG_00301

DiscRep_SUB:FEATURE_LOCATION_CONFLICT::Coding region xref gene does not exist
prokka_out/CA114720:CDS	hypothetical protein	NODE_1_length_324161_cov_58.071320:295479-295670	CCHHBCMG_00302

DiscRep_SUB:FEATURE_LOCATION_CONFLICT::Coding region xref gene does not exist
prokka_out/CA114720:CDS	hypothetical protein	NODE_1_length_324161_cov_58.071320:295679-296113	CCHHBCMG_00303

DiscRep_SUB:FEATURE_LOCATION_CONFLICT::Coding region xref gene does not exist
prokka_out/CA114720:CDS	Leu/Ile/Val-binding protein	NODE_1_length_324161_cov_58.071320:296144-297259	CCHHBCMG_00304

DiscRep_SUB:FEATURE_LOCATION_CONFLICT::Coding region xref gene does not exist
prokka_out/CA114720:CDS	Leu/Ile/Val-binding protein	NODE_1_length_324161_cov_58.071320:297281-298390	CCHHBCMG_00305

DiscRep_SUB:FEATURE_LOCATION_CONFLICT::Coding region xref gene does not exist
prokka_out/CA114720:CDS	High-affinity branched-chain amino acid transport system permease protein LivH	NODE_1_length_324161_cov_58.071320:298409-299305	CCHHBCMG_00306

DiscRep_SUB:FEATURE_LOCATION_CONFLICT::Coding region xref gene does not exist
prokka_out/CA114720:CDS	hypothetical protein	NODE_1_length_324161_cov_58.071320:299305-300357	CCHHBCMG_00307

DiscRep_SUB:FEATURE_LOCATION_CONFLICT::Coding region xref gene does not exist
prokka_out/CA114720:CDS	Lipopolysaccharide export system ATP-binding protein LptB	NODE_1_length_324161_cov_58.071320:300354-301124	CCHHBCMG_00308

DiscRep_SUB:FEATURE_LOCATION_CONFLICT::Coding region xref gene does not exist
prokka_out/CA114720:CDS	High-affinity branched-chain amino acid transport ATP-binding protein LivF	NODE_1_length_324161_cov_58.071320:301111-301806	CCHHBCMG_00309

DiscRep_SUB:FEATURE_LOCATION_CONFLICT::Coding region xref gene does not exist
prokka_out/CA114720:CDS	Cytochrome c biogenesis protein CcsA	NODE_1_length_324161_cov_58.071320:301825-305070	CCHHBCMG_00310

DiscRep_SUB:FEATURE_LOCATION_CONFLICT::Coding region xref gene does not exist
prokka_out/CA114720:CDS	hypothetical protein	NODE_1_length_324161_cov_58.071320:305071-305535	CCHHBCMG_00311

DiscRep_SUB:FEATURE_LOCATION_CONFLICT::Coding region xref gene does not exist
prokka_out/CA114720:CDS	hypothetical protein	NODE_1_length_324161_cov_58.071320:c307844-306597	CCHHBCMG_00312

DiscRep_SUB:FEATURE_LOCATION_CONFLICT::Coding region xref gene does not exist
prokka_out/CA114720:CDS	hypothetical protein	NODE_1_length_324161_cov_58.071320:c309120-307846	CCHHBCMG_00313

DiscRep_SUB:FEATURE_LOCATION_CONFLICT::Coding region xref gene does not exist
prokka_out/CA114720:CDS	hypothetical protein	NODE_1_length_324161_cov_58.071320:c311065-309113	CCHHBCMG_00314

DiscRep_SUB:FEATURE_LOCATION_CONFLICT::Coding region xref gene does not exist
prokka_out/CA114720:CDS	hypothetical protein	NODE_1_length_324161_cov_58.071320:c311913-311053	CCHHBCMG_00315

DiscRep_SUB:FEATURE_LOCATION_CONFLICT::Coding region xref gene does not exist
prokka_out/CA114720:CDS	hypothetical protein	NODE_1_length_324161_cov_58.071320:c312102-311929	CCHHBCMG_00316

DiscRep_SUB:FEATURE_LOCATION_CONFLICT::Coding region xref gene does not exist
prokka_out/CA114720:CDS	hypothetical protein	NODE_1_length_324161_cov_58.071320:c312850-312086	CCHHBCMG_00317

DiscRep_SUB:FEATURE_LOCATION_CONFLICT::Coding region xref gene does not exist
prokka_out/CA114720:CDS	hypothetical protein	NODE_1_length_324161_cov_58.071320:c313803-312934	CCHHBCMG_00318

DiscRep_SUB:FEATURE_LOCATION_CONFLICT::Coding region xref gene does not exist
prokka_out/CA114720:CDS	hypothetical protein	NODE_1_length_324161_cov_58.071320:c315099-313849	CCHHBCMG_00319

DiscRep_SUB:FEATURE_LOCATION_CONFLICT::Coding region xref gene does not exist
prokka_out/CA114720:CDS	hypothetical protein	NODE_1_length_324161_cov_58.071320:c315778-315104	CCHHBCMG_00320

DiscRep_SUB:FEATURE_LOCATION_CONFLICT::Coding region xref gene does not exist
prokka_out/CA114720:CDS	hypothetical protein	NODE_1_length_324161_cov_58.071320:c316592-315819	CCHHBCMG_00321

DiscRep_SUB:FEATURE_LOCATION_CONFLICT::Coding region xref gene does not exist
prokka_out/CA114720:CDS	hypothetical protein	NODE_1_length_324161_cov_58.071320:c317226-316606	CCHHBCMG_00322

DiscRep_SUB:FEATURE_LOCATION_CONFLICT::Coding region xref gene does not exist
prokka_out/CA114720:CDS	hypothetical protein	NODE_1_length_324161_cov_58.071320:c317915-317595	CCHHBCMG_00323

DiscRep_SUB:FEATURE_LOCATION_CONFLICT::Coding region xref gene does not exist
prokka_out/CA114720:CDS	hypothetical protein	NODE_1_length_324161_cov_58.071320:c319399-318392	CCHHBCMG_00324

DiscRep_SUB:FEATURE_LOCATION_CONFLICT::Coding region xref gene does not exist
prokka_out/CA114720:CDS	hypothetical protein	NODE_1_length_324161_cov_58.071320:c319699-319451	CCHHBCMG_00325

DiscRep_SUB:FEATURE_LOCATION_CONFLICT::Coding region xref gene does not exist
prokka_out/CA114720:CDS	hypothetical protein	NODE_1_length_324161_cov_58.071320:c320227-319784	CCHHBCMG_00326

DiscRep_SUB:FEATURE_LOCATION_CONFLICT::Coding region xref gene does not exist
prokka_out/CA114720:CDS	hypothetical protein	NODE_1_length_324161_cov_58.071320:c320409-320227	CCHHBCMG_00327

DiscRep_SUB:FEATURE_LOCATION_CONFLICT::Coding region xref gene does not exist
prokka_out/CA114720:CDS	hypothetical protein	NODE_1_length_324161_cov_58.071320:c321020-320409	CCHHBCMG_00328

DiscRep_SUB:FEATURE_LOCATION_CONFLICT::Coding region xref gene does not exist
prokka_out/CA114720:CDS	hypothetical protein	NODE_1_length_324161_cov_58.071320:c323013-321022	CCHHBCMG_00329

DiscRep_SUB:FEATURE_LOCATION_CONFLICT::Coding region xref gene does not exist
prokka_out/CA114720:CDS	hypothetical protein	NODE_1_length_324161_cov_58.071320:c323909-323013	CCHHBCMG_00330

DiscRep_SUB:FEATURE_LOCATION_CONFLICT::RNA feature xref gene does not exist
prokka_out/CA114720:tRNA	Phe	NODE_1_length_324161_cov_58.071320:51401-51476	CCHHBCMG_00058

DiscRep_SUB:FEATURE_LOCATION_CONFLICT::RNA feature xref gene does not exist
prokka_out/CA114720:tRNA	Met	NODE_1_length_324161_cov_58.071320:c51662-51586	CCHHBCMG_00059

DiscRep_SUB:FEATURE_LOCATION_CONFLICT::RNA feature xref gene does not exist
prokka_out/CA114720:tRNA	Asn	NODE_1_length_324161_cov_58.071320:112338-112412	CCHHBCMG_00115

DiscRep_SUB:FEATURE_LOCATION_CONFLICT::Coding region xref gene does not exist
prokka_out/CA114720:CDS	UDP-N-acetylmuramoyl-L-alanine--L-glutamate ligase	NODE_2_length_271635_cov_57.555321:c1523-315	CCHHBCMG_00331

DiscRep_SUB:FEATURE_LOCATION_CONFLICT::Coding region xref gene does not exist
prokka_out/CA114720:CDS	Phospho-N-acetylmuramoyl-pentapeptide-transferase	NODE_2_length_271635_cov_57.555321:c2584-1523	CCHHBCMG_00332

DiscRep_SUB:FEATURE_LOCATION_CONFLICT::Coding region xref gene does not exist
prokka_out/CA114720:CDS	2,3-bisphosphoglycerate-independent phosphoglycerate mutase	NODE_2_length_271635_cov_57.555321:2664-4142	CCHHBCMG_00333

DiscRep_SUB:FEATURE_LOCATION_CONFLICT::Coding region xref gene does not exist
prokka_out/CA114720:CDS	3-oxoacyl-[acyl-carrier-protein] reductase FabG	NODE_2_length_271635_cov_57.555321:4214-4957	CCHHBCMG_00334

DiscRep_SUB:FEATURE_LOCATION_CONFLICT::Coding region xref gene does not exist
prokka_out/CA114720:CDS	hypothetical protein	NODE_2_length_271635_cov_57.555321:4967-5374	CCHHBCMG_00335

DiscRep_SUB:FEATURE_LOCATION_CONFLICT::Coding region xref gene does not exist
prokka_out/CA114720:CDS	8-methylmenaquinol:fumarate reductase flavoprotein subunit	NODE_2_length_271635_cov_57.555321:5777-6112	CCHHBCMG_00336

DiscRep_SUB:FEATURE_LOCATION_CONFLICT::Coding region xref gene does not exist
prokka_out/CA114720:CDS	8-methylmenaquinol:fumarate reductase flavoprotein subunit	NODE_2_length_271635_cov_57.555321:6192-6686	CCHHBCMG_00337

DiscRep_SUB:FEATURE_LOCATION_CONFLICT::Coding region xref gene does not exist
prokka_out/CA114720:CDS	8-methylmenaquinol:fumarate reductase iron-sulfur subunit	NODE_2_length_271635_cov_57.555321:6683-6916	CCHHBCMG_00338

DiscRep_SUB:FEATURE_LOCATION_CONFLICT::Coding region xref gene does not exist
prokka_out/CA114720:CDS	8-methylmenaquinol:fumarate reductase iron-sulfur subunit	NODE_2_length_271635_cov_57.555321:6901-7332	CCHHBCMG_00339

DiscRep_SUB:FEATURE_LOCATION_CONFLICT::Coding region xref gene does not exist
prokka_out/CA114720:CDS	hypothetical protein	NODE_2_length_271635_cov_57.555321:7472-7642	CCHHBCMG_00340

DiscRep_SUB:FEATURE_LOCATION_CONFLICT::Coding region xref gene does not exist
prokka_out/CA114720:CDS	8-methylmenaquinol:fumarate reductase membrane anchor subunit	NODE_2_length_271635_cov_57.555321:7746-8501	CCHHBCMG_00341

DiscRep_SUB:FEATURE_LOCATION_CONFLICT::Coding region xref gene does not exist
prokka_out/CA114720:CDS	Aminopyrimidine aminohydrolase	NODE_2_length_271635_cov_57.555321:c9190-8525	CCHHBCMG_00342

DiscRep_SUB:FEATURE_LOCATION_CONFLICT::Coding region xref gene does not exist
prokka_out/CA114720:CDS	Acyl carrier protein	NODE_2_length_271635_cov_57.555321:9303-9536	CCHHBCMG_00343

DiscRep_SUB:FEATURE_LOCATION_CONFLICT::Coding region xref gene does not exist
prokka_out/CA114720:CDS	3-oxoacyl-[acyl-carrier-protein] synthase 2	NODE_2_length_271635_cov_57.555321:9562-10776	CCHHBCMG_00344

DiscRep_SUB:FEATURE_LOCATION_CONFLICT::Coding region xref gene does not exist
prokka_out/CA114720:CDS	Acetyl-coenzyme A carboxylase carboxyl transferase subunit alpha	NODE_2_length_271635_cov_57.555321:10778-11716	CCHHBCMG_00345

DiscRep_SUB:FEATURE_LOCATION_CONFLICT::Coding region xref gene does not exist
prokka_out/CA114720:CDS	Colicin I receptor	NODE_2_length_271635_cov_57.555321:11851-13923	CCHHBCMG_00346

DiscRep_SUB:FEATURE_LOCATION_CONFLICT::Coding region xref gene does not exist
prokka_out/CA114720:CDS	hypothetical protein	NODE_2_length_271635_cov_57.555321:14005-14601	CCHHBCMG_00347

DiscRep_SUB:FEATURE_LOCATION_CONFLICT::Coding region xref gene does not exist
prokka_out/CA114720:CDS	hypothetical protein	NODE_2_length_271635_cov_57.555321:c15730-14633	CCHHBCMG_00348

DiscRep_SUB:FEATURE_LOCATION_CONFLICT::Coding region xref gene does not exist
prokka_out/CA114720:CDS	hypothetical protein	NODE_2_length_271635_cov_57.555321:c15955-15740	CCHHBCMG_00349

DiscRep_SUB:FEATURE_LOCATION_CONFLICT::Coding region xref gene does not exist
prokka_out/CA114720:CDS	50S ribosomal protein L28	NODE_2_length_271635_cov_57.555321:c16334-16140	CCHHBCMG_00350

DiscRep_SUB:FEATURE_LOCATION_CONFLICT::Coding region xref gene does not exist
prokka_out/CA114720:CDS	Ribulose-phosphate 3-epimerase	NODE_2_length_271635_cov_57.555321:16474-17121	CCHHBCMG_00351

DiscRep_SUB:FEATURE_LOCATION_CONFLICT::Coding region xref gene does not exist
prokka_out/CA114720:CDS	3'-5' exonuclease DinG	NODE_2_length_271635_cov_57.555321:17118-17873	CCHHBCMG_00352

DiscRep_SUB:FEATURE_LOCATION_CONFLICT::Coding region xref gene does not exist
prokka_out/CA114720:CDS	5-hydroxybenzimidazole synthase	NODE_2_length_271635_cov_57.555321:18062-19354	CCHHBCMG_00353

DiscRep_SUB:FEATURE_LOCATION_CONFLICT::Coding region xref gene does not exist
prokka_out/CA114720:CDS	hypothetical protein	NODE_2_length_271635_cov_57.555321:c19864-19346	CCHHBCMG_00354

DiscRep_SUB:FEATURE_LOCATION_CONFLICT::Coding region xref gene does not exist
prokka_out/CA114720:CDS	hypothetical protein	NODE_2_length_271635_cov_57.555321:c20381-19854	CCHHBCMG_00355

DiscRep_SUB:FEATURE_LOCATION_CONFLICT::Coding region xref gene does not exist
prokka_out/CA114720:CDS	hypothetical protein	NODE_2_length_271635_cov_57.555321:c21337-20378	CCHHBCMG_00356

DiscRep_SUB:FEATURE_LOCATION_CONFLICT::Coding region xref gene does not exist
prokka_out/CA114720:CDS	hypothetical protein	NODE_2_length_271635_cov_57.555321:c21989-21339	CCHHBCMG_00357

DiscRep_SUB:FEATURE_LOCATION_CONFLICT::Coding region xref gene does not exist
prokka_out/CA114720:CDS	tRNA-2-methylthio-N(6)-dimethylallyladenosine synthase	NODE_2_length_271635_cov_57.555321:c23253-21952	CCHHBCMG_00358

DiscRep_SUB:FEATURE_LOCATION_CONFLICT::Coding region xref gene does not exist
prokka_out/CA114720:CDS	hypothetical protein	NODE_2_length_271635_cov_57.555321:c23492-23250	CCHHBCMG_00359

DiscRep_SUB:FEATURE_LOCATION_CONFLICT::Coding region xref gene does not exist
prokka_out/CA114720:CDS	Transcription termination/antitermination protein NusA	NODE_2_length_271635_cov_57.555321:23619-24707	CCHHBCMG_00360

DiscRep_SUB:FEATURE_LOCATION_CONFLICT::Coding region xref gene does not exist
prokka_out/CA114720:CDS	hypothetical protein	NODE_2_length_271635_cov_57.555321:c25910-24723	CCHHBCMG_00361

DiscRep_SUB:FEATURE_LOCATION_CONFLICT::Coding region xref gene does not exist
prokka_out/CA114720:CDS	Cyclic dehypoxanthine futalosine synthase	NODE_2_length_271635_cov_57.555321:25985-27031	CCHHBCMG_00362

DiscRep_SUB:FEATURE_LOCATION_CONFLICT::Coding region xref gene does not exist
prokka_out/CA114720:CDS	hypothetical protein	NODE_2_length_271635_cov_57.555321:27031-28251	CCHHBCMG_00363

DiscRep_SUB:FEATURE_LOCATION_CONFLICT::Coding region xref gene does not exist
prokka_out/CA114720:CDS	Transcription-repair-coupling factor	NODE_2_length_271635_cov_57.555321:28241-30064	CCHHBCMG_00364

DiscRep_SUB:FEATURE_LOCATION_CONFLICT::Coding region xref gene does not exist
prokka_out/CA114720:CDS	Group 3 truncated hemoglobin ctb	NODE_2_length_271635_cov_57.555321:c30444-30061	CCHHBCMG_00365

DiscRep_SUB:FEATURE_LOCATION_CONFLICT::Coding region xref gene does not exist
prokka_out/CA114720:CDS	Cyclic AMP receptor-like protein	NODE_2_length_271635_cov_57.555321:30540-31136	CCHHBCMG_00366

DiscRep_SUB:FEATURE_LOCATION_CONFLICT::Coding region xref gene does not exist
prokka_out/CA114720:CDS	L-cystine transport system permease protein YecS	NODE_2_length_271635_cov_57.555321:31152-31853	CCHHBCMG_00367

DiscRep_SUB:FEATURE_LOCATION_CONFLICT::Coding region xref gene does not exist
prokka_out/CA114720:CDS	putative glutamine ABC transporter permease protein GlnP	NODE_2_length_271635_cov_57.555321:31846-32502	CCHHBCMG_00368

DiscRep_SUB:FEATURE_LOCATION_CONFLICT::Coding region xref gene does not exist
prokka_out/CA114720:CDS	Glutamine transport ATP-binding protein GlnQ	NODE_2_length_271635_cov_57.555321:32504-33241	CCHHBCMG_00369

DiscRep_SUB:FEATURE_LOCATION_CONFLICT::Coding region xref gene does not exist
prokka_out/CA114720:CDS	Elongation factor Tu	NODE_2_length_271635_cov_57.555321:33897-35096	CCHHBCMG_00374

DiscRep_SUB:FEATURE_LOCATION_CONFLICT::Coding region xref gene does not exist
prokka_out/CA114720:CDS	50S ribosomal protein L33 2	NODE_2_length_271635_cov_57.555321:35149-35307	CCHHBCMG_00375

DiscRep_SUB:FEATURE_LOCATION_CONFLICT::Coding region xref gene does not exist
prokka_out/CA114720:CDS	hypothetical protein	NODE_2_length_271635_cov_57.555321:35414-35593	CCHHBCMG_00377

DiscRep_SUB:FEATURE_LOCATION_CONFLICT::Coding region xref gene does not exist
prokka_out/CA114720:CDS	Transcription termination/antitermination protein NusG	NODE_2_length_271635_cov_57.555321:35603-36136	CCHHBCMG_00378

DiscRep_SUB:FEATURE_LOCATION_CONFLICT::Coding region xref gene does not exist
prokka_out/CA114720:CDS	50S ribosomal protein L11	NODE_2_length_271635_cov_57.555321:36162-36587	CCHHBCMG_00379

DiscRep_SUB:FEATURE_LOCATION_CONFLICT::Coding region xref gene does not exist
prokka_out/CA114720:CDS	50S ribosomal protein L1	NODE_2_length_271635_cov_57.555321:36642-37343	CCHHBCMG_00380

DiscRep_SUB:FEATURE_LOCATION_CONFLICT::Coding region xref gene does not exist
prokka_out/CA114720:CDS	50S ribosomal protein L10	NODE_2_length_271635_cov_57.555321:37495-37974	CCHHBCMG_00381

DiscRep_SUB:FEATURE_LOCATION_CONFLICT::Coding region xref gene does not exist
prokka_out/CA114720:CDS	50S ribosomal protein L7/L12	NODE_2_length_271635_cov_57.555321:37995-38372	CCHHBCMG_00382

DiscRep_SUB:FEATURE_LOCATION_CONFLICT::Coding region xref gene does not exist
prokka_out/CA114720:CDS	Bifunctional DNA-directed RNA polymerase subunit beta-beta'	NODE_2_length_271635_cov_57.555321:38491-42618	CCHHBCMG_00383

DiscRep_SUB:FEATURE_LOCATION_CONFLICT::Coding region xref gene does not exist
prokka_out/CA114720:CDS	Bifunctional DNA-directed RNA polymerase subunit beta-beta'	NODE_2_length_271635_cov_57.555321:42611-47164	CCHHBCMG_00384

DiscRep_SUB:FEATURE_LOCATION_CONFLICT::Coding region xref gene does not exist
prokka_out/CA114720:CDS	30S ribosomal protein S12	NODE_2_length_271635_cov_57.555321:47284-47670	CCHHBCMG_00385

DiscRep_SUB:FEATURE_LOCATION_CONFLICT::Coding region xref gene does not exist
prokka_out/CA114720:CDS	30S ribosomal protein S7	NODE_2_length_271635_cov_57.555321:47740-48210	CCHHBCMG_00386

DiscRep_SUB:FEATURE_LOCATION_CONFLICT::Coding region xref gene does not exist
prokka_out/CA114720:CDS	Elongation factor G	NODE_2_length_271635_cov_57.555321:48223-50298	CCHHBCMG_00387

DiscRep_SUB:FEATURE_LOCATION_CONFLICT::Coding region xref gene does not exist
prokka_out/CA114720:CDS	hypothetical protein	NODE_2_length_271635_cov_57.555321:50422-50568	CCHHBCMG_00389

DiscRep_SUB:FEATURE_LOCATION_CONFLICT::Coding region xref gene does not exist
prokka_out/CA114720:CDS	tRNA1(Val) (adenine(37)-N6)-methyltransferase	NODE_2_length_271635_cov_57.555321:50574-51275	CCHHBCMG_00390

DiscRep_SUB:FEATURE_LOCATION_CONFLICT::Coding region xref gene does not exist
prokka_out/CA114720:CDS	hypothetical protein	NODE_2_length_271635_cov_57.555321:51265-51639	CCHHBCMG_00391

DiscRep_SUB:FEATURE_LOCATION_CONFLICT::Coding region xref gene does not exist
prokka_out/CA114720:CDS	hypothetical protein	NODE_2_length_271635_cov_57.555321:51612-52889	CCHHBCMG_00392

DiscRep_SUB:FEATURE_LOCATION_CONFLICT::Coding region xref gene does not exist
prokka_out/CA114720:CDS	Indole-3-glycerol phosphate synthase	NODE_2_length_271635_cov_57.555321:52886-53662	CCHHBCMG_00393

DiscRep_SUB:FEATURE_LOCATION_CONFLICT::Coding region xref gene does not exist
prokka_out/CA114720:CDS	AP-4-A phosphorylase	NODE_2_length_271635_cov_57.555321:53672-54157	CCHHBCMG_00394

DiscRep_SUB:FEATURE_LOCATION_CONFLICT::Coding region xref gene does not exist
prokka_out/CA114720:CDS	tRNA 2-selenouridine synthase	NODE_2_length_271635_cov_57.555321:54147-55145	CCHHBCMG_00395

DiscRep_SUB:FEATURE_LOCATION_CONFLICT::Coding region xref gene does not exist
prokka_out/CA114720:CDS	Ammonia channel	NODE_2_length_271635_cov_57.555321:55550-56194	CCHHBCMG_00396

DiscRep_SUB:FEATURE_LOCATION_CONFLICT::Coding region xref gene does not exist
prokka_out/CA114720:CDS	Ferrochelatase	NODE_2_length_271635_cov_57.555321:c57638-56727	CCHHBCMG_00397

DiscRep_SUB:FEATURE_LOCATION_CONFLICT::Coding region xref gene does not exist
prokka_out/CA114720:CDS	Inositol 2-dehydrogenase/D-chiro-inositol 3-dehydrogenase	NODE_2_length_271635_cov_57.555321:c58471-57635	CCHHBCMG_00398

DiscRep_SUB:FEATURE_LOCATION_CONFLICT::Coding region xref gene does not exist
prokka_out/CA114720:CDS	UDP-2-acetamido-2-deoxy-3-oxo-D-glucuronate aminotransferase	NODE_2_length_271635_cov_57.555321:c59579-58506	CCHHBCMG_00399

DiscRep_SUB:FEATURE_LOCATION_CONFLICT::Coding region xref gene does not exist
prokka_out/CA114720:CDS	Alanine--tRNA ligase	NODE_2_length_271635_cov_57.555321:59694-62222	CCHHBCMG_00400

DiscRep_SUB:FEATURE_LOCATION_CONFLICT::Coding region xref gene does not exist
prokka_out/CA114720:CDS	dTTP/UTP pyrophosphatase	NODE_2_length_271635_cov_57.555321:62222-62773	CCHHBCMG_00401

DiscRep_SUB:FEATURE_LOCATION_CONFLICT::Coding region xref gene does not exist
prokka_out/CA114720:CDS	Penicillin-binding protein 1F	NODE_2_length_271635_cov_57.555321:62770-64701	CCHHBCMG_00402

DiscRep_SUB:FEATURE_LOCATION_CONFLICT::Coding region xref gene does not exist
prokka_out/CA114720:CDS	Chaperone protein ClpB	NODE_2_length_271635_cov_57.555321:c67302-64729	CCHHBCMG_00403

DiscRep_SUB:FEATURE_LOCATION_CONFLICT::Coding region xref gene does not exist
prokka_out/CA114720:CDS	Copper-sensing transcriptional repressor CsoR	NODE_2_length_271635_cov_57.555321:c67704-67414	CCHHBCMG_00404

DiscRep_SUB:FEATURE_LOCATION_CONFLICT::Coding region xref gene does not exist
prokka_out/CA114720:CDS	Carboxy-terminal processing protease CtpB	NODE_2_length_271635_cov_57.555321:67837-69156	CCHHBCMG_00405

DiscRep_SUB:FEATURE_LOCATION_CONFLICT::Coding region xref gene does not exist
prokka_out/CA114720:CDS	Phosphoribosylaminoimidazole-succinocarboxamide synthase	NODE_2_length_271635_cov_57.555321:69158-69868	CCHHBCMG_00406

DiscRep_SUB:FEATURE_LOCATION_CONFLICT::Coding region xref gene does not exist
prokka_out/CA114720:CDS	Phosphoribosylformylglycinamidine synthase subunit PurS	NODE_2_length_271635_cov_57.555321:69877-70122	CCHHBCMG_00407

DiscRep_SUB:FEATURE_LOCATION_CONFLICT::Coding region xref gene does not exist
prokka_out/CA114720:CDS	Phosphoribosylformylglycinamidine synthase subunit PurQ	NODE_2_length_271635_cov_57.555321:70124-70771	CCHHBCMG_00408

DiscRep_SUB:FEATURE_LOCATION_CONFLICT::Coding region xref gene does not exist
prokka_out/CA114720:CDS	hypothetical protein	NODE_2_length_271635_cov_57.555321:70768-71964	CCHHBCMG_00409

DiscRep_SUB:FEATURE_LOCATION_CONFLICT::Coding region xref gene does not exist
prokka_out/CA114720:CDS	hypothetical protein	NODE_2_length_271635_cov_57.555321:71945-72637	CCHHBCMG_00410

DiscRep_SUB:FEATURE_LOCATION_CONFLICT::Coding region xref gene does not exist
prokka_out/CA114720:CDS	Putative fluoride ion transporter CrcB	NODE_2_length_271635_cov_57.555321:72631-72999	CCHHBCMG_00411

DiscRep_SUB:FEATURE_LOCATION_CONFLICT::Coding region xref gene does not exist
prokka_out/CA114720:CDS	Chaperone protein HtpG	NODE_2_length_271635_cov_57.555321:73072-74898	CCHHBCMG_00412

DiscRep_SUB:FEATURE_LOCATION_CONFLICT::Coding region xref gene does not exist
prokka_out/CA114720:CDS	hypothetical protein	NODE_2_length_271635_cov_57.555321:74895-75212	CCHHBCMG_00413

DiscRep_SUB:FEATURE_LOCATION_CONFLICT::Coding region xref gene does not exist
prokka_out/CA114720:CDS	hypothetical protein	NODE_2_length_271635_cov_57.555321:75212-75646	CCHHBCMG_00414

DiscRep_SUB:FEATURE_LOCATION_CONFLICT::Coding region xref gene does not exist
prokka_out/CA114720:CDS	hypothetical protein	NODE_2_length_271635_cov_57.555321:75789-76394	CCHHBCMG_00415

DiscRep_SUB:FEATURE_LOCATION_CONFLICT::Coding region xref gene does not exist
prokka_out/CA114720:CDS	hypothetical protein	NODE_2_length_271635_cov_57.555321:76722-77057	CCHHBCMG_00416

DiscRep_SUB:FEATURE_LOCATION_CONFLICT::Coding region xref gene does not exist
prokka_out/CA114720:CDS	hypothetical protein	NODE_2_length_271635_cov_57.555321:77108-77413	CCHHBCMG_00417

DiscRep_SUB:FEATURE_LOCATION_CONFLICT::Coding region xref gene does not exist
prokka_out/CA114720:CDS	putative peptidoglycan D,D-transpeptidase PenA	NODE_2_length_271635_cov_57.555321:c79218-77410	CCHHBCMG_00418

DiscRep_SUB:FEATURE_LOCATION_CONFLICT::Coding region xref gene does not exist
prokka_out/CA114720:CDS	Flagellar hook-basal body complex protein FliE	NODE_2_length_271635_cov_57.555321:c79521-79225	CCHHBCMG_00419

DiscRep_SUB:FEATURE_LOCATION_CONFLICT::Coding region xref gene does not exist
prokka_out/CA114720:CDS	Flagellar basal-body rod protein FlgC	NODE_2_length_271635_cov_57.555321:c80022-79528	CCHHBCMG_00420

DiscRep_SUB:FEATURE_LOCATION_CONFLICT::Coding region xref gene does not exist
prokka_out/CA114720:CDS	hypothetical protein	NODE_2_length_271635_cov_57.555321:c80463-80032	CCHHBCMG_00421

DiscRep_SUB:FEATURE_LOCATION_CONFLICT::Coding region xref gene does not exist
prokka_out/CA114720:CDS	Endolytic murein transglycosylase	NODE_2_length_271635_cov_57.555321:c81322-80543	CCHHBCMG_00422

DiscRep_SUB:FEATURE_LOCATION_CONFLICT::Coding region xref gene does not exist
prokka_out/CA114720:CDS	hypothetical protein	NODE_2_length_271635_cov_57.555321:81459-84029	CCHHBCMG_00423

DiscRep_SUB:FEATURE_LOCATION_CONFLICT::Coding region xref gene does not exist
prokka_out/CA114720:CDS	Isocitrate dehydrogenase [NADP] 2	NODE_2_length_271635_cov_57.555321:84146-86350	CCHHBCMG_00424

DiscRep_SUB:FEATURE_LOCATION_CONFLICT::Coding region xref gene does not exist
prokka_out/CA114720:CDS	Malate dehydrogenase	NODE_2_length_271635_cov_57.555321:86347-87249	CCHHBCMG_00425

DiscRep_SUB:FEATURE_LOCATION_CONFLICT::Coding region xref gene does not exist
prokka_out/CA114720:CDS	Succinate--CoA ligase [ADP-forming] subunit beta	NODE_2_length_271635_cov_57.555321:87250-88413	CCHHBCMG_00426

DiscRep_SUB:FEATURE_LOCATION_CONFLICT::Coding region xref gene does not exist
prokka_out/CA114720:CDS	Succinate--CoA ligase [ADP-forming] subunit alpha	NODE_2_length_271635_cov_57.555321:88423-89292	CCHHBCMG_00427

DiscRep_SUB:FEATURE_LOCATION_CONFLICT::Coding region xref gene does not exist
prokka_out/CA114720:CDS	Ion-translocating oxidoreductase complex subunit B	NODE_2_length_271635_cov_57.555321:89306-89617	CCHHBCMG_00428

DiscRep_SUB:FEATURE_LOCATION_CONFLICT::Coding region xref gene does not exist
prokka_out/CA114720:CDS	2-oxoglutarate oxidoreductase subunit KorA	NODE_2_length_271635_cov_57.555321:89626-90750	CCHHBCMG_00429

DiscRep_SUB:FEATURE_LOCATION_CONFLICT::Coding region xref gene does not exist
prokka_out/CA114720:CDS	hypothetical protein	NODE_2_length_271635_cov_57.555321:90751-91596	CCHHBCMG_00430

DiscRep_SUB:FEATURE_LOCATION_CONFLICT::Coding region xref gene does not exist
prokka_out/CA114720:CDS	hypothetical protein	NODE_2_length_271635_cov_57.555321:91593-92150	CCHHBCMG_00431

DiscRep_SUB:FEATURE_LOCATION_CONFLICT::Coding region xref gene does not exist
prokka_out/CA114720:CDS	hypothetical protein	NODE_2_length_271635_cov_57.555321:92289-92552	CCHHBCMG_00432

DiscRep_SUB:FEATURE_LOCATION_CONFLICT::Coding region xref gene does not exist
prokka_out/CA114720:CDS	hypothetical protein	NODE_2_length_271635_cov_57.555321:92555-93091	CCHHBCMG_00433

DiscRep_SUB:FEATURE_LOCATION_CONFLICT::Coding region xref gene does not exist
prokka_out/CA114720:CDS	Octaprenyl diphosphate synthase	NODE_2_length_271635_cov_57.555321:93105-93998	CCHHBCMG_00434

DiscRep_SUB:FEATURE_LOCATION_CONFLICT::Coding region xref gene does not exist
prokka_out/CA114720:CDS	Glutamyl-tRNA reductase	NODE_2_length_271635_cov_57.555321:93998-95296	CCHHBCMG_00435

DiscRep_SUB:FEATURE_LOCATION_CONFLICT::Coding region xref gene does not exist
prokka_out/CA114720:CDS	Proline--tRNA ligase	NODE_2_length_271635_cov_57.555321:95283-96989	CCHHBCMG_00436

DiscRep_SUB:FEATURE_LOCATION_CONFLICT::Coding region xref gene does not exist
prokka_out/CA114720:CDS	hypothetical protein	NODE_2_length_271635_cov_57.555321:96986-97375	CCHHBCMG_00437

DiscRep_SUB:FEATURE_LOCATION_CONFLICT::Coding region xref gene does not exist
prokka_out/CA114720:CDS	Porphobilinogen deaminase	NODE_2_length_271635_cov_57.555321:97372-98295	CCHHBCMG_00438

DiscRep_SUB:FEATURE_LOCATION_CONFLICT::Coding region xref gene does not exist
prokka_out/CA114720:CDS	3-octaprenyl-4-hydroxybenzoate carboxy-lyase	NODE_2_length_271635_cov_57.555321:98292-100094	CCHHBCMG_00439

DiscRep_SUB:FEATURE_LOCATION_CONFLICT::Coding region xref gene does not exist
prokka_out/CA114720:CDS	hypothetical protein	NODE_2_length_271635_cov_57.555321:100240-100605	CCHHBCMG_00440

DiscRep_SUB:FEATURE_LOCATION_CONFLICT::Coding region xref gene does not exist
prokka_out/CA114720:CDS	hypothetical protein	NODE_2_length_271635_cov_57.555321:100608-102536	CCHHBCMG_00441

DiscRep_SUB:FEATURE_LOCATION_CONFLICT::Coding region xref gene does not exist
prokka_out/CA114720:CDS	Flagellar secretion chaperone FliS	NODE_2_length_271635_cov_57.555321:102548-102934	CCHHBCMG_00442

DiscRep_SUB:FEATURE_LOCATION_CONFLICT::Coding region xref gene does not exist
prokka_out/CA114720:CDS	hypothetical protein	NODE_2_length_271635_cov_57.555321:102915-103190	CCHHBCMG_00443

DiscRep_SUB:FEATURE_LOCATION_CONFLICT::Coding region xref gene does not exist
prokka_out/CA114720:CDS	Elongation factor P	NODE_2_length_271635_cov_57.555321:103622-104191	CCHHBCMG_00444

DiscRep_SUB:FEATURE_LOCATION_CONFLICT::Coding region xref gene does not exist
prokka_out/CA114720:CDS	hypothetical protein	NODE_2_length_271635_cov_57.555321:104351-105043	CCHHBCMG_00445

DiscRep_SUB:FEATURE_LOCATION_CONFLICT::Coding region xref gene does not exist
prokka_out/CA114720:CDS	hypothetical protein	NODE_2_length_271635_cov_57.555321:105030-105983	CCHHBCMG_00446

DiscRep_SUB:FEATURE_LOCATION_CONFLICT::Coding region xref gene does not exist
prokka_out/CA114720:CDS	hypothetical protein	NODE_2_length_271635_cov_57.555321:105993-106997	CCHHBCMG_00447

DiscRep_SUB:FEATURE_LOCATION_CONFLICT::Coding region xref gene does not exist
prokka_out/CA114720:CDS	hypothetical protein	NODE_2_length_271635_cov_57.555321:107122-108408	CCHHBCMG_00448

DiscRep_SUB:FEATURE_LOCATION_CONFLICT::Coding region xref gene does not exist
prokka_out/CA114720:CDS	4-sulfomuconolactone hydrolase	NODE_2_length_271635_cov_57.555321:108419-109216	CCHHBCMG_00449

DiscRep_SUB:FEATURE_LOCATION_CONFLICT::Coding region xref gene does not exist
prokka_out/CA114720:CDS	hypothetical protein	NODE_2_length_271635_cov_57.555321:c110298-109213	CCHHBCMG_00450

DiscRep_SUB:FEATURE_LOCATION_CONFLICT::Coding region xref gene does not exist
prokka_out/CA114720:CDS	Gamma-glutamyl phosphate reductase	NODE_2_length_271635_cov_57.555321:c111527-110295	CCHHBCMG_00451

DiscRep_SUB:FEATURE_LOCATION_CONFLICT::Coding region xref gene does not exist
prokka_out/CA114720:CDS	Ferredoxin--NADP reductase	NODE_2_length_271635_cov_57.555321:111598-112533	CCHHBCMG_00452

DiscRep_SUB:FEATURE_LOCATION_CONFLICT::Coding region xref gene does not exist
prokka_out/CA114720:CDS	Multidrug export protein MepA	NODE_2_length_271635_cov_57.555321:112714-114042	CCHHBCMG_00453

DiscRep_SUB:FEATURE_LOCATION_CONFLICT::Coding region xref gene does not exist
prokka_out/CA114720:CDS	hypothetical protein	NODE_2_length_271635_cov_57.555321:c115021-114092	CCHHBCMG_00454

DiscRep_SUB:FEATURE_LOCATION_CONFLICT::Coding region xref gene does not exist
prokka_out/CA114720:CDS	Replicative DNA helicase	NODE_2_length_271635_cov_57.555321:115175-116551	CCHHBCMG_00455

DiscRep_SUB:FEATURE_LOCATION_CONFLICT::Coding region xref gene does not exist
prokka_out/CA114720:CDS	hypothetical protein	NODE_2_length_271635_cov_57.555321:116656-117216	CCHHBCMG_00456

DiscRep_SUB:FEATURE_LOCATION_CONFLICT::Coding region xref gene does not exist
prokka_out/CA114720:CDS	hypothetical protein	NODE_2_length_271635_cov_57.555321:117216-117413	CCHHBCMG_00457

DiscRep_SUB:FEATURE_LOCATION_CONFLICT::Coding region xref gene does not exist
prokka_out/CA114720:CDS	hypothetical protein	NODE_2_length_271635_cov_57.555321:117492-118220	CCHHBCMG_00458

DiscRep_SUB:FEATURE_LOCATION_CONFLICT::Coding region xref gene does not exist
prokka_out/CA114720:CDS	hypothetical protein	NODE_2_length_271635_cov_57.555321:118239-119705	CCHHBCMG_00459

DiscRep_SUB:FEATURE_LOCATION_CONFLICT::Coding region xref gene does not exist
prokka_out/CA114720:CDS	hypothetical protein	NODE_2_length_271635_cov_57.555321:119716-121188	CCHHBCMG_00460

DiscRep_SUB:FEATURE_LOCATION_CONFLICT::Coding region xref gene does not exist
prokka_out/CA114720:CDS	hypothetical protein	NODE_2_length_271635_cov_57.555321:121197-122264	CCHHBCMG_00461

DiscRep_SUB:FEATURE_LOCATION_CONFLICT::Coding region xref gene does not exist
prokka_out/CA114720:CDS	hypothetical protein	NODE_2_length_271635_cov_57.555321:122261-123133	CCHHBCMG_00462

DiscRep_SUB:FEATURE_LOCATION_CONFLICT::Coding region xref gene does not exist
prokka_out/CA114720:CDS	Riboflavin biosynthesis protein RibBA	NODE_2_length_271635_cov_57.555321:123432-124451	CCHHBCMG_00465

DiscRep_SUB:FEATURE_LOCATION_CONFLICT::Coding region xref gene does not exist
prokka_out/CA114720:CDS	putative protein YqeY	NODE_2_length_271635_cov_57.555321:124463-124906	CCHHBCMG_00466

DiscRep_SUB:FEATURE_LOCATION_CONFLICT::Coding region xref gene does not exist
prokka_out/CA114720:CDS	Acetolactate synthase isozyme 3 large subunit	NODE_2_length_271635_cov_57.555321:124924-126624	CCHHBCMG_00467

DiscRep_SUB:FEATURE_LOCATION_CONFLICT::Coding region xref gene does not exist
prokka_out/CA114720:CDS	Acetolactate synthase isozyme 3 small subunit	NODE_2_length_271635_cov_57.555321:126621-127085	CCHHBCMG_00468

DiscRep_SUB:FEATURE_LOCATION_CONFLICT::Coding region xref gene does not exist
prokka_out/CA114720:CDS	UDP-3-O-acylglucosamine N-acyltransferase	NODE_2_length_271635_cov_57.555321:127082-128047	CCHHBCMG_00469

DiscRep_SUB:FEATURE_LOCATION_CONFLICT::Coding region xref gene does not exist
prokka_out/CA114720:CDS	S-adenosylmethionine:tRNA ribosyltransferase-isomerase	NODE_2_length_271635_cov_57.555321:c129064-128036	CCHHBCMG_00470

DiscRep_SUB:FEATURE_LOCATION_CONFLICT::Coding region xref gene does not exist
prokka_out/CA114720:CDS	Sec-independent protein translocase protein TatC	NODE_2_length_271635_cov_57.555321:c129794-129057	CCHHBCMG_00471

DiscRep_SUB:FEATURE_LOCATION_CONFLICT::Coding region xref gene does not exist
prokka_out/CA114720:CDS	Sec-independent protein translocase protein TatB	NODE_2_length_271635_cov_57.555321:c130203-129787	CCHHBCMG_00472

DiscRep_SUB:FEATURE_LOCATION_CONFLICT::Coding region xref gene does not exist
prokka_out/CA114720:CDS	Heme chaperone HemW	NODE_2_length_271635_cov_57.555321:c131329-130262	CCHHBCMG_00473

DiscRep_SUB:FEATURE_LOCATION_CONFLICT::Coding region xref gene does not exist
prokka_out/CA114720:CDS	RNA pyrophosphohydrolase	NODE_2_length_271635_cov_57.555321:131430-131900	CCHHBCMG_00474

DiscRep_SUB:FEATURE_LOCATION_CONFLICT::Coding region xref gene does not exist
prokka_out/CA114720:CDS	Aspartate kinase	NODE_2_length_271635_cov_57.555321:131902-133104	CCHHBCMG_00475

DiscRep_SUB:FEATURE_LOCATION_CONFLICT::Coding region xref gene does not exist
prokka_out/CA114720:CDS	hypothetical protein	NODE_2_length_271635_cov_57.555321:133105-133641	CCHHBCMG_00476

DiscRep_SUB:FEATURE_LOCATION_CONFLICT::Coding region xref gene does not exist
prokka_out/CA114720:CDS	hypothetical protein	NODE_2_length_271635_cov_57.555321:133647-134252	CCHHBCMG_00477

DiscRep_SUB:FEATURE_LOCATION_CONFLICT::Coding region xref gene does not exist
prokka_out/CA114720:CDS	Bifunctional dihydropteroate synthase/dihydropteroate reductase	NODE_2_length_271635_cov_57.555321:134249-135418	CCHHBCMG_00478

DiscRep_SUB:FEATURE_LOCATION_CONFLICT::Coding region xref gene does not exist
prokka_out/CA114720:CDS	DNA ligase	NODE_2_length_271635_cov_57.555321:135419-137362	CCHHBCMG_00479

DiscRep_SUB:FEATURE_LOCATION_CONFLICT::Coding region xref gene does not exist
prokka_out/CA114720:CDS	hypothetical protein	NODE_2_length_271635_cov_57.555321:137343-138347	CCHHBCMG_00480

DiscRep_SUB:FEATURE_LOCATION_CONFLICT::Coding region xref gene does not exist
prokka_out/CA114720:CDS	16S/23S rRNA (cytidine-2'-O)-methyltransferase TlyA	NODE_2_length_271635_cov_57.555321:138344-139105	CCHHBCMG_00481

DiscRep_SUB:FEATURE_LOCATION_CONFLICT::Coding region xref gene does not exist
prokka_out/CA114720:CDS	Bifunctional riboflavin kinase/FMN adenylyltransferase	NODE_2_length_271635_cov_57.555321:139071-139925	CCHHBCMG_00482

DiscRep_SUB:FEATURE_LOCATION_CONFLICT::Coding region xref gene does not exist
prokka_out/CA114720:CDS	Carboxy-S-adenosyl-L-methionine synthase	NODE_2_length_271635_cov_57.555321:139915-140622	CCHHBCMG_00483

DiscRep_SUB:FEATURE_LOCATION_CONFLICT::Coding region xref gene does not exist
prokka_out/CA114720:CDS	hypothetical protein	NODE_2_length_271635_cov_57.555321:c140827-140612	CCHHBCMG_00484

DiscRep_SUB:FEATURE_LOCATION_CONFLICT::Coding region xref gene does not exist
prokka_out/CA114720:CDS	hypothetical protein	NODE_2_length_271635_cov_57.555321:c141264-140824	CCHHBCMG_00485

DiscRep_SUB:FEATURE_LOCATION_CONFLICT::Coding region xref gene does not exist
prokka_out/CA114720:CDS	hypothetical protein	NODE_2_length_271635_cov_57.555321:c141955-141323	CCHHBCMG_00486

DiscRep_SUB:FEATURE_LOCATION_CONFLICT::Coding region xref gene does not exist
prokka_out/CA114720:CDS	hypothetical protein	NODE_2_length_271635_cov_57.555321:c142616-141966	CCHHBCMG_00487

DiscRep_SUB:FEATURE_LOCATION_CONFLICT::Coding region xref gene does not exist
prokka_out/CA114720:CDS	Endonuclease III	NODE_2_length_271635_cov_57.555321:c143239-142613	CCHHBCMG_00488

DiscRep_SUB:FEATURE_LOCATION_CONFLICT::Coding region xref gene does not exist
prokka_out/CA114720:CDS	Putative peptidyl-prolyl cis-trans isomerase Cbf2	NODE_2_length_271635_cov_57.555321:143320-144141	CCHHBCMG_00489

DiscRep_SUB:FEATURE_LOCATION_CONFLICT::Coding region xref gene does not exist
prokka_out/CA114720:CDS	Fructose-bisphosphate aldolase	NODE_2_length_271635_cov_57.555321:144141-145205	CCHHBCMG_00490

DiscRep_SUB:FEATURE_LOCATION_CONFLICT::Coding region xref gene does not exist
prokka_out/CA114720:CDS	hypothetical protein	NODE_2_length_271635_cov_57.555321:145300-146742	CCHHBCMG_00491

DiscRep_SUB:FEATURE_LOCATION_CONFLICT::Coding region xref gene does not exist
prokka_out/CA114720:CDS	Peptidoglycan-associated lipoprotein	NODE_2_length_271635_cov_57.555321:146739-147692	CCHHBCMG_00492

DiscRep_SUB:FEATURE_LOCATION_CONFLICT::Coding region xref gene does not exist
prokka_out/CA114720:CDS	hypothetical protein	NODE_2_length_271635_cov_57.555321:147679-148554	CCHHBCMG_00493

DiscRep_SUB:FEATURE_LOCATION_CONFLICT::Coding region xref gene does not exist
prokka_out/CA114720:CDS	hypothetical protein	NODE_2_length_271635_cov_57.555321:c149889-148546	CCHHBCMG_00494

DiscRep_SUB:FEATURE_LOCATION_CONFLICT::Coding region xref gene does not exist
prokka_out/CA114720:CDS	Protein YiiM	NODE_2_length_271635_cov_57.555321:c150608-149940	CCHHBCMG_00495

DiscRep_SUB:FEATURE_LOCATION_CONFLICT::Coding region xref gene does not exist
prokka_out/CA114720:CDS	Thiol:disulfide interchange protein DsbD	NODE_2_length_271635_cov_57.555321:c152308-150605	CCHHBCMG_00496

DiscRep_SUB:FEATURE_LOCATION_CONFLICT::Coding region xref gene does not exist
prokka_out/CA114720:CDS	hypothetical protein	NODE_2_length_271635_cov_57.555321:152403-152498	CCHHBCMG_00497

DiscRep_SUB:FEATURE_LOCATION_CONFLICT::Coding region xref gene does not exist
prokka_out/CA114720:CDS	Polyphosphate:ADP/GDP phosphotransferase	NODE_2_length_271635_cov_57.555321:152515-152700	CCHHBCMG_00498

DiscRep_SUB:FEATURE_LOCATION_CONFLICT::Coding region xref gene does not exist
prokka_out/CA114720:CDS	hypothetical protein	NODE_2_length_271635_cov_57.555321:152749-153285	CCHHBCMG_00499

DiscRep_SUB:FEATURE_LOCATION_CONFLICT::Coding region xref gene does not exist
prokka_out/CA114720:CDS	Hippurate hydrolase	NODE_2_length_271635_cov_57.555321:153294-154484	CCHHBCMG_00500

DiscRep_SUB:FEATURE_LOCATION_CONFLICT::Coding region xref gene does not exist
prokka_out/CA114720:CDS	Macrolide export protein MacA	NODE_2_length_271635_cov_57.555321:154563-155735	CCHHBCMG_00501

DiscRep_SUB:FEATURE_LOCATION_CONFLICT::Coding region xref gene does not exist
prokka_out/CA114720:CDS	Macrolide export ATP-binding/permease protein MacB	NODE_2_length_271635_cov_57.555321:155735-157660	CCHHBCMG_00502

DiscRep_SUB:FEATURE_LOCATION_CONFLICT::Coding region xref gene does not exist
prokka_out/CA114720:CDS	Toxin and drug export protein A	NODE_2_length_271635_cov_57.555321:157662-159032	CCHHBCMG_00503

DiscRep_SUB:FEATURE_LOCATION_CONFLICT::Coding region xref gene does not exist
prokka_out/CA114720:CDS	hypothetical protein	NODE_2_length_271635_cov_57.555321:c160213-159035	CCHHBCMG_00504

DiscRep_SUB:FEATURE_LOCATION_CONFLICT::Coding region xref gene does not exist
prokka_out/CA114720:CDS	hypothetical protein	NODE_2_length_271635_cov_57.555321:c161210-160200	CCHHBCMG_00505

DiscRep_SUB:FEATURE_LOCATION_CONFLICT::Coding region xref gene does not exist
prokka_out/CA114720:CDS	hypothetical protein	NODE_2_length_271635_cov_57.555321:c162587-161211	CCHHBCMG_00506

DiscRep_SUB:FEATURE_LOCATION_CONFLICT::Coding region xref gene does not exist
prokka_out/CA114720:CDS	Bacterial non-heme ferritin	NODE_2_length_271635_cov_57.555321:c163133-162630	CCHHBCMG_00507

DiscRep_SUB:FEATURE_LOCATION_CONFLICT::Coding region xref gene does not exist
prokka_out/CA114720:CDS	Protein SphX	NODE_2_length_271635_cov_57.555321:163314-164309	CCHHBCMG_00508

DiscRep_SUB:FEATURE_LOCATION_CONFLICT::Coding region xref gene does not exist
prokka_out/CA114720:CDS	Phosphate transport system permease protein PstC 1	NODE_2_length_271635_cov_57.555321:164319-165233	CCHHBCMG_00509

DiscRep_SUB:FEATURE_LOCATION_CONFLICT::Coding region xref gene does not exist
prokka_out/CA114720:CDS	hypothetical protein	NODE_2_length_271635_cov_57.555321:165230-166318	CCHHBCMG_00510

DiscRep_SUB:FEATURE_LOCATION_CONFLICT::Coding region xref gene does not exist
prokka_out/CA114720:CDS	Phosphate import ATP-binding protein PstB	NODE_2_length_271635_cov_57.555321:166315-167055	CCHHBCMG_00511

DiscRep_SUB:FEATURE_LOCATION_CONFLICT::Coding region xref gene does not exist
prokka_out/CA114720:CDS	hypothetical protein	NODE_2_length_271635_cov_57.555321:167117-167728	CCHHBCMG_00512

DiscRep_SUB:FEATURE_LOCATION_CONFLICT::Coding region xref gene does not exist
prokka_out/CA114720:CDS	hypothetical protein	NODE_2_length_271635_cov_57.555321:167698-168345	CCHHBCMG_00513

DiscRep_SUB:FEATURE_LOCATION_CONFLICT::Coding region xref gene does not exist
prokka_out/CA114720:CDS	putative FMN/FAD exporter YeeO	NODE_2_length_271635_cov_57.555321:168434-169750	CCHHBCMG_00514

DiscRep_SUB:FEATURE_LOCATION_CONFLICT::Coding region xref gene does not exist
prokka_out/CA114720:CDS	hypothetical protein	NODE_2_length_271635_cov_57.555321:169726-170373	CCHHBCMG_00515

DiscRep_SUB:FEATURE_LOCATION_CONFLICT::Coding region xref gene does not exist
prokka_out/CA114720:CDS	hypothetical protein	NODE_2_length_271635_cov_57.555321:170415-171935	CCHHBCMG_00516

DiscRep_SUB:FEATURE_LOCATION_CONFLICT::Coding region xref gene does not exist
prokka_out/CA114720:CDS	Carbamoyltransferase HypF	NODE_2_length_271635_cov_57.555321:171916-174105	CCHHBCMG_00517

DiscRep_SUB:FEATURE_LOCATION_CONFLICT::Coding region xref gene does not exist
prokka_out/CA114720:CDS	Hydrogenase maturation factor HypB	NODE_2_length_271635_cov_57.555321:174182-174925	CCHHBCMG_00518

DiscRep_SUB:FEATURE_LOCATION_CONFLICT::Coding region xref gene does not exist
prokka_out/CA114720:CDS	hypothetical protein	NODE_2_length_271635_cov_57.555321:174925-175206	CCHHBCMG_00519

DiscRep_SUB:FEATURE_LOCATION_CONFLICT::Coding region xref gene does not exist
prokka_out/CA114720:CDS	Hydrogenase maturation factor HypD	NODE_2_length_271635_cov_57.555321:175190-176281	CCHHBCMG_00520

DiscRep_SUB:FEATURE_LOCATION_CONFLICT::Coding region xref gene does not exist
prokka_out/CA114720:CDS	Carbamoyl dehydratase HypE	NODE_2_length_271635_cov_57.555321:176278-177252	CCHHBCMG_00521

DiscRep_SUB:FEATURE_LOCATION_CONFLICT::Coding region xref gene does not exist
prokka_out/CA114720:CDS	Hydrogenase/urease maturation factor HypA	NODE_2_length_271635_cov_57.555321:177252-177596	CCHHBCMG_00522

DiscRep_SUB:FEATURE_LOCATION_CONFLICT::Coding region xref gene does not exist
prokka_out/CA114720:CDS	hypothetical protein	NODE_2_length_271635_cov_57.555321:c178563-177598	CCHHBCMG_00523

DiscRep_SUB:FEATURE_LOCATION_CONFLICT::Coding region xref gene does not exist
prokka_out/CA114720:CDS	Ribonuclease R	NODE_2_length_271635_cov_57.555321:c180490-178556	CCHHBCMG_00524

DiscRep_SUB:FEATURE_LOCATION_CONFLICT::Coding region xref gene does not exist
prokka_out/CA114720:CDS	Ketol-acid reductoisomerase (NADP(+))	NODE_2_length_271635_cov_57.555321:180609-181631	CCHHBCMG_00525

DiscRep_SUB:FEATURE_LOCATION_CONFLICT::Coding region xref gene does not exist
prokka_out/CA114720:CDS	hypothetical protein	NODE_2_length_271635_cov_57.555321:181635-182717	CCHHBCMG_00526

DiscRep_SUB:FEATURE_LOCATION_CONFLICT::Coding region xref gene does not exist
prokka_out/CA114720:CDS	hypothetical protein	NODE_2_length_271635_cov_57.555321:182707-183480	CCHHBCMG_00527

DiscRep_SUB:FEATURE_LOCATION_CONFLICT::Coding region xref gene does not exist
prokka_out/CA114720:CDS	Putative pre-16S rRNA nuclease	NODE_2_length_271635_cov_57.555321:183477-183860	CCHHBCMG_00528

DiscRep_SUB:FEATURE_LOCATION_CONFLICT::Coding region xref gene does not exist
prokka_out/CA114720:CDS	Ribosomal RNA small subunit methyltransferase F	NODE_2_length_271635_cov_57.555321:183850-184728	CCHHBCMG_00529

DiscRep_SUB:FEATURE_LOCATION_CONFLICT::Coding region xref gene does not exist
prokka_out/CA114720:CDS	Peptide methionine sulfoxide reductase MsrA	NODE_2_length_271635_cov_57.555321:c185401-184904	CCHHBCMG_00530

DiscRep_SUB:FEATURE_LOCATION_CONFLICT::Coding region xref gene does not exist
prokka_out/CA114720:CDS	Inorganic pyrophosphatase	NODE_2_length_271635_cov_57.555321:c185960-185442	CCHHBCMG_00531

DiscRep_SUB:FEATURE_LOCATION_CONFLICT::Coding region xref gene does not exist
prokka_out/CA114720:CDS	Adenylate kinase	NODE_2_length_271635_cov_57.555321:c186548-185970	CCHHBCMG_00532

DiscRep_SUB:FEATURE_LOCATION_CONFLICT::Coding region xref gene does not exist
prokka_out/CA114720:CDS	Aspartate--tRNA(Asp/Asn) ligase	NODE_2_length_271635_cov_57.555321:c188296-186545	CCHHBCMG_00533

DiscRep_SUB:FEATURE_LOCATION_CONFLICT::Coding region xref gene does not exist
prokka_out/CA114720:CDS	NAD kinase	NODE_2_length_271635_cov_57.555321:188387-189247	CCHHBCMG_00534

DiscRep_SUB:FEATURE_LOCATION_CONFLICT::Coding region xref gene does not exist
prokka_out/CA114720:CDS	DNA repair protein RecN	NODE_2_length_271635_cov_57.555321:189247-190770	CCHHBCMG_00535

DiscRep_SUB:FEATURE_LOCATION_CONFLICT::Coding region xref gene does not exist
prokka_out/CA114720:CDS	Response regulator PleD	NODE_2_length_271635_cov_57.555321:190874-192118	CCHHBCMG_00536

DiscRep_SUB:FEATURE_LOCATION_CONFLICT::Coding region xref gene does not exist
prokka_out/CA114720:CDS	putative metal-dependent hydrolase YcfH	NODE_2_length_271635_cov_57.555321:192109-192924	CCHHBCMG_00537

DiscRep_SUB:FEATURE_LOCATION_CONFLICT::Coding region xref gene does not exist
prokka_out/CA114720:CDS	hypothetical protein	NODE_2_length_271635_cov_57.555321:192924-194042	CCHHBCMG_00538

DiscRep_SUB:FEATURE_LOCATION_CONFLICT::Coding region xref gene does not exist
prokka_out/CA114720:CDS	Endolytic peptidoglycan transglycosylase RlpA	NODE_2_length_271635_cov_57.555321:194002-194832	CCHHBCMG_00539

DiscRep_SUB:FEATURE_LOCATION_CONFLICT::Coding region xref gene does not exist
prokka_out/CA114720:CDS	3-deoxy-D-manno-octulosonate 8-phosphate phosphatase KdsC	NODE_2_length_271635_cov_57.555321:194838-195326	CCHHBCMG_00540

DiscRep_SUB:FEATURE_LOCATION_CONFLICT::Coding region xref gene does not exist
prokka_out/CA114720:CDS	hypothetical protein	NODE_2_length_271635_cov_57.555321:195317-195832	CCHHBCMG_00541

DiscRep_SUB:FEATURE_LOCATION_CONFLICT::Coding region xref gene does not exist
prokka_out/CA114720:CDS	Lipopolysaccharide export system protein LptA	NODE_2_length_271635_cov_57.555321:195814-196275	CCHHBCMG_00542

DiscRep_SUB:FEATURE_LOCATION_CONFLICT::Coding region xref gene does not exist
prokka_out/CA114720:CDS	putative GTP-binding protein EngB	NODE_2_length_271635_cov_57.555321:196272-196868	CCHHBCMG_00543

DiscRep_SUB:FEATURE_LOCATION_CONFLICT::Coding region xref gene does not exist
prokka_out/CA114720:CDS	hypothetical protein	NODE_2_length_271635_cov_57.555321:196865-197359	CCHHBCMG_00544

DiscRep_SUB:FEATURE_LOCATION_CONFLICT::Coding region xref gene does not exist
prokka_out/CA114720:CDS	Peptidoglycan D,D-transpeptidase MrdA	NODE_2_length_271635_cov_57.555321:197360-199165	CCHHBCMG_00545

DiscRep_SUB:FEATURE_LOCATION_CONFLICT::Coding region xref gene does not exist
prokka_out/CA114720:CDS	hypothetical protein	NODE_2_length_271635_cov_57.555321:c201074-199284	CCHHBCMG_00546

DiscRep_SUB:FEATURE_LOCATION_CONFLICT::Coding region xref gene does not exist
prokka_out/CA114720:CDS	hypothetical protein	NODE_2_length_271635_cov_57.555321:c201313-201071	CCHHBCMG_00547

DiscRep_SUB:FEATURE_LOCATION_CONFLICT::Coding region xref gene does not exist
prokka_out/CA114720:CDS	hypothetical protein	NODE_2_length_271635_cov_57.555321:c203133-202585	CCHHBCMG_00548

DiscRep_SUB:FEATURE_LOCATION_CONFLICT::Coding region xref gene does not exist
prokka_out/CA114720:CDS	hypothetical protein	NODE_2_length_271635_cov_57.555321:c204232-203126	CCHHBCMG_00549

DiscRep_SUB:FEATURE_LOCATION_CONFLICT::Coding region xref gene does not exist
prokka_out/CA114720:CDS	GTPase Era	NODE_2_length_271635_cov_57.555321:c205094-204219	CCHHBCMG_00550

DiscRep_SUB:FEATURE_LOCATION_CONFLICT::Coding region xref gene does not exist
prokka_out/CA114720:CDS	ATP-dependent protease ATPase subunit ClpY	NODE_2_length_271635_cov_57.555321:c206410-205091	CCHHBCMG_00551

DiscRep_SUB:FEATURE_LOCATION_CONFLICT::Coding region xref gene does not exist
prokka_out/CA114720:CDS	ATP-dependent protease subunit HslV	NODE_2_length_271635_cov_57.555321:c206949-206407	CCHHBCMG_00552

DiscRep_SUB:FEATURE_LOCATION_CONFLICT::Coding region xref gene does not exist
prokka_out/CA114720:CDS	50S ribosomal protein L9	NODE_2_length_271635_cov_57.555321:c207392-206949	CCHHBCMG_00553

DiscRep_SUB:FEATURE_LOCATION_CONFLICT::Coding region xref gene does not exist
prokka_out/CA114720:CDS	Argininosuccinate synthase	NODE_2_length_271635_cov_57.555321:c208625-207405	CCHHBCMG_00554

DiscRep_SUB:FEATURE_LOCATION_CONFLICT::Coding region xref gene does not exist
prokka_out/CA114720:CDS	hypothetical protein	NODE_2_length_271635_cov_57.555321:208741-209025	CCHHBCMG_00555

DiscRep_SUB:FEATURE_LOCATION_CONFLICT::Coding region xref gene does not exist
prokka_out/CA114720:CDS	hypothetical protein	NODE_2_length_271635_cov_57.555321:209022-209429	CCHHBCMG_00556

DiscRep_SUB:FEATURE_LOCATION_CONFLICT::Coding region xref gene does not exist
prokka_out/CA114720:CDS	Lipopolysaccharide export system ATP-binding protein LptB	NODE_2_length_271635_cov_57.555321:209422-210150	CCHHBCMG_00557

DiscRep_SUB:FEATURE_LOCATION_CONFLICT::Coding region xref gene does not exist
prokka_out/CA114720:CDS	RNA polymerase sigma-54 factor	NODE_2_length_271635_cov_57.555321:210150-211400	CCHHBCMG_00558

DiscRep_SUB:FEATURE_LOCATION_CONFLICT::Coding region xref gene does not exist
prokka_out/CA114720:CDS	Anaerobic C4-dicarboxylate transporter DcuB	NODE_2_length_271635_cov_57.555321:211566-212990	CCHHBCMG_00559

DiscRep_SUB:FEATURE_LOCATION_CONFLICT::Coding region xref gene does not exist
prokka_out/CA114720:CDS	Potassium-transporting ATPase potassium-binding subunit	NODE_2_length_271635_cov_57.555321:213325-213642	CCHHBCMG_00560

DiscRep_SUB:FEATURE_LOCATION_CONFLICT::Coding region xref gene does not exist
prokka_out/CA114720:CDS	Potassium-transporting ATPase potassium-binding subunit	NODE_2_length_271635_cov_57.555321:213608-213898	CCHHBCMG_00561

DiscRep_SUB:FEATURE_LOCATION_CONFLICT::Coding region xref gene does not exist
prokka_out/CA114720:CDS	Potassium-transporting ATPase potassium-binding subunit	NODE_2_length_271635_cov_57.555321:214002-214235	CCHHBCMG_00562

DiscRep_SUB:FEATURE_LOCATION_CONFLICT::Coding region xref gene does not exist
prokka_out/CA114720:CDS	Potassium-transporting ATPase potassium-binding subunit	NODE_2_length_271635_cov_57.555321:214202-214489	CCHHBCMG_00563

DiscRep_SUB:FEATURE_LOCATION_CONFLICT::Coding region xref gene does not exist
prokka_out/CA114720:CDS	Potassium-transporting ATPase potassium-binding subunit	NODE_2_length_271635_cov_57.555321:214533-215021	CCHHBCMG_00564

DiscRep_SUB:FEATURE_LOCATION_CONFLICT::Coding region xref gene does not exist
prokka_out/CA114720:CDS	Potassium-transporting ATPase ATP-binding subunit	NODE_2_length_271635_cov_57.555321:215031-215852	CCHHBCMG_00565

DiscRep_SUB:FEATURE_LOCATION_CONFLICT::Coding region xref gene does not exist
prokka_out/CA114720:CDS	Potassium-transporting ATPase ATP-binding subunit	NODE_2_length_271635_cov_57.555321:215864-216100	CCHHBCMG_00566

DiscRep_SUB:FEATURE_LOCATION_CONFLICT::Coding region xref gene does not exist
prokka_out/CA114720:CDS	Potassium-transporting ATPase ATP-binding subunit	NODE_2_length_271635_cov_57.555321:216104-216394	CCHHBCMG_00567

DiscRep_SUB:FEATURE_LOCATION_CONFLICT::Coding region xref gene does not exist
prokka_out/CA114720:CDS	Potassium-transporting ATPase ATP-binding subunit	NODE_2_length_271635_cov_57.555321:216420-216986	CCHHBCMG_00568

DiscRep_SUB:FEATURE_LOCATION_CONFLICT::Coding region xref gene does not exist
prokka_out/CA114720:CDS	Potassium-transporting ATPase KdpC subunit	NODE_2_length_271635_cov_57.555321:217092-217670	CCHHBCMG_00569

DiscRep_SUB:FEATURE_LOCATION_CONFLICT::Coding region xref gene does not exist
prokka_out/CA114720:CDS	Sensor protein KdpD	NODE_2_length_271635_cov_57.555321:217692-218843	CCHHBCMG_00570

DiscRep_SUB:FEATURE_LOCATION_CONFLICT::Coding region xref gene does not exist
prokka_out/CA114720:CDS	hypothetical protein	NODE_2_length_271635_cov_57.555321:218885-219508	CCHHBCMG_00571

DiscRep_SUB:FEATURE_LOCATION_CONFLICT::Coding region xref gene does not exist
prokka_out/CA114720:CDS	UvrABC system protein B	NODE_2_length_271635_cov_57.555321:c221583-219610	CCHHBCMG_00572

DiscRep_SUB:FEATURE_LOCATION_CONFLICT::Coding region xref gene does not exist
prokka_out/CA114720:CDS	hypothetical protein	NODE_2_length_271635_cov_57.555321:221737-221967	CCHHBCMG_00573

DiscRep_SUB:FEATURE_LOCATION_CONFLICT::Coding region xref gene does not exist
prokka_out/CA114720:CDS	hypothetical protein	NODE_2_length_271635_cov_57.555321:221957-222199	CCHHBCMG_00574

DiscRep_SUB:FEATURE_LOCATION_CONFLICT::Coding region xref gene does not exist
prokka_out/CA114720:CDS	hypothetical protein	NODE_2_length_271635_cov_57.555321:222196-222633	CCHHBCMG_00575

DiscRep_SUB:FEATURE_LOCATION_CONFLICT::Coding region xref gene does not exist
prokka_out/CA114720:CDS	Primosomal protein N'	NODE_2_length_271635_cov_57.555321:222615-224468	CCHHBCMG_00576

DiscRep_SUB:FEATURE_LOCATION_CONFLICT::Coding region xref gene does not exist
prokka_out/CA114720:CDS	hypothetical protein	NODE_2_length_271635_cov_57.555321:c225872-224478	CCHHBCMG_00577

DiscRep_SUB:FEATURE_LOCATION_CONFLICT::Coding region xref gene does not exist
prokka_out/CA114720:CDS	4-hydroxy-3-methylbut-2-en-1-yl diphosphate synthase (flavodoxin)	NODE_2_length_271635_cov_57.555321:226018-227091	CCHHBCMG_00578

DiscRep_SUB:FEATURE_LOCATION_CONFLICT::Coding region xref gene does not exist
prokka_out/CA114720:CDS	Flagellar L-ring protein	NODE_2_length_271635_cov_57.555321:c227817-227119	CCHHBCMG_00579

DiscRep_SUB:FEATURE_LOCATION_CONFLICT::Coding region xref gene does not exist
prokka_out/CA114720:CDS	hypothetical protein	NODE_2_length_271635_cov_57.555321:227910-229412	CCHHBCMG_00580

DiscRep_SUB:FEATURE_LOCATION_CONFLICT::Coding region xref gene does not exist
prokka_out/CA114720:CDS	Acetate kinase	NODE_2_length_271635_cov_57.555321:229426-230622	CCHHBCMG_00581

DiscRep_SUB:FEATURE_LOCATION_CONFLICT::Coding region xref gene does not exist
prokka_out/CA114720:CDS	hypothetical protein	NODE_2_length_271635_cov_57.555321:c234395-230643	CCHHBCMG_00582

DiscRep_SUB:FEATURE_LOCATION_CONFLICT::Coding region xref gene does not exist
prokka_out/CA114720:CDS	hypothetical protein	NODE_2_length_271635_cov_57.555321:234545-235036	CCHHBCMG_00583

DiscRep_SUB:FEATURE_LOCATION_CONFLICT::Coding region xref gene does not exist
prokka_out/CA114720:CDS	hypothetical protein	NODE_2_length_271635_cov_57.555321:c235962-235024	CCHHBCMG_00584

DiscRep_SUB:FEATURE_LOCATION_CONFLICT::Coding region xref gene does not exist
prokka_out/CA114720:CDS	Ribosomal RNA small subunit methyltransferase H	NODE_2_length_271635_cov_57.555321:c236894-235962	CCHHBCMG_00585

DiscRep_SUB:FEATURE_LOCATION_CONFLICT::Coding region xref gene does not exist
prokka_out/CA114720:CDS	Peptidyl-prolyl cis-trans isomerase D	NODE_2_length_271635_cov_57.555321:237059-238549	CCHHBCMG_00586

DiscRep_SUB:FEATURE_LOCATION_CONFLICT::Coding region xref gene does not exist
prokka_out/CA114720:CDS	Cell division protein FtsA	NODE_2_length_271635_cov_57.555321:238552-239934	CCHHBCMG_00587

DiscRep_SUB:FEATURE_LOCATION_CONFLICT::Coding region xref gene does not exist
prokka_out/CA114720:CDS	Cell division protein FtsZ	NODE_2_length_271635_cov_57.555321:239950-241062	CCHHBCMG_00588

DiscRep_SUB:FEATURE_LOCATION_CONFLICT::Coding region xref gene does not exist
prokka_out/CA114720:CDS	Flagellar basal-body rod protein FlgG	NODE_2_length_271635_cov_57.555321:241218-242030	CCHHBCMG_00589

DiscRep_SUB:FEATURE_LOCATION_CONFLICT::Coding region xref gene does not exist
prokka_out/CA114720:CDS	Flagellar basal-body rod protein FlgG	NODE_2_length_271635_cov_57.555321:242062-242850	CCHHBCMG_00590

DiscRep_SUB:FEATURE_LOCATION_CONFLICT::Coding region xref gene does not exist
prokka_out/CA114720:CDS	Glutamine synthetase	NODE_2_length_271635_cov_57.555321:c244348-242918	CCHHBCMG_00591

DiscRep_SUB:FEATURE_LOCATION_CONFLICT::Coding region xref gene does not exist
prokka_out/CA114720:CDS	hypothetical protein	NODE_2_length_271635_cov_57.555321:244551-245246	CCHHBCMG_00592

DiscRep_SUB:FEATURE_LOCATION_CONFLICT::Coding region xref gene does not exist
prokka_out/CA114720:CDS	23S rRNA 5-hydroxycytidine synthase	NODE_2_length_271635_cov_57.555321:245243-246496	CCHHBCMG_00593

DiscRep_SUB:FEATURE_LOCATION_CONFLICT::Coding region xref gene does not exist
prokka_out/CA114720:CDS	N5-carboxyaminoimidazole ribonucleotide mutase	NODE_2_length_271635_cov_57.555321:246497-246991	CCHHBCMG_00594

DiscRep_SUB:FEATURE_LOCATION_CONFLICT::Coding region xref gene does not exist
prokka_out/CA114720:CDS	hypothetical protein	NODE_2_length_271635_cov_57.555321:247001-247537	CCHHBCMG_00595

DiscRep_SUB:FEATURE_LOCATION_CONFLICT::Coding region xref gene does not exist
prokka_out/CA114720:CDS	Glycine--tRNA ligase alpha subunit	NODE_2_length_271635_cov_57.555321:247549-248412	CCHHBCMG_00596

DiscRep_SUB:FEATURE_LOCATION_CONFLICT::Coding region xref gene does not exist
prokka_out/CA114720:CDS	GTP cyclohydrolase 1 type 2	NODE_2_length_271635_cov_57.555321:248399-249124	CCHHBCMG_00597

DiscRep_SUB:FEATURE_LOCATION_CONFLICT::Coding region xref gene does not exist
prokka_out/CA114720:CDS	hypothetical protein	NODE_2_length_271635_cov_57.555321:249134-249850	CCHHBCMG_00598

DiscRep_SUB:FEATURE_LOCATION_CONFLICT::Coding region xref gene does not exist
prokka_out/CA114720:CDS	3-deoxy-D-manno-octulosonic acid transferase	NODE_2_length_271635_cov_57.555321:249847-251004	CCHHBCMG_00599

DiscRep_SUB:FEATURE_LOCATION_CONFLICT::Coding region xref gene does not exist
prokka_out/CA114720:CDS	hypothetical protein	NODE_2_length_271635_cov_57.555321:250985-251737	CCHHBCMG_00600

DiscRep_SUB:FEATURE_LOCATION_CONFLICT::Coding region xref gene does not exist
prokka_out/CA114720:CDS	Signal recognition particle protein	NODE_2_length_271635_cov_57.555321:251805-253142	CCHHBCMG_00601

DiscRep_SUB:FEATURE_LOCATION_CONFLICT::Coding region xref gene does not exist
prokka_out/CA114720:CDS	30S ribosomal protein S16	NODE_2_length_271635_cov_57.555321:253207-253434	CCHHBCMG_00602

DiscRep_SUB:FEATURE_LOCATION_CONFLICT::Coding region xref gene does not exist
prokka_out/CA114720:CDS	hypothetical protein	NODE_2_length_271635_cov_57.555321:253437-253679	CCHHBCMG_00603

DiscRep_SUB:FEATURE_LOCATION_CONFLICT::Coding region xref gene does not exist
prokka_out/CA114720:CDS	Ribosome maturation factor RimM	NODE_2_length_271635_cov_57.555321:253672-254211	CCHHBCMG_00604

DiscRep_SUB:FEATURE_LOCATION_CONFLICT::Coding region xref gene does not exist
prokka_out/CA114720:CDS	tRNA (guanine-N(1)-)-methyltransferase	NODE_2_length_271635_cov_57.555321:254208-254912	CCHHBCMG_00605

DiscRep_SUB:FEATURE_LOCATION_CONFLICT::Coding region xref gene does not exist
prokka_out/CA114720:CDS	50S ribosomal protein L19	NODE_2_length_271635_cov_57.555321:254923-255279	CCHHBCMG_00606

DiscRep_SUB:FEATURE_LOCATION_CONFLICT::Coding region xref gene does not exist
prokka_out/CA114720:CDS	5-hydroxyisourate hydrolase	NODE_2_length_271635_cov_57.555321:255413-255826	CCHHBCMG_00607

DiscRep_SUB:FEATURE_LOCATION_CONFLICT::Coding region xref gene does not exist
prokka_out/CA114720:CDS	Phospho-2-dehydro-3-deoxyheptonate aldolase	NODE_2_length_271635_cov_57.555321:255850-257190	CCHHBCMG_00608

DiscRep_SUB:FEATURE_LOCATION_CONFLICT::Coding region xref gene does not exist
prokka_out/CA114720:CDS	hypothetical protein	NODE_2_length_271635_cov_57.555321:257187-257516	CCHHBCMG_00609

DiscRep_SUB:FEATURE_LOCATION_CONFLICT::Coding region xref gene does not exist
prokka_out/CA114720:CDS	DNA polymerase III subunit alpha	NODE_2_length_271635_cov_57.555321:257964-261566	CCHHBCMG_00610

DiscRep_SUB:FEATURE_LOCATION_CONFLICT::Coding region xref gene does not exist
prokka_out/CA114720:CDS	Pyridoxal phosphate homeostasis protein	NODE_2_length_271635_cov_57.555321:c262211-261579	CCHHBCMG_00611

DiscRep_SUB:FEATURE_LOCATION_CONFLICT::Coding region xref gene does not exist
prokka_out/CA114720:CDS	Secreted flagellin C	NODE_2_length_271635_cov_57.555321:c262993-262247	CCHHBCMG_00612

DiscRep_SUB:FEATURE_LOCATION_CONFLICT::Coding region xref gene does not exist
prokka_out/CA114720:CDS	hypothetical protein	NODE_2_length_271635_cov_57.555321:c263504-263034	CCHHBCMG_00613

DiscRep_SUB:FEATURE_LOCATION_CONFLICT::Coding region xref gene does not exist
prokka_out/CA114720:CDS	Release factor glutamine methyltransferase	NODE_2_length_271635_cov_57.555321:c264332-263517	CCHHBCMG_00614

DiscRep_SUB:FEATURE_LOCATION_CONFLICT::Coding region xref gene does not exist
prokka_out/CA114720:CDS	Protease HtpX	NODE_2_length_271635_cov_57.555321:c265516-264329	CCHHBCMG_00615

DiscRep_SUB:FEATURE_LOCATION_CONFLICT::Coding region xref gene does not exist
prokka_out/CA114720:CDS	hypothetical protein	NODE_2_length_271635_cov_57.555321:265642-265827	CCHHBCMG_00616

DiscRep_SUB:FEATURE_LOCATION_CONFLICT::Coding region xref gene does not exist
prokka_out/CA114720:CDS	Molybdopterin adenylyltransferase	NODE_2_length_271635_cov_57.555321:c266366-265824	CCHHBCMG_00617

DiscRep_SUB:FEATURE_LOCATION_CONFLICT::Coding region xref gene does not exist
prokka_out/CA114720:CDS	Magnesium transport protein CorA	NODE_2_length_271635_cov_57.555321:c267370-266387	CCHHBCMG_00618

DiscRep_SUB:FEATURE_LOCATION_CONFLICT::Coding region xref gene does not exist
prokka_out/CA114720:CDS	hypothetical protein	NODE_2_length_271635_cov_57.555321:267489-267893	CCHHBCMG_00619

DiscRep_SUB:FEATURE_LOCATION_CONFLICT::Coding region xref gene does not exist
prokka_out/CA114720:CDS	hypothetical protein	NODE_2_length_271635_cov_57.555321:268092-268811	CCHHBCMG_00620

DiscRep_SUB:FEATURE_LOCATION_CONFLICT::Coding region xref gene does not exist
prokka_out/CA114720:CDS	putative histidine-binding protein	NODE_2_length_271635_cov_57.555321:c269607-268852	CCHHBCMG_00621

DiscRep_SUB:FEATURE_LOCATION_CONFLICT::Coding region xref gene does not exist
prokka_out/CA114720:CDS	hypothetical protein	NODE_2_length_271635_cov_57.555321:270239-270499	CCHHBCMG_00622

DiscRep_SUB:FEATURE_LOCATION_CONFLICT::Coding region xref gene does not exist
prokka_out/CA114720:CDS	hypothetical protein	NODE_2_length_271635_cov_57.555321:270690-271064	CCHHBCMG_00623

DiscRep_SUB:FEATURE_LOCATION_CONFLICT::RNA feature xref gene does not exist
prokka_out/CA114720:tRNA	Thr	NODE_2_length_271635_cov_57.555321:33356-33431	CCHHBCMG_00370

DiscRep_SUB:FEATURE_LOCATION_CONFLICT::RNA feature xref gene does not exist
prokka_out/CA114720:tRNA	Tyr	NODE_2_length_271635_cov_57.555321:33481-33566	CCHHBCMG_00371

DiscRep_SUB:FEATURE_LOCATION_CONFLICT::RNA feature xref gene does not exist
prokka_out/CA114720:tRNA	Gly	NODE_2_length_271635_cov_57.555321:33573-33649	CCHHBCMG_00372

DiscRep_SUB:FEATURE_LOCATION_CONFLICT::RNA feature xref gene does not exist
prokka_out/CA114720:tRNA	Thr	NODE_2_length_271635_cov_57.555321:33754-33828	CCHHBCMG_00373

DiscRep_SUB:FEATURE_LOCATION_CONFLICT::RNA feature xref gene does not exist
prokka_out/CA114720:tRNA	Trp	NODE_2_length_271635_cov_57.555321:35320-35395	CCHHBCMG_00376

DiscRep_SUB:FEATURE_LOCATION_CONFLICT::RNA feature xref gene does not exist
prokka_out/CA114720:tRNA	Arg	NODE_2_length_271635_cov_57.555321:50328-50404	CCHHBCMG_00388

DiscRep_SUB:FEATURE_LOCATION_CONFLICT::RNA feature xref gene does not exist
prokka_out/CA114720:tRNA	Met	NODE_2_length_271635_cov_57.555321:c123230-123155	CCHHBCMG_00463

DiscRep_SUB:FEATURE_LOCATION_CONFLICT::RNA feature xref gene does not exist
prokka_out/CA114720:tRNA	Gln	NODE_2_length_271635_cov_57.555321:c123339-123265	CCHHBCMG_00464

DiscRep_SUB:FEATURE_LOCATION_CONFLICT::Coding region xref gene does not exist
prokka_out/CA114720:CDS	hypothetical protein	NODE_3_length_264240_cov_55.000500:179-1093	CCHHBCMG_00624

DiscRep_SUB:FEATURE_LOCATION_CONFLICT::Coding region xref gene does not exist
prokka_out/CA114720:CDS	hypothetical protein	NODE_3_length_264240_cov_55.000500:1090-1989	CCHHBCMG_00625

DiscRep_SUB:FEATURE_LOCATION_CONFLICT::Coding region xref gene does not exist
prokka_out/CA114720:CDS	hypothetical protein	NODE_3_length_264240_cov_55.000500:c3261-1993	CCHHBCMG_00626

DiscRep_SUB:FEATURE_LOCATION_CONFLICT::Coding region xref gene does not exist
prokka_out/CA114720:CDS	hypothetical protein	NODE_3_length_264240_cov_55.000500:c7209-3280	CCHHBCMG_00627

DiscRep_SUB:FEATURE_LOCATION_CONFLICT::Coding region xref gene does not exist
prokka_out/CA114720:CDS	hypothetical protein	NODE_3_length_264240_cov_55.000500:c7837-7478	CCHHBCMG_00628

DiscRep_SUB:FEATURE_LOCATION_CONFLICT::Coding region xref gene does not exist
prokka_out/CA114720:CDS	hypothetical protein	NODE_3_length_264240_cov_55.000500:c8453-7866	CCHHBCMG_00629

DiscRep_SUB:FEATURE_LOCATION_CONFLICT::Coding region xref gene does not exist
prokka_out/CA114720:CDS	hypothetical protein	NODE_3_length_264240_cov_55.000500:8944-9303	CCHHBCMG_00630

DiscRep_SUB:FEATURE_LOCATION_CONFLICT::Coding region xref gene does not exist
prokka_out/CA114720:CDS	hypothetical protein	NODE_3_length_264240_cov_55.000500:9560-11083	CCHHBCMG_00631

DiscRep_SUB:FEATURE_LOCATION_CONFLICT::Coding region xref gene does not exist
prokka_out/CA114720:CDS	hypothetical protein	NODE_3_length_264240_cov_55.000500:11091-11408	CCHHBCMG_00632

DiscRep_SUB:FEATURE_LOCATION_CONFLICT::Coding region xref gene does not exist
prokka_out/CA114720:CDS	hypothetical protein	NODE_3_length_264240_cov_55.000500:11553-13064	CCHHBCMG_00633

DiscRep_SUB:FEATURE_LOCATION_CONFLICT::Coding region xref gene does not exist
prokka_out/CA114720:CDS	hypothetical protein	NODE_3_length_264240_cov_55.000500:13065-13574	CCHHBCMG_00634

DiscRep_SUB:FEATURE_LOCATION_CONFLICT::Coding region xref gene does not exist
prokka_out/CA114720:CDS	hypothetical protein	NODE_3_length_264240_cov_55.000500:13693-14196	CCHHBCMG_00635

DiscRep_SUB:FEATURE_LOCATION_CONFLICT::Coding region xref gene does not exist
prokka_out/CA114720:CDS	hypothetical protein	NODE_3_length_264240_cov_55.000500:14315-14818	CCHHBCMG_00636

DiscRep_SUB:FEATURE_LOCATION_CONFLICT::Coding region xref gene does not exist
prokka_out/CA114720:CDS	hypothetical protein	NODE_3_length_264240_cov_55.000500:14937-15431	CCHHBCMG_00637

DiscRep_SUB:FEATURE_LOCATION_CONFLICT::Coding region xref gene does not exist
prokka_out/CA114720:CDS	hypothetical protein	NODE_3_length_264240_cov_55.000500:15495-17429	CCHHBCMG_00638

DiscRep_SUB:FEATURE_LOCATION_CONFLICT::Coding region xref gene does not exist
prokka_out/CA114720:CDS	hypothetical protein	NODE_3_length_264240_cov_55.000500:17426-20920	CCHHBCMG_00639

DiscRep_SUB:FEATURE_LOCATION_CONFLICT::Coding region xref gene does not exist
prokka_out/CA114720:CDS	hypothetical protein	NODE_3_length_264240_cov_55.000500:20931-22217	CCHHBCMG_00640

DiscRep_SUB:FEATURE_LOCATION_CONFLICT::Coding region xref gene does not exist
prokka_out/CA114720:CDS	hypothetical protein	NODE_3_length_264240_cov_55.000500:22240-23043	CCHHBCMG_00641

DiscRep_SUB:FEATURE_LOCATION_CONFLICT::Coding region xref gene does not exist
prokka_out/CA114720:CDS	hypothetical protein	NODE_3_length_264240_cov_55.000500:23383-25101	CCHHBCMG_00642

DiscRep_SUB:FEATURE_LOCATION_CONFLICT::Coding region xref gene does not exist
prokka_out/CA114720:CDS	hypothetical protein	NODE_3_length_264240_cov_55.000500:25283-25495	CCHHBCMG_00643

DiscRep_SUB:FEATURE_LOCATION_CONFLICT::Coding region xref gene does not exist
prokka_out/CA114720:CDS	hypothetical protein	NODE_3_length_264240_cov_55.000500:25511-25687	CCHHBCMG_00644

DiscRep_SUB:FEATURE_LOCATION_CONFLICT::Coding region xref gene does not exist
prokka_out/CA114720:CDS	hypothetical protein	NODE_3_length_264240_cov_55.000500:25689-25976	CCHHBCMG_00645

DiscRep_SUB:FEATURE_LOCATION_CONFLICT::Coding region xref gene does not exist
prokka_out/CA114720:CDS	hypothetical protein	NODE_3_length_264240_cov_55.000500:26053-26211	CCHHBCMG_00646

DiscRep_SUB:FEATURE_LOCATION_CONFLICT::Coding region xref gene does not exist
prokka_out/CA114720:CDS	hypothetical protein	NODE_3_length_264240_cov_55.000500:c26467-26345	CCHHBCMG_00647

DiscRep_SUB:FEATURE_LOCATION_CONFLICT::Coding region xref gene does not exist
prokka_out/CA114720:CDS	hypothetical protein	NODE_3_length_264240_cov_55.000500:c26760-26479	CCHHBCMG_00648

DiscRep_SUB:FEATURE_LOCATION_CONFLICT::Coding region xref gene does not exist
prokka_out/CA114720:CDS	hypothetical protein	NODE_3_length_264240_cov_55.000500:c26974-26747	CCHHBCMG_00649

DiscRep_SUB:FEATURE_LOCATION_CONFLICT::Coding region xref gene does not exist
prokka_out/CA114720:CDS	hypothetical protein	NODE_3_length_264240_cov_55.000500:27247-27387	CCHHBCMG_00650

DiscRep_SUB:FEATURE_LOCATION_CONFLICT::Coding region xref gene does not exist
prokka_out/CA114720:CDS	hypothetical protein	NODE_3_length_264240_cov_55.000500:27473-27682	CCHHBCMG_00651

DiscRep_SUB:FEATURE_LOCATION_CONFLICT::Coding region xref gene does not exist
prokka_out/CA114720:CDS	hypothetical protein	NODE_3_length_264240_cov_55.000500:27882-28025	CCHHBCMG_00652

DiscRep_SUB:FEATURE_LOCATION_CONFLICT::Coding region xref gene does not exist
prokka_out/CA114720:CDS	hypothetical protein	NODE_3_length_264240_cov_55.000500:28214-28330	CCHHBCMG_00653

DiscRep_SUB:FEATURE_LOCATION_CONFLICT::Coding region xref gene does not exist
prokka_out/CA114720:CDS	hypothetical protein	NODE_3_length_264240_cov_55.000500:c28565-28371	CCHHBCMG_00654

DiscRep_SUB:FEATURE_LOCATION_CONFLICT::Coding region xref gene does not exist
prokka_out/CA114720:CDS	hypothetical protein	NODE_3_length_264240_cov_55.000500:c28808-28578	CCHHBCMG_00655

DiscRep_SUB:FEATURE_LOCATION_CONFLICT::Coding region xref gene does not exist
prokka_out/CA114720:CDS	hypothetical protein	NODE_3_length_264240_cov_55.000500:29037-29297	CCHHBCMG_00656

DiscRep_SUB:FEATURE_LOCATION_CONFLICT::Coding region xref gene does not exist
prokka_out/CA114720:CDS	Tyrosine recombinase XerH	NODE_3_length_264240_cov_55.000500:29375-29974	CCHHBCMG_00657

DiscRep_SUB:FEATURE_LOCATION_CONFLICT::Coding region xref gene does not exist
prokka_out/CA114720:CDS	hypothetical protein	NODE_3_length_264240_cov_55.000500:c30367-30017	CCHHBCMG_00658

DiscRep_SUB:FEATURE_LOCATION_CONFLICT::Coding region xref gene does not exist
prokka_out/CA114720:CDS	hypothetical protein	NODE_3_length_264240_cov_55.000500:c30601-30494	CCHHBCMG_00659

DiscRep_SUB:FEATURE_LOCATION_CONFLICT::Coding region xref gene does not exist
prokka_out/CA114720:CDS	hypothetical protein	NODE_3_length_264240_cov_55.000500:c31687-30920	CCHHBCMG_00661

DiscRep_SUB:FEATURE_LOCATION_CONFLICT::Coding region xref gene does not exist
prokka_out/CA114720:CDS	Queuine tRNA-ribosyltransferase	NODE_3_length_264240_cov_55.000500:c32810-31689	CCHHBCMG_00662

DiscRep_SUB:FEATURE_LOCATION_CONFLICT::Coding region xref gene does not exist
prokka_out/CA114720:CDS	hypothetical protein	NODE_3_length_264240_cov_55.000500:32840-34240	CCHHBCMG_00663

DiscRep_SUB:FEATURE_LOCATION_CONFLICT::Coding region xref gene does not exist
prokka_out/CA114720:CDS	3-dehydroquinate synthase	NODE_3_length_264240_cov_55.000500:34286-35341	CCHHBCMG_00664

DiscRep_SUB:FEATURE_LOCATION_CONFLICT::Coding region xref gene does not exist
prokka_out/CA114720:CDS	hypothetical protein	NODE_3_length_264240_cov_55.000500:35338-36909	CCHHBCMG_00665

DiscRep_SUB:FEATURE_LOCATION_CONFLICT::Coding region xref gene does not exist
prokka_out/CA114720:CDS	Threonylcarbamoyladenosine tRNA methylthiotransferase MtaB	NODE_3_length_264240_cov_55.000500:36906-38156	CCHHBCMG_00666

DiscRep_SUB:FEATURE_LOCATION_CONFLICT::Coding region xref gene does not exist
prokka_out/CA114720:CDS	ATP-dependent zinc metalloprotease FtsH	NODE_3_length_264240_cov_55.000500:38160-39770	CCHHBCMG_00667

DiscRep_SUB:FEATURE_LOCATION_CONFLICT::Coding region xref gene does not exist
prokka_out/CA114720:CDS	hypothetical protein	NODE_3_length_264240_cov_55.000500:c40195-39779	CCHHBCMG_00668

DiscRep_SUB:FEATURE_LOCATION_CONFLICT::Coding region xref gene does not exist
prokka_out/CA114720:CDS	hypothetical protein	NODE_3_length_264240_cov_55.000500:40294-40812	CCHHBCMG_00669

DiscRep_SUB:FEATURE_LOCATION_CONFLICT::Coding region xref gene does not exist
prokka_out/CA114720:CDS	hypothetical protein	NODE_3_length_264240_cov_55.000500:40809-41321	CCHHBCMG_00670

DiscRep_SUB:FEATURE_LOCATION_CONFLICT::Coding region xref gene does not exist
prokka_out/CA114720:CDS	RNA polymerase sigma factor RpoD	NODE_3_length_264240_cov_55.000500:c43205-41337	CCHHBCMG_00671

DiscRep_SUB:FEATURE_LOCATION_CONFLICT::Coding region xref gene does not exist
prokka_out/CA114720:CDS	HTH-type transcriptional regulator CysL	NODE_3_length_264240_cov_55.000500:c44166-43285	CCHHBCMG_00672

DiscRep_SUB:FEATURE_LOCATION_CONFLICT::Coding region xref gene does not exist
prokka_out/CA114720:CDS	hypothetical protein	NODE_3_length_264240_cov_55.000500:44279-45376	CCHHBCMG_00673

DiscRep_SUB:FEATURE_LOCATION_CONFLICT::Coding region xref gene does not exist
prokka_out/CA114720:CDS	hypothetical protein	NODE_3_length_264240_cov_55.000500:45471-46043	CCHHBCMG_00674

DiscRep_SUB:FEATURE_LOCATION_CONFLICT::Coding region xref gene does not exist
prokka_out/CA114720:CDS	Ribosomal RNA small subunit methyltransferase G	NODE_3_length_264240_cov_55.000500:c46625-46059	CCHHBCMG_00675

DiscRep_SUB:FEATURE_LOCATION_CONFLICT::Coding region xref gene does not exist
prokka_out/CA114720:CDS	GTP cyclohydrolase-2	NODE_3_length_264240_cov_55.000500:c47186-46626	CCHHBCMG_00676

DiscRep_SUB:FEATURE_LOCATION_CONFLICT::Coding region xref gene does not exist
prokka_out/CA114720:CDS	Delta-aminolevulinic acid dehydratase	NODE_3_length_264240_cov_55.000500:47244-48227	CCHHBCMG_00677

DiscRep_SUB:FEATURE_LOCATION_CONFLICT::Coding region xref gene does not exist
prokka_out/CA114720:CDS	Ornithine carbamoyltransferase, anabolic	NODE_3_length_264240_cov_55.000500:48224-49144	CCHHBCMG_00678

DiscRep_SUB:FEATURE_LOCATION_CONFLICT::Coding region xref gene does not exist
prokka_out/CA114720:CDS	hypothetical protein	NODE_3_length_264240_cov_55.000500:49141-49632	CCHHBCMG_00679

DiscRep_SUB:FEATURE_LOCATION_CONFLICT::Coding region xref gene does not exist
prokka_out/CA114720:CDS	Oxygen-independent coproporphyrinogen III oxidase	NODE_3_length_264240_cov_55.000500:49619-50974	CCHHBCMG_00680

DiscRep_SUB:FEATURE_LOCATION_CONFLICT::Coding region xref gene does not exist
prokka_out/CA114720:CDS	Lactate utilization protein A	NODE_3_length_264240_cov_55.000500:50976-52241	CCHHBCMG_00681

DiscRep_SUB:FEATURE_LOCATION_CONFLICT::Coding region xref gene does not exist
prokka_out/CA114720:CDS	hypothetical protein	NODE_3_length_264240_cov_55.000500:52241-52999	CCHHBCMG_00682

DiscRep_SUB:FEATURE_LOCATION_CONFLICT::Coding region xref gene does not exist
prokka_out/CA114720:CDS	hypothetical protein	NODE_3_length_264240_cov_55.000500:c53208-53002	CCHHBCMG_00683

DiscRep_SUB:FEATURE_LOCATION_CONFLICT::Coding region xref gene does not exist
prokka_out/CA114720:CDS	hypothetical protein	NODE_3_length_264240_cov_55.000500:53444-54058	CCHHBCMG_00684

DiscRep_SUB:FEATURE_LOCATION_CONFLICT::Coding region xref gene does not exist
prokka_out/CA114720:CDS	Hippurate hydrolase	NODE_3_length_264240_cov_55.000500:54060-55211	CCHHBCMG_00685

DiscRep_SUB:FEATURE_LOCATION_CONFLICT::Coding region xref gene does not exist
prokka_out/CA114720:CDS	hypothetical protein	NODE_3_length_264240_cov_55.000500:c55955-55215	CCHHBCMG_00686

DiscRep_SUB:FEATURE_LOCATION_CONFLICT::Coding region xref gene does not exist
prokka_out/CA114720:CDS	hypothetical protein	NODE_3_length_264240_cov_55.000500:c57165-56047	CCHHBCMG_00687

DiscRep_SUB:FEATURE_LOCATION_CONFLICT::Coding region xref gene does not exist
prokka_out/CA114720:CDS	ABC transporter glutamine-binding protein GlnH	NODE_3_length_264240_cov_55.000500:57385-58224	CCHHBCMG_00688

DiscRep_SUB:FEATURE_LOCATION_CONFLICT::Coding region xref gene does not exist
prokka_out/CA114720:CDS	Proline/betaine transporter	NODE_3_length_264240_cov_55.000500:58265-59512	CCHHBCMG_00689

DiscRep_SUB:FEATURE_LOCATION_CONFLICT::Coding region xref gene does not exist
prokka_out/CA114720:CDS	Cytosol non-specific dipeptidase	NODE_3_length_264240_cov_55.000500:c60763-59495	CCHHBCMG_00690

DiscRep_SUB:FEATURE_LOCATION_CONFLICT::Coding region xref gene does not exist
prokka_out/CA114720:CDS	hypothetical protein	NODE_3_length_264240_cov_55.000500:60831-61358	CCHHBCMG_00691

DiscRep_SUB:FEATURE_LOCATION_CONFLICT::Coding region xref gene does not exist
prokka_out/CA114720:CDS	hypothetical protein	NODE_3_length_264240_cov_55.000500:61367-61540	CCHHBCMG_00692

DiscRep_SUB:FEATURE_LOCATION_CONFLICT::Coding region xref gene does not exist
prokka_out/CA114720:CDS	Transcription factor FapR	NODE_3_length_264240_cov_55.000500:c62119-61541	CCHHBCMG_00693

DiscRep_SUB:FEATURE_LOCATION_CONFLICT::Coding region xref gene does not exist
prokka_out/CA114720:CDS	tRNA U34 carboxymethyltransferase	NODE_3_length_264240_cov_55.000500:c63067-62192	CCHHBCMG_00694

DiscRep_SUB:FEATURE_LOCATION_CONFLICT::Coding region xref gene does not exist
prokka_out/CA114720:CDS	hypothetical protein	NODE_3_length_264240_cov_55.000500:c63722-63165	CCHHBCMG_00695

DiscRep_SUB:FEATURE_LOCATION_CONFLICT::Coding region xref gene does not exist
prokka_out/CA114720:CDS	hypothetical protein	NODE_3_length_264240_cov_55.000500:c64889-63897	CCHHBCMG_00696

DiscRep_SUB:FEATURE_LOCATION_CONFLICT::Coding region xref gene does not exist
prokka_out/CA114720:CDS	hypothetical protein	NODE_3_length_264240_cov_55.000500:c65440-65117	CCHHBCMG_00697

DiscRep_SUB:FEATURE_LOCATION_CONFLICT::Coding region xref gene does not exist
prokka_out/CA114720:CDS	hypothetical protein	NODE_3_length_264240_cov_55.000500:c65926-65711	CCHHBCMG_00698

DiscRep_SUB:FEATURE_LOCATION_CONFLICT::Coding region xref gene does not exist
prokka_out/CA114720:CDS	Acyl-CoA thioesterase YbgC	NODE_3_length_264240_cov_55.000500:66645-67019	CCHHBCMG_00699

DiscRep_SUB:FEATURE_LOCATION_CONFLICT::Coding region xref gene does not exist
prokka_out/CA114720:CDS	hypothetical protein	NODE_3_length_264240_cov_55.000500:c68201-67011	CCHHBCMG_00700

DiscRep_SUB:FEATURE_LOCATION_CONFLICT::Coding region xref gene does not exist
prokka_out/CA114720:CDS	hypothetical protein	NODE_3_length_264240_cov_55.000500:c68806-68198	CCHHBCMG_00701

DiscRep_SUB:FEATURE_LOCATION_CONFLICT::Coding region xref gene does not exist
prokka_out/CA114720:CDS	hypothetical protein	NODE_3_length_264240_cov_55.000500:c69282-68803	CCHHBCMG_00702

DiscRep_SUB:FEATURE_LOCATION_CONFLICT::Coding region xref gene does not exist
prokka_out/CA114720:CDS	50S ribosomal protein L34	NODE_3_length_264240_cov_55.000500:69413-69547	CCHHBCMG_00703

DiscRep_SUB:FEATURE_LOCATION_CONFLICT::Coding region xref gene does not exist
prokka_out/CA114720:CDS	Ribonuclease P protein component	NODE_3_length_264240_cov_55.000500:69544-69870	CCHHBCMG_00704

DiscRep_SUB:FEATURE_LOCATION_CONFLICT::Coding region xref gene does not exist
prokka_out/CA114720:CDS	Putative membrane protein insertion efficiency factor	NODE_3_length_264240_cov_55.000500:69837-70208	CCHHBCMG_00705

DiscRep_SUB:FEATURE_LOCATION_CONFLICT::Coding region xref gene does not exist
prokka_out/CA114720:CDS	Membrane protein insertase YidC	NODE_3_length_264240_cov_55.000500:70205-71797	CCHHBCMG_00706

DiscRep_SUB:FEATURE_LOCATION_CONFLICT::Coding region xref gene does not exist
prokka_out/CA114720:CDS	hypothetical protein	NODE_3_length_264240_cov_55.000500:71794-72612	CCHHBCMG_00707

DiscRep_SUB:FEATURE_LOCATION_CONFLICT::Coding region xref gene does not exist
prokka_out/CA114720:CDS	tRNA modification GTPase MnmE	NODE_3_length_264240_cov_55.000500:72605-73933	CCHHBCMG_00708

DiscRep_SUB:FEATURE_LOCATION_CONFLICT::Coding region xref gene does not exist
prokka_out/CA114720:CDS	Phosphoribosylformylglycinamidine synthase subunit PurL	NODE_3_length_264240_cov_55.000500:73944-76130	CCHHBCMG_00709

DiscRep_SUB:FEATURE_LOCATION_CONFLICT::Coding region xref gene does not exist
prokka_out/CA114720:CDS	Co-chaperone protein DjlA	NODE_3_length_264240_cov_55.000500:76127-76897	CCHHBCMG_00710

DiscRep_SUB:FEATURE_LOCATION_CONFLICT::Coding region xref gene does not exist
prokka_out/CA114720:CDS	Bifunctional purine biosynthesis protein PurH	NODE_3_length_264240_cov_55.000500:76900-78432	CCHHBCMG_00711

DiscRep_SUB:FEATURE_LOCATION_CONFLICT::Coding region xref gene does not exist
prokka_out/CA114720:CDS	hypothetical protein	NODE_3_length_264240_cov_55.000500:78529-80121	CCHHBCMG_00712

DiscRep_SUB:FEATURE_LOCATION_CONFLICT::Coding region xref gene does not exist
prokka_out/CA114720:CDS	hypothetical protein	NODE_3_length_264240_cov_55.000500:80131-80565	CCHHBCMG_00713

DiscRep_SUB:FEATURE_LOCATION_CONFLICT::Coding region xref gene does not exist
prokka_out/CA114720:CDS	Agmatine deiminase	NODE_3_length_264240_cov_55.000500:80664-81641	CCHHBCMG_00714

DiscRep_SUB:FEATURE_LOCATION_CONFLICT::Coding region xref gene does not exist
prokka_out/CA114720:CDS	Ferrous-iron efflux pump FieF	NODE_3_length_264240_cov_55.000500:81638-82525	CCHHBCMG_00715

DiscRep_SUB:FEATURE_LOCATION_CONFLICT::Coding region xref gene does not exist
prokka_out/CA114720:CDS	N-carbamoyl-D-amino acid hydrolase	NODE_3_length_264240_cov_55.000500:82522-83394	CCHHBCMG_00716

DiscRep_SUB:FEATURE_LOCATION_CONFLICT::Coding region xref gene does not exist
prokka_out/CA114720:CDS	hypothetical protein	NODE_3_length_264240_cov_55.000500:c84752-83406	CCHHBCMG_00717

DiscRep_SUB:FEATURE_LOCATION_CONFLICT::Coding region xref gene does not exist
prokka_out/CA114720:CDS	ATP-dependent RecD-like DNA helicase	NODE_3_length_264240_cov_55.000500:84801-86144	CCHHBCMG_00718

DiscRep_SUB:FEATURE_LOCATION_CONFLICT::Coding region xref gene does not exist
prokka_out/CA114720:CDS	hypothetical protein	NODE_3_length_264240_cov_55.000500:86154-86888	CCHHBCMG_00719

DiscRep_SUB:FEATURE_LOCATION_CONFLICT::Coding region xref gene does not exist
prokka_out/CA114720:CDS	Outer-membrane lipoprotein carrier protein	NODE_3_length_264240_cov_55.000500:c87394-86885	CCHHBCMG_00720

DiscRep_SUB:FEATURE_LOCATION_CONFLICT::Coding region xref gene does not exist
prokka_out/CA114720:CDS	Protein translocase subunit SecA	NODE_3_length_264240_cov_55.000500:87494-90082	CCHHBCMG_00721

DiscRep_SUB:FEATURE_LOCATION_CONFLICT::Coding region xref gene does not exist
prokka_out/CA114720:CDS	Lipoprotein-releasing system transmembrane protein LolC	NODE_3_length_264240_cov_55.000500:90079-91284	CCHHBCMG_00722

DiscRep_SUB:FEATURE_LOCATION_CONFLICT::Coding region xref gene does not exist
prokka_out/CA114720:CDS	hypothetical protein	NODE_3_length_264240_cov_55.000500:91307-92092	CCHHBCMG_00723

DiscRep_SUB:FEATURE_LOCATION_CONFLICT::Coding region xref gene does not exist
prokka_out/CA114720:CDS	hypothetical protein	NODE_3_length_264240_cov_55.000500:92986-93366	CCHHBCMG_00732

DiscRep_SUB:FEATURE_LOCATION_CONFLICT::Coding region xref gene does not exist
prokka_out/CA114720:CDS	Bifunctional protein Aas	NODE_3_length_264240_cov_55.000500:93411-96923	CCHHBCMG_00733

DiscRep_SUB:FEATURE_LOCATION_CONFLICT::Coding region xref gene does not exist
prokka_out/CA114720:CDS	hypothetical protein	NODE_3_length_264240_cov_55.000500:c97842-96931	CCHHBCMG_00734

DiscRep_SUB:FEATURE_LOCATION_CONFLICT::Coding region xref gene does not exist
prokka_out/CA114720:CDS	ATP synthase subunit c	NODE_3_length_264240_cov_55.000500:c98498-98160	CCHHBCMG_00736

DiscRep_SUB:FEATURE_LOCATION_CONFLICT::Coding region xref gene does not exist
prokka_out/CA114720:CDS	hypothetical protein	NODE_3_length_264240_cov_55.000500:98732-100066	CCHHBCMG_00737

DiscRep_SUB:FEATURE_LOCATION_CONFLICT::Coding region xref gene does not exist
prokka_out/CA114720:CDS	hypothetical protein	NODE_3_length_264240_cov_55.000500:100079-101419	CCHHBCMG_00738

DiscRep_SUB:FEATURE_LOCATION_CONFLICT::Coding region xref gene does not exist
prokka_out/CA114720:CDS	Oxaloacetate decarboxylase alpha chain	NODE_3_length_264240_cov_55.000500:101451-103250	CCHHBCMG_00739

DiscRep_SUB:FEATURE_LOCATION_CONFLICT::Coding region xref gene does not exist
prokka_out/CA114720:CDS	Phosphoenolpyruvate carboxykinase (ATP)	NODE_3_length_264240_cov_55.000500:103263-104837	CCHHBCMG_00740

DiscRep_SUB:FEATURE_LOCATION_CONFLICT::Coding region xref gene does not exist
prokka_out/CA114720:CDS	Argininosuccinate lyase	NODE_3_length_264240_cov_55.000500:104847-106229	CCHHBCMG_00741

DiscRep_SUB:FEATURE_LOCATION_CONFLICT::Coding region xref gene does not exist
prokka_out/CA114720:CDS	Ribosome-binding ATPase YchF	NODE_3_length_264240_cov_55.000500:c107354-106251	CCHHBCMG_00742

DiscRep_SUB:FEATURE_LOCATION_CONFLICT::Coding region xref gene does not exist
prokka_out/CA114720:CDS	Cytosol aminopeptidase	NODE_3_length_264240_cov_55.000500:c108802-107351	CCHHBCMG_00743

DiscRep_SUB:FEATURE_LOCATION_CONFLICT::Coding region xref gene does not exist
prokka_out/CA114720:CDS	Inner membrane protein YohD	NODE_3_length_264240_cov_55.000500:c109395-108799	CCHHBCMG_00744

DiscRep_SUB:FEATURE_LOCATION_CONFLICT::Coding region xref gene does not exist
prokka_out/CA114720:CDS	Adenine phosphoribosyltransferase	NODE_3_length_264240_cov_55.000500:c109962-109414	CCHHBCMG_00745

DiscRep_SUB:FEATURE_LOCATION_CONFLICT::Coding region xref gene does not exist
prokka_out/CA114720:CDS	hypothetical protein	NODE_3_length_264240_cov_55.000500:c110291-109959	CCHHBCMG_00746

DiscRep_SUB:FEATURE_LOCATION_CONFLICT::Coding region xref gene does not exist
prokka_out/CA114720:CDS	Putative sugar phosphate isomerase YwlF	NODE_3_length_264240_cov_55.000500:c110728-110291	CCHHBCMG_00747

DiscRep_SUB:FEATURE_LOCATION_CONFLICT::Coding region xref gene does not exist
prokka_out/CA114720:CDS	Protein-glutamate methylesterase/protein-glutamine glutaminase	NODE_3_length_264240_cov_55.000500:110890-111444	CCHHBCMG_00748

DiscRep_SUB:FEATURE_LOCATION_CONFLICT::Coding region xref gene does not exist
prokka_out/CA114720:CDS	Chemotaxis protein methyltransferase	NODE_3_length_264240_cov_55.000500:111460-112248	CCHHBCMG_00749

DiscRep_SUB:FEATURE_LOCATION_CONFLICT::Coding region xref gene does not exist
prokka_out/CA114720:CDS	Glutamine transport ATP-binding protein GlnQ	NODE_3_length_264240_cov_55.000500:112384-113112	CCHHBCMG_00750

DiscRep_SUB:FEATURE_LOCATION_CONFLICT::Coding region xref gene does not exist
prokka_out/CA114720:CDS	Major cell-binding factor	NODE_3_length_264240_cov_55.000500:113134-113913	CCHHBCMG_00751

DiscRep_SUB:FEATURE_LOCATION_CONFLICT::Coding region xref gene does not exist
prokka_out/CA114720:CDS	putative glutamine ABC transporter permease protein GlnM	NODE_3_length_264240_cov_55.000500:113915-114667	CCHHBCMG_00752

DiscRep_SUB:FEATURE_LOCATION_CONFLICT::Coding region xref gene does not exist
prokka_out/CA114720:CDS	Glutamate/aspartate import permease protein GltK	NODE_3_length_264240_cov_55.000500:114678-115337	CCHHBCMG_00753

DiscRep_SUB:FEATURE_LOCATION_CONFLICT::Coding region xref gene does not exist
prokka_out/CA114720:CDS	Ribose-phosphate pyrophosphokinase	NODE_3_length_264240_cov_55.000500:115445-116374	CCHHBCMG_00754

DiscRep_SUB:FEATURE_LOCATION_CONFLICT::Coding region xref gene does not exist
prokka_out/CA114720:CDS	Peptide transporter CstA	NODE_3_length_264240_cov_55.000500:116540-118651	CCHHBCMG_00755

DiscRep_SUB:FEATURE_LOCATION_CONFLICT::Coding region xref gene does not exist
prokka_out/CA114720:CDS	hypothetical protein	NODE_3_length_264240_cov_55.000500:118632-118829	CCHHBCMG_00756

DiscRep_SUB:FEATURE_LOCATION_CONFLICT::Coding region xref gene does not exist
prokka_out/CA114720:CDS	putative acyl-CoA thioester hydrolase	NODE_3_length_264240_cov_55.000500:c119282-118869	CCHHBCMG_00757

DiscRep_SUB:FEATURE_LOCATION_CONFLICT::Coding region xref gene does not exist
prokka_out/CA114720:CDS	hypothetical protein	NODE_3_length_264240_cov_55.000500:119344-121176	CCHHBCMG_00758

DiscRep_SUB:FEATURE_LOCATION_CONFLICT::Coding region xref gene does not exist
prokka_out/CA114720:CDS	DNA-binding protein HU	NODE_3_length_264240_cov_55.000500:121278-121574	CCHHBCMG_00759

DiscRep_SUB:FEATURE_LOCATION_CONFLICT::Coding region xref gene does not exist
prokka_out/CA114720:CDS	Cysteine synthase	NODE_3_length_264240_cov_55.000500:121701-122600	CCHHBCMG_00760

DiscRep_SUB:FEATURE_LOCATION_CONFLICT::Coding region xref gene does not exist
prokka_out/CA114720:CDS	hypothetical protein	NODE_3_length_264240_cov_55.000500:c123167-122607	CCHHBCMG_00761

DiscRep_SUB:FEATURE_LOCATION_CONFLICT::Coding region xref gene does not exist
prokka_out/CA114720:CDS	hypothetical protein	NODE_3_length_264240_cov_55.000500:c123616-123164	CCHHBCMG_00762

DiscRep_SUB:FEATURE_LOCATION_CONFLICT::Coding region xref gene does not exist
prokka_out/CA114720:CDS	hypothetical protein	NODE_3_length_264240_cov_55.000500:c124039-123620	CCHHBCMG_00763

DiscRep_SUB:FEATURE_LOCATION_CONFLICT::Coding region xref gene does not exist
prokka_out/CA114720:CDS	hypothetical protein	NODE_3_length_264240_cov_55.000500:c124595-124125	CCHHBCMG_00764

DiscRep_SUB:FEATURE_LOCATION_CONFLICT::Coding region xref gene does not exist
prokka_out/CA114720:CDS	hypothetical protein	NODE_3_length_264240_cov_55.000500:124751-125728	CCHHBCMG_00765

DiscRep_SUB:FEATURE_LOCATION_CONFLICT::Coding region xref gene does not exist
prokka_out/CA114720:CDS	Alanine racemase	NODE_3_length_264240_cov_55.000500:125729-126715	CCHHBCMG_00766

DiscRep_SUB:FEATURE_LOCATION_CONFLICT::Coding region xref gene does not exist
prokka_out/CA114720:CDS	tRNA (cytidine(34)-2'-O)-methyltransferase	NODE_3_length_264240_cov_55.000500:126718-127185	CCHHBCMG_00767

DiscRep_SUB:FEATURE_LOCATION_CONFLICT::Coding region xref gene does not exist
prokka_out/CA114720:CDS	Amino-acid carrier protein AlsT	NODE_3_length_264240_cov_55.000500:127289-128755	CCHHBCMG_00768

DiscRep_SUB:FEATURE_LOCATION_CONFLICT::Coding region xref gene does not exist
prokka_out/CA114720:CDS	Glutamine transport ATP-binding protein GlnQ	NODE_3_length_264240_cov_55.000500:c129511-128783	CCHHBCMG_00769

DiscRep_SUB:FEATURE_LOCATION_CONFLICT::Coding region xref gene does not exist
prokka_out/CA114720:CDS	Arginine transport system permease protein ArtQ	NODE_3_length_264240_cov_55.000500:c130247-129504	CCHHBCMG_00770

DiscRep_SUB:FEATURE_LOCATION_CONFLICT::Coding region xref gene does not exist
prokka_out/CA114720:CDS	hypothetical protein	NODE_3_length_264240_cov_55.000500:130363-130509	CCHHBCMG_00771

DiscRep_SUB:FEATURE_LOCATION_CONFLICT::Coding region xref gene does not exist
prokka_out/CA114720:CDS	Protein/nucleic acid deglycase 3	NODE_3_length_264240_cov_55.000500:130502-131071	CCHHBCMG_00772

DiscRep_SUB:FEATURE_LOCATION_CONFLICT::Coding region xref gene does not exist
prokka_out/CA114720:CDS	putative HIT-like protein	NODE_3_length_264240_cov_55.000500:c131466-131101	CCHHBCMG_00773

DiscRep_SUB:FEATURE_LOCATION_CONFLICT::Coding region xref gene does not exist
prokka_out/CA114720:CDS	Phenylalanine--tRNA ligase alpha subunit	NODE_3_length_264240_cov_55.000500:131589-132581	CCHHBCMG_00774

DiscRep_SUB:FEATURE_LOCATION_CONFLICT::Coding region xref gene does not exist
prokka_out/CA114720:CDS	Phenylalanine--tRNA ligase beta subunit	NODE_3_length_264240_cov_55.000500:132578-134899	CCHHBCMG_00775

DiscRep_SUB:FEATURE_LOCATION_CONFLICT::Coding region xref gene does not exist
prokka_out/CA114720:CDS	3-phosphoshikimate 1-carboxyvinyltransferase	NODE_3_length_264240_cov_55.000500:134896-136182	CCHHBCMG_00776

DiscRep_SUB:FEATURE_LOCATION_CONFLICT::Coding region xref gene does not exist
prokka_out/CA114720:CDS	4-hydroxy-3-methylbut-2-enyl diphosphate reductase	NODE_3_length_264240_cov_55.000500:136172-137005	CCHHBCMG_00777

DiscRep_SUB:FEATURE_LOCATION_CONFLICT::Coding region xref gene does not exist
prokka_out/CA114720:CDS	30S ribosomal protein S1	NODE_3_length_264240_cov_55.000500:137137-138807	CCHHBCMG_00778

DiscRep_SUB:FEATURE_LOCATION_CONFLICT::Coding region xref gene does not exist
prokka_out/CA114720:CDS	hypothetical protein	NODE_3_length_264240_cov_55.000500:138807-139295	CCHHBCMG_00779

DiscRep_SUB:FEATURE_LOCATION_CONFLICT::Coding region xref gene does not exist
prokka_out/CA114720:CDS	D-3-phosphoglycerate dehydrogenase	NODE_3_length_264240_cov_55.000500:139292-140875	CCHHBCMG_00780

DiscRep_SUB:FEATURE_LOCATION_CONFLICT::Coding region xref gene does not exist
prokka_out/CA114720:CDS	Transcriptional regulatory protein OmpR	NODE_3_length_264240_cov_55.000500:140853-141524	CCHHBCMG_00781

DiscRep_SUB:FEATURE_LOCATION_CONFLICT::Coding region xref gene does not exist
prokka_out/CA114720:CDS	Adaptive-response sensory-kinase SasA	NODE_3_length_264240_cov_55.000500:141518-142801	CCHHBCMG_00782

DiscRep_SUB:FEATURE_LOCATION_CONFLICT::Coding region xref gene does not exist
prokka_out/CA114720:CDS	ABC transporter ATP-binding protein uup	NODE_3_length_264240_cov_55.000500:142811-144742	CCHHBCMG_00783

DiscRep_SUB:FEATURE_LOCATION_CONFLICT::Coding region xref gene does not exist
prokka_out/CA114720:CDS	hypothetical protein	NODE_3_length_264240_cov_55.000500:145125-147377	CCHHBCMG_00786

DiscRep_SUB:FEATURE_LOCATION_CONFLICT::Coding region xref gene does not exist
prokka_out/CA114720:CDS	hypothetical protein	NODE_3_length_264240_cov_55.000500:147487-150327	CCHHBCMG_00787

DiscRep_SUB:FEATURE_LOCATION_CONFLICT::Coding region xref gene does not exist
prokka_out/CA114720:CDS	30S ribosomal protein S15	NODE_3_length_264240_cov_55.000500:c150685-150413	CCHHBCMG_00788

DiscRep_SUB:FEATURE_LOCATION_CONFLICT::Coding region xref gene does not exist
prokka_out/CA114720:CDS	HTH-type transcriptional regulator CymR	NODE_3_length_264240_cov_55.000500:150860-151270	CCHHBCMG_00789

DiscRep_SUB:FEATURE_LOCATION_CONFLICT::Coding region xref gene does not exist
prokka_out/CA114720:CDS	Flagellar biosynthesis protein FlhA	NODE_3_length_264240_cov_55.000500:151257-153431	CCHHBCMG_00790

DiscRep_SUB:FEATURE_LOCATION_CONFLICT::Coding region xref gene does not exist
prokka_out/CA114720:CDS	3',5'-cyclic-nucleotide phosphodiesterase	NODE_3_length_264240_cov_55.000500:153440-154486	CCHHBCMG_00791

DiscRep_SUB:FEATURE_LOCATION_CONFLICT::Coding region xref gene does not exist
prokka_out/CA114720:CDS	hypothetical protein	NODE_3_length_264240_cov_55.000500:154470-154712	CCHHBCMG_00792

DiscRep_SUB:FEATURE_LOCATION_CONFLICT::Coding region xref gene does not exist
prokka_out/CA114720:CDS	hypothetical protein	NODE_3_length_264240_cov_55.000500:154709-155341	CCHHBCMG_00793

DiscRep_SUB:FEATURE_LOCATION_CONFLICT::Coding region xref gene does not exist
prokka_out/CA114720:CDS	hypothetical protein	NODE_3_length_264240_cov_55.000500:c155469-155329	CCHHBCMG_00794

DiscRep_SUB:FEATURE_LOCATION_CONFLICT::Coding region xref gene does not exist
prokka_out/CA114720:CDS	hypothetical protein	NODE_3_length_264240_cov_55.000500:155712-156662	CCHHBCMG_00795

DiscRep_SUB:FEATURE_LOCATION_CONFLICT::Coding region xref gene does not exist
prokka_out/CA114720:CDS	Thiol:disulfide interchange protein DsbL	NODE_3_length_264240_cov_55.000500:c157338-156697	CCHHBCMG_00796

DiscRep_SUB:FEATURE_LOCATION_CONFLICT::Coding region xref gene does not exist
prokka_out/CA114720:CDS	Arylsulfate sulfotransferase AssT	NODE_3_length_264240_cov_55.000500:c157959-157642	CCHHBCMG_00797

DiscRep_SUB:FEATURE_LOCATION_CONFLICT::Coding region xref gene does not exist
prokka_out/CA114720:CDS	Arylsulfate sulfotransferase AssT	NODE_3_length_264240_cov_55.000500:c158370-158101	CCHHBCMG_00798

DiscRep_SUB:FEATURE_LOCATION_CONFLICT::Coding region xref gene does not exist
prokka_out/CA114720:CDS	Arylsulfate sulfotransferase AssT	NODE_3_length_264240_cov_55.000500:c159196-158321	CCHHBCMG_00799

DiscRep_SUB:FEATURE_LOCATION_CONFLICT::Coding region xref gene does not exist
prokka_out/CA114720:CDS	Protein-disulfide oxidoreductase DsbI	NODE_3_length_264240_cov_55.000500:c160146-159352	CCHHBCMG_00800

DiscRep_SUB:FEATURE_LOCATION_CONFLICT::Coding region xref gene does not exist
prokka_out/CA114720:CDS	Thiol:disulfide interchange protein DsbL	NODE_3_length_264240_cov_55.000500:c160517-160158	CCHHBCMG_00801

DiscRep_SUB:FEATURE_LOCATION_CONFLICT::Coding region xref gene does not exist
prokka_out/CA114720:CDS	Tyrosine recombinase XerH	NODE_3_length_264240_cov_55.000500:161148-162212	CCHHBCMG_00802

DiscRep_SUB:FEATURE_LOCATION_CONFLICT::Coding region xref gene does not exist
prokka_out/CA114720:CDS	Isochorismate synthase MenF	NODE_3_length_264240_cov_55.000500:162202-163986	CCHHBCMG_00803

DiscRep_SUB:FEATURE_LOCATION_CONFLICT::Coding region xref gene does not exist
prokka_out/CA114720:CDS	Aminodeoxychorismate/anthranilate synthase component 2	NODE_3_length_264240_cov_55.000500:163983-164549	CCHHBCMG_00804

DiscRep_SUB:FEATURE_LOCATION_CONFLICT::Coding region xref gene does not exist
prokka_out/CA114720:CDS	hypothetical protein	NODE_3_length_264240_cov_55.000500:164676-165104	CCHHBCMG_00805

DiscRep_SUB:FEATURE_LOCATION_CONFLICT::Coding region xref gene does not exist
prokka_out/CA114720:CDS	UDP-N-acetylglucosamine 1-carboxyvinyltransferase	NODE_3_length_264240_cov_55.000500:165170-166426	CCHHBCMG_00806

DiscRep_SUB:FEATURE_LOCATION_CONFLICT::Coding region xref gene does not exist
prokka_out/CA114720:CDS	Molybdopterin molybdenumtransferase	NODE_3_length_264240_cov_55.000500:166423-167583	CCHHBCMG_00807

DiscRep_SUB:FEATURE_LOCATION_CONFLICT::Coding region xref gene does not exist
prokka_out/CA114720:CDS	Signal peptidase I	NODE_3_length_264240_cov_55.000500:c168453-167605	CCHHBCMG_00808

DiscRep_SUB:FEATURE_LOCATION_CONFLICT::Coding region xref gene does not exist
prokka_out/CA114720:CDS	Bifunctional protein FolD protein	NODE_3_length_264240_cov_55.000500:c169311-168463	CCHHBCMG_00809

DiscRep_SUB:FEATURE_LOCATION_CONFLICT::Coding region xref gene does not exist
prokka_out/CA114720:CDS	hypothetical protein	NODE_3_length_264240_cov_55.000500:169406-169738	CCHHBCMG_00810

DiscRep_SUB:FEATURE_LOCATION_CONFLICT::Coding region xref gene does not exist
prokka_out/CA114720:CDS	Glutamate-1-semialdehyde 2,1-aminomutase	NODE_3_length_264240_cov_55.000500:169735-171009	CCHHBCMG_00811

DiscRep_SUB:FEATURE_LOCATION_CONFLICT::Coding region xref gene does not exist
prokka_out/CA114720:CDS	hypothetical protein	NODE_3_length_264240_cov_55.000500:171006-171335	CCHHBCMG_00812

DiscRep_SUB:FEATURE_LOCATION_CONFLICT::Coding region xref gene does not exist
prokka_out/CA114720:CDS	hypothetical protein	NODE_3_length_264240_cov_55.000500:171335-171838	CCHHBCMG_00813

DiscRep_SUB:FEATURE_LOCATION_CONFLICT::Coding region xref gene does not exist
prokka_out/CA114720:CDS	putative MFS-type transporter YcaD	NODE_3_length_264240_cov_55.000500:171843-173003	CCHHBCMG_00814

DiscRep_SUB:FEATURE_LOCATION_CONFLICT::Coding region xref gene does not exist
prokka_out/CA114720:CDS	hypothetical protein	NODE_3_length_264240_cov_55.000500:172996-175155	CCHHBCMG_00815

DiscRep_SUB:FEATURE_LOCATION_CONFLICT::Coding region xref gene does not exist
prokka_out/CA114720:CDS	hypothetical protein	NODE_3_length_264240_cov_55.000500:175152-175433	CCHHBCMG_00816

DiscRep_SUB:FEATURE_LOCATION_CONFLICT::Coding region xref gene does not exist
prokka_out/CA114720:CDS	Phosphatidylserine decarboxylase proenzyme	NODE_3_length_264240_cov_55.000500:c176230-175430	CCHHBCMG_00817

DiscRep_SUB:FEATURE_LOCATION_CONFLICT::Coding region xref gene does not exist
prokka_out/CA114720:CDS	3',5'-cyclic adenosine monophosphate phosphodiesterase CpdA	NODE_3_length_264240_cov_55.000500:c177351-176227	CCHHBCMG_00818

DiscRep_SUB:FEATURE_LOCATION_CONFLICT::Coding region xref gene does not exist
prokka_out/CA114720:CDS	Glutamate--tRNA ligase 1	NODE_3_length_264240_cov_55.000500:177437-178732	CCHHBCMG_00819

DiscRep_SUB:FEATURE_LOCATION_CONFLICT::Coding region xref gene does not exist
prokka_out/CA114720:CDS	hypothetical protein	NODE_3_length_264240_cov_55.000500:178735-179016	CCHHBCMG_00820

DiscRep_SUB:FEATURE_LOCATION_CONFLICT::Coding region xref gene does not exist
prokka_out/CA114720:CDS	hypothetical protein	NODE_3_length_264240_cov_55.000500:179013-180638	CCHHBCMG_00821

DiscRep_SUB:FEATURE_LOCATION_CONFLICT::Coding region xref gene does not exist
prokka_out/CA114720:CDS	hypothetical protein	NODE_3_length_264240_cov_55.000500:c181020-180535	CCHHBCMG_00822

DiscRep_SUB:FEATURE_LOCATION_CONFLICT::Coding region xref gene does not exist
prokka_out/CA114720:CDS	Molybdopterin-guanine dinucleotide biosynthesis adapter protein	NODE_3_length_264240_cov_55.000500:181116-181607	CCHHBCMG_00823

DiscRep_SUB:FEATURE_LOCATION_CONFLICT::Coding region xref gene does not exist
prokka_out/CA114720:CDS	Fructose-1,6-bisphosphatase class 1	NODE_3_length_264240_cov_55.000500:181609-182451	CCHHBCMG_00824

DiscRep_SUB:FEATURE_LOCATION_CONFLICT::Coding region xref gene does not exist
prokka_out/CA114720:CDS	hypothetical protein	NODE_3_length_264240_cov_55.000500:182444-182641	CCHHBCMG_00825

DiscRep_SUB:FEATURE_LOCATION_CONFLICT::Coding region xref gene does not exist
prokka_out/CA114720:CDS	Methionine--tRNA ligase	NODE_3_length_264240_cov_55.000500:182651-184537	CCHHBCMG_00826

DiscRep_SUB:FEATURE_LOCATION_CONFLICT::Coding region xref gene does not exist
prokka_out/CA114720:CDS	hypothetical protein	NODE_3_length_264240_cov_55.000500:184541-185482	CCHHBCMG_00827

DiscRep_SUB:FEATURE_LOCATION_CONFLICT::Coding region xref gene does not exist
prokka_out/CA114720:CDS	Methylated-DNA--protein-cysteine methyltransferase, constitutive	NODE_3_length_264240_cov_55.000500:c185926-185474	CCHHBCMG_00828

DiscRep_SUB:FEATURE_LOCATION_CONFLICT::Coding region xref gene does not exist
prokka_out/CA114720:CDS	Aconitate hydratase B	NODE_3_length_264240_cov_55.000500:185981-188527	CCHHBCMG_00829

DiscRep_SUB:FEATURE_LOCATION_CONFLICT::Coding region xref gene does not exist
prokka_out/CA114720:CDS	hypothetical protein	NODE_3_length_264240_cov_55.000500:188577-189815	CCHHBCMG_00830

DiscRep_SUB:FEATURE_LOCATION_CONFLICT::Coding region xref gene does not exist
prokka_out/CA114720:CDS	NADP-dependent 3-hydroxy acid dehydrogenase YdfG	NODE_3_length_264240_cov_55.000500:189812-190561	CCHHBCMG_00831

DiscRep_SUB:FEATURE_LOCATION_CONFLICT::Coding region xref gene does not exist
prokka_out/CA114720:CDS	hypothetical protein	NODE_3_length_264240_cov_55.000500:190558-192291	CCHHBCMG_00832

DiscRep_SUB:FEATURE_LOCATION_CONFLICT::Coding region xref gene does not exist
prokka_out/CA114720:CDS	tRNA/tmRNA (uracil-C(5))-methyltransferase	NODE_3_length_264240_cov_55.000500:192288-193361	CCHHBCMG_00833

DiscRep_SUB:FEATURE_LOCATION_CONFLICT::Coding region xref gene does not exist
prokka_out/CA114720:CDS	hypothetical protein	NODE_3_length_264240_cov_55.000500:c193764-193348	CCHHBCMG_00834

DiscRep_SUB:FEATURE_LOCATION_CONFLICT::Coding region xref gene does not exist
prokka_out/CA114720:CDS	putative protein YccU	NODE_3_length_264240_cov_55.000500:193883-194296	CCHHBCMG_00835

DiscRep_SUB:FEATURE_LOCATION_CONFLICT::Coding region xref gene does not exist
prokka_out/CA114720:CDS	L-threonine ammonia-lyase	NODE_3_length_264240_cov_55.000500:194296-195507	CCHHBCMG_00836

DiscRep_SUB:FEATURE_LOCATION_CONFLICT::Coding region xref gene does not exist
prokka_out/CA114720:CDS	tRNA pseudouridine synthase A	NODE_3_length_264240_cov_55.000500:c196226-195504	CCHHBCMG_00837

DiscRep_SUB:FEATURE_LOCATION_CONFLICT::Coding region xref gene does not exist
prokka_out/CA114720:CDS	hypothetical protein	NODE_3_length_264240_cov_55.000500:c197251-196226	CCHHBCMG_00838

DiscRep_SUB:FEATURE_LOCATION_CONFLICT::Coding region xref gene does not exist
prokka_out/CA114720:CDS	hypothetical protein	NODE_3_length_264240_cov_55.000500:c198027-197251	CCHHBCMG_00839

DiscRep_SUB:FEATURE_LOCATION_CONFLICT::Coding region xref gene does not exist
prokka_out/CA114720:CDS	Isoprenyl transferase	NODE_3_length_264240_cov_55.000500:c198692-198024	CCHHBCMG_00840

DiscRep_SUB:FEATURE_LOCATION_CONFLICT::Coding region xref gene does not exist
prokka_out/CA114720:CDS	hypothetical protein	NODE_3_length_264240_cov_55.000500:c199313-198696	CCHHBCMG_00841

DiscRep_SUB:FEATURE_LOCATION_CONFLICT::Coding region xref gene does not exist
prokka_out/CA114720:CDS	Coenzyme A biosynthesis bifunctional protein CoaBC	NODE_3_length_264240_cov_55.000500:c200464-199310	CCHHBCMG_00842

DiscRep_SUB:FEATURE_LOCATION_CONFLICT::Coding region xref gene does not exist
prokka_out/CA114720:CDS	Bifunctional protein GlmU	NODE_3_length_264240_cov_55.000500:c201750-200461	CCHHBCMG_00843

DiscRep_SUB:FEATURE_LOCATION_CONFLICT::Coding region xref gene does not exist
prokka_out/CA114720:CDS	Flagellar biosynthetic protein FliP	NODE_3_length_264240_cov_55.000500:201894-202628	CCHHBCMG_00844

DiscRep_SUB:FEATURE_LOCATION_CONFLICT::Coding region xref gene does not exist
prokka_out/CA114720:CDS	L-cystine-binding protein FliY	NODE_3_length_264240_cov_55.000500:c203414-202644	CCHHBCMG_00845

DiscRep_SUB:FEATURE_LOCATION_CONFLICT::Coding region xref gene does not exist
prokka_out/CA114720:CDS	hypothetical protein	NODE_3_length_264240_cov_55.000500:c204841-203510	CCHHBCMG_00846

DiscRep_SUB:FEATURE_LOCATION_CONFLICT::Coding region xref gene does not exist
prokka_out/CA114720:CDS	3-deoxy-manno-octulosonate cytidylyltransferase	NODE_3_length_264240_cov_55.000500:c205647-204928	CCHHBCMG_00847

DiscRep_SUB:FEATURE_LOCATION_CONFLICT::Coding region xref gene does not exist
prokka_out/CA114720:CDS	Threonine synthase	NODE_3_length_264240_cov_55.000500:c207056-205644	CCHHBCMG_00848

DiscRep_SUB:FEATURE_LOCATION_CONFLICT::Coding region xref gene does not exist
prokka_out/CA114720:CDS	Tetraacyldisaccharide 4'-kinase	NODE_3_length_264240_cov_55.000500:c207979-207056	CCHHBCMG_00849

DiscRep_SUB:FEATURE_LOCATION_CONFLICT::Coding region xref gene does not exist
prokka_out/CA114720:CDS	NH(3)-dependent NAD(+) synthetase	NODE_3_length_264240_cov_55.000500:c208723-207983	CCHHBCMG_00850

DiscRep_SUB:FEATURE_LOCATION_CONFLICT::Coding region xref gene does not exist
prokka_out/CA114720:CDS	hypothetical protein	NODE_3_length_264240_cov_55.000500:208797-209393	CCHHBCMG_00851

DiscRep_SUB:FEATURE_LOCATION_CONFLICT::Coding region xref gene does not exist
prokka_out/CA114720:CDS	hypothetical protein	NODE_3_length_264240_cov_55.000500:209405-209710	CCHHBCMG_00852

DiscRep_SUB:FEATURE_LOCATION_CONFLICT::Coding region xref gene does not exist
prokka_out/CA114720:CDS	Enoyl-[acyl-carrier-protein] reductase [NADPH] FabL	NODE_3_length_264240_cov_55.000500:c210530-209751	CCHHBCMG_00853

DiscRep_SUB:FEATURE_LOCATION_CONFLICT::Coding region xref gene does not exist
prokka_out/CA114720:CDS	4-hydroxy-tetrahydrodipicolinate synthase	NODE_3_length_264240_cov_55.000500:c211426-210530	CCHHBCMG_00854

DiscRep_SUB:FEATURE_LOCATION_CONFLICT::Coding region xref gene does not exist
prokka_out/CA114720:CDS	putative zinc protease	NODE_3_length_264240_cov_55.000500:c212669-211419	CCHHBCMG_00855

DiscRep_SUB:FEATURE_LOCATION_CONFLICT::Coding region xref gene does not exist
prokka_out/CA114720:CDS	Dihydroorotate dehydrogenase (quinone)	NODE_3_length_264240_cov_55.000500:c213724-212666	CCHHBCMG_00856

DiscRep_SUB:FEATURE_LOCATION_CONFLICT::Coding region xref gene does not exist
prokka_out/CA114720:CDS	Lipid A export ATP-binding/permease protein MsbA	NODE_3_length_264240_cov_55.000500:c215498-213756	CCHHBCMG_00857

DiscRep_SUB:FEATURE_LOCATION_CONFLICT::Coding region xref gene does not exist
prokka_out/CA114720:CDS	Cysteine--tRNA ligase	NODE_3_length_264240_cov_55.000500:c216879-215491	CCHHBCMG_00858

DiscRep_SUB:FEATURE_LOCATION_CONFLICT::Coding region xref gene does not exist
prokka_out/CA114720:CDS	putative lipid II flippase MurJ	NODE_3_length_264240_cov_55.000500:c218331-216892	CCHHBCMG_00859

DiscRep_SUB:FEATURE_LOCATION_CONFLICT::Coding region xref gene does not exist
prokka_out/CA114720:CDS	hypothetical protein	NODE_3_length_264240_cov_55.000500:218435-220294	CCHHBCMG_00860

DiscRep_SUB:FEATURE_LOCATION_CONFLICT::Coding region xref gene does not exist
prokka_out/CA114720:CDS	Holliday junction ATP-dependent DNA helicase RuvA	NODE_3_length_264240_cov_55.000500:220270-220821	CCHHBCMG_00861

DiscRep_SUB:FEATURE_LOCATION_CONFLICT::Coding region xref gene does not exist
prokka_out/CA114720:CDS	D-alanine--D-alanine ligase	NODE_3_length_264240_cov_55.000500:220831-221871	CCHHBCMG_00862

DiscRep_SUB:FEATURE_LOCATION_CONFLICT::Coding region xref gene does not exist
prokka_out/CA114720:CDS	hypothetical protein	NODE_3_length_264240_cov_55.000500:221931-222146	CCHHBCMG_00863

DiscRep_SUB:FEATURE_LOCATION_CONFLICT::Coding region xref gene does not exist
prokka_out/CA114720:CDS	hypothetical protein	NODE_3_length_264240_cov_55.000500:222148-222867	CCHHBCMG_00864

DiscRep_SUB:FEATURE_LOCATION_CONFLICT::Coding region xref gene does not exist
prokka_out/CA114720:CDS	UDP-N-acetylmuramoyl-tripeptide--D-alanyl-D-alanine ligase	NODE_3_length_264240_cov_55.000500:222868-224295	CCHHBCMG_00865

DiscRep_SUB:FEATURE_LOCATION_CONFLICT::Coding region xref gene does not exist
prokka_out/CA114720:CDS	hypothetical protein	NODE_3_length_264240_cov_55.000500:c225598-224354	CCHHBCMG_00866

DiscRep_SUB:FEATURE_LOCATION_CONFLICT::Coding region xref gene does not exist
prokka_out/CA114720:CDS	Adaptive-response sensory-kinase SasA	NODE_3_length_264240_cov_55.000500:c226716-225697	CCHHBCMG_00867

DiscRep_SUB:FEATURE_LOCATION_CONFLICT::Coding region xref gene does not exist
prokka_out/CA114720:CDS	hypothetical protein	NODE_3_length_264240_cov_55.000500:c227598-226720	CCHHBCMG_00868

DiscRep_SUB:FEATURE_LOCATION_CONFLICT::Coding region xref gene does not exist
prokka_out/CA114720:CDS	Cysteine desulfurase	NODE_3_length_264240_cov_55.000500:227640-228908	CCHHBCMG_00869

DiscRep_SUB:FEATURE_LOCATION_CONFLICT::Coding region xref gene does not exist
prokka_out/CA114720:CDS	Formyltetrahydrofolate deformylase	NODE_3_length_264240_cov_55.000500:c229729-228905	CCHHBCMG_00870

DiscRep_SUB:FEATURE_LOCATION_CONFLICT::Coding region xref gene does not exist
prokka_out/CA114720:CDS	CCA-adding enzyme	NODE_3_length_264240_cov_55.000500:c230844-229726	CCHHBCMG_00871

DiscRep_SUB:FEATURE_LOCATION_CONFLICT::Coding region xref gene does not exist
prokka_out/CA114720:CDS	hypothetical protein	NODE_3_length_264240_cov_55.000500:c231304-230813	CCHHBCMG_00872

DiscRep_SUB:FEATURE_LOCATION_CONFLICT::Coding region xref gene does not exist
prokka_out/CA114720:CDS	hypothetical protein	NODE_3_length_264240_cov_55.000500:c231546-231301	CCHHBCMG_00873

DiscRep_SUB:FEATURE_LOCATION_CONFLICT::Coding region xref gene does not exist
prokka_out/CA114720:CDS	hypothetical protein	NODE_3_length_264240_cov_55.000500:c231801-231628	CCHHBCMG_00874

DiscRep_SUB:FEATURE_LOCATION_CONFLICT::Coding region xref gene does not exist
prokka_out/CA114720:CDS	Chaperone NapD	NODE_3_length_264240_cov_55.000500:c232152-231814	CCHHBCMG_00875

DiscRep_SUB:FEATURE_LOCATION_CONFLICT::Coding region xref gene does not exist
prokka_out/CA114720:CDS	hypothetical protein	NODE_3_length_264240_cov_55.000500:c233059-232145	CCHHBCMG_00876

DiscRep_SUB:FEATURE_LOCATION_CONFLICT::Coding region xref gene does not exist
prokka_out/CA114720:CDS	Periplasmic nitrate reductase, electron transfer subunit	NODE_3_length_264240_cov_55.000500:c233585-233064	CCHHBCMG_00877

DiscRep_SUB:FEATURE_LOCATION_CONFLICT::Coding region xref gene does not exist
prokka_out/CA114720:CDS	Ferredoxin-type protein NapH	NODE_3_length_264240_cov_55.000500:c234364-233585	CCHHBCMG_00878

DiscRep_SUB:FEATURE_LOCATION_CONFLICT::Coding region xref gene does not exist
prokka_out/CA114720:CDS	Ferredoxin-type protein NapG	NODE_3_length_264240_cov_55.000500:c235104-234364	CCHHBCMG_00879

DiscRep_SUB:FEATURE_LOCATION_CONFLICT::Coding region xref gene does not exist
prokka_out/CA114720:CDS	Periplasmic nitrate reductase	NODE_3_length_264240_cov_55.000500:c237896-235122	CCHHBCMG_00880

DiscRep_SUB:FEATURE_LOCATION_CONFLICT::Coding region xref gene does not exist
prokka_out/CA114720:CDS	Thiol peroxidase	NODE_3_length_264240_cov_55.000500:c238670-238143	CCHHBCMG_00881

DiscRep_SUB:FEATURE_LOCATION_CONFLICT::Coding region xref gene does not exist
prokka_out/CA114720:CDS	hypothetical protein	NODE_3_length_264240_cov_55.000500:c239508-238768	CCHHBCMG_00882

DiscRep_SUB:FEATURE_LOCATION_CONFLICT::Coding region xref gene does not exist
prokka_out/CA114720:CDS	DNA helicase II	NODE_3_length_264240_cov_55.000500:c241586-239556	CCHHBCMG_00883

DiscRep_SUB:FEATURE_LOCATION_CONFLICT::Coding region xref gene does not exist
prokka_out/CA114720:CDS	hypothetical protein	NODE_3_length_264240_cov_55.000500:241715-242737	CCHHBCMG_00884

DiscRep_SUB:FEATURE_LOCATION_CONFLICT::Coding region xref gene does not exist
prokka_out/CA114720:CDS	Valine--tRNA ligase	NODE_3_length_264240_cov_55.000500:242760-245372	CCHHBCMG_00885

DiscRep_SUB:FEATURE_LOCATION_CONFLICT::Coding region xref gene does not exist
prokka_out/CA114720:CDS	Methionine import ATP-binding protein MetN	NODE_3_length_264240_cov_55.000500:245377-246387	CCHHBCMG_00886

DiscRep_SUB:FEATURE_LOCATION_CONFLICT::Coding region xref gene does not exist
prokka_out/CA114720:CDS	hypothetical protein	NODE_3_length_264240_cov_55.000500:246384-247295	CCHHBCMG_00887

DiscRep_SUB:FEATURE_LOCATION_CONFLICT::Coding region xref gene does not exist
prokka_out/CA114720:CDS	D-methionine-binding lipoprotein MetQ	NODE_3_length_264240_cov_55.000500:247487-248260	CCHHBCMG_00888

DiscRep_SUB:FEATURE_LOCATION_CONFLICT::Coding region xref gene does not exist
prokka_out/CA114720:CDS	Lipoprotein 28	NODE_3_length_264240_cov_55.000500:248309-249079	CCHHBCMG_00889

DiscRep_SUB:FEATURE_LOCATION_CONFLICT::Coding region xref gene does not exist
prokka_out/CA114720:CDS	Methionine-binding lipoprotein MetQ	NODE_3_length_264240_cov_55.000500:249088-249864	CCHHBCMG_00890

DiscRep_SUB:FEATURE_LOCATION_CONFLICT::Coding region xref gene does not exist
prokka_out/CA114720:CDS	hypothetical protein	NODE_3_length_264240_cov_55.000500:249949-250611	CCHHBCMG_00891

DiscRep_SUB:FEATURE_LOCATION_CONFLICT::Coding region xref gene does not exist
prokka_out/CA114720:CDS	putative UbiX-like flavin prenyltransferase	NODE_3_length_264240_cov_55.000500:250608-251171	CCHHBCMG_00892

DiscRep_SUB:FEATURE_LOCATION_CONFLICT::Coding region xref gene does not exist
prokka_out/CA114720:CDS	Phosphopantetheine adenylyltransferase	NODE_3_length_264240_cov_55.000500:251211-251687	CCHHBCMG_00893

DiscRep_SUB:FEATURE_LOCATION_CONFLICT::Coding region xref gene does not exist
prokka_out/CA114720:CDS	Thymidylate kinase	NODE_3_length_264240_cov_55.000500:251678-252256	CCHHBCMG_00894

DiscRep_SUB:FEATURE_LOCATION_CONFLICT::Coding region xref gene does not exist
prokka_out/CA114720:CDS	Histidine--tRNA ligase	NODE_3_length_264240_cov_55.000500:252253-253479	CCHHBCMG_00895

DiscRep_SUB:FEATURE_LOCATION_CONFLICT::Coding region xref gene does not exist
prokka_out/CA114720:CDS	Biosynthetic arginine decarboxylase	NODE_3_length_264240_cov_55.000500:253476-255311	CCHHBCMG_00896

DiscRep_SUB:FEATURE_LOCATION_CONFLICT::Coding region xref gene does not exist
prokka_out/CA114720:CDS	Serine acetyltransferase	NODE_3_length_264240_cov_55.000500:255312-255950	CCHHBCMG_00897

DiscRep_SUB:FEATURE_LOCATION_CONFLICT::Coding region xref gene does not exist
prokka_out/CA114720:CDS	Aspartate aminotransferase	NODE_3_length_264240_cov_55.000500:256124-257293	CCHHBCMG_00898

DiscRep_SUB:FEATURE_LOCATION_CONFLICT::Coding region xref gene does not exist
prokka_out/CA114720:CDS	hypothetical protein	NODE_3_length_264240_cov_55.000500:c257684-257343	CCHHBCMG_00899

DiscRep_SUB:FEATURE_LOCATION_CONFLICT::Coding region xref gene does not exist
prokka_out/CA114720:CDS	hypothetical protein	NODE_3_length_264240_cov_55.000500:c258776-257754	CCHHBCMG_00900

DiscRep_SUB:FEATURE_LOCATION_CONFLICT::Coding region xref gene does not exist
prokka_out/CA114720:CDS	Chaperone protein DnaK	NODE_3_length_264240_cov_55.000500:c260907-259036	CCHHBCMG_00901

DiscRep_SUB:FEATURE_LOCATION_CONFLICT::Coding region xref gene does not exist
prokka_out/CA114720:CDS	Protein GrpE	NODE_3_length_264240_cov_55.000500:c261460-260930	CCHHBCMG_00902

DiscRep_SUB:FEATURE_LOCATION_CONFLICT::Coding region xref gene does not exist
prokka_out/CA114720:CDS	Heat-inducible transcription repressor HrcA	NODE_3_length_264240_cov_55.000500:c262248-261457	CCHHBCMG_00903

DiscRep_SUB:FEATURE_LOCATION_CONFLICT::Coding region xref gene does not exist
prokka_out/CA114720:CDS	hypothetical protein	NODE_3_length_264240_cov_55.000500:c263526-262465	CCHHBCMG_00904

DiscRep_SUB:FEATURE_LOCATION_CONFLICT::RNA feature xref gene does not exist
prokka_out/CA114720:tRNA	Arg	NODE_3_length_264240_cov_55.000500:c30867-30791	CCHHBCMG_00660

DiscRep_SUB:FEATURE_LOCATION_CONFLICT::RNA feature xref gene does not exist
prokka_out/CA114720:tRNA	Lys	NODE_3_length_264240_cov_55.000500:92154-92229	CCHHBCMG_00724

DiscRep_SUB:FEATURE_LOCATION_CONFLICT::RNA feature xref gene does not exist
prokka_out/CA114720:tRNA	Glu	NODE_3_length_264240_cov_55.000500:92249-92324	CCHHBCMG_00725

DiscRep_SUB:FEATURE_LOCATION_CONFLICT::RNA feature xref gene does not exist
prokka_out/CA114720:tRNA	Val	NODE_3_length_264240_cov_55.000500:92331-92406	CCHHBCMG_00726

DiscRep_SUB:FEATURE_LOCATION_CONFLICT::RNA feature xref gene does not exist
prokka_out/CA114720:tRNA	Asp	NODE_3_length_264240_cov_55.000500:92458-92534	CCHHBCMG_00727

DiscRep_SUB:FEATURE_LOCATION_CONFLICT::RNA feature xref gene does not exist
prokka_out/CA114720:tRNA	Lys	NODE_3_length_264240_cov_55.000500:92539-92614	CCHHBCMG_00728

DiscRep_SUB:FEATURE_LOCATION_CONFLICT::RNA feature xref gene does not exist
prokka_out/CA114720:tRNA	Glu	NODE_3_length_264240_cov_55.000500:92634-92709	CCHHBCMG_00729

DiscRep_SUB:FEATURE_LOCATION_CONFLICT::RNA feature xref gene does not exist
prokka_out/CA114720:tRNA	Val	NODE_3_length_264240_cov_55.000500:92716-92791	CCHHBCMG_00730

DiscRep_SUB:FEATURE_LOCATION_CONFLICT::RNA feature xref gene does not exist
prokka_out/CA114720:tRNA	Asp	NODE_3_length_264240_cov_55.000500:92843-92919	CCHHBCMG_00731

DiscRep_SUB:FEATURE_LOCATION_CONFLICT::RNA feature xref gene does not exist
prokka_out/CA114720:tRNA	Leu	NODE_3_length_264240_cov_55.000500:c98124-98039	CCHHBCMG_00735

DiscRep_SUB:FEATURE_LOCATION_CONFLICT::RNA feature xref gene does not exist
prokka_out/CA114720:tRNA	Gly	NODE_3_length_264240_cov_55.000500:c144847-144773	CCHHBCMG_00784

DiscRep_SUB:FEATURE_LOCATION_CONFLICT::RNA feature xref gene does not exist
prokka_out/CA114720:tRNA	Leu	NODE_3_length_264240_cov_55.000500:c144944-144858	CCHHBCMG_00785

DiscRep_SUB:FEATURE_LOCATION_CONFLICT::Coding region xref gene does not exist
prokka_out/CA114720:CDS	hypothetical protein	NODE_4_length_223668_cov_61.855060:1279-1737	CCHHBCMG_00905

DiscRep_SUB:FEATURE_LOCATION_CONFLICT::Coding region xref gene does not exist
prokka_out/CA114720:CDS	hypothetical protein	NODE_4_length_223668_cov_61.855060:c2040-1597	CCHHBCMG_00906

DiscRep_SUB:FEATURE_LOCATION_CONFLICT::Coding region xref gene does not exist
prokka_out/CA114720:CDS	sugar efflux transporter	NODE_4_length_223668_cov_61.855060:2416-3591	CCHHBCMG_00907

DiscRep_SUB:FEATURE_LOCATION_CONFLICT::Coding region xref gene does not exist
prokka_out/CA114720:CDS	hypothetical protein	NODE_4_length_223668_cov_61.855060:3619-4068	CCHHBCMG_00908

DiscRep_SUB:FEATURE_LOCATION_CONFLICT::Coding region xref gene does not exist
prokka_out/CA114720:CDS	hypothetical protein	NODE_4_length_223668_cov_61.855060:4176-4928	CCHHBCMG_00909

DiscRep_SUB:FEATURE_LOCATION_CONFLICT::Coding region xref gene does not exist
prokka_out/CA114720:CDS	hypothetical protein	NODE_4_length_223668_cov_61.855060:c6490-5006	CCHHBCMG_00910

DiscRep_SUB:FEATURE_LOCATION_CONFLICT::Coding region xref gene does not exist
prokka_out/CA114720:CDS	hypothetical protein	NODE_4_length_223668_cov_61.855060:c7561-6491	CCHHBCMG_00911

DiscRep_SUB:FEATURE_LOCATION_CONFLICT::Coding region xref gene does not exist
prokka_out/CA114720:CDS	Type-1 restriction enzyme EcoKI specificity protein	NODE_4_length_223668_cov_61.855060:c8928-7681	CCHHBCMG_00912

DiscRep_SUB:FEATURE_LOCATION_CONFLICT::Coding region xref gene does not exist
prokka_out/CA114720:CDS	hypothetical protein	NODE_4_length_223668_cov_61.855060:c11962-8918	CCHHBCMG_00913

DiscRep_SUB:FEATURE_LOCATION_CONFLICT::Coding region xref gene does not exist
prokka_out/CA114720:CDS	hypothetical protein	NODE_4_length_223668_cov_61.855060:c12144-11971	CCHHBCMG_00914

DiscRep_SUB:FEATURE_LOCATION_CONFLICT::Coding region xref gene does not exist
prokka_out/CA114720:CDS	hypothetical protein	NODE_4_length_223668_cov_61.855060:c14464-12155	CCHHBCMG_00915

DiscRep_SUB:FEATURE_LOCATION_CONFLICT::Coding region xref gene does not exist
prokka_out/CA114720:CDS	putative formaldehyde dehydrogenase AdhA	NODE_4_length_223668_cov_61.855060:14595-15671	CCHHBCMG_00916

DiscRep_SUB:FEATURE_LOCATION_CONFLICT::Coding region xref gene does not exist
prokka_out/CA114720:CDS	Outer membrane lipoprotein Blc	NODE_4_length_223668_cov_61.855060:c16122-15673	CCHHBCMG_00917

DiscRep_SUB:FEATURE_LOCATION_CONFLICT::Coding region xref gene does not exist
prokka_out/CA114720:CDS	NADPH:quinone oxidoreductase MdaB	NODE_4_length_223668_cov_61.855060:16210-16788	CCHHBCMG_00918

DiscRep_SUB:FEATURE_LOCATION_CONFLICT::Coding region xref gene does not exist
prokka_out/CA114720:CDS	hypothetical protein	NODE_4_length_223668_cov_61.855060:16821-17717	CCHHBCMG_00919

DiscRep_SUB:FEATURE_LOCATION_CONFLICT::Coding region xref gene does not exist
prokka_out/CA114720:CDS	5-oxoprolinase subunit C	NODE_4_length_223668_cov_61.855060:c18679-17714	CCHHBCMG_00920

DiscRep_SUB:FEATURE_LOCATION_CONFLICT::Coding region xref gene does not exist
prokka_out/CA114720:CDS	5-oxoprolinase subunit B	NODE_4_length_223668_cov_61.855060:c19400-18660	CCHHBCMG_00921

DiscRep_SUB:FEATURE_LOCATION_CONFLICT::Coding region xref gene does not exist
prokka_out/CA114720:CDS	5-oxoprolinase subunit A	NODE_4_length_223668_cov_61.855060:c20177-19410	CCHHBCMG_00922

DiscRep_SUB:FEATURE_LOCATION_CONFLICT::Coding region xref gene does not exist
prokka_out/CA114720:CDS	Tungstate-binding protein TupA	NODE_4_length_223668_cov_61.855060:c21128-20319	CCHHBCMG_00923

DiscRep_SUB:FEATURE_LOCATION_CONFLICT::Coding region xref gene does not exist
prokka_out/CA114720:CDS	Tungstate uptake system permease protein TupB	NODE_4_length_223668_cov_61.855060:21207-21893	CCHHBCMG_00924

DiscRep_SUB:FEATURE_LOCATION_CONFLICT::Coding region xref gene does not exist
prokka_out/CA114720:CDS	Tungstate uptake system ATP-binding protein TupC	NODE_4_length_223668_cov_61.855060:21895-22890	CCHHBCMG_00925

DiscRep_SUB:FEATURE_LOCATION_CONFLICT::Coding region xref gene does not exist
prokka_out/CA114720:CDS	Acetyl-coenzyme A synthetase	NODE_4_length_223668_cov_61.855060:23029-25002	CCHHBCMG_00926

DiscRep_SUB:FEATURE_LOCATION_CONFLICT::Coding region xref gene does not exist
prokka_out/CA114720:CDS	UTP--glucose-1-phosphate uridylyltransferase	NODE_4_length_223668_cov_61.855060:25084-25908	CCHHBCMG_00927

DiscRep_SUB:FEATURE_LOCATION_CONFLICT::Coding region xref gene does not exist
prokka_out/CA114720:CDS	Glucose-6-phosphate isomerase	NODE_4_length_223668_cov_61.855060:25902-27122	CCHHBCMG_00928

DiscRep_SUB:FEATURE_LOCATION_CONFLICT::Coding region xref gene does not exist
prokka_out/CA114720:CDS	DNA protection during starvation protein	NODE_4_length_223668_cov_61.855060:27248-27697	CCHHBCMG_00929

DiscRep_SUB:FEATURE_LOCATION_CONFLICT::Coding region xref gene does not exist
prokka_out/CA114720:CDS	hypothetical protein	NODE_4_length_223668_cov_61.855060:27762-28799	CCHHBCMG_00930

DiscRep_SUB:FEATURE_LOCATION_CONFLICT::Coding region xref gene does not exist
prokka_out/CA114720:CDS	hypothetical protein	NODE_4_length_223668_cov_61.855060:c29527-28796	CCHHBCMG_00931

DiscRep_SUB:FEATURE_LOCATION_CONFLICT::Coding region xref gene does not exist
prokka_out/CA114720:CDS	Diaminopimelate epimerase	NODE_4_length_223668_cov_61.855060:c30251-29502	CCHHBCMG_00932

DiscRep_SUB:FEATURE_LOCATION_CONFLICT::Coding region xref gene does not exist
prokka_out/CA114720:CDS	Dephospho-CoA kinase	NODE_4_length_223668_cov_61.855060:c30853-30248	CCHHBCMG_00933

DiscRep_SUB:FEATURE_LOCATION_CONFLICT::Coding region xref gene does not exist
prokka_out/CA114720:CDS	Phosphoribosylformylglycinamidine cyclo-ligase	NODE_4_length_223668_cov_61.855060:30914-31903	CCHHBCMG_00934

DiscRep_SUB:FEATURE_LOCATION_CONFLICT::Coding region xref gene does not exist
prokka_out/CA114720:CDS	Putative cryptic C4-dicarboxylate transporter DcuD	NODE_4_length_223668_cov_61.855060:c32442-31924	CCHHBCMG_00935

DiscRep_SUB:FEATURE_LOCATION_CONFLICT::Coding region xref gene does not exist
prokka_out/CA114720:CDS	Putative cryptic C4-dicarboxylate transporter DcuD	NODE_4_length_223668_cov_61.855060:c33094-32435	CCHHBCMG_00936

DiscRep_SUB:FEATURE_LOCATION_CONFLICT::Coding region xref gene does not exist
prokka_out/CA114720:CDS	CRISPR-associated endonuclease Cas9	NODE_4_length_223668_cov_61.855060:33536-36499	CCHHBCMG_00937

DiscRep_SUB:FEATURE_LOCATION_CONFLICT::Coding region xref gene does not exist
prokka_out/CA114720:CDS	CRISPR-associated endonuclease Cas1	NODE_4_length_223668_cov_61.855060:36486-37376	CCHHBCMG_00938

DiscRep_SUB:FEATURE_LOCATION_CONFLICT::Coding region xref gene does not exist
prokka_out/CA114720:CDS	CRISPR-associated endoribonuclease Cas2	NODE_4_length_223668_cov_61.855060:37369-37800	CCHHBCMG_00939

DiscRep_SUB:FEATURE_LOCATION_CONFLICT::Coding region xref gene does not exist
prokka_out/CA114720:CDS	IS6 family transposase IS1216E	NODE_4_length_223668_cov_61.855060:c38666-37986	CCHHBCMG_00940

DiscRep_SUB:FEATURE_LOCATION_CONFLICT::Coding region xref gene does not exist
prokka_out/CA114720:CDS	hypothetical protein	NODE_4_length_223668_cov_61.855060:c38821-38720	CCHHBCMG_00941

DiscRep_SUB:FEATURE_LOCATION_CONFLICT::Coding region xref gene does not exist
prokka_out/CA114720:CDS	hypothetical protein	NODE_4_length_223668_cov_61.855060:c39749-39264	CCHHBCMG_00942

DiscRep_SUB:FEATURE_LOCATION_CONFLICT::Coding region xref gene does not exist
prokka_out/CA114720:CDS	hypothetical protein	NODE_4_length_223668_cov_61.855060:39910-40368	CCHHBCMG_00943

DiscRep_SUB:FEATURE_LOCATION_CONFLICT::Coding region xref gene does not exist
prokka_out/CA114720:CDS	Streptomycin 3''-adenylyltransferase	NODE_4_length_223668_cov_61.855060:c41697-40888	CCHHBCMG_00944

DiscRep_SUB:FEATURE_LOCATION_CONFLICT::Coding region xref gene does not exist
prokka_out/CA114720:CDS	Adenine phosphoribosyltransferase	NODE_4_length_223668_cov_61.855060:c42356-41829	CCHHBCMG_00945

DiscRep_SUB:FEATURE_LOCATION_CONFLICT::Coding region xref gene does not exist
prokka_out/CA114720:CDS	Aminoglycoside 6-adenylyltransferase	NODE_4_length_223668_cov_61.855060:c43263-42400	CCHHBCMG_00946

DiscRep_SUB:FEATURE_LOCATION_CONFLICT::Coding region xref gene does not exist
prokka_out/CA114720:CDS	rRNA adenine N-6-methyltransferase	NODE_4_length_223668_cov_61.855060:c44305-43568	CCHHBCMG_00947

DiscRep_SUB:FEATURE_LOCATION_CONFLICT::Coding region xref gene does not exist
prokka_out/CA114720:CDS	IS6 family transposase IS1216E	NODE_4_length_223668_cov_61.855060:c45321-44641	CCHHBCMG_00948

DiscRep_SUB:FEATURE_LOCATION_CONFLICT::Coding region xref gene does not exist
prokka_out/CA114720:CDS	hypothetical protein	NODE_4_length_223668_cov_61.855060:c45643-45359	CCHHBCMG_00949

DiscRep_SUB:FEATURE_LOCATION_CONFLICT::Coding region xref gene does not exist
prokka_out/CA114720:CDS	hypothetical protein	NODE_4_length_223668_cov_61.855060:c46193-45630	CCHHBCMG_00950

DiscRep_SUB:FEATURE_LOCATION_CONFLICT::Coding region xref gene does not exist
prokka_out/CA114720:CDS	Aminoglycoside 3'-phosphotransferase	NODE_4_length_223668_cov_61.855060:c47224-46430	CCHHBCMG_00951

DiscRep_SUB:FEATURE_LOCATION_CONFLICT::Coding region xref gene does not exist
prokka_out/CA114720:CDS	Streptothricin acetyltransferase A	NODE_4_length_223668_cov_61.855060:c47860-47318	CCHHBCMG_00952

DiscRep_SUB:FEATURE_LOCATION_CONFLICT::Coding region xref gene does not exist
prokka_out/CA114720:CDS	Aminoglycoside 6-adenylyltransferase	NODE_4_length_223668_cov_61.855060:c48765-47857	CCHHBCMG_00953

DiscRep_SUB:FEATURE_LOCATION_CONFLICT::Coding region xref gene does not exist
prokka_out/CA114720:CDS	Molybdopterin molybdenumtransferase	NODE_4_length_223668_cov_61.855060:c51020-49830	CCHHBCMG_00954

DiscRep_SUB:FEATURE_LOCATION_CONFLICT::Coding region xref gene does not exist
prokka_out/CA114720:CDS	hypothetical protein	NODE_4_length_223668_cov_61.855060:c51439-51023	CCHHBCMG_00955

DiscRep_SUB:FEATURE_LOCATION_CONFLICT::Coding region xref gene does not exist
prokka_out/CA114720:CDS	Molybdopterin synthase catalytic subunit	NODE_4_length_223668_cov_61.855060:c51879-51436	CCHHBCMG_00956

DiscRep_SUB:FEATURE_LOCATION_CONFLICT::Coding region xref gene does not exist
prokka_out/CA114720:CDS	hypothetical protein	NODE_4_length_223668_cov_61.855060:c52101-51880	CCHHBCMG_00957

DiscRep_SUB:FEATURE_LOCATION_CONFLICT::Coding region xref gene does not exist
prokka_out/CA114720:CDS	Multicopper oxidase mco	NODE_4_length_223668_cov_61.855060:c53644-52103	CCHHBCMG_00958

DiscRep_SUB:FEATURE_LOCATION_CONFLICT::Coding region xref gene does not exist
prokka_out/CA114720:CDS	Carboxynorspermidine/carboxyspermidine decarboxylase	NODE_4_length_223668_cov_61.855060:53768-54916	CCHHBCMG_00959

DiscRep_SUB:FEATURE_LOCATION_CONFLICT::Coding region xref gene does not exist
prokka_out/CA114720:CDS	hypothetical protein	NODE_4_length_223668_cov_61.855060:55232-55933	CCHHBCMG_00960

DiscRep_SUB:FEATURE_LOCATION_CONFLICT::Coding region xref gene does not exist
prokka_out/CA114720:CDS	hypothetical protein	NODE_4_length_223668_cov_61.855060:55908-56099	CCHHBCMG_00961

DiscRep_SUB:FEATURE_LOCATION_CONFLICT::Coding region xref gene does not exist
prokka_out/CA114720:CDS	Formate dehydrogenase 2 subunit alpha (cytochrome c-553)	NODE_4_length_223668_cov_61.855060:56099-56641	CCHHBCMG_00962

DiscRep_SUB:FEATURE_LOCATION_CONFLICT::Coding region xref gene does not exist
prokka_out/CA114720:CDS	Periplasmic nitrate reductase	NODE_4_length_223668_cov_61.855060:56663-58903	CCHHBCMG_00963

DiscRep_SUB:FEATURE_LOCATION_CONFLICT::Coding region xref gene does not exist
prokka_out/CA114720:CDS	Formate dehydrogenase iron-sulfur subunit	NODE_4_length_223668_cov_61.855060:58900-59541	CCHHBCMG_00964

DiscRep_SUB:FEATURE_LOCATION_CONFLICT::Coding region xref gene does not exist
prokka_out/CA114720:CDS	hypothetical protein	NODE_4_length_223668_cov_61.855060:59538-60470	CCHHBCMG_00965

DiscRep_SUB:FEATURE_LOCATION_CONFLICT::Coding region xref gene does not exist
prokka_out/CA114720:CDS	Sulfur carrier protein FdhD	NODE_4_length_223668_cov_61.855060:60637-61419	CCHHBCMG_00966

DiscRep_SUB:FEATURE_LOCATION_CONFLICT::Coding region xref gene does not exist
prokka_out/CA114720:CDS	hypothetical protein	NODE_4_length_223668_cov_61.855060:61412-62149	CCHHBCMG_00967

DiscRep_SUB:FEATURE_LOCATION_CONFLICT::Coding region xref gene does not exist
prokka_out/CA114720:CDS	Methyl-accepting chemotaxis protein PctC	NODE_4_length_223668_cov_61.855060:62262-64364	CCHHBCMG_00968

DiscRep_SUB:FEATURE_LOCATION_CONFLICT::Coding region xref gene does not exist
prokka_out/CA114720:CDS	hypothetical protein	NODE_4_length_223668_cov_61.855060:64467-65039	CCHHBCMG_00969

DiscRep_SUB:FEATURE_LOCATION_CONFLICT::Coding region xref gene does not exist
prokka_out/CA114720:CDS	Selenide, water dikinase	NODE_4_length_223668_cov_61.855060:65145-66071	CCHHBCMG_00970

DiscRep_SUB:FEATURE_LOCATION_CONFLICT::Coding region xref gene does not exist
prokka_out/CA114720:CDS	1-pyrroline-5-carboxylate dehydrogenase	NODE_4_length_223668_cov_61.855060:66201-69689	CCHHBCMG_00971

DiscRep_SUB:FEATURE_LOCATION_CONFLICT::Coding region xref gene does not exist
prokka_out/CA114720:CDS	Sodium/proline symporter	NODE_4_length_223668_cov_61.855060:69707-71176	CCHHBCMG_00972

DiscRep_SUB:FEATURE_LOCATION_CONFLICT::Coding region xref gene does not exist
prokka_out/CA114720:CDS	Putative sulfur carrier protein YedF	NODE_4_length_223668_cov_61.855060:c71419-71192	CCHHBCMG_00973

DiscRep_SUB:FEATURE_LOCATION_CONFLICT::Coding region xref gene does not exist
prokka_out/CA114720:CDS	hypothetical protein	NODE_4_length_223668_cov_61.855060:c72631-71423	CCHHBCMG_00974

DiscRep_SUB:FEATURE_LOCATION_CONFLICT::Coding region xref gene does not exist
prokka_out/CA114720:CDS	Adenylosuccinate synthetase	NODE_4_length_223668_cov_61.855060:72896-74146	CCHHBCMG_00976

DiscRep_SUB:FEATURE_LOCATION_CONFLICT::Coding region xref gene does not exist
prokka_out/CA114720:CDS	hypothetical protein	NODE_4_length_223668_cov_61.855060:74143-74571	CCHHBCMG_00977

DiscRep_SUB:FEATURE_LOCATION_CONFLICT::Coding region xref gene does not exist
prokka_out/CA114720:CDS	hypothetical protein	NODE_4_length_223668_cov_61.855060:74564-75082	CCHHBCMG_00978

DiscRep_SUB:FEATURE_LOCATION_CONFLICT::Coding region xref gene does not exist
prokka_out/CA114720:CDS	hypothetical protein	NODE_4_length_223668_cov_61.855060:75175-75726	CCHHBCMG_00979

DiscRep_SUB:FEATURE_LOCATION_CONFLICT::Coding region xref gene does not exist
prokka_out/CA114720:CDS	Carbamoyl-phosphate synthase small chain	NODE_4_length_223668_cov_61.855060:75726-76844	CCHHBCMG_00980

DiscRep_SUB:FEATURE_LOCATION_CONFLICT::Coding region xref gene does not exist
prokka_out/CA114720:CDS	hypothetical protein	NODE_4_length_223668_cov_61.855060:76841-77500	CCHHBCMG_00981

DiscRep_SUB:FEATURE_LOCATION_CONFLICT::Coding region xref gene does not exist
prokka_out/CA114720:CDS	Adaptive-response sensory-kinase SasA	NODE_4_length_223668_cov_61.855060:77497-78708	CCHHBCMG_00982

DiscRep_SUB:FEATURE_LOCATION_CONFLICT::Coding region xref gene does not exist
prokka_out/CA114720:CDS	Response regulator MprA	NODE_4_length_223668_cov_61.855060:78711-79391	CCHHBCMG_00983

DiscRep_SUB:FEATURE_LOCATION_CONFLICT::Coding region xref gene does not exist
prokka_out/CA114720:CDS	Cbb3-type cytochrome c oxidase subunit CcoN1	NODE_4_length_223668_cov_61.855060:79517-80983	CCHHBCMG_00984

DiscRep_SUB:FEATURE_LOCATION_CONFLICT::Coding region xref gene does not exist
prokka_out/CA114720:CDS	hypothetical protein	NODE_4_length_223668_cov_61.855060:80996-81661	CCHHBCMG_00985

DiscRep_SUB:FEATURE_LOCATION_CONFLICT::Coding region xref gene does not exist
prokka_out/CA114720:CDS	hypothetical protein	NODE_4_length_223668_cov_61.855060:81663-81929	CCHHBCMG_00986

DiscRep_SUB:FEATURE_LOCATION_CONFLICT::Coding region xref gene does not exist
prokka_out/CA114720:CDS	Cbb3-type cytochrome c oxidase subunit FixP	NODE_4_length_223668_cov_61.855060:81929-82792	CCHHBCMG_00987

DiscRep_SUB:FEATURE_LOCATION_CONFLICT::Coding region xref gene does not exist
prokka_out/CA114720:CDS	hypothetical protein	NODE_4_length_223668_cov_61.855060:82789-83010	CCHHBCMG_00988

DiscRep_SUB:FEATURE_LOCATION_CONFLICT::Coding region xref gene does not exist
prokka_out/CA114720:CDS	hypothetical protein	NODE_4_length_223668_cov_61.855060:83007-83108	CCHHBCMG_00989

DiscRep_SUB:FEATURE_LOCATION_CONFLICT::Coding region xref gene does not exist
prokka_out/CA114720:CDS	hypothetical protein	NODE_4_length_223668_cov_61.855060:83105-83707	CCHHBCMG_00990

DiscRep_SUB:FEATURE_LOCATION_CONFLICT::Coding region xref gene does not exist
prokka_out/CA114720:CDS	hypothetical protein	NODE_4_length_223668_cov_61.855060:83694-84215	CCHHBCMG_00991

DiscRep_SUB:FEATURE_LOCATION_CONFLICT::Coding region xref gene does not exist
prokka_out/CA114720:CDS	hypothetical protein	NODE_4_length_223668_cov_61.855060:84212-86578	CCHHBCMG_00992

DiscRep_SUB:FEATURE_LOCATION_CONFLICT::Coding region xref gene does not exist
prokka_out/CA114720:CDS	RecBCD enzyme subunit RecB	NODE_4_length_223668_cov_61.855060:86575-89340	CCHHBCMG_00993

DiscRep_SUB:FEATURE_LOCATION_CONFLICT::Coding region xref gene does not exist
prokka_out/CA114720:CDS	50S ribosomal protein L13	NODE_4_length_223668_cov_61.855060:89424-89849	CCHHBCMG_00994

DiscRep_SUB:FEATURE_LOCATION_CONFLICT::Coding region xref gene does not exist
prokka_out/CA114720:CDS	30S ribosomal protein S9	NODE_4_length_223668_cov_61.855060:89852-90241	CCHHBCMG_00995

DiscRep_SUB:FEATURE_LOCATION_CONFLICT::Coding region xref gene does not exist
prokka_out/CA114720:CDS	Outer membrane porin F	NODE_4_length_223668_cov_61.855060:90367-91326	CCHHBCMG_00996

DiscRep_SUB:FEATURE_LOCATION_CONFLICT::Coding region xref gene does not exist
prokka_out/CA114720:CDS	Pyrophosphatase PpaX	NODE_4_length_223668_cov_61.855060:91326-91967	CCHHBCMG_00997

DiscRep_SUB:FEATURE_LOCATION_CONFLICT::Coding region xref gene does not exist
prokka_out/CA114720:CDS	Pyruvate:ferredoxin oxidoreductase	NODE_4_length_223668_cov_61.855060:92060-95620	CCHHBCMG_00998

DiscRep_SUB:FEATURE_LOCATION_CONFLICT::Coding region xref gene does not exist
prokka_out/CA114720:CDS	hypothetical protein	NODE_4_length_223668_cov_61.855060:95644-95955	CCHHBCMG_00999

DiscRep_SUB:FEATURE_LOCATION_CONFLICT::Coding region xref gene does not exist
prokka_out/CA114720:CDS	Type 3 secretion system secretin	NODE_4_length_223668_cov_61.855060:95933-97345	CCHHBCMG_01000

DiscRep_SUB:FEATURE_LOCATION_CONFLICT::Coding region xref gene does not exist
prokka_out/CA114720:CDS	hypothetical protein	NODE_4_length_223668_cov_61.855060:97338-97946	CCHHBCMG_01001

DiscRep_SUB:FEATURE_LOCATION_CONFLICT::Coding region xref gene does not exist
prokka_out/CA114720:CDS	hypothetical protein	NODE_4_length_223668_cov_61.855060:97950-98537	CCHHBCMG_01002

DiscRep_SUB:FEATURE_LOCATION_CONFLICT::Coding region xref gene does not exist
prokka_out/CA114720:CDS	hypothetical protein	NODE_4_length_223668_cov_61.855060:98527-100086	CCHHBCMG_01003

DiscRep_SUB:FEATURE_LOCATION_CONFLICT::Coding region xref gene does not exist
prokka_out/CA114720:CDS	Putative type II secretion system protein F	NODE_4_length_223668_cov_61.855060:100083-101264	CCHHBCMG_01004

DiscRep_SUB:FEATURE_LOCATION_CONFLICT::Coding region xref gene does not exist
prokka_out/CA114720:CDS	putative membrane transporter protein YfcA	NODE_4_length_223668_cov_61.855060:c102021-101257	CCHHBCMG_01005

DiscRep_SUB:FEATURE_LOCATION_CONFLICT::Coding region xref gene does not exist
prokka_out/CA114720:CDS	hypothetical protein	NODE_4_length_223668_cov_61.855060:c102789-102025	CCHHBCMG_01006

DiscRep_SUB:FEATURE_LOCATION_CONFLICT::Coding region xref gene does not exist
prokka_out/CA114720:CDS	hypothetical protein	NODE_4_length_223668_cov_61.855060:c104632-102806	CCHHBCMG_01007

DiscRep_SUB:FEATURE_LOCATION_CONFLICT::Coding region xref gene does not exist
prokka_out/CA114720:CDS	hypothetical protein	NODE_4_length_223668_cov_61.855060:c105076-104642	CCHHBCMG_01008

DiscRep_SUB:FEATURE_LOCATION_CONFLICT::Coding region xref gene does not exist
prokka_out/CA114720:CDS	hypothetical protein	NODE_4_length_223668_cov_61.855060:c105318-105121	CCHHBCMG_01009

DiscRep_SUB:FEATURE_LOCATION_CONFLICT::Coding region xref gene does not exist
prokka_out/CA114720:CDS	hypothetical protein	NODE_4_length_223668_cov_61.855060:c105722-105381	CCHHBCMG_01010

DiscRep_SUB:FEATURE_LOCATION_CONFLICT::Coding region xref gene does not exist
prokka_out/CA114720:CDS	Flagellar P-ring protein	NODE_4_length_223668_cov_61.855060:c106768-105722	CCHHBCMG_01011

DiscRep_SUB:FEATURE_LOCATION_CONFLICT::Coding region xref gene does not exist
prokka_out/CA114720:CDS	hypothetical protein	NODE_4_length_223668_cov_61.855060:c107513-106827	CCHHBCMG_01012

DiscRep_SUB:FEATURE_LOCATION_CONFLICT::Coding region xref gene does not exist
prokka_out/CA114720:CDS	hypothetical protein	NODE_4_length_223668_cov_61.855060:c107886-107503	CCHHBCMG_01013

DiscRep_SUB:FEATURE_LOCATION_CONFLICT::Coding region xref gene does not exist
prokka_out/CA114720:CDS	hypothetical protein	NODE_4_length_223668_cov_61.855060:c108956-107883	CCHHBCMG_01014

DiscRep_SUB:FEATURE_LOCATION_CONFLICT::Coding region xref gene does not exist
prokka_out/CA114720:CDS	Thiamine-monophosphate kinase	NODE_4_length_223668_cov_61.855060:109043-109864	CCHHBCMG_01015

DiscRep_SUB:FEATURE_LOCATION_CONFLICT::Coding region xref gene does not exist
prokka_out/CA114720:CDS	tRNA pseudouridine synthase D	NODE_4_length_223668_cov_61.855060:109833-110951	CCHHBCMG_01016

DiscRep_SUB:FEATURE_LOCATION_CONFLICT::Coding region xref gene does not exist
prokka_out/CA114720:CDS	hypothetical protein	NODE_4_length_223668_cov_61.855060:111069-111461	CCHHBCMG_01017

DiscRep_SUB:FEATURE_LOCATION_CONFLICT::Coding region xref gene does not exist
prokka_out/CA114720:CDS	Peptide chain release factor 2	NODE_4_length_223668_cov_61.855060:c112641-111544	CCHHBCMG_01018

DiscRep_SUB:FEATURE_LOCATION_CONFLICT::Coding region xref gene does not exist
prokka_out/CA114720:CDS	Ribosomal protein S12 methylthiotransferase RimO	NODE_4_length_223668_cov_61.855060:112715-114034	CCHHBCMG_01019

DiscRep_SUB:FEATURE_LOCATION_CONFLICT::Coding region xref gene does not exist
prokka_out/CA114720:CDS	tRNA(Ile)-lysidine synthase	NODE_4_length_223668_cov_61.855060:114024-114989	CCHHBCMG_01020

DiscRep_SUB:FEATURE_LOCATION_CONFLICT::Coding region xref gene does not exist
prokka_out/CA114720:CDS	hypothetical protein	NODE_4_length_223668_cov_61.855060:c115685-114972	CCHHBCMG_01021

DiscRep_SUB:FEATURE_LOCATION_CONFLICT::Coding region xref gene does not exist
prokka_out/CA114720:CDS	hypothetical protein	NODE_4_length_223668_cov_61.855060:c116376-115687	CCHHBCMG_01022

DiscRep_SUB:FEATURE_LOCATION_CONFLICT::Coding region xref gene does not exist
prokka_out/CA114720:CDS	hypothetical protein	NODE_4_length_223668_cov_61.855060:c116976-116413	CCHHBCMG_01023

DiscRep_SUB:FEATURE_LOCATION_CONFLICT::Coding region xref gene does not exist
prokka_out/CA114720:CDS	hypothetical protein	NODE_4_length_223668_cov_61.855060:117053-117460	CCHHBCMG_01024

DiscRep_SUB:FEATURE_LOCATION_CONFLICT::Coding region xref gene does not exist
prokka_out/CA114720:CDS	Polysialic acid transport protein KpsM	NODE_4_length_223668_cov_61.855060:117535-118317	CCHHBCMG_01025

DiscRep_SUB:FEATURE_LOCATION_CONFLICT::Coding region xref gene does not exist
prokka_out/CA114720:CDS	Polysialic acid transport ATP-binding protein KpsT	NODE_4_length_223668_cov_61.855060:118314-118976	CCHHBCMG_01026

DiscRep_SUB:FEATURE_LOCATION_CONFLICT::Coding region xref gene does not exist
prokka_out/CA114720:CDS	hypothetical protein	NODE_4_length_223668_cov_61.855060:118976-120094	CCHHBCMG_01027

DiscRep_SUB:FEATURE_LOCATION_CONFLICT::Coding region xref gene does not exist
prokka_out/CA114720:CDS	Polysialic acid transport protein KpsD	NODE_4_length_223668_cov_61.855060:120096-121754	CCHHBCMG_01028

DiscRep_SUB:FEATURE_LOCATION_CONFLICT::Coding region xref gene does not exist
prokka_out/CA114720:CDS	Arabinose 5-phosphate isomerase KpsF	NODE_4_length_223668_cov_61.855060:121764-122711	CCHHBCMG_01029

DiscRep_SUB:FEATURE_LOCATION_CONFLICT::Coding region xref gene does not exist
prokka_out/CA114720:CDS	hypothetical protein	NODE_4_length_223668_cov_61.855060:122712-123689	CCHHBCMG_01030

DiscRep_SUB:FEATURE_LOCATION_CONFLICT::Coding region xref gene does not exist
prokka_out/CA114720:CDS	hypothetical protein	NODE_4_length_223668_cov_61.855060:123689-124732	CCHHBCMG_01031

DiscRep_SUB:FEATURE_LOCATION_CONFLICT::Coding region xref gene does not exist
prokka_out/CA114720:CDS	hypothetical protein	NODE_4_length_223668_cov_61.855060:124722-126119	CCHHBCMG_01032

DiscRep_SUB:FEATURE_LOCATION_CONFLICT::Coding region xref gene does not exist
prokka_out/CA114720:CDS	UDP-glucose 4-epimerase	NODE_4_length_223668_cov_61.855060:126172-127215	CCHHBCMG_01033

DiscRep_SUB:FEATURE_LOCATION_CONFLICT::Coding region xref gene does not exist
prokka_out/CA114720:CDS	UDP-glucose 6-dehydrogenase	NODE_4_length_223668_cov_61.855060:127221-128519	CCHHBCMG_01034

DiscRep_SUB:FEATURE_LOCATION_CONFLICT::Coding region xref gene does not exist
prokka_out/CA114720:CDS	UDP-glucose 4-epimerase	NODE_4_length_223668_cov_61.855060:128516-129490	CCHHBCMG_01035

DiscRep_SUB:FEATURE_LOCATION_CONFLICT::Coding region xref gene does not exist
prokka_out/CA114720:CDS	UDP-galactopyranose mutase	NODE_4_length_223668_cov_61.855060:129492-130607	CCHHBCMG_01036

DiscRep_SUB:FEATURE_LOCATION_CONFLICT::Coding region xref gene does not exist
prokka_out/CA114720:CDS	hypothetical protein	NODE_4_length_223668_cov_61.855060:130604-131836	CCHHBCMG_01037

DiscRep_SUB:FEATURE_LOCATION_CONFLICT::Coding region xref gene does not exist
prokka_out/CA114720:CDS	hypothetical protein	NODE_4_length_223668_cov_61.855060:131833-133971	CCHHBCMG_01038

DiscRep_SUB:FEATURE_LOCATION_CONFLICT::Coding region xref gene does not exist
prokka_out/CA114720:CDS	hypothetical protein	NODE_4_length_223668_cov_61.855060:133968-135965	CCHHBCMG_01039

DiscRep_SUB:FEATURE_LOCATION_CONFLICT::Coding region xref gene does not exist
prokka_out/CA114720:CDS	N,N'-diacetyllegionaminic acid synthase	NODE_4_length_223668_cov_61.855060:135965-137005	CCHHBCMG_01040

DiscRep_SUB:FEATURE_LOCATION_CONFLICT::Coding region xref gene does not exist
prokka_out/CA114720:CDS	UDP-N-acetylglucosamine 2-epimerase	NODE_4_length_223668_cov_61.855060:137002-138123	CCHHBCMG_01041

DiscRep_SUB:FEATURE_LOCATION_CONFLICT::Coding region xref gene does not exist
prokka_out/CA114720:CDS	hypothetical protein	NODE_4_length_223668_cov_61.855060:138227-139093	CCHHBCMG_01042

DiscRep_SUB:FEATURE_LOCATION_CONFLICT::Coding region xref gene does not exist
prokka_out/CA114720:CDS	hypothetical protein	NODE_4_length_223668_cov_61.855060:139111-140502	CCHHBCMG_01043

DiscRep_SUB:FEATURE_LOCATION_CONFLICT::Coding region xref gene does not exist
prokka_out/CA114720:CDS	hypothetical protein	NODE_4_length_223668_cov_61.855060:140499-141446	CCHHBCMG_01044

DiscRep_SUB:FEATURE_LOCATION_CONFLICT::Coding region xref gene does not exist
prokka_out/CA114720:CDS	hypothetical protein	NODE_4_length_223668_cov_61.855060:141473-142135	CCHHBCMG_01045

DiscRep_SUB:FEATURE_LOCATION_CONFLICT::Coding region xref gene does not exist
prokka_out/CA114720:CDS	Adenylyl-sulfate kinase	NODE_4_length_223668_cov_61.855060:142137-143321	CCHHBCMG_01046

DiscRep_SUB:FEATURE_LOCATION_CONFLICT::Coding region xref gene does not exist
prokka_out/CA114720:CDS	2-methylisocitrate lyase	NODE_4_length_223668_cov_61.855060:143325-144647	CCHHBCMG_01047

DiscRep_SUB:FEATURE_LOCATION_CONFLICT::Coding region xref gene does not exist
prokka_out/CA114720:CDS	hypothetical protein	NODE_4_length_223668_cov_61.855060:144647-145843	CCHHBCMG_01048

DiscRep_SUB:FEATURE_LOCATION_CONFLICT::Coding region xref gene does not exist
prokka_out/CA114720:CDS	hypothetical protein	NODE_4_length_223668_cov_61.855060:145836-146891	CCHHBCMG_01049

DiscRep_SUB:FEATURE_LOCATION_CONFLICT::Coding region xref gene does not exist
prokka_out/CA114720:CDS	hypothetical protein	NODE_4_length_223668_cov_61.855060:147073-148188	CCHHBCMG_01050

DiscRep_SUB:FEATURE_LOCATION_CONFLICT::Coding region xref gene does not exist
prokka_out/CA114720:CDS	hypothetical protein	NODE_4_length_223668_cov_61.855060:148185-149369	CCHHBCMG_01051

DiscRep_SUB:FEATURE_LOCATION_CONFLICT::Coding region xref gene does not exist
prokka_out/CA114720:CDS	hypothetical protein	NODE_4_length_223668_cov_61.855060:149442-150563	CCHHBCMG_01052

DiscRep_SUB:FEATURE_LOCATION_CONFLICT::Coding region xref gene does not exist
prokka_out/CA114720:CDS	Pentalenene oxygenase	NODE_4_length_223668_cov_61.855060:150560-151921	CCHHBCMG_01053

DiscRep_SUB:FEATURE_LOCATION_CONFLICT::Coding region xref gene does not exist
prokka_out/CA114720:CDS	hypothetical protein	NODE_4_length_223668_cov_61.855060:151918-152337	CCHHBCMG_01054

DiscRep_SUB:FEATURE_LOCATION_CONFLICT::Coding region xref gene does not exist
prokka_out/CA114720:CDS	Holo-[acyl-carrier-protein] synthase	NODE_4_length_223668_cov_61.855060:c152685-152338	CCHHBCMG_01055

DiscRep_SUB:FEATURE_LOCATION_CONFLICT::Coding region xref gene does not exist
prokka_out/CA114720:CDS	hypothetical protein	NODE_4_length_223668_cov_61.855060:c153222-152686	CCHHBCMG_01056

DiscRep_SUB:FEATURE_LOCATION_CONFLICT::Coding region xref gene does not exist
prokka_out/CA114720:CDS	Phosphomannomutase/phosphoglucomutase	NODE_4_length_223668_cov_61.855060:153344-154714	CCHHBCMG_01057

DiscRep_SUB:FEATURE_LOCATION_CONFLICT::Coding region xref gene does not exist
prokka_out/CA114720:CDS	hypothetical protein	NODE_4_length_223668_cov_61.855060:154761-155138	CCHHBCMG_01058

DiscRep_SUB:FEATURE_LOCATION_CONFLICT::Coding region xref gene does not exist
prokka_out/CA114720:CDS	Ribosomal silencing factor RsfS	NODE_4_length_223668_cov_61.855060:c155498-155172	CCHHBCMG_01059

DiscRep_SUB:FEATURE_LOCATION_CONFLICT::Coding region xref gene does not exist
prokka_out/CA114720:CDS	Nicotinate-nucleotide adenylyltransferase	NODE_4_length_223668_cov_61.855060:c156071-155526	CCHHBCMG_01060

DiscRep_SUB:FEATURE_LOCATION_CONFLICT::Coding region xref gene does not exist
prokka_out/CA114720:CDS	Glyceraldehyde-3-phosphate dehydrogenase 1	NODE_4_length_223668_cov_61.855060:156131-157129	CCHHBCMG_01061

DiscRep_SUB:FEATURE_LOCATION_CONFLICT::Coding region xref gene does not exist
prokka_out/CA114720:CDS	Phosphoglycerate kinase	NODE_4_length_223668_cov_61.855060:157132-158334	CCHHBCMG_01062

DiscRep_SUB:FEATURE_LOCATION_CONFLICT::Coding region xref gene does not exist
prokka_out/CA114720:CDS	Triosephosphate isomerase	NODE_4_length_223668_cov_61.855060:158331-159002	CCHHBCMG_01063

DiscRep_SUB:FEATURE_LOCATION_CONFLICT::Coding region xref gene does not exist
prokka_out/CA114720:CDS	Enoyl-[acyl-carrier-protein] reductase [NADH] FabI	NODE_4_length_223668_cov_61.855060:159006-159830	CCHHBCMG_01064

DiscRep_SUB:FEATURE_LOCATION_CONFLICT::Coding region xref gene does not exist
prokka_out/CA114720:CDS	hypothetical protein	NODE_4_length_223668_cov_61.855060:159834-161327	CCHHBCMG_01065

DiscRep_SUB:FEATURE_LOCATION_CONFLICT::Coding region xref gene does not exist
prokka_out/CA114720:CDS	Fe(2+) transporter FeoB	NODE_4_length_223668_cov_61.855060:c163165-161324	CCHHBCMG_01066

DiscRep_SUB:FEATURE_LOCATION_CONFLICT::Coding region xref gene does not exist
prokka_out/CA114720:CDS	Putative Fe(2+) transport protein A	NODE_4_length_223668_cov_61.855060:c163386-163162	CCHHBCMG_01067

DiscRep_SUB:FEATURE_LOCATION_CONFLICT::Coding region xref gene does not exist
prokka_out/CA114720:CDS	hypothetical protein	NODE_4_length_223668_cov_61.855060:c164808-163468	CCHHBCMG_01068

DiscRep_SUB:FEATURE_LOCATION_CONFLICT::Coding region xref gene does not exist
prokka_out/CA114720:CDS	3-carboxy-cis,cis-muconate cycloisomerase	NODE_4_length_223668_cov_61.855060:c166184-164817	CCHHBCMG_01069

DiscRep_SUB:FEATURE_LOCATION_CONFLICT::Coding region xref gene does not exist
prokka_out/CA114720:CDS	Cystathionine beta-lyase	NODE_4_length_223668_cov_61.855060:c167357-166194	CCHHBCMG_01070

DiscRep_SUB:FEATURE_LOCATION_CONFLICT::Coding region xref gene does not exist
prokka_out/CA114720:CDS	Putative cryptic C4-dicarboxylate transporter DcuD	NODE_4_length_223668_cov_61.855060:c168809-167370	CCHHBCMG_01071

DiscRep_SUB:FEATURE_LOCATION_CONFLICT::Coding region xref gene does not exist
prokka_out/CA114720:CDS	2-iminobutanoate/2-iminopropanoate deaminase	NODE_4_length_223668_cov_61.855060:c169175-168813	CCHHBCMG_01072

DiscRep_SUB:FEATURE_LOCATION_CONFLICT::Coding region xref gene does not exist
prokka_out/CA114720:CDS	hypothetical protein	NODE_4_length_223668_cov_61.855060:169343-169999	CCHHBCMG_01073

DiscRep_SUB:FEATURE_LOCATION_CONFLICT::Coding region xref gene does not exist
prokka_out/CA114720:CDS	hypothetical protein	NODE_4_length_223668_cov_61.855060:c170470-170000	CCHHBCMG_01074

DiscRep_SUB:FEATURE_LOCATION_CONFLICT::Coding region xref gene does not exist
prokka_out/CA114720:CDS	Catalase	NODE_4_length_223668_cov_61.855060:c171951-170527	CCHHBCMG_01075

DiscRep_SUB:FEATURE_LOCATION_CONFLICT::Coding region xref gene does not exist
prokka_out/CA114720:CDS	hypothetical protein	NODE_4_length_223668_cov_61.855060:172122-172436	CCHHBCMG_01076

DiscRep_SUB:FEATURE_LOCATION_CONFLICT::Coding region xref gene does not exist
prokka_out/CA114720:CDS	hypothetical protein	NODE_4_length_223668_cov_61.855060:172439-173134	CCHHBCMG_01077

DiscRep_SUB:FEATURE_LOCATION_CONFLICT::Coding region xref gene does not exist
prokka_out/CA114720:CDS	Flavodoxin 2	NODE_4_length_223668_cov_61.855060:173134-173625	CCHHBCMG_01078

DiscRep_SUB:FEATURE_LOCATION_CONFLICT::Coding region xref gene does not exist
prokka_out/CA114720:CDS	hypothetical protein	NODE_4_length_223668_cov_61.855060:c174200-173670	CCHHBCMG_01079

DiscRep_SUB:FEATURE_LOCATION_CONFLICT::Coding region xref gene does not exist
prokka_out/CA114720:CDS	hypothetical protein	NODE_4_length_223668_cov_61.855060:c174916-174206	CCHHBCMG_01080

DiscRep_SUB:FEATURE_LOCATION_CONFLICT::Coding region xref gene does not exist
prokka_out/CA114720:CDS	Selenocysteine-specific elongation factor	NODE_4_length_223668_cov_61.855060:c176770-174965	CCHHBCMG_01081

DiscRep_SUB:FEATURE_LOCATION_CONFLICT::Coding region xref gene does not exist
prokka_out/CA114720:CDS	L-seryl-tRNA(Sec) selenium transferase	NODE_4_length_223668_cov_61.855060:c178089-176767	CCHHBCMG_01082

DiscRep_SUB:FEATURE_LOCATION_CONFLICT::Coding region xref gene does not exist
prokka_out/CA114720:CDS	Ion-translocating oxidoreductase complex subunit B	NODE_4_length_223668_cov_61.855060:178167-179840	CCHHBCMG_01083

DiscRep_SUB:FEATURE_LOCATION_CONFLICT::Coding region xref gene does not exist
prokka_out/CA114720:CDS	Inner membrane transport protein YajR	NODE_4_length_223668_cov_61.855060:c181144-179843	CCHHBCMG_01084

DiscRep_SUB:FEATURE_LOCATION_CONFLICT::Coding region xref gene does not exist
prokka_out/CA114720:CDS	dITP/XTP pyrophosphatase	NODE_4_length_223668_cov_61.855060:181311-181913	CCHHBCMG_01085

DiscRep_SUB:FEATURE_LOCATION_CONFLICT::Coding region xref gene does not exist
prokka_out/CA114720:CDS	hypothetical protein	NODE_4_length_223668_cov_61.855060:c184415-181944	CCHHBCMG_01086

DiscRep_SUB:FEATURE_LOCATION_CONFLICT::Coding region xref gene does not exist
prokka_out/CA114720:CDS	hypothetical protein	NODE_4_length_223668_cov_61.855060:c184984-184415	CCHHBCMG_01087

DiscRep_SUB:FEATURE_LOCATION_CONFLICT::Coding region xref gene does not exist
prokka_out/CA114720:CDS	Intermembrane phospholipid transport system lipoprotein MlaA	NODE_4_length_223668_cov_61.855060:c185692-184994	CCHHBCMG_01088

DiscRep_SUB:FEATURE_LOCATION_CONFLICT::Coding region xref gene does not exist
prokka_out/CA114720:CDS	Xanthine phosphoribosyltransferase	NODE_4_length_223668_cov_61.855060:c186180-185737	CCHHBCMG_01089

DiscRep_SUB:FEATURE_LOCATION_CONFLICT::Coding region xref gene does not exist
prokka_out/CA114720:CDS	Nucleobase transporter PlAzg1	NODE_4_length_223668_cov_61.855060:c187513-186194	CCHHBCMG_01090

DiscRep_SUB:FEATURE_LOCATION_CONFLICT::Coding region xref gene does not exist
prokka_out/CA114720:CDS	Aminodeoxyfutalosine synthase	NODE_4_length_223668_cov_61.855060:c188587-187523	CCHHBCMG_01091

DiscRep_SUB:FEATURE_LOCATION_CONFLICT::Coding region xref gene does not exist
prokka_out/CA114720:CDS	Bifunctional uridylyltransferase/uridylyl-removing enzyme	NODE_4_length_223668_cov_61.855060:188730-190991	CCHHBCMG_01092

DiscRep_SUB:FEATURE_LOCATION_CONFLICT::Coding region xref gene does not exist
prokka_out/CA114720:CDS	Glutamine--fructose-6-phosphate aminotransferase [isomerizing]	NODE_4_length_223668_cov_61.855060:191083-192879	CCHHBCMG_01093

DiscRep_SUB:FEATURE_LOCATION_CONFLICT::Coding region xref gene does not exist
prokka_out/CA114720:CDS	Fumarate hydratase class II	NODE_4_length_223668_cov_61.855060:193014-194405	CCHHBCMG_01094

DiscRep_SUB:FEATURE_LOCATION_CONFLICT::Coding region xref gene does not exist
prokka_out/CA114720:CDS	Putative transport protein	NODE_4_length_223668_cov_61.855060:c195478-194435	CCHHBCMG_01095

DiscRep_SUB:FEATURE_LOCATION_CONFLICT::Coding region xref gene does not exist
prokka_out/CA114720:CDS	Holliday junction ATP-dependent DNA helicase RuvB	NODE_4_length_223668_cov_61.855060:c196489-195482	CCHHBCMG_01096

DiscRep_SUB:FEATURE_LOCATION_CONFLICT::Coding region xref gene does not exist
prokka_out/CA114720:CDS	hypothetical protein	NODE_4_length_223668_cov_61.855060:196580-196990	CCHHBCMG_01097

DiscRep_SUB:FEATURE_LOCATION_CONFLICT::Coding region xref gene does not exist
prokka_out/CA114720:CDS	hypothetical protein	NODE_4_length_223668_cov_61.855060:197555-198013	CCHHBCMG_01099

DiscRep_SUB:FEATURE_LOCATION_CONFLICT::Coding region xref gene does not exist
prokka_out/CA114720:CDS	hypothetical protein	NODE_4_length_223668_cov_61.855060:198208-199779	CCHHBCMG_01100

DiscRep_SUB:FEATURE_LOCATION_CONFLICT::Coding region xref gene does not exist
prokka_out/CA114720:CDS	tetracycline resistance ribosomal protection protein Tet(O)	NODE_4_length_223668_cov_61.855060:c202461-200542	CCHHBCMG_01101

DiscRep_SUB:FEATURE_LOCATION_CONFLICT::Coding region xref gene does not exist
prokka_out/CA114720:CDS	hypothetical protein	NODE_4_length_223668_cov_61.855060:c203598-203215	CCHHBCMG_01102

DiscRep_SUB:FEATURE_LOCATION_CONFLICT::Coding region xref gene does not exist
prokka_out/CA114720:CDS	Polyphosphate kinase	NODE_4_length_223668_cov_61.855060:c206120-204036	CCHHBCMG_01103

DiscRep_SUB:FEATURE_LOCATION_CONFLICT::Coding region xref gene does not exist
prokka_out/CA114720:CDS	Cytochrome c-type protein NrfH	NODE_4_length_223668_cov_61.855060:206332-206823	CCHHBCMG_01104

DiscRep_SUB:FEATURE_LOCATION_CONFLICT::Coding region xref gene does not exist
prokka_out/CA114720:CDS	Cytochrome c-552	NODE_4_length_223668_cov_61.855060:206838-208670	CCHHBCMG_01105

DiscRep_SUB:FEATURE_LOCATION_CONFLICT::Coding region xref gene does not exist
prokka_out/CA114720:CDS	hypothetical protein	NODE_4_length_223668_cov_61.855060:208806-209360	CCHHBCMG_01106

DiscRep_SUB:FEATURE_LOCATION_CONFLICT::Coding region xref gene does not exist
prokka_out/CA114720:CDS	Petrobactin-binding protein YclQ	NODE_4_length_223668_cov_61.855060:c210578-209586	CCHHBCMG_01108

DiscRep_SUB:FEATURE_LOCATION_CONFLICT::Coding region xref gene does not exist
prokka_out/CA114720:CDS	Petrobactin import ATP-binding protein YclP	NODE_4_length_223668_cov_61.855060:c211346-210591	CCHHBCMG_01109

DiscRep_SUB:FEATURE_LOCATION_CONFLICT::Coding region xref gene does not exist
prokka_out/CA114720:CDS	Petrobactin import system permease protein YclO	NODE_4_length_223668_cov_61.855060:c212281-211343	CCHHBCMG_01110

DiscRep_SUB:FEATURE_LOCATION_CONFLICT::Coding region xref gene does not exist
prokka_out/CA114720:CDS	Petrobactin import system permease protein YclN	NODE_4_length_223668_cov_61.855060:c213242-212274	CCHHBCMG_01111

DiscRep_SUB:FEATURE_LOCATION_CONFLICT::Coding region xref gene does not exist
prokka_out/CA114720:CDS	hypothetical protein	NODE_4_length_223668_cov_61.855060:c214317-213328	CCHHBCMG_01112

DiscRep_SUB:FEATURE_LOCATION_CONFLICT::Coding region xref gene does not exist
prokka_out/CA114720:CDS	putative molybdenum cofactor guanylyltransferase	NODE_4_length_223668_cov_61.855060:c214889-214314	CCHHBCMG_01113

DiscRep_SUB:FEATURE_LOCATION_CONFLICT::Coding region xref gene does not exist
prokka_out/CA114720:CDS	hypothetical protein	NODE_4_length_223668_cov_61.855060:214951-216258	CCHHBCMG_01114

DiscRep_SUB:FEATURE_LOCATION_CONFLICT::Coding region xref gene does not exist
prokka_out/CA114720:CDS	hypothetical protein	NODE_4_length_223668_cov_61.855060:216260-216598	CCHHBCMG_01115

DiscRep_SUB:FEATURE_LOCATION_CONFLICT::Coding region xref gene does not exist
prokka_out/CA114720:CDS	hypothetical protein	NODE_4_length_223668_cov_61.855060:216607-217332	CCHHBCMG_01116

DiscRep_SUB:FEATURE_LOCATION_CONFLICT::Coding region xref gene does not exist
prokka_out/CA114720:CDS	1-deoxy-D-xylulose 5-phosphate reductoisomerase	NODE_4_length_223668_cov_61.855060:217329-218399	CCHHBCMG_01117

DiscRep_SUB:FEATURE_LOCATION_CONFLICT::Coding region xref gene does not exist
prokka_out/CA114720:CDS	hypothetical protein	NODE_4_length_223668_cov_61.855060:218401-219795	CCHHBCMG_01118

DiscRep_SUB:FEATURE_LOCATION_CONFLICT::Coding region xref gene does not exist
prokka_out/CA114720:CDS	tRNA N6-adenosine threonylcarbamoyltransferase	NODE_4_length_223668_cov_61.855060:219792-220799	CCHHBCMG_01119

DiscRep_SUB:FEATURE_LOCATION_CONFLICT::Coding region xref gene does not exist
prokka_out/CA114720:CDS	hypothetical protein	NODE_4_length_223668_cov_61.855060:220800-221315	CCHHBCMG_01120

DiscRep_SUB:FEATURE_LOCATION_CONFLICT::Coding region xref gene does not exist
prokka_out/CA114720:CDS	hypothetical protein	NODE_4_length_223668_cov_61.855060:221315-222559	CCHHBCMG_01121

DiscRep_SUB:FEATURE_LOCATION_CONFLICT::RNA feature xref gene does not exist
prokka_out/CA114720:tRNA	Sec	NODE_4_length_223668_cov_61.855060:72771-72864	CCHHBCMG_00975

DiscRep_SUB:FEATURE_LOCATION_CONFLICT::RNA feature xref gene does not exist
prokka_out/CA114720:tmRNA	transfer-messenger RNA, SsrA	NODE_4_length_223668_cov_61.855060:196991-197349	CCHHBCMG_01098

DiscRep_SUB:FEATURE_LOCATION_CONFLICT::RNA feature xref gene does not exist
prokka_out/CA114720:tRNA	Ser	NODE_4_length_223668_cov_61.855060:209424-209513	CCHHBCMG_01107

DiscRep_SUB:FEATURE_LOCATION_CONFLICT::Coding region xref gene does not exist
prokka_out/CA114720:CDS	Methyl-accepting chemotaxis protein McpS	NODE_5_length_181371_cov_62.490394:84-524	CCHHBCMG_01122

DiscRep_SUB:FEATURE_LOCATION_CONFLICT::Coding region xref gene does not exist
prokka_out/CA114720:CDS	hypothetical protein	NODE_5_length_181371_cov_62.490394:c2933-567	CCHHBCMG_01123

DiscRep_SUB:FEATURE_LOCATION_CONFLICT::Coding region xref gene does not exist
prokka_out/CA114720:CDS	NADH-quinone oxidoreductase subunit N	NODE_5_length_181371_cov_62.490394:c4344-2956	CCHHBCMG_01124

DiscRep_SUB:FEATURE_LOCATION_CONFLICT::Coding region xref gene does not exist
prokka_out/CA114720:CDS	NADH-quinone oxidoreductase subunit M	NODE_5_length_181371_cov_62.490394:c5821-4334	CCHHBCMG_01125

DiscRep_SUB:FEATURE_LOCATION_CONFLICT::Coding region xref gene does not exist
prokka_out/CA114720:CDS	NADH-quinone oxidoreductase subunit L	NODE_5_length_181371_cov_62.490394:c7613-5823	CCHHBCMG_01126

DiscRep_SUB:FEATURE_LOCATION_CONFLICT::Coding region xref gene does not exist
prokka_out/CA114720:CDS	NADH-quinone oxidoreductase subunit K	NODE_5_length_181371_cov_62.490394:c7911-7615	CCHHBCMG_01127

DiscRep_SUB:FEATURE_LOCATION_CONFLICT::Coding region xref gene does not exist
prokka_out/CA114720:CDS	NADH-quinone oxidoreductase subunit J	NODE_5_length_181371_cov_62.490394:c8426-7908	CCHHBCMG_01128

DiscRep_SUB:FEATURE_LOCATION_CONFLICT::Coding region xref gene does not exist
prokka_out/CA114720:CDS	NAD(P)H-quinone oxidoreductase subunit I, chloroplastic	NODE_5_length_181371_cov_62.490394:c9064-8423	CCHHBCMG_01129

DiscRep_SUB:FEATURE_LOCATION_CONFLICT::Coding region xref gene does not exist
prokka_out/CA114720:CDS	NADH-quinone oxidoreductase subunit 8	NODE_5_length_181371_cov_62.490394:c10072-9074	CCHHBCMG_01130

DiscRep_SUB:FEATURE_LOCATION_CONFLICT::Coding region xref gene does not exist
prokka_out/CA114720:CDS	hypothetical protein	NODE_5_length_181371_cov_62.490394:c12527-10065	CCHHBCMG_01131

DiscRep_SUB:FEATURE_LOCATION_CONFLICT::Coding region xref gene does not exist
prokka_out/CA114720:CDS	hypothetical protein	NODE_5_length_181371_cov_62.490394:c13216-12524	CCHHBCMG_01132

DiscRep_SUB:FEATURE_LOCATION_CONFLICT::Coding region xref gene does not exist
prokka_out/CA114720:CDS	hypothetical protein	NODE_5_length_181371_cov_62.490394:c13440-13213	CCHHBCMG_01133

DiscRep_SUB:FEATURE_LOCATION_CONFLICT::Coding region xref gene does not exist
prokka_out/CA114720:CDS	NADH-quinone oxidoreductase subunit D	NODE_5_length_181371_cov_62.490394:c14663-13437	CCHHBCMG_01134

DiscRep_SUB:FEATURE_LOCATION_CONFLICT::Coding region xref gene does not exist
prokka_out/CA114720:CDS	NAD(P)H-quinone oxidoreductase subunit J, chloroplastic	NODE_5_length_181371_cov_62.490394:c15456-14665	CCHHBCMG_01135

DiscRep_SUB:FEATURE_LOCATION_CONFLICT::Coding region xref gene does not exist
prokka_out/CA114720:CDS	NADH-quinone oxidoreductase subunit 6	NODE_5_length_181371_cov_62.490394:c15959-15456	CCHHBCMG_01136

DiscRep_SUB:FEATURE_LOCATION_CONFLICT::Coding region xref gene does not exist
prokka_out/CA114720:CDS	NAD(P)H-quinone oxidoreductase subunit 3, chloroplastic	NODE_5_length_181371_cov_62.490394:c16330-15941	CCHHBCMG_01137

DiscRep_SUB:FEATURE_LOCATION_CONFLICT::Coding region xref gene does not exist
prokka_out/CA114720:CDS	Nickel import ATP-binding protein NikE	NODE_5_length_181371_cov_62.490394:c17108-16443	CCHHBCMG_01138

DiscRep_SUB:FEATURE_LOCATION_CONFLICT::Coding region xref gene does not exist
prokka_out/CA114720:CDS	Oligopeptide transport ATP-binding protein OppD	NODE_5_length_181371_cov_62.490394:c17811-17101	CCHHBCMG_01139

DiscRep_SUB:FEATURE_LOCATION_CONFLICT::Coding region xref gene does not exist
prokka_out/CA114720:CDS	Dipeptide transport system permease protein DppC	NODE_5_length_181371_cov_62.490394:c18596-17808	CCHHBCMG_01140

DiscRep_SUB:FEATURE_LOCATION_CONFLICT::Coding region xref gene does not exist
prokka_out/CA114720:CDS	Metal-staphylopine import system permease protein CntB	NODE_5_length_181371_cov_62.490394:c19533-18589	CCHHBCMG_01141

DiscRep_SUB:FEATURE_LOCATION_CONFLICT::Coding region xref gene does not exist
prokka_out/CA114720:CDS	Oligopeptide-binding protein AppA	NODE_5_length_181371_cov_62.490394:c21068-19533	CCHHBCMG_01142

DiscRep_SUB:FEATURE_LOCATION_CONFLICT::Coding region xref gene does not exist
prokka_out/CA114720:CDS	Putative dimethyl sulfoxide reductase chain YnfE	NODE_5_length_181371_cov_62.490394:21366-22142	CCHHBCMG_01143

DiscRep_SUB:FEATURE_LOCATION_CONFLICT::Coding region xref gene does not exist
prokka_out/CA114720:CDS	putative dimethyl sulfoxide reductase chain YnfF	NODE_5_length_181371_cov_62.490394:22197-22658	CCHHBCMG_01144

DiscRep_SUB:FEATURE_LOCATION_CONFLICT::Coding region xref gene does not exist
prokka_out/CA114720:CDS	Putative dimethyl sulfoxide reductase chain YnfE	NODE_5_length_181371_cov_62.490394:22655-23728	CCHHBCMG_01145

DiscRep_SUB:FEATURE_LOCATION_CONFLICT::Coding region xref gene does not exist
prokka_out/CA114720:CDS	Anaerobic dimethyl sulfoxide reductase chain B	NODE_5_length_181371_cov_62.490394:23739-24395	CCHHBCMG_01146

DiscRep_SUB:FEATURE_LOCATION_CONFLICT::Coding region xref gene does not exist
prokka_out/CA114720:CDS	hypothetical protein	NODE_5_length_181371_cov_62.490394:24382-25248	CCHHBCMG_01147

DiscRep_SUB:FEATURE_LOCATION_CONFLICT::Coding region xref gene does not exist
prokka_out/CA114720:CDS	Tat proofreading chaperone DmsD	NODE_5_length_181371_cov_62.490394:25248-25805	CCHHBCMG_01148

DiscRep_SUB:FEATURE_LOCATION_CONFLICT::Coding region xref gene does not exist
prokka_out/CA114720:CDS	Bacterial hemoglobin	NODE_5_length_181371_cov_62.490394:25872-26294	CCHHBCMG_01149

DiscRep_SUB:FEATURE_LOCATION_CONFLICT::Coding region xref gene does not exist
prokka_out/CA114720:CDS	ABC transporter ATP-binding/permease protein YojI	NODE_5_length_181371_cov_62.490394:c27947-26316	CCHHBCMG_01150

DiscRep_SUB:FEATURE_LOCATION_CONFLICT::Coding region xref gene does not exist
prokka_out/CA114720:CDS	Proline/betaine transporter	NODE_5_length_181371_cov_62.490394:c29292-27997	CCHHBCMG_01151

DiscRep_SUB:FEATURE_LOCATION_CONFLICT::Coding region xref gene does not exist
prokka_out/CA114720:CDS	hypothetical protein	NODE_5_length_181371_cov_62.490394:29389-30186	CCHHBCMG_01152

DiscRep_SUB:FEATURE_LOCATION_CONFLICT::Coding region xref gene does not exist
prokka_out/CA114720:CDS	Translation initiation factor IF-1	NODE_5_length_181371_cov_62.490394:30274-30492	CCHHBCMG_01153

DiscRep_SUB:FEATURE_LOCATION_CONFLICT::Coding region xref gene does not exist
prokka_out/CA114720:CDS	30S ribosomal protein S13	NODE_5_length_181371_cov_62.490394:30780-31145	CCHHBCMG_01154

DiscRep_SUB:FEATURE_LOCATION_CONFLICT::Coding region xref gene does not exist
prokka_out/CA114720:CDS	30S ribosomal protein S11	NODE_5_length_181371_cov_62.490394:31155-31547	CCHHBCMG_01155

DiscRep_SUB:FEATURE_LOCATION_CONFLICT::Coding region xref gene does not exist
prokka_out/CA114720:CDS	30S ribosomal protein S4	NODE_5_length_181371_cov_62.490394:31575-32201	CCHHBCMG_01156

DiscRep_SUB:FEATURE_LOCATION_CONFLICT::Coding region xref gene does not exist
prokka_out/CA114720:CDS	DNA-directed RNA polymerase subunit alpha	NODE_5_length_181371_cov_62.490394:32214-33227	CCHHBCMG_01157

DiscRep_SUB:FEATURE_LOCATION_CONFLICT::Coding region xref gene does not exist
prokka_out/CA114720:CDS	50S ribosomal protein L17	NODE_5_length_181371_cov_62.490394:33231-33584	CCHHBCMG_01158

DiscRep_SUB:FEATURE_LOCATION_CONFLICT::Coding region xref gene does not exist
prokka_out/CA114720:CDS	ATP phosphoribosyltransferase	NODE_5_length_181371_cov_62.490394:33757-34656	CCHHBCMG_01159

DiscRep_SUB:FEATURE_LOCATION_CONFLICT::Coding region xref gene does not exist
prokka_out/CA114720:CDS	Histidinol dehydrogenase	NODE_5_length_181371_cov_62.490394:34664-35950	CCHHBCMG_01160

DiscRep_SUB:FEATURE_LOCATION_CONFLICT::Coding region xref gene does not exist
prokka_out/CA114720:CDS	Histidine biosynthesis bifunctional protein HisB	NODE_5_length_181371_cov_62.490394:35947-37005	CCHHBCMG_01161

DiscRep_SUB:FEATURE_LOCATION_CONFLICT::Coding region xref gene does not exist
prokka_out/CA114720:CDS	Imidazole glycerol phosphate synthase subunit HisH	NODE_5_length_181371_cov_62.490394:37002-37589	CCHHBCMG_01162

DiscRep_SUB:FEATURE_LOCATION_CONFLICT::Coding region xref gene does not exist
prokka_out/CA114720:CDS	1-(5-phosphoribosyl)-5-[(5-phosphoribosylamino)methylideneamino] imidazole-4-carboxamide isomerase	NODE_5_length_181371_cov_62.490394:37586-38317	CCHHBCMG_01163

DiscRep_SUB:FEATURE_LOCATION_CONFLICT::Coding region xref gene does not exist
prokka_out/CA114720:CDS	hypothetical protein	NODE_5_length_181371_cov_62.490394:38302-39258	CCHHBCMG_01164

DiscRep_SUB:FEATURE_LOCATION_CONFLICT::Coding region xref gene does not exist
prokka_out/CA114720:CDS	Imidazole glycerol phosphate synthase subunit HisF	NODE_5_length_181371_cov_62.490394:39259-40026	CCHHBCMG_01165

DiscRep_SUB:FEATURE_LOCATION_CONFLICT::Coding region xref gene does not exist
prokka_out/CA114720:CDS	Histidine biosynthesis bifunctional protein HisIE	NODE_5_length_181371_cov_62.490394:40028-40651	CCHHBCMG_01166

DiscRep_SUB:FEATURE_LOCATION_CONFLICT::Coding region xref gene does not exist
prokka_out/CA114720:CDS	2,3,4,5-tetrahydropyridine-2,6-dicarboxylate N-succinyltransferase	NODE_5_length_181371_cov_62.490394:c41836-40676	CCHHBCMG_01167

DiscRep_SUB:FEATURE_LOCATION_CONFLICT::Coding region xref gene does not exist
prokka_out/CA114720:CDS	Iron-sulfur cluster carrier protein	NODE_5_length_181371_cov_62.490394:c42968-41862	CCHHBCMG_01168

DiscRep_SUB:FEATURE_LOCATION_CONFLICT::Coding region xref gene does not exist
prokka_out/CA114720:CDS	Bifunctional enzyme IspD/IspF	NODE_5_length_181371_cov_62.490394:43091-44206	CCHHBCMG_01169

DiscRep_SUB:FEATURE_LOCATION_CONFLICT::Coding region xref gene does not exist
prokka_out/CA114720:CDS	hypothetical protein	NODE_5_length_181371_cov_62.490394:44203-45090	CCHHBCMG_01170

DiscRep_SUB:FEATURE_LOCATION_CONFLICT::Coding region xref gene does not exist
prokka_out/CA114720:CDS	Sulfate adenylyltransferase	NODE_5_length_181371_cov_62.490394:45068-46228	CCHHBCMG_01171

DiscRep_SUB:FEATURE_LOCATION_CONFLICT::Coding region xref gene does not exist
prokka_out/CA114720:CDS	Phosphatidylglycerophosphatase A	NODE_5_length_181371_cov_62.490394:46233-46733	CCHHBCMG_01172

DiscRep_SUB:FEATURE_LOCATION_CONFLICT::Coding region xref gene does not exist
prokka_out/CA114720:CDS	hypothetical protein	NODE_5_length_181371_cov_62.490394:46812-47075	CCHHBCMG_01173

DiscRep_SUB:FEATURE_LOCATION_CONFLICT::Coding region xref gene does not exist
prokka_out/CA114720:CDS	Peptide chain release factor RF1	NODE_5_length_181371_cov_62.490394:47095-48162	CCHHBCMG_01174

DiscRep_SUB:FEATURE_LOCATION_CONFLICT::Coding region xref gene does not exist
prokka_out/CA114720:CDS	Heme oxygenase HugZ	NODE_5_length_181371_cov_62.490394:c48931-48176	CCHHBCMG_01175

DiscRep_SUB:FEATURE_LOCATION_CONFLICT::Coding region xref gene does not exist
prokka_out/CA114720:CDS	Vitamin B12 transporter BtuB	NODE_5_length_181371_cov_62.490394:49125-51248	CCHHBCMG_01176

DiscRep_SUB:FEATURE_LOCATION_CONFLICT::Coding region xref gene does not exist
prokka_out/CA114720:CDS	Hemin transport system permease protein HmuU	NODE_5_length_181371_cov_62.490394:51208-52209	CCHHBCMG_01177

DiscRep_SUB:FEATURE_LOCATION_CONFLICT::Coding region xref gene does not exist
prokka_out/CA114720:CDS	Ferric enterobactin transport ATP-binding protein FepC	NODE_5_length_181371_cov_62.490394:52209-52985	CCHHBCMG_01178

DiscRep_SUB:FEATURE_LOCATION_CONFLICT::Coding region xref gene does not exist
prokka_out/CA114720:CDS	Vitamin B12-binding protein	NODE_5_length_181371_cov_62.490394:52982-53788	CCHHBCMG_01179

DiscRep_SUB:FEATURE_LOCATION_CONFLICT::Coding region xref gene does not exist
prokka_out/CA114720:CDS	hypothetical protein	NODE_5_length_181371_cov_62.490394:c54642-53785	CCHHBCMG_01180

DiscRep_SUB:FEATURE_LOCATION_CONFLICT::Coding region xref gene does not exist
prokka_out/CA114720:CDS	Alpha-ketoglutarate permease	NODE_5_length_181371_cov_62.490394:54809-56068	CCHHBCMG_01181

DiscRep_SUB:FEATURE_LOCATION_CONFLICT::Coding region xref gene does not exist
prokka_out/CA114720:CDS	Adenine DNA glycosylase	NODE_5_length_181371_cov_62.490394:c57073-56054	CCHHBCMG_01182

DiscRep_SUB:FEATURE_LOCATION_CONFLICT::Coding region xref gene does not exist
prokka_out/CA114720:CDS	hypothetical protein	NODE_5_length_181371_cov_62.490394:57146-57898	CCHHBCMG_01183

DiscRep_SUB:FEATURE_LOCATION_CONFLICT::Coding region xref gene does not exist
prokka_out/CA114720:CDS	Riboflavin biosynthesis protein RibD	NODE_5_length_181371_cov_62.490394:58571-59551	CCHHBCMG_01188

DiscRep_SUB:FEATURE_LOCATION_CONFLICT::Coding region xref gene does not exist
prokka_out/CA114720:CDS	hypothetical protein	NODE_5_length_181371_cov_62.490394:59532-60053	CCHHBCMG_01189

DiscRep_SUB:FEATURE_LOCATION_CONFLICT::Coding region xref gene does not exist
prokka_out/CA114720:CDS	L-serine dehydratase 1	NODE_5_length_181371_cov_62.490394:c61425-60061	CCHHBCMG_01190

DiscRep_SUB:FEATURE_LOCATION_CONFLICT::Coding region xref gene does not exist
prokka_out/CA114720:CDS	Serine transporter	NODE_5_length_181371_cov_62.490394:c62690-61440	CCHHBCMG_01191

DiscRep_SUB:FEATURE_LOCATION_CONFLICT::Coding region xref gene does not exist
prokka_out/CA114720:CDS	hypothetical protein	NODE_5_length_181371_cov_62.490394:c63367-62951	CCHHBCMG_01192

DiscRep_SUB:FEATURE_LOCATION_CONFLICT::Coding region xref gene does not exist
prokka_out/CA114720:CDS	hypothetical protein	NODE_5_length_181371_cov_62.490394:c64176-63433	CCHHBCMG_01193

DiscRep_SUB:FEATURE_LOCATION_CONFLICT::Coding region xref gene does not exist
prokka_out/CA114720:CDS	Tol-Pal system protein TolQ	NODE_5_length_181371_cov_62.490394:64334-64759	CCHHBCMG_01194

DiscRep_SUB:FEATURE_LOCATION_CONFLICT::Coding region xref gene does not exist
prokka_out/CA114720:CDS	Tol-Pal system protein TolR	NODE_5_length_181371_cov_62.490394:64752-65141	CCHHBCMG_01195

DiscRep_SUB:FEATURE_LOCATION_CONFLICT::Coding region xref gene does not exist
prokka_out/CA114720:CDS	hypothetical protein	NODE_5_length_181371_cov_62.490394:65138-65821	CCHHBCMG_01196

DiscRep_SUB:FEATURE_LOCATION_CONFLICT::Coding region xref gene does not exist
prokka_out/CA114720:CDS	hypothetical protein	NODE_5_length_181371_cov_62.490394:c66703-65834	CCHHBCMG_01197

DiscRep_SUB:FEATURE_LOCATION_CONFLICT::Coding region xref gene does not exist
prokka_out/CA114720:CDS	hypothetical protein	NODE_5_length_181371_cov_62.490394:c66868-66707	CCHHBCMG_01198

DiscRep_SUB:FEATURE_LOCATION_CONFLICT::Coding region xref gene does not exist
prokka_out/CA114720:CDS	tRNA-specific 2-thiouridylase MnmA	NODE_5_length_181371_cov_62.490394:66963-67946	CCHHBCMG_01199

DiscRep_SUB:FEATURE_LOCATION_CONFLICT::Coding region xref gene does not exist
prokka_out/CA114720:CDS	Chorismate synthase	NODE_5_length_181371_cov_62.490394:c69120-68032	CCHHBCMG_01200

DiscRep_SUB:FEATURE_LOCATION_CONFLICT::Coding region xref gene does not exist
prokka_out/CA114720:CDS	Ribonuclease 3	NODE_5_length_181371_cov_62.490394:c69794-69120	CCHHBCMG_01201

DiscRep_SUB:FEATURE_LOCATION_CONFLICT::Coding region xref gene does not exist
prokka_out/CA114720:CDS	Ribonuclease HI	NODE_5_length_181371_cov_62.490394:c70221-69781	CCHHBCMG_01202

DiscRep_SUB:FEATURE_LOCATION_CONFLICT::Coding region xref gene does not exist
prokka_out/CA114720:CDS	Lipopolysaccharide assembly protein B	NODE_5_length_181371_cov_62.490394:c71194-70208	CCHHBCMG_01203

DiscRep_SUB:FEATURE_LOCATION_CONFLICT::Coding region xref gene does not exist
prokka_out/CA114720:CDS	DNA primase	NODE_5_length_181371_cov_62.490394:71264-73081	CCHHBCMG_01204

DiscRep_SUB:FEATURE_LOCATION_CONFLICT::Coding region xref gene does not exist
prokka_out/CA114720:CDS	hypothetical protein	NODE_5_length_181371_cov_62.490394:73166-73435	CCHHBCMG_01205

DiscRep_SUB:FEATURE_LOCATION_CONFLICT::Coding region xref gene does not exist
prokka_out/CA114720:CDS	hypothetical protein	NODE_5_length_181371_cov_62.490394:73422-73973	CCHHBCMG_01206

DiscRep_SUB:FEATURE_LOCATION_CONFLICT::Coding region xref gene does not exist
prokka_out/CA114720:CDS	UDP-N-acetylmuramoyl-L-alanyl-D-glutamate--2,6-diaminopimelate ligase	NODE_5_length_181371_cov_62.490394:73957-75240	CCHHBCMG_01207

DiscRep_SUB:FEATURE_LOCATION_CONFLICT::Coding region xref gene does not exist
prokka_out/CA114720:CDS	Nucleoid-associated protein	NODE_5_length_181371_cov_62.490394:75244-75555	CCHHBCMG_01208

DiscRep_SUB:FEATURE_LOCATION_CONFLICT::Coding region xref gene does not exist
prokka_out/CA114720:CDS	hypothetical protein	NODE_5_length_181371_cov_62.490394:75552-76646	CCHHBCMG_01209

DiscRep_SUB:FEATURE_LOCATION_CONFLICT::Coding region xref gene does not exist
prokka_out/CA114720:CDS	hypothetical protein	NODE_5_length_181371_cov_62.490394:76643-77488	CCHHBCMG_01210

DiscRep_SUB:FEATURE_LOCATION_CONFLICT::Coding region xref gene does not exist
prokka_out/CA114720:CDS	Transketolase 1	NODE_5_length_181371_cov_62.490394:77499-79397	CCHHBCMG_01211

DiscRep_SUB:FEATURE_LOCATION_CONFLICT::Coding region xref gene does not exist
prokka_out/CA114720:CDS	hypothetical protein	NODE_5_length_181371_cov_62.490394:79399-80508	CCHHBCMG_01212

DiscRep_SUB:FEATURE_LOCATION_CONFLICT::Coding region xref gene does not exist
prokka_out/CA114720:CDS	putative ribonucleotide transport ATP-binding protein mkl	NODE_5_length_181371_cov_62.490394:80509-81231	CCHHBCMG_01213

DiscRep_SUB:FEATURE_LOCATION_CONFLICT::Coding region xref gene does not exist
prokka_out/CA114720:CDS	hypothetical protein	NODE_5_length_181371_cov_62.490394:81234-82124	CCHHBCMG_01214

DiscRep_SUB:FEATURE_LOCATION_CONFLICT::Coding region xref gene does not exist
prokka_out/CA114720:CDS	hypothetical protein	NODE_5_length_181371_cov_62.490394:82124-82723	CCHHBCMG_01215

DiscRep_SUB:FEATURE_LOCATION_CONFLICT::Coding region xref gene does not exist
prokka_out/CA114720:CDS	hypothetical protein	NODE_5_length_181371_cov_62.490394:82779-83279	CCHHBCMG_01216

DiscRep_SUB:FEATURE_LOCATION_CONFLICT::Coding region xref gene does not exist
prokka_out/CA114720:CDS	Methionine aminopeptidase 1	NODE_5_length_181371_cov_62.490394:c84408-83650	CCHHBCMG_01217

DiscRep_SUB:FEATURE_LOCATION_CONFLICT::Coding region xref gene does not exist
prokka_out/CA114720:CDS	Glutamate racemase	NODE_5_length_181371_cov_62.490394:c85161-84418	CCHHBCMG_01218

DiscRep_SUB:FEATURE_LOCATION_CONFLICT::Coding region xref gene does not exist
prokka_out/CA114720:CDS	Murein DD-endopeptidase MepS/Murein LD-carboxypeptidase	NODE_5_length_181371_cov_62.490394:c85621-85163	CCHHBCMG_01219

DiscRep_SUB:FEATURE_LOCATION_CONFLICT::Coding region xref gene does not exist
prokka_out/CA114720:CDS	Na(+)/H(+) antiporter NhaA	NODE_5_length_181371_cov_62.490394:c86799-85630	CCHHBCMG_01220

DiscRep_SUB:FEATURE_LOCATION_CONFLICT::Coding region xref gene does not exist
prokka_out/CA114720:CDS	Na(+)/H(+) antiporter NhaA	NODE_5_length_181371_cov_62.490394:c87944-86796	CCHHBCMG_01221

DiscRep_SUB:FEATURE_LOCATION_CONFLICT::Coding region xref gene does not exist
prokka_out/CA114720:CDS	hypothetical protein	NODE_5_length_181371_cov_62.490394:c88269-88087	CCHHBCMG_01222

DiscRep_SUB:FEATURE_LOCATION_CONFLICT::Coding region xref gene does not exist
prokka_out/CA114720:CDS	hypothetical protein	NODE_5_length_181371_cov_62.490394:89145-91235	CCHHBCMG_01223

DiscRep_SUB:FEATURE_LOCATION_CONFLICT::Coding region xref gene does not exist
prokka_out/CA114720:CDS	34 kDa membrane antigen	NODE_5_length_181371_cov_62.490394:91232-91771	CCHHBCMG_01224

DiscRep_SUB:FEATURE_LOCATION_CONFLICT::Coding region xref gene does not exist
prokka_out/CA114720:CDS	hypothetical protein	NODE_5_length_181371_cov_62.490394:91853-93256	CCHHBCMG_01225

DiscRep_SUB:FEATURE_LOCATION_CONFLICT::Coding region xref gene does not exist
prokka_out/CA114720:CDS	hypothetical protein	NODE_5_length_181371_cov_62.490394:93246-94535	CCHHBCMG_01226

DiscRep_SUB:FEATURE_LOCATION_CONFLICT::Coding region xref gene does not exist
prokka_out/CA114720:CDS	hypothetical protein	NODE_5_length_181371_cov_62.490394:94525-95643	CCHHBCMG_01227

DiscRep_SUB:FEATURE_LOCATION_CONFLICT::Coding region xref gene does not exist
prokka_out/CA114720:CDS	putative ABC transporter ATP-binding protein YknY	NODE_5_length_181371_cov_62.490394:95643-96293	CCHHBCMG_01228

DiscRep_SUB:FEATURE_LOCATION_CONFLICT::Coding region xref gene does not exist
prokka_out/CA114720:CDS	Thiol-disulfide oxidoreductase ResA	NODE_5_length_181371_cov_62.490394:96290-96778	CCHHBCMG_01229

DiscRep_SUB:FEATURE_LOCATION_CONFLICT::Coding region xref gene does not exist
prokka_out/CA114720:CDS	hypothetical protein	NODE_5_length_181371_cov_62.490394:96739-97242	CCHHBCMG_01230

DiscRep_SUB:FEATURE_LOCATION_CONFLICT::Coding region xref gene does not exist
prokka_out/CA114720:CDS	hypothetical protein	NODE_5_length_181371_cov_62.490394:c97689-97252	CCHHBCMG_01231

DiscRep_SUB:FEATURE_LOCATION_CONFLICT::Coding region xref gene does not exist
prokka_out/CA114720:CDS	hypothetical protein	NODE_5_length_181371_cov_62.490394:c98415-97972	CCHHBCMG_01232

DiscRep_SUB:FEATURE_LOCATION_CONFLICT::Coding region xref gene does not exist
prokka_out/CA114720:CDS	DNA ligase	NODE_5_length_181371_cov_62.490394:c99918-99070	CCHHBCMG_01238

DiscRep_SUB:FEATURE_LOCATION_CONFLICT::Coding region xref gene does not exist
prokka_out/CA114720:CDS	hypothetical protein	NODE_5_length_181371_cov_62.490394:c100580-99918	CCHHBCMG_01239

DiscRep_SUB:FEATURE_LOCATION_CONFLICT::Coding region xref gene does not exist
prokka_out/CA114720:CDS	hypothetical protein	NODE_5_length_181371_cov_62.490394:c100773-100570	CCHHBCMG_01240

DiscRep_SUB:FEATURE_LOCATION_CONFLICT::Coding region xref gene does not exist
prokka_out/CA114720:CDS	Enolase	NODE_5_length_181371_cov_62.490394:c102083-100839	CCHHBCMG_01241

DiscRep_SUB:FEATURE_LOCATION_CONFLICT::Coding region xref gene does not exist
prokka_out/CA114720:CDS	Protein RecA	NODE_5_length_181371_cov_62.490394:c103114-102083	CCHHBCMG_01242

DiscRep_SUB:FEATURE_LOCATION_CONFLICT::Coding region xref gene does not exist
prokka_out/CA114720:CDS	1,4-dihydroxy-6-naphtoate synthase	NODE_5_length_181371_cov_62.490394:103220-104080	CCHHBCMG_01243

DiscRep_SUB:FEATURE_LOCATION_CONFLICT::Coding region xref gene does not exist
prokka_out/CA114720:CDS	Flagellar biosynthetic protein FliQ	NODE_5_length_181371_cov_62.490394:104092-104361	CCHHBCMG_01244

DiscRep_SUB:FEATURE_LOCATION_CONFLICT::Coding region xref gene does not exist
prokka_out/CA114720:CDS	UDP-N-acetylenolpyruvoylglucosamine reductase	NODE_5_length_181371_cov_62.490394:104358-105134	CCHHBCMG_01245

DiscRep_SUB:FEATURE_LOCATION_CONFLICT::Coding region xref gene does not exist
prokka_out/CA114720:CDS	hypothetical protein	NODE_5_length_181371_cov_62.490394:c105921-105157	CCHHBCMG_01246

DiscRep_SUB:FEATURE_LOCATION_CONFLICT::Coding region xref gene does not exist
prokka_out/CA114720:CDS	3'(2'),5'-bisphosphate nucleotidase CysQ	NODE_5_length_181371_cov_62.490394:c106815-105967	CCHHBCMG_01247

DiscRep_SUB:FEATURE_LOCATION_CONFLICT::Coding region xref gene does not exist
prokka_out/CA114720:CDS	Citrate synthase	NODE_5_length_181371_cov_62.490394:c108080-106812	CCHHBCMG_01248

DiscRep_SUB:FEATURE_LOCATION_CONFLICT::Coding region xref gene does not exist
prokka_out/CA114720:CDS	hypothetical protein	NODE_5_length_181371_cov_62.490394:c109370-108195	CCHHBCMG_01249

DiscRep_SUB:FEATURE_LOCATION_CONFLICT::Coding region xref gene does not exist
prokka_out/CA114720:CDS	Biotin synthase	NODE_5_length_181371_cov_62.490394:c110187-109351	CCHHBCMG_01250

DiscRep_SUB:FEATURE_LOCATION_CONFLICT::Coding region xref gene does not exist
prokka_out/CA114720:CDS	DNA topoisomerase 1	NODE_5_length_181371_cov_62.490394:c112291-110189	CCHHBCMG_01251

DiscRep_SUB:FEATURE_LOCATION_CONFLICT::Coding region xref gene does not exist
prokka_out/CA114720:CDS	hypothetical protein	NODE_5_length_181371_cov_62.490394:112486-113376	CCHHBCMG_01252

DiscRep_SUB:FEATURE_LOCATION_CONFLICT::Coding region xref gene does not exist
prokka_out/CA114720:CDS	hypothetical protein	NODE_5_length_181371_cov_62.490394:113354-113755	CCHHBCMG_01253

DiscRep_SUB:FEATURE_LOCATION_CONFLICT::Coding region xref gene does not exist
prokka_out/CA114720:CDS	Protein translocase subunit SecY	NODE_5_length_181371_cov_62.490394:c115044-113779	CCHHBCMG_01254

DiscRep_SUB:FEATURE_LOCATION_CONFLICT::Coding region xref gene does not exist
prokka_out/CA114720:CDS	50S ribosomal protein L15	NODE_5_length_181371_cov_62.490394:c115436-115044	CCHHBCMG_01255

DiscRep_SUB:FEATURE_LOCATION_CONFLICT::Coding region xref gene does not exist
prokka_out/CA114720:CDS	30S ribosomal protein S5	NODE_5_length_181371_cov_62.490394:c115884-115441	CCHHBCMG_01256

DiscRep_SUB:FEATURE_LOCATION_CONFLICT::Coding region xref gene does not exist
prokka_out/CA114720:CDS	50S ribosomal protein L18	NODE_5_length_181371_cov_62.490394:c116252-115896	CCHHBCMG_01257

DiscRep_SUB:FEATURE_LOCATION_CONFLICT::Coding region xref gene does not exist
prokka_out/CA114720:CDS	50S ribosomal protein L6	NODE_5_length_181371_cov_62.490394:c116798-116262	CCHHBCMG_01258

DiscRep_SUB:FEATURE_LOCATION_CONFLICT::Coding region xref gene does not exist
prokka_out/CA114720:CDS	30S ribosomal protein S8	NODE_5_length_181371_cov_62.490394:c117271-116876	CCHHBCMG_01259

DiscRep_SUB:FEATURE_LOCATION_CONFLICT::Coding region xref gene does not exist
prokka_out/CA114720:CDS	30S ribosomal protein S14 type Z	NODE_5_length_181371_cov_62.490394:c117466-117281	CCHHBCMG_01260

DiscRep_SUB:FEATURE_LOCATION_CONFLICT::Coding region xref gene does not exist
prokka_out/CA114720:CDS	50S ribosomal protein L5	NODE_5_length_181371_cov_62.490394:c118010-117468	CCHHBCMG_01261

DiscRep_SUB:FEATURE_LOCATION_CONFLICT::Coding region xref gene does not exist
prokka_out/CA114720:CDS	50S ribosomal protein L24	NODE_5_length_181371_cov_62.490394:c118250-118017	CCHHBCMG_01262

DiscRep_SUB:FEATURE_LOCATION_CONFLICT::Coding region xref gene does not exist
prokka_out/CA114720:CDS	50S ribosomal protein L14	NODE_5_length_181371_cov_62.490394:c118618-118250	CCHHBCMG_01263

DiscRep_SUB:FEATURE_LOCATION_CONFLICT::Coding region xref gene does not exist
prokka_out/CA114720:CDS	30S ribosomal protein S17	NODE_5_length_181371_cov_62.490394:c118869-118618	CCHHBCMG_01264

DiscRep_SUB:FEATURE_LOCATION_CONFLICT::Coding region xref gene does not exist
prokka_out/CA114720:CDS	hypothetical protein	NODE_5_length_181371_cov_62.490394:c119064-118879	CCHHBCMG_01265

DiscRep_SUB:FEATURE_LOCATION_CONFLICT::Coding region xref gene does not exist
prokka_out/CA114720:CDS	50S ribosomal protein L16	NODE_5_length_181371_cov_62.490394:c119476-119051	CCHHBCMG_01266

DiscRep_SUB:FEATURE_LOCATION_CONFLICT::Coding region xref gene does not exist
prokka_out/CA114720:CDS	30S ribosomal protein S3	NODE_5_length_181371_cov_62.490394:c120180-119479	CCHHBCMG_01267

DiscRep_SUB:FEATURE_LOCATION_CONFLICT::Coding region xref gene does not exist
prokka_out/CA114720:CDS	hypothetical protein	NODE_5_length_181371_cov_62.490394:c120623-120180	CCHHBCMG_01268

DiscRep_SUB:FEATURE_LOCATION_CONFLICT::Coding region xref gene does not exist
prokka_out/CA114720:CDS	30S ribosomal protein S19	NODE_5_length_181371_cov_62.490394:c120915-120634	CCHHBCMG_01269

DiscRep_SUB:FEATURE_LOCATION_CONFLICT::Coding region xref gene does not exist
prokka_out/CA114720:CDS	50S ribosomal protein L2	NODE_5_length_181371_cov_62.490394:c121747-120917	CCHHBCMG_01270

DiscRep_SUB:FEATURE_LOCATION_CONFLICT::Coding region xref gene does not exist
prokka_out/CA114720:CDS	50S ribosomal protein L23	NODE_5_length_181371_cov_62.490394:c122030-121749	CCHHBCMG_01271

DiscRep_SUB:FEATURE_LOCATION_CONFLICT::Coding region xref gene does not exist
prokka_out/CA114720:CDS	50S ribosomal protein L4	NODE_5_length_181371_cov_62.490394:c122647-122033	CCHHBCMG_01272

DiscRep_SUB:FEATURE_LOCATION_CONFLICT::Coding region xref gene does not exist
prokka_out/CA114720:CDS	hypothetical protein	NODE_5_length_181371_cov_62.490394:c123219-122644	CCHHBCMG_01273

DiscRep_SUB:FEATURE_LOCATION_CONFLICT::Coding region xref gene does not exist
prokka_out/CA114720:CDS	30S ribosomal protein S10	NODE_5_length_181371_cov_62.490394:c123540-123229	CCHHBCMG_01274

DiscRep_SUB:FEATURE_LOCATION_CONFLICT::Coding region xref gene does not exist
prokka_out/CA114720:CDS	Ribosomal large subunit pseudouridine synthase B	NODE_5_length_181371_cov_62.490394:c124499-123738	CCHHBCMG_01275

DiscRep_SUB:FEATURE_LOCATION_CONFLICT::Coding region xref gene does not exist
prokka_out/CA114720:CDS	Ribonuclease J	NODE_5_length_181371_cov_62.490394:c126522-124534	CCHHBCMG_01276

DiscRep_SUB:FEATURE_LOCATION_CONFLICT::Coding region xref gene does not exist
prokka_out/CA114720:CDS	Ribosomal RNA small subunit methyltransferase A	NODE_5_length_181371_cov_62.490394:c127297-126497	CCHHBCMG_01277

DiscRep_SUB:FEATURE_LOCATION_CONFLICT::Coding region xref gene does not exist
prokka_out/CA114720:CDS	hypothetical protein	NODE_5_length_181371_cov_62.490394:127378-127914	CCHHBCMG_01278

DiscRep_SUB:FEATURE_LOCATION_CONFLICT::Coding region xref gene does not exist
prokka_out/CA114720:CDS	putative dual-specificity RNA methyltransferase RlmN	NODE_5_length_181371_cov_62.490394:127937-129007	CCHHBCMG_01279

DiscRep_SUB:FEATURE_LOCATION_CONFLICT::Coding region xref gene does not exist
prokka_out/CA114720:CDS	hypothetical protein	NODE_5_length_181371_cov_62.490394:129004-129102	CCHHBCMG_01280

DiscRep_SUB:FEATURE_LOCATION_CONFLICT::Coding region xref gene does not exist
prokka_out/CA114720:CDS	hypothetical protein	NODE_5_length_181371_cov_62.490394:129530-130486	CCHHBCMG_01283

DiscRep_SUB:FEATURE_LOCATION_CONFLICT::Coding region xref gene does not exist
prokka_out/CA114720:CDS	hypothetical protein	NODE_5_length_181371_cov_62.490394:130808-131338	CCHHBCMG_01286

DiscRep_SUB:FEATURE_LOCATION_CONFLICT::Coding region xref gene does not exist
prokka_out/CA114720:CDS	3-isopropylmalate dehydratase small subunit 1	NODE_5_length_181371_cov_62.490394:c131920-131318	CCHHBCMG_01287

DiscRep_SUB:FEATURE_LOCATION_CONFLICT::Coding region xref gene does not exist
prokka_out/CA114720:CDS	3-isopropylmalate dehydratase large subunit	NODE_5_length_181371_cov_62.490394:c133328-131922	CCHHBCMG_01288

DiscRep_SUB:FEATURE_LOCATION_CONFLICT::Coding region xref gene does not exist
prokka_out/CA114720:CDS	3-isopropylmalate dehydrogenase	NODE_5_length_181371_cov_62.490394:c134397-133321	CCHHBCMG_01289

DiscRep_SUB:FEATURE_LOCATION_CONFLICT::Coding region xref gene does not exist
prokka_out/CA114720:CDS	2-isopropylmalate synthase	NODE_5_length_181371_cov_62.490394:c135929-134394	CCHHBCMG_01290

DiscRep_SUB:FEATURE_LOCATION_CONFLICT::Coding region xref gene does not exist
prokka_out/CA114720:CDS	hypothetical protein	NODE_5_length_181371_cov_62.490394:136249-136878	CCHHBCMG_01291

DiscRep_SUB:FEATURE_LOCATION_CONFLICT::Coding region xref gene does not exist
prokka_out/CA114720:CDS	hypothetical protein	NODE_5_length_181371_cov_62.490394:c137558-136914	CCHHBCMG_01292

DiscRep_SUB:FEATURE_LOCATION_CONFLICT::Coding region xref gene does not exist
prokka_out/CA114720:CDS	NADPH-dependent 7-cyano-7-deazaguanine reductase	NODE_5_length_181371_cov_62.490394:c138080-137697	CCHHBCMG_01293

DiscRep_SUB:FEATURE_LOCATION_CONFLICT::Coding region xref gene does not exist
prokka_out/CA114720:CDS	hypothetical protein	NODE_5_length_181371_cov_62.490394:c140885-138327	CCHHBCMG_01294

DiscRep_SUB:FEATURE_LOCATION_CONFLICT::Coding region xref gene does not exist
prokka_out/CA114720:CDS	Crossover junction endodeoxyribonuclease RuvC	NODE_5_length_181371_cov_62.490394:c141643-141089	CCHHBCMG_01295

DiscRep_SUB:FEATURE_LOCATION_CONFLICT::Coding region xref gene does not exist
prokka_out/CA114720:CDS	Chromosomal replication initiator protein DnaA	NODE_5_length_181371_cov_62.490394:141667-142989	CCHHBCMG_01296

DiscRep_SUB:FEATURE_LOCATION_CONFLICT::Coding region xref gene does not exist
prokka_out/CA114720:CDS	Beta sliding clamp	NODE_5_length_181371_cov_62.490394:143149-144216	CCHHBCMG_01297

DiscRep_SUB:FEATURE_LOCATION_CONFLICT::Coding region xref gene does not exist
prokka_out/CA114720:CDS	DNA gyrase subunit B	NODE_5_length_181371_cov_62.490394:144245-146554	CCHHBCMG_01298

DiscRep_SUB:FEATURE_LOCATION_CONFLICT::Coding region xref gene does not exist
prokka_out/CA114720:CDS	hypothetical protein	NODE_5_length_181371_cov_62.490394:c146921-146580	CCHHBCMG_01299

DiscRep_SUB:FEATURE_LOCATION_CONFLICT::Coding region xref gene does not exist
prokka_out/CA114720:CDS	hypothetical protein	NODE_5_length_181371_cov_62.490394:c148162-146924	CCHHBCMG_01300

DiscRep_SUB:FEATURE_LOCATION_CONFLICT::Coding region xref gene does not exist
prokka_out/CA114720:CDS	hypothetical protein	NODE_5_length_181371_cov_62.490394:148373-149575	CCHHBCMG_01301

DiscRep_SUB:FEATURE_LOCATION_CONFLICT::Coding region xref gene does not exist
prokka_out/CA114720:CDS	hypothetical protein	NODE_5_length_181371_cov_62.490394:149517-149675	CCHHBCMG_01302

DiscRep_SUB:FEATURE_LOCATION_CONFLICT::Coding region xref gene does not exist
prokka_out/CA114720:CDS	Ferredoxin-dependent glutamate synthase 1	NODE_5_length_181371_cov_62.490394:149809-154299	CCHHBCMG_01303

DiscRep_SUB:FEATURE_LOCATION_CONFLICT::Coding region xref gene does not exist
prokka_out/CA114720:CDS	Glutamate synthase [NADPH] small chain	NODE_5_length_181371_cov_62.490394:154309-155754	CCHHBCMG_01304

DiscRep_SUB:FEATURE_LOCATION_CONFLICT::Coding region xref gene does not exist
prokka_out/CA114720:CDS	Ribonuclease HII	NODE_5_length_181371_cov_62.490394:c156330-155755	CCHHBCMG_01305

DiscRep_SUB:FEATURE_LOCATION_CONFLICT::Coding region xref gene does not exist
prokka_out/CA114720:CDS	hypothetical protein	NODE_5_length_181371_cov_62.490394:c156602-156363	CCHHBCMG_01306

DiscRep_SUB:FEATURE_LOCATION_CONFLICT::Coding region xref gene does not exist
prokka_out/CA114720:CDS	Rubrerythrin-1	NODE_5_length_181371_cov_62.490394:c157314-156667	CCHHBCMG_01307

DiscRep_SUB:FEATURE_LOCATION_CONFLICT::Coding region xref gene does not exist
prokka_out/CA114720:CDS	Dihydroxy-acid dehydratase	NODE_5_length_181371_cov_62.490394:157474-159150	CCHHBCMG_01308

DiscRep_SUB:FEATURE_LOCATION_CONFLICT::Coding region xref gene does not exist
prokka_out/CA114720:CDS	hypothetical protein	NODE_5_length_181371_cov_62.490394:c160423-159197	CCHHBCMG_01309

DiscRep_SUB:FEATURE_LOCATION_CONFLICT::Coding region xref gene does not exist
prokka_out/CA114720:CDS	7-cyano-7-deazaguanine synthase	NODE_5_length_181371_cov_62.490394:160500-161174	CCHHBCMG_01310

DiscRep_SUB:FEATURE_LOCATION_CONFLICT::Coding region xref gene does not exist
prokka_out/CA114720:CDS	hypothetical protein	NODE_5_length_181371_cov_62.490394:c162721-161195	CCHHBCMG_01311

DiscRep_SUB:FEATURE_LOCATION_CONFLICT::Coding region xref gene does not exist
prokka_out/CA114720:CDS	hypothetical protein	NODE_5_length_181371_cov_62.490394:c162900-162733	CCHHBCMG_01312

DiscRep_SUB:FEATURE_LOCATION_CONFLICT::Coding region xref gene does not exist
prokka_out/CA114720:CDS	hypothetical protein	NODE_5_length_181371_cov_62.490394:c164784-163006	CCHHBCMG_01313

DiscRep_SUB:FEATURE_LOCATION_CONFLICT::Coding region xref gene does not exist
prokka_out/CA114720:CDS	Cytochrome c551 peroxidase	NODE_5_length_181371_cov_62.490394:c165688-164774	CCHHBCMG_01314

DiscRep_SUB:FEATURE_LOCATION_CONFLICT::Coding region xref gene does not exist
prokka_out/CA114720:CDS	putative protein YisK	NODE_5_length_181371_cov_62.490394:c166630-165752	CCHHBCMG_01315

DiscRep_SUB:FEATURE_LOCATION_CONFLICT::Coding region xref gene does not exist
prokka_out/CA114720:CDS	putative RNA pseudouridine synthase	NODE_5_length_181371_cov_62.490394:c167644-166742	CCHHBCMG_01316

DiscRep_SUB:FEATURE_LOCATION_CONFLICT::Coding region xref gene does not exist
prokka_out/CA114720:CDS	Adenylosuccinate lyase	NODE_5_length_181371_cov_62.490394:167722-169050	CCHHBCMG_01317

DiscRep_SUB:FEATURE_LOCATION_CONFLICT::Coding region xref gene does not exist
prokka_out/CA114720:CDS	Ribonucleoside-diphosphate reductase 1 subunit alpha	NODE_5_length_181371_cov_62.490394:169066-171435	CCHHBCMG_01318

DiscRep_SUB:FEATURE_LOCATION_CONFLICT::Coding region xref gene does not exist
prokka_out/CA114720:CDS	L-cystine uptake protein TcyP	NODE_5_length_181371_cov_62.490394:c172859-171474	CCHHBCMG_01319

DiscRep_SUB:FEATURE_LOCATION_CONFLICT::Coding region xref gene does not exist
prokka_out/CA114720:CDS	Flavin-dependent thymidylate synthase	NODE_5_length_181371_cov_62.490394:c173602-172979	CCHHBCMG_01320

DiscRep_SUB:FEATURE_LOCATION_CONFLICT::Coding region xref gene does not exist
prokka_out/CA114720:CDS	CTP synthase	NODE_5_length_181371_cov_62.490394:173722-175353	CCHHBCMG_01321

DiscRep_SUB:FEATURE_LOCATION_CONFLICT::Coding region xref gene does not exist
prokka_out/CA114720:CDS	Single-stranded-DNA-specific exonuclease RecJ	NODE_5_length_181371_cov_62.490394:175340-176911	CCHHBCMG_01322

DiscRep_SUB:FEATURE_LOCATION_CONFLICT::Coding region xref gene does not exist
prokka_out/CA114720:CDS	L-asparaginase 2	NODE_5_length_181371_cov_62.490394:177007-178002	CCHHBCMG_01323

DiscRep_SUB:FEATURE_LOCATION_CONFLICT::Coding region xref gene does not exist
prokka_out/CA114720:CDS	Dimethyl sulfoxide/trimethylamine N-oxide reductase	NODE_5_length_181371_cov_62.490394:178268-178768	CCHHBCMG_01324

DiscRep_SUB:FEATURE_LOCATION_CONFLICT::Coding region xref gene does not exist
prokka_out/CA114720:CDS	Dimethyl sulfoxide/trimethylamine N-oxide reductase	NODE_5_length_181371_cov_62.490394:178822-180663	CCHHBCMG_01325

DiscRep_SUB:FEATURE_LOCATION_CONFLICT::Coding region xref gene does not exist
prokka_out/CA114720:CDS	hypothetical protein	NODE_5_length_181371_cov_62.490394:180666-181199	CCHHBCMG_01326

DiscRep_SUB:FEATURE_LOCATION_CONFLICT::RNA feature xref gene does not exist
prokka_out/CA114720:tRNA	Gly	NODE_5_length_181371_cov_62.490394:57970-58044	CCHHBCMG_01184

DiscRep_SUB:FEATURE_LOCATION_CONFLICT::RNA feature xref gene does not exist
prokka_out/CA114720:tRNA	Leu	NODE_5_length_181371_cov_62.490394:58054-58142	CCHHBCMG_01185

DiscRep_SUB:FEATURE_LOCATION_CONFLICT::RNA feature xref gene does not exist
prokka_out/CA114720:tRNA	Cys	NODE_5_length_181371_cov_62.490394:58161-58234	CCHHBCMG_01186

DiscRep_SUB:FEATURE_LOCATION_CONFLICT::RNA feature xref gene does not exist
prokka_out/CA114720:tRNA	Ser	NODE_5_length_181371_cov_62.490394:58256-58343	CCHHBCMG_01187

DiscRep_SUB:FEATURE_LOCATION_CONFLICT::RNA feature xref gene does not exist
prokka_out/CA114720:tRNA	Leu	NODE_5_length_181371_cov_62.490394:c98673-98589	CCHHBCMG_01233

DiscRep_SUB:FEATURE_LOCATION_CONFLICT::RNA feature xref gene does not exist
prokka_out/CA114720:tRNA	Arg	NODE_5_length_181371_cov_62.490394:c98754-98678	CCHHBCMG_01234

DiscRep_SUB:FEATURE_LOCATION_CONFLICT::RNA feature xref gene does not exist
prokka_out/CA114720:tRNA	Arg	NODE_5_length_181371_cov_62.490394:c98845-98769	CCHHBCMG_01235

DiscRep_SUB:FEATURE_LOCATION_CONFLICT::RNA feature xref gene does not exist
prokka_out/CA114720:tRNA	His	NODE_5_length_181371_cov_62.490394:c98925-98849	CCHHBCMG_01236

DiscRep_SUB:FEATURE_LOCATION_CONFLICT::RNA feature xref gene does not exist
prokka_out/CA114720:tRNA	Pro	NODE_5_length_181371_cov_62.490394:c99027-98950	CCHHBCMG_01237

DiscRep_SUB:FEATURE_LOCATION_CONFLICT::RNA feature xref gene does not exist
prokka_out/CA114720:tRNA	Met	NODE_5_length_181371_cov_62.490394:c129192-129116	CCHHBCMG_01281

DiscRep_SUB:FEATURE_LOCATION_CONFLICT::RNA feature xref gene does not exist
prokka_out/CA114720:tRNA	Ser	NODE_5_length_181371_cov_62.490394:129329-129416	CCHHBCMG_01282

DiscRep_SUB:FEATURE_LOCATION_CONFLICT::RNA feature xref gene does not exist
prokka_out/CA114720:tRNA	Ala	NODE_5_length_181371_cov_62.490394:130626-130701	CCHHBCMG_01284

DiscRep_SUB:FEATURE_LOCATION_CONFLICT::RNA feature xref gene does not exist
prokka_out/CA114720:tRNA	Val	NODE_5_length_181371_cov_62.490394:130705-130780	CCHHBCMG_01285

DiscRep_SUB:FEATURE_LOCATION_CONFLICT::Coding region xref gene does not exist
prokka_out/CA114720:CDS	hypothetical protein	NODE_6_length_155835_cov_57.527205:c1951-1442	CCHHBCMG_01327

DiscRep_SUB:FEATURE_LOCATION_CONFLICT::Coding region xref gene does not exist
prokka_out/CA114720:CDS	hypothetical protein	NODE_6_length_155835_cov_57.527205:c2481-1951	CCHHBCMG_01328

DiscRep_SUB:FEATURE_LOCATION_CONFLICT::Coding region xref gene does not exist
prokka_out/CA114720:CDS	hypothetical protein	NODE_6_length_155835_cov_57.527205:c3582-2494	CCHHBCMG_01329

DiscRep_SUB:FEATURE_LOCATION_CONFLICT::Coding region xref gene does not exist
prokka_out/CA114720:CDS	Branched-chain-amino-acid aminotransferase	NODE_6_length_155835_cov_57.527205:c4509-3595	CCHHBCMG_01330

DiscRep_SUB:FEATURE_LOCATION_CONFLICT::Coding region xref gene does not exist
prokka_out/CA114720:CDS	putative tautomerase	NODE_6_length_155835_cov_57.527205:4686-4892	CCHHBCMG_01331

DiscRep_SUB:FEATURE_LOCATION_CONFLICT::Coding region xref gene does not exist
prokka_out/CA114720:CDS	Putative peroxiredoxin bcp	NODE_6_length_155835_cov_57.527205:4889-5344	CCHHBCMG_01332

DiscRep_SUB:FEATURE_LOCATION_CONFLICT::Coding region xref gene does not exist
prokka_out/CA114720:CDS	Epoxyqueuosine reductase QueH	NODE_6_length_155835_cov_57.527205:5344-6435	CCHHBCMG_01333

DiscRep_SUB:FEATURE_LOCATION_CONFLICT::Coding region xref gene does not exist
prokka_out/CA114720:CDS	3-hydroxyacyl-[acyl-carrier-protein] dehydratase FabZ	NODE_6_length_155835_cov_57.527205:6530-6970	CCHHBCMG_01334

DiscRep_SUB:FEATURE_LOCATION_CONFLICT::Coding region xref gene does not exist
prokka_out/CA114720:CDS	Acyl-[acyl-carrier-protein]--UDP-N-acetylglucosamine O-acyltransferase	NODE_6_length_155835_cov_57.527205:6970-7761	CCHHBCMG_01335

DiscRep_SUB:FEATURE_LOCATION_CONFLICT::Coding region xref gene does not exist
prokka_out/CA114720:CDS	ATP-dependent Clp protease ATP-binding subunit ClpX	NODE_6_length_155835_cov_57.527205:7754-8977	CCHHBCMG_01336

DiscRep_SUB:FEATURE_LOCATION_CONFLICT::Coding region xref gene does not exist
prokka_out/CA114720:CDS	Cell shape-determining protein MreB	NODE_6_length_155835_cov_57.527205:8989-10029	CCHHBCMG_01337

DiscRep_SUB:FEATURE_LOCATION_CONFLICT::Coding region xref gene does not exist
prokka_out/CA114720:CDS	hypothetical protein	NODE_6_length_155835_cov_57.527205:10019-10768	CCHHBCMG_01338

DiscRep_SUB:FEATURE_LOCATION_CONFLICT::Coding region xref gene does not exist
prokka_out/CA114720:CDS	Carbamoyl-phosphate synthase large chain	NODE_6_length_155835_cov_57.527205:11029-14298	CCHHBCMG_01339

DiscRep_SUB:FEATURE_LOCATION_CONFLICT::Coding region xref gene does not exist
prokka_out/CA114720:CDS	hypothetical protein	NODE_6_length_155835_cov_57.527205:14295-14717	CCHHBCMG_01340

DiscRep_SUB:FEATURE_LOCATION_CONFLICT::Coding region xref gene does not exist
prokka_out/CA114720:CDS	Transaldolase	NODE_6_length_155835_cov_57.527205:c15695-14718	CCHHBCMG_01341

DiscRep_SUB:FEATURE_LOCATION_CONFLICT::Coding region xref gene does not exist
prokka_out/CA114720:CDS	Phosphoserine phosphatase	NODE_6_length_155835_cov_57.527205:c16318-15695	CCHHBCMG_01342

DiscRep_SUB:FEATURE_LOCATION_CONFLICT::Coding region xref gene does not exist
prokka_out/CA114720:CDS	Chemotaxis protein CheW	NODE_6_length_155835_cov_57.527205:c16839-16318	CCHHBCMG_01343

DiscRep_SUB:FEATURE_LOCATION_CONFLICT::Coding region xref gene does not exist
prokka_out/CA114720:CDS	Sensor histidine kinase RcsC	NODE_6_length_155835_cov_57.527205:c19153-16844	CCHHBCMG_01344

DiscRep_SUB:FEATURE_LOCATION_CONFLICT::Coding region xref gene does not exist
prokka_out/CA114720:CDS	Chemotaxis protein CheV	NODE_6_length_155835_cov_57.527205:c20113-19157	CCHHBCMG_01345

DiscRep_SUB:FEATURE_LOCATION_CONFLICT::Coding region xref gene does not exist
prokka_out/CA114720:CDS	hypothetical protein	NODE_6_length_155835_cov_57.527205:c20741-20106	CCHHBCMG_01346

DiscRep_SUB:FEATURE_LOCATION_CONFLICT::Coding region xref gene does not exist
prokka_out/CA114720:CDS	Transcription elongation factor GreA	NODE_6_length_155835_cov_57.527205:c21359-20874	CCHHBCMG_01347

DiscRep_SUB:FEATURE_LOCATION_CONFLICT::Coding region xref gene does not exist
prokka_out/CA114720:CDS	Lipid-A-disaccharide synthase	NODE_6_length_155835_cov_57.527205:c22465-21371	CCHHBCMG_01348

DiscRep_SUB:FEATURE_LOCATION_CONFLICT::Coding region xref gene does not exist
prokka_out/CA114720:CDS	hypothetical protein	NODE_6_length_155835_cov_57.527205:c25305-22462	CCHHBCMG_01349

DiscRep_SUB:FEATURE_LOCATION_CONFLICT::Coding region xref gene does not exist
prokka_out/CA114720:CDS	hypothetical protein	NODE_6_length_155835_cov_57.527205:c26936-25428	CCHHBCMG_01350

DiscRep_SUB:FEATURE_LOCATION_CONFLICT::Coding region xref gene does not exist
prokka_out/CA114720:CDS	hypothetical protein	NODE_6_length_155835_cov_57.527205:c29283-26938	CCHHBCMG_01351

DiscRep_SUB:FEATURE_LOCATION_CONFLICT::Coding region xref gene does not exist
prokka_out/CA114720:CDS	hypothetical protein	NODE_6_length_155835_cov_57.527205:c30391-29639	CCHHBCMG_01352

DiscRep_SUB:FEATURE_LOCATION_CONFLICT::Coding region xref gene does not exist
prokka_out/CA114720:CDS	Phosphoglycerate transporter protein	NODE_6_length_155835_cov_57.527205:c31828-30533	CCHHBCMG_01353

DiscRep_SUB:FEATURE_LOCATION_CONFLICT::Coding region xref gene does not exist
prokka_out/CA114720:CDS	5'-nucleotidase SurE	NODE_6_length_155835_cov_57.527205:32082-32858	CCHHBCMG_01354

DiscRep_SUB:FEATURE_LOCATION_CONFLICT::Coding region xref gene does not exist
prokka_out/CA114720:CDS	tRNA threonylcarbamoyladenosine dehydratase	NODE_6_length_155835_cov_57.527205:32851-33507	CCHHBCMG_01355

DiscRep_SUB:FEATURE_LOCATION_CONFLICT::Coding region xref gene does not exist
prokka_out/CA114720:CDS	Beta-lactamase OXA-133	NODE_6_length_155835_cov_57.527205:33939-34685	CCHHBCMG_01356

DiscRep_SUB:FEATURE_LOCATION_CONFLICT::Coding region xref gene does not exist
prokka_out/CA114720:CDS	hypothetical protein	NODE_6_length_155835_cov_57.527205:34798-35616	CCHHBCMG_01357

DiscRep_SUB:FEATURE_LOCATION_CONFLICT::Coding region xref gene does not exist
prokka_out/CA114720:CDS	Vitamin B12 import ATP-binding protein BtuD	NODE_6_length_155835_cov_57.527205:c36501-35629	CCHHBCMG_01358

DiscRep_SUB:FEATURE_LOCATION_CONFLICT::Coding region xref gene does not exist
prokka_out/CA114720:CDS	Sulfate transport system permease protein CysT	NODE_6_length_155835_cov_57.527205:c37172-36498	CCHHBCMG_01359

DiscRep_SUB:FEATURE_LOCATION_CONFLICT::Coding region xref gene does not exist
prokka_out/CA114720:CDS	hypothetical protein	NODE_6_length_155835_cov_57.527205:c37566-37165	CCHHBCMG_01360

DiscRep_SUB:FEATURE_LOCATION_CONFLICT::Coding region xref gene does not exist
prokka_out/CA114720:CDS	Molybdate-binding protein ModA	NODE_6_length_155835_cov_57.527205:c38312-37563	CCHHBCMG_01361

DiscRep_SUB:FEATURE_LOCATION_CONFLICT::Coding region xref gene does not exist
prokka_out/CA114720:CDS	hypothetical protein	NODE_6_length_155835_cov_57.527205:c39049-38363	CCHHBCMG_01362

DiscRep_SUB:FEATURE_LOCATION_CONFLICT::Coding region xref gene does not exist
prokka_out/CA114720:CDS	hypothetical protein	NODE_6_length_155835_cov_57.527205:c39657-39046	CCHHBCMG_01363

DiscRep_SUB:FEATURE_LOCATION_CONFLICT::Coding region xref gene does not exist
prokka_out/CA114720:CDS	8-amino-7-oxononanoate synthase	NODE_6_length_155835_cov_57.527205:c40796-39654	CCHHBCMG_01364

DiscRep_SUB:FEATURE_LOCATION_CONFLICT::Coding region xref gene does not exist
prokka_out/CA114720:CDS	Adenosylmethionine-8-amino-7-oxononanoate aminotransferase	NODE_6_length_155835_cov_57.527205:40864-42147	CCHHBCMG_01365

DiscRep_SUB:FEATURE_LOCATION_CONFLICT::Coding region xref gene does not exist
prokka_out/CA114720:CDS	ATP-dependent dethiobiotin synthetase BioD	NODE_6_length_155835_cov_57.527205:c42739-42134	CCHHBCMG_01366

DiscRep_SUB:FEATURE_LOCATION_CONFLICT::Coding region xref gene does not exist
prokka_out/CA114720:CDS	putative guanidinium efflux system subunit GdnD	NODE_6_length_155835_cov_57.527205:c43063-42749	CCHHBCMG_01367

DiscRep_SUB:FEATURE_LOCATION_CONFLICT::Coding region xref gene does not exist
prokka_out/CA114720:CDS	putative guanidinium efflux system subunit GdnC	NODE_6_length_155835_cov_57.527205:c43404-43066	CCHHBCMG_01368

DiscRep_SUB:FEATURE_LOCATION_CONFLICT::Coding region xref gene does not exist
prokka_out/CA114720:CDS	50S ribosomal protein L25	NODE_6_length_155835_cov_57.527205:43538-44074	CCHHBCMG_01369

DiscRep_SUB:FEATURE_LOCATION_CONFLICT::Coding region xref gene does not exist
prokka_out/CA114720:CDS	Peptidyl-tRNA hydrolase	NODE_6_length_155835_cov_57.527205:44071-44616	CCHHBCMG_01370

DiscRep_SUB:FEATURE_LOCATION_CONFLICT::Coding region xref gene does not exist
prokka_out/CA114720:CDS	hypothetical protein	NODE_6_length_155835_cov_57.527205:44618-45676	CCHHBCMG_01371

DiscRep_SUB:FEATURE_LOCATION_CONFLICT::Coding region xref gene does not exist
prokka_out/CA114720:CDS	Diaminopimelate decarboxylase	NODE_6_length_155835_cov_57.527205:45720-46928	CCHHBCMG_01372

DiscRep_SUB:FEATURE_LOCATION_CONFLICT::Coding region xref gene does not exist
prokka_out/CA114720:CDS	Dihydroxyacetone phosphatase	NODE_6_length_155835_cov_57.527205:46930-47697	CCHHBCMG_01373

DiscRep_SUB:FEATURE_LOCATION_CONFLICT::Coding region xref gene does not exist
prokka_out/CA114720:CDS	Bifunctional chorismate mutase/prephenate dehydratase	NODE_6_length_155835_cov_57.527205:47685-48758	CCHHBCMG_01374

DiscRep_SUB:FEATURE_LOCATION_CONFLICT::Coding region xref gene does not exist
prokka_out/CA114720:CDS	Histidinol-phosphate aminotransferase	NODE_6_length_155835_cov_57.527205:48748-49842	CCHHBCMG_01375

DiscRep_SUB:FEATURE_LOCATION_CONFLICT::Coding region xref gene does not exist
prokka_out/CA114720:CDS	Flagellar M-ring protein	NODE_6_length_155835_cov_57.527205:49894-51576	CCHHBCMG_01376

DiscRep_SUB:FEATURE_LOCATION_CONFLICT::Coding region xref gene does not exist
prokka_out/CA114720:CDS	Flagellar motor switch protein FliG	NODE_6_length_155835_cov_57.527205:51576-52604	CCHHBCMG_01377

DiscRep_SUB:FEATURE_LOCATION_CONFLICT::Coding region xref gene does not exist
prokka_out/CA114720:CDS	hypothetical protein	NODE_6_length_155835_cov_57.527205:52612-53442	CCHHBCMG_01378

DiscRep_SUB:FEATURE_LOCATION_CONFLICT::Coding region xref gene does not exist
prokka_out/CA114720:CDS	1-deoxy-D-xylulose-5-phosphate synthase	NODE_6_length_155835_cov_57.527205:53435-55282	CCHHBCMG_01379

DiscRep_SUB:FEATURE_LOCATION_CONFLICT::Coding region xref gene does not exist
prokka_out/CA114720:CDS	hypothetical protein	NODE_6_length_155835_cov_57.527205:55368-55778	CCHHBCMG_01380

DiscRep_SUB:FEATURE_LOCATION_CONFLICT::Coding region xref gene does not exist
prokka_out/CA114720:CDS	hypothetical protein	NODE_6_length_155835_cov_57.527205:55824-57020	CCHHBCMG_01381

DiscRep_SUB:FEATURE_LOCATION_CONFLICT::Coding region xref gene does not exist
prokka_out/CA114720:CDS	Demethylmenaquinone methyltransferase	NODE_6_length_155835_cov_57.527205:57023-57730	CCHHBCMG_01382

DiscRep_SUB:FEATURE_LOCATION_CONFLICT::Coding region xref gene does not exist
prokka_out/CA114720:CDS	Exodeoxyribonuclease 7 large subunit	NODE_6_length_155835_cov_57.527205:57727-58890	CCHHBCMG_01383

DiscRep_SUB:FEATURE_LOCATION_CONFLICT::Coding region xref gene does not exist
prokka_out/CA114720:CDS	Phosphoserine aminotransferase	NODE_6_length_155835_cov_57.527205:58900-59976	CCHHBCMG_01384

DiscRep_SUB:FEATURE_LOCATION_CONFLICT::Coding region xref gene does not exist
prokka_out/CA114720:CDS	2-iminobutanoate/2-iminopropanoate deaminase	NODE_6_length_155835_cov_57.527205:59973-60323	CCHHBCMG_01385

DiscRep_SUB:FEATURE_LOCATION_CONFLICT::Coding region xref gene does not exist
prokka_out/CA114720:CDS	3-oxoacyl-[acyl-carrier-protein] synthase 3 protein 1	NODE_6_length_155835_cov_57.527205:c61294-60320	CCHHBCMG_01386

DiscRep_SUB:FEATURE_LOCATION_CONFLICT::Coding region xref gene does not exist
prokka_out/CA114720:CDS	Phosphate acyltransferase	NODE_6_length_155835_cov_57.527205:c62273-61287	CCHHBCMG_01387

DiscRep_SUB:FEATURE_LOCATION_CONFLICT::Coding region xref gene does not exist
prokka_out/CA114720:CDS	50S ribosomal protein L32	NODE_6_length_155835_cov_57.527205:c62425-62279	CCHHBCMG_01388

DiscRep_SUB:FEATURE_LOCATION_CONFLICT::Coding region xref gene does not exist
prokka_out/CA114720:CDS	hypothetical protein	NODE_6_length_155835_cov_57.527205:c62803-62453	CCHHBCMG_01389

DiscRep_SUB:FEATURE_LOCATION_CONFLICT::Coding region xref gene does not exist
prokka_out/CA114720:CDS	Nucleoside diphosphate kinase	NODE_6_length_155835_cov_57.527205:c63217-62804	CCHHBCMG_01390

DiscRep_SUB:FEATURE_LOCATION_CONFLICT::Coding region xref gene does not exist
prokka_out/CA114720:CDS	hypothetical protein	NODE_6_length_155835_cov_57.527205:c63614-63330	CCHHBCMG_01391

DiscRep_SUB:FEATURE_LOCATION_CONFLICT::Coding region xref gene does not exist
prokka_out/CA114720:CDS	Alkyl hydroperoxide reductase C	NODE_6_length_155835_cov_57.527205:63821-64417	CCHHBCMG_01392

DiscRep_SUB:FEATURE_LOCATION_CONFLICT::Coding region xref gene does not exist
prokka_out/CA114720:CDS	Flagellar biosynthetic protein FlhB	NODE_6_length_155835_cov_57.527205:64536-65624	CCHHBCMG_01393

DiscRep_SUB:FEATURE_LOCATION_CONFLICT::Coding region xref gene does not exist
prokka_out/CA114720:CDS	Motility protein B	NODE_6_length_155835_cov_57.527205:c66373-65630	CCHHBCMG_01394

DiscRep_SUB:FEATURE_LOCATION_CONFLICT::Coding region xref gene does not exist
prokka_out/CA114720:CDS	Chemotaxis protein PomA	NODE_6_length_155835_cov_57.527205:c67152-66376	CCHHBCMG_01395

DiscRep_SUB:FEATURE_LOCATION_CONFLICT::Coding region xref gene does not exist
prokka_out/CA114720:CDS	DNA polymerase I	NODE_6_length_155835_cov_57.527205:c69820-67169	CCHHBCMG_01396

DiscRep_SUB:FEATURE_LOCATION_CONFLICT::Coding region xref gene does not exist
prokka_out/CA114720:CDS	Putative transporter YdfJ	NODE_6_length_155835_cov_57.527205:69984-71345	CCHHBCMG_01397

DiscRep_SUB:FEATURE_LOCATION_CONFLICT::Coding region xref gene does not exist
prokka_out/CA114720:CDS	Pyrimidine-specific ribonucleoside hydrolase RihA	NODE_6_length_155835_cov_57.527205:71342-72349	CCHHBCMG_01398

DiscRep_SUB:FEATURE_LOCATION_CONFLICT::Coding region xref gene does not exist
prokka_out/CA114720:CDS	Inner membrane protein YqaA	NODE_6_length_155835_cov_57.527205:c72748-72305	CCHHBCMG_01399

DiscRep_SUB:FEATURE_LOCATION_CONFLICT::Coding region xref gene does not exist
prokka_out/CA114720:CDS	UvrABC system protein A	NODE_6_length_155835_cov_57.527205:c75578-72753	CCHHBCMG_01400

DiscRep_SUB:FEATURE_LOCATION_CONFLICT::Coding region xref gene does not exist
prokka_out/CA114720:CDS	hypothetical protein	NODE_6_length_155835_cov_57.527205:c76436-75651	CCHHBCMG_01401

DiscRep_SUB:FEATURE_LOCATION_CONFLICT::Coding region xref gene does not exist
prokka_out/CA114720:CDS	Anthranilate synthase component 1	NODE_6_length_155835_cov_57.527205:76850-78097	CCHHBCMG_01402

DiscRep_SUB:FEATURE_LOCATION_CONFLICT::Coding region xref gene does not exist
prokka_out/CA114720:CDS	Bifunctional protein TrpGD	NODE_6_length_155835_cov_57.527205:78097-79698	CCHHBCMG_01403

DiscRep_SUB:FEATURE_LOCATION_CONFLICT::Coding region xref gene does not exist
prokka_out/CA114720:CDS	Tryptophan biosynthesis protein TrpCF	NODE_6_length_155835_cov_57.527205:79685-80284	CCHHBCMG_01404

DiscRep_SUB:FEATURE_LOCATION_CONFLICT::Coding region xref gene does not exist
prokka_out/CA114720:CDS	Tryptophan synthase beta chain	NODE_6_length_155835_cov_57.527205:80281-81459	CCHHBCMG_01405

DiscRep_SUB:FEATURE_LOCATION_CONFLICT::Coding region xref gene does not exist
prokka_out/CA114720:CDS	Tryptophan synthase alpha chain	NODE_6_length_155835_cov_57.527205:81452-82201	CCHHBCMG_01406

DiscRep_SUB:FEATURE_LOCATION_CONFLICT::Coding region xref gene does not exist
prokka_out/CA114720:CDS	hypothetical protein	NODE_6_length_155835_cov_57.527205:82272-82694	CCHHBCMG_01407

DiscRep_SUB:FEATURE_LOCATION_CONFLICT::Coding region xref gene does not exist
prokka_out/CA114720:CDS	Flagellar motor switch protein FliN	NODE_6_length_155835_cov_57.527205:82694-83002	CCHHBCMG_01408

DiscRep_SUB:FEATURE_LOCATION_CONFLICT::Coding region xref gene does not exist
prokka_out/CA114720:CDS	hypothetical protein	NODE_6_length_155835_cov_57.527205:83003-83794	CCHHBCMG_01409

DiscRep_SUB:FEATURE_LOCATION_CONFLICT::Coding region xref gene does not exist
prokka_out/CA114720:CDS	Guanosine-5'-triphosphate,3'-diphosphate pyrophosphatase	NODE_6_length_155835_cov_57.527205:c85251-83791	CCHHBCMG_01410

DiscRep_SUB:FEATURE_LOCATION_CONFLICT::Coding region xref gene does not exist
prokka_out/CA114720:CDS	Ferredoxin	NODE_6_length_155835_cov_57.527205:c85496-85251	CCHHBCMG_01411

DiscRep_SUB:FEATURE_LOCATION_CONFLICT::Coding region xref gene does not exist
prokka_out/CA114720:CDS	Transcriptional regulatory protein CusR	NODE_6_length_155835_cov_57.527205:c86280-85609	CCHHBCMG_01412

DiscRep_SUB:FEATURE_LOCATION_CONFLICT::Coding region xref gene does not exist
prokka_out/CA114720:CDS	hypothetical protein	NODE_6_length_155835_cov_57.527205:c86676-86359	CCHHBCMG_01413

DiscRep_SUB:FEATURE_LOCATION_CONFLICT::Coding region xref gene does not exist
prokka_out/CA114720:CDS	Glycerol-3-phosphate acyltransferase	NODE_6_length_155835_cov_57.527205:c87269-86661	CCHHBCMG_01414

DiscRep_SUB:FEATURE_LOCATION_CONFLICT::Coding region xref gene does not exist
prokka_out/CA114720:CDS	Cytochrome c551 peroxidase	NODE_6_length_155835_cov_57.527205:87470-88495	CCHHBCMG_01415

DiscRep_SUB:FEATURE_LOCATION_CONFLICT::Coding region xref gene does not exist
prokka_out/CA114720:CDS	Phosphoglucosamine mutase	NODE_6_length_155835_cov_57.527205:88589-89926	CCHHBCMG_01416

DiscRep_SUB:FEATURE_LOCATION_CONFLICT::Coding region xref gene does not exist
prokka_out/CA114720:CDS	Lipoprotein signal peptidase	NODE_6_length_155835_cov_57.527205:89919-90389	CCHHBCMG_01417

DiscRep_SUB:FEATURE_LOCATION_CONFLICT::Coding region xref gene does not exist
prokka_out/CA114720:CDS	hypothetical protein	NODE_6_length_155835_cov_57.527205:90373-90825	CCHHBCMG_01418

DiscRep_SUB:FEATURE_LOCATION_CONFLICT::Coding region xref gene does not exist
prokka_out/CA114720:CDS	hypothetical protein	NODE_6_length_155835_cov_57.527205:c92168-90822	CCHHBCMG_01419

DiscRep_SUB:FEATURE_LOCATION_CONFLICT::Coding region xref gene does not exist
prokka_out/CA114720:CDS	hypothetical protein	NODE_6_length_155835_cov_57.527205:92295-92546	CCHHBCMG_01420

DiscRep_SUB:FEATURE_LOCATION_CONFLICT::Coding region xref gene does not exist
prokka_out/CA114720:CDS	Toluene efflux pump outer membrane protein TtgC	NODE_6_length_155835_cov_57.527205:c94047-92569	CCHHBCMG_01421

DiscRep_SUB:FEATURE_LOCATION_CONFLICT::Coding region xref gene does not exist
prokka_out/CA114720:CDS	Efflux pump membrane transporter BepE	NODE_6_length_155835_cov_57.527205:c97159-94040	CCHHBCMG_01422

DiscRep_SUB:FEATURE_LOCATION_CONFLICT::Coding region xref gene does not exist
prokka_out/CA114720:CDS	Multidrug export protein AcrE	NODE_6_length_155835_cov_57.527205:c98262-97159	CCHHBCMG_01423

DiscRep_SUB:FEATURE_LOCATION_CONFLICT::Coding region xref gene does not exist
prokka_out/CA114720:CDS	hypothetical protein	NODE_6_length_155835_cov_57.527205:c98989-98357	CCHHBCMG_01424

DiscRep_SUB:FEATURE_LOCATION_CONFLICT::Coding region xref gene does not exist
prokka_out/CA114720:CDS	hypothetical protein	NODE_6_length_155835_cov_57.527205:c100352-98976	CCHHBCMG_01425

DiscRep_SUB:FEATURE_LOCATION_CONFLICT::Coding region xref gene does not exist
prokka_out/CA114720:CDS	hypothetical protein	NODE_6_length_155835_cov_57.527205:100527-100724	CCHHBCMG_01426

DiscRep_SUB:FEATURE_LOCATION_CONFLICT::Coding region xref gene does not exist
prokka_out/CA114720:CDS	hypothetical protein	NODE_6_length_155835_cov_57.527205:100845-101450	CCHHBCMG_01427

DiscRep_SUB:FEATURE_LOCATION_CONFLICT::Coding region xref gene does not exist
prokka_out/CA114720:CDS	Putative acid--amine ligase YgiC	NODE_6_length_155835_cov_57.527205:101460-102629	CCHHBCMG_01428

DiscRep_SUB:FEATURE_LOCATION_CONFLICT::Coding region xref gene does not exist
prokka_out/CA114720:CDS	Hydroxypyruvate reductase	NODE_6_length_155835_cov_57.527205:102632-103567	CCHHBCMG_01429

DiscRep_SUB:FEATURE_LOCATION_CONFLICT::Coding region xref gene does not exist
prokka_out/CA114720:CDS	hypothetical protein	NODE_6_length_155835_cov_57.527205:103557-104048	CCHHBCMG_01430

DiscRep_SUB:FEATURE_LOCATION_CONFLICT::Coding region xref gene does not exist
prokka_out/CA114720:CDS	hypothetical protein	NODE_6_length_155835_cov_57.527205:104057-104533	CCHHBCMG_01431

DiscRep_SUB:FEATURE_LOCATION_CONFLICT::Coding region xref gene does not exist
prokka_out/CA114720:CDS	hypothetical protein	NODE_6_length_155835_cov_57.527205:104544-105368	CCHHBCMG_01432

DiscRep_SUB:FEATURE_LOCATION_CONFLICT::Coding region xref gene does not exist
prokka_out/CA114720:CDS	ATP-dependent zinc metalloprotease FtsH	NODE_6_length_155835_cov_57.527205:105368-107080	CCHHBCMG_01433

DiscRep_SUB:FEATURE_LOCATION_CONFLICT::Coding region xref gene does not exist
prokka_out/CA114720:CDS	Protein-methionine-sulfoxide reductase heme-binding subunit MsrQ	NODE_6_length_155835_cov_57.527205:c107616-107077	CCHHBCMG_01434

DiscRep_SUB:FEATURE_LOCATION_CONFLICT::Coding region xref gene does not exist
prokka_out/CA114720:CDS	Protein-methionine-sulfoxide reductase catalytic subunit MsrP	NODE_6_length_155835_cov_57.527205:c108509-107616	CCHHBCMG_01435

DiscRep_SUB:FEATURE_LOCATION_CONFLICT::Coding region xref gene does not exist
prokka_out/CA114720:CDS	hypothetical protein	NODE_6_length_155835_cov_57.527205:c109350-108565	CCHHBCMG_01436

DiscRep_SUB:FEATURE_LOCATION_CONFLICT::Coding region xref gene does not exist
prokka_out/CA114720:CDS	Orotidine 5'-phosphate decarboxylase	NODE_6_length_155835_cov_57.527205:c110186-109347	CCHHBCMG_01437

DiscRep_SUB:FEATURE_LOCATION_CONFLICT::Coding region xref gene does not exist
prokka_out/CA114720:CDS	Transcription antitermination protein NusB	NODE_6_length_155835_cov_57.527205:c110581-110183	CCHHBCMG_01438

DiscRep_SUB:FEATURE_LOCATION_CONFLICT::Coding region xref gene does not exist
prokka_out/CA114720:CDS	6,7-dimethyl-8-ribityllumazine synthase	NODE_6_length_155835_cov_57.527205:c111045-110581	CCHHBCMG_01439

DiscRep_SUB:FEATURE_LOCATION_CONFLICT::Coding region xref gene does not exist
prokka_out/CA114720:CDS	2-dehydro-3-deoxyphosphooctonate aldolase	NODE_6_length_155835_cov_57.527205:c111857-111042	CCHHBCMG_01440

DiscRep_SUB:FEATURE_LOCATION_CONFLICT::Coding region xref gene does not exist
prokka_out/CA114720:CDS	Pseudopaline exporter CntI	NODE_6_length_155835_cov_57.527205:c112786-111854	CCHHBCMG_01441

DiscRep_SUB:FEATURE_LOCATION_CONFLICT::Coding region xref gene does not exist
prokka_out/CA114720:CDS	GTPase Der	NODE_6_length_155835_cov_57.527205:112886-114268	CCHHBCMG_01442

DiscRep_SUB:FEATURE_LOCATION_CONFLICT::Coding region xref gene does not exist
prokka_out/CA114720:CDS	Shikimate kinase	NODE_6_length_155835_cov_57.527205:114255-114752	CCHHBCMG_01443

DiscRep_SUB:FEATURE_LOCATION_CONFLICT::Coding region xref gene does not exist
prokka_out/CA114720:CDS	Tryptophan--tRNA ligase	NODE_6_length_155835_cov_57.527205:114749-115708	CCHHBCMG_01444

DiscRep_SUB:FEATURE_LOCATION_CONFLICT::Coding region xref gene does not exist
prokka_out/CA114720:CDS	Serine--tRNA ligase	NODE_6_length_155835_cov_57.527205:115719-116954	CCHHBCMG_01445

DiscRep_SUB:FEATURE_LOCATION_CONFLICT::Coding region xref gene does not exist
prokka_out/CA114720:CDS	hypothetical protein	NODE_6_length_155835_cov_57.527205:116964-119426	CCHHBCMG_01446

DiscRep_SUB:FEATURE_LOCATION_CONFLICT::Coding region xref gene does not exist
prokka_out/CA114720:CDS	hypothetical protein	NODE_6_length_155835_cov_57.527205:c120092-119457	CCHHBCMG_01447

DiscRep_SUB:FEATURE_LOCATION_CONFLICT::Coding region xref gene does not exist
prokka_out/CA114720:CDS	Pyruvate kinase	NODE_6_length_155835_cov_57.527205:c121632-120190	CCHHBCMG_01448

DiscRep_SUB:FEATURE_LOCATION_CONFLICT::Coding region xref gene does not exist
prokka_out/CA114720:CDS	Malate:quinone oxidoreductase	NODE_6_length_155835_cov_57.527205:c123027-121681	CCHHBCMG_01449

DiscRep_SUB:FEATURE_LOCATION_CONFLICT::Coding region xref gene does not exist
prokka_out/CA114720:CDS	Type III pantothenate kinase	NODE_6_length_155835_cov_57.527205:c123775-123146	CCHHBCMG_01450

DiscRep_SUB:FEATURE_LOCATION_CONFLICT::Coding region xref gene does not exist
prokka_out/CA114720:CDS	hypothetical protein	NODE_6_length_155835_cov_57.527205:c124052-123762	CCHHBCMG_01451

DiscRep_SUB:FEATURE_LOCATION_CONFLICT::Coding region xref gene does not exist
prokka_out/CA114720:CDS	hypothetical protein	NODE_6_length_155835_cov_57.527205:c125047-124049	CCHHBCMG_01452

DiscRep_SUB:FEATURE_LOCATION_CONFLICT::Coding region xref gene does not exist
prokka_out/CA114720:CDS	hypothetical protein	NODE_6_length_155835_cov_57.527205:c125622-125044	CCHHBCMG_01453

DiscRep_SUB:FEATURE_LOCATION_CONFLICT::Coding region xref gene does not exist
prokka_out/CA114720:CDS	Glutamyl-tRNA(Gln) amidotransferase subunit C, chloroplastic/mitochondrial	NODE_6_length_155835_cov_57.527205:125766-126050	CCHHBCMG_01454

DiscRep_SUB:FEATURE_LOCATION_CONFLICT::Coding region xref gene does not exist
prokka_out/CA114720:CDS	hypothetical protein	NODE_6_length_155835_cov_57.527205:126116-126679	CCHHBCMG_01455

DiscRep_SUB:FEATURE_LOCATION_CONFLICT::Coding region xref gene does not exist
prokka_out/CA114720:CDS	Ferric uptake regulation protein	NODE_6_length_155835_cov_57.527205:126681-127154	CCHHBCMG_01456

DiscRep_SUB:FEATURE_LOCATION_CONFLICT::Coding region xref gene does not exist
prokka_out/CA114720:CDS	Lysine--tRNA ligase	NODE_6_length_155835_cov_57.527205:127155-128660	CCHHBCMG_01457

DiscRep_SUB:FEATURE_LOCATION_CONFLICT::Coding region xref gene does not exist
prokka_out/CA114720:CDS	Serine hydroxymethyltransferase	NODE_6_length_155835_cov_57.527205:128657-129901	CCHHBCMG_01458

DiscRep_SUB:FEATURE_LOCATION_CONFLICT::Coding region xref gene does not exist
prokka_out/CA114720:CDS	hypothetical protein	NODE_6_length_155835_cov_57.527205:129898-130443	CCHHBCMG_01459

DiscRep_SUB:FEATURE_LOCATION_CONFLICT::Coding region xref gene does not exist
prokka_out/CA114720:CDS	Cell division protein DedD	NODE_6_length_155835_cov_57.527205:130457-131293	CCHHBCMG_01460

DiscRep_SUB:FEATURE_LOCATION_CONFLICT::Coding region xref gene does not exist
prokka_out/CA114720:CDS	Shikimate dehydrogenase (NADP(+))	NODE_6_length_155835_cov_57.527205:131290-132078	CCHHBCMG_01461

DiscRep_SUB:FEATURE_LOCATION_CONFLICT::Coding region xref gene does not exist
prokka_out/CA114720:CDS	hypothetical protein	NODE_6_length_155835_cov_57.527205:c133051-132152	CCHHBCMG_01462

DiscRep_SUB:FEATURE_LOCATION_CONFLICT::Coding region xref gene does not exist
prokka_out/CA114720:CDS	Phosphatidylglycerol--prolipoprotein diacylglyceryl transferase	NODE_6_length_155835_cov_57.527205:133141-133956	CCHHBCMG_01463

DiscRep_SUB:FEATURE_LOCATION_CONFLICT::Coding region xref gene does not exist
prokka_out/CA114720:CDS	Fumarate reductase cytochrome b subunit	NODE_6_length_155835_cov_57.527205:134026-134808	CCHHBCMG_01464

DiscRep_SUB:FEATURE_LOCATION_CONFLICT::Coding region xref gene does not exist
prokka_out/CA114720:CDS	Fumarate reductase flavoprotein subunit	NODE_6_length_155835_cov_57.527205:134792-136783	CCHHBCMG_01465

DiscRep_SUB:FEATURE_LOCATION_CONFLICT::Coding region xref gene does not exist
prokka_out/CA114720:CDS	Fumarate reductase iron-sulfur subunit	NODE_6_length_155835_cov_57.527205:136776-137501	CCHHBCMG_01466

DiscRep_SUB:FEATURE_LOCATION_CONFLICT::Coding region xref gene does not exist
prokka_out/CA114720:CDS	GTPase Der	NODE_6_length_155835_cov_57.527205:137529-139715	CCHHBCMG_01467

DiscRep_SUB:FEATURE_LOCATION_CONFLICT::Coding region xref gene does not exist
prokka_out/CA114720:CDS	hypothetical protein	NODE_6_length_155835_cov_57.527205:139705-141534	CCHHBCMG_01468

DiscRep_SUB:FEATURE_LOCATION_CONFLICT::Coding region xref gene does not exist
prokka_out/CA114720:CDS	Beta-lactamase HcpA	NODE_6_length_155835_cov_57.527205:141534-142238	CCHHBCMG_01469

DiscRep_SUB:FEATURE_LOCATION_CONFLICT::Coding region xref gene does not exist
prokka_out/CA114720:CDS	hypothetical protein	NODE_6_length_155835_cov_57.527205:142374-143102	CCHHBCMG_01470

DiscRep_SUB:FEATURE_LOCATION_CONFLICT::Coding region xref gene does not exist
prokka_out/CA114720:CDS	Gluconate 2-dehydrogenase flavoprotein	NODE_6_length_155835_cov_57.527205:143104-144825	CCHHBCMG_01471

DiscRep_SUB:FEATURE_LOCATION_CONFLICT::Coding region xref gene does not exist
prokka_out/CA114720:CDS	hypothetical protein	NODE_6_length_155835_cov_57.527205:145138-145671	CCHHBCMG_01472

DiscRep_SUB:FEATURE_LOCATION_CONFLICT::Coding region xref gene does not exist
prokka_out/CA114720:CDS	hypothetical protein	NODE_6_length_155835_cov_57.527205:145722-145970	CCHHBCMG_01473

DiscRep_SUB:FEATURE_LOCATION_CONFLICT::Coding region xref gene does not exist
prokka_out/CA114720:CDS	hypothetical protein	NODE_6_length_155835_cov_57.527205:c146685-145981	CCHHBCMG_01474

DiscRep_SUB:FEATURE_LOCATION_CONFLICT::Coding region xref gene does not exist
prokka_out/CA114720:CDS	hypothetical protein	NODE_6_length_155835_cov_57.527205:146793-147155	CCHHBCMG_01475

DiscRep_SUB:FEATURE_LOCATION_CONFLICT::Coding region xref gene does not exist
prokka_out/CA114720:CDS	Protein YceI	NODE_6_length_155835_cov_57.527205:147229-147801	CCHHBCMG_01476

DiscRep_SUB:FEATURE_LOCATION_CONFLICT::Coding region xref gene does not exist
prokka_out/CA114720:CDS	hypothetical protein	NODE_6_length_155835_cov_57.527205:c148762-147806	CCHHBCMG_01477

DiscRep_SUB:FEATURE_LOCATION_CONFLICT::Coding region xref gene does not exist
prokka_out/CA114720:CDS	hypothetical protein	NODE_6_length_155835_cov_57.527205:c149033-148824	CCHHBCMG_01478

DiscRep_SUB:FEATURE_LOCATION_CONFLICT::Coding region xref gene does not exist
prokka_out/CA114720:CDS	hypothetical protein	NODE_6_length_155835_cov_57.527205:149202-149429	CCHHBCMG_01479

DiscRep_SUB:FEATURE_LOCATION_CONFLICT::Coding region xref gene does not exist
prokka_out/CA114720:CDS	hypothetical protein	NODE_6_length_155835_cov_57.527205:149438-150070	CCHHBCMG_01480

DiscRep_SUB:FEATURE_LOCATION_CONFLICT::Coding region xref gene does not exist
prokka_out/CA114720:CDS	hypothetical protein	NODE_6_length_155835_cov_57.527205:150083-150499	CCHHBCMG_01481

DiscRep_SUB:FEATURE_LOCATION_CONFLICT::Coding region xref gene does not exist
prokka_out/CA114720:CDS	putative ABC transporter ATP-binding protein YbiT	NODE_6_length_155835_cov_57.527205:150629-152206	CCHHBCMG_01482

DiscRep_SUB:FEATURE_LOCATION_CONFLICT::Coding region xref gene does not exist
prokka_out/CA114720:CDS	hypothetical protein	NODE_6_length_155835_cov_57.527205:152199-152531	CCHHBCMG_01483

DiscRep_SUB:FEATURE_LOCATION_CONFLICT::Coding region xref gene does not exist
prokka_out/CA114720:CDS	hypothetical protein	NODE_6_length_155835_cov_57.527205:152606-152989	CCHHBCMG_01484

DiscRep_SUB:FEATURE_LOCATION_CONFLICT::Coding region xref gene does not exist
prokka_out/CA114720:CDS	hypothetical protein	NODE_6_length_155835_cov_57.527205:c153617-153033	CCHHBCMG_01485

DiscRep_SUB:FEATURE_LOCATION_CONFLICT::Coding region xref gene does not exist
prokka_out/CA114720:CDS	hypothetical protein	NODE_6_length_155835_cov_57.527205:153744-154970	CCHHBCMG_01486

DiscRep_SUB:FEATURE_LOCATION_CONFLICT::Coding region xref gene does not exist
prokka_out/CA114720:CDS	hypothetical protein	NODE_6_length_155835_cov_57.527205:154963-155700	CCHHBCMG_01487

DiscRep_SUB:FEATURE_LOCATION_CONFLICT::Coding region xref gene does not exist
prokka_out/CA114720:CDS	High-affinity zinc uptake system protein ZnuA	NODE_7_length_101298_cov_59.651501:1302-2192	CCHHBCMG_01488

DiscRep_SUB:FEATURE_LOCATION_CONFLICT::Coding region xref gene does not exist
prokka_out/CA114720:CDS	Vitamin B12 import ATP-binding protein BtuD	NODE_7_length_101298_cov_59.651501:2205-3059	CCHHBCMG_01489

DiscRep_SUB:FEATURE_LOCATION_CONFLICT::Coding region xref gene does not exist
prokka_out/CA114720:CDS	Manganese transport system membrane protein MntB	NODE_7_length_101298_cov_59.651501:3052-3855	CCHHBCMG_01490

DiscRep_SUB:FEATURE_LOCATION_CONFLICT::Coding region xref gene does not exist
prokka_out/CA114720:CDS	hypothetical protein	NODE_7_length_101298_cov_59.651501:c5181-3844	CCHHBCMG_01491

DiscRep_SUB:FEATURE_LOCATION_CONFLICT::Coding region xref gene does not exist
prokka_out/CA114720:CDS	hypothetical protein	NODE_7_length_101298_cov_59.651501:c7424-5181	CCHHBCMG_01492

DiscRep_SUB:FEATURE_LOCATION_CONFLICT::Coding region xref gene does not exist
prokka_out/CA114720:CDS	Ribosome maturation factor RimP	NODE_7_length_101298_cov_59.651501:c7893-7471	CCHHBCMG_01493

DiscRep_SUB:FEATURE_LOCATION_CONFLICT::Coding region xref gene does not exist
prokka_out/CA114720:CDS	Ribosome-binding factor A	NODE_7_length_101298_cov_59.651501:c8245-7883	CCHHBCMG_01494

DiscRep_SUB:FEATURE_LOCATION_CONFLICT::Coding region xref gene does not exist
prokka_out/CA114720:CDS	Translation initiation factor IF-2	NODE_7_length_101298_cov_59.651501:c10857-8242	CCHHBCMG_01495

DiscRep_SUB:FEATURE_LOCATION_CONFLICT::Coding region xref gene does not exist
prokka_out/CA114720:CDS	hypothetical protein	NODE_7_length_101298_cov_59.651501:c11041-10844	CCHHBCMG_01496

DiscRep_SUB:FEATURE_LOCATION_CONFLICT::Coding region xref gene does not exist
prokka_out/CA114720:CDS	Homoserine kinase	NODE_7_length_101298_cov_59.651501:c12004-11126	CCHHBCMG_01497

DiscRep_SUB:FEATURE_LOCATION_CONFLICT::Coding region xref gene does not exist
prokka_out/CA114720:CDS	hypothetical protein	NODE_7_length_101298_cov_59.651501:c12414-12013	CCHHBCMG_01498

DiscRep_SUB:FEATURE_LOCATION_CONFLICT::Coding region xref gene does not exist
prokka_out/CA114720:CDS	UDP-3-O-acyl-N-acetylglucosamine deacetylase	NODE_7_length_101298_cov_59.651501:c13337-12453	CCHHBCMG_01499

DiscRep_SUB:FEATURE_LOCATION_CONFLICT::Coding region xref gene does not exist
prokka_out/CA114720:CDS	hypothetical protein	NODE_7_length_101298_cov_59.651501:c14710-13337	CCHHBCMG_01500

DiscRep_SUB:FEATURE_LOCATION_CONFLICT::Coding region xref gene does not exist
prokka_out/CA114720:CDS	Cyclohexadienyl dehydrogenase	NODE_7_length_101298_cov_59.651501:c15617-14790	CCHHBCMG_01501

DiscRep_SUB:FEATURE_LOCATION_CONFLICT::Coding region xref gene does not exist
prokka_out/CA114720:CDS	Outer membrane protein assembly factor BamA	NODE_7_length_101298_cov_59.651501:15694-17913	CCHHBCMG_01502

DiscRep_SUB:FEATURE_LOCATION_CONFLICT::Coding region xref gene does not exist
prokka_out/CA114720:CDS	hypothetical protein	NODE_7_length_101298_cov_59.651501:17913-18635	CCHHBCMG_01503

DiscRep_SUB:FEATURE_LOCATION_CONFLICT::Coding region xref gene does not exist
prokka_out/CA114720:CDS	Acetyl-coenzyme A carboxylase carboxyl transferase subunit beta	NODE_7_length_101298_cov_59.651501:18644-19486	CCHHBCMG_01504

DiscRep_SUB:FEATURE_LOCATION_CONFLICT::Coding region xref gene does not exist
prokka_out/CA114720:CDS	Ribosomal RNA large subunit methyltransferase H	NODE_7_length_101298_cov_59.651501:19488-19937	CCHHBCMG_01505

DiscRep_SUB:FEATURE_LOCATION_CONFLICT::Coding region xref gene does not exist
prokka_out/CA114720:CDS	RNA polymerase-binding transcription factor DksA	NODE_7_length_101298_cov_59.651501:19949-20311	CCHHBCMG_01506

DiscRep_SUB:FEATURE_LOCATION_CONFLICT::Coding region xref gene does not exist
prokka_out/CA114720:CDS	hypothetical protein	NODE_7_length_101298_cov_59.651501:20301-21287	CCHHBCMG_01507

DiscRep_SUB:FEATURE_LOCATION_CONFLICT::Coding region xref gene does not exist
prokka_out/CA114720:CDS	tRNA-dihydrouridine synthase B	NODE_7_length_101298_cov_59.651501:21284-22210	CCHHBCMG_01508

DiscRep_SUB:FEATURE_LOCATION_CONFLICT::Coding region xref gene does not exist
prokka_out/CA114720:CDS	hypothetical protein	NODE_7_length_101298_cov_59.651501:c22393-22235	CCHHBCMG_01509

DiscRep_SUB:FEATURE_LOCATION_CONFLICT::Coding region xref gene does not exist
prokka_out/CA114720:CDS	hypothetical protein	NODE_7_length_101298_cov_59.651501:c22923-22390	CCHHBCMG_01510

DiscRep_SUB:FEATURE_LOCATION_CONFLICT::Coding region xref gene does not exist
prokka_out/CA114720:CDS	Endoribonuclease YbeY	NODE_7_length_101298_cov_59.651501:c23454-23047	CCHHBCMG_01511

DiscRep_SUB:FEATURE_LOCATION_CONFLICT::Coding region xref gene does not exist
prokka_out/CA114720:CDS	hypothetical protein	NODE_7_length_101298_cov_59.651501:c24065-23451	CCHHBCMG_01512

DiscRep_SUB:FEATURE_LOCATION_CONFLICT::Coding region xref gene does not exist
prokka_out/CA114720:CDS	hypothetical protein	NODE_7_length_101298_cov_59.651501:c24586-24065	CCHHBCMG_01513

DiscRep_SUB:FEATURE_LOCATION_CONFLICT::Coding region xref gene does not exist
prokka_out/CA114720:CDS	tRNA-cytidine(32) 2-sulfurtransferase	NODE_7_length_101298_cov_59.651501:c25346-24591	CCHHBCMG_01514

DiscRep_SUB:FEATURE_LOCATION_CONFLICT::Coding region xref gene does not exist
prokka_out/CA114720:CDS	Aminodeoxyfutalosine nucleosidase	NODE_7_length_101298_cov_59.651501:c26029-25343	CCHHBCMG_01515

DiscRep_SUB:FEATURE_LOCATION_CONFLICT::Coding region xref gene does not exist
prokka_out/CA114720:CDS	Malonyl CoA-acyl carrier protein transacylase	NODE_7_length_101298_cov_59.651501:c26949-26029	CCHHBCMG_01516

DiscRep_SUB:FEATURE_LOCATION_CONFLICT::Coding region xref gene does not exist
prokka_out/CA114720:CDS	hypothetical protein	NODE_7_length_101298_cov_59.651501:c27518-26949	CCHHBCMG_01517

DiscRep_SUB:FEATURE_LOCATION_CONFLICT::Coding region xref gene does not exist
prokka_out/CA114720:CDS	Cell division coordinator CpoB	NODE_7_length_101298_cov_59.651501:c28480-27533	CCHHBCMG_01518

DiscRep_SUB:FEATURE_LOCATION_CONFLICT::Coding region xref gene does not exist
prokka_out/CA114720:CDS	Peptidoglycan-associated lipoprotein	NODE_7_length_101298_cov_59.651501:c28981-28484	CCHHBCMG_01519

DiscRep_SUB:FEATURE_LOCATION_CONFLICT::Coding region xref gene does not exist
prokka_out/CA114720:CDS	Tol-Pal system protein TolB	NODE_7_length_101298_cov_59.651501:c30266-29058	CCHHBCMG_01520

DiscRep_SUB:FEATURE_LOCATION_CONFLICT::Coding region xref gene does not exist
prokka_out/CA114720:CDS	hypothetical protein	NODE_7_length_101298_cov_59.651501:c31055-30276	CCHHBCMG_01521

DiscRep_SUB:FEATURE_LOCATION_CONFLICT::Coding region xref gene does not exist
prokka_out/CA114720:CDS	Biopolymer transport protein ExbD	NODE_7_length_101298_cov_59.651501:c31447-31058	CCHHBCMG_01522

DiscRep_SUB:FEATURE_LOCATION_CONFLICT::Coding region xref gene does not exist
prokka_out/CA114720:CDS	Tol-Pal system protein TolQ	NODE_7_length_101298_cov_59.651501:c32010-31456	CCHHBCMG_01523

DiscRep_SUB:FEATURE_LOCATION_CONFLICT::Coding region xref gene does not exist
prokka_out/CA114720:CDS	ATP synthase epsilon chain	NODE_7_length_101298_cov_59.651501:c32399-32010	CCHHBCMG_01524

DiscRep_SUB:FEATURE_LOCATION_CONFLICT::Coding region xref gene does not exist
prokka_out/CA114720:CDS	ATP synthase subunit beta	NODE_7_length_101298_cov_59.651501:c33800-32403	CCHHBCMG_01525

DiscRep_SUB:FEATURE_LOCATION_CONFLICT::Coding region xref gene does not exist
prokka_out/CA114720:CDS	ATP synthase gamma chain	NODE_7_length_101298_cov_59.651501:c34709-33825	CCHHBCMG_01526

DiscRep_SUB:FEATURE_LOCATION_CONFLICT::Coding region xref gene does not exist
prokka_out/CA114720:CDS	ATP synthase subunit alpha	NODE_7_length_101298_cov_59.651501:c36223-34718	CCHHBCMG_01527

DiscRep_SUB:FEATURE_LOCATION_CONFLICT::Coding region xref gene does not exist
prokka_out/CA114720:CDS	ATP synthase subunit delta	NODE_7_length_101298_cov_59.651501:c36758-36237	CCHHBCMG_01528

DiscRep_SUB:FEATURE_LOCATION_CONFLICT::Coding region xref gene does not exist
prokka_out/CA114720:CDS	ATP synthase subunit b	NODE_7_length_101298_cov_59.651501:c37273-36761	CCHHBCMG_01529

DiscRep_SUB:FEATURE_LOCATION_CONFLICT::Coding region xref gene does not exist
prokka_out/CA114720:CDS	ATP synthase subunit b'	NODE_7_length_101298_cov_59.651501:c37709-37284	CCHHBCMG_01530

DiscRep_SUB:FEATURE_LOCATION_CONFLICT::Coding region xref gene does not exist
prokka_out/CA114720:CDS	putative chromosome-partitioning protein ParB	NODE_7_length_101298_cov_59.651501:c38606-37770	CCHHBCMG_01531

DiscRep_SUB:FEATURE_LOCATION_CONFLICT::Coding region xref gene does not exist
prokka_out/CA114720:CDS	Sporulation initiation inhibitor protein Soj	NODE_7_length_101298_cov_59.651501:c39397-38612	CCHHBCMG_01532

DiscRep_SUB:FEATURE_LOCATION_CONFLICT::Coding region xref gene does not exist
prokka_out/CA114720:CDS	Bifunctional ligase/repressor BirA	NODE_7_length_101298_cov_59.651501:c40047-39394	CCHHBCMG_01533

DiscRep_SUB:FEATURE_LOCATION_CONFLICT::Coding region xref gene does not exist
prokka_out/CA114720:CDS	Methionyl-tRNA formyltransferase	NODE_7_length_101298_cov_59.651501:c40927-40010	CCHHBCMG_01534

DiscRep_SUB:FEATURE_LOCATION_CONFLICT::Coding region xref gene does not exist
prokka_out/CA114720:CDS	Glutamate 5-kinase	NODE_7_length_101298_cov_59.651501:c41756-41001	CCHHBCMG_01535

DiscRep_SUB:FEATURE_LOCATION_CONFLICT::Coding region xref gene does not exist
prokka_out/CA114720:CDS	GTPase Obg	NODE_7_length_101298_cov_59.651501:c42916-41879	CCHHBCMG_01536

DiscRep_SUB:FEATURE_LOCATION_CONFLICT::Coding region xref gene does not exist
prokka_out/CA114720:CDS	50S ribosomal protein L27	NODE_7_length_101298_cov_59.651501:c43277-43023	CCHHBCMG_01537

DiscRep_SUB:FEATURE_LOCATION_CONFLICT::Coding region xref gene does not exist
prokka_out/CA114720:CDS	50S ribosomal protein L21	NODE_7_length_101298_cov_59.651501:c43596-43288	CCHHBCMG_01538

DiscRep_SUB:FEATURE_LOCATION_CONFLICT::Coding region xref gene does not exist
prokka_out/CA114720:CDS	hypothetical protein	NODE_7_length_101298_cov_59.651501:c44957-43755	CCHHBCMG_01539

DiscRep_SUB:FEATURE_LOCATION_CONFLICT::Coding region xref gene does not exist
prokka_out/CA114720:CDS	hypothetical protein	NODE_7_length_101298_cov_59.651501:c46304-44967	CCHHBCMG_01540

DiscRep_SUB:FEATURE_LOCATION_CONFLICT::Coding region xref gene does not exist
prokka_out/CA114720:CDS	hypothetical protein	NODE_7_length_101298_cov_59.651501:c47009-46386	CCHHBCMG_01541

DiscRep_SUB:FEATURE_LOCATION_CONFLICT::Coding region xref gene does not exist
prokka_out/CA114720:CDS	hypothetical protein	NODE_7_length_101298_cov_59.651501:c47401-47033	CCHHBCMG_01542

DiscRep_SUB:FEATURE_LOCATION_CONFLICT::Coding region xref gene does not exist
prokka_out/CA114720:CDS	hypothetical protein	NODE_7_length_101298_cov_59.651501:c48772-47411	CCHHBCMG_01543

DiscRep_SUB:FEATURE_LOCATION_CONFLICT::Coding region xref gene does not exist
prokka_out/CA114720:CDS	Anaerobic C4-dicarboxylate transporter DcuA	NODE_7_length_101298_cov_59.651501:c50215-48878	CCHHBCMG_01544

DiscRep_SUB:FEATURE_LOCATION_CONFLICT::Coding region xref gene does not exist
prokka_out/CA114720:CDS	Aspartate ammonia-lyase	NODE_7_length_101298_cov_59.651501:c51637-50231	CCHHBCMG_01545

DiscRep_SUB:FEATURE_LOCATION_CONFLICT::Coding region xref gene does not exist
prokka_out/CA114720:CDS	Uracil-DNA glycosylase	NODE_7_length_101298_cov_59.651501:51908-52603	CCHHBCMG_01546

DiscRep_SUB:FEATURE_LOCATION_CONFLICT::Coding region xref gene does not exist
prokka_out/CA114720:CDS	L-aspartate/glutamate-specific racemase	NODE_7_length_101298_cov_59.651501:52723-53418	CCHHBCMG_01547

DiscRep_SUB:FEATURE_LOCATION_CONFLICT::Coding region xref gene does not exist
prokka_out/CA114720:CDS	hypothetical protein	NODE_7_length_101298_cov_59.651501:c53602-53498	CCHHBCMG_01548

DiscRep_SUB:FEATURE_LOCATION_CONFLICT::Coding region xref gene does not exist
prokka_out/CA114720:CDS	Cytochrome bd-I ubiquinol oxidase subunit 2	NODE_7_length_101298_cov_59.651501:c54736-53612	CCHHBCMG_01549

DiscRep_SUB:FEATURE_LOCATION_CONFLICT::Coding region xref gene does not exist
prokka_out/CA114720:CDS	Cytochrome bd-I ubiquinol oxidase subunit 1	NODE_7_length_101298_cov_59.651501:c56298-54736	CCHHBCMG_01550

DiscRep_SUB:FEATURE_LOCATION_CONFLICT::Coding region xref gene does not exist
prokka_out/CA114720:CDS	hypothetical protein	NODE_7_length_101298_cov_59.651501:c56568-56299	CCHHBCMG_01551

DiscRep_SUB:FEATURE_LOCATION_CONFLICT::Coding region xref gene does not exist
prokka_out/CA114720:CDS	hypothetical protein	NODE_7_length_101298_cov_59.651501:56730-57449	CCHHBCMG_01552

DiscRep_SUB:FEATURE_LOCATION_CONFLICT::Coding region xref gene does not exist
prokka_out/CA114720:CDS	Cytolethal distending toxin subunit B	NODE_7_length_101298_cov_59.651501:57446-57985	CCHHBCMG_01553

DiscRep_SUB:FEATURE_LOCATION_CONFLICT::Coding region xref gene does not exist
prokka_out/CA114720:CDS	hypothetical protein	NODE_7_length_101298_cov_59.651501:58595-58798	CCHHBCMG_01554

DiscRep_SUB:FEATURE_LOCATION_CONFLICT::Coding region xref gene does not exist
prokka_out/CA114720:CDS	L-lactate permease	NODE_7_length_101298_cov_59.651501:58970-60652	CCHHBCMG_01555

DiscRep_SUB:FEATURE_LOCATION_CONFLICT::Coding region xref gene does not exist
prokka_out/CA114720:CDS	Lactate utilization protein A	NODE_7_length_101298_cov_59.651501:60775-61512	CCHHBCMG_01556

DiscRep_SUB:FEATURE_LOCATION_CONFLICT::Coding region xref gene does not exist
prokka_out/CA114720:CDS	Lactate utilization protein B	NODE_7_length_101298_cov_59.651501:61509-62948	CCHHBCMG_01557

DiscRep_SUB:FEATURE_LOCATION_CONFLICT::Coding region xref gene does not exist
prokka_out/CA114720:CDS	Lactate utilization protein C	NODE_7_length_101298_cov_59.651501:62941-63597	CCHHBCMG_01558

DiscRep_SUB:FEATURE_LOCATION_CONFLICT::Coding region xref gene does not exist
prokka_out/CA114720:CDS	Bacteriohemerythrin	NODE_7_length_101298_cov_59.651501:63827-64066	CCHHBCMG_01559

DiscRep_SUB:FEATURE_LOCATION_CONFLICT::Coding region xref gene does not exist
prokka_out/CA114720:CDS	hypothetical protein	NODE_7_length_101298_cov_59.651501:64042-64392	CCHHBCMG_01560

DiscRep_SUB:FEATURE_LOCATION_CONFLICT::Coding region xref gene does not exist
prokka_out/CA114720:CDS	hypothetical protein	NODE_7_length_101298_cov_59.651501:c65665-64634	CCHHBCMG_01561

DiscRep_SUB:FEATURE_LOCATION_CONFLICT::Coding region xref gene does not exist
prokka_out/CA114720:CDS	hypothetical protein	NODE_7_length_101298_cov_59.651501:c66640-65744	CCHHBCMG_01562

DiscRep_SUB:FEATURE_LOCATION_CONFLICT::Coding region xref gene does not exist
prokka_out/CA114720:CDS	Aminodeoxyfutalosine deaminase	NODE_7_length_101298_cov_59.651501:c67857-66628	CCHHBCMG_01563

DiscRep_SUB:FEATURE_LOCATION_CONFLICT::Coding region xref gene does not exist
prokka_out/CA114720:CDS	3-dehydroquinate dehydratase	NODE_7_length_101298_cov_59.651501:67948-68427	CCHHBCMG_01564

DiscRep_SUB:FEATURE_LOCATION_CONFLICT::Coding region xref gene does not exist
prokka_out/CA114720:CDS	2-amino-4-hydroxy-6-hydroxymethyldihydropteridine pyrophosphokinase	NODE_7_length_101298_cov_59.651501:68430-68903	CCHHBCMG_01565

DiscRep_SUB:FEATURE_LOCATION_CONFLICT::Coding region xref gene does not exist
prokka_out/CA114720:CDS	Signal recognition particle 54 kDa protein	NODE_7_length_101298_cov_59.651501:68913-70367	CCHHBCMG_01566

DiscRep_SUB:FEATURE_LOCATION_CONFLICT::Coding region xref gene does not exist
prokka_out/CA114720:CDS	Flagellum site-determining protein YlxH	NODE_7_length_101298_cov_59.651501:70360-71226	CCHHBCMG_01567

DiscRep_SUB:FEATURE_LOCATION_CONFLICT::Coding region xref gene does not exist
prokka_out/CA114720:CDS	hypothetical protein	NODE_7_length_101298_cov_59.651501:71245-71601	CCHHBCMG_01568

DiscRep_SUB:FEATURE_LOCATION_CONFLICT::Coding region xref gene does not exist
prokka_out/CA114720:CDS	RNA polymerase sigma factor FliA	NODE_7_length_101298_cov_59.651501:71558-72274	CCHHBCMG_01569

DiscRep_SUB:FEATURE_LOCATION_CONFLICT::Coding region xref gene does not exist
prokka_out/CA114720:CDS	Flagellar motor switch protein FliM	NODE_7_length_101298_cov_59.651501:72274-73353	CCHHBCMG_01570

DiscRep_SUB:FEATURE_LOCATION_CONFLICT::Coding region xref gene does not exist
prokka_out/CA114720:CDS	hypothetical protein	NODE_7_length_101298_cov_59.651501:73350-74192	CCHHBCMG_01571

DiscRep_SUB:FEATURE_LOCATION_CONFLICT::Coding region xref gene does not exist
prokka_out/CA114720:CDS	hypothetical protein	NODE_7_length_101298_cov_59.651501:c74840-74241	CCHHBCMG_01572

DiscRep_SUB:FEATURE_LOCATION_CONFLICT::Coding region xref gene does not exist
prokka_out/CA114720:CDS	hypothetical protein	NODE_7_length_101298_cov_59.651501:c75559-74792	CCHHBCMG_01573

DiscRep_SUB:FEATURE_LOCATION_CONFLICT::Coding region xref gene does not exist
prokka_out/CA114720:CDS	hypothetical protein	NODE_7_length_101298_cov_59.651501:75840-76382	CCHHBCMG_01574

DiscRep_SUB:FEATURE_LOCATION_CONFLICT::Coding region xref gene does not exist
prokka_out/CA114720:CDS	hypothetical protein	NODE_7_length_101298_cov_59.651501:76410-77102	CCHHBCMG_01575

DiscRep_SUB:FEATURE_LOCATION_CONFLICT::Coding region xref gene does not exist
prokka_out/CA114720:CDS	hypothetical protein	NODE_7_length_101298_cov_59.651501:77224-77829	CCHHBCMG_01576

DiscRep_SUB:FEATURE_LOCATION_CONFLICT::Coding region xref gene does not exist
prokka_out/CA114720:CDS	tRNA-specific 2-thiouridylase MnmA	NODE_7_length_101298_cov_59.651501:77829-78845	CCHHBCMG_01577

DiscRep_SUB:FEATURE_LOCATION_CONFLICT::Coding region xref gene does not exist
prokka_out/CA114720:CDS	hypothetical protein	NODE_7_length_101298_cov_59.651501:c79124-78873	CCHHBCMG_01578

DiscRep_SUB:FEATURE_LOCATION_CONFLICT::Coding region xref gene does not exist
prokka_out/CA114720:CDS	hypothetical protein	NODE_7_length_101298_cov_59.651501:c79479-79240	CCHHBCMG_01579

DiscRep_SUB:FEATURE_LOCATION_CONFLICT::Coding region xref gene does not exist
prokka_out/CA114720:CDS	hypothetical protein	NODE_7_length_101298_cov_59.651501:c79633-79418	CCHHBCMG_01580

DiscRep_SUB:FEATURE_LOCATION_CONFLICT::Coding region xref gene does not exist
prokka_out/CA114720:CDS	Putative malate transporter YflS	NODE_7_length_101298_cov_59.651501:c79920-79576	CCHHBCMG_01581

DiscRep_SUB:FEATURE_LOCATION_CONFLICT::Coding region xref gene does not exist
prokka_out/CA114720:CDS	Bacteriohemerythrin	NODE_7_length_101298_cov_59.651501:80792-81517	CCHHBCMG_01582

DiscRep_SUB:FEATURE_LOCATION_CONFLICT::Coding region xref gene does not exist
prokka_out/CA114720:CDS	hypothetical protein	NODE_7_length_101298_cov_59.651501:81514-83385	CCHHBCMG_01583

DiscRep_SUB:FEATURE_LOCATION_CONFLICT::Coding region xref gene does not exist
prokka_out/CA114720:CDS	hypothetical protein	NODE_7_length_101298_cov_59.651501:c85026-83389	CCHHBCMG_01584

DiscRep_SUB:FEATURE_LOCATION_CONFLICT::Coding region xref gene does not exist
prokka_out/CA114720:CDS	hypothetical protein	NODE_7_length_101298_cov_59.651501:c85914-85030	CCHHBCMG_01585

DiscRep_SUB:FEATURE_LOCATION_CONFLICT::Coding region xref gene does not exist
prokka_out/CA114720:CDS	hypothetical protein	NODE_7_length_101298_cov_59.651501:c87758-85968	CCHHBCMG_01586

DiscRep_SUB:FEATURE_LOCATION_CONFLICT::Coding region xref gene does not exist
prokka_out/CA114720:CDS	hypothetical protein	NODE_7_length_101298_cov_59.651501:c88100-87777	CCHHBCMG_01587

DiscRep_SUB:FEATURE_LOCATION_CONFLICT::Coding region xref gene does not exist
prokka_out/CA114720:CDS	GTP-binding protein TypA/BipA	NODE_7_length_101298_cov_59.651501:88235-90043	CCHHBCMG_01588

DiscRep_SUB:FEATURE_LOCATION_CONFLICT::Coding region xref gene does not exist
prokka_out/CA114720:CDS	hypothetical protein	NODE_7_length_101298_cov_59.651501:90043-90690	CCHHBCMG_01589

DiscRep_SUB:FEATURE_LOCATION_CONFLICT::Coding region xref gene does not exist
prokka_out/CA114720:CDS	hypothetical protein	NODE_7_length_101298_cov_59.651501:90868-91911	CCHHBCMG_01590

DiscRep_SUB:FEATURE_LOCATION_CONFLICT::Coding region xref gene does not exist
prokka_out/CA114720:CDS	hypothetical protein	NODE_7_length_101298_cov_59.651501:c93284-91935	CCHHBCMG_01591

DiscRep_SUB:FEATURE_LOCATION_CONFLICT::Coding region xref gene does not exist
prokka_out/CA114720:CDS	Bicyclomycin resistance protein	NODE_7_length_101298_cov_59.651501:93389-94591	CCHHBCMG_01592

DiscRep_SUB:FEATURE_LOCATION_CONFLICT::Coding region xref gene does not exist
prokka_out/CA114720:CDS	hypothetical protein	NODE_7_length_101298_cov_59.651501:94588-95289	CCHHBCMG_01593

DiscRep_SUB:FEATURE_LOCATION_CONFLICT::Coding region xref gene does not exist
prokka_out/CA114720:CDS	hypothetical protein	NODE_7_length_101298_cov_59.651501:c95838-95350	CCHHBCMG_01594

DiscRep_SUB:FEATURE_LOCATION_CONFLICT::Coding region xref gene does not exist
prokka_out/CA114720:CDS	hypothetical protein	NODE_7_length_101298_cov_59.651501:c99614-95838	CCHHBCMG_01595

DiscRep_SUB:FEATURE_LOCATION_CONFLICT::Coding region xref gene does not exist
prokka_out/CA114720:CDS	hypothetical protein	NODE_7_length_101298_cov_59.651501:c101072-99675	CCHHBCMG_01596

DiscRep_SUB:FEATURE_LOCATION_CONFLICT::Coding region xref gene does not exist
prokka_out/CA114720:CDS	hypothetical protein	NODE_8_length_87826_cov_56.427485:261-2042	CCHHBCMG_01597

DiscRep_SUB:FEATURE_LOCATION_CONFLICT::Coding region xref gene does not exist
prokka_out/CA114720:CDS	Thioredoxin reductase	NODE_8_length_87826_cov_56.427485:c3018-2080	CCHHBCMG_01598

DiscRep_SUB:FEATURE_LOCATION_CONFLICT::Coding region xref gene does not exist
prokka_out/CA114720:CDS	Thioredoxin	NODE_8_length_87826_cov_56.427485:c3466-3152	CCHHBCMG_01599

DiscRep_SUB:FEATURE_LOCATION_CONFLICT::Coding region xref gene does not exist
prokka_out/CA114720:CDS	hypothetical protein	NODE_8_length_87826_cov_56.427485:c3861-3523	CCHHBCMG_01600

DiscRep_SUB:FEATURE_LOCATION_CONFLICT::Coding region xref gene does not exist
prokka_out/CA114720:CDS	Homoserine dehydrogenase	NODE_8_length_87826_cov_56.427485:c5108-3861	CCHHBCMG_01601

DiscRep_SUB:FEATURE_LOCATION_CONFLICT::Coding region xref gene does not exist
prokka_out/CA114720:CDS	Glutamate-pyruvate aminotransferase AlaC	NODE_8_length_87826_cov_56.427485:c6314-5112	CCHHBCMG_01602

DiscRep_SUB:FEATURE_LOCATION_CONFLICT::Coding region xref gene does not exist
prokka_out/CA114720:CDS	hypothetical protein	NODE_8_length_87826_cov_56.427485:c7132-6326	CCHHBCMG_01603

DiscRep_SUB:FEATURE_LOCATION_CONFLICT::Coding region xref gene does not exist
prokka_out/CA114720:CDS	hypothetical protein	NODE_8_length_87826_cov_56.427485:c8064-7126	CCHHBCMG_01604

DiscRep_SUB:FEATURE_LOCATION_CONFLICT::Coding region xref gene does not exist
prokka_out/CA114720:CDS	23S rRNA (guanosine-2'-O-)-methyltransferase RlmB	NODE_8_length_87826_cov_56.427485:c8740-8057	CCHHBCMG_01605

DiscRep_SUB:FEATURE_LOCATION_CONFLICT::Coding region xref gene does not exist
prokka_out/CA114720:CDS	Ribosomal RNA small subunit methyltransferase I	NODE_8_length_87826_cov_56.427485:c9578-8754	CCHHBCMG_01606

DiscRep_SUB:FEATURE_LOCATION_CONFLICT::Coding region xref gene does not exist
prokka_out/CA114720:CDS	50S ribosomal protein L31	NODE_8_length_87826_cov_56.427485:c9781-9581	CCHHBCMG_01607

DiscRep_SUB:FEATURE_LOCATION_CONFLICT::Coding region xref gene does not exist
prokka_out/CA114720:CDS	hypothetical protein	NODE_8_length_87826_cov_56.427485:c10516-9860	CCHHBCMG_01608

DiscRep_SUB:FEATURE_LOCATION_CONFLICT::Coding region xref gene does not exist
prokka_out/CA114720:CDS	hypothetical protein	NODE_8_length_87826_cov_56.427485:c10925-10518	CCHHBCMG_01609

DiscRep_SUB:FEATURE_LOCATION_CONFLICT::Coding region xref gene does not exist
prokka_out/CA114720:CDS	hypothetical protein	NODE_8_length_87826_cov_56.427485:c11350-10925	CCHHBCMG_01610

DiscRep_SUB:FEATURE_LOCATION_CONFLICT::Coding region xref gene does not exist
prokka_out/CA114720:CDS	hypothetical protein	NODE_8_length_87826_cov_56.427485:c11931-11350	CCHHBCMG_01611

DiscRep_SUB:FEATURE_LOCATION_CONFLICT::Coding region xref gene does not exist
prokka_out/CA114720:CDS	7-carboxy-7-deazaguanine synthase	NODE_8_length_87826_cov_56.427485:c12671-11928	CCHHBCMG_01612

DiscRep_SUB:FEATURE_LOCATION_CONFLICT::Coding region xref gene does not exist
prokka_out/CA114720:CDS	GTP 3',8-cyclase	NODE_8_length_87826_cov_56.427485:c13636-12674	CCHHBCMG_01613

DiscRep_SUB:FEATURE_LOCATION_CONFLICT::Coding region xref gene does not exist
prokka_out/CA114720:CDS	hypothetical protein	NODE_8_length_87826_cov_56.427485:c14164-13649	CCHHBCMG_01614

DiscRep_SUB:FEATURE_LOCATION_CONFLICT::Coding region xref gene does not exist
prokka_out/CA114720:CDS	hypothetical protein	NODE_8_length_87826_cov_56.427485:c14658-14161	CCHHBCMG_01615

DiscRep_SUB:FEATURE_LOCATION_CONFLICT::Coding region xref gene does not exist
prokka_out/CA114720:CDS	4-hydroxybenzoate polyprenyltransferase, mitochondrial	NODE_8_length_87826_cov_56.427485:c15533-14649	CCHHBCMG_01616

DiscRep_SUB:FEATURE_LOCATION_CONFLICT::Coding region xref gene does not exist
prokka_out/CA114720:CDS	tRNA dimethylallyltransferase	NODE_8_length_87826_cov_56.427485:15604-16473	CCHHBCMG_01617

DiscRep_SUB:FEATURE_LOCATION_CONFLICT::Coding region xref gene does not exist
prokka_out/CA114720:CDS	putative manganese efflux pump MntP	NODE_8_length_87826_cov_56.427485:c17022-16459	CCHHBCMG_01618

DiscRep_SUB:FEATURE_LOCATION_CONFLICT::Coding region xref gene does not exist
prokka_out/CA114720:CDS	hypothetical protein	NODE_8_length_87826_cov_56.427485:c17561-17379	CCHHBCMG_01620

DiscRep_SUB:FEATURE_LOCATION_CONFLICT::Coding region xref gene does not exist
prokka_out/CA114720:CDS	Superoxide dismutase [Fe]	NODE_8_length_87826_cov_56.427485:17831-18493	CCHHBCMG_01621

DiscRep_SUB:FEATURE_LOCATION_CONFLICT::Coding region xref gene does not exist
prokka_out/CA114720:CDS	Carboxynorspermidine synthase	NODE_8_length_87826_cov_56.427485:c19724-18519	CCHHBCMG_01622

DiscRep_SUB:FEATURE_LOCATION_CONFLICT::Coding region xref gene does not exist
prokka_out/CA114720:CDS	Vitamin B12 import ATP-binding protein BtuD	NODE_8_length_87826_cov_56.427485:c20665-19760	CCHHBCMG_01623

DiscRep_SUB:FEATURE_LOCATION_CONFLICT::Coding region xref gene does not exist
prokka_out/CA114720:CDS	hypothetical protein	NODE_8_length_87826_cov_56.427485:c22268-20652	CCHHBCMG_01624

DiscRep_SUB:FEATURE_LOCATION_CONFLICT::Coding region xref gene does not exist
prokka_out/CA114720:CDS	Iron uptake protein A1	NODE_8_length_87826_cov_56.427485:c23272-22268	CCHHBCMG_01625

DiscRep_SUB:FEATURE_LOCATION_CONFLICT::Coding region xref gene does not exist
prokka_out/CA114720:CDS	hypothetical protein	NODE_8_length_87826_cov_56.427485:c23393-23283	CCHHBCMG_01626

DiscRep_SUB:FEATURE_LOCATION_CONFLICT::Coding region xref gene does not exist
prokka_out/CA114720:CDS	hypothetical protein	NODE_8_length_87826_cov_56.427485:23590-24792	CCHHBCMG_01627

DiscRep_SUB:FEATURE_LOCATION_CONFLICT::Coding region xref gene does not exist
prokka_out/CA114720:CDS	Inner membrane transport protein YnfM	NODE_8_length_87826_cov_56.427485:c25925-24789	CCHHBCMG_01628

DiscRep_SUB:FEATURE_LOCATION_CONFLICT::Coding region xref gene does not exist
prokka_out/CA114720:CDS	hypothetical protein	NODE_8_length_87826_cov_56.427485:26045-27403	CCHHBCMG_01629

DiscRep_SUB:FEATURE_LOCATION_CONFLICT::Coding region xref gene does not exist
prokka_out/CA114720:CDS	Bis(5'-nucleosyl)-tetraphosphatase, symmetrical	NODE_8_length_87826_cov_56.427485:c28600-27416	CCHHBCMG_01630

DiscRep_SUB:FEATURE_LOCATION_CONFLICT::Coding region xref gene does not exist
prokka_out/CA114720:CDS	hypothetical protein	NODE_8_length_87826_cov_56.427485:c28819-28610	CCHHBCMG_01631

DiscRep_SUB:FEATURE_LOCATION_CONFLICT::Coding region xref gene does not exist
prokka_out/CA114720:CDS	hypothetical protein	NODE_8_length_87826_cov_56.427485:c29531-28812	CCHHBCMG_01632

DiscRep_SUB:FEATURE_LOCATION_CONFLICT::Coding region xref gene does not exist
prokka_out/CA114720:CDS	Phosphoribosylglycinamide formyltransferase	NODE_8_length_87826_cov_56.427485:c30169-29603	CCHHBCMG_01633

DiscRep_SUB:FEATURE_LOCATION_CONFLICT::Coding region xref gene does not exist
prokka_out/CA114720:CDS	Bifunctional NAD(P)H-hydrate repair enzyme Nnr	NODE_8_length_87826_cov_56.427485:c31530-30160	CCHHBCMG_01634

DiscRep_SUB:FEATURE_LOCATION_CONFLICT::Coding region xref gene does not exist
prokka_out/CA114720:CDS	hypothetical protein	NODE_8_length_87826_cov_56.427485:c32212-31514	CCHHBCMG_01635

DiscRep_SUB:FEATURE_LOCATION_CONFLICT::Coding region xref gene does not exist
prokka_out/CA114720:CDS	Competence protein ComM	NODE_8_length_87826_cov_56.427485:c33719-32214	CCHHBCMG_01636

DiscRep_SUB:FEATURE_LOCATION_CONFLICT::Coding region xref gene does not exist
prokka_out/CA114720:CDS	Peptide deformylase	NODE_8_length_87826_cov_56.427485:c34243-33716	CCHHBCMG_01637

DiscRep_SUB:FEATURE_LOCATION_CONFLICT::Coding region xref gene does not exist
prokka_out/CA114720:CDS	ATP-dependent Clp protease proteolytic subunit	NODE_8_length_87826_cov_56.427485:c34863-34279	CCHHBCMG_01638

DiscRep_SUB:FEATURE_LOCATION_CONFLICT::Coding region xref gene does not exist
prokka_out/CA114720:CDS	Trigger factor	NODE_8_length_87826_cov_56.427485:c36236-34863	CCHHBCMG_01639

DiscRep_SUB:FEATURE_LOCATION_CONFLICT::Coding region xref gene does not exist
prokka_out/CA114720:CDS	GTP cyclohydrolase 1	NODE_8_length_87826_cov_56.427485:36341-36913	CCHHBCMG_01640

DiscRep_SUB:FEATURE_LOCATION_CONFLICT::Coding region xref gene does not exist
prokka_out/CA114720:CDS	Flagellum-specific ATP synthase	NODE_8_length_87826_cov_56.427485:36913-38298	CCHHBCMG_01641

DiscRep_SUB:FEATURE_LOCATION_CONFLICT::Coding region xref gene does not exist
prokka_out/CA114720:CDS	Amidophosphoribosyltransferase	NODE_8_length_87826_cov_56.427485:c39638-38301	CCHHBCMG_01642

DiscRep_SUB:FEATURE_LOCATION_CONFLICT::Coding region xref gene does not exist
prokka_out/CA114720:CDS	4-hydroxy-tetrahydrodipicolinate reductase	NODE_8_length_87826_cov_56.427485:c40368-39640	CCHHBCMG_01643

DiscRep_SUB:FEATURE_LOCATION_CONFLICT::Coding region xref gene does not exist
prokka_out/CA114720:CDS	putative AAA domain-containing protein	NODE_8_length_87826_cov_56.427485:c41612-40431	CCHHBCMG_01644

DiscRep_SUB:FEATURE_LOCATION_CONFLICT::Coding region xref gene does not exist
prokka_out/CA114720:CDS	hypothetical protein	NODE_8_length_87826_cov_56.427485:c42739-41612	CCHHBCMG_01645

DiscRep_SUB:FEATURE_LOCATION_CONFLICT::Coding region xref gene does not exist
prokka_out/CA114720:CDS	hypothetical protein	NODE_8_length_87826_cov_56.427485:c43220-42873	CCHHBCMG_01646

DiscRep_SUB:FEATURE_LOCATION_CONFLICT::Coding region xref gene does not exist
prokka_out/CA114720:CDS	hypothetical protein	NODE_8_length_87826_cov_56.427485:c43901-43284	CCHHBCMG_01647

DiscRep_SUB:FEATURE_LOCATION_CONFLICT::Coding region xref gene does not exist
prokka_out/CA114720:CDS	hypothetical protein	NODE_8_length_87826_cov_56.427485:c44262-43873	CCHHBCMG_01648

DiscRep_SUB:FEATURE_LOCATION_CONFLICT::Coding region xref gene does not exist
prokka_out/CA114720:CDS	Citrate transporter	NODE_8_length_87826_cov_56.427485:44478-45803	CCHHBCMG_01649

DiscRep_SUB:FEATURE_LOCATION_CONFLICT::Coding region xref gene does not exist
prokka_out/CA114720:CDS	hypothetical protein	NODE_8_length_87826_cov_56.427485:45990-47984	CCHHBCMG_01650

DiscRep_SUB:FEATURE_LOCATION_CONFLICT::Coding region xref gene does not exist
prokka_out/CA114720:CDS	Undecaprenyl-diphosphatase	NODE_8_length_87826_cov_56.427485:48058-48861	CCHHBCMG_01651

DiscRep_SUB:FEATURE_LOCATION_CONFLICT::Coding region xref gene does not exist
prokka_out/CA114720:CDS	Threonine--tRNA ligase 2	NODE_8_length_87826_cov_56.427485:48992-50800	CCHHBCMG_01652

DiscRep_SUB:FEATURE_LOCATION_CONFLICT::Coding region xref gene does not exist
prokka_out/CA114720:CDS	Translation initiation factor IF-3	NODE_8_length_87826_cov_56.427485:50797-51315	CCHHBCMG_01653

DiscRep_SUB:FEATURE_LOCATION_CONFLICT::Coding region xref gene does not exist
prokka_out/CA114720:CDS	Modification methylase FokI	NODE_8_length_87826_cov_56.427485:51354-52445	CCHHBCMG_01654

DiscRep_SUB:FEATURE_LOCATION_CONFLICT::Coding region xref gene does not exist
prokka_out/CA114720:CDS	hypothetical protein	NODE_8_length_87826_cov_56.427485:52812-53363	CCHHBCMG_01655

DiscRep_SUB:FEATURE_LOCATION_CONFLICT::Coding region xref gene does not exist
prokka_out/CA114720:CDS	hypothetical protein	NODE_8_length_87826_cov_56.427485:53527-54015	CCHHBCMG_01656

DiscRep_SUB:FEATURE_LOCATION_CONFLICT::Coding region xref gene does not exist
prokka_out/CA114720:CDS	hypothetical protein	NODE_8_length_87826_cov_56.427485:54408-54557	CCHHBCMG_01657

DiscRep_SUB:FEATURE_LOCATION_CONFLICT::Coding region xref gene does not exist
prokka_out/CA114720:CDS	hypothetical protein	NODE_8_length_87826_cov_56.427485:54692-54874	CCHHBCMG_01658

DiscRep_SUB:FEATURE_LOCATION_CONFLICT::Coding region xref gene does not exist
prokka_out/CA114720:CDS	N-acetyl-gamma-glutamyl-phosphate reductase	NODE_8_length_87826_cov_56.427485:55484-56512	CCHHBCMG_01659

DiscRep_SUB:FEATURE_LOCATION_CONFLICT::Coding region xref gene does not exist
prokka_out/CA114720:CDS	Acetyltransferase YpeA	NODE_8_length_87826_cov_56.427485:56522-56968	CCHHBCMG_01660

DiscRep_SUB:FEATURE_LOCATION_CONFLICT::Coding region xref gene does not exist
prokka_out/CA114720:CDS	Acetylglutamate kinase	NODE_8_length_87826_cov_56.427485:56978-57817	CCHHBCMG_01661

DiscRep_SUB:FEATURE_LOCATION_CONFLICT::Coding region xref gene does not exist
prokka_out/CA114720:CDS	Acetylornithine aminotransferase	NODE_8_length_87826_cov_56.427485:57827-59008	CCHHBCMG_01662

DiscRep_SUB:FEATURE_LOCATION_CONFLICT::Coding region xref gene does not exist
prokka_out/CA114720:CDS	Protein-L-isoaspartate O-methyltransferase	NODE_8_length_87826_cov_56.427485:c59657-59028	CCHHBCMG_01663

DiscRep_SUB:FEATURE_LOCATION_CONFLICT::Coding region xref gene does not exist
prokka_out/CA114720:CDS	Protein YrdA	NODE_8_length_87826_cov_56.427485:59746-60294	CCHHBCMG_01664

DiscRep_SUB:FEATURE_LOCATION_CONFLICT::Coding region xref gene does not exist
prokka_out/CA114720:CDS	Nicotinate phosphoribosyltransferase pncB2	NODE_8_length_87826_cov_56.427485:c61633-60263	CCHHBCMG_01665

DiscRep_SUB:FEATURE_LOCATION_CONFLICT::Coding region xref gene does not exist
prokka_out/CA114720:CDS	Ribonucleoside-diphosphate reductase subunit beta	NODE_8_length_87826_cov_56.427485:c62645-61623	CCHHBCMG_01666

DiscRep_SUB:FEATURE_LOCATION_CONFLICT::Coding region xref gene does not exist
prokka_out/CA114720:CDS	hypothetical protein	NODE_8_length_87826_cov_56.427485:c63070-62648	CCHHBCMG_01667

DiscRep_SUB:FEATURE_LOCATION_CONFLICT::Coding region xref gene does not exist
prokka_out/CA114720:CDS	Orotate phosphoribosyltransferase	NODE_8_length_87826_cov_56.427485:c63679-63071	CCHHBCMG_01668

DiscRep_SUB:FEATURE_LOCATION_CONFLICT::Coding region xref gene does not exist
prokka_out/CA114720:CDS	Ribosome-recycling factor	NODE_8_length_87826_cov_56.427485:c64239-63682	CCHHBCMG_01669

DiscRep_SUB:FEATURE_LOCATION_CONFLICT::Coding region xref gene does not exist
prokka_out/CA114720:CDS	hypothetical protein	NODE_8_length_87826_cov_56.427485:c64626-64255	CCHHBCMG_01670

DiscRep_SUB:FEATURE_LOCATION_CONFLICT::Coding region xref gene does not exist
prokka_out/CA114720:CDS	Modulator of FtsH protease YccA	NODE_8_length_87826_cov_56.427485:c65425-64730	CCHHBCMG_01671

DiscRep_SUB:FEATURE_LOCATION_CONFLICT::Coding region xref gene does not exist
prokka_out/CA114720:CDS	Carbonic anhydrase 1	NODE_8_length_87826_cov_56.427485:65586-66221	CCHHBCMG_01672

DiscRep_SUB:FEATURE_LOCATION_CONFLICT::Coding region xref gene does not exist
prokka_out/CA114720:CDS	hypothetical protein	NODE_8_length_87826_cov_56.427485:66218-68095	CCHHBCMG_01673

DiscRep_SUB:FEATURE_LOCATION_CONFLICT::Coding region xref gene does not exist
prokka_out/CA114720:CDS	hypothetical protein	NODE_8_length_87826_cov_56.427485:c69094-68123	CCHHBCMG_01674

DiscRep_SUB:FEATURE_LOCATION_CONFLICT::Coding region xref gene does not exist
prokka_out/CA114720:CDS	Cysteine desulfurase IscS	NODE_8_length_87826_cov_56.427485:c70285-69104	CCHHBCMG_01675

DiscRep_SUB:FEATURE_LOCATION_CONFLICT::Coding region xref gene does not exist
prokka_out/CA114720:CDS	Bacteriohemerythrin	NODE_8_length_87826_cov_56.427485:c70864-70463	CCHHBCMG_01676

DiscRep_SUB:FEATURE_LOCATION_CONFLICT::Coding region xref gene does not exist
prokka_out/CA114720:CDS	hypothetical protein	NODE_8_length_87826_cov_56.427485:c72167-71001	CCHHBCMG_01677

DiscRep_SUB:FEATURE_LOCATION_CONFLICT::Coding region xref gene does not exist
prokka_out/CA114720:CDS	hypothetical protein	NODE_8_length_87826_cov_56.427485:72323-72514	CCHHBCMG_01678

DiscRep_SUB:FEATURE_LOCATION_CONFLICT::Coding region xref gene does not exist
prokka_out/CA114720:CDS	50S ribosomal protein L20	NODE_8_length_87826_cov_56.427485:72608-72967	CCHHBCMG_01679

DiscRep_SUB:FEATURE_LOCATION_CONFLICT::Coding region xref gene does not exist
prokka_out/CA114720:CDS	hypothetical protein	NODE_8_length_87826_cov_56.427485:c73552-73355	CCHHBCMG_01680

DiscRep_SUB:FEATURE_LOCATION_CONFLICT::Coding region xref gene does not exist
prokka_out/CA114720:CDS	hypothetical protein	NODE_8_length_87826_cov_56.427485:c74091-73768	CCHHBCMG_01681

DiscRep_SUB:FEATURE_LOCATION_CONFLICT::Coding region xref gene does not exist
prokka_out/CA114720:CDS	hypothetical protein	NODE_8_length_87826_cov_56.427485:c74401-74243	CCHHBCMG_01682

DiscRep_SUB:FEATURE_LOCATION_CONFLICT::Coding region xref gene does not exist
prokka_out/CA114720:CDS	hypothetical protein	NODE_8_length_87826_cov_56.427485:74574-75431	CCHHBCMG_01683

DiscRep_SUB:FEATURE_LOCATION_CONFLICT::Coding region xref gene does not exist
prokka_out/CA114720:CDS	hypothetical protein	NODE_8_length_87826_cov_56.427485:75462-75938	CCHHBCMG_01684

DiscRep_SUB:FEATURE_LOCATION_CONFLICT::Coding region xref gene does not exist
prokka_out/CA114720:CDS	Proline/betaine transporter	NODE_8_length_87826_cov_56.427485:c77217-75907	CCHHBCMG_01685

DiscRep_SUB:FEATURE_LOCATION_CONFLICT::Coding region xref gene does not exist
prokka_out/CA114720:CDS	hypothetical protein	NODE_8_length_87826_cov_56.427485:c77375-77220	CCHHBCMG_01686

DiscRep_SUB:FEATURE_LOCATION_CONFLICT::Coding region xref gene does not exist
prokka_out/CA114720:CDS	Cyclic pyranopterin monophosphate synthase	NODE_8_length_87826_cov_56.427485:77468-77941	CCHHBCMG_01687

DiscRep_SUB:FEATURE_LOCATION_CONFLICT::Coding region xref gene does not exist
prokka_out/CA114720:CDS	hypothetical protein	NODE_8_length_87826_cov_56.427485:77919-78182	CCHHBCMG_01688

DiscRep_SUB:FEATURE_LOCATION_CONFLICT::Coding region xref gene does not exist
prokka_out/CA114720:CDS	hypothetical protein	NODE_8_length_87826_cov_56.427485:78196-79332	CCHHBCMG_01689

DiscRep_SUB:FEATURE_LOCATION_CONFLICT::Coding region xref gene does not exist
prokka_out/CA114720:CDS	Exodeoxyribonuclease	NODE_8_length_87826_cov_56.427485:c80109-79351	CCHHBCMG_01690

DiscRep_SUB:FEATURE_LOCATION_CONFLICT::Coding region xref gene does not exist
prokka_out/CA114720:CDS	Phosphoethanolamine transferase EptA	NODE_8_length_87826_cov_56.427485:80227-81765	CCHHBCMG_01691

DiscRep_SUB:FEATURE_LOCATION_CONFLICT::Coding region xref gene does not exist
prokka_out/CA114720:CDS	Diacylglycerol kinase	NODE_8_length_87826_cov_56.427485:81762-82118	CCHHBCMG_01692

DiscRep_SUB:FEATURE_LOCATION_CONFLICT::Coding region xref gene does not exist
prokka_out/CA114720:CDS	hypothetical protein	NODE_8_length_87826_cov_56.427485:82115-82342	CCHHBCMG_01693

DiscRep_SUB:FEATURE_LOCATION_CONFLICT::Coding region xref gene does not exist
prokka_out/CA114720:CDS	Dihydroorotase	NODE_8_length_87826_cov_56.427485:82352-83347	CCHHBCMG_01694

DiscRep_SUB:FEATURE_LOCATION_CONFLICT::Coding region xref gene does not exist
prokka_out/CA114720:CDS	hypothetical protein	NODE_8_length_87826_cov_56.427485:83357-86506	CCHHBCMG_01695

DiscRep_SUB:FEATURE_LOCATION_CONFLICT::Coding region xref gene does not exist
prokka_out/CA114720:CDS	2-methoxy-6-polyprenyl-1,4-benzoquinol methylase, mitochondrial	NODE_8_length_87826_cov_56.427485:c87222-86512	CCHHBCMG_01696

DiscRep_SUB:FEATURE_LOCATION_CONFLICT::Coding region xref gene does not exist
prokka_out/CA114720:CDS	Methyl-accepting chemotaxis protein McpS	NODE_8_length_87826_cov_56.427485:c87743-87303	CCHHBCMG_01697

DiscRep_SUB:FEATURE_LOCATION_CONFLICT::RNA feature xref gene does not exist
prokka_out/CA114720:tRNA	Glu	NODE_8_length_87826_cov_56.427485:17170-17244	CCHHBCMG_01619

DiscRep_SUB:FEATURE_LOCATION_CONFLICT::Coding region xref gene does not exist
prokka_out/CA114720:CDS	hypothetical protein	NODE_9_length_10804_cov_65.739627:58-1086	CCHHBCMG_01698

DiscRep_SUB:FEATURE_LOCATION_CONFLICT::Coding region xref gene does not exist
prokka_out/CA114720:CDS	hypothetical protein	NODE_9_length_10804_cov_65.739627:1140-2093	CCHHBCMG_01699

DiscRep_SUB:FEATURE_LOCATION_CONFLICT::Coding region xref gene does not exist
prokka_out/CA114720:CDS	hypothetical protein	NODE_9_length_10804_cov_65.739627:2086-3711	CCHHBCMG_01700

DiscRep_SUB:FEATURE_LOCATION_CONFLICT::Coding region xref gene does not exist
prokka_out/CA114720:CDS	hypothetical protein	NODE_9_length_10804_cov_65.739627:3722-4666	CCHHBCMG_01701

DiscRep_SUB:FEATURE_LOCATION_CONFLICT::Coding region xref gene does not exist
prokka_out/CA114720:CDS	hypothetical protein	NODE_9_length_10804_cov_65.739627:4659-6452	CCHHBCMG_01702

DiscRep_SUB:FEATURE_LOCATION_CONFLICT::Coding region xref gene does not exist
prokka_out/CA114720:CDS	hypothetical protein	NODE_9_length_10804_cov_65.739627:6463-7404	CCHHBCMG_01703

DiscRep_SUB:FEATURE_LOCATION_CONFLICT::Coding region xref gene does not exist
prokka_out/CA114720:CDS	hypothetical protein	NODE_9_length_10804_cov_65.739627:7450-7914	CCHHBCMG_01704

DiscRep_SUB:FEATURE_LOCATION_CONFLICT::Coding region xref gene does not exist
prokka_out/CA114720:CDS	hypothetical protein	NODE_9_length_10804_cov_65.739627:7911-9161	CCHHBCMG_01705

DiscRep_SUB:FEATURE_LOCATION_CONFLICT::Coding region xref gene does not exist
prokka_out/CA114720:CDS	hypothetical protein	NODE_9_length_10804_cov_65.739627:9154-10122	CCHHBCMG_01706

DiscRep_SUB:FEATURE_LOCATION_CONFLICT::Coding region xref gene does not exist
prokka_out/CA114720:CDS	hypothetical protein	NODE_9_length_10804_cov_65.739627:10137-10550	CCHHBCMG_01707

DiscRep_SUB:FEATURE_LOCATION_CONFLICT::Coding region xref gene does not exist
prokka_out/CA114720:CDS	hypothetical protein	NODE_9_length_10804_cov_65.739627:10516-10704	CCHHBCMG_01708

DiscRep_SUB:FEATURE_LOCATION_CONFLICT::RNA feature xref gene does not exist
prokka_out/CA114720:rRNA	16S ribosomal RNA	NODE_10_length_5798_cov_259.193264:409-1918	CCHHBCMG_01709

DiscRep_SUB:FEATURE_LOCATION_CONFLICT::RNA feature xref gene does not exist
prokka_out/CA114720:tRNA	Ala	NODE_10_length_5798_cov_259.193264:2022-2097	CCHHBCMG_01710

DiscRep_SUB:FEATURE_LOCATION_CONFLICT::RNA feature xref gene does not exist
prokka_out/CA114720:tRNA	Ile	NODE_10_length_5798_cov_259.193264:2106-2182	CCHHBCMG_01711

DiscRep_SUB:FEATURE_LOCATION_CONFLICT::RNA feature xref gene does not exist
prokka_out/CA114720:rRNA	23S ribosomal RNA	NODE_10_length_5798_cov_259.193264:2714-5763	CCHHBCMG_01712

DiscRep_SUB:FEATURE_LOCATION_CONFLICT::Coding region xref gene does not exist
prokka_out/CA114720:CDS	hypothetical protein	NODE_11_length_3380_cov_95.668614:c736-179	CCHHBCMG_01713

DiscRep_SUB:FEATURE_LOCATION_CONFLICT::Coding region xref gene does not exist
prokka_out/CA114720:CDS	hypothetical protein	NODE_11_length_3380_cov_95.668614:c1137-751	CCHHBCMG_01714

DiscRep_SUB:FEATURE_LOCATION_CONFLICT::Coding region xref gene does not exist
prokka_out/CA114720:CDS	hypothetical protein	NODE_11_length_3380_cov_95.668614:c2083-1127	CCHHBCMG_01715

DiscRep_SUB:FEATURE_LOCATION_CONFLICT::Coding region xref gene does not exist
prokka_out/CA114720:CDS	hypothetical protein	NODE_11_length_3380_cov_95.668614:c2509-2132	CCHHBCMG_01716

DiscRep_SUB:FEATURE_LOCATION_CONFLICT::Coding region xref gene does not exist
prokka_out/CA114720:CDS	hypothetical protein	NODE_11_length_3380_cov_95.668614:c3279-2713	CCHHBCMG_01717

DiscRep_SUB:FEATURE_LOCATION_CONFLICT::Coding region xref gene does not exist
prokka_out/CA114720:CDS	hypothetical protein	NODE_12_length_1987_cov_37.722581:c887-255	CCHHBCMG_01718

DiscRep_SUB:FEATURE_LOCATION_CONFLICT::Coding region xref gene does not exist
prokka_out/CA114720:CDS	hypothetical protein	NODE_12_length_1987_cov_37.722581:c1237-887	CCHHBCMG_01719

DiscRep_SUB:FEATURE_LOCATION_CONFLICT::Coding region xref gene does not exist
prokka_out/CA114720:CDS	hypothetical protein	NODE_12_length_1987_cov_37.722581:c1886-1320	CCHHBCMG_01720

DiscRep_SUB:FEATURE_LOCATION_CONFLICT::Coding region xref gene does not exist
prokka_out/CA114720:CDS	Flagellin A	NODE_14_length_913_cov_97.374046:c821-486	CCHHBCMG_01721

DiscRep_SUB:FEATURE_LOCATION_CONFLICT::Coding region xref gene does not exist
prokka_out/CA114720:CDS	hypothetical protein	NODE_15_length_737_cov_67.244262:c695-438	CCHHBCMG_01722

DiscRep_SUB:FEATURE_LOCATION_CONFLICT::Coding region xref gene does not exist
prokka_out/CA114720:CDS	hypothetical protein	NODE_18_length_569_cov_40.151584:43-315	CCHHBCMG_01723

DiscRep_SUB:FEATURE_LOCATION_CONFLICT::Coding region xref gene does not exist
prokka_out/CA114720:CDS	hypothetical protein	NODE_22_length_473_cov_154.167630:5-448	CCHHBCMG_01724

DiscRep_ALL:OVERLAPPING_CDS::16 coding regions overlap another coding region with a similar or identical name.
DiscRep_SUB:OVERLAPPING_CDS::16 coding regions overlap another coding region with a similar or identical name that do not have the appropriate note text
prokka_out/CA114720:CDS	Undecaprenyl-phosphate 4-deoxy-4-formamido-L-arabinose transferase	NODE_1_length_324161_cov_58.071320:183440-184648	CCHHBCMG_00190
prokka_out/CA114720:CDS	Undecaprenyl-phosphate 4-deoxy-4-formamido-L-arabinose transferase	NODE_1_length_324161_cov_58.071320:184641-185528	CCHHBCMG_00191
prokka_out/CA114720:CDS	8-methylmenaquinol:fumarate reductase iron-sulfur subunit	NODE_2_length_271635_cov_57.555321:6683-6916	CCHHBCMG_00338
prokka_out/CA114720:CDS	8-methylmenaquinol:fumarate reductase iron-sulfur subunit	NODE_2_length_271635_cov_57.555321:6901-7332	CCHHBCMG_00339
prokka_out/CA114720:CDS	Bifunctional DNA-directed RNA polymerase subunit beta-beta'	NODE_2_length_271635_cov_57.555321:38491-42618	CCHHBCMG_00383
prokka_out/CA114720:CDS	Bifunctional DNA-directed RNA polymerase subunit beta-beta'	NODE_2_length_271635_cov_57.555321:42611-47164	CCHHBCMG_00384
prokka_out/CA114720:CDS	Potassium-transporting ATPase potassium-binding subunit	NODE_2_length_271635_cov_57.555321:213325-213642	CCHHBCMG_00560
prokka_out/CA114720:CDS	Potassium-transporting ATPase potassium-binding subunit	NODE_2_length_271635_cov_57.555321:213608-213898	CCHHBCMG_00561
prokka_out/CA114720:CDS	Potassium-transporting ATPase potassium-binding subunit	NODE_2_length_271635_cov_57.555321:214002-214235	CCHHBCMG_00562
prokka_out/CA114720:CDS	Potassium-transporting ATPase potassium-binding subunit	NODE_2_length_271635_cov_57.555321:214202-214489	CCHHBCMG_00563
prokka_out/CA114720:CDS	Arylsulfate sulfotransferase AssT	NODE_3_length_264240_cov_55.000500:c158370-158101	CCHHBCMG_00798
prokka_out/CA114720:CDS	Arylsulfate sulfotransferase AssT	NODE_3_length_264240_cov_55.000500:c159196-158321	CCHHBCMG_00799
prokka_out/CA114720:CDS	Putative cryptic C4-dicarboxylate transporter DcuD	NODE_4_length_223668_cov_61.855060:c32442-31924	CCHHBCMG_00935
prokka_out/CA114720:CDS	Putative cryptic C4-dicarboxylate transporter DcuD	NODE_4_length_223668_cov_61.855060:c33094-32435	CCHHBCMG_00936
prokka_out/CA114720:CDS	Na(+)/H(+) antiporter NhaA	NODE_5_length_181371_cov_62.490394:c86799-85630	CCHHBCMG_01220
prokka_out/CA114720:CDS	Na(+)/H(+) antiporter NhaA	NODE_5_length_181371_cov_62.490394:c87944-86796	CCHHBCMG_01221

DiscRep_ALL:SUSPECT_PRODUCT_NAMES::4 product_names contain suspect phrase or characters
DiscRep_SUB:SUSPECT_PRODUCT_NAMES::Suspicious phrase; should this be nonfunctional?
DiscRep_SUB:SUSPECT_PRODUCT_NAMES::1 features contains 'truncat'
prokka_out/CA114720:CDS	Group 3 truncated hemoglobin ctb	NODE_2_length_271635_cov_57.555321:c30444-30061	CCHHBCMG_00365

DiscRep_SUB:SUSPECT_PRODUCT_NAMES::May contain database identifier more appropriate in note; remove from product name
DiscRep_SUB:SUSPECT_PRODUCT_NAMES::1 features contains three or more numbers together that may be identifiers more appropriate in note
prokka_out/CA114720:CDS	Beta-lactamase OXA-133	NODE_6_length_155835_cov_57.527205:33939-34685	CCHHBCMG_01356

DiscRep_SUB:SUSPECT_PRODUCT_NAMES::Use short product name instead of descriptive phrase
DiscRep_SUB:SUSPECT_PRODUCT_NAMES::2 features Is longer than 100 characters. Remove descriptive phrases or synonyms from product names. Keep valid long product names, eg long enzyme names
prokka_out/CA114720:CDS	GalNAc-alpha-(1->4)-GalNAc-alpha-(1->3)-diNAcBac-PP-undecaprenol alpha-1,4-N-acetyl-D-galactosaminyltransferase	NODE_1_length_324161_cov_58.071320:192538-193617	CCHHBCMG_00198
prokka_out/CA114720:CDS	N-acetylgalactosamine-N,N'-diacetylbacillosaminyl-diphospho-undecaprenol 4-alpha-N-acetylgalactosaminyltransferase	NODE_1_length_324161_cov_58.071320:194527-195624	CCHHBCMG_00200

FATAL: DiscRep_ALL:EC_NUMBER_ON_UNKNOWN_PROTEIN::1 protein features have an EC number and a protein name of 'unknown protein' or 'hypothetical protein'
prokka_out/CA114720:CDS	hypothetical protein	NODE_3_length_264240_cov_55.000500:208797-209393	CCHHBCMG_00851

DiscRep_ALL:NO_ANNOTATION::13 bioseqs have no features
prokka_out/CA114720:NODE_13_length_1511_cov_144.447977 (length 1511)
prokka_out/CA114720:NODE_16_length_675_cov_75.421533 (length 675)
prokka_out/CA114720:NODE_17_length_663_cov_125.330224 (length 663)
prokka_out/CA114720:NODE_19_length_519_cov_246.392857 (length 519)
prokka_out/CA114720:NODE_28_length_442_cov_186.977778 (length 442)
prokka_out/CA114720:NODE_31_length_436_cov_57.019417 (length 436)
prokka_out/CA114720:NODE_35_length_418_cov_58.683849 (length 418)
prokka_out/CA114720:NODE_37_length_416_cov_53.010381 (length 416)
prokka_out/CA114720:NODE_44_length_395_cov_87.074627 (length 395)
prokka_out/CA114720:NODE_52_length_351_cov_73.669643 (length 351)
prokka_out/CA114720:NODE_53_length_258_cov_94.946565 (length 258)
prokka_out/CA114720:NODE_54_length_255_cov_161.273438 (length 255)
prokka_out/CA114720:NODE_55_length_255_cov_105.187500 (length 255)

DiscRep_ALL:DISC_QUALITY_SCORES::Quality scores are missing on all sequences.

DiscRep_ALL:ONCALLER_COMMENT_PRESENT::29 comment descriptors were found (all same)
prokka_out/CA114720:NODE_1_length_324161_cov_58.071320:Annotated using prokka 1.14.6 from https://github.com/tseemann/prokka
prokka_out/CA114720:NODE_2_length_271635_cov_57.555321:Annotated using prokka 1.14.6 from https://github.com/tseemann/prokka
prokka_out/CA114720:NODE_3_length_264240_cov_55.000500:Annotated using prokka 1.14.6 from https://github.com/tseemann/prokka
prokka_out/CA114720:NODE_4_length_223668_cov_61.855060:Annotated using prokka 1.14.6 from https://github.com/tseemann/prokka
prokka_out/CA114720:NODE_5_length_181371_cov_62.490394:Annotated using prokka 1.14.6 from https://github.com/tseemann/prokka
prokka_out/CA114720:NODE_6_length_155835_cov_57.527205:Annotated using prokka 1.14.6 from https://github.com/tseemann/prokka
prokka_out/CA114720:NODE_7_length_101298_cov_59.651501:Annotated using prokka 1.14.6 from https://github.com/tseemann/prokka
prokka_out/CA114720:NODE_8_length_87826_cov_56.427485:Annotated using prokka 1.14.6 from https://github.com/tseemann/prokka
prokka_out/CA114720:NODE_9_length_10804_cov_65.739627:Annotated using prokka 1.14.6 from https://github.com/tseemann/prokka
prokka_out/CA114720:NODE_10_length_5798_cov_259.193264:Annotated using prokka 1.14.6 from https://github.com/tseemann/prokka
prokka_out/CA114720:NODE_11_length_3380_cov_95.668614:Annotated using prokka 1.14.6 from https://github.com/tseemann/prokka
prokka_out/CA114720:NODE_12_length_1987_cov_37.722581:Annotated using prokka 1.14.6 from https://github.com/tseemann/prokka
prokka_out/CA114720:NODE_13_length_1511_cov_144.447977:Annotated using prokka 1.14.6 from https://github.com/tseemann/prokka
prokka_out/CA114720:NODE_14_length_913_cov_97.374046:Annotated using prokka 1.14.6 from https://github.com/tseemann/prokka
prokka_out/CA114720:NODE_15_length_737_cov_67.244262:Annotated using prokka 1.14.6 from https://github.com/tseemann/prokka
prokka_out/CA114720:NODE_16_length_675_cov_75.421533:Annotated using prokka 1.14.6 from https://github.com/tseemann/prokka
prokka_out/CA114720:NODE_17_length_663_cov_125.330224:Annotated using prokka 1.14.6 from https://github.com/tseemann/prokka
prokka_out/CA114720:NODE_18_length_569_cov_40.151584:Annotated using prokka 1.14.6 from https://github.com/tseemann/prokka
prokka_out/CA114720:NODE_19_length_519_cov_246.392857:Annotated using prokka 1.14.6 from https://github.com/tseemann/prokka
prokka_out/CA114720:NODE_22_length_473_cov_154.167630:Annotated using prokka 1.14.6 from https://github.com/tseemann/prokka
prokka_out/CA114720:NODE_28_length_442_cov_186.977778:Annotated using prokka 1.14.6 from https://github.com/tseemann/prokka
prokka_out/CA114720:NODE_31_length_436_cov_57.019417:Annotated using prokka 1.14.6 from https://github.com/tseemann/prokka
prokka_out/CA114720:NODE_35_length_418_cov_58.683849:Annotated using prokka 1.14.6 from https://github.com/tseemann/prokka
prokka_out/CA114720:NODE_37_length_416_cov_53.010381:Annotated using prokka 1.14.6 from https://github.com/tseemann/prokka
prokka_out/CA114720:NODE_44_length_395_cov_87.074627:Annotated using prokka 1.14.6 from https://github.com/tseemann/prokka
prokka_out/CA114720:NODE_52_length_351_cov_73.669643:Annotated using prokka 1.14.6 from https://github.com/tseemann/prokka
prokka_out/CA114720:NODE_53_length_258_cov_94.946565:Annotated using prokka 1.14.6 from https://github.com/tseemann/prokka
prokka_out/CA114720:NODE_54_length_255_cov_161.273438:Annotated using prokka 1.14.6 from https://github.com/tseemann/prokka
prokka_out/CA114720:NODE_55_length_255_cov_105.187500:Annotated using prokka 1.14.6 from https://github.com/tseemann/prokka

DiscRep_ALL:SHORT_PROT_SEQUENCES::19 protein sequences are shorter than 50 aa.
prokka_out/CA114720:NODE_1_length_324161_cov_58.071320_30 (length 48)
prokka_out/CA114720:NODE_1_length_324161_cov_58.071320_2> (length 36)
prokka_out/CA114720:NODE_2_length_271635_cov_57.555321_53 (length 48)
prokka_out/CA114720:NODE_2_length_271635_cov_57.555321_1> (length 31)
prokka_out/CA114720:NODE_3_length_264240_cov_55.000500_24 (length 40)
prokka_out/CA114720:NODE_3_length_264240_cov_55.000500_27 (length 46)
prokka_out/CA114720:NODE_3_length_264240_cov_55.000500_29 (length 47)
prokka_out/CA114720:NODE_3_length_264240_cov_55.000500_30 (length 38)
prokka_out/CA114720:NODE_3_length_264240_cov_55.000500_36 (length 35)
prokka_out/CA114720:NODE_3_length_264240_cov_55.000500_79 (length 44)
prokka_out/CA114720:NODE_3_length_264240_cov_55.000500_1> (length 48)
prokka_out/CA114720:NODE_3_length_264240_cov_55.000500_1> (length 46)
prokka_out/CA114720:NODE_4_length_223668_cov_61.855060_37 (length 33)
prokka_out/CA114720:NODE_4_length_223668_cov_61.855060_84 (length 33)
prokka_out/CA114720:NODE_5_length_181371_cov_62.490394_1> (length 32)
prokka_out/CA114720:NODE_6_length_155835_cov_57.527205_62 (length 48)
prokka_out/CA114720:NODE_7_length_101298_cov_59.651501_61 (length 34)
prokka_out/CA114720:NODE_8_length_87826_cov_56.427485_29 (length 36)
prokka_out/CA114720:NODE_8_length_87826_cov_56.427485_60 (length 49)

DiscRep_ALL:MISSING_GENOMEASSEMBLY_COMMENTS::29 bioseqs are missing GenomeAssembly structured comments
prokka_out/CA114720:NODE_1_length_324161_cov_58.071320 (length 324161)
prokka_out/CA114720:NODE_2_length_271635_cov_57.555321 (length 271635)
prokka_out/CA114720:NODE_3_length_264240_cov_55.000500 (length 264240)
prokka_out/CA114720:NODE_4_length_223668_cov_61.855060 (length 223668)
prokka_out/CA114720:NODE_5_length_181371_cov_62.490394 (length 181371)
prokka_out/CA114720:NODE_6_length_155835_cov_57.527205 (length 155835)
prokka_out/CA114720:NODE_7_length_101298_cov_59.651501 (length 101298)
prokka_out/CA114720:NODE_8_length_87826_cov_56.427485 (length 87826)
prokka_out/CA114720:NODE_9_length_10804_cov_65.739627 (length 10804)
prokka_out/CA114720:NODE_10_length_5798_cov_259.193264 (length 5798)
prokka_out/CA114720:NODE_11_length_3380_cov_95.668614 (length 3380)
prokka_out/CA114720:NODE_12_length_1987_cov_37.722581 (length 1987)
prokka_out/CA114720:NODE_13_length_1511_cov_144.447977 (length 1511)
prokka_out/CA114720:NODE_14_length_913_cov_97.374046 (length 913)
prokka_out/CA114720:NODE_15_length_737_cov_67.244262 (length 737)
prokka_out/CA114720:NODE_16_length_675_cov_75.421533 (length 675)
prokka_out/CA114720:NODE_17_length_663_cov_125.330224 (length 663)
prokka_out/CA114720:NODE_18_length_569_cov_40.151584 (length 569)
prokka_out/CA114720:NODE_19_length_519_cov_246.392857 (length 519)
prokka_out/CA114720:NODE_22_length_473_cov_154.167630 (length 473)
prokka_out/CA114720:NODE_28_length_442_cov_186.977778 (length 442)
prokka_out/CA114720:NODE_31_length_436_cov_57.019417 (length 436)
prokka_out/CA114720:NODE_35_length_418_cov_58.683849 (length 418)
prokka_out/CA114720:NODE_37_length_416_cov_53.010381 (length 416)
prokka_out/CA114720:NODE_44_length_395_cov_87.074627 (length 395)
prokka_out/CA114720:NODE_52_length_351_cov_73.669643 (length 351)
prokka_out/CA114720:NODE_53_length_258_cov_94.946565 (length 258)
prokka_out/CA114720:NODE_54_length_255_cov_161.273438 (length 255)
prokka_out/CA114720:NODE_55_length_255_cov_105.187500 (length 255)

DiscRep_ALL:MOLTYPE_NOT_MRNA::29 molecule types are not set as mRNA.
prokka_out/CA114720:NODE_1_length_324161_cov_58.071320 (length 324161)
prokka_out/CA114720:NODE_2_length_271635_cov_57.555321 (length 271635)
prokka_out/CA114720:NODE_3_length_264240_cov_55.000500 (length 264240)
prokka_out/CA114720:NODE_4_length_223668_cov_61.855060 (length 223668)
prokka_out/CA114720:NODE_5_length_181371_cov_62.490394 (length 181371)
prokka_out/CA114720:NODE_6_length_155835_cov_57.527205 (length 155835)
prokka_out/CA114720:NODE_7_length_101298_cov_59.651501 (length 101298)
prokka_out/CA114720:NODE_8_length_87826_cov_56.427485 (length 87826)
prokka_out/CA114720:NODE_9_length_10804_cov_65.739627 (length 10804)
prokka_out/CA114720:NODE_10_length_5798_cov_259.193264 (length 5798)
prokka_out/CA114720:NODE_11_length_3380_cov_95.668614 (length 3380)
prokka_out/CA114720:NODE_12_length_1987_cov_37.722581 (length 1987)
prokka_out/CA114720:NODE_13_length_1511_cov_144.447977 (length 1511)
prokka_out/CA114720:NODE_14_length_913_cov_97.374046 (length 913)
prokka_out/CA114720:NODE_15_length_737_cov_67.244262 (length 737)
prokka_out/CA114720:NODE_16_length_675_cov_75.421533 (length 675)
prokka_out/CA114720:NODE_17_length_663_cov_125.330224 (length 663)
prokka_out/CA114720:NODE_18_length_569_cov_40.151584 (length 569)
prokka_out/CA114720:NODE_19_length_519_cov_246.392857 (length 519)
prokka_out/CA114720:NODE_22_length_473_cov_154.167630 (length 473)
prokka_out/CA114720:NODE_28_length_442_cov_186.977778 (length 442)
prokka_out/CA114720:NODE_31_length_436_cov_57.019417 (length 436)
prokka_out/CA114720:NODE_35_length_418_cov_58.683849 (length 418)
prokka_out/CA114720:NODE_37_length_416_cov_53.010381 (length 416)
prokka_out/CA114720:NODE_44_length_395_cov_87.074627 (length 395)
prokka_out/CA114720:NODE_52_length_351_cov_73.669643 (length 351)
prokka_out/CA114720:NODE_53_length_258_cov_94.946565 (length 258)
prokka_out/CA114720:NODE_54_length_255_cov_161.273438 (length 255)
prokka_out/CA114720:NODE_55_length_255_cov_105.187500 (length 255)

DiscRep_ALL:TECHNIQUE_NOT_TSA::29 technique are not set as TSA
prokka_out/CA114720:NODE_1_length_324161_cov_58.071320 (length 324161)
prokka_out/CA114720:NODE_2_length_271635_cov_57.555321 (length 271635)
prokka_out/CA114720:NODE_3_length_264240_cov_55.000500 (length 264240)
prokka_out/CA114720:NODE_4_length_223668_cov_61.855060 (length 223668)
prokka_out/CA114720:NODE_5_length_181371_cov_62.490394 (length 181371)
prokka_out/CA114720:NODE_6_length_155835_cov_57.527205 (length 155835)
prokka_out/CA114720:NODE_7_length_101298_cov_59.651501 (length 101298)
prokka_out/CA114720:NODE_8_length_87826_cov_56.427485 (length 87826)
prokka_out/CA114720:NODE_9_length_10804_cov_65.739627 (length 10804)
prokka_out/CA114720:NODE_10_length_5798_cov_259.193264 (length 5798)
prokka_out/CA114720:NODE_11_length_3380_cov_95.668614 (length 3380)
prokka_out/CA114720:NODE_12_length_1987_cov_37.722581 (length 1987)
prokka_out/CA114720:NODE_13_length_1511_cov_144.447977 (length 1511)
prokka_out/CA114720:NODE_14_length_913_cov_97.374046 (length 913)
prokka_out/CA114720:NODE_15_length_737_cov_67.244262 (length 737)
prokka_out/CA114720:NODE_16_length_675_cov_75.421533 (length 675)
prokka_out/CA114720:NODE_17_length_663_cov_125.330224 (length 663)
prokka_out/CA114720:NODE_18_length_569_cov_40.151584 (length 569)
prokka_out/CA114720:NODE_19_length_519_cov_246.392857 (length 519)
prokka_out/CA114720:NODE_22_length_473_cov_154.167630 (length 473)
prokka_out/CA114720:NODE_28_length_442_cov_186.977778 (length 442)
prokka_out/CA114720:NODE_31_length_436_cov_57.019417 (length 436)
prokka_out/CA114720:NODE_35_length_418_cov_58.683849 (length 418)
prokka_out/CA114720:NODE_37_length_416_cov_53.010381 (length 416)
prokka_out/CA114720:NODE_44_length_395_cov_87.074627 (length 395)
prokka_out/CA114720:NODE_52_length_351_cov_73.669643 (length 351)
prokka_out/CA114720:NODE_53_length_258_cov_94.946565 (length 258)
prokka_out/CA114720:NODE_54_length_255_cov_161.273438 (length 255)
prokka_out/CA114720:NODE_55_length_255_cov_105.187500 (length 255)

DiscRep_ALL:MISSING_STRUCTURED_COMMENT::29 sequences do not include structured comments.
prokka_out/CA114720:NODE_1_length_324161_cov_58.071320 (length 324161)
prokka_out/CA114720:NODE_2_length_271635_cov_57.555321 (length 271635)
prokka_out/CA114720:NODE_3_length_264240_cov_55.000500 (length 264240)
prokka_out/CA114720:NODE_4_length_223668_cov_61.855060 (length 223668)
prokka_out/CA114720:NODE_5_length_181371_cov_62.490394 (length 181371)
prokka_out/CA114720:NODE_6_length_155835_cov_57.527205 (length 155835)
prokka_out/CA114720:NODE_7_length_101298_cov_59.651501 (length 101298)
prokka_out/CA114720:NODE_8_length_87826_cov_56.427485 (length 87826)
prokka_out/CA114720:NODE_9_length_10804_cov_65.739627 (length 10804)
prokka_out/CA114720:NODE_10_length_5798_cov_259.193264 (length 5798)
prokka_out/CA114720:NODE_11_length_3380_cov_95.668614 (length 3380)
prokka_out/CA114720:NODE_12_length_1987_cov_37.722581 (length 1987)
prokka_out/CA114720:NODE_13_length_1511_cov_144.447977 (length 1511)
prokka_out/CA114720:NODE_14_length_913_cov_97.374046 (length 913)
prokka_out/CA114720:NODE_15_length_737_cov_67.244262 (length 737)
prokka_out/CA114720:NODE_16_length_675_cov_75.421533 (length 675)
prokka_out/CA114720:NODE_17_length_663_cov_125.330224 (length 663)
prokka_out/CA114720:NODE_18_length_569_cov_40.151584 (length 569)
prokka_out/CA114720:NODE_19_length_519_cov_246.392857 (length 519)
prokka_out/CA114720:NODE_22_length_473_cov_154.167630 (length 473)
prokka_out/CA114720:NODE_28_length_442_cov_186.977778 (length 442)
prokka_out/CA114720:NODE_31_length_436_cov_57.019417 (length 436)
prokka_out/CA114720:NODE_35_length_418_cov_58.683849 (length 418)
prokka_out/CA114720:NODE_37_length_416_cov_53.010381 (length 416)
prokka_out/CA114720:NODE_44_length_395_cov_87.074627 (length 395)
prokka_out/CA114720:NODE_52_length_351_cov_73.669643 (length 351)
prokka_out/CA114720:NODE_53_length_258_cov_94.946565 (length 258)
prokka_out/CA114720:NODE_54_length_255_cov_161.273438 (length 255)
prokka_out/CA114720:NODE_55_length_255_cov_105.187500 (length 255)

DiscRep_ALL:MISSING_PROJECT::1709 sequences do not include project.
prokka_out/CA114720:NODE_1_length_324161_cov_58.071320 (length 324161)
prokka_out/CA114720:NODE_1_length_324161_cov_58.071320_1 (length 389)
prokka_out/CA114720:NODE_1_length_324161_cov_58.071320_2 (length 635)
prokka_out/CA114720:NODE_1_length_324161_cov_58.071320_3 (length 645)
prokka_out/CA114720:NODE_1_length_324161_cov_58.071320_4 (length 626)
prokka_out/CA114720:NODE_1_length_324161_cov_58.071320_5 (length 647)
prokka_out/CA114720:NODE_1_length_324161_cov_58.071320_6 (length 256)
prokka_out/CA114720:NODE_1_length_324161_cov_58.071320_7 (length 235)
prokka_out/CA114720:NODE_1_length_324161_cov_58.071320_8 (length 301)
prokka_out/CA114720:NODE_1_length_324161_cov_58.071320_9 (length 341)
prokka_out/CA114720:NODE_1_length_324161_cov_58.071320_10 (length 384)
prokka_out/CA114720:NODE_1_length_324161_cov_58.071320_11 (length 334)
prokka_out/CA114720:NODE_1_length_324161_cov_58.071320_12 (length 373)
prokka_out/CA114720:NODE_1_length_324161_cov_58.071320_13 (length 236)
prokka_out/CA114720:NODE_1_length_324161_cov_58.071320_14 (length 93)
prokka_out/CA114720:NODE_1_length_324161_cov_58.071320_15 (length 74)
prokka_out/CA114720:NODE_1_length_324161_cov_58.071320_16 (length 384)
prokka_out/CA114720:NODE_1_length_324161_cov_58.071320_17 (length 323)
prokka_out/CA114720:NODE_1_length_324161_cov_58.071320_18 (length 343)
prokka_out/CA114720:NODE_1_length_324161_cov_58.071320_19 (length 378)
prokka_out/CA114720:NODE_1_length_324161_cov_58.071320_20 (length 201)
prokka_out/CA114720:NODE_1_length_324161_cov_58.071320_21 (length 248)
prokka_out/CA114720:NODE_1_length_324161_cov_58.071320_22 (length 157)
prokka_out/CA114720:NODE_1_length_324161_cov_58.071320_23 (length 274)
prokka_out/CA114720:NODE_1_length_324161_cov_58.071320_24 (length 232)
prokka_out/CA114720:NODE_1_length_324161_cov_58.071320_25 (length 403)
prokka_out/CA114720:NODE_1_length_324161_cov_58.071320_26 (length 339)
prokka_out/CA114720:NODE_1_length_324161_cov_58.071320_27 (length 101)
prokka_out/CA114720:NODE_1_length_324161_cov_58.071320_28 (length 238)
prokka_out/CA114720:NODE_1_length_324161_cov_58.071320_29 (length 75)
prokka_out/CA114720:NODE_1_length_324161_cov_58.071320_30 (length 48)
prokka_out/CA114720:NODE_1_length_324161_cov_58.071320_31 (length 72)
prokka_out/CA114720:NODE_1_length_324161_cov_58.071320_32 (length 105)
prokka_out/CA114720:NODE_1_length_324161_cov_58.071320_33 (length 241)
prokka_out/CA114720:NODE_1_length_324161_cov_58.071320_34 (length 502)
prokka_out/CA114720:NODE_1_length_324161_cov_58.071320_35 (length 205)
prokka_out/CA114720:NODE_1_length_324161_cov_58.071320_36 (length 196)
prokka_out/CA114720:NODE_1_length_324161_cov_58.071320_37 (length 73)
prokka_out/CA114720:NODE_1_length_324161_cov_58.071320_38 (length 353)
prokka_out/CA114720:NODE_1_length_324161_cov_58.071320_39 (length 520)
prokka_out/CA114720:NODE_1_length_324161_cov_58.071320_40 (length 138)
prokka_out/CA114720:NODE_1_length_324161_cov_58.071320_41 (length 297)
prokka_out/CA114720:NODE_1_length_324161_cov_58.071320_42 (length 76)
prokka_out/CA114720:NODE_1_length_324161_cov_58.071320_43 (length 263)
prokka_out/CA114720:NODE_1_length_324161_cov_58.071320_44 (length 312)
prokka_out/CA114720:NODE_1_length_324161_cov_58.071320_45 (length 64)
prokka_out/CA114720:NODE_1_length_324161_cov_58.071320_46 (length 376)
prokka_out/CA114720:NODE_1_length_324161_cov_58.071320_47 (length 334)
prokka_out/CA114720:NODE_1_length_324161_cov_58.071320_48 (length 186)
prokka_out/CA114720:NODE_1_length_324161_cov_58.071320_49 (length 151)
prokka_out/CA114720:NODE_1_length_324161_cov_58.071320_50 (length 443)
prokka_out/CA114720:NODE_1_length_324161_cov_58.071320_51 (length 271)
prokka_out/CA114720:NODE_1_length_324161_cov_58.071320_52 (length 463)
prokka_out/CA114720:NODE_1_length_324161_cov_58.071320_53 (length 411)
prokka_out/CA114720:NODE_1_length_324161_cov_58.071320_54 (length 208)
prokka_out/CA114720:NODE_1_length_324161_cov_58.071320_55 (length 223)
prokka_out/CA114720:NODE_1_length_324161_cov_58.071320_56 (length 216)
prokka_out/CA114720:NODE_1_length_324161_cov_58.071320_57 (length 447)
prokka_out/CA114720:NODE_1_length_324161_cov_58.071320_58 (length 366)
prokka_out/CA114720:NODE_1_length_324161_cov_58.071320_59 (length 322)
prokka_out/CA114720:NODE_1_length_324161_cov_58.071320_60 (length 410)
prokka_out/CA114720:NODE_1_length_324161_cov_58.071320_61 (length 392)
prokka_out/CA114720:NODE_1_length_324161_cov_58.071320_62 (length 221)
prokka_out/CA114720:NODE_1_length_324161_cov_58.071320_63 (length 268)
prokka_out/CA114720:NODE_1_length_324161_cov_58.071320_64 (length 397)
prokka_out/CA114720:NODE_1_length_324161_cov_58.071320_65 (length 239)
prokka_out/CA114720:NODE_1_length_324161_cov_58.071320_66 (length 74)
prokka_out/CA114720:NODE_1_length_324161_cov_58.071320_67 (length 731)
prokka_out/CA114720:NODE_1_length_324161_cov_58.071320_68 (length 401)
prokka_out/CA114720:NODE_1_length_324161_cov_58.071320_69 (length 363)
prokka_out/CA114720:NODE_1_length_324161_cov_58.071320_70 (length 659)
prokka_out/CA114720:NODE_1_length_324161_cov_58.071320_71 (length 613)
prokka_out/CA114720:NODE_1_length_324161_cov_58.071320_72 (length 379)
prokka_out/CA114720:NODE_1_length_324161_cov_58.071320_73 (length 571)
prokka_out/CA114720:NODE_1_length_324161_cov_58.071320_74 (length 230)
prokka_out/CA114720:NODE_1_length_324161_cov_58.071320_75 (length 167)
prokka_out/CA114720:NODE_1_length_324161_cov_58.071320_76 (length 190)
prokka_out/CA114720:NODE_1_length_324161_cov_58.071320_77 (length 411)
prokka_out/CA114720:NODE_1_length_324161_cov_58.071320_78 (length 223)
prokka_out/CA114720:NODE_1_length_324161_cov_58.071320_79 (length 373)
prokka_out/CA114720:NODE_1_length_324161_cov_58.071320_80 (length 431)
prokka_out/CA114720:NODE_1_length_324161_cov_58.071320_81 (length 151)
prokka_out/CA114720:NODE_1_length_324161_cov_58.071320_82 (length 394)
prokka_out/CA114720:NODE_1_length_324161_cov_58.071320_83 (length 220)
prokka_out/CA114720:NODE_1_length_324161_cov_58.071320_84 (length 160)
prokka_out/CA114720:NODE_1_length_324161_cov_58.071320_85 (length 719)
prokka_out/CA114720:NODE_1_length_324161_cov_58.071320_86 (length 682)
prokka_out/CA114720:NODE_1_length_324161_cov_58.071320_87 (length 150)
prokka_out/CA114720:NODE_1_length_324161_cov_58.071320_88 (length 416)
prokka_out/CA114720:NODE_1_length_324161_cov_58.071320_89 (length 486)
prokka_out/CA114720:NODE_1_length_324161_cov_58.071320_90 (length 511)
prokka_out/CA114720:NODE_1_length_324161_cov_58.071320_91 (length 164)
prokka_out/CA114720:NODE_1_length_324161_cov_58.071320_92 (length 600)
prokka_out/CA114720:NODE_1_length_324161_cov_58.071320_93 (length 398)
prokka_out/CA114720:NODE_1_length_324161_cov_58.071320_94 (length 300)
prokka_out/CA114720:NODE_1_length_324161_cov_58.071320_95 (length 340)
prokka_out/CA114720:NODE_1_length_324161_cov_58.071320_96 (length 106)
prokka_out/CA114720:NODE_1_length_324161_cov_58.071320_97 (length 399)
prokka_out/CA114720:NODE_1_length_324161_cov_58.071320_98 (length 200)
prokka_out/CA114720:NODE_1_length_324161_cov_58.071320_99 (length 364)
prokka_out/CA114720:NODE_1_length_324161_cov_58.071320_1> (length 257)
prokka_out/CA114720:NODE_1_length_324161_cov_58.071320_1> (length 324)
prokka_out/CA114720:NODE_1_length_324161_cov_58.071320_1> (length 316)
prokka_out/CA114720:NODE_1_length_324161_cov_58.071320_1> (length 273)
prokka_out/CA114720:NODE_1_length_324161_cov_58.071320_1> (length 664)
prokka_out/CA114720:NODE_1_length_324161_cov_58.071320_1> (length 206)
prokka_out/CA114720:NODE_1_length_324161_cov_58.071320_1> (length 110)
prokka_out/CA114720:NODE_1_length_324161_cov_58.071320_1> (length 541)
prokka_out/CA114720:NODE_1_length_324161_cov_58.071320_1> (length 124)
prokka_out/CA114720:NODE_1_length_324161_cov_58.071320_1> (length 297)
prokka_out/CA114720:NODE_1_length_324161_cov_58.071320_1> (length 472)
prokka_out/CA114720:NODE_1_length_324161_cov_58.071320_1> (length 224)
prokka_out/CA114720:NODE_1_length_324161_cov_58.071320_1> (length 415)
prokka_out/CA114720:NODE_1_length_324161_cov_58.071320_1> (length 164)
prokka_out/CA114720:NODE_1_length_324161_cov_58.071320_1> (length 199)
prokka_out/CA114720:NODE_1_length_324161_cov_58.071320_1> (length 221)
prokka_out/CA114720:NODE_1_length_324161_cov_58.071320_1> (length 396)
prokka_out/CA114720:NODE_1_length_324161_cov_58.071320_1> (length 545)
prokka_out/CA114720:NODE_1_length_324161_cov_58.071320_1> (length 86)
prokka_out/CA114720:NODE_1_length_324161_cov_58.071320_1> (length 846)
prokka_out/CA114720:NODE_1_length_324161_cov_58.071320_1> (length 203)
prokka_out/CA114720:NODE_1_length_324161_cov_58.071320_1> (length 226)
prokka_out/CA114720:NODE_1_length_324161_cov_58.071320_1> (length 67)
prokka_out/CA114720:NODE_1_length_324161_cov_58.071320_1> (length 386)
prokka_out/CA114720:NODE_1_length_324161_cov_58.071320_1> (length 241)
prokka_out/CA114720:NODE_1_length_324161_cov_58.071320_1> (length 460)
prokka_out/CA114720:NODE_1_length_324161_cov_58.071320_1> (length 268)
prokka_out/CA114720:NODE_1_length_324161_cov_58.071320_1> (length 419)
prokka_out/CA114720:NODE_1_length_324161_cov_58.071320_1> (length 185)
prokka_out/CA114720:NODE_1_length_324161_cov_58.071320_1> (length 517)
prokka_out/CA114720:NODE_1_length_324161_cov_58.071320_1> (length 185)
prokka_out/CA114720:NODE_1_length_324161_cov_58.071320_1> (length 288)
prokka_out/CA114720:NODE_1_length_324161_cov_58.071320_1> (length 446)
prokka_out/CA114720:NODE_1_length_324161_cov_58.071320_1> (length 226)
prokka_out/CA114720:NODE_1_length_324161_cov_58.071320_1> (length 472)
prokka_out/CA114720:NODE_1_length_324161_cov_58.071320_1> (length 297)
prokka_out/CA114720:NODE_1_length_324161_cov_58.071320_1> (length 392)
prokka_out/CA114720:NODE_1_length_324161_cov_58.071320_1> (length 508)
prokka_out/CA114720:NODE_1_length_324161_cov_58.071320_1> (length 268)
prokka_out/CA114720:NODE_1_length_324161_cov_58.071320_1> (length 458)
prokka_out/CA114720:NODE_1_length_324161_cov_58.071320_1> (length 164)
prokka_out/CA114720:NODE_1_length_324161_cov_58.071320_1> (length 459)
prokka_out/CA114720:NODE_1_length_324161_cov_58.071320_1> (length 165)
prokka_out/CA114720:NODE_1_length_324161_cov_58.071320_1> (length 619)
prokka_out/CA114720:NODE_1_length_324161_cov_58.071320_1> (length 428)
prokka_out/CA114720:NODE_1_length_324161_cov_58.071320_1> (length 167)
prokka_out/CA114720:NODE_1_length_324161_cov_58.071320_1> (length 416)
prokka_out/CA114720:NODE_1_length_324161_cov_58.071320_1> (length 374)
prokka_out/CA114720:NODE_1_length_324161_cov_58.071320_1> (length 387)
prokka_out/CA114720:NODE_1_length_324161_cov_58.071320_1> (length 263)
prokka_out/CA114720:NODE_1_length_324161_cov_58.071320_1> (length 357)
prokka_out/CA114720:NODE_1_length_324161_cov_58.071320_1> (length 211)
prokka_out/CA114720:NODE_1_length_324161_cov_58.071320_1> (length 255)
prokka_out/CA114720:NODE_1_length_324161_cov_58.071320_1> (length 434)
prokka_out/CA114720:NODE_1_length_324161_cov_58.071320_1> (length 205)
prokka_out/CA114720:NODE_1_length_324161_cov_58.071320_1> (length 79)
prokka_out/CA114720:NODE_1_length_324161_cov_58.071320_1> (length 530)
prokka_out/CA114720:NODE_1_length_324161_cov_58.071320_1> (length 102)
prokka_out/CA114720:NODE_1_length_324161_cov_58.071320_1> (length 113)
prokka_out/CA114720:NODE_1_length_324161_cov_58.071320_1> (length 235)
prokka_out/CA114720:NODE_1_length_324161_cov_58.071320_1> (length 160)
prokka_out/CA114720:NODE_1_length_324161_cov_58.071320_1> (length 484)
prokka_out/CA114720:NODE_1_length_324161_cov_58.071320_1> (length 75)
prokka_out/CA114720:NODE_1_length_324161_cov_58.071320_1> (length 200)
prokka_out/CA114720:NODE_1_length_324161_cov_58.071320_1> (length 308)
prokka_out/CA114720:NODE_1_length_324161_cov_58.071320_1> (length 258)
prokka_out/CA114720:NODE_1_length_324161_cov_58.071320_1> (length 164)
prokka_out/CA114720:NODE_1_length_324161_cov_58.071320_1> (length 87)
prokka_out/CA114720:NODE_1_length_324161_cov_58.071320_1> (length 316)
prokka_out/CA114720:NODE_1_length_324161_cov_58.071320_1> (length 64)
prokka_out/CA114720:NODE_1_length_324161_cov_58.071320_1> (length 699)
prokka_out/CA114720:NODE_1_length_324161_cov_58.071320_1> (length 109)
prokka_out/CA114720:NODE_1_length_324161_cov_58.071320_1> (length 509)
prokka_out/CA114720:NODE_1_length_324161_cov_58.071320_1> (length 432)
prokka_out/CA114720:NODE_1_length_324161_cov_58.071320_1> (length 783)
prokka_out/CA114720:NODE_1_length_324161_cov_58.071320_1> (length 68)
prokka_out/CA114720:NODE_1_length_324161_cov_58.071320_1> (length 100)
prokka_out/CA114720:NODE_1_length_324161_cov_58.071320_1> (length 186)
prokka_out/CA114720:NODE_1_length_324161_cov_58.071320_1> (length 317)
prokka_out/CA114720:NODE_1_length_324161_cov_58.071320_1> (length 461)
prokka_out/CA114720:NODE_1_length_324161_cov_58.071320_1> (length 186)
prokka_out/CA114720:NODE_1_length_324161_cov_58.071320_1> (length 254)
prokka_out/CA114720:NODE_1_length_324161_cov_58.071320_1> (length 316)
prokka_out/CA114720:NODE_1_length_324161_cov_58.071320_1> (length 269)
prokka_out/CA114720:NODE_1_length_324161_cov_58.071320_1> (length 106)
prokka_out/CA114720:NODE_1_length_324161_cov_58.071320_1> (length 193)
prokka_out/CA114720:NODE_1_length_324161_cov_58.071320_1> (length 323)
prokka_out/CA114720:NODE_1_length_324161_cov_58.071320_1> (length 402)
prokka_out/CA114720:NODE_1_length_324161_cov_58.071320_1> (length 295)
prokka_out/CA114720:NODE_1_length_324161_cov_58.071320_1> (length 516)
prokka_out/CA114720:NODE_1_length_324161_cov_58.071320_1> (length 295)
prokka_out/CA114720:NODE_1_length_324161_cov_58.071320_1> (length 342)
prokka_out/CA114720:NODE_1_length_324161_cov_58.071320_1> (length 264)
prokka_out/CA114720:NODE_1_length_324161_cov_58.071320_1> (length 328)
prokka_out/CA114720:NODE_1_length_324161_cov_58.071320_1> (length 564)
prokka_out/CA114720:NODE_1_length_324161_cov_58.071320_1> (length 359)
prokka_out/CA114720:NODE_1_length_324161_cov_58.071320_1> (length 309)
prokka_out/CA114720:NODE_1_length_324161_cov_58.071320_1> (length 365)
prokka_out/CA114720:NODE_1_length_324161_cov_58.071320_1> (length 713)
prokka_out/CA114720:NODE_1_length_324161_cov_58.071320_1> (length 376)
prokka_out/CA114720:NODE_1_length_324161_cov_58.071320_2> (length 200)
prokka_out/CA114720:NODE_1_length_324161_cov_58.071320_2> (length 196)
prokka_out/CA114720:NODE_1_length_324161_cov_58.071320_2> (length 386)
prokka_out/CA114720:NODE_1_length_324161_cov_58.071320_2> (length 590)
prokka_out/CA114720:NODE_1_length_324161_cov_58.071320_2> (length 297)
prokka_out/CA114720:NODE_1_length_324161_cov_58.071320_2> (length 130)
prokka_out/CA114720:NODE_1_length_324161_cov_58.071320_2> (length 281)
prokka_out/CA114720:NODE_1_length_324161_cov_58.071320_2> (length 645)
prokka_out/CA114720:NODE_1_length_324161_cov_58.071320_2> (length 205)
prokka_out/CA114720:NODE_1_length_324161_cov_58.071320_2> (length 242)
prokka_out/CA114720:NODE_1_length_324161_cov_58.071320_2> (length 265)
prokka_out/CA114720:NODE_1_length_324161_cov_58.071320_2> (length 119)
prokka_out/CA114720:NODE_1_length_324161_cov_58.071320_2> (length 212)
prokka_out/CA114720:NODE_1_length_324161_cov_58.071320_2> (length 429)
prokka_out/CA114720:NODE_1_length_324161_cov_58.071320_2> (length 215)
prokka_out/CA114720:NODE_1_length_324161_cov_58.071320_2> (length 709)
prokka_out/CA114720:NODE_1_length_324161_cov_58.071320_2> (length 96)
prokka_out/CA114720:NODE_1_length_324161_cov_58.071320_2> (length 200)
prokka_out/CA114720:NODE_1_length_324161_cov_58.071320_2> (length 150)
prokka_out/CA114720:NODE_1_length_324161_cov_58.071320_2> (length 255)
prokka_out/CA114720:NODE_1_length_324161_cov_58.071320_2> (length 75)
prokka_out/CA114720:NODE_1_length_324161_cov_58.071320_2> (length 272)
prokka_out/CA114720:NODE_1_length_324161_cov_58.071320_2> (length 691)
prokka_out/CA114720:NODE_1_length_324161_cov_58.071320_2> (length 145)
prokka_out/CA114720:NODE_1_length_324161_cov_58.071320_2> (length 573)
prokka_out/CA114720:NODE_1_length_324161_cov_58.071320_2> (length 295)
prokka_out/CA114720:NODE_1_length_324161_cov_58.071320_2> (length 407)
prokka_out/CA114720:NODE_1_length_324161_cov_58.071320_2> (length 398)
prokka_out/CA114720:NODE_1_length_324161_cov_58.071320_2> (length 441)
prokka_out/CA114720:NODE_1_length_324161_cov_58.071320_2> (length 76)
prokka_out/CA114720:NODE_1_length_324161_cov_58.071320_2> (length 526)
prokka_out/CA114720:NODE_1_length_324161_cov_58.071320_2> (length 323)
prokka_out/CA114720:NODE_1_length_324161_cov_58.071320_2> (length 809)
prokka_out/CA114720:NODE_1_length_324161_cov_58.071320_2> (length 170)
prokka_out/CA114720:NODE_1_length_324161_cov_58.071320_2> (length 465)
prokka_out/CA114720:NODE_1_length_324161_cov_58.071320_2> (length 390)
prokka_out/CA114720:NODE_1_length_324161_cov_58.071320_2> (length 300)
prokka_out/CA114720:NODE_1_length_324161_cov_58.071320_2> (length 95)
prokka_out/CA114720:NODE_1_length_324161_cov_58.071320_2> (length 978)
prokka_out/CA114720:NODE_1_length_324161_cov_58.071320_2> (length 253)
prokka_out/CA114720:NODE_1_length_324161_cov_58.071320_2> (length 228)
prokka_out/CA114720:NODE_1_length_324161_cov_58.071320_2> (length 279)
prokka_out/CA114720:NODE_1_length_324161_cov_58.071320_2> (length 210)
prokka_out/CA114720:NODE_1_length_324161_cov_58.071320_2> (length 209)
prokka_out/CA114720:NODE_1_length_324161_cov_58.071320_2> (length 150)
prokka_out/CA114720:NODE_1_length_324161_cov_58.071320_2> (length 220)
prokka_out/CA114720:NODE_1_length_324161_cov_58.071320_2> (length 100)
prokka_out/CA114720:NODE_1_length_324161_cov_58.071320_2> (length 243)
prokka_out/CA114720:NODE_1_length_324161_cov_58.071320_2> (length 129)
prokka_out/CA114720:NODE_1_length_324161_cov_58.071320_2> (length 215)
prokka_out/CA114720:NODE_1_length_324161_cov_58.071320_2> (length 791)
prokka_out/CA114720:NODE_1_length_324161_cov_58.071320_2> (length 86)
prokka_out/CA114720:NODE_1_length_324161_cov_58.071320_2> (length 183)
prokka_out/CA114720:NODE_1_length_324161_cov_58.071320_2> (length 125)
prokka_out/CA114720:NODE_1_length_324161_cov_58.071320_2> (length 288)
prokka_out/CA114720:NODE_1_length_324161_cov_58.071320_2> (length 368)
prokka_out/CA114720:NODE_1_length_324161_cov_58.071320_2> (length 178)
prokka_out/CA114720:NODE_1_length_324161_cov_58.071320_2> (length 201)
prokka_out/CA114720:NODE_1_length_324161_cov_58.071320_2> (length 206)
prokka_out/CA114720:NODE_1_length_324161_cov_58.071320_2> (length 141)
prokka_out/CA114720:NODE_1_length_324161_cov_58.071320_2> (length 362)
prokka_out/CA114720:NODE_1_length_324161_cov_58.071320_2> (length 917)
prokka_out/CA114720:NODE_1_length_324161_cov_58.071320_2> (length 36)
prokka_out/CA114720:NODE_1_length_324161_cov_58.071320_2> (length 453)
prokka_out/CA114720:NODE_1_length_324161_cov_58.071320_2> (length 485)
prokka_out/CA114720:NODE_1_length_324161_cov_58.071320_2> (length 57)
prokka_out/CA114720:NODE_1_length_324161_cov_58.071320_2> (length 260)
prokka_out/CA114720:NODE_1_length_324161_cov_58.071320_2> (length 432)
prokka_out/CA114720:NODE_1_length_324161_cov_58.071320_2> (length 116)
prokka_out/CA114720:NODE_1_length_324161_cov_58.071320_2> (length 735)
prokka_out/CA114720:NODE_1_length_324161_cov_58.071320_2> (length 233)
prokka_out/CA114720:NODE_1_length_324161_cov_58.071320_2> (length 199)
prokka_out/CA114720:NODE_1_length_324161_cov_58.071320_2> (length 365)
prokka_out/CA114720:NODE_1_length_324161_cov_58.071320_2> (length 63)
prokka_out/CA114720:NODE_1_length_324161_cov_58.071320_2> (length 266)
prokka_out/CA114720:NODE_1_length_324161_cov_58.071320_2> (length 258)
prokka_out/CA114720:NODE_1_length_324161_cov_58.071320_2> (length 381)
prokka_out/CA114720:NODE_1_length_324161_cov_58.071320_2> (length 201)
prokka_out/CA114720:NODE_1_length_324161_cov_58.071320_2> (length 296)
prokka_out/CA114720:NODE_1_length_324161_cov_58.071320_2> (length 283)
prokka_out/CA114720:NODE_1_length_324161_cov_58.071320_2> (length 387)
prokka_out/CA114720:NODE_1_length_324161_cov_58.071320_2> (length 342)
prokka_out/CA114720:NODE_1_length_324161_cov_58.071320_2> (length 387)
prokka_out/CA114720:NODE_1_length_324161_cov_58.071320_2> (length 481)
prokka_out/CA114720:NODE_1_length_324161_cov_58.071320_2> (length 83)
prokka_out/CA114720:NODE_1_length_324161_cov_58.071320_2> (length 239)
prokka_out/CA114720:NODE_1_length_324161_cov_58.071320_2> (length 268)
prokka_out/CA114720:NODE_1_length_324161_cov_58.071320_2> (length 1005)
prokka_out/CA114720:NODE_1_length_324161_cov_58.071320_2> (length 246)
prokka_out/CA114720:NODE_1_length_324161_cov_58.071320_2> (length 424)
prokka_out/CA114720:NODE_1_length_324161_cov_58.071320_2> (length 598)
prokka_out/CA114720:NODE_1_length_324161_cov_58.071320_2> (length 214)
prokka_out/CA114720:NODE_1_length_324161_cov_58.071320_2> (length 191)
prokka_out/CA114720:NODE_1_length_324161_cov_58.071320_2> (length 862)
prokka_out/CA114720:NODE_1_length_324161_cov_58.071320_2> (length 171)
prokka_out/CA114720:NODE_1_length_324161_cov_58.071320_2> (length 105)
prokka_out/CA114720:NODE_1_length_324161_cov_58.071320_2> (length 433)
prokka_out/CA114720:NODE_1_length_324161_cov_58.071320_2> (length 343)
prokka_out/CA114720:NODE_1_length_324161_cov_58.071320_2> (length 168)
prokka_out/CA114720:NODE_1_length_324161_cov_58.071320_2> (length 63)
prokka_out/CA114720:NODE_1_length_324161_cov_58.071320_3> (length 144)
prokka_out/CA114720:NODE_1_length_324161_cov_58.071320_3> (length 371)
prokka_out/CA114720:NODE_1_length_324161_cov_58.071320_3> (length 369)
prokka_out/CA114720:NODE_1_length_324161_cov_58.071320_3> (length 298)
prokka_out/CA114720:NODE_1_length_324161_cov_58.071320_3> (length 350)
prokka_out/CA114720:NODE_1_length_324161_cov_58.071320_3> (length 256)
prokka_out/CA114720:NODE_1_length_324161_cov_58.071320_3> (length 231)
prokka_out/CA114720:NODE_1_length_324161_cov_58.071320_3> (length 1081)
prokka_out/CA114720:NODE_1_length_324161_cov_58.071320_3> (length 154)
prokka_out/CA114720:NODE_1_length_324161_cov_58.071320_3> (length 415)
prokka_out/CA114720:NODE_1_length_324161_cov_58.071320_3> (length 424)
prokka_out/CA114720:NODE_1_length_324161_cov_58.071320_3> (length 650)
prokka_out/CA114720:NODE_1_length_324161_cov_58.071320_3> (length 286)
prokka_out/CA114720:NODE_1_length_324161_cov_58.071320_3> (length 57)
prokka_out/CA114720:NODE_1_length_324161_cov_58.071320_3> (length 254)
prokka_out/CA114720:NODE_1_length_324161_cov_58.071320_3> (length 289)
prokka_out/CA114720:NODE_1_length_324161_cov_58.071320_3> (length 416)
prokka_out/CA114720:NODE_1_length_324161_cov_58.071320_3> (length 224)
prokka_out/CA114720:NODE_1_length_324161_cov_58.071320_3> (length 257)
prokka_out/CA114720:NODE_1_length_324161_cov_58.071320_3> (length 206)
prokka_out/CA114720:NODE_1_length_324161_cov_58.071320_3> (length 106)
prokka_out/CA114720:NODE_1_length_324161_cov_58.071320_3> (length 335)
prokka_out/CA114720:NODE_1_length_324161_cov_58.071320_3> (length 82)
prokka_out/CA114720:NODE_1_length_324161_cov_58.071320_3> (length 147)
prokka_out/CA114720:NODE_1_length_324161_cov_58.071320_3> (length 60)
prokka_out/CA114720:NODE_1_length_324161_cov_58.071320_3> (length 203)
prokka_out/CA114720:NODE_1_length_324161_cov_58.071320_3> (length 663)
prokka_out/CA114720:NODE_1_length_324161_cov_58.071320_3> (length 298)
prokka_out/CA114720:NODE_2_length_271635_cov_57.555321 (length 271635)
prokka_out/CA114720:NODE_2_length_271635_cov_57.555321_1 (length 402)
prokka_out/CA114720:NODE_2_length_271635_cov_57.555321_2 (length 353)
prokka_out/CA114720:NODE_2_length_271635_cov_57.555321_3 (length 492)
prokka_out/CA114720:NODE_2_length_271635_cov_57.555321_4 (length 247)
prokka_out/CA114720:NODE_2_length_271635_cov_57.555321_5 (length 135)
prokka_out/CA114720:NODE_2_length_271635_cov_57.555321_6 (length 111)
prokka_out/CA114720:NODE_2_length_271635_cov_57.555321_7 (length 164)
prokka_out/CA114720:NODE_2_length_271635_cov_57.555321_8 (length 77)
prokka_out/CA114720:NODE_2_length_271635_cov_57.555321_9 (length 143)
prokka_out/CA114720:NODE_2_length_271635_cov_57.555321_10 (length 56)
prokka_out/CA114720:NODE_2_length_271635_cov_57.555321_11 (length 251)
prokka_out/CA114720:NODE_2_length_271635_cov_57.555321_12 (length 221)
prokka_out/CA114720:NODE_2_length_271635_cov_57.555321_13 (length 77)
prokka_out/CA114720:NODE_2_length_271635_cov_57.555321_14 (length 404)
prokka_out/CA114720:NODE_2_length_271635_cov_57.555321_15 (length 312)
prokka_out/CA114720:NODE_2_length_271635_cov_57.555321_16 (length 690)
prokka_out/CA114720:NODE_2_length_271635_cov_57.555321_17 (length 198)
prokka_out/CA114720:NODE_2_length_271635_cov_57.555321_18 (length 365)
prokka_out/CA114720:NODE_2_length_271635_cov_57.555321_19 (length 71)
prokka_out/CA114720:NODE_2_length_271635_cov_57.555321_20 (length 64)
prokka_out/CA114720:NODE_2_length_271635_cov_57.555321_21 (length 215)
prokka_out/CA114720:NODE_2_length_271635_cov_57.555321_22 (length 251)
prokka_out/CA114720:NODE_2_length_271635_cov_57.555321_23 (length 430)
prokka_out/CA114720:NODE_2_length_271635_cov_57.555321_24 (length 172)
prokka_out/CA114720:NODE_2_length_271635_cov_57.555321_25 (length 175)
prokka_out/CA114720:NODE_2_length_271635_cov_57.555321_26 (length 319)
prokka_out/CA114720:NODE_2_length_271635_cov_57.555321_27 (length 216)
prokka_out/CA114720:NODE_2_length_271635_cov_57.555321_28 (length 433)
prokka_out/CA114720:NODE_2_length_271635_cov_57.555321_29 (length 80)
prokka_out/CA114720:NODE_2_length_271635_cov_57.555321_30 (length 362)
prokka_out/CA114720:NODE_2_length_271635_cov_57.555321_31 (length 395)
prokka_out/CA114720:NODE_2_length_271635_cov_57.555321_32 (length 348)
prokka_out/CA114720:NODE_2_length_271635_cov_57.555321_33 (length 406)
prokka_out/CA114720:NODE_2_length_271635_cov_57.555321_34 (length 607)
prokka_out/CA114720:NODE_2_length_271635_cov_57.555321_35 (length 127)
prokka_out/CA114720:NODE_2_length_271635_cov_57.555321_36 (length 198)
prokka_out/CA114720:NODE_2_length_271635_cov_57.555321_37 (length 233)
prokka_out/CA114720:NODE_2_length_271635_cov_57.555321_38 (length 218)
prokka_out/CA114720:NODE_2_length_271635_cov_57.555321_39 (length 245)
prokka_out/CA114720:NODE_2_length_271635_cov_57.555321_40 (length 399)
prokka_out/CA114720:NODE_2_length_271635_cov_57.555321_41 (length 52)
prokka_out/CA114720:NODE_2_length_271635_cov_57.555321_42 (length 59)
prokka_out/CA114720:NODE_2_length_271635_cov_57.555321_43 (length 177)
prokka_out/CA114720:NODE_2_length_271635_cov_57.555321_44 (length 141)
prokka_out/CA114720:NODE_2_length_271635_cov_57.555321_45 (length 233)
prokka_out/CA114720:NODE_2_length_271635_cov_57.555321_46 (length 159)
prokka_out/CA114720:NODE_2_length_271635_cov_57.555321_47 (length 125)
prokka_out/CA114720:NODE_2_length_271635_cov_57.555321_48 (length 1375)
prokka_out/CA114720:NODE_2_length_271635_cov_57.555321_49 (length 1517)
prokka_out/CA114720:NODE_2_length_271635_cov_57.555321_50 (length 128)
prokka_out/CA114720:NODE_2_length_271635_cov_57.555321_51 (length 156)
prokka_out/CA114720:NODE_2_length_271635_cov_57.555321_52 (length 691)
prokka_out/CA114720:NODE_2_length_271635_cov_57.555321_53 (length 48)
prokka_out/CA114720:NODE_2_length_271635_cov_57.555321_54 (length 233)
prokka_out/CA114720:NODE_2_length_271635_cov_57.555321_55 (length 124)
prokka_out/CA114720:NODE_2_length_271635_cov_57.555321_56 (length 425)
prokka_out/CA114720:NODE_2_length_271635_cov_57.555321_57 (length 258)
prokka_out/CA114720:NODE_2_length_271635_cov_57.555321_58 (length 161)
prokka_out/CA114720:NODE_2_length_271635_cov_57.555321_59 (length 332)
prokka_out/CA114720:NODE_2_length_271635_cov_57.555321_60 (length 214)
prokka_out/CA114720:NODE_2_length_271635_cov_57.555321_61 (length 303)
prokka_out/CA114720:NODE_2_length_271635_cov_57.555321_62 (length 278)
prokka_out/CA114720:NODE_2_length_271635_cov_57.555321_63 (length 357)
prokka_out/CA114720:NODE_2_length_271635_cov_57.555321_64 (length 842)
prokka_out/CA114720:NODE_2_length_271635_cov_57.555321_65 (length 183)
prokka_out/CA114720:NODE_2_length_271635_cov_57.555321_66 (length 643)
prokka_out/CA114720:NODE_2_length_271635_cov_57.555321_67 (length 857)
prokka_out/CA114720:NODE_2_length_271635_cov_57.555321_68 (length 96)
prokka_out/CA114720:NODE_2_length_271635_cov_57.555321_69 (length 439)
prokka_out/CA114720:NODE_2_length_271635_cov_57.555321_70 (length 236)
prokka_out/CA114720:NODE_2_length_271635_cov_57.555321_71 (length 81)
prokka_out/CA114720:NODE_2_length_271635_cov_57.555321_72 (length 215)
prokka_out/CA114720:NODE_2_length_271635_cov_57.555321_73 (length 398)
prokka_out/CA114720:NODE_2_length_271635_cov_57.555321_74 (length 230)
prokka_out/CA114720:NODE_2_length_271635_cov_57.555321_75 (length 122)
prokka_out/CA114720:NODE_2_length_271635_cov_57.555321_76 (length 608)
prokka_out/CA114720:NODE_2_length_271635_cov_57.555321_77 (length 105)
prokka_out/CA114720:NODE_2_length_271635_cov_57.555321_78 (length 144)
prokka_out/CA114720:NODE_2_length_271635_cov_57.555321_79 (length 201)
prokka_out/CA114720:NODE_2_length_271635_cov_57.555321_80 (length 111)
prokka_out/CA114720:NODE_2_length_271635_cov_57.555321_81 (length 101)
prokka_out/CA114720:NODE_2_length_271635_cov_57.555321_82 (length 602)
prokka_out/CA114720:NODE_2_length_271635_cov_57.555321_83 (length 98)
prokka_out/CA114720:NODE_2_length_271635_cov_57.555321_84 (length 164)
prokka_out/CA114720:NODE_2_length_271635_cov_57.555321_85 (length 143)
prokka_out/CA114720:NODE_2_length_271635_cov_57.555321_86 (length 259)
prokka_out/CA114720:NODE_2_length_271635_cov_57.555321_87 (length 856)
prokka_out/CA114720:NODE_2_length_271635_cov_57.555321_88 (length 734)
prokka_out/CA114720:NODE_2_length_271635_cov_57.555321_89 (length 300)
prokka_out/CA114720:NODE_2_length_271635_cov_57.555321_90 (length 387)
prokka_out/CA114720:NODE_2_length_271635_cov_57.555321_91 (length 289)
prokka_out/CA114720:NODE_2_length_271635_cov_57.555321_92 (length 103)
prokka_out/CA114720:NODE_2_length_271635_cov_57.555321_93 (length 374)
prokka_out/CA114720:NODE_2_length_271635_cov_57.555321_94 (length 281)
prokka_out/CA114720:NODE_2_length_271635_cov_57.555321_95 (length 185)
prokka_out/CA114720:NODE_2_length_271635_cov_57.555321_96 (length 87)
prokka_out/CA114720:NODE_2_length_271635_cov_57.555321_97 (length 178)
prokka_out/CA114720:NODE_2_length_271635_cov_57.555321_98 (length 297)
prokka_out/CA114720:NODE_2_length_271635_cov_57.555321_99 (length 432)
prokka_out/CA114720:NODE_2_length_271635_cov_57.555321_1> (length 568)
prokka_out/CA114720:NODE_2_length_271635_cov_57.555321_1> (length 129)
prokka_out/CA114720:NODE_2_length_271635_cov_57.555321_1> (length 307)
prokka_out/CA114720:NODE_2_length_271635_cov_57.555321_1> (length 600)
prokka_out/CA114720:NODE_2_length_271635_cov_57.555321_1> (length 121)
prokka_out/CA114720:NODE_2_length_271635_cov_57.555321_1> (length 642)
prokka_out/CA114720:NODE_2_length_271635_cov_57.555321_1> (length 128)
prokka_out/CA114720:NODE_2_length_271635_cov_57.555321_1> (length 91)
prokka_out/CA114720:NODE_2_length_271635_cov_57.555321_1> (length 189)
prokka_out/CA114720:NODE_2_length_271635_cov_57.555321_1> (length 230)
prokka_out/CA114720:NODE_2_length_271635_cov_57.555321_1> (length 317)
prokka_out/CA114720:NODE_2_length_271635_cov_57.555321_1> (length 334)
prokka_out/CA114720:NODE_2_length_271635_cov_57.555321_1> (length 428)
prokka_out/CA114720:NODE_2_length_271635_cov_57.555321_1> (length 265)
prokka_out/CA114720:NODE_2_length_271635_cov_57.555321_1> (length 361)
prokka_out/CA114720:NODE_2_length_271635_cov_57.555321_1> (length 410)
prokka_out/CA114720:NODE_2_length_271635_cov_57.555321_1> (length 311)
prokka_out/CA114720:NODE_2_length_271635_cov_57.555321_1> (length 442)
prokka_out/CA114720:NODE_2_length_271635_cov_57.555321_1> (length 309)
prokka_out/CA114720:NODE_2_length_271635_cov_57.555321_1> (length 458)
prokka_out/CA114720:NODE_2_length_271635_cov_57.555321_1> (length 186)
prokka_out/CA114720:NODE_2_length_271635_cov_57.555321_1> (length 65)
prokka_out/CA114720:NODE_2_length_271635_cov_57.555321_1> (length 242)
prokka_out/CA114720:NODE_2_length_271635_cov_57.555321_1> (length 488)
prokka_out/CA114720:NODE_2_length_271635_cov_57.555321_1> (length 490)
prokka_out/CA114720:NODE_2_length_271635_cov_57.555321_1> (length 355)
prokka_out/CA114720:NODE_2_length_271635_cov_57.555321_1> (length 290)
prokka_out/CA114720:NODE_2_length_271635_cov_57.555321_1> (length 339)
prokka_out/CA114720:NODE_2_length_271635_cov_57.555321_1> (length 147)
prokka_out/CA114720:NODE_2_length_271635_cov_57.555321_1> (length 566)
prokka_out/CA114720:NODE_2_length_271635_cov_57.555321_1> (length 154)
prokka_out/CA114720:NODE_2_length_271635_cov_57.555321_1> (length 321)
prokka_out/CA114720:NODE_2_length_271635_cov_57.555321_1> (length 342)
prokka_out/CA114720:NODE_2_length_271635_cov_57.555321_1> (length 245)
prokka_out/CA114720:NODE_2_length_271635_cov_57.555321_1> (length 138)
prokka_out/CA114720:NODE_2_length_271635_cov_57.555321_1> (length 355)
prokka_out/CA114720:NODE_2_length_271635_cov_57.555321_1> (length 156)
prokka_out/CA114720:NODE_2_length_271635_cov_57.555321_1> (length 400)
prokka_out/CA114720:NODE_2_length_271635_cov_57.555321_1> (length 178)
prokka_out/CA114720:NODE_2_length_271635_cov_57.555321_1> (length 201)
prokka_out/CA114720:NODE_2_length_271635_cov_57.555321_1> (length 389)
prokka_out/CA114720:NODE_2_length_271635_cov_57.555321_1> (length 647)
prokka_out/CA114720:NODE_2_length_271635_cov_57.555321_1> (length 334)
prokka_out/CA114720:NODE_2_length_271635_cov_57.555321_1> (length 253)
prokka_out/CA114720:NODE_2_length_271635_cov_57.555321_1> (length 284)
prokka_out/CA114720:NODE_2_length_271635_cov_57.555321_1> (length 235)
prokka_out/CA114720:NODE_2_length_271635_cov_57.555321_1> (length 71)
prokka_out/CA114720:NODE_2_length_271635_cov_57.555321_1> (length 146)
prokka_out/CA114720:NODE_2_length_271635_cov_57.555321_1> (length 210)
prokka_out/CA114720:NODE_2_length_271635_cov_57.555321_1> (length 216)
prokka_out/CA114720:NODE_2_length_271635_cov_57.555321_1> (length 208)
prokka_out/CA114720:NODE_2_length_271635_cov_57.555321_1> (length 273)
prokka_out/CA114720:NODE_2_length_271635_cov_57.555321_1> (length 354)
prokka_out/CA114720:NODE_2_length_271635_cov_57.555321_1> (length 480)
prokka_out/CA114720:NODE_2_length_271635_cov_57.555321_1> (length 317)
prokka_out/CA114720:NODE_2_length_271635_cov_57.555321_1> (length 291)
prokka_out/CA114720:NODE_2_length_271635_cov_57.555321_1> (length 447)
prokka_out/CA114720:NODE_2_length_271635_cov_57.555321_1> (length 222)
prokka_out/CA114720:NODE_2_length_271635_cov_57.555321_1> (length 567)
prokka_out/CA114720:NODE_2_length_271635_cov_57.555321_1> (length 31)
prokka_out/CA114720:NODE_2_length_271635_cov_57.555321_1> (length 61)
prokka_out/CA114720:NODE_2_length_271635_cov_57.555321_1> (length 178)
prokka_out/CA114720:NODE_2_length_271635_cov_57.555321_1> (length 396)
prokka_out/CA114720:NODE_2_length_271635_cov_57.555321_1> (length 390)
prokka_out/CA114720:NODE_2_length_271635_cov_57.555321_1> (length 641)
prokka_out/CA114720:NODE_2_length_271635_cov_57.555321_1> (length 456)
prokka_out/CA114720:NODE_2_length_271635_cov_57.555321_1> (length 392)
prokka_out/CA114720:NODE_2_length_271635_cov_57.555321_1> (length 336)
prokka_out/CA114720:NODE_2_length_271635_cov_57.555321_1> (length 458)
prokka_out/CA114720:NODE_2_length_271635_cov_57.555321_1> (length 167)
prokka_out/CA114720:NODE_2_length_271635_cov_57.555321_1> (length 331)
prokka_out/CA114720:NODE_2_length_271635_cov_57.555321_1> (length 304)
prokka_out/CA114720:NODE_2_length_271635_cov_57.555321_1> (length 362)
prokka_out/CA114720:NODE_2_length_271635_cov_57.555321_1> (length 246)
prokka_out/CA114720:NODE_2_length_271635_cov_57.555321_1> (length 203)
prokka_out/CA114720:NODE_2_length_271635_cov_57.555321_1> (length 215)
prokka_out/CA114720:NODE_2_length_271635_cov_57.555321_1> (length 438)
prokka_out/CA114720:NODE_2_length_271635_cov_57.555321_1> (length 215)
prokka_out/CA114720:NODE_2_length_271635_cov_57.555321_1> (length 506)
prokka_out/CA114720:NODE_2_length_271635_cov_57.555321_1> (length 729)
prokka_out/CA114720:NODE_2_length_271635_cov_57.555321_1> (length 247)
prokka_out/CA114720:NODE_2_length_271635_cov_57.555321_1> (length 93)
prokka_out/CA114720:NODE_2_length_271635_cov_57.555321_1> (length 363)
prokka_out/CA114720:NODE_2_length_271635_cov_57.555321_1> (length 324)
prokka_out/CA114720:NODE_2_length_271635_cov_57.555321_1> (length 114)
prokka_out/CA114720:NODE_2_length_271635_cov_57.555321_1> (length 321)
prokka_out/CA114720:NODE_2_length_271635_cov_57.555321_1> (length 644)
prokka_out/CA114720:NODE_2_length_271635_cov_57.555321_1> (length 340)
prokka_out/CA114720:NODE_2_length_271635_cov_57.555321_1> (length 360)
prokka_out/CA114720:NODE_2_length_271635_cov_57.555321_1> (length 257)
prokka_out/CA114720:NODE_2_length_271635_cov_57.555321_1> (length 127)
prokka_out/CA114720:NODE_2_length_271635_cov_57.555321_1> (length 292)
prokka_out/CA114720:NODE_2_length_271635_cov_57.555321_1> (length 165)
prokka_out/CA114720:NODE_2_length_271635_cov_57.555321_1> (length 172)
prokka_out/CA114720:NODE_2_length_271635_cov_57.555321_1> (length 192)
prokka_out/CA114720:NODE_2_length_271635_cov_57.555321_1> (length 583)
prokka_out/CA114720:NODE_2_length_271635_cov_57.555321_1> (length 286)
prokka_out/CA114720:NODE_2_length_271635_cov_57.555321_1> (length 507)
prokka_out/CA114720:NODE_2_length_271635_cov_57.555321_1> (length 414)
prokka_out/CA114720:NODE_2_length_271635_cov_57.555321_1> (length 271)
prokka_out/CA114720:NODE_2_length_271635_cov_57.555321_2> (length 372)
prokka_out/CA114720:NODE_2_length_271635_cov_57.555321_2> (length 276)
prokka_out/CA114720:NODE_2_length_271635_cov_57.555321_2> (length 162)
prokka_out/CA114720:NODE_2_length_271635_cov_57.555321_2> (length 171)
prokka_out/CA114720:NODE_2_length_271635_cov_57.555321_2> (length 153)
prokka_out/CA114720:NODE_2_length_271635_cov_57.555321_2> (length 198)
prokka_out/CA114720:NODE_2_length_271635_cov_57.555321_2> (length 164)
prokka_out/CA114720:NODE_2_length_271635_cov_57.555321_2> (length 601)
prokka_out/CA114720:NODE_2_length_271635_cov_57.555321_2> (length 596)
prokka_out/CA114720:NODE_2_length_271635_cov_57.555321_2> (length 80)
prokka_out/CA114720:NODE_2_length_271635_cov_57.555321_2> (length 182)
prokka_out/CA114720:NODE_2_length_271635_cov_57.555321_2> (length 368)
prokka_out/CA114720:NODE_2_length_271635_cov_57.555321_2> (length 291)
prokka_out/CA114720:NODE_2_length_271635_cov_57.555321_2> (length 439)
prokka_out/CA114720:NODE_2_length_271635_cov_57.555321_2> (length 180)
prokka_out/CA114720:NODE_2_length_271635_cov_57.555321_2> (length 147)
prokka_out/CA114720:NODE_2_length_271635_cov_57.555321_2> (length 406)
prokka_out/CA114720:NODE_2_length_271635_cov_57.555321_2> (length 94)
prokka_out/CA114720:NODE_2_length_271635_cov_57.555321_2> (length 135)
prokka_out/CA114720:NODE_2_length_271635_cov_57.555321_2> (length 242)
prokka_out/CA114720:NODE_2_length_271635_cov_57.555321_2> (length 416)
prokka_out/CA114720:NODE_2_length_271635_cov_57.555321_2> (length 474)
prokka_out/CA114720:NODE_2_length_271635_cov_57.555321_2> (length 105)
prokka_out/CA114720:NODE_2_length_271635_cov_57.555321_2> (length 96)
prokka_out/CA114720:NODE_2_length_271635_cov_57.555321_2> (length 77)
prokka_out/CA114720:NODE_2_length_271635_cov_57.555321_2> (length 95)
prokka_out/CA114720:NODE_2_length_271635_cov_57.555321_2> (length 162)
prokka_out/CA114720:NODE_2_length_271635_cov_57.555321_2> (length 273)
prokka_out/CA114720:NODE_2_length_271635_cov_57.555321_2> (length 78)
prokka_out/CA114720:NODE_2_length_271635_cov_57.555321_2> (length 96)
prokka_out/CA114720:NODE_2_length_271635_cov_57.555321_2> (length 188)
prokka_out/CA114720:NODE_2_length_271635_cov_57.555321_2> (length 192)
prokka_out/CA114720:NODE_2_length_271635_cov_57.555321_2> (length 383)
prokka_out/CA114720:NODE_2_length_271635_cov_57.555321_2> (length 207)
prokka_out/CA114720:NODE_2_length_271635_cov_57.555321_2> (length 657)
prokka_out/CA114720:NODE_2_length_271635_cov_57.555321_2> (length 76)
prokka_out/CA114720:NODE_2_length_271635_cov_57.555321_2> (length 80)
prokka_out/CA114720:NODE_2_length_271635_cov_57.555321_2> (length 145)
prokka_out/CA114720:NODE_2_length_271635_cov_57.555321_2> (length 617)
prokka_out/CA114720:NODE_2_length_271635_cov_57.555321_2> (length 464)
prokka_out/CA114720:NODE_2_length_271635_cov_57.555321_2> (length 357)
prokka_out/CA114720:NODE_2_length_271635_cov_57.555321_2> (length 232)
prokka_out/CA114720:NODE_2_length_271635_cov_57.555321_2> (length 500)
prokka_out/CA114720:NODE_2_length_271635_cov_57.555321_2> (length 398)
prokka_out/CA114720:NODE_2_length_271635_cov_57.555321_2> (length 1250)
prokka_out/CA114720:NODE_2_length_271635_cov_57.555321_2> (length 163)
prokka_out/CA114720:NODE_2_length_271635_cov_57.555321_2> (length 312)
prokka_out/CA114720:NODE_2_length_271635_cov_57.555321_2> (length 310)
prokka_out/CA114720:NODE_2_length_271635_cov_57.555321_2> (length 496)
prokka_out/CA114720:NODE_2_length_271635_cov_57.555321_2> (length 460)
prokka_out/CA114720:NODE_2_length_271635_cov_57.555321_2> (length 370)
prokka_out/CA114720:NODE_2_length_271635_cov_57.555321_2> (length 270)
prokka_out/CA114720:NODE_2_length_271635_cov_57.555321_2> (length 262)
prokka_out/CA114720:NODE_2_length_271635_cov_57.555321_2> (length 476)
prokka_out/CA114720:NODE_2_length_271635_cov_57.555321_2> (length 231)
prokka_out/CA114720:NODE_2_length_271635_cov_57.555321_2> (length 417)
prokka_out/CA114720:NODE_2_length_271635_cov_57.555321_2> (length 164)
prokka_out/CA114720:NODE_2_length_271635_cov_57.555321_2> (length 178)
prokka_out/CA114720:NODE_2_length_271635_cov_57.555321_2> (length 287)
prokka_out/CA114720:NODE_2_length_271635_cov_57.555321_2> (length 241)
prokka_out/CA114720:NODE_2_length_271635_cov_57.555321_2> (length 238)
prokka_out/CA114720:NODE_2_length_271635_cov_57.555321_2> (length 385)
prokka_out/CA114720:NODE_2_length_271635_cov_57.555321_2> (length 250)
prokka_out/CA114720:NODE_2_length_271635_cov_57.555321_2> (length 445)
prokka_out/CA114720:NODE_2_length_271635_cov_57.555321_2> (length 75)
prokka_out/CA114720:NODE_2_length_271635_cov_57.555321_2> (length 80)
prokka_out/CA114720:NODE_2_length_271635_cov_57.555321_2> (length 179)
prokka_out/CA114720:NODE_2_length_271635_cov_57.555321_2> (length 234)
prokka_out/CA114720:NODE_2_length_271635_cov_57.555321_2> (length 118)
prokka_out/CA114720:NODE_2_length_271635_cov_57.555321_2> (length 137)
prokka_out/CA114720:NODE_2_length_271635_cov_57.555321_2> (length 446)
prokka_out/CA114720:NODE_2_length_271635_cov_57.555321_2> (length 109)
prokka_out/CA114720:NODE_2_length_271635_cov_57.555321_2> (length 1200)
prokka_out/CA114720:NODE_2_length_271635_cov_57.555321_2> (length 210)
prokka_out/CA114720:NODE_2_length_271635_cov_57.555321_2> (length 248)
prokka_out/CA114720:NODE_2_length_271635_cov_57.555321_2> (length 156)
prokka_out/CA114720:NODE_2_length_271635_cov_57.555321_2> (length 271)
prokka_out/CA114720:NODE_2_length_271635_cov_57.555321_2> (length 395)
prokka_out/CA114720:NODE_2_length_271635_cov_57.555321_2> (length 61)
prokka_out/CA114720:NODE_2_length_271635_cov_57.555321_2> (length 180)
prokka_out/CA114720:NODE_2_length_271635_cov_57.555321_2> (length 327)
prokka_out/CA114720:NODE_2_length_271635_cov_57.555321_2> (length 134)
prokka_out/CA114720:NODE_2_length_271635_cov_57.555321_2> (length 239)
prokka_out/CA114720:NODE_2_length_271635_cov_57.555321_2> (length 251)
prokka_out/CA114720:NODE_2_length_271635_cov_57.555321_2> (length 86)
prokka_out/CA114720:NODE_2_length_271635_cov_57.555321_2> (length 124)
prokka_out/CA114720:NODE_3_length_264240_cov_55.000500 (length 264240)
prokka_out/CA114720:NODE_3_length_264240_cov_55.000500_1 (length 304)
prokka_out/CA114720:NODE_3_length_264240_cov_55.000500_2 (length 299)
prokka_out/CA114720:NODE_3_length_264240_cov_55.000500_3 (length 422)
prokka_out/CA114720:NODE_3_length_264240_cov_55.000500_4 (length 1309)
prokka_out/CA114720:NODE_3_length_264240_cov_55.000500_5 (length 119)
prokka_out/CA114720:NODE_3_length_264240_cov_55.000500_6 (length 195)
prokka_out/CA114720:NODE_3_length_264240_cov_55.000500_7 (length 119)
prokka_out/CA114720:NODE_3_length_264240_cov_55.000500_8 (length 507)
prokka_out/CA114720:NODE_3_length_264240_cov_55.000500_9 (length 105)
prokka_out/CA114720:NODE_3_length_264240_cov_55.000500_10 (length 503)
prokka_out/CA114720:NODE_3_length_264240_cov_55.000500_11 (length 169)
prokka_out/CA114720:NODE_3_length_264240_cov_55.000500_12 (length 167)
prokka_out/CA114720:NODE_3_length_264240_cov_55.000500_13 (length 167)
prokka_out/CA114720:NODE_3_length_264240_cov_55.000500_14 (length 164)
prokka_out/CA114720:NODE_3_length_264240_cov_55.000500_15 (length 644)
prokka_out/CA114720:NODE_3_length_264240_cov_55.000500_16 (length 1164)
prokka_out/CA114720:NODE_3_length_264240_cov_55.000500_17 (length 428)
prokka_out/CA114720:NODE_3_length_264240_cov_55.000500_18 (length 267)
prokka_out/CA114720:NODE_3_length_264240_cov_55.000500_19 (length 572)
prokka_out/CA114720:NODE_3_length_264240_cov_55.000500_20 (length 70)
prokka_out/CA114720:NODE_3_length_264240_cov_55.000500_21 (length 58)
prokka_out/CA114720:NODE_3_length_264240_cov_55.000500_22 (length 95)
prokka_out/CA114720:NODE_3_length_264240_cov_55.000500_23 (length 52)
prokka_out/CA114720:NODE_3_length_264240_cov_55.000500_24 (length 40)
prokka_out/CA114720:NODE_3_length_264240_cov_55.000500_25 (length 93)
prokka_out/CA114720:NODE_3_length_264240_cov_55.000500_26 (length 75)
prokka_out/CA114720:NODE_3_length_264240_cov_55.000500_27 (length 46)
prokka_out/CA114720:NODE_3_length_264240_cov_55.000500_28 (length 69)
prokka_out/CA114720:NODE_3_length_264240_cov_55.000500_29 (length 47)
prokka_out/CA114720:NODE_3_length_264240_cov_55.000500_30 (length 38)
prokka_out/CA114720:NODE_3_length_264240_cov_55.000500_31 (length 64)
prokka_out/CA114720:NODE_3_length_264240_cov_55.000500_32 (length 76)
prokka_out/CA114720:NODE_3_length_264240_cov_55.000500_33 (length 86)
prokka_out/CA114720:NODE_3_length_264240_cov_55.000500_34 (length 199)
prokka_out/CA114720:NODE_3_length_264240_cov_55.000500_35 (length 116)
prokka_out/CA114720:NODE_3_length_264240_cov_55.000500_36 (length 35)
prokka_out/CA114720:NODE_3_length_264240_cov_55.000500_37 (length 255)
prokka_out/CA114720:NODE_3_length_264240_cov_55.000500_38 (length 373)
prokka_out/CA114720:NODE_3_length_264240_cov_55.000500_39 (length 466)
prokka_out/CA114720:NODE_3_length_264240_cov_55.000500_40 (length 351)
prokka_out/CA114720:NODE_3_length_264240_cov_55.000500_41 (length 523)
prokka_out/CA114720:NODE_3_length_264240_cov_55.000500_42 (length 416)
prokka_out/CA114720:NODE_3_length_264240_cov_55.000500_43 (length 536)
prokka_out/CA114720:NODE_3_length_264240_cov_55.000500_44 (length 138)
prokka_out/CA114720:NODE_3_length_264240_cov_55.000500_45 (length 172)
prokka_out/CA114720:NODE_3_length_264240_cov_55.000500_46 (length 170)
prokka_out/CA114720:NODE_3_length_264240_cov_55.000500_47 (length 622)
prokka_out/CA114720:NODE_3_length_264240_cov_55.000500_48 (length 293)
prokka_out/CA114720:NODE_3_length_264240_cov_55.000500_49 (length 365)
prokka_out/CA114720:NODE_3_length_264240_cov_55.000500_50 (length 190)
prokka_out/CA114720:NODE_3_length_264240_cov_55.000500_51 (length 188)
prokka_out/CA114720:NODE_3_length_264240_cov_55.000500_52 (length 186)
prokka_out/CA114720:NODE_3_length_264240_cov_55.000500_53 (length 327)
prokka_out/CA114720:NODE_3_length_264240_cov_55.000500_54 (length 306)
prokka_out/CA114720:NODE_3_length_264240_cov_55.000500_55 (length 163)
prokka_out/CA114720:NODE_3_length_264240_cov_55.000500_56 (length 451)
prokka_out/CA114720:NODE_3_length_264240_cov_55.000500_57 (length 421)
prokka_out/CA114720:NODE_3_length_264240_cov_55.000500_58 (length 252)
prokka_out/CA114720:NODE_3_length_264240_cov_55.000500_59 (length 68)
prokka_out/CA114720:NODE_3_length_264240_cov_55.000500_60 (length 204)
prokka_out/CA114720:NODE_3_length_264240_cov_55.000500_61 (length 383)
prokka_out/CA114720:NODE_3_length_264240_cov_55.000500_62 (length 246)
prokka_out/CA114720:NODE_3_length_264240_cov_55.000500_63 (length 372)
prokka_out/CA114720:NODE_3_length_264240_cov_55.000500_64 (length 279)
prokka_out/CA114720:NODE_3_length_264240_cov_55.000500_65 (length 415)
prokka_out/CA114720:NODE_3_length_264240_cov_55.000500_66 (length 422)
prokka_out/CA114720:NODE_3_length_264240_cov_55.000500_67 (length 175)
prokka_out/CA114720:NODE_3_length_264240_cov_55.000500_68 (length 57)
prokka_out/CA114720:NODE_3_length_264240_cov_55.000500_69 (length 192)
prokka_out/CA114720:NODE_3_length_264240_cov_55.000500_70 (length 291)
prokka_out/CA114720:NODE_3_length_264240_cov_55.000500_71 (length 185)
prokka_out/CA114720:NODE_3_length_264240_cov_55.000500_72 (length 330)
prokka_out/CA114720:NODE_3_length_264240_cov_55.000500_73 (length 107)
prokka_out/CA114720:NODE_3_length_264240_cov_55.000500_74 (length 71)
prokka_out/CA114720:NODE_3_length_264240_cov_55.000500_75 (length 124)
prokka_out/CA114720:NODE_3_length_264240_cov_55.000500_76 (length 396)
prokka_out/CA114720:NODE_3_length_264240_cov_55.000500_77 (length 202)
prokka_out/CA114720:NODE_3_length_264240_cov_55.000500_78 (length 159)
prokka_out/CA114720:NODE_3_length_264240_cov_55.000500_79 (length 44)
prokka_out/CA114720:NODE_3_length_264240_cov_55.000500_80 (length 108)
prokka_out/CA114720:NODE_3_length_264240_cov_55.000500_81 (length 123)
prokka_out/CA114720:NODE_3_length_264240_cov_55.000500_82 (length 530)
prokka_out/CA114720:NODE_3_length_264240_cov_55.000500_83 (length 272)
prokka_out/CA114720:NODE_3_length_264240_cov_55.000500_84 (length 442)
prokka_out/CA114720:NODE_3_length_264240_cov_55.000500_85 (length 728)
prokka_out/CA114720:NODE_3_length_264240_cov_55.000500_86 (length 256)
prokka_out/CA114720:NODE_3_length_264240_cov_55.000500_87 (length 510)
prokka_out/CA114720:NODE_3_length_264240_cov_55.000500_88 (length 530)
prokka_out/CA114720:NODE_3_length_264240_cov_55.000500_89 (length 144)
prokka_out/CA114720:NODE_3_length_264240_cov_55.000500_90 (length 325)
prokka_out/CA114720:NODE_3_length_264240_cov_55.000500_91 (length 295)
prokka_out/CA114720:NODE_3_length_264240_cov_55.000500_92 (length 290)
prokka_out/CA114720:NODE_3_length_264240_cov_55.000500_93 (length 448)
prokka_out/CA114720:NODE_3_length_264240_cov_55.000500_94 (length 447)
prokka_out/CA114720:NODE_3_length_264240_cov_55.000500_95 (length 244)
prokka_out/CA114720:NODE_3_length_264240_cov_55.000500_96 (length 169)
prokka_out/CA114720:NODE_3_length_264240_cov_55.000500_97 (length 862)
prokka_out/CA114720:NODE_3_length_264240_cov_55.000500_98 (length 401)
prokka_out/CA114720:NODE_3_length_264240_cov_55.000500_99 (length 261)
prokka_out/CA114720:NODE_3_length_264240_cov_55.000500_1> (length 126)
prokka_out/CA114720:NODE_3_length_264240_cov_55.000500_1> (length 1170)
prokka_out/CA114720:NODE_3_length_264240_cov_55.000500_1> (length 303)
prokka_out/CA114720:NODE_3_length_264240_cov_55.000500_1> (length 112)
prokka_out/CA114720:NODE_3_length_264240_cov_55.000500_1> (length 444)
prokka_out/CA114720:NODE_3_length_264240_cov_55.000500_1> (length 446)
prokka_out/CA114720:NODE_3_length_264240_cov_55.000500_1> (length 599)
prokka_out/CA114720:NODE_3_length_264240_cov_55.000500_1> (length 524)
prokka_out/CA114720:NODE_3_length_264240_cov_55.000500_1> (length 460)
prokka_out/CA114720:NODE_3_length_264240_cov_55.000500_1> (length 367)
prokka_out/CA114720:NODE_3_length_264240_cov_55.000500_1> (length 483)
prokka_out/CA114720:NODE_3_length_264240_cov_55.000500_1> (length 198)
prokka_out/CA114720:NODE_3_length_264240_cov_55.000500_1> (length 182)
prokka_out/CA114720:NODE_3_length_264240_cov_55.000500_1> (length 110)
prokka_out/CA114720:NODE_3_length_264240_cov_55.000500_1> (length 145)
prokka_out/CA114720:NODE_3_length_264240_cov_55.000500_1> (length 184)
prokka_out/CA114720:NODE_3_length_264240_cov_55.000500_1> (length 262)
prokka_out/CA114720:NODE_3_length_264240_cov_55.000500_1> (length 242)
prokka_out/CA114720:NODE_3_length_264240_cov_55.000500_1> (length 259)
prokka_out/CA114720:NODE_3_length_264240_cov_55.000500_1> (length 250)
prokka_out/CA114720:NODE_3_length_264240_cov_55.000500_1> (length 219)
prokka_out/CA114720:NODE_3_length_264240_cov_55.000500_1> (length 309)
prokka_out/CA114720:NODE_3_length_264240_cov_55.000500_1> (length 703)
prokka_out/CA114720:NODE_3_length_264240_cov_55.000500_1> (length 65)
prokka_out/CA114720:NODE_3_length_264240_cov_55.000500_1> (length 137)
prokka_out/CA114720:NODE_3_length_264240_cov_55.000500_1> (length 610)
prokka_out/CA114720:NODE_3_length_264240_cov_55.000500_1> (length 98)
prokka_out/CA114720:NODE_3_length_264240_cov_55.000500_1> (length 299)
prokka_out/CA114720:NODE_3_length_264240_cov_55.000500_1> (length 186)
prokka_out/CA114720:NODE_3_length_264240_cov_55.000500_1> (length 150)
prokka_out/CA114720:NODE_3_length_264240_cov_55.000500_1> (length 139)
prokka_out/CA114720:NODE_3_length_264240_cov_55.000500_1> (length 156)
prokka_out/CA114720:NODE_3_length_264240_cov_55.000500_1> (length 325)
prokka_out/CA114720:NODE_3_length_264240_cov_55.000500_1> (length 328)
prokka_out/CA114720:NODE_3_length_264240_cov_55.000500_1> (length 155)
prokka_out/CA114720:NODE_3_length_264240_cov_55.000500_1> (length 488)
prokka_out/CA114720:NODE_3_length_264240_cov_55.000500_1> (length 242)
prokka_out/CA114720:NODE_3_length_264240_cov_55.000500_1> (length 247)
prokka_out/CA114720:NODE_3_length_264240_cov_55.000500_1> (length 48)
prokka_out/CA114720:NODE_3_length_264240_cov_55.000500_1> (length 189)
prokka_out/CA114720:NODE_3_length_264240_cov_55.000500_1> (length 121)
prokka_out/CA114720:NODE_3_length_264240_cov_55.000500_1> (length 330)
prokka_out/CA114720:NODE_3_length_264240_cov_55.000500_1> (length 773)
prokka_out/CA114720:NODE_3_length_264240_cov_55.000500_1> (length 428)
prokka_out/CA114720:NODE_3_length_264240_cov_55.000500_1> (length 277)
prokka_out/CA114720:NODE_3_length_264240_cov_55.000500_1> (length 556)
prokka_out/CA114720:NODE_3_length_264240_cov_55.000500_1> (length 162)
prokka_out/CA114720:NODE_3_length_264240_cov_55.000500_1> (length 527)
prokka_out/CA114720:NODE_3_length_264240_cov_55.000500_1> (length 223)
prokka_out/CA114720:NODE_3_length_264240_cov_55.000500_1> (length 427)
prokka_out/CA114720:NODE_3_length_264240_cov_55.000500_1> (length 643)
prokka_out/CA114720:NODE_3_length_264240_cov_55.000500_1> (length 750)
prokka_out/CA114720:NODE_3_length_264240_cov_55.000500_1> (length 946)
prokka_out/CA114720:NODE_3_length_264240_cov_55.000500_1> (length 90)
prokka_out/CA114720:NODE_3_length_264240_cov_55.000500_1> (length 136)
prokka_out/CA114720:NODE_3_length_264240_cov_55.000500_1> (length 724)
prokka_out/CA114720:NODE_3_length_264240_cov_55.000500_1> (length 348)
prokka_out/CA114720:NODE_3_length_264240_cov_55.000500_1> (length 80)
prokka_out/CA114720:NODE_3_length_264240_cov_55.000500_1> (length 210)
prokka_out/CA114720:NODE_3_length_264240_cov_55.000500_1> (length 46)
prokka_out/CA114720:NODE_3_length_264240_cov_55.000500_1> (length 316)
prokka_out/CA114720:NODE_3_length_264240_cov_55.000500_1> (length 213)
prokka_out/CA114720:NODE_3_length_264240_cov_55.000500_1> (length 105)
prokka_out/CA114720:NODE_3_length_264240_cov_55.000500_1> (length 89)
prokka_out/CA114720:NODE_3_length_264240_cov_55.000500_1> (length 291)
prokka_out/CA114720:NODE_3_length_264240_cov_55.000500_1> (length 264)
prokka_out/CA114720:NODE_3_length_264240_cov_55.000500_1> (length 119)
prokka_out/CA114720:NODE_3_length_264240_cov_55.000500_1> (length 354)
prokka_out/CA114720:NODE_3_length_264240_cov_55.000500_1> (length 594)
prokka_out/CA114720:NODE_3_length_264240_cov_55.000500_1> (length 188)
prokka_out/CA114720:NODE_3_length_264240_cov_55.000500_1> (length 142)
prokka_out/CA114720:NODE_3_length_264240_cov_55.000500_1> (length 418)
prokka_out/CA114720:NODE_3_length_264240_cov_55.000500_1> (length 386)
prokka_out/CA114720:NODE_3_length_264240_cov_55.000500_1> (length 282)
prokka_out/CA114720:NODE_3_length_264240_cov_55.000500_1> (length 282)
prokka_out/CA114720:NODE_3_length_264240_cov_55.000500_1> (length 110)
prokka_out/CA114720:NODE_3_length_264240_cov_55.000500_1> (length 424)
prokka_out/CA114720:NODE_3_length_264240_cov_55.000500_1> (length 109)
prokka_out/CA114720:NODE_3_length_264240_cov_55.000500_1> (length 167)
prokka_out/CA114720:NODE_3_length_264240_cov_55.000500_1> (length 386)
prokka_out/CA114720:NODE_3_length_264240_cov_55.000500_1> (length 719)
prokka_out/CA114720:NODE_3_length_264240_cov_55.000500_1> (length 93)
prokka_out/CA114720:NODE_3_length_264240_cov_55.000500_1> (length 266)
prokka_out/CA114720:NODE_3_length_264240_cov_55.000500_1> (length 374)
prokka_out/CA114720:NODE_3_length_264240_cov_55.000500_1> (length 431)
prokka_out/CA114720:NODE_3_length_264240_cov_55.000500_1> (length 93)
prokka_out/CA114720:NODE_3_length_264240_cov_55.000500_1> (length 541)
prokka_out/CA114720:NODE_3_length_264240_cov_55.000500_1> (length 161)
prokka_out/CA114720:NODE_3_length_264240_cov_55.000500_1> (length 163)
prokka_out/CA114720:NODE_3_length_264240_cov_55.000500_1> (length 280)
prokka_out/CA114720:NODE_3_length_264240_cov_55.000500_1> (length 65)
prokka_out/CA114720:NODE_3_length_264240_cov_55.000500_1> (length 628)
prokka_out/CA114720:NODE_3_length_264240_cov_55.000500_1> (length 313)
prokka_out/CA114720:NODE_3_length_264240_cov_55.000500_1> (length 150)
prokka_out/CA114720:NODE_3_length_264240_cov_55.000500_1> (length 848)
prokka_out/CA114720:NODE_3_length_264240_cov_55.000500_1> (length 412)
prokka_out/CA114720:NODE_3_length_264240_cov_55.000500_1> (length 249)
prokka_out/CA114720:NODE_3_length_264240_cov_55.000500_1> (length 577)
prokka_out/CA114720:NODE_3_length_264240_cov_55.000500_1> (length 357)
prokka_out/CA114720:NODE_3_length_264240_cov_55.000500_1> (length 138)
prokka_out/CA114720:NODE_3_length_264240_cov_55.000500_2> (length 137)
prokka_out/CA114720:NODE_3_length_264240_cov_55.000500_2> (length 403)
prokka_out/CA114720:NODE_3_length_264240_cov_55.000500_2> (length 240)
prokka_out/CA114720:NODE_3_length_264240_cov_55.000500_2> (length 341)
prokka_out/CA114720:NODE_3_length_264240_cov_55.000500_2> (length 258)
prokka_out/CA114720:NODE_3_length_264240_cov_55.000500_2> (length 222)
prokka_out/CA114720:NODE_3_length_264240_cov_55.000500_2> (length 205)
prokka_out/CA114720:NODE_3_length_264240_cov_55.000500_2> (length 384)
prokka_out/CA114720:NODE_3_length_264240_cov_55.000500_2> (length 429)
prokka_out/CA114720:NODE_3_length_264240_cov_55.000500_2> (length 244)
prokka_out/CA114720:NODE_3_length_264240_cov_55.000500_2> (length 256)
prokka_out/CA114720:NODE_3_length_264240_cov_55.000500_2> (length 443)
prokka_out/CA114720:NODE_3_length_264240_cov_55.000500_2> (length 239)
prokka_out/CA114720:NODE_3_length_264240_cov_55.000500_2> (length 470)
prokka_out/CA114720:NODE_3_length_264240_cov_55.000500_2> (length 307)
prokka_out/CA114720:NODE_3_length_264240_cov_55.000500_2> (length 246)
prokka_out/CA114720:NODE_3_length_264240_cov_55.000500_2> (length 198)
prokka_out/CA114720:NODE_3_length_264240_cov_55.000500_2> (length 101)
prokka_out/CA114720:NODE_3_length_264240_cov_55.000500_2> (length 259)
prokka_out/CA114720:NODE_3_length_264240_cov_55.000500_2> (length 298)
prokka_out/CA114720:NODE_3_length_264240_cov_55.000500_2> (length 416)
prokka_out/CA114720:NODE_3_length_264240_cov_55.000500_2> (length 352)
prokka_out/CA114720:NODE_3_length_264240_cov_55.000500_2> (length 580)
prokka_out/CA114720:NODE_3_length_264240_cov_55.000500_2> (length 462)
prokka_out/CA114720:NODE_3_length_264240_cov_55.000500_2> (length 479)
prokka_out/CA114720:NODE_3_length_264240_cov_55.000500_2> (length 619)
prokka_out/CA114720:NODE_3_length_264240_cov_55.000500_2> (length 183)
prokka_out/CA114720:NODE_3_length_264240_cov_55.000500_2> (length 346)
prokka_out/CA114720:NODE_3_length_264240_cov_55.000500_2> (length 71)
prokka_out/CA114720:NODE_3_length_264240_cov_55.000500_2> (length 239)
prokka_out/CA114720:NODE_3_length_264240_cov_55.000500_2> (length 475)
prokka_out/CA114720:NODE_3_length_264240_cov_55.000500_2> (length 414)
prokka_out/CA114720:NODE_3_length_264240_cov_55.000500_2> (length 339)
prokka_out/CA114720:NODE_3_length_264240_cov_55.000500_2> (length 292)
prokka_out/CA114720:NODE_3_length_264240_cov_55.000500_2> (length 422)
prokka_out/CA114720:NODE_3_length_264240_cov_55.000500_2> (length 274)
prokka_out/CA114720:NODE_3_length_264240_cov_55.000500_2> (length 372)
prokka_out/CA114720:NODE_3_length_264240_cov_55.000500_2> (length 163)
prokka_out/CA114720:NODE_3_length_264240_cov_55.000500_2> (length 81)
prokka_out/CA114720:NODE_3_length_264240_cov_55.000500_2> (length 57)
prokka_out/CA114720:NODE_3_length_264240_cov_55.000500_2> (length 112)
prokka_out/CA114720:NODE_3_length_264240_cov_55.000500_2> (length 304)
prokka_out/CA114720:NODE_3_length_264240_cov_55.000500_2> (length 173)
prokka_out/CA114720:NODE_3_length_264240_cov_55.000500_2> (length 259)
prokka_out/CA114720:NODE_3_length_264240_cov_55.000500_2> (length 246)
prokka_out/CA114720:NODE_3_length_264240_cov_55.000500_2> (length 924)
prokka_out/CA114720:NODE_3_length_264240_cov_55.000500_2> (length 175)
prokka_out/CA114720:NODE_3_length_264240_cov_55.000500_2> (length 246)
prokka_out/CA114720:NODE_3_length_264240_cov_55.000500_2> (length 676)
prokka_out/CA114720:NODE_3_length_264240_cov_55.000500_2> (length 340)
prokka_out/CA114720:NODE_3_length_264240_cov_55.000500_2> (length 870)
prokka_out/CA114720:NODE_3_length_264240_cov_55.000500_2> (length 336)
prokka_out/CA114720:NODE_3_length_264240_cov_55.000500_2> (length 303)
prokka_out/CA114720:NODE_3_length_264240_cov_55.000500_2> (length 257)
prokka_out/CA114720:NODE_3_length_264240_cov_55.000500_2> (length 256)
prokka_out/CA114720:NODE_3_length_264240_cov_55.000500_2> (length 258)
prokka_out/CA114720:NODE_3_length_264240_cov_55.000500_2> (length 220)
prokka_out/CA114720:NODE_3_length_264240_cov_55.000500_2> (length 187)
prokka_out/CA114720:NODE_3_length_264240_cov_55.000500_2> (length 158)
prokka_out/CA114720:NODE_3_length_264240_cov_55.000500_2> (length 192)
prokka_out/CA114720:NODE_3_length_264240_cov_55.000500_2> (length 408)
prokka_out/CA114720:NODE_3_length_264240_cov_55.000500_2> (length 611)
prokka_out/CA114720:NODE_3_length_264240_cov_55.000500_2> (length 212)
prokka_out/CA114720:NODE_3_length_264240_cov_55.000500_2> (length 389)
prokka_out/CA114720:NODE_3_length_264240_cov_55.000500_2> (length 113)
prokka_out/CA114720:NODE_3_length_264240_cov_55.000500_2> (length 340)
prokka_out/CA114720:NODE_3_length_264240_cov_55.000500_2> (length 623)
prokka_out/CA114720:NODE_3_length_264240_cov_55.000500_2> (length 176)
prokka_out/CA114720:NODE_3_length_264240_cov_55.000500_2> (length 263)
prokka_out/CA114720:NODE_3_length_264240_cov_55.000500_2> (length 353)
prokka_out/CA114720:NODE_4_length_223668_cov_61.855060 (length 223668)
prokka_out/CA114720:NODE_4_length_223668_cov_61.855060_1 (length 152)
prokka_out/CA114720:NODE_4_length_223668_cov_61.855060_2 (length 147)
prokka_out/CA114720:NODE_4_length_223668_cov_61.855060_3 (length 391)
prokka_out/CA114720:NODE_4_length_223668_cov_61.855060_4 (length 149)
prokka_out/CA114720:NODE_4_length_223668_cov_61.855060_5 (length 250)
prokka_out/CA114720:NODE_4_length_223668_cov_61.855060_6 (length 494)
prokka_out/CA114720:NODE_4_length_223668_cov_61.855060_7 (length 356)
prokka_out/CA114720:NODE_4_length_223668_cov_61.855060_8 (length 415)
prokka_out/CA114720:NODE_4_length_223668_cov_61.855060_9 (length 1014)
prokka_out/CA114720:NODE_4_length_223668_cov_61.855060_10 (length 57)
prokka_out/CA114720:NODE_4_length_223668_cov_61.855060_11 (length 769)
prokka_out/CA114720:NODE_4_length_223668_cov_61.855060_12 (length 358)
prokka_out/CA114720:NODE_4_length_223668_cov_61.855060_13 (length 149)
prokka_out/CA114720:NODE_4_length_223668_cov_61.855060_14 (length 192)
prokka_out/CA114720:NODE_4_length_223668_cov_61.855060_15 (length 298)
prokka_out/CA114720:NODE_4_length_223668_cov_61.855060_16 (length 321)
prokka_out/CA114720:NODE_4_length_223668_cov_61.855060_17 (length 246)
prokka_out/CA114720:NODE_4_length_223668_cov_61.855060_18 (length 255)
prokka_out/CA114720:NODE_4_length_223668_cov_61.855060_19 (length 269)
prokka_out/CA114720:NODE_4_length_223668_cov_61.855060_20 (length 228)
prokka_out/CA114720:NODE_4_length_223668_cov_61.855060_21 (length 331)
prokka_out/CA114720:NODE_4_length_223668_cov_61.855060_22 (length 657)
prokka_out/CA114720:NODE_4_length_223668_cov_61.855060_23 (length 274)
prokka_out/CA114720:NODE_4_length_223668_cov_61.855060_24 (length 406)
prokka_out/CA114720:NODE_4_length_223668_cov_61.855060_25 (length 149)
prokka_out/CA114720:NODE_4_length_223668_cov_61.855060_26 (length 345)
prokka_out/CA114720:NODE_4_length_223668_cov_61.855060_27 (length 243)
prokka_out/CA114720:NODE_4_length_223668_cov_61.855060_28 (length 249)
prokka_out/CA114720:NODE_4_length_223668_cov_61.855060_29 (length 201)
prokka_out/CA114720:NODE_4_length_223668_cov_61.855060_30 (length 329)
prokka_out/CA114720:NODE_4_length_223668_cov_61.855060_31 (length 172)
prokka_out/CA114720:NODE_4_length_223668_cov_61.855060_32 (length 219)
prokka_out/CA114720:NODE_4_length_223668_cov_61.855060_33 (length 987)
prokka_out/CA114720:NODE_4_length_223668_cov_61.855060_34 (length 296)
prokka_out/CA114720:NODE_4_length_223668_cov_61.855060_35 (length 143)
prokka_out/CA114720:NODE_4_length_223668_cov_61.855060_36 (length 226)
prokka_out/CA114720:NODE_4_length_223668_cov_61.855060_37 (length 33)
prokka_out/CA114720:NODE_4_length_223668_cov_61.855060_38 (length 161)
prokka_out/CA114720:NODE_4_length_223668_cov_61.855060_39 (length 152)
prokka_out/CA114720:NODE_4_length_223668_cov_61.855060_40 (length 269)
prokka_out/CA114720:NODE_4_length_223668_cov_61.855060_41 (length 175)
prokka_out/CA114720:NODE_4_length_223668_cov_61.855060_42 (length 287)
prokka_out/CA114720:NODE_4_length_223668_cov_61.855060_43 (length 245)
prokka_out/CA114720:NODE_4_length_223668_cov_61.855060_44 (length 226)
prokka_out/CA114720:NODE_4_length_223668_cov_61.855060_45 (length 94)
prokka_out/CA114720:NODE_4_length_223668_cov_61.855060_46 (length 187)
prokka_out/CA114720:NODE_4_length_223668_cov_61.855060_47 (length 264)
prokka_out/CA114720:NODE_4_length_223668_cov_61.855060_48 (length 180)
prokka_out/CA114720:NODE_4_length_223668_cov_61.855060_49 (length 302)
prokka_out/CA114720:NODE_4_length_223668_cov_61.855060_50 (length 396)
prokka_out/CA114720:NODE_4_length_223668_cov_61.855060_51 (length 138)
prokka_out/CA114720:NODE_4_length_223668_cov_61.855060_52 (length 147)
prokka_out/CA114720:NODE_4_length_223668_cov_61.855060_53 (length 73)
prokka_out/CA114720:NODE_4_length_223668_cov_61.855060_54 (length 513)
prokka_out/CA114720:NODE_4_length_223668_cov_61.855060_55 (length 382)
prokka_out/CA114720:NODE_4_length_223668_cov_61.855060_56 (length 233)
prokka_out/CA114720:NODE_4_length_223668_cov_61.855060_57 (length 63)
prokka_out/CA114720:NODE_4_length_223668_cov_61.855060_58 (length 180)
prokka_out/CA114720:NODE_4_length_223668_cov_61.855060_59 (length 746)
prokka_out/CA114720:NODE_4_length_223668_cov_61.855060_60 (length 213)
prokka_out/CA114720:NODE_4_length_223668_cov_61.855060_61 (length 310)
prokka_out/CA114720:NODE_4_length_223668_cov_61.855060_62 (length 260)
prokka_out/CA114720:NODE_4_length_223668_cov_61.855060_63 (length 245)
prokka_out/CA114720:NODE_4_length_223668_cov_61.855060_64 (length 700)
prokka_out/CA114720:NODE_4_length_223668_cov_61.855060_65 (length 190)
prokka_out/CA114720:NODE_4_length_223668_cov_61.855060_66 (length 308)
prokka_out/CA114720:NODE_4_length_223668_cov_61.855060_67 (length 1162)
prokka_out/CA114720:NODE_4_length_223668_cov_61.855060_68 (length 489)
prokka_out/CA114720:NODE_4_length_223668_cov_61.855060_69 (length 75)
prokka_out/CA114720:NODE_4_length_223668_cov_61.855060_70 (length 402)
prokka_out/CA114720:NODE_4_length_223668_cov_61.855060_71 (length 416)
prokka_out/CA114720:NODE_4_length_223668_cov_61.855060_72 (length 142)
prokka_out/CA114720:NODE_4_length_223668_cov_61.855060_73 (length 172)
prokka_out/CA114720:NODE_4_length_223668_cov_61.855060_74 (length 183)
prokka_out/CA114720:NODE_4_length_223668_cov_61.855060_75 (length 372)
prokka_out/CA114720:NODE_4_length_223668_cov_61.855060_76 (length 219)
prokka_out/CA114720:NODE_4_length_223668_cov_61.855060_77 (length 403)
prokka_out/CA114720:NODE_4_length_223668_cov_61.855060_78 (length 226)
prokka_out/CA114720:NODE_4_length_223668_cov_61.855060_79 (length 488)
prokka_out/CA114720:NODE_4_length_223668_cov_61.855060_80 (length 221)
prokka_out/CA114720:NODE_4_length_223668_cov_61.855060_81 (length 88)
prokka_out/CA114720:NODE_4_length_223668_cov_61.855060_82 (length 287)
prokka_out/CA114720:NODE_4_length_223668_cov_61.855060_83 (length 73)
prokka_out/CA114720:NODE_4_length_223668_cov_61.855060_84 (length 33)
prokka_out/CA114720:NODE_4_length_223668_cov_61.855060_85 (length 200)
prokka_out/CA114720:NODE_4_length_223668_cov_61.855060_86 (length 173)
prokka_out/CA114720:NODE_4_length_223668_cov_61.855060_87 (length 788)
prokka_out/CA114720:NODE_4_length_223668_cov_61.855060_88 (length 921)
prokka_out/CA114720:NODE_4_length_223668_cov_61.855060_89 (length 141)
prokka_out/CA114720:NODE_4_length_223668_cov_61.855060_90 (length 129)
prokka_out/CA114720:NODE_4_length_223668_cov_61.855060_91 (length 319)
prokka_out/CA114720:NODE_4_length_223668_cov_61.855060_92 (length 213)
prokka_out/CA114720:NODE_4_length_223668_cov_61.855060_93 (length 1186)
prokka_out/CA114720:NODE_4_length_223668_cov_61.855060_94 (length 103)
prokka_out/CA114720:NODE_4_length_223668_cov_61.855060_95 (length 470)
prokka_out/CA114720:NODE_4_length_223668_cov_61.855060_96 (length 202)
prokka_out/CA114720:NODE_4_length_223668_cov_61.855060_97 (length 195)
prokka_out/CA114720:NODE_4_length_223668_cov_61.855060_98 (length 519)
prokka_out/CA114720:NODE_4_length_223668_cov_61.855060_99 (length 393)
prokka_out/CA114720:NODE_4_length_223668_cov_61.855060_1> (length 254)
prokka_out/CA114720:NODE_4_length_223668_cov_61.855060_1> (length 254)
prokka_out/CA114720:NODE_4_length_223668_cov_61.855060_1> (length 608)
prokka_out/CA114720:NODE_4_length_223668_cov_61.855060_1> (length 144)
prokka_out/CA114720:NODE_4_length_223668_cov_61.855060_1> (length 65)
prokka_out/CA114720:NODE_4_length_223668_cov_61.855060_1> (length 113)
prokka_out/CA114720:NODE_4_length_223668_cov_61.855060_1> (length 348)
prokka_out/CA114720:NODE_4_length_223668_cov_61.855060_1> (length 228)
prokka_out/CA114720:NODE_4_length_223668_cov_61.855060_1> (length 127)
prokka_out/CA114720:NODE_4_length_223668_cov_61.855060_1> (length 357)
prokka_out/CA114720:NODE_4_length_223668_cov_61.855060_1> (length 273)
prokka_out/CA114720:NODE_4_length_223668_cov_61.855060_1> (length 372)
prokka_out/CA114720:NODE_4_length_223668_cov_61.855060_1> (length 130)
prokka_out/CA114720:NODE_4_length_223668_cov_61.855060_1> (length 365)
prokka_out/CA114720:NODE_4_length_223668_cov_61.855060_1> (length 439)
prokka_out/CA114720:NODE_4_length_223668_cov_61.855060_1> (length 321)
prokka_out/CA114720:NODE_4_length_223668_cov_61.855060_1> (length 237)
prokka_out/CA114720:NODE_4_length_223668_cov_61.855060_1> (length 229)
prokka_out/CA114720:NODE_4_length_223668_cov_61.855060_1> (length 187)
prokka_out/CA114720:NODE_4_length_223668_cov_61.855060_1> (length 135)
prokka_out/CA114720:NODE_4_length_223668_cov_61.855060_1> (length 260)
prokka_out/CA114720:NODE_4_length_223668_cov_61.855060_1> (length 220)
prokka_out/CA114720:NODE_4_length_223668_cov_61.855060_1> (length 372)
prokka_out/CA114720:NODE_4_length_223668_cov_61.855060_1> (length 552)
prokka_out/CA114720:NODE_4_length_223668_cov_61.855060_1> (length 315)
prokka_out/CA114720:NODE_4_length_223668_cov_61.855060_1> (length 325)
prokka_out/CA114720:NODE_4_length_223668_cov_61.855060_1> (length 347)
prokka_out/CA114720:NODE_4_length_223668_cov_61.855060_1> (length 465)
prokka_out/CA114720:NODE_4_length_223668_cov_61.855060_1> (length 347)
prokka_out/CA114720:NODE_4_length_223668_cov_61.855060_1> (length 432)
prokka_out/CA114720:NODE_4_length_223668_cov_61.855060_1> (length 324)
prokka_out/CA114720:NODE_4_length_223668_cov_61.855060_1> (length 371)
prokka_out/CA114720:NODE_4_length_223668_cov_61.855060_1> (length 410)
prokka_out/CA114720:NODE_4_length_223668_cov_61.855060_1> (length 712)
prokka_out/CA114720:NODE_4_length_223668_cov_61.855060_1> (length 665)
prokka_out/CA114720:NODE_4_length_223668_cov_61.855060_1> (length 346)
prokka_out/CA114720:NODE_4_length_223668_cov_61.855060_1> (length 373)
prokka_out/CA114720:NODE_4_length_223668_cov_61.855060_1> (length 288)
prokka_out/CA114720:NODE_4_length_223668_cov_61.855060_1> (length 463)
prokka_out/CA114720:NODE_4_length_223668_cov_61.855060_1> (length 315)
prokka_out/CA114720:NODE_4_length_223668_cov_61.855060_1> (length 220)
prokka_out/CA114720:NODE_4_length_223668_cov_61.855060_1> (length 394)
prokka_out/CA114720:NODE_4_length_223668_cov_61.855060_1> (length 440)
prokka_out/CA114720:NODE_4_length_223668_cov_61.855060_1> (length 398)
prokka_out/CA114720:NODE_4_length_223668_cov_61.855060_1> (length 351)
prokka_out/CA114720:NODE_4_length_223668_cov_61.855060_1> (length 371)
prokka_out/CA114720:NODE_4_length_223668_cov_61.855060_1> (length 394)
prokka_out/CA114720:NODE_4_length_223668_cov_61.855060_1> (length 373)
prokka_out/CA114720:NODE_4_length_223668_cov_61.855060_1> (length 453)
prokka_out/CA114720:NODE_4_length_223668_cov_61.855060_1> (length 139)
prokka_out/CA114720:NODE_4_length_223668_cov_61.855060_1> (length 115)
prokka_out/CA114720:NODE_4_length_223668_cov_61.855060_1> (length 178)
prokka_out/CA114720:NODE_4_length_223668_cov_61.855060_1> (length 456)
prokka_out/CA114720:NODE_4_length_223668_cov_61.855060_1> (length 125)
prokka_out/CA114720:NODE_4_length_223668_cov_61.855060_1> (length 108)
prokka_out/CA114720:NODE_4_length_223668_cov_61.855060_1> (length 181)
prokka_out/CA114720:NODE_4_length_223668_cov_61.855060_1> (length 332)
prokka_out/CA114720:NODE_4_length_223668_cov_61.855060_1> (length 400)
prokka_out/CA114720:NODE_4_length_223668_cov_61.855060_1> (length 223)
prokka_out/CA114720:NODE_4_length_223668_cov_61.855060_1> (length 274)
prokka_out/CA114720:NODE_4_length_223668_cov_61.855060_1> (length 497)
prokka_out/CA114720:NODE_4_length_223668_cov_61.855060_1> (length 613)
prokka_out/CA114720:NODE_4_length_223668_cov_61.855060_1> (length 74)
prokka_out/CA114720:NODE_4_length_223668_cov_61.855060_1> (length 446)
prokka_out/CA114720:NODE_4_length_223668_cov_61.855060_1> (length 455)
prokka_out/CA114720:NODE_4_length_223668_cov_61.855060_1> (length 387)
prokka_out/CA114720:NODE_4_length_223668_cov_61.855060_1> (length 479)
prokka_out/CA114720:NODE_4_length_223668_cov_61.855060_1> (length 120)
prokka_out/CA114720:NODE_4_length_223668_cov_61.855060_1> (length 218)
prokka_out/CA114720:NODE_4_length_223668_cov_61.855060_1> (length 156)
prokka_out/CA114720:NODE_4_length_223668_cov_61.855060_1> (length 474)
prokka_out/CA114720:NODE_4_length_223668_cov_61.855060_1> (length 104)
prokka_out/CA114720:NODE_4_length_223668_cov_61.855060_1> (length 231)
prokka_out/CA114720:NODE_4_length_223668_cov_61.855060_1> (length 163)
prokka_out/CA114720:NODE_4_length_223668_cov_61.855060_1> (length 176)
prokka_out/CA114720:NODE_4_length_223668_cov_61.855060_1> (length 236)
prokka_out/CA114720:NODE_4_length_223668_cov_61.855060_1> (length 601)
prokka_out/CA114720:NODE_4_length_223668_cov_61.855060_1> (length 440)
prokka_out/CA114720:NODE_4_length_223668_cov_61.855060_1> (length 557)
prokka_out/CA114720:NODE_4_length_223668_cov_61.855060_1> (length 433)
prokka_out/CA114720:NODE_4_length_223668_cov_61.855060_1> (length 200)
prokka_out/CA114720:NODE_4_length_223668_cov_61.855060_1> (length 823)
prokka_out/CA114720:NODE_4_length_223668_cov_61.855060_1> (length 189)
prokka_out/CA114720:NODE_4_length_223668_cov_61.855060_1> (length 232)
prokka_out/CA114720:NODE_4_length_223668_cov_61.855060_1> (length 147)
prokka_out/CA114720:NODE_4_length_223668_cov_61.855060_1> (length 439)
prokka_out/CA114720:NODE_4_length_223668_cov_61.855060_1> (length 354)
prokka_out/CA114720:NODE_4_length_223668_cov_61.855060_1> (length 753)
prokka_out/CA114720:NODE_4_length_223668_cov_61.855060_1> (length 598)
prokka_out/CA114720:NODE_4_length_223668_cov_61.855060_1> (length 463)
prokka_out/CA114720:NODE_4_length_223668_cov_61.855060_1> (length 347)
prokka_out/CA114720:NODE_4_length_223668_cov_61.855060_1> (length 335)
prokka_out/CA114720:NODE_4_length_223668_cov_61.855060_1> (length 136)
prokka_out/CA114720:NODE_4_length_223668_cov_61.855060_1> (length 152)
prokka_out/CA114720:NODE_4_length_223668_cov_61.855060_1> (length 523)
prokka_out/CA114720:NODE_4_length_223668_cov_61.855060_1> (length 639)
prokka_out/CA114720:NODE_4_length_223668_cov_61.855060_1> (length 127)
prokka_out/CA114720:NODE_4_length_223668_cov_61.855060_1> (length 694)
prokka_out/CA114720:NODE_4_length_223668_cov_61.855060_1> (length 163)
prokka_out/CA114720:NODE_4_length_223668_cov_61.855060_1> (length 610)
prokka_out/CA114720:NODE_4_length_223668_cov_61.855060_2> (length 184)
prokka_out/CA114720:NODE_4_length_223668_cov_61.855060_2> (length 330)
prokka_out/CA114720:NODE_4_length_223668_cov_61.855060_2> (length 251)
prokka_out/CA114720:NODE_4_length_223668_cov_61.855060_2> (length 312)
prokka_out/CA114720:NODE_4_length_223668_cov_61.855060_2> (length 322)
prokka_out/CA114720:NODE_4_length_223668_cov_61.855060_2> (length 329)
prokka_out/CA114720:NODE_4_length_223668_cov_61.855060_2> (length 191)
prokka_out/CA114720:NODE_4_length_223668_cov_61.855060_2> (length 435)
prokka_out/CA114720:NODE_4_length_223668_cov_61.855060_2> (length 112)
prokka_out/CA114720:NODE_4_length_223668_cov_61.855060_2> (length 241)
prokka_out/CA114720:NODE_4_length_223668_cov_61.855060_2> (length 356)
prokka_out/CA114720:NODE_4_length_223668_cov_61.855060_2> (length 464)
prokka_out/CA114720:NODE_4_length_223668_cov_61.855060_2> (length 335)
prokka_out/CA114720:NODE_4_length_223668_cov_61.855060_2> (length 171)
prokka_out/CA114720:NODE_4_length_223668_cov_61.855060_2> (length 414)
prokka_out/CA114720:NODE_5_length_181371_cov_62.490394 (length 181371)
prokka_out/CA114720:NODE_5_length_181371_cov_62.490394_1 (length 146)
prokka_out/CA114720:NODE_5_length_181371_cov_62.490394_2 (length 788)
prokka_out/CA114720:NODE_5_length_181371_cov_62.490394_3 (length 462)
prokka_out/CA114720:NODE_5_length_181371_cov_62.490394_4 (length 495)
prokka_out/CA114720:NODE_5_length_181371_cov_62.490394_5 (length 596)
prokka_out/CA114720:NODE_5_length_181371_cov_62.490394_6 (length 98)
prokka_out/CA114720:NODE_5_length_181371_cov_62.490394_7 (length 172)
prokka_out/CA114720:NODE_5_length_181371_cov_62.490394_8 (length 213)
prokka_out/CA114720:NODE_5_length_181371_cov_62.490394_9 (length 332)
prokka_out/CA114720:NODE_5_length_181371_cov_62.490394_10 (length 820)
prokka_out/CA114720:NODE_5_length_181371_cov_62.490394_11 (length 230)
prokka_out/CA114720:NODE_5_length_181371_cov_62.490394_12 (length 75)
prokka_out/CA114720:NODE_5_length_181371_cov_62.490394_13 (length 408)
prokka_out/CA114720:NODE_5_length_181371_cov_62.490394_14 (length 263)
prokka_out/CA114720:NODE_5_length_181371_cov_62.490394_15 (length 167)
prokka_out/CA114720:NODE_5_length_181371_cov_62.490394_16 (length 129)
prokka_out/CA114720:NODE_5_length_181371_cov_62.490394_17 (length 221)
prokka_out/CA114720:NODE_5_length_181371_cov_62.490394_18 (length 236)
prokka_out/CA114720:NODE_5_length_181371_cov_62.490394_19 (length 262)
prokka_out/CA114720:NODE_5_length_181371_cov_62.490394_20 (length 314)
prokka_out/CA114720:NODE_5_length_181371_cov_62.490394_21 (length 511)
prokka_out/CA114720:NODE_5_length_181371_cov_62.490394_22 (length 258)
prokka_out/CA114720:NODE_5_length_181371_cov_62.490394_23 (length 153)
prokka_out/CA114720:NODE_5_length_181371_cov_62.490394_24 (length 357)
prokka_out/CA114720:NODE_5_length_181371_cov_62.490394_25 (length 218)
prokka_out/CA114720:NODE_5_length_181371_cov_62.490394_26 (length 288)
prokka_out/CA114720:NODE_5_length_181371_cov_62.490394_27 (length 185)
prokka_out/CA114720:NODE_5_length_181371_cov_62.490394_28 (length 140)
prokka_out/CA114720:NODE_5_length_181371_cov_62.490394_29 (length 543)
prokka_out/CA114720:NODE_5_length_181371_cov_62.490394_30 (length 431)
prokka_out/CA114720:NODE_5_length_181371_cov_62.490394_31 (length 265)
prokka_out/CA114720:NODE_5_length_181371_cov_62.490394_32 (length 72)
prokka_out/CA114720:NODE_5_length_181371_cov_62.490394_33 (length 121)
prokka_out/CA114720:NODE_5_length_181371_cov_62.490394_34 (length 130)
prokka_out/CA114720:NODE_5_length_181371_cov_62.490394_35 (length 208)
prokka_out/CA114720:NODE_5_length_181371_cov_62.490394_36 (length 337)
prokka_out/CA114720:NODE_5_length_181371_cov_62.490394_37 (length 117)
prokka_out/CA114720:NODE_5_length_181371_cov_62.490394_38 (length 299)
prokka_out/CA114720:NODE_5_length_181371_cov_62.490394_39 (length 428)
prokka_out/CA114720:NODE_5_length_181371_cov_62.490394_40 (length 352)
prokka_out/CA114720:NODE_5_length_181371_cov_62.490394_41 (length 195)
prokka_out/CA114720:NODE_5_length_181371_cov_62.490394_42 (length 243)
prokka_out/CA114720:NODE_5_length_181371_cov_62.490394_43 (length 318)
prokka_out/CA114720:NODE_5_length_181371_cov_62.490394_44 (length 255)
prokka_out/CA114720:NODE_5_length_181371_cov_62.490394_45 (length 207)
prokka_out/CA114720:NODE_5_length_181371_cov_62.490394_46 (length 386)
prokka_out/CA114720:NODE_5_length_181371_cov_62.490394_47 (length 368)
prokka_out/CA114720:NODE_5_length_181371_cov_62.490394_48 (length 371)
prokka_out/CA114720:NODE_5_length_181371_cov_62.490394_49 (length 295)
prokka_out/CA114720:NODE_5_length_181371_cov_62.490394_50 (length 386)
prokka_out/CA114720:NODE_5_length_181371_cov_62.490394_51 (length 166)
prokka_out/CA114720:NODE_5_length_181371_cov_62.490394_52 (length 87)
prokka_out/CA114720:NODE_5_length_181371_cov_62.490394_53 (length 355)
prokka_out/CA114720:NODE_5_length_181371_cov_62.490394_54 (length 251)
prokka_out/CA114720:NODE_5_length_181371_cov_62.490394_55 (length 707)
prokka_out/CA114720:NODE_5_length_181371_cov_62.490394_56 (length 333)
prokka_out/CA114720:NODE_5_length_181371_cov_62.490394_57 (length 258)
prokka_out/CA114720:NODE_5_length_181371_cov_62.490394_58 (length 268)
prokka_out/CA114720:NODE_5_length_181371_cov_62.490394_59 (length 285)
prokka_out/CA114720:NODE_5_length_181371_cov_62.490394_60 (length 419)
prokka_out/CA114720:NODE_5_length_181371_cov_62.490394_61 (length 339)
prokka_out/CA114720:NODE_5_length_181371_cov_62.490394_62 (length 250)
prokka_out/CA114720:NODE_5_length_181371_cov_62.490394_63 (length 326)
prokka_out/CA114720:NODE_5_length_181371_cov_62.490394_64 (length 173)
prokka_out/CA114720:NODE_5_length_181371_cov_62.490394_65 (length 454)
prokka_out/CA114720:NODE_5_length_181371_cov_62.490394_66 (length 416)
prokka_out/CA114720:NODE_5_length_181371_cov_62.490394_67 (length 138)
prokka_out/CA114720:NODE_5_length_181371_cov_62.490394_68 (length 247)
prokka_out/CA114720:NODE_5_length_181371_cov_62.490394_69 (length 141)
prokka_out/CA114720:NODE_5_length_181371_cov_62.490394_70 (length 129)
prokka_out/CA114720:NODE_5_length_181371_cov_62.490394_71 (length 227)
prokka_out/CA114720:NODE_5_length_181371_cov_62.490394_72 (length 289)
prokka_out/CA114720:NODE_5_length_181371_cov_62.490394_73 (length 53)
prokka_out/CA114720:NODE_5_length_181371_cov_62.490394_74 (length 327)
prokka_out/CA114720:NODE_5_length_181371_cov_62.490394_75 (length 362)
prokka_out/CA114720:NODE_5_length_181371_cov_62.490394_76 (length 224)
prokka_out/CA114720:NODE_5_length_181371_cov_62.490394_77 (length 146)
prokka_out/CA114720:NODE_5_length_181371_cov_62.490394_78 (length 328)
prokka_out/CA114720:NODE_5_length_181371_cov_62.490394_79 (length 605)
prokka_out/CA114720:NODE_5_length_181371_cov_62.490394_80 (length 89)
prokka_out/CA114720:NODE_5_length_181371_cov_62.490394_81 (length 183)
prokka_out/CA114720:NODE_5_length_181371_cov_62.490394_82 (length 427)
prokka_out/CA114720:NODE_5_length_181371_cov_62.490394_83 (length 103)
prokka_out/CA114720:NODE_5_length_181371_cov_62.490394_84 (length 364)
prokka_out/CA114720:NODE_5_length_181371_cov_62.490394_85 (length 281)
prokka_out/CA114720:NODE_5_length_181371_cov_62.490394_86 (length 632)
prokka_out/CA114720:NODE_5_length_181371_cov_62.490394_87 (length 369)
prokka_out/CA114720:NODE_5_length_181371_cov_62.490394_88 (length 240)
prokka_out/CA114720:NODE_5_length_181371_cov_62.490394_89 (length 296)
prokka_out/CA114720:NODE_5_length_181371_cov_62.490394_90 (length 199)
prokka_out/CA114720:NODE_5_length_181371_cov_62.490394_91 (length 166)
prokka_out/CA114720:NODE_5_length_181371_cov_62.490394_92 (length 252)
prokka_out/CA114720:NODE_5_length_181371_cov_62.490394_93 (length 247)
prokka_out/CA114720:NODE_5_length_181371_cov_62.490394_94 (length 152)
prokka_out/CA114720:NODE_5_length_181371_cov_62.490394_95 (length 389)
prokka_out/CA114720:NODE_5_length_181371_cov_62.490394_96 (length 382)
prokka_out/CA114720:NODE_5_length_181371_cov_62.490394_97 (length 60)
prokka_out/CA114720:NODE_5_length_181371_cov_62.490394_98 (length 696)
prokka_out/CA114720:NODE_5_length_181371_cov_62.490394_99 (length 179)
prokka_out/CA114720:NODE_5_length_181371_cov_62.490394_1> (length 467)
prokka_out/CA114720:NODE_5_length_181371_cov_62.490394_1> (length 429)
prokka_out/CA114720:NODE_5_length_181371_cov_62.490394_1> (length 372)
prokka_out/CA114720:NODE_5_length_181371_cov_62.490394_1> (length 216)
prokka_out/CA114720:NODE_5_length_181371_cov_62.490394_1> (length 162)
prokka_out/CA114720:NODE_5_length_181371_cov_62.490394_1> (length 167)
prokka_out/CA114720:NODE_5_length_181371_cov_62.490394_1> (length 145)
prokka_out/CA114720:NODE_5_length_181371_cov_62.490394_1> (length 147)
prokka_out/CA114720:NODE_5_length_181371_cov_62.490394_1> (length 282)
prokka_out/CA114720:NODE_5_length_181371_cov_62.490394_1> (length 220)
prokka_out/CA114720:NODE_5_length_181371_cov_62.490394_1> (length 67)
prokka_out/CA114720:NODE_5_length_181371_cov_62.490394_1> (length 414)
prokka_out/CA114720:NODE_5_length_181371_cov_62.490394_1> (length 343)
prokka_out/CA114720:NODE_5_length_181371_cov_62.490394_1> (length 286)
prokka_out/CA114720:NODE_5_length_181371_cov_62.490394_1> (length 89)
prokka_out/CA114720:NODE_5_length_181371_cov_62.490394_1> (length 258)
prokka_out/CA114720:NODE_5_length_181371_cov_62.490394_1> (length 254)
prokka_out/CA114720:NODE_5_length_181371_cov_62.490394_1> (length 282)
prokka_out/CA114720:NODE_5_length_181371_cov_62.490394_1> (length 422)
prokka_out/CA114720:NODE_5_length_181371_cov_62.490394_1> (length 391)
prokka_out/CA114720:NODE_5_length_181371_cov_62.490394_1> (length 278)
prokka_out/CA114720:NODE_5_length_181371_cov_62.490394_1> (length 700)
prokka_out/CA114720:NODE_5_length_181371_cov_62.490394_1> (length 296)
prokka_out/CA114720:NODE_5_length_181371_cov_62.490394_1> (length 133)
prokka_out/CA114720:NODE_5_length_181371_cov_62.490394_1> (length 421)
prokka_out/CA114720:NODE_5_length_181371_cov_62.490394_1> (length 130)
prokka_out/CA114720:NODE_5_length_181371_cov_62.490394_1> (length 147)
prokka_out/CA114720:NODE_5_length_181371_cov_62.490394_1> (length 118)
prokka_out/CA114720:NODE_5_length_181371_cov_62.490394_1> (length 178)
prokka_out/CA114720:NODE_5_length_181371_cov_62.490394_1> (length 131)
prokka_out/CA114720:NODE_5_length_181371_cov_62.490394_1> (length 61)
prokka_out/CA114720:NODE_5_length_181371_cov_62.490394_1> (length 180)
prokka_out/CA114720:NODE_5_length_181371_cov_62.490394_1> (length 77)
prokka_out/CA114720:NODE_5_length_181371_cov_62.490394_1> (length 122)
prokka_out/CA114720:NODE_5_length_181371_cov_62.490394_1> (length 83)
prokka_out/CA114720:NODE_5_length_181371_cov_62.490394_1> (length 61)
prokka_out/CA114720:NODE_5_length_181371_cov_62.490394_1> (length 141)
prokka_out/CA114720:NODE_5_length_181371_cov_62.490394_1> (length 233)
prokka_out/CA114720:NODE_5_length_181371_cov_62.490394_1> (length 147)
prokka_out/CA114720:NODE_5_length_181371_cov_62.490394_1> (length 93)
prokka_out/CA114720:NODE_5_length_181371_cov_62.490394_1> (length 276)
prokka_out/CA114720:NODE_5_length_181371_cov_62.490394_1> (length 93)
prokka_out/CA114720:NODE_5_length_181371_cov_62.490394_1> (length 204)
prokka_out/CA114720:NODE_5_length_181371_cov_62.490394_1> (length 191)
prokka_out/CA114720:NODE_5_length_181371_cov_62.490394_1> (length 103)
prokka_out/CA114720:NODE_5_length_181371_cov_62.490394_1> (length 253)
prokka_out/CA114720:NODE_5_length_181371_cov_62.490394_1> (length 662)
prokka_out/CA114720:NODE_5_length_181371_cov_62.490394_1> (length 266)
prokka_out/CA114720:NODE_5_length_181371_cov_62.490394_1> (length 178)
prokka_out/CA114720:NODE_5_length_181371_cov_62.490394_1> (length 356)
prokka_out/CA114720:NODE_5_length_181371_cov_62.490394_1> (length 32)
prokka_out/CA114720:NODE_5_length_181371_cov_62.490394_1> (length 318)
prokka_out/CA114720:NODE_5_length_181371_cov_62.490394_1> (length 176)
prokka_out/CA114720:NODE_5_length_181371_cov_62.490394_1> (length 200)
prokka_out/CA114720:NODE_5_length_181371_cov_62.490394_1> (length 468)
prokka_out/CA114720:NODE_5_length_181371_cov_62.490394_1> (length 358)
prokka_out/CA114720:NODE_5_length_181371_cov_62.490394_1> (length 511)
prokka_out/CA114720:NODE_5_length_181371_cov_62.490394_1> (length 209)
prokka_out/CA114720:NODE_5_length_181371_cov_62.490394_1> (length 214)
prokka_out/CA114720:NODE_5_length_181371_cov_62.490394_1> (length 127)
prokka_out/CA114720:NODE_5_length_181371_cov_62.490394_1> (length 852)
prokka_out/CA114720:NODE_5_length_181371_cov_62.490394_1> (length 184)
prokka_out/CA114720:NODE_5_length_181371_cov_62.490394_1> (length 440)
prokka_out/CA114720:NODE_5_length_181371_cov_62.490394_1> (length 355)
prokka_out/CA114720:NODE_5_length_181371_cov_62.490394_1> (length 769)
prokka_out/CA114720:NODE_5_length_181371_cov_62.490394_1> (length 113)
prokka_out/CA114720:NODE_5_length_181371_cov_62.490394_1> (length 412)
prokka_out/CA114720:NODE_5_length_181371_cov_62.490394_1> (length 400)
prokka_out/CA114720:NODE_5_length_181371_cov_62.490394_1> (length 52)
prokka_out/CA114720:NODE_5_length_181371_cov_62.490394_1> (length 1496)
prokka_out/CA114720:NODE_5_length_181371_cov_62.490394_1> (length 481)
prokka_out/CA114720:NODE_5_length_181371_cov_62.490394_1> (length 191)
prokka_out/CA114720:NODE_5_length_181371_cov_62.490394_1> (length 79)
prokka_out/CA114720:NODE_5_length_181371_cov_62.490394_1> (length 215)
prokka_out/CA114720:NODE_5_length_181371_cov_62.490394_1> (length 558)
prokka_out/CA114720:NODE_5_length_181371_cov_62.490394_1> (length 408)
prokka_out/CA114720:NODE_5_length_181371_cov_62.490394_1> (length 224)
prokka_out/CA114720:NODE_5_length_181371_cov_62.490394_1> (length 508)
prokka_out/CA114720:NODE_5_length_181371_cov_62.490394_1> (length 55)
prokka_out/CA114720:NODE_5_length_181371_cov_62.490394_1> (length 592)
prokka_out/CA114720:NODE_5_length_181371_cov_62.490394_1> (length 304)
prokka_out/CA114720:NODE_5_length_181371_cov_62.490394_1> (length 292)
prokka_out/CA114720:NODE_5_length_181371_cov_62.490394_1> (length 300)
prokka_out/CA114720:NODE_5_length_181371_cov_62.490394_1> (length 442)
prokka_out/CA114720:NODE_5_length_181371_cov_62.490394_1> (length 789)
prokka_out/CA114720:NODE_5_length_181371_cov_62.490394_1> (length 461)
prokka_out/CA114720:NODE_5_length_181371_cov_62.490394_1> (length 207)
prokka_out/CA114720:NODE_5_length_181371_cov_62.490394_1> (length 543)
prokka_out/CA114720:NODE_5_length_181371_cov_62.490394_1> (length 523)
prokka_out/CA114720:NODE_5_length_181371_cov_62.490394_1> (length 331)
prokka_out/CA114720:NODE_5_length_181371_cov_62.490394_1> (length 166)
prokka_out/CA114720:NODE_5_length_181371_cov_62.490394_1> (length 613)
prokka_out/CA114720:NODE_5_length_181371_cov_62.490394_1> (length 177)
prokka_out/CA114720:NODE_6_length_155835_cov_57.527205 (length 155835)
prokka_out/CA114720:NODE_6_length_155835_cov_57.527205_1 (length 169)
prokka_out/CA114720:NODE_6_length_155835_cov_57.527205_2 (length 176)
prokka_out/CA114720:NODE_6_length_155835_cov_57.527205_3 (length 362)
prokka_out/CA114720:NODE_6_length_155835_cov_57.527205_4 (length 304)
prokka_out/CA114720:NODE_6_length_155835_cov_57.527205_5 (length 68)
prokka_out/CA114720:NODE_6_length_155835_cov_57.527205_6 (length 151)
prokka_out/CA114720:NODE_6_length_155835_cov_57.527205_7 (length 363)
prokka_out/CA114720:NODE_6_length_155835_cov_57.527205_8 (length 146)
prokka_out/CA114720:NODE_6_length_155835_cov_57.527205_9 (length 263)
prokka_out/CA114720:NODE_6_length_155835_cov_57.527205_10 (length 407)
prokka_out/CA114720:NODE_6_length_155835_cov_57.527205_11 (length 346)
prokka_out/CA114720:NODE_6_length_155835_cov_57.527205_12 (length 249)
prokka_out/CA114720:NODE_6_length_155835_cov_57.527205_13 (length 1089)
prokka_out/CA114720:NODE_6_length_155835_cov_57.527205_14 (length 140)
prokka_out/CA114720:NODE_6_length_155835_cov_57.527205_15 (length 325)
prokka_out/CA114720:NODE_6_length_155835_cov_57.527205_16 (length 207)
prokka_out/CA114720:NODE_6_length_155835_cov_57.527205_17 (length 173)
prokka_out/CA114720:NODE_6_length_155835_cov_57.527205_18 (length 769)
prokka_out/CA114720:NODE_6_length_155835_cov_57.527205_19 (length 318)
prokka_out/CA114720:NODE_6_length_155835_cov_57.527205_20 (length 211)
prokka_out/CA114720:NODE_6_length_155835_cov_57.527205_21 (length 161)
prokka_out/CA114720:NODE_6_length_155835_cov_57.527205_22 (length 364)
prokka_out/CA114720:NODE_6_length_155835_cov_57.527205_23 (length 947)
prokka_out/CA114720:NODE_6_length_155835_cov_57.527205_24 (length 502)
prokka_out/CA114720:NODE_6_length_155835_cov_57.527205_25 (length 781)
prokka_out/CA114720:NODE_6_length_155835_cov_57.527205_26 (length 250)
prokka_out/CA114720:NODE_6_length_155835_cov_57.527205_27 (length 431)
prokka_out/CA114720:NODE_6_length_155835_cov_57.527205_28 (length 258)
prokka_out/CA114720:NODE_6_length_155835_cov_57.527205_29 (length 218)
prokka_out/CA114720:NODE_6_length_155835_cov_57.527205_30 (length 248)
prokka_out/CA114720:NODE_6_length_155835_cov_57.527205_31 (length 272)
prokka_out/CA114720:NODE_6_length_155835_cov_57.527205_32 (length 290)
prokka_out/CA114720:NODE_6_length_155835_cov_57.527205_33 (length 224)
prokka_out/CA114720:NODE_6_length_155835_cov_57.527205_34 (length 133)
prokka_out/CA114720:NODE_6_length_155835_cov_57.527205_35 (length 249)
prokka_out/CA114720:NODE_6_length_155835_cov_57.527205_36 (length 228)
prokka_out/CA114720:NODE_6_length_155835_cov_57.527205_37 (length 203)
prokka_out/CA114720:NODE_6_length_155835_cov_57.527205_38 (length 380)
prokka_out/CA114720:NODE_6_length_155835_cov_57.527205_39 (length 427)
prokka_out/CA114720:NODE_6_length_155835_cov_57.527205_40 (length 201)
prokka_out/CA114720:NODE_6_length_155835_cov_57.527205_41 (length 104)
prokka_out/CA114720:NODE_6_length_155835_cov_57.527205_42 (length 112)
prokka_out/CA114720:NODE_6_length_155835_cov_57.527205_43 (length 178)
prokka_out/CA114720:NODE_6_length_155835_cov_57.527205_44 (length 181)
prokka_out/CA114720:NODE_6_length_155835_cov_57.527205_45 (length 352)
prokka_out/CA114720:NODE_6_length_155835_cov_57.527205_46 (length 402)
prokka_out/CA114720:NODE_6_length_155835_cov_57.527205_47 (length 255)
prokka_out/CA114720:NODE_6_length_155835_cov_57.527205_48 (length 357)
prokka_out/CA114720:NODE_6_length_155835_cov_57.527205_49 (length 364)
prokka_out/CA114720:NODE_6_length_155835_cov_57.527205_50 (length 560)
prokka_out/CA114720:NODE_6_length_155835_cov_57.527205_51 (length 342)
prokka_out/CA114720:NODE_6_length_155835_cov_57.527205_52 (length 276)
prokka_out/CA114720:NODE_6_length_155835_cov_57.527205_53 (length 615)
prokka_out/CA114720:NODE_6_length_155835_cov_57.527205_54 (length 136)
prokka_out/CA114720:NODE_6_length_155835_cov_57.527205_55 (length 398)
prokka_out/CA114720:NODE_6_length_155835_cov_57.527205_56 (length 235)
prokka_out/CA114720:NODE_6_length_155835_cov_57.527205_57 (length 387)
prokka_out/CA114720:NODE_6_length_155835_cov_57.527205_58 (length 358)
prokka_out/CA114720:NODE_6_length_155835_cov_57.527205_59 (length 116)
prokka_out/CA114720:NODE_6_length_155835_cov_57.527205_60 (length 324)
prokka_out/CA114720:NODE_6_length_155835_cov_57.527205_61 (length 328)
prokka_out/CA114720:NODE_6_length_155835_cov_57.527205_62 (length 48)
prokka_out/CA114720:NODE_6_length_155835_cov_57.527205_63 (length 116)
prokka_out/CA114720:NODE_6_length_155835_cov_57.527205_64 (length 137)
prokka_out/CA114720:NODE_6_length_155835_cov_57.527205_65 (length 94)
prokka_out/CA114720:NODE_6_length_155835_cov_57.527205_66 (length 198)
prokka_out/CA114720:NODE_6_length_155835_cov_57.527205_67 (length 362)
prokka_out/CA114720:NODE_6_length_155835_cov_57.527205_68 (length 247)
prokka_out/CA114720:NODE_6_length_155835_cov_57.527205_69 (length 258)
prokka_out/CA114720:NODE_6_length_155835_cov_57.527205_70 (length 883)
prokka_out/CA114720:NODE_6_length_155835_cov_57.527205_71 (length 453)
prokka_out/CA114720:NODE_6_length_155835_cov_57.527205_72 (length 335)
prokka_out/CA114720:NODE_6_length_155835_cov_57.527205_73 (length 147)
prokka_out/CA114720:NODE_6_length_155835_cov_57.527205_74 (length 941)
prokka_out/CA114720:NODE_6_length_155835_cov_57.527205_75 (length 261)
prokka_out/CA114720:NODE_6_length_155835_cov_57.527205_76 (length 415)
prokka_out/CA114720:NODE_6_length_155835_cov_57.527205_77 (length 533)
prokka_out/CA114720:NODE_6_length_155835_cov_57.527205_78 (length 199)
prokka_out/CA114720:NODE_6_length_155835_cov_57.527205_79 (length 392)
prokka_out/CA114720:NODE_6_length_155835_cov_57.527205_80 (length 249)
prokka_out/CA114720:NODE_6_length_155835_cov_57.527205_81 (length 140)
prokka_out/CA114720:NODE_6_length_155835_cov_57.527205_82 (length 102)
prokka_out/CA114720:NODE_6_length_155835_cov_57.527205_83 (length 263)
prokka_out/CA114720:NODE_6_length_155835_cov_57.527205_84 (length 486)
prokka_out/CA114720:NODE_6_length_155835_cov_57.527205_85 (length 81)
prokka_out/CA114720:NODE_6_length_155835_cov_57.527205_86 (length 223)
prokka_out/CA114720:NODE_6_length_155835_cov_57.527205_87 (length 105)
prokka_out/CA114720:NODE_6_length_155835_cov_57.527205_88 (length 202)
prokka_out/CA114720:NODE_6_length_155835_cov_57.527205_89 (length 341)
prokka_out/CA114720:NODE_6_length_155835_cov_57.527205_90 (length 445)
prokka_out/CA114720:NODE_6_length_155835_cov_57.527205_91 (length 156)
prokka_out/CA114720:NODE_6_length_155835_cov_57.527205_92 (length 150)
prokka_out/CA114720:NODE_6_length_155835_cov_57.527205_93 (length 448)
prokka_out/CA114720:NODE_6_length_155835_cov_57.527205_94 (length 83)
prokka_out/CA114720:NODE_6_length_155835_cov_57.527205_95 (length 492)
prokka_out/CA114720:NODE_6_length_155835_cov_57.527205_96 (length 1039)
prokka_out/CA114720:NODE_6_length_155835_cov_57.527205_97 (length 367)
prokka_out/CA114720:NODE_6_length_155835_cov_57.527205_98 (length 210)
prokka_out/CA114720:NODE_6_length_155835_cov_57.527205_99 (length 458)
prokka_out/CA114720:NODE_6_length_155835_cov_57.527205_1> (length 65)
prokka_out/CA114720:NODE_6_length_155835_cov_57.527205_1> (length 201)
prokka_out/CA114720:NODE_6_length_155835_cov_57.527205_1> (length 389)
prokka_out/CA114720:NODE_6_length_155835_cov_57.527205_1> (length 311)
prokka_out/CA114720:NODE_6_length_155835_cov_57.527205_1> (length 163)
prokka_out/CA114720:NODE_6_length_155835_cov_57.527205_1> (length 158)
prokka_out/CA114720:NODE_6_length_155835_cov_57.527205_1> (length 274)
prokka_out/CA114720:NODE_6_length_155835_cov_57.527205_1> (length 570)
prokka_out/CA114720:NODE_6_length_155835_cov_57.527205_1> (length 179)
prokka_out/CA114720:NODE_6_length_155835_cov_57.527205_1> (length 297)
prokka_out/CA114720:NODE_6_length_155835_cov_57.527205_1> (length 261)
prokka_out/CA114720:NODE_6_length_155835_cov_57.527205_1> (length 279)
prokka_out/CA114720:NODE_6_length_155835_cov_57.527205_1> (length 132)
prokka_out/CA114720:NODE_6_length_155835_cov_57.527205_1> (length 154)
prokka_out/CA114720:NODE_6_length_155835_cov_57.527205_1> (length 271)
prokka_out/CA114720:NODE_6_length_155835_cov_57.527205_1> (length 310)
prokka_out/CA114720:NODE_6_length_155835_cov_57.527205_1> (length 460)
prokka_out/CA114720:NODE_6_length_155835_cov_57.527205_1> (length 165)
prokka_out/CA114720:NODE_6_length_155835_cov_57.527205_1> (length 319)
prokka_out/CA114720:NODE_6_length_155835_cov_57.527205_1> (length 411)
prokka_out/CA114720:NODE_6_length_155835_cov_57.527205_1> (length 820)
prokka_out/CA114720:NODE_6_length_155835_cov_57.527205_1> (length 211)
prokka_out/CA114720:NODE_6_length_155835_cov_57.527205_1> (length 480)
prokka_out/CA114720:NODE_6_length_155835_cov_57.527205_1> (length 448)
prokka_out/CA114720:NODE_6_length_155835_cov_57.527205_1> (length 209)
prokka_out/CA114720:NODE_6_length_155835_cov_57.527205_1> (length 96)
prokka_out/CA114720:NODE_6_length_155835_cov_57.527205_1> (length 332)
prokka_out/CA114720:NODE_6_length_155835_cov_57.527205_1> (length 192)
prokka_out/CA114720:NODE_6_length_155835_cov_57.527205_1> (length 94)
prokka_out/CA114720:NODE_6_length_155835_cov_57.527205_1> (length 187)
prokka_out/CA114720:NODE_6_length_155835_cov_57.527205_1> (length 157)
prokka_out/CA114720:NODE_6_length_155835_cov_57.527205_1> (length 501)
prokka_out/CA114720:NODE_6_length_155835_cov_57.527205_1> (length 414)
prokka_out/CA114720:NODE_6_length_155835_cov_57.527205_1> (length 181)
prokka_out/CA114720:NODE_6_length_155835_cov_57.527205_1> (length 278)
prokka_out/CA114720:NODE_6_length_155835_cov_57.527205_1> (length 262)
prokka_out/CA114720:NODE_6_length_155835_cov_57.527205_1> (length 299)
prokka_out/CA114720:NODE_6_length_155835_cov_57.527205_1> (length 271)
prokka_out/CA114720:NODE_6_length_155835_cov_57.527205_1> (length 260)
prokka_out/CA114720:NODE_6_length_155835_cov_57.527205_1> (length 663)
prokka_out/CA114720:NODE_6_length_155835_cov_57.527205_1> (length 241)
prokka_out/CA114720:NODE_6_length_155835_cov_57.527205_1> (length 728)
prokka_out/CA114720:NODE_6_length_155835_cov_57.527205_1> (length 609)
prokka_out/CA114720:NODE_6_length_155835_cov_57.527205_1> (length 234)
prokka_out/CA114720:NODE_6_length_155835_cov_57.527205_1> (length 242)
prokka_out/CA114720:NODE_6_length_155835_cov_57.527205_1> (length 573)
prokka_out/CA114720:NODE_6_length_155835_cov_57.527205_1> (length 177)
prokka_out/CA114720:NODE_6_length_155835_cov_57.527205_1> (length 82)
prokka_out/CA114720:NODE_6_length_155835_cov_57.527205_1> (length 234)
prokka_out/CA114720:NODE_6_length_155835_cov_57.527205_1> (length 120)
prokka_out/CA114720:NODE_6_length_155835_cov_57.527205_1> (length 190)
prokka_out/CA114720:NODE_6_length_155835_cov_57.527205_1> (length 318)
prokka_out/CA114720:NODE_6_length_155835_cov_57.527205_1> (length 69)
prokka_out/CA114720:NODE_6_length_155835_cov_57.527205_1> (length 75)
prokka_out/CA114720:NODE_6_length_155835_cov_57.527205_1> (length 210)
prokka_out/CA114720:NODE_6_length_155835_cov_57.527205_1> (length 138)
prokka_out/CA114720:NODE_6_length_155835_cov_57.527205_1> (length 525)
prokka_out/CA114720:NODE_6_length_155835_cov_57.527205_1> (length 110)
prokka_out/CA114720:NODE_6_length_155835_cov_57.527205_1> (length 127)
prokka_out/CA114720:NODE_6_length_155835_cov_57.527205_1> (length 194)
prokka_out/CA114720:NODE_6_length_155835_cov_57.527205_1> (length 408)
prokka_out/CA114720:NODE_6_length_155835_cov_57.527205_1> (length 245)
prokka_out/CA114720:NODE_7_length_101298_cov_59.651501 (length 101298)
prokka_out/CA114720:NODE_7_length_101298_cov_59.651501_1 (length 296)
prokka_out/CA114720:NODE_7_length_101298_cov_59.651501_2 (length 284)
prokka_out/CA114720:NODE_7_length_101298_cov_59.651501_3 (length 267)
prokka_out/CA114720:NODE_7_length_101298_cov_59.651501_4 (length 445)
prokka_out/CA114720:NODE_7_length_101298_cov_59.651501_5 (length 747)
prokka_out/CA114720:NODE_7_length_101298_cov_59.651501_6 (length 140)
prokka_out/CA114720:NODE_7_length_101298_cov_59.651501_7 (length 120)
prokka_out/CA114720:NODE_7_length_101298_cov_59.651501_8 (length 871)
prokka_out/CA114720:NODE_7_length_101298_cov_59.651501_9 (length 65)
prokka_out/CA114720:NODE_7_length_101298_cov_59.651501_10 (length 292)
prokka_out/CA114720:NODE_7_length_101298_cov_59.651501_11 (length 133)
prokka_out/CA114720:NODE_7_length_101298_cov_59.651501_12 (length 294)
prokka_out/CA114720:NODE_7_length_101298_cov_59.651501_13 (length 457)
prokka_out/CA114720:NODE_7_length_101298_cov_59.651501_14 (length 275)
prokka_out/CA114720:NODE_7_length_101298_cov_59.651501_15 (length 739)
prokka_out/CA114720:NODE_7_length_101298_cov_59.651501_16 (length 240)
prokka_out/CA114720:NODE_7_length_101298_cov_59.651501_17 (length 280)
prokka_out/CA114720:NODE_7_length_101298_cov_59.651501_18 (length 149)
prokka_out/CA114720:NODE_7_length_101298_cov_59.651501_19 (length 120)
prokka_out/CA114720:NODE_7_length_101298_cov_59.651501_20 (length 328)
prokka_out/CA114720:NODE_7_length_101298_cov_59.651501_21 (length 308)
prokka_out/CA114720:NODE_7_length_101298_cov_59.651501_22 (length 52)
prokka_out/CA114720:NODE_7_length_101298_cov_59.651501_23 (length 177)
prokka_out/CA114720:NODE_7_length_101298_cov_59.651501_24 (length 135)
prokka_out/CA114720:NODE_7_length_101298_cov_59.651501_25 (length 204)
prokka_out/CA114720:NODE_7_length_101298_cov_59.651501_26 (length 173)
prokka_out/CA114720:NODE_7_length_101298_cov_59.651501_27 (length 251)
prokka_out/CA114720:NODE_7_length_101298_cov_59.651501_28 (length 228)
prokka_out/CA114720:NODE_7_length_101298_cov_59.651501_29 (length 306)
prokka_out/CA114720:NODE_7_length_101298_cov_59.651501_30 (length 189)
prokka_out/CA114720:NODE_7_length_101298_cov_59.651501_31 (length 315)
prokka_out/CA114720:NODE_7_length_101298_cov_59.651501_32 (length 165)
prokka_out/CA114720:NODE_7_length_101298_cov_59.651501_33 (length 402)
prokka_out/CA114720:NODE_7_length_101298_cov_59.651501_34 (length 259)
prokka_out/CA114720:NODE_7_length_101298_cov_59.651501_35 (length 129)
prokka_out/CA114720:NODE_7_length_101298_cov_59.651501_36 (length 184)
prokka_out/CA114720:NODE_7_length_101298_cov_59.651501_37 (length 129)
prokka_out/CA114720:NODE_7_length_101298_cov_59.651501_38 (length 465)
prokka_out/CA114720:NODE_7_length_101298_cov_59.651501_39 (length 294)
prokka_out/CA114720:NODE_7_length_101298_cov_59.651501_40 (length 501)
prokka_out/CA114720:NODE_7_length_101298_cov_59.651501_41 (length 173)
prokka_out/CA114720:NODE_7_length_101298_cov_59.651501_42 (length 170)
prokka_out/CA114720:NODE_7_length_101298_cov_59.651501_43 (length 141)
prokka_out/CA114720:NODE_7_length_101298_cov_59.651501_44 (length 278)
prokka_out/CA114720:NODE_7_length_101298_cov_59.651501_45 (length 261)
prokka_out/CA114720:NODE_7_length_101298_cov_59.651501_46 (length 217)
prokka_out/CA114720:NODE_7_length_101298_cov_59.651501_47 (length 305)
prokka_out/CA114720:NODE_7_length_101298_cov_59.651501_48 (length 251)
prokka_out/CA114720:NODE_7_length_101298_cov_59.651501_49 (length 345)
prokka_out/CA114720:NODE_7_length_101298_cov_59.651501_50 (length 84)
prokka_out/CA114720:NODE_7_length_101298_cov_59.651501_51 (length 102)
prokka_out/CA114720:NODE_7_length_101298_cov_59.651501_52 (length 400)
prokka_out/CA114720:NODE_7_length_101298_cov_59.651501_53 (length 445)
prokka_out/CA114720:NODE_7_length_101298_cov_59.651501_54 (length 207)
prokka_out/CA114720:NODE_7_length_101298_cov_59.651501_55 (length 122)
prokka_out/CA114720:NODE_7_length_101298_cov_59.651501_56 (length 453)
prokka_out/CA114720:NODE_7_length_101298_cov_59.651501_57 (length 445)
prokka_out/CA114720:NODE_7_length_101298_cov_59.651501_58 (length 468)
prokka_out/CA114720:NODE_7_length_101298_cov_59.651501_59 (length 231)
prokka_out/CA114720:NODE_7_length_101298_cov_59.651501_60 (length 231)
prokka_out/CA114720:NODE_7_length_101298_cov_59.651501_61 (length 34)
prokka_out/CA114720:NODE_7_length_101298_cov_59.651501_62 (length 374)
prokka_out/CA114720:NODE_7_length_101298_cov_59.651501_63 (length 520)
prokka_out/CA114720:NODE_7_length_101298_cov_59.651501_64 (length 89)
prokka_out/CA114720:NODE_7_length_101298_cov_59.651501_65 (length 239)
prokka_out/CA114720:NODE_7_length_101298_cov_59.651501_66 (length 179)
prokka_out/CA114720:NODE_7_length_101298_cov_59.651501_67 (length 67)
prokka_out/CA114720:NODE_7_length_101298_cov_59.651501_68 (length 560)
prokka_out/CA114720:NODE_7_length_101298_cov_59.651501_69 (length 245)
prokka_out/CA114720:NODE_7_length_101298_cov_59.651501_70 (length 479)
prokka_out/CA114720:NODE_7_length_101298_cov_59.651501_71 (length 218)
prokka_out/CA114720:NODE_7_length_101298_cov_59.651501_72 (length 79)
prokka_out/CA114720:NODE_7_length_101298_cov_59.651501_73 (length 116)
prokka_out/CA114720:NODE_7_length_101298_cov_59.651501_74 (length 343)
prokka_out/CA114720:NODE_7_length_101298_cov_59.651501_75 (length 298)
prokka_out/CA114720:NODE_7_length_101298_cov_59.651501_76 (length 409)
prokka_out/CA114720:NODE_7_length_101298_cov_59.651501_77 (length 159)
prokka_out/CA114720:NODE_7_length_101298_cov_59.651501_78 (length 157)
prokka_out/CA114720:NODE_7_length_101298_cov_59.651501_79 (length 484)
prokka_out/CA114720:NODE_7_length_101298_cov_59.651501_80 (length 288)
prokka_out/CA114720:NODE_7_length_101298_cov_59.651501_81 (length 118)
prokka_out/CA114720:NODE_7_length_101298_cov_59.651501_82 (length 238)
prokka_out/CA114720:NODE_7_length_101298_cov_59.651501_83 (length 359)
prokka_out/CA114720:NODE_7_length_101298_cov_59.651501_84 (length 280)
prokka_out/CA114720:NODE_7_length_101298_cov_59.651501_85 (length 199)
prokka_out/CA114720:NODE_7_length_101298_cov_59.651501_86 (length 255)
prokka_out/CA114720:NODE_7_length_101298_cov_59.651501_87 (length 180)
prokka_out/CA114720:NODE_7_length_101298_cov_59.651501_88 (length 230)
prokka_out/CA114720:NODE_7_length_101298_cov_59.651501_89 (length 201)
prokka_out/CA114720:NODE_7_length_101298_cov_59.651501_90 (length 338)
prokka_out/CA114720:NODE_7_length_101298_cov_59.651501_91 (length 83)
prokka_out/CA114720:NODE_7_length_101298_cov_59.651501_92 (length 79)
prokka_out/CA114720:NODE_7_length_101298_cov_59.651501_93 (length 71)
prokka_out/CA114720:NODE_7_length_101298_cov_59.651501_94 (length 114)
prokka_out/CA114720:NODE_7_length_101298_cov_59.651501_95 (length 241)
prokka_out/CA114720:NODE_7_length_101298_cov_59.651501_96 (length 623)
prokka_out/CA114720:NODE_7_length_101298_cov_59.651501_97 (length 545)
prokka_out/CA114720:NODE_7_length_101298_cov_59.651501_98 (length 294)
prokka_out/CA114720:NODE_7_length_101298_cov_59.651501_99 (length 596)
prokka_out/CA114720:NODE_7_length_101298_cov_59.651501_1> (length 107)
prokka_out/CA114720:NODE_7_length_101298_cov_59.651501_1> (length 602)
prokka_out/CA114720:NODE_7_length_101298_cov_59.651501_1> (length 215)
prokka_out/CA114720:NODE_7_length_101298_cov_59.651501_1> (length 347)
prokka_out/CA114720:NODE_7_length_101298_cov_59.651501_1> (length 449)
prokka_out/CA114720:NODE_7_length_101298_cov_59.651501_1> (length 400)
prokka_out/CA114720:NODE_7_length_101298_cov_59.651501_1> (length 233)
prokka_out/CA114720:NODE_7_length_101298_cov_59.651501_1> (length 162)
prokka_out/CA114720:NODE_7_length_101298_cov_59.651501_1> (length 1258)
prokka_out/CA114720:NODE_7_length_101298_cov_59.651501_1> (length 465)
prokka_out/CA114720:NODE_8_length_87826_cov_56.427485 (length 87826)
prokka_out/CA114720:NODE_8_length_87826_cov_56.427485_1 (length 593)
prokka_out/CA114720:NODE_8_length_87826_cov_56.427485_2 (length 312)
prokka_out/CA114720:NODE_8_length_87826_cov_56.427485_3 (length 104)
prokka_out/CA114720:NODE_8_length_87826_cov_56.427485_4 (length 112)
prokka_out/CA114720:NODE_8_length_87826_cov_56.427485_5 (length 415)
prokka_out/CA114720:NODE_8_length_87826_cov_56.427485_6 (length 400)
prokka_out/CA114720:NODE_8_length_87826_cov_56.427485_7 (length 268)
prokka_out/CA114720:NODE_8_length_87826_cov_56.427485_8 (length 312)
prokka_out/CA114720:NODE_8_length_87826_cov_56.427485_9 (length 227)
prokka_out/CA114720:NODE_8_length_87826_cov_56.427485_10 (length 274)
prokka_out/CA114720:NODE_8_length_87826_cov_56.427485_11 (length 66)
prokka_out/CA114720:NODE_8_length_87826_cov_56.427485_12 (length 218)
prokka_out/CA114720:NODE_8_length_87826_cov_56.427485_13 (length 135)
prokka_out/CA114720:NODE_8_length_87826_cov_56.427485_14 (length 141)
prokka_out/CA114720:NODE_8_length_87826_cov_56.427485_15 (length 193)
prokka_out/CA114720:NODE_8_length_87826_cov_56.427485_16 (length 247)
prokka_out/CA114720:NODE_8_length_87826_cov_56.427485_17 (length 320)
prokka_out/CA114720:NODE_8_length_87826_cov_56.427485_18 (length 171)
prokka_out/CA114720:NODE_8_length_87826_cov_56.427485_19 (length 165)
prokka_out/CA114720:NODE_8_length_87826_cov_56.427485_20 (length 294)
prokka_out/CA114720:NODE_8_length_87826_cov_56.427485_21 (length 289)
prokka_out/CA114720:NODE_8_length_87826_cov_56.427485_22 (length 187)
prokka_out/CA114720:NODE_8_length_87826_cov_56.427485_23 (length 60)
prokka_out/CA114720:NODE_8_length_87826_cov_56.427485_24 (length 220)
prokka_out/CA114720:NODE_8_length_87826_cov_56.427485_25 (length 401)
prokka_out/CA114720:NODE_8_length_87826_cov_56.427485_26 (length 301)
prokka_out/CA114720:NODE_8_length_87826_cov_56.427485_27 (length 538)
prokka_out/CA114720:NODE_8_length_87826_cov_56.427485_28 (length 334)
prokka_out/CA114720:NODE_8_length_87826_cov_56.427485_29 (length 36)
prokka_out/CA114720:NODE_8_length_87826_cov_56.427485_30 (length 400)
prokka_out/CA114720:NODE_8_length_87826_cov_56.427485_31 (length 378)
prokka_out/CA114720:NODE_8_length_87826_cov_56.427485_32 (length 452)
prokka_out/CA114720:NODE_8_length_87826_cov_56.427485_33 (length 394)
prokka_out/CA114720:NODE_8_length_87826_cov_56.427485_34 (length 69)
prokka_out/CA114720:NODE_8_length_87826_cov_56.427485_35 (length 239)
prokka_out/CA114720:NODE_8_length_87826_cov_56.427485_36 (length 188)
prokka_out/CA114720:NODE_8_length_87826_cov_56.427485_37 (length 456)
prokka_out/CA114720:NODE_8_length_87826_cov_56.427485_38 (length 232)
prokka_out/CA114720:NODE_8_length_87826_cov_56.427485_39 (length 501)
prokka_out/CA114720:NODE_8_length_87826_cov_56.427485_40 (length 175)
prokka_out/CA114720:NODE_8_length_87826_cov_56.427485_41 (length 194)
prokka_out/CA114720:NODE_8_length_87826_cov_56.427485_42 (length 457)
prokka_out/CA114720:NODE_8_length_87826_cov_56.427485_43 (length 190)
prokka_out/CA114720:NODE_8_length_87826_cov_56.427485_44 (length 461)
prokka_out/CA114720:NODE_8_length_87826_cov_56.427485_45 (length 445)
prokka_out/CA114720:NODE_8_length_87826_cov_56.427485_46 (length 242)
prokka_out/CA114720:NODE_8_length_87826_cov_56.427485_47 (length 393)
prokka_out/CA114720:NODE_8_length_87826_cov_56.427485_48 (length 375)
prokka_out/CA114720:NODE_8_length_87826_cov_56.427485_49 (length 115)
prokka_out/CA114720:NODE_8_length_87826_cov_56.427485_50 (length 205)
prokka_out/CA114720:NODE_8_length_87826_cov_56.427485_51 (length 129)
prokka_out/CA114720:NODE_8_length_87826_cov_56.427485_52 (length 441)
prokka_out/CA114720:NODE_8_length_87826_cov_56.427485_53 (length 664)
prokka_out/CA114720:NODE_8_length_87826_cov_56.427485_54 (length 267)
prokka_out/CA114720:NODE_8_length_87826_cov_56.427485_55 (length 602)
prokka_out/CA114720:NODE_8_length_87826_cov_56.427485_56 (length 172)
prokka_out/CA114720:NODE_8_length_87826_cov_56.427485_57 (length 363)
prokka_out/CA114720:NODE_8_length_87826_cov_56.427485_58 (length 183)
prokka_out/CA114720:NODE_8_length_87826_cov_56.427485_59 (length 162)
prokka_out/CA114720:NODE_8_length_87826_cov_56.427485_60 (length 49)
prokka_out/CA114720:NODE_8_length_87826_cov_56.427485_61 (length 60)
prokka_out/CA114720:NODE_8_length_87826_cov_56.427485_62 (length 342)
prokka_out/CA114720:NODE_8_length_87826_cov_56.427485_63 (length 148)
prokka_out/CA114720:NODE_8_length_87826_cov_56.427485_64 (length 279)
prokka_out/CA114720:NODE_8_length_87826_cov_56.427485_65 (length 393)
prokka_out/CA114720:NODE_8_length_87826_cov_56.427485_66 (length 209)
prokka_out/CA114720:NODE_8_length_87826_cov_56.427485_67 (length 182)
prokka_out/CA114720:NODE_8_length_87826_cov_56.427485_68 (length 456)
prokka_out/CA114720:NODE_8_length_87826_cov_56.427485_69 (length 340)
prokka_out/CA114720:NODE_8_length_87826_cov_56.427485_70 (length 140)
prokka_out/CA114720:NODE_8_length_87826_cov_56.427485_71 (length 202)
prokka_out/CA114720:NODE_8_length_87826_cov_56.427485_72 (length 185)
prokka_out/CA114720:NODE_8_length_87826_cov_56.427485_73 (length 123)
prokka_out/CA114720:NODE_8_length_87826_cov_56.427485_74 (length 231)
prokka_out/CA114720:NODE_8_length_87826_cov_56.427485_75 (length 211)
prokka_out/CA114720:NODE_8_length_87826_cov_56.427485_76 (length 625)
prokka_out/CA114720:NODE_8_length_87826_cov_56.427485_77 (length 323)
prokka_out/CA114720:NODE_8_length_87826_cov_56.427485_78 (length 393)
prokka_out/CA114720:NODE_8_length_87826_cov_56.427485_79 (length 133)
prokka_out/CA114720:NODE_8_length_87826_cov_56.427485_80 (length 388)
prokka_out/CA114720:NODE_8_length_87826_cov_56.427485_81 (length 63)
prokka_out/CA114720:NODE_8_length_87826_cov_56.427485_82 (length 119)
prokka_out/CA114720:NODE_8_length_87826_cov_56.427485_83 (length 65)
prokka_out/CA114720:NODE_8_length_87826_cov_56.427485_84 (length 107)
prokka_out/CA114720:NODE_8_length_87826_cov_56.427485_85 (length 52)
prokka_out/CA114720:NODE_8_length_87826_cov_56.427485_86 (length 285)
prokka_out/CA114720:NODE_8_length_87826_cov_56.427485_87 (length 158)
prokka_out/CA114720:NODE_8_length_87826_cov_56.427485_88 (length 436)
prokka_out/CA114720:NODE_8_length_87826_cov_56.427485_89 (length 51)
prokka_out/CA114720:NODE_8_length_87826_cov_56.427485_90 (length 157)
prokka_out/CA114720:NODE_8_length_87826_cov_56.427485_91 (length 87)
prokka_out/CA114720:NODE_8_length_87826_cov_56.427485_92 (length 378)
prokka_out/CA114720:NODE_8_length_87826_cov_56.427485_93 (length 252)
prokka_out/CA114720:NODE_8_length_87826_cov_56.427485_94 (length 512)
prokka_out/CA114720:NODE_8_length_87826_cov_56.427485_95 (length 118)
prokka_out/CA114720:NODE_8_length_87826_cov_56.427485_96 (length 75)
prokka_out/CA114720:NODE_8_length_87826_cov_56.427485_97 (length 331)
prokka_out/CA114720:NODE_8_length_87826_cov_56.427485_98 (length 1049)
prokka_out/CA114720:NODE_8_length_87826_cov_56.427485_99 (length 236)
prokka_out/CA114720:NODE_8_length_87826_cov_56.427485_100 (length 146)
prokka_out/CA114720:NODE_9_length_10804_cov_65.739627 (length 10804)
prokka_out/CA114720:NODE_9_length_10804_cov_65.739627_1 (length 342)
prokka_out/CA114720:NODE_9_length_10804_cov_65.739627_2 (length 317)
prokka_out/CA114720:NODE_9_length_10804_cov_65.739627_3 (length 541)
prokka_out/CA114720:NODE_9_length_10804_cov_65.739627_4 (length 314)
prokka_out/CA114720:NODE_9_length_10804_cov_65.739627_5 (length 597)
prokka_out/CA114720:NODE_9_length_10804_cov_65.739627_6 (length 313)
prokka_out/CA114720:NODE_9_length_10804_cov_65.739627_7 (length 154)
prokka_out/CA114720:NODE_9_length_10804_cov_65.739627_8 (length 416)
prokka_out/CA114720:NODE_9_length_10804_cov_65.739627_9 (length 322)
prokka_out/CA114720:NODE_9_length_10804_cov_65.739627_10 (length 137)
prokka_out/CA114720:NODE_9_length_10804_cov_65.739627_11 (length 62)
prokka_out/CA114720:NODE_10_length_5798_cov_259.193264 (length 5798)
prokka_out/CA114720:NODE_11_length_3380_cov_95.668614 (length 3380)
prokka_out/CA114720:NODE_11_length_3380_cov_95.668614_1 (length 185)
prokka_out/CA114720:NODE_11_length_3380_cov_95.668614_2 (length 128)
prokka_out/CA114720:NODE_11_length_3380_cov_95.668614_3 (length 318)
prokka_out/CA114720:NODE_11_length_3380_cov_95.668614_4 (length 125)
prokka_out/CA114720:NODE_11_length_3380_cov_95.668614_5 (length 188)
prokka_out/CA114720:NODE_12_length_1987_cov_37.722581 (length 1987)
prokka_out/CA114720:NODE_12_length_1987_cov_37.722581_1 (length 210)
prokka_out/CA114720:NODE_12_length_1987_cov_37.722581_2 (length 116)
prokka_out/CA114720:NODE_12_length_1987_cov_37.722581_3 (length 188)
prokka_out/CA114720:NODE_13_length_1511_cov_144.447977 (length 1511)
prokka_out/CA114720:NODE_14_length_913_cov_97.374046 (length 913)
prokka_out/CA114720:NODE_14_length_913_cov_97.374046_1 (length 111)
prokka_out/CA114720:NODE_15_length_737_cov_67.244262 (length 737)
prokka_out/CA114720:NODE_15_length_737_cov_67.244262_1 (length 85)
prokka_out/CA114720:NODE_16_length_675_cov_75.421533 (length 675)
prokka_out/CA114720:NODE_17_length_663_cov_125.330224 (length 663)
prokka_out/CA114720:NODE_18_length_569_cov_40.151584 (length 569)
prokka_out/CA114720:NODE_18_length_569_cov_40.151584_1 (length 90)
prokka_out/CA114720:NODE_19_length_519_cov_246.392857 (length 519)
prokka_out/CA114720:NODE_22_length_473_cov_154.167630 (length 473)
prokka_out/CA114720:NODE_22_length_473_cov_154.167630_1 (length 147)
prokka_out/CA114720:NODE_28_length_442_cov_186.977778 (length 442)
prokka_out/CA114720:NODE_31_length_436_cov_57.019417 (length 436)
prokka_out/CA114720:NODE_35_length_418_cov_58.683849 (length 418)
prokka_out/CA114720:NODE_37_length_416_cov_53.010381 (length 416)
prokka_out/CA114720:NODE_44_length_395_cov_87.074627 (length 395)
prokka_out/CA114720:NODE_52_length_351_cov_73.669643 (length 351)
prokka_out/CA114720:NODE_53_length_258_cov_94.946565 (length 258)
prokka_out/CA114720:NODE_54_length_255_cov_161.273438 (length 255)
prokka_out/CA114720:NODE_55_length_255_cov_105.187500 (length 255)

DiscRep_ALL:DISC_INCONSISTENT_MOLINFO_TECH::Molinfo Technique Report (some missing, all same)
DiscRep_SUB:DISC_INCONSISTENT_MOLINFO_TECH::technique (all missing)
DiscRep_SUB:DISC_INCONSISTENT_MOLINFO_TECH::29 Molinfos are missing field technique
prokka_out/CA114720:NODE_1_length_324161_cov_58.071320 (length 324161)
prokka_out/CA114720:NODE_2_length_271635_cov_57.555321 (length 271635)
prokka_out/CA114720:NODE_3_length_264240_cov_55.000500 (length 264240)
prokka_out/CA114720:NODE_4_length_223668_cov_61.855060 (length 223668)
prokka_out/CA114720:NODE_5_length_181371_cov_62.490394 (length 181371)
prokka_out/CA114720:NODE_6_length_155835_cov_57.527205 (length 155835)
prokka_out/CA114720:NODE_7_length_101298_cov_59.651501 (length 101298)
prokka_out/CA114720:NODE_8_length_87826_cov_56.427485 (length 87826)
prokka_out/CA114720:NODE_9_length_10804_cov_65.739627 (length 10804)
prokka_out/CA114720:NODE_10_length_5798_cov_259.193264 (length 5798)
prokka_out/CA114720:NODE_11_length_3380_cov_95.668614 (length 3380)
prokka_out/CA114720:NODE_12_length_1987_cov_37.722581 (length 1987)
prokka_out/CA114720:NODE_13_length_1511_cov_144.447977 (length 1511)
prokka_out/CA114720:NODE_14_length_913_cov_97.374046 (length 913)
prokka_out/CA114720:NODE_15_length_737_cov_67.244262 (length 737)
prokka_out/CA114720:NODE_16_length_675_cov_75.421533 (length 675)
prokka_out/CA114720:NODE_17_length_663_cov_125.330224 (length 663)
prokka_out/CA114720:NODE_18_length_569_cov_40.151584 (length 569)
prokka_out/CA114720:NODE_19_length_519_cov_246.392857 (length 519)
prokka_out/CA114720:NODE_22_length_473_cov_154.167630 (length 473)
prokka_out/CA114720:NODE_28_length_442_cov_186.977778 (length 442)
prokka_out/CA114720:NODE_31_length_436_cov_57.019417 (length 436)
prokka_out/CA114720:NODE_35_length_418_cov_58.683849 (length 418)
prokka_out/CA114720:NODE_37_length_416_cov_53.010381 (length 416)
prokka_out/CA114720:NODE_44_length_395_cov_87.074627 (length 395)
prokka_out/CA114720:NODE_52_length_351_cov_73.669643 (length 351)
prokka_out/CA114720:NODE_53_length_258_cov_94.946565 (length 258)
prokka_out/CA114720:NODE_54_length_255_cov_161.273438 (length 255)
prokka_out/CA114720:NODE_55_length_255_cov_105.187500 (length 255)

DiscRep_ALL:SEQ_ID_PHRASES::Sequence Ids contain unacceptable phrases (cov_, length, node, paired, or trimmed)

