"Gene","Non-unique Gene name","Annotation","No. isolates","No. sequences","Avg sequences per isolate","Genome Fragment","Order within Fragment","Accessory Fragment","Accessory Order with Fragment","QC","Min group size nuc","Max group size nuc","Avg group size nuc","CA110357","CA114720","CA139575","CA140404","CA140705","CA140717"
"group_100","","hypothetical protein","6","6","1","1","1882","","","","1520","1520","1520","OBHBHFCO_00097","CCHHBCMG_00516","HDHBLALJ_00669","NFMMKAFD_00513","HIOKELPH_00722","DOCPNFPP_00481"
"group_101","","hypothetical protein","6","6","1","1","1879","","","","647","1226","936","OBHBHFCO_00100","CCHHBCMG_00513","HDHBLALJ_00672","NFMMKAFD_00510","HIOKELPH_00725","DOCPNFPP_00484"
"group_107","","hypothetical protein","6","6","1","1","540","","","","1913","1928","1916","OBHBHFCO_00153","CCHHBCMG_00441","HDHBLALJ_00725","NFMMKAFD_00440","HIOKELPH_00778","DOCPNFPP_00536"
"hemC","","Porphobilinogen deaminase","6","6","1","1","537","","","","923","926","925","OBHBHFCO_00156","CCHHBCMG_00438","HDHBLALJ_00728","NFMMKAFD_00437","HIOKELPH_00781","DOCPNFPP_00539"
"rplL","","50S ribosomal protein L7/L12","6","6","1","1","466","","","","377","377","377","OBHBHFCO_00211","CCHHBCMG_00382","HDHBLALJ_00783","NFMMKAFD_00383","HIOKELPH_00846","DOCPNFPP_00594"
"thiH","","2-iminoacetate synthase","6","6","1","1","1436","","","","1145","1145","1145","OBHBHFCO_00321","CCHHBCMG_00279","HDHBLALJ_00297","NFMMKAFD_00286","HIOKELPH_00328","DOCPNFPP_00198"
"thiG","","Thiazole synthase","6","6","1","1","1437","","","","776","776","776","OBHBHFCO_00322","CCHHBCMG_00278","HDHBLALJ_00298","NFMMKAFD_00285","HIOKELPH_00327","DOCPNFPP_00197"
"group_114","","hypothetical protein","6","6","1","1","1441","","","","191","191","191","OBHBHFCO_00324","CCHHBCMG_00276","HDHBLALJ_00300","NFMMKAFD_00283","HIOKELPH_00325","DOCPNFPP_00195"
"mutS2","","Endonuclease MutS2","6","6","1","1","1448","","","","2207","2207","2207","OBHBHFCO_00330","CCHHBCMG_00272","HDHBLALJ_00306","NFMMKAFD_00278","HIOKELPH_00319","DOCPNFPP_00189"
"grpE","","Protein GrpE","6","6","1","1","929","","","","530","530","530","OBHBHFCO_00507","CCHHBCMG_00902","HDHBLALJ_00006","NFMMKAFD_01092","HIOKELPH_00613","DOCPNFPP_01483"
"gmhA1","","Phosphoheptose isomerase 1","6","6","1","1","1605","","","","560","560","560","OBHBHFCO_00520","CCHHBCMG_00183","HDHBLALJ_00403","NFMMKAFD_00181","HIOKELPH_00212","DOCPNFPP_00092"
"aer_1","","Aerotaxis receptor","6","6","1","1","1661","","","","494","494","494","OBHBHFCO_00557","CCHHBCMG_00143","HDHBLALJ_00440","NFMMKAFD_00141","HIOKELPH_00173","DOCPNFPP_00055"
"gdnC","","putative guanidinium efflux system subunit GdnC","6","6","1","3","258","","","","326","362","336","OBHBHFCO_00649","CCHHBCMG_01368","HDHBLALJ_00944","NFMMKAFD_01217","HIOKELPH_01161","DOCPNFPP_01175"
"gdnD","","putative guanidinium efflux system subunit GdnD","6","6","1","3","259","","","","314","314","314","OBHBHFCO_00650","CCHHBCMG_01367","HDHBLALJ_00943","NFMMKAFD_01218","HIOKELPH_01160","DOCPNFPP_01176"
"surE","","5'-nucleotidase SurE","6","6","1","3","287","","","","773","776","774","OBHBHFCO_00666","CCHHBCMG_01354","HDHBLALJ_00927","NFMMKAFD_01234","HIOKELPH_01143","DOCPNFPP_01192"
"carB","","Carbamoyl-phosphate synthase large chain","6","6","1","3","309","","","","3269","3269","3269","OBHBHFCO_00684","CCHHBCMG_01339","HDHBLALJ_00909","NFMMKAFD_01252","HIOKELPH_01123","DOCPNFPP_01210"
"bioB","","Biotin synthase","6","6","1","2","622","","","","836","836","836","OBHBHFCO_00774","CCHHBCMG_01250","HDHBLALJ_01476","NFMMKAFD_00833","HIOKELPH_01363","DOCPNFPP_01300"
"group_136","","hypothetical protein","6","6","1","2","640","","","","407","443","416","OBHBHFCO_00791","CCHHBCMG_01268","HDHBLALJ_01459","NFMMKAFD_00850","HIOKELPH_01346","DOCPNFPP_01317"
"rplW","","50S ribosomal protein L23","6","6","1","2","643","","","","281","281","281","OBHBHFCO_00794","CCHHBCMG_01271","HDHBLALJ_01456","NFMMKAFD_00853","HIOKELPH_01343","DOCPNFPP_01320"
"guaA","","GMP synthase [glutamine-hydrolyzing]","6","6","1","1","1751","","","","1535","1535","1535","OBHBHFCO_00943","CCHHBCMG_00092","HDHBLALJ_00507","NFMMKAFD_00085","HIOKELPH_00101","DOCPNFPP_01553"
"moeA_2","","Molybdopterin molybdenumtransferase","6","6","1","1","144","","","","1190","1190","1190","OBHBHFCO_00957","CCHHBCMG_00954","HDHBLALJ_01308","NFMMKAFD_01345","HIOKELPH_00942","DOCPNFPP_00813"
"group_140","","hypothetical protein","6","6","1","1","156","","","","932","932","932","OBHBHFCO_00967","CCHHBCMG_00965","HDHBLALJ_01319","NFMMKAFD_01335","HIOKELPH_00952","DOCPNFPP_00803"
"dnaA","","Chromosomal replication initiator protein DnaA","6","6","1","2","64","","","","1322","1322","1322","OBHBHFCO_01105","CCHHBCMG_01296","HDHBLALJ_01424","NFMMKAFD_00882","HIOKELPH_01311","DOCPNFPP_01352"
"ilvD","","Dihydroxy-acid dehydratase","6","6","1","2","48","","","","1676","1676","1676","OBHBHFCO_01119","CCHHBCMG_01308","HDHBLALJ_01410","NFMMKAFD_00893","HIOKELPH_01295","DOCPNFPP_01366"
"yfbR","","5'-deoxynucleotidase YfbR","6","6","1","2","46","","","","1226","1226","1226","OBHBHFCO_01120","CCHHBCMG_01309","HDHBLALJ_01409","NFMMKAFD_00895","HIOKELPH_01294","DOCPNFPP_01367"
"fabI","","Enoyl-[acyl-carrier-protein] reductase [NADH] FabI","6","6","1","1","2166","","","","824","827","825","OBHBHFCO_01162","CCHHBCMG_01064","HDHBLALJ_01575","NFMMKAFD_01523","HIOKELPH_01042","DOCPNFPP_00703"
"group_162","","hypothetical protein","6","6","1","2","517","","","","239","1808","1024","OBHBHFCO_01513","CCHHBCMG_01579","HDHBLALJ_01225","NFMMKAFD_01474","HIOKELPH_01530","DOCPNFPP_01038"
"group_163","","hypothetical protein","6","6","1","2","503","","","","1349","1349","1349","OBHBHFCO_01523","CCHHBCMG_01591","HDHBLALJ_01237","NFMMKAFD_01485","HIOKELPH_01539","DOCPNFPP_01047"
"group_165","","hypothetical protein","6","6","1","2","559","","","Hypothetical protein with no hits to refseq/uniprot/clusters/cdd/tigrfams/pfam overlapping another protein with hits","356","356","356","OBHBHFCO_01540","CCHHBCMG_01568","HDHBLALJ_01213","NFMMKAFD_01462","HIOKELPH_01520","DOCPNFPP_01024"
"purF","","Amidophosphoribosyltransferase","6","6","1","3","511","","","","1337","1337","1337","OBHBHFCO_01568","CCHHBCMG_01642","HDHBLALJ_00837","NFMMKAFD_01643","HIOKELPH_01658","DOCPNFPP_01572"
"group_169","","hypothetical protein","6","6","1","1","1110","","","","2252","2252","2252","OBHBHFCO_01631","CCHHBCMG_00786","HDHBLALJ_00160","NFMMKAFD_00969","HIOKELPH_00465","DOCPNFPP_00335"
"group_172","","hypothetical protein","6","6","1","1","617","","","","656","1211","1118","OBHBHFCO_01659","CCHHBCMG_00025","HDHBLALJ_01693","NFMMKAFD_00019","HIOKELPH_00024","DOCPNFPP_01698"
"pseI","","Pseudaminic acid synthase","6","6","1","1","609","","","","1031","1031","1031","OBHBHFCO_01668","CCHHBCMG_00018","HDHBLALJ_01700","NFMMKAFD_00012","HIOKELPH_00015","DOCPNFPP_01691"
"group_177","","hypothetical protein","6","6","1","3","528","","","","521","1994","1257","OBHBHFCO_01729","CCHHBCMG_01650","HDHBLALJ_00844","NFMMKAFD_01635","HIOKELPH_01651","DOCPNFPP_01579"
"flaC","","Secreted flagellin C","6","6","1","1","249","","","","746","749","748","OBHBHFCO_00016","CCHHBCMG_00612","HDHBLALJ_00588","NFMMKAFD_00609","HIOKELPH_00633","DOCPNFPP_00400"
"rpsP","","30S ribosomal protein S16","6","6","1","1","259","","","","227","227","227","OBHBHFCO_00026","CCHHBCMG_00602","HDHBLALJ_00598","NFMMKAFD_00599","HIOKELPH_00643","DOCPNFPP_00410"
"glnA","","Glutamine synthetase","6","6","1","1","280","","","","1430","1430","1430","OBHBHFCO_00037","CCHHBCMG_00591","HDHBLALJ_00609","NFMMKAFD_00588","HIOKELPH_00654","DOCPNFPP_00421"
"flgG_1","","Flagellar basal-body rod protein FlgG","6","6","1","1","281","","","","788","791","790","OBHBHFCO_00038","CCHHBCMG_00590","HDHBLALJ_00610","NFMMKAFD_00587","HIOKELPH_00655","DOCPNFPP_00422"
"ftsZ","","Cell division protein FtsZ","6","6","1","1","284","","","","1112","1112","1112","OBHBHFCO_00040","CCHHBCMG_00588","HDHBLALJ_00612","NFMMKAFD_00585","HIOKELPH_00657","DOCPNFPP_00424"
"ftsA","","Cell division protein FtsA","6","6","1","1","285","","","","1382","1382","1382","OBHBHFCO_00041","CCHHBCMG_00587","HDHBLALJ_00613","NFMMKAFD_00584","HIOKELPH_00658","DOCPNFPP_00425"
"ispG","","4-hydroxy-3-methylbut-2-en-1-yl diphosphate synthase (flavodoxin)","6","6","1","1","1970","","","","1073","1073","1073","OBHBHFCO_00049","CCHHBCMG_00578","HDHBLALJ_00621","NFMMKAFD_00575","HIOKELPH_00666","DOCPNFPP_00433"
"uvrB","","UvrABC system protein B","6","6","1","1","1964","","","","1973","1973","1973","OBHBHFCO_00054","CCHHBCMG_00572","HDHBLALJ_00626","NFMMKAFD_00569","HIOKELPH_00679","DOCPNFPP_00438"
"dcuB","","Anaerobic C4-dicarboxylate transporter DcuB","6","6","1","1","1949","","","","1424","1424","1424","OBHBHFCO_00055","CCHHBCMG_00559","HDHBLALJ_00627","NFMMKAFD_00560","HIOKELPH_00680","DOCPNFPP_00439"
"argG","","Argininosuccinate synthase","6","6","1","1","1944","","","","1220","1220","1220","OBHBHFCO_00060","CCHHBCMG_00554","HDHBLALJ_00632","NFMMKAFD_00555","HIOKELPH_00685","DOCPNFPP_00444"
"rplI","","50S ribosomal protein L9","6","6","1","1","1943","","","","443","443","443","OBHBHFCO_00061","CCHHBCMG_00553","HDHBLALJ_00633","NFMMKAFD_00554","HIOKELPH_00686","DOCPNFPP_00445"
"hypA","","Hydrogenase/urease maturation factor HypA","6","6","1","1","1888","","","","344","344","344","OBHBHFCO_00091","CCHHBCMG_00522","HDHBLALJ_00663","NFMMKAFD_00519","HIOKELPH_00716","DOCPNFPP_00475"
"hypB","","Hydrogenase maturation factor HypB","6","6","1","1","1884","","","","743","743","743","OBHBHFCO_00095","CCHHBCMG_00518","HDHBLALJ_00667","NFMMKAFD_00515","HIOKELPH_00720","DOCPNFPP_00479"
"hydB","","Quinone-reactive Ni/Fe-hydrogenase large chain","6","6","1","1","1769","","","","1715","1715","1715","OBHBHFCO_00124","CCHHBCMG_00075","HDHBLALJ_00696","NFMMKAFD_00068","HIOKELPH_00750","DOCPNFPP_00508"
"efp","","Elongation factor P","6","6","1","1","1795","","","","569","569","569","OBHBHFCO_00150","CCHHBCMG_00444","HDHBLALJ_00722","NFMMKAFD_00443","HIOKELPH_00775","DOCPNFPP_00533"
"group_231","","hypothetical protein","6","6","1","1","539","","","","365","365","365","OBHBHFCO_00154","CCHHBCMG_00440","HDHBLALJ_00726","NFMMKAFD_00439","HIOKELPH_00779","DOCPNFPP_00537"
"ubiD","","3-octaprenyl-4-hydroxybenzoate carboxy-lyase","6","6","1","1","538","","","","1802","1802","1802","OBHBHFCO_00155","CCHHBCMG_00439","HDHBLALJ_00727","NFMMKAFD_00438","HIOKELPH_00780","DOCPNFPP_00538"
"group_234","","hypothetical protein","6","6","1","1","527","","","","557","557","557","OBHBHFCO_00163","CCHHBCMG_00431","HDHBLALJ_00735","NFMMKAFD_00430","HIOKELPH_00788","DOCPNFPP_00546"
"korA","","2-oxoglutarate oxidoreductase subunit KorA","6","6","1","1","522","","","","1124","1124","1124","OBHBHFCO_00165","CCHHBCMG_00429","HDHBLALJ_00737","NFMMKAFD_00428","HIOKELPH_00790","DOCPNFPP_00548"
"rsxB_1","","Ion-translocating oxidoreductase complex subunit B","6","6","1","1","521","","","","311","311","311","OBHBHFCO_00166","CCHHBCMG_00428","HDHBLALJ_00738","NFMMKAFD_00427","HIOKELPH_00791","DOCPNFPP_00549"
"sucC","","Succinate--CoA ligase [ADP-forming] subunit beta","6","6","1","1","519","","","","1163","1163","1163","OBHBHFCO_00168","CCHHBCMG_00426","HDHBLALJ_00740","NFMMKAFD_00425","HIOKELPH_00793","DOCPNFPP_00551"
"group_238","","hypothetical protein","6","6","1","1","514","","","","431","431","431","OBHBHFCO_00173","CCHHBCMG_00421","HDHBLALJ_00745","NFMMKAFD_00420","HIOKELPH_00798","DOCPNFPP_00556"
"htpG","","Chaperone protein HtpG","6","6","1","1","505","","","","1826","1829","1828","OBHBHFCO_00180","CCHHBCMG_00412","HDHBLALJ_00752","NFMMKAFD_00412","HIOKELPH_00805","DOCPNFPP_00563"
"rpoBC_1","","Bifunctional DNA-directed RNA polymerase subunit beta-beta'","6","6","1","1","471","","","","4550","4553","4551","OBHBHFCO_00209","CCHHBCMG_00384","HDHBLALJ_00781","NFMMKAFD_00385","HIOKELPH_00844","DOCPNFPP_00592"
"rplJ","","50S ribosomal protein L10","6","6","1","1","465","","","","479","479","479","OBHBHFCO_00212","CCHHBCMG_00381","HDHBLALJ_00784","NFMMKAFD_00382","HIOKELPH_00847","DOCPNFPP_00595"
"group_242","","hypothetical protein","6","6","1","1","461","","","","179","179","179","OBHBHFCO_00216","CCHHBCMG_00377","HDHBLALJ_00788","NFMMKAFD_00378","HIOKELPH_00851","DOCPNFPP_00599"
"mqnC","","Cyclic dehypoxanthine futalosine synthase","6","6","1","1","444","","","","1046","1046","1046","OBHBHFCO_00231","CCHHBCMG_00362","HDHBLALJ_00803","NFMMKAFD_00363","HIOKELPH_00866","DOCPNFPP_00614"
"group_245","","hypothetical protein","6","6","1","1","1426","","","","806","830","810","OBHBHFCO_00311","CCHHBCMG_00289","HDHBLALJ_00287","NFMMKAFD_00296","HIOKELPH_00338","DOCPNFPP_00208"
"cfiB","","2-oxoglutarate carboxylase small subunit","6","6","1","1","1429","","","","1442","1445","1443","OBHBHFCO_00314","CCHHBCMG_00286","HDHBLALJ_00290","NFMMKAFD_00293","HIOKELPH_00335","DOCPNFPP_00205"
"group_248","","hypothetical protein","6","6","1","1","1449","","","","350","350","350","OBHBHFCO_00331","CCHHBCMG_00271","HDHBLALJ_00307","NFMMKAFD_00277","HIOKELPH_00318","DOCPNFPP_00188"
"rpsF","","30S ribosomal protein S6","6","6","1","1","1470","","","","377","377","377","OBHBHFCO_00353","CCHHBCMG_00256","HDHBLALJ_00329","NFMMKAFD_00261","HIOKELPH_00295","DOCPNFPP_00166"
"fliW","","Flagellar assembly factor FliW","6","6","1","1","1475","","","","389","389","389","OBHBHFCO_00358","CCHHBCMG_00251","HDHBLALJ_00334","NFMMKAFD_00256","HIOKELPH_00290","DOCPNFPP_00161"
"yajC","","Sec translocon accessory complex subunit YajC","6","6","1","1","1510","","","","230","272","258","OBHBHFCO_00377","CCHHBCMG_00232","HDHBLALJ_00353","NFMMKAFD_00237","HIOKELPH_00271","DOCPNFPP_00142"
"ftsH_1","","ATP-dependent zinc metalloprotease FtsH","6","6","1","1","1532","","","","1937","1946","1943","OBHBHFCO_00401","CCHHBCMG_00210","HDHBLALJ_00377","NFMMKAFD_00215","HIOKELPH_00247","DOCPNFPP_00118"
"group_258","","hypothetical protein","6","6","1","1","1056","","","","281","281","281","OBHBHFCO_00415","CCHHBCMG_00816","HDHBLALJ_00098","NFMMKAFD_01001","HIOKELPH_00522","DOCPNFPP_01391"
"glmU_1","","Bifunctional protein GlmU","6","6","1","1","1029","","","","1289","1289","1289","OBHBHFCO_00442","CCHHBCMG_00843","HDHBLALJ_00071","NFMMKAFD_01028","HIOKELPH_00549","DOCPNFPP_01418"
"fliP","","Flagellar biosynthetic protein FliP","6","6","1","1","1028","","","","734","743","740","OBHBHFCO_00443","CCHHBCMG_00844","HDHBLALJ_00070","NFMMKAFD_01029","HIOKELPH_00550","DOCPNFPP_01419"
"fabL","","Enoyl-[acyl-carrier-protein] reductase [NADPH] FabL","6","6","1","1","1008","","","","779","779","779","OBHBHFCO_00454","CCHHBCMG_00853","HDHBLALJ_00059","NFMMKAFD_01039","HIOKELPH_00560","DOCPNFPP_01430"
"group_264","","hypothetical protein","6","6","1","1","976","","","","245","245","245","OBHBHFCO_00472","CCHHBCMG_00873","HDHBLALJ_00041","NFMMKAFD_01059","HIOKELPH_00578","DOCPNFPP_01448"
"napA_1","","Periplasmic nitrate reductase","6","6","1","1","959","","","","2771","2774","2773","OBHBHFCO_00482","CCHHBCMG_00880","HDHBLALJ_00031","NFMMKAFD_01066","HIOKELPH_00588","DOCPNFPP_01458"
"speA","","Biosynthetic arginine decarboxylase","6","6","1","1","943","","","","1832","1835","1834","OBHBHFCO_00499","CCHHBCMG_00896","HDHBLALJ_00014","NFMMKAFD_01082","HIOKELPH_00605","DOCPNFPP_01475"
"dnaK","","Chaperone protein DnaK","6","6","1","1","932","","","","1871","1871","1871","OBHBHFCO_00506","CCHHBCMG_00901","HDHBLALJ_00007","NFMMKAFD_01091","HIOKELPH_00612","DOCPNFPP_01482"
"group_271","","hypothetical protein","6","6","1","1","1629","","","","494","494","494","OBHBHFCO_00533","CCHHBCMG_00169","HDHBLALJ_00416","NFMMKAFD_00167","HIOKELPH_00199","DOCPNFPP_00079"
"tsf","","Elongation factor Ts","6","6","1","1","1646","","","","1073","1073","1073","OBHBHFCO_00547","CCHHBCMG_00153","HDHBLALJ_00430","NFMMKAFD_00151","HIOKELPH_00183","DOCPNFPP_00065"
"petB","","Cytochrome b","6","6","1","1","1654","","","","1250","1250","1250","OBHBHFCO_00551","CCHHBCMG_00149","HDHBLALJ_00434","NFMMKAFD_00147","HIOKELPH_00179","DOCPNFPP_00061"
"aer_2","","Aerotaxis receptor","6","6","1","1","1659","","","","497","497","497","OBHBHFCO_00555","CCHHBCMG_00145","HDHBLALJ_00438","NFMMKAFD_00143","HIOKELPH_00175","DOCPNFPP_00057"
"group_276","","hypothetical protein","6","6","1","1","1660","","","","1379","1379","1379","OBHBHFCO_00556","CCHHBCMG_00144","HDHBLALJ_00439","NFMMKAFD_00142","HIOKELPH_00174","DOCPNFPP_00056"
"gatB","","Aspartyl/glutamyl-tRNA(Asn/Gln) amidotransferase subunit B","6","6","1","1","1667","","","","1418","1418","1418","OBHBHFCO_00563","CCHHBCMG_00137","HDHBLALJ_00446","NFMMKAFD_00135","HIOKELPH_00166","DOCPNFPP_00049"
"atpB","","ATP synthase subunit a","6","6","1","1","1673","","","","680","680","680","OBHBHFCO_00570","CCHHBCMG_00136","HDHBLALJ_00453","NFMMKAFD_00129","HIOKELPH_00159","DOCPNFPP_00042"
"groS","","10 kDa chaperonin","6","6","1","1","1697","","","","260","260","260","OBHBHFCO_00589","CCHHBCMG_00121","HDHBLALJ_00472","NFMMKAFD_00114","HIOKELPH_00140","DOCPNFPP_00023"
"group_283","","hypothetical protein","6","6","1","1","1725","","","","374","374","374","OBHBHFCO_00605","CCHHBCMG_00110","HDHBLALJ_00488","NFMMKAFD_00103","HIOKELPH_00120","DOCPNFPP_00007"
"uvrA","","UvrABC system protein A","6","6","1","3","210","","","","2822","2825","2823","OBHBHFCO_00614","CCHHBCMG_01400","HDHBLALJ_00979","NFMMKAFD_01184","HIOKELPH_01196","DOCPNFPP_01140"
"pomA","","Chemotaxis protein PomA","6","6","1","3","216","","","","776","776","776","OBHBHFCO_00620","CCHHBCMG_01395","HDHBLALJ_00973","NFMMKAFD_01190","HIOKELPH_01190","DOCPNFPP_01146"
"ahpC","","Alkyl hydroperoxide reductase C","6","6","1","3","220","","","","596","596","596","OBHBHFCO_00623","CCHHBCMG_01392","HDHBLALJ_00970","NFMMKAFD_01193","HIOKELPH_01187","DOCPNFPP_01149"
"ndk","","Nucleoside diphosphate kinase","6","6","1","3","222","","","","413","413","413","OBHBHFCO_00625","CCHHBCMG_01390","HDHBLALJ_00968","NFMMKAFD_01195","HIOKELPH_01185","DOCPNFPP_01151"
"rpmF","","50S ribosomal protein L32","6","6","1","3","224","","","","146","146","146","OBHBHFCO_00627","CCHHBCMG_01388","HDHBLALJ_00966","NFMMKAFD_01197","HIOKELPH_01183","DOCPNFPP_01153"
"fliF","","Flagellar M-ring protein","6","6","1","3","248","","","","1682","1682","1682","OBHBHFCO_00641","CCHHBCMG_01376","HDHBLALJ_00952","NFMMKAFD_01209","HIOKELPH_01169","DOCPNFPP_01167"
"rplY","","50S ribosomal protein L25","6","6","1","3","257","","","","536","536","536","OBHBHFCO_00648","CCHHBCMG_01369","HDHBLALJ_00945","NFMMKAFD_01216","HIOKELPH_01162","DOCPNFPP_01174"
"bioD","","ATP-dependent dethiobiotin synthetase BioD","6","6","1","3","275","","","","605","605","605","OBHBHFCO_00651","CCHHBCMG_01366","HDHBLALJ_00942","NFMMKAFD_01219","HIOKELPH_01159","DOCPNFPP_01177"
"greA","","Transcription elongation factor GreA","6","6","1","3","299","","","","485","485","485","OBHBHFCO_00676","CCHHBCMG_01347","HDHBLALJ_00917","NFMMKAFD_01244","HIOKELPH_01133","DOCPNFPP_01202"
"cheV","","Chemotaxis protein CheV","6","6","1","3","301","","","","956","956","956","OBHBHFCO_00678","CCHHBCMG_01345","HDHBLALJ_00915","NFMMKAFD_01246","HIOKELPH_01131","DOCPNFPP_01204"
"cheW","","Chemotaxis protein CheW","6","6","1","3","303","","","","521","521","521","OBHBHFCO_00680","CCHHBCMG_01343","HDHBLALJ_00913","NFMMKAFD_01248","HIOKELPH_01129","DOCPNFPP_01206"
"fabZ","","3-hydroxyacyl-[acyl-carrier-protein] dehydratase FabZ","6","6","1","3","325","","","","440","440","440","OBHBHFCO_00697","CCHHBCMG_01334","HDHBLALJ_00893","NFMMKAFD_01257","HIOKELPH_01108","DOCPNFPP_01223"
"ilvE","","Branched-chain-amino-acid aminotransferase","6","6","1","3","329","","","","914","914","914","OBHBHFCO_00701","CCHHBCMG_01330","HDHBLALJ_00889","NFMMKAFD_01261","HIOKELPH_01104","DOCPNFPP_01227"
"group_306","","hypothetical protein","6","6","1","3","330","","","","1082","1088","1084","OBHBHFCO_00702","CCHHBCMG_01329","HDHBLALJ_00888","NFMMKAFD_01262","HIOKELPH_01103","DOCPNFPP_01228"
"lpxC","","UDP-3-O-acyl-N-acetylglucosamine deacetylase","6","6","1","2","429","","","","884","884","884","OBHBHFCO_00717","CCHHBCMG_01499","HDHBLALJ_01533","NFMMKAFD_01393","HIOKELPH_01420","DOCPNFPP_01243"
"dusB","","tRNA-dihydrouridine synthase B","6","6","1","2","438","","","","926","926","926","OBHBHFCO_00726","CCHHBCMG_01508","HDHBLALJ_01524","NFMMKAFD_01402","HIOKELPH_01411","DOCPNFPP_01252"
"pfs","","Aminodeoxyfutalosine nucleosidase","6","6","1","2","450","","","","686","686","686","OBHBHFCO_00733","CCHHBCMG_01515","HDHBLALJ_01517","NFMMKAFD_01408","HIOKELPH_01404","DOCPNFPP_01259"
"atpA","","ATP synthase subunit alpha","6","6","1","2","463","","","","1505","1505","1505","OBHBHFCO_00745","CCHHBCMG_01527","HDHBLALJ_01505","NFMMKAFD_01420","HIOKELPH_01392","DOCPNFPP_01271"
"soj","","Sporulation initiation inhibitor protein Soj","6","6","1","2","603","","","","785","785","785","OBHBHFCO_00750","CCHHBCMG_01532","HDHBLALJ_01500","NFMMKAFD_01425","HIOKELPH_01387","DOCPNFPP_01276"
"eno","","Enolase","6","6","1","2","612","","","","1244","1244","1244","OBHBHFCO_00764","CCHHBCMG_01241","HDHBLALJ_01486","NFMMKAFD_00824","HIOKELPH_01373","DOCPNFPP_01290"
"recA","","Protein RecA","6","6","1","2","613","","","","1031","1031","1031","OBHBHFCO_00765","CCHHBCMG_01242","HDHBLALJ_01485","NFMMKAFD_00825","HIOKELPH_01372","DOCPNFPP_01291"
"fliQ","","Flagellar biosynthetic protein FliQ","6","6","1","2","616","","","","269","269","269","OBHBHFCO_00767","CCHHBCMG_01244","HDHBLALJ_01483","NFMMKAFD_00827","HIOKELPH_01370","DOCPNFPP_01293"
"secY","","Protein translocase subunit SecY","6","6","1","2","626","","","","1265","1265","1265","OBHBHFCO_00777","CCHHBCMG_01254","HDHBLALJ_01473","NFMMKAFD_00836","HIOKELPH_01360","DOCPNFPP_01303"
"rplO","","50S ribosomal protein L15","6","6","1","2","627","","","","392","392","392","OBHBHFCO_00778","CCHHBCMG_01255","HDHBLALJ_01472","NFMMKAFD_00837","HIOKELPH_01359","DOCPNFPP_01304"
"rplR","","50S ribosomal protein L18","6","6","1","2","629","","","","356","356","356","OBHBHFCO_00780","CCHHBCMG_01257","HDHBLALJ_01470","NFMMKAFD_00839","HIOKELPH_01357","DOCPNFPP_01306"
"rplF","","50S ribosomal protein L6","6","6","1","2","630","","","","536","536","536","OBHBHFCO_00781","CCHHBCMG_01258","HDHBLALJ_01469","NFMMKAFD_00840","HIOKELPH_01356","DOCPNFPP_01307"
"rpsH","","30S ribosomal protein S8","6","6","1","2","631","","","","395","395","395","OBHBHFCO_00782","CCHHBCMG_01259","HDHBLALJ_01468","NFMMKAFD_00841","HIOKELPH_01355","DOCPNFPP_01308"
"rplE","","50S ribosomal protein L5","6","6","1","2","633","","","","542","542","542","OBHBHFCO_00784","CCHHBCMG_01261","HDHBLALJ_01466","NFMMKAFD_00843","HIOKELPH_01353","DOCPNFPP_01310"
"group_326","","hypothetical protein","6","6","1","2","637","","","","185","185","185","OBHBHFCO_00788","CCHHBCMG_01265","HDHBLALJ_01462","NFMMKAFD_00847","HIOKELPH_01349","DOCPNFPP_01314"
"rpsC","","30S ribosomal protein S3","6","6","1","2","639","","","","701","701","701","OBHBHFCO_00790","CCHHBCMG_01267","HDHBLALJ_01460","NFMMKAFD_00849","HIOKELPH_01347","DOCPNFPP_01316"
"rluB","","Ribosomal large subunit pseudouridine synthase B","6","6","1","2","647","","","","761","761","761","OBHBHFCO_00798","CCHHBCMG_01275","HDHBLALJ_01452","NFMMKAFD_00857","HIOKELPH_01339","DOCPNFPP_01324"
"cusR","","Transcriptional regulatory protein CusR","6","6","1","3","190","","","","671","671","671","OBHBHFCO_00814","CCHHBCMG_01412","HDHBLALJ_00991","NFMMKAFD_01172","HIOKELPH_01208","DOCPNFPP_01128"
"glmM","","Phosphoglucosamine mutase","6","6","1","3","183","","","","1337","1340","1339","OBHBHFCO_00818","CCHHBCMG_01416","HDHBLALJ_00995","NFMMKAFD_01168","HIOKELPH_01212","DOCPNFPP_01124"
"rpsU","","30S ribosomal protein S21","6","6","1","3","169","","","","197","212","207","OBHBHFCO_00828","CCHHBCMG_01426","HDHBLALJ_01005","NFMMKAFD_01158","HIOKELPH_01222","DOCPNFPP_01114"
"ribH","","6,7-dimethyl-8-ribityllumazine synthase","6","6","1","3","156","","","","464","464","464","OBHBHFCO_00841","CCHHBCMG_01439","HDHBLALJ_01018","NFMMKAFD_01145","HIOKELPH_01235","DOCPNFPP_01101"
"frdA","","Fumarate reductase flavoprotein subunit","6","6","1","3","103","","","","1991","1991","1991","OBHBHFCO_00867","CCHHBCMG_01465","HDHBLALJ_01044","NFMMKAFD_01119","HIOKELPH_01261","DOCPNFPP_01075"
"frdB","","Fumarate reductase iron-sulfur subunit","6","6","1","3","99","","","","725","725","725","OBHBHFCO_00868","CCHHBCMG_01466","HDHBLALJ_01045","NFMMKAFD_01118","HIOKELPH_01262","DOCPNFPP_01074"
"ybiT","","putative ABC transporter ATP-binding protein YbiT","6","6","1","3","79","","","","1577","1577","1577","OBHBHFCO_00881","CCHHBCMG_01482","HDHBLALJ_01058","NFMMKAFD_01103","HIOKELPH_01275","DOCPNFPP_01061"
"pseB","","UDP-N-acetylglucosamine 4,6-dehydratase (inverting)","6","6","1","1","645","","","","1004","1004","1004","OBHBHFCO_00888","CCHHBCMG_00047","HDHBLALJ_00562","NFMMKAFD_00040","HIOKELPH_00046","DOCPNFPP_01498"
"accC","","Biotin carboxylase","6","6","1","1","648","","","","1331","1331","1331","OBHBHFCO_00891","CCHHBCMG_00050","HDHBLALJ_00559","NFMMKAFD_00043","HIOKELPH_00049","DOCPNFPP_01501"
"napA_2","","Periplasmic nitrate reductase","6","6","1","1","154","","","","2240","2240","2240","OBHBHFCO_00965","CCHHBCMG_00963","HDHBLALJ_01317","NFMMKAFD_01337","HIOKELPH_00950","DOCPNFPP_00805"
"rpsK","","30S ribosomal protein S11","6","6","1","2","250","","","","392","392","392","OBHBHFCO_01074","CCHHBCMG_01155","HDHBLALJ_01100","NFMMKAFD_00663","HIOKELPH_01576","DOCPNFPP_00909"
"rpsJ","","30S ribosomal protein S10","6","6","1","2","646","","","","311","311","311","OBHBHFCO_00797","CCHHBCMG_01274","HDHBLALJ_01453","NFMMKAFD_00856","HIOKELPH_01340","DOCPNFPP_01323"
"infA","","Translation initiation factor IF-1","6","6","1","2","248","","","","218","218","218","OBHBHFCO_01076","CCHHBCMG_01153","HDHBLALJ_01098","NFMMKAFD_00661","HIOKELPH_01578","DOCPNFPP_00907"
"rpmH","","50S ribosomal protein L34","6","6","1","1","1281","","","","134","134","134","OBHBHFCO_01347","CCHHBCMG_00703","HDHBLALJ_00125","NFMMKAFD_01762","HIOKELPH_00500","DOCPNFPP_00370"
"rplU","","50S ribosomal protein L21","6","6","1","2","597","","","","308","308","308","OBHBHFCO_01288","CCHHBCMG_01538","HDHBLALJ_01186","NFMMKAFD_01431","HIOKELPH_01493","DOCPNFPP_00997"
"rbfA","","Ribosome-binding factor A","6","6","1","2","424","","","","362","362","362","OBHBHFCO_00712","CCHHBCMG_01494","HDHBLALJ_01538","NFMMKAFD_01388","HIOKELPH_01425","DOCPNFPP_01238"
"purA","","Adenylosuccinate synthetase","6","6","1","1","170","","","","1250","1250","1250","OBHBHFCO_00978","CCHHBCMG_00976","HDHBLALJ_01330","NFMMKAFD_01324","HIOKELPH_00963","DOCPNFPP_00792"
"rplP","","50S ribosomal protein L16","6","6","1","2","638","","","","425","425","425","OBHBHFCO_00789","CCHHBCMG_01266","HDHBLALJ_01461","NFMMKAFD_00848","HIOKELPH_01348","DOCPNFPP_01315"
"rplN","","50S ribosomal protein L14","6","6","1","2","635","","","","368","368","368","OBHBHFCO_00786","CCHHBCMG_01263","HDHBLALJ_01464","NFMMKAFD_00845","HIOKELPH_01351","DOCPNFPP_01312"
"fliS","","Flagellar secretion chaperone FliS","6","6","1","1","541","","","","386","386","386","OBHBHFCO_00152","CCHHBCMG_00442","HDHBLALJ_00724","NFMMKAFD_00441","HIOKELPH_00777","DOCPNFPP_00535"
"group_3493","","hypothetical protein","6","6","1","3","366","","","","191","191","191","OBHBHFCO_01377","CCHHBCMG_01678","HDHBLALJ_00869","NFMMKAFD_01604","HIOKELPH_01628","DOCPNFPP_01604"
"group_3494","","hypothetical protein","6","6","1","2","43","","","","167","167","167","OBHBHFCO_01123","CCHHBCMG_01312","HDHBLALJ_01406","NFMMKAFD_00898","HIOKELPH_01291","DOCPNFPP_01370"
"rpsE","","30S ribosomal protein S5","6","6","1","2","628","","","","443","443","443","OBHBHFCO_00779","CCHHBCMG_01256","HDHBLALJ_01471","NFMMKAFD_00838","HIOKELPH_01358","DOCPNFPP_01305"
"pstC1","","Phosphate transport system permease protein PstC 1","6","6","1","1","1874","","","","914","914","914","OBHBHFCO_00103","CCHHBCMG_00509","HDHBLALJ_00675","NFMMKAFD_00506","HIOKELPH_00729","DOCPNFPP_00487"
"feoA","","Putative Fe(2+) transport protein A","6","6","1","1","2163","","","","224","224","224","OBHBHFCO_01159","CCHHBCMG_01067","HDHBLALJ_01578","NFMMKAFD_01527","HIOKELPH_01045","DOCPNFPP_00700"
"pstB","","Phosphate import ATP-binding protein PstB","6","6","1","1","1876","","","","740","740","740","OBHBHFCO_00101","CCHHBCMG_00511","HDHBLALJ_00673","NFMMKAFD_00508","HIOKELPH_00727","DOCPNFPP_00485"
"rplM","","50S ribosomal protein L13","6","6","1","1","2271","","","","425","425","425","OBHBHFCO_00998","CCHHBCMG_00994","HDHBLALJ_01350","NFMMKAFD_01306","HIOKELPH_00983","DOCPNFPP_00772"
"ccoN1","","Cbb3-type cytochrome c oxidase subunit CcoN1","6","6","1","1","182","","","","1466","1466","1466","OBHBHFCO_00986","CCHHBCMG_00984","HDHBLALJ_01338","NFMMKAFD_01316","HIOKELPH_00971","DOCPNFPP_00784"
"group_3500","","hypothetical protein","6","6","1","1","542","","","","275","275","275","OBHBHFCO_00151","CCHHBCMG_00443","HDHBLALJ_00723","NFMMKAFD_00442","HIOKELPH_00776","DOCPNFPP_00534"
"rpsG","","30S ribosomal protein S7","6","6","1","1","473","","","","470","470","470","OBHBHFCO_00207","CCHHBCMG_00386","HDHBLALJ_00779","NFMMKAFD_00387","HIOKELPH_00832","DOCPNFPP_00590"
"group_3502","","hypothetical protein","6","6","1","3","372","","","","971","971","971","OBHBHFCO_01380","CCHHBCMG_01674","HDHBLALJ_00866","NFMMKAFD_01608","HIOKELPH_01631","DOCPNFPP_01601"
"rplB","","50S ribosomal protein L2","6","6","1","2","642","","","","830","830","830","OBHBHFCO_00793","CCHHBCMG_01270","HDHBLALJ_01457","NFMMKAFD_00852","HIOKELPH_01344","DOCPNFPP_01319"
"prfB","","Peptide chain release factor 2","6","6","1","1","2245","","","","1097","1097","1097","OBHBHFCO_01614","CCHHBCMG_01018","HDHBLALJ_01375","NFMMKAFD_01282","HIOKELPH_01008","DOCPNFPP_00747"
"rpsM","","30S ribosomal protein S13","6","6","1","2","249","","","","365","365","365","OBHBHFCO_01075","CCHHBCMG_01154","HDHBLALJ_01099","NFMMKAFD_00662","HIOKELPH_01577","DOCPNFPP_00908"
"tpd","","34 kDa membrane antigen","6","6","1","2","354","","","","539","539","539","OBHBHFCO_01297","CCHHBCMG_01224","HDHBLALJ_01177","NFMMKAFD_00791","HIOKELPH_01484","DOCPNFPP_00988"
"typA","","GTP-binding protein TypA/BipA","6","6","1","2","505","","","","1808","1808","1808","OBHBHFCO_01521","CCHHBCMG_01588","HDHBLALJ_01235","NFMMKAFD_01482","HIOKELPH_01537","DOCPNFPP_01045"
"group_3508","","hypothetical protein","6","6","1","1","635","","","","1562","1562","1562","OBHBHFCO_01710","CCHHBCMG_00039","HDHBLALJ_00569","NFMMKAFD_00031","HIOKELPH_00039","DOCPNFPP_01491"
"fliG","","Flagellar motor switch protein FliG","6","6","1","3","247","","","","1028","1028","1028","OBHBHFCO_00640","CCHHBCMG_01377","HDHBLALJ_00953","NFMMKAFD_01208","HIOKELPH_01170","DOCPNFPP_01166"
"group_351","","Pyruvate:ferredoxin oxidoreductase","6","6","1","1","2267","","","","3560","3560","3560","OBHBHFCO_01002","CCHHBCMG_00998","HDHBLALJ_01354","NFMMKAFD_01302","HIOKELPH_00987","DOCPNFPP_00768"
"queC","","7-cyano-7-deazaguanine synthase","6","6","1","2","45","","","","674","674","674","OBHBHFCO_01121","CCHHBCMG_01310","HDHBLALJ_01408","NFMMKAFD_00896","HIOKELPH_01293","DOCPNFPP_01368"
"group_3511","","putative transcriptional regulatory protein","6","6","1","1","1636","","","","707","707","707","OBHBHFCO_00538","CCHHBCMG_00162","HDHBLALJ_00421","NFMMKAFD_00160","HIOKELPH_00192","DOCPNFPP_00074"
"group_3512","","hypothetical protein","6","6","1","2","645","","","","575","575","575","OBHBHFCO_00796","CCHHBCMG_01273","HDHBLALJ_01454","NFMMKAFD_00855","HIOKELPH_01341","DOCPNFPP_01322"
"fusA","","Elongation factor G","6","6","1","1","480","","","","2075","2075","2075","OBHBHFCO_00206","CCHHBCMG_00387","HDHBLALJ_00778","NFMMKAFD_00388","HIOKELPH_00831","DOCPNFPP_00589"
"rplD","","50S ribosomal protein L4","6","6","1","2","644","","","","614","614","614","OBHBHFCO_00795","CCHHBCMG_01272","HDHBLALJ_01455","NFMMKAFD_00854","HIOKELPH_01342","DOCPNFPP_01321"
"regX3_1","","Sensory transduction protein regX3","6","6","1","1","1712","","","","674","674","674","OBHBHFCO_00602","CCHHBCMG_00113","HDHBLALJ_00485","NFMMKAFD_00106","HIOKELPH_00123","DOCPNFPP_00010"
"group_3516","","hypothetical protein","6","6","1","1","2255","","","","434","434","434","OBHBHFCO_01012","CCHHBCMG_01008","HDHBLALJ_01364","NFMMKAFD_01292","HIOKELPH_00997","DOCPNFPP_00758"
"trxA","","Thioredoxin","6","6","1","3","452","","","","314","314","314","OBHBHFCO_01184","CCHHBCMG_01599","HDHBLALJ_01683","NFMMKAFD_01692","HIOKELPH_01712","DOCPNFPP_01672"
"group_3518","","hypothetical protein","6","6","1","1","1875","","","","1088","1088","1088","OBHBHFCO_00102","CCHHBCMG_00510","HDHBLALJ_00674","NFMMKAFD_00507","HIOKELPH_00728","DOCPNFPP_00486"
"mdtC","","Multidrug resistance protein MdtC","6","6","1","1","1425","","","","3017","3017","3017","OBHBHFCO_00310","CCHHBCMG_00290","HDHBLALJ_00286","NFMMKAFD_00297","HIOKELPH_00339","DOCPNFPP_00209"
"group_352","","hypothetical protein","6","6","1","1","2258","","","","1826","1826","1826","OBHBHFCO_01011","CCHHBCMG_01007","HDHBLALJ_01363","NFMMKAFD_01293","HIOKELPH_00996","DOCPNFPP_00759"
"rplK","","50S ribosomal protein L11","6","6","1","1","463","","","","425","425","425","OBHBHFCO_00214","CCHHBCMG_00379","HDHBLALJ_00786","NFMMKAFD_00380","HIOKELPH_00849","DOCPNFPP_00597"
"tufA","","Elongation factor Tu","6","6","1","1","459","","","","1199","1199","1199","OBHBHFCO_00219","CCHHBCMG_00374","HDHBLALJ_00791","NFMMKAFD_00375","HIOKELPH_00854","DOCPNFPP_00602"
"nqo6","","NADH-quinone oxidoreductase subunit 6","6","6","1","2","227","","","","503","503","503","OBHBHFCO_01412","CCHHBCMG_01136","HDHBLALJ_01079","NFMMKAFD_00649","HIOKELPH_01599","DOCPNFPP_00888"
"hypD","","Hydrogenase maturation factor HypD","6","6","1","1","1886","","","","1091","1091","1091","OBHBHFCO_00093","CCHHBCMG_00520","HDHBLALJ_00665","NFMMKAFD_00517","HIOKELPH_00718","DOCPNFPP_00477"
"lepA","","Elongation factor 4","6","6","1","1","1422","","","","1796","1796","1796","OBHBHFCO_00307","CCHHBCMG_00293","HDHBLALJ_00283","NFMMKAFD_00300","HIOKELPH_00342","DOCPNFPP_00212"
"rpsL","","30S ribosomal protein S12","6","6","1","1","472","","","","386","386","386","OBHBHFCO_00208","CCHHBCMG_00385","HDHBLALJ_00780","NFMMKAFD_00386","HIOKELPH_00833","DOCPNFPP_00591"
"rpsR","","30S ribosomal protein S18","6","6","1","1","1472","","","","260","260","260","OBHBHFCO_00355","CCHHBCMG_00254","HDHBLALJ_00331","NFMMKAFD_00259","HIOKELPH_00293","DOCPNFPP_00164"
"nusG","","Transcription termination/antitermination protein NusG","6","6","1","1","462","","","","533","533","533","OBHBHFCO_00215","CCHHBCMG_00378","HDHBLALJ_00787","NFMMKAFD_00379","HIOKELPH_00850","DOCPNFPP_00598"
"ppiB","","Peptidyl-prolyl cis-trans isomerase B","6","6","1","1","1635","","","","482","482","482","OBHBHFCO_00537","CCHHBCMG_00163","HDHBLALJ_00420","NFMMKAFD_00161","HIOKELPH_00193","DOCPNFPP_00075"
"hslV","","ATP-dependent protease subunit HslV","6","6","1","1","1942","","","","542","542","542","OBHBHFCO_00062","CCHHBCMG_00552","HDHBLALJ_00634","NFMMKAFD_00553","HIOKELPH_00687","DOCPNFPP_00446"
"mreB","","Cell shape-determining protein MreB","6","6","1","3","322","","","","1040","1040","1040","OBHBHFCO_00694","CCHHBCMG_01337","HDHBLALJ_00896","NFMMKAFD_01254","HIOKELPH_01111","DOCPNFPP_01220"
"group_3531","","hypothetical protein","6","6","1","1","1885","","","","281","281","281","OBHBHFCO_00094","CCHHBCMG_00519","HDHBLALJ_00666","NFMMKAFD_00516","HIOKELPH_00719","DOCPNFPP_00478"
"flgC","","Flagellar basal-body rod protein FlgC","6","6","1","1","513","","","","494","494","494","OBHBHFCO_00174","CCHHBCMG_00420","HDHBLALJ_00746","NFMMKAFD_00419","HIOKELPH_00799","DOCPNFPP_00557"
"ppa","","Inorganic pyrophosphatase","6","6","1","1","1922","","","","518","518","518","OBHBHFCO_00082","CCHHBCMG_00531","HDHBLALJ_00654","NFMMKAFD_00529","HIOKELPH_00707","DOCPNFPP_00466"
"group_3534","","hypothetical protein","6","6","1","2","223","","","","227","227","227","OBHBHFCO_01415","CCHHBCMG_01133","HDHBLALJ_01076","NFMMKAFD_00646","HIOKELPH_01602","DOCPNFPP_00885"
"group_3535","","hypothetical protein","6","6","1","1","173","","","","428","428","428","OBHBHFCO_00979","CCHHBCMG_00977","HDHBLALJ_01331","NFMMKAFD_01323","HIOKELPH_00964","DOCPNFPP_00791"
"sucD","","Succinate--CoA ligase [ADP-forming] subunit alpha","6","6","1","1","520","","","","869","869","869","OBHBHFCO_00167","CCHHBCMG_00427","HDHBLALJ_00739","NFMMKAFD_00426","HIOKELPH_00792","DOCPNFPP_00550"
"rpmA","","50S ribosomal protein L27","6","6","1","2","598","","","","254","254","254","OBHBHFCO_01289","CCHHBCMG_01537","HDHBLALJ_01185","NFMMKAFD_01430","HIOKELPH_01492","DOCPNFPP_00996"
"pseG","","UDP-2,4-diacetamido-2,4,6-trideoxy-beta-L-altropyranose hydrolase","6","6","1","1","615","","","","824","824","824","OBHBHFCO_01661","CCHHBCMG_00023","HDHBLALJ_01695","NFMMKAFD_00017","HIOKELPH_00022","DOCPNFPP_01696"
"rpsS","","30S ribosomal protein S19","6","6","1","2","641","","","","281","281","281","OBHBHFCO_00792","CCHHBCMG_01269","HDHBLALJ_01458","NFMMKAFD_00851","HIOKELPH_01345","DOCPNFPP_01318"
"tdcG","","L-serine dehydratase TdcG","6","6","1","2","289","","","","1364","1364","1364","OBHBHFCO_01034","CCHHBCMG_01190","HDHBLALJ_01140","NFMMKAFD_00698","HIOKELPH_01444","DOCPNFPP_00949"
"dcd","","dCTP deaminase","6","6","1","1","646","","","","560","560","560","OBHBHFCO_00889","CCHHBCMG_00048","HDHBLALJ_00561","NFMMKAFD_00041","HIOKELPH_00047","DOCPNFPP_01499"
"acpP","","Acyl carrier protein","6","6","1","1","424","","","","233","233","233","OBHBHFCO_01681","CCHHBCMG_00343","HDHBLALJ_00826","NFMMKAFD_00342","HIOKELPH_00892","DOCPNFPP_00637"
"rplX","","50S ribosomal protein L24","6","6","1","2","634","","","","233","233","233","OBHBHFCO_00785","CCHHBCMG_01262","HDHBLALJ_01465","NFMMKAFD_00844","HIOKELPH_01352","DOCPNFPP_01311"
"group_3543","","hypothetical protein","6","6","1","1","1423","","","","1274","1274","1274","OBHBHFCO_00308","CCHHBCMG_00292","HDHBLALJ_00284","NFMMKAFD_00299","HIOKELPH_00341","DOCPNFPP_00211"
"group_3544","","hypothetical protein","6","6","1","1","638","","","","230","230","230","OBHBHFCO_01707","CCHHBCMG_00042","HDHBLALJ_00566","NFMMKAFD_00034","HIOKELPH_00042","DOCPNFPP_01494"
"groL","","60 kDa chaperonin","6","6","1","1","1698","","","","1637","1637","1637","OBHBHFCO_00590","CCHHBCMG_00120","HDHBLALJ_00473","NFMMKAFD_00113","HIOKELPH_00139","DOCPNFPP_00022"
"rpsQ","","30S ribosomal protein S17","6","6","1","2","636","","","","251","251","251","OBHBHFCO_00787","CCHHBCMG_01264","HDHBLALJ_01463","NFMMKAFD_00846","HIOKELPH_01350","DOCPNFPP_01313"
"pseC","","UDP-4-amino-4,6-dideoxy-N-acetyl-beta-L-altrosamine transaminase","6","6","1","1","644","","","","1130","1130","1130","OBHBHFCO_00887","CCHHBCMG_00046","HDHBLALJ_00563","NFMMKAFD_00039","HIOKELPH_00045","DOCPNFPP_01497"
"hisF_1","","Imidazole glycerol phosphate synthase subunit HisF","6","6","1","1","613","","","","746","746","746","OBHBHFCO_01665","CCHHBCMG_00021","HDHBLALJ_01697","NFMMKAFD_00015","HIOKELPH_00020","DOCPNFPP_01694"
"group_3549","","hypothetical protein","6","6","1","1","636","","","","416","416","416","OBHBHFCO_01709","CCHHBCMG_00040","HDHBLALJ_00568","NFMMKAFD_00032","HIOKELPH_00040","DOCPNFPP_01492"
"group_3550","","hypothetical protein","6","6","1","3","86","","","","209","209","209","OBHBHFCO_00876","CCHHBCMG_01478","HDHBLALJ_01053","NFMMKAFD_01107","HIOKELPH_01270","DOCPNFPP_01066"
"fliM","","Flagellar motor switch protein FliM","6","6","1","2","541","","","","1076","1079","1077","OBHBHFCO_01542","CCHHBCMG_01570","HDHBLALJ_01215","NFMMKAFD_01464","HIOKELPH_01522","DOCPNFPP_01026"
"rpoBC_2","","Bifunctional DNA-directed RNA polymerase subunit beta-beta'","6","6","1","1","467","","","","4127","4127","4127","OBHBHFCO_00210","CCHHBCMG_00383","HDHBLALJ_00782","NFMMKAFD_00384","HIOKELPH_00845","DOCPNFPP_00593"
"rpmG2","","50S ribosomal protein L33 2","6","6","1","1","460","","","","158","158","158","OBHBHFCO_00218","CCHHBCMG_00375","HDHBLALJ_00790","NFMMKAFD_00376","HIOKELPH_00853","DOCPNFPP_00601"
"mdtI","","Spermidine export protein MdtI","6","6","1","1","1639","","","","308","308","308","OBHBHFCO_00540","CCHHBCMG_00160","HDHBLALJ_00423","NFMMKAFD_00158","HIOKELPH_00190","DOCPNFPP_00072"
"group_3555","","hypothetical protein","6","6","1","1","2253","","","","341","341","341","OBHBHFCO_01014","CCHHBCMG_01010","HDHBLALJ_01366","NFMMKAFD_01290","HIOKELPH_00999","DOCPNFPP_00756"
"rpsZ","","30S ribosomal protein S14 type Z","6","6","1","2","632","","","","185","185","185","OBHBHFCO_00783","CCHHBCMG_01260","HDHBLALJ_01467","NFMMKAFD_00842","HIOKELPH_01354","DOCPNFPP_01309"
"group_3557","","hypothetical protein","6","6","1","2","315","","","","161","161","161","OBHBHFCO_01027","CCHHBCMG_01198","HDHBLALJ_01147","NFMMKAFD_00764","HIOKELPH_01451","DOCPNFPP_00956"
"rpsB","","30S ribosomal protein S2","6","6","1","1","1647","","","","791","791","791","OBHBHFCO_00548","CCHHBCMG_00152","HDHBLALJ_00431","NFMMKAFD_00150","HIOKELPH_00182","DOCPNFPP_00064"
"rpsD","","30S ribosomal protein S4","6","6","1","2","251","","","","626","626","626","OBHBHFCO_01073","CCHHBCMG_01156","HDHBLALJ_01101","NFMMKAFD_00664","HIOKELPH_01575","DOCPNFPP_00910"
"group_356","","hypothetical protein","6","6","1","2","273","","","","263","263","263","OBHBHFCO_01056","CCHHBCMG_01173","HDHBLALJ_01118","NFMMKAFD_00681","HIOKELPH_01558","DOCPNFPP_00927"
"group_3560","","hypothetical protein","6","6","1","3","87","","","","956","956","956","OBHBHFCO_00875","CCHHBCMG_01477","HDHBLALJ_01052","NFMMKAFD_01108","HIOKELPH_01269","DOCPNFPP_01067"
"atpD_1","","ATP synthase subunit beta","6","6","1","2","461","","","","1397","1397","1397","OBHBHFCO_00743","CCHHBCMG_01525","HDHBLALJ_01507","NFMMKAFD_01418","HIOKELPH_01394","DOCPNFPP_01269"
"group_3562","","hypothetical protein","6","6","1","1","2254","","","","197","197","197","OBHBHFCO_01013","CCHHBCMG_01009","HDHBLALJ_01365","NFMMKAFD_01291","HIOKELPH_00998","DOCPNFPP_00757"
"rpmB","","50S ribosomal protein L28","6","6","1","1","432","","","","194","194","194","OBHBHFCO_00243","CCHHBCMG_00350","HDHBLALJ_00815","NFMMKAFD_00351","HIOKELPH_00878","DOCPNFPP_00626"
"nagD","","Ribonucleotide monophosphatase NagD","6","6","1","3","253","","","","767","767","767","OBHBHFCO_00644","CCHHBCMG_01373","HDHBLALJ_00949","NFMMKAFD_01212","HIOKELPH_01166","DOCPNFPP_01170"
"czcB","","Cobalt-zinc-cadmium resistance protein CzcB","6","6","1","1","1424","","","","740","740","740","OBHBHFCO_00309","CCHHBCMG_00291","HDHBLALJ_00285","NFMMKAFD_00298","HIOKELPH_00340","DOCPNFPP_00210"
"group_3566","","hypothetical protein","6","6","1","1","523","","","","845","845","845","OBHBHFCO_00164","CCHHBCMG_00430","HDHBLALJ_00736","NFMMKAFD_00429","HIOKELPH_00789","DOCPNFPP_00547"
"hypE","","Carbamoyl dehydratase HypE","6","6","1","1","1887","","","","974","974","974","OBHBHFCO_00092","CCHHBCMG_00521","HDHBLALJ_00664","NFMMKAFD_00518","HIOKELPH_00717","DOCPNFPP_00476"
"group_3568","","hypothetical protein","6","6","1","1","242","","","","185","185","185","OBHBHFCO_00012","CCHHBCMG_00616","HDHBLALJ_00584","NFMMKAFD_00613","HIOKELPH_00629","DOCPNFPP_00396"
"fabH_2","","3-oxoacyl-[acyl-carrier-protein] synthase 3","6","6","1","1","634","","","","1061","1061","1061","OBHBHFCO_01711","CCHHBCMG_00038","HDHBLALJ_00570","NFMMKAFD_00030","HIOKELPH_00038","DOCPNFPP_01490"
"dapD","","2,3,4,5-tetrahydropyridine-2,6-dicarboxylate N-succinyltransferase","6","6","1","2","267","","","","1160","1163","1162","OBHBHFCO_01062","CCHHBCMG_01167","HDHBLALJ_01112","NFMMKAFD_00675","HIOKELPH_01564","DOCPNFPP_00921"
"yeeO","","putative FMN/FAD exporter YeeO","6","6","1","1","1880","","","","1316","1316","1316","OBHBHFCO_00099","CCHHBCMG_00514","HDHBLALJ_00671","NFMMKAFD_00511","HIOKELPH_00724","DOCPNFPP_00483"
"rho","","Transcription termination factor Rho","6","6","1","1","1618","","","","1298","1298","1298","OBHBHFCO_00527","CCHHBCMG_00176","HDHBLALJ_00410","NFMMKAFD_00174","HIOKELPH_00205","DOCPNFPP_00085"
"rpsI","","30S ribosomal protein S9","6","6","1","1","2270","","","","389","389","389","OBHBHFCO_00999","CCHHBCMG_00995","HDHBLALJ_01351","NFMMKAFD_01305","HIOKELPH_00984","DOCPNFPP_00771"
"clpY","","ATP-dependent protease ATPase subunit ClpY","6","6","1","1","1941","","","","1319","1319","1319","OBHBHFCO_00063","CCHHBCMG_00551","HDHBLALJ_00635","NFMMKAFD_00552","HIOKELPH_00688","DOCPNFPP_00447"
"fur","","Ferric uptake regulation protein","6","6","1","3","121","","","","470","473","471","OBHBHFCO_00858","CCHHBCMG_01456","HDHBLALJ_01035","NFMMKAFD_01128","HIOKELPH_01252","DOCPNFPP_01084"
"rplQ","","50S ribosomal protein L17","6","6","1","2","258","","","","353","353","353","OBHBHFCO_01071","CCHHBCMG_01158","HDHBLALJ_01103","NFMMKAFD_00666","HIOKELPH_01573","DOCPNFPP_00912"
"rpoA","","DNA-directed RNA polymerase subunit alpha","6","6","1","2","252","","","","1013","1013","1013","OBHBHFCO_01072","CCHHBCMG_01157","HDHBLALJ_01102","NFMMKAFD_00665","HIOKELPH_01574","DOCPNFPP_00911"
"queF","","NADPH-dependent 7-cyano-7-deazaguanine reductase","6","6","1","2","76","","","","383","383","383","OBHBHFCO_01097","CCHHBCMG_01293","HDHBLALJ_01432","NFMMKAFD_00874","HIOKELPH_01319","DOCPNFPP_01344"
"ruvC","","Crossover junction endodeoxyribonuclease RuvC","6","6","1","2","67","","","","476","554","515","OBHBHFCO_01104","CCHHBCMG_01295","HDHBLALJ_01425","NFMMKAFD_00881","HIOKELPH_01312","DOCPNFPP_01351"
"gltB_1","","Ferredoxin-dependent glutamate synthase 1","6","6","1","2","53","","","","4490","4490","4490","OBHBHFCO_01115","CCHHBCMG_01303","HDHBLALJ_01414","NFMMKAFD_00888","HIOKELPH_01299","DOCPNFPP_01362"
"rbr1","","Rubrerythrin-1","6","6","1","2","49","","","","647","647","647","OBHBHFCO_01118","CCHHBCMG_01307","HDHBLALJ_01411","NFMMKAFD_00892","HIOKELPH_01296","DOCPNFPP_01365"
"purB","","Adenylosuccinate lyase","6","6","1","2","36","","","","1328","1328","1328","OBHBHFCO_01126","CCHHBCMG_01317","HDHBLALJ_01403","NFMMKAFD_00903","HIOKELPH_01288","DOCPNFPP_01373"
"nrdA","","Ribonucleoside-diphosphate reductase 1 subunit alpha","6","6","1","2","34","","","","2369","2369","2369","OBHBHFCO_01127","CCHHBCMG_01318","HDHBLALJ_01402","NFMMKAFD_00904","HIOKELPH_01287","DOCPNFPP_01374"
"thyX","","Flavin-dependent thymidylate synthase","6","6","1","2","31","","","","623","623","623","OBHBHFCO_01129","CCHHBCMG_01320","HDHBLALJ_01400","NFMMKAFD_00906","HIOKELPH_01285","DOCPNFPP_01376"
"group_377","","hypothetical protein","6","6","1","1","2150","","","","314","317","316","OBHBHFCO_01150","CCHHBCMG_01076","HDHBLALJ_01587","NFMMKAFD_01540","HIOKELPH_01054","DOCPNFPP_00691"
"pcaB","","3-carboxy-cis,cis-muconate cycloisomerase","6","6","1","1","2160","","","","1367","1367","1367","OBHBHFCO_01157","CCHHBCMG_01069","HDHBLALJ_01580","NFMMKAFD_01530","HIOKELPH_01047","DOCPNFPP_00698"
"trxB","","Thioredoxin reductase","6","6","1","3","449","","","","938","938","938","OBHBHFCO_01183","CCHHBCMG_01598","HDHBLALJ_01684","NFMMKAFD_01693","HIOKELPH_01713","DOCPNFPP_01673"
"rpmE","","50S ribosomal protein L31","6","6","1","3","465","","","","200","200","200","OBHBHFCO_01192","CCHHBCMG_01607","HDHBLALJ_01675","NFMMKAFD_01684","HIOKELPH_01704","DOCPNFPP_01664"
"sodB","","Superoxide dismutase [Fe]","6","6","1","3","478","","","","662","662","662","OBHBHFCO_01207","CCHHBCMG_01621","HDHBLALJ_01660","NFMMKAFD_01670","HIOKELPH_01689","DOCPNFPP_01649"
"group_394","","Carboxynorspermidine synthase","6","6","1","3","480","","","","1205","1205","1205","OBHBHFCO_01208","CCHHBCMG_01622","HDHBLALJ_01659","NFMMKAFD_01667","HIOKELPH_01688","DOCPNFPP_01648"
"group_397","","hypothetical protein","6","6","1","3","495","","","","698","698","698","OBHBHFCO_01229","CCHHBCMG_01635","HDHBLALJ_01638","NFMMKAFD_01650","HIOKELPH_01666","DOCPNFPP_01627"
"clpP","","ATP-dependent Clp protease proteolytic subunit","6","6","1","3","498","","","","584","584","584","OBHBHFCO_01232","CCHHBCMG_01638","HDHBLALJ_01635","NFMMKAFD_01647","HIOKELPH_01663","DOCPNFPP_01624"
"fliI","","Flagellum-specific ATP synthase","6","6","1","3","502","","","","1385","1385","1385","OBHBHFCO_01235","CCHHBCMG_01641","HDHBLALJ_01632","NFMMKAFD_01644","HIOKELPH_01660","DOCPNFPP_01621"
"purM","","Phosphoribosylformylglycinamidine cyclo-ligase","6","6","1","1","137","","","","989","989","989","OBHBHFCO_01236","CCHHBCMG_00934","HDHBLALJ_01295","NFMMKAFD_01352","HIOKELPH_00936","DOCPNFPP_00819"
"aspA","","Aspartate ammonia-lyase","6","6","1","2","587","","","","1406","1406","1406","OBHBHFCO_01283","CCHHBCMG_01545","HDHBLALJ_01191","NFMMKAFD_01438","HIOKELPH_01498","DOCPNFPP_01002"
"obg","","GTPase Obg","6","6","1","2","599","","","","1037","1055","1046","OBHBHFCO_01290","CCHHBCMG_01536","HDHBLALJ_01184","NFMMKAFD_01429","HIOKELPH_01491","DOCPNFPP_00995"
"nhaA_1","","Na(+)/H(+) antiporter NhaA","6","6","1","2","350","","","","1169","1169","1169","OBHBHFCO_01301","CCHHBCMG_01220","HDHBLALJ_01173","NFMMKAFD_00786","HIOKELPH_01480","DOCPNFPP_00984"
"group_410","","Nucleoid-associated protein","6","6","1","2","328","","","","305","311","307","OBHBHFCO_01313","CCHHBCMG_01208","HDHBLALJ_01161","NFMMKAFD_00774","HIOKELPH_01468","DOCPNFPP_00972"
"group_412","","hypothetical protein","6","6","1","1","1209","","","","218","1523","653","OBHBHFCO_01360","CCHHBCMG_00631","HDHBLALJ_00112","NFMMKAFD_01849","HIOKELPH_00508","DOCPNFPP_00383"
"exoA","","Exodeoxyribonuclease","6","6","1","3","355","","","","758","758","758","OBHBHFCO_01368","CCHHBCMG_01690","HDHBLALJ_00878","NFMMKAFD_01594","HIOKELPH_01619","DOCPNFPP_01613"
"rplT","","50S ribosomal protein L20","6","6","1","3","363","","","","353","359","354","OBHBHFCO_01376","CCHHBCMG_01679","HDHBLALJ_00870","NFMMKAFD_01603","HIOKELPH_01627","DOCPNFPP_01605"
"iscS","","Cysteine desulfurase IscS","6","6","1","3","368","","","","1181","1181","1181","OBHBHFCO_01379","CCHHBCMG_01675","HDHBLALJ_00867","NFMMKAFD_01607","HIOKELPH_01630","DOCPNFPP_01602"
"frr","","Ribosome-recycling factor","6","6","1","3","378","","","","557","557","557","OBHBHFCO_01385","CCHHBCMG_01669","HDHBLALJ_00861","NFMMKAFD_01613","HIOKELPH_01636","DOCPNFPP_01596"
"nrdB","","Ribonucleoside-diphosphate reductase subunit beta","6","6","1","3","396","","","","1022","1022","1022","OBHBHFCO_01388","CCHHBCMG_01666","HDHBLALJ_00858","NFMMKAFD_01616","HIOKELPH_01639","DOCPNFPP_01593"
"infC","","Translation initiation factor IF-3","6","6","1","3","531","","","","518","518","518","OBHBHFCO_01397","CCHHBCMG_01653","HDHBLALJ_00849","NFMMKAFD_01632","HIOKELPH_01648","DOCPNFPP_01584"
"yojI","","ABC transporter ATP-binding/permease protein YojI","6","6","1","2","245","","","","1625","1631","1630","OBHBHFCO_01403","CCHHBCMG_01150","HDHBLALJ_01088","NFMMKAFD_00658","HIOKELPH_01589","DOCPNFPP_00897"
"ndhC","","NAD(P)H-quinone oxidoreductase subunit 3, chloroplastic","6","6","1","2","228","","","","389","389","389","OBHBHFCO_01411","CCHHBCMG_01137","HDHBLALJ_01080","NFMMKAFD_00650","HIOKELPH_01598","DOCPNFPP_00889"
"nuoD","","NADH-quinone oxidoreductase subunit D","6","6","1","2","224","","","","1226","1226","1226","OBHBHFCO_01414","CCHHBCMG_01134","HDHBLALJ_01077","NFMMKAFD_00647","HIOKELPH_01601","DOCPNFPP_00886"
"hup","","DNA-binding protein HU","6","6","1","1","1141","","","","290","296","292","OBHBHFCO_01431","CCHHBCMG_00759","HDHBLALJ_00202","NFMMKAFD_00942","HIOKELPH_00423","DOCPNFPP_00293"
"prs","","Ribose-phosphate pyrophosphokinase","6","6","1","1","1146","","","","929","929","929","OBHBHFCO_01435","CCHHBCMG_00754","HDHBLALJ_00206","NFMMKAFD_00937","HIOKELPH_00419","DOCPNFPP_00289"
"glnQ_2","","Glutamine transport ATP-binding protein GlnQ","6","6","1","1","1152","","","","728","728","728","OBHBHFCO_01439","CCHHBCMG_00750","HDHBLALJ_00210","NFMMKAFD_00933","HIOKELPH_00415","DOCPNFPP_00285"
"group_430","","hypothetical protein","6","6","1","1","1318","","","","332","332","332","OBHBHFCO_01443","CCHHBCMG_00746","HDHBLALJ_00214","NFMMKAFD_00929","HIOKELPH_00411","DOCPNFPP_00281"
"group_432","","hypothetical protein","6","6","1","1","2086","","","","725","725","725","OBHBHFCO_01494","CCHHBCMG_01116","HDHBLALJ_01626","NFMMKAFD_01582","HIOKELPH_01093","DOCPNFPP_00652"
"group_433","","hypothetical protein","6","6","1","1","2100","","","","338","338","338","OBHBHFCO_01495","CCHHBCMG_01115","HDHBLALJ_01625","NFMMKAFD_01581","HIOKELPH_01092","DOCPNFPP_00653"
"mnmA_2","","tRNA-specific 2-thiouridylase MnmA","6","6","1","2","522","","","","1016","1016","1016","OBHBHFCO_01512","CCHHBCMG_01577","HDHBLALJ_01223","NFMMKAFD_01472","HIOKELPH_01529","DOCPNFPP_01037"
"pglC","","Undecaprenyl phosphate N,N'-diacetylbacillosamine 1-phosphate transferase","6","6","1","1","1556","","","","602","602","602","OBHBHFCO_01560","CCHHBCMG_00203","HDHBLALJ_00383","NFMMKAFD_00208","HIOKELPH_00241","DOCPNFPP_00112"
"rimO","","Ribosomal protein S12 methylthiotransferase RimO","6","6","1","1","2236","","","","1319","1319","1319","OBHBHFCO_01613","CCHHBCMG_01019","HDHBLALJ_01376","NFMMKAFD_01281","HIOKELPH_01009","DOCPNFPP_00746"
"flhA","","Flagellar biosynthesis protein FlhA","6","6","1","1","1083","","","","2174","2177","2176","OBHBHFCO_01627","CCHHBCMG_00790","HDHBLALJ_00164","NFMMKAFD_00973","HIOKELPH_00461","DOCPNFPP_00331"
"rpsO","","30S ribosomal protein S15","6","6","1","1","1086","","","","272","272","272","OBHBHFCO_01629","CCHHBCMG_00788","HDHBLALJ_00162","NFMMKAFD_00971","HIOKELPH_00463","DOCPNFPP_00333"
"legF_2","","CMP-N,N'-diacetyllegionaminic acid synthase","6","6","1","1","616","","","","698","698","698","OBHBHFCO_01660","CCHHBCMG_00024","HDHBLALJ_01694","NFMMKAFD_00018","HIOKELPH_00023","DOCPNFPP_01697"
"hisH_2","","Imidazole glycerol phosphate synthase subunit HisH","6","6","1","1","612","","","","359","605","564","OBHBHFCO_01666","CCHHBCMG_00020","HDHBLALJ_01698","NFMMKAFD_00014","HIOKELPH_00019","DOCPNFPP_01693"
"group_461","","hypothetical protein","6","6","1","1","610","","","","860","1136","1090","OBHBHFCO_01667","CCHHBCMG_00019","HDHBLALJ_01699","NFMMKAFD_00013","HIOKELPH_00017","DOCPNFPP_01692"
"fabG","","3-oxoacyl-[acyl-carrier-protein] reductase FabG","6","6","1","1","410","","","","743","743","743","OBHBHFCO_01684","CCHHBCMG_00334","HDHBLALJ_00829","NFMMKAFD_00336","HIOKELPH_00895","DOCPNFPP_00640"
"group_464","","hypothetical protein","6","6","1","1","2119","","","","410","410","410","OBHBHFCO_01689","CCHHBCMG_01097","HDHBLALJ_01610","NFMMKAFD_01562","HIOKELPH_01077","DOCPNFPP_00668"
"fumC","","Fumarate hydratase class II","6","6","1","1","2131","","","","1391","1391","1391","OBHBHFCO_01692","CCHHBCMG_01094","HDHBLALJ_01607","NFMMKAFD_01559","HIOKELPH_01074","DOCPNFPP_00671"
"group_47","","hypothetical protein","6","6","1","1","2162","","","","341","1340","1173","OBHBHFCO_01158","CCHHBCMG_01068","HDHBLALJ_01579","NFMMKAFD_01528","HIOKELPH_01046","DOCPNFPP_00699"
"COQ3_1","","hypothetical protein","6","6","1","1","637","","","","893","893","893","OBHBHFCO_01708","CCHHBCMG_00041","HDHBLALJ_00567","NFMMKAFD_00033","HIOKELPH_00041","DOCPNFPP_01493"
"rmd","","GDP-6-deoxy-D-mannose reductase","6","6","1","1","608","","","","971","992","981","OBHBHFCO_01714","CCHHBCMG_00017","HDHBLALJ_01703","NFMMKAFD_00011","HIOKELPH_00014","DOCPNFPP_01689"
"dltA","","D-alanine--D-alanyl carrier protein ligase","6","6","1","1","626","","","","1508","1508","1508","OBHBHFCO_01738","CCHHBCMG_00034","HDHBLALJ_01686","NFMMKAFD_00027","HIOKELPH_00032","DOCPNFPP_01705"
"murC","","UDP-N-acetylmuramate--L-alanine ligase","6","6","1","1","1450","","","","1295","1298","1296","OBHBHFCO_00332","CCHHBCMG_00270","HDHBLALJ_00308","NFMMKAFD_00276","HIOKELPH_00317","DOCPNFPP_00187"
"flaB","","Flagellin B","6","6","1","1","579","","","","272","1724","695","OBHBHFCO_01736","CCHHBCMG_00001","HDHBLALJ_01722","NFMMKAFD_01863","HIOKELPH_00001","DOCPNFPP_01712"
"sphX","","Protein SphX","6","6","1","1","1873","","","","995","995","995","OBHBHFCO_00104","CCHHBCMG_00508","HDHBLALJ_00676","NFMMKAFD_00505","HIOKELPH_00730","DOCPNFPP_00488"
"dapE","","Succinyl-diaminopimelate desuccinylase","6","6","1","1","1442","","","","1097","1100","1099","OBHBHFCO_00326","CCHHBCMG_00275","HDHBLALJ_00302","NFMMKAFD_00282","HIOKELPH_00323","DOCPNFPP_00193"
"cobB","","NAD-dependent protein deacylase","6","6","1","1","1446","","","","701","701","701","OBHBHFCO_00328","CCHHBCMG_00273","HDHBLALJ_00304","NFMMKAFD_00280","HIOKELPH_00321","DOCPNFPP_00191"
"group_65","","hypothetical protein","6","6","1","3","109","","","","473","545","531","OBHBHFCO_00861","CCHHBCMG_01459","HDHBLALJ_01038","NFMMKAFD_01125","HIOKELPH_01255","DOCPNFPP_01081"
"mco","","Multicopper oxidase mco","6","6","1","1","149","","","","1541","1541","1541","OBHBHFCO_00960","CCHHBCMG_00958","HDHBLALJ_01312","NFMMKAFD_01342","HIOKELPH_00945","DOCPNFPP_00810"
"ttcA","","tRNA-cytidine(32) 2-sulfurtransferase","6","6","1","2","449","","","","755","761","756","OBHBHFCO_00732","CCHHBCMG_01514","HDHBLALJ_01518","NFMMKAFD_01407","HIOKELPH_01405","DOCPNFPP_01258"
"group_691","","hypothetical protein","6","6","1","2","452","","","Hypothetical protein with no hits to refseq/uniprot/clusters/cdd/tigrfams/pfam overlapping another protein with hits","569","578","572","OBHBHFCO_00735","CCHHBCMG_01517","HDHBLALJ_01515","NFMMKAFD_01410","HIOKELPH_01402","DOCPNFPP_01261"
"dcuA","","Anaerobic C4-dicarboxylate transporter DcuA","6","6","1","2","590","","","","1328","1337","1334","OBHBHFCO_01284","CCHHBCMG_01544","HDHBLALJ_01190","NFMMKAFD_01437","HIOKELPH_01497","DOCPNFPP_01001"
"pgtP_1","","Phosphoglycerate transporter protein","6","6","1","3","293","","","","134","1295","492","OBHBHFCO_00667","CCHHBCMG_01353","HDHBLALJ_00926","NFMMKAFD_01235","HIOKELPH_01142","DOCPNFPP_01193"
"feoB","","Fe(2+) transporter FeoB","6","6","1","1","2164","","","","653","1841","1643","OBHBHFCO_01160","CCHHBCMG_01066","HDHBLALJ_01577","NFMMKAFD_01526","HIOKELPH_01044","DOCPNFPP_00701"
"group_78","","hypothetical protein","6","6","1","3","487","","","","1199","1220","1212","OBHBHFCO_01218","CCHHBCMG_01627","HDHBLALJ_01649","NFMMKAFD_01657","HIOKELPH_01678","DOCPNFPP_01638"
"tig","","Trigger factor","6","6","1","3","499","","","","1325","1373","1336","OBHBHFCO_01233","CCHHBCMG_01639","HDHBLALJ_01634","NFMMKAFD_01646","HIOKELPH_01662","DOCPNFPP_01623"
"group_83","","putative HTH-type transcriptional regulator","6","6","1","1","81","","","","350","458","420","OBHBHFCO_01636","CCHHBCMG_00905","HDHBLALJ_01243","NFMMKAFD_01381","HIOKELPH_00899","DOCPNFPP_00872"
"group_84","","hypothetical protein","6","6","1","1","633","","","","221","221","221","OBHBHFCO_01712","CCHHBCMG_00037","HDHBLALJ_00571","NFMMKAFD_00029","HIOKELPH_00037","DOCPNFPP_01489"
"flaA","","Flagellin A","6","6","1","1","578","","","","272","1724","685","OBHBHFCO_01739","CCHHBCMG_01721","HDHBLALJ_01723","NFMMKAFD_01870","HIOKELPH_01735","DOCPNFPP_01715"
"group_98","","hypothetical protein","6","6","1","1","237","","","","719","1325","1224","OBHBHFCO_00008","CCHHBCMG_00620","HDHBLALJ_00580","NFMMKAFD_00617","HIOKELPH_00625","DOCPNFPP_00392"
"fliY","","L-cystine-binding protein FliY","5","5","1","1","1023","23","13","","770","770","770","OBHBHFCO_00445","","HDHBLALJ_00068","NFMMKAFD_01031","HIOKELPH_00551","DOCPNFPP_01421"
"hrcA","","Heat-inducible transcription repressor HrcA","5","5","1","1","926","74","2","","791","791","791","OBHBHFCO_00508","","HDHBLALJ_00005","NFMMKAFD_01093","HIOKELPH_00614","DOCPNFPP_01484"
"mdtJ","","Spermidine export protein MdtJ","5","5","1","1","1637","155","1","","341","341","341","OBHBHFCO_00539","CCHHBCMG_00161","HDHBLALJ_00422","NFMMKAFD_00159","","DOCPNFPP_00073"
"cirA_2","","Colicin I receptor","5","5","1","1","925","74","3","","2090","2090","2090","OBHBHFCO_00509","","HDHBLALJ_00004","NFMMKAFD_01094","HIOKELPH_00615","DOCPNFPP_01485"
"group_12","","hypothetical protein","5","5","1","2","530","36","19","","248","854","660","OBHBHFCO_01545","CCHHBCMG_01573","HDHBLALJ_01218","","HIOKELPH_01525","DOCPNFPP_01029"
"group_1210","","hypothetical protein","5","5","1","3","270","10","23","","686","686","686","OBHBHFCO_00655","","HDHBLALJ_00938","NFMMKAFD_01223","HIOKELPH_01154","DOCPNFPP_01181"
"group_1211","","hypothetical protein","5","5","1","3","267","10","20","","668","668","668","OBHBHFCO_00658","","HDHBLALJ_00935","NFMMKAFD_01226","HIOKELPH_01151","DOCPNFPP_01184"
"group_1212","","Beta-lactamase OXA-133","5","5","1","3","265","10","18","","773","773","773","OBHBHFCO_00660","","HDHBLALJ_00933","NFMMKAFD_01228","HIOKELPH_01149","DOCPNFPP_01186"
"panB","","3-methyl-2-oxobutanoate hydroxymethyltransferase","5","5","1","3","264","10","17","","824","824","824","OBHBHFCO_00661","","HDHBLALJ_00932","NFMMKAFD_01229","HIOKELPH_01148","DOCPNFPP_01187"
"panC","","Pantothenate synthetase","5","5","1","3","263","10","16","","848","848","848","OBHBHFCO_00662","","HDHBLALJ_00931","NFMMKAFD_01230","HIOKELPH_01147","DOCPNFPP_01188"
"panD","","Aspartate 1-decarboxylase","5","5","1","3","262","10","15","","380","380","380","OBHBHFCO_00663","","HDHBLALJ_00930","NFMMKAFD_01231","HIOKELPH_01146","DOCPNFPP_01189"
"bioF","","8-amino-7-oxononanoate synthase","5","5","1","3","273","10","25","","1142","1142","1142","OBHBHFCO_00653","","HDHBLALJ_00940","NFMMKAFD_01221","HIOKELPH_01156","DOCPNFPP_01179"
"group_142","","hypothetical protein","5","5","1","2","75","63","2","","599","599","599","OBHBHFCO_01098","","HDHBLALJ_01431","NFMMKAFD_00875","HIOKELPH_01318","DOCPNFPP_01345"
"yeeD","","Putative sulfur carrier protein YeeD","5","5","1","2","73","63","4","","221","221","221","OBHBHFCO_01100","","HDHBLALJ_01429","NFMMKAFD_00877","HIOKELPH_01316","DOCPNFPP_01347"
"group_1510","","hypothetical protein","5","5","1","2","72","63","5","","1034","1040","1036","OBHBHFCO_01101","","HDHBLALJ_01428","NFMMKAFD_00878","HIOKELPH_01315","DOCPNFPP_01348"
"metY","","O-acetyl-L-homoserine sulfhydrylase","5","5","1","2","71","63","10","","1271","1271","1271","OBHBHFCO_01102","","HDHBLALJ_01427","NFMMKAFD_00879","HIOKELPH_01314","DOCPNFPP_01349"
"fabH_1","","3-oxoacyl-[acyl-carrier-protein] synthase 3","5","5","1","1","563","55","6","","143","1025","809","OBHBHFCO_01658","CCHHBCMG_00026","HDHBLALJ_01692","","HIOKELPH_00025","DOCPNFPP_01699"
"group_1715","","hypothetical protein","5","5","1","2","194","30","15","","2771","2777","2775","OBHBHFCO_01405","","HDHBLALJ_01086","NFMMKAFD_00656","HIOKELPH_01592","DOCPNFPP_00895"
"group_1722","","hypothetical protein","5","5","1","2","222","17","11","","692","692","692","OBHBHFCO_01416","CCHHBCMG_01132","HDHBLALJ_01075","NFMMKAFD_00645","","DOCPNFPP_00884"
"group_178","","hypothetical protein","5","5","1","1","580","12","2","Hypothetical protein with no hits to refseq/uniprot/clusters/cdd/tigrfams/pfam overlapping another protein with hits","1649","1907","1855","OBHBHFCO_01737","CCHHBCMG_00002","HDHBLALJ_01721","NFMMKAFD_01864","","DOCPNFPP_01713"
"group_1904","","hypothetical protein","5","5","1","1","560","55","10","","227","227","227","OBHBHFCO_01654","CCHHBCMG_00029","HDHBLALJ_01689","","HIOKELPH_00028","DOCPNFPP_01702"
"group_1905","","hypothetical protein","5","5","1","1","561","55","9","","716","716","716","OBHBHFCO_01655","CCHHBCMG_00028","HDHBLALJ_01690","","HIOKELPH_00027","DOCPNFPP_01701"
"group_1906","","hypothetical protein","5","5","1","1","562","55","8","","305","305","305","OBHBHFCO_01656","CCHHBCMG_00027","HDHBLALJ_01691","","HIOKELPH_00026","DOCPNFPP_01700"
"adhA","","putative formaldehyde dehydrogenase AdhA","5","5","1","1","119","1","84","","1076","1079","1076","OBHBHFCO_01272","CCHHBCMG_00916","HDHBLALJ_01259","","HIOKELPH_00914","DOCPNFPP_00855"
"legI","","N,N'-diacetyllegionaminic acid synthase","5","5","1","1","595","12","19","","1004","1004","1004","OBHBHFCO_01698","CCHHBCMG_00011","HDHBLALJ_01712","NFMMKAFD_00008","","DOCPNFPP_01680"
"legG","","GDP/UDP-N,N'-diacetylbacillosamine 2-epimerase (hydrolyzing)","5","5","1","1","590","12","20","","1154","1154","1154","OBHBHFCO_01699","CCHHBCMG_00010","HDHBLALJ_01713","NFMMKAFD_00007","","DOCPNFPP_01679"
"legF_1","","CMP-N,N'-diacetyllegionaminic acid synthase","5","5","1","1","586","12","8","","707","707","707","OBHBHFCO_01702","CCHHBCMG_00007","HDHBLALJ_01716","NFMMKAFD_00004","","DOCPNFPP_01676"
"bacC","","Dihydroanticapsin 7-dehydrogenase","5","5","1","1","585","12","7","","770","770","770","OBHBHFCO_01703","CCHHBCMG_00006","HDHBLALJ_01717","NFMMKAFD_00003","","DOCPNFPP_01675"
"epsN","","Putative pyridoxal phosphate-dependent aminotransferase EpsN","5","5","1","1","597","12","12","","1145","1154","1152","OBHBHFCO_01715","CCHHBCMG_00016","HDHBLALJ_01704","NFMMKAFD_00010","","DOCPNFPP_01688"
"group_1942","","hypothetical protein","5","5","1","1","583","12","5","","1880","1880","1880","OBHBHFCO_01734","CCHHBCMG_00004","HDHBLALJ_01719","NFMMKAFD_00001","","DOCPNFPP_01710"
"pseH","","UDP-4-amino-4,6-dideoxy-N-acetyl-beta-L-altrosamine N-acetyltransferase","5","5","1","1","614","154","1","","473","473","473","","CCHHBCMG_00022","HDHBLALJ_01696","NFMMKAFD_00016","HIOKELPH_00021","DOCPNFPP_01695"
"group_268","","hypothetical protein","5","5","1","1","924","74","4","","683","698","695","OBHBHFCO_00510","","HDHBLALJ_00003","NFMMKAFD_01095","HIOKELPH_00616","DOCPNFPP_01486"
"hldD","","ADP-L-glycero-D-manno-heptose-6-epimerase","5","5","1","1","1612","43","11","","953","953","953","OBHBHFCO_00522","CCHHBCMG_00181","HDHBLALJ_00405","NFMMKAFD_00179","","DOCPNFPP_00090"
"group_29","","Putative polysaccharide biosynthesis protein with aminopeptidase-like domain protein","5","5","1","1","642","102","5","","938","1316","1163","","CCHHBCMG_00044","HDHBLALJ_00564","NFMMKAFD_00037","HIOKELPH_00044","DOCPNFPP_01496"
"bioA","","Adenosylmethionine-8-amino-7-oxononanoate aminotransferase","5","5","1","3","274","10","1","","1274","1283","1281","OBHBHFCO_00652","","HDHBLALJ_00941","NFMMKAFD_01220","HIOKELPH_01158","DOCPNFPP_01178"
"group_294","","putative protein","5","5","1","3","271","10","24","","611","611","611","OBHBHFCO_00654","","HDHBLALJ_00939","NFMMKAFD_01222","HIOKELPH_01155","DOCPNFPP_01180"
"modA","","Molybdate-binding protein ModA","5","5","1","3","269","10","22","","749","749","749","OBHBHFCO_00656","","HDHBLALJ_00937","NFMMKAFD_01224","HIOKELPH_01153","DOCPNFPP_01182"
"group_296","","hypothetical protein","5","5","1","3","268","10","21","","401","401","401","OBHBHFCO_00657","","HDHBLALJ_00936","NFMMKAFD_01225","HIOKELPH_01152","DOCPNFPP_01183"
"btuD_2","","Vitamin B12 import ATP-binding protein BtuD","5","5","1","3","266","10","19","","884","884","884","OBHBHFCO_00659","","HDHBLALJ_00934","NFMMKAFD_01227","HIOKELPH_01150","DOCPNFPP_01185"
"yafP","","putative N-acetyltransferase YafP","5","5","1","3","261","10","14","","452","458","454","OBHBHFCO_00664","","HDHBLALJ_00929","NFMMKAFD_01232","HIOKELPH_01145","DOCPNFPP_01190"
"tcdA","","tRNA threonylcarbamoyladenosine dehydratase","5","5","1","3","286","10","12","","656","656","656","OBHBHFCO_00665","CCHHBCMG_01355","HDHBLALJ_00928","NFMMKAFD_01233","","DOCPNFPP_01191"
"group_31","","hypothetical protein","5","5","1","2","537","36","18","","431","599","565","OBHBHFCO_01544","CCHHBCMG_01572","HDHBLALJ_01217","NFMMKAFD_01466","","DOCPNFPP_01028"
"folP","","Bifunctional dihydropteroate synthase/dihydropteroate reductase","5","5","1","1","1827","2","85","","1142","1169","1152","OBHBHFCO_00915","CCHHBCMG_00478","HDHBLALJ_00535","","HIOKELPH_00073","DOCPNFPP_01525"
"metAA1","","Homoserine O-acetyltransferase 1","5","5","1","2","74","63","3","","881","881","881","OBHBHFCO_01099","","HDHBLALJ_01430","NFMMKAFD_00876","HIOKELPH_01317","DOCPNFPP_01346"
"exbD_2","","Biopolymer transport protein ExbD","5","5","1","3","417","32","10","","410","410","410","OBHBHFCO_01216","","HDHBLALJ_01651","NFMMKAFD_01659","HIOKELPH_01680","DOCPNFPP_01640"
"vhb","","Bacterial hemoglobin","5","5","1","2","240","30","14","","422","422","422","OBHBHFCO_01404","CCHHBCMG_01149","HDHBLALJ_01087","NFMMKAFD_00657","","DOCPNFPP_00896"
"group_458","","hypothetical protein","5","5","1","1","557","55","1","","431","725","666","OBHBHFCO_01651","CCHHBCMG_00033","HDHBLALJ_01687","","HIOKELPH_00031","DOCPNFPP_01704"
"cugP","","UTP--glucose-1-phosphate uridylyltransferase","5","5","1","1","589","12","22","","1025","1025","1025","OBHBHFCO_01700","CCHHBCMG_00009","HDHBLALJ_01714","NFMMKAFD_00006","","DOCPNFPP_01678"
"group_49","","hypothetical protein","5","5","1","2","510","35","11","","452","1871","1587","OBHBHFCO_01516","CCHHBCMG_01583","HDHBLALJ_01230","NFMMKAFD_01477","HIOKELPH_01532",""
"dcuD_2","","Putative cryptic C4-dicarboxylate transporter DcuD","5","5","1","1","47","1","118","","182","1523","1016","OBHBHFCO_01732","","HDHBLALJ_01297","NFMMKAFD_01349","HIOKELPH_00938","DOCPNFPP_00817"
"group_61","","IS200/IS605 family transposase ISCco1","5","5","1","1","923","74","8","","383","815","503","OBHBHFCO_00511","","HDHBLALJ_00002","NFMMKAFD_01096","HIOKELPH_00617","DOCPNFPP_01487"
"group_71","dcuD_2","Putative cryptic C4-dicarboxylate transporter DcuD","5","5","1","1","2157","38","9","","758","1439","1302","OBHBHFCO_01155","","HDHBLALJ_01582","NFMMKAFD_01533","HIOKELPH_01049","DOCPNFPP_00696"
"group_740","","putative phosphatase","5","5","1","1","229","34","11","","638","638","638","OBHBHFCO_00002","","HDHBLALJ_00575","NFMMKAFD_00623","HIOKELPH_00620","DOCPNFPP_00386"
"btuD_1","","Vitamin B12 import ATP-binding protein BtuD","5","5","1","1","230","34","12","","989","989","989","OBHBHFCO_00003","","HDHBLALJ_00576","NFMMKAFD_00622","HIOKELPH_00621","DOCPNFPP_00387"
"group_742","","hypothetical protein","5","5","1","1","231","34","13","","779","779","779","OBHBHFCO_00004","","HDHBLALJ_00577","NFMMKAFD_00621","HIOKELPH_00622","DOCPNFPP_00388"
"group_743","","hypothetical protein","5","5","1","1","239","94","4","","1046","1046","1046","OBHBHFCO_00009","","HDHBLALJ_00581","NFMMKAFD_00616","HIOKELPH_00626","DOCPNFPP_00393"
"metC","","Cystathionine beta-lyase","5","5","1","1","2159","38","1","","575","1163","1045","OBHBHFCO_01156","","HDHBLALJ_01581","NFMMKAFD_01531","HIOKELPH_01048","DOCPNFPP_00697"
"nrgA","","Ammonium transporter","5","5","1","1","488","5","32","","1235","1235","1235","OBHBHFCO_00197","","HDHBLALJ_00769","NFMMKAFD_00396","HIOKELPH_00822","DOCPNFPP_00580"
"selU","","tRNA 2-selenouridine synthase","5","5","1","1","487","5","31","","998","998","998","OBHBHFCO_00198","","HDHBLALJ_00770","NFMMKAFD_00395","HIOKELPH_00823","DOCPNFPP_00581"
"group_877","","AP-4-A phosphorylase","5","5","1","1","486","5","30","","485","485","485","OBHBHFCO_00199","","HDHBLALJ_00771","NFMMKAFD_00394","HIOKELPH_00824","DOCPNFPP_00582"
"trpC_1","","Indole-3-glycerol phosphate synthase","5","5","1","1","485","5","29","","776","776","776","OBHBHFCO_00200","","HDHBLALJ_00772","NFMMKAFD_00393","HIOKELPH_00825","DOCPNFPP_00583"
"group_1000","","Sulfoquinovose 1-dehydrogenase","4","4","1","1","749","14","18","","404","404","404","OBHBHFCO_00379","","HDHBLALJ_00355","","HIOKELPH_00269","DOCPNFPP_00140"
"group_1001","","hypothetical protein","4","4","1","1","750","14","19","","218","218","218","OBHBHFCO_00380","","HDHBLALJ_00356","","HIOKELPH_00268","DOCPNFPP_00139"
"group_1002","","hypothetical protein","4","4","1","1","751","14","20","","1148","1148","1148","OBHBHFCO_00381","","HDHBLALJ_00357","","HIOKELPH_00267","DOCPNFPP_00138"
"metK","","S-adenosylmethionine synthase","4","4","1","1","752","14","21","","1199","1199","1199","OBHBHFCO_00382","","HDHBLALJ_00358","","HIOKELPH_00266","DOCPNFPP_00137"
"sstT","","Serine/threonine transporter SstT","4","4","1","1","753","14","22","","1223","1223","1223","OBHBHFCO_00383","","HDHBLALJ_00359","","HIOKELPH_00265","DOCPNFPP_00136"
"pyrB","","Aspartate carbamoyltransferase","4","4","1","1","754","14","23","","881","881","881","OBHBHFCO_00384","","HDHBLALJ_00360","","HIOKELPH_00264","DOCPNFPP_00135"
"group_1006","","hypothetical protein","4","4","1","1","756","14","15","","437","437","437","OBHBHFCO_00386","","HDHBLALJ_00362","","HIOKELPH_00262","DOCPNFPP_00133"
"pcrA","","ATP-dependent DNA helicase PcrA","4","4","1","1","757","14","14","","2060","2060","2060","OBHBHFCO_00387","","HDHBLALJ_00363","","HIOKELPH_00261","DOCPNFPP_00132"
"truB","","tRNA pseudouridine synthase B","4","4","1","1","758","14","13","","818","818","818","OBHBHFCO_00388","","HDHBLALJ_00364","","HIOKELPH_00260","DOCPNFPP_00131"
"csrA","","Translational regulator CsrA","4","4","1","1","759","14","12","","227","227","227","OBHBHFCO_00389","","HDHBLALJ_00365","","HIOKELPH_00259","DOCPNFPP_00130"
"ispE","","4-diphosphocytidyl-2-C-methyl-D-erythritol kinase","4","4","1","1","760","14","11","","770","770","770","OBHBHFCO_00390","","HDHBLALJ_00366","","HIOKELPH_00258","DOCPNFPP_00129"
"smpB","","SsrA-binding protein","4","4","1","1","761","14","10","","452","452","452","OBHBHFCO_00391","","HDHBLALJ_00367","","HIOKELPH_00257","DOCPNFPP_00128"
"group_1012","","hypothetical protein","4","4","1","1","762","14","9","","605","605","605","OBHBHFCO_00392","","HDHBLALJ_00368","","HIOKELPH_00256","DOCPNFPP_00127"
"clpS","","ATP-dependent Clp protease adapter protein ClpS","4","4","1","1","763","14","8","","290","290","290","OBHBHFCO_00393","","HDHBLALJ_00369","","HIOKELPH_00255","DOCPNFPP_00126"
"clpA","","ATP-dependent Clp protease ATP-binding subunit ClpA","4","4","1","1","764","14","7","","2117","2117","2117","OBHBHFCO_00394","","HDHBLALJ_00370","","HIOKELPH_00254","DOCPNFPP_00125"
"aat","","Leucyl/phenylalanyl-tRNA--protein transferase","4","4","1","1","765","14","6","","653","653","653","OBHBHFCO_00395","","HDHBLALJ_00371","","HIOKELPH_00253","DOCPNFPP_00124"
"group_1016","","hypothetical protein","4","4","1","1","766","14","5","","638","638","638","OBHBHFCO_00396","","HDHBLALJ_00372","","HIOKELPH_00252","DOCPNFPP_00123"
"msrB","","Peptide methionine sulfoxide reductase MsrB","4","4","1","1","767","14","4","","356","356","356","OBHBHFCO_00397","","HDHBLALJ_00373","","HIOKELPH_00251","DOCPNFPP_00122"
"group_1018","","hypothetical protein","4","4","1","1","768","14","3","","797","797","797","OBHBHFCO_00398","","HDHBLALJ_00374","","HIOKELPH_00250","DOCPNFPP_00121"
"group_1019","","hypothetical protein","4","4","1","1","769","14","2","","725","725","725","OBHBHFCO_00399","","HDHBLALJ_00375","","HIOKELPH_00249","DOCPNFPP_00120"
"psd_1","","Phosphatidylserine decarboxylase proenzyme","4","4","1","1","770","14","1","","614","614","614","OBHBHFCO_00400","","HDHBLALJ_00376","","HIOKELPH_00248","DOCPNFPP_00119"
"prmA","","Ribosomal protein L11 methyltransferase","4","4","1","1","775","101","2","","848","848","848","OBHBHFCO_00402","","HDHBLALJ_00378","","HIOKELPH_00246","DOCPNFPP_00117"
"cheY","","Chemotaxis protein CheY ","4","4","1","1","774","101","3","","392","392","392","OBHBHFCO_00403","","HDHBLALJ_00379","","HIOKELPH_00245","DOCPNFPP_00116"
"group_1023","","hypothetical protein","4","4","1","1","1189","39","9","","1322","1322","1322","OBHBHFCO_00404","","HDHBLALJ_00109","","HIOKELPH_00511","DOCPNFPP_01380"
"znuA","","High-affinity zinc uptake system binding-protein ZnuA","4","4","1","1","1188","39","10","","869","869","869","OBHBHFCO_00405","","HDHBLALJ_00108","","HIOKELPH_00512","DOCPNFPP_01381"
"group_1025","","hypothetical protein","4","4","1","1","1187","39","11","","344","344","344","OBHBHFCO_00406","","HDHBLALJ_00107","","HIOKELPH_00513","DOCPNFPP_01382"
"lepB","","Signal peptidase I","4","4","1","1","1186","39","12","","848","848","848","OBHBHFCO_00407","","HDHBLALJ_00106","","HIOKELPH_00514","DOCPNFPP_01383"
"folD","","Bifunctional protein FolD protein","4","4","1","1","1185","39","13","","857","857","857","OBHBHFCO_00408","","HDHBLALJ_00105","","HIOKELPH_00515","DOCPNFPP_01384"
"group_1028","","hypothetical protein","4","4","1","1","1184","39","6","","347","347","347","OBHBHFCO_00409","","HDHBLALJ_00104","","HIOKELPH_00516","DOCPNFPP_01385"
"hemL1","","Glutamate-1-semialdehyde 2,1-aminomutase 1","4","4","1","1","861","39","5","","1274","1274","1274","OBHBHFCO_00410","","HDHBLALJ_00103","","HIOKELPH_00517","DOCPNFPP_01386"
"mnmC","","tRNA 5-methylaminomethyl-2-thiouridine biosynthesis bifunctional protein MnmC","4","4","1","1","1772","13","3","","1436","1835","1735","OBHBHFCO_00126","","HDHBLALJ_00698","","HIOKELPH_00752","DOCPNFPP_00510"
"group_1030","","hypothetical protein","4","4","1","1","862","39","4","","305","305","305","OBHBHFCO_00411","","HDHBLALJ_00102","","HIOKELPH_00518","DOCPNFPP_01387"
"group_1031","","hypothetical protein","4","4","1","1","863","39","3","","503","503","503","OBHBHFCO_00412","","HDHBLALJ_00101","","HIOKELPH_00519","DOCPNFPP_01388"
"ycaD","","putative MFS-type transporter YcaD","4","4","1","1","864","39","2","","1187","1187","1187","OBHBHFCO_00413","","HDHBLALJ_00100","","HIOKELPH_00520","DOCPNFPP_01389"
"group_1033","","hypothetical protein","4","4","1","1","865","39","1","","2294","2309","2305","OBHBHFCO_00414","","HDHBLALJ_00099","","HIOKELPH_00521","DOCPNFPP_01390"
"psd_2","","Phosphatidylserine decarboxylase proenzyme","4","4","1","1","882","9","23","","800","800","800","OBHBHFCO_00416","","HDHBLALJ_00097","","HIOKELPH_00523","DOCPNFPP_01392"
"cpdA","","3',5'-cyclic adenosine monophosphate phosphodiesterase CpdA","4","4","1","1","881","9","24","","1124","1124","1124","OBHBHFCO_00417","","HDHBLALJ_00096","","HIOKELPH_00524","DOCPNFPP_01393"
"gltX","","Glutamate--tRNA ligase","4","4","1","1","880","9","25","","1295","1295","1295","OBHBHFCO_00418","","HDHBLALJ_00095","","HIOKELPH_00525","DOCPNFPP_01394"
"group_1037","","hypothetical protein","4","4","1","1","879","9","26","","281","281","281","OBHBHFCO_00419","","HDHBLALJ_00094","","HIOKELPH_00526","DOCPNFPP_01395"
"group_1038","","hypothetical protein","4","4","1","1","878","9","22","","1628","1628","1628","OBHBHFCO_00420","","HDHBLALJ_00093","","HIOKELPH_00527","DOCPNFPP_01396"
"group_1039","","hypothetical protein","4","4","1","1","877","9","21","","485","485","485","OBHBHFCO_00421","","HDHBLALJ_00092","","HIOKELPH_00528","DOCPNFPP_01397"
"mobB","","Molybdopterin-guanine dinucleotide biosynthesis adapter protein","4","4","1","1","876","9","20","","494","494","494","OBHBHFCO_00422","","HDHBLALJ_00091","","HIOKELPH_00529","DOCPNFPP_01398"
"fbp","","Fructose-1,6-bisphosphatase class 1","4","4","1","1","875","9","19","","842","842","842","OBHBHFCO_00423","","HDHBLALJ_00090","","HIOKELPH_00530","DOCPNFPP_01399"
"group_1042","","hypothetical protein","4","4","1","1","874","9","18","","197","197","197","OBHBHFCO_00424","","HDHBLALJ_00089","","HIOKELPH_00531","DOCPNFPP_01400"
"metG","","Methionine--tRNA ligase","4","4","1","1","873","9","17","","1886","1886","1886","OBHBHFCO_00425","","HDHBLALJ_00088","","HIOKELPH_00532","DOCPNFPP_01401"
"group_1044","","hypothetical protein","4","4","1","1","872","9","16","","947","947","947","OBHBHFCO_00426","","HDHBLALJ_00087","","HIOKELPH_00533","DOCPNFPP_01402"
"ogt","","Methylated-DNA--protein-cysteine methyltransferase, constitutive","4","4","1","1","871","9","15","","476","476","476","OBHBHFCO_00427","","HDHBLALJ_00086","","HIOKELPH_00534","DOCPNFPP_01403"
"acnB","","Aconitate hydratase B","4","4","1","1","870","9","14","","2546","2546","2546","OBHBHFCO_00428","","HDHBLALJ_00085","","HIOKELPH_00535","DOCPNFPP_01404"
"group_1047","","hypothetical protein","4","4","1","1","869","9","13","","1241","1241","1241","OBHBHFCO_00429","","HDHBLALJ_00084","","HIOKELPH_00536","DOCPNFPP_01405"
"ydfG","","NADP-dependent 3-hydroxy acid dehydrogenase YdfG","4","4","1","1","868","9","12","","749","749","749","OBHBHFCO_00430","","HDHBLALJ_00083","","HIOKELPH_00537","DOCPNFPP_01406"
"group_1049","","hypothetical protein","4","4","1","1","867","9","11","","1730","1730","1730","OBHBHFCO_00431","","HDHBLALJ_00082","","HIOKELPH_00538","DOCPNFPP_01407"
"group_105","","hypothetical protein","4","4","1","1","1794","13","18","","506","1085","940","OBHBHFCO_00149","","HDHBLALJ_00721","","HIOKELPH_00774","DOCPNFPP_00532"
"trmA","","tRNA/tmRNA (uracil-C(5))-methyltransferase","4","4","1","1","866","9","10","","1088","1088","1088","OBHBHFCO_00432","","HDHBLALJ_00081","","HIOKELPH_00539","DOCPNFPP_01408"
"group_1051","","hypothetical protein","4","4","1","1","883","9","9","","410","410","410","OBHBHFCO_00433","","HDHBLALJ_00080","","HIOKELPH_00540","DOCPNFPP_01409"
"yccU","","putative protein YccU","4","4","1","1","884","9","8","","458","458","458","OBHBHFCO_00434","","HDHBLALJ_00079","","HIOKELPH_00541","DOCPNFPP_01410"
"tdcB","","L-threonine ammonia-lyase","4","4","1","1","885","9","7","","1211","1211","1211","OBHBHFCO_00435","","HDHBLALJ_00078","","HIOKELPH_00542","DOCPNFPP_01411"
"truA","","tRNA pseudouridine synthase A","4","4","1","1","886","9","6","","722","722","722","OBHBHFCO_00436","","HDHBLALJ_00077","","HIOKELPH_00543","DOCPNFPP_01412"
"group_1055","","hypothetical protein","4","4","1","1","887","9","5","","1025","1025","1025","OBHBHFCO_00437","","HDHBLALJ_00076","","HIOKELPH_00544","DOCPNFPP_01413"
"group_1056","","hypothetical protein","4","4","1","1","888","9","4","","779","779","779","OBHBHFCO_00438","","HDHBLALJ_00075","","HIOKELPH_00545","DOCPNFPP_01414"
"uppS","","Isoprenyl transferase","4","4","1","1","889","9","3","","668","668","668","OBHBHFCO_00439","","HDHBLALJ_00074","","HIOKELPH_00546","DOCPNFPP_01415"
"group_1058","","hypothetical protein","4","4","1","1","890","9","2","","617","617","617","OBHBHFCO_00440","","HDHBLALJ_00073","","HIOKELPH_00547","DOCPNFPP_01416"
"coaBC","","Coenzyme A biosynthesis bifunctional protein CoaBC","4","4","1","1","891","9","1","","1154","1154","1154","OBHBHFCO_00441","","HDHBLALJ_00072","","HIOKELPH_00548","DOCPNFPP_01417"
"kdsB","","3-deoxy-manno-octulosonate cytidylyltransferase","4","4","1","1","1020","23","16","","719","719","719","OBHBHFCO_00448","","HDHBLALJ_00065","","HIOKELPH_00554","DOCPNFPP_01424"
"thrC","","Threonine synthase","4","4","1","1","1018","23","17","","1412","1412","1412","OBHBHFCO_00449","","HDHBLALJ_00064","","HIOKELPH_00555","DOCPNFPP_01425"
"lpxK","","Tetraacyldisaccharide 4'-kinase","4","4","1","1","1017","23","18","","932","932","932","OBHBHFCO_00450","","HDHBLALJ_00063","","HIOKELPH_00556","DOCPNFPP_01426"
"nadE","","NH(3)-dependent NAD(+) synthetase","4","4","1","1","1016","23","19","","746","746","746","OBHBHFCO_00451","","HDHBLALJ_00062","","HIOKELPH_00557","DOCPNFPP_01427"
"group_1067","","putative protein","4","4","1","1","1015","23","20","","596","596","596","OBHBHFCO_00452","","HDHBLALJ_00061","","HIOKELPH_00558","DOCPNFPP_01428"
"group_1068","","hypothetical protein","4","4","1","1","1007","23","21","","305","305","305","OBHBHFCO_00453","","HDHBLALJ_00060","","HIOKELPH_00559","DOCPNFPP_01429"
"dapA","","4-hydroxy-tetrahydrodipicolinate synthase","4","4","1","1","1006","24","1","","896","896","896","OBHBHFCO_00455","","HDHBLALJ_00058","","HIOKELPH_00561","DOCPNFPP_01431"
"group_1070","","putative zinc protease","4","4","1","1","1005","24","2","","1241","1241","1241","OBHBHFCO_00456","","HDHBLALJ_00057","","HIOKELPH_00562","DOCPNFPP_01432"
"pyrD","","Dihydroorotate dehydrogenase (quinone)","4","4","1","1","1004","24","3","","1058","1058","1058","OBHBHFCO_00457","","HDHBLALJ_00056","","HIOKELPH_00563","DOCPNFPP_01433"
"msbA","","Lipid A export ATP-binding/permease protein MsbA","4","4","1","1","1003","24","17","","1733","1733","1733","OBHBHFCO_00458","","HDHBLALJ_00055","","HIOKELPH_00564","DOCPNFPP_01434"
"cysS","","Cysteine--tRNA ligase","4","4","1","1","1002","24","16","","1382","1382","1382","OBHBHFCO_00459","","HDHBLALJ_00054","","HIOKELPH_00565","DOCPNFPP_01435"
"murJ","","Lipid II flippase MurJ","4","4","1","1","1001","24","15","","1451","1451","1451","OBHBHFCO_00460","","HDHBLALJ_00053","","HIOKELPH_00566","DOCPNFPP_01436"
"group_1075","","hypothetical protein","4","4","1","1","1000","24","14","","1865","1865","1865","OBHBHFCO_00461","","HDHBLALJ_00052","","HIOKELPH_00567","DOCPNFPP_01437"
"ruvA","","Holliday junction ATP-dependent DNA helicase RuvA","4","4","1","1","999","24","13","","551","551","551","OBHBHFCO_00462","","HDHBLALJ_00051","","HIOKELPH_00568","DOCPNFPP_01438"
"group_1077","","hypothetical protein","4","4","1","1","997","24","11","","215","215","215","OBHBHFCO_00464","","HDHBLALJ_00049","","HIOKELPH_00570","DOCPNFPP_01440"
"menH","","2-succinyl-6-hydroxy-2,4-cyclohexadiene-1-carboxylate synthase","4","4","1","1","996","24","10","","731","731","731","OBHBHFCO_00465","","HDHBLALJ_00048","","HIOKELPH_00571","DOCPNFPP_01441"
"murF","","UDP-N-acetylmuramoyl-tripeptide--D-alanyl-D-alanine ligase","4","4","1","1","970","24","9","","1427","1427","1427","OBHBHFCO_00466","","HDHBLALJ_00047","","HIOKELPH_00572","DOCPNFPP_01442"
"aas","","Bifunctional protein Aas","4","4","1","1","971","24","8","","3509","3509","3509","OBHBHFCO_00467","","HDHBLALJ_00046","","HIOKELPH_00573","DOCPNFPP_01443"
"group_1081","","hypothetical protein","4","4","1","1","972","24","7","","911","911","911","OBHBHFCO_00468","","HDHBLALJ_00045","","HIOKELPH_00574","DOCPNFPP_01444"
"purU","","Formyltetrahydrofolate deformylase","4","4","1","1","973","24","6","","824","824","824","OBHBHFCO_00469","","HDHBLALJ_00044","","HIOKELPH_00575","DOCPNFPP_01445"
"cca","","CCA-adding enzyme","4","4","1","1","974","24","5","","1115","1115","1115","OBHBHFCO_00470","","HDHBLALJ_00043","","HIOKELPH_00576","DOCPNFPP_01446"
"group_1084","","hypothetical protein","4","4","1","1","975","24","4","","497","497","497","OBHBHFCO_00471","","HDHBLALJ_00042","","HIOKELPH_00577","DOCPNFPP_01447"
"group_1085","","hypothetical protein","4","4","1","1","969","60","8","","581","581","581","OBHBHFCO_00473","","HDHBLALJ_00040","","HIOKELPH_00579","DOCPNFPP_01449"
"group_1086","","hypothetical protein","4","4","1","1","968","60","9","","320","320","320","OBHBHFCO_00474","","HDHBLALJ_00039","","HIOKELPH_00580","DOCPNFPP_01450"
"group_1087","","hypothetical protein","4","4","1","1","967","60","7","","680","680","680","OBHBHFCO_00475","","HDHBLALJ_00038","","HIOKELPH_00581","DOCPNFPP_01451"
"group_1088","","hypothetical protein","4","4","1","1","966","60","6","","176","176","176","OBHBHFCO_00476","","HDHBLALJ_00037","","HIOKELPH_00582","DOCPNFPP_01452"
"napD","","Chaperone NapD","4","4","1","1","894","60","5","","335","335","335","OBHBHFCO_00477","","HDHBLALJ_00036","","HIOKELPH_00583","DOCPNFPP_01453"
"group_1090","","hypothetical protein","4","4","1","1","895","60","4","","920","920","920","OBHBHFCO_00478","","HDHBLALJ_00035","","HIOKELPH_00584","DOCPNFPP_01454"
"napB","","Periplasmic nitrate reductase, electron transfer subunit","4","4","1","1","896","60","3","","521","521","521","OBHBHFCO_00479","","HDHBLALJ_00034","","HIOKELPH_00585","DOCPNFPP_01455"
"napH","","Ferredoxin-type protein NapH","4","4","1","1","897","60","2","","782","782","782","OBHBHFCO_00480","","HDHBLALJ_00033","","HIOKELPH_00586","DOCPNFPP_01456"
"napG","","Ferredoxin-type protein NapG","4","4","1","1","898","60","1","","740","740","740","OBHBHFCO_00481","","HDHBLALJ_00032","","HIOKELPH_00587","DOCPNFPP_01457"
"tpx","","Thiol peroxidase","4","4","1","1","914","29","8","","527","527","527","OBHBHFCO_00483","","HDHBLALJ_00030","","HIOKELPH_00589","DOCPNFPP_01459"
"group_1095","","hypothetical protein","4","4","1","1","913","29","9","","284","284","284","OBHBHFCO_00484","","HDHBLALJ_00029","","HIOKELPH_00590","DOCPNFPP_01460"
"group_1096","","hypothetical protein","4","4","1","1","912","29","10","","260","260","260","OBHBHFCO_00485","","HDHBLALJ_00028","","HIOKELPH_00591","DOCPNFPP_01461"
"uvrD","","DNA helicase II","4","4","1","1","911","29","11","","2030","2030","2030","OBHBHFCO_00486","","HDHBLALJ_00027","","HIOKELPH_00592","DOCPNFPP_01462"
"group_1098","","hypothetical protein","4","4","1","1","910","29","12","","929","929","929","OBHBHFCO_00487","","HDHBLALJ_00026","","HIOKELPH_00593","DOCPNFPP_01463"
"valS","","Valine--tRNA ligase","4","4","1","1","909","29","13","","2612","2612","2612","OBHBHFCO_00488","","HDHBLALJ_00025","","HIOKELPH_00594","DOCPNFPP_01464"
"meh","","Mesaconyl-C(4)-CoA hydratase","4","4","1","1","394","51","12","","329","830","704","OBHBHFCO_00250","","HDHBLALJ_00822","","HIOKELPH_00885","DOCPNFPP_00633"
"metN","","Methionine import ATP-binding protein MetN","4","4","1","1","908","29","14","","1010","1010","1010","OBHBHFCO_00489","","HDHBLALJ_00024","","HIOKELPH_00595","DOCPNFPP_01465"
"group_1101","","hypothetical protein","4","4","1","1","907","29","15","","905","905","905","OBHBHFCO_00490","","HDHBLALJ_00023","","HIOKELPH_00596","DOCPNFPP_01466"
"group_1102","","Membrane lipoprotein TpN32","4","4","1","1","906","29","16","","773","773","773","OBHBHFCO_00491","","HDHBLALJ_00022","","HIOKELPH_00597","DOCPNFPP_01467"
"metQ_1","","D-methionine-binding lipoprotein MetQ","4","4","1","1","905","29","7","","770","770","770","OBHBHFCO_00492","","HDHBLALJ_00021","","HIOKELPH_00598","DOCPNFPP_01468"
"metQ_2","","Methionine-binding lipoprotein MetQ","4","4","1","1","904","29","6","","776","776","776","OBHBHFCO_00493","","HDHBLALJ_00020","","HIOKELPH_00599","DOCPNFPP_01469"
"group_1105","","hypothetical protein","4","4","1","1","903","29","5","","662","662","662","OBHBHFCO_00494","","HDHBLALJ_00019","","HIOKELPH_00600","DOCPNFPP_01470"
"shdB","","putative UbiX-like flavin prenyltransferase","4","4","1","1","902","29","4","","563","563","563","OBHBHFCO_00495","","HDHBLALJ_00018","","HIOKELPH_00601","DOCPNFPP_01471"
"coaD","","Phosphopantetheine adenylyltransferase","4","4","1","1","901","29","3","","476","476","476","OBHBHFCO_00496","","HDHBLALJ_00017","","HIOKELPH_00602","DOCPNFPP_01472"
"tmk","","Thymidylate kinase","4","4","1","1","900","29","2","","578","578","578","OBHBHFCO_00497","","HDHBLALJ_00016","","HIOKELPH_00603","DOCPNFPP_01473"
"hisS","","Histidine--tRNA ligase","4","4","1","1","899","29","1","","1226","1226","1226","OBHBHFCO_00498","","HDHBLALJ_00015","","HIOKELPH_00604","DOCPNFPP_01474"
"cysE","","Serine acetyltransferase","4","4","1","1","942","84","1","","632","632","632","OBHBHFCO_00500","","HDHBLALJ_00013","","HIOKELPH_00606","DOCPNFPP_01476"
"group_1111","","Aspartate aminotransferase","4","4","1","1","941","84","2","","1169","1169","1169","OBHBHFCO_00501","","HDHBLALJ_00012","","HIOKELPH_00607","DOCPNFPP_01477"
"group_1112","","hypothetical protein","4","4","1","1","940","84","6","","341","341","341","OBHBHFCO_00502","","HDHBLALJ_00011","","HIOKELPH_00608","DOCPNFPP_01478"
"group_1113","","putative protein","4","4","1","1","939","84","5","","1022","1022","1022","OBHBHFCO_00503","","HDHBLALJ_00010","","HIOKELPH_00609","DOCPNFPP_01479"
"group_1114","","hypothetical protein","4","4","1","1","916","84","4","","230","230","230","OBHBHFCO_00504","","HDHBLALJ_00009","","HIOKELPH_00610","DOCPNFPP_01480"
"group_1115","","hypothetical protein","4","4","1","1","917","84","3","","287","287","287","OBHBHFCO_00505","","HDHBLALJ_00008","","HIOKELPH_00611","DOCPNFPP_01481"
"gmhB","","D-glycero-alpha-D-manno-heptose-1,7-bisphosphate 7-phosphatase","4","4","1","1","1611","43","9","","563","563","563","OBHBHFCO_00523","","HDHBLALJ_00406","","HIOKELPH_00209","DOCPNFPP_00089"
"cyf","","Cytochrome c-553","4","4","1","1","1609","43","6","","299","299","299","OBHBHFCO_00524","","HDHBLALJ_00407","","HIOKELPH_00208","DOCPNFPP_00088"
"group_1124","","hypothetical protein","4","4","1","1","1608","43","5","","200","200","200","OBHBHFCO_00525","","HDHBLALJ_00408","","HIOKELPH_00207","DOCPNFPP_00087"
"group_1125","copA_1","Copper-exporting P-type ATPase","4","4","1","1","1607","43","4","","2357","2357","2357","OBHBHFCO_00526","","HDHBLALJ_00409","","HIOKELPH_00206","DOCPNFPP_00086"
"group_1126","","hypothetical protein","4","4","1","1","1617","98","2","","1556","1556","1556","OBHBHFCO_00528","","HDHBLALJ_00411","","HIOKELPH_00204","DOCPNFPP_00084"
"copA_1","","Copper-exporting P-type ATPase","4","4","1","1","734","98","3","","2123","2123","2123","OBHBHFCO_00529","","HDHBLALJ_00412","","HIOKELPH_00203","DOCPNFPP_00083"
"group_1128","","hypothetical protein","4","4","1","1","735","98","4","","203","203","203","OBHBHFCO_00530","","HDHBLALJ_00413","","HIOKELPH_00202","DOCPNFPP_00082"
"czcD","","Cadmium, cobalt and zinc/H(+)-K(+) antiporter","4","4","1","1","736","98","5","","941","941","941","OBHBHFCO_00531","","HDHBLALJ_00414","","HIOKELPH_00201","DOCPNFPP_00081"
"group_1130","","hypothetical protein","4","4","1","1","737","98","1","","269","269","269","OBHBHFCO_00532","","HDHBLALJ_00415","","HIOKELPH_00200","DOCPNFPP_00080"
"yjjP","","Inner membrane protein YjjP","4","4","1","1","1628","73","7","","776","776","776","OBHBHFCO_00534","","HDHBLALJ_00417","","HIOKELPH_00198","DOCPNFPP_00078"
"tatA","","Sec-independent protein translocase protein TatA","4","4","1","1","725","90","3","","239","239","239","OBHBHFCO_00542","","HDHBLALJ_00425","","HIOKELPH_00188","DOCPNFPP_00070"
"fliR","","Flagellar biosynthetic protein FliR","4","4","1","1","728","90","5","","767","767","767","OBHBHFCO_00545","","HDHBLALJ_00428","","HIOKELPH_00185","DOCPNFPP_00067"
"lolD","","Lipoprotein-releasing system ATP-binding protein LolD","4","4","1","1","729","90","4","","635","635","635","OBHBHFCO_00546","","HDHBLALJ_00429","","HIOKELPH_00184","DOCPNFPP_00066"
"group_1139","COQ3_1","Ubiquinone biosynthesis O-methyltransferase, mitochondrial","4","4","1","1","1652","131","1","","1163","1163","1163","OBHBHFCO_00549","","HDHBLALJ_00432","","HIOKELPH_00181","DOCPNFPP_00063"
"group_1140","","hypothetical protein","4","4","1","1","1653","131","2","","1124","1124","1124","OBHBHFCO_00550","","HDHBLALJ_00433","","HIOKELPH_00180","DOCPNFPP_00062"
"petA","","Ubiquinol-cytochrome c reductase iron-sulfur subunit","4","4","1","1","1651","116","1","","503","503","503","OBHBHFCO_00552","","HDHBLALJ_00435","","HIOKELPH_00178","DOCPNFPP_00060"
"arsB","","Arsenical pump membrane protein","4","4","1","1","1650","116","3","","1268","1268","1268","OBHBHFCO_00553","","HDHBLALJ_00436","","HIOKELPH_00177","DOCPNFPP_00059"
"mnmG","","tRNA uridine 5-carboxymethylaminomethyl modification enzyme MnmG","4","4","1","1","1658","116","2","","1859","1859","1859","OBHBHFCO_00554","","HDHBLALJ_00437","","HIOKELPH_00176","DOCPNFPP_00058"
"group_1144","","hypothetical protein","4","4","1","1","719","93","4","","803","803","803","OBHBHFCO_00559","","HDHBLALJ_00442","","HIOKELPH_00170","DOCPNFPP_00053"
"group_1145","","hypothetical protein","4","4","1","1","720","93","3","","1526","1526","1526","OBHBHFCO_00560","","HDHBLALJ_00443","","HIOKELPH_00169","DOCPNFPP_00052"
"pyrC_1","","Dihydroorotase","4","4","1","1","721","93","2","","1181","1181","1181","OBHBHFCO_00561","","HDHBLALJ_00444","","HIOKELPH_00168","DOCPNFPP_00051"
"gpsA","","Glycerol-3-phosphate dehydrogenase [NAD(P)+]","4","4","1","1","722","93","1","","899","899","899","OBHBHFCO_00562","","HDHBLALJ_00445","","HIOKELPH_00167","DOCPNFPP_00050"
"luxS","","S-ribosylhomocysteine lyase","4","4","1","1","717","87","6","","494","494","494","OBHBHFCO_00564","","HDHBLALJ_00447","","HIOKELPH_00165","DOCPNFPP_00048"
"vldW","","Validamycin A dioxygenase","4","4","1","1","716","87","5","","992","992","992","OBHBHFCO_00565","","HDHBLALJ_00448","","HIOKELPH_00164","DOCPNFPP_00047"
"group_1150","","Membrane lipoprotein TpN32","4","4","1","1","715","87","4","","770","770","770","OBHBHFCO_00566","","HDHBLALJ_00449","","HIOKELPH_00163","DOCPNFPP_00046"
"metE","","5-methyltetrahydropteroyltriglutamate--homocysteine methyltransferase","4","4","1","1","714","87","3","","2264","2264","2264","OBHBHFCO_00567","","HDHBLALJ_00450","","HIOKELPH_00162","DOCPNFPP_00045"
"metF","","5,10-methylenetetrahydrofolate reductase","4","4","1","1","713","87","2","","848","848","848","OBHBHFCO_00568","","HDHBLALJ_00451","","HIOKELPH_00161","DOCPNFPP_00044"
"group_1153","","hypothetical protein","4","4","1","1","712","87","1","","200","200","200","OBHBHFCO_00569","","HDHBLALJ_00452","","HIOKELPH_00160","DOCPNFPP_00043"
"radA","","DNA repair protein RadA","4","4","1","1","711","20","9","","1340","1340","1340","OBHBHFCO_00571","","HDHBLALJ_00454","","HIOKELPH_00158","DOCPNFPP_00041"
"ramA","","(R)-stereoselective amidase","4","4","1","1","710","20","10","","851","851","851","OBHBHFCO_00572","","HDHBLALJ_00455","","HIOKELPH_00157","DOCPNFPP_00040"
"pgdA","","Peptidoglycan deacetylase","4","4","1","1","709","20","11","","881","881","881","OBHBHFCO_00573","","HDHBLALJ_00456","","HIOKELPH_00156","DOCPNFPP_00039"
"group_1157","","hypothetical protein","4","4","1","1","708","20","12","","335","335","335","OBHBHFCO_00574","","HDHBLALJ_00457","","HIOKELPH_00155","DOCPNFPP_00038"
"yjiA","","P-loop guanosine triphosphatase YjiA","4","4","1","1","707","20","13","","944","944","944","OBHBHFCO_00575","","HDHBLALJ_00458","","HIOKELPH_00154","DOCPNFPP_00037"
"ftsY","","Signal recognition particle receptor FtsY","4","4","1","1","706","20","14","","866","866","866","OBHBHFCO_00576","","HDHBLALJ_00459","","HIOKELPH_00153","DOCPNFPP_00036"
"resA_1","","Thiol-disulfide oxidoreductase ResA","4","4","1","1","705","20","15","","557","557","557","OBHBHFCO_00577","","HDHBLALJ_00460","","HIOKELPH_00152","DOCPNFPP_00035"
"yohD","","Inner membrane protein YohD","4","4","1","1","703","20","17","","557","557","557","OBHBHFCO_00579","","HDHBLALJ_00462","","HIOKELPH_00150","DOCPNFPP_00033"
"group_1162","","hypothetical protein","4","4","1","1","1688","20","18","","1259","1259","1259","OBHBHFCO_00580","","HDHBLALJ_00463","","HIOKELPH_00149","DOCPNFPP_00032"
"group_1163","","hypothetical protein","4","4","1","1","1689","20","8","","806","806","806","OBHBHFCO_00581","","HDHBLALJ_00464","","HIOKELPH_00148","DOCPNFPP_00031"
"group_1164","","putative FAD-linked oxidoreductase","4","4","1","1","1690","20","7","","1382","1382","1382","OBHBHFCO_00582","","HDHBLALJ_00465","","HIOKELPH_00147","DOCPNFPP_00030"
"pgbA","","Plasminogen-binding protein PgbA","4","4","1","1","1691","20","6","","728","728","728","OBHBHFCO_00583","","HDHBLALJ_00466","","HIOKELPH_00146","DOCPNFPP_00029"
"mepM","","Murein DD-endopeptidase MepM","4","4","1","1","1692","20","5","","1160","1160","1160","OBHBHFCO_00584","","HDHBLALJ_00467","","HIOKELPH_00145","DOCPNFPP_00028"
"group_1167","","hypothetical protein","4","4","1","1","1693","20","4","","206","206","206","OBHBHFCO_00585","","HDHBLALJ_00468","","HIOKELPH_00144","DOCPNFPP_00027"
"group_1168","","hypothetical protein","4","4","1","1","1694","20","3","","680","680","680","OBHBHFCO_00586","","HDHBLALJ_00469","","HIOKELPH_00143","DOCPNFPP_00026"
"ribE","","Riboflavin synthase","4","4","1","1","1695","20","2","","611","611","611","OBHBHFCO_00587","","HDHBLALJ_00470","","HIOKELPH_00142","DOCPNFPP_00025"
"group_1170","","hypothetical protein","4","4","1","1","1696","20","1","","2540","2540","2540","OBHBHFCO_00588","","HDHBLALJ_00471","","HIOKELPH_00141","DOCPNFPP_00024"
"sasA_1","","Adaptive-response sensory-kinase SasA","4","4","1","1","701","44","5","","1205","1205","1205","OBHBHFCO_00592","","HDHBLALJ_00475","","HIOKELPH_00137","DOCPNFPP_00020"
"mprA_1","","Response regulator MprA","4","4","1","1","700","44","6","","665","665","665","OBHBHFCO_00593","","HDHBLALJ_00476","","HIOKELPH_00136","DOCPNFPP_00019"
"group_1173","","Bacteriohemerythrin","4","4","1","1","699","44","7","","599","599","599","OBHBHFCO_00594","","HDHBLALJ_00477","","HIOKELPH_00135","DOCPNFPP_00018"
"group_1174","","hypothetical protein","4","4","1","1","698","44","8","","365","365","365","OBHBHFCO_00595","","HDHBLALJ_00478","","HIOKELPH_00134","DOCPNFPP_00017"
"group_1175","","hypothetical protein","4","4","1","1","1711","44","2","","1250","1250","1250","OBHBHFCO_00601","","HDHBLALJ_00484","","HIOKELPH_00124","DOCPNFPP_00011"
"degP","","Periplasmic serine endoprotease DegP","4","4","1","1","694","137","1","","1418","1418","1418","OBHBHFCO_00603","","HDHBLALJ_00486","","HIOKELPH_00122","DOCPNFPP_00009"
"cbpA","","Curved DNA-binding protein","4","4","1","1","695","137","2","","899","899","899","OBHBHFCO_00604","","HDHBLALJ_00487","","HIOKELPH_00121","DOCPNFPP_00008"
"kefC","","Glutathione-regulated potassium-efflux system protein KefC","4","4","1","1","1724","26","1","","1622","1622","1622","OBHBHFCO_00606","","HDHBLALJ_00489","","HIOKELPH_00119","DOCPNFPP_00006"
"group_1179","","hypothetical protein","4","4","1","1","1723","26","18","","332","332","332","OBHBHFCO_00607","","HDHBLALJ_00490","","HIOKELPH_00118","DOCPNFPP_00005"
"gph_1","","Phosphoglycolate phosphatase","4","4","1","1","1722","26","17","","620","620","620","OBHBHFCO_00608","","HDHBLALJ_00491","","HIOKELPH_00117","DOCPNFPP_00004"
"glyS","","Glycine--tRNA ligase beta subunit","4","4","1","1","1721","26","16","","1994","1994","1994","OBHBHFCO_00609","","HDHBLALJ_00492","","HIOKELPH_00116","DOCPNFPP_00003"
"group_1182","","hypothetical protein","4","4","1","1","1720","26","15","","821","821","821","OBHBHFCO_00610","","HDHBLALJ_00493","","HIOKELPH_00115","DOCPNFPP_00002"
"group_1183","","hypothetical protein","4","4","1","1","1719","26","14","","950","950","950","OBHBHFCO_00611","","HDHBLALJ_00494","","HIOKELPH_00114","DOCPNFPP_00001"
"group_1185","","hypothetical protein","4","4","1","3","209","50","9","","785","785","785","OBHBHFCO_00613","","HDHBLALJ_00980","","HIOKELPH_01197","DOCPNFPP_01139"
"group_1186","","hypothetical protein","4","4","1","3","211","100","1","","533","533","533","OBHBHFCO_00615","","HDHBLALJ_00978","","HIOKELPH_01195","DOCPNFPP_01141"
"group_1187","","hypothetical protein","4","4","1","3","212","100","2","","677","677","677","OBHBHFCO_00616","","HDHBLALJ_00977","","HIOKELPH_01194","DOCPNFPP_01142"
"group_1188","","hypothetical protein","4","4","1","3","213","100","3","","590","590","590","OBHBHFCO_00617","","HDHBLALJ_00976","","HIOKELPH_01193","DOCPNFPP_01143"
"yqaA","","Inner membrane protein YqaA","4","4","1","3","214","100","4","","443","443","443","OBHBHFCO_00618","","HDHBLALJ_00975","","HIOKELPH_01192","DOCPNFPP_01144"
"polA","","DNA polymerase I","4","4","1","3","215","100","5","","2639","2639","2639","OBHBHFCO_00619","","HDHBLALJ_00974","","HIOKELPH_01191","DOCPNFPP_01145"
"motB","","Motility protein B","4","4","1","3","217","140","2","","731","731","731","OBHBHFCO_00621","","HDHBLALJ_00972","","HIOKELPH_01189","DOCPNFPP_01147"
"flhB","","Flagellar biosynthetic protein FlhB","4","4","1","3","218","140","1","","1088","1088","1088","OBHBHFCO_00622","","HDHBLALJ_00971","","HIOKELPH_01188","DOCPNFPP_01148"
"group_1193","","hypothetical protein","4","4","1","3","219","183","1","","284","284","284","OBHBHFCO_00624","","HDHBLALJ_00969","","HIOKELPH_01186","DOCPNFPP_01150"
"group_1194","","hypothetical protein","4","4","1","3","34","152","1","","359","359","359","OBHBHFCO_00626","","HDHBLALJ_00967","","HIOKELPH_01184","DOCPNFPP_01152"
"plsX","","Phosphate acyltransferase","4","4","1","3","235","40","12","","986","986","986","OBHBHFCO_00628","","HDHBLALJ_00965","","HIOKELPH_01182","DOCPNFPP_01154"
"group_1196","fabH_1","3-oxoacyl-[acyl-carrier-protein] synthase 3","4","4","1","3","236","40","11","","977","977","977","OBHBHFCO_00629","","HDHBLALJ_00964","","HIOKELPH_01181","DOCPNFPP_01155"
"serC","","Phosphoserine aminotransferase","4","4","1","3","237","40","10","","1076","1076","1076","OBHBHFCO_00630","","HDHBLALJ_00963","","HIOKELPH_01180","DOCPNFPP_01156"
"xseA","","Exodeoxyribonuclease 7 large subunit","4","4","1","3","238","40","9","","1163","1163","1163","OBHBHFCO_00631","","HDHBLALJ_00962","","HIOKELPH_01179","DOCPNFPP_01157"
"group_1199","","hypothetical protein","4","4","1","3","239","40","8","","965","965","965","OBHBHFCO_00632","","HDHBLALJ_00961","","HIOKELPH_01178","DOCPNFPP_01158"
"group_1200","","hypothetical protein","4","4","1","3","240","40","7","","443","443","443","OBHBHFCO_00633","","HDHBLALJ_00960","","HIOKELPH_01177","DOCPNFPP_01159"
"group_1201","","hypothetical protein","4","4","1","3","241","40","6","","1493","1493","1493","OBHBHFCO_00634","","HDHBLALJ_00959","","HIOKELPH_01176","DOCPNFPP_01160"
"ubiE","","Ubiquinone/menaquinone biosynthesis C-methyltransferase UbiE","4","4","1","3","242","40","5","","707","707","707","OBHBHFCO_00635","","HDHBLALJ_00958","","HIOKELPH_01175","DOCPNFPP_01161"
"group_1203","","hypothetical protein","4","4","1","3","244","40","3","","410","410","410","OBHBHFCO_00637","","HDHBLALJ_00956","","HIOKELPH_01173","DOCPNFPP_01163"
"dxs","","1-deoxy-D-xylulose-5-phosphate synthase","4","4","1","3","245","40","2","","1877","1877","1877","OBHBHFCO_00638","","HDHBLALJ_00955","","HIOKELPH_01172","DOCPNFPP_01164"
"group_1205","","hypothetical protein","4","4","1","3","246","40","1","","830","830","830","OBHBHFCO_00639","","HDHBLALJ_00954","","HIOKELPH_01171","DOCPNFPP_01165"
"hisC","","Histidinol-phosphate aminotransferase","4","4","1","3","251","141","2","","1094","1094","1094","OBHBHFCO_00642","","HDHBLALJ_00951","","HIOKELPH_01168","DOCPNFPP_01168"
"lysA","","Diaminopimelate decarboxylase","4","4","1","3","31","121","3","","1208","1208","1208","OBHBHFCO_00645","","HDHBLALJ_00948","","HIOKELPH_01165","DOCPNFPP_01171"
"group_1208","","hypothetical protein","4","4","1","3","32","121","2","","1058","1058","1058","OBHBHFCO_00646","","HDHBLALJ_00947","","HIOKELPH_01164","DOCPNFPP_01172"
"pth","","Peptidyl-tRNA hydrolase","4","4","1","3","33","121","1","","542","542","542","OBHBHFCO_00647","","HDHBLALJ_00946","","HIOKELPH_01163","DOCPNFPP_01173"
"group_1216","","hypothetical protein","4","4","1","3","289","65","4","","776","776","776","OBHBHFCO_00670","","HDHBLALJ_00923","","HIOKELPH_01138","DOCPNFPP_01196"
"cdtB","","Cytolethal distending toxin subunit B","4","4","1","3","288","65","5","","803","803","803","OBHBHFCO_00671","","HDHBLALJ_00922","","HIOKELPH_01137","DOCPNFPP_01197"
"zupT","","Zinc transporter ZupT","4","4","1","3","24","65","8","","884","884","884","OBHBHFCO_00674","","HDHBLALJ_00919","","HIOKELPH_01135","DOCPNFPP_01200"
"lpxB","","Lipid-A-disaccharide synthase","4","4","1","3","25","65","7","","1091","1091","1091","OBHBHFCO_00675","","HDHBLALJ_00918","","HIOKELPH_01134","DOCPNFPP_01201"
"dctA","","Aerobic C4-dicarboxylate transport protein","4","4","1","1","718","93","5","","1052","1376","1295","OBHBHFCO_00558","","HDHBLALJ_00441","","HIOKELPH_00171","DOCPNFPP_00054"
"group_1220","","hypothetical protein","4","4","1","3","21","190","1","","635","635","635","OBHBHFCO_00677","","HDHBLALJ_00916","","HIOKELPH_01132","DOCPNFPP_01203"
"rcsC","","Sensor histidine kinase RcsC","4","4","1","3","302","158","1","","2294","2294","2294","OBHBHFCO_00679","","HDHBLALJ_00914","","HIOKELPH_01130","DOCPNFPP_01205"
"serB","","Phosphoserine phosphatase","4","4","1","3","304","111","3","","623","623","623","OBHBHFCO_00681","","HDHBLALJ_00912","","HIOKELPH_01128","DOCPNFPP_01207"
"tal","","Transaldolase","4","4","1","3","305","111","4","","986","986","986","OBHBHFCO_00682","","HDHBLALJ_00911","","HIOKELPH_01127","DOCPNFPP_01208"
"group_1224","","hypothetical protein","4","4","1","3","306","111","5","","422","422","422","OBHBHFCO_00683","","HDHBLALJ_00910","","HIOKELPH_01126","DOCPNFPP_01209"
"prpD","","2-methylcitrate dehydratase","4","4","1","3","316","54","11","","1454","1454","1454","OBHBHFCO_00688","","HDHBLALJ_00902","","HIOKELPH_01117","DOCPNFPP_01214"
"prpC","","2-methylcitrate synthase","4","4","1","3","317","54","10","","1127","1127","1127","OBHBHFCO_00689","","HDHBLALJ_00901","","HIOKELPH_01116","DOCPNFPP_01215"
"prpB","","2-methylisocitrate lyase","4","4","1","3","318","54","9","","875","875","875","OBHBHFCO_00690","","HDHBLALJ_00900","","HIOKELPH_01115","DOCPNFPP_01216"
"acsA","","Acetyl-coenzyme A synthetase","4","4","1","3","319","54","8","","1907","1907","1907","OBHBHFCO_00691","","HDHBLALJ_00899","","HIOKELPH_01114","DOCPNFPP_01217"
"group_1230","","hypothetical protein","4","4","1","3","320","54","7","","923","923","923","OBHBHFCO_00692","","HDHBLALJ_00898","","HIOKELPH_01113","DOCPNFPP_01218"
"group_1231","","hypothetical protein","4","4","1","3","321","54","6","","749","749","749","OBHBHFCO_00693","","HDHBLALJ_00897","","HIOKELPH_01112","DOCPNFPP_01219"
"clpX","","ATP-dependent Clp protease ATP-binding subunit ClpX","4","4","1","3","323","127","2","","1223","1223","1223","OBHBHFCO_00695","","HDHBLALJ_00895","","HIOKELPH_01110","DOCPNFPP_01221"
"lpxA","","Acyl-[acyl-carrier-protein]--UDP-N-acetylglucosamine O-acyltransferase","4","4","1","3","324","127","1","","791","791","791","OBHBHFCO_00696","","HDHBLALJ_00894","","HIOKELPH_01109","DOCPNFPP_01222"
"queH","","Epoxyqueuosine reductase QueH","4","4","1","3","326","118","1","","1091","1091","1091","OBHBHFCO_00698","","HDHBLALJ_00892","","HIOKELPH_01107","DOCPNFPP_01224"
"bcp","","Putative peroxiredoxin bcp","4","4","1","3","327","118","2","","458","458","458","OBHBHFCO_00699","","HDHBLALJ_00891","","HIOKELPH_01106","DOCPNFPP_01225"
"group_1236","","putative tautomerase","4","4","1","3","328","118","3","","206","206","206","OBHBHFCO_00700","","HDHBLALJ_00890","","HIOKELPH_01105","DOCPNFPP_01226"
"group_1237","","hypothetical protein","4","4","1","3","331","71","1","","530","530","530","OBHBHFCO_00703","","HDHBLALJ_00887","","HIOKELPH_01102","DOCPNFPP_01229"
"group_1238","","hypothetical protein","4","4","1","2","408","80","1","","854","854","854","OBHBHFCO_00705","","HDHBLALJ_01545","","HIOKELPH_01432","DOCPNFPP_01231"
"btuD_3","","Vitamin B12 import ATP-binding protein BtuD","4","4","1","2","409","80","2","","854","854","854","OBHBHFCO_00706","","HDHBLALJ_01544","","HIOKELPH_01431","DOCPNFPP_01232"
"hxuB","","Heme/hemopexin transporter protein HuxB","4","4","1","1","697","44","10","","788","1355","1213","OBHBHFCO_00596","","HDHBLALJ_00479","","HIOKELPH_00133","DOCPNFPP_00016"
"znuB","","High-affinity zinc uptake system membrane protein ZnuB","4","4","1","2","410","80","6","","806","806","806","OBHBHFCO_00707","","HDHBLALJ_01543","","HIOKELPH_01430","DOCPNFPP_01233"
"rimP","","Ribosome maturation factor RimP","4","4","1","2","414","80","7","","443","443","443","OBHBHFCO_00711","","HDHBLALJ_01539","","HIOKELPH_01426","DOCPNFPP_01237"
"infB","","Translation initiation factor IF-2","4","4","1","2","416","107","2","","2570","2570","2570","OBHBHFCO_00713","","HDHBLALJ_01537","","HIOKELPH_01424","DOCPNFPP_01239"
"group_1246","","hypothetical protein","4","4","1","2","415","107","3","","293","293","293","OBHBHFCO_00714","","HDHBLALJ_01536","","HIOKELPH_01423","DOCPNFPP_01240"
"thrB","","Homoserine kinase","4","4","1","2","403","107","4","","878","878","878","OBHBHFCO_00715","","HDHBLALJ_01535","","HIOKELPH_01422","DOCPNFPP_01241"
"group_1248","","hypothetical protein","4","4","1","2","404","107","1","","401","401","401","OBHBHFCO_00716","","HDHBLALJ_01534","","HIOKELPH_01421","DOCPNFPP_01242"
"group_1249","","hypothetical protein","4","4","1","2","402","67","2","","1373","1373","1373","OBHBHFCO_00718","","HDHBLALJ_01532","","HIOKELPH_01419","DOCPNFPP_01244"
"tyrC","","Cyclohexadienyl dehydrogenase","4","4","1","2","401","67","3","","827","827","827","OBHBHFCO_00719","","HDHBLALJ_01531","","HIOKELPH_01418","DOCPNFPP_01245"
"bamA","","Outer membrane protein assembly factor BamA","4","4","1","2","400","67","4","","2216","2216","2216","OBHBHFCO_00720","","HDHBLALJ_01530","","HIOKELPH_01417","DOCPNFPP_01246"
"group_1252","","hypothetical protein","4","4","1","2","399","67","5","","716","716","716","OBHBHFCO_00721","","HDHBLALJ_01529","","HIOKELPH_01416","DOCPNFPP_01247"
"accD","","Acetyl-coenzyme A carboxylase carboxyl transferase subunit beta","4","4","1","2","398","67","6","","842","842","842","OBHBHFCO_00722","","HDHBLALJ_01528","","HIOKELPH_01415","DOCPNFPP_01248"
"rlmH","","Ribosomal RNA large subunit methyltransferase H","4","4","1","2","397","67","7","","449","449","449","OBHBHFCO_00723","","HDHBLALJ_01527","","HIOKELPH_01414","DOCPNFPP_01249"
"dksA","","RNA polymerase-binding transcription factor DksA","4","4","1","2","396","67","8","","353","353","353","OBHBHFCO_00724","","HDHBLALJ_01526","","HIOKELPH_01413","DOCPNFPP_01250"
"group_1256","","hypothetical protein","4","4","1","2","395","67","1","","986","986","986","OBHBHFCO_00725","","HDHBLALJ_01525","","HIOKELPH_01412","DOCPNFPP_01251"
"group_1257","","hypothetical protein","4","4","1","2","444","99","1","","1238","1238","1238","OBHBHFCO_00727","","HDHBLALJ_01523","","HIOKELPH_01410","DOCPNFPP_01253"
"ybeY","","Endoribonuclease YbeY","4","4","1","2","446","99","4","","407","407","407","OBHBHFCO_00729","","HDHBLALJ_01521","","HIOKELPH_01408","DOCPNFPP_01255"
"group_1259","","hypothetical protein","4","4","1","2","447","99","3","","614","614","614","OBHBHFCO_00730","","HDHBLALJ_01520","","HIOKELPH_01407","DOCPNFPP_01256"
"group_126","","hypothetical protein","4","4","1","1","1709","44","13","","1154","2315","2024","OBHBHFCO_00598","","HDHBLALJ_00481","","HIOKELPH_00129","DOCPNFPP_00014"
"cpoB","","Cell division coordinator CpoB","4","4","1","2","393","75","2","","953","953","953","OBHBHFCO_00736","","HDHBLALJ_01514","","HIOKELPH_01401","DOCPNFPP_01262"
"pal_2","","Peptidoglycan-associated lipoprotein","4","4","1","2","392","75","3","","497","497","497","OBHBHFCO_00737","","HDHBLALJ_01513","","HIOKELPH_01400","DOCPNFPP_01263"
"tolB","","Tol-Pal system protein TolB","4","4","1","2","391","75","4","","1211","1211","1211","OBHBHFCO_00738","","HDHBLALJ_01512","","HIOKELPH_01399","DOCPNFPP_01264"
"group_1263","","hypothetical protein","4","4","1","2","390","75","5","","776","776","776","OBHBHFCO_00739","","HDHBLALJ_01511","","HIOKELPH_01398","DOCPNFPP_01265"
"exbD_1","","Biopolymer transport protein ExbD","4","4","1","2","387","75","6","","389","389","389","OBHBHFCO_00740","","HDHBLALJ_01510","","HIOKELPH_01397","DOCPNFPP_01266"
"group_1265","tolQ_2","Tol-Pal system protein TolQ","4","4","1","2","388","75","7","","554","554","554","OBHBHFCO_00741","","HDHBLALJ_01509","","HIOKELPH_01396","DOCPNFPP_01267"
"atpC","","ATP synthase epsilon chain","4","4","1","2","389","75","1","","389","389","389","OBHBHFCO_00742","","HDHBLALJ_01508","","HIOKELPH_01395","DOCPNFPP_01268"
"atpG_2","","ATP synthase gamma chain, sodium ion specific","4","4","1","2","460","171","1","","884","884","884","OBHBHFCO_00744","","HDHBLALJ_01506","","HIOKELPH_01393","DOCPNFPP_01270"
"atpD_2","","ATP synthase subunit delta","4","4","1","2","386","108","2","","521","521","521","OBHBHFCO_00746","","HDHBLALJ_01504","","HIOKELPH_01391","DOCPNFPP_01272"
"atpF","","ATP synthase subunit b","4","4","1","2","385","108","3","","512","512","512","OBHBHFCO_00747","","HDHBLALJ_01503","","HIOKELPH_01390","DOCPNFPP_01273"
"atpG_1","","ATP synthase subunit b'","4","4","1","2","384","108","4","","425","425","425","OBHBHFCO_00748","","HDHBLALJ_01502","","HIOKELPH_01389","DOCPNFPP_01274"
"parB","","putative chromosome-partitioning protein ParB","4","4","1","2","383","108","1","","836","836","836","OBHBHFCO_00749","","HDHBLALJ_01501","","HIOKELPH_01388","DOCPNFPP_01275"
"birA","","Bifunctional ligase/repressor BirA","4","4","1","2","604","70","1","","653","653","653","OBHBHFCO_00751","","HDHBLALJ_01499","","HIOKELPH_01386","DOCPNFPP_01277"
"fmt_1","","Methionyl-tRNA formyltransferase","4","4","1","2","605","70","2","","920","920","920","OBHBHFCO_00752","","HDHBLALJ_01498","","HIOKELPH_01385","DOCPNFPP_01278"
"proB","","Glutamate 5-kinase","4","4","1","2","608","70","8","","755","755","755","OBHBHFCO_00755","","HDHBLALJ_01495","","HIOKELPH_01382","DOCPNFPP_01281"
"ligA_2","","DNA ligase","4","4","1","2","609","70","7","","839","839","839","OBHBHFCO_00761","","HDHBLALJ_01489","","HIOKELPH_01376","DOCPNFPP_01287"
"group_1276","","hypothetical protein","4","4","1","2","610","70","6","","662","662","662","OBHBHFCO_00762","","HDHBLALJ_01488","","HIOKELPH_01375","DOCPNFPP_01288"
"group_1277","","hypothetical protein","4","4","1","2","611","70","5","","203","203","203","OBHBHFCO_00763","","HDHBLALJ_01487","","HIOKELPH_01374","DOCPNFPP_01289"
"mqnD","","1,4-dihydroxy-6-naphtoate synthase","4","4","1","2","615","184","1","","863","863","863","OBHBHFCO_00766","","HDHBLALJ_01484","","HIOKELPH_01371","DOCPNFPP_01292"
"murB","","UDP-N-acetylenolpyruvoylglucosamine reductase","4","4","1","2","97","83","1","","776","776","776","OBHBHFCO_00768","","HDHBLALJ_01482","","HIOKELPH_01369","DOCPNFPP_01294"
"group_1280","","hypothetical protein","4","4","1","2","96","83","2","","173","173","173","OBHBHFCO_00769","","HDHBLALJ_01481","","HIOKELPH_01368","DOCPNFPP_01295"
"group_1281","","hypothetical protein","4","4","1","2","90","83","3","","761","761","761","OBHBHFCO_00770","","HDHBLALJ_01480","","HIOKELPH_01367","DOCPNFPP_01296"
"cysQ","","3'(2'),5'-bisphosphate nucleotidase CysQ","4","4","1","2","91","83","4","","764","764","764","OBHBHFCO_00771","","HDHBLALJ_01479","","HIOKELPH_01366","DOCPNFPP_01297"
"gltA","","Citrate synthase","4","4","1","2","92","83","6","","1268","1268","1268","OBHBHFCO_00772","","HDHBLALJ_01478","","HIOKELPH_01365","DOCPNFPP_01298"
"group_1284","","hypothetical protein","4","4","1","2","93","83","5","","1175","1175","1175","OBHBHFCO_00773","","HDHBLALJ_01477","","HIOKELPH_01364","DOCPNFPP_01299"
"topA","","DNA topoisomerase 1","4","4","1","2","95","134","2","","2102","2102","2102","OBHBHFCO_00775","","HDHBLALJ_01475","","HIOKELPH_01362","DOCPNFPP_01301"
"group_1286","","hypothetical protein","4","4","1","2","94","134","1","","1259","1259","1259","OBHBHFCO_00776","","HDHBLALJ_01474","","HIOKELPH_01361","DOCPNFPP_01302"
"rnj","","Ribonuclease J","4","4","1","2","648","31","1","","2030","2030","2030","OBHBHFCO_00799","","HDHBLALJ_01451","","HIOKELPH_01338","DOCPNFPP_01325"
"rsmA","","Ribosomal RNA small subunit methyltransferase A","4","4","1","2","649","31","2","","794","794","794","OBHBHFCO_00800","","HDHBLALJ_01450","","HIOKELPH_01337","DOCPNFPP_01326"
"group_1289","","hypothetical protein","4","4","1","2","652","31","3","","536","536","536","OBHBHFCO_00801","","HDHBLALJ_01449","","HIOKELPH_01336","DOCPNFPP_01327"
"rlmN","","putative dual-specificity RNA methyltransferase RlmN","4","4","1","2","651","31","4","","1070","1070","1070","OBHBHFCO_00802","","HDHBLALJ_01448","","HIOKELPH_01335","DOCPNFPP_01328"
"group_1291","","hypothetical protein","4","4","1","2","650","31","15","","104","104","104","OBHBHFCO_00803","","HDHBLALJ_01447","","HIOKELPH_01334","DOCPNFPP_01329"
"menF_2","","Isochorismate synthase MenF","4","4","1","3","208","50","10","","1241","1241","1241","OBHBHFCO_00804","","HDHBLALJ_00981","","HIOKELPH_01198","DOCPNFPP_01138"
"trpGD","","Bifunctional protein TrpGD","4","4","1","3","207","50","11","","1592","1592","1592","OBHBHFCO_00805","","HDHBLALJ_00982","","HIOKELPH_01199","DOCPNFPP_01137"
"trpC_2","","Tryptophan biosynthesis protein TrpCF","4","4","1","3","206","50","8","","599","599","599","OBHBHFCO_00806","","HDHBLALJ_00983","","HIOKELPH_01200","DOCPNFPP_01136"
"trpB","","Tryptophan synthase beta chain","4","4","1","3","205","50","7","","1178","1178","1178","OBHBHFCO_00807","","HDHBLALJ_00984","","HIOKELPH_01201","DOCPNFPP_01135"
"trpA","","Tryptophan synthase alpha chain","4","4","1","3","204","50","6","","749","749","749","OBHBHFCO_00808","","HDHBLALJ_00985","","HIOKELPH_01202","DOCPNFPP_01134"
"group_1297","","hypothetical protein","4","4","1","3","203","50","5","","422","422","422","OBHBHFCO_00809","","HDHBLALJ_00986","","HIOKELPH_01203","DOCPNFPP_01133"
"fliN","","Flagellar motor switch protein FliN","4","4","1","3","202","50","4","","308","308","308","OBHBHFCO_00810","","HDHBLALJ_00987","","HIOKELPH_01204","DOCPNFPP_01132"
"group_1299","","hypothetical protein","4","4","1","3","187","50","3","","791","791","791","OBHBHFCO_00811","","HDHBLALJ_00988","","HIOKELPH_01205","DOCPNFPP_01131"
"gppA","","Guanosine-5'-triphosphate,3'-diphosphate pyrophosphatase","4","4","1","3","188","50","2","","1460","1460","1460","OBHBHFCO_00812","","HDHBLALJ_00989","","HIOKELPH_01206","DOCPNFPP_01130"
"fdx","","Ferredoxin","4","4","1","3","189","50","1","","245","245","245","OBHBHFCO_00813","","HDHBLALJ_00990","","HIOKELPH_01207","DOCPNFPP_01129"
"group_1302","","hypothetical protein","4","4","1","3","42","117","1","","317","317","317","OBHBHFCO_00815","","HDHBLALJ_00992","","HIOKELPH_01209","DOCPNFPP_01127"
"plsY","","Glycerol-3-phosphate acyltransferase","4","4","1","3","43","117","2","","611","611","611","OBHBHFCO_00816","","HDHBLALJ_00993","","HIOKELPH_01210","DOCPNFPP_01126"
"ccpA","","Cytochrome c551 peroxidase","4","4","1","3","44","117","3","","1025","1025","1025","OBHBHFCO_00817","","HDHBLALJ_00994","","HIOKELPH_01211","DOCPNFPP_01125"
"lspA","","Lipoprotein signal peptidase","4","4","1","3","182","59","1","","470","470","470","OBHBHFCO_00819","","HDHBLALJ_00996","","HIOKELPH_01213","DOCPNFPP_01123"
"group_1306","","hypothetical protein","4","4","1","3","181","59","2","","452","452","452","OBHBHFCO_00820","","HDHBLALJ_00997","","HIOKELPH_01214","DOCPNFPP_01122"
"group_1307","","hypothetical protein","4","4","1","3","180","59","3","","1310","1310","1310","OBHBHFCO_00821","","HDHBLALJ_00998","","HIOKELPH_01215","DOCPNFPP_01121"
"group_1308","","hypothetical protein","4","4","1","3","45","59","4","","251","251","251","OBHBHFCO_00822","","HDHBLALJ_00999","","HIOKELPH_01216","DOCPNFPP_01120"
"ttgC","","Toluene efflux pump outer membrane protein TtgC","4","4","1","3","46","59","9","","1478","1478","1478","OBHBHFCO_00823","","HDHBLALJ_01000","","HIOKELPH_01217","DOCPNFPP_01119"
"group_1310","","hypothetical protein","4","4","1","3","49","59","6","","635","635","635","OBHBHFCO_00826","","HDHBLALJ_01003","","HIOKELPH_01220","DOCPNFPP_01116"
"group_1311","","hypothetical protein","4","4","1","3","50","59","5","","1376","1376","1376","OBHBHFCO_00827","","HDHBLALJ_01004","","HIOKELPH_01221","DOCPNFPP_01115"
"ygiC","","Putative acid--amine ligase YgiC","4","4","1","3","138","42","2","","1169","1169","1169","OBHBHFCO_00830","","HDHBLALJ_01007","","HIOKELPH_01224","DOCPNFPP_01112"
"hpr","","Hydroxypyruvate reductase","4","4","1","3","139","42","3","","935","935","935","OBHBHFCO_00831","","HDHBLALJ_01008","","HIOKELPH_01225","DOCPNFPP_01111"
"group_1314","","hypothetical protein","4","4","1","3","140","42","4","","491","491","491","OBHBHFCO_00832","","HDHBLALJ_01009","","HIOKELPH_01226","DOCPNFPP_01110"
"group_1315","","hypothetical protein","4","4","1","3","141","42","5","","482","485","484","OBHBHFCO_00833","","HDHBLALJ_01010","","HIOKELPH_01227","DOCPNFPP_01109"
"group_1316","","hypothetical protein","4","4","1","3","142","42","6","","821","821","821","OBHBHFCO_00834","","HDHBLALJ_01011","","HIOKELPH_01228","DOCPNFPP_01108"
"ftsH_2","","ATP-dependent zinc metalloprotease FtsH","4","4","1","3","143","42","7","","1712","1712","1712","OBHBHFCO_00835","","HDHBLALJ_01012","","HIOKELPH_01229","DOCPNFPP_01107"
"msrQ","","Protein-methionine-sulfoxide reductase heme-binding subunit MsrQ","4","4","1","3","144","42","8","","548","548","548","OBHBHFCO_00836","","HDHBLALJ_01013","","HIOKELPH_01230","DOCPNFPP_01106"
"msrP","","Protein-methionine-sulfoxide reductase catalytic subunit MsrP","4","4","1","3","145","42","9","","893","893","893","OBHBHFCO_00837","","HDHBLALJ_01014","","HIOKELPH_01231","DOCPNFPP_01105"
"group_1320","","hypothetical protein","4","4","1","3","146","42","10","","779","779","779","OBHBHFCO_00838","","HDHBLALJ_01015","","HIOKELPH_01232","DOCPNFPP_01104"
"pyrF","","Orotidine 5'-phosphate decarboxylase","4","4","1","3","147","42","12","","839","839","839","OBHBHFCO_00839","","HDHBLALJ_01016","","HIOKELPH_01233","DOCPNFPP_01103"
"nusB","","Transcription antitermination protein NusB","4","4","1","3","148","42","11","","398","398","398","OBHBHFCO_00840","","HDHBLALJ_01017","","HIOKELPH_01234","DOCPNFPP_01102"
"kdsA","","2-dehydro-3-deoxyphosphooctonate aldolase","4","4","1","3","155","28","1","","812","812","812","OBHBHFCO_00842","","HDHBLALJ_01019","","HIOKELPH_01236","DOCPNFPP_01100"
"cntI","","Pseudopaline exporter CntI","4","4","1","3","154","28","2","","932","932","932","OBHBHFCO_00843","","HDHBLALJ_01020","","HIOKELPH_01237","DOCPNFPP_01099"
"der_1","","GTPase Der","4","4","1","3","153","28","3","","1382","1382","1382","OBHBHFCO_00844","","HDHBLALJ_01021","","HIOKELPH_01238","DOCPNFPP_01098"
"aroK","","Shikimate kinase","4","4","1","3","152","28","4","","497","497","497","OBHBHFCO_00845","","HDHBLALJ_01022","","HIOKELPH_01239","DOCPNFPP_01097"
"trpS","","Tryptophan--tRNA ligase","4","4","1","3","151","28","5","","959","959","959","OBHBHFCO_00846","","HDHBLALJ_01023","","HIOKELPH_01240","DOCPNFPP_01096"
"serS","","Serine--tRNA ligase","4","4","1","3","150","28","6","","1235","1235","1235","OBHBHFCO_00847","","HDHBLALJ_01024","","HIOKELPH_01241","DOCPNFPP_01095"
"group_1329","","hypothetical protein","4","4","1","3","149","28","7","","2462","2462","2462","OBHBHFCO_00848","","HDHBLALJ_01025","","HIOKELPH_01242","DOCPNFPP_01094"
"group_133","","hypothetical protein","4","4","1","3","23","65","9","","197","572","290","OBHBHFCO_00673","","HDHBLALJ_00920","","HIOKELPH_01136","DOCPNFPP_01199"
"group_1330","","hypothetical protein","4","4","1","3","112","28","8","","626","626","626","OBHBHFCO_00849","","HDHBLALJ_01026","","HIOKELPH_01243","DOCPNFPP_01093"
"pyk","","Pyruvate kinase","4","4","1","3","113","28","9","","1442","1442","1442","OBHBHFCO_00850","","HDHBLALJ_01027","","HIOKELPH_01244","DOCPNFPP_01092"
"mqo","","Malate:quinone oxidoreductase","4","4","1","3","114","28","16","","1346","1346","1346","OBHBHFCO_00851","","HDHBLALJ_01028","","HIOKELPH_01245","DOCPNFPP_01091"
"coaX","","Type III pantothenate kinase","4","4","1","3","115","28","15","","629","629","629","OBHBHFCO_00852","","HDHBLALJ_01029","","HIOKELPH_01246","DOCPNFPP_01090"
"group_1334","","hypothetical protein","4","4","1","3","116","28","14","","287","287","287","OBHBHFCO_00853","","HDHBLALJ_01030","","HIOKELPH_01247","DOCPNFPP_01089"
"pgbB","","Plasminogen-binding protein PgbB","4","4","1","3","117","28","13","","998","998","998","OBHBHFCO_00854","","HDHBLALJ_01031","","HIOKELPH_01248","DOCPNFPP_01088"
"group_1336","","hypothetical protein","4","4","1","3","118","28","12","","578","578","578","OBHBHFCO_00855","","HDHBLALJ_01032","","HIOKELPH_01249","DOCPNFPP_01087"
"gatC","","Glutamyl-tRNA(Gln) amidotransferase subunit C","4","4","1","3","119","28","11","","287","287","287","OBHBHFCO_00856","","HDHBLALJ_01033","","HIOKELPH_01250","DOCPNFPP_01086"
"group_1338","","hypothetical protein","4","4","1","3","120","28","10","","560","560","560","OBHBHFCO_00857","","HDHBLALJ_01034","","HIOKELPH_01251","DOCPNFPP_01085"
"lysS","","Lysine--tRNA ligase","4","4","1","3","54","142","2","","1508","1508","1508","OBHBHFCO_00859","","HDHBLALJ_01036","","HIOKELPH_01253","DOCPNFPP_01083"
"glyA","","Serine hydroxymethyltransferase","4","4","1","3","53","142","1","","1244","1244","1244","OBHBHFCO_00860","","HDHBLALJ_01037","","HIOKELPH_01254","DOCPNFPP_01082"
"group_1341","","hypothetical protein","4","4","1","3","56","97","1","","827","827","827","OBHBHFCO_00862","","HDHBLALJ_01039","","HIOKELPH_01256","DOCPNFPP_01080"
"aroE","","Shikimate dehydrogenase (NADP(+))","4","4","1","3","55","97","2","","791","791","791","OBHBHFCO_00863","","HDHBLALJ_01040","","HIOKELPH_01257","DOCPNFPP_01079"
"group_1343","","hypothetical protein","4","4","1","3","100","97","3","","905","905","905","OBHBHFCO_00864","","HDHBLALJ_01041","","HIOKELPH_01258","DOCPNFPP_01078"
"lgt","","Phosphatidylglycerol--prolipoprotein diacylglyceryl transferase","4","4","1","3","101","97","5","","815","815","815","OBHBHFCO_00865","","HDHBLALJ_01042","","HIOKELPH_01259","DOCPNFPP_01077"
"frdC","","Fumarate reductase cytochrome b subunit","4","4","1","3","102","97","4","","785","785","785","OBHBHFCO_00866","","HDHBLALJ_01043","","HIOKELPH_01260","DOCPNFPP_01076"
"der_2","","GTPase Der","4","4","1","3","61","86","2","","2186","2186","2186","OBHBHFCO_00869","","HDHBLALJ_01046","","HIOKELPH_01263","DOCPNFPP_01073"
"der_3","","GTPase Der","4","4","1","3","60","86","3","","1832","1832","1832","OBHBHFCO_00870","","HDHBLALJ_01047","","HIOKELPH_01264","DOCPNFPP_01072"
"hcpC","","Putative beta-lactamase HcpC","4","4","1","3","59","86","4","","704","704","704","OBHBHFCO_00871","","HDHBLALJ_01048","","HIOKELPH_01265","DOCPNFPP_01071"
"group_1349","","hypothetical protein","4","4","1","3","58","86","5","","680","680","680","OBHBHFCO_00872","","HDHBLALJ_01049","","HIOKELPH_01266","DOCPNFPP_01070"
"group_1350","","hypothetical protein","4","4","1","3","57","86","6","","362","362","362","OBHBHFCO_00873","","HDHBLALJ_01050","","HIOKELPH_01267","DOCPNFPP_01069"
"yceI","","Protein YceI","4","4","1","3","62","86","1","","572","572","572","OBHBHFCO_00874","","HDHBLALJ_01051","","HIOKELPH_01268","DOCPNFPP_01068"
"group_1353","","hypothetical protein","4","4","1","3","84","109","4","","353","353","353","OBHBHFCO_00878","","HDHBLALJ_01055","","HIOKELPH_01272","DOCPNFPP_01064"
"group_1354","","hypothetical protein","4","4","1","3","83","109","2","","206","206","206","OBHBHFCO_00879","","HDHBLALJ_01056","","HIOKELPH_01273","DOCPNFPP_01063"
"group_1355","","hypothetical protein","4","4","1","3","67","109","1","","299","299","299","OBHBHFCO_00880","","HDHBLALJ_01057","","HIOKELPH_01274","DOCPNFPP_01062"
"group_1356","","hypothetical protein","4","4","1","3","73","92","6","","332","332","332","OBHBHFCO_00882","","HDHBLALJ_01059","","HIOKELPH_01276","DOCPNFPP_01060"
"group_1357","","hypothetical protein","4","4","1","3","72","92","5","","377","377","377","OBHBHFCO_00883","","HDHBLALJ_01060","","HIOKELPH_01277","DOCPNFPP_01059"
"group_1358","","hypothetical protein","4","4","1","3","71","92","4","","584","584","584","OBHBHFCO_00884","","HDHBLALJ_01061","","HIOKELPH_01278","DOCPNFPP_01058"
"accB","","Biotin carboxyl carrier protein of acetyl-CoA carboxylase","4","4","1","1","552","161","1","","455","455","455","OBHBHFCO_00890","","HDHBLALJ_00560","","HIOKELPH_00048","DOCPNFPP_01500"
"surA","","Chaperone SurA","4","4","1","1","551","2","65","","815","815","815","OBHBHFCO_00892","","HDHBLALJ_00558","","HIOKELPH_00050","DOCPNFPP_01502"
"gltX1","","Glutamate--tRNA ligase 1","4","4","1","1","550","2","66","","1391","1391","1391","OBHBHFCO_00893","","HDHBLALJ_00557","","HIOKELPH_00051","DOCPNFPP_01503"
"maeB","","NADP-dependent malic enzyme","4","4","1","1","549","2","67","","1235","1235","1235","OBHBHFCO_00894","","HDHBLALJ_00556","","HIOKELPH_00052","DOCPNFPP_01504"
"upp","","Uracil phosphoribosyltransferase","4","4","1","1","548","2","68","","626","626","626","OBHBHFCO_00895","","HDHBLALJ_00555","","HIOKELPH_00053","DOCPNFPP_01505"
"mqnA","","Chorismate dehydratase","4","4","1","1","547","2","69","","671","671","671","OBHBHFCO_00896","","HDHBLALJ_00554","","HIOKELPH_00054","DOCPNFPP_01506"
"ktrA","","Ktr system potassium uptake protein A","4","4","1","1","546","2","70","","650","650","650","OBHBHFCO_00897","","HDHBLALJ_00553","","HIOKELPH_00055","DOCPNFPP_01507"
"ktrB","","Ktr system potassium uptake protein B","4","4","1","1","545","2","71","","1343","1343","1343","OBHBHFCO_00898","","HDHBLALJ_00552","","HIOKELPH_00056","DOCPNFPP_01508"
"ribBA","","Riboflavin biosynthesis protein RibBA","4","4","1","1","544","2","72","","1019","1019","1019","OBHBHFCO_00902","","HDHBLALJ_00548","","HIOKELPH_00060","DOCPNFPP_01512"
"yqeY","","putative protein YqeY","4","4","1","1","543","2","73","","443","443","443","OBHBHFCO_00903","","HDHBLALJ_00547","","HIOKELPH_00061","DOCPNFPP_01513"
"ilvB","","Acetolactate synthase large subunit","4","4","1","1","320","2","74","","1700","1700","1700","OBHBHFCO_00904","","HDHBLALJ_00546","","HIOKELPH_00062","DOCPNFPP_01514"
"ilvH","","Acetolactate synthase isozyme 3 small subunit","4","4","1","1","321","2","75","","464","464","464","OBHBHFCO_00905","","HDHBLALJ_00545","","HIOKELPH_00063","DOCPNFPP_01515"
"lpxD","","UDP-3-O-acylglucosamine N-acyltransferase","4","4","1","1","322","2","76","","953","953","953","OBHBHFCO_00906","","HDHBLALJ_00544","","HIOKELPH_00064","DOCPNFPP_01516"
"queA","","S-adenosylmethionine:tRNA ribosyltransferase-isomerase","4","4","1","1","323","2","77","","1025","1025","1025","OBHBHFCO_00907","","HDHBLALJ_00543","","HIOKELPH_00065","DOCPNFPP_01517"
"tatC","","Sec-independent protein translocase protein TatC","4","4","1","1","324","2","78","","746","746","746","OBHBHFCO_00908","","HDHBLALJ_00542","","HIOKELPH_00066","DOCPNFPP_01518"
"tatB","","Sec-independent protein translocase protein TatB","4","4","1","1","325","2","79","","404","404","404","OBHBHFCO_00909","","HDHBLALJ_00541","","HIOKELPH_00067","DOCPNFPP_01519"
"hemW","","Heme chaperone HemW","4","4","1","1","326","2","80","","1067","1067","1067","OBHBHFCO_00910","","HDHBLALJ_00540","","HIOKELPH_00068","DOCPNFPP_01520"
"rppH","","RNA pyrophosphohydrolase","4","4","1","1","327","2","81","","470","470","470","OBHBHFCO_00911","","HDHBLALJ_00539","","HIOKELPH_00069","DOCPNFPP_01521"
"group_1377","","Aspartate kinase","4","4","1","1","328","2","82","","1202","1202","1202","OBHBHFCO_00912","","HDHBLALJ_00538","","HIOKELPH_00070","DOCPNFPP_01522"
"group_1378","","hypothetical protein","4","4","1","1","329","2","83","","533","533","533","OBHBHFCO_00913","","HDHBLALJ_00537","","HIOKELPH_00071","DOCPNFPP_01523"
"group_1379","","hypothetical protein","4","4","1","1","330","2","84","","611","611","611","OBHBHFCO_00914","","HDHBLALJ_00536","","HIOKELPH_00072","DOCPNFPP_01524"
"group_1380","","hypothetical protein","4","4","1","1","339","2","63","","1004","1004","1004","OBHBHFCO_00917","","HDHBLALJ_00533","","HIOKELPH_00075","DOCPNFPP_01527"
"tlyA","","16S/23S rRNA (cytidine-2'-O)-methyltransferase TlyA","4","4","1","1","338","2","62","","749","749","749","OBHBHFCO_00918","","HDHBLALJ_00532","","HIOKELPH_00076","DOCPNFPP_01528"
"ribF","","Bifunctional riboflavin kinase/FMN adenylyltransferase","4","4","1","1","337","2","61","","836","836","836","OBHBHFCO_00919","","HDHBLALJ_00531","","HIOKELPH_00077","DOCPNFPP_01529"
"cmoA","","Carboxy-S-adenosyl-L-methionine synthase","4","4","1","1","336","2","60","","704","704","704","OBHBHFCO_00920","","HDHBLALJ_00530","","HIOKELPH_00078","DOCPNFPP_01530"
"group_1384","","hypothetical protein","4","4","1","1","334","2","58","","632","632","632","OBHBHFCO_00922","","HDHBLALJ_00528","","HIOKELPH_00080","DOCPNFPP_01532"
"group_1385","","hypothetical protein","4","4","1","1","333","2","57","","650","650","650","OBHBHFCO_00923","","HDHBLALJ_00527","","HIOKELPH_00081","DOCPNFPP_01533"
"nth_2","","Endonuclease III","4","4","1","1","332","2","56","","626","626","626","OBHBHFCO_00924","","HDHBLALJ_00526","","HIOKELPH_00082","DOCPNFPP_01534"
"cbf2","","Putative peptidyl-prolyl cis-trans isomerase Cbf2","4","4","1","1","331","2","55","","821","821","821","OBHBHFCO_00925","","HDHBLALJ_00525","","HIOKELPH_00083","DOCPNFPP_01535"
"fba","","Fructose-bisphosphate aldolase","4","4","1","1","677","2","54","","1064","1064","1064","OBHBHFCO_00926","","HDHBLALJ_00524","","HIOKELPH_00084","DOCPNFPP_01536"
"group_1389","","hypothetical protein","4","4","1","1","678","2","53","","1454","1454","1454","OBHBHFCO_00927","","HDHBLALJ_00523","","HIOKELPH_00085","DOCPNFPP_01537"
"pal_1","","Peptidoglycan-associated lipoprotein","4","4","1","1","679","2","52","","950","950","950","OBHBHFCO_00928","","HDHBLALJ_00522","","HIOKELPH_00086","DOCPNFPP_01538"
"group_1391","","hypothetical protein","4","4","1","1","680","2","51","","869","869","869","OBHBHFCO_00929","","HDHBLALJ_00521","","HIOKELPH_00087","DOCPNFPP_01539"
"yfkJ","","Low molecular weight protein-tyrosine-phosphatase YfkJ","4","4","1","1","681","2","50","","455","455","455","OBHBHFCO_00930","","HDHBLALJ_00520","","HIOKELPH_00088","DOCPNFPP_01540"
"sbnD","","Staphyloferrin B transporter","4","4","1","1","682","2","49","","1184","1184","1184","OBHBHFCO_00931","","HDHBLALJ_00519","","HIOKELPH_00089","DOCPNFPP_01541"
"group_1394","","hypothetical protein","4","4","1","1","683","2","48","","656","656","656","OBHBHFCO_00932","","HDHBLALJ_00518","","HIOKELPH_00090","DOCPNFPP_01542"
"group_1395","","putative tautomerase","4","4","1","1","684","2","47","","209","209","209","OBHBHFCO_00933","","HDHBLALJ_00517","","HIOKELPH_00091","DOCPNFPP_01543"
"group_1396","","hypothetical protein","4","4","1","1","685","2","46","","269","269","269","OBHBHFCO_00934","","HDHBLALJ_00516","","HIOKELPH_00092","DOCPNFPP_01544"
"group_1397","","hypothetical protein","4","4","1","1","686","2","45","","482","482","482","OBHBHFCO_00935","","HDHBLALJ_00515","","HIOKELPH_00093","DOCPNFPP_01545"
"pnp","","Polyribonucleotide nucleotidyltransferase","4","4","1","1","687","2","44","","2216","2216","2216","OBHBHFCO_00936","","HDHBLALJ_00514","","HIOKELPH_00094","DOCPNFPP_01546"
"lptD","","LPS-assembly protein LptD","4","4","1","1","688","2","43","","2048","2048","2048","OBHBHFCO_00937","","HDHBLALJ_00513","","HIOKELPH_00095","DOCPNFPP_01547"
"group_1400","","hypothetical protein","4","4","1","1","689","2","42","","452","452","452","OBHBHFCO_00938","","HDHBLALJ_00512","","HIOKELPH_00096","DOCPNFPP_01548"
"purD","","Phosphoribosylamine--glycine ligase","4","4","1","1","690","2","41","","1250","1250","1250","OBHBHFCO_00939","","HDHBLALJ_00511","","HIOKELPH_00097","DOCPNFPP_01549"
"group_1402","","hypothetical protein","4","4","1","1","691","2","40","","1460","1460","1460","OBHBHFCO_00940","","HDHBLALJ_00510","","HIOKELPH_00098","DOCPNFPP_01550"
"COQ3_2","","Ubiquinone biosynthesis O-methyltransferase, mitochondrial","4","4","1","1","693","2","38","","608","608","608","OBHBHFCO_00942","","HDHBLALJ_00508","","HIOKELPH_00100","DOCPNFPP_01552"
"group_1404","","hypothetical protein","4","4","1","1","1750","26","2","","476","476","476","OBHBHFCO_00944","","HDHBLALJ_00506","","HIOKELPH_00102","DOCPNFPP_01554"
"uvrC","","UvrABC system protein C","4","4","1","1","1749","26","3","","1814","1814","1814","OBHBHFCO_00945","","HDHBLALJ_00505","","HIOKELPH_00103","DOCPNFPP_01555"
"group_1406","","hypothetical protein","4","4","1","1","1748","26","4","","1193","1193","1193","OBHBHFCO_00946","","HDHBLALJ_00504","","HIOKELPH_00104","DOCPNFPP_01556"
"moaA_1","","GTP 3',8-cyclase","4","4","1","1","1747","26","5","","902","902","902","OBHBHFCO_00947","","HDHBLALJ_00503","","HIOKELPH_00105","DOCPNFPP_01557"
"hemE","","Uroporphyrinogen decarboxylase","4","4","1","1","1746","26","6","","1022","1022","1022","OBHBHFCO_00948","","HDHBLALJ_00502","","HIOKELPH_00106","DOCPNFPP_01558"
"group_1409","","hypothetical protein","4","4","1","1","1745","26","7","","311","311","311","OBHBHFCO_00949","","HDHBLALJ_00501","","HIOKELPH_00107","DOCPNFPP_01559"
"djlA_2","","Co-chaperone protein DjlA","4","4","1","1","2272","47","2","","440","800","590","OBHBHFCO_00997","","HDHBLALJ_01349","","HIOKELPH_00982","DOCPNFPP_00773"
"group_1410","","hypothetical protein","4","4","1","1","1744","26","8","","605","605","605","OBHBHFCO_00950","","HDHBLALJ_00500","","HIOKELPH_00108","DOCPNFPP_01560"
"pdxA","","4-hydroxythreonine-4-phosphate dehydrogenase","4","4","1","1","1743","26","9","","1100","1100","1100","OBHBHFCO_00951","","HDHBLALJ_00499","","HIOKELPH_00109","DOCPNFPP_01561"
"pdxJ","","Pyridoxine 5'-phosphate synthase","4","4","1","1","1715","26","10","","767","767","767","OBHBHFCO_00952","","HDHBLALJ_00498","","HIOKELPH_00110","DOCPNFPP_01562"
"group_1413","","hypothetical protein","4","4","1","1","1716","26","11","","977","977","977","OBHBHFCO_00953","","HDHBLALJ_00497","","HIOKELPH_00111","DOCPNFPP_01563"
"fdhB1","","Formate dehydrogenase iron-sulfur subunit","4","4","1","1","11","182","1","","641","641","641","OBHBHFCO_00966","","HDHBLALJ_01318","","HIOKELPH_00951","DOCPNFPP_00804"
"selD","","Selenide, water dikinase","4","4","1","1","6","25","15","","926","926","926","OBHBHFCO_00972","","HDHBLALJ_01324","","HIOKELPH_00957","DOCPNFPP_00798"
"rocA","","1-pyrroline-5-carboxylate dehydrogenase","4","4","1","1","5","25","14","","3503","3503","3503","OBHBHFCO_00973","","HDHBLALJ_01325","","HIOKELPH_00958","DOCPNFPP_00797"
"putP","","High-affinity proline transporter PutP","4","4","1","1","167","25","13","","1481","1481","1481","OBHBHFCO_00974","","HDHBLALJ_01326","","HIOKELPH_00959","DOCPNFPP_00796"
"yedF","","Putative sulfur carrier protein YedF","4","4","1","1","168","25","12","","227","227","227","OBHBHFCO_00975","","HDHBLALJ_01327","","HIOKELPH_00960","DOCPNFPP_00795"
"group_1430","","hypothetical protein","4","4","1","1","169","25","11","","1211","1211","1211","OBHBHFCO_00976","","HDHBLALJ_01328","","HIOKELPH_00961","DOCPNFPP_00794"
"group_1431","","hypothetical protein","4","4","1","1","172","82","1","","518","518","518","OBHBHFCO_00980","","HDHBLALJ_01332","","HIOKELPH_00965","DOCPNFPP_00790"
"group_1432","","hypothetical protein","4","4","1","1","171","82","6","","551","551","551","OBHBHFCO_00981","","HDHBLALJ_01333","","HIOKELPH_00966","DOCPNFPP_00789"
"carA","","Carbamoyl-phosphate synthase small chain","4","4","1","1","1","82","5","","1118","1118","1118","OBHBHFCO_00982","","HDHBLALJ_01334","","HIOKELPH_00967","DOCPNFPP_00788"
"group_1434","","hypothetical protein","4","4","1","1","2","82","4","","671","671","671","OBHBHFCO_00983","","HDHBLALJ_01335","","HIOKELPH_00968","DOCPNFPP_00787"
"sasA_4","","Adaptive-response sensory-kinase SasA","4","4","1","1","3","82","3","","1214","1214","1214","OBHBHFCO_00984","","HDHBLALJ_01336","","HIOKELPH_00969","DOCPNFPP_00786"
"mprA_2","","Response regulator MprA","4","4","1","1","4","82","2","","668","668","668","OBHBHFCO_00985","","HDHBLALJ_01337","","HIOKELPH_00970","DOCPNFPP_00785"
"group_1437","","hypothetical protein","4","4","1","1","181","47","12","","665","665","665","OBHBHFCO_00987","","HDHBLALJ_01339","","HIOKELPH_00972","DOCPNFPP_00783"
"group_1438","","hypothetical protein","4","4","1","1","180","47","11","","251","251","251","OBHBHFCO_00988","","HDHBLALJ_01340","","HIOKELPH_00973","DOCPNFPP_00782"
"ccoP","","Cbb3-type cytochrome c oxidase subunit CcoP","4","4","1","1","2273","47","10","","863","863","863","OBHBHFCO_00989","","HDHBLALJ_01341","","HIOKELPH_00974","DOCPNFPP_00781"
"group_144","","hypothetical protein","4","4","1","2","12","57","7","","530","962","854","OBHBHFCO_01109","","HDHBLALJ_01420","","HIOKELPH_01305","DOCPNFPP_01356"
"group_1440","","hypothetical protein","4","4","1","1","2274","47","9","","221","221","221","OBHBHFCO_00990","","HDHBLALJ_01342","","HIOKELPH_00975","DOCPNFPP_00780"
"group_1441","","hypothetical protein","4","4","1","1","2275","47","8","","101","101","101","OBHBHFCO_00991","","HDHBLALJ_01343","","HIOKELPH_00976","DOCPNFPP_00779"
"group_1442","","hypothetical protein","4","4","1","1","2276","47","7","","590","590","590","OBHBHFCO_00992","","HDHBLALJ_01344","","HIOKELPH_00977","DOCPNFPP_00778"
"group_1443","","hypothetical protein","4","4","1","1","2277","47","6","","524","524","524","OBHBHFCO_00993","","HDHBLALJ_01345","","HIOKELPH_00978","DOCPNFPP_00777"
"group_1444","","hypothetical protein","4","4","1","1","2278","47","5","","2366","2366","2366","OBHBHFCO_00994","","HDHBLALJ_01346","","HIOKELPH_00979","DOCPNFPP_00776"
"addA","","ATP-dependent helicase/nuclease subunit A","4","4","1","1","2280","47","4","","2762","2762","2762","OBHBHFCO_00995","","HDHBLALJ_01347","","HIOKELPH_00980","DOCPNFPP_00775"
"oprF","","Outer membrane porin F","4","4","1","1","193","133","2","","998","998","998","OBHBHFCO_01000","","HDHBLALJ_01352","","HIOKELPH_00985","DOCPNFPP_00770"
"gph_2","","Phosphoglycolate phosphatase","4","4","1","1","192","133","1","","638","638","638","OBHBHFCO_01001","","HDHBLALJ_01353","","HIOKELPH_00986","DOCPNFPP_00769"
"group_1449","","hypothetical protein","4","4","1","1","199","68","8","","296","296","296","OBHBHFCO_01003","","HDHBLALJ_01355","","HIOKELPH_00988","DOCPNFPP_00767"
"sctC","","Type 3 secretion system secretin","4","4","1","1","198","68","7","","1418","1418","1418","OBHBHFCO_01004","","HDHBLALJ_01356","","HIOKELPH_00989","DOCPNFPP_00766"
"group_1451","","hypothetical protein","4","4","1","1","197","68","6","","596","596","596","OBHBHFCO_01005","","HDHBLALJ_01357","","HIOKELPH_00990","DOCPNFPP_00765"
"group_1452","","hypothetical protein","4","4","1","1","196","68","5","","596","596","596","OBHBHFCO_01006","","HDHBLALJ_01358","","HIOKELPH_00991","DOCPNFPP_00764"
"group_1453","","hypothetical protein","4","4","1","1","195","68","4","","1562","1562","1562","OBHBHFCO_01007","","HDHBLALJ_01359","","HIOKELPH_00992","DOCPNFPP_00763"
"gspF","","Putative type II secretion system protein F","4","4","1","1","194","68","3","","1175","1175","1175","OBHBHFCO_01008","","HDHBLALJ_01360","","HIOKELPH_00993","DOCPNFPP_00762"
"yfcA","","putative membrane transporter protein YfcA","4","4","1","1","2256","68","2","","764","764","764","OBHBHFCO_01009","","HDHBLALJ_01361","","HIOKELPH_00994","DOCPNFPP_00761"
"group_1456","","hypothetical protein","4","4","1","1","2257","68","1","","764","764","764","OBHBHFCO_01010","","HDHBLALJ_01362","","HIOKELPH_00995","DOCPNFPP_00760"
"flgI","","Flagellar P-ring protein","4","4","1","1","2237","72","1","","1046","1046","1046","OBHBHFCO_01015","","HDHBLALJ_01367","","HIOKELPH_01000","DOCPNFPP_00755"
"lapB","","Lipopolysaccharide assembly protein B","4","4","1","2","304","33","11","","983","983","983","OBHBHFCO_01016","","HDHBLALJ_01156","","HIOKELPH_01463","DOCPNFPP_00967"
"rnhA","","Ribonuclease H","4","4","1","2","305","33","12","","440","440","440","OBHBHFCO_01017","","HDHBLALJ_01155","","HIOKELPH_01462","DOCPNFPP_00966"
"rnc","","Ribonuclease 3","4","4","1","2","306","33","13","","674","674","674","OBHBHFCO_01018","","HDHBLALJ_01154","","HIOKELPH_01461","DOCPNFPP_00965"
"aroC","","Chorismate synthase","4","4","1","2","307","33","14","","1091","1091","1091","OBHBHFCO_01019","","HDHBLALJ_01153","","HIOKELPH_01460","DOCPNFPP_00964"
"group_1462","","hypothetical protein","4","4","1","2","308","33","15","","548","548","548","OBHBHFCO_01020","","HDHBLALJ_01152","","HIOKELPH_01459","DOCPNFPP_00963"
"fhaC","","Filamentous hemagglutinin transporter protein FhaC","4","4","1","2","313","33","4","","1343","1343","1343","OBHBHFCO_01025","","HDHBLALJ_01149","","HIOKELPH_01453","DOCPNFPP_00958"
"mnmA_1","","tRNA-specific 2-thiouridylase MnmA","4","4","1","2","314","33","3","","983","983","983","OBHBHFCO_01026","","HDHBLALJ_01148","","HIOKELPH_01452","DOCPNFPP_00957"
"group_1465","","hypothetical protein","4","4","1","2","299","88","1","","869","869","869","OBHBHFCO_01028","","HDHBLALJ_01146","","HIOKELPH_01450","DOCPNFPP_00955"
"tolR","","Tol-Pal system protein TolR","4","4","1","2","298","88","2","","389","389","389","OBHBHFCO_01029","","HDHBLALJ_01145","","HIOKELPH_01449","DOCPNFPP_00954"
"tolQ_1","","Tol-Pal system protein TolQ","4","4","1","2","297","88","3","","425","425","425","OBHBHFCO_01030","","HDHBLALJ_01144","","HIOKELPH_01448","DOCPNFPP_00953"
"group_1468","","hypothetical protein","4","4","1","2","286","88","6","","737","737","737","OBHBHFCO_01031","","HDHBLALJ_01143","","HIOKELPH_01447","DOCPNFPP_00952"
"group_1469","","hypothetical protein","4","4","1","2","287","88","5","","416","416","416","OBHBHFCO_01032","","HDHBLALJ_01142","","HIOKELPH_01446","DOCPNFPP_00951"
"sdaC","","Serine transporter","4","4","1","2","288","88","4","","1322","1322","1322","OBHBHFCO_01033","","HDHBLALJ_01141","","HIOKELPH_01445","DOCPNFPP_00950"
"group_1471","","hypothetical protein","4","4","1","2","164","27","1","","521","521","521","OBHBHFCO_01035","","HDHBLALJ_01139","","HIOKELPH_01443","DOCPNFPP_00948"
"ribD","","Riboflavin biosynthesis protein RibD","4","4","1","2","163","27","2","","980","980","980","OBHBHFCO_01036","","HDHBLALJ_01138","","HIOKELPH_01442","DOCPNFPP_00947"
"group_1473","","hypothetical protein","4","4","1","2","161","27","4","","329","329","329","OBHBHFCO_01038","","HDHBLALJ_01136","","HIOKELPH_01440","DOCPNFPP_00945"
"group_1474","","hypothetical protein","4","4","1","2","160","27","5","","758","758","758","OBHBHFCO_01043","","HDHBLALJ_01131","","HIOKELPH_01435","DOCPNFPP_00940"
"group_1475","","hypothetical protein","4","4","1","2","168","27","6","","236","236","236","OBHBHFCO_01044","","HDHBLALJ_01130","","HIOKELPH_01434","DOCPNFPP_00939"
"group_1476","","Bacteriohemerythrin","4","4","1","2","169","27","7","","338","338","338","OBHBHFCO_01045","","HDHBLALJ_01129","","HIOKELPH_01433","DOCPNFPP_00938"
"mutY","","Adenine DNA glycosylase","4","4","1","2","171","27","9","","1019","1019","1019","OBHBHFCO_01047","","HDHBLALJ_01127","","HIOKELPH_01549","DOCPNFPP_00936"
"kgtP","","Alpha-ketoglutarate permease","4","4","1","2","172","27","17","","1262","1262","1262","OBHBHFCO_01048","","HDHBLALJ_01126","","HIOKELPH_01550","DOCPNFPP_00935"
"moaA_2","","GTP 3',8-cyclase","4","4","1","2","173","27","16","","857","857","857","OBHBHFCO_01049","","HDHBLALJ_01125","","HIOKELPH_01551","DOCPNFPP_00934"
"btuF","","Vitamin B12-binding protein","4","4","1","2","174","27","15","","806","806","806","OBHBHFCO_01050","","HDHBLALJ_01124","","HIOKELPH_01552","DOCPNFPP_00933"
"fepC","","Ferric enterobactin transport ATP-binding protein FepC","4","4","1","2","175","27","14","","779","779","779","OBHBHFCO_01051","","HDHBLALJ_01123","","HIOKELPH_01553","DOCPNFPP_00932"
"hmuU","","Hemin transport system permease protein HmuU","4","4","1","2","176","27","13","","1001","1001","1001","OBHBHFCO_01052","","HDHBLALJ_01122","","HIOKELPH_01554","DOCPNFPP_00931"
"btuB","","Vitamin B12 transporter BtuB","4","4","1","2","177","27","12","","2108","2108","2108","OBHBHFCO_01053","","HDHBLALJ_01121","","HIOKELPH_01555","DOCPNFPP_00930"
"hugZ","","Heme oxygenase HugZ","4","4","1","2","178","27","11","","755","755","755","OBHBHFCO_01054","","HDHBLALJ_01120","","HIOKELPH_01556","DOCPNFPP_00929"
"prfA","","Peptide chain release factor RF1","4","4","1","2","179","27","10","","1067","1067","1067","OBHBHFCO_01055","","HDHBLALJ_01119","","HIOKELPH_01557","DOCPNFPP_00928"
"pgpA","","Phosphatidylglycerophosphatase A","4","4","1","2","167","95","1","","500","500","500","OBHBHFCO_01057","","HDHBLALJ_01117","","HIOKELPH_01559","DOCPNFPP_00926"
"sat","","Sulfate adenylyltransferase","4","4","1","2","166","95","2","","1160","1160","1160","OBHBHFCO_01058","","HDHBLALJ_01116","","HIOKELPH_01560","DOCPNFPP_00925"
"group_1488","","hypothetical protein","4","4","1","2","180","95","3","","887","887","887","OBHBHFCO_01059","","HDHBLALJ_01115","","HIOKELPH_01561","DOCPNFPP_00924"
"ispDF","","Bifunctional enzyme IspD/IspF","4","4","1","2","181","95","4","","1115","1115","1115","OBHBHFCO_01060","","HDHBLALJ_01114","","HIOKELPH_01562","DOCPNFPP_00923"
"group_149","","hypothetical protein","4","4","1","1","2036","6","29","","1181","1184","1181","OBHBHFCO_01174","","HDHBLALJ_01563","","HIOKELPH_01030","DOCPNFPP_00715"
"group_1490","","Iron-sulfur cluster carrier protein","4","4","1","2","182","95","5","","1106","1106","1106","OBHBHFCO_01061","","HDHBLALJ_01113","","HIOKELPH_01563","DOCPNFPP_00922"
"group_1491","","hypothetical protein","4","4","1","2","185","69","6","","515","515","515","OBHBHFCO_01063","","HDHBLALJ_01111","","HIOKELPH_01565","DOCPNFPP_00920"
"hisI","","Histidine biosynthesis bifunctional protein HisIE","4","4","1","2","184","69","7","","623","623","623","OBHBHFCO_01064","","HDHBLALJ_01110","","HIOKELPH_01566","DOCPNFPP_00919"
"group_1493","hisF_1","Imidazole glycerol phosphate synthase subunit HisF","4","4","1","2","183","69","8","","767","767","767","OBHBHFCO_01065","","HDHBLALJ_01109","","HIOKELPH_01567","DOCPNFPP_00918"
"hisA","","1-(5-phosphoribosyl)-5-[(5-phosphoribosylamino)methylideneamino] imidazole-4-carboxamide isomerase","4","4","1","2","253","69","5","","728","728","728","OBHBHFCO_01066","","HDHBLALJ_01108","","HIOKELPH_01568","DOCPNFPP_00917"
"hisH_1","","Imidazole glycerol phosphate synthase subunit HisH","4","4","1","2","254","69","4","","587","587","587","OBHBHFCO_01067","","HDHBLALJ_01107","","HIOKELPH_01569","DOCPNFPP_00916"
"hisB","","Histidine biosynthesis bifunctional protein HisB","4","4","1","2","255","69","3","","1061","1061","1061","OBHBHFCO_01068","","HDHBLALJ_01106","","HIOKELPH_01570","DOCPNFPP_00915"
"hisD","","Histidinol dehydrogenase","4","4","1","2","256","69","2","","1286","1286","1286","OBHBHFCO_01069","","HDHBLALJ_01105","","HIOKELPH_01571","DOCPNFPP_00914"
"hisG","","ATP phosphoribosyltransferase","4","4","1","2","257","69","1","","899","899","899","OBHBHFCO_01070","","HDHBLALJ_01104","","HIOKELPH_01572","DOCPNFPP_00913"
"group_1499","","hypothetical protein","4","4","1","2","192","58","1","","860","860","860","OBHBHFCO_01077","","HDHBLALJ_01097","","HIOKELPH_01579","DOCPNFPP_00906"
"group_150","","hypothetical protein","4","4","1","3","423","53","10","","338","716","621","OBHBHFCO_01224","","HDHBLALJ_01643","","HIOKELPH_01671","DOCPNFPP_01632"
"group_1500","","hypothetical protein","4","4","1","2","191","58","2","","488","488","488","OBHBHFCO_01078","","HDHBLALJ_01096","","HIOKELPH_01580","DOCPNFPP_00905"
"group_1501","","hypothetical protein","4","4","1","2","186","58","7","","158","158","158","OBHBHFCO_01082","","HDHBLALJ_01092","","HIOKELPH_01585","DOCPNFPP_00901"
"group_1502","","hypothetical protein","4","4","1","2","2","31","13","","413","413","413","OBHBHFCO_01086","","HDHBLALJ_01443","","HIOKELPH_01330","DOCPNFPP_01333"
"group_1503","","hypothetical protein","4","4","1","2","3","31","12","","530","530","530","OBHBHFCO_01089","","HDHBLALJ_01440","","HIOKELPH_01327","DOCPNFPP_01336"
"leuD1","","3-isopropylmalate dehydratase small subunit 1","4","4","1","2","4","31","11","","602","602","602","OBHBHFCO_01090","","HDHBLALJ_01439","","HIOKELPH_01326","DOCPNFPP_01337"
"leuC","","3-isopropylmalate dehydratase large subunit","4","4","1","2","5","31","10","","1406","1406","1406","OBHBHFCO_01091","","HDHBLALJ_01438","","HIOKELPH_01325","DOCPNFPP_01338"
"leuB","","3-isopropylmalate dehydrogenase","4","4","1","2","6","31","9","","1076","1076","1076","OBHBHFCO_01092","","HDHBLALJ_01437","","HIOKELPH_01324","DOCPNFPP_01339"
"leuA","","2-isopropylmalate synthase","4","4","1","2","7","31","8","","1535","1535","1535","OBHBHFCO_01093","","HDHBLALJ_01436","","HIOKELPH_01323","DOCPNFPP_01340"
"group_1508","","hypothetical protein","4","4","1","2","9","31","6","","644","644","644","OBHBHFCO_01095","","HDHBLALJ_01434","","HIOKELPH_01321","DOCPNFPP_01342"
"dnaN","","Beta sliding clamp","4","4","1","2","63","57","4","","1067","1067","1067","OBHBHFCO_01106","","HDHBLALJ_01423","","HIOKELPH_01310","DOCPNFPP_01353"
"gyrB","","DNA gyrase subunit B","4","4","1","2","62","57","5","","2312","2312","2312","OBHBHFCO_01107","","HDHBLALJ_01422","","HIOKELPH_01309","DOCPNFPP_01354"
"actP","","Cation/acetate symporter ActP","4","4","1","2","16","57","12","","1646","1646","1646","OBHBHFCO_01112","","HDHBLALJ_01417","","HIOKELPH_01302","DOCPNFPP_01359"
"group_1517","","hypothetical protein","4","4","1","2","17","57","11","","359","359","359","OBHBHFCO_01113","","HDHBLALJ_01416","","HIOKELPH_01301","DOCPNFPP_01360"
"group_1518","","hypothetical protein","4","4","1","2","18","57","10","","1301","1301","1301","OBHBHFCO_01114","","HDHBLALJ_01415","","HIOKELPH_01300","DOCPNFPP_01361"
"group_1519","gltB_1","Glutamate synthase [NADPH] small chain","4","4","1","2","20","128","2","","1445","1445","1445","OBHBHFCO_01116","","HDHBLALJ_01413","","HIOKELPH_01298","DOCPNFPP_01363"
"mdaB","","NADPH:quinone oxidoreductase MdaB","4","4","1","1","57","1","19","","485","581","509","OBHBHFCO_01255","","HDHBLALJ_01276","","HIOKELPH_00917","DOCPNFPP_00838"
"rnhB","","Ribonuclease HII","4","4","1","2","19","128","1","","608","608","608","OBHBHFCO_01117","","HDHBLALJ_01412","","HIOKELPH_01297","DOCPNFPP_01364"
"group_1521","","hypothetical protein","4","4","1","2","42","156","1","","1517","1517","1517","OBHBHFCO_01122","","HDHBLALJ_01407","","HIOKELPH_01292","DOCPNFPP_01369"
"yisK","","putative protein YisK","4","4","1","2","41","130","1","","866","866","866","OBHBHFCO_01124","","HDHBLALJ_01405","","HIOKELPH_01290","DOCPNFPP_01371"
"group_1523","","putative RNA pseudouridine synthase","4","4","1","2","35","130","2","","935","935","935","OBHBHFCO_01125","","HDHBLALJ_01404","","HIOKELPH_01289","DOCPNFPP_01372"
"tcyP","","L-cystine uptake protein TcyP","4","4","1","2","33","165","1","","1385","1385","1385","OBHBHFCO_01128","","HDHBLALJ_01401","","HIOKELPH_01286","DOCPNFPP_01375"
"pyrG","","CTP synthase","4","4","1","2","23","123","3","","1634","1634","1634","OBHBHFCO_01130","","HDHBLALJ_01399","","HIOKELPH_01284","DOCPNFPP_01377"
"recJ","","Single-stranded-DNA-specific exonuclease RecJ","4","4","1","2","22","123","2","","1571","1571","1571","OBHBHFCO_01131","","HDHBLALJ_01398","","HIOKELPH_01283","DOCPNFPP_01378"
"ansZ","","L-asparaginase 2","4","4","1","2","21","123","1","","995","995","995","OBHBHFCO_01132","","HDHBLALJ_01397","","HIOKELPH_01282","DOCPNFPP_01379"
"mqnE","","Aminodeoxyfutalosine synthase","4","4","1","1","2128","19","3","","1064","1064","1064","OBHBHFCO_01133","","HDHBLALJ_01604","","HIOKELPH_01071","DOCPNFPP_00674"
"group_1529","","Nucleobase transporter PlAzg1","4","4","1","1","2127","19","4","","1319","1319","1319","OBHBHFCO_01134","","HDHBLALJ_01603","","HIOKELPH_01070","DOCPNFPP_00675"
"gpt","","Xanthine phosphoribosyltransferase","4","4","1","1","2126","19","5","","443","443","443","OBHBHFCO_01135","","HDHBLALJ_01602","","HIOKELPH_01069","DOCPNFPP_00676"
"mlaA","","Intermembrane phospholipid transport system lipoprotein MlaA","4","4","1","1","2125","19","6","","698","698","698","OBHBHFCO_01136","","HDHBLALJ_01601","","HIOKELPH_01068","DOCPNFPP_00677"
"group_1532","","hypothetical protein","4","4","1","1","2124","19","7","","569","569","569","OBHBHFCO_01137","","HDHBLALJ_01600","","HIOKELPH_01067","DOCPNFPP_00678"
"group_1533","","hypothetical protein","4","4","1","1","2123","19","8","","2462","2462","2462","OBHBHFCO_01138","","HDHBLALJ_01599","","HIOKELPH_01066","DOCPNFPP_00679"
"group_1534","","dITP/XTP pyrophosphatase","4","4","1","1","2122","19","9","","608","608","608","OBHBHFCO_01139","","HDHBLALJ_01598","","HIOKELPH_01065","DOCPNFPP_00680"
"group_1535","","hypothetical protein","4","4","1","1","2054","19","10","","455","455","455","OBHBHFCO_01140","","HDHBLALJ_01597","","HIOKELPH_01064","DOCPNFPP_00681"
"yajR","","Inner membrane transport protein YajR","4","4","1","1","2055","19","11","","1295","1295","1295","OBHBHFCO_01141","","HDHBLALJ_01596","","HIOKELPH_01063","DOCPNFPP_00682"
"group_1537","","hypothetical protein","4","4","1","1","2056","19","19","","527","527","527","OBHBHFCO_01142","","HDHBLALJ_01595","","HIOKELPH_01062","DOCPNFPP_00683"
"group_1538","","hypothetical protein","4","4","1","1","2057","19","18","","710","710","710","OBHBHFCO_01143","","HDHBLALJ_01594","","HIOKELPH_01061","DOCPNFPP_00684"
"tuf","","Elongation factor Tu","4","4","1","1","2058","19","17","","1799","1799","1799","OBHBHFCO_01144","","HDHBLALJ_01593","","HIOKELPH_01060","DOCPNFPP_00685"
"selA","","L-seryl-tRNA(Sec) selenium transferase","4","4","1","1","2059","19","16","","1322","1322","1322","OBHBHFCO_01145","","HDHBLALJ_01592","","HIOKELPH_01059","DOCPNFPP_00686"
"rsxB_2","","Ion-translocating oxidoreductase complex subunit B","4","4","1","1","2060","19","15","","1661","1661","1661","OBHBHFCO_01146","","HDHBLALJ_01591","","HIOKELPH_01058","DOCPNFPP_00687"
"isiB","","Flavodoxin","4","4","1","1","2062","19","13","","491","491","491","OBHBHFCO_01148","","HDHBLALJ_01589","","HIOKELPH_01056","DOCPNFPP_00689"
"group_1543","","hypothetical protein","4","4","1","1","2063","19","12","","695","695","695","OBHBHFCO_01149","","HDHBLALJ_01588","","HIOKELPH_01055","DOCPNFPP_00690"
"katA","","Catalase","4","4","1","1","2053","38","11","","1424","1424","1424","OBHBHFCO_01151","","HDHBLALJ_01586","","HIOKELPH_01053","DOCPNFPP_00692"
"group_1545","","hypothetical protein","4","4","1","1","2051","38","13","","668","668","668","OBHBHFCO_01153","","HDHBLALJ_01584","","HIOKELPH_01051","DOCPNFPP_00694"
"yabJ","","2-iminobutanoate/2-iminopropanoate deaminase","4","4","1","1","2050","38","10","","362","362","362","OBHBHFCO_01154","","HDHBLALJ_01583","","HIOKELPH_01050","DOCPNFPP_00695"
"tpiA","","Triosephosphate isomerase","4","4","1","1","2047","6","17","","671","671","671","OBHBHFCO_01163","","HDHBLALJ_01574","","HIOKELPH_01041","DOCPNFPP_00704"
"pgk","","Phosphoglycerate kinase","4","4","1","1","2046","6","18","","1202","1202","1202","OBHBHFCO_01164","","HDHBLALJ_01573","","HIOKELPH_01040","DOCPNFPP_00705"
"nadD","","putative nicotinate-nucleotide adenylyltransferase","4","4","1","1","2044","6","20","","545","545","545","OBHBHFCO_01166","","HDHBLALJ_01571","","HIOKELPH_01038","DOCPNFPP_00707"
"rsfS","","Ribosomal silencing factor RsfS","4","4","1","1","2043","6","21","","326","326","326","OBHBHFCO_01167","","HDHBLALJ_01570","","HIOKELPH_01037","DOCPNFPP_00708"
"algC","","Phosphomannomutase/phosphoglucomutase","4","4","1","1","2042","6","22","","1364","1364","1364","OBHBHFCO_01168","","HDHBLALJ_01569","","HIOKELPH_01036","DOCPNFPP_00709"
"glmU_2","","Bifunctional protein GlmU","4","4","1","1","2034","6","31","","1496","1496","1496","OBHBHFCO_01176","","HDHBLALJ_01561","","HIOKELPH_01028","DOCPNFPP_00717"
"group_1556","","hypothetical protein","4","4","1","3","447","170","1","","1781","1781","1781","OBHBHFCO_01182","","HDHBLALJ_01685","","HIOKELPH_01714","DOCPNFPP_01674"
"group_1557","","hypothetical protein","4","4","1","3","451","77","6","","338","338","338","OBHBHFCO_01185","","HDHBLALJ_01682","","HIOKELPH_01711","DOCPNFPP_01671"
"hom","","Homoserine dehydrogenase","4","4","1","3","450","77","7","","1250","1250","1250","OBHBHFCO_01186","","HDHBLALJ_01681","","HIOKELPH_01710","DOCPNFPP_01670"
"alaC","","Glutamate-pyruvate aminotransferase AlaC","4","4","1","3","460","77","5","","1205","1205","1205","OBHBHFCO_01187","","HDHBLALJ_01680","","HIOKELPH_01709","DOCPNFPP_01669"
"group_156","","hypothetical protein","4","4","1","1","1164","48","9","","1406","1895","1528","OBHBHFCO_01357","","HDHBLALJ_00115","","HIOKELPH_00507","DOCPNFPP_00380"
"group_1560","","hypothetical protein","4","4","1","3","461","77","4","","806","806","806","OBHBHFCO_01188","","HDHBLALJ_01679","","HIOKELPH_01708","DOCPNFPP_01668"
"group_1561","","hypothetical protein","4","4","1","3","462","77","3","","947","947","947","OBHBHFCO_01189","","HDHBLALJ_01678","","HIOKELPH_01707","DOCPNFPP_01667"
"rlmB","","23S rRNA (guanosine-2'-O-)-methyltransferase RlmB","4","4","1","3","463","77","2","","683","683","683","OBHBHFCO_01190","","HDHBLALJ_01677","","HIOKELPH_01706","DOCPNFPP_01666"
"rsmI","","Ribosomal RNA small subunit methyltransferase I","4","4","1","3","464","77","1","","824","824","824","OBHBHFCO_01191","","HDHBLALJ_01676","","HIOKELPH_01705","DOCPNFPP_01665"
"rsmE","","Ribosomal RNA small subunit methyltransferase E","4","4","1","3","446","37","1","","653","653","653","OBHBHFCO_01193","","HDHBLALJ_01674","","HIOKELPH_01703","DOCPNFPP_01663"
"group_1565","","hypothetical protein","4","4","1","3","445","37","2","","407","407","407","OBHBHFCO_01194","","HDHBLALJ_01673","","HIOKELPH_01702","DOCPNFPP_01662"
"group_1566","","hypothetical protein","4","4","1","3","444","37","3","","422","422","422","OBHBHFCO_01195","","HDHBLALJ_01672","","HIOKELPH_01701","DOCPNFPP_01661"
"group_1567","","hypothetical protein","4","4","1","3","443","37","5","","581","581","581","OBHBHFCO_01196","","HDHBLALJ_01671","","HIOKELPH_01700","DOCPNFPP_01660"
"moaA_3","","GTP 3',8-cyclase","4","4","1","3","433","37","7","","962","962","962","OBHBHFCO_01198","","HDHBLALJ_01669","","HIOKELPH_01698","DOCPNFPP_01658"
"group_1570","","hypothetical protein","4","4","1","3","434","37","8","","518","518","518","OBHBHFCO_01199","","HDHBLALJ_01668","","HIOKELPH_01697","DOCPNFPP_01657"
"group_1571","","hypothetical protein","4","4","1","3","435","37","9","","500","500","500","OBHBHFCO_01200","","HDHBLALJ_01667","","HIOKELPH_01696","DOCPNFPP_01656"
"COQ2","","4-hydroxybenzoate polyprenyltransferase, mitochondrial","4","4","1","3","436","37","10","","884","884","884","OBHBHFCO_01201","","HDHBLALJ_01666","","HIOKELPH_01695","DOCPNFPP_01655"
"miaA","","tRNA dimethylallyltransferase","4","4","1","3","437","37","11","","869","869","869","OBHBHFCO_01202","","HDHBLALJ_01665","","HIOKELPH_01694","DOCPNFPP_01654"
"mntP","","putative manganese efflux pump MntP","4","4","1","3","438","37","12","","563","563","563","OBHBHFCO_01203","","HDHBLALJ_01664","","HIOKELPH_01693","DOCPNFPP_01653"
"btuD_4","","Vitamin B12 import ATP-binding protein BtuD","4","4","1","3","431","32","1","","905","905","905","OBHBHFCO_01209","","HDHBLALJ_01658","","HIOKELPH_01687","DOCPNFPP_01647"
"group_1576","","hypothetical protein","4","4","1","3","430","32","2","","1616","1616","1616","OBHBHFCO_01210","","HDHBLALJ_01657","","HIOKELPH_01686","DOCPNFPP_01646"
"futA1","","Iron uptake protein A1","4","4","1","3","412","32","3","","1004","1004","1004","OBHBHFCO_01211","","HDHBLALJ_01656","","HIOKELPH_01685","DOCPNFPP_01645"
"group_1578","","hypothetical protein","4","4","1","3","413","32","4","","122","122","122","OBHBHFCO_01212","","HDHBLALJ_01655","","HIOKELPH_01684","DOCPNFPP_01644"
"group_1579","","hypothetical protein","4","4","1","3","414","32","5","","842","842","842","OBHBHFCO_01213","","HDHBLALJ_01654","","HIOKELPH_01683","DOCPNFPP_01643"
"group_1580","","putative TonB-dependent receptor","4","4","1","3","415","32","6","","2276","2276","2276","OBHBHFCO_01214","","HDHBLALJ_01653","","HIOKELPH_01682","DOCPNFPP_01642"
"exbB","","Biopolymer transport protein ExbB","4","4","1","3","416","32","7","","761","761","761","OBHBHFCO_01215","","HDHBLALJ_01652","","HIOKELPH_01681","DOCPNFPP_01641"
"group_1582","","hypothetical protein","4","4","1","3","418","32","8","","746","746","746","OBHBHFCO_01217","","HDHBLALJ_01650","","HIOKELPH_01679","DOCPNFPP_01639"
"group_1583","","hypothetical protein","4","4","1","3","427","53","2","","1361","1361","1361","OBHBHFCO_01220","","HDHBLALJ_01647","","HIOKELPH_01676","DOCPNFPP_01636"
"apaH","","Bis(5'-nucleosyl)-tetraphosphatase, symmetrical","4","4","1","3","426","53","3","","1184","1184","1184","OBHBHFCO_01221","","HDHBLALJ_01646","","HIOKELPH_01675","DOCPNFPP_01635"
"group_1585","","hypothetical protein","4","4","1","3","425","53","4","","209","209","209","OBHBHFCO_01222","","HDHBLALJ_01645","","HIOKELPH_01674","DOCPNFPP_01634"
"group_1586","","hypothetical protein","4","4","1","3","424","53","11","","740","740","740","OBHBHFCO_01223","","HDHBLALJ_01644","","HIOKELPH_01673","DOCPNFPP_01633"
"group_1587","","hypothetical protein","4","4","1","3","422","53","8","","392","392","392","OBHBHFCO_01225","","HDHBLALJ_01642","","HIOKELPH_01670","DOCPNFPP_01631"
"group_1588","","hypothetical protein","4","4","1","3","421","53","7","","89","89","89","OBHBHFCO_01226","","HDHBLALJ_01641","","HIOKELPH_01669","DOCPNFPP_01630"
"purN","","Phosphoribosylglycinamide formyltransferase","4","4","1","3","420","53","6","","575","575","575","OBHBHFCO_01227","","HDHBLALJ_01640","","HIOKELPH_01668","DOCPNFPP_01629"
"nnr","","Bifunctional NAD(P)H-hydrate repair enzyme Nnr","4","4","1","3","494","53","5","","1370","1370","1370","OBHBHFCO_01228","","HDHBLALJ_01639","","HIOKELPH_01667","DOCPNFPP_01628"
"comM","","Competence protein ComM","4","4","1","3","408","132","2","","1505","1505","1505","OBHBHFCO_01230","","HDHBLALJ_01637","","HIOKELPH_01665","DOCPNFPP_01626"
"def","","Peptide deformylase","4","4","1","3","409","132","1","","527","527","527","OBHBHFCO_01231","","HDHBLALJ_01636","","HIOKELPH_01664","DOCPNFPP_01625"
"folE","","GTP cyclohydrolase 1","4","4","1","3","501","168","1","","602","602","602","OBHBHFCO_01234","","HDHBLALJ_01633","","HIOKELPH_01661","DOCPNFPP_01622"
"group_1595","","hypothetical protein","4","4","1","1","67","1","35","","731","731","731","OBHBHFCO_01239","","HDHBLALJ_01292","","HIOKELPH_00933","DOCPNFPP_00822"
"group_1596","","hypothetical protein","4","4","1","1","68","1","34","","1037","1037","1037","OBHBHFCO_01240","","HDHBLALJ_01291","","HIOKELPH_00932","DOCPNFPP_00823"
"group_1597","","hypothetical protein","4","4","1","1","69","1","33","","317","317","317","OBHBHFCO_01241","","HDHBLALJ_01290","","HIOKELPH_00931","DOCPNFPP_00824"
"dps","","DNA protection during starvation protein","4","4","1","1","70","1","32","","449","449","449","OBHBHFCO_01242","","HDHBLALJ_01289","","HIOKELPH_00930","DOCPNFPP_00825"
"pgi","","Glucose-6-phosphate isomerase","4","4","1","1","71","1","31","","1220","1220","1220","OBHBHFCO_01243","","HDHBLALJ_01288","","HIOKELPH_00929","DOCPNFPP_00826"
"apt","","Adenine phosphoribosyltransferase","4","4","1","1","1320","3","2","","383","548","506","OBHBHFCO_01444","","HDHBLALJ_00215","","HIOKELPH_00409","DOCPNFPP_00280"
"gtaB","","UTP--glucose-1-phosphate uridylyltransferase","4","4","1","1","72","1","30","","824","824","824","OBHBHFCO_01244","","HDHBLALJ_01287","","HIOKELPH_00928","DOCPNFPP_00827"
"acs","","Acetyl-coenzyme A synthetase","4","4","1","1","73","1","29","","1970","1970","1970","OBHBHFCO_01245","","HDHBLALJ_01286","","HIOKELPH_00927","DOCPNFPP_00828"
"tupC","","Tungstate uptake system ATP-binding protein TupC","4","4","1","1","74","1","28","","995","995","995","OBHBHFCO_01246","","HDHBLALJ_01285","","HIOKELPH_00926","DOCPNFPP_00829"
"group_1605","","hypothetical protein","4","4","1","1","62","1","24","","1169","1169","1169","OBHBHFCO_01250","","HDHBLALJ_01281","","HIOKELPH_00922","DOCPNFPP_00833"
"pxpB","","5-oxoprolinase subunit B","4","4","1","1","61","1","23","","740","740","740","OBHBHFCO_01251","","HDHBLALJ_01280","","HIOKELPH_00921","DOCPNFPP_00834"
"pxpC","","5-oxoprolinase subunit C","4","4","1","1","60","1","22","","965","965","965","OBHBHFCO_01252","","HDHBLALJ_01279","","HIOKELPH_00920","DOCPNFPP_00835"
"group_1608","","Putative hydro-lyase","4","4","1","1","59","1","21","","764","764","764","OBHBHFCO_01253","","HDHBLALJ_01278","","HIOKELPH_00919","DOCPNFPP_00836"
"group_1609","","hypothetical protein","4","4","1","1","58","1","20","","899","899","899","OBHBHFCO_01254","","HDHBLALJ_01277","","HIOKELPH_00918","DOCPNFPP_00837"
"aadK_1","","Aminoglycoside 6-adenylyltransferase","4","4","1","1","55","1","17","","866","866","866","OBHBHFCO_01257","","HDHBLALJ_01274","","HIOKELPH_01715","DOCPNFPP_00840"
"sotB","","sugar efflux transporter","4","4","1","1","116","1","86","","1190","1190","1190","OBHBHFCO_01270","","HDHBLALJ_01261","","HIOKELPH_00916","DOCPNFPP_00853"
"blc","","Outer membrane lipoprotein Blc","4","4","1","1","117","1","85","","452","452","452","OBHBHFCO_01271","","HDHBLALJ_01260","","HIOKELPH_00915","DOCPNFPP_00854"
"group_1620","","hypothetical protein","4","4","1","2","545","16","8","","230","230","230","OBHBHFCO_01275","","HDHBLALJ_01199","","HIOKELPH_01506","DOCPNFPP_01010"
"cydA","","Cytochrome bd-I ubiquinol oxidase subunit 1","4","4","1","2","544","16","7","","1562","1562","1562","OBHBHFCO_01276","","HDHBLALJ_01198","","HIOKELPH_01505","DOCPNFPP_01009"
"cydB","","Cytochrome bd-I ubiquinol oxidase subunit 2","4","4","1","2","543","16","6","","1124","1124","1124","OBHBHFCO_01277","","HDHBLALJ_01197","","HIOKELPH_01504","DOCPNFPP_01008"
"group_1623","","hypothetical protein","4","4","1","2","582","16","5","","104","104","104","OBHBHFCO_01278","","HDHBLALJ_01196","","HIOKELPH_01503","DOCPNFPP_01007"
"group_1624","","hypothetical protein","4","4","1","2","583","16","4","","623","623","623","OBHBHFCO_01279","","HDHBLALJ_01195","","HIOKELPH_01502","DOCPNFPP_01006"
"group_1625","","hypothetical protein","4","4","1","2","584","16","3","","200","200","200","OBHBHFCO_01280","","HDHBLALJ_01194","","HIOKELPH_01501","DOCPNFPP_01005"
"ygeA","","L-aspartate/glutamate-specific racemase","4","4","1","2","585","16","2","","692","692","692","OBHBHFCO_01281","","HDHBLALJ_01193","","HIOKELPH_01500","DOCPNFPP_01004"
"ung","","Uracil-DNA glycosylase","4","4","1","2","586","16","1","","695","695","695","OBHBHFCO_01282","","HDHBLALJ_01192","","HIOKELPH_01499","DOCPNFPP_01003"
"group_1628","","hypothetical protein","4","4","1","2","589","125","3","","1352","1352","1352","OBHBHFCO_01285","","HDHBLALJ_01189","","HIOKELPH_01496","DOCPNFPP_01000"
"group_1629","","hypothetical protein","4","4","1","2","588","125","2","","623","623","623","OBHBHFCO_01286","","HDHBLALJ_01188","","HIOKELPH_01495","DOCPNFPP_00999"
"group_1630","","hypothetical protein","4","4","1","2","596","125","1","","986","986","986","OBHBHFCO_01287","","HDHBLALJ_01187","","HIOKELPH_01494","DOCPNFPP_00998"
"group_1631","","hypothetical protein","4","4","1","2","473","89","2","","503","503","503","OBHBHFCO_01291","","HDHBLALJ_01183","","HIOKELPH_01490","DOCPNFPP_00994"
"resA_2","","Thiol-disulfide oxidoreductase ResA","4","4","1","2","472","89","3","","488","488","488","OBHBHFCO_01292","","HDHBLALJ_01182","","HIOKELPH_01489","DOCPNFPP_00993"
"yknY","","putative ABC transporter ATP-binding protein YknY","4","4","1","2","471","89","4","","647","647","647","OBHBHFCO_01293","","HDHBLALJ_01181","","HIOKELPH_01488","DOCPNFPP_00992"
"group_1634","","hypothetical protein","4","4","1","2","470","89","5","","1118","1118","1118","OBHBHFCO_01294","","HDHBLALJ_01180","","HIOKELPH_01487","DOCPNFPP_00991"
"group_1635","","hypothetical protein","4","4","1","2","469","89","6","","1295","1295","1295","OBHBHFCO_01295","","HDHBLALJ_01179","","HIOKELPH_01486","DOCPNFPP_00990"
"group_1636","","hypothetical protein","4","4","1","2","468","89","1","","1403","1403","1403","OBHBHFCO_01296","","HDHBLALJ_01178","","HIOKELPH_01485","DOCPNFPP_00989"
"group_1637","","hypothetical protein","4","4","1","2","99","122","3","","2069","2069","2069","OBHBHFCO_01298","","HDHBLALJ_01176","","HIOKELPH_01483","DOCPNFPP_00987"
"group_1638","","hypothetical protein","4","4","1","2","100","122","2","","182","182","182","OBHBHFCO_01299","","HDHBLALJ_01175","","HIOKELPH_01482","DOCPNFPP_00986"
"nhaA_2","","Na(+)/H(+) antiporter NhaA","4","4","1","2","101","122","1","","1148","1148","1148","OBHBHFCO_01300","","HDHBLALJ_01174","","HIOKELPH_01481","DOCPNFPP_00985"
"group_164","","hypothetical protein","4","4","1","2","501","52","14","","701","701","701","OBHBHFCO_01525","","HDHBLALJ_01239","","HIOKELPH_01541","DOCPNFPP_01049"
"group_1640","","hypothetical protein","4","4","1","2","349","46","11","","464","464","464","OBHBHFCO_01302","","HDHBLALJ_01172","","HIOKELPH_01479","DOCPNFPP_00983"
"murI","","Glutamate racemase","4","4","1","2","348","46","10","","743","743","743","OBHBHFCO_01303","","HDHBLALJ_01171","","HIOKELPH_01478","DOCPNFPP_00982"
"map","","Methionine aminopeptidase 1","4","4","1","2","347","46","9","","758","758","758","OBHBHFCO_01304","","HDHBLALJ_01170","","HIOKELPH_01477","DOCPNFPP_00981"
"group_1643","","hypothetical protein","4","4","1","2","346","46","8","","500","500","500","OBHBHFCO_01305","","HDHBLALJ_01169","","HIOKELPH_01476","DOCPNFPP_00980"
"group_1644","","hypothetical protein","4","4","1","2","345","46","7","","602","602","602","OBHBHFCO_01306","","HDHBLALJ_01168","","HIOKELPH_01475","DOCPNFPP_00979"
"group_1645","","hypothetical protein","4","4","1","2","344","46","6","","896","896","896","OBHBHFCO_01307","","HDHBLALJ_01167","","HIOKELPH_01474","DOCPNFPP_00978"
"mkl","","putative ribonucleotide transport ATP-binding protein mkl","4","4","1","2","343","46","5","","722","722","722","OBHBHFCO_01308","","HDHBLALJ_01166","","HIOKELPH_01473","DOCPNFPP_00977"
"group_1647","","hypothetical protein","4","4","1","2","342","46","4","","1115","1115","1115","OBHBHFCO_01309","","HDHBLALJ_01165","","HIOKELPH_01472","DOCPNFPP_00976"
"tkt","","Transketolase","4","4","1","2","341","46","3","","1898","1898","1898","OBHBHFCO_01310","","HDHBLALJ_01164","","HIOKELPH_01471","DOCPNFPP_00975"
"group_1649","","Farnesyl diphosphate synthase","4","4","1","2","340","46","2","","839","839","839","OBHBHFCO_01311","","HDHBLALJ_01163","","HIOKELPH_01470","DOCPNFPP_00974"
"murE","","UDP-N-acetylmuramoyl-L-alanyl-D-glutamate--2,6-diaminopimelate ligase","4","4","1","2","327","33","7","","1283","1283","1283","OBHBHFCO_01314","","HDHBLALJ_01160","","HIOKELPH_01467","DOCPNFPP_00971"
"group_1651","","hypothetical protein","4","4","1","2","326","33","8","","557","557","557","OBHBHFCO_01315","","HDHBLALJ_01159","","HIOKELPH_01466","DOCPNFPP_00970"
"group_1652","","hypothetical protein","4","4","1","2","302","33","9","","269","269","269","OBHBHFCO_01316","","HDHBLALJ_01158","","HIOKELPH_01465","DOCPNFPP_00969"
"sufS","","Cysteine desulfurase","4","4","1","1","1106","11","4","","1268","1268","1268","OBHBHFCO_01317","","HDHBLALJ_00155","","HIOKELPH_00470","DOCPNFPP_00340"
"group_1654","","hypothetical protein","4","4","1","1","1105","11","5","","785","785","785","OBHBHFCO_01325","","HDHBLALJ_00147","","HIOKELPH_00478","DOCPNFPP_00348"
"group_1655","","hypothetical protein","4","4","1","1","1104","11","6","","377","377","377","OBHBHFCO_01326","","HDHBLALJ_00146","","HIOKELPH_00479","DOCPNFPP_00349"
"group_1656","","hypothetical protein","4","4","1","1","1103","11","7","","1118","1118","1118","OBHBHFCO_01327","","HDHBLALJ_00145","","HIOKELPH_00480","DOCPNFPP_00350"
"lolE","","Lipoprotein-releasing system transmembrane protein LolE","4","4","1","1","1102","11","8","","1205","1205","1205","OBHBHFCO_01328","","HDHBLALJ_00144","","HIOKELPH_00481","DOCPNFPP_00351"
"secA","","Protein translocase subunit SecA","4","4","1","1","1101","11","9","","2588","2588","2588","OBHBHFCO_01329","","HDHBLALJ_00143","","HIOKELPH_00482","DOCPNFPP_00352"
"lolA","","Outer-membrane lipoprotein carrier protein","4","4","1","1","1100","11","26","","509","509","509","OBHBHFCO_01330","","HDHBLALJ_00142","","HIOKELPH_00483","DOCPNFPP_00353"
"group_1660","","hypothetical protein","4","4","1","1","1099","11","25","","698","698","698","OBHBHFCO_01331","","HDHBLALJ_00141","","HIOKELPH_00484","DOCPNFPP_00354"
"recD2","","ATP-dependent RecD-like DNA helicase","4","4","1","1","1098","11","24","","1343","1343","1343","OBHBHFCO_01332","","HDHBLALJ_00140","","HIOKELPH_00485","DOCPNFPP_00355"
"group_1662","","hypothetical protein","4","4","1","1","1097","11","23","","1364","1364","1364","OBHBHFCO_01333","","HDHBLALJ_00139","","HIOKELPH_00486","DOCPNFPP_00356"
"group_1663","","N-carbamoyl-D-amino acid hydrolase","4","4","1","1","1096","11","22","","872","872","872","OBHBHFCO_01334","","HDHBLALJ_00138","","HIOKELPH_00487","DOCPNFPP_00357"
"fieF","","Ferrous-iron efflux pump FieF","4","4","1","1","1095","11","21","","887","887","887","OBHBHFCO_01335","","HDHBLALJ_00137","","HIOKELPH_00488","DOCPNFPP_00358"
"aguA","","Agmatine deiminase","4","4","1","1","1094","11","20","","977","977","977","OBHBHFCO_01336","","HDHBLALJ_00136","","HIOKELPH_00489","DOCPNFPP_00359"
"group_1666","","hypothetical protein","4","4","1","1","1093","11","19","","437","437","437","OBHBHFCO_01337","","HDHBLALJ_00135","","HIOKELPH_00490","DOCPNFPP_00360"
"group_1667","","hypothetical protein","4","4","1","1","1092","11","18","","1592","1592","1592","OBHBHFCO_01338","","HDHBLALJ_00134","","HIOKELPH_00491","DOCPNFPP_00361"
"purH","","Bifunctional purine biosynthesis protein PurH","4","4","1","1","1091","11","17","","1532","1532","1532","OBHBHFCO_01339","","HDHBLALJ_00133","","HIOKELPH_00492","DOCPNFPP_00362"
"djlA_1","","Co-chaperone protein DjlA","4","4","1","1","1090","11","16","","770","770","770","OBHBHFCO_01340","","HDHBLALJ_00132","","HIOKELPH_00493","DOCPNFPP_00363"
"purL","","Phosphoribosylformylglycinamidine synthase subunit PurL","4","4","1","1","1089","11","15","","2186","2186","2186","OBHBHFCO_01341","","HDHBLALJ_00131","","HIOKELPH_00494","DOCPNFPP_00364"
"mnmE","","tRNA modification GTPase MnmE","4","4","1","1","1088","11","14","","1328","1328","1328","OBHBHFCO_01342","","HDHBLALJ_00130","","HIOKELPH_00495","DOCPNFPP_00365"
"group_1672","","hypothetical protein","4","4","1","1","1156","11","13","","851","851","851","OBHBHFCO_01343","","HDHBLALJ_00129","","HIOKELPH_00496","DOCPNFPP_00366"
"yidC","","Membrane protein insertase YidC","4","4","1","1","1157","11","12","","1595","1595","1595","OBHBHFCO_01344","","HDHBLALJ_00128","","HIOKELPH_00497","DOCPNFPP_00367"
"yidD","","Putative membrane protein insertion efficiency factor","4","4","1","1","1158","11","11","","374","374","374","OBHBHFCO_01345","","HDHBLALJ_00127","","HIOKELPH_00498","DOCPNFPP_00368"
"rnpA","","Ribonuclease P protein component","4","4","1","1","1159","11","10","","326","326","326","OBHBHFCO_01346","","HDHBLALJ_00126","","HIOKELPH_00499","DOCPNFPP_00369"
"group_1676","","hypothetical protein","4","4","1","1","1173","48","1","","479","479","479","OBHBHFCO_01348","","HDHBLALJ_00124","","HIOKELPH_00501","DOCPNFPP_00371"
"group_1677","","hypothetical protein","4","4","1","1","1172","48","14","","608","608","608","OBHBHFCO_01349","","HDHBLALJ_00123","","HIOKELPH_00502","DOCPNFPP_00372"
"group_1678","","hypothetical protein","4","4","1","1","1171","48","13","","1196","1196","1196","OBHBHFCO_01350","","HDHBLALJ_00122","","HIOKELPH_00503","DOCPNFPP_00373"
"ybgC","","Acyl-CoA thioesterase YbgC","4","4","1","1","1170","48","12","","374","374","374","OBHBHFCO_01351","","HDHBLALJ_00121","","HIOKELPH_00504","DOCPNFPP_00374"
"group_1684","","hypothetical protein","4","4","1","1","1191","39","7","","149","149","149","OBHBHFCO_01361","","HDHBLALJ_00111","","HIOKELPH_00509","DOCPNFPP_00384"
"group_1685","","hypothetical protein","4","4","1","3","335","71","5","","374","374","374","OBHBHFCO_01363","","HDHBLALJ_00883","","HIOKELPH_01614","DOCPNFPP_01618"
"pyrC_2","","Dihydroorotase","4","4","1","3","336","71","6","","1004","1004","1004","OBHBHFCO_01364","","HDHBLALJ_00882","","HIOKELPH_01615","DOCPNFPP_01617"
"group_1687","","hypothetical protein","4","4","1","3","337","71","7","","242","242","242","OBHBHFCO_01365","","HDHBLALJ_00881","","HIOKELPH_01616","DOCPNFPP_01616"
"dgkA","","Diacylglycerol kinase","4","4","1","3","338","71","8","","356","356","356","OBHBHFCO_01366","","HDHBLALJ_00880","","HIOKELPH_01617","DOCPNFPP_01615"
"eptA","","Phosphoethanolamine transferase EptA","4","4","1","3","339","71","9","","1547","1547","1547","OBHBHFCO_01367","","HDHBLALJ_00879","","HIOKELPH_01618","DOCPNFPP_01614"
"group_1690","","hypothetical protein","4","4","1","3","356","76","1","","1136","1136","1136","OBHBHFCO_01369","","HDHBLALJ_00877","","HIOKELPH_01620","DOCPNFPP_01612"
"group_1691","","putative protein","4","4","1","3","357","76","2","","263","263","263","OBHBHFCO_01370","","HDHBLALJ_00876","","HIOKELPH_01621","DOCPNFPP_01611"
"moaC","","Cyclic pyranopterin monophosphate synthase","4","4","1","3","358","76","3","","473","473","473","OBHBHFCO_01371","","HDHBLALJ_00875","","HIOKELPH_01622","DOCPNFPP_01610"
"group_1693","","hypothetical protein","4","4","1","3","359","76","4","","152","152","152","OBHBHFCO_01372","","HDHBLALJ_00874","","HIOKELPH_01623","DOCPNFPP_01609"
"proP_3","","Proline/betaine transporter","4","4","1","3","360","76","5","","1310","1310","1310","OBHBHFCO_01373","","HDHBLALJ_00873","","HIOKELPH_01624","DOCPNFPP_01608"
"group_1695","","hypothetical protein","4","4","1","3","362","76","7","","863","863","863","OBHBHFCO_01375","","HDHBLALJ_00871","","HIOKELPH_01626","DOCPNFPP_01606"
"group_1696","","hypothetical protein","4","4","1","3","367","160","1","","1166","1166","1166","OBHBHFCO_01378","","HDHBLALJ_00868","","HIOKELPH_01629","DOCPNFPP_01603"
"group_1697","","hypothetical protein","4","4","1","3","373","106","4","","1883","1883","1883","OBHBHFCO_01381","","HDHBLALJ_00865","","HIOKELPH_01632","DOCPNFPP_01600"
"cynT","","Carbonic anhydrase 1","4","4","1","3","374","106","3","","635","635","635","OBHBHFCO_01382","","HDHBLALJ_00864","","HIOKELPH_01633","DOCPNFPP_01599"
"yccA","","Modulator of FtsH protease YccA","4","4","1","3","375","106","2","","695","695","695","OBHBHFCO_01383","","HDHBLALJ_00863","","HIOKELPH_01634","DOCPNFPP_01598"
"group_1700","","hypothetical protein","4","4","1","3","376","106","1","","356","356","356","OBHBHFCO_01384","","HDHBLALJ_00862","","HIOKELPH_01635","DOCPNFPP_01597"
"pyrE","","Orotate phosphoribosyltransferase","4","4","1","3","3","143","2","","608","608","608","OBHBHFCO_01386","","HDHBLALJ_00860","","HIOKELPH_01637","DOCPNFPP_01595"
"group_1702","","hypothetical protein","4","4","1","3","2","143","1","","410","410","410","OBHBHFCO_01387","","HDHBLALJ_00859","","HIOKELPH_01638","DOCPNFPP_01594"
"pncB2","","Nicotinate phosphoribosyltransferase pncB2","4","4","1","3","397","66","1","","1388","1388","1388","OBHBHFCO_01389","","HDHBLALJ_00857","","HIOKELPH_01640","DOCPNFPP_01592"
"yrdA","","Protein YrdA","4","4","1","3","398","66","8","","539","539","539","OBHBHFCO_01390","","HDHBLALJ_00856","","HIOKELPH_01641","DOCPNFPP_01591"
"pcm","","Protein-L-isoaspartate O-methyltransferase","4","4","1","3","399","66","7","","629","629","629","OBHBHFCO_01391","","HDHBLALJ_00855","","HIOKELPH_01642","DOCPNFPP_01590"
"argD","","Acetylornithine aminotransferase","4","4","1","3","400","66","6","","1184","1184","1184","OBHBHFCO_01392","","HDHBLALJ_00854","","HIOKELPH_01643","DOCPNFPP_01589"
"argB","","Acetylglutamate kinase","4","4","1","3","401","66","5","","839","839","839","OBHBHFCO_01393","","HDHBLALJ_00853","","HIOKELPH_01644","DOCPNFPP_01588"
"ypeA","","Acetyltransferase YpeA","4","4","1","3","402","66","4","","446","446","446","OBHBHFCO_01394","","HDHBLALJ_00852","","HIOKELPH_01645","DOCPNFPP_01587"
"argC","","N-acetyl-gamma-glutamyl-phosphate reductase","4","4","1","3","403","66","3","","1028","1028","1028","OBHBHFCO_01395","","HDHBLALJ_00851","","HIOKELPH_01646","DOCPNFPP_01586"
"fokIM","","Modification methylase FokI","4","4","1","3","404","66","2","","1103","1103","1103","OBHBHFCO_01396","","HDHBLALJ_00850","","HIOKELPH_01647","DOCPNFPP_01585"
"thrZ","","Threonine--tRNA ligase 2","4","4","1","3","405","113","4","","1808","1808","1808","OBHBHFCO_01398","","HDHBLALJ_00848","","HIOKELPH_01649","DOCPNFPP_01583"
"uppP","","Undecaprenyl-diphosphatase","4","4","1","3","519","113","3","","803","803","803","OBHBHFCO_01399","","HDHBLALJ_00847","","HIOKELPH_01650","DOCPNFPP_01582"
"group_1713","","hypothetical protein","4","4","1","2","241","58","8","","434","434","434","OBHBHFCO_01400","","HDHBLALJ_01091","","HIOKELPH_01586","DOCPNFPP_00900"
"group_1714","","hypothetical protein","4","4","1","2","242","58","9","","218","218","218","OBHBHFCO_01401","","HDHBLALJ_01090","","HIOKELPH_01587","DOCPNFPP_00899"
"appA","","Oligopeptide-binding protein AppA","4","4","1","2","195","30","16","","1538","1538","1538","OBHBHFCO_01406","","HDHBLALJ_01085","","HIOKELPH_01593","DOCPNFPP_00894"
"cntB","","Metal-staphylopine import system permease protein CntB","4","4","1","2","196","30","17","","944","944","944","OBHBHFCO_01407","","HDHBLALJ_01084","","HIOKELPH_01594","DOCPNFPP_00893"
"dppC","","Dipeptide transport system permease protein DppC","4","4","1","2","197","30","18","","755","755","755","OBHBHFCO_01408","","HDHBLALJ_01083","","HIOKELPH_01595","DOCPNFPP_00892"
"dppD","","Dipeptide transport ATP-binding protein DppD","4","4","1","2","198","30","20","","710","710","710","OBHBHFCO_01409","","HDHBLALJ_01082","","HIOKELPH_01596","DOCPNFPP_00891"
"nikE","","Nickel import ATP-binding protein NikE","4","4","1","2","199","30","19","","665","665","665","OBHBHFCO_01410","","HDHBLALJ_01081","","HIOKELPH_01597","DOCPNFPP_00890"
"ndhJ","","NAD(P)H-quinone oxidoreductase subunit J, chloroplastic","4","4","1","2","226","180","1","","791","791","791","OBHBHFCO_01413","","HDHBLALJ_01078","","HIOKELPH_01600","DOCPNFPP_00887"
"group_1723","","hypothetical protein","4","4","1","2","210","17","13","","2462","2462","2462","OBHBHFCO_01417","","HDHBLALJ_01074","","HIOKELPH_01604","DOCPNFPP_00883"
"nuoH","","NADH-quinone oxidoreductase subunit H","4","4","1","2","209","17","14","","998","998","998","OBHBHFCO_01418","","HDHBLALJ_01073","","HIOKELPH_01605","DOCPNFPP_00882"
"ndhI","","NAD(P)H-quinone oxidoreductase subunit I, chloroplastic","4","4","1","2","208","17","23","","665","665","665","OBHBHFCO_01419","","HDHBLALJ_01072","","HIOKELPH_01606","DOCPNFPP_00881"
"nuoJ","","NADH-quinone oxidoreductase subunit J","4","4","1","2","207","17","22","","515","515","515","OBHBHFCO_01420","","HDHBLALJ_01071","","HIOKELPH_01607","DOCPNFPP_00880"
"nuoK","","NADH-quinone oxidoreductase subunit K","4","4","1","2","206","17","21","","293","293","293","OBHBHFCO_01421","","HDHBLALJ_01070","","HIOKELPH_01608","DOCPNFPP_00879"
"nuoL","","NADH-quinone oxidoreductase subunit L","4","4","1","2","205","17","20","","1790","1790","1790","OBHBHFCO_01422","","HDHBLALJ_01069","","HIOKELPH_01609","DOCPNFPP_00878"
"ndhD","","NAD(P)H-quinone oxidoreductase chain 4","4","4","1","2","204","17","19","","1490","1490","1490","OBHBHFCO_01423","","HDHBLALJ_01068","","HIOKELPH_01610","DOCPNFPP_00877"
"ndhB","","NAD(P)H-quinone oxidoreductase subunit 2, chloroplastic","4","4","1","2","203","17","18","","1373","1373","1373","OBHBHFCO_01424","","HDHBLALJ_01067","","HIOKELPH_01611","DOCPNFPP_00876"
"group_1731","","hypothetical protein","4","4","1","2","202","17","17","","2366","2366","2366","OBHBHFCO_01425","","HDHBLALJ_01066","","HIOKELPH_01612","DOCPNFPP_00875"
"group_1732","","hypothetical protein","4","4","1","1","1137","7","25","","416","416","416","OBHBHFCO_01427","","HDHBLALJ_00198","","HIOKELPH_00427","DOCPNFPP_00297"
"group_1733","","hypothetical protein","4","4","1","1","1138","7","24","","452","452","452","OBHBHFCO_01428","","HDHBLALJ_00199","","HIOKELPH_00426","DOCPNFPP_00296"
"group_1734","","hypothetical protein","4","4","1","1","1139","7","23","","554","554","554","OBHBHFCO_01429","","HDHBLALJ_00200","","HIOKELPH_00425","DOCPNFPP_00295"
"cysK","","Cysteine synthase","4","4","1","1","1140","7","22","","899","899","899","OBHBHFCO_01430","","HDHBLALJ_00201","","HIOKELPH_00424","DOCPNFPP_00294"
"group_1736","","hypothetical protein","4","4","1","1","821","126","3","","1841","1841","1841","OBHBHFCO_01432","","HDHBLALJ_00203","","HIOKELPH_00422","DOCPNFPP_00292"
"group_1737","","putative acyl-CoA thioester hydrolase","4","4","1","1","820","126","2","","413","413","413","OBHBHFCO_01433","","HDHBLALJ_00204","","HIOKELPH_00421","DOCPNFPP_00291"
"cstA","","Peptide transporter CstA","4","4","1","1","819","126","1","","2111","2111","2111","OBHBHFCO_01434","","HDHBLALJ_00205","","HIOKELPH_00420","DOCPNFPP_00290"
"glnP_1","","putative glutamine ABC transporter permease protein GlnP","4","4","1","1","818","124","1","","659","659","659","OBHBHFCO_01436","","HDHBLALJ_00207","","HIOKELPH_00418","DOCPNFPP_00288"
"glnM","","putative glutamine ABC transporter permease protein GlnM","4","4","1","1","1150","124","3","","752","752","752","OBHBHFCO_01437","","HDHBLALJ_00208","","HIOKELPH_00417","DOCPNFPP_00287"
"peb1A","","Major cell-binding factor","4","4","1","1","1151","124","2","","779","779","779","OBHBHFCO_01438","","HDHBLALJ_00209","","HIOKELPH_00416","DOCPNFPP_00286"
"cheR","","Chemotaxis protein methyltransferase","4","4","1","1","815","119","3","","788","788","788","OBHBHFCO_01440","","HDHBLALJ_00211","","HIOKELPH_00414","DOCPNFPP_00284"
"cheB","","Protein-glutamate methylesterase/protein-glutamine glutaminase","4","4","1","1","816","119","2","","554","554","554","OBHBHFCO_01441","","HDHBLALJ_00212","","HIOKELPH_00413","DOCPNFPP_00283"
"rpiB","","Ribose-5-phosphate isomerase B","4","4","1","1","817","119","1","","437","437","437","OBHBHFCO_01442","","HDHBLALJ_00213","","HIOKELPH_00412","DOCPNFPP_00282"
"group_1745","","hypothetical protein","4","4","1","1","1321","3","3","","695","695","695","OBHBHFCO_01445","","HDHBLALJ_00216","","HIOKELPH_00408","DOCPNFPP_00279"
"pepA","","Cytosol aminopeptidase","4","4","1","1","1322","3","4","","1451","1451","1451","OBHBHFCO_01446","","HDHBLALJ_00217","","HIOKELPH_00407","DOCPNFPP_00278"
"ychF","","Ribosome-binding ATPase YchF","4","4","1","1","1323","3","5","","1103","1103","1103","OBHBHFCO_01447","","HDHBLALJ_00218","","HIOKELPH_00406","DOCPNFPP_00277"
"argH","","Argininosuccinate lyase","4","4","1","1","1324","3","6","","1385","1385","1385","OBHBHFCO_01448","","HDHBLALJ_00219","","HIOKELPH_00405","DOCPNFPP_00276"
"pckA","","Phosphoenolpyruvate carboxykinase (ATP)","4","4","1","1","1325","3","7","","1574","1574","1574","OBHBHFCO_01449","","HDHBLALJ_00220","","HIOKELPH_00404","DOCPNFPP_00275"
"oadA","","Oxaloacetate decarboxylase alpha chain","4","4","1","1","1326","3","8","","1793","1793","1793","OBHBHFCO_01450","","HDHBLALJ_00221","","HIOKELPH_00403","DOCPNFPP_00274"
"group_1751","","hypothetical protein","4","4","1","1","1327","3","9","","1349","1349","1349","OBHBHFCO_01451","","HDHBLALJ_00222","","HIOKELPH_00402","DOCPNFPP_00273"
"group_1752","","hypothetical protein","4","4","1","1","1328","3","10","","1334","1334","1334","OBHBHFCO_01452","","HDHBLALJ_00223","","HIOKELPH_00401","DOCPNFPP_00272"
"atpH","","ATP synthase subunit c","4","4","1","1","1329","3","11","","338","338","338","OBHBHFCO_01453","","HDHBLALJ_00224","","HIOKELPH_00400","DOCPNFPP_00271"
"tsaD","","tRNA N6-adenosine threonylcarbamoyltransferase","4","4","1","1","2083","49","12","","1007","1007","1007","OBHBHFCO_01491","","HDHBLALJ_01629","","HIOKELPH_01096","DOCPNFPP_00649"
"group_1789","","hypothetical protein","4","4","1","1","2084","49","7","","1394","1394","1394","OBHBHFCO_01492","","HDHBLALJ_01628","","HIOKELPH_01095","DOCPNFPP_00650"
"dxr","","1-deoxy-D-xylulose 5-phosphate reductoisomerase","4","4","1","1","2085","49","6","","1076","1076","1076","OBHBHFCO_01493","","HDHBLALJ_01627","","HIOKELPH_01094","DOCPNFPP_00651"
"mobA","","putative molybdenum cofactor guanylyltransferase","4","4","1","1","2098","41","2","","575","575","575","OBHBHFCO_01497","","HDHBLALJ_01623","","HIOKELPH_01090","DOCPNFPP_00655"
"group_1792","","hypothetical protein","4","4","1","1","2097","41","3","","995","995","995","OBHBHFCO_01498","","HDHBLALJ_01622","","HIOKELPH_01089","DOCPNFPP_00656"
"yclN","","Petrobactin import system permease protein YclN","4","4","1","1","2096","41","4","","968","968","968","OBHBHFCO_01499","","HDHBLALJ_01621","","HIOKELPH_01088","DOCPNFPP_00657"
"yclO","","Petrobactin import system permease protein YclO","4","4","1","1","2095","41","5","","938","938","938","OBHBHFCO_01500","","HDHBLALJ_01620","","HIOKELPH_01087","DOCPNFPP_00658"
"yclP","","Petrobactin import ATP-binding protein YclP","4","4","1","1","2094","41","6","","755","755","755","OBHBHFCO_01501","","HDHBLALJ_01619","","HIOKELPH_01086","DOCPNFPP_00659"
"yclQ","","Petrobactin-binding protein YclQ","4","4","1","1","2093","41","7","","989","989","989","OBHBHFCO_01502","","HDHBLALJ_01618","","HIOKELPH_01085","DOCPNFPP_00660"
"group_1797","","hypothetical protein","4","4","1","1","2092","41","8","","632","632","632","OBHBHFCO_01503","","HDHBLALJ_01617","","HIOKELPH_01084","DOCPNFPP_00661"
"nrfA","","Cytochrome c-552","4","4","1","1","2091","41","9","","1832","1832","1832","OBHBHFCO_01505","","HDHBLALJ_01615","","HIOKELPH_01082","DOCPNFPP_00663"
"nrfH","","Cytochrome c-type protein NrfH","4","4","1","1","2090","41","10","","491","491","491","OBHBHFCO_01506","","HDHBLALJ_01614","","HIOKELPH_01081","DOCPNFPP_00664"
"ppk","","Polyphosphate kinase","4","4","1","1","2089","41","13","","2084","2084","2084","OBHBHFCO_01507","","HDHBLALJ_01613","","HIOKELPH_01080","DOCPNFPP_00665"
"group_1806","","hypothetical protein","4","4","1","2","478","35","2","","1886","1886","1886","OBHBHFCO_01519","","HDHBLALJ_01233","","HIOKELPH_01535","DOCPNFPP_01043"
"group_1807","","hypothetical protein","4","4","1","2","479","35","1","","323","323","323","OBHBHFCO_01520","","HDHBLALJ_01234","","HIOKELPH_01536","DOCPNFPP_01044"
"group_1808","","hypothetical protein","4","4","1","2","504","178","1","","650","650","650","OBHBHFCO_01522","","HDHBLALJ_01236","","HIOKELPH_01538","DOCPNFPP_01046"
"bcr","","Bicyclomycin resistance protein","4","4","1","2","502","52","5","","1208","1208","1208","OBHBHFCO_01524","","HDHBLALJ_01238","","HIOKELPH_01540","DOCPNFPP_01048"
"lldP","","L-lactate permease","4","4","1","2","546","16","9","","1667","1667","1667","OBHBHFCO_01527","","HDHBLALJ_01200","","HIOKELPH_01507","DOCPNFPP_01011"
"lutA_2","","Lactate utilization protein A","4","4","1","2","547","16","10","","737","737","737","OBHBHFCO_01528","","HDHBLALJ_01201","","HIOKELPH_01508","DOCPNFPP_01012"
"lutB","","Lactate utilization protein B","4","4","1","2","548","16","21","","1439","1439","1439","OBHBHFCO_01529","","HDHBLALJ_01202","","HIOKELPH_01509","DOCPNFPP_01013"
"lutC","","Lactate utilization protein C","4","4","1","2","549","16","20","","656","656","656","OBHBHFCO_01530","","HDHBLALJ_01203","","HIOKELPH_01510","DOCPNFPP_01014"
"group_1815","","Bacteriohemerythrin","4","4","1","2","550","16","19","","689","689","689","OBHBHFCO_01531","","HDHBLALJ_01204","","HIOKELPH_01511","DOCPNFPP_01015"
"group_1816","","Bacteriohemerythrin","4","4","1","2","551","16","18","","611","611","611","OBHBHFCO_01532","","HDHBLALJ_01205","","HIOKELPH_01512","DOCPNFPP_01016"
"group_1817","","hypothetical protein","4","4","1","2","552","16","17","","1031","1031","1031","OBHBHFCO_01533","","HDHBLALJ_01206","","HIOKELPH_01513","DOCPNFPP_01017"
"group_1818","","hypothetical protein","4","4","1","2","553","16","16","","896","896","896","OBHBHFCO_01534","","HDHBLALJ_01207","","HIOKELPH_01514","DOCPNFPP_01018"
"group_1819","","Aminodeoxyfutalosine deaminase","4","4","1","2","554","16","15","","1229","1229","1229","OBHBHFCO_01535","","HDHBLALJ_01208","","HIOKELPH_01515","DOCPNFPP_01019"
"aroQ","","3-dehydroquinate dehydratase","4","4","1","2","555","16","14","","488","488","488","OBHBHFCO_01536","","HDHBLALJ_01209","","HIOKELPH_01516","DOCPNFPP_01020"
"group_1821","","hypothetical protein","4","4","1","2","556","16","13","","482","482","482","OBHBHFCO_01537","","HDHBLALJ_01210","","HIOKELPH_01517","DOCPNFPP_01021"
"srp54","","Signal recognition particle 54 kDa protein","4","4","1","2","557","16","12","","1430","1430","1430","OBHBHFCO_01538","","HDHBLALJ_01211","","HIOKELPH_01518","DOCPNFPP_01022"
"ylxH","","Flagellum site-determining protein YlxH","4","4","1","2","558","16","11","","866","866","866","OBHBHFCO_01539","","HDHBLALJ_01212","","HIOKELPH_01519","DOCPNFPP_01023"
"fliA","","RNA polymerase sigma factor FliA","4","4","1","2","540","185","1","","692","692","692","OBHBHFCO_01541","","HDHBLALJ_01214","","HIOKELPH_01521","DOCPNFPP_01025"
"group_1825","","hypothetical protein","4","4","1","2","539","36","16","","836","836","836","OBHBHFCO_01543","","HDHBLALJ_01216","","HIOKELPH_01523","DOCPNFPP_01027"
"lpxL","","Lipid A biosynthesis lauroyltransferase","4","4","1","1","1546","15","26","","887","887","887","OBHBHFCO_01550","","HDHBLALJ_00393","","HIOKELPH_00231","DOCPNFPP_00102"
"rfaC","","Lipopolysaccharide heptosyltransferase 1","4","4","1","1","1547","15","15","","1028","1028","1028","OBHBHFCO_01551","","HDHBLALJ_00392","","HIOKELPH_00232","DOCPNFPP_00103"
"group_1832","","hypothetical protein","4","4","1","1","1548","15","14","","791","791","791","OBHBHFCO_01552","","HDHBLALJ_00391","","HIOKELPH_00233","DOCPNFPP_00104"
"galE","","UDP-glucose 4-epimerase","4","4","1","1","1549","15","13","","986","986","986","OBHBHFCO_01553","","HDHBLALJ_00390","","HIOKELPH_00234","DOCPNFPP_00105"
"pglK","","Protein glycosylation K","4","4","1","1","1550","15","12","","1700","1700","1700","OBHBHFCO_01554","","HDHBLALJ_00389","","HIOKELPH_00235","DOCPNFPP_00106"
"pglH","","GalNAc-alpha-(1->4)-GalNAc-alpha-(1->3)-diNAcBac-PP-undecaprenol alpha-1,4-N-acetyl-D-galactosaminyltransferase","4","4","1","1","1551","15","11","","1076","1076","1076","OBHBHFCO_01555","","HDHBLALJ_00388","","HIOKELPH_00236","DOCPNFPP_00107"
"pglI","","GalNAc(5)-diNAcBac-PP-undecaprenol beta-1,3-glucosyltransferase","4","4","1","1","1552","15","10","","929","929","929","OBHBHFCO_01556","","HDHBLALJ_00387","","HIOKELPH_00237","DOCPNFPP_00108"
"pglJ","","N-acetylgalactosamine-N,N'-diacetylbacillosaminyl-diphospho-undecaprenol 4-alpha-N-acetylgalactosaminyltransferase","4","4","1","1","1553","15","9","","1097","1097","1097","OBHBHFCO_01557","","HDHBLALJ_00386","","HIOKELPH_00238","DOCPNFPP_00109"
"pglB","","Undecaprenyl-diphosphooligosaccharide--protein glycotransferase","4","4","1","1","1554","15","8","","2144","2144","2144","OBHBHFCO_01558","","HDHBLALJ_00385","","HIOKELPH_00239","DOCPNFPP_00110"
"pglA","","N,N'-diacetylbacillosaminyl-diphospho-undecaprenol alpha-1,3-N-acetylgalactosaminyltransferase","4","4","1","1","1555","15","7","","1130","1130","1130","OBHBHFCO_01559","","HDHBLALJ_00384","","HIOKELPH_00240","DOCPNFPP_00111"
"pglD_1","","UDP-N-acetylbacillosamine N-acetyltransferase","4","4","1","1","771","101","1","","587","587","587","OBHBHFCO_01561","","HDHBLALJ_00382","","HIOKELPH_00242","DOCPNFPP_00113"
"pglE","","UDP-N-acetylbacillosamine transaminase","4","4","1","1","772","101","5","","1160","1160","1160","OBHBHFCO_01562","","HDHBLALJ_00381","","HIOKELPH_00243","DOCPNFPP_00114"
"pglF","","UDP-N-acetyl-alpha-D-glucosamine C6 dehydratase","4","4","1","1","773","101","4","","1772","1772","1772","OBHBHFCO_01563","","HDHBLALJ_00380","","HIOKELPH_00244","DOCPNFPP_00115"
"group_1844","","putative AAA domain-containing protein","4","4","1","3","523","91","6","","1181","1181","1181","OBHBHFCO_01570","","HDHBLALJ_00839","","HIOKELPH_01656","DOCPNFPP_01574"
"group_1845","","hypothetical protein","4","4","1","3","524","91","5","","1148","1148","1148","OBHBHFCO_01571","","HDHBLALJ_00840","","HIOKELPH_01655","DOCPNFPP_01575"
"group_1846","","hypothetical protein","4","4","1","3","525","91","4","","353","353","353","OBHBHFCO_01572","","HDHBLALJ_00841","","HIOKELPH_01654","DOCPNFPP_01576"
"yfhM","","Alpha-2-macroglobulin","4","4","1","3","526","91","3","","5252","5252","5252","OBHBHFCO_01573","","HDHBLALJ_00842","","HIOKELPH_01653","DOCPNFPP_01577"
"group_1857","","hypothetical protein","4","4","1","1","1135","7","27","","977","977","977","OBHBHFCO_01586","","HDHBLALJ_00196","","HIOKELPH_00429","DOCPNFPP_00299"
"alr","","Alanine racemase","4","4","1","1","823","7","28","","989","989","989","OBHBHFCO_01587","","HDHBLALJ_00195","","HIOKELPH_00430","DOCPNFPP_00300"
"trmL","","tRNA (cytidine(34)-2'-O)-methyltransferase","4","4","1","1","824","7","29","","467","467","467","OBHBHFCO_01588","","HDHBLALJ_00194","","HIOKELPH_00431","DOCPNFPP_00301"
"alsT","","Amino-acid carrier protein AlsT","4","4","1","1","825","7","30","","1484","1484","1484","OBHBHFCO_01589","","HDHBLALJ_00193","","HIOKELPH_00432","DOCPNFPP_00302"
"group_1861","glnQ_2","Glutamine transport ATP-binding protein GlnQ","4","4","1","1","826","7","31","","728","728","728","OBHBHFCO_01590","","HDHBLALJ_00192","","HIOKELPH_00433","DOCPNFPP_00303"
"group_1862","","hypothetical protein","4","4","1","1","827","7","32","","743","743","743","OBHBHFCO_01591","","HDHBLALJ_00191","","HIOKELPH_00434","DOCPNFPP_00304"
"group_1863","","hypothetical protein","4","4","1","1","828","7","33","","137","137","137","OBHBHFCO_01592","","HDHBLALJ_00190","","HIOKELPH_00435","DOCPNFPP_00305"
"yajL","","Protein/nucleic acid deglycase 3","4","4","1","1","829","7","34","","569","569","569","OBHBHFCO_01593","","HDHBLALJ_00189","","HIOKELPH_00436","DOCPNFPP_00306"
"group_1865","","putative HIT-like protein","4","4","1","1","830","7","35","","365","365","365","OBHBHFCO_01594","","HDHBLALJ_00188","","HIOKELPH_00437","DOCPNFPP_00307"
"pheS","","Phenylalanine--tRNA ligase alpha subunit","4","4","1","1","831","7","36","","992","992","992","OBHBHFCO_01595","","HDHBLALJ_00187","","HIOKELPH_00438","DOCPNFPP_00308"
"pheT","","Phenylalanine--tRNA ligase beta subunit","4","4","1","1","832","7","21","","2321","2321","2321","OBHBHFCO_01596","","HDHBLALJ_00186","","HIOKELPH_00439","DOCPNFPP_00309"
"aroA","","3-phosphoshikimate 1-carboxyvinyltransferase","4","4","1","1","833","7","20","","1280","1280","1280","OBHBHFCO_01597","","HDHBLALJ_00185","","HIOKELPH_00440","DOCPNFPP_00310"
"ispH","","4-hydroxy-3-methylbut-2-enyl diphosphate reductase","4","4","1","1","834","7","19","","830","830","830","OBHBHFCO_01598","","HDHBLALJ_00184","","HIOKELPH_00441","DOCPNFPP_00311"
"rpsA","","30S ribosomal protein S1","4","4","1","1","835","7","18","","1670","1670","1670","OBHBHFCO_01599","","HDHBLALJ_00183","","HIOKELPH_00442","DOCPNFPP_00312"
"group_1871","","hypothetical protein","4","4","1","1","836","7","17","","491","491","491","OBHBHFCO_01600","","HDHBLALJ_00182","","HIOKELPH_00443","DOCPNFPP_00313"
"serA","","D-3-phosphoglycerate dehydrogenase","4","4","1","1","837","7","16","","1583","1583","1583","OBHBHFCO_01601","","HDHBLALJ_00181","","HIOKELPH_00444","DOCPNFPP_00314"
"kdsD","","Arabinose 5-phosphate isomerase KdsD","4","4","1","1","2226","6","54","","953","953","953","OBHBHFCO_01603","","HDHBLALJ_01386","","HIOKELPH_01019","DOCPNFPP_00736"
"kpsD","","Polysialic acid transport protein KpsD","4","4","1","1","2227","6","42","","1631","1631","1631","OBHBHFCO_01604","","HDHBLALJ_01385","","HIOKELPH_01018","DOCPNFPP_00737"
"kpsT","","Polysialic acid transport ATP-binding protein KpsT","4","4","1","1","2229","6","40","","662","662","662","OBHBHFCO_01606","","HDHBLALJ_01383","","HIOKELPH_01016","DOCPNFPP_00739"
"kpsM","","Polysialic acid transport protein KpsM","4","4","1","1","2230","6","39","","782","782","782","OBHBHFCO_01607","","HDHBLALJ_01382","","HIOKELPH_01015","DOCPNFPP_00740"
"group_1877","","hypothetical protein","4","4","1","1","2231","6","38","","416","416","416","OBHBHFCO_01608","","HDHBLALJ_01381","","HIOKELPH_01014","DOCPNFPP_00741"
"group_1878","","hypothetical protein","4","4","1","1","2233","6","36","","689","689","689","OBHBHFCO_01610","","HDHBLALJ_01379","","HIOKELPH_01012","DOCPNFPP_00743"
"group_1879","","hypothetical protein","4","4","1","1","2234","6","35","","710","710","710","OBHBHFCO_01611","","HDHBLALJ_01378","","HIOKELPH_01011","DOCPNFPP_00744"
"tilS","","tRNA(Ile)-lysidine synthase","4","4","1","1","2235","6","34","","965","965","965","OBHBHFCO_01612","","HDHBLALJ_01377","","HIOKELPH_01010","DOCPNFPP_00745"
"group_1881","","hypothetical protein","4","4","1","1","2244","72","3","","272","272","272","OBHBHFCO_01615","","HDHBLALJ_01374","","HIOKELPH_01007","DOCPNFPP_00748"
"group_1882","","hypothetical protein","4","4","1","1","2243","72","4","","104","104","104","OBHBHFCO_01616","","HDHBLALJ_01373","","HIOKELPH_01006","DOCPNFPP_00749"
"truD","","tRNA pseudouridine synthase D","4","4","1","1","2242","72","5","","1118","1118","1118","OBHBHFCO_01617","","HDHBLALJ_01372","","HIOKELPH_01005","DOCPNFPP_00750"
"group_1884","","hypothetical protein","4","4","1","1","2240","72","7","","1073","1073","1073","OBHBHFCO_01619","","HDHBLALJ_01370","","HIOKELPH_01003","DOCPNFPP_00752"
"group_1885","","hypothetical protein","4","4","1","1","2239","72","8","","383","383","383","OBHBHFCO_01620","","HDHBLALJ_01369","","HIOKELPH_01002","DOCPNFPP_00753"
"dsbI","","Protein-disulfide oxidoreductase DsbI","4","4","1","1","847","7","6","","695","695","695","OBHBHFCO_01621","","HDHBLALJ_00170","","HIOKELPH_00455","DOCPNFPP_00325"
"dsbL","","Thiol:disulfide interchange protein DsbL","4","4","1","1","848","7","5","","638","638","638","OBHBHFCO_01622","","HDHBLALJ_00169","","HIOKELPH_00456","DOCPNFPP_00326"
"group_1888","","hypothetical protein","4","4","1","1","849","7","4","","140","140","140","OBHBHFCO_01623","","HDHBLALJ_00168","","HIOKELPH_00457","DOCPNFPP_00327"
"group_1889","","hypothetical protein","4","4","1","1","850","7","3","","632","632","632","OBHBHFCO_01624","","HDHBLALJ_00167","","HIOKELPH_00458","DOCPNFPP_00328"
"group_1890","","hypothetical protein","4","4","1","1","851","7","2","","242","242","242","OBHBHFCO_01625","","HDHBLALJ_00166","","HIOKELPH_00459","DOCPNFPP_00329"
"group_1891","","3',5'-cyclic-nucleotide phosphodiesterase","4","4","1","1","852","7","1","","1052","1052","1052","OBHBHFCO_01626","","HDHBLALJ_00165","","HIOKELPH_00460","DOCPNFPP_00330"
"arsC","","Arsenate reductase","4","4","1","1","78","1","61","","422","422","422","OBHBHFCO_01639","","HDHBLALJ_01245","","HIOKELPH_00901","DOCPNFPP_00869"
"group_1896","","hypothetical protein","4","4","1","1","77","1","62","","317","317","317","OBHBHFCO_01640","","HDHBLALJ_01246","","HIOKELPH_00902","DOCPNFPP_00868"
"ywrO","","General stress protein 14","4","4","1","1","106","1","65","","509","509","509","OBHBHFCO_01643","","HDHBLALJ_01249","","HIOKELPH_00905","DOCPNFPP_00865"
"solA","","N-methyl-L-tryptophan oxidase","4","4","1","1","107","1","66","","1115","1115","1115","OBHBHFCO_01644","","HDHBLALJ_01250","","HIOKELPH_00906","DOCPNFPP_00864"
"ydeN","","Putative hydrolase YdeN","4","4","1","1","108","1","67","","602","602","602","OBHBHFCO_01645","","HDHBLALJ_01251","","HIOKELPH_00907","DOCPNFPP_00863"
"group_1900","","hypothetical protein","4","4","1","1","109","1","68","","1487","1487","1487","OBHBHFCO_01646","","HDHBLALJ_01252","","HIOKELPH_00908","DOCPNFPP_00862"
"group_1901","","putative protein","4","4","1","1","110","1","69","","1070","1070","1070","OBHBHFCO_01647","","HDHBLALJ_01253","","HIOKELPH_00909","DOCPNFPP_00861"
"uup","","ABC transporter ATP-binding protein uup","4","4","1","1","840","7","13","","1931","1931","1931","OBHBHFCO_01671","","HDHBLALJ_00178","","HIOKELPH_00447","DOCPNFPP_00317"
"moeA_1","","Molybdopterin molybdenumtransferase","4","4","1","1","841","7","12","","1166","1166","1166","OBHBHFCO_01673","","HDHBLALJ_00176","","HIOKELPH_00449","DOCPNFPP_00319"
"murA","","UDP-N-acetylglucosamine 1-carboxyvinyltransferase","4","4","1","1","842","7","11","","1256","1256","1256","OBHBHFCO_01674","","HDHBLALJ_00175","","HIOKELPH_00450","DOCPNFPP_00320"
"yicL","","putative inner membrane transporter YicL","4","4","1","1","843","7","10","","860","860","860","OBHBHFCO_01675","","HDHBLALJ_00174","","HIOKELPH_00451","DOCPNFPP_00321"
"trpG","","Anthranilate synthase component 2","4","4","1","1","844","7","9","","578","578","578","OBHBHFCO_01676","","HDHBLALJ_00173","","HIOKELPH_00452","DOCPNFPP_00322"
"menF_1","","Isochorismate synthase MenF","4","4","1","1","845","7","8","","1778","1778","1778","OBHBHFCO_01677","","HDHBLALJ_00172","","HIOKELPH_00453","DOCPNFPP_00323"
"xerH","","Tyrosine recombinase XerH","4","4","1","1","846","7","7","","1064","1064","1064","OBHBHFCO_01678","","HDHBLALJ_00171","","HIOKELPH_00454","DOCPNFPP_00324"
"accA","","Acetyl-coenzyme A carboxylase carboxyl transferase subunit alpha","4","4","1","1","422","51","14","","938","938","938","OBHBHFCO_01679","","HDHBLALJ_00824","","HIOKELPH_00890","DOCPNFPP_00635"
"fabF","","3-oxoacyl-[acyl-carrier-protein] synthase 2","4","4","1","1","423","51","1","","1214","1214","1214","OBHBHFCO_01680","","HDHBLALJ_00825","","HIOKELPH_00891","DOCPNFPP_00636"
"tenA","","Aminopyrimidine aminohydrolase","4","4","1","1","412","135","1","","665","665","665","OBHBHFCO_01682","","HDHBLALJ_00827","","HIOKELPH_00893","DOCPNFPP_00638"
"group_1920","","hypothetical protein","4","4","1","1","411","135","2","","407","407","407","OBHBHFCO_01683","","HDHBLALJ_00828","","HIOKELPH_00894","DOCPNFPP_00639"
"gpmI","","2,3-bisphosphoglycerate-independent phosphoglycerate mutase","4","4","1","1","409","114","4","","1478","1478","1478","OBHBHFCO_01685","","HDHBLALJ_00830","","HIOKELPH_00896","DOCPNFPP_00641"
"mraY","","Phospho-N-acetylmuramoyl-pentapeptide-transferase","4","4","1","1","408","114","3","","1061","1061","1061","OBHBHFCO_01686","","HDHBLALJ_00831","","HIOKELPH_00897","DOCPNFPP_00642"
"murD","","UDP-N-acetylmuramoylalanine--D-glutamate ligase","4","4","1","1","407","114","2","","1208","1208","1208","OBHBHFCO_01687","","HDHBLALJ_00832","","HIOKELPH_00898","DOCPNFPP_00643"
"ruvB","","Holliday junction ATP-dependent DNA helicase RuvB","4","4","1","1","2065","138","2","","1010","1010","1010","OBHBHFCO_01690","","HDHBLALJ_01609","","HIOKELPH_01076","DOCPNFPP_00669"
"group_1925","","hypothetical protein","4","4","1","1","2064","138","1","","1043","1043","1043","OBHBHFCO_01691","","HDHBLALJ_01608","","HIOKELPH_01075","DOCPNFPP_00670"
"glmS","","Glutamine--fructose-6-phosphate aminotransferase [isomerizing]","4","4","1","1","2130","19","1","","1796","1796","1796","OBHBHFCO_01693","","HDHBLALJ_01606","","HIOKELPH_01073","DOCPNFPP_00672"
"group_1927","","hypothetical protein","4","4","1","1","592","12","18","","1121","1121","1121","OBHBHFCO_01695","CCHHBCMG_00012","HDHBLALJ_01709","","","DOCPNFPP_01683"
"group_1937","","hypothetical protein","4","4","1","3","70","92","3","","1223","1223","1223","OBHBHFCO_01724","","HDHBLALJ_01062","","HIOKELPH_01279","DOCPNFPP_01057"
"group_1938","","hypothetical protein","4","4","1","3","69","92","2","","767","767","767","OBHBHFCO_01725","","HDHBLALJ_01063","","HIOKELPH_01280","DOCPNFPP_01056"
"group_1939","","hypothetical protein","4","4","1","3","68","92","1","","1637","1637","1637","OBHBHFCO_01726","","HDHBLALJ_01064","","HIOKELPH_01281","DOCPNFPP_01055"
"group_217","","hypothetical protein","4","4","1","1","302","4","7","","446","446","446","OBHBHFCO_00051","","HDHBLALJ_00623","","HIOKELPH_00676","DOCPNFPP_00435"
"rnr","","Ribonuclease R","4","4","1","1","1890","64","2","","1934","1934","1934","OBHBHFCO_00089","","HDHBLALJ_00661","","HIOKELPH_00714","DOCPNFPP_00473"
"group_225","","hypothetical protein","4","4","1","1","1881","169","1","","647","647","647","OBHBHFCO_00098","CCHHBCMG_00515","HDHBLALJ_00670","","","DOCPNFPP_00482"
"group_226","","hypothetical protein","4","4","1","1","1870","18","9","","980","980","980","OBHBHFCO_00107","","HDHBLALJ_00679","","HIOKELPH_00733","DOCPNFPP_00491"
"group_227","","hypothetical protein","4","4","1","1","1861","18","18","","1343","1343","1343","OBHBHFCO_00116","","HDHBLALJ_00688","","HIOKELPH_00742","DOCPNFPP_00500"
"group_229","","hypothetical protein","4","4","1","1","1787","13","24","","140","140","140","OBHBHFCO_00143","","HDHBLALJ_00714","","HIOKELPH_00768","DOCPNFPP_00526"
"proS","","Proline--tRNA ligase","4","4","1","1","535","85","2","","1706","1706","1706","OBHBHFCO_00158","","HDHBLALJ_00730","","HIOKELPH_00783","DOCPNFPP_00541"
"group_244","","hypothetical protein","4","4","1","1","1354","3","60","","509","509","509","OBHBHFCO_00274","","HDHBLALJ_00250","","HIOKELPH_00374","DOCPNFPP_00245"
"group_247","","hypothetical protein","4","4","1","1","1439","177","1","","800","800","800","OBHBHFCO_00323","","HDHBLALJ_00299","","HIOKELPH_00326","DOCPNFPP_00196"
"group_249","","hypothetical protein","4","4","1","1","797","8","4","","353","359","354","OBHBHFCO_00335","","HDHBLALJ_00311","","HIOKELPH_00315","DOCPNFPP_00184"
"group_250","","hypothetical protein","4","4","1","1","795","8","6","","251","257","255","OBHBHFCO_00337","","HDHBLALJ_00313","","HIOKELPH_00313","DOCPNFPP_00182"
"group_251","","hypothetical protein","4","4","1","1","788","8","29","","425","425","425","OBHBHFCO_00344","","HDHBLALJ_00320","","HIOKELPH_00306","DOCPNFPP_00175"
"group_252","","hypothetical protein","4","4","1","1","1466","8","38","","191","440","377","OBHBHFCO_00349","","HDHBLALJ_00325","","HIOKELPH_00300","DOCPNFPP_00170"
"group_255","","hypothetical protein","4","4","1","1","1494","21","3","","668","668","668","OBHBHFCO_00361","","HDHBLALJ_00337","","HIOKELPH_00287","DOCPNFPP_00158"
"group_261","","hypothetical protein","4","4","1","1","892","23","12","","227","260","251","OBHBHFCO_00444","","HDHBLALJ_00069","NFMMKAFD_01030","","DOCPNFPP_01420"
"ddl","","D-alanine--D-alanine ligase","4","4","1","1","998","24","12","","1040","1040","1040","OBHBHFCO_00463","","HDHBLALJ_00050","","HIOKELPH_00569","DOCPNFPP_01439"
"gmk","","Guanylate kinase","4","4","1","1","726","90","7","","617","617","617","OBHBHFCO_00543","","HDHBLALJ_00426","","HIOKELPH_00187","DOCPNFPP_00069"
"rny","","Ribonuclease Y","4","4","1","1","704","20","16","","1553","1616","1598","OBHBHFCO_00578","","HDHBLALJ_00461","","HIOKELPH_00151","DOCPNFPP_00034"
"group_281","","hypothetical protein","4","4","1","1","702","44","4","","203","221","216","OBHBHFCO_00591","","HDHBLALJ_00474","","HIOKELPH_00138","DOCPNFPP_00021"
"group_282","","hypothetical protein","4","4","1","1","1707","44","11","","230","329","254","OBHBHFCO_00597","","HDHBLALJ_00480","","HIOKELPH_00131","DOCPNFPP_00015"
"group_289","","hypothetical protein","4","4","1","3","243","40","4","","1202","1202","1202","OBHBHFCO_00636","","HDHBLALJ_00957","","HIOKELPH_01174","DOCPNFPP_01162"
"group_2992","","hypothetical protein","4","4","1","1","1169","48","11","","1286","1289","1286","OBHBHFCO_01352","","HDHBLALJ_00120","","HIOKELPH_00505","DOCPNFPP_00375"
"group_2994","","hypothetical protein","4","4","1","1","1331","3","13","","899","911","908","OBHBHFCO_01456","","HDHBLALJ_00227","","HIOKELPH_00397","DOCPNFPP_00268"
"gatA","","Glutamyl-tRNA(Gln) amidotransferase subunit A","4","4","1","1","791","8","11","","1364","1367","1365","OBHBHFCO_00341","","HDHBLALJ_00317","","HIOKELPH_00309","DOCPNFPP_00178"
"pepF1","","Oligoendopeptidase F, plasmid","4","4","1","1","755","14","16","","1715","1718","1715","OBHBHFCO_00385","","HDHBLALJ_00361","","HIOKELPH_00263","DOCPNFPP_00134"
"ant1","","Streptomycin 3''-adenylyltransferase","4","4","1","1","2067","1","145","","776","779","777","OBHBHFCO_01265","","HDHBLALJ_01266","","HIOKELPH_01732","DOCPNFPP_00848"
"group_303","","hypothetical protein","4","4","1","3","314","54","12","","566","893","729","OBHBHFCO_00687","","HDHBLALJ_00904","","HIOKELPH_01119","DOCPNFPP_01213"
"group_307","","hypothetical protein","4","4","1","3","332","71","2","","509","509","509","OBHBHFCO_00704","","HDHBLALJ_00886","","HIOKELPH_01101","DOCPNFPP_01230"
"group_310","","hypothetical protein","4","4","1","2","445","99","5","","692","692","692","OBHBHFCO_00728","","HDHBLALJ_01522","","HIOKELPH_01409","DOCPNFPP_01254"
"group_311","","hypothetical protein","4","4","1","2","448","99","2","","521","521","521","OBHBHFCO_00731","","HDHBLALJ_01519","","HIOKELPH_01406","DOCPNFPP_01257"
"group_315","","hypothetical protein","4","4","1","2","606","70","3","","728","1034","804","OBHBHFCO_00753","","HDHBLALJ_01497","","HIOKELPH_01384","DOCPNFPP_01279"
"group_316","","hypothetical protein","4","4","1","2","607","70","4","","134","134","134","OBHBHFCO_00754","","HDHBLALJ_01496","","HIOKELPH_01383","DOCPNFPP_01280"
"bepE","","Efflux pump membrane transporter BepE","4","4","1","3","47","59","8","","3122","3122","3122","OBHBHFCO_00824","","HDHBLALJ_01001","","HIOKELPH_01218","DOCPNFPP_01118"
"mdtE","","Multidrug resistance protein MdtE","4","4","1","3","48","59","7","","1103","1103","1103","OBHBHFCO_00825","","HDHBLALJ_01002","","HIOKELPH_01219","DOCPNFPP_01117"
"group_334","","hypothetical protein","4","4","1","3","51","42","1","","605","605","605","OBHBHFCO_00829","","HDHBLALJ_01006","","HIOKELPH_01223","DOCPNFPP_01113"
"group_3373","","hypothetical protein","4","4","1","1","727","90","6","","1547","1553","1548","OBHBHFCO_00544","","HDHBLALJ_00427","","HIOKELPH_00186","DOCPNFPP_00068"
"group_3398","","hypothetical protein","4","4","1","1","1468","8","36","","1001","1004","1001","OBHBHFCO_00351","","HDHBLALJ_00327","","HIOKELPH_00298","DOCPNFPP_00168"
"group_3403","","Leu/Ile/Val-binding protein ","4","4","1","1","1374","3","40","","1115","1124","1117","OBHBHFCO_00296","","HDHBLALJ_00272","","HIOKELPH_00353","DOCPNFPP_00223"
"group_3415","","hypothetical protein","4","4","1","1","1892","64","8","","1031","1052","1036","OBHBHFCO_00087","","HDHBLALJ_00659","","HIOKELPH_00712","DOCPNFPP_00471"
"ligA_1","","DNA ligase","4","4","1","1","340","2","64","","1940","1943","1940","OBHBHFCO_00916","","HDHBLALJ_00534","","HIOKELPH_00074","DOCPNFPP_01526"
"group_344","","hypothetical protein","4","4","1","1","335","2","59","","203","218","214","OBHBHFCO_00921","","HDHBLALJ_00529","","HIOKELPH_00079","DOCPNFPP_01531"
"pheA","","Bifunctional chorismate mutase/prephenate dehydratase","4","4","1","3","252","141","1","","1079","1082","1079","OBHBHFCO_00643","","HDHBLALJ_00950","","HIOKELPH_01167","DOCPNFPP_01169"
"olsG","","Ornithine lipid N-methyltransferase","4","4","1","1","692","2","39","","518","557","547","OBHBHFCO_00941","","HDHBLALJ_00509","","HIOKELPH_00099","DOCPNFPP_01551"
"fabD","","Malonyl CoA-acyl carrier protein transacylase","4","4","1","2","394","166","1","","974","980","975","OBHBHFCO_00734","","HDHBLALJ_01516","","HIOKELPH_01403","DOCPNFPP_01260"
"group_3455","","hypothetical protein","4","4","1","2","162","27","3","","1733","1757","1739","OBHBHFCO_01037","","HDHBLALJ_01137","","HIOKELPH_01441","DOCPNFPP_00946"
"group_3457","","hypothetical protein","4","4","1","2","325","46","1","","1091","1097","1092","OBHBHFCO_01312","","HDHBLALJ_01162","","HIOKELPH_01469","DOCPNFPP_00973"
"group_3479","","hypothetical protein","4","4","1","1","2052","38","12","","464","467","464","OBHBHFCO_01152","","HDHBLALJ_01585","","HIOKELPH_01052","DOCPNFPP_00693"
"fmt_2","","Methionyl-tRNA formyltransferase","4","4","1","1","554","55","5","","146","719","432","","CCHHBCMG_00030","HDHBLALJ_01688","","HIOKELPH_00029","DOCPNFPP_01703"
"fhaB","","Filamentous hemagglutinin","4","4","1","2","311","33","5","","1640","2087","1751","OBHBHFCO_01024","","HDHBLALJ_01150","","HIOKELPH_01455","DOCPNFPP_00959"
"group_355","","Bacteriohemerythrin","4","4","1","2","170","27","8","","533","686","647","OBHBHFCO_01046","","HDHBLALJ_01128","","HIOKELPH_01548","DOCPNFPP_00937"
"group_360","","hypothetical protein","4","4","1","2","190","58","4","","314","785","667","OBHBHFCO_01079","","HDHBLALJ_01095","","HIOKELPH_01581","DOCPNFPP_00904"
"group_361","","hypothetical protein","4","4","1","2","188","58","5","","611","617","615","OBHBHFCO_01080","","HDHBLALJ_01094","","HIOKELPH_01583","DOCPNFPP_00903"
"group_362","","hypothetical protein","4","4","1","2","187","58","6","","1103","1160","1145","OBHBHFCO_01081","","HDHBLALJ_01093","","HIOKELPH_01584","DOCPNFPP_00902"
"group_363","","hypothetical protein","4","4","1","2","1","31","14","","302","569","502","OBHBHFCO_01085","","HDHBLALJ_01444","","HIOKELPH_01331","DOCPNFPP_01332"
"group_364","","hypothetical protein","4","4","1","2","8","31","7","","629","629","629","OBHBHFCO_01094","","HDHBLALJ_01435","","HIOKELPH_01322","DOCPNFPP_01341"
"group_365","","hypothetical protein","4","4","1","2","10","31","5","","311","326","322","OBHBHFCO_01096","","HDHBLALJ_01433","","HIOKELPH_01320","DOCPNFPP_01343"
"group_369","","hypothetical protein","4","4","1","2","61","57","6","","377","377","377","OBHBHFCO_01108","","HDHBLALJ_01421","","HIOKELPH_01308","DOCPNFPP_01355"
"group_370","","hypothetical protein","4","4","1","2","15","57","9","","299","434","332","OBHBHFCO_01111","","HDHBLALJ_01418","","HIOKELPH_01303","DOCPNFPP_01358"
"besA","","hypothetical protein","4","4","1","1","2061","19","14","","746","878","845","OBHBHFCO_01147","","HDHBLALJ_01590","","HIOKELPH_01057","DOCPNFPP_00688"
"group_379","","hypothetical protein","4","4","1","1","2048","153","1","","1499","1499","1499","OBHBHFCO_01161","","HDHBLALJ_01576","","HIOKELPH_01043","DOCPNFPP_00702"
"group_38","","hypothetical protein","4","4","1","1","1364","3","50","","680","2021","1015","OBHBHFCO_00285","","HDHBLALJ_00261","","HIOKELPH_00363","DOCPNFPP_00234"
"gap","","Glyceraldehyde-3-phosphate dehydrogenase","4","4","1","1","2045","6","19","","998","998","998","OBHBHFCO_01165","","HDHBLALJ_01572","","HIOKELPH_01039","DOCPNFPP_00706"
"group_381","","hypothetical protein","4","4","1","1","2041","6","24","","536","536","536","OBHBHFCO_01169","","HDHBLALJ_01568","","HIOKELPH_01035","DOCPNFPP_00710"
"group_382","","hypothetical protein","4","4","1","1","2039","6","26","","422","422","422","OBHBHFCO_01171","","HDHBLALJ_01566","","HIOKELPH_01033","DOCPNFPP_00712"
"group_383","","hypothetical protein","4","4","1","1","2038","6","27","","1370","1370","1370","OBHBHFCO_01172","","HDHBLALJ_01565","","HIOKELPH_01032","DOCPNFPP_00713"
"group_384","","hypothetical protein","4","4","1","1","2035","6","30","","2027","2027","2027","OBHBHFCO_01175","","HDHBLALJ_01562","","HIOKELPH_01029","DOCPNFPP_00716"
"group_391","","hypothetical protein","4","4","1","3","439","37","14","","407","407","407","OBHBHFCO_01205","","HDHBLALJ_01662","","HIOKELPH_01691","DOCPNFPP_01651"
"group_392","","hypothetical protein","4","4","1","3","440","37","13","","293","428","326","OBHBHFCO_01206","","HDHBLALJ_01661","","HIOKELPH_01690","DOCPNFPP_01650"
"ynfM","","Inner membrane transport protein YnfM","4","4","1","3","428","53","1","","791","1133","1047","OBHBHFCO_01219","","HDHBLALJ_01648","","HIOKELPH_01677","DOCPNFPP_01637"
"group_40","","hypothetical protein","4","4","1","1","1365","3","49","","581","1679","1404","OBHBHFCO_00287","","HDHBLALJ_00263","","HIOKELPH_00362","DOCPNFPP_00232"
"dapF","","Diaminopimelate epimerase","4","4","1","1","66","1","36","","749","749","749","OBHBHFCO_01238","","HDHBLALJ_01293","","HIOKELPH_00934","DOCPNFPP_00821"
"pxpA","","5-oxoprolinase subunit A","4","4","1","1","63","1","25","","770","770","770","OBHBHFCO_01249","","HDHBLALJ_01282","","HIOKELPH_00923","DOCPNFPP_00832"
"erm","","rRNA adenine N-6-methyltransferase","4","4","1","1","26","1","143","","737","794","779","OBHBHFCO_01263","CCHHBCMG_00947","HDHBLALJ_01268","","","DOCPNFPP_00846"
"group_404","","hypothetical protein","4","4","1","1","25","1","144","","545","545","545","OBHBHFCO_01264","","HDHBLALJ_01267","","HIOKELPH_01731","DOCPNFPP_00847"
"deoD","","hypothetical protein","4","4","1","1","2068","1","146","","224","770","360","OBHBHFCO_01266","","HDHBLALJ_01265","","HIOKELPH_01733","DOCPNFPP_00849"
"group_406","","hypothetical protein","4","4","1","1","115","1","83","","2309","2309","2309","OBHBHFCO_01273","CCHHBCMG_00915","HDHBLALJ_01258","","","DOCPNFPP_00856"
"group_41","","hypothetical protein","4","4","1","1","799","8","2","","251","635","449","OBHBHFCO_00333","","HDHBLALJ_00309","","HIOKELPH_00316","DOCPNFPP_00186"
"group_411","","hypothetical protein","4","4","1","1","1165","48","10","","692","737","725","OBHBHFCO_01356","","HDHBLALJ_00116","","HIOKELPH_00506","DOCPNFPP_00379"
"COQ3_3","","Ubiquinone biosynthesis O-methyltransferase, mitochondrial","4","4","1","3","334","71","4","","710","710","710","OBHBHFCO_01362","","HDHBLALJ_00884","","HIOKELPH_01613","DOCPNFPP_01619"
"group_415","","hypothetical protein","4","4","1","3","361","76","6","","284","476","428","OBHBHFCO_01374","","HDHBLALJ_00872","","HIOKELPH_01625","DOCPNFPP_01607"
"group_421","proP_3","Proline/betaine transporter","4","4","1","2","243","58","10","","1307","1307","1307","OBHBHFCO_01402","","HDHBLALJ_01089","","HIOKELPH_01588","DOCPNFPP_00898"
"group_426","","hypothetical protein","4","4","1","1","1136","7","26","","293","305","296","OBHBHFCO_01426","","HDHBLALJ_00197","","HIOKELPH_00428","DOCPNFPP_00298"
"group_43","","hypothetical protein","4","4","1","3","313","54","4","","347","716","531","OBHBHFCO_00686","","HDHBLALJ_00907","","HIOKELPH_01122","DOCPNFPP_01212"
"group_431","","hypothetical protein","4","4","1","1","1330","3","12","","182","416","240","OBHBHFCO_01455","","HDHBLALJ_00226","","HIOKELPH_00398","DOCPNFPP_00269"
"group_434","","hypothetical protein","4","4","1","1","2099","41","1","","1307","1307","1307","OBHBHFCO_01496","","HDHBLALJ_01624","","HIOKELPH_01091","DOCPNFPP_00654"
"group_435","","hypothetical protein","4","4","1","2","521","36","10","","605","605","605","OBHBHFCO_01511","","","NFMMKAFD_01471","HIOKELPH_01528","DOCPNFPP_01036"
"group_439","","hypothetical protein","4","4","1","3","510","103","1","","728","812","791","OBHBHFCO_01567","","HDHBLALJ_00836","","HIOKELPH_01659","DOCPNFPP_01571"
"dapB","","4-hydroxy-tetrahydrodipicolinate reductase","4","4","1","3","522","91","1","","728","728","728","OBHBHFCO_01569","","HDHBLALJ_00838","","HIOKELPH_01657","DOCPNFPP_01573"
"walR","","Transcriptional regulatory protein WalR","4","4","1","1","838","7","15","","554","671","641","OBHBHFCO_01602","","HDHBLALJ_00180","","HIOKELPH_00445","DOCPNFPP_00315"
"group_446","","hypothetical protein","4","4","1","1","2228","6","41","","1115","1115","1115","OBHBHFCO_01605","","HDHBLALJ_01384","","HIOKELPH_01017","DOCPNFPP_00738"
"group_447","","hypothetical protein","4","4","1","1","2232","6","37","","563","563","563","OBHBHFCO_01609","","HDHBLALJ_01380","","HIOKELPH_01013","DOCPNFPP_00742"
"thiL","","Thiamine-monophosphate kinase","4","4","1","1","2241","72","6","","821","821","821","OBHBHFCO_01618","","HDHBLALJ_01371","","HIOKELPH_01004","DOCPNFPP_00751"
"group_452","","hypothetical protein","4","4","1","1","1109","11","1","","440","695","631","OBHBHFCO_01633","","HDHBLALJ_00158","","HIOKELPH_00467","DOCPNFPP_00337"
"sasA_3","","Adaptive-response sensory-kinase SasA","4","4","1","1","1108","11","2","","878","1019","983","OBHBHFCO_01634","","HDHBLALJ_00157","","HIOKELPH_00468","DOCPNFPP_00338"
"acr3","","Arsenical-resistance protein Acr3","4","4","1","1","79","1","59","","572","758","665","OBHBHFCO_01637","","HDHBLALJ_01244","","HIOKELPH_00900","DOCPNFPP_00871"
"group_455","","Putative two-component membrane permease complex subunit SMU_747c","4","4","1","1","104","1","63","","857","947","924","OBHBHFCO_01641","","HDHBLALJ_01247","","HIOKELPH_00903","DOCPNFPP_00867"
"srpA","","Catalase-related peroxidase","4","4","1","1","105","1","64","","971","971","971","OBHBHFCO_01642","","HDHBLALJ_01248","","HIOKELPH_00904","DOCPNFPP_00866"
"sasA_2","","Adaptive-response sensory-kinase SasA","4","4","1","1","839","7","14","","539","1283","1097","OBHBHFCO_01670","","HDHBLALJ_00179","","HIOKELPH_00446","DOCPNFPP_00316"
"glnD","","Bifunctional uridylyltransferase/uridylyl-removing enzyme","4","4","1","1","2129","19","2","","2237","2348","2320","OBHBHFCO_01694","","HDHBLALJ_01605","","HIOKELPH_01072","DOCPNFPP_00673"
"group_469","","hypothetical protein","4","4","1","1","587","12","23","","905","905","905","OBHBHFCO_01701","","HDHBLALJ_01715","NFMMKAFD_00005","","DOCPNFPP_01677"
"group_472","","hypothetical protein","4","4","1","1","573","12","13","","224","248","242","OBHBHFCO_01716","CCHHBCMG_00015","HDHBLALJ_01705","","","DOCPNFPP_01687"
"pglD_2","","UDP-N-acetylbacillosamine N-acetyltransferase","4","4","1","1","572","12","14","","227","281","240","OBHBHFCO_01717","CCHHBCMG_00014","HDHBLALJ_01706","","","DOCPNFPP_01686"
"group_475","","hypothetical protein","4","4","1","1","46","1","117","","281","977","803","OBHBHFCO_01733","","HDHBLALJ_01296","","HIOKELPH_00937","DOCPNFPP_00818"
"yihN","","Inner membrane protein YihN","4","4","1","1","1469","8","35","","1064","1271","1216","OBHBHFCO_00352","","HDHBLALJ_00328","","HIOKELPH_00296","DOCPNFPP_00167"
"group_67","","hypothetical protein","4","4","1","2","310","33","16","","1139","2627","1511","OBHBHFCO_01021","","HDHBLALJ_01151","","HIOKELPH_01458","DOCPNFPP_00962"
"hisJ","","putative histidine-binding protein","4","4","1","1","228","34","10","","770","770","770","OBHBHFCO_00001","","HDHBLALJ_00574","","HIOKELPH_00619","DOCPNFPP_00385"
"htpX","","Protease HtpX","4","4","1","1","243","120","1","","1187","1187","1187","OBHBHFCO_00013","","HDHBLALJ_00585","","HIOKELPH_00630","DOCPNFPP_00397"
"prmC","","Release factor glutamine methyltransferase","4","4","1","1","244","120","2","","800","800","800","OBHBHFCO_00014","","HDHBLALJ_00586","","HIOKELPH_00631","DOCPNFPP_00398"
"group_748","","hypothetical protein","4","4","1","1","245","120","3","","473","473","473","OBHBHFCO_00015","","HDHBLALJ_00587","","HIOKELPH_00632","DOCPNFPP_00399"
"group_749","","Pyridoxal phosphate homeostasis protein","4","4","1","1","250","61","3","","632","632","632","OBHBHFCO_00017","","HDHBLALJ_00589","","HIOKELPH_00634","DOCPNFPP_00401"
"dnaE","","DNA polymerase III subunit alpha","4","4","1","1","251","61","4","","3602","3602","3602","OBHBHFCO_00018","","HDHBLALJ_00590","","HIOKELPH_00635","DOCPNFPP_00402"
"group_751","","putative protein","4","4","1","1","252","61","5","","329","329","329","OBHBHFCO_00019","","HDHBLALJ_00591","","HIOKELPH_00636","DOCPNFPP_00403"
"aroH","","Phospho-2-dehydro-3-deoxyheptonate aldolase","4","4","1","1","253","61","6","","1343","1343","1343","OBHBHFCO_00020","","HDHBLALJ_00592","","HIOKELPH_00637","DOCPNFPP_00404"
"hiuH","","5-hydroxyisourate hydrolase","4","4","1","1","254","61","7","","413","413","413","OBHBHFCO_00021","","HDHBLALJ_00593","","HIOKELPH_00638","DOCPNFPP_00405"
"rplS","","50S ribosomal protein L19","4","4","1","1","255","61","8","","356","356","356","OBHBHFCO_00022","","HDHBLALJ_00594","","HIOKELPH_00639","DOCPNFPP_00406"
"trmD","","tRNA (guanine-N(1)-)-methyltransferase","4","4","1","1","256","61","9","","704","704","704","OBHBHFCO_00023","","HDHBLALJ_00595","","HIOKELPH_00640","DOCPNFPP_00407"
"rimM","","Ribosome maturation factor RimM","4","4","1","1","257","61","2","","539","539","539","OBHBHFCO_00024","","HDHBLALJ_00596","","HIOKELPH_00641","DOCPNFPP_00408"
"group_757","","hypothetical protein","4","4","1","1","258","61","1","","242","242","242","OBHBHFCO_00025","","HDHBLALJ_00597","","HIOKELPH_00642","DOCPNFPP_00409"
"ffh","","Signal recognition particle protein","4","4","1","1","260","56","8","","1337","1337","1337","OBHBHFCO_00027","","HDHBLALJ_00599","","HIOKELPH_00644","DOCPNFPP_00411"
"group_759","","hypothetical protein","4","4","1","1","261","56","9","","752","752","752","OBHBHFCO_00028","","HDHBLALJ_00600","","HIOKELPH_00645","DOCPNFPP_00412"
"waaA","","3-deoxy-D-manno-octulosonic acid transferase","4","4","1","1","262","56","10","","1157","1157","1157","OBHBHFCO_00029","","HDHBLALJ_00601","","HIOKELPH_00646","DOCPNFPP_00413"
"group_761","","hypothetical protein","4","4","1","1","263","56","7","","716","716","716","OBHBHFCO_00030","","HDHBLALJ_00602","","HIOKELPH_00647","DOCPNFPP_00414"
"group_762","","GTP cyclohydrolase 1 type 2","4","4","1","1","264","56","6","","725","725","725","OBHBHFCO_00031","","HDHBLALJ_00603","","HIOKELPH_00648","DOCPNFPP_00415"
"glyQ","","Glycine--tRNA ligase alpha subunit","4","4","1","1","265","56","5","","863","863","863","OBHBHFCO_00032","","HDHBLALJ_00604","","HIOKELPH_00649","DOCPNFPP_00416"
"group_764","","hypothetical protein","4","4","1","1","266","56","4","","554","554","554","OBHBHFCO_00033","","HDHBLALJ_00605","","HIOKELPH_00650","DOCPNFPP_00417"
"purE","","N5-carboxyaminoimidazole ribonucleotide mutase","4","4","1","1","267","56","3","","494","494","494","OBHBHFCO_00034","","HDHBLALJ_00606","","HIOKELPH_00651","DOCPNFPP_00418"
"group_766","","hypothetical protein","4","4","1","1","268","56","2","","1256","1256","1256","OBHBHFCO_00035","","HDHBLALJ_00607","","HIOKELPH_00652","DOCPNFPP_00419"
"group_767","","hypothetical protein","4","4","1","1","269","56","1","","704","704","704","OBHBHFCO_00036","","HDHBLALJ_00608","","HIOKELPH_00653","DOCPNFPP_00420"
"flgG_2","","Flagellar basal-body rod protein FlgG","4","4","1","1","282","151","1","","812","812","812","OBHBHFCO_00039","","HDHBLALJ_00611","","HIOKELPH_00656","DOCPNFPP_00423"
"ppiD","","Peptidyl-prolyl cis-trans isomerase D","4","4","1","1","286","79","7","","1487","1487","1487","OBHBHFCO_00042","","HDHBLALJ_00614","","HIOKELPH_00659","DOCPNFPP_00426"
"rsmH","","Ribosomal RNA small subunit methyltransferase H","4","4","1","1","287","79","6","","935","935","935","OBHBHFCO_00043","","HDHBLALJ_00615","","HIOKELPH_00660","DOCPNFPP_00427"
"group_771","","hypothetical protein","4","4","1","1","288","79","5","","887","887","887","OBHBHFCO_00044","","HDHBLALJ_00616","","HIOKELPH_00661","DOCPNFPP_00428"
"group_772","","hypothetical protein","4","4","1","1","289","79","4","","491","491","491","OBHBHFCO_00045","","HDHBLALJ_00617","","HIOKELPH_00662","DOCPNFPP_00429"
"ackA","","Acetate kinase","4","4","1","1","290","79","3","","1190","1190","1190","OBHBHFCO_00046","","HDHBLALJ_00618","","HIOKELPH_00663","DOCPNFPP_00430"
"group_774","","hypothetical protein","4","4","1","1","291","79","2","","1502","1502","1502","OBHBHFCO_00047","","HDHBLALJ_00619","","HIOKELPH_00664","DOCPNFPP_00431"
"flgH","","Flagellar L-ring protein","4","4","1","1","292","79","1","","698","698","698","OBHBHFCO_00048","","HDHBLALJ_00620","","HIOKELPH_00665","DOCPNFPP_00432"
"priA","","Primosomal protein N'","4","4","1","1","301","4","8","","1838","1838","1838","OBHBHFCO_00050","","HDHBLALJ_00622","","HIOKELPH_00675","DOCPNFPP_00434"
"group_777","","hypothetical protein","4","4","1","1","303","4","6","","245","245","245","OBHBHFCO_00052","","HDHBLALJ_00624","","HIOKELPH_00677","DOCPNFPP_00436"
"group_778","","hypothetical protein","4","4","1","1","304","4","5","","230","230","230","OBHBHFCO_00053","","HDHBLALJ_00625","","HIOKELPH_00678","DOCPNFPP_00437"
"rpoN","","RNA polymerase sigma-54 factor","4","4","1","1","1948","105","1","","1250","1250","1250","OBHBHFCO_00056","","HDHBLALJ_00628","","HIOKELPH_00681","DOCPNFPP_00440"
"lptB_2","","Lipopolysaccharide export system ATP-binding protein LptB","4","4","1","1","1947","105","4","","728","728","728","OBHBHFCO_00057","","HDHBLALJ_00629","","HIOKELPH_00682","DOCPNFPP_00441"
"tsaE","","tRNA threonylcarbamoyladenosine biosynthesis protein TsaE","4","4","1","1","1946","105","3","","407","407","407","OBHBHFCO_00058","","HDHBLALJ_00630","","HIOKELPH_00683","DOCPNFPP_00442"
"group_782","","putative protein","4","4","1","1","1945","105","2","","245","245","245","OBHBHFCO_00059","","HDHBLALJ_00631","","HIOKELPH_00684","DOCPNFPP_00443"
"era","","GTPase Era","4","4","1","1","1940","22","1","","875","875","875","OBHBHFCO_00064","","HDHBLALJ_00636","","HIOKELPH_00689","DOCPNFPP_00448"
"group_784","","hypothetical protein","4","4","1","1","1939","22","2","","1073","1076","1075","OBHBHFCO_00065","","HDHBLALJ_00637","","HIOKELPH_00690","DOCPNFPP_00449"
"group_785","","hypothetical protein","4","4","1","1","1938","22","3","","557","557","557","OBHBHFCO_00066","","HDHBLALJ_00638","","HIOKELPH_00691","DOCPNFPP_00450"
"group_786","","hypothetical protein","4","4","1","1","1937","22","4","","1787","1787","1787","OBHBHFCO_00067","","HDHBLALJ_00639","","HIOKELPH_00692","DOCPNFPP_00451"
"mrdA","","Peptidoglycan D,D-transpeptidase MrdA","4","4","1","1","1936","22","5","","1835","1835","1835","OBHBHFCO_00068","","HDHBLALJ_00640","","HIOKELPH_00693","DOCPNFPP_00452"
"group_788","","hypothetical protein","4","4","1","1","1935","22","6","","494","494","494","OBHBHFCO_00069","","HDHBLALJ_00641","","HIOKELPH_00694","DOCPNFPP_00453"
"engB","","putative GTP-binding protein EngB","4","4","1","1","1934","22","7","","590","590","590","OBHBHFCO_00070","","HDHBLALJ_00642","","HIOKELPH_00695","DOCPNFPP_00454"
"lptA","","Lipopolysaccharide export system protein LptA","4","4","1","1","1933","22","18","","458","458","458","OBHBHFCO_00071","","HDHBLALJ_00643","","HIOKELPH_00696","DOCPNFPP_00455"
"group_791","","hypothetical protein","4","4","1","1","1932","22","17","","512","512","512","OBHBHFCO_00072","","HDHBLALJ_00644","","HIOKELPH_00697","DOCPNFPP_00456"
"group_792","","2-keto-3-deoxy-D-glycero-D-galacto-9-phosphonononic acid phosphatase","4","4","1","1","1931","22","16","","488","488","488","OBHBHFCO_00073","","HDHBLALJ_00645","","HIOKELPH_00698","DOCPNFPP_00457"
"rlpA","","Endolytic peptidoglycan transglycosylase RlpA","4","4","1","1","1930","22","15","","839","839","839","OBHBHFCO_00074","","HDHBLALJ_00646","","HIOKELPH_00699","DOCPNFPP_00458"
"group_794","","hypothetical protein","4","4","1","1","1929","22","14","","1133","1133","1133","OBHBHFCO_00075","","HDHBLALJ_00647","","HIOKELPH_00700","DOCPNFPP_00459"
"ycfH","","putative metal-dependent hydrolase YcfH","4","4","1","1","1928","22","13","","812","812","812","OBHBHFCO_00076","","HDHBLALJ_00648","","HIOKELPH_00701","DOCPNFPP_00460"
"pleD","","Response regulator PleD","4","4","1","1","1927","22","12","","1244","1244","1244","OBHBHFCO_00077","","HDHBLALJ_00649","","HIOKELPH_00702","DOCPNFPP_00461"
"recN","","DNA repair protein RecN","4","4","1","1","1926","22","11","","1523","1523","1523","OBHBHFCO_00078","","HDHBLALJ_00650","","HIOKELPH_00703","DOCPNFPP_00462"
"nadK","","NAD kinase","4","4","1","1","1925","22","10","","860","860","860","OBHBHFCO_00079","","HDHBLALJ_00651","","HIOKELPH_00704","DOCPNFPP_00463"
"aspS","","Aspartate--tRNA(Asp/Asn) ligase","4","4","1","1","1924","22","9","","1751","1751","1751","OBHBHFCO_00080","","HDHBLALJ_00652","","HIOKELPH_00705","DOCPNFPP_00464"
"pgtP_2","","Phosphoglycerate transporter protein","4","4","1","3","292","65","1","","203","380","335","OBHBHFCO_00668","","HDHBLALJ_00925","","HIOKELPH_01141","DOCPNFPP_01194"
"adk","","Adenylate kinase","4","4","1","1","1923","22","8","","575","575","575","OBHBHFCO_00081","","HDHBLALJ_00653","","HIOKELPH_00706","DOCPNFPP_00465"
"msrA","","Peptide methionine sulfoxide reductase MsrA","4","4","1","1","1896","64","4","","500","500","500","OBHBHFCO_00083","","HDHBLALJ_00655","","HIOKELPH_00708","DOCPNFPP_00467"
"rsmF","","Ribosomal RNA small subunit methyltransferase F","4","4","1","1","1895","64","5","","875","875","875","OBHBHFCO_00084","","HDHBLALJ_00656","","HIOKELPH_00709","DOCPNFPP_00468"
"yqgF","","Putative pre-16S rRNA nuclease","4","4","1","1","1894","64","6","","380","380","380","OBHBHFCO_00085","","HDHBLALJ_00657","","HIOKELPH_00710","DOCPNFPP_00469"
"group_804","","hypothetical protein","4","4","1","1","1893","64","7","","770","770","770","OBHBHFCO_00086","","HDHBLALJ_00658","","HIOKELPH_00711","DOCPNFPP_00470"
"ilvC","","Ketol-acid reductoisomerase (NADP(+))","4","4","1","1","1891","64","3","","1022","1022","1022","OBHBHFCO_00088","","HDHBLALJ_00660","","HIOKELPH_00713","DOCPNFPP_00472"
"group_806","","Protein","4","4","1","1","1889","64","1","","965","965","965","OBHBHFCO_00090","","HDHBLALJ_00662","","HIOKELPH_00715","DOCPNFPP_00474"
"ftn","","Bacterial non-heme ferritin","4","4","1","1","1872","18","7","","500","500","500","OBHBHFCO_00105","","HDHBLALJ_00677","","HIOKELPH_00731","DOCPNFPP_00489"
"group_809","","hypothetical protein","4","4","1","1","1871","18","8","","1376","1376","1376","OBHBHFCO_00106","","HDHBLALJ_00678","","HIOKELPH_00732","DOCPNFPP_00490"
"group_810","","hypothetical protein","4","4","1","1","1869","18","10","","1169","1169","1169","OBHBHFCO_00108","","HDHBLALJ_00680","","HIOKELPH_00734","DOCPNFPP_00492"
"tdeA","","Toxin and drug export protein A","4","4","1","1","1868","18","11","","1364","1364","1364","OBHBHFCO_00109","","HDHBLALJ_00681","","HIOKELPH_00735","DOCPNFPP_00493"
"macB","","Macrolide export ATP-binding/permease protein MacB","4","4","1","1","1867","18","12","","1925","1925","1925","OBHBHFCO_00110","","HDHBLALJ_00682","","HIOKELPH_00736","DOCPNFPP_00494"
"macA","","Macrolide export protein MacA","4","4","1","1","1866","18","13","","1172","1172","1172","OBHBHFCO_00111","","HDHBLALJ_00683","","HIOKELPH_00737","DOCPNFPP_00495"
"hipO","","Hippurate hydrolase","4","4","1","1","1865","18","14","","1190","1190","1190","OBHBHFCO_00112","","HDHBLALJ_00684","","HIOKELPH_00738","DOCPNFPP_00496"
"group_815","","hypothetical protein","4","4","1","1","1864","18","15","","881","881","881","OBHBHFCO_00113","","HDHBLALJ_00685","","HIOKELPH_00739","DOCPNFPP_00497"
"dsbD","","Thiol:disulfide interchange protein DsbD","4","4","1","1","1863","18","16","","1700","1700","1700","OBHBHFCO_00114","","HDHBLALJ_00686","","HIOKELPH_00740","DOCPNFPP_00498"
"yiiM","","Protein YiiM","4","4","1","1","1862","18","17","","668","668","668","OBHBHFCO_00115","","HDHBLALJ_00687","","HIOKELPH_00741","DOCPNFPP_00499"
"dnaJ","","Chaperone protein DnaJ","4","4","1","1","671","18","21","","1124","1124","1124","OBHBHFCO_00118","","HDHBLALJ_00690","","HIOKELPH_00744","DOCPNFPP_00502"
"regX3_2","","Sensory transduction protein regX3","4","4","1","1","672","18","22","","671","671","671","OBHBHFCO_00119","","HDHBLALJ_00691","","HIOKELPH_00745","DOCPNFPP_00503"
"czcS","","Sensor protein CzcS","4","4","1","1","673","18","4","","1250","1250","1250","OBHBHFCO_00120","","HDHBLALJ_00692","","HIOKELPH_00746","DOCPNFPP_00504"
"recR","","Recombination protein RecR","4","4","1","1","674","18","3","","575","575","575","OBHBHFCO_00121","","HDHBLALJ_00693","","HIOKELPH_00747","DOCPNFPP_00505"
"group_823","","hypothetical protein","4","4","1","1","675","18","2","","500","500","500","OBHBHFCO_00122","","HDHBLALJ_00694","","HIOKELPH_00748","DOCPNFPP_00506"
"hydC","","Quinone-reactive Ni/Fe-hydrogenase B-type cytochrome subunit","4","4","1","1","676","18","1","","692","692","692","OBHBHFCO_00123","","HDHBLALJ_00695","","HIOKELPH_00749","DOCPNFPP_00507"
"hydA","","Quinone-reactive Ni/Fe-hydrogenase small chain","4","4","1","1","1770","13","1","","1139","1139","1139","OBHBHFCO_00125","","HDHBLALJ_00697","","HIOKELPH_00751","DOCPNFPP_00509"
"group_826","","hypothetical protein","4","4","1","1","1773","13","4","","1970","1970","1970","OBHBHFCO_00128","","HDHBLALJ_00699","","HIOKELPH_00753","DOCPNFPP_00511"
"group_827","","hypothetical protein","4","4","1","1","1774","13","5","","1091","1091","1091","OBHBHFCO_00129","","HDHBLALJ_00700","","HIOKELPH_00754","DOCPNFPP_00512"
"tyrS","","Tyrosine--tRNA ligase","4","4","1","1","1775","13","6","","1205","1205","1205","OBHBHFCO_00130","","HDHBLALJ_00701","","HIOKELPH_00755","DOCPNFPP_00513"
"relA","","GTP pyrophosphokinase","4","4","1","1","1776","13","7","","2195","2195","2195","OBHBHFCO_00131","","HDHBLALJ_00702","","HIOKELPH_00756","DOCPNFPP_00514"
"rpoZ","","DNA-directed RNA polymerase subunit omega","4","4","1","1","1777","13","8","","224","224","224","OBHBHFCO_00132","","HDHBLALJ_00703","","HIOKELPH_00757","DOCPNFPP_00515"
"pyrH","","Uridylate kinase","4","4","1","1","1778","13","9","","716","716","716","OBHBHFCO_00133","","HDHBLALJ_00704","","HIOKELPH_00758","DOCPNFPP_00516"
"group_832","","hypothetical protein","4","4","1","1","1779","13","10","","1202","1202","1202","OBHBHFCO_00134","","HDHBLALJ_00705","","HIOKELPH_00759","DOCPNFPP_00517"
"group_833","","hypothetical protein","4","4","1","1","1780","13","11","","806","806","806","OBHBHFCO_00135","","HDHBLALJ_00706","","HIOKELPH_00760","DOCPNFPP_00518"
"ftsE","","Cell division ATP-binding protein FtsE","4","4","1","1","1781","13","12","","665","665","665","OBHBHFCO_00136","","HDHBLALJ_00707","","HIOKELPH_00761","DOCPNFPP_00519"
"trmB","","tRNA (guanine-N(7)-)-methyltransferase","4","4","1","1","1782","13","13","","1196","1196","1196","OBHBHFCO_00137","","HDHBLALJ_00708","","HIOKELPH_00762","DOCPNFPP_00520"
"group_836","","hypothetical protein","4","4","1","1","1783","13","14","","1232","1232","1232","OBHBHFCO_00138","","HDHBLALJ_00709","","HIOKELPH_00763","DOCPNFPP_00521"
"rluD","","Ribosomal large subunit pseudouridine synthase D","4","4","1","1","1784","13","15","","965","965","965","OBHBHFCO_00139","","HDHBLALJ_00710","","HIOKELPH_00764","DOCPNFPP_00522"
"mrdB","","Peptidoglycan glycosyltransferase MrdB","4","4","1","1","1785","13","16","","1100","1100","1100","OBHBHFCO_00140","","HDHBLALJ_00711","","HIOKELPH_00765","DOCPNFPP_00523"
"group_839","","hypothetical protein","4","4","1","1","1786","13","25","","236","236","236","OBHBHFCO_00142","","HDHBLALJ_00713","","HIOKELPH_00767","DOCPNFPP_00525"
"dnaB","","Replicative DNA helicase","4","4","1","1","1788","13","23","","1373","1373","1373","OBHBHFCO_00144","","HDHBLALJ_00715","","HIOKELPH_00769","DOCPNFPP_00527"
"group_841","","hypothetical protein","4","4","1","1","1789","13","22","","929","929","929","OBHBHFCO_00145","","HDHBLALJ_00716","","HIOKELPH_00770","DOCPNFPP_00528"
"mepA","","Multidrug export protein MepA","4","4","1","1","1790","13","21","","1331","1331","1331","OBHBHFCO_00146","","HDHBLALJ_00717","","HIOKELPH_00771","DOCPNFPP_00529"
"group_843","","Ferredoxin--NADP reductase","4","4","1","1","1791","13","20","","935","935","935","OBHBHFCO_00147","","HDHBLALJ_00718","","HIOKELPH_00772","DOCPNFPP_00530"
"proA","","Gamma-glutamyl phosphate reductase","4","4","1","1","1792","13","19","","1232","1232","1232","OBHBHFCO_00148","","HDHBLALJ_00719","","HIOKELPH_00773","DOCPNFPP_00531"
"group_845","","hypothetical protein","4","4","1","1","536","85","1","","386","386","386","OBHBHFCO_00157","","HDHBLALJ_00729","","HIOKELPH_00782","DOCPNFPP_00540"
"hemA","","Glutamyl-tRNA reductase","4","4","1","1","534","85","3","","1295","1295","1295","OBHBHFCO_00159","","HDHBLALJ_00731","","HIOKELPH_00784","DOCPNFPP_00542"
"ispB","","Octaprenyl diphosphate synthase","4","4","1","1","524","85","6","","893","893","893","OBHBHFCO_00160","","HDHBLALJ_00732","","HIOKELPH_00785","DOCPNFPP_00543"
"group_848","","hypothetical protein","4","4","1","1","525","85","5","","530","530","530","OBHBHFCO_00161","","HDHBLALJ_00733","","HIOKELPH_00786","DOCPNFPP_00544"
"group_849","","hypothetical protein","4","4","1","1","526","85","4","","263","263","263","OBHBHFCO_00162","","HDHBLALJ_00734","","HIOKELPH_00787","DOCPNFPP_00545"
"mdh","","Malate dehydrogenase","4","4","1","1","347","104","1","","908","908","908","OBHBHFCO_00169","","HDHBLALJ_00741","","HIOKELPH_00794","DOCPNFPP_00552"
"icd2","","Isocitrate dehydrogenase [NADP] 2","4","4","1","1","346","104","2","","2204","2204","2204","OBHBHFCO_00170","","HDHBLALJ_00742","","HIOKELPH_00795","DOCPNFPP_00553"
"group_852","","hypothetical protein","4","4","1","1","345","104","3","","2570","2570","2570","OBHBHFCO_00171","","HDHBLALJ_00743","","HIOKELPH_00796","DOCPNFPP_00554"
"mltG","","Endolytic murein transglycosylase","4","4","1","1","344","104","4","","902","902","902","OBHBHFCO_00172","","HDHBLALJ_00744","","HIOKELPH_00797","DOCPNFPP_00555"
"fliE","","Flagellar hook-basal body complex protein FliE","4","4","1","1","510","96","5","","299","299","299","OBHBHFCO_00175","","HDHBLALJ_00747","","HIOKELPH_00800","DOCPNFPP_00558"
"ftsI","","Peptidoglycan D,D-transpeptidase FtsI","4","4","1","1","509","96","4","","1805","1805","1805","OBHBHFCO_00176","","HDHBLALJ_00748","","HIOKELPH_00801","DOCPNFPP_00559"
"group_856","","hypothetical protein","4","4","1","1","508","96","3","","1808","1808","1808","OBHBHFCO_00177","","HDHBLALJ_00749","","HIOKELPH_00802","DOCPNFPP_00560"
"group_857","","hypothetical protein","4","4","1","1","507","96","2","","434","434","434","OBHBHFCO_00178","","HDHBLALJ_00750","","HIOKELPH_00803","DOCPNFPP_00561"
"group_858","","hypothetical protein","4","4","1","1","506","96","1","","320","320","320","OBHBHFCO_00179","","HDHBLALJ_00751","","HIOKELPH_00804","DOCPNFPP_00562"
"crcB","","Putative fluoride ion transporter CrcB","4","4","1","1","504","5","3","","368","368","368","OBHBHFCO_00181","","HDHBLALJ_00753","","HIOKELPH_00806","DOCPNFPP_00564"
"group_860","","hypothetical protein","4","4","1","1","503","5","4","","701","701","701","OBHBHFCO_00182","","HDHBLALJ_00754","","HIOKELPH_00807","DOCPNFPP_00565"
"group_861","","hypothetical protein","4","4","1","1","502","5","5","","1199","1199","1199","OBHBHFCO_00183","","HDHBLALJ_00755","","HIOKELPH_00808","DOCPNFPP_00566"
"purQ","","Phosphoribosylformylglycinamidine synthase subunit PurQ","4","4","1","1","501","5","6","","644","644","644","OBHBHFCO_00184","","HDHBLALJ_00756","","HIOKELPH_00809","DOCPNFPP_00567"
"purS","","Phosphoribosylformylglycinamidine synthase subunit PurS","4","4","1","1","500","5","7","","245","245","245","OBHBHFCO_00185","","HDHBLALJ_00757","","HIOKELPH_00810","DOCPNFPP_00568"
"purC","","Phosphoribosylaminoimidazole-succinocarboxamide synthase","4","4","1","1","499","5","8","","710","710","710","OBHBHFCO_00186","","HDHBLALJ_00758","","HIOKELPH_00811","DOCPNFPP_00569"
"ctpA","","Carboxy-terminal processing protease CtpA","4","4","1","1","498","5","9","","1322","1322","1322","OBHBHFCO_00187","","HDHBLALJ_00759","","HIOKELPH_00812","DOCPNFPP_00570"
"csoR","","Copper-sensing transcriptional repressor CsoR","4","4","1","1","497","5","10","","281","281","281","OBHBHFCO_00188","","HDHBLALJ_00760","","HIOKELPH_00813","DOCPNFPP_00571"
"clpB","","Chaperone protein ClpB","4","4","1","1","496","5","11","","2573","2573","2573","OBHBHFCO_00189","","HDHBLALJ_00761","","HIOKELPH_00814","DOCPNFPP_00572"
"pbpF","","Penicillin-binding protein 1F","4","4","1","1","495","5","12","","1931","1931","1931","OBHBHFCO_00190","","HDHBLALJ_00762","","HIOKELPH_00815","DOCPNFPP_00573"
"maf","","dTTP/UTP pyrophosphatase","4","4","1","1","494","5","13","","551","551","551","OBHBHFCO_00191","","HDHBLALJ_00763","","HIOKELPH_00816","DOCPNFPP_00574"
"alaS","","Alanine--tRNA ligase","4","4","1","1","493","5","14","","2528","2528","2528","OBHBHFCO_00192","","HDHBLALJ_00764","","HIOKELPH_00817","DOCPNFPP_00575"
"wbpE","","UDP-2-acetamido-2-deoxy-3-oxo-D-glucuronate aminotransferase","4","4","1","1","492","5","15","","1079","1079","1079","OBHBHFCO_00193","","HDHBLALJ_00765","","HIOKELPH_00818","DOCPNFPP_00576"
"group_872","","hypothetical protein","4","4","1","1","491","5","16","","1112","1112","1112","OBHBHFCO_00194","","HDHBLALJ_00766","","HIOKELPH_00819","DOCPNFPP_00577"
"pht4","","Putative 4,5-dihydroxyphthalate dehydrogenase","4","4","1","1","490","5","17","","854","854","854","OBHBHFCO_00195","","HDHBLALJ_00767","","HIOKELPH_00820","DOCPNFPP_00578"
"hemH","","Ferrochelatase","4","4","1","1","489","5","18","","911","911","911","OBHBHFCO_00196","","HDHBLALJ_00768","","HIOKELPH_00821","DOCPNFPP_00579"
"group_879","","hypothetical protein","4","4","1","1","484","5","28","","1277","1277","1277","OBHBHFCO_00201","","HDHBLALJ_00773","","HIOKELPH_00826","DOCPNFPP_00584"
"group_880","","hypothetical protein","4","4","1","1","483","5","27","","374","374","374","OBHBHFCO_00202","","HDHBLALJ_00774","","HIOKELPH_00827","DOCPNFPP_00585"
"yfiC","","tRNA1(Val) (adenine(37)-N6)-methyltransferase","4","4","1","1","482","5","26","","701","701","701","OBHBHFCO_00203","","HDHBLALJ_00775","","HIOKELPH_00828","DOCPNFPP_00586"
"group_882","","hypothetical protein","4","4","1","1","481","5","25","","152","152","152","OBHBHFCO_00204","","HDHBLALJ_00776","","HIOKELPH_00829","DOCPNFPP_00587"
"rplA","","50S ribosomal protein L1","4","4","1","1","464","164","1","","701","701","701","OBHBHFCO_00213","","HDHBLALJ_00785","","HIOKELPH_00848","DOCPNFPP_00596"
"glnQ_3","","Glutamine transport ATP-binding protein GlnQ","4","4","1","1","458","78","1","","737","737","737","OBHBHFCO_00224","","HDHBLALJ_00796","","HIOKELPH_00859","DOCPNFPP_00607"
"glnP_2","","putative glutamine ABC transporter permease protein GlnP","4","4","1","1","457","78","2","","656","656","656","OBHBHFCO_00225","","HDHBLALJ_00797","","HIOKELPH_00860","DOCPNFPP_00608"
"yecS","","L-cystine transport system permease protein YecS","4","4","1","1","456","78","3","","701","701","701","OBHBHFCO_00226","","HDHBLALJ_00798","","HIOKELPH_00861","DOCPNFPP_00609"
"crp","","cAMP-activated global transcriptional regulator CRP","4","4","1","1","455","78","4","","596","596","596","OBHBHFCO_00227","","HDHBLALJ_00799","","HIOKELPH_00862","DOCPNFPP_00610"
"ctb","","Group 3 truncated hemoglobin ctb","4","4","1","1","454","78","5","","386","386","386","OBHBHFCO_00228","","HDHBLALJ_00800","","HIOKELPH_00863","DOCPNFPP_00611"
"recG","","ATP-dependent DNA helicase RecG","4","4","1","1","453","78","6","","1814","1814","1814","OBHBHFCO_00229","","HDHBLALJ_00801","","HIOKELPH_00864","DOCPNFPP_00612"
"group_890","","hypothetical protein","4","4","1","1","452","78","7","","1220","1220","1220","OBHBHFCO_00230","","HDHBLALJ_00802","","HIOKELPH_00865","DOCPNFPP_00613"
"group_891","","hypothetical protein","4","4","1","1","443","45","6","","1187","1187","1187","OBHBHFCO_00232","","HDHBLALJ_00804","","HIOKELPH_00867","DOCPNFPP_00615"
"nusA","","Transcription termination/antitermination protein NusA","4","4","1","1","442","45","7","","1088","1088","1088","OBHBHFCO_00233","","HDHBLALJ_00805","","HIOKELPH_00868","DOCPNFPP_00616"
"group_893","","hypothetical protein","4","4","1","1","441","45","8","","242","242","242","OBHBHFCO_00234","","HDHBLALJ_00806","","HIOKELPH_00869","DOCPNFPP_00617"
"miaB","","tRNA-2-methylthio-N(6)-dimethylallyladenosine synthase","4","4","1","1","440","45","9","","1301","1301","1301","OBHBHFCO_00235","","HDHBLALJ_00807","","HIOKELPH_00870","DOCPNFPP_00618"
"group_895","","hypothetical protein","4","4","1","1","439","45","10","","623","623","623","OBHBHFCO_00236","","HDHBLALJ_00808","","HIOKELPH_00871","DOCPNFPP_00619"
"group_896","","hypothetical protein","4","4","1","1","438","45","11","","986","986","986","OBHBHFCO_00237","","HDHBLALJ_00809","","HIOKELPH_00872","DOCPNFPP_00620"
"group_897","","hypothetical protein","4","4","1","1","437","45","5","","524","524","524","OBHBHFCO_00238","","HDHBLALJ_00810","","HIOKELPH_00873","DOCPNFPP_00621"
"group_898","","hypothetical protein","4","4","1","1","436","45","4","","518","518","518","OBHBHFCO_00239","","HDHBLALJ_00811","","HIOKELPH_00874","DOCPNFPP_00622"
"bzaF","","5-hydroxybenzimidazole synthase","4","4","1","1","435","45","3","","1292","1292","1292","OBHBHFCO_00240","","HDHBLALJ_00812","","HIOKELPH_00875","DOCPNFPP_00623"
"pgtP_3","","Phosphoglycerate transporter protein","4","4","1","3","291","65","3","","185","242","227","OBHBHFCO_00669","","HDHBLALJ_00924","","HIOKELPH_01140","DOCPNFPP_01195"
"dinG","","3'-5' exonuclease DinG","4","4","1","1","434","45","2","","761","761","761","OBHBHFCO_00241","","HDHBLALJ_00813","","HIOKELPH_00876","DOCPNFPP_00624"
"rpe","","Ribulose-phosphate 3-epimerase","4","4","1","1","433","45","1","","647","647","647","OBHBHFCO_00242","","HDHBLALJ_00814","","HIOKELPH_00877","DOCPNFPP_00625"
"group_902","","hypothetical protein","4","4","1","1","400","51","6","","215","215","215","OBHBHFCO_00244","","HDHBLALJ_00816","","HIOKELPH_00879","DOCPNFPP_00627"
"group_903","","hypothetical protein","4","4","1","1","399","51","7","","1094","1094","1094","OBHBHFCO_00245","","HDHBLALJ_00817","","HIOKELPH_00880","DOCPNFPP_00628"
"group_904","","hypothetical protein","4","4","1","1","398","51","8","","593","593","593","OBHBHFCO_00246","","HDHBLALJ_00818","","HIOKELPH_00881","DOCPNFPP_00629"
"group_905","cirA_2","Colicin I receptor","4","4","1","1","397","51","9","","2063","2063","2063","OBHBHFCO_00247","","HDHBLALJ_00819","","HIOKELPH_00882","DOCPNFPP_00630"
"yfdE","","Acetyl-CoA:oxalate CoA-transferase","4","4","1","1","395","51","11","","1172","1172","1172","OBHBHFCO_00249","","HDHBLALJ_00821","","HIOKELPH_00884","DOCPNFPP_00632"
"cmoB","","tRNA U34 carboxymethyltransferase","4","4","1","1","1332","3","14","","875","875","875","OBHBHFCO_00252","","HDHBLALJ_00228","","HIOKELPH_00396","DOCPNFPP_00267"
"group_909","","hypothetical protein","4","4","1","1","1333","3","15","","575","575","575","OBHBHFCO_00253","","HDHBLALJ_00229","","HIOKELPH_00395","DOCPNFPP_00266"
"group_910","","hypothetical protein","4","4","1","1","1334","3","16","","173","173","173","OBHBHFCO_00254","","HDHBLALJ_00230","","HIOKELPH_00394","DOCPNFPP_00265"
"group_911","","hypothetical protein","4","4","1","1","1335","3","17","","527","527","527","OBHBHFCO_00255","","HDHBLALJ_00231","","HIOKELPH_00393","DOCPNFPP_00264"
"pepD","","Cytosol non-specific dipeptidase","4","4","1","1","1336","3","18","","1268","1268","1268","OBHBHFCO_00256","","HDHBLALJ_00232","","HIOKELPH_00392","DOCPNFPP_00263"
"proP_1","","Proline/betaine transporter","4","4","1","1","1337","3","19","","1247","1247","1247","OBHBHFCO_00257","","HDHBLALJ_00233","","HIOKELPH_00391","DOCPNFPP_00262"
"glnH","","ABC transporter glutamine-binding protein GlnH","4","4","1","1","1338","3","20","","839","839","839","OBHBHFCO_00258","","HDHBLALJ_00234","","HIOKELPH_00390","DOCPNFPP_00261"
"group_915","","hypothetical protein","4","4","1","1","1339","3","21","","1103","1103","1103","OBHBHFCO_00259","","HDHBLALJ_00235","","HIOKELPH_00389","DOCPNFPP_00260"
"group_916","","hypothetical protein","4","4","1","1","1340","3","22","","740","740","740","OBHBHFCO_00260","","HDHBLALJ_00236","","HIOKELPH_00388","DOCPNFPP_00259"
"group_917","","hypothetical protein","4","4","1","1","1341","3","23","","203","203","203","OBHBHFCO_00261","","HDHBLALJ_00237","","HIOKELPH_00387","DOCPNFPP_00258"
"lutA_1","","Lactate utilization protein A","4","4","1","1","1343","3","26","","1265","1265","1265","OBHBHFCO_00263","","HDHBLALJ_00239","","HIOKELPH_00385","DOCPNFPP_00256"
"hemN","","Oxygen-independent coproporphyrinogen III oxidase","4","4","1","1","1344","3","27","","1355","1355","1355","OBHBHFCO_00264","","HDHBLALJ_00240","","HIOKELPH_00384","DOCPNFPP_00255"
"group_921","","hypothetical protein","4","4","1","1","1345","3","28","","491","491","491","OBHBHFCO_00265","","HDHBLALJ_00241","","HIOKELPH_00383","DOCPNFPP_00254"
"argF","","Ornithine carbamoyltransferase, anabolic","4","4","1","1","1346","3","68","","911","911","911","OBHBHFCO_00266","","HDHBLALJ_00242","","HIOKELPH_00382","DOCPNFPP_00253"
"hemB","","Delta-aminolevulinic acid dehydratase","4","4","1","1","1347","3","67","","983","983","983","OBHBHFCO_00267","","HDHBLALJ_00243","","HIOKELPH_00381","DOCPNFPP_00252"
"ribA","","GTP cyclohydrolase-2","4","4","1","1","1348","3","66","","560","560","560","OBHBHFCO_00268","","HDHBLALJ_00244","","HIOKELPH_00380","DOCPNFPP_00251"
"rsmG","","Ribosomal RNA small subunit methyltransferase G","4","4","1","1","1349","3","65","","599","599","599","OBHBHFCO_00269","","HDHBLALJ_00245","","HIOKELPH_00379","DOCPNFPP_00250"
"group_926","","hypothetical protein","4","4","1","1","1350","3","64","","572","572","572","OBHBHFCO_00270","","HDHBLALJ_00246","","HIOKELPH_00378","DOCPNFPP_00249"
"group_927","","hypothetical protein","4","4","1","1","1351","3","63","","1094","1094","1094","OBHBHFCO_00271","","HDHBLALJ_00247","","HIOKELPH_00377","DOCPNFPP_00248"
"cysL","","HTH-type transcriptional regulator CysL","4","4","1","1","1352","3","62","","881","881","881","OBHBHFCO_00272","","HDHBLALJ_00248","","HIOKELPH_00376","DOCPNFPP_00247"
"rpoD","","RNA polymerase sigma factor RpoD","4","4","1","1","1353","3","61","","1865","1865","1865","OBHBHFCO_00273","","HDHBLALJ_00249","","HIOKELPH_00375","DOCPNFPP_00246"
"group_930","","hypothetical protein","4","4","1","1","1355","3","59","","518","518","518","OBHBHFCO_00275","","HDHBLALJ_00251","","HIOKELPH_00373","DOCPNFPP_00244"
"group_931","","hypothetical protein","4","4","1","1","1356","3","58","","416","416","416","OBHBHFCO_00276","","HDHBLALJ_00252","","HIOKELPH_00372","DOCPNFPP_00243"
"ftsH3","","ATP-dependent zinc metalloprotease FtsH 3","4","4","1","1","1357","3","57","","1604","1604","1604","OBHBHFCO_00277","","HDHBLALJ_00253","","HIOKELPH_00371","DOCPNFPP_00242"
"mtaB","","Threonylcarbamoyladenosine tRNA methylthiotransferase MtaB","4","4","1","1","1358","3","56","","1256","1256","1256","OBHBHFCO_00278","","HDHBLALJ_00254","","HIOKELPH_00370","DOCPNFPP_00241"
"group_934","","hypothetical protein","4","4","1","1","1359","3","55","","1571","1571","1571","OBHBHFCO_00279","","HDHBLALJ_00255","","HIOKELPH_00369","DOCPNFPP_00240"
"aroB","","3-dehydroquinate synthase","4","4","1","1","1360","3","54","","1055","1055","1055","OBHBHFCO_00280","","HDHBLALJ_00256","","HIOKELPH_00368","DOCPNFPP_00239"
"group_936","","hypothetical protein","4","4","1","1","1361","3","53","","1400","1400","1400","OBHBHFCO_00281","","HDHBLALJ_00257","","HIOKELPH_00367","DOCPNFPP_00238"
"tgt","","Queuine tRNA-ribosyltransferase","4","4","1","1","1362","3","52","","1133","1133","1133","OBHBHFCO_00282","","HDHBLALJ_00258","","HIOKELPH_00366","DOCPNFPP_00237"
"group_938","","hypothetical protein","4","4","1","1","1363","3","51","","770","770","770","OBHBHFCO_00283","","HDHBLALJ_00259","","HIOKELPH_00365","DOCPNFPP_00236"
"group_939","","hypothetical protein","4","4","1","1","1366","3","48","","170","170","170","OBHBHFCO_00288","","HDHBLALJ_00264","","HIOKELPH_00361","DOCPNFPP_00231"
"group_94","","hypothetical protein","4","4","1","1","233","34","15","","776","839","823","OBHBHFCO_00005","","HDHBLALJ_00578","NFMMKAFD_00620","","DOCPNFPP_00389"
"group_940","","hypothetical protein","4","4","1","1","1367","3","47","","455","455","455","OBHBHFCO_00289","","HDHBLALJ_00265","","HIOKELPH_00360","DOCPNFPP_00230"
"ccsA","","Cytochrome c biogenesis protein CcsA","4","4","1","1","1368","3","46","","3260","3260","3260","OBHBHFCO_00290","","HDHBLALJ_00266","","HIOKELPH_00359","DOCPNFPP_00229"
"livF","","High-affinity branched-chain amino acid transport ATP-binding protein LivF","4","4","1","1","1369","3","45","","695","695","695","OBHBHFCO_00291","","HDHBLALJ_00267","","HIOKELPH_00358","DOCPNFPP_00228"
"lptB_1","","Lipopolysaccharide export system ATP-binding protein LptB","4","4","1","1","1370","3","44","","770","770","770","OBHBHFCO_00292","","HDHBLALJ_00268","","HIOKELPH_00357","DOCPNFPP_00227"
"group_944","","hypothetical protein","4","4","1","1","1371","3","43","","1040","1040","1040","OBHBHFCO_00293","","HDHBLALJ_00269","","HIOKELPH_00356","DOCPNFPP_00226"
"livH","","High-affinity branched-chain amino acid transport system permease protein LivH","4","4","1","1","1372","3","42","","959","959","959","OBHBHFCO_00294","","HDHBLALJ_00270","","HIOKELPH_00355","DOCPNFPP_00225"
"group_946","","hypothetical protein","4","4","1","1","1373","3","41","","1109","1109","1109","OBHBHFCO_00295","","HDHBLALJ_00271","","HIOKELPH_00354","DOCPNFPP_00224"
"group_947","","hypothetical protein","4","4","1","1","1375","3","39","","431","431","431","OBHBHFCO_00297","","HDHBLALJ_00273","","HIOKELPH_00352","DOCPNFPP_00222"
"group_948","","hypothetical protein","4","4","1","1","1376","3","38","","200","200","200","OBHBHFCO_00298","","HDHBLALJ_00274","","HIOKELPH_00351","DOCPNFPP_00221"
"group_949","","hypothetical protein","4","4","1","1","1377","3","37","","506","506","506","OBHBHFCO_00299","","HDHBLALJ_00275","","HIOKELPH_00350","DOCPNFPP_00220"
"asd","","Aspartate-semialdehyde dehydrogenase","4","4","1","1","1378","3","36","","1031","1031","1031","OBHBHFCO_00300","","HDHBLALJ_00276","","HIOKELPH_00349","DOCPNFPP_00219"
"atoC","","Regulatory protein AtoC","4","4","1","1","1379","3","35","","1298","1298","1298","OBHBHFCO_00301","","HDHBLALJ_00277","","HIOKELPH_00348","DOCPNFPP_00218"
"group_952","","hypothetical protein","4","4","1","1","1380","3","34","","449","449","449","OBHBHFCO_00302","","HDHBLALJ_00278","","HIOKELPH_00347","DOCPNFPP_00217"
"group_953","","hypothetical protein","4","4","1","1","1381","3","33","","521","521","521","OBHBHFCO_00303","","HDHBLALJ_00279","","HIOKELPH_00346","DOCPNFPP_00216"
"gyrA","","DNA gyrase subunit A","4","4","1","1","1382","3","32","","2567","2567","2567","OBHBHFCO_00304","","HDHBLALJ_00280","","HIOKELPH_00345","DOCPNFPP_00215"
"group_955","","hypothetical protein","4","4","1","1","1383","3","31","","575","575","575","OBHBHFCO_00305","","HDHBLALJ_00281","","HIOKELPH_00344","DOCPNFPP_00214"
"group_956","","hypothetical protein","4","4","1","1","1384","3","30","","644","644","644","OBHBHFCO_00306","","HDHBLALJ_00282","","HIOKELPH_00343","DOCPNFPP_00213"
"bpt","","Aspartate/glutamate leucyltransferase","4","4","1","1","811","136","2","","719","719","719","OBHBHFCO_00312","","HDHBLALJ_00288","","HIOKELPH_00337","DOCPNFPP_00207"
"group_958","","hypothetical protein","4","4","1","1","812","136","1","","236","236","236","OBHBHFCO_00313","","HDHBLALJ_00289","","HIOKELPH_00336","DOCPNFPP_00206"
"ftsW","","putative peptidoglycan glycosyltransferase FtsW","4","4","1","1","810","81","6","","1163","1163","1163","OBHBHFCO_00315","","HDHBLALJ_00291","","HIOKELPH_00334","DOCPNFPP_00204"
"group_96","","hypothetical protein","4","4","1","1","234","34","17","","623","806","714","OBHBHFCO_00006","","HDHBLALJ_00579","","HIOKELPH_00624","DOCPNFPP_00390"
"murG","","UDP-N-acetylglucosamine--N-acetylmuramyl-(pentapeptide) pyrophosphoryl-undecaprenol N-acetylglucosamine transferase","4","4","1","1","809","81","5","","1016","1016","1016","OBHBHFCO_00316","","HDHBLALJ_00292","","HIOKELPH_00333","DOCPNFPP_00203"
"yycB","","putative transporter YycB","4","4","1","1","808","81","4","","1160","1160","1160","OBHBHFCO_00317","","HDHBLALJ_00293","","HIOKELPH_00332","DOCPNFPP_00202"
"group_962","","hypothetical protein","4","4","1","1","807","81","3","","854","854","854","OBHBHFCO_00318","","HDHBLALJ_00294","","HIOKELPH_00331","DOCPNFPP_00201"
"rhaS","","HTH-type transcriptional activator RhaS","4","4","1","1","806","81","2","","890","890","890","OBHBHFCO_00319","","HDHBLALJ_00295","","HIOKELPH_00330","DOCPNFPP_00200"
"group_964","thiE_2","Thiamine-phosphate synthase","4","4","1","1","805","81","1","","605","605","605","OBHBHFCO_00320","","HDHBLALJ_00296","","HIOKELPH_00329","DOCPNFPP_00199"
"group_968","","hypothetical protein","4","4","1","1","796","8","5","","1523","1523","1523","OBHBHFCO_00336","","HDHBLALJ_00312","","HIOKELPH_00314","DOCPNFPP_00183"
"xseB","","Exodeoxyribonuclease 7 small subunit","4","4","1","1","793","8","9","","173","173","173","OBHBHFCO_00339","","HDHBLALJ_00315","","HIOKELPH_00311","DOCPNFPP_00180"
"guaB","","Inosine-5'-monophosphate dehydrogenase","4","4","1","1","792","8","10","","1454","1454","1454","OBHBHFCO_00340","","HDHBLALJ_00316","","HIOKELPH_00310","DOCPNFPP_00179"
"ileS","","Isoleucine--tRNA ligase","4","4","1","1","790","8","12","","2756","2756","2756","OBHBHFCO_00342","","HDHBLALJ_00318","","HIOKELPH_00308","DOCPNFPP_00177"
"cinA","","Putative competence-damage inducible protein","4","4","1","1","789","8","13","","1088","1088","1088","OBHBHFCO_00343","","HDHBLALJ_00319","","HIOKELPH_00307","DOCPNFPP_00176"
"group_975","","Putative NAD(P)H nitroreductase","4","4","1","1","786","8","31","","605","605","605","OBHBHFCO_00346","","HDHBLALJ_00322","","HIOKELPH_00304","DOCPNFPP_00173"
"pgsA","","CDP-diacylglycerol--glycerol-3-phosphate 3-phosphatidyltransferase","4","4","1","1","785","8","32","","536","536","536","OBHBHFCO_00347","","HDHBLALJ_00323","","HIOKELPH_00303","DOCPNFPP_00172"
"mmpA","","Metalloprotease MmpA","4","4","1","1","784","8","33","","1103","1103","1103","OBHBHFCO_00348","","HDHBLALJ_00324","","HIOKELPH_00302","DOCPNFPP_00171"
"group_978","","hypothetical protein","4","4","1","1","1467","8","37","","284","284","284","OBHBHFCO_00350","","HDHBLALJ_00326","","HIOKELPH_00299","DOCPNFPP_00169"
"ssb","","Single-stranded DNA-binding protein","4","4","1","1","780","181","1","","548","548","548","OBHBHFCO_00354","","HDHBLALJ_00330","","HIOKELPH_00294","DOCPNFPP_00165"
"lon","","Lon protease","4","4","1","1","778","139","1","","2375","2375","2375","OBHBHFCO_00356","","HDHBLALJ_00332","","HIOKELPH_00292","DOCPNFPP_00163"
"bamD","","Outer membrane protein assembly factor BamD","4","4","1","1","779","139","2","","647","647","647","OBHBHFCO_00357","","HDHBLALJ_00333","","HIOKELPH_00291","DOCPNFPP_00162"
"proC","","Pyrroline-5-carboxylate reductase","4","4","1","1","777","21","1","","737","737","737","OBHBHFCO_00359","","HDHBLALJ_00335","","HIOKELPH_00289","DOCPNFPP_00160"
"group_983","","hypothetical protein","4","4","1","1","776","21","2","","305","305","305","OBHBHFCO_00360","","HDHBLALJ_00336","","HIOKELPH_00288","DOCPNFPP_00159"
"group_984","","hypothetical protein","4","4","1","1","1495","21","4","","452","452","452","OBHBHFCO_00362","","HDHBLALJ_00338","","HIOKELPH_00286","DOCPNFPP_00157"
"group_985","","hypothetical protein","4","4","1","1","1496","21","5","","629","629","629","OBHBHFCO_00363","","HDHBLALJ_00339","","HIOKELPH_00285","DOCPNFPP_00156"
"thiE_2","","Thiamine-phosphate synthase","4","4","1","1","1497","21","6","","632","632","632","OBHBHFCO_00364","","HDHBLALJ_00340","","HIOKELPH_00284","DOCPNFPP_00155"
"thiD","","Hydroxymethylpyrimidine/phosphomethylpyrimidine kinase","4","4","1","1","1498","21","7","","812","812","812","OBHBHFCO_00365","","HDHBLALJ_00341","","HIOKELPH_00283","DOCPNFPP_00154"
"nth_1","","Endonuclease III","4","4","1","1","1499","21","8","","683","683","683","OBHBHFCO_00366","","HDHBLALJ_00342","","HIOKELPH_00282","DOCPNFPP_00153"
"group_989","","hypothetical protein","4","4","1","1","1500","21","9","","764","764","764","OBHBHFCO_00367","","HDHBLALJ_00343","","HIOKELPH_00281","DOCPNFPP_00152"
"mfd","","Transcription-repair-coupling factor","4","4","1","1","1501","21","10","","2936","2936","2936","OBHBHFCO_00368","","HDHBLALJ_00344","","HIOKELPH_00280","DOCPNFPP_00151"
"group_991","","hypothetical protein","4","4","1","1","1502","21","11","","287","287","287","OBHBHFCO_00369","","HDHBLALJ_00345","","HIOKELPH_00279","DOCPNFPP_00150"
"group_992","","hypothetical protein","4","4","1","1","1503","21","12","","902","902","902","OBHBHFCO_00370","","HDHBLALJ_00346","","HIOKELPH_00278","DOCPNFPP_00149"
"group_993","","hypothetical protein","4","4","1","1","1504","21","13","","1175","1187","1184","OBHBHFCO_00371","","HDHBLALJ_00347","","HIOKELPH_00277","DOCPNFPP_00148"
"group_994","","hypothetical protein","4","4","1","1","1505","21","14","","1403","1403","1403","OBHBHFCO_00372","","HDHBLALJ_00348","","HIOKELPH_00276","DOCPNFPP_00147"
"group_995","","hypothetical protein","4","4","1","1","1506","21","15","","512","512","512","OBHBHFCO_00373","","HDHBLALJ_00349","","HIOKELPH_00275","DOCPNFPP_00146"
"leuS","","Leucine--tRNA ligase","4","4","1","1","1507","21","16","","2432","2432","2432","OBHBHFCO_00374","","HDHBLALJ_00350","","HIOKELPH_00274","DOCPNFPP_00145"
"secF","","Protein translocase subunit SecF","4","4","1","1","1508","21","18","","971","971","971","OBHBHFCO_00375","","HDHBLALJ_00351","","HIOKELPH_00273","DOCPNFPP_00144"
"secD","","Protein translocase subunit SecD","4","4","1","1","1509","21","17","","1580","1580","1580","OBHBHFCO_00376","","HDHBLALJ_00352","","HIOKELPH_00272","DOCPNFPP_00143"
"lnt","","Apolipoprotein N-acyltransferase","4","4","1","1","748","14","17","","1214","1214","1214","OBHBHFCO_00378","","HDHBLALJ_00354","","HIOKELPH_00270","DOCPNFPP_00141"
"group_1061","","hypothetical protein","3","3","1","1","1022","23","14","","1325","1325","1325","OBHBHFCO_00446","","HDHBLALJ_00067","","","DOCPNFPP_01422"
"group_1062","","hypothetical protein","3","3","1","1","1021","23","15","","1337","1337","1337","OBHBHFCO_00447","","HDHBLALJ_00066","","","DOCPNFPP_01423"
"tarD","","Glycerol-3-phosphate cytidylyltransferase","3","3","1","1","743","15","19","","416","416","416","OBHBHFCO_00516","","HDHBLALJ_00399","","","DOCPNFPP_00096"
"epsJ","","putative glycosyltransferase EpsJ","3","3","1","1","744","15","18","","815","815","815","OBHBHFCO_00517","","HDHBLALJ_00400","","","DOCPNFPP_00095"
"rfaF","","ADP-heptose--LPS heptosyltransferase 2","3","3","1","1","745","15","17","","944","944","944","OBHBHFCO_00518","","HDHBLALJ_00401","","","DOCPNFPP_00094"
"group_1120","","hypothetical protein","3","3","1","1","746","15","16","","1454","1454","1454","OBHBHFCO_00519","","HDHBLALJ_00402","","","DOCPNFPP_00093"
"hldE","","Bifunctional protein HldE","3","3","1","1","738","43","10","","1385","1385","1385","OBHBHFCO_00521","","HDHBLALJ_00404","","","DOCPNFPP_00091"
"ldh","","L-lactate dehydrogenase","3","3","1","1","1627","73","6","","923","923","923","OBHBHFCO_00535","","HDHBLALJ_00418","","","DOCPNFPP_00077"
"dedA","","Protein DedA","3","3","1","1","1626","73","5","","605","605","605","OBHBHFCO_00536","","HDHBLALJ_00419","","","DOCPNFPP_00076"
"argS","","Arginine--tRNA ligase","3","3","1","1","730","90","2","","1592","1592","1592","OBHBHFCO_00541","","HDHBLALJ_00424","","","DOCPNFPP_00071"
"group_1184","","hypothetical protein","3","3","1","1","1718","26","13","","110","110","110","OBHBHFCO_00612","","HDHBLALJ_00495","","HIOKELPH_00113",""
"group_119","","hypothetical protein","3","3","1","1","742","15","20","","842","1049","911","OBHBHFCO_00515","","HDHBLALJ_00398","","","DOCPNFPP_00097"
"group_1225","","hypothetical protein","3","3","1","3","16","54","3","","254","254","254","OBHBHFCO_00685","","HDHBLALJ_00908","","","DOCPNFPP_01211"
"group_1241","","hypothetical protein","3","3","1","2","411","80","10","","1697","1697","1697","OBHBHFCO_00708","","HDHBLALJ_01542","","","DOCPNFPP_01234"
"group_1242","","hypothetical protein","3","3","1","2","412","80","9","","380","380","380","OBHBHFCO_00709","","HDHBLALJ_01541","","","DOCPNFPP_01235"
"group_1243","","hypothetical protein","3","3","1","2","413","80","8","","287","287","287","OBHBHFCO_00710","","HDHBLALJ_01540","","","DOCPNFPP_01236"
"group_132","","hypothetical protein","3","3","1","3","22","65","6","","377","377","377","OBHBHFCO_00672","","HDHBLALJ_00921","","","DOCPNFPP_01198"
"group_1352","","hypothetical protein","3","3","1","3","85","109","5","","422","422","422","OBHBHFCO_00877","","HDHBLALJ_01054","","","DOCPNFPP_01065"
"group_1415","","hypothetical protein","3","3","1","1","42","1","114","","356","356","356","OBHBHFCO_00956","","","","HIOKELPH_00941","DOCPNFPP_00814"
"group_1416","moaE","Molybdopterin synthase catalytic subunit","3","3","1","1","17","145","2","","446","446","446","OBHBHFCO_00958","","","","HIOKELPH_00943","DOCPNFPP_00812"
"group_1417","","hypothetical protein","3","3","1","1","16","145","1","","221","221","221","OBHBHFCO_00959","","","","HIOKELPH_00944","DOCPNFPP_00811"
"group_1419","","hypothetical protein","3","3","1","1","13","112","5","","191","191","191","OBHBHFCO_00963","","","","HIOKELPH_00948","DOCPNFPP_00807"
"fdnG-3","","Formate dehydrogenase 2 subunit alpha (cytochrome c-553)","3","3","1","1","12","112","4","","542","542","542","OBHBHFCO_00964","","","","HIOKELPH_00949","DOCPNFPP_00806"
"group_1422","","hypothetical protein","3","3","1","1","10","25","16","","2240","2240","2240","OBHBHFCO_00968","","HDHBLALJ_01320","","","DOCPNFPP_00802"
"group_1423","fdhD","Sulfur carrier protein FdhD","3","3","1","1","9","25","17","","782","782","782","OBHBHFCO_00969","","HDHBLALJ_01321","","","DOCPNFPP_00801"
"group_1424","","hypothetical protein","3","3","1","1","8","25","18","","731","731","731","OBHBHFCO_00970","","HDHBLALJ_01322","","","DOCPNFPP_00800"
"group_1425","","hypothetical protein","3","3","1","1","7","25","19","","572","572","572","OBHBHFCO_00971","","HDHBLALJ_01323","","","DOCPNFPP_00799"
"group_1446","","hypothetical protein","3","3","1","1","2281","47","3","","644","644","644","OBHBHFCO_00996","","HDHBLALJ_01348","","","DOCPNFPP_00774"
"group_1515","","hypothetical protein","3","3","1","2","13","57","1","","164","164","164","OBHBHFCO_01110","","HDHBLALJ_01419","","","DOCPNFPP_01357"
"group_153","","hypothetical protein","3","3","1","1","2066","1","87","","221","221","221","OBHBHFCO_01269","","HDHBLALJ_01262","","","DOCPNFPP_00852"
"tetO","","Tetracycline resistance protein TetO","3","3","1","1","56","1","18","","887","887","887","OBHBHFCO_01256","","HDHBLALJ_01275","","","DOCPNFPP_00839"
"group_155","tet(O)","tetracycline resistance ribosomal protection protein Tet(O)","3","3","1","1","2069","1","89","","929","1919","1589","OBHBHFCO_01267","","","","HIOKELPH_01734","DOCPNFPP_00850"
"acpS","","Holo-[acyl-carrier-protein] synthase","3","3","1","1","1999","6","23","","347","347","347","OBHBHFCO_01170","","HDHBLALJ_01567","","","DOCPNFPP_00711"
"queE","","7-carboxy-7-deazaguanine synthase","3","3","1","3","432","37","6","","743","743","743","OBHBHFCO_01197","","HDHBLALJ_01670","","","DOCPNFPP_01659"
"group_1594","coaE","Dephospho-CoA kinase","3","3","1","1","65","1","11","","605","605","605","OBHBHFCO_01237","","HDHBLALJ_01294","","","DOCPNFPP_00820"
"group_1603","tupB","Tungstate uptake system permease protein TupB","3","3","1","1","48","1","27","","686","686","686","OBHBHFCO_01247","","HDHBLALJ_01284","","","DOCPNFPP_00830"
"tupA","","Tungstate-binding protein TupA","3","3","1","1","49","1","26","","809","809","809","OBHBHFCO_01248","","HDHBLALJ_01283","","","DOCPNFPP_00831"
"group_1611","","hypothetical protein","3","3","1","1","54","1","15","","413","413","413","OBHBHFCO_01258","","HDHBLALJ_01273","","","DOCPNFPP_00841"
"group_1612","","hypothetical protein","3","3","1","1","53","1","14","","359","359","359","OBHBHFCO_01259","","HDHBLALJ_01272","","","DOCPNFPP_00842"
"aacA-aphD","","Bifunctional AAC/APH","3","3","1","1","52","1","13","","665","665","665","OBHBHFCO_01260","","HDHBLALJ_01271","","","DOCPNFPP_00843"
"group_1614","","hypothetical protein","3","3","1","1","51","1","135","","395","395","395","OBHBHFCO_01261","","HDHBLALJ_01270","","","DOCPNFPP_00844"
"group_1615","","hypothetical protein","3","3","1","1","50","1","136","","635","635","635","OBHBHFCO_01262","","HDHBLALJ_01269","","","DOCPNFPP_00845"
"group_1616","","hypothetical protein","3","3","1","1","2070","1","88","","374","374","374","OBHBHFCO_01268","","HDHBLALJ_01263","","","DOCPNFPP_00851"
"group_1619","","hypothetical protein","3","3","1","1","114","1","73","","1595","1595","1595","OBHBHFCO_01274","","HDHBLALJ_01257","","","DOCPNFPP_00857"
"torC","","Cytochrome c-type protein TorC","3","3","1","3","509","103","4","","323","572","489","OBHBHFCO_01566","","HDHBLALJ_00835","","","DOCPNFPP_01570"
"group_1680","","hypothetical protein","3","3","1","1","1168","48","3","","500","500","500","OBHBHFCO_01353","","HDHBLALJ_00119","","","DOCPNFPP_00376"
"group_1681","","hypothetical protein","3","3","1","1","1167","48","2","","227","227","227","OBHBHFCO_01354","","HDHBLALJ_00118","","","DOCPNFPP_00377"
"group_1682","","hypothetical protein","3","3","1","1","1166","48","4","","683","683","683","OBHBHFCO_01355","","HDHBLALJ_00117","","","DOCPNFPP_00378"
"group_1683","","hypothetical protein","3","3","1","1","1161","48","6","","314","314","314","OBHBHFCO_01359","","HDHBLALJ_00113","","","DOCPNFPP_00382"
"group_174","","hypothetical protein","3","3","1","1","571","12","16","","317","317","317","OBHBHFCO_01718","","HDHBLALJ_01707","","","DOCPNFPP_01685"
"group_175","","hypothetical protein","3","3","1","1","591","12","17","","386","710","494","","CCHHBCMG_00013","HDHBLALJ_01708","","","DOCPNFPP_01684"
"group_1786","","hypothetical protein","3","3","1","1","2081","49","10","","1250","1250","1250","OBHBHFCO_01489","","HDHBLALJ_01631","","","DOCPNFPP_00647"
"group_1787","","hypothetical protein","3","3","1","1","2082","49","11","","515","515","515","OBHBHFCO_01490","","HDHBLALJ_01630","","","DOCPNFPP_00648"
"group_1801","","hypothetical protein","3","3","1","1","2087","41","12","","2261","2261","2261","OBHBHFCO_01508","","HDHBLALJ_01612","","","DOCPNFPP_00666"
"group_1803","","hypothetical protein","3","3","1","2","520","36","12","","776","776","776","OBHBHFCO_01510","","","NFMMKAFD_01470","","DOCPNFPP_01035"
"group_1804","","hypothetical protein","3","3","1","2","476","35","6","","1637","1637","1637","OBHBHFCO_01517","","","","HIOKELPH_01533","DOCPNFPP_01041"
"group_1805","","hypothetical protein","3","3","1","2","477","35","3","","863","863","863","OBHBHFCO_01518","","","","HIOKELPH_01534","DOCPNFPP_01042"
"gtfA","","UDP-N-acetylglucosamine--peptide N-acetylglucosaminyltransferase GtfA subunit","3","3","1","1","1539","15","24","","1052","1052","1052","OBHBHFCO_01548","","HDHBLALJ_00395","","","DOCPNFPP_00100"
"group_1829","","hypothetical protein","3","3","1","1","1540","15","25","","1553","1553","1553","OBHBHFCO_01549","","HDHBLALJ_00394","","","DOCPNFPP_00101"
"group_1843","","hypothetical protein","3","3","1","3","506","103","6","","347","347","347","OBHBHFCO_01564","","HDHBLALJ_00833","","","DOCPNFPP_01564"
"group_185","hypF","Carbamoyltransferase HypF","3","3","1","1","317","335","1","","2189","2189","2189","","CCHHBCMG_00517","","NFMMKAFD_00514","HIOKELPH_00721",""
"cymR","","HTH-type transcriptional regulator CymR","3","3","1","1","1084","188","1","","410","410","410","OBHBHFCO_01628","","HDHBLALJ_00163","","","DOCPNFPP_00332"
"group_1893","","hypothetical protein","3","3","1","1","1087","175","1","","2969","2969","2969","OBHBHFCO_01630","","HDHBLALJ_00161","","","DOCPNFPP_00334"
"hsdS","","Type-1 restriction enzyme EcoKI specificity protein","3","3","1","1","111","1","70","","1232","1232","1232","OBHBHFCO_01648","","HDHBLALJ_01254","","","DOCPNFPP_00860"
"group_1903","","hypothetical protein","3","3","1","1","112","1","71","","764","764","764","OBHBHFCO_01649","","HDHBLALJ_01255","","","DOCPNFPP_00859"
"group_1928","","hypothetical protein","3","3","1","1","594","12","9","","359","359","359","OBHBHFCO_01697","","HDHBLALJ_01711","","","DOCPNFPP_01681"
"tupB","","Tungstate uptake system permease protein TupB","3","3","1","1","127","1","46","","686","686","686","","CCHHBCMG_00924","","NFMMKAFD_01362","HIOKELPH_00925",""
"group_1934","","hypothetical protein","3","3","1","2","497","52","10","","1097","1097","1097","OBHBHFCO_01705","","","","HIOKELPH_01545","DOCPNFPP_01052"
"group_1935","","hypothetical protein","3","3","1","2","496","52","8","","1022","1022","1022","OBHBHFCO_01706","","","","HIOKELPH_01546","DOCPNFPP_01053"
"group_1940","","hypothetical protein","3","3","1","3","521","113","1","","401","401","401","OBHBHFCO_01730","","HDHBLALJ_00845","","","DOCPNFPP_01580"
"group_1941","","hypothetical protein","3","3","1","3","520","113","2","Hypothetical protein with no hits to refseq/uniprot/clusters/cdd/tigrfams/pfam overlapping another protein with hits","1034","1034","1034","OBHBHFCO_01731","","HDHBLALJ_00846","","","DOCPNFPP_01581"
"group_2","","hypothetical protein","3","3","1","1","584","12","6","","1943","1952","1946","","CCHHBCMG_00005","HDHBLALJ_01718","NFMMKAFD_00002","",""
"trg","","hypothetical protein","3","3","1","5","1","144","1","Investigate","179","710","443","OBHBHFCO_01741","","HDHBLALJ_01731","","HIOKELPH_01736",""
"group_2027","","hypothetical protein","3","3","1","1","1633","73","10","","227","227","227","","CCHHBCMG_00165","","NFMMKAFD_00163","HIOKELPH_00195",""
"corA","","Magnesium transport protein CorA","3","3","1","1","238","94","5","","983","983","983","","CCHHBCMG_00618","","NFMMKAFD_00615","HIOKELPH_00627",""
"group_2425","cymR","HTH-type transcriptional regulator CymR","3","3","1","1","822","334","1","","410","410","410","","CCHHBCMG_00789","","NFMMKAFD_00972","HIOKELPH_00462",""
"cas1","","CRISPR-associated endonuclease Cas1","3","3","1","1","142","1","123","","890","890","890","","CCHHBCMG_00938","HDHBLALJ_01300","NFMMKAFD_01347","",""
"cas2","","CRISPR-associated endoribonuclease Cas2","3","3","1","1","143","1","124","","431","431","431","","CCHHBCMG_00939","HDHBLALJ_01301","NFMMKAFD_01346","",""
"group_2536","","hypothetical protein","3","3","1","1","147","287","3","","221","221","221","","CCHHBCMG_00957","HDHBLALJ_01311","NFMMKAFD_01343","",""
"group_2537","","hypothetical protein","3","3","1","1","151","270","2","","701","701","701","","CCHHBCMG_00960","HDHBLALJ_01314","NFMMKAFD_01340","",""
"group_2538","","hypothetical protein","3","3","1","1","152","270","4","","191","191","191","","CCHHBCMG_00961","HDHBLALJ_01315","NFMMKAFD_01339","",""
"group_2539","fdnG-3","Formate dehydrogenase 2 subunit alpha (cytochrome c-553)","3","3","1","1","153","270","3","","542","542","542","","CCHHBCMG_00962","HDHBLALJ_01316","NFMMKAFD_01338","",""
"group_2541","","hypothetical protein","3","3","1","1","158","25","2","","737","737","737","","CCHHBCMG_00967","","NFMMKAFD_01333","HIOKELPH_00954",""
"tet(O)","","tetracycline resistance ribosomal protection protein Tet(O)","3","3","1","1","2114","1","107","","1919","1919","1919","","CCHHBCMG_01101","HDHBLALJ_01264","NFMMKAFD_01566","",""
"group_269","","hypothetical protein","3","3","1","1","741","15","22","","1070","1304","1226","OBHBHFCO_00513","","HDHBLALJ_00397","","","DOCPNFPP_00098"
"group_2909","","hypothetical protein","3","3","1","2","509","35","12","","1637","1637","1637","","CCHHBCMG_01584","HDHBLALJ_01231","NFMMKAFD_01478","",""
"group_2910","","hypothetical protein","3","3","1","2","508","35","15","","884","884","884","","CCHHBCMG_01585","HDHBLALJ_01232","NFMMKAFD_01479","",""
"group_2993","","hypothetical protein","3","3","1","1","1107","11","3","","746","746","746","","","HDHBLALJ_00156","","HIOKELPH_00469","DOCPNFPP_00339"
"group_3","","hypothetical protein","3","3","1","1","574","12","3","","122","1268","504","OBHBHFCO_01735","","","NFMMKAFD_01865","","DOCPNFPP_01714"
"group_30","","hypothetical protein","3","3","1","1","643","102","2","","194","1316","570","OBHBHFCO_00886","CCHHBCMG_00045","","NFMMKAFD_00038","",""
"mtgA","","Biosynthetic peptidoglycan transglycosylase","3","3","1","3","527","91","2","","2222","2222","2222","","","HDHBLALJ_00843","","HIOKELPH_01652","DOCPNFPP_01578"
"dnaG","","DNA primase","3","3","1","2","303","33","10","","1826","1826","1826","","","HDHBLALJ_01157","","HIOKELPH_01464","DOCPNFPP_00968"
"group_3010","","hypothetical protein","3","3","1","1","2238","72","2","","689","689","689","","","HDHBLALJ_01368","","HIOKELPH_01001","DOCPNFPP_00754"
"moaE","","Molybdopterin synthase catalytic subunit","3","3","1","1","146","287","2","","443","446","444","","CCHHBCMG_00956","HDHBLALJ_01310","NFMMKAFD_01344","",""
"group_339","","hypothetical protein","3","3","1","1","553","102","1","","605","743","697","OBHBHFCO_00885","","HDHBLALJ_00565","","","DOCPNFPP_01495"
"group_346","","hypothetical protein","3","3","1","1","43","1","115","","326","437","363","OBHBHFCO_00955","","","","HIOKELPH_00940","DOCPNFPP_00815"
"group_347","","hypothetical protein","3","3","1","1","14","112","3","","701","701","701","OBHBHFCO_00962","","","","HIOKELPH_00947","DOCPNFPP_00808"
"group_3474","","hypothetical protein","3","3","1","1","1710","44","3","","3143","3197","3178","OBHBHFCO_00599","","HDHBLALJ_00482","","","DOCPNFPP_00013"
"group_385","","hypothetical protein","3","3","1","1","2018","6","32","","731","731","731","OBHBHFCO_01177","","","","HIOKELPH_01027","DOCPNFPP_00718"
"udk","","Uridine kinase","3","3","1","1","2017","6","74","","1295","1295","1295","OBHBHFCO_01178","","","","HIOKELPH_01026","DOCPNFPP_00719"
"group_39","","hypothetical protein","3","3","1","1","813","3","29","","284","284","284","OBHBHFCO_00286","","HDHBLALJ_00262","","","DOCPNFPP_00233"
"group_42","","hypothetical protein","3","3","1","1","798","8","3","","167","206","193","OBHBHFCO_00334","","HDHBLALJ_00310","","","DOCPNFPP_00185"
"group_437","","Bacteriohemerythrin","3","3","1","2","516","35","4","","719","806","777","OBHBHFCO_01514","","","","HIOKELPH_01531","DOCPNFPP_01039"
"group_457","","hypothetical protein","3","3","1","1","113","1","72","","497","599","565","OBHBHFCO_01650","","HDHBLALJ_01256","","","DOCPNFPP_00858"
"group_467","","hypothetical protein","3","3","1","1","593","12","10","","269","278","272","OBHBHFCO_01696","","HDHBLALJ_01710","","","DOCPNFPP_01682"
"group_491","dedA","Protein DedA","3","3","1","1","1632","73","9","","602","602","602","","CCHHBCMG_00166","","NFMMKAFD_00164","HIOKELPH_00196",""
"group_509","yfkO","Putative NAD(P)H nitroreductase YfkO","3","3","1","1","1460","8","28","","620","620","620","","CCHHBCMG_00261","","NFMMKAFD_00266","HIOKELPH_00305",""
"group_56","","hypothetical protein","3","3","1","1","421","51","13","","251","1244","913","","","HDHBLALJ_00823","","HIOKELPH_00889","DOCPNFPP_00634"
"group_567","mog","Molybdopterin adenylyltransferase","3","3","1","1","218","94","6","","542","542","542","","CCHHBCMG_00617","","NFMMKAFD_00614","HIOKELPH_00628",""
"group_582","","hypothetical protein","3","3","1","1","1085","344","1","","2840","2840","2840","","CCHHBCMG_00787","","NFMMKAFD_00970","HIOKELPH_00464",""
"group_6","","hypothetical protein","3","3","1","1","569","149","2","","350","1946","1359","OBHBHFCO_01713","","HDHBLALJ_01702","","","DOCPNFPP_01690"
"coaE","","Dephospho-CoA kinase","3","3","1","1","136","1","37","","605","605","605","","CCHHBCMG_00933","","NFMMKAFD_01353","HIOKELPH_00935",""
"cas9","","CRISPR-associated endonuclease Cas9","3","3","1","1","141","1","122","","2954","2963","2960","","CCHHBCMG_00937","HDHBLALJ_01299","NFMMKAFD_01348","",""
"nspC","","Carboxynorspermidine/carboxyspermidine decarboxylase","3","3","1","1","150","270","1","","1148","1148","1148","","CCHHBCMG_00959","HDHBLALJ_01313","NFMMKAFD_01341","",""
"fdhD","","Sulfur carrier protein FdhD","3","3","1","1","157","25","1","","782","782","782","","CCHHBCMG_00966","","NFMMKAFD_01334","HIOKELPH_00953",""
"pctC","","Methyl-accepting chemotaxis protein PctC","3","3","1","1","159","25","3","","2102","2102","2102","","CCHHBCMG_00968","","NFMMKAFD_01332","HIOKELPH_00955",""
"group_646","","hypothetical protein","3","3","1","1","2075","49","14","","515","515","515","","CCHHBCMG_01120","","NFMMKAFD_01586","HIOKELPH_01097",""
"group_69","","hypothetical protein","3","3","1","2","300","33","17","","851","992","945","OBHBHFCO_01022","","","","HIOKELPH_01456","DOCPNFPP_00961"
"yflS","","Putative malate transporter YflS","3","3","1","2","513","35","9","","344","350","346","","CCHHBCMG_01581","HDHBLALJ_01227","NFMMKAFD_01475","",""
"group_707","","Bacteriohemerythrin","3","3","1","2","511","35","10","","719","725","723","","CCHHBCMG_01582","HDHBLALJ_01229","NFMMKAFD_01476","",""
"group_744","corA","Magnesium transport protein CorA","3","3","1","1","240","94","3","","983","983","983","OBHBHFCO_00010","","HDHBLALJ_00582","","","DOCPNFPP_00394"
"mog","","Molybdopterin adenylyltransferase","3","3","1","1","241","94","2","","542","542","542","OBHBHFCO_00011","","HDHBLALJ_00583","","","DOCPNFPP_00395"
"hypF","","Carbamoyltransferase HypF","3","3","1","1","1883","176","1","","2186","2186","2186","OBHBHFCO_00096","","HDHBLALJ_00668","","","DOCPNFPP_00480"
"torZ","","Trimethylamine-N-oxide reductase 2","3","3","1","3","507","103","8","","761","2516","1931","OBHBHFCO_01565","","HDHBLALJ_00834","","","DOCPNFPP_01567"
"citE","","Citrate lyase subunit beta-like protein","3","3","1","1","396","51","10","","833","833","833","OBHBHFCO_00248","","HDHBLALJ_00820","","","DOCPNFPP_00631"
"group_918","","hypothetical protein","3","3","1","1","814","3","24","","740","740","740","OBHBHFCO_00262","","HDHBLALJ_00238","","","DOCPNFPP_00257"
"group_965","","hypothetical protein","3","3","1","1","1440","192","1","","3086","3086","3086","OBHBHFCO_00325","","HDHBLALJ_00301","","","DOCPNFPP_00194"
"group_966","","hypothetical protein","3","3","1","1","801","163","1","","602","602","602","OBHBHFCO_00327","","HDHBLALJ_00303","","HIOKELPH_00322",""
"group_97","","hypothetical protein","3","3","1","1","235","34","16","","197","806","400","OBHBHFCO_00007","","","NFMMKAFD_00618","","DOCPNFPP_00391"
"yfkO","","Putative NAD(P)H nitroreductase YfkO","3","3","1","1","787","8","30","","620","620","620","OBHBHFCO_00345","","HDHBLALJ_00321","","","DOCPNFPP_00174"
"group_1","","hypothetical protein","2","2","1","1","581","12","1","","1937","1937","1937","","CCHHBCMG_00003","HDHBLALJ_01720","","",""
"group_14","","hypothetical protein","2","2","1","2","535","36","14","","323","815","569","","","","NFMMKAFD_01468","","DOCPNFPP_01033"
"group_1414","","hypothetical protein","2","2","1","1","44","1","113","","302","302","302","OBHBHFCO_00954","","","","","DOCPNFPP_00816"
"group_1418","nspC","Carboxynorspermidine/carboxyspermidine decarboxylase","2","2","1","1","148","112","2","","1148","1148","1148","OBHBHFCO_00961","","","","","DOCPNFPP_00809"
"group_1512","","hypothetical protein","2","2","1","2","68","63","7","","2558","2558","2558","OBHBHFCO_01103","CCHHBCMG_01294","","","",""
"group_1553","","hypothetical protein","2","2","1","1","2000","6","16","","1121","1121","1121","OBHBHFCO_01173","","","","","DOCPNFPP_00714"
"group_1555","","hypothetical protein","2","2","1","1","2016","6","70","","593","593","593","OBHBHFCO_01179","","","","","DOCPNFPP_00720"
"group_179","","hypothetical protein","2","2","1","1","1393","196","9","","356","620","488","","CCHHBCMG_00322","","NFMMKAFD_00329","",""
"group_18","","hypothetical protein","2","2","1","1","80","189","1","","383","1388","885","OBHBHFCO_01635","","","","","DOCPNFPP_00873"
"group_180","","hypothetical protein","2","2","1","1","1388","196","3","","896","896","896","","CCHHBCMG_00330","","NFMMKAFD_00332","",""
"group_1802","","hypothetical protein","2","2","1","2","519","36","11","","587","587","587","OBHBHFCO_01509","","","","","DOCPNFPP_01034"
"cirA","","Colicin I receptor","2","2","1","1","428","241","4","","1403","2072","1737","","CCHHBCMG_00346","","NFMMKAFD_00346","",""
"group_1826","","hypothetical protein","2","2","1","2","532","36","2","","524","524","524","OBHBHFCO_01546","","","","","DOCPNFPP_01031"
"group_1827","","hypothetical protein","2","2","1","2","533","36","1","","956","956","956","OBHBHFCO_01547","","","","","DOCPNFPP_01032"
"group_183","","hypothetical protein","2","2","1","1","1848","2","19","","95","881","488","","CCHHBCMG_00497","","NFMMKAFD_00496","",""
"group_1848","","hypothetical protein","2","2","1","1","2012","6","66","","3266","3266","3266","OBHBHFCO_01574","","","","","DOCPNFPP_00724"
"suhB","","Inositol-1-monophosphatase","2","2","1","1","2011","6","65","","716","716","716","OBHBHFCO_01575","","","","","DOCPNFPP_00725"
"group_1850","","hypothetical protein","2","2","1","1","2010","6","64","","494","494","494","OBHBHFCO_01576","","","","","DOCPNFPP_00726"
"yoaD","","Putative 2-hydroxyacid dehydrogenase YoaD","2","2","1","1","2009","6","63","","932","932","932","OBHBHFCO_01577","","","","","DOCPNFPP_00727"
"kdsB_2","","8-amino-3,8-dideoxy-manno-octulosonate cytidylyltransferase","2","2","1","1","2008","6","62","","710","710","710","OBHBHFCO_01578","","","","","DOCPNFPP_00728"
"iolG","","Inositol 2-dehydrogenase/D-chiro-inositol 3-dehydrogenase","2","2","1","1","2007","6","61","","1007","1007","1007","OBHBHFCO_01579","","","","","DOCPNFPP_00729"
"gmhA","","Phosphoheptose isomerase","2","2","1","1","2006","6","60","","572","572","572","OBHBHFCO_01580","","","","","DOCPNFPP_00730"
"group_1855","","hypothetical protein","2","2","1","1","2005","6","59","","710","710","710","OBHBHFCO_01581","","","","","DOCPNFPP_00731"
"group_1856","","hypothetical protein","2","2","1","1","2224","6","56","","1376","1376","1376","OBHBHFCO_01584","","","","","DOCPNFPP_00734"
"kdpA_4","","Potassium-transporting ATPase potassium-binding subunit","2","2","1","1","1957","227","14","","287","818","552","","CCHHBCMG_00563","","NFMMKAFD_00563","",""
"kdpD_2","","Sensor protein KdpD","2","2","1","1","1962","227","2","","815","1151","983","","CCHHBCMG_00570","","NFMMKAFD_00567","",""
"group_1894","","hypothetical protein","2","2","1","1","76","1","60","","392","392","392","OBHBHFCO_01638","","","","","DOCPNFPP_00870"
"group_191","","hypothetical protein","2","2","1","1","1222","194","19","","176","404","290","","CCHHBCMG_00644","","NFMMKAFD_01701","",""
"ant1_1","","Streptomycin 3''-adenylyltransferase","2","2","1","1","37","1","129","","485","809","647","","CCHHBCMG_00944","","","HIOKELPH_01720",""
"group_1946","","hypothetical protein","2","2","1","1","639","102","6","","791","791","791","","CCHHBCMG_00043","","","HIOKELPH_00043",""
"group_1947","accB","Biotin carboxyl carrier protein of acetyl-CoA carboxylase","2","2","1","1","647","342","1","","455","455","455","","CCHHBCMG_00049","","NFMMKAFD_00042","",""
"group_1948","surA","Chaperone SurA","2","2","1","1","649","204","1","","815","815","815","","CCHHBCMG_00051","","NFMMKAFD_00044","",""
"gltX1_1","","Glutamate--tRNA ligase 1","2","2","1","1","650","204","2","","1391","1391","1391","","CCHHBCMG_00052","","NFMMKAFD_00045","",""
"group_1950","maeB","NADP-dependent malic enzyme","2","2","1","1","651","204","3","","1235","1235","1235","","CCHHBCMG_00053","","NFMMKAFD_00046","",""
"group_1951","upp","Uracil phosphoribosyltransferase","2","2","1","1","652","204","4","","626","626","626","","CCHHBCMG_00054","","NFMMKAFD_00047","",""
"group_1952","mqnA","Chorismate dehydratase","2","2","1","1","653","204","22","","671","671","671","","CCHHBCMG_00055","","NFMMKAFD_00048","",""
"group_1953","ktrA","Ktr system potassium uptake protein A","2","2","1","1","654","204","21","","650","650","650","","CCHHBCMG_00056","","NFMMKAFD_00049","",""
"group_1954","ktrB","Ktr system potassium uptake protein B","2","2","1","1","655","204","20","","1343","1343","1343","","CCHHBCMG_00057","","NFMMKAFD_00050","",""
"group_1955","mrdB","Peptidoglycan glycosyltransferase MrdB","2","2","1","1","656","204","19","","1100","1100","1100","","CCHHBCMG_00060","","NFMMKAFD_00053","",""
"group_1956","rluD","Ribosomal large subunit pseudouridine synthase D","2","2","1","1","657","204","18","","968","968","968","","CCHHBCMG_00061","","NFMMKAFD_00054","",""
"group_1957","","hypothetical protein","2","2","1","1","658","204","17","","1232","1232","1232","","CCHHBCMG_00062","","NFMMKAFD_00055","",""
"group_1958","trmB","tRNA (guanine-N(7)-)-methyltransferase","2","2","1","1","659","204","16","","1178","1178","1178","","CCHHBCMG_00063","","NFMMKAFD_00056","",""
"metN_1","","Methionine import ATP-binding protein MetN","2","2","1","1","660","204","15","","665","665","665","","CCHHBCMG_00064","","NFMMKAFD_00057","",""
"group_196","","hypothetical protein","2","2","1","1","2102","1","92","","935","1307","1121","","CCHHBCMG_01114","","NFMMKAFD_01580","",""
"group_1960","","hypothetical protein","2","2","1","1","661","204","14","","806","806","806","","CCHHBCMG_00065","","NFMMKAFD_00058","",""
"group_1961","pyrH","Uridylate kinase","2","2","1","1","663","204","12","","719","719","719","","CCHHBCMG_00067","","NFMMKAFD_00060","",""
"group_1962","rpoZ","DNA-directed RNA polymerase subunit omega","2","2","1","1","664","204","11","","224","224","224","","CCHHBCMG_00068","","NFMMKAFD_00061","",""
"group_1963","relA","GTP pyrophosphokinase","2","2","1","1","665","204","10","","2195","2195","2195","","CCHHBCMG_00069","","NFMMKAFD_00062","",""
"group_1964","tyrS","Tyrosine--tRNA ligase","2","2","1","1","666","204","9","","1205","1205","1205","","CCHHBCMG_00070","","NFMMKAFD_00063","",""
"group_1965","","hypothetical protein","2","2","1","1","667","204","8","","1091","1091","1091","","CCHHBCMG_00071","","NFMMKAFD_00064","",""
"group_1966","","hypothetical protein","2","2","1","1","668","204","7","","1979","1979","1979","","CCHHBCMG_00072","","NFMMKAFD_00065","",""
"group_1967","mnmC","tRNA 5-methylaminomethyl-2-thiouridine biosynthesis bifunctional protein MnmC","2","2","1","1","669","204","6","","1841","1841","1841","","CCHHBCMG_00073","","NFMMKAFD_00066","",""
"group_1968","hydA","Quinone-reactive Ni/Fe-hydrogenase small chain","2","2","1","1","670","204","5","","1139","1139","1139","","CCHHBCMG_00074","","NFMMKAFD_00067","",""
"group_1969","hydC","Quinone-reactive Ni/Fe-hydrogenase B-type cytochrome subunit","2","2","1","1","1768","213","4","","692","692","692","","CCHHBCMG_00076","","NFMMKAFD_00069","",""
"group_1970","","hypothetical protein","2","2","1","1","1767","213","5","","503","503","503","","CCHHBCMG_00077","","NFMMKAFD_00070","",""
"group_1971","recR","Recombination protein RecR","2","2","1","1","1766","213","6","","572","572","572","","CCHHBCMG_00078","","NFMMKAFD_00071","",""
"group_1972","","hypothetical protein","2","2","1","1","1765","213","7","","1235","1235","1235","","CCHHBCMG_00079","","NFMMKAFD_00072","",""
"group_1973","regX3_1","Sensory transduction protein regX3","2","2","1","1","1764","213","8","","671","671","671","","CCHHBCMG_00080","","NFMMKAFD_00073","",""
"group_1975","yfkJ","Low molecular weight protein-tyrosine-phosphatase YfkJ","2","2","1","1","1760","213","11","","455","455","455","","CCHHBCMG_00083","","NFMMKAFD_00076","",""
"group_1976","sbnD","Staphyloferrin B transporter","2","2","1","1","1759","213","12","","1184","1184","1184","","CCHHBCMG_00084","","NFMMKAFD_00077","",""
"group_1977","","hypothetical protein","2","2","1","1","1758","213","13","","662","662","662","","CCHHBCMG_00085","","NFMMKAFD_00078","",""
"group_1978","pnp","Polyribonucleotide nucleotidyltransferase","2","2","1","1","1756","213","15","","2159","2159","2159","","CCHHBCMG_00087","","NFMMKAFD_00080","",""
"group_1979","lptD","LPS-assembly protein LptD","2","2","1","1","1755","213","16","","2048","2048","2048","","CCHHBCMG_00088","","NFMMKAFD_00081","",""
"group_198","","hypothetical protein","2","2","1","2","295","195","57","","212","683","447","","CCHHBCMG_01196","","NFMMKAFD_00762","",""
"group_1980","","hypothetical protein","2","2","1","1","1754","213","17","","452","452","452","","CCHHBCMG_00089","","NFMMKAFD_00082","",""
"group_1981","purD","Phosphoribosylamine--glycine ligase","2","2","1","1","1753","213","2","","1250","1250","1250","","CCHHBCMG_00090","","NFMMKAFD_00083","",""
"group_1982","","hypothetical protein","2","2","1","1","1752","213","1","","1460","1460","1460","","CCHHBCMG_00091","","NFMMKAFD_00084","",""
"group_1983","","hypothetical protein","2","2","1","1","1742","211","1","","494","494","494","","CCHHBCMG_00093","","NFMMKAFD_00086","",""
"group_1984","","hypothetical protein","2","2","1","1","1740","211","3","","1196","1196","1196","","CCHHBCMG_00095","","NFMMKAFD_00088","",""
"group_1985","moaA_1","GTP 3',8-cyclase","2","2","1","1","1739","211","4","","902","902","902","","CCHHBCMG_00096","","NFMMKAFD_00089","",""
"group_1986","hemE","Uroporphyrinogen decarboxylase","2","2","1","1","1738","211","5","","1022","1022","1022","","CCHHBCMG_00097","","NFMMKAFD_00090","",""
"araJ","","Putative transporter AraJ","2","2","1","1","1736","211","17","","1199","1199","1199","","CCHHBCMG_00099","","NFMMKAFD_00092","",""
"gppA_1","","Guanosine-5'-triphosphate,3'-diphosphate pyrophosphatase","2","2","1","1","1732","211","13","","974","974","974","","CCHHBCMG_00103","","NFMMKAFD_00096","",""
"group_1989","glyS","Glycine--tRNA ligase beta subunit","2","2","1","1","1729","211","10","","1994","1994","1994","","CCHHBCMG_00106","","NFMMKAFD_00099","",""
"gph","","Phosphoglycolate phosphatase","2","2","1","1","1728","211","9","","620","620","620","","CCHHBCMG_00107","","NFMMKAFD_00100","",""
"group_1991","","hypothetical protein","2","2","1","1","1727","211","8","","332","332","332","","CCHHBCMG_00108","","NFMMKAFD_00101","",""
"group_1992","kefC","Glutathione-regulated potassium-efflux system protein KefC","2","2","1","1","1726","211","7","","1625","1625","1625","","CCHHBCMG_00109","","NFMMKAFD_00102","",""
"group_1993","dnaJ_2","Curved DNA-binding protein","2","2","1","1","1714","315","2","","893","893","893","","CCHHBCMG_00111","","NFMMKAFD_00104","",""
"group_1994","degP","Periplasmic serine endoprotease DegP","2","2","1","1","1713","315","1","","1418","1418","1418","","CCHHBCMG_00112","","NFMMKAFD_00105","",""
"group_1995","","hypothetical protein","2","2","1","1","1703","261","1","","1247","1247","1247","","CCHHBCMG_00114","","NFMMKAFD_00107","",""
"group_1996","","Bacteriohemerythrin","2","2","1","1","1701","261","4","","599","599","599","","CCHHBCMG_00117","","NFMMKAFD_00110","",""
"group_1997","mprA_1","Response regulator MprA","2","2","1","1","1700","261","3","","665","665","665","","CCHHBCMG_00118","","NFMMKAFD_00111","",""
"group_1998","sasA_1","Adaptive-response sensory-kinase SasA","2","2","1","1","1699","261","2","","1190","1190","1190","","CCHHBCMG_00119","","NFMMKAFD_00112","",""
"group_1999","","hypothetical protein","2","2","1","1","1687","215","12","","2540","2540","2540","","CCHHBCMG_00122","","NFMMKAFD_00115","",""
"group_200","","hypothetical protein","2","2","1","2","624","297","2","","890","1271","1080","","CCHHBCMG_01252","","NFMMKAFD_00835","",""
"group_2000","ribE","Riboflavin synthase","2","2","1","1","1686","215","13","","611","611","611","","CCHHBCMG_00123","","NFMMKAFD_00116","",""
"group_2001","","hypothetical protein","2","2","1","1","1685","215","14","","680","680","680","","CCHHBCMG_00124","","NFMMKAFD_00117","",""
"group_2002","","hypothetical protein","2","2","1","1","1684","215","11","","203","203","203","","CCHHBCMG_00125","","NFMMKAFD_00118","",""
"group_2003","mepM","Murein DD-endopeptidase MepM","2","2","1","1","1683","215","10","","1160","1160","1160","","CCHHBCMG_00126","","NFMMKAFD_00119","",""
"group_2004","pgbA","Plasminogen-binding protein PgbA","2","2","1","1","1682","215","9","","716","725","720","","CCHHBCMG_00127","","NFMMKAFD_00120","",""
"group_2005","","putative FAD-linked oxidoreductase","2","2","1","1","1681","215","8","","1382","1382","1382","","CCHHBCMG_00128","","NFMMKAFD_00121","",""
"group_2006","","hypothetical protein","2","2","1","1","1680","215","7","","806","806","806","","CCHHBCMG_00129","","NFMMKAFD_00122","",""
"group_2007","","hypothetical protein","2","2","1","1","1679","215","6","","1259","1259","1259","","CCHHBCMG_00130","","NFMMKAFD_00123","",""
"yohD_1","","Inner membrane protein YohD","2","2","1","1","1678","215","5","","557","557","557","","CCHHBCMG_00131","","NFMMKAFD_00124","",""
"group_2009","rny","Ribonuclease Y","2","2","1","1","1677","215","4","","1553","1553","1553","","CCHHBCMG_00132","","NFMMKAFD_00125","",""
"group_2010","resA_1","Thiol-disulfide oxidoreductase ResA","2","2","1","1","1676","215","3","","557","557","557","","CCHHBCMG_00133","","NFMMKAFD_00126","",""
"group_2011","ftsY","Signal recognition particle receptor FtsY","2","2","1","1","1675","215","2","","866","866","866","","CCHHBCMG_00134","","NFMMKAFD_00127","",""
"group_2012","radA","DNA repair protein RadA","2","2","1","1","1674","215","1","","1340","1340","1340","","CCHHBCMG_00135","","NFMMKAFD_00128","",""
"group_2013","gpsA","Glycerol-3-phosphate dehydrogenase [NAD(P)+]","2","2","1","1","1666","262","4","","893","893","893","","CCHHBCMG_00138","","NFMMKAFD_00136","",""
"group_2014","","hypothetical protein","2","2","1","1","1664","262","3","","1526","1526","1526","","CCHHBCMG_00140","","NFMMKAFD_00138","",""
"group_2015","","hypothetical protein","2","2","1","1","1663","262","2","","806","806","806","","CCHHBCMG_00141","","NFMMKAFD_00139","",""
"group_2016","dctA","Aerobic C4-dicarboxylate transport protein","2","2","1","1","1662","262","1","","1376","1376","1376","","CCHHBCMG_00142","","NFMMKAFD_00140","",""
"group_2017","mnmG","tRNA uridine 5-carboxymethylaminomethyl modification enzyme MnmG","2","2","1","1","1657","285","1","","1859","1859","1859","","CCHHBCMG_00146","","NFMMKAFD_00144","",""
"group_2018","petA","Ubiquinol-cytochrome c reductase iron-sulfur subunit","2","2","1","1","1655","285","2","","503","503","503","","CCHHBCMG_00148","","NFMMKAFD_00146","",""
"group_2019","","hypothetical protein","2","2","1","1","1649","301","1","","1124","1124","1124","","CCHHBCMG_00150","","NFMMKAFD_00148","",""
"group_202","","hypothetical protein","2","2","1","2","54","260","5","","1202","1301","1251","","CCHHBCMG_01301","","NFMMKAFD_00887","",""
"cfa","","Cyclopropane-fatty-acyl-phospholipid synthase","2","2","1","1","1648","301","2","","1163","1163","1163","","CCHHBCMG_00151","","NFMMKAFD_00149","",""
"group_2021","lolD","Lipoprotein-releasing system ATP-binding protein LolD","2","2","1","1","1645","251","1","","635","635","635","","CCHHBCMG_00154","","NFMMKAFD_00152","",""
"group_2022","fliR","Flagellar biosynthetic protein FliR","2","2","1","1","1644","251","2","","767","767","767","","CCHHBCMG_00155","","NFMMKAFD_00153","",""
"group_2023","gmk","Guanylate kinase","2","2","1","1","1642","251","4","","617","617","617","","CCHHBCMG_00157","","NFMMKAFD_00155","",""
"group_2024","tatA","Sec-independent protein translocase protein TatA","2","2","1","1","1641","251","5","","239","239","239","","CCHHBCMG_00158","","NFMMKAFD_00156","",""
"group_2025","argS","Arginine--tRNA ligase","2","2","1","1","1640","251","6","","1592","1592","1592","","CCHHBCMG_00159","","NFMMKAFD_00157","",""
"group_2028","ldh","L-lactate dehydrogenase","2","2","1","1","1631","73","4","","926","926","926","","CCHHBCMG_00167","","NFMMKAFD_00165","",""
"group_2029","yjjP","Inner membrane protein YjjP","2","2","1","1","1630","73","3","","776","776","776","","CCHHBCMG_00168","","NFMMKAFD_00166","",""
"group_2030","","hypothetical protein","2","2","1","1","1625","252","1","","263","263","263","","CCHHBCMG_00170","","NFMMKAFD_00168","",""
"group_2031","czcD","Cadmium, cobalt and zinc/H(+)-K(+) antiporter","2","2","1","1","1624","252","2","","950","950","950","","CCHHBCMG_00171","","NFMMKAFD_00169","",""
"copA_2","","Copper-exporting P-type ATPase","2","2","1","1","1616","43","1","","2351","2351","2351","","CCHHBCMG_00177","","NFMMKAFD_00175","",""
"group_2034","","hypothetical protein","2","2","1","1","1615","43","2","","206","206","206","","CCHHBCMG_00178","","NFMMKAFD_00176","",""
"group_2035","cyf","Cytochrome c-553","2","2","1","1","1614","43","13","","302","302","302","","CCHHBCMG_00179","","NFMMKAFD_00177","",""
"group_2036","hldE","Bifunctional protein HldE","2","2","1","1","1606","43","3","","1385","1385","1385","","CCHHBCMG_00182","","NFMMKAFD_00180","",""
"group_204","","hypothetical protein","2","2","1","2","439","273","5","","158","689","423","","CCHHBCMG_01509","","NFMMKAFD_01403","",""
"galE_1","","UDP-glucose 4-epimerase","2","2","1","1","1563","202","7","","986","986","986","","CCHHBCMG_00196","","NFMMKAFD_00201","",""
"group_2047","pglK","Protein glycosylation K","2","2","1","1","1562","202","6","","1694","1694","1694","","CCHHBCMG_00197","","NFMMKAFD_00202","",""
"group_2048","pglI","GalNAc(5)-diNAcBac-PP-undecaprenol beta-1,3-glucosyltransferase","2","2","1","1","1560","202","4","","929","929","929","","CCHHBCMG_00199","","NFMMKAFD_00204","",""
"group_2049","pglJ","N-acetylgalactosamine-N,N'-diacetylbacillosaminyl-diphospho-undecaprenol 4-alpha-N-acetylgalactosaminyltransferase","2","2","1","1","1559","202","3","","1097","1097","1097","","CCHHBCMG_00200","","NFMMKAFD_00205","",""
"group_2050","pglB","Undecaprenyl-diphosphooligosaccharide--protein glycotransferase","2","2","1","1","1558","202","2","","2141","2141","2141","","CCHHBCMG_00201","","NFMMKAFD_00206","",""
"group_2051","pglE","UDP-N-acetylbacillosamine transaminase","2","2","1","1","1537","257","5","","1160","1160","1160","","CCHHBCMG_00205","","NFMMKAFD_00210","",""
"group_2052","pglF","UDP-N-acetyl-alpha-D-glucosamine C6 dehydratase","2","2","1","1","1536","257","4","","1772","1772","1772","","CCHHBCMG_00206","","NFMMKAFD_00211","",""
"group_2053","","hypothetical protein","2","2","1","1","1535","257","3","","893","893","893","","CCHHBCMG_00207","","NFMMKAFD_00212","",""
"group_2054","cheY","Chemotaxis protein CheY ","2","2","1","1","1534","257","2","","392","392","392","","CCHHBCMG_00208","","NFMMKAFD_00213","",""
"rsmC","","Ribosomal RNA small subunit methyltransferase C","2","2","1","1","1533","257","1","","845","845","845","","CCHHBCMG_00209","","NFMMKAFD_00214","",""
"group_2056","","hypothetical protein","2","2","1","1","1530","205","10","","728","728","728","","CCHHBCMG_00212","","NFMMKAFD_00217","",""
"group_2057","","hypothetical protein","2","2","1","1","1529","205","11","","797","797","797","","CCHHBCMG_00213","","NFMMKAFD_00218","",""
"group_2058","msrB","Peptide methionine sulfoxide reductase MsrB","2","2","1","1","1528","205","12","","359","359","359","","CCHHBCMG_00214","","NFMMKAFD_00219","",""
"group_2059","","hypothetical protein","2","2","1","1","1527","205","13","","638","638","638","","CCHHBCMG_00215","","NFMMKAFD_00220","",""
"group_206","","hypothetical protein","2","2","1","2","566","203","17","","734","1031","882","","CCHHBCMG_01561","","NFMMKAFD_01455","",""
"bdlA","","Biofilm dispersion protein BdlA","2","2","1","1","1526","205","14","","1289","1289","1289","","CCHHBCMG_00216","","NFMMKAFD_00221","",""
"group_2061","aat","Leucyl/phenylalanyl-tRNA--protein transferase","2","2","1","1","1525","205","15","","647","647","647","","CCHHBCMG_00217","","NFMMKAFD_00222","",""
"group_2062","clpA","ATP-dependent Clp protease ATP-binding subunit ClpA","2","2","1","1","1524","205","16","","2129","2129","2129","","CCHHBCMG_00218","","NFMMKAFD_00223","",""
"group_2063","clpS","ATP-dependent Clp protease adapter protein ClpS","2","2","1","1","1523","205","17","","290","290","290","","CCHHBCMG_00219","","NFMMKAFD_00224","",""
"group_2064","","hypothetical protein","2","2","1","1","1522","205","18","","602","602","602","","CCHHBCMG_00220","","NFMMKAFD_00225","",""
"group_2065","smpB","SsrA-binding protein","2","2","1","1","1521","205","19","","452","452","452","","CCHHBCMG_00221","","NFMMKAFD_00226","",""
"group_2066","ispE","Putative 4-diphosphocytidyl-2-C-methyl-D-erythritol kinase","2","2","1","1","1520","205","20","","767","767","767","","CCHHBCMG_00222","","NFMMKAFD_00227","",""
"group_2067","csrA","Translational regulator CsrA","2","2","1","1","1519","205","21","","227","227","227","","CCHHBCMG_00223","","NFMMKAFD_00228","",""
"group_2068","truB","tRNA pseudouridine synthase B","2","2","1","1","1518","205","8","","818","818","818","","CCHHBCMG_00224","","NFMMKAFD_00229","",""
"group_2069","pcrA","ATP-dependent DNA helicase PcrA","2","2","1","1","1517","205","7","","2075","2075","2075","","CCHHBCMG_00225","","NFMMKAFD_00230","",""
"group_2070","","hypothetical protein","2","2","1","1","1516","205","6","","437","437","437","","CCHHBCMG_00226","","NFMMKAFD_00231","",""
"group_2071","pepF1","Oligoendopeptidase F, plasmid","2","2","1","1","1515","205","5","","1721","1721","1721","","CCHHBCMG_00227","","NFMMKAFD_00232","",""
"group_2072","pyrB","Aspartate carbamoyltransferase","2","2","1","1","1514","205","4","","887","887","887","","CCHHBCMG_00228","","NFMMKAFD_00233","",""
"group_2073","sstT","Serine/threonine transporter SstT","2","2","1","1","1513","205","3","","1223","1223","1223","","CCHHBCMG_00229","","NFMMKAFD_00234","",""
"group_2074","metK","S-adenosylmethionine synthase","2","2","1","1","1512","205","2","","1196","1196","1196","","CCHHBCMG_00230","","NFMMKAFD_00235","",""
"group_2075","lnt","Apolipoprotein N-acyltransferase","2","2","1","1","1511","205","1","","1325","1325","1325","","CCHHBCMG_00231","","NFMMKAFD_00236","",""
"group_2076","secD","Protein translocase subunit SecD","2","2","1","1","1493","209","3","","1580","1580","1580","","CCHHBCMG_00233","","NFMMKAFD_00238","",""
"group_2077","secF","Protein translocase subunit SecF","2","2","1","1","1492","209","4","","971","971","971","","CCHHBCMG_00234","","NFMMKAFD_00239","",""
"group_2078","leuS","Leucine--tRNA ligase","2","2","1","1","1491","209","5","","2429","2429","2429","","CCHHBCMG_00235","","NFMMKAFD_00240","",""
"group_2079","","hypothetical protein","2","2","1","1","1490","209","6","","512","512","512","","CCHHBCMG_00236","","NFMMKAFD_00241","",""
"group_2080","","hypothetical protein","2","2","1","1","1489","209","7","","1397","1397","1397","","CCHHBCMG_00237","","NFMMKAFD_00242","",""
"group_2081","","hypothetical protein","2","2","1","1","1488","209","8","","1172","1172","1172","","CCHHBCMG_00238","","NFMMKAFD_00243","",""
"group_2082","","hypothetical protein","2","2","1","1","1487","209","9","","902","902","902","","CCHHBCMG_00239","","NFMMKAFD_00244","",""
"mfd_1","","Transcription-repair-coupling factor","2","2","1","1","1485","209","11","","2936","2936","2936","","CCHHBCMG_00241","","NFMMKAFD_00246","",""
"group_2084","","hypothetical protein","2","2","1","1","1484","209","12","","761","761","761","","CCHHBCMG_00242","","NFMMKAFD_00247","",""
"group_2085","nth_1","Endonuclease III","2","2","1","1","1483","209","13","","686","686","686","","CCHHBCMG_00243","","NFMMKAFD_00248","",""
"thiE_1","","Thiamine-phosphate synthase","2","2","1","1","1481","209","15","","632","632","632","","CCHHBCMG_00245","","NFMMKAFD_00250","",""
"group_2087","","hypothetical protein","2","2","1","1","1480","209","16","","629","629","629","","CCHHBCMG_00246","","NFMMKAFD_00251","",""
"group_2088","","hypothetical protein","2","2","1","1","1478","209","18","","662","662","662","","CCHHBCMG_00248","","NFMMKAFD_00253","",""
"group_2089","","hypothetical protein","2","2","1","1","1477","209","2","","302","302","302","","CCHHBCMG_00249","","NFMMKAFD_00254","",""
"group_209","","hypothetical protein","2","2","1","1","2074","49","15","","584","1241","912","","","","NFMMKAFD_01587","HIOKELPH_01098",""
"group_2090","proC","Pyrroline-5-carboxylate reductase","2","2","1","1","1476","209","1","","731","731","731","","CCHHBCMG_00250","","NFMMKAFD_00255","",""
"group_2091","bamD","Outer membrane protein assembly factor BamD","2","2","1","1","1474","309","1","","647","647","647","","CCHHBCMG_00252","","NFMMKAFD_00257","",""
"group_2092","lon","Lon protease","2","2","1","1","1473","309","2","","2375","2375","2375","","CCHHBCMG_00253","","NFMMKAFD_00258","",""
"group_2093","ssb","Single-stranded DNA-binding protein","2","2","1","1","1471","337","1","","551","551","551","","CCHHBCMG_00255","","NFMMKAFD_00260","",""
"group_2094","pgsA","CDP-diacylglycerol--glycerol-3-phosphate 3-phosphatidyltransferase","2","2","1","1","1462","8","17","","536","536","536","","CCHHBCMG_00259","","NFMMKAFD_00264","",""
"group_2096","cinA","Putative competence-damage inducible protein","2","2","1","1","1458","8","26","","1088","1088","1088","","CCHHBCMG_00263","","NFMMKAFD_00268","",""
"group_2097","ileS","Isoleucine--tRNA ligase","2","2","1","1","1457","8","25","","2753","2753","2753","","CCHHBCMG_00264","","NFMMKAFD_00269","",""
"group_2098","","hypothetical protein","2","2","1","1","1456","8","24","","110","110","110","","CCHHBCMG_00265","","NFMMKAFD_00270","",""
"group_2099","gatA","Glutamyl-tRNA(Gln) amidotransferase subunit A","2","2","1","1","1455","8","23","","1361","1361","1361","","CCHHBCMG_00266","","NFMMKAFD_00271","",""
"group_21","","hypothetical protein","2","2","1","3","333","71","3","","200","2117","1158","","","HDHBLALJ_00885","","","DOCPNFPP_01620"
"group_2100","guaB","Inosine-5'-monophosphate dehydrogenase","2","2","1","1","1454","8","22","","1457","1457","1457","","CCHHBCMG_00267","","NFMMKAFD_00272","",""
"group_2101","xseB","Exodeoxyribonuclease 7 small subunit","2","2","1","1","1453","8","21","","173","173","173","","CCHHBCMG_00268","","NFMMKAFD_00273","",""
"group_2102","","hypothetical protein","2","2","1","1","1452","8","20","","776","782","779","","CCHHBCMG_00269","","NFMMKAFD_00274","",""
"group_2103","","hypothetical protein","2","2","1","1","1443","331","1","","599","599","599","","CCHHBCMG_00274","","NFMMKAFD_00281","",""
"group_2104","rhaS","HTH-type transcriptional activator RhaS","2","2","1","1","1434","256","2","","890","890","890","","CCHHBCMG_00281","","NFMMKAFD_00288","",""
"group_2105","","hypothetical protein","2","2","1","1","1433","256","3","","851","851","851","","CCHHBCMG_00282","","NFMMKAFD_00289","",""
"group_2106","yycB","putative transporter YycB","2","2","1","1","1432","256","4","","1163","1163","1163","","CCHHBCMG_00283","","NFMMKAFD_00290","",""
"group_2107","murG","UDP-N-acetylglucosamine--N-acetylmuramyl-(pentapeptide) pyrophosphoryl-undecaprenol N-acetylglucosamine transferase","2","2","1","1","1431","256","6","","1028","1028","1028","","CCHHBCMG_00284","","NFMMKAFD_00291","",""
"group_2108","ftsW","putative peptidoglycan glycosyltransferase FtsW","2","2","1","1","1430","256","5","","1163","1163","1163","","CCHHBCMG_00285","","NFMMKAFD_00292","",""
"group_2109","","hypothetical protein","2","2","1","1","1421","196","25","","644","644","644","","CCHHBCMG_00294","","NFMMKAFD_00301","",""
"group_2110","","hypothetical protein","2","2","1","1","1420","196","26","","575","575","575","","CCHHBCMG_00295","","NFMMKAFD_00302","",""
"group_2111","","hypothetical protein","2","2","1","1","1418","196","28","","515","515","515","","CCHHBCMG_00297","","NFMMKAFD_00304","",""
"group_2112","","hypothetical protein","2","2","1","1","1417","196","29","","317","317","317","","CCHHBCMG_00298","","NFMMKAFD_00305","",""
"group_2113","atoC","Regulatory protein AtoC","2","2","1","1","1416","196","30","","1301","1301","1301","","CCHHBCMG_00299","","NFMMKAFD_00306","",""
"group_2114","asd","Aspartate-semialdehyde dehydrogenase","2","2","1","1","1415","196","31","","1031","1031","1031","","CCHHBCMG_00300","","NFMMKAFD_00307","",""
"group_2115","","hypothetical protein","2","2","1","1","1414","196","32","","506","506","506","","CCHHBCMG_00301","","NFMMKAFD_00308","",""
"group_2116","","hypothetical protein","2","2","1","1","1412","196","34","","434","434","434","","CCHHBCMG_00303","","NFMMKAFD_00310","",""
"group_2117","","Leu/Ile/Val-binding protein ","2","2","1","1","1411","196","35","","1115","1115","1115","","CCHHBCMG_00304","","NFMMKAFD_00311","",""
"group_2118","","Leu/Ile/Val-binding protein ","2","2","1","1","1410","196","36","","1109","1109","1109","","CCHHBCMG_00305","","NFMMKAFD_00312","",""
"group_2119","livH","High-affinity branched-chain amino acid transport system permease protein LivH","2","2","1","1","1409","196","37","","896","896","896","","CCHHBCMG_00306","","NFMMKAFD_00313","",""
"group_2120","","hypothetical protein","2","2","1","1","1408","196","24","","1052","1052","1052","","CCHHBCMG_00307","","NFMMKAFD_00314","",""
"group_2121","lptB_1","Lipopolysaccharide export system ATP-binding protein LptB","2","2","1","1","1407","196","23","","770","770","770","","CCHHBCMG_00308","","NFMMKAFD_00315","",""
"group_2122","livF","High-affinity branched-chain amino acid transport ATP-binding protein LivF","2","2","1","1","1406","196","22","","695","695","695","","CCHHBCMG_00309","","NFMMKAFD_00316","",""
"group_2123","ccsA","Cytochrome c biogenesis protein CcsA","2","2","1","1","1405","196","21","","3245","3245","3245","","CCHHBCMG_00310","","NFMMKAFD_00317","",""
"group_2124","","hypothetical protein","2","2","1","1","1404","196","20","","464","464","464","","CCHHBCMG_00311","","NFMMKAFD_00318","",""
"group_2125","","hypothetical protein","2","2","1","1","1403","196","19","","1247","1247","1247","","CCHHBCMG_00312","","NFMMKAFD_00319","",""
"group_2126","","hypothetical protein","2","2","1","1","1402","196","18","","1274","1274","1274","","CCHHBCMG_00313","","NFMMKAFD_00320","",""
"group_2127","","hypothetical protein","2","2","1","1","1400","196","16","","860","860","860","","CCHHBCMG_00315","","NFMMKAFD_00322","",""
"group_2128","","hypothetical protein","2","2","1","1","1399","196","15","","173","173","173","","CCHHBCMG_00316","","NFMMKAFD_00323","",""
"group_2129","","hypothetical protein","2","2","1","1","1398","196","14","","764","764","764","","CCHHBCMG_00317","","NFMMKAFD_00324","",""
"group_2130","","hypothetical protein","2","2","1","1","1397","196","13","","869","869","869","","CCHHBCMG_00318","","NFMMKAFD_00325","",""
"group_2131","","hypothetical protein","2","2","1","1","1396","196","12","","1250","1250","1250","","CCHHBCMG_00319","","NFMMKAFD_00326","",""
"group_2132","","hypothetical protein","2","2","1","1","1395","196","11","","674","674","674","","CCHHBCMG_00320","","NFMMKAFD_00327","",""
"group_2133","","hypothetical protein","2","2","1","1","1394","196","10","","761","773","767","","CCHHBCMG_00321","","NFMMKAFD_00328","",""
"group_2139","","hypothetical protein","2","2","1","1","1390","196","5","","611","611","611","","CCHHBCMG_00328","","NFMMKAFD_00330","",""
"murD2","","UDP-N-acetylmuramoyl-L-alanine--L-glutamate ligase","2","2","1","1","403","291","1","","1208","1208","1208","","CCHHBCMG_00331","","NFMMKAFD_00333","",""
"group_2141","mraY","Phospho-N-acetylmuramoyl-pentapeptide-transferase","2","2","1","1","404","291","3","","1061","1061","1061","","CCHHBCMG_00332","","NFMMKAFD_00334","",""
"group_2142","gpmI","2,3-bisphosphoglycerate-independent phosphoglycerate mutase","2","2","1","1","405","291","2","","1478","1478","1478","","CCHHBCMG_00333","","NFMMKAFD_00335","",""
"group_2147","tenA","Aminopyrimidine aminohydrolase","2","2","1","1","420","246","8","","665","665","665","","CCHHBCMG_00342","","NFMMKAFD_00341","",""
"group_2148","fabF","3-oxoacyl-[acyl-carrier-protein] synthase 2","2","2","1","1","425","241","1","","1214","1214","1214","","CCHHBCMG_00344","","NFMMKAFD_00343","",""
"group_2149","accA","Acetyl-coenzyme A carboxylase carboxyl transferase subunit alpha","2","2","1","1","426","241","2","","938","938","938","","CCHHBCMG_00345","","NFMMKAFD_00344","",""
"group_2150","","hypothetical protein","2","2","1","1","429","241","6","","596","596","596","","CCHHBCMG_00347","","NFMMKAFD_00348","",""
"group_2151","","hypothetical protein","2","2","1","1","430","241","8","","1097","1097","1097","","CCHHBCMG_00348","","NFMMKAFD_00349","",""
"group_2152","rpe","Ribulose-phosphate 3-epimerase","2","2","1","1","379","222","1","","647","647","647","","CCHHBCMG_00351","","NFMMKAFD_00352","",""
"group_2153","bzaF","5-hydroxybenzimidazole synthase","2","2","1","1","381","222","3","","1292","1292","1292","","CCHHBCMG_00353","","NFMMKAFD_00354","",""
"group_2154","","hypothetical protein","2","2","1","1","382","222","4","","518","518","518","","CCHHBCMG_00354","","NFMMKAFD_00355","",""
"group_2155","","hypothetical protein","2","2","1","1","383","222","5","","527","527","527","","CCHHBCMG_00355","","NFMMKAFD_00356","",""
"group_2156","","hypothetical protein","2","2","1","1","384","222","6","","959","959","959","","CCHHBCMG_00356","","NFMMKAFD_00357","",""
"group_2157","","hypothetical protein","2","2","1","1","385","222","7","","650","650","650","","CCHHBCMG_00357","","NFMMKAFD_00358","",""
"group_2158","miaB","tRNA-2-methylthio-N(6)-dimethylallyladenosine synthase","2","2","1","1","386","222","8","","1301","1301","1301","","CCHHBCMG_00358","","NFMMKAFD_00359","",""
"group_2159","","hypothetical protein","2","2","1","1","387","222","9","","242","242","242","","CCHHBCMG_00359","","NFMMKAFD_00360","",""
"group_2160","nusA","Transcription termination/antitermination protein NusA","2","2","1","1","388","222","10","","1088","1088","1088","","CCHHBCMG_00360","","NFMMKAFD_00361","",""
"group_2161","yecS","L-cystine transport system permease protein YecS","2","2","1","1","449","242","3","","701","701","701","","CCHHBCMG_00367","","NFMMKAFD_00368","",""
"glnQ_1","","Glutamine transport ATP-binding protein GlnQ","2","2","1","1","451","242","1","","737","737","737","","CCHHBCMG_00369","","NFMMKAFD_00370","",""
"group_2163","rplA","50S ribosomal protein L1","2","2","1","1","378","341","1","","701","701","701","","CCHHBCMG_00380","","NFMMKAFD_00381","",""
"group_2169","iolG","Inositol 2-dehydrogenase/D-chiro-inositol 3-dehydrogenase","2","2","1","1","351","5","34","","836","836","836","","CCHHBCMG_00398","","NFMMKAFD_00398","",""
"group_2170","alaS","Alanine--tRNA ligase","2","2","1","1","353","5","36","","2528","2528","2528","","CCHHBCMG_00400","","NFMMKAFD_00400","",""
"group_2171","maf","dTTP/UTP pyrophosphatase","2","2","1","1","354","5","37","","551","551","551","","CCHHBCMG_00401","","NFMMKAFD_00401","",""
"group_2172","pbpF","Penicillin-binding protein 1F","2","2","1","1","355","5","38","","1931","1931","1931","","CCHHBCMG_00402","","NFMMKAFD_00402","",""
"group_2173","clpB","Chaperone protein ClpB","2","2","1","1","356","5","39","","2573","2573","2573","","CCHHBCMG_00403","","NFMMKAFD_00403","",""
"ctpB","","Carboxy-terminal processing protease CtpB","2","2","1","1","358","5","41","","1319","1319","1319","","CCHHBCMG_00405","","NFMMKAFD_00405","",""
"group_2175","purC","Phosphoribosylaminoimidazole-succinocarboxamide synthase","2","2","1","1","359","5","42","","710","710","710","","CCHHBCMG_00406","","NFMMKAFD_00406","",""
"group_2176","purS","Phosphoribosylformylglycinamidine synthase subunit PurS","2","2","1","1","360","5","43","","245","245","245","","CCHHBCMG_00407","","NFMMKAFD_00407","",""
"group_2177","","hypothetical protein","2","2","1","1","362","5","45","","1196","1196","1196","","CCHHBCMG_00409","","NFMMKAFD_00409","",""
"group_2178","","hypothetical protein","2","2","1","1","363","5","46","","692","692","692","","CCHHBCMG_00410","","NFMMKAFD_00410","",""
"group_2179","crcB","Putative fluoride ion transporter CrcB","2","2","1","1","364","5","47","","368","368","368","","CCHHBCMG_00411","","NFMMKAFD_00411","",""
"group_2180","","hypothetical protein","2","2","1","1","370","250","1","","317","317","317","","CCHHBCMG_00413","","NFMMKAFD_00413","",""
"penA","","putative peptidoglycan D,D-transpeptidase PenA","2","2","1","1","511","250","3","","1808","1808","1808","","CCHHBCMG_00418","","NFMMKAFD_00417","",""
"group_2184","fliE","Flagellar hook-basal body complex protein FliE","2","2","1","1","512","250","2","","296","296","296","","CCHHBCMG_00419","","NFMMKAFD_00418","",""
"group_2185","mltG","Endolytic murein transglycosylase","2","2","1","1","515","277","4","","779","779","779","","CCHHBCMG_00422","","NFMMKAFD_00421","",""
"group_2186","","hypothetical protein","2","2","1","1","516","277","3","","2570","2570","2570","","CCHHBCMG_00423","","NFMMKAFD_00422","",""
"group_2187","icd2","Isocitrate dehydrogenase [NADP] 2","2","2","1","1","517","277","2","","2204","2204","2204","","CCHHBCMG_00424","","NFMMKAFD_00423","",""
"group_2188","mdh","Malate dehydrogenase","2","2","1","1","518","277","1","","902","902","902","","CCHHBCMG_00425","","NFMMKAFD_00424","",""
"group_2189","","hypothetical protein","2","2","1","1","528","259","6","","263","263","263","","CCHHBCMG_00432","","NFMMKAFD_00431","",""
"group_2190","","hypothetical protein","2","2","1","1","529","259","5","","536","536","536","","CCHHBCMG_00433","","NFMMKAFD_00432","",""
"group_2191","ispB","Octaprenyl diphosphate synthase","2","2","1","1","530","259","4","","893","893","893","","CCHHBCMG_00434","","NFMMKAFD_00433","",""
"group_2192","hemA","Glutamyl-tRNA reductase","2","2","1","1","531","259","3","","1298","1298","1298","","CCHHBCMG_00435","","NFMMKAFD_00434","",""
"group_2193","proS","Proline--tRNA ligase","2","2","1","1","532","259","2","","1706","1706","1706","","CCHHBCMG_00436","","NFMMKAFD_00435","",""
"group_2194","","hypothetical protein","2","2","1","1","533","259","1","","389","389","389","","CCHHBCMG_00437","","NFMMKAFD_00436","",""
"group_2195","","hypothetical protein","2","2","1","1","1796","2","1","","692","692","692","","CCHHBCMG_00445","","NFMMKAFD_00444","",""
"group_2196","","hypothetical protein","2","2","1","1","1797","2","2","","953","953","953","","CCHHBCMG_00446","","NFMMKAFD_00445","",""
"group_2197","","hypothetical protein","2","2","1","1","1798","2","3","","1004","1004","1004","","CCHHBCMG_00447","","NFMMKAFD_00446","",""
"group_2198","","hypothetical protein","2","2","1","1","1799","2","4","","1286","1286","1286","","CCHHBCMG_00448","","NFMMKAFD_00447","",""
"group_2199","","4-sulfomuconolactone hydrolase","2","2","1","1","1800","2","5","","797","797","797","","CCHHBCMG_00449","","NFMMKAFD_00448","",""
"group_2200","","hypothetical protein","2","2","1","1","1801","2","6","","1085","1085","1085","","CCHHBCMG_00450","","NFMMKAFD_00449","",""
"group_2201","proA","Gamma-glutamyl phosphate reductase","2","2","1","1","1802","2","112","","1232","1232","1232","","CCHHBCMG_00451","","NFMMKAFD_00450","",""
"group_2202","","Ferredoxin--NADP reductase","2","2","1","1","1803","2","111","","935","935","935","","CCHHBCMG_00452","","NFMMKAFD_00451","",""
"group_2203","mepA","Multidrug export protein MepA","2","2","1","1","1804","2","110","","1328","1328","1328","","CCHHBCMG_00453","","NFMMKAFD_00452","",""
"group_2204","","hypothetical protein","2","2","1","1","1805","2","109","","929","929","929","","CCHHBCMG_00454","","NFMMKAFD_00453","",""
"group_2205","dnaB","Replicative DNA helicase","2","2","1","1","1806","2","108","","1376","1376","1376","","CCHHBCMG_00455","","NFMMKAFD_00454","",""
"group_2206","","hypothetical protein","2","2","1","1","1807","2","107","","560","560","560","","CCHHBCMG_00456","","NFMMKAFD_00455","",""
"group_2210","","hypothetical protein","2","2","1","1","1812","2","102","","1067","1067","1067","","CCHHBCMG_00461","","NFMMKAFD_00460","",""
"group_2211","ribBA","Riboflavin biosynthesis protein RibBA","2","2","1","1","1814","2","98","","1019","1019","1019","","CCHHBCMG_00465","","NFMMKAFD_00464","",""
"group_2212","yqeY","putative protein YqeY","2","2","1","1","1815","2","97","","443","443","443","","CCHHBCMG_00466","","NFMMKAFD_00465","",""
"ilvI","","Acetolactate synthase isozyme 3 large subunit","2","2","1","1","1816","2","96","","1700","1700","1700","","CCHHBCMG_00467","","NFMMKAFD_00466","",""
"group_2214","ilvH","Acetolactate synthase isozyme 3 small subunit","2","2","1","1","1817","2","95","","464","464","464","","CCHHBCMG_00468","","NFMMKAFD_00467","",""
"group_2215","lpxD","UDP-3-O-acylglucosamine N-acyltransferase","2","2","1","1","1818","2","94","","965","965","965","","CCHHBCMG_00469","","NFMMKAFD_00468","",""
"group_2216","queA","S-adenosylmethionine:tRNA ribosyltransferase-isomerase","2","2","1","1","1819","2","93","","1028","1028","1028","","CCHHBCMG_00470","","NFMMKAFD_00469","",""
"group_2217","tatC","Sec-independent protein translocase protein TatC","2","2","1","1","1820","2","92","","737","737","737","","CCHHBCMG_00471","","NFMMKAFD_00470","",""
"group_2218","tatB","Sec-independent protein translocase protein TatB","2","2","1","1","1821","2","91","","416","416","416","","CCHHBCMG_00472","","NFMMKAFD_00471","",""
"group_2219","hemW","Heme chaperone HemW","2","2","1","1","1822","2","90","","1067","1067","1067","","CCHHBCMG_00473","","NFMMKAFD_00472","",""
"group_2220","rppH","RNA pyrophosphohydrolase","2","2","1","1","1823","2","89","","470","470","470","","CCHHBCMG_00474","","NFMMKAFD_00473","",""
"group_2221","","Aspartate kinase","2","2","1","1","1824","2","88","","1202","1202","1202","","CCHHBCMG_00475","","NFMMKAFD_00474","",""
"group_2222","","hypothetical protein","2","2","1","1","1825","2","87","","536","536","536","","CCHHBCMG_00476","","NFMMKAFD_00475","",""
"group_2223","ligA_1","DNA ligase","2","2","1","1","1829","2","37","","1943","1943","1943","","CCHHBCMG_00479","","NFMMKAFD_00478","",""
"group_2224","tlyA","16S/23S rRNA (cytidine-2'-O)-methyltransferase TlyA","2","2","1","1","1831","2","35","","761","761","761","","CCHHBCMG_00481","","NFMMKAFD_00480","",""
"group_2225","","hypothetical protein","2","2","1","1","1836","2","30","","632","632","632","","CCHHBCMG_00486","","NFMMKAFD_00485","",""
"group_2226","cbf2","Putative peptidyl-prolyl cis-trans isomerase Cbf2","2","2","1","1","1839","2","27","","821","821","821","","CCHHBCMG_00489","","NFMMKAFD_00488","",""
"group_2227","fba","Fructose-bisphosphate aldolase","2","2","1","1","1840","2","26","","1064","1064","1064","","CCHHBCMG_00490","","NFMMKAFD_00489","",""
"group_2228","","hypothetical protein","2","2","1","1","1841","2","25","","1442","1442","1442","","CCHHBCMG_00491","","NFMMKAFD_00490","",""
"group_2229","pal_1","Peptidoglycan-associated lipoprotein","2","2","1","1","1842","2","24","","953","953","953","","CCHHBCMG_00492","","NFMMKAFD_00491","",""
"group_2230","","hypothetical protein","2","2","1","1","1843","2","23","","875","875","875","","CCHHBCMG_00493","","NFMMKAFD_00492","",""
"group_2231","","hypothetical protein","2","2","1","1","1844","2","22","","1343","1343","1343","","CCHHBCMG_00494","","NFMMKAFD_00493","",""
"group_2232","dsbD","Thiol:disulfide interchange protein DsbD","2","2","1","1","1846","2","20","","1703","1703","1703","","CCHHBCMG_00496","","NFMMKAFD_00495","",""
"hipO_1","","Hippurate hydrolase","2","2","1","1","1849","2","16","","1190","1190","1190","","CCHHBCMG_00500","","NFMMKAFD_00497","",""
"group_2235","macA","Macrolide export protein MacA","2","2","1","1","1850","2","15","","1172","1172","1172","","CCHHBCMG_00501","","NFMMKAFD_00498","",""
"group_2236","macB","Macrolide export ATP-binding/permease protein MacB","2","2","1","1","1851","2","14","","1925","1925","1925","","CCHHBCMG_00502","","NFMMKAFD_00499","",""
"group_2237","tdeA","Toxin and drug export protein A","2","2","1","1","1852","2","13","","1370","1370","1370","","CCHHBCMG_00503","","NFMMKAFD_00500","",""
"group_2238","","hypothetical protein","2","2","1","1","1855","2","10","","1376","1376","1376","","CCHHBCMG_00506","","NFMMKAFD_00503","",""
"group_2239","ftn","Bacterial non-heme ferritin","2","2","1","1","1856","2","9","","503","503","503","","CCHHBCMG_00507","","NFMMKAFD_00504","",""
"group_2240","","hypothetical protein","2","2","1","1","1877","346","1","","611","611","611","","CCHHBCMG_00512","","NFMMKAFD_00509","",""
"group_2241","ilvC","Ketol-acid reductoisomerase (NADP(+))","2","2","1","1","1916","235","4","","1022","1022","1022","","CCHHBCMG_00525","","NFMMKAFD_00523","",""
"group_2242","","hypothetical protein","2","2","1","1","1918","235","8","","773","773","773","","CCHHBCMG_00527","","NFMMKAFD_00525","",""
"group_2243","yqgF","Putative pre-16S rRNA nuclease","2","2","1","1","1919","235","7","","383","383","383","","CCHHBCMG_00528","","NFMMKAFD_00526","",""
"group_2244","rsmF","Ribosomal RNA small subunit methyltransferase F","2","2","1","1","1920","235","6","","878","878","878","","CCHHBCMG_00529","","NFMMKAFD_00527","",""
"group_2245","adk","Adenylate kinase","2","2","1","1","1912","206","21","","578","578","578","","CCHHBCMG_00532","","NFMMKAFD_00530","",""
"group_2246","aspS","Aspartate--tRNA(Asp/Asn) ligase","2","2","1","1","1911","206","22","","1751","1751","1751","","CCHHBCMG_00533","","NFMMKAFD_00531","",""
"group_2247","pleD","Response regulator PleD","2","2","1","1","1908","206","19","","1244","1244","1244","","CCHHBCMG_00536","","NFMMKAFD_00534","",""
"group_2248","ycfH","putative metal-dependent hydrolase YcfH","2","2","1","1","1907","206","18","","815","815","815","","CCHHBCMG_00537","","NFMMKAFD_00535","",""
"group_2249","","hypothetical protein","2","2","1","1","1906","206","17","","1118","1118","1118","","CCHHBCMG_00538","","NFMMKAFD_00536","",""
"group_2250","rlpA","Endolytic peptidoglycan transglycosylase RlpA","2","2","1","1","1905","206","16","","827","830","828","","CCHHBCMG_00539","","NFMMKAFD_00537","",""
"kdsC","","3-deoxy-D-manno-octulosonate 8-phosphate phosphatase KdsC","2","2","1","1","1904","206","15","","488","488","488","","CCHHBCMG_00540","","NFMMKAFD_00538","",""
"group_2252","","hypothetical protein","2","2","1","1","1903","206","14","","515","515","515","","CCHHBCMG_00541","","NFMMKAFD_00539","",""
"group_2253","lptA","Lipopolysaccharide export system protein LptA","2","2","1","1","1902","206","13","","461","461","461","","CCHHBCMG_00542","","NFMMKAFD_00540","",""
"group_2254","engB","putative GTP-binding protein EngB","2","2","1","1","1901","206","12","","596","596","596","","CCHHBCMG_00543","","NFMMKAFD_00541","",""
"group_2255","","hypothetical protein","2","2","1","1","1900","206","11","","494","494","494","","CCHHBCMG_00544","","NFMMKAFD_00542","",""
"group_2256","mrdA","Peptidoglycan D,D-transpeptidase MrdA","2","2","1","1","1899","206","10","","1805","1805","1805","","CCHHBCMG_00545","","NFMMKAFD_00543","",""
"group_2258","","hypothetical protein","2","2","1","1","314","206","6","","548","548","548","","CCHHBCMG_00548","","NFMMKAFD_00549","",""
"group_2259","","hypothetical protein","2","2","1","1","315","206","5","","1106","1106","1106","","CCHHBCMG_00549","","NFMMKAFD_00550","",""
"group_2260","","putative protein","2","2","1","1","309","279","5","","284","284","284","","CCHHBCMG_00555","","NFMMKAFD_00556","",""
"group_2262","rpoN","RNA polymerase sigma-54 factor","2","2","1","1","308","279","2","","1250","1250","1250","","CCHHBCMG_00558","","NFMMKAFD_00559","",""
"group_2266","","hypothetical protein","2","2","1","1","1965","265","1","","230","230","230","","CCHHBCMG_00573","","NFMMKAFD_00570","",""
"group_2267","","hypothetical protein","2","2","1","1","1966","265","5","","242","242","242","","CCHHBCMG_00574","","NFMMKAFD_00571","",""
"group_2268","","hypothetical protein","2","2","1","1","1967","265","4","","437","437","437","","CCHHBCMG_00575","","NFMMKAFD_00572","",""
"group_2269","priA","Primosomal protein N'","2","2","1","1","1968","265","3","","1853","1853","1853","","CCHHBCMG_00576","","NFMMKAFD_00573","",""
"group_2270","","hypothetical protein","2","2","1","1","1969","265","2","","1394","1394","1394","","CCHHBCMG_00577","","NFMMKAFD_00574","",""
"group_2271","flgH","Flagellar L-ring protein","2","2","1","1","300","239","1","","698","698","698","","CCHHBCMG_00579","","NFMMKAFD_00576","",""
"group_2272","","hypothetical protein","2","2","1","1","299","239","2","","1502","1502","1502","","CCHHBCMG_00580","","NFMMKAFD_00577","",""
"group_2273","","hypothetical protein","2","2","1","1","296","239","8","","491","491","491","","CCHHBCMG_00583","","NFMMKAFD_00580","",""
"group_2274","","hypothetical protein","2","2","1","1","295","239","7","","938","938","938","","CCHHBCMG_00584","","NFMMKAFD_00581","",""
"group_2275","rsmH","Ribosomal RNA small subunit methyltransferase H","2","2","1","1","294","239","6","","932","932","932","","CCHHBCMG_00585","","NFMMKAFD_00582","",""
"group_2276","ppiD","Peptidyl-prolyl cis-trans isomerase D","2","2","1","1","293","239","5","","1490","1490","1490","","CCHHBCMG_00586","","NFMMKAFD_00583","",""
"group_2277","flgG_1","Flagellar basal-body rod protein FlgG","2","2","1","1","283","345","1","","812","812","812","","CCHHBCMG_00589","","NFMMKAFD_00586","",""
"group_2278","","hypothetical protein","2","2","1","1","279","226","10","","695","695","695","","CCHHBCMG_00592","","NFMMKAFD_00589","",""
"rlhA","","23S rRNA 5-hydroxycytidine synthase","2","2","1","1","278","226","9","","1253","1253","1253","","CCHHBCMG_00593","","NFMMKAFD_00590","",""
"group_2280","purE","N5-carboxyaminoimidazole ribonucleotide mutase","2","2","1","1","277","226","8","","494","494","494","","CCHHBCMG_00594","","NFMMKAFD_00591","",""
"group_2281","","hypothetical protein","2","2","1","1","276","226","7","","536","536","536","","CCHHBCMG_00595","","NFMMKAFD_00592","",""
"group_2282","glyQ","Glycine--tRNA ligase alpha subunit","2","2","1","1","275","226","6","","863","863","863","","CCHHBCMG_00596","","NFMMKAFD_00593","",""
"group_2283","","GTP cyclohydrolase 1 type 2","2","2","1","1","274","226","5","","725","725","725","","CCHHBCMG_00597","","NFMMKAFD_00594","",""
"group_2284","","hypothetical protein","2","2","1","1","271","226","2","","752","752","752","","CCHHBCMG_00600","","NFMMKAFD_00597","",""
"group_2285","ffh","Signal recognition particle protein","2","2","1","1","270","226","1","","1337","1337","1337","","CCHHBCMG_00601","","NFMMKAFD_00598","",""
"group_2286","","hypothetical protein","2","2","1","1","217","234","1","","242","242","242","","CCHHBCMG_00603","","NFMMKAFD_00600","",""
"group_2287","rimM","Ribosome maturation factor RimM","2","2","1","1","216","234","9","","539","539","539","","CCHHBCMG_00604","","NFMMKAFD_00601","",""
"group_2288","trmD","tRNA (guanine-N(1)-)-methyltransferase","2","2","1","1","215","234","8","","704","704","704","","CCHHBCMG_00605","","NFMMKAFD_00602","",""
"group_2289","rplS","50S ribosomal protein L19","2","2","1","1","214","234","7","","356","356","356","","CCHHBCMG_00606","","NFMMKAFD_00603","",""
"group_2290","hiuH","5-hydroxyisourate hydrolase","2","2","1","1","213","234","6","","413","413","413","","CCHHBCMG_00607","","NFMMKAFD_00604","",""
"group_2291","aroH","Phospho-2-dehydro-3-deoxyheptonate aldolase","2","2","1","1","212","234","5","","1340","1340","1340","","CCHHBCMG_00608","","NFMMKAFD_00605","",""
"group_2292","","putative protein","2","2","1","1","211","234","4","","329","329","329","","CCHHBCMG_00609","","NFMMKAFD_00606","",""
"group_2293","dnaE","DNA polymerase III subunit alpha","2","2","1","1","210","234","3","","3602","3602","3602","","CCHHBCMG_00610","","NFMMKAFD_00607","",""
"group_2294","","Pyridoxal phosphate homeostasis protein","2","2","1","1","209","234","2","","632","632","632","","CCHHBCMG_00611","","NFMMKAFD_00608","",""
"group_2295","","hypothetical protein","2","2","1","1","248","293","3","","470","470","470","","CCHHBCMG_00613","","NFMMKAFD_00610","",""
"group_2297","hisJ","putative histidine-binding protein","2","2","1","1","227","34","9","","755","755","755","","CCHHBCMG_00621","","NFMMKAFD_00624","",""
"group_2299","","hypothetical protein","2","2","1","1","1203","220","6","","899","899","899","","CCHHBCMG_00625","","NFMMKAFD_01843","",""
"group_2300","","hypothetical protein","2","2","1","1","1204","220","5","","1268","1268","1268","","CCHHBCMG_00626","","NFMMKAFD_01844","",""
"group_2301","","hypothetical protein","2","2","1","1","1206","220","3","","359","359","359","","CCHHBCMG_00628","","NFMMKAFD_01846","",""
"group_2302","","hypothetical protein","2","2","1","1","1207","220","2","","587","587","587","","CCHHBCMG_00629","","NFMMKAFD_01847","",""
"group_2303","","hypothetical protein","2","2","1","1","1208","220","1","","359","359","359","","CCHHBCMG_00630","","NFMMKAFD_01848","",""
"group_2304","","hypothetical protein","2","2","1","1","1210","194","7","","317","317","317","","CCHHBCMG_00632","","NFMMKAFD_01850","",""
"group_2305","","hypothetical protein","2","2","1","1","1211","194","8","","1511","1511","1511","","CCHHBCMG_00633","","NFMMKAFD_01851","",""
"group_2306","","hypothetical protein","2","2","1","1","1212","194","9","","509","509","509","","CCHHBCMG_00634","","NFMMKAFD_01852","",""
"group_2309","","hypothetical protein","2","2","1","1","1217","194","14","","3494","3494","3494","","CCHHBCMG_00639","","NFMMKAFD_01696","",""
"group_2310","","hypothetical protein","2","2","1","1","1218","194","16","","1286","1286","1286","","CCHHBCMG_00640","","NFMMKAFD_01697","",""
"group_2311","","hypothetical protein","2","2","1","1","1224","194","21","","158","158","158","","CCHHBCMG_00646","","NFMMKAFD_01703","",""
"group_2314","","hypothetical protein","2","2","1","1","1226","194","23","","227","227","227","","CCHHBCMG_00649","","NFMMKAFD_01705","",""
"group_2317","","hypothetical protein","2","2","1","1","1230","194","27","","116","116","116","","CCHHBCMG_00653","","NFMMKAFD_01710","",""
"group_2318","","hypothetical protein","2","2","1","1","1231","194","28","","194","194","194","","CCHHBCMG_00654","","NFMMKAFD_01711","",""
"group_2319","","hypothetical protein","2","2","1","1","1232","194","29","","230","230","230","","CCHHBCMG_00655","","NFMMKAFD_01712","",""
"group_2320","","hypothetical protein","2","2","1","1","1233","194","30","","260","260","260","","CCHHBCMG_00656","","NFMMKAFD_01713","",""
"xerH_2","","Tyrosine recombinase XerH","2","2","1","1","1234","194","31","","599","599","599","","CCHHBCMG_00657","","NFMMKAFD_01714","",""
"group_2322","","hypothetical protein","2","2","1","1","1235","194","32","","350","350","350","","CCHHBCMG_00658","","NFMMKAFD_01715","",""
"group_2323","","hypothetical protein","2","2","1","1","1236","194","33","","107","107","107","","CCHHBCMG_00659","","NFMMKAFD_01716","",""
"group_2324","","hypothetical protein","2","2","1","1","1237","194","34","","767","767","767","","CCHHBCMG_00661","","NFMMKAFD_01718","",""
"group_2325","tgt","Queuine tRNA-ribosyltransferase","2","2","1","1","1238","194","81","","1121","1121","1121","","CCHHBCMG_00662","","NFMMKAFD_01719","",""
"group_2326","","hypothetical protein","2","2","1","1","1239","194","80","","1400","1400","1400","","CCHHBCMG_00663","","NFMMKAFD_01720","",""
"group_2327","aroB","3-dehydroquinate synthase","2","2","1","1","1240","194","79","","1055","1055","1055","","CCHHBCMG_00664","","NFMMKAFD_01721","",""
"group_2328","","hypothetical protein","2","2","1","1","1241","194","78","","1571","1571","1571","","CCHHBCMG_00665","","NFMMKAFD_01722","",""
"group_2329","mtaB","Threonylcarbamoyladenosine tRNA methylthiotransferase MtaB","2","2","1","1","1242","194","77","","1250","1250","1250","","CCHHBCMG_00666","","NFMMKAFD_01723","",""
"group_2330","","hypothetical protein","2","2","1","1","1244","194","75","","416","416","416","","CCHHBCMG_00668","","NFMMKAFD_01725","",""
"group_2331","","hypothetical protein","2","2","1","1","1245","194","74","","518","518","518","","CCHHBCMG_00669","","NFMMKAFD_01726","",""
"group_2332","","hypothetical protein","2","2","1","1","1246","194","73","","512","512","512","","CCHHBCMG_00670","","NFMMKAFD_01727","",""
"group_2333","rpoD","RNA polymerase sigma factor RpoD","2","2","1","1","1247","194","72","","1868","1868","1868","","CCHHBCMG_00671","","NFMMKAFD_01728","",""
"group_2334","cysL","HTH-type transcriptional regulator CysL","2","2","1","1","1248","194","71","","881","881","881","","CCHHBCMG_00672","","NFMMKAFD_01729","",""
"group_2335","","hypothetical protein","2","2","1","1","1249","194","70","","1097","1097","1097","","CCHHBCMG_00673","","NFMMKAFD_01730","",""
"group_2336","","hypothetical protein","2","2","1","1","1250","194","69","","572","572","572","","CCHHBCMG_00674","","NFMMKAFD_01731","",""
"group_2337","rsmG","Ribosomal RNA small subunit methyltransferase G","2","2","1","1","1251","194","68","","566","566","566","","CCHHBCMG_00675","","NFMMKAFD_01732","",""
"group_2338","ribA","GTP cyclohydrolase-2","2","2","1","1","1252","194","67","","560","560","560","","CCHHBCMG_00676","","NFMMKAFD_01733","",""
"group_2339","hemB","Delta-aminolevulinic acid dehydratase","2","2","1","1","1253","194","66","","983","983","983","","CCHHBCMG_00677","","NFMMKAFD_01734","",""
"group_2340","","hypothetical protein","2","2","1","1","1255","194","64","","491","491","491","","CCHHBCMG_00679","","NFMMKAFD_01736","",""
"group_2341","hemN","Oxygen-independent coproporphyrinogen III oxidase","2","2","1","1","1256","194","63","","1355","1355","1355","","CCHHBCMG_00680","","NFMMKAFD_01737","",""
"group_2342","lutA_2","Lactate utilization protein A","2","2","1","1","1257","194","62","","1265","1265","1265","","CCHHBCMG_00681","","NFMMKAFD_01738","",""
"group_2343","","hypothetical protein","2","2","1","1","1258","194","61","","758","758","758","","CCHHBCMG_00682","","NFMMKAFD_01739","",""
"group_2344","","hypothetical protein","2","2","1","1","1259","194","60","","206","206","206","","CCHHBCMG_00683","","NFMMKAFD_01740","",""
"group_2345","","hypothetical protein","2","2","1","1","1260","194","59","","614","614","614","","CCHHBCMG_00684","","NFMMKAFD_01741","",""
"hipO_2","","Hippurate hydrolase","2","2","1","1","1261","194","58","","1151","1151","1151","","CCHHBCMG_00685","","NFMMKAFD_01742","",""
"group_2347","","hypothetical protein","2","2","1","1","1262","194","57","","740","740","740","","CCHHBCMG_00686","","NFMMKAFD_01743","",""
"group_2348","","hypothetical protein","2","2","1","1","1263","194","56","","1118","1118","1118","","CCHHBCMG_00687","","NFMMKAFD_01744","",""
"group_2349","glnH","ABC transporter glutamine-binding protein GlnH","2","2","1","1","1264","194","55","","839","839","839","","CCHHBCMG_00688","","NFMMKAFD_01745","",""
"group_2350","proP_3","Proline/betaine transporter","2","2","1","1","1265","194","54","","1247","1247","1247","","CCHHBCMG_00689","","NFMMKAFD_01746","",""
"group_2351","pepD","Cytosol non-specific dipeptidase","2","2","1","1","1266","194","53","","1268","1268","1268","","CCHHBCMG_00690","","NFMMKAFD_01747","",""
"group_2352","","hypothetical protein","2","2","1","1","1267","194","52","","527","527","527","","CCHHBCMG_00691","","NFMMKAFD_01748","",""
"group_2353","","hypothetical protein","2","2","1","1","1268","194","51","","173","173","173","","CCHHBCMG_00692","","NFMMKAFD_01749","",""
"fapR","","Transcription factor FapR","2","2","1","1","1269","194","50","","578","578","578","","CCHHBCMG_00693","","NFMMKAFD_01750","",""
"group_2355","cmoB","tRNA U34 carboxymethyltransferase","2","2","1","1","1270","194","49","","875","875","875","","CCHHBCMG_00694","","NFMMKAFD_01751","",""
"group_2360","ybgC","Acyl-CoA thioesterase YbgC","2","2","1","1","1277","194","39","","374","374","374","","CCHHBCMG_00699","","NFMMKAFD_01758","",""
"group_2361","","hypothetical protein","2","2","1","1","1278","194","37","","1190","1190","1190","","CCHHBCMG_00700","","NFMMKAFD_01759","",""
"group_2362","","hypothetical protein","2","2","1","1","1279","194","36","","608","608","608","","CCHHBCMG_00701","","NFMMKAFD_01760","",""
"group_2363","","hypothetical protein","2","2","1","1","1280","194","35","","479","479","479","","CCHHBCMG_00702","","NFMMKAFD_01761","",""
"group_2364","rnpA","Ribonuclease P protein component","2","2","1","1","1282","197","7","","326","326","326","","CCHHBCMG_00704","","NFMMKAFD_01763","",""
"group_2365","yidD","Putative membrane protein insertion efficiency factor","2","2","1","1","1283","197","8","","371","371","371","","CCHHBCMG_00705","","NFMMKAFD_01764","",""
"group_2366","yidC","Membrane protein insertase YidC","2","2","1","1","1284","197","9","","1592","1592","1592","","CCHHBCMG_00706","","NFMMKAFD_01765","",""
"group_2367","","hypothetical protein","2","2","1","1","1285","197","10","","818","818","818","","CCHHBCMG_00707","","NFMMKAFD_01766","",""
"group_2368","mnmE","tRNA modification GTPase MnmE","2","2","1","1","1286","197","11","","1328","1328","1328","","CCHHBCMG_00708","","NFMMKAFD_01767","",""
"group_2369","purL","Phosphoribosylformylglycinamidine synthase subunit PurL","2","2","1","1","1287","197","12","","2186","2186","2186","","CCHHBCMG_00709","","NFMMKAFD_01768","",""
"djlA","","Co-chaperone protein DjlA","2","2","1","1","1288","197","13","","770","770","770","","CCHHBCMG_00710","","NFMMKAFD_01769","",""
"group_2372","fieF","Ferrous-iron efflux pump FieF","2","2","1","1","1296","197","20","","887","887","887","","CCHHBCMG_00715","","NFMMKAFD_01776","",""
"group_2373","","N-carbamoyl-D-amino acid hydrolase","2","2","1","1","1297","197","21","","872","872","872","","CCHHBCMG_00716","","NFMMKAFD_01777","",""
"group_2374","","hypothetical protein","2","2","1","1","1298","197","22","","1346","1346","1346","","CCHHBCMG_00717","","NFMMKAFD_01778","",""
"group_2375","recD2","ATP-dependent RecD-like DNA helicase","2","2","1","1","1299","197","23","","1343","1343","1343","","CCHHBCMG_00718","","NFMMKAFD_01779","",""
"group_2376","","hypothetical protein","2","2","1","1","1300","197","24","","734","734","734","","CCHHBCMG_00719","","NFMMKAFD_01780","",""
"group_2377","lolA","Outer-membrane lipoprotein carrier protein","2","2","1","1","1301","197","25","","509","509","509","","CCHHBCMG_00720","","NFMMKAFD_01781","",""
"group_2378","secA","Protein translocase subunit SecA","2","2","1","1","1302","197","26","","2588","2588","2588","","CCHHBCMG_00721","","NFMMKAFD_01782","",""
"lolC","","Lipoprotein-releasing system transmembrane protein LolC","2","2","1","1","1303","197","27","","1205","1205","1205","","CCHHBCMG_00722","","NFMMKAFD_01783","",""
"group_2380","","hypothetical protein","2","2","1","1","1304","197","28","","785","785","785","","CCHHBCMG_00723","","NFMMKAFD_01784","",""
"group_2381","","hypothetical protein","2","2","1","1","1305","197","29","","380","380","380","","CCHHBCMG_00732","","NFMMKAFD_00915","",""
"group_2382","aas","Bifunctional protein Aas","2","2","1","1","1306","197","30","","3512","3512","3512","","CCHHBCMG_00733","","NFMMKAFD_00916","",""
"group_2383","","hypothetical protein","2","2","1","1","1307","197","31","","911","911","911","","CCHHBCMG_00734","","NFMMKAFD_00917","",""
"group_2384","atpH","ATP synthase subunit c","2","2","1","1","1308","197","32","","338","338","338","","CCHHBCMG_00736","","NFMMKAFD_00919","",""
"group_2385","","hypothetical protein","2","2","1","1","1309","197","33","","1334","1334","1334","","CCHHBCMG_00737","","NFMMKAFD_00920","",""
"group_2386","","hypothetical protein","2","2","1","1","1310","197","34","","1340","1340","1340","","CCHHBCMG_00738","","NFMMKAFD_00921","",""
"group_2387","oadA","Oxaloacetate decarboxylase alpha chain","2","2","1","1","1311","197","35","","1799","1799","1799","","CCHHBCMG_00739","","NFMMKAFD_00922","",""
"group_2388","pckA","Phosphoenolpyruvate carboxykinase (ATP)","2","2","1","1","1312","197","36","","1574","1574","1574","","CCHHBCMG_00740","","NFMMKAFD_00923","",""
"group_2389","argH","Argininosuccinate lyase","2","2","1","1","1313","197","5","","1382","1382","1382","","CCHHBCMG_00741","","NFMMKAFD_00924","",""
"group_2390","ychF","Ribosome-binding ATPase YchF","2","2","1","1","1314","197","4","","1103","1103","1103","","CCHHBCMG_00742","","NFMMKAFD_00925","",""
"group_2391","pepA","Cytosol aminopeptidase","2","2","1","1","1315","197","3","","1451","1451","1451","","CCHHBCMG_00743","","NFMMKAFD_00926","",""
"yohD_2","","Inner membrane protein YohD","2","2","1","1","1316","197","2","","596","596","596","","CCHHBCMG_00744","","NFMMKAFD_00927","",""
"apt_1","","Adenine phosphoribosyltransferase","2","2","1","1","1317","197","1","","548","548","548","","CCHHBCMG_00745","","NFMMKAFD_00928","",""
"ywlF","","Putative sugar phosphate isomerase YwlF","2","2","1","1","1155","289","1","","437","437","437","","CCHHBCMG_00747","","NFMMKAFD_00930","",""
"group_2395","cheB","Protein-glutamate methylesterase/protein-glutamine glutaminase","2","2","1","1","1154","289","2","","554","554","554","","CCHHBCMG_00748","","NFMMKAFD_00931","",""
"group_2396","cheR","Chemotaxis protein methyltransferase","2","2","1","1","1153","289","3","","788","788","788","","CCHHBCMG_00749","","NFMMKAFD_00932","",""
"group_2397","peb1A","Major cell-binding factor","2","2","1","1","1149","284","3","","779","779","779","","CCHHBCMG_00751","","NFMMKAFD_00934","",""
"group_2398","glnM","putative glutamine ABC transporter permease protein GlnM","2","2","1","1","1148","284","2","","752","752","752","","CCHHBCMG_00752","","NFMMKAFD_00935","",""
"gltK","","Glutamate/aspartate import permease protein GltK","2","2","1","1","1147","284","1","","659","659","659","","CCHHBCMG_00753","","NFMMKAFD_00936","",""
"group_24","","hypothetical protein","2","2","1","9","10","228","12","","449","968","708","","CCHHBCMG_01706","","NFMMKAFD_01880","",""
"group_2400","cstA","Peptide transporter CstA","2","2","1","1","1145","278","1","","2111","2111","2111","","CCHHBCMG_00755","","NFMMKAFD_00938","",""
"group_2401","","hypothetical protein","2","2","1","1","1144","278","2","","197","197","197","","CCHHBCMG_00756","","NFMMKAFD_00939","",""
"group_2402","","putative acyl-CoA thioester hydrolase","2","2","1","1","1143","278","3","","413","413","413","","CCHHBCMG_00757","","NFMMKAFD_00940","",""
"group_2403","","hypothetical protein","2","2","1","1","1142","278","4","","1832","1832","1832","","CCHHBCMG_00758","","NFMMKAFD_00941","",""
"group_2404","","hypothetical protein","2","2","1","1","1132","200","6","","452","452","452","","CCHHBCMG_00762","","NFMMKAFD_00945","",""
"group_2405","","hypothetical protein","2","2","1","1","1131","200","7","","419","419","419","","CCHHBCMG_00763","","NFMMKAFD_00946","",""
"group_2406","","hypothetical protein","2","2","1","1","1130","200","8","","470","470","470","","CCHHBCMG_00764","","NFMMKAFD_00947","",""
"group_2407","","hypothetical protein","2","2","1","1","1129","200","9","","977","977","977","","CCHHBCMG_00765","","NFMMKAFD_00948","",""
"argR","","Alanine racemase","2","2","1","1","1128","200","10","","986","986","986","","CCHHBCMG_00766","","NFMMKAFD_00949","",""
"group_2409","trmL","tRNA (cytidine(34)-2'-O)-methyltransferase","2","2","1","1","1127","200","11","","467","467","467","","CCHHBCMG_00767","","NFMMKAFD_00950","",""
"group_2410","alsT","Amino-acid carrier protein AlsT","2","2","1","1","1126","200","12","","1466","1466","1466","","CCHHBCMG_00768","","NFMMKAFD_00951","",""
"group_2411","glnQ_3","Glutamine transport ATP-binding protein GlnQ","2","2","1","1","1125","200","13","","728","728","728","","CCHHBCMG_00769","","NFMMKAFD_00952","",""
"artQ","","Arginine transport system permease protein ArtQ","2","2","1","1","1124","200","14","","743","743","743","","CCHHBCMG_00770","","NFMMKAFD_00953","",""
"group_2413","","hypothetical protein","2","2","1","1","1123","200","15","","146","146","146","","CCHHBCMG_00771","","NFMMKAFD_00954","",""
"group_2414","yajL","Protein/nucleic acid deglycase 3","2","2","1","1","1122","200","16","","569","569","569","","CCHHBCMG_00772","","NFMMKAFD_00955","",""
"group_2415","","putative HIT-like protein","2","2","1","1","1121","200","17","","365","365","365","","CCHHBCMG_00773","","NFMMKAFD_00956","",""
"group_2416","pheS","Phenylalanine--tRNA ligase alpha subunit","2","2","1","1","1120","200","18","","992","992","992","","CCHHBCMG_00774","","NFMMKAFD_00957","",""
"group_2417","pheT","Phenylalanine--tRNA ligase beta subunit","2","2","1","1","1119","200","19","","2321","2321","2321","","CCHHBCMG_00775","","NFMMKAFD_00958","",""
"group_2418","aroA","3-phosphoshikimate 1-carboxyvinyltransferase","2","2","1","1","1118","200","20","","1286","1286","1286","","CCHHBCMG_00776","","NFMMKAFD_00959","",""
"group_2419","ispH","4-hydroxy-3-methylbut-2-enyl diphosphate reductase","2","2","1","1","1117","200","21","","833","833","833","","CCHHBCMG_00777","","NFMMKAFD_00960","",""
"group_2420","rpsA","30S ribosomal protein S1","2","2","1","1","1116","200","22","","1670","1670","1670","","CCHHBCMG_00778","","NFMMKAFD_00961","",""
"group_2421","","hypothetical protein","2","2","1","1","1115","200","23","","488","488","488","","CCHHBCMG_00779","","NFMMKAFD_00962","",""
"group_2422","serA","D-3-phosphoglycerate dehydrogenase","2","2","1","1","1114","200","24","","1583","1583","1583","","CCHHBCMG_00780","","NFMMKAFD_00963","",""
"ompR","","Transcriptional regulatory protein OmpR","2","2","1","1","1113","200","3","","671","671","671","","CCHHBCMG_00781","","NFMMKAFD_00964","",""
"group_2424","uup","ABC transporter ATP-binding protein uup","2","2","1","1","1111","200","1","","1931","1931","1931","","CCHHBCMG_00783","","NFMMKAFD_00966","",""
"group_2426","","3',5'-cyclic-nucleotide phosphodiesterase","2","2","1","1","1082","198","19","","1046","1046","1046","","CCHHBCMG_00791","","NFMMKAFD_00974","",""
"group_2427","","hypothetical protein","2","2","1","1","1081","198","20","","242","242","242","","CCHHBCMG_00792","","NFMMKAFD_00975","",""
"group_2428","","hypothetical protein","2","2","1","1","1080","198","21","","632","632","632","","CCHHBCMG_00793","","NFMMKAFD_00976","",""
"group_2429","","hypothetical protein","2","2","1","1","1079","198","22","","140","140","140","","CCHHBCMG_00794","","NFMMKAFD_00977","",""
"dsbL_1","","Thiol:disulfide interchange protein DsbL","2","2","1","1","1077","198","29","","641","641","641","","CCHHBCMG_00796","","NFMMKAFD_00980","",""
"group_2435","xerH_2","Tyrosine recombinase XerH","2","2","1","1","1071","198","17","","1064","1064","1064","","CCHHBCMG_00802","","NFMMKAFD_00987","",""
"pabA","","Aminodeoxychorismate/anthranilate synthase component 2","2","2","1","1","1069","198","15","","566","566","566","","CCHHBCMG_00804","","NFMMKAFD_00989","",""
"group_2438","murA","UDP-N-acetylglucosamine 1-carboxyvinyltransferase","2","2","1","1","1067","198","12","","1256","1256","1256","","CCHHBCMG_00806","","NFMMKAFD_00991","",""
"group_2440","lepB","Signal peptidase I","2","2","1","1","1065","198","10","","848","848","848","","CCHHBCMG_00808","","NFMMKAFD_00993","",""
"group_2441","folD","Bifunctional protein FolD protein","2","2","1","1","1063","198","9","","848","848","848","","CCHHBCMG_00809","","NFMMKAFD_00994","",""
"group_2442","","hypothetical protein","2","2","1","1","1062","198","8","","332","332","332","","CCHHBCMG_00810","","NFMMKAFD_00995","",""
"hemL","","Glutamate-1-semialdehyde 2,1-aminomutase","2","2","1","1","1061","198","7","","1274","1274","1274","","CCHHBCMG_00811","","NFMMKAFD_00996","",""
"group_2444","","hypothetical protein","2","2","1","1","1060","198","6","","329","329","329","","CCHHBCMG_00812","","NFMMKAFD_00997","",""
"group_2445","","hypothetical protein","2","2","1","1","1059","198","5","","503","503","503","","CCHHBCMG_00813","","NFMMKAFD_00998","",""
"group_2446","ycaD","putative MFS-type transporter YcaD","2","2","1","1","1058","198","4","","1160","1160","1160","","CCHHBCMG_00814","","NFMMKAFD_00999","",""
"group_2448","","hypothetical protein","2","2","1","1","1052","199","22","","281","281","281","","CCHHBCMG_00820","","NFMMKAFD_01005","",""
"group_2449","","hypothetical protein","2","2","1","1","1051","199","23","","1625","1625","1625","","CCHHBCMG_00821","","NFMMKAFD_01006","",""
"group_2450","","hypothetical protein","2","2","1","1","1050","199","24","","485","485","485","","CCHHBCMG_00822","","NFMMKAFD_01007","",""
"group_2451","mobB","Molybdopterin-guanine dinucleotide biosynthesis adapter protein","2","2","1","1","1049","199","25","","491","491","491","","CCHHBCMG_00823","","NFMMKAFD_01008","",""
"group_2452","fbp","Fructose-1,6-bisphosphatase class 1","2","2","1","1","1048","199","26","","842","842","842","","CCHHBCMG_00824","","NFMMKAFD_01009","",""
"group_2453","metG","Methionine--tRNA ligase","2","2","1","1","1046","199","17","","1886","1886","1886","","CCHHBCMG_00826","","NFMMKAFD_01011","",""
"group_2454","acnB","Aconitate hydratase B","2","2","1","1","1043","199","14","","2546","2546","2546","","CCHHBCMG_00829","","NFMMKAFD_01014","",""
"group_2455","","hypothetical protein","2","2","1","1","1042","199","13","","1238","1238","1238","","CCHHBCMG_00830","","NFMMKAFD_01015","",""
"group_2456","ydfG","NADP-dependent 3-hydroxy acid dehydrogenase YdfG","2","2","1","1","1041","199","12","","749","749","749","","CCHHBCMG_00831","","NFMMKAFD_01016","",""
"group_2457","","hypothetical protein","2","2","1","1","1040","199","11","","1733","1733","1733","","CCHHBCMG_00832","","NFMMKAFD_01017","",""
"group_2458","","hypothetical protein","2","2","1","1","1038","199","9","","416","416","416","","CCHHBCMG_00834","","NFMMKAFD_01019","",""
"group_2459","truA","tRNA pseudouridine synthase A","2","2","1","1","1035","199","6","","722","722","722","","CCHHBCMG_00837","","NFMMKAFD_01022","",""
"group_2460","","hypothetical protein","2","2","1","1","1034","199","5","","1025","1025","1025","","CCHHBCMG_00838","","NFMMKAFD_01023","",""
"group_2461","uppS","Isoprenyl transferase","2","2","1","1","1032","199","3","","668","668","668","","CCHHBCMG_00840","","NFMMKAFD_01025","",""
"group_2462","","hypothetical protein","2","2","1","1","1031","199","2","","617","617","617","","CCHHBCMG_00841","","NFMMKAFD_01026","",""
"group_2465","thrC","Threonine synthase","2","2","1","1","1013","23","6","","1412","1412","1412","","CCHHBCMG_00848","","NFMMKAFD_01034","",""
"group_2466","nadE","NH(3)-dependent NAD(+) synthetase","2","2","1","1","1011","23","4","","740","740","740","","CCHHBCMG_00850","","NFMMKAFD_01036","",""
"group_2467","","putative protein","2","2","1","1","1010","23","3","","596","596","596","","CCHHBCMG_00851","","NFMMKAFD_01037","",""
"group_2468","","hypothetical protein","2","2","1","1","1009","23","2","","305","305","305","","CCHHBCMG_00852","","NFMMKAFD_01038","",""
"group_2469","dapA","4-hydroxy-tetrahydrodipicolinate synthase","2","2","1","1","995","207","1","","896","896","896","","CCHHBCMG_00854","","NFMMKAFD_01040","",""
"group_2470","","putative zinc protease","2","2","1","1","994","207","2","","1250","1250","1250","","CCHHBCMG_00855","","NFMMKAFD_01041","",""
"group_2471","pyrD","Dihydroorotate dehydrogenase (quinone)","2","2","1","1","993","207","3","","1058","1058","1058","","CCHHBCMG_00856","","NFMMKAFD_01042","",""
"group_2472","msbA","Lipid A export ATP-binding/permease protein MsbA","2","2","1","1","992","207","4","","1742","1742","1742","","CCHHBCMG_00857","","NFMMKAFD_01043","",""
"group_2473","","hypothetical protein","2","2","1","1","989","207","7","","1859","1859","1859","","CCHHBCMG_00860","","NFMMKAFD_01046","",""
"group_2474","ruvA","Holliday junction ATP-dependent DNA helicase RuvA","2","2","1","1","988","207","20","","551","551","551","","CCHHBCMG_00861","","NFMMKAFD_01047","",""
"group_2475","","hypothetical protein","2","2","1","1","986","207","18","","215","215","215","","CCHHBCMG_00863","","NFMMKAFD_01049","",""
"group_2477","sasA_3","Adaptive-response sensory-kinase SasA","2","2","1","1","982","207","14","","1019","1019","1019","","CCHHBCMG_00867","","NFMMKAFD_01053","",""
"group_2478","","hypothetical protein","2","2","1","1","981","207","13","","878","878","878","","CCHHBCMG_00868","","NFMMKAFD_01054","",""
"group_2479","sufS","Cysteine desulfurase","2","2","1","1","980","207","12","","1268","1268","1268","","CCHHBCMG_00869","","NFMMKAFD_01055","",""
"group_2480","purU","Formyltetrahydrofolate deformylase","2","2","1","1","979","207","11","","824","824","824","","CCHHBCMG_00870","","NFMMKAFD_01056","",""
"group_2481","","hypothetical protein","2","2","1","1","977","207","9","","491","491","491","","CCHHBCMG_00872","","NFMMKAFD_01058","",""
"group_2482","","hypothetical protein","2","2","1","1","965","253","1","","173","173","173","","CCHHBCMG_00874","","NFMMKAFD_01060","",""
"group_2483","napD","Chaperone NapD","2","2","1","1","964","253","2","","338","338","338","","CCHHBCMG_00875","","NFMMKAFD_01061","",""
"group_2484","","hypothetical protein","2","2","1","1","963","253","3","","914","914","914","","CCHHBCMG_00876","","NFMMKAFD_01062","",""
"group_2485","napB","Periplasmic nitrate reductase, electron transfer subunit","2","2","1","1","962","253","4","","521","521","521","","CCHHBCMG_00877","","NFMMKAFD_01063","",""
"group_2486","napH","Ferredoxin-type protein NapH","2","2","1","1","961","253","5","","779","779","779","","CCHHBCMG_00878","","NFMMKAFD_01064","",""
"group_2487","napG","Ferredoxin-type protein NapG","2","2","1","1","960","253","6","","740","740","740","","CCHHBCMG_00879","","NFMMKAFD_01065","",""
"group_2488","uvrD","DNA helicase II","2","2","1","1","956","214","3","","2030","2030","2030","","CCHHBCMG_00883","","NFMMKAFD_01069","",""
"group_2489","valS","Valine--tRNA ligase","2","2","1","1","954","214","5","","2612","2612","2612","","CCHHBCMG_00885","","NFMMKAFD_01071","",""
"metN_2","","Methionine import ATP-binding protein MetN","2","2","1","1","953","214","6","","1010","1010","1010","","CCHHBCMG_00886","","NFMMKAFD_01072","",""
"group_2491","","hypothetical protein","2","2","1","1","952","214","7","","911","911","911","","CCHHBCMG_00887","","NFMMKAFD_01073","",""
"group_2492","metQ_1","D-methionine-binding lipoprotein MetQ","2","2","1","1","951","214","8","","773","773","773","","CCHHBCMG_00888","","NFMMKAFD_01074","",""
"nlpA","","Lipoprotein 28","2","2","1","1","950","214","9","","770","770","770","","CCHHBCMG_00889","","NFMMKAFD_01075","",""
"group_2494","","hypothetical protein","2","2","1","1","948","214","11","","662","662","662","","CCHHBCMG_00891","","NFMMKAFD_01077","",""
"group_2495","shdB","putative UbiX-like flavin prenyltransferase","2","2","1","1","947","214","12","","563","563","563","","CCHHBCMG_00892","","NFMMKAFD_01078","",""
"group_2496","coaD","Phosphopantetheine adenylyltransferase","2","2","1","1","946","214","13","","476","476","476","","CCHHBCMG_00893","","NFMMKAFD_01079","",""
"group_2498","","hypothetical protein","2","2","1","1","936","255","3","","341","341","341","","CCHHBCMG_00899","","NFMMKAFD_01085","",""
"group_25","","hypothetical protein","2","2","1","10","4","263","5","","458","956","707","","CCHHBCMG_01715","","NFMMKAFD_01873","",""
"group_2510","mdaB","NADPH:quinone oxidoreductase MdaB","2","2","1","1","121","1","53","","578","578","578","","CCHHBCMG_00918","","NFMMKAFD_01368","",""
"group_2511","pxpC","5-oxoprolinase subunit C","2","2","1","1","123","1","50","","965","965","965","","CCHHBCMG_00920","","NFMMKAFD_01366","",""
"group_2512","pxpB","5-oxoprolinase subunit B","2","2","1","1","124","1","49","","740","740","740","","CCHHBCMG_00921","","NFMMKAFD_01365","",""
"group_2513","pxpA","5-oxoprolinase subunit A","2","2","1","1","125","1","48","","767","767","767","","CCHHBCMG_00922","","NFMMKAFD_01364","",""
"group_2514","tupA","Tungstate-binding protein TupA","2","2","1","1","126","1","47","","809","809","809","","CCHHBCMG_00923","","NFMMKAFD_01363","",""
"group_2515","tupC","Tungstate uptake system ATP-binding protein TupC","2","2","1","1","128","1","45","","995","995","995","","CCHHBCMG_00925","","NFMMKAFD_01361","",""
"group_2516","acsA","Acetyl-coenzyme A synthetase","2","2","1","1","129","1","44","","1973","1973","1973","","CCHHBCMG_00926","","NFMMKAFD_01360","",""
"group_2517","gtaB","UTP--glucose-1-phosphate uridylyltransferase","2","2","1","1","130","1","43","","824","824","824","","CCHHBCMG_00927","","NFMMKAFD_01359","",""
"group_2518","pgi","Glucose-6-phosphate isomerase","2","2","1","1","131","1","42","","1220","1220","1220","","CCHHBCMG_00928","","NFMMKAFD_01358","",""
"group_2519","dps","DNA protection during starvation protein","2","2","1","1","132","1","41","","449","449","449","","CCHHBCMG_00929","","NFMMKAFD_01357","",""
"group_2520","","hypothetical protein","2","2","1","1","133","1","40","","1037","1037","1037","","CCHHBCMG_00930","","NFMMKAFD_01356","",""
"dcuD_1","","Putative cryptic C4-dicarboxylate transporter DcuD","2","2","1","1","140","1","121","","659","659","659","","CCHHBCMG_00936","HDHBLALJ_01298","","",""
"group_2525","","IS6 family transposase IS1216E","2","2","1","1","18","1","142","","680","680","680","","CCHHBCMG_00948","HDHBLALJ_01302","","",""
"group_2530","","hypothetical protein","2","2","1","1","19","1","141","","284","284","284","","CCHHBCMG_00949","HDHBLALJ_01303","","",""
"group_2531","","hypothetical protein","2","2","1","1","20","1","140","","563","563","563","","CCHHBCMG_00950","HDHBLALJ_01304","","",""
"aphA","","Aminoglycoside 3'-phosphotransferase","2","2","1","1","21","1","139","","794","794","794","","CCHHBCMG_00951","HDHBLALJ_01305","","",""
"satA","","Streptothricin acetyltransferase A","2","2","1","1","22","1","138","","542","542","542","","CCHHBCMG_00952","HDHBLALJ_01306","","",""
"aadK_2","","Aminoglycoside 6-adenylyltransferase","2","2","1","1","23","1","137","","908","908","908","","CCHHBCMG_00953","HDHBLALJ_01307","","",""
"group_2535","","hypothetical protein","2","2","1","1","145","287","1","","416","416","416","","CCHHBCMG_00955","HDHBLALJ_01309","","",""
"group_2540","fdhB1","Formate dehydrogenase iron-sulfur subunit","2","2","1","1","155","332","1","","641","641","641","","CCHHBCMG_00964","","NFMMKAFD_01336","",""
"group_2543","selD","Selenide, water dikinase","2","2","1","1","162","25","9","","926","926","926","","CCHHBCMG_00970","","NFMMKAFD_01330","",""
"group_2544","rocA","1-pyrroline-5-carboxylate dehydrogenase","2","2","1","1","163","25","8","","3488","3488","3488","","CCHHBCMG_00971","","NFMMKAFD_01329","",""
"group_2545","putP","Sodium/proline symporter","2","2","1","1","164","25","7","","1469","1469","1469","","CCHHBCMG_00972","","NFMMKAFD_01328","",""
"group_2546","yedF","Putative sulfur carrier protein YedF","2","2","1","1","165","25","6","","227","227","227","","CCHHBCMG_00973","","NFMMKAFD_01327","",""
"group_2547","","hypothetical protein","2","2","1","1","166","25","5","","1208","1208","1208","","CCHHBCMG_00974","","NFMMKAFD_01326","",""
"group_2548","","hypothetical protein","2","2","1","1","174","258","1","","518","518","518","","CCHHBCMG_00978","","NFMMKAFD_01322","",""
"group_2549","","hypothetical protein","2","2","1","1","175","258","2","","551","551","551","","CCHHBCMG_00979","","NFMMKAFD_01321","",""
"group_2550","carA","Carbamoyl-phosphate synthase small chain","2","2","1","1","176","258","3","","1118","1118","1118","","CCHHBCMG_00980","","NFMMKAFD_01320","",""
"group_2551","","hypothetical protein","2","2","1","1","177","258","6","","659","659","659","","CCHHBCMG_00981","","NFMMKAFD_01319","",""
"group_2552","sasA_4","Adaptive-response sensory-kinase SasA","2","2","1","1","178","258","5","","1211","1211","1211","","CCHHBCMG_00982","","NFMMKAFD_01318","",""
"group_2553","mprA_2","Response regulator MprA","2","2","1","1","179","258","4","","680","680","680","","CCHHBCMG_00983","","NFMMKAFD_01317","",""
"group_2554","","hypothetical protein","2","2","1","1","183","233","7","","665","665","665","","CCHHBCMG_00985","","NFMMKAFD_01315","",""
"fixP","","Cbb3-type cytochrome c oxidase subunit FixP","2","2","1","1","185","233","9","","863","863","863","","CCHHBCMG_00987","","NFMMKAFD_01313","",""
"group_2556","","hypothetical protein","2","2","1","1","188","233","4","","602","602","602","","CCHHBCMG_00990","","NFMMKAFD_01310","",""
"group_2557","","hypothetical protein","2","2","1","1","189","233","3","","521","521","521","","CCHHBCMG_00991","","NFMMKAFD_01309","",""
"group_2558","","hypothetical protein","2","2","1","1","190","233","2","","2366","2366","2366","","CCHHBCMG_00992","","NFMMKAFD_01308","",""
"recB","","RecBCD enzyme subunit RecB","2","2","1","1","191","233","1","","2765","2765","2765","","CCHHBCMG_00993","","NFMMKAFD_01307","",""
"group_2560","oprF","Outer membrane porin F","2","2","1","1","2269","312","2","","959","959","959","","CCHHBCMG_00996","","NFMMKAFD_01304","",""
"group_2561","","hypothetical protein","2","2","1","1","2266","238","7","","311","311","311","","CCHHBCMG_00999","","NFMMKAFD_01301","",""
"group_2562","sctC","Type 3 secretion system secretin","2","2","1","1","2265","238","8","","1412","1412","1412","","CCHHBCMG_01000","","NFMMKAFD_01300","",""
"group_2563","","hypothetical protein","2","2","1","1","2264","238","6","","608","608","608","","CCHHBCMG_01001","","NFMMKAFD_01299","",""
"group_2564","","hypothetical protein","2","2","1","1","2262","238","4","","1559","1559","1559","","CCHHBCMG_01003","","NFMMKAFD_01297","",""
"group_2565","gspF","Putative type II secretion system protein F","2","2","1","1","2261","238","3","","1181","1181","1181","","CCHHBCMG_01004","","NFMMKAFD_01296","",""
"group_2566","yfcA","putative membrane transporter protein YfcA","2","2","1","1","2260","238","2","","764","764","764","","CCHHBCMG_01005","","NFMMKAFD_01295","",""
"group_2567","","hypothetical protein","2","2","1","1","2259","238","1","","764","764","764","","CCHHBCMG_01006","","NFMMKAFD_01294","",""
"group_2568","flgI","Flagellar P-ring protein","2","2","1","1","2252","245","4","","1046","1046","1046","","CCHHBCMG_01011","","NFMMKAFD_01289","",""
"group_2569","","hypothetical protein","2","2","1","1","2250","245","6","","383","383","383","","CCHHBCMG_01013","","NFMMKAFD_01287","",""
"group_2570","","hypothetical protein","2","2","1","1","2249","245","7","","1073","1073","1073","","CCHHBCMG_01014","","NFMMKAFD_01286","",""
"group_2571","thiL","Thiamine-monophosphate kinase","2","2","1","1","2248","245","8","","821","821","821","","CCHHBCMG_01015","","NFMMKAFD_01285","",""
"group_2572","truD","tRNA pseudouridine synthase D","2","2","1","1","2247","245","3","","1118","1118","1118","","CCHHBCMG_01016","","NFMMKAFD_01284","",""
"group_2574","tilS","tRNA(Ile)-lysidine synthase","2","2","1","1","2210","4","28","","965","965","965","","CCHHBCMG_01020","","NFMMKAFD_01280","",""
"group_2575","","hypothetical protein","2","2","1","1","2209","4","29","","713","713","713","","CCHHBCMG_01021","","NFMMKAFD_01279","",""
"group_2578","kpsD","Polysialic acid transport protein KpsD","2","2","1","1","2202","4","36","","1658","1658","1658","","CCHHBCMG_01028","","NFMMKAFD_01272","",""
"group_2600","","hypothetical protein","2","2","1","1","2179","4","65","","1184","1184","1184","","CCHHBCMG_01051","","NFMMKAFD_01510","",""
"group_2601","","hypothetical protein","2","2","1","1","2178","4","25","","1121","1121","1121","","CCHHBCMG_01052","","NFMMKAFD_01511","",""
"ptlI","","Pentalenene oxygenase","2","2","1","1","2177","4","24","","1361","1361","1361","","CCHHBCMG_01053","","NFMMKAFD_01512","",""
"group_2603","","hypothetical protein","2","2","1","1","2176","4","23","","419","419","419","","CCHHBCMG_01054","","NFMMKAFD_01513","",""
"group_2604","acpS","Holo-[acyl-carrier-protein] synthase","2","2","1","1","2175","4","22","","347","347","347","","CCHHBCMG_01055","","NFMMKAFD_01514","",""
"group_2605","","hypothetical protein","2","2","1","1","2174","4","21","","536","536","536","","CCHHBCMG_01056","","NFMMKAFD_01515","",""
"gapA","","Glyceraldehyde-3-phosphate dehydrogenase 1","2","2","1","1","2169","4","16","","998","998","998","","CCHHBCMG_01061","","NFMMKAFD_01520","",""
"group_2609","pgk","Phosphoglycerate kinase","2","2","1","1","2168","4","15","","1202","1202","1202","","CCHHBCMG_01062","","NFMMKAFD_01521","",""
"yabJ_2","","2-iminobutanoate/2-iminopropanoate deaminase","2","2","1","1","2154","38","5","","362","362","362","","CCHHBCMG_01072","","NFMMKAFD_01536","",""
"group_2611","","hypothetical protein","2","2","1","1","2153","38","4","","656","656","656","","CCHHBCMG_01073","","NFMMKAFD_01537","",""
"group_2612","","hypothetical protein","2","2","1","1","2152","38","3","","470","470","470","","CCHHBCMG_01074","","NFMMKAFD_01538","",""
"group_2613","katA","Catalase","2","2","1","1","2151","38","2","","1424","1424","1424","","CCHHBCMG_01075","","NFMMKAFD_01539","",""
"nifF","","Flavodoxin 2","2","2","1","1","2148","210","6","","491","491","491","","CCHHBCMG_01078","","NFMMKAFD_01542","",""
"group_2615","","hypothetical protein","2","2","1","1","2146","210","8","","710","710","710","","CCHHBCMG_01080","","NFMMKAFD_01544","",""
"selB","","Selenocysteine-specific elongation factor","2","2","1","1","2145","210","9","","1805","1805","1805","","CCHHBCMG_01081","","NFMMKAFD_01545","",""
"group_2617","selA","L-seryl-tRNA(Sec) selenium transferase","2","2","1","1","2144","210","10","","1322","1322","1322","","CCHHBCMG_01082","","NFMMKAFD_01546","",""
"group_2618","rsxB_2","Ion-translocating oxidoreductase complex subunit B","2","2","1","1","2143","210","11","","1673","1673","1673","","CCHHBCMG_01083","","NFMMKAFD_01547","",""
"group_2619","","hypothetical protein","2","2","1","1","2140","210","14","","2471","2471","2471","","CCHHBCMG_01086","","NFMMKAFD_01550","",""
"group_2620","","hypothetical protein","2","2","1","1","2139","210","15","","569","569","569","","CCHHBCMG_01087","","NFMMKAFD_01551","",""
"group_2621","mlaA","Intermembrane phospholipid transport system lipoprotein MlaA","2","2","1","1","2138","210","16","","698","698","698","","CCHHBCMG_01088","","NFMMKAFD_01552","",""
"adeQ","","Adenine permease AdeQ","2","2","1","1","2136","210","18","","1319","1319","1319","","CCHHBCMG_01090","","NFMMKAFD_01554","",""
"group_2623","mqnE","Aminodeoxyfutalosine synthase","2","2","1","1","2135","210","4","","1064","1064","1064","","CCHHBCMG_01091","","NFMMKAFD_01555","",""
"group_2624","glmS","Glutamine--fructose-6-phosphate aminotransferase [isomerizing]","2","2","1","1","2133","210","2","","1796","1796","1796","","CCHHBCMG_01093","","NFMMKAFD_01557","",""
"group_2625","","Putative transport protein","2","2","1","1","2121","310","1","","1043","1043","1043","","CCHHBCMG_01095","","NFMMKAFD_01560","",""
"group_2626","ruvB","Holliday junction ATP-dependent DNA helicase RuvB","2","2","1","1","2120","310","2","","1007","1007","1007","","CCHHBCMG_01096","","NFMMKAFD_01561","",""
"group_2630","","hypothetical protein","2","2","1","1","2113","1","104","","383","383","383","","CCHHBCMG_01102","","NFMMKAFD_01567","",""
"group_2631","ppk","Polyphosphate kinase","2","2","1","1","2112","1","103","","2084","2084","2084","","CCHHBCMG_01103","","NFMMKAFD_01568","",""
"group_2632","nrfH","Cytochrome c-type protein NrfH","2","2","1","1","2111","1","102","","491","491","491","","CCHHBCMG_01104","","NFMMKAFD_01569","",""
"group_2633","nrfA","Cytochrome c-552","2","2","1","1","2110","1","101","","1832","1832","1832","","CCHHBCMG_01105","","NFMMKAFD_01570","",""
"group_2634","","hypothetical protein","2","2","1","1","2109","1","100","","554","554","554","","CCHHBCMG_01106","","NFMMKAFD_01571","",""
"group_2635","yclQ","Petrobactin-binding protein YclQ","2","2","1","1","2108","1","99","","992","992","992","","CCHHBCMG_01108","","NFMMKAFD_01573","",""
"group_2636","yclO","Petrobactin import system permease protein YclO","2","2","1","1","2106","1","97","","938","938","938","","CCHHBCMG_01110","","NFMMKAFD_01575","",""
"group_2637","yclN","Petrobactin import system permease protein YclN","2","2","1","1","2105","1","96","","968","968","968","","CCHHBCMG_01111","","NFMMKAFD_01576","",""
"group_2638","","hypothetical protein","2","2","1","1","2104","1","95","","989","989","989","","CCHHBCMG_01112","","NFMMKAFD_01577","",""
"group_2639","mobA","putative molybdenum cofactor guanylyltransferase","2","2","1","1","2103","1","94","","575","575","575","","CCHHBCMG_01113","","NFMMKAFD_01578","",""
"group_2640","dxr","1-deoxy-D-xylulose 5-phosphate reductoisomerase","2","2","1","1","2078","49","3","","1070","1070","1070","","CCHHBCMG_01117","","NFMMKAFD_01583","",""
"group_2642","","hypothetical protein","2","2","1","2","213","17","2","","2366","2366","2366","","CCHHBCMG_01123","","NFMMKAFD_00636","",""
"group_2643","ndhB","NADH-quinone oxidoreductase subunit N","2","2","1","2","214","17","3","","1388","1388","1388","","CCHHBCMG_01124","","NFMMKAFD_00637","",""
"nuoM","","NADH-quinone oxidoreductase subunit M","2","2","1","2","215","17","4","","1487","1487","1487","","CCHHBCMG_01125","","NFMMKAFD_00638","",""
"group_2645","nuoL","NADH-quinone oxidoreductase subunit 12","2","2","1","2","216","17","5","","1790","1790","1790","","CCHHBCMG_01126","","NFMMKAFD_00639","",""
"group_2646","nuoK","NADH-quinone oxidoreductase subunit K","2","2","1","2","217","17","6","","296","296","296","","CCHHBCMG_01127","","NFMMKAFD_00640","",""
"group_2647","nuoJ","NADH-quinone oxidoreductase subunit J","2","2","1","2","218","17","7","","518","518","518","","CCHHBCMG_01128","","NFMMKAFD_00641","",""
"group_2648","ndhI","NAD(P)H-quinone oxidoreductase subunit I, chloroplastic","2","2","1","2","219","17","8","","641","641","641","","CCHHBCMG_01129","","NFMMKAFD_00642","",""
"group_2649","nqo8","NADH-quinone oxidoreductase subunit 8","2","2","1","2","220","17","9","","998","998","998","","CCHHBCMG_01130","","NFMMKAFD_00643","",""
"group_2650","","hypothetical protein","2","2","1","2","221","17","10","","2462","2462","2462","","CCHHBCMG_01131","","NFMMKAFD_00644","",""
"group_2651","ndhJ","NAD(P)H-quinone oxidoreductase subunit J, chloroplastic","2","2","1","2","225","348","1","","791","791","791","","CCHHBCMG_01135","","NFMMKAFD_00648","",""
"oppD","","Oligopeptide transport ATP-binding protein OppD","2","2","1","2","230","30","4","","710","710","710","","CCHHBCMG_01139","","NFMMKAFD_00652","",""
"group_2653","dppC","Dipeptide transport system permease protein DppC","2","2","1","2","231","30","5","","788","788","788","","CCHHBCMG_01140","","NFMMKAFD_00653","",""
"group_2654","cntB","Metal-staphylopine import system permease protein CntB","2","2","1","2","232","30","6","","944","944","944","","CCHHBCMG_01141","","NFMMKAFD_00654","",""
"proP_2","","Proline/betaine transporter","2","2","1","2","246","300","2","","1295","1295","1295","","CCHHBCMG_01151","","NFMMKAFD_00659","",""
"group_2662","","hypothetical protein","2","2","1","2","247","300","1","","797","797","797","","CCHHBCMG_01152","","NFMMKAFD_00660","",""
"group_2663","hisG","ATP phosphoribosyltransferase","2","2","1","2","259","236","1","","899","899","899","","CCHHBCMG_01159","","NFMMKAFD_00667","",""
"group_2664","hisD","Histidinol dehydrogenase","2","2","1","2","260","236","2","","1286","1286","1286","","CCHHBCMG_01160","","NFMMKAFD_00668","",""
"group_2665","hisB","Histidine biosynthesis bifunctional protein HisB","2","2","1","2","261","236","3","","1058","1058","1058","","CCHHBCMG_01161","","NFMMKAFD_00669","",""
"group_2666","hisH_2","Imidazole glycerol phosphate synthase subunit HisH","2","2","1","2","262","236","4","","587","587","587","","CCHHBCMG_01162","","NFMMKAFD_00670","",""
"group_2667","hisA","1-(5-phosphoribosyl)-5-[(5-phosphoribosylamino)methylideneamino] imidazole-4-carboxamide isomerase","2","2","1","2","263","236","5","","731","731","731","","CCHHBCMG_01163","","NFMMKAFD_00671","",""
"group_2668","","hypothetical protein","2","2","1","2","264","236","6","","956","956","956","","CCHHBCMG_01164","","NFMMKAFD_00672","",""
"hisF_2","","Imidazole glycerol phosphate synthase subunit HisF","2","2","1","2","265","236","8","","767","767","767","","CCHHBCMG_01165","","NFMMKAFD_00673","",""
"group_2670","hisI","Histidine biosynthesis bifunctional protein HisIE","2","2","1","2","266","236","7","","623","623","623","","CCHHBCMG_01166","","NFMMKAFD_00674","",""
"apbC","","Iron-sulfur cluster carrier protein","2","2","1","2","268","264","1","","1106","1106","1106","","CCHHBCMG_01168","","NFMMKAFD_00676","",""
"group_2672","ispDF","Bifunctional enzyme IspD/IspF","2","2","1","2","269","264","2","","1115","1115","1115","","CCHHBCMG_01169","","NFMMKAFD_00677","",""
"group_2673","","hypothetical protein","2","2","1","2","270","264","3","","887","887","887","","CCHHBCMG_01170","","NFMMKAFD_00678","",""
"group_2674","sat","Sulfate adenylyltransferase","2","2","1","2","271","264","4","","1160","1160","1160","","CCHHBCMG_01171","","NFMMKAFD_00679","",""
"group_2675","pgpA","Phosphatidylglycerophosphatase A","2","2","1","2","272","264","5","","500","500","500","","CCHHBCMG_01172","","NFMMKAFD_00680","",""
"group_2676","prfA","Peptide chain release factor RF1","2","2","1","2","274","218","5","","1067","1067","1067","","CCHHBCMG_01174","","NFMMKAFD_00682","",""
"group_2678","hmuU","Hemin transport system permease protein HmuU","2","2","1","2","277","218","9","","1001","1001","1001","","CCHHBCMG_01177","","NFMMKAFD_00685","",""
"group_2679","kgtP","Alpha-ketoglutarate permease","2","2","1","2","281","218","13","","1259","1259","1259","","CCHHBCMG_01181","","NFMMKAFD_00689","",""
"group_2680","sdaC","Serine transporter","2","2","1","2","290","195","58","","1250","1250","1250","","CCHHBCMG_01191","","NFMMKAFD_00699","",""
"group_2681","","hypothetical protein","2","2","1","2","291","195","59","","416","416","416","","CCHHBCMG_01192","","NFMMKAFD_00700","",""
"group_2682","","hypothetical protein","2","2","1","2","292","195","60","","743","743","743","","CCHHBCMG_01193","","NFMMKAFD_00701","",""
"group_2683","tolQ_1","Tol-Pal system protein TolQ","2","2","1","2","293","195","61","","425","425","425","","CCHHBCMG_01194","","NFMMKAFD_00702","",""
"group_2684","exbD_1","Tol-Pal system protein TolR","2","2","1","2","294","195","62","","389","389","389","","CCHHBCMG_01195","","NFMMKAFD_00703","",""
"group_2685","mnmA_1","tRNA-specific 2-thiouridylase MnmA","2","2","1","2","316","232","6","","983","983","983","","CCHHBCMG_01199","","NFMMKAFD_00765","",""
"group_2686","aroC","Chorismate synthase","2","2","1","2","317","232","7","","1088","1088","1088","","CCHHBCMG_01200","","NFMMKAFD_00766","",""
"group_2687","rnc","Ribonuclease 3","2","2","1","2","318","232","8","","674","674","674","","CCHHBCMG_01201","","NFMMKAFD_00767","",""
"group_2688","rnhA","Ribonuclease HI","2","2","1","2","319","232","9","","440","440","440","","CCHHBCMG_01202","","NFMMKAFD_00768","",""
"group_2689","lapB","Lipopolysaccharide assembly protein B","2","2","1","2","320","232","5","","986","986","986","","CCHHBCMG_01203","","NFMMKAFD_00769","",""
"group_2690","dnaG","DNA primase","2","2","1","2","321","232","4","","1817","1817","1817","","CCHHBCMG_01204","","NFMMKAFD_00770","",""
"group_2691","","hypothetical protein","2","2","1","2","322","232","3","","269","269","269","","CCHHBCMG_01205","","NFMMKAFD_00771","",""
"group_2692","","hypothetical protein","2","2","1","2","323","232","2","","551","551","551","","CCHHBCMG_01206","","NFMMKAFD_00772","",""
"group_2693","murE","UDP-N-acetylmuramoyl-L-alanyl-D-glutamate--2,6-diaminopimelate ligase","2","2","1","2","324","232","1","","1283","1283","1283","","CCHHBCMG_01207","","NFMMKAFD_00773","",""
"group_2694","","hypothetical protein","2","2","1","2","329","223","1","","1094","1094","1094","","CCHHBCMG_01209","","NFMMKAFD_00775","",""
"group_2695","","hypothetical protein","2","2","1","2","330","223","2","","845","845","845","","CCHHBCMG_01210","","NFMMKAFD_00776","",""
"tktA","","Transketolase 1","2","2","1","2","331","223","3","","1898","1898","1898","","CCHHBCMG_01211","","NFMMKAFD_00777","",""
"group_2697","","hypothetical protein","2","2","1","2","332","223","4","","1109","1109","1109","","CCHHBCMG_01212","","NFMMKAFD_00778","",""
"group_2698","mkl","putative ribonucleotide transport ATP-binding protein mkl","2","2","1","2","333","223","11","","722","722","722","","CCHHBCMG_01213","","NFMMKAFD_00779","",""
"group_2699","","hypothetical protein","2","2","1","2","334","223","10","","890","890","890","","CCHHBCMG_01214","","NFMMKAFD_00780","",""
"group_2700","","hypothetical protein","2","2","1","2","336","223","8","","500","500","500","","CCHHBCMG_01216","","NFMMKAFD_00782","",""
"group_2701","map","Methionine aminopeptidase 1","2","2","1","2","337","223","7","","758","758","758","","CCHHBCMG_01217","","NFMMKAFD_00783","",""
"mepS","","Murein DD-endopeptidase MepS/Murein LD-carboxypeptidase","2","2","1","2","339","223","5","","458","458","458","","CCHHBCMG_01219","","NFMMKAFD_00785","",""
"group_2703","nhaA_2","Na(+)/H(+) antiporter NhaA","2","2","1","2","351","283","3","","1148","1148","1148","","CCHHBCMG_01221","","NFMMKAFD_00787","",""
"group_2704","","hypothetical protein","2","2","1","2","352","283","4","","182","182","182","","CCHHBCMG_01222","","NFMMKAFD_00788","",""
"group_2705","","hypothetical protein","2","2","1","2","355","208","11","","1403","1403","1403","","CCHHBCMG_01225","","NFMMKAFD_00792","",""
"group_2706","","hypothetical protein","2","2","1","2","356","208","12","","1289","1289","1289","","CCHHBCMG_01226","","NFMMKAFD_00793","",""
"group_2707","yknY","putative ABC transporter ATP-binding protein YknY","2","2","1","2","358","208","14","","650","650","650","","CCHHBCMG_01228","","NFMMKAFD_00795","",""
"group_2708","resA_2","Thiol-disulfide oxidoreductase ResA","2","2","1","2","359","208","15","","488","488","488","","CCHHBCMG_01229","","NFMMKAFD_00796","",""
"group_2709","","hypothetical protein","2","2","1","2","360","208","16","","503","503","503","","CCHHBCMG_01230","","NFMMKAFD_00797","",""
"group_2711","ligA_2","DNA ligase","2","2","1","2","380","208","19","","848","848","848","","CCHHBCMG_01238","","NFMMKAFD_00821","",""
"group_2712","","hypothetical protein","2","2","1","2","381","208","2","","662","662","662","","CCHHBCMG_01239","","NFMMKAFD_00822","",""
"group_2713","","hypothetical protein","2","2","1","2","382","208","1","","203","203","203","","CCHHBCMG_01240","","NFMMKAFD_00823","",""
"group_2714","mqnD","1,4-dihydroxy-6-naphtoate synthase","2","2","1","2","614","343","1","","860","860","860","","CCHHBCMG_01243","","NFMMKAFD_00826","",""
"group_2715","gltA","Citrate synthase","2","2","1","2","620","267","4","","1268","1268","1268","","CCHHBCMG_01248","","NFMMKAFD_00831","",""
"group_2716","","hypothetical protein","2","2","1","2","621","267","5","","1175","1175","1175","","CCHHBCMG_01249","","NFMMKAFD_00832","",""
"group_2717","topA","DNA topoisomerase 1","2","2","1","2","623","297","3","","2102","2102","2102","","CCHHBCMG_01251","","NFMMKAFD_00834","",""
"group_2718","rnj","Ribonuclease J","2","2","1","2","89","217","1","","1988","1988","1988","","CCHHBCMG_01276","","NFMMKAFD_00858","",""
"group_2719","rsmA","Ribosomal RNA small subunit methyltransferase A","2","2","1","2","88","217","2","","800","800","800","","CCHHBCMG_01277","","NFMMKAFD_00859","",""
"group_2720","rlmN","putative dual-specificity RNA methyltransferase RlmN","2","2","1","2","86","217","4","","1070","1070","1070","","CCHHBCMG_01279","","NFMMKAFD_00861","",""
"group_2722","","hypothetical protein","2","2","1","2","83","217","7","","530","530","530","","CCHHBCMG_01286","","NFMMKAFD_00867","",""
"group_2723","leuD1","3-isopropylmalate dehydratase small subunit 1","2","2","1","2","82","217","8","","602","602","602","","CCHHBCMG_01287","","NFMMKAFD_00868","",""
"group_2724","leuC","3-isopropylmalate dehydratase large subunit","2","2","1","2","81","217","9","","1406","1406","1406","","CCHHBCMG_01288","","NFMMKAFD_00869","",""
"group_2725","leuB","3-isopropylmalate dehydrogenase","2","2","1","2","80","217","13","","1076","1076","1076","","CCHHBCMG_01289","","NFMMKAFD_00870","",""
"group_2726","leuA","2-isopropylmalate synthase","2","2","1","2","79","217","12","","1535","1535","1535","","CCHHBCMG_01290","","NFMMKAFD_00871","",""
"group_2727","","hypothetical protein","2","2","1","2","78","217","11","","629","629","629","","CCHHBCMG_01291","","NFMMKAFD_00872","",""
"group_2728","","hypothetical protein","2","2","1","2","77","217","10","","644","644","644","","CCHHBCMG_01292","","NFMMKAFD_00873","",""
"group_2729","dnaN","Beta sliding clamp","2","2","1","2","58","260","1","","1067","1067","1067","","CCHHBCMG_01297","","NFMMKAFD_00883","",""
"group_2730","gyrB","DNA gyrase subunit B","2","2","1","2","57","260","2","","2309","2309","2309","","CCHHBCMG_01298","","NFMMKAFD_00884","",""
"group_2731","","hypothetical protein","2","2","1","2","56","260","3","","341","341","341","","CCHHBCMG_01299","","NFMMKAFD_00885","",""
"group_2732","","hypothetical protein","2","2","1","2","55","260","4","","1238","1238","1238","","CCHHBCMG_01300","","NFMMKAFD_00886","",""
"gltB_2","","Glutamate synthase [NADPH] small chain","2","2","1","2","52","296","1","","1445","1445","1445","","CCHHBCMG_01304","","NFMMKAFD_00889","",""
"group_2734","rnhB","Ribonuclease HII","2","2","1","2","51","296","2","","575","575","575","","CCHHBCMG_01305","","NFMMKAFD_00890","",""
"group_2735","","hypothetical protein","2","2","1","2","50","296","3","","239","239","239","","CCHHBCMG_01306","","NFMMKAFD_00891","",""
"group_2736","","hypothetical protein","2","2","1","2","44","338","1","","1526","1526","1526","","CCHHBCMG_01311","","NFMMKAFD_00897","",""
"group_2737","","hypothetical protein","2","2","1","2","40","275","3","","1778","1778","1778","","CCHHBCMG_01313","","NFMMKAFD_00899","",""
"ccp","","Cytochrome c551 peroxidase","2","2","1","2","39","275","4","","914","914","914","","CCHHBCMG_01314","","NFMMKAFD_00900","",""
"group_2739","yisK","putative protein YisK","2","2","1","2","38","275","2","","878","878","878","","CCHHBCMG_01315","","NFMMKAFD_00901","",""
"group_2740","","putative RNA pseudouridine synthase","2","2","1","2","37","275","1","","902","902","902","","CCHHBCMG_01316","","NFMMKAFD_00902","",""
"group_2741","tcyP","L-cystine uptake protein TcyP","2","2","1","2","32","347","1","","1385","1385","1385","","CCHHBCMG_01319","","NFMMKAFD_00905","",""
"group_2742","pyrG","CTP synthase","2","2","1","2","30","271","5","","1631","1631","1631","","CCHHBCMG_01321","","NFMMKAFD_00907","",""
"group_2743","recJ","Single-stranded-DNA-specific exonuclease RecJ","2","2","1","2","29","271","6","","1571","1571","1571","","CCHHBCMG_01322","","NFMMKAFD_00908","",""
"group_2748","","hypothetical protein","2","2","1","3","10","316","2","","530","530","530","","CCHHBCMG_01328","","NFMMKAFD_01263","",""
"group_2749","queH","Epoxyqueuosine reductase QueH","2","2","1","3","11","295","1","","1091","1091","1091","","CCHHBCMG_01333","","NFMMKAFD_01258","",""
"group_2750","lpxA","Acyl-[acyl-carrier-protein]--UDP-N-acetylglucosamine O-acyltransferase","2","2","1","3","15","298","2","","791","791","791","","CCHHBCMG_01335","","NFMMKAFD_01256","",""
"group_2751","clpX","ATP-dependent Clp protease ATP-binding subunit ClpX","2","2","1","3","14","298","1","","1223","1223","1223","","CCHHBCMG_01336","","NFMMKAFD_01255","",""
"group_2752","","hypothetical protein","2","2","1","3","310","339","1","","749","749","749","","CCHHBCMG_01338","","NFMMKAFD_01253","",""
"group_2753","","hypothetical protein","2","2","1","3","17","288","1","","422","422","422","","CCHHBCMG_01340","","NFMMKAFD_01251","",""
"group_2754","tal","Transaldolase","2","2","1","3","18","288","2","","977","977","977","","CCHHBCMG_01341","","NFMMKAFD_01250","",""
"group_2755","serB","Phosphoserine phosphatase","2","2","1","3","19","288","3","","623","623","623","","CCHHBCMG_01342","","NFMMKAFD_01249","",""
"group_2756","rcsC","Sensor histidine kinase RcsC","2","2","1","3","20","353","1","","2309","2309","2309","","CCHHBCMG_01344","","NFMMKAFD_01247","",""
"group_2757","","hypothetical protein","2","2","1","3","300","350","1","","626","635","630","","CCHHBCMG_01346","","NFMMKAFD_01245","",""
"group_2758","lpxB","Lipid-A-disaccharide synthase","2","2","1","3","298","247","2","","1094","1094","1094","","CCHHBCMG_01348","","NFMMKAFD_01243","",""
"group_2761","","hypothetical protein","2","2","1","3","294","247","6","","752","752","752","","CCHHBCMG_01352","","NFMMKAFD_01237","",""
"group_2772","pth","Peptidyl-tRNA hydrolase","2","2","1","3","256","290","3","","545","545","545","","CCHHBCMG_01370","","NFMMKAFD_01215","",""
"group_2773","","hypothetical protein","2","2","1","3","255","290","2","","1058","1058","1058","","CCHHBCMG_01371","","NFMMKAFD_01214","",""
"group_2774","lysA","Diaminopimelate decarboxylase","2","2","1","3","254","290","1","","1208","1208","1208","","CCHHBCMG_01372","","NFMMKAFD_01213","",""
"group_2775","pheA","Bifunctional chorismate mutase/prephenate dehydratase","2","2","1","3","250","311","2","","1073","1073","1073","","CCHHBCMG_01374","","NFMMKAFD_01211","",""
"group_2776","","hypothetical protein","2","2","1","3","234","225","1","","830","830","830","","CCHHBCMG_01378","","NFMMKAFD_01207","",""
"group_2777","dxs","1-deoxy-D-xylulose-5-phosphate synthase","2","2","1","3","233","225","2","","1847","1847","1847","","CCHHBCMG_01379","","NFMMKAFD_01206","",""
"group_2778","","hypothetical protein","2","2","1","3","232","225","3","","410","410","410","","CCHHBCMG_01380","","NFMMKAFD_01205","",""
"group_2779","","hypothetical protein","2","2","1","3","231","225","4","","1196","1196","1196","","CCHHBCMG_01381","","NFMMKAFD_01204","",""
"menG","","Demethylmenaquinone methyltransferase","2","2","1","3","230","225","10","","707","707","707","","CCHHBCMG_01382","","NFMMKAFD_01203","",""
"group_2781","xseA","Exodeoxyribonuclease 7 large subunit","2","2","1","3","229","225","9","","1163","1163","1163","","CCHHBCMG_01383","","NFMMKAFD_01202","",""
"group_2782","serC","Phosphoserine aminotransferase","2","2","1","3","228","225","8","","1076","1076","1076","","CCHHBCMG_01384","","NFMMKAFD_01201","",""
"yabJ_1","","2-iminobutanoate/2-iminopropanoate deaminase","2","2","1","3","227","225","7","","350","350","350","","CCHHBCMG_01385","","NFMMKAFD_01200","",""
"fabH1","","3-oxoacyl-[acyl-carrier-protein] synthase 3 protein 1","2","2","1","3","226","225","6","","974","974","974","","CCHHBCMG_01386","","NFMMKAFD_01199","",""
"group_2785","plsX","Phosphate acyltransferase","2","2","1","3","225","225","5","","986","986","986","","CCHHBCMG_01387","","NFMMKAFD_01198","",""
"group_2786","","hypothetical protein","2","2","1","3","221","328","1","","284","284","284","","CCHHBCMG_01391","","NFMMKAFD_01194","",""
"group_2787","flhB","Flagellar biosynthetic protein FlhB","2","2","1","3","35","306","2","","1088","1088","1088","","CCHHBCMG_01393","","NFMMKAFD_01192","",""
"group_2788","motB","Motility protein B","2","2","1","3","41","306","1","","743","743","743","","CCHHBCMG_01394","","NFMMKAFD_01191","",""
"group_2789","polA","DNA polymerase I","2","2","1","3","40","272","1","","2639","2651","2645","","CCHHBCMG_01396","","NFMMKAFD_01189","",""
"rihA","","Pyrimidine-specific ribonucleoside hydrolase RihA","2","2","1","3","38","272","4","","1007","1007","1007","","CCHHBCMG_01398","","NFMMKAFD_01186","",""
"group_2791","yqaA","Inner membrane protein YqaA","2","2","1","3","37","272","5","","443","443","443","","CCHHBCMG_01399","","NFMMKAFD_01185","",""
"group_2792","","hypothetical protein","2","2","1","3","201","224","1","","785","785","785","","CCHHBCMG_01401","","NFMMKAFD_01183","",""
"group_2793","trpGD","Bifunctional protein TrpGD","2","2","1","3","199","224","3","","1601","1601","1601","","CCHHBCMG_01403","","NFMMKAFD_01181","",""
"group_2794","trpB","Tryptophan synthase beta chain","2","2","1","3","197","224","5","","1178","1178","1178","","CCHHBCMG_01405","","NFMMKAFD_01179","",""
"group_2795","fliN","Flagellar motor switch protein FliN","2","2","1","3","194","224","11","","308","308","308","","CCHHBCMG_01408","","NFMMKAFD_01176","",""
"gppA_2","","Guanosine-5'-triphosphate,3'-diphosphate pyrophosphatase","2","2","1","3","192","224","9","","1460","1460","1460","","CCHHBCMG_01410","","NFMMKAFD_01174","",""
"group_2797","fdx","Ferredoxin","2","2","1","3","191","224","8","","245","245","245","","CCHHBCMG_01411","","NFMMKAFD_01173","",""
"group_2798","","hypothetical protein","2","2","1","3","186","294","1","","317","317","317","","CCHHBCMG_01413","","NFMMKAFD_01171","",""
"group_2799","plsY","Glycerol-3-phosphate acyltransferase","2","2","1","3","185","294","2","","608","608","608","","CCHHBCMG_01414","","NFMMKAFD_01170","",""
"group_2800","ccpA","Cytochrome c551 peroxidase","2","2","1","3","184","294","3","","1025","1025","1025","","CCHHBCMG_01415","","NFMMKAFD_01169","",""
"group_2801","lspA","Lipoprotein signal peptidase","2","2","1","3","179","231","8","","470","470","470","","CCHHBCMG_01417","","NFMMKAFD_01167","",""
"group_2802","","hypothetical protein","2","2","1","3","178","231","9","","452","452","452","","CCHHBCMG_01418","","NFMMKAFD_01166","",""
"group_2803","","hypothetical protein","2","2","1","3","177","231","10","","1346","1346","1346","","CCHHBCMG_01419","","NFMMKAFD_01165","",""
"group_2804","","hypothetical protein","2","2","1","3","176","231","7","","251","251","251","","CCHHBCMG_01420","","NFMMKAFD_01164","",""
"group_2805","ttgC","putative efflux pump outer membrane protein TtgC","2","2","1","3","175","231","6","","1457","1478","1467","","CCHHBCMG_01421","","NFMMKAFD_01163","",""
"group_2806","bepE","Efflux pump membrane transporter BepE","2","2","1","3","174","231","5","","3119","3119","3119","","CCHHBCMG_01422","","NFMMKAFD_01162","",""
"acrE","","Multidrug export protein AcrE","2","2","1","3","173","231","4","","1103","1103","1103","","CCHHBCMG_01423","","NFMMKAFD_01161","",""
"group_2809","","hypothetical protein","2","2","1","3","170","231","1","","1376","1376","1376","","CCHHBCMG_01425","","NFMMKAFD_01159","",""
"group_2810","","hypothetical protein","2","2","1","3","168","219","1","","605","605","605","","CCHHBCMG_01427","","NFMMKAFD_01157","",""
"group_2811","ygiC","Putative acid--amine ligase YgiC","2","2","1","3","167","219","2","","1169","1169","1169","","CCHHBCMG_01428","","NFMMKAFD_01156","",""
"group_2812","hpr","Hydroxypyruvate reductase","2","2","1","3","166","219","3","","935","935","935","","CCHHBCMG_01429","","NFMMKAFD_01155","",""
"group_2813","","hypothetical protein","2","2","1","3","165","219","4","","491","491","491","","CCHHBCMG_01430","","NFMMKAFD_01154","",""
"group_2814","","hypothetical protein","2","2","1","3","163","219","6","","824","824","824","","CCHHBCMG_01432","","NFMMKAFD_01152","",""
"group_2815","ftsH_2","ATP-dependent zinc metalloprotease FtsH","2","2","1","3","162","219","7","","1712","1712","1712","","CCHHBCMG_01433","","NFMMKAFD_01151","",""
"group_2816","msrQ","Protein-methionine-sulfoxide reductase heme-binding subunit MsrQ","2","2","1","3","161","219","8","","539","539","539","","CCHHBCMG_01434","","NFMMKAFD_01150","",""
"group_2817","msrP","Protein-methionine-sulfoxide reductase catalytic subunit MsrP","2","2","1","3","160","219","9","","893","893","893","","CCHHBCMG_01435","","NFMMKAFD_01149","",""
"group_2818","","hypothetical protein","2","2","1","3","159","219","10","","785","785","785","","CCHHBCMG_01436","","NFMMKAFD_01148","",""
"group_2819","pyrF","Orotidine 5'-phosphate decarboxylase","2","2","1","3","158","219","11","","839","839","839","","CCHHBCMG_01437","","NFMMKAFD_01147","",""
"group_2820","nusB","Transcription antitermination protein NusB","2","2","1","3","157","219","12","","398","398","398","","CCHHBCMG_01438","","NFMMKAFD_01146","",""
"group_2821","kdsA","2-dehydro-3-deoxyphosphooctonate aldolase","2","2","1","3","137","212","1","","815","815","815","","CCHHBCMG_01440","","NFMMKAFD_01144","",""
"group_2822","cntI","Pseudopaline exporter CntI","2","2","1","3","136","212","2","","932","932","932","","CCHHBCMG_01441","","NFMMKAFD_01143","",""
"group_2823","der_1","GTPase Der","2","2","1","3","135","212","3","","1382","1382","1382","","CCHHBCMG_01442","","NFMMKAFD_01142","",""
"group_2824","trpS","Tryptophan--tRNA ligase","2","2","1","3","133","212","5","","959","959","959","","CCHHBCMG_01444","","NFMMKAFD_01140","",""
"group_2825","serS","Serine--tRNA ligase","2","2","1","3","132","212","6","","1235","1235","1235","","CCHHBCMG_01445","","NFMMKAFD_01139","",""
"group_2826","","hypothetical protein","2","2","1","3","131","212","7","","2462","2462","2462","","CCHHBCMG_01446","","NFMMKAFD_01138","",""
"group_2827","","hypothetical protein","2","2","1","3","130","212","8","","635","635","635","","CCHHBCMG_01447","","NFMMKAFD_01137","",""
"group_2828","pyk","Pyruvate kinase","2","2","1","3","129","212","9","","1442","1442","1442","","CCHHBCMG_01448","","NFMMKAFD_01136","",""
"group_2829","mqo","Malate:quinone oxidoreductase","2","2","1","3","128","212","10","","1346","1346","1346","","CCHHBCMG_01449","","NFMMKAFD_01135","",""
"group_2830","coaX","Type III pantothenate kinase","2","2","1","3","127","212","11","","629","629","629","","CCHHBCMG_01450","","NFMMKAFD_01134","",""
"GATC","","Glutamyl-tRNA(Gln) amidotransferase subunit C, chloroplastic/mitochondrial","2","2","1","3","123","212","17","","284","284","284","","CCHHBCMG_01454","","NFMMKAFD_01130","",""
"group_2833","","hypothetical protein","2","2","1","3","122","212","16","","563","563","563","","CCHHBCMG_01455","","NFMMKAFD_01129","",""
"group_2834","lysS","Lysine--tRNA ligase","2","2","1","3","111","299","2","","1505","1505","1505","","CCHHBCMG_01457","","NFMMKAFD_01127","",""
"group_2835","glyA","Serine hydroxymethyltransferase","2","2","1","3","110","299","1","","1244","1244","1244","","CCHHBCMG_01458","","NFMMKAFD_01126","",""
"group_2836","lgt","Phosphatidylglycerol--prolipoprotein diacylglyceryl transferase","2","2","1","3","105","268","4","","815","815","815","","CCHHBCMG_01463","","NFMMKAFD_01121","",""
"group_2837","frdC","Fumarate reductase cytochrome b subunit","2","2","1","3","104","268","3","","782","782","782","","CCHHBCMG_01464","","NFMMKAFD_01120","",""
"group_2838","der_1","GTPase Der","2","2","1","3","98","229","3","","2186","2186","2186","","CCHHBCMG_01467","","NFMMKAFD_01117","",""
"group_2839","","hypothetical protein","2","2","1","3","97","229","4","","1829","1829","1829","","CCHHBCMG_01468","","NFMMKAFD_01116","",""
"hcpA","","Beta-lactamase HcpA","2","2","1","3","96","229","5","","704","704","704","","CCHHBCMG_01469","","NFMMKAFD_01115","",""
"group_2841","","hypothetical protein","2","2","1","3","95","229","6","","728","728","728","","CCHHBCMG_01470","","NFMMKAFD_01114","",""
"group_2842","","Gluconate 2-dehydrogenase flavoprotein","2","2","1","3","94","229","7","","1721","1721","1721","","CCHHBCMG_01471","","NFMMKAFD_01113","",""
"group_2845","","hypothetical protein","2","2","1","3","90","229","9","","704","704","704","","CCHHBCMG_01474","","NFMMKAFD_01111","",""
"group_2846","","hypothetical protein","2","2","1","3","89","229","2","","362","362","362","","CCHHBCMG_01475","","NFMMKAFD_01110","",""
"group_2847","yceI","Protein YceI","2","2","1","3","88","229","1","","572","572","572","","CCHHBCMG_01476","","NFMMKAFD_01109","",""
"group_2851","","hypothetical protein","2","2","1","3","78","266","1","","332","332","332","","CCHHBCMG_01483","","NFMMKAFD_01102","",""
"group_2852","","hypothetical protein","2","2","1","3","76","266","3","","584","584","584","","CCHHBCMG_01485","","NFMMKAFD_01100","",""
"group_2853","","hypothetical protein","2","2","1","3","75","266","4","","1226","1226","1226","","CCHHBCMG_01486","","NFMMKAFD_01099","",""
"group_2854","","hypothetical protein","2","2","1","3","74","266","5","","737","737","737","","CCHHBCMG_01487","","NFMMKAFD_01098","",""
"group_2855","znuA","High-affinity zinc uptake system protein ZnuA","2","2","1","2","418","254","3","","890","890","890","","CCHHBCMG_01488","","NFMMKAFD_01382","",""
"group_2856","btuD_3","Vitamin B12 import ATP-binding protein BtuD","2","2","1","2","419","254","4","","854","854","854","","CCHHBCMG_01489","","NFMMKAFD_01383","",""
"mntB","","Manganese transport system membrane protein MntB","2","2","1","2","420","254","5","","803","803","803","","CCHHBCMG_01490","","NFMMKAFD_01384","",""
"group_2859","infB","Translation initiation factor IF-2","2","2","1","2","425","276","4","","2585","2615","2600","","CCHHBCMG_01495","","NFMMKAFD_01389","",""
"group_2860","thrB","Homoserine kinase","2","2","1","2","427","276","2","","878","878","878","","CCHHBCMG_01497","","NFMMKAFD_01391","",""
"group_2861","","hypothetical protein","2","2","1","2","428","276","1","","401","401","401","","CCHHBCMG_01498","","NFMMKAFD_01392","",""
"group_2862","","hypothetical protein","2","2","1","2","430","237","4","","1373","1373","1373","","CCHHBCMG_01500","","NFMMKAFD_01394","",""
"group_2863","tyrC","Cyclohexadienyl dehydrogenase","2","2","1","2","431","237","5","","827","827","827","","CCHHBCMG_01501","","NFMMKAFD_01395","",""
"group_2864","bamA","Outer membrane protein assembly factor BamA","2","2","1","2","432","237","6","","2219","2219","2219","","CCHHBCMG_01502","","NFMMKAFD_01396","",""
"group_2865","","hypothetical protein","2","2","1","2","433","237","7","","722","722","722","","CCHHBCMG_01503","","NFMMKAFD_01397","",""
"group_2866","accD","Acetyl-coenzyme A carboxylase carboxyl transferase subunit beta","2","2","1","2","434","237","8","","842","842","842","","CCHHBCMG_01504","","NFMMKAFD_01398","",""
"group_2867","rlmH","Ribosomal RNA large subunit methyltransferase H","2","2","1","2","435","237","3","","449","449","449","","CCHHBCMG_01505","","NFMMKAFD_01399","",""
"group_2868","dksA","RNA polymerase-binding transcription factor DksA","2","2","1","2","436","237","2","","362","362","362","","CCHHBCMG_01506","","NFMMKAFD_01400","",""
"group_2869","","hypothetical protein","2","2","1","2","437","237","1","","986","986","986","","CCHHBCMG_01507","","NFMMKAFD_01401","",""
"group_2870","ybeY","Endoribonuclease YbeY","2","2","1","2","441","273","4","","407","407","407","","CCHHBCMG_01511","","NFMMKAFD_01404","",""
"group_2871","","hypothetical protein","2","2","1","2","442","273","2","","614","614","614","","CCHHBCMG_01512","","NFMMKAFD_01405","",""
"group_2872","","hypothetical protein","2","2","1","2","443","273","1","","521","521","521","","CCHHBCMG_01513","","NFMMKAFD_01406","",""
"group_2873","fabD","Malonyl CoA-acyl carrier protein transacylase","2","2","1","2","451","333","1","","920","920","920","","CCHHBCMG_01516","","NFMMKAFD_01409","",""
"group_2874","cpoB","Cell division coordinator CpoB","2","2","1","2","453","240","7","","947","947","947","","CCHHBCMG_01518","","NFMMKAFD_01411","",""
"group_2875","pal_2","Peptidoglycan-associated lipoprotein","2","2","1","2","454","240","6","","497","497","497","","CCHHBCMG_01519","","NFMMKAFD_01412","",""
"group_2876","tolB","Tol-Pal system protein TolB","2","2","1","2","455","240","5","","1208","1208","1208","","CCHHBCMG_01520","","NFMMKAFD_01413","",""
"group_2877","exbD_2","Biopolymer transport protein ExbD","2","2","1","2","457","240","3","","389","389","389","","CCHHBCMG_01522","","NFMMKAFD_01415","",""
"tolQ_2","","Tol-Pal system protein TolQ","2","2","1","2","458","240","2","","554","554","554","","CCHHBCMG_01523","","NFMMKAFD_01416","",""
"group_2879","atpC","ATP synthase epsilon chain","2","2","1","2","459","240","1","","389","389","389","","CCHHBCMG_01524","","NFMMKAFD_01417","",""
"group_2880","atpG_1","ATP synthase gamma chain","2","2","1","2","462","349","1","","884","884","884","","CCHHBCMG_01526","","NFMMKAFD_01419","",""
"group_2881","atpD_2","ATP synthase subunit delta","2","2","1","2","464","281","2","","521","521","521","","CCHHBCMG_01528","","NFMMKAFD_01421","",""
"group_2882","parB","putative chromosome-partitioning protein ParB","2","2","1","2","467","281","1","","836","836","836","","CCHHBCMG_01531","","NFMMKAFD_01424","",""
"group_2883","birA","Bifunctional ligase/repressor BirA","2","2","1","2","602","292","1","","653","653","653","","CCHHBCMG_01533","","NFMMKAFD_01426","",""
"fmt_3","","Methionyl-tRNA formyltransferase","2","2","1","2","601","292","2","","917","917","917","","CCHHBCMG_01534","","NFMMKAFD_01427","",""
"group_2885","proB","Glutamate 5-kinase","2","2","1","2","600","292","3","","755","755","755","","CCHHBCMG_01535","","NFMMKAFD_01428","",""
"group_2886","","hypothetical protein","2","2","1","2","595","269","1","","1202","1202","1202","","CCHHBCMG_01539","","NFMMKAFD_01432","",""
"group_2887","","hypothetical protein","2","2","1","2","594","269","5","","1337","1337","1337","","CCHHBCMG_01540","","NFMMKAFD_01433","",""
"group_2888","","hypothetical protein","2","2","1","2","593","269","4","","623","623","623","","CCHHBCMG_01541","","NFMMKAFD_01434","",""
"group_2889","","hypothetical protein","2","2","1","2","591","269","2","","1361","1361","1361","","CCHHBCMG_01543","","NFMMKAFD_01436","",""
"group_2890","ung","Uracil-DNA glycosylase","2","2","1","2","581","203","1","","695","695","695","","CCHHBCMG_01546","","NFMMKAFD_01439","",""
"group_2891","","hypothetical protein","2","2","1","2","579","203","3","","104","104","104","","CCHHBCMG_01548","","NFMMKAFD_01441","",""
"group_2892","cydB","Cytochrome bd-I ubiquinol oxidase subunit 2","2","2","1","2","578","203","4","","1124","1124","1124","","CCHHBCMG_01549","","NFMMKAFD_01442","",""
"group_2893","cydA","Cytochrome bd-I ubiquinol oxidase subunit 1","2","2","1","2","577","203","5","","1562","1562","1562","","CCHHBCMG_01550","","NFMMKAFD_01443","",""
"group_2894","","hypothetical protein","2","2","1","2","576","203","6","","269","269","269","","CCHHBCMG_01551","","NFMMKAFD_01444","",""
"group_2895","lldP","L-lactate permease","2","2","1","2","572","203","10","","1682","1682","1682","","CCHHBCMG_01555","","NFMMKAFD_01448","",""
"group_2896","lutB","Lactate utilization protein B","2","2","1","2","570","203","12","","1439","1439","1439","","CCHHBCMG_01557","","NFMMKAFD_01450","",""
"group_2897","lutC","Lactate utilization protein C","2","2","1","2","569","203","13","","656","656","656","","CCHHBCMG_01558","","NFMMKAFD_01451","",""
"group_2898","","hypothetical protein","2","2","1","2","567","203","15","","350","350","350","","CCHHBCMG_01560","","NFMMKAFD_01453","",""
"group_2899","","hypothetical protein","2","2","1","2","565","203","18","","896","896","896","","CCHHBCMG_01562","","NFMMKAFD_01456","",""
"group_2900","","Aminodeoxyfutalosine deaminase","2","2","1","2","564","203","19","","1229","1229","1229","","CCHHBCMG_01563","","NFMMKAFD_01457","",""
"group_2901","aroQ","3-dehydroquinate dehydratase","2","2","1","2","563","203","20","","479","479","479","","CCHHBCMG_01564","","NFMMKAFD_01458","",""
"folK","","2-amino-4-hydroxy-6-hydroxymethyldihydropteridine pyrophosphokinase","2","2","1","2","562","203","23","","473","473","473","","CCHHBCMG_01565","","NFMMKAFD_01459","",""
"group_2903","srp54","Signal recognition particle 54 kDa protein","2","2","1","2","561","203","22","","1454","1454","1454","","CCHHBCMG_01566","","NFMMKAFD_01460","",""
"group_2904","ylxH","Flagellum site-determining protein YlxH","2","2","1","2","560","203","21","","866","866","866","","CCHHBCMG_01567","","NFMMKAFD_01461","",""
"group_2905","","hypothetical protein","2","2","1","2","538","36","17","","842","842","842","","CCHHBCMG_01571","","NFMMKAFD_01465","",""
"group_2911","","hypothetical protein","2","2","1","2","507","35","14","","1790","1790","1790","","CCHHBCMG_01586","","NFMMKAFD_01480","",""
"group_2912","","hypothetical protein","2","2","1","2","506","35","13","","323","323","323","","CCHHBCMG_01587","","NFMMKAFD_01481","",""
"group_2913","","hypothetical protein","2","2","1","2","480","314","2","","1043","1043","1043","","CCHHBCMG_01590","","NFMMKAFD_01484","",""
"group_2915","","hypothetical protein","2","2","1","2","489","52","17","","488","488","488","","CCHHBCMG_01594","HDHBLALJ_01240","","",""
"group_2917","","hypothetical protein","2","2","1","2","483","52","20","","1397","1397","1397","","CCHHBCMG_01596","","NFMMKAFD_01490","",""
"group_2918","","hypothetical protein","2","2","1","3","448","330","1","","1781","1781","1781","","CCHHBCMG_01597","","NFMMKAFD_01694","",""
"group_2919","","hypothetical protein","2","2","1","3","453","244","1","","338","338","338","","CCHHBCMG_01600","","NFMMKAFD_01691","",""
"group_2920","hom","Homoserine dehydrogenase","2","2","1","3","454","244","2","","1247","1247","1247","","CCHHBCMG_01601","","NFMMKAFD_01690","",""
"group_2921","alaC","Glutamate-pyruvate aminotransferase AlaC","2","2","1","3","455","244","3","","1202","1202","1202","","CCHHBCMG_01602","","NFMMKAFD_01689","",""
"group_2922","rlmB","23S rRNA (guanosine-2'-O-)-methyltransferase RlmB","2","2","1","3","458","244","6","","683","683","683","","CCHHBCMG_01605","","NFMMKAFD_01686","",""
"group_2923","","hypothetical protein","2","2","1","3","466","221","10","","656","656","656","","CCHHBCMG_01608","","NFMMKAFD_01683","",""
"group_2924","","hypothetical protein","2","2","1","3","467","221","11","","407","407","407","","CCHHBCMG_01609","","NFMMKAFD_01682","",""
"group_2925","","hypothetical protein","2","2","1","3","468","221","12","","425","425","425","","CCHHBCMG_01610","","NFMMKAFD_01681","",""
"group_2926","","hypothetical protein","2","2","1","3","469","221","9","","581","581","581","","CCHHBCMG_01611","","NFMMKAFD_01680","",""
"group_2927","queE","7-carboxy-7-deazaguanine synthase","2","2","1","3","470","221","8","","743","743","743","","CCHHBCMG_01612","","NFMMKAFD_01679","",""
"group_2928","moaA_2","GTP 3',8-cyclase","2","2","1","3","471","221","7","","962","962","962","","CCHHBCMG_01613","","NFMMKAFD_01678","",""
"group_2929","","hypothetical protein","2","2","1","3","472","221","6","","515","515","515","","CCHHBCMG_01614","","NFMMKAFD_01677","",""
"group_2930","","hypothetical protein","2","2","1","3","473","221","5","","497","497","497","","CCHHBCMG_01615","","NFMMKAFD_01676","",""
"group_2931","COQ2","4-hydroxybenzoate polyprenyltransferase, mitochondrial","2","2","1","3","474","221","4","","884","884","884","","CCHHBCMG_01616","","NFMMKAFD_01675","",""
"group_2932","miaA","tRNA dimethylallyltransferase","2","2","1","3","475","221","3","","869","869","869","","CCHHBCMG_01617","","NFMMKAFD_01674","",""
"group_2933","mntP","putative manganese efflux pump MntP","2","2","1","3","476","221","2","","563","563","563","","CCHHBCMG_01618","","NFMMKAFD_01673","",""
"group_2934","btuD_4","Vitamin B12 import ATP-binding protein BtuD","2","2","1","3","481","32","16","","905","905","905","","CCHHBCMG_01623","","NFMMKAFD_01666","",""
"group_2935","futA1","Iron uptake protein A1","2","2","1","3","483","32","15","","1004","1004","1004","","CCHHBCMG_01625","","NFMMKAFD_01664","",""
"group_2937","","hypothetical protein","2","2","1","3","488","248","6","","1358","1358","1358","","CCHHBCMG_01629","","NFMMKAFD_01656","",""
"group_2938","apaH","Bis(5'-nucleosyl)-tetraphosphatase, symmetrical","2","2","1","3","489","248","5","","1184","1184","1184","","CCHHBCMG_01630","","NFMMKAFD_01655","",""
"group_2939","","hypothetical protein","2","2","1","3","490","248","4","","209","209","209","","CCHHBCMG_01631","","NFMMKAFD_01654","",""
"group_2940","","hypothetical protein","2","2","1","3","491","248","3","","719","719","719","","CCHHBCMG_01632","","NFMMKAFD_01653","",""
"group_2941","comM","Competence protein ComM","2","2","1","3","496","313","1","","1505","1505","1505","","CCHHBCMG_01636","","NFMMKAFD_01649","",""
"group_2942","def","Peptide deformylase","2","2","1","3","497","313","2","","527","527","527","","CCHHBCMG_01637","","NFMMKAFD_01648","",""
"group_2943","folE","GTP cyclohydrolase 1","2","2","1","3","500","356","1","","572","572","572","","CCHHBCMG_01640","","NFMMKAFD_01645","",""
"group_2944","dapB","4-hydroxy-tetrahydrodipicolinate reductase","2","2","1","3","512","243","9","","728","728","728","","CCHHBCMG_01643","","NFMMKAFD_01642","",""
"group_2945","","putative AAA domain-containing protein","2","2","1","3","513","243","8","","1181","1181","1181","","CCHHBCMG_01644","","NFMMKAFD_01641","",""
"group_2948","uppP","Undecaprenyl-diphosphatase","2","2","1","3","529","308","1","","803","803","803","","CCHHBCMG_01651","","NFMMKAFD_01634","",""
"group_2949","thrZ","Threonine--tRNA ligase 2","2","2","1","3","530","308","2","","1808","1808","1808","","CCHHBCMG_01652","","NFMMKAFD_01633","",""
"group_2950","fokIM","Modification methylase FokI","2","2","1","3","1","216","15","","1091","1091","1091","","CCHHBCMG_01654","","NFMMKAFD_01631","",""
"group_2952","ypeA","Acetyltransferase YpeA","2","2","1","3","390","216","7","","446","446","446","","CCHHBCMG_01660","","NFMMKAFD_01622","",""
"group_2953","argB","Acetylglutamate kinase","2","2","1","3","391","216","6","","839","839","839","","CCHHBCMG_01661","","NFMMKAFD_01621","",""
"group_2954","argD","Acetylornithine aminotransferase","2","2","1","3","392","216","5","","1181","1181","1181","","CCHHBCMG_01662","","NFMMKAFD_01620","",""
"group_2955","pcm","Protein-L-isoaspartate O-methyltransferase","2","2","1","3","393","216","4","","629","629","629","","CCHHBCMG_01663","","NFMMKAFD_01619","",""
"group_2956","yrdA","Protein YrdA","2","2","1","3","394","216","3","","548","548","548","","CCHHBCMG_01664","","NFMMKAFD_01618","",""
"group_2957","pncB2","Nicotinate phosphoribosyltransferase pncB2","2","2","1","3","395","216","2","","1370","1370","1370","","CCHHBCMG_01665","","NFMMKAFD_01617","",""
"group_2958","","hypothetical protein","2","2","1","3","380","305","2","","422","422","422","","CCHHBCMG_01667","","NFMMKAFD_01615","",""
"group_2959","pyrE","Orotate phosphoribosyltransferase","2","2","1","3","379","305","1","","608","608","608","","CCHHBCMG_01668","","NFMMKAFD_01614","",""
"group_2960","","hypothetical protein","2","2","1","3","377","274","4","","371","371","371","","CCHHBCMG_01670","","NFMMKAFD_01612","",""
"group_2961","yccA","Modulator of FtsH protease YccA","2","2","1","3","369","274","3","","695","695","695","","CCHHBCMG_01671","","NFMMKAFD_01611","",""
"group_2962","cynT","Carbonic anhydrase 1","2","2","1","3","370","274","2","","635","635","635","","CCHHBCMG_01672","","NFMMKAFD_01610","",""
"group_2963","","Bacteriohemerythrin","2","2","1","3","364","304","2","","401","401","401","","CCHHBCMG_01676","","NFMMKAFD_01606","",""
"group_2964","","hypothetical protein","2","2","1","3","365","304","1","","1166","1166","1166","","CCHHBCMG_01677","","NFMMKAFD_01605","",""
"group_2968","","hypothetical protein","2","2","1","3","349","230","6","","476","476","476","","CCHHBCMG_01684","","NFMMKAFD_01600","",""
"group_2969","proP_3","Proline/betaine transporter","2","2","1","3","350","230","5","","1310","1310","1310","","CCHHBCMG_01685","","NFMMKAFD_01599","",""
"group_2970","","hypothetical protein","2","2","1","3","354","230","1","","1136","1136","1136","","CCHHBCMG_01689","","NFMMKAFD_01595","",""
"group_2971","eptA","Phosphoethanolamine transferase EptA","2","2","1","3","348","249","6","","1538","1538","1538","","CCHHBCMG_01691","","NFMMKAFD_01593","",""
"group_2972","dgkA","Diacylglycerol kinase","2","2","1","3","347","249","7","","356","356","356","","CCHHBCMG_01692","","NFMMKAFD_01592","",""
"group_2973","","hypothetical protein","2","2","1","3","346","249","9","","227","227","227","","CCHHBCMG_01693","","NFMMKAFD_01591","",""
"group_2976","","hypothetical protein","2","2","1","9","1","228","3","","1028","1028","1028","","CCHHBCMG_01698","","NFMMKAFD_01854","",""
"group_2977","","hypothetical protein","2","2","1","9","2","228","4","","953","953","953","","CCHHBCMG_01699","","NFMMKAFD_01855","",""
"group_2978","","hypothetical protein","2","2","1","9","3","228","5","","1625","1625","1625","","CCHHBCMG_01700","","NFMMKAFD_01856","",""
"group_2979","","hypothetical protein","2","2","1","9","4","228","6","","944","944","944","","CCHHBCMG_01701","","NFMMKAFD_01857","",""
"group_2981","","hypothetical protein","2","2","1","9","7","228","9","","941","941","941","","CCHHBCMG_01703","","NFMMKAFD_01859","",""
"group_2982","","hypothetical protein","2","2","1","9","8","228","10","","464","464","464","","CCHHBCMG_01704","","NFMMKAFD_01860","",""
"group_2983","","hypothetical protein","2","2","1","9","11","228","2","","413","413","413","","CCHHBCMG_01707","","NFMMKAFD_01879","",""
"group_2984","","hypothetical protein","2","2","1","10","6","263","3","","557","557","557","","CCHHBCMG_01713","","NFMMKAFD_01874","",""
"group_2985","","hypothetical protein","2","2","1","10","5","263","4","","386","386","386","","CCHHBCMG_01714","","NFMMKAFD_01875","",""
"group_2986","","hypothetical protein","2","2","1","10","2","263","6","","377","377","377","","CCHHBCMG_01716","","NFMMKAFD_01871","",""
"group_2987","","hypothetical protein","2","2","1","10","3","263","1","","566","566","566","","CCHHBCMG_01717","","NFMMKAFD_01872","",""
"group_2988","","hypothetical protein","2","2","1","11","4","282","1","Hypothetical protein with no hits to refseq/uniprot/clusters/cdd/tigrfams/pfam overlapping another protein with hits","632","632","632","","CCHHBCMG_01718","","NFMMKAFD_01869","",""
"group_2989","","hypothetical protein","2","2","1","11","3","282","2","","350","350","350","","CCHHBCMG_01719","","NFMMKAFD_01868","",""
"group_2990","","hypothetical protein","2","2","1","11","2","282","3","","566","566","566","","CCHHBCMG_01720","","NFMMKAFD_01867","",""
"group_2991","","hypothetical protein","2","2","1","1","577","322","1","","257","257","257","","CCHHBCMG_01722","HDHBLALJ_01724","","",""
"group_2998","","hypothetical protein","2","2","1","1","740","15","23","","1199","1199","1199","","","HDHBLALJ_00396","","","DOCPNFPP_00099"
"group_3001","","hypothetical protein","2","2","1","3","315","54","5","","941","941","941","","","HDHBLALJ_00903","","HIOKELPH_01118",""
"group_3003","","hypothetical protein","2","2","1","2","527","36","4","","788","788","788","","","HDHBLALJ_01221","","HIOKELPH_01527",""
"group_3011","","hypothetical protein","2","2","1","1","2222","6","53","","977","977","977","","","HDHBLALJ_01387","","HIOKELPH_01020",""
"dnaJ_1","","Chaperone protein DnaJ","2","2","1","1","1763","213","9","","1121","1124","1122","","CCHHBCMG_00081","","NFMMKAFD_00074","",""
"group_3073","gyrA","DNA gyrase subunit A","2","2","1","1","1419","196","27","","2588","2591","2589","","CCHHBCMG_00296","","NFMMKAFD_00303","",""
"group_3074","","hypothetical protein","2","2","1","1","1389","196","4","","1991","1994","1992","","CCHHBCMG_00329","","NFMMKAFD_00331","",""
"group_3082","","hypothetical protein","2","2","1","1","1830","2","36","","1004","1019","1011","","CCHHBCMG_00480","","NFMMKAFD_00479","",""
"group_3154","murI","Glutamate racemase","2","2","1","2","338","223","6","","743","752","747","","CCHHBCMG_01218","","NFMMKAFD_00784","",""
"group_3186","lpxK","Tetraacyldisaccharide 4'-kinase","2","2","1","1","1012","23","5","","923","926","924","","CCHHBCMG_00849","","NFMMKAFD_01035","",""
"group_3187","murJ","putative lipid II flippase MurJ","2","2","1","1","990","207","6","","1439","1451","1445","","CCHHBCMG_00859","","NFMMKAFD_01045","",""
"group_32","","hypothetical protein","2","2","1","2","536","36","15","","125","551","338","","","","NFMMKAFD_01467","HIOKELPH_01524",""
"group_3257","","hypothetical protein","2","2","1","3","344","249","4","","3149","3152","3150","","CCHHBCMG_01695","","NFMMKAFD_01589","",""
"group_3260","","hypothetical protein","2","2","1","3","371","274","1","","1877","1883","1880","","CCHHBCMG_01673","","NFMMKAFD_01609","",""
"citN","","Citrate transporter","2","2","1","3","518","243","3","","1325","1346","1335","","CCHHBCMG_01649","","NFMMKAFD_01636","",""
"group_3274","rsmI","Ribosomal RNA small subunit methyltransferase I","2","2","1","3","459","244","7","","824","836","830","","CCHHBCMG_01606","","NFMMKAFD_01685","",""
"group_3275","","hypothetical protein","2","2","1","1","1216","194","13","","1934","1943","1938","","CCHHBCMG_00638","","NFMMKAFD_01695","",""
"ftsH_3","","ATP-dependent zinc metalloprotease FtsH","2","2","1","1","1243","194","76","","1610","1616","1613","","CCHHBCMG_00667","","NFMMKAFD_01724","",""
"group_33","fmt_2","Methionyl-tRNA formyltransferase","2","2","1","1","556","55","3","","317","518","417","OBHBHFCO_01652","CCHHBCMG_00032","","","",""
"group_3344","","hypothetical protein","2","2","1","1","1205","220","4","","3929","3932","3930","","CCHHBCMG_00627","","NFMMKAFD_01845","",""
"group_34","fmt_1","Methionyl-tRNA formyltransferase","2","2","1","1","555","55","4","","218","527","372","","CCHHBCMG_00031","","","HIOKELPH_00030",""
"group_3400","","hypothetical protein","2","2","1","1","794","8","7","","779","779","779","","","","","HIOKELPH_00312","DOCPNFPP_00181"
"group_3460","","hypothetical protein","2","2","1","2","495","52","7","","707","707","707","","","","","HIOKELPH_01547","DOCPNFPP_01054"
"group_387","","hypothetical protein","2","2","1","1","2015","6","69","","1931","2000","1965","OBHBHFCO_01180","","","","","DOCPNFPP_00721"
"group_388","","hypothetical protein","2","2","1","1","2014","6","68","","1655","1691","1673","OBHBHFCO_01181","","","","","DOCPNFPP_00722"
"group_44","","hypothetical protein","2","2","1","3","312","54","2","","185","185","185","","","HDHBLALJ_00906","","HIOKELPH_01121",""
"group_441","","hypothetical protein","2","2","1","1","2004","6","58","","2900","2900","2900","OBHBHFCO_01582","","","","","DOCPNFPP_00732"
"group_444","","hypothetical protein","2","2","1","1","2225","6","55","","686","1637","1161","OBHBHFCO_01585","","","","","DOCPNFPP_00735"
"group_45","","hypothetical protein","2","2","1","3","311","54","1","","203","203","203","","","HDHBLALJ_00905","","HIOKELPH_01120",""
"group_474","","hypothetical protein","2","2","1","1","2079","49","8","","1457","1817","1637","OBHBHFCO_01728","","","","","DOCPNFPP_00645"
"group_477","","hypothetical protein","2","2","1","1","632","129","3","Hypothetical protein with no hits to refseq/uniprot/clusters/cdd/tigrfams/pfam overlapping another protein with hits","443","1214","828","OBHBHFCO_01740","","HDHBLALJ_00572","","",""
"group_478","","hypothetical protein","2","2","1","1","662","204","13","","1193","1193","1193","","CCHHBCMG_00066","","NFMMKAFD_00059","",""
"group_479","","hypothetical protein","2","2","1","1","1757","213","14","","482","482","482","","CCHHBCMG_00086","","NFMMKAFD_00079","",""
"group_48","","hypothetical protein","2","2","1","2","515","35","5","","1088","1658","1373","OBHBHFCO_01515","","","","","DOCPNFPP_01040"
"group_480","uvrC","UvrABC system protein C","2","2","1","1","1741","211","2","","1802","1802","1802","","CCHHBCMG_00094","","NFMMKAFD_00087","",""
"group_481","","hypothetical protein","2","2","1","1","1737","211","6","","320","320","320","","CCHHBCMG_00098","","NFMMKAFD_00091","",""
"group_482","","hypothetical protein","2","2","1","1","1735","211","16","","602","602","602","","CCHHBCMG_00100","","NFMMKAFD_00093","",""
"group_483","pdxA","4-hydroxythreonine-4-phosphate dehydrogenase","2","2","1","1","1734","211","15","","1094","1094","1094","","CCHHBCMG_00101","","NFMMKAFD_00094","",""
"group_484","pdxJ","Pyridoxine 5'-phosphate synthase","2","2","1","1","1733","211","14","","773","773","773","","CCHHBCMG_00102","","NFMMKAFD_00095","",""
"group_485","","hypothetical protein","2","2","1","1","1731","211","12","","950","950","950","","CCHHBCMG_00104","","NFMMKAFD_00097","",""
"group_486","","hypothetical protein","2","2","1","1","1730","211","11","","821","821","821","","CCHHBCMG_00105","","NFMMKAFD_00098","",""
"group_487","","hypothetical protein","2","2","1","1","1702","261","5","","248","494","371","","CCHHBCMG_00116","","NFMMKAFD_00109","",""
"group_488","pyrC_1","Dihydroorotase","2","2","1","1","1665","262","5","","1178","1178","1178","","CCHHBCMG_00139","","NFMMKAFD_00137","",""
"group_489","arsB","Arsenical pump membrane protein","2","2","1","1","1656","285","3","","1286","1286","1286","","CCHHBCMG_00147","","NFMMKAFD_00145","",""
"group_490","","hypothetical protein","2","2","1","1","1643","251","3","","1304","1643","1473","","CCHHBCMG_00156","","NFMMKAFD_00154","",""
"group_492","","hypothetical protein","2","2","1","1","1623","252","3","","194","194","194","","CCHHBCMG_00172","","NFMMKAFD_00170","",""
"group_493","copA_1","putative copper-importing P-type ATPase A","2","2","1","1","1622","252","6","","2099","2099","2099","","CCHHBCMG_00173","","NFMMKAFD_00171","",""
"group_494","","hypothetical protein","2","2","1","1","1619","252","4","","1529","1529","1529","","CCHHBCMG_00175","","NFMMKAFD_00173","",""
"group_495","gmhB","D-glycero-alpha-D-manno-heptose-1,7-bisphosphate 7-phosphatase","2","2","1","1","1613","43","12","","527","560","543","","CCHHBCMG_00180","","NFMMKAFD_00178","",""
"group_496","lpxL","Lipid A biosynthesis lauroyltransferase","2","2","1","1","1566","202","19","","878","887","882","","CCHHBCMG_00193","","NFMMKAFD_00198","",""
"group_497","rfaC","Lipopolysaccharide heptosyltransferase 1","2","2","1","1","1565","202","9","","1028","1028","1028","","CCHHBCMG_00194","","NFMMKAFD_00199","",""
"group_498","","hypothetical protein","2","2","1","1","1564","202","8","","794","794","794","","CCHHBCMG_00195","","NFMMKAFD_00200","",""
"group_499","pglH","GalNAc-alpha-(1->4)-GalNAc-alpha-(1->3)-diNAcBac-PP-undecaprenol alpha-1,4-N-acetyl-D-galactosaminyltransferase","2","2","1","1","1561","202","5","","1076","1079","1077","","CCHHBCMG_00198","","NFMMKAFD_00203","",""
"group_5","","hypothetical protein","2","2","1","1","568","149","1","","182","182","182","OBHBHFCO_01669","","HDHBLALJ_01701","","",""
"group_500","pglA","N,N'-diacetylbacillosaminyl-diphospho-undecaprenol alpha-1,3-N-acetylgalactosaminyltransferase","2","2","1","1","1557","202","1","","1130","1130","1130","","CCHHBCMG_00202","","NFMMKAFD_00207","",""
"pglD","","UDP-N-acetylbacillosamine N-acetyltransferase","2","2","1","1","1538","257","6","","590","590","590","","CCHHBCMG_00204","","NFMMKAFD_00209","",""
"group_502","psd_1","Phosphatidylserine decarboxylase proenzyme","2","2","1","1","1531","205","9","","617","617","617","","CCHHBCMG_00211","","NFMMKAFD_00216","",""
"group_503","","hypothetical protein","2","2","1","1","1486","209","10","","287","287","287","","CCHHBCMG_00240","","NFMMKAFD_00245","",""
"group_504","thiD","Hydroxymethylpyrimidine/phosphomethylpyrimidine kinase","2","2","1","1","1482","209","14","","839","839","839","","CCHHBCMG_00244","","NFMMKAFD_00249","",""
"group_505","","hypothetical protein","2","2","1","1","1479","209","17","","392","452","422","","CCHHBCMG_00247","","NFMMKAFD_00252","",""
"group_506","","putative protein","2","2","1","1","1464","8","15","","866","866","866","","CCHHBCMG_00257","","NFMMKAFD_00262","",""
"group_507","mmpA","Metalloprotease MmpA","2","2","1","1","1463","8","16","","1106","1106","1106","","CCHHBCMG_00258","","NFMMKAFD_00263","",""
"group_508","","Putative NAD(P)H nitroreductase","2","2","1","1","1461","8","18","","605","605","605","","CCHHBCMG_00260","","NFMMKAFD_00265","",""
"group_511","","hypothetical protein","2","2","1","1","1438","336","1","","800","803","801","","CCHHBCMG_00277","","NFMMKAFD_00284","",""
"group_512","thiE_2","Thiamine-phosphate synthase","2","2","1","1","1435","256","1","","605","605","605","","CCHHBCMG_00280","","NFMMKAFD_00287","",""
"group_513","","hypothetical protein","2","2","1","1","1428","303","2","","251","251","251","","CCHHBCMG_00287","","NFMMKAFD_00294","",""
"group_514","bpt","Aspartate/glutamate leucyltransferase","2","2","1","1","1427","303","1","","719","719","719","","CCHHBCMG_00288","","NFMMKAFD_00295","",""
"group_515","","hypothetical protein","2","2","1","1","1413","196","33","","191","203","197","","CCHHBCMG_00302","","NFMMKAFD_00309","",""
"group_516","","hypothetical protein","2","2","1","1","1401","196","17","","1952","1952","1952","","CCHHBCMG_00314","","NFMMKAFD_00321","",""
"sdhA","","8-methylmenaquinol:fumarate reductase flavoprotein subunit","2","2","1","1","415","246","4","","335","1835","1085","","CCHHBCMG_00336","","NFMMKAFD_00338","",""
"sdhB_2","","8-methylmenaquinol:fumarate reductase iron-sulfur subunit","2","2","1","1","417","246","7","","431","965","698","","CCHHBCMG_00339","","NFMMKAFD_00339","",""
"sdhE","","8-methylmenaquinol:fumarate reductase membrane anchor subunit","2","2","1","1","419","246","9","","755","857","806","","CCHHBCMG_00341","","NFMMKAFD_00340","",""
"group_520","","hypothetical protein","2","2","1","1","431","241","7","","215","215","215","","CCHHBCMG_00349","","NFMMKAFD_00350","",""
"group_521","dinG","3'-5' exonuclease DinG","2","2","1","1","380","222","2","","755","770","762","","CCHHBCMG_00352","","NFMMKAFD_00353","",""
"group_522","","hypothetical protein","2","2","1","1","389","222","11","","1187","1187","1187","","CCHHBCMG_00361","","NFMMKAFD_00362","",""
"group_523","","hypothetical protein","2","2","1","1","445","242","5","","1220","1220","1220","","CCHHBCMG_00363","","NFMMKAFD_00364","",""
"mfd_2","","Transcription-repair-coupling factor","2","2","1","1","446","242","6","","1823","1823","1823","","CCHHBCMG_00364","","NFMMKAFD_00365","",""
"group_525","ctb","Group 3 truncated hemoglobin ctb","2","2","1","1","447","242","7","","383","383","383","","CCHHBCMG_00365","","NFMMKAFD_00366","",""
"vfr","","Cyclic AMP receptor-like protein","2","2","1","1","448","242","4","","596","596","596","","CCHHBCMG_00366","","NFMMKAFD_00367","",""
"glnP","","putative glutamine ABC transporter permease protein GlnP","2","2","1","1","450","242","2","","656","656","656","","CCHHBCMG_00368","","NFMMKAFD_00369","",""
"group_528","yfiC","tRNA1(Val) (adenine(37)-N6)-methyltransferase","2","2","1","1","479","5","22","","701","701","701","","CCHHBCMG_00390","","NFMMKAFD_00390","",""
"group_529","","hypothetical protein","2","2","1","1","477","5","23","","374","374","374","","CCHHBCMG_00391","","NFMMKAFD_00391","",""
"group_530","","hypothetical protein","2","2","1","1","476","5","24","","1277","1277","1277","","CCHHBCMG_00392","","NFMMKAFD_00392","",""
"group_531","hemH","Ferrochelatase","2","2","1","1","350","5","33","","911","911","911","","CCHHBCMG_00397","","NFMMKAFD_00397","",""
"group_532","wbpE","UDP-2-acetamido-2-deoxy-3-oxo-D-glucuronate aminotransferase","2","2","1","1","352","5","35","","1073","1073","1073","","CCHHBCMG_00399","","NFMMKAFD_00399","",""
"group_533","csoR","Copper-sensing transcriptional repressor CsoR","2","2","1","1","357","5","40","","290","290","290","","CCHHBCMG_00404","","NFMMKAFD_00404","",""
"group_534","purQ","Phosphoribosylformylglycinamidine synthase subunit PurQ","2","2","1","1","361","5","44","","647","647","647","","CCHHBCMG_00408","","NFMMKAFD_00408","",""
"group_535","","hypothetical protein","2","2","1","1","368","250","7","","605","725","665","","CCHHBCMG_00415","","NFMMKAFD_00415","",""
"group_536","","hypothetical protein","2","2","1","1","366","250","5","","335","914","624","","CCHHBCMG_00416","","NFMMKAFD_00416","",""
"group_537","","hypothetical protein","2","2","1","1","1808","2","106","","197","197","197","","CCHHBCMG_00457","","NFMMKAFD_00456","",""
"group_538","","hypothetical protein","2","2","1","1","1813","2","99","","872","872","872","","CCHHBCMG_00462","","NFMMKAFD_00461","",""
"group_539","","hypothetical protein","2","2","1","1","1826","2","86","","599","605","602","","CCHHBCMG_00477","","NFMMKAFD_00476","",""
"group_540","ribF","Bifunctional riboflavin kinase/FMN adenylyltransferase","2","2","1","1","1832","2","34","","854","854","854","","CCHHBCMG_00482","","NFMMKAFD_00481","",""
"group_541","cmoA","Carboxy-S-adenosyl-L-methionine synthase","2","2","1","1","1833","2","33","","707","707","707","","CCHHBCMG_00483","","NFMMKAFD_00482","",""
"group_542","","hypothetical protein","2","2","1","1","1834","2","32","","215","215","215","","CCHHBCMG_00484","","NFMMKAFD_00483","",""
"group_543","","hypothetical protein","2","2","1","1","1835","2","31","","434","440","437","","CCHHBCMG_00485","","NFMMKAFD_00484","",""
"group_544","","hypothetical protein","2","2","1","1","1837","2","29","","650","650","650","","CCHHBCMG_00487","","NFMMKAFD_00486","",""
"group_545","nth_2","Endonuclease III","2","2","1","1","1838","2","28","","626","626","626","","CCHHBCMG_00488","","NFMMKAFD_00487","",""
"group_546","yiiM","Protein YiiM","2","2","1","1","1845","2","21","","668","668","668","","CCHHBCMG_00495","","NFMMKAFD_00494","",""
"group_547","","hypothetical protein","2","2","1","1","1853","2","12","","1178","1178","1178","","CCHHBCMG_00504","","NFMMKAFD_00501","",""
"group_548","","hypothetical protein","2","2","1","1","1854","2","11","","1010","1010","1010","","CCHHBCMG_00505","","NFMMKAFD_00502","",""
"group_549","","Protein","2","2","1","1","1914","235","2","","965","965","965","","CCHHBCMG_00523","","NFMMKAFD_00521","",""
"group_55","","hypothetical protein","2","2","1","1","393","51","3","","482","1244","863","OBHBHFCO_00251","","","","HIOKELPH_00887",""
"group_550","rnr","Ribonuclease R","2","2","1","1","1915","235","3","","1934","1934","1934","","CCHHBCMG_00524","","NFMMKAFD_00522","",""
"group_551","","hypothetical protein","2","2","1","1","1917","235","9","","1082","1082","1082","","CCHHBCMG_00526","","NFMMKAFD_00524","",""
"group_552","msrA","Peptide methionine sulfoxide reductase MsrA","2","2","1","1","1921","235","5","","497","497","497","","CCHHBCMG_00530","","NFMMKAFD_00528","",""
"group_553","nadK","NAD kinase","2","2","1","1","1910","206","23","","860","860","860","","CCHHBCMG_00534","","NFMMKAFD_00532","",""
"group_554","recN","DNA repair protein RecN","2","2","1","1","1909","206","20","","1523","1523","1523","","CCHHBCMG_00535","","NFMMKAFD_00533","",""
"group_555","","hypothetical protein","2","2","1","1","1898","206","9","","1790","1790","1790","","CCHHBCMG_00546","","NFMMKAFD_00544","",""
"group_556","era","GTPase Era","2","2","1","1","316","206","4","","875","875","875","","CCHHBCMG_00550","","NFMMKAFD_00551","",""
"group_557","lptB_2","Lipopolysaccharide export system ATP-binding protein LptB","2","2","1","1","307","279","3","","728","752","740","","CCHHBCMG_00557","","NFMMKAFD_00558","",""
"kdpA_1","","Potassium-transporting ATPase potassium-binding subunit","2","2","1","1","1955","227","10","","290","290","290","","CCHHBCMG_00561","","NFMMKAFD_00561","",""
"kdpA_3","","Potassium-transporting ATPase potassium-binding subunit","2","2","1","1","1956","227","11","","233","314","273","","CCHHBCMG_00562","","NFMMKAFD_00562","",""
"group_560","","hypothetical protein","2","2","1","1","1963","227","1","","320","623","471","","CCHHBCMG_00571","","NFMMKAFD_00568","",""
"group_561","ackA","Acetate kinase","2","2","1","1","298","239","3","","1190","1196","1193","","CCHHBCMG_00581","","NFMMKAFD_00578","",""
"group_562","","hypothetical protein","2","2","1","1","297","239","4","","3752","3752","3752","","CCHHBCMG_00582","","NFMMKAFD_00579","",""
"group_563","","hypothetical protein","2","2","1","1","273","226","4","","716","716","716","","CCHHBCMG_00598","","NFMMKAFD_00595","",""
"group_564","waaA","3-deoxy-D-manno-octulosonic acid transferase","2","2","1","1","272","226","3","","1157","1157","1157","","CCHHBCMG_00599","","NFMMKAFD_00596","",""
"group_565","prmC","Release factor glutamine methyltransferase","2","2","1","1","247","293","2","","815","815","815","","CCHHBCMG_00614","","NFMMKAFD_00611","",""
"group_566","htpX","Protease HtpX","2","2","1","1","246","293","1","","1187","1187","1187","","CCHHBCMG_00615","","NFMMKAFD_00612","",""
"group_568","","hypothetical protein","2","2","1","1","225","34","7","","317","374","345","","CCHHBCMG_00623","","NFMMKAFD_00631","",""
"group_569","","hypothetical protein","2","2","1","1","1202","220","7","","914","3527","2220","","CCHHBCMG_00624","","NFMMKAFD_01842","",""
"group_570","","hypothetical protein","2","2","1","1","1213","194","10","","503","503","503","","CCHHBCMG_00635","","NFMMKAFD_01853","",""
"group_571","","hypothetical protein","2","2","1","1","1219","194","17","","803","803","803","","CCHHBCMG_00641","","NFMMKAFD_01699","",""
"group_572","","hypothetical protein","2","2","1","1","1220","194","18","","1601","1718","1659","","CCHHBCMG_00642","","NFMMKAFD_01700","",""
"group_573","","hypothetical protein","2","2","1","1","1223","194","20","","287","290","288","","CCHHBCMG_00645","","NFMMKAFD_01702","",""
"group_574","","hypothetical protein","2","2","1","1","1228","194","25","","209","218","213","","CCHHBCMG_00651","","NFMMKAFD_01707","",""
"group_575","argF","Ornithine carbamoyltransferase, anabolic","2","2","1","1","1254","194","65","","920","920","920","","CCHHBCMG_00678","","NFMMKAFD_01735","",""
"group_576","purH","Bifunctional purine biosynthesis protein PurH","2","2","1","1","1289","197","14","","1532","1532","1532","","CCHHBCMG_00711","","NFMMKAFD_01770","",""
"group_577","","hypothetical protein","2","2","1","1","1293","197","16","","119","1592","855","","CCHHBCMG_00712","","NFMMKAFD_01773","",""
"group_578","aguA","Agmatine deiminase","2","2","1","1","1295","197","19","","977","977","977","","CCHHBCMG_00714","","NFMMKAFD_01775","",""
"group_579","cysK","Cysteine synthase","2","2","1","1","1134","200","4","","899","899","899","","CCHHBCMG_00760","","NFMMKAFD_00943","",""
"group_580","","hypothetical protein","2","2","1","1","1133","200","5","","560","560","560","","CCHHBCMG_00761","","NFMMKAFD_00944","",""
"group_581","sasA_2","Adaptive-response sensory-kinase SasA","2","2","1","1","1112","200","2","","1283","1289","1286","","CCHHBCMG_00782","","NFMMKAFD_00965","",""
"group_583","","hypothetical protein","2","2","1","1","1078","198","24","","377","950","663","","CCHHBCMG_00795","","NFMMKAFD_00979","",""
"dsbL_2","","Thiol:disulfide interchange protein DsbL","2","2","1","1","1072","198","18","","359","662","510","","CCHHBCMG_00801","","NFMMKAFD_00986","",""
"menF","","Isochorismate synthase MenF","2","2","1","1","1070","198","16","","1784","1784","1784","","CCHHBCMG_00803","","NFMMKAFD_00988","",""
"group_586","psd_2","Phosphatidylserine decarboxylase proenzyme","2","2","1","1","1055","199","19","","800","800","800","","CCHHBCMG_00817","","NFMMKAFD_01002","",""
"group_587","cpdA","3',5'-cyclic adenosine monophosphate phosphodiesterase CpdA","2","2","1","1","1054","199","20","","1124","1124","1124","","CCHHBCMG_00818","","NFMMKAFD_01003","",""
"gltX1_2","","Glutamate--tRNA ligase","2","2","1","1","1053","199","21","","1295","1295","1295","","CCHHBCMG_00819","","NFMMKAFD_01004","",""
"group_589","","hypothetical protein","2","2","1","1","1047","199","18","","197","197","197","","CCHHBCMG_00825","","NFMMKAFD_01010","",""
"group_590","","hypothetical protein","2","2","1","1","1045","199","16","","941","941","941","","CCHHBCMG_00827","","NFMMKAFD_01012","",""
"group_591","ogt","Methylated-DNA--protein-cysteine methyltransferase, constitutive","2","2","1","1","1044","199","15","","452","452","452","","CCHHBCMG_00828","","NFMMKAFD_01013","",""
"group_592","trmA","tRNA/tmRNA (uracil-C(5))-methyltransferase","2","2","1","1","1039","199","10","","1073","1073","1073","","CCHHBCMG_00833","","NFMMKAFD_01018","",""
"group_593","yccU","putative protein YccU","2","2","1","1","1037","199","8","","413","413","413","","CCHHBCMG_00835","","NFMMKAFD_01020","",""
"group_594","tdcB","L-threonine ammonia-lyase","2","2","1","1","1036","199","7","","1211","1211","1211","","CCHHBCMG_00836","","NFMMKAFD_01021","",""
"group_595","","hypothetical protein","2","2","1","1","1033","199","4","","776","776","776","","CCHHBCMG_00839","","NFMMKAFD_01024","",""
"group_596","coaBC","Coenzyme A biosynthesis bifunctional protein CoaBC","2","2","1","1","1030","199","1","","1154","1154","1154","","CCHHBCMG_00842","","NFMMKAFD_01027","",""
"group_597","kdsB","3-deoxy-manno-octulosonate cytidylyltransferase","2","2","1","1","1025","23","9","","719","719","719","","CCHHBCMG_00847","","NFMMKAFD_01033","",""
"group_598","cysS","Cysteine--tRNA ligase","2","2","1","1","991","207","5","","1388","1388","1388","","CCHHBCMG_00858","","NFMMKAFD_01044","",""
"group_599","ddl","D-alanine--D-alanine ligase","2","2","1","1","987","207","19","","1040","1040","1040","","CCHHBCMG_00862","","NFMMKAFD_01048","",""
"group_600","","hypothetical protein","2","2","1","1","985","207","17","","719","719","719","","CCHHBCMG_00864","","NFMMKAFD_01050","",""
"group_601","murF","UDP-N-acetylmuramoyl-tripeptide--D-alanyl-D-alanine ligase","2","2","1","1","984","207","16","","1427","1427","1427","","CCHHBCMG_00865","","NFMMKAFD_01051","",""
"group_602","cca","CCA-adding enzyme","2","2","1","1","978","207","10","","1118","1118","1118","","CCHHBCMG_00871","","NFMMKAFD_01057","",""
"group_603","tpx","Thiol peroxidase","2","2","1","1","958","214","1","","527","527","527","","CCHHBCMG_00881","","NFMMKAFD_01067","",""
"group_604","","hypothetical protein","2","2","1","1","957","214","2","","740","740","740","","CCHHBCMG_00882","","NFMMKAFD_01068","",""
"group_605","","hypothetical protein","2","2","1","1","955","214","4","","1019","1022","1020","","CCHHBCMG_00884","","NFMMKAFD_01070","",""
"group_606","metQ_2","Methionine-binding lipoprotein MetQ","2","2","1","1","949","214","10","","776","776","776","","CCHHBCMG_00890","","NFMMKAFD_01076","",""
"group_607","tmk","Thymidylate kinase","2","2","1","1","945","214","15","","578","578","578","","CCHHBCMG_00894","","NFMMKAFD_01080","",""
"group_608","cysE","Serine acetyltransferase","2","2","1","1","938","255","1","","638","638","638","","CCHHBCMG_00897","","NFMMKAFD_01083","",""
"group_609","","Aspartate aminotransferase","2","2","1","1","937","255","2","","1166","1169","1167","","CCHHBCMG_00898","","NFMMKAFD_01084","",""
"group_610","","putative protein","2","2","1","1","935","255","4","","1022","1025","1023","","CCHHBCMG_00900","","NFMMKAFD_01086","",""
"group_611","blc","Outer membrane lipoprotein Blc","2","2","1","1","120","1","54","","449","479","464","","CCHHBCMG_00917","","NFMMKAFD_01370","",""
"group_612","","hypothetical protein","2","2","1","1","122","1","51","","896","896","896","","CCHHBCMG_00919","","NFMMKAFD_01367","",""
"group_613","","hypothetical protein","2","2","1","1","134","1","39","","731","731","731","","CCHHBCMG_00931","","NFMMKAFD_01355","",""
"group_614","dapF","Diaminopimelate epimerase","2","2","1","1","135","1","38","","749","749","749","","CCHHBCMG_00932","","NFMMKAFD_01354","",""
"group_616","dcuD_1","Putative cryptic C4-dicarboxylate transporter DcuD","2","2","1","1","139","1","120","","518","518","518","","CCHHBCMG_00935","","NFMMKAFD_01351","",""
"apt_3","","Adenine phosphoribosyltransferase","2","2","1","1","31","1","133","","527","1352","939","","CCHHBCMG_00945","","","HIOKELPH_01722",""
"group_622","","hypothetical protein","2","2","1","1","184","233","8","","266","266","266","","CCHHBCMG_00986","","NFMMKAFD_01314","",""
"group_623","","hypothetical protein","2","2","1","1","186","233","6","","221","221","221","","CCHHBCMG_00988","","NFMMKAFD_01312","",""
"group_624","","hypothetical protein","2","2","1","1","187","233","5","","101","101","101","","CCHHBCMG_00989","","NFMMKAFD_01311","",""
"ppaX","","Pyrophosphatase PpaX","2","2","1","1","2268","312","1","","641","641","641","","CCHHBCMG_00997","","NFMMKAFD_01303","",""
"group_626","","hypothetical protein","2","2","1","1","2263","238","5","","587","587","587","","CCHHBCMG_01002","","NFMMKAFD_01298","",""
"rsmD","","Ribosomal RNA small subunit methyltransferase D","2","2","1","1","2251","245","5","","686","686","686","","CCHHBCMG_01012","","NFMMKAFD_01288","",""
"group_628","","hypothetical protein","2","2","1","1","2208","4","30","","689","689","689","","CCHHBCMG_01022","","NFMMKAFD_01278","",""
"group_629","","hypothetical protein","2","2","1","1","2207","4","31","","563","563","563","","CCHHBCMG_01023","","NFMMKAFD_01277","",""
"group_630","kpsT","Polysialic acid transport ATP-binding protein KpsT","2","2","1","1","2204","4","34","","662","662","662","","CCHHBCMG_01026","","NFMMKAFD_01274","",""
"group_631","","hypothetical protein","2","2","1","1","2203","4","35","","1118","1118","1118","","CCHHBCMG_01027","","NFMMKAFD_01273","",""
"kpsF","","Arabinose 5-phosphate isomerase KpsF","2","2","1","1","2201","4","43","","947","947","947","","CCHHBCMG_01029","","NFMMKAFD_01271","",""
"group_633","algC","Phosphomannomutase/phosphoglucomutase","2","2","1","1","2173","4","20","","1370","1370","1370","","CCHHBCMG_01057","","NFMMKAFD_01516","",""
"group_634","nadD","Nicotinate-nucleotide adenylyltransferase","2","2","1","1","2170","4","17","","545","545","545","","CCHHBCMG_01060","","NFMMKAFD_01519","",""
"group_635","tpiA","Triosephosphate isomerase","2","2","1","1","2167","4","14","","671","671","671","","CCHHBCMG_01063","","NFMMKAFD_01522","",""
"group_636","","hypothetical protein","2","2","1","1","2165","323","2","","1493","1493","1493","","CCHHBCMG_01065","","NFMMKAFD_01524","",""
"group_637","","hypothetical protein","2","2","1","1","2149","210","5","","695","695","695","","CCHHBCMG_01077","","NFMMKAFD_01541","",""
"group_638","","hypothetical protein","2","2","1","1","2147","210","7","","530","530","530","","CCHHBCMG_01079","","NFMMKAFD_01543","",""
"group_639","yajR","Inner membrane transport protein YajR","2","2","1","1","2142","210","12","","1301","1301","1301","","CCHHBCMG_01084","","NFMMKAFD_01548","",""
"group_640","","dITP/XTP pyrophosphatase","2","2","1","1","2141","210","13","","602","602","602","","CCHHBCMG_01085","","NFMMKAFD_01549","",""
"group_641","gpt","Xanthine phosphoribosyltransferase","2","2","1","1","2137","210","17","","443","443","443","","CCHHBCMG_01089","","NFMMKAFD_01553","",""
"group_642","glnD","Bifunctional uridylyltransferase/uridylyl-removing enzyme","2","2","1","1","2134","210","3","","2261","2348","2304","","CCHHBCMG_01092","","NFMMKAFD_01556","",""
"group_643","yclP","Petrobactin import ATP-binding protein YclP","2","2","1","1","2107","1","98","","755","755","755","","CCHHBCMG_01109","","NFMMKAFD_01574","",""
"group_644","","hypothetical protein","2","2","1","1","2077","49","4","","1394","1394","1394","","CCHHBCMG_01118","","NFMMKAFD_01584","",""
"group_645","tsaD","tRNA N6-adenosine threonylcarbamoyltransferase","2","2","1","1","2076","49","5","","1007","1007","1007","","CCHHBCMG_01119","","NFMMKAFD_01585","",""
"group_647","nikE","Nickel import ATP-binding protein NikE","2","2","1","2","229","30","3","","665","665","665","","CCHHBCMG_01138","","NFMMKAFD_00651","",""
"group_648","appA","Oligopeptide-binding protein AppA","2","2","1","2","233","30","7","","1535","1535","1535","","CCHHBCMG_01142","","NFMMKAFD_00655","",""
"group_649","hugZ","Heme oxygenase HugZ","2","2","1","2","275","218","6","","743","755","749","","CCHHBCMG_01175","","NFMMKAFD_00683","",""
"group_650","fepC","Ferric enterobactin transport ATP-binding protein FepC","2","2","1","2","278","218","10","","776","776","776","","CCHHBCMG_01178","","NFMMKAFD_00686","",""
"group_651","btuF","Vitamin B12-binding protein","2","2","1","2","279","218","11","","806","806","806","","CCHHBCMG_01179","","NFMMKAFD_00687","",""
"group_652","","hypothetical protein","2","2","1","2","280","218","12","","857","857","857","","CCHHBCMG_01180","","NFMMKAFD_00688","",""
"group_653","mutY","Adenine DNA glycosylase","2","2","1","2","282","218","4","","1019","1019","1019","","CCHHBCMG_01182","","NFMMKAFD_00690","",""
"group_654","","hypothetical protein","2","2","1","2","283","218","3","","752","752","752","","CCHHBCMG_01183","","NFMMKAFD_00691","",""
"group_655","ribD","Riboflavin biosynthesis protein RibD","2","2","1","2","284","218","2","","980","980","980","","CCHHBCMG_01188","","NFMMKAFD_00696","",""
"group_656","","hypothetical protein","2","2","1","2","285","218","1","","521","521","521","","CCHHBCMG_01189","","NFMMKAFD_00697","",""
"group_657","","hypothetical protein","2","2","1","2","296","195","39","","869","869","869","","CCHHBCMG_01197","","NFMMKAFD_00763","",""
"group_658","","hypothetical protein","2","2","1","2","335","223","9","","599","599","599","","CCHHBCMG_01215","","NFMMKAFD_00781","",""
"group_659","","hypothetical protein","2","2","1","2","353","283","2","","2090","2090","2090","","CCHHBCMG_01223","","NFMMKAFD_00790","",""
"group_660","","hypothetical protein","2","2","1","2","357","208","13","","1118","1118","1118","","CCHHBCMG_01227","","NFMMKAFD_00794","",""
"group_661","","hypothetical protein","2","2","1","2","378","208","17","","437","437","437","","CCHHBCMG_01231","","NFMMKAFD_00798","",""
"group_662","murB","UDP-N-acetylenolpyruvoylglucosamine reductase","2","2","1","2","617","267","1","","776","776","776","","CCHHBCMG_01245","","NFMMKAFD_00828","",""
"group_663","","hypothetical protein","2","2","1","2","618","267","2","","758","764","761","","CCHHBCMG_01246","","NFMMKAFD_00829","",""
"group_664","cysQ","3'(2'),5'-bisphosphate nucleotidase CysQ","2","2","1","2","619","267","3","","764","848","806","","CCHHBCMG_01247","","NFMMKAFD_00830","",""
"group_665","","hypothetical protein","2","2","1","2","87","217","3","","536","536","536","","CCHHBCMG_01278","","NFMMKAFD_00860","",""
"group_666","","hypothetical protein","2","2","1","2","85","217","5","","98","98","98","","CCHHBCMG_01280","","NFMMKAFD_00862","",""
"group_667","","hypothetical protein","2","2","1","3","9","316","1","","509","509","509","","CCHHBCMG_01327","","NFMMKAFD_01264","",""
"group_668","","putative tautomerase","2","2","1","3","13","295","3","","206","206","206","","CCHHBCMG_01331","","NFMMKAFD_01260","",""
"group_669","bcp","Putative peroxiredoxin bcp","2","2","1","3","12","295","2","","455","455","455","","CCHHBCMG_01332","","NFMMKAFD_01259","",""
"group_670","","hypothetical protein","2","2","1","3","297","247","3","","2843","2843","2843","","CCHHBCMG_01349","","NFMMKAFD_01242","",""
"group_671","hisC","Histidinol-phosphate aminotransferase","2","2","1","3","249","311","1","","1094","1094","1094","","CCHHBCMG_01375","","NFMMKAFD_01210","",""
"group_672","","hypothetical protein","2","2","1","3","223","340","1","","350","353","351","","CCHHBCMG_01389","","NFMMKAFD_01196","",""
"ydfJ","","Putative transporter YdfJ","2","2","1","3","39","272","2","","842","1361","1101","","CCHHBCMG_01397","","NFMMKAFD_01188","",""
"trpE","","Anthranilate synthase component 1","2","2","1","3","200","224","2","","1247","1250","1248","","CCHHBCMG_01402","","NFMMKAFD_01182","",""
"group_675","trpC_2","Tryptophan biosynthesis protein TrpCF","2","2","1","3","198","224","4","","599","599","599","","CCHHBCMG_01404","","NFMMKAFD_01180","",""
"group_676","trpA","Tryptophan synthase alpha chain","2","2","1","3","196","224","6","","749","749","749","","CCHHBCMG_01406","","NFMMKAFD_01178","",""
"group_677","","hypothetical protein","2","2","1","3","195","224","7","","422","422","422","","CCHHBCMG_01407","","NFMMKAFD_01177","",""
"group_678","","hypothetical protein","2","2","1","3","193","224","10","","791","797","794","","CCHHBCMG_01409","","NFMMKAFD_01175","",""
"group_679","","hypothetical protein","2","2","1","3","164","219","5","","392","476","434","","CCHHBCMG_01431","","NFMMKAFD_01153","",""
"group_680","aroK","Shikimate kinase","2","2","1","3","134","212","4","","497","497","497","","CCHHBCMG_01443","","NFMMKAFD_01141","",""
"group_681","","hypothetical protein","2","2","1","3","125","212","14","","998","998","998","","CCHHBCMG_01452","","NFMMKAFD_01132","",""
"group_682","","hypothetical protein","2","2","1","3","124","212","15","","578","578","578","","CCHHBCMG_01453","","NFMMKAFD_01131","",""
"dedD","","Cell division protein DedD","2","2","1","3","108","268","1","","836","836","836","","CCHHBCMG_01460","","NFMMKAFD_01124","",""
"group_684","aroE","Shikimate dehydrogenase (NADP(+))","2","2","1","3","107","268","2","","788","788","788","","CCHHBCMG_01461","","NFMMKAFD_01123","",""
"group_685","","hypothetical protein","2","2","1","3","106","268","5","","899","899","899","","CCHHBCMG_01462","","NFMMKAFD_01122","",""
"group_686","","hypothetical protein","2","2","1","3","77","266","2","","383","383","383","","CCHHBCMG_01484","","NFMMKAFD_01101","",""
"group_687","","hypothetical protein","2","2","1","2","421","254","6","","1331","1337","1334","","CCHHBCMG_01491","","NFMMKAFD_01385","",""
"group_688","rimP","Ribosome maturation factor RimP","2","2","1","2","423","254","1","","422","422","422","","CCHHBCMG_01493","","NFMMKAFD_01387","",""
"group_689","","hypothetical protein","2","2","1","2","426","276","3","","197","197","197","","CCHHBCMG_01496","","NFMMKAFD_01390","",""
"group_692","","hypothetical protein","2","2","1","2","456","240","4","","779","779","779","","CCHHBCMG_01521","","NFMMKAFD_01414","",""
"group_693","atpF","ATP synthase subunit b","2","2","1","2","465","281","3","","512","512","512","","CCHHBCMG_01529","","NFMMKAFD_01422","",""
"group_694","atpG_2","ATP synthase subunit b'","2","2","1","2","466","281","4","","425","425","425","","CCHHBCMG_01530","","NFMMKAFD_01423","",""
"group_695","","hypothetical protein","2","2","1","2","592","269","3","","368","368","368","","CCHHBCMG_01542","","NFMMKAFD_01435","",""
"group_697","ygeA","L-aspartate/glutamate-specific racemase","2","2","1","2","580","203","2","","695","695","695","","CCHHBCMG_01547","","NFMMKAFD_01440","",""
"group_698","","hypothetical protein","2","2","1","2","575","203","7","","719","806","762","","CCHHBCMG_01552","","NFMMKAFD_01445","",""
"group_699","cdtB","Cytolethal distending toxin subunit B ","2","2","1","2","574","203","8","","539","797","668","","CCHHBCMG_01553","","NFMMKAFD_01446","",""
"group_70","","hypothetical protein","2","2","1","2","301","33","1","","851","851","851","OBHBHFCO_01023","","","","","DOCPNFPP_00960"
"group_700","","hypothetical protein","2","2","1","2","573","203","9","","203","569","386","","CCHHBCMG_01554","","NFMMKAFD_01447","",""
"group_701","lutA_1","Lactate utilization protein A","2","2","1","2","571","203","11","","737","740","738","","CCHHBCMG_01556","","NFMMKAFD_01449","",""
"group_702","","Bacteriohemerythrin","2","2","1","2","568","203","14","","239","293","266","","CCHHBCMG_01559","","NFMMKAFD_01452","",""
"group_703","fliA","RNA polymerase sigma factor FliA","2","2","1","2","542","352","1","","716","716","716","","CCHHBCMG_01569","","NFMMKAFD_01463","",""
"group_704","yflS","Putative malate transporter YflS","2","2","1","2","518","355","1","","143","251","197","","CCHHBCMG_01578","","NFMMKAFD_01473","",""
"group_705","","hypothetical protein","2","2","1","2","514","35","8","Hypothetical protein with no hits to refseq/uniprot/clusters/cdd/tigrfams/pfam overlapping another protein with hits","215","224","219","","CCHHBCMG_01580","HDHBLALJ_01226","","",""
"group_708","","hypothetical protein","2","2","1","2","481","314","1","","647","647","647","","CCHHBCMG_01589","","NFMMKAFD_01483","",""
"group_709","","hypothetical protein","2","2","1","2","490","52","3","","701","701","701","","CCHHBCMG_01593","","NFMMKAFD_01487","",""
"group_710","","hypothetical protein","2","2","1","3","456","244","4","","806","806","806","","CCHHBCMG_01603","","NFMMKAFD_01688","",""
"group_711","","hypothetical protein","2","2","1","3","457","244","5","","938","938","938","","CCHHBCMG_01604","","NFMMKAFD_01687","",""
"group_712","","hypothetical protein","2","2","1","3","477","221","1","","182","182","182","","CCHHBCMG_01620","","NFMMKAFD_01671","",""
"group_713","","hypothetical protein","2","2","1","3","482","32","17","","1616","1616","1616","","CCHHBCMG_01624","","NFMMKAFD_01665","",""
"group_714","","hypothetical protein","2","2","1","3","486","32","14","","110","125","117","","CCHHBCMG_01626","","NFMMKAFD_01663","",""
"group_715","purN","Phosphoribosylglycinamide formyltransferase","2","2","1","3","492","248","2","","566","566","566","","CCHHBCMG_01633","","NFMMKAFD_01652","",""
"group_716","nnr","Bifunctional NAD(P)H-hydrate repair enzyme Nnr","2","2","1","3","493","248","1","","1370","1370","1370","","CCHHBCMG_01634","","NFMMKAFD_01651","",""
"group_717","","hypothetical protein","2","2","1","3","514","243","7","","1127","1127","1127","","CCHHBCMG_01645","","NFMMKAFD_01640","",""
"group_718","","hypothetical protein","2","2","1","3","515","243","6","","347","347","347","","CCHHBCMG_01646","","NFMMKAFD_01639","",""
"group_719","","hypothetical protein","2","2","1","3","385","216","16","","320","551","435","","CCHHBCMG_01655","","NFMMKAFD_01630","",""
"dcuD_3","","Putative cryptic C4-dicarboxylate transporter DcuD","2","2","1","1","2156","38","7","","290","1439","864","","CCHHBCMG_01071","","NFMMKAFD_01534","",""
"tsh","","hypothetical protein","2","2","1","3","386","216","14","","269","488","378","","CCHHBCMG_01656","","NFMMKAFD_01627","",""
"group_721","","hypothetical protein","2","2","1","3","388","216","10","","182","182","182","","CCHHBCMG_01658","","NFMMKAFD_01625","",""
"group_722","argC","N-acetyl-gamma-glutamyl-phosphate reductase","2","2","1","3","389","216","9","","1028","1028","1028","","CCHHBCMG_01659","","NFMMKAFD_01623","",""
"group_723","","hypothetical protein","2","2","1","3","7","230","10","","857","857","857","","CCHHBCMG_01683","","NFMMKAFD_01601","",""
"group_724","","hypothetical protein","2","2","1","3","351","230","4","","155","176","165","","CCHHBCMG_01686","","NFMMKAFD_01598","",""
"group_725","moaC","Cyclic pyranopterin monophosphate synthase","2","2","1","3","352","230","3","","473","473","473","","CCHHBCMG_01687","","NFMMKAFD_01597","",""
"group_726","","hypothetical protein","2","2","1","3","353","230","2","","263","263","263","","CCHHBCMG_01688","","NFMMKAFD_01596","",""
"group_727","","hypothetical protein","2","2","1","9","9","228","11","","1250","1250","1250","","CCHHBCMG_01705","","NFMMKAFD_01861","",""
"group_729","","hypothetical protein","2","2","1","1","2080","49","9","","272","1823","1047","","CCHHBCMG_01723","","","","DOCPNFPP_00646"
"group_730","","hypothetical protein","2","2","1","2","528","36","5","","632","647","639","","","HDHBLALJ_01220","","HIOKELPH_01526",""
"group_731","","hypothetical protein","2","2","1","1","2221","6","52","","2525","2525","2525","","","HDHBLALJ_01388","","HIOKELPH_01021",""
"group_732","","hypothetical protein","2","2","1","1","2037","6","28","","1121","1121","1121","","","HDHBLALJ_01564","","HIOKELPH_01031",""
"group_733","","hypothetical protein","2","2","1","1","318","187","1","","647","647","647","","","","NFMMKAFD_00512","HIOKELPH_00723",""
"group_734","","hypothetical protein","2","2","1","1","161","25","10","","572","572","572","","","","NFMMKAFD_01331","HIOKELPH_00956",""
"COQ5","","2-methoxy-6-polyprenyl-1,4-benzoquinol methylase, mitochondrial","2","2","1","1","1991","4","71","","761","761","761","","","","NFMMKAFD_01504","HIOKELPH_00671",""
"group_738","","hypothetical protein","2","2","1","2","499","52","11","","2636","3746","3191","","","","","HIOKELPH_01544","DOCPNFPP_01051"
"metC_2","","Cystathionine beta-lyase MetC","2","2","1","1","2158","38","8","","434","1163","798","","CCHHBCMG_01070","","NFMMKAFD_01532","",""
"group_86","","hypothetical protein","2","2","1","1","1717","26","12","","419","497","458","","","HDHBLALJ_00496","","HIOKELPH_00112",""
"group_87","","hypothetical protein","2","2","1","1","1190","39","8","","419","455","437","","","HDHBLALJ_00110","","HIOKELPH_00510",""
"group_88","","hypothetical protein","2","2","1","6","1","147","1","Investigate","260","260","260","OBHBHFCO_01742","","","","","DOCPNFPP_01716"
"group_89","","hypothetical protein","2","2","1","1","627","129","2","","617","1013","815","","CCHHBCMG_00035","HDHBLALJ_00573","","",""
"group_90","","hypothetical protein","2","2","1","1","628","129","1","","590","1229","909","","CCHHBCMG_00036","","NFMMKAFD_00028","",""
"kdpB_2","","Potassium-transporting ATPase ATP-binding subunit","2","2","1","1","1960","227","7","","236","722","479","","CCHHBCMG_00566","","NFMMKAFD_00565","",""
"group_95","","hypothetical protein","2","2","1","1","232","34","14","","95","839","467","","","","NFMMKAFD_00619","HIOKELPH_00623",""
"group_969","","hypothetical protein","2","2","1","1","782","8","8","","776","776","776","OBHBHFCO_00338","","HDHBLALJ_00314","","",""
"group_10","pgtP_1","Phosphoglycerate transporter protein","1","1","1","3","290","65","2","","377","377","377","","","","","HIOKELPH_01139",""
"group_102","","hypothetical protein","1","1","1","1","1878","172","1","","572","572","572","","","","","HIOKELPH_00726",""
"mnmC_2","","tRNA 5-methylaminomethyl-2-thiouridine biosynthesis bifunctional protein MnmC","1","1","1","1","1771","13","2","","332","332","332","OBHBHFCO_00127","","","","",""
"group_106","","hypothetical protein","1","1","1","1","1793","13","17","","305","305","305","","","HDHBLALJ_00720","","",""
"group_11","pgtP_2","Phosphoglycerate transporter protein","1","1","1","3","30","247","1","","959","959","959","","","","NFMMKAFD_01236","",""
"group_111","","hypothetical protein","1","1","1","1","392","51","4","","308","308","308","","","","","HIOKELPH_00886",""
"group_118","","hypothetical protein","1","1","1","1","739","15","21","","179","179","179","OBHBHFCO_00514","","","","",""
"group_123","","hypothetical protein","1","1","1","1","723","93","6","","176","176","176","","","","","HIOKELPH_00172",""
"group_125","hxuB","Heme/hemopexin transporter protein HuxB","1","1","1","1","696","44","9","","521","521","521","","","","","HIOKELPH_00132",""
"group_127","","hypothetical protein","1","1","1","1","1706","44","14","","1064","1064","1064","","","","","HIOKELPH_00128",""
"group_13","","hypothetical protein","1","1","1","2","531","36","20","","284","284","284","","","","","","DOCPNFPP_01030"
"pchF","","4-cresol dehydrogenase [hydroxylating] flavoprotein subunit","1","1","1","2","59","57","2","","251","251","251","","","","","HIOKELPH_01306",""
"group_15","","hypothetical protein","1","1","1","2","529","36","6","","527","527","527","","","HDHBLALJ_01219","","",""
"group_151","","hypothetical protein","1","1","1","3","419","53","9","","305","305","305","","","","","HIOKELPH_01672",""
"group_157","","hypothetical protein","1","1","1","1","1160","48","7","","281","281","281","","","HDHBLALJ_00114","","",""
"group_158","","hypothetical protein","1","1","1","1","1162","48","8","","281","281","281","OBHBHFCO_01358","","","","",""
"group_159","","hypothetical protein","1","1","1","1","1163","48","5","","281","281","281","","","","","","DOCPNFPP_00381"
"mcpS_1","","Methyl-accepting chemotaxis protein McpS","1","1","1","2","212","17","1","","440","440","440","","CCHHBCMG_01122","","","",""
"apt_2","","Adenine phosphoribosyltransferase","1","1","1","1","1319","3","1","","152","152","152","","","","","HIOKELPH_00410",""
"group_167","","hypothetical protein","1","1","1","3","508","103","3","","251","251","251","","","","","","DOCPNFPP_01569"
"mcpS_2","","Methyl-accepting chemotaxis protein McpS","1","1","1","3","342","249","1","","440","440","440","","CCHHBCMG_01697","","","",""
"group_171","fabH_2","3-oxoacyl-[acyl-carrier-protein] synthase 3","1","1","1","1","558","55","7","","914","914","914","OBHBHFCO_01657","","","","",""
"group_1754","","hypothetical protein","1","1","1","4","1","62","1","","914","914","914","OBHBHFCO_01457","","","","",""
"group_1755","","hypothetical protein","1","1","1","4","2","62","2","","335","335","335","OBHBHFCO_01458","","","","",""
"group_1756","","hypothetical protein","1","1","1","4","3","62","3","","323","323","323","OBHBHFCO_01459","","","","",""
"group_1757","","hypothetical protein","1","1","1","4","4","62","4","","383","383","383","OBHBHFCO_01460","","","","",""
"group_1758","","hypothetical protein","1","1","1","4","5","62","5","","2156","2156","2156","OBHBHFCO_01461","","","","",""
"group_1759","","hypothetical protein","1","1","1","4","6","62","6","","200","200","200","OBHBHFCO_01462","","","","",""
"group_176","","hypothetical protein","1","1","1","1","570","12","15","","386","386","386","OBHBHFCO_01719","","","","",""
"group_1760","","hypothetical protein","1","1","1","4","7","62","7","","224","224","224","OBHBHFCO_01463","","","","",""
"virC1","","Protein virC1","1","1","1","4","8","62","8","","686","686","686","OBHBHFCO_01464","","","","",""
"group_1762","","hypothetical protein","1","1","1","4","9","62","9","","395","395","395","OBHBHFCO_01465","","","","",""
"group_1763","","hypothetical protein","1","1","1","4","10","62","10","","467","467","467","OBHBHFCO_01466","","","","",""
"vbhT","","Protein adenylyltransferase VbhT","1","1","1","4","11","62","11","","653","653","653","OBHBHFCO_01467","","","","",""
"group_1765","","hypothetical protein","1","1","1","4","12","62","12","","254","254","254","OBHBHFCO_01468","","","","",""
"traL","","Protein TraL","1","1","1","4","13","62","13","","719","719","719","OBHBHFCO_01469","","","","",""
"traG","","Conjugal transfer protein TraG","1","1","1","4","14","62","14","","1823","1823","1823","OBHBHFCO_01470","","","","",""
"group_1768","","hypothetical protein","1","1","1","4","15","62","15","","2213","2213","2213","OBHBHFCO_01471","","","","",""
"group_1769","","hypothetical protein","1","1","1","4","16","62","16","","140","140","140","OBHBHFCO_01472","","","","",""
"ssb_2","","Single-stranded DNA-binding protein","1","1","1","4","17","62","17","","362","362","362","OBHBHFCO_01473","","","","",""
"group_1771","","hypothetical protein","1","1","1","4","18","62","18","","101","101","101","OBHBHFCO_01474","","","","",""
"group_1772","","hypothetical protein","1","1","1","4","19","62","19","","545","545","545","OBHBHFCO_01475","","","","",""
"group_1773","","hypothetical protein","1","1","1","4","20","62","20","","1241","1241","1241","OBHBHFCO_01476","","","","",""
"group_1774","","hypothetical protein","1","1","1","4","21","62","21","","443","443","443","OBHBHFCO_01477","","","","",""
"group_1775","","hypothetical protein","1","1","1","4","22","62","22","","923","923","923","OBHBHFCO_01478","","","","",""
"group_1776","","hypothetical protein","1","1","1","4","23","62","23","","695","695","695","OBHBHFCO_01479","","","","",""
"group_1777","","hypothetical protein","1","1","1","4","24","62","24","","1187","1187","1187","OBHBHFCO_01480","","","","",""
"group_1778","","hypothetical protein","1","1","1","4","25","62","32","","263","263","263","OBHBHFCO_01481","","","","",""
"group_1779","","hypothetical protein","1","1","1","4","26","62","31","","797","797","797","OBHBHFCO_01482","","","","",""
"group_1780","","hypothetical protein","1","1","1","4","27","62","30","","578","578","578","OBHBHFCO_01483","","","","",""
"group_1781","","hypothetical protein","1","1","1","4","32","62","29","","671","671","671","OBHBHFCO_01484","","","","",""
"group_1782","virB4","Type IV secretion system protein virB4","1","1","1","4","31","62","28","","2465","2465","2465","OBHBHFCO_01485","","","","",""
"group_1783","","hypothetical protein","1","1","1","4","30","62","27","","287","287","287","OBHBHFCO_01486","","","","",""
"group_1784","","hypothetical protein","1","1","1","4","29","62","26","","296","296","296","OBHBHFCO_01487","","","","",""
"ptlH","","Type IV secretion system protein PtlH","1","1","1","4","28","62","25","","938","938","938","OBHBHFCO_01488","","","","",""
"group_1810","","hypothetical protein","1","1","1","2","492","52","4","","1742","1742","1742","OBHBHFCO_01526","","","","",""
"group_182","","hypothetical protein","1","1","1","1","427","241","5","","194","194","194","","","","NFMMKAFD_00347","",""
"group_184","","hypothetical protein","1","1","1","1","319","2","17","","536","536","536","","CCHHBCMG_00499","","","",""
"kdpA_5","","Potassium-transporting ATPase potassium-binding subunit","1","1","1","1","1953","227","13","","488","488","488","","CCHHBCMG_00564","","","",""
"kdpD_1","","Sensor protein KdpD","1","1","1","1","1961","227","6","","350","350","350","","","","NFMMKAFD_00566","",""
"group_19","","hypothetical protein","1","1","1","2","200","17","15","","200","200","200","","","","","","DOCPNFPP_00874"
"group_190","","hypothetical protein","1","1","1","1","1221","194","6","","212","212","212","","CCHHBCMG_00643","","","",""
"group_1907","fmt_3","Methionyl-tRNA formyltransferase","1","1","1","1","564","148","1","","725","725","725","OBHBHFCO_01662","","","","",""
"bshB1","","N-acetyl-alpha-D-glucosaminyl L-malate deacetylase 1","1","1","1","1","565","148","3","","674","674","674","OBHBHFCO_01663","","","","",""
"group_1909","pseH","UDP-4-amino-4,6-dideoxy-N-acetyl-beta-L-altrosamine N-acetyltransferase","1","1","1","1","566","148","2","","473","473","473","OBHBHFCO_01664","","","","",""
"group_1933","","hypothetical protein","1","1","1","2","494","52","9","","3812","3812","3812","OBHBHFCO_01704","","","","",""
"group_1943","","hypothetical protein","1","1","1","7","1","150","1","Investigate","206","206","206","OBHBHFCO_01743","","","","",""
"group_1944","","hypothetical protein","1","1","1","1","588","12","21","","905","905","905","","CCHHBCMG_00008","","","",""
"ant1_2","","Streptomycin 3''-adenylyltransferase","1","1","1","1","36","1","112","","323","323","323","","","","","HIOKELPH_01721",""
"group_197","","hypothetical protein","1","1","1","1","2101","1","93","","374","374","374","","","","NFMMKAFD_01579","",""
"group_1974","porA","Major outer membrane protein","1","1","1","1","1761","213","10","","1295","1295","1295","","CCHHBCMG_00082","","","",""
"group_199","","hypothetical protein","1","1","1","2","130","195","56","","311","311","311","","","","NFMMKAFD_00761","",""
"group_201","","hypothetical protein","1","1","1","2","625","297","1","","401","401","401","","CCHHBCMG_01253","","","",""
"group_2026","","hypothetical protein","1","1","1","1","1634","73","2","","1454","1454","1454","","CCHHBCMG_00164","","","",""
"group_203","","hypothetical protein","1","1","1","2","11","260","6","","158","158","158","","CCHHBCMG_01302","","","",""
"group_2032","","hypothetical protein","1","1","1","1","1620","252","7","","329","329","329","","CCHHBCMG_00174","","","",""
"group_2037","","hypothetical protein","1","1","1","1","1575","202","10","","764","764","764","","CCHHBCMG_00184","","","",""
"group_2038","rfaF","ADP-heptose--LPS heptosyltransferase 2","1","1","1","1","1574","202","11","","950","950","950","","CCHHBCMG_00185","","","",""
"group_2039","epsJ","putative glycosyltransferase EpsJ","1","1","1","1","1573","202","12","","809","809","809","","CCHHBCMG_00186","","","",""
"group_2040","","hypothetical protein","1","1","1","1","1572","202","13","","320","320","320","","CCHHBCMG_00187","","","",""
"group_2041","","hypothetical protein","1","1","1","1","1571","202","14","","581","581","581","","CCHHBCMG_00188","","","",""
"group_2042","","hypothetical protein","1","1","1","1","1570","202","15","","971","971","971","","CCHHBCMG_00189","","","",""
"arnC_1","","Undecaprenyl-phosphate 4-deoxy-4-formamido-L-arabinose transferase","1","1","1","1","1569","202","16","","1208","1208","1208","","CCHHBCMG_00190","","","",""
"arnC_2","","Undecaprenyl-phosphate 4-deoxy-4-formamido-L-arabinose transferase","1","1","1","1","1568","202","17","","887","887","887","","CCHHBCMG_00191","","","",""
"group_2045","","hypothetical protein","1","1","1","1","1567","202","18","","1550","1550","1550","","CCHHBCMG_00192","","","",""
"group_205","","hypothetical protein","1","1","1","2","440","273","3","","533","533","533","","CCHHBCMG_01510","","","",""
"group_207","","hypothetical protein","1","1","1","2","474","203","16","","221","221","221","","","","NFMMKAFD_01454","",""
"group_208","","hypothetical protein","1","1","1","1","2073","49","2","","659","659","659","","","","","HIOKELPH_01099",""
"phnO","","Aminoalkylphosphonate N-acetyltransferase","1","1","1","1","1459","8","27","","425","425","425","","CCHHBCMG_00262","","","",""
"group_2134","","hypothetical protein","1","1","1","1","1392","196","8","","320","320","320","","CCHHBCMG_00323","","","",""
"group_2135","","hypothetical protein","1","1","1","1","1391","196","7","","1007","1007","1007","","CCHHBCMG_00324","","","",""
"group_2136","","hypothetical protein","1","1","1","1","1385","196","6","","248","248","248","","CCHHBCMG_00325","","","",""
"group_2137","","hypothetical protein","1","1","1","1","1386","196","1","","443","443","443","","CCHHBCMG_00326","","","",""
"group_2138","","hypothetical protein","1","1","1","1","1387","196","2","","182","182","182","","CCHHBCMG_00327","","","",""
"group_2143","","hypothetical protein","1","1","1","1","402","246","1","","407","407","407","","CCHHBCMG_00335","","","",""
"sdhA_2","","8-methylmenaquinol:fumarate reductase flavoprotein subunit","1","1","1","1","413","246","3","","494","494","494","","CCHHBCMG_00337","","","",""
"sdhB_1","","8-methylmenaquinol:fumarate reductase iron-sulfur subunit","1","1","1","1","416","246","6","","233","233","233","","CCHHBCMG_00338","","","",""
"group_2146","","hypothetical protein","1","1","1","1","418","246","5","","170","170","170","","CCHHBCMG_00340","","","",""
"group_2164","","hypothetical protein","1","1","1","1","478","5","21","","146","146","146","","CCHHBCMG_00389","","","",""
"group_2165","trpC_1","Indole-3-glycerol phosphate synthase","1","1","1","1","475","5","20","","776","776","776","","CCHHBCMG_00393","","","",""
"group_2166","","AP-4-A phosphorylase","1","1","1","1","474","5","19","","485","485","485","","CCHHBCMG_00394","","","",""
"group_2167","selU","tRNA 2-selenouridine synthase","1","1","1","1","348","5","1","","998","998","998","","CCHHBCMG_00395","","","",""
"amt","","Ammonia channel","1","1","1","1","349","5","2","","644","644","644","","CCHHBCMG_00396","","","",""
"group_2181","","hypothetical protein","1","1","1","1","367","250","8","","434","434","434","","CCHHBCMG_00414","","","",""
"group_2182","","hypothetical protein","1","1","1","1","365","250","4","","305","305","305","","CCHHBCMG_00417","","","",""
"group_22","","hypothetical protein","1","1","1","2","201","17","16","","200","200","200","","","HDHBLALJ_01065","","",""
"group_2207","","hypothetical protein","1","1","1","1","1809","2","105","","728","728","728","","CCHHBCMG_00458","","","",""
"group_2208","","hypothetical protein","1","1","1","1","1810","2","104","","1466","1466","1466","","CCHHBCMG_00459","","","",""
"group_2209","","hypothetical protein","1","1","1","1","1811","2","103","","1472","1472","1472","","CCHHBCMG_00460","","","",""
"ppk2","","Polyphosphate:ADP/GDP phosphotransferase","1","1","1","1","1847","2","18","","185","185","185","","CCHHBCMG_00498","","","",""
"group_2257","","hypothetical protein","1","1","1","1","310","206","7","","242","242","242","","CCHHBCMG_00547","","","",""
"group_2261","","hypothetical protein","1","1","1","1","305","279","1","","407","407","407","","CCHHBCMG_00556","","","",""
"group_2263","kdpA_1","Potassium-transporting ATPase potassium-binding subunit","1","1","1","1","1954","227","9","","317","317","317","","CCHHBCMG_00560","","","",""
"kdpB_3","","Potassium-transporting ATPase ATP-binding subunit","1","1","1","1","1952","227","5","","290","290","290","","CCHHBCMG_00567","","","",""
"kdpB_4","","Potassium-transporting ATPase ATP-binding subunit","1","1","1","1","1950","227","4","","566","566","566","","CCHHBCMG_00568","","","",""
"group_2298","","hypothetical protein","1","1","1","1","226","34","8","","260","260","260","","CCHHBCMG_00622","","","",""
"group_23","","hypothetical protein","1","1","1","17","1","319","1","Investigate","710","710","710","","","","NFMMKAFD_01881","",""
"group_2307","","hypothetical protein","1","1","1","1","1214","194","11","","503","503","503","","CCHHBCMG_00636","","","",""
"group_2308","","hypothetical protein","1","1","1","1","1215","194","12","","494","494","494","","CCHHBCMG_00637","","","",""
"group_2312","","hypothetical protein","1","1","1","1","1181","194","5","","122","122","122","","CCHHBCMG_00647","","","",""
"group_2313","","hypothetical protein","1","1","1","1","1182","194","4","","281","281","281","","CCHHBCMG_00648","","","",""
"group_2315","","hypothetical protein","1","1","1","1","1180","194","3","","140","140","140","","CCHHBCMG_00650","","","",""
"group_2316","","hypothetical protein","1","1","1","1","1229","194","26","","143","143","143","","CCHHBCMG_00652","","","",""
"group_2356","","hypothetical protein","1","1","1","1","1174","194","43","","557","557","557","","CCHHBCMG_00695","","","",""
"group_2357","","hypothetical protein","1","1","1","1","1175","194","42","","992","992","992","","CCHHBCMG_00696","","","",""
"group_2358","","hypothetical protein","1","1","1","1","1176","194","41","","323","323","323","","CCHHBCMG_00697","","","",""
"group_2359","","hypothetical protein","1","1","1","1","1177","194","40","","215","215","215","","CCHHBCMG_00698","","","",""
"group_2371","","hypothetical protein","1","1","1","1","1294","197","18","","434","434","434","","CCHHBCMG_00713","","","",""
"assT_1","","Arylsulfate sulfotransferase AssT","1","1","1","1","1076","198","28","","317","317","317","","CCHHBCMG_00797","","","",""
"assT_2","","Arylsulfate sulfotransferase AssT","1","1","1","1","1075","198","27","","269","269","269","","CCHHBCMG_00798","","","",""
"assT_3","","Arylsulfate sulfotransferase AssT","1","1","1","1","1074","198","26","","875","875","875","","CCHHBCMG_00799","","","",""
"group_2434","dsbI","Protein-disulfide oxidoreductase DsbI","1","1","1","1","1073","198","25","","794","794","794","","CCHHBCMG_00800","","","",""
"group_2437","","hypothetical protein","1","1","1","1","1068","198","14","","428","428","428","","CCHHBCMG_00805","","","",""
"group_2439","moeA_1","Molybdopterin molybdenumtransferase","1","1","1","1","1066","198","1","","1160","1160","1160","","CCHHBCMG_00807","","","",""
"group_2447","","hypothetical protein","1","1","1","1","860","198","3","","2159","2159","2159","","CCHHBCMG_00815","","","",""
"group_2463","fliY","L-cystine-binding protein FliY","1","1","1","1","1027","23","7","","770","770","770","","CCHHBCMG_00845","","","",""
"group_2464","","hypothetical protein","1","1","1","1","1026","23","8","","1331","1331","1331","","CCHHBCMG_00846","","","",""
"group_2476","","hypothetical protein","1","1","1","1","983","207","15","","1244","1244","1244","","CCHHBCMG_00866","","","",""
"group_2497","hisS","Histidine--tRNA ligase","1","1","1","1","944","214","16","","1226","1226","1226","","CCHHBCMG_00895","","","",""
"group_2499","hrcA","Heat-inducible transcription repressor HrcA","1","1","1","1","928","317","1","","791","791","791","","CCHHBCMG_00903","","","",""
"group_2500","","hypothetical protein","1","1","1","1","927","317","2","","1061","1061","1061","","CCHHBCMG_00904","","","",""
"group_2501","","hypothetical protein","1","1","1","1","92","1","74","","443","443","443","","CCHHBCMG_00906","","","",""
"group_2502","sotB","sugar efflux transporter","1","1","1","1","93","1","75","","1175","1175","1175","","CCHHBCMG_00907","","","",""
"group_2503","","hypothetical protein","1","1","1","1","94","1","76","","449","449","449","","CCHHBCMG_00908","","","",""
"group_2504","","hypothetical protein","1","1","1","1","95","1","77","","752","752","752","","CCHHBCMG_00909","","","",""
"group_2505","","hypothetical protein","1","1","1","1","96","1","78","","1484","1484","1484","","CCHHBCMG_00910","","","",""
"group_2506","","putative protein","1","1","1","1","97","1","79","","1070","1070","1070","","CCHHBCMG_00911","","","",""
"group_2507","hsdS","Type-1 restriction enzyme EcoKI specificity protein","1","1","1","1","98","1","80","","1247","1247","1247","","CCHHBCMG_00912","","","",""
"group_2508","","hypothetical protein","1","1","1","1","99","1","81","","3044","3044","3044","","CCHHBCMG_00913","","","",""
"group_2509","","hypothetical protein","1","1","1","1","100","1","82","","173","173","173","","CCHHBCMG_00914","","","",""
"group_2524","","IS6 family transposase IS1216E","1","1","1","1","41","1","125","","680","680","680","","CCHHBCMG_00940","","","",""
"group_2526","","hypothetical protein","1","1","1","1","40","1","126","","101","101","101","","CCHHBCMG_00941","","","",""
"group_2527","","hypothetical protein","1","1","1","1","39","1","127","","485","485","485","","CCHHBCMG_00942","","","",""
"group_2528","","hypothetical protein","1","1","1","1","38","1","128","","458","458","458","","CCHHBCMG_00943","","","",""
"group_2529","aadK_1","Aminoglycoside 6-adenylyltransferase","1","1","1","1","27","1","134","","863","863","863","","CCHHBCMG_00946","","","",""
"group_2542","","hypothetical protein","1","1","1","1","160","25","4","","572","572","572","","CCHHBCMG_00969","","","",""
"group_2573","","hypothetical protein","1","1","1","1","200","245","1","","392","392","392","","CCHHBCMG_01017","","","",""
"group_2576","","hypothetical protein","1","1","1","1","2206","4","32","","407","407","407","","CCHHBCMG_01024","","","",""
"group_2577","kpsM","Polysialic acid transport protein KpsM","1","1","1","1","2205","4","33","","782","782","782","","CCHHBCMG_01025","","","",""
"group_2579","","hypothetical protein","1","1","1","1","2200","4","44","","977","977","977","","CCHHBCMG_01030","","","",""
"group_2580","","hypothetical protein","1","1","1","1","2199","4","45","","1043","1043","1043","","CCHHBCMG_01031","","","",""
"group_2581","","hypothetical protein","1","1","1","1","2198","4","46","","1397","1397","1397","","CCHHBCMG_01032","","","",""
"galE1","","UDP-glucose 4-epimerase","1","1","1","1","2197","4","47","","1043","1043","1043","","CCHHBCMG_01033","","","",""
"rkpK","","UDP-glucose 6-dehydrogenase","1","1","1","1","2196","4","48","","1298","1298","1298","","CCHHBCMG_01034","","","",""
"galE_2","","UDP-glucose 4-epimerase","1","1","1","1","2195","4","49","","974","974","974","","CCHHBCMG_01035","","","",""
"rfbD","","UDP-galactopyranose mutase","1","1","1","1","2194","4","50","","1115","1115","1115","","CCHHBCMG_01036","","","",""
"group_2586","","hypothetical protein","1","1","1","1","2193","4","51","","1232","1232","1232","","CCHHBCMG_01037","","","",""
"group_2587","","hypothetical protein","1","1","1","1","2192","4","52","","2138","2138","2138","","CCHHBCMG_01038","","","",""
"group_2588","","hypothetical protein","1","1","1","1","2191","4","53","","1997","1997","1997","","CCHHBCMG_01039","","","",""
"legI_2","","N,N'-diacetyllegionaminic acid synthase","1","1","1","1","2190","4","54","","1040","1040","1040","","CCHHBCMG_01040","","","",""
"siaA","","UDP-N-acetylglucosamine 2-epimerase","1","1","1","1","2189","4","55","","1121","1121","1121","","CCHHBCMG_01041","","","",""
"group_2591","","hypothetical protein","1","1","1","1","2188","4","56","","866","866","866","","CCHHBCMG_01042","","","",""
"group_2592","","hypothetical protein","1","1","1","1","2187","4","57","","1391","1391","1391","","CCHHBCMG_01043","","","",""
"group_2593","","hypothetical protein","1","1","1","1","2186","4","58","","947","947","947","","CCHHBCMG_01044","","","",""
"group_2594","","hypothetical protein","1","1","1","1","2185","4","59","","662","662","662","","CCHHBCMG_01045","","","",""
"cysC","","Adenylyl-sulfate kinase","1","1","1","1","2184","4","60","","1184","1184","1184","","CCHHBCMG_01046","","","",""
"group_2596","prpB","2-methylisocitrate lyase","1","1","1","1","2183","4","61","","1322","1322","1322","","CCHHBCMG_01047","","","",""
"group_2597","","hypothetical protein","1","1","1","1","2182","4","62","","1196","1196","1196","","CCHHBCMG_01048","","","",""
"group_2598","","hypothetical protein","1","1","1","1","2181","4","63","","1055","1055","1055","","CCHHBCMG_01049","","","",""
"group_2599","","hypothetical protein","1","1","1","1","2180","4","64","","1115","1115","1115","","CCHHBCMG_01050","","","",""
"group_26","","hypothetical protein","1","1","1","11","1","282","4","","446","446","446","","","","NFMMKAFD_01866","",""
"group_2606","","hypothetical protein","1","1","1","1","2172","4","13","","377","377","377","","CCHHBCMG_01058","","","",""
"group_2607","rsfS","Ribosomal silencing factor RsfS","1","1","1","1","2171","4","12","","326","326","326","","CCHHBCMG_01059","","","",""
"group_2627","","hypothetical protein","1","1","1","1","2116","1","90","","458","458","458","","CCHHBCMG_01099","","","",""
"group_2628","","hypothetical protein","1","1","1","1","2115","1","91","","1571","1571","1571","","CCHHBCMG_01100","","","",""
"group_2641","","hypothetical protein","1","1","1","1","2071","49","13","","1244","1244","1244","","CCHHBCMG_01121","","","",""
"ynfE_1","","Putative dimethyl sulfoxide reductase chain YnfE","1","1","1","2","234","30","8","","776","776","776","","CCHHBCMG_01143","","","",""
"ynfF","","putative dimethyl sulfoxide reductase chain YnfF","1","1","1","2","235","30","9","","461","461","461","","CCHHBCMG_01144","","","",""
"ynfE_2","","Putative dimethyl sulfoxide reductase chain YnfE","1","1","1","2","236","30","10","","1073","1073","1073","","CCHHBCMG_01145","","","",""
"dmsB","","Anaerobic dimethyl sulfoxide reductase chain B","1","1","1","2","237","30","11","","656","656","656","","CCHHBCMG_01146","","","",""
"group_2659","","hypothetical protein","1","1","1","2","238","30","12","","866","866","866","","CCHHBCMG_01147","","","",""
"dmsD","","Tat proofreading chaperone DmsD","1","1","1","2","239","30","13","","557","557","557","","CCHHBCMG_01148","","","",""
"group_2677","btuB","Vitamin B12 transporter BtuB","1","1","1","2","276","218","7","","2123","2123","2123","","CCHHBCMG_01176","","","",""
"group_27","","hypothetical protein","1","1","1","10","1","263","2","","437","437","437","","","","NFMMKAFD_01876","",""
"group_2710","","hypothetical protein","1","1","1","2","379","208","18","","443","443","443","","CCHHBCMG_01232","","","",""
"group_2721","","hypothetical protein","1","1","1","2","84","217","6","","956","956","956","","CCHHBCMG_01283","","","",""
"group_2744","ansZ","L-asparaginase 2","1","1","1","2","27","271","7","","995","995","995","","CCHHBCMG_01323","","","",""
"dorA","","Dimethyl sulfoxide/trimethylamine N-oxide reductase","1","1","1","2","26","271","3","","500","500","500","","CCHHBCMG_01324","","","",""
"dmsA","","Dimethyl sulfoxide/trimethylamine N-oxide reductase","1","1","1","2","25","271","2","","1841","1841","1841","","CCHHBCMG_01325","","","",""
"group_2747","","hypothetical protein","1","1","1","2","24","271","1","","533","533","533","","CCHHBCMG_01326","","","",""
"group_2759","","hypothetical protein","1","1","1","3","296","247","4","","1508","1508","1508","","CCHHBCMG_01350","","","",""
"group_2760","","hypothetical protein","1","1","1","3","295","247","5","","2345","2345","2345","","CCHHBCMG_01351","","","",""
"group_2762","","Beta-lactamase OXA-133","1","1","1","3","285","10","11","","746","746","746","","CCHHBCMG_01356","","","",""
"group_2763","","hypothetical protein","1","1","1","3","284","10","10","","818","818","818","","CCHHBCMG_01357","","","",""
"group_2764","btuD_1","Vitamin B12 import ATP-binding protein BtuD","1","1","1","3","283","10","9","","872","872","872","","CCHHBCMG_01358","","","",""
"cysT","","Sulfate transport system permease protein CysT","1","1","1","3","282","10","8","","674","674","674","","CCHHBCMG_01359","","","",""
"group_2766","","hypothetical protein","1","1","1","3","281","10","7","","401","401","401","","CCHHBCMG_01360","","","",""
"group_2767","modA","Molybdate-binding protein ModA","1","1","1","3","280","10","6","","749","749","749","","CCHHBCMG_01361","","","",""
"group_2768","","hypothetical protein","1","1","1","3","279","10","5","","686","686","686","","CCHHBCMG_01362","","","",""
"group_2769","","putative protein","1","1","1","3","278","10","4","","611","611","611","","CCHHBCMG_01363","","","",""
"group_2770","bioF","8-amino-7-oxononanoate synthase","1","1","1","3","277","10","3","","1142","1142","1142","","CCHHBCMG_01364","","","",""
"group_2771","bioA","Adenosylmethionine-8-amino-7-oxononanoate aminotransferase","1","1","1","3","276","10","2","","1283","1283","1283","","CCHHBCMG_01365","","","",""
"group_28","","hypothetical protein","1","1","1","18","1","326","1","Investigate","443","443","443","","CCHHBCMG_01724","","","",""
"group_2808","","hypothetical protein","1","1","1","3","172","231","2","","632","632","632","","CCHHBCMG_01424","","","",""
"group_2831","","hypothetical protein","1","1","1","3","52","212","12","","290","290","290","","CCHHBCMG_01451","","","",""
"group_2843","","hypothetical protein","1","1","1","3","93","229","11","","533","533","533","","CCHHBCMG_01472","","","",""
"group_2844","","hypothetical protein","1","1","1","3","92","229","10","","248","248","248","","CCHHBCMG_01473","","","",""
"group_2848","","hypothetical protein","1","1","1","3","65","302","1","","227","227","227","","CCHHBCMG_01479","","","",""
"group_2849","","hypothetical protein","1","1","1","3","64","302","2","","632","632","632","","CCHHBCMG_01480","","","",""
"group_2850","","hypothetical protein","1","1","1","3","63","302","3","","416","416","416","","CCHHBCMG_01481","","","",""
"group_2858","","hypothetical protein","1","1","1","2","417","254","2","","2243","2243","2243","","CCHHBCMG_01492","","","",""
"group_2906","","hypothetical protein","1","1","1","2","525","36","9","","542","542","542","","CCHHBCMG_01574","","","",""
"group_2907","","hypothetical protein","1","1","1","2","524","36","8","","692","692","692","","CCHHBCMG_01575","","","",""
"group_2908","","hypothetical protein","1","1","1","2","523","36","7","","605","605","605","","CCHHBCMG_01576","","","",""
"group_2914","bcr","Bicyclomycin resistance protein","1","1","1","2","482","52","2","","1202","1202","1202","","CCHHBCMG_01592","","","",""
"group_2916","","hypothetical protein","1","1","1","2","486","52","21","","3776","3776","3776","","CCHHBCMG_01595","","","",""
"group_2936","ynfM","Inner membrane transport protein YnfM","1","1","1","3","429","248","7","","1136","1136","1136","","CCHHBCMG_01628","","","",""
"group_2946","","hypothetical protein","1","1","1","3","406","243","5","","617","617","617","","CCHHBCMG_01647","","","",""
"group_2947","","hypothetical protein","1","1","1","3","407","243","4","","389","389","389","","CCHHBCMG_01648","","","",""
"group_2951","","hypothetical protein","1","1","1","3","382","216","11","","149","149","149","","CCHHBCMG_01657","","","",""
"group_2965","","hypothetical protein","1","1","1","3","5","230","7","","197","197","197","","CCHHBCMG_01680","","","",""
"group_2966","","hypothetical protein","1","1","1","3","4","230","8","","323","323","323","","CCHHBCMG_01681","","","",""
"group_2967","","hypothetical protein","1","1","1","3","6","230","9","","158","158","158","","CCHHBCMG_01682","","","",""
"group_2974","pyrC_2","Dihydroorotase","1","1","1","3","345","249","5","","995","995","995","","CCHHBCMG_01694","","","",""
"group_2975","COQ5","2-methoxy-6-polyprenyl-1,4-benzoquinol methylase, mitochondrial","1","1","1","3","343","249","2","","710","710","710","","CCHHBCMG_01696","","","",""
"group_2980","","hypothetical protein","1","1","1","9","6","228","7","","1793","1793","1793","","CCHHBCMG_01702","","","",""
"group_2995","","hypothetical protein","1","1","1","1","1445","162","1","","4094","4094","4094","","","HDHBLALJ_00305","","",""
"porA","","Major outer membrane protein","1","1","1","1","1858","18","20","","1298","1298","1298","","","HDHBLALJ_00689","","",""
"group_3004","","hypothetical protein","1","1","1","2","526","36","3","","605","605","605","","","HDHBLALJ_01222","","",""
"yflS_1","","Putative malate transporter YflS","1","1","1","2","475","157","1","","350","350","350","","","HDHBLALJ_01224","","",""
"group_3006","","hypothetical protein","1","1","1","2","512","35","7","","305","305","305","","","HDHBLALJ_01228","","",""
"group_3007","","hypothetical protein","1","1","1","2","488","52","16","","3809","3809","3809","","","HDHBLALJ_01241","","",""
"recD","","RecBCD enzyme subunit RecD","1","1","1","2","487","52","15","","2789","2789","2789","","","HDHBLALJ_01242","","",""
"group_3012","","hypothetical protein","1","1","1","1","2220","6","51","","2570","2570","2570","","","HDHBLALJ_01389","","",""
"group_3013","","hypothetical protein","1","1","1","1","2219","6","50","","1670","1670","1670","","","HDHBLALJ_01390","","",""
"cysQ_1","","3'(2'),5'-bisphosphate nucleotidase CysQ","1","1","1","1","2218","6","49","","326","326","326","","","HDHBLALJ_01391","","",""
"cysQ_2","","3'(2'),5'-bisphosphate nucleotidase CysQ","1","1","1","1","2217","6","48","","428","428","428","","","HDHBLALJ_01392","","",""
"cysD","","Sulfate adenylyltransferase subunit 2","1","1","1","1","2216","6","47","","893","893","893","","","HDHBLALJ_01393","","",""
"cysN","","Sulfate adenylyltransferase subunit 1","1","1","1","1","2215","6","46","","1424","1424","1424","","","HDHBLALJ_01394","","",""
"group_3018","","hypothetical protein","1","1","1","1","2214","6","45","","1715","1715","1715","","","HDHBLALJ_01395","","",""
"group_3019","cysC","Adenylyl-sulfate kinase","1","1","1","1","2213","6","44","","581","581","581","","","HDHBLALJ_01396","","",""
"group_3020","","hypothetical protein","1","1","1","2","70","63","1","","2537","2537","2537","","","HDHBLALJ_01426","","",""
"group_3021","","hypothetical protein","1","1","1","1","2019","6","1","","248","248","248","","","HDHBLALJ_01546","","",""
"group_3022","","hypothetical protein","1","1","1","1","2020","6","2","","1223","1223","1223","","","HDHBLALJ_01547","","",""
"group_3023","","hypothetical protein","1","1","1","1","2021","6","3","","2021","2021","2021","","","HDHBLALJ_01548","","",""
"arnC","","Undecaprenyl-phosphate 4-deoxy-4-formamido-L-arabinose transferase","1","1","1","1","2022","6","4","","1913","1913","1913","","","HDHBLALJ_01549","","",""
"group_3025","","hypothetical protein","1","1","1","1","2023","6","5","","674","674","674","","","HDHBLALJ_01550","","",""
"rhmA","","2-keto-3-deoxy-L-rhamnonate aldolase","1","1","1","1","2024","6","6","","764","764","764","","","HDHBLALJ_01551","","",""
"group_3027","","Hydroxypyruvate reductase","1","1","1","1","2025","6","7","","953","953","953","","","HDHBLALJ_01552","","",""
"fcl","","GDP-L-fucose synthase","1","1","1","1","2026","6","8","","875","875","875","","","HDHBLALJ_01553","","",""
"kynB","","Kynurenine formamidase","1","1","1","1","2027","6","9","","671","671","671","","","HDHBLALJ_01554","","",""
"group_3030","","hypothetical protein","1","1","1","1","2028","6","10","","488","488","488","","","HDHBLALJ_01555","","",""
"group_3031","","hypothetical protein","1","1","1","1","2029","6","11","","593","593","593","","","HDHBLALJ_01556","","",""
"group_3032","","hypothetical protein","1","1","1","1","2030","6","12","","1097","1097","1097","","","HDHBLALJ_01557","","",""
"group_3033","","hypothetical protein","1","1","1","1","2031","6","13","","593","593","593","","","HDHBLALJ_01558","","",""
"group_3034","udk","Uridine kinase","1","1","1","1","2032","6","14","","1298","1298","1298","","","HDHBLALJ_01559","","",""
"group_3035","","hypothetical protein","1","1","1","1","2033","6","15","","728","728","728","","","HDHBLALJ_01560","","",""
"group_3036","fmt_1","Methionyl-tRNA formyltransferase","1","1","1","1","596","12","11","","464","464","464","","","","NFMMKAFD_00009","",""
"group_3037","","hypothetical protein","1","1","1","1","618","280","6","","572","572","572","","","","NFMMKAFD_00020","",""
"group_3038","","hypothetical protein","1","1","1","1","619","280","7","","788","788","788","","","","NFMMKAFD_00021","",""
"group_3039","","hypothetical protein","1","1","1","1","620","280","5","","998","998","998","","","","NFMMKAFD_00022","",""
"group_3040","","hypothetical protein","1","1","1","1","621","280","4","","614","614","614","","","","NFMMKAFD_00023","",""
"group_3041","","hypothetical protein","1","1","1","1","622","280","3","","224","224","224","","","","NFMMKAFD_00024","",""
"group_3042","","hypothetical protein","1","1","1","1","624","280","1","","725","725","725","","","","NFMMKAFD_00026","",""
"group_3043","","hypothetical protein","1","1","1","1","640","102","3","","791","791","791","","","","NFMMKAFD_00035","",""
"group_3044","","hypothetical protein","1","1","1","1","641","102","4","","791","791","791","","","","NFMMKAFD_00036","",""
"group_3046","porA","Major outer membrane protein","1","1","1","1","1762","213","3","","1280","1280","1280","","","","NFMMKAFD_00075","",""
"group_3047","metF","5,10-methylenetetrahydrofolate reductase","1","1","1","1","1672","286","2","","848","848","848","","","","NFMMKAFD_00130","",""
"group_3048","metE","5-methyltetrahydropteroyltriglutamate--homocysteine methyltransferase","1","1","1","1","1671","286","3","","2264","2264","2264","","","","NFMMKAFD_00131","",""
"group_3049","","Membrane lipoprotein TpN32","1","1","1","1","1670","286","4","","770","770","770","","","","NFMMKAFD_00132","",""
"group_3050","","hypothetical protein","1","1","1","1","1669","286","5","","992","992","992","","","","NFMMKAFD_00133","",""
"group_3051","luxS","S-ribosylhomocysteine lyase","1","1","1","1","1668","286","1","","494","494","494","","","","NFMMKAFD_00134","",""
"group_3052","","hypothetical protein","1","1","1","1","732","73","11","","1400","1400","1400","","","","NFMMKAFD_00162","",""
"group_3053","","hypothetical protein","1","1","1","1","1621","252","5","","521","521","521","","","","NFMMKAFD_00172","",""
"group_3054","rfaF","ADP-heptose--LPS heptosyltransferase 2","1","1","1","1","1604","202","23","","959","959","959","","","","NFMMKAFD_00182","",""
"group_3055","epsJ","putative glycosyltransferase EpsJ","1","1","1","1","1603","202","24","","818","818","818","","","","NFMMKAFD_00183","",""
"htrL","","Protein HtrL","1","1","1","1","1602","202","25","","959","959","959","","","","NFMMKAFD_00184","",""
"group_3057","","hypothetical protein","1","1","1","1","1601","202","26","","956","956","956","","","","NFMMKAFD_00185","",""
"group_3058","","hypothetical protein","1","1","1","1","1600","202","27","","773","773","773","","","","NFMMKAFD_00186","",""
"group_3059","","hypothetical protein","1","1","1","1","1599","202","28","","1022","1022","1022","","","","NFMMKAFD_00187","",""
"group_3060","","hypothetical protein","1","1","1","1","1598","202","29","","1253","1253","1253","","","","NFMMKAFD_00188","",""
"fdtB","","dTDP-3-amino-3,6-dideoxy-alpha-D-galactopyranose transaminase","1","1","1","1","1597","202","30","","1085","1085","1085","","","","NFMMKAFD_00189","",""
"group_3062","","hypothetical protein","1","1","1","1","1596","202","31","","1076","1076","1076","","","","NFMMKAFD_00190","",""
"group_3063","","hypothetical protein","1","1","1","1","1595","202","32","","527","527","527","","","","NFMMKAFD_00191","",""
"fdtC","","dTDP-3-amino-3,6-dideoxy-alpha-D-galactopyranose 3-N-acetyltransferase","1","1","1","1","1594","202","33","","443","443","443","","","","NFMMKAFD_00192","",""
"fdtA_1","","TDP-4-oxo-6-deoxy-alpha-D-glucose-3,4-oxoisomerase","1","1","1","1","1593","202","34","","404","404","404","","","","NFMMKAFD_00193","",""
"fdtA_2","","TDP-4-oxo-6-deoxy-alpha-D-glucose-3,4-oxoisomerase","1","1","1","1","1592","202","35","","419","419","419","","","","NFMMKAFD_00194","",""
"rfbB","","dTDP-glucose 4,6-dehydratase","1","1","1","1","1591","202","22","","1031","1031","1031","","","","NFMMKAFD_00195","",""
"rfbA","","Glucose-1-phosphate thymidylyltransferase 1","1","1","1","1","1590","202","21","","878","878","878","","","","NFMMKAFD_00196","",""
"group_3069","","hypothetical protein","1","1","1","1","1589","202","20","","701","701","701","","","","NFMMKAFD_00197","",""
"group_3070","","hypothetical protein","1","1","1","1","781","8","14","","425","425","425","","","","NFMMKAFD_00267","",""
"group_3071","","hypothetical protein","1","1","1","1","1451","8","19","","1973","1973","1973","","","","NFMMKAFD_00275","",""
"group_3072","","hypothetical protein","1","1","1","1","1447","329","1","","4031","4031","4031","","","","NFMMKAFD_00279","",""
"group_3075","","hypothetical protein","1","1","1","1","414","246","2","","407","407","407","","","","NFMMKAFD_00337","",""
"group_3076","","hypothetical protein","1","1","1","1","401","241","3","","248","248","248","","","","NFMMKAFD_00345","",""
"group_3077","","hypothetical protein","1","1","1","1","369","250","6","","434","434","434","","","","NFMMKAFD_00414","",""
"era_1","","GTPase Era","1","1","1","1","343","2","7","","1118","1118","1118","","","","NFMMKAFD_00457","",""
"group_3079","","hypothetical protein","1","1","1","1","342","2","100","","170","170","170","","","","NFMMKAFD_00458","",""
"group_3080","","hypothetical protein","1","1","1","1","341","2","101","","305","305","305","","","","NFMMKAFD_00459","",""
"group_3081","folP","Bifunctional dihydropteroate synthase/dihydropteroate reductase","1","1","1","1","1828","2","8","","1142","1142","1142","","","","NFMMKAFD_00477","",""
"group_3083","","hypothetical protein","1","1","1","1","1913","235","1","","1043","1043","1043","","","","NFMMKAFD_00520","",""
"dtpT","","Di-/tripeptide transporter","1","1","1","1","1897","206","8","","1553","1553","1553","","","","NFMMKAFD_00545","",""
"group_3085","","hypothetical protein","1","1","1","1","311","206","1","","230","230","230","","","","NFMMKAFD_00546","",""
"group_3086","","hypothetical protein","1","1","1","1","312","206","2","","200","200","200","","","","NFMMKAFD_00547","",""
"dtpB","","Dipeptide and tripeptide permease B","1","1","1","1","313","206","3","","410","410","410","","","","NFMMKAFD_00548","",""
"group_3088","","hypothetical protein","1","1","1","1","306","279","4","","407","407","407","","","","NFMMKAFD_00557","",""
"group_3089","kdpB_1","Potassium-transporting ATPase ATP-binding subunit","1","1","1","1","1958","227","8","","593","593","593","","","","NFMMKAFD_00564","",""
"group_3090","","hypothetical protein","1","1","1","1","222","34","5","","530","530","530","","","","NFMMKAFD_00625","",""
"group_3091","","hypothetical protein","1","1","1","1","221","34","4","","1928","1928","1928","","","","NFMMKAFD_00626","",""
"group_3092","","hypothetical protein","1","1","1","1","220","34","3","","1442","1442","1442","","","","NFMMKAFD_00627","",""
"group_3093","","hypothetical protein","1","1","1","1","219","34","2","","935","935","935","","","","NFMMKAFD_00628","",""
"group_3094","","hypothetical protein","1","1","1","1","223","34","1","","116","116","116","","","","NFMMKAFD_00629","",""
"group_3095","","hypothetical protein","1","1","1","1","224","34","6","","236","236","236","","","","NFMMKAFD_00630","",""
"group_3096","btuB","Vitamin B12 transporter BtuB","1","1","1","2","165","218","8","","2156","2156","2156","","","","NFMMKAFD_00684","",""
"group_3097","","hypothetical protein","1","1","1","2","159","195","63","","284","284","284","","","","NFMMKAFD_00704","",""
"group_3098","","hypothetical protein","1","1","1","2","158","195","64","","1685","1685","1685","","","","NFMMKAFD_00705","",""
"group_3099","","hypothetical protein","1","1","1","2","157","195","65","","629","629","629","","","","NFMMKAFD_00706","",""
"group_3100","","hypothetical protein","1","1","1","2","156","195","38","","320","320","320","","","","NFMMKAFD_00707","",""
"group_3101","","hypothetical protein","1","1","1","2","155","195","37","","194","194","194","","","","NFMMKAFD_00708","",""
"group_3102","","hypothetical protein","1","1","1","2","154","195","36","","287","287","287","","","","NFMMKAFD_00709","",""
"dpnM","","Modification methylase DpnIIA","1","1","1","2","153","195","35","","815","815","815","","","","NFMMKAFD_00710","",""
"group_3104","","hypothetical protein","1","1","1","2","152","195","34","","488","488","488","","","","NFMMKAFD_00711","",""
"group_3105","","hypothetical protein","1","1","1","2","151","195","33","","2222","2222","2222","","","","NFMMKAFD_00712","",""
"group_3106","","hypothetical protein","1","1","1","2","150","195","32","","305","305","305","","","","NFMMKAFD_00713","",""
"group_3107","","hypothetical protein","1","1","1","2","149","195","31","","239","239","239","","","","NFMMKAFD_00714","",""
"group_3108","","hypothetical protein","1","1","1","2","148","195","30","","509","509","509","","","","NFMMKAFD_00715","",""
"group_3109","","hypothetical protein","1","1","1","2","147","195","29","","1193","1193","1193","","","","NFMMKAFD_00716","",""
"group_3110","","hypothetical protein","1","1","1","2","146","195","28","","1007","1007","1007","","","","NFMMKAFD_00717","",""
"group_3111","","hypothetical protein","1","1","1","2","145","195","27","","371","371","371","","","","NFMMKAFD_00718","",""
"group_3112","","hypothetical protein","1","1","1","2","144","195","26","","506","506","506","","","","NFMMKAFD_00719","",""
"group_3113","","hypothetical protein","1","1","1","2","143","195","25","","1031","1031","1031","","","","NFMMKAFD_00720","",""
"group_3114","","hypothetical protein","1","1","1","2","142","195","24","","620","620","620","","","","NFMMKAFD_00721","",""
"group_3115","","hypothetical protein","1","1","1","2","141","195","23","","1166","1166","1166","","","","NFMMKAFD_00722","",""
"group_3116","","hypothetical protein","1","1","1","2","140","195","22","","290","290","290","","","","NFMMKAFD_00723","",""
"group_3117","","hypothetical protein","1","1","1","2","139","195","21","","632","632","632","","","","NFMMKAFD_00724","",""
"group_3118","","hypothetical protein","1","1","1","2","138","195","20","","314","314","314","","","","NFMMKAFD_00725","",""
"group_3119","","hypothetical protein","1","1","1","2","137","195","19","","122","122","122","","","","NFMMKAFD_00726","",""
"group_3120","","hypothetical protein","1","1","1","2","136","195","18","","248","248","248","","","","NFMMKAFD_00727","",""
"group_3121","","hypothetical protein","1","1","1","2","135","195","17","","341","341","341","","","","NFMMKAFD_00728","",""
"group_3122","","hypothetical protein","1","1","1","2","134","195","16","","389","389","389","","","","NFMMKAFD_00729","",""
"group_3123","","hypothetical protein","1","1","1","2","133","195","15","","434","434","434","","","","NFMMKAFD_00730","",""
"group_3124","","hypothetical protein","1","1","1","2","132","195","14","","815","815","815","","","","NFMMKAFD_00731","",""
"group_3125","","hypothetical protein","1","1","1","2","131","195","13","","527","527","527","","","","NFMMKAFD_00732","",""
"group_3126","","hypothetical protein","1","1","1","2","102","195","12","","977","977","977","","","","NFMMKAFD_00733","",""
"group_3127","","hypothetical protein","1","1","1","2","103","195","11","","458","458","458","","","","NFMMKAFD_00734","",""
"group_3128","","hypothetical protein","1","1","1","2","104","195","10","","599","599","599","","","","NFMMKAFD_00735","",""
"group_3129","","hypothetical protein","1","1","1","2","105","195","9","","1670","1670","1670","","","","NFMMKAFD_00736","",""
"group_3130","","hypothetical protein","1","1","1","2","106","195","8","","1370","1370","1370","","","","NFMMKAFD_00737","",""
"group_3131","","hypothetical protein","1","1","1","2","107","195","7","","1235","1235","1235","","","","NFMMKAFD_00738","",""
"group_3132","","hypothetical protein","1","1","1","2","108","195","6","","374","374","374","","","","NFMMKAFD_00739","",""
"group_3133","","hypothetical protein","1","1","1","2","109","195","5","","191","191","191","","","","NFMMKAFD_00740","",""
"group_3134","","hypothetical protein","1","1","1","2","110","195","4","","977","977","977","","","","NFMMKAFD_00741","",""
"group_3135","","hypothetical protein","1","1","1","2","111","195","3","","773","773","773","","","","NFMMKAFD_00742","",""
"group_3136","","hypothetical protein","1","1","1","2","112","195","2","","203","203","203","","","","NFMMKAFD_00743","",""
"group_3137","","hypothetical protein","1","1","1","2","113","195","1","","284","284","284","","","","NFMMKAFD_00744","",""
"group_3138","","hypothetical protein","1","1","1","2","114","195","40","","107","107","107","","","","NFMMKAFD_00745","",""
"group_3139","","hypothetical protein","1","1","1","2","115","195","41","","581","581","581","","","","NFMMKAFD_00746","",""
"group_3140","","hypothetical protein","1","1","1","2","116","195","42","","275","275","275","","","","NFMMKAFD_00747","",""
"group_3141","","hypothetical protein","1","1","1","2","117","195","43","","449","449","449","","","","NFMMKAFD_00748","",""
"group_3142","","hypothetical protein","1","1","1","2","118","195","44","","692","692","692","","","","NFMMKAFD_00749","",""
"group_3143","","hypothetical protein","1","1","1","2","119","195","45","","269","269","269","","","","NFMMKAFD_00750","",""
"group_3144","","hypothetical protein","1","1","1","2","120","195","46","","962","962","962","","","","NFMMKAFD_00751","",""
"group_3145","","hypothetical protein","1","1","1","2","121","195","47","","485","485","485","","","","NFMMKAFD_00752","",""
"group_3146","","hypothetical protein","1","1","1","2","122","195","48","","341","341","341","","","","NFMMKAFD_00753","",""
"group_3147","","hypothetical protein","1","1","1","2","123","195","49","","185","185","185","","","","NFMMKAFD_00754","",""
"group_3148","","hypothetical protein","1","1","1","2","124","195","50","","191","191","191","","","","NFMMKAFD_00755","",""
"group_3149","","hypothetical protein","1","1","1","2","125","195","51","","923","923","923","","","","NFMMKAFD_00756","",""
"group_3150","","hypothetical protein","1","1","1","2","126","195","52","","2075","2075","2075","","","","NFMMKAFD_00757","",""
"group_3151","","hypothetical protein","1","1","1","2","127","195","53","","200","200","200","","","","NFMMKAFD_00758","",""
"lexA","","LexA repressor","1","1","1","2","128","195","54","","674","674","674","","","","NFMMKAFD_00759","",""
"group_3153","","hypothetical protein","1","1","1","2","129","195","55","","701","701","701","","","","NFMMKAFD_00760","",""
"group_3155","","hypothetical protein","1","1","1","2","98","283","1","","203","203","203","","","","NFMMKAFD_00789","",""
"group_3156","","hypothetical protein","1","1","1","2","377","208","10","","416","416","416","","","","NFMMKAFD_00799","",""
"group_3157","","hypothetical protein","1","1","1","2","376","208","9","","287","287","287","","","","NFMMKAFD_00800","",""
"group_3158","","hypothetical protein","1","1","1","2","375","208","8","","230","230","230","","","","NFMMKAFD_00801","",""
"group_3159","","hypothetical protein","1","1","1","2","374","208","7","","368","368","368","","","","NFMMKAFD_00802","",""
"group_3160","","hypothetical protein","1","1","1","2","373","208","6","","227","227","227","","","","NFMMKAFD_00803","",""
"group_3161","","hypothetical protein","1","1","1","2","372","208","5","","206","206","206","","","","NFMMKAFD_00804","",""
"group_3162","","hypothetical protein","1","1","1","2","371","208","4","","1193","1193","1193","","","","NFMMKAFD_00805","",""
"group_3163","","hypothetical protein","1","1","1","2","370","208","3","","1115","1115","1115","","","","NFMMKAFD_00806","",""
"group_3164","","hypothetical protein","1","1","1","2","369","208","27","","245","245","245","","","","NFMMKAFD_00807","",""
"group_3165","","hypothetical protein","1","1","1","2","368","208","28","","182","182","182","","","","NFMMKAFD_00808","",""
"group_3166","","hypothetical protein","1","1","1","2","367","208","26","","854","854","854","","","","NFMMKAFD_00809","",""
"group_3167","","hypothetical protein","1","1","1","2","366","208","25","","137","137","137","","","","NFMMKAFD_00810","",""
"group_3168","","hypothetical protein","1","1","1","2","365","208","24","","368","368","368","","","","NFMMKAFD_00811","",""
"group_3169","","hypothetical protein","1","1","1","2","364","208","23","","227","227","227","","","","NFMMKAFD_00812","",""
"group_3170","","hypothetical protein","1","1","1","2","363","208","22","","440","440","440","","","","NFMMKAFD_00813","",""
"group_3171","","hypothetical protein","1","1","1","2","362","208","21","","212","212","212","","","","NFMMKAFD_00814","",""
"xerC","","Tyrosine recombinase XerC","1","1","1","2","361","208","20","","1139","1139","1139","","","","NFMMKAFD_00815","",""
"group_3173","","hypothetical protein","1","1","1","2","65","63","9","","2597","2597","2597","","","","NFMMKAFD_00880","",""
"yagU","","Inner membrane protein YagU","1","1","1","2","47","351","1","","524","524","524","","","","NFMMKAFD_00894","",""
"group_3175","ansZ","L-asparaginase 2","1","1","1","2","28","271","4","","995","995","995","","","","NFMMKAFD_00909","",""
"group_3176","","hypothetical protein","1","1","1","1","853","198","23","","269","269","269","","","","NFMMKAFD_00978","",""
"group_3177","","hypothetical protein","1","1","1","1","854","198","30","","170","170","170","","","","NFMMKAFD_00981","",""
"group_3178","","hypothetical protein","1","1","1","1","855","198","31","Hypothetical protein with no hits to refseq/uniprot/clusters/cdd/tigrfams/pfam overlapping another protein with hits","179","179","179","","","","NFMMKAFD_00982","",""
"assT","","Arylsulfate sulfotransferase AssT","1","1","1","1","856","198","32","","365","365","365","","","","NFMMKAFD_00983","",""
"group_3180","","hypothetical protein","1","1","1","1","857","198","33","","179","179","179","","","","NFMMKAFD_00984","",""
"group_3181","dsbI","Protein-disulfide oxidoreductase DsbI","1","1","1","1","858","198","34","","785","785","785","","","","NFMMKAFD_00985","",""
"group_3182","","hypothetical protein","1","1","1","1","859","198","13","","362","362","362","","","","NFMMKAFD_00990","",""
"group_3183","moeA_1","Molybdopterin molybdenumtransferase","1","1","1","1","1064","198","11","","1160","1160","1160","","","","NFMMKAFD_00992","",""
"group_3184","","hypothetical protein","1","1","1","1","1057","198","2","","2096","2096","2096","","","","NFMMKAFD_01000","",""
"group_3185","","hypothetical protein","1","1","1","1","1024","23","10","","1322","1322","1322","","","","NFMMKAFD_01032","",""
"group_3188","","hypothetical protein","1","1","1","1","893","207","8","","1334","1334","1334","","","","NFMMKAFD_01052","",""
"group_3189","hisS","Histidine--tRNA ligase","1","1","1","1","915","214","14","","1226","1226","1226","","","","NFMMKAFD_01081","",""
"group_3190","","hypothetical protein","1","1","1","1","934","255","5","","2915","2915","2915","","","","NFMMKAFD_01087","",""
"group_3191","","hypothetical protein","1","1","1","1","933","255","6","","1874","1874","1874","","","","NFMMKAFD_01088","",""
"group_3192","","hypothetical protein","1","1","1","1","930","255","7","","1298","1298","1298","","","","NFMMKAFD_01089","",""
"group_3193","","hypothetical protein","1","1","1","1","931","255","8","","1910","1910","1910","","","","NFMMKAFD_01090","",""
"group_3194","","hypothetical protein","1","1","1","1","922","74","7","","251","251","251","","","","NFMMKAFD_01097","",""
"group_3195","","hypothetical protein","1","1","1","3","80","307","1","","533","533","533","","","","NFMMKAFD_01104","",""
"group_3196","","hypothetical protein","1","1","1","3","81","307","2","","260","260","260","","","","NFMMKAFD_01105","",""
"group_3197","","hypothetical protein","1","1","1","3","82","307","3","","419","419","419","","","","NFMMKAFD_01106","",""
"group_3198","","hypothetical protein","1","1","1","3","91","229","8","","695","695","695","","","","NFMMKAFD_01112","",""
"group_3199","","hypothetical protein","1","1","1","3","126","212","13","","290","290","290","","","","NFMMKAFD_01133","",""
"group_3200","","hypothetical protein","1","1","1","3","171","231","3","","632","632","632","","","","NFMMKAFD_01160","",""
"ydfJ_1","","Putative transporter YdfJ","1","1","1","3","36","272","3","","326","326","326","","","","NFMMKAFD_01187","",""
"group_3202","","hypothetical protein","1","1","1","3","26","247","7","","2345","2345","2345","","","","NFMMKAFD_01238","",""
"group_3203","","hypothetical protein","1","1","1","3","27","247","8","","926","926","926","","","","NFMMKAFD_01239","",""
"group_3204","","hypothetical protein","1","1","1","3","28","247","9","","236","236","236","","","","NFMMKAFD_01240","",""
"group_3205","","hypothetical protein","1","1","1","3","29","247","10","","1670","1670","1670","","","","NFMMKAFD_01241","",""
"group_3206","","hypothetical protein","1","1","1","1","203","4","37","","293","293","293","","","","NFMMKAFD_01265","",""
"fabG_2","","3-oxoacyl-[acyl-carrier-protein] reductase FabG","1","1","1","1","204","4","38","","731","731","731","","","","NFMMKAFD_01266","",""
"menE","","2-succinylbenzoate--CoA ligase","1","1","1","1","205","4","39","","1352","1352","1352","","","","NFMMKAFD_01267","",""
"group_3209","","hypothetical protein","1","1","1","1","206","4","40","","1451","1451","1451","","","","NFMMKAFD_01268","",""
"group_3210","","hypothetical protein","1","1","1","1","207","4","41","","2414","2414","2414","","","","NFMMKAFD_01269","",""
"group_3211","","hypothetical protein","1","1","1","1","208","4","42","","1628","1628","1628","","","","NFMMKAFD_01270","",""
"group_3212","kpsM","Polysialic acid transport protein KpsM","1","1","1","1","201","4","27","","782","782","782","","","","NFMMKAFD_01275","",""
"group_3213","","hypothetical protein","1","1","1","1","202","4","26","","407","407","407","","","","NFMMKAFD_01276","",""
"group_3214","","hypothetical protein","1","1","1","1","2246","245","2","","206","206","206","","","","NFMMKAFD_01283","",""
"group_3216","","hypothetical protein","1","1","1","1","138","1","119","","554","554","554","","","","NFMMKAFD_01350","",""
"hxlR","","HTH-type transcriptional activator HxlR","1","1","1","1","75","1","52","","347","347","347","","","","NFMMKAFD_01369","",""
"adhC2","","NADP-dependent alcohol dehydrogenase C 2","1","1","1","1","91","1","10","","1076","1076","1076","","","","NFMMKAFD_01371","",""
"group_3219","","hypothetical protein","1","1","1","1","90","1","9","","3095","3095","3095","","","","NFMMKAFD_01372","",""
"group_3220","","hypothetical protein","1","1","1","1","89","1","8","","1766","1766","1766","","","","NFMMKAFD_01373","",""
"group_3221","","hypothetical protein","1","1","1","1","88","1","7","","1142","1142","1142","","","","NFMMKAFD_01374","",""
"group_3222","","hypothetical protein","1","1","1","1","87","1","6","","1502","1502","1502","","","","NFMMKAFD_01375","",""
"group_3223","","hypothetical protein","1","1","1","1","86","1","5","","635","635","635","","","","NFMMKAFD_01376","",""
"yybR","","putative HTH-type transcriptional regulator YybR","1","1","1","1","85","1","4","","332","332","332","","","","NFMMKAFD_01377","",""
"group_3225","","hypothetical protein","1","1","1","1","84","1","3","","122","122","122","","","","NFMMKAFD_01378","",""
"group_3226","","hypothetical protein","1","1","1","1","83","1","2","","641","641","641","","","","NFMMKAFD_01379","",""
"group_3227","","hypothetical protein","1","1","1","1","82","1","1","","179","179","179","","","","NFMMKAFD_01380","",""
"group_3228","","hypothetical protein","1","1","1","2","422","254","7","","1775","1775","1775","","","","NFMMKAFD_01386","",""
"group_3229","","hypothetical protein","1","1","1","2","534","36","13","","596","596","596","","","","NFMMKAFD_01469","",""
"group_3230","bcr","Bicyclomycin resistance protein","1","1","1","2","491","52","1","","1202","1202","1202","","","","NFMMKAFD_01486","",""
"group_3231","","hypothetical protein","1","1","1","2","485","52","18","","1193","1193","1193","","","","NFMMKAFD_01488","",""
"group_3232","","hypothetical protein","1","1","1","2","484","52","19","","3761","3761","3761","","","","NFMMKAFD_01489","",""
"group_3233","","hypothetical protein","1","1","1","1","1975","4","82","","1796","1796","1796","","","","NFMMKAFD_01491","",""
"rfbC","","dTDP-4-dehydrorhamnose 3,5-epimerase","1","1","1","1","1976","4","83","","545","545","545","","","","NFMMKAFD_01492","",""
"group_3235","fcl","GDP-L-fucose synthase","1","1","1","1","1977","4","84","","1040","1040","1040","","","","NFMMKAFD_01493","",""
"rmd_2","","GDP-6-deoxy-D-mannose reductase","1","1","1","1","1978","4","81","","1034","1034","1034","","","","NFMMKAFD_01494","",""
"rfbE","","CDP-paratose 2-epimerase","1","1","1","1","1979","4","80","","938","938","938","","","","NFMMKAFD_01495","",""
"hddA","","D-glycero-alpha-D-manno-heptose 7-phosphate kinase","1","1","1","1","1980","4","79","","1019","1019","1019","","","","NFMMKAFD_01496","",""
"group_3239","","hypothetical protein","1","1","1","1","1981","4","78","","158","158","158","","","","NFMMKAFD_01497","",""
"group_3240","","hypothetical protein","1","1","1","1","1982","4","77","","998","998","998","","","","NFMMKAFD_01498","",""
"group_3241","gmhA","Phosphoheptose isomerase","1","1","1","1","1983","4","76","","605","605","605","","","","NFMMKAFD_01499","",""
"hddC","","D-glycero-alpha-D-manno-heptose 1-phosphate guanylyltransferase","1","1","1","1","1984","4","75","","674","674","674","","","","NFMMKAFD_01500","",""
"group_3243","","hypothetical protein","1","1","1","1","1985","4","74","","1802","1802","1802","","","","NFMMKAFD_01501","",""
"group_3244","","hypothetical protein","1","1","1","1","1986","4","73","","1784","1784","1784","","","","NFMMKAFD_01502","",""
"COQ5_1","","2-methoxy-6-polyprenyl-1,4-benzoquinol methylase, mitochondrial","1","1","1","1","1987","4","72","","773","773","773","","","","NFMMKAFD_01503","",""
"group_3246","","L-glutamine kinase","1","1","1","1","1992","4","70","","2339","2339","2339","","","","NFMMKAFD_01505","",""
"group_3247","","Gamma-glutamyl-CDP-amidate hydrolase","1","1","1","1","1993","4","69","","602","602","602","","","","NFMMKAFD_01506","",""
"group_3248","","CTP:phosphoglutamine cytidylyltransferase","1","1","1","1","1994","4","68","","761","761","761","","","","NFMMKAFD_01507","",""
"group_3249","","Cytidine diphosphoramidate kinase","1","1","1","1","1995","4","67","","512","512","512","","","","NFMMKAFD_01508","",""
"group_3250","","hypothetical protein","1","1","1","1","1996","4","66","","2069","2069","2069","","","","NFMMKAFD_01509","",""
"group_3251","","hypothetical protein","1","1","1","1","1997","4","19","","377","377","377","","","","NFMMKAFD_01517","",""
"group_3252","rsfS","Ribosomal silencing factor RsfS","1","1","1","1","1998","4","18","","326","326","326","","","","NFMMKAFD_01518","",""
"group_3253","","hypothetical protein","1","1","1","1","2132","210","1","","3125","3125","3125","","","","NFMMKAFD_01558","",""
"group_3254","","hypothetical protein","1","1","1","1","2118","1","105","","284","284","284","","","","NFMMKAFD_01564","",""
"group_3255","","hypothetical protein","1","1","1","1","2117","1","106","","1706","1706","1706","","","","NFMMKAFD_01565","",""
"COQ3","","Ubiquinone biosynthesis O-methyltransferase, mitochondrial","1","1","1","3","341","249","3","","713","713","713","","","","NFMMKAFD_01588","",""
"group_3258","pyrC_2","Dihydroorotase","1","1","1","3","340","249","8","","995","995","995","","","","NFMMKAFD_01590","",""
"group_3259","","hypothetical protein","1","1","1","3","8","230","11","","326","326","326","","","","NFMMKAFD_01602","",""
"group_3261","","hypothetical protein","1","1","1","3","381","216","8","","131","131","131","","","","NFMMKAFD_01624","",""
"group_3262","","hypothetical protein","1","1","1","3","387","216","1","","299","299","299","","","","NFMMKAFD_01626","",""
"group_3263","","hypothetical protein","1","1","1","3","383","216","13","","185","185","185","","","","NFMMKAFD_01628","",""
"group_3264","","hypothetical protein","1","1","1","3","384","216","12","","230","230","230","","","","NFMMKAFD_01629","",""
"group_3266","","hypothetical protein","1","1","1","3","517","243","2","","323","323","323","","","","NFMMKAFD_01637","",""
"group_3267","","hypothetical protein","1","1","1","3","516","243","1","","509","509","509","","","","NFMMKAFD_01638","",""
"group_3268","","hypothetical protein","1","1","1","3","410","32","9","","746","746","746","","","","NFMMKAFD_01658","",""
"group_3269","exbB","Biopolymer transport protein ExbB","1","1","1","3","411","32","11","","749","749","749","","","","NFMMKAFD_01660","",""
"group_3270","","putative TonB-dependent receptor","1","1","1","3","484","32","12","","2267","2267","2267","","","","NFMMKAFD_01661","",""
"group_3271","","hypothetical protein","1","1","1","3","485","32","13","","851","851","851","","","","NFMMKAFD_01662","",""
"group_3272","","hypothetical protein","1","1","1","3","479","321","1","","362","362","362","","","","NFMMKAFD_01668","",""
"group_3273","","hypothetical protein","1","1","1","3","441","321","2","","203","203","203","","","","NFMMKAFD_01669","",""
"group_3276","","hypothetical protein","1","1","1","1","1183","194","15","","1286","1286","1286","","","","NFMMKAFD_01698","",""
"group_3277","","hypothetical protein","1","1","1","1","1225","194","22","","170","170","170","","","","NFMMKAFD_01704","",""
"group_3278","","hypothetical protein","1","1","1","1","1227","194","24","","149","149","149","","","","NFMMKAFD_01706","",""
"group_3279","","hypothetical protein","1","1","1","1","1179","194","2","","131","131","131","","","","NFMMKAFD_01708","",""
"group_3280","","hypothetical protein","1","1","1","1","1178","194","1","","143","143","143","","","","NFMMKAFD_01709","",""
"group_3282","hxuB","Heme/hemopexin transporter protein HuxB","1","1","1","1","1271","194","48","","1724","1724","1724","","","","NFMMKAFD_01752","",""
"group_3283","","hypothetical protein","1","1","1","1","1272","194","47","","323","323","323","","","","NFMMKAFD_01753","",""
"group_3284","","hypothetical protein","1","1","1","1","1273","194","46","","392","392","392","","","","NFMMKAFD_01754","",""
"group_3285","","hypothetical protein","1","1","1","1","1274","194","45","","302","302","302","","","","NFMMKAFD_01755","",""
"group_3286","","hypothetical protein","1","1","1","1","1275","194","44","","242","242","242","","","","NFMMKAFD_01756","",""
"group_3287","","hypothetical protein","1","1","1","1","1276","194","38","","1991","1991","1991","","","","NFMMKAFD_01757","",""
"group_3288","","hypothetical protein","1","1","1","1","1290","197","6","","464","464","464","","","","NFMMKAFD_01771","",""
"group_3289","","hypothetical protein","1","1","1","1","1291","197","15","","533","533","533","","","","NFMMKAFD_01772","",""
"group_3290","","hypothetical protein","1","1","1","1","1292","197","17","","434","434","434","","","","NFMMKAFD_01774","",""
"group_3291","","hypothetical protein","1","1","1","8","2","201","3","","167","167","167","","","","NFMMKAFD_01788","",""
"virB8","","Type IV secretion system protein virB8","1","1","1","8","3","201","4","","662","662","662","","","","NFMMKAFD_01789","",""
"virB9","","Type IV secretion system protein virB9","1","1","1","8","4","201","5","","887","887","887","","","","NFMMKAFD_01790","",""
"group_3294","","hypothetical protein","1","1","1","8","5","201","6","","1175","1175","1175","","","","NFMMKAFD_01791","",""
"group_3295","","Type IV secretion system protein VirB11","1","1","1","8","6","201","7","","992","992","992","","","","NFMMKAFD_01792","",""
"virD4","","Protein VirD4","1","1","1","8","7","201","8","","1811","1811","1811","","","","NFMMKAFD_01793","",""
"group_3297","","hypothetical protein","1","1","1","8","8","201","9","","425","425","425","","","","NFMMKAFD_01794","",""
"group_3298","","hypothetical protein","1","1","1","8","9","201","10","","764","764","764","","","","NFMMKAFD_01795","",""
"group_3299","","hypothetical protein","1","1","1","8","10","201","11","","797","797","797","","","","NFMMKAFD_01796","",""
"group_3300","","hypothetical protein","1","1","1","8","11","201","12","","620","620","620","","","","NFMMKAFD_01797","",""
"topB","","DNA topoisomerase 3","1","1","1","8","12","201","13","","2192","2192","2192","","","","NFMMKAFD_01798","",""
"group_3302","","hypothetical protein","1","1","1","8","13","201","14","","173","173","173","","","","NFMMKAFD_01799","",""
"group_3303","","hypothetical protein","1","1","1","8","14","201","15","","473","473","473","","","","NFMMKAFD_01800","",""
"group_3304","","hypothetical protein","1","1","1","8","15","201","16","","335","335","335","","","","NFMMKAFD_01801","",""
"group_3305","","hypothetical protein","1","1","1","8","16","201","17","","395","395","395","","","","NFMMKAFD_01802","",""
"group_3306","","hypothetical protein","1","1","1","8","17","201","18","","251","251","251","","","","NFMMKAFD_01803","",""
"group_3307","","hypothetical protein","1","1","1","8","18","201","19","","266","266","266","","","","NFMMKAFD_01804","",""
"group_3308","","hypothetical protein","1","1","1","8","19","201","20","","560","560","560","","","","NFMMKAFD_01805","",""
"group_3309","","hypothetical protein","1","1","1","8","20","201","21","","266","266","266","","","","NFMMKAFD_01806","",""
"group_3310","","hypothetical protein","1","1","1","8","21","201","22","","5798","5798","5798","","","","NFMMKAFD_01807","",""
"group_3311","","hypothetical protein","1","1","1","8","22","201","23","","728","728","728","","","","NFMMKAFD_01808","",""
"group_3312","","hypothetical protein","1","1","1","8","23","201","24","","704","704","704","","","","NFMMKAFD_01809","",""
"group_3313","","hypothetical protein","1","1","1","8","24","201","25","","1388","1388","1388","","","","NFMMKAFD_01810","",""
"group_3314","","hypothetical protein","1","1","1","8","25","201","26","","551","551","551","","","","NFMMKAFD_01811","",""
"group_3315","","hypothetical protein","1","1","1","8","26","201","27","","281","281","281","","","","NFMMKAFD_01812","",""
"group_3316","","hypothetical protein","1","1","1","8","27","201","28","","611","611","611","","","","NFMMKAFD_01813","",""
"group_3317","","hypothetical protein","1","1","1","8","28","201","29","","659","659","659","","","","NFMMKAFD_01814","",""
"traC","","DNA primase TraC","1","1","1","8","29","201","30","","1226","1226","1226","","","","NFMMKAFD_01815","",""
"group_3319","","hypothetical protein","1","1","1","8","30","201","31","","263","263","263","","","","NFMMKAFD_01816","",""
"group_3320","","hypothetical protein","1","1","1","8","45","201","33","","257","257","257","","","","NFMMKAFD_01818","",""
"group_3321","","hypothetical protein","1","1","1","8","44","201","34","","218","218","218","","","","NFMMKAFD_01819","",""
"group_3322","","hypothetical protein","1","1","1","8","43","201","35","","203","203","203","","","","NFMMKAFD_01820","",""
"group_3323","","hypothetical protein","1","1","1","8","42","201","36","","1793","1793","1793","","","","NFMMKAFD_01821","",""
"group_3324","","hypothetical protein","1","1","1","8","41","201","37","","614","614","614","","","","NFMMKAFD_01822","",""
"group_3325","","hypothetical protein","1","1","1","8","40","201","38","","377","377","377","","","","NFMMKAFD_01823","",""
"group_3326","","hypothetical protein","1","1","1","8","39","201","39","","323","323","323","","","","NFMMKAFD_01824","",""
"virB2","","Type IV secretion system protein virB2","1","1","1","8","38","201","40","","263","263","263","","","","NFMMKAFD_01825","",""
"virB4","","Type IV secretion system protein virB4","1","1","1","8","37","201","41","","2768","2768","2768","","","","NFMMKAFD_01826","",""
"group_3329","","hypothetical protein","1","1","1","8","36","201","42","","557","557","557","","","","NFMMKAFD_01827","",""
"group_3330","","hypothetical protein","1","1","1","8","35","201","43","","566","566","566","","","","NFMMKAFD_01828","",""
"group_3331","","Single-stranded DNA-binding protein","1","1","1","8","34","201","44","","425","425","425","","","","NFMMKAFD_01829","",""
"group_3332","","hypothetical protein","1","1","1","8","33","201","45","","275","275","275","","","","NFMMKAFD_01830","",""
"group_3333","","hypothetical protein","1","1","1","8","32","201","1","","971","971","971","","","","NFMMKAFD_01831","",""
"group_3334","","hypothetical protein","1","1","1","1","1192","220","14","","908","908","908","","","","NFMMKAFD_01832","",""
"group_3335","","hypothetical protein","1","1","1","1","1193","220","15","","1721","1721","1721","","","","NFMMKAFD_01833","",""
"group_3336","","hypothetical protein","1","1","1","1","1194","220","16","","392","392","392","","","","NFMMKAFD_01834","",""
"group_3337","","hypothetical protein","1","1","1","1","1195","220","17","","1454","1454","1454","","","","NFMMKAFD_01835","",""
"group_3338","","hypothetical protein","1","1","1","1","1196","220","13","","485","485","485","","","","NFMMKAFD_01836","",""
"group_3339","","hypothetical protein","1","1","1","1","1197","220","12","","1247","1247","1247","","","","NFMMKAFD_01837","",""
"group_3340","","hypothetical protein","1","1","1","1","1198","220","11","","446","446","446","","","","NFMMKAFD_01838","",""
"group_3341","","hypothetical protein","1","1","1","1","1199","220","10","","1397","1397","1397","","","","NFMMKAFD_01839","",""
"group_3342","","hypothetical protein","1","1","1","1","1200","220","9","","773","773","773","","","","NFMMKAFD_01840","",""
"hcpA_2","","Major exported protein","1","1","1","1","1201","220","8","","515","515","515","","","","NFMMKAFD_01841","",""
"group_3345","","hypothetical protein","1","1","1","9","5","228","8","","1685","1685","1685","","","","NFMMKAFD_01858","",""
"group_3346","","hypothetical protein","1","1","1","14","1","325","1","Investigate","1742","1742","1742","","","","NFMMKAFD_01862","",""
"group_3347","","hypothetical protein","1","1","1","16","1","327","2","Investigate","572","572","572","","","","NFMMKAFD_01877","",""
"group_3348","","hypothetical protein","1","1","1","16","2","327","1","Investigate","554","554","554","","","","NFMMKAFD_01878","",""
"group_3349","","hypothetical protein","1","1","1","15","1","324","1","Investigate","257","257","257","","","","NFMMKAFD_01882","",""
"group_3350","","hypothetical protein","1","1","1","12","1","320","1","Investigate","272","272","272","","","","NFMMKAFD_01883","",""
"group_3351","","hypothetical protein","1","1","1","13","1","318","1","Investigate","305","305","305","","","","NFMMKAFD_01884","",""
"group_3352","","hypothetical protein","1","1","1","1","576","110","1","","1898","1898","1898","","","","","HIOKELPH_00002",""
"group_3353","","hypothetical protein","1","1","1","1","575","110","2","","1964","1964","1964","","","","","HIOKELPH_00003",""
"group_3354","","hypothetical protein","1","1","1","1","598","110","3","","1859","1859","1859","","","","","HIOKELPH_00004",""
"linX","","2,5-dichloro-2,5-cyclohexadiene-1,4-diol dehydrogenase LinX","1","1","1","1","599","110","4","","770","770","770","","","","","HIOKELPH_00005",""
"group_3356","legF_1","CMP-N,N'-diacetyllegionaminic acid synthase","1","1","1","1","600","110","12","","707","707","707","","","","","HIOKELPH_00006",""
"group_3357","","hypothetical protein","1","1","1","1","601","110","11","","905","905","905","","","","","HIOKELPH_00007",""
"group_3358","cugP","UTP--glucose-1-phosphate uridylyltransferase","1","1","1","1","602","110","10","","1031","1031","1031","","","","","HIOKELPH_00008",""
"group_3359","legG","GDP/UDP-N,N'-diacetylbacillosamine 2-epimerase (hydrolyzing)","1","1","1","1","603","110","9","","1175","1175","1175","","","","","HIOKELPH_00009",""
"group_3360","legI","N,N'-diacetyllegionaminic acid synthase","1","1","1","1","604","110","8","","1004","1004","1004","","","","","HIOKELPH_00010",""
"group_3361","","hypothetical protein","1","1","1","1","605","110","7","","680","680","680","","","","","HIOKELPH_00011",""
"group_3362","","hypothetical protein","1","1","1","1","606","110","6","","1121","1121","1121","","","","","HIOKELPH_00012",""
"group_3363","epsN","Putative pyridoxal phosphate-dependent aminotransferase EpsN","1","1","1","1","607","110","5","","1142","1142","1142","","","","","HIOKELPH_00013",""
"group_3364","","hypothetical protein","1","1","1","1","567","167","1","","269","269","269","","","","","HIOKELPH_00016",""
"group_3365","hisH_1","Imidazole glycerol phosphate synthase subunit HisH","1","1","1","1","611","179","1","","230","230","230","","","","","HIOKELPH_00018",""
"group_3366","","hypothetical protein","1","1","1","1","625","146","1","","614","614","614","","","","","HIOKELPH_00033",""
"group_3367","","hypothetical protein","1","1","1","1","629","146","4","","572","572","572","","","","","HIOKELPH_00034",""
"group_3368","","hypothetical protein","1","1","1","1","630","146","3","","656","656","656","","","","","HIOKELPH_00035",""
"group_3369","","hypothetical protein","1","1","1","1","631","146","2","","578","578","578","","","","","HIOKELPH_00036",""
"group_3370","","hypothetical protein","1","1","1","1","1704","44","1","","1547","1547","1547","","","","","HIOKELPH_00126",""
"group_3371","","hypothetical protein","1","1","1","1","1705","44","15","","1673","1673","1673","","","","","HIOKELPH_00127",""
"group_3372","","hypothetical protein","1","1","1","1","1708","44","12","","332","332","332","","","","","HIOKELPH_00130",""
"group_3374","argS","Arginine--tRNA ligase","1","1","1","1","724","90","1","","1592","1592","1592","","","","","HIOKELPH_00189",""
"group_3375","mdtJ","Spermidine export protein MdtJ","1","1","1","1","1638","174","1","","341","341","341","","","","","HIOKELPH_00191",""
"group_3376","","hypothetical protein","1","1","1","1","731","73","1","","1463","1463","1463","","","","","HIOKELPH_00194",""
"group_3377","ldh","L-lactate dehydrogenase","1","1","1","1","733","73","8","","926","926","926","","","","","HIOKELPH_00197",""
"group_3378","hldD","ADP-L-glycero-D-manno-heptose-6-epimerase","1","1","1","1","1610","43","8","","953","953","953","","","","","HIOKELPH_00210",""
"group_3379","hldE","Bifunctional protein HldE","1","1","1","1","747","43","7","","1385","1385","1385","","","","","HIOKELPH_00211",""
"group_3380","","hypothetical protein","1","1","1","1","1588","15","1","","458","458","458","","","","","HIOKELPH_00213",""
"group_3381","rfaF","ADP-heptose--LPS heptosyltransferase 2","1","1","1","1","1587","15","2","","944","944","944","","","","","HIOKELPH_00214",""
"group_3382","epsJ","putative glycosyltransferase EpsJ","1","1","1","1","1586","15","3","","821","821","821","","","","","HIOKELPH_00215",""
"algA","","Alginate biosynthesis protein AlgA","1","1","1","1","1585","15","4","","1367","1367","1367","","","","","HIOKELPH_00216",""
"gmd","","GDP-mannose 4,6-dehydratase","1","1","1","1","1584","15","5","","1139","1139","1139","","","","","HIOKELPH_00217",""
"colC","","GDP-L-colitose synthase","1","1","1","1","1583","15","6","","938","938","938","","","","","HIOKELPH_00218",""
"colD","","GDP-4-keto-6-deoxy-D-mannose 3-dehydratase","1","1","1","1","1582","15","38","","1169","1169","1169","","","","","HIOKELPH_00219",""
"group_3387","","hypothetical protein","1","1","1","1","1581","15","37","","1019","1019","1019","","","","","HIOKELPH_00220",""
"group_3388","","hypothetical protein","1","1","1","1","1580","15","36","","971","971","971","","","","","HIOKELPH_00221",""
"rfbF","","Glucose-1-phosphate cytidylyltransferase","1","1","1","1","1579","15","35","","815","815","815","","","","","HIOKELPH_00222",""
"rfbG","","CDP-glucose 4,6-dehydratase","1","1","1","1","1578","15","34","","1073","1073","1073","","","","","HIOKELPH_00223",""
"ilvB_2","","Acetolactate synthase large subunit","1","1","1","1","1577","15","33","","1757","1757","1757","","","","","HIOKELPH_00224",""
"group_3392","fcl","GDP-L-fucose synthase","1","1","1","1","1576","15","32","","917","917","917","","","","","HIOKELPH_00225",""
"spnQ","","dTDP-4-dehydro-2,6-dideoxy-D-glucose 3-dehydratase","1","1","1","1","1541","15","31","","1322","1322","1322","","","","","HIOKELPH_00226",""
"group_3394","","hypothetical protein","1","1","1","1","1542","15","30","","1073","1073","1073","","","","","HIOKELPH_00227",""
"group_3395","","hypothetical protein","1","1","1","1","1543","15","29","","1211","1211","1211","","","","","HIOKELPH_00228",""
"group_3396","gtfA","UDP-N-acetylglucosamine--peptide N-acetylglucosaminyltransferase GtfA subunit","1","1","1","1","1544","15","28","","1064","1064","1064","","","","","HIOKELPH_00229",""
"group_3397","","hypothetical protein","1","1","1","1","1545","15","27","","1547","1547","1547","","","","","HIOKELPH_00230",""
"group_3399","","hypothetical protein","1","1","1","1","783","8","1","","251","251","251","","","","","HIOKELPH_00301",""
"group_3401","","hypothetical protein","1","1","1","1","800","159","1","","3995","3995","3995","","","","","HIOKELPH_00320",""
"group_3402","","hypothetical protein","1","1","1","1","804","173","1","","3110","3110","3110","","","","","HIOKELPH_00324",""
"group_3404","","hypothetical protein","1","1","1","1","1342","3","25","","704","704","704","","","","","HIOKELPH_00386",""
"group_3405","","hypothetical protein","1","1","1","1","1014","23","11","","1295","1295","1295","","","","","HIOKELPH_00552",""
"group_3406","","hypothetical protein","1","1","1","1","1019","23","1","","1319","1319","1319","","","","","HIOKELPH_00553",""
"group_3407","","hypothetical protein","1","1","1","1","920","74","6","","284","284","284","","","","","HIOKELPH_00618",""
"group_3408","","Cytidine diphosphoramidate kinase","1","1","1","1","1971","4","1","","518","518","518","","","","","HIOKELPH_00667",""
"group_3409","","hypothetical protein","1","1","1","1","1972","4","2","","1403","1403","1403","","","","","HIOKELPH_00668",""
"group_3410","","putative methyltransferase","1","1","1","1","1973","4","3","","455","455","455","","","","","HIOKELPH_00669",""
"group_3411","","hypothetical protein","1","1","1","1","1974","4","4","","194","194","194","","","","","HIOKELPH_00670",""
"group_3412","","L-glutamine kinase","1","1","1","1","1990","4","11","","2339","2339","2339","","","","","HIOKELPH_00672",""
"group_3413","","Gamma-glutamyl-CDP-amidate hydrolase","1","1","1","1","1989","4","10","","608","608","608","","","","","HIOKELPH_00673",""
"group_3414","","CTP:phosphoglutamine cytidylyltransferase","1","1","1","1","1988","4","9","","770","770","770","","","","","HIOKELPH_00674",""
"group_3416","porA","Major outer membrane protein","1","1","1","1","1857","18","6","","1229","1229","1229","","","","","HIOKELPH_00743",""
"aldA","","Lactaldehyde dehydrogenase","1","1","1","1","377","115","2","","1439","1439","1439","","","","","HIOKELPH_00834",""
"rhaM","","L-rhamnose mutarotase","1","1","1","1","376","115","3","","317","317","317","","","","","HIOKELPH_00835",""
"group_3419","","hypothetical protein","1","1","1","1","375","115","4","","770","770","770","","","","","HIOKELPH_00836",""
"fucP","","L-fucose-proton symporter","1","1","1","1","374","115","5","","1241","1241","1241","","","","","HIOKELPH_00837",""
"ped","","(S)-1-Phenylethanol dehydrogenase","1","1","1","1","373","115","6","","788","788","788","","","","","HIOKELPH_00838",""
"rhmT","","Inner membrane transport protein RhmT","1","1","1","1","372","115","7","","1271","1271","1271","","","","","HIOKELPH_00839",""
"uxaA_1","","Altronate dehydratase","1","1","1","1","371","115","8","","1166","1166","1166","","","","","HIOKELPH_00840",""
"uxaA_2","","Altronate dehydratase","1","1","1","1","468","115","9","","263","263","263","","","","","HIOKELPH_00841",""
"dapA_2","","4-hydroxy-tetrahydrodipicolinate synthase","1","1","1","1","469","115","10","","908","908","908","","","","","HIOKELPH_00842",""
"kdgR","","Transcriptional regulator KdgR","1","1","1","1","470","115","1","","761","761","761","","","","","HIOKELPH_00843",""
"group_3427","citE","Citrate lyase subunit beta","1","1","1","1","390","51","5","","671","671","671","","","","","HIOKELPH_00883",""
"group_3428","hsdS","Type-1 restriction enzyme EcoKI specificity protein","1","1","1","1","103","1","58","","1226","1226","1226","","","","","HIOKELPH_00910",""
"group_3429","","hypothetical protein","1","1","1","1","102","1","57","","2114","2114","2114","","","","","HIOKELPH_00911",""
"group_3430","","hypothetical protein","1","1","1","1","101","1","55","","944","944","944","","","","","HIOKELPH_00912",""
"group_3431","","hypothetical protein","1","1","1","1","118","1","56","","2318","2318","2318","","","","","HIOKELPH_00913",""
"group_3432","tupA","Tungstate-binding protein TupA","1","1","1","1","64","1","12","","809","809","809","","","","","HIOKELPH_00924",""
"group_3433","nspC","Carboxynorspermidine/carboxyspermidine decarboxylase","1","1","1","1","15","112","1","","1148","1148","1148","","","","","HIOKELPH_00946",""
"group_3434","","hypothetical protein","1","1","1","1","2279","47","1","","1154","1154","1154","","","","","HIOKELPH_00981",""
"group_3435","","hypothetical protein","1","1","1","1","2212","6","43","","2546","2546","2546","","","","","HIOKELPH_01022",""
"group_3436","","hypothetical protein","1","1","1","1","2211","6","71","","1367","1367","1367","","","","","HIOKELPH_01023",""
"group_3437","","hypothetical protein","1","1","1","1","2001","6","72","","1334","1334","1334","","","","","HIOKELPH_01024",""
"group_3438","","hypothetical protein","1","1","1","1","2002","6","73","","593","593","593","","","","","HIOKELPH_01025",""
"group_3439","acpS","Holo-[acyl-carrier-protein] synthase","1","1","1","1","2040","6","25","","347","347","347","","","","","HIOKELPH_01034",""
"group_3440","","hypothetical protein","1","1","1","1","2088","41","11","","2252","2252","2252","","","","","HIOKELPH_01079",""
"group_3441","","hypothetical protein","1","1","1","1","2072","49","1","","1850","1850","1850","","","","","HIOKELPH_01100",""
"group_3442","","hypothetical protein","1","1","1","3","308","111","1","","1067","1067","1067","","","","","HIOKELPH_01124",""
"group_3443","","hypothetical protein","1","1","1","3","307","111","2","","713","713","713","","","","","HIOKELPH_01125",""
"group_3444","tcdA","tRNA threonylcarbamoyladenosine dehydratase","1","1","1","3","260","10","13","","656","656","656","","","","","HIOKELPH_01144",""
"hcpC_1","","Putative beta-lactamase HcpC","1","1","1","3","272","10","26","","611","611","611","","","","","HIOKELPH_01157",""
"group_3447","","hypothetical protein","1","1","1","3","66","109","3","","329","329","329","","","","","HIOKELPH_01271",""
"group_3448","","hypothetical protein","1","1","1","2","14","57","8","","158","158","158","","","","","HIOKELPH_01304",""
"group_3449","","hypothetical protein","1","1","1","2","60","57","3","","95","95","95","","","","","HIOKELPH_01307",""
"flgE","","Flagellar hook protein FlgE","1","1","1","2","69","63","6","","2540","2540","2540","","","","","HIOKELPH_01313",""
"group_3452","","hypothetical protein","1","1","1","2","407","80","3","","287","287","287","","","","","HIOKELPH_01427",""
"group_3453","","hypothetical protein","1","1","1","2","406","80","4","","2075","2075","2075","","","","","HIOKELPH_01428",""
"group_3454","","hypothetical protein","1","1","1","2","405","80","5","","1373","1373","1373","","","","","HIOKELPH_01429",""
"group_3456","","hypothetical protein","1","1","1","2","312","33","2","","257","257","257","","","","","HIOKELPH_01454",""
"group_3458","","hypothetical protein","1","1","1","2","493","52","13","","2138","2138","2138","","","","","HIOKELPH_01542",""
"group_3459","","hypothetical protein","1","1","1","2","498","52","6","","1181","1181","1181","","","","","HIOKELPH_01543",""
"group_3461","","hypothetical protein","1","1","1","2","189","58","3","","245","245","245","","","","","HIOKELPH_01582",""
"group_3462","","hypothetical protein","1","1","1","2","244","30","1","","473","473","473","","","","","HIOKELPH_01590",""
"group_3463","vhb","Bacterial hemoglobin","1","1","1","2","193","30","2","","428","428","428","","","","","HIOKELPH_01591",""
"group_3464","","hypothetical protein","1","1","1","2","211","17","12","","692","692","692","","","","","HIOKELPH_01603",""
"group_3465","queE","7-carboxy-7-deazaguanine synthase","1","1","1","3","442","37","4","","743","743","743","","","","","HIOKELPH_01699",""
"group_3466","","hypothetical protein","1","1","1","1","32","1","16","","440","440","440","","","","","HIOKELPH_01716",""
"group_3467","","hypothetical protein","1","1","1","1","33","1","109","","452","452","452","","","","","HIOKELPH_01717",""
"group_3468","","hypothetical protein","1","1","1","1","34","1","110","","665","665","665","","","","","HIOKELPH_01718",""
"group_3469","aphA","Aminoglycoside 3'-phosphotransferase","1","1","1","1","35","1","111","","794","794","794","","","","","HIOKELPH_01719",""
"group_3470","aacA-aphD","Bifunctional AAC/APH","1","1","1","1","30","1","132","","923","923","923","","","","","HIOKELPH_01723",""
"group_3471","","hypothetical protein","1","1","1","1","29","1","131","","1004","1004","1004","","","","","HIOKELPH_01724",""
"group_3472","aadK_2","Aminoglycoside 6-adenylyltransferase","1","1","1","1","28","1","130","","470","470","470","","","","","HIOKELPH_01725",""
"hph","","Hygromycin-B 4-O-kinase","1","1","1","1","24","1","108","","917","917","917","","","","","HIOKELPH_01730",""
"group_3475","","hypothetical protein","1","1","1","1","1444","186","1","","3962","3962","3962","","","","","","DOCPNFPP_00190"
"group_3476","","hypothetical protein","1","1","1","1","803","191","1","","602","602","602","","","","","","DOCPNFPP_00192"
"group_3477","porA","Major outer membrane protein","1","1","1","1","1859","18","19","","1355","1355","1355","","","","","","DOCPNFPP_00501"
"group_3478","","hypothetical protein","1","1","1","1","406","114","1","","302","302","302","","","","","","DOCPNFPP_00644"
"group_3480","","hypothetical protein","1","1","1","1","2013","6","67","","2003","2003","2003","","","","","","DOCPNFPP_00723"
"group_3481","","hypothetical protein","1","1","1","2","500","52","12","","2468","2468","2468","","","","","","DOCPNFPP_01050"
"group_3482","flgE","Flagellar hook protein FlgE","1","1","1","2","66","63","8","","2564","2564","2564","","","","","","DOCPNFPP_01350"
"group_3483","","hypothetical protein","1","1","1","3","503","103","2","","245","245","245","","","","","","DOCPNFPP_01568"
"group_36","","hypothetical protein","1","1","1","1","559","55","2","","146","146","146","OBHBHFCO_01653","","","","",""
"group_37","fmt_2","Methionyl-tRNA formyltransferase","1","1","1","1","623","280","2","","719","719","719","","","","NFMMKAFD_00025","",""
"group_4","","hypothetical protein","1","1","1","1","582","12","4","","1091","1091","1091","","","","","","DOCPNFPP_01711"
"group_442","","hypothetical protein","1","1","1","1","2223","6","33","","2012","2012","2012","OBHBHFCO_01583","","","","",""
"group_443","","hypothetical protein","1","1","1","1","2003","6","57","","2012","2012","2012","","","","","","DOCPNFPP_00733"
"group_46","","hypothetical protein","1","1","1","1","2161","354","1","","851","851","851","","","","NFMMKAFD_01529","",""
"group_51","","hypothetical protein","1","1","1","1","45","1","116","","182","182","182","","","","","HIOKELPH_00939",""
"group_54","","hypothetical protein","1","1","1","1","391","51","2","","512","512","512","","","","","HIOKELPH_00888",""
"yihN_2","","Inner membrane protein YihN","1","1","1","1","1465","8","34","","203","203","203","","","","","HIOKELPH_00297",""
"group_62","","IS200/IS605 family transposase ISCco1","1","1","1","1","918","74","9","","284","284","284","OBHBHFCO_00512","","","","",""
"group_63","","IS200/IS605 family transposase ISCco1","1","1","1","1","919","74","1","","284","284","284","","","HDHBLALJ_00001","","",""
"group_64","","IS200/IS605 family transposase ISCco1","1","1","1","1","921","74","5","","284","284","284","","","","","","DOCPNFPP_01488"
"group_68","","hypothetical protein","1","1","1","2","309","33","6","","992","992","992","","","","","HIOKELPH_01457",""
"group_728","","hypothetical protein","1","1","1","9","12","228","1","","188","188","188","","CCHHBCMG_01708","","","",""
"group_73","","hypothetical protein","1","1","1","1","2155","38","6","","311","311","311","","","","NFMMKAFD_01535","",""
"group_736","","hypothetical protein","1","1","1","8","1","201","2","","998","998","998","","","","NFMMKAFD_01787","",""
"group_737","","hypothetical protein","1","1","1","8","31","201","32","","98","98","98","","","","NFMMKAFD_01817","",""
"feoB_1","","Fe(2+) transporter FeoB","1","1","1","1","2049","323","1","","1109","1109","1109","","","","NFMMKAFD_01525","",""
"torZ_1","","Trimethylamine-N-oxide reductase 2","1","1","1","3","504","103","7","","1100","1100","1100","","","","","","DOCPNFPP_01566"
"group_818","porA","Major outer membrane protein","1","1","1","1","1860","18","5","","1250","1250","1250","OBHBHFCO_00117","","","","",""
"torA","","Trimethylamine-N-oxide reductase 1","1","1","1","3","505","103","5","","326","326","326","","","","","","DOCPNFPP_01565"
"kdpB_1","","Potassium-transporting ATPase ATP-binding subunit","1","1","1","1","1959","227","12","","821","821","821","","CCHHBCMG_00565","","","",""
"kdpC","","Potassium-transporting ATPase KdpC subunit","1","1","1","1","1951","227","3","","578","578","578","","CCHHBCMG_00569","","","",""
"group_967","","hypothetical protein","1","1","1","1","802","193","1","","4076","4076","4076","OBHBHFCO_00329","","","","",""
"group_99","","hypothetical protein","1","1","1","1","236","94","1","","404","404","404","","CCHHBCMG_00619","","","",""
