Discrepancy Report Results

Summary
FATAL: MISSING_PROTEIN_ID:1673 proteins have invalid IDs.
DISC_SOURCE_QUALS_ASNDISC:strain (all present, all same)
DISC_SOURCE_QUALS_ASNDISC:taxname (all present, all same)
DISC_FEATURE_COUNT:CDS: 1673 present
DISC_FEATURE_COUNT:tRNA: 40 present
DISC_FEATURE_COUNT:rRNA: 2 present
DISC_FEATURE_COUNT:tmRNA: 1 present
DISC_COUNT_NUCLEOTIDES:27 nucleotide Bioseqs are present
FEATURE_LOCATION_CONFLICT:1716 features have inconsistent gene locations.
OVERLAPPING_CDS:12 coding regions overlap another coding region with a similar or identical name.
SUSPECT_PRODUCT_NAMES:6 product_names contain suspect phrase or characters
	Suspicious phrase; should this be nonfunctional?
		1 features contains 'truncat'
	May contain database identifier more appropriate in note; remove from product name
		2 features contains three or more numbers together that may be identifiers more appropriate in note
		1 features Contains underscore
	Use short product name instead of descriptive phrase
		2 features Is longer than 100 characters. Remove descriptive phrases or synonyms from product names. Keep valid long product names, eg long enzyme names
FATAL: EC_NUMBER_ON_UNKNOWN_PROTEIN:1 protein features have an EC number and a protein name of 'unknown protein' or 'hypothetical protein'
NO_ANNOTATION:11 bioseqs have no features
DISC_QUALITY_SCORES:Quality scores are missing on all sequences.
ONCALLER_COMMENT_PRESENT:27 comment descriptors were found (all same)
SHORT_PROT_SEQUENCES:14 protein sequences are shorter than 50 aa.
MISSING_GENOMEASSEMBLY_COMMENTS:27 bioseqs are missing GenomeAssembly structured comments
MOLTYPE_NOT_MRNA:27 molecule types are not set as mRNA.
TECHNIQUE_NOT_TSA:27 technique are not set as TSA
MISSING_STRUCTURED_COMMENT:27 sequences do not include structured comments.
MISSING_PROJECT:1700 sequences do not include project.
DISC_INCONSISTENT_MOLINFO_TECH:Molinfo Technique Report (some missing, all same)
SEQ_ID_PHRASES:Sequence Ids contain unacceptable phrases (cov_, length, node, paired, or trimmed)


Detailed Report

FATAL: DiscRep_ALL:MISSING_PROTEIN_ID::1673 proteins have invalid IDs.
prokka_out/CA140717:NODE_1_length_379410_cov_119.795087_1 (length 316)
prokka_out/CA140717:NODE_1_length_379410_cov_119.795087_2 (length 273)
prokka_out/CA140717:NODE_1_length_379410_cov_119.795087_3 (length 664)
prokka_out/CA140717:NODE_1_length_379410_cov_119.795087_4 (length 206)
prokka_out/CA140717:NODE_1_length_379410_cov_119.795087_5 (length 110)
prokka_out/CA140717:NODE_1_length_379410_cov_119.795087_6 (length 540)
prokka_out/CA140717:NODE_1_length_379410_cov_119.795087_7 (length 124)
prokka_out/CA140717:NODE_1_length_379410_cov_119.795087_8 (length 299)
prokka_out/CA140717:NODE_1_length_379410_cov_119.795087_9 (length 472)
prokka_out/CA140717:NODE_1_length_379410_cov_119.795087_> (length 224)
prokka_out/CA140717:NODE_1_length_379410_cov_119.795087_> (length 416)
prokka_out/CA140717:NODE_1_length_379410_cov_119.795087_> (length 1065)
prokka_out/CA140717:NODE_1_length_379410_cov_119.795087_> (length 771)
prokka_out/CA140717:NODE_1_length_379410_cov_119.795087_> (length 76)
prokka_out/CA140717:NODE_1_length_379410_cov_119.795087_> (length 451)
prokka_out/CA140717:NODE_1_length_379410_cov_119.795087_> (length 121)
prokka_out/CA140717:NODE_1_length_379410_cov_119.795087_> (length 199)
prokka_out/CA140717:NODE_1_length_379410_cov_119.795087_> (length 221)
prokka_out/CA140717:NODE_1_length_379410_cov_119.795087_> (length 401)
prokka_out/CA140717:NODE_1_length_379410_cov_119.795087_> (length 73)
prokka_out/CA140717:NODE_1_length_379410_cov_119.795087_> (length 545)
prokka_out/CA140717:NODE_1_length_379410_cov_119.795087_> (length 86)
prokka_out/CA140717:NODE_1_length_379410_cov_119.795087_> (length 846)
prokka_out/CA140717:NODE_1_length_379410_cov_119.795087_> (length 203)
prokka_out/CA140717:NODE_1_length_379410_cov_119.795087_> (length 226)
prokka_out/CA140717:NODE_1_length_379410_cov_119.795087_> (length 68)
prokka_out/CA140717:NODE_1_length_379410_cov_119.795087_> (length 386)
prokka_out/CA140717:NODE_1_length_379410_cov_119.795087_> (length 242)
prokka_out/CA140717:NODE_1_length_379410_cov_119.795087_> (length 460)
prokka_out/CA140717:NODE_1_length_379410_cov_119.795087_> (length 268)
prokka_out/CA140717:NODE_1_length_379410_cov_119.795087_> (length 419)
prokka_out/CA140717:NODE_1_length_379410_cov_119.795087_> (length 185)
prokka_out/CA140717:NODE_1_length_379410_cov_119.795087_> (length 538)
prokka_out/CA140717:NODE_1_length_379410_cov_119.795087_> (length 185)
prokka_out/CA140717:NODE_1_length_379410_cov_119.795087_> (length 288)
prokka_out/CA140717:NODE_1_length_379410_cov_119.795087_> (length 314)
prokka_out/CA140717:NODE_1_length_379410_cov_119.795087_> (length 111)
prokka_out/CA140717:NODE_1_length_379410_cov_119.795087_> (length 293)
prokka_out/CA140717:NODE_1_length_379410_cov_119.795087_> (length 283)
prokka_out/CA140717:NODE_1_length_379410_cov_119.795087_> (length 446)
prokka_out/CA140717:NODE_1_length_379410_cov_119.795087_> (length 226)
prokka_out/CA140717:NODE_1_length_379410_cov_119.795087_> (length 66)
prokka_out/CA140717:NODE_1_length_379410_cov_119.795087_> (length 282)
prokka_out/CA140717:NODE_1_length_379410_cov_119.795087_> (length 754)
prokka_out/CA140717:NODE_1_length_379410_cov_119.795087_> (length 256)
prokka_out/CA140717:NODE_1_length_379410_cov_119.795087_> (length 330)
prokka_out/CA140717:NODE_1_length_379410_cov_119.795087_> (length 164)
prokka_out/CA140717:NODE_1_length_379410_cov_119.795087_> (length 472)
prokka_out/CA140717:NODE_1_length_379410_cov_119.795087_> (length 299)
prokka_out/CA140717:NODE_1_length_379410_cov_119.795087_> (length 393)
prokka_out/CA140717:NODE_1_length_379410_cov_119.795087_> (length 508)
prokka_out/CA140717:NODE_1_length_379410_cov_119.795087_> (length 267)
prokka_out/CA140717:NODE_1_length_379410_cov_119.795087_> (length 458)
prokka_out/CA140717:NODE_1_length_379410_cov_119.795087_> (length 164)
prokka_out/CA140717:NODE_1_length_379410_cov_119.795087_> (length 459)
prokka_out/CA140717:NODE_1_length_379410_cov_119.795087_> (length 165)
prokka_out/CA140717:NODE_1_length_379410_cov_119.795087_> (length 619)
prokka_out/CA140717:NODE_1_length_379410_cov_119.795087_> (length 422)
prokka_out/CA140717:NODE_1_length_379410_cov_119.795087_> (length 167)
prokka_out/CA140717:NODE_1_length_379410_cov_119.795087_> (length 416)
prokka_out/CA140717:NODE_1_length_379410_cov_119.795087_> (length 374)
prokka_out/CA140717:NODE_1_length_379410_cov_119.795087_> (length 387)
prokka_out/CA140717:NODE_1_length_379410_cov_119.795087_> (length 263)
prokka_out/CA140717:NODE_1_length_379410_cov_119.795087_> (length 357)
prokka_out/CA140717:NODE_1_length_379410_cov_119.795087_> (length 211)
prokka_out/CA140717:NODE_1_length_379410_cov_119.795087_> (length 255)
prokka_out/CA140717:NODE_1_length_379410_cov_119.795087_> (length 515)
prokka_out/CA140717:NODE_1_length_379410_cov_119.795087_> (length 205)
prokka_out/CA140717:NODE_1_length_379410_cov_119.795087_> (length 79)
prokka_out/CA140717:NODE_1_length_379410_cov_119.795087_> (length 530)
prokka_out/CA140717:NODE_1_length_379410_cov_119.795087_> (length 102)
prokka_out/CA140717:NODE_1_length_379410_cov_119.795087_> (length 113)
prokka_out/CA140717:NODE_1_length_379410_cov_119.795087_> (length 235)
prokka_out/CA140717:NODE_1_length_379410_cov_119.795087_> (length 160)
prokka_out/CA140717:NODE_1_length_379410_cov_119.795087_> (length 201)
prokka_out/CA140717:NODE_1_length_379410_cov_119.795087_> (length 307)
prokka_out/CA140717:NODE_1_length_379410_cov_119.795087_> (length 258)
prokka_out/CA140717:NODE_1_length_379410_cov_119.795087_> (length 164)
prokka_out/CA140717:NODE_1_length_379410_cov_119.795087_> (length 89)
prokka_out/CA140717:NODE_1_length_379410_cov_119.795087_> (length 313)
prokka_out/CA140717:NODE_1_length_379410_cov_119.795087_> (length 67)
prokka_out/CA140717:NODE_1_length_379410_cov_119.795087_> (length 707)
prokka_out/CA140717:NODE_1_length_379410_cov_119.795087_> (length 518)
prokka_out/CA140717:NODE_1_length_379410_cov_119.795087_> (length 432)
prokka_out/CA140717:NODE_1_length_379410_cov_119.795087_> (length 785)
prokka_out/CA140717:NODE_1_length_379410_cov_119.795087_> (length 66)
prokka_out/CA140717:NODE_1_length_379410_cov_119.795087_> (length 99)
prokka_out/CA140717:NODE_1_length_379410_cov_119.795087_> (length 187)
prokka_out/CA140717:NODE_1_length_379410_cov_119.795087_> (length 317)
prokka_out/CA140717:NODE_1_length_379410_cov_119.795087_> (length 461)
prokka_out/CA140717:NODE_1_length_379410_cov_119.795087_> (length 186)
prokka_out/CA140717:NODE_1_length_379410_cov_119.795087_> (length 484)
prokka_out/CA140717:NODE_1_length_379410_cov_119.795087_> (length 314)
prokka_out/CA140717:NODE_1_length_379410_cov_119.795087_> (length 271)
prokka_out/CA140717:NODE_1_length_379410_cov_119.795087_> (length 138)
prokka_out/CA140717:NODE_1_length_379410_cov_119.795087_> (length 349)
prokka_out/CA140717:NODE_1_length_379410_cov_119.795087_> (length 356)
prokka_out/CA140717:NODE_1_length_379410_cov_119.795087_> (length 399)
prokka_out/CA140717:NODE_1_length_379410_cov_119.795087_> (length 350)
prokka_out/CA140717:NODE_1_length_379410_cov_119.795087_> (length 517)
prokka_out/CA140717:NODE_1_length_379410_cov_119.795087_> (length 295)
prokka_out/CA140717:NODE_1_length_379410_cov_119.795087_> (length 342)
prokka_out/CA140717:NODE_1_length_379410_cov_119.795087_> (length 263)
prokka_out/CA140717:NODE_1_length_379410_cov_119.795087_> (length 328)
prokka_out/CA140717:NODE_1_length_379410_cov_119.795087_> (length 566)
prokka_out/CA140717:NODE_1_length_379410_cov_119.795087_> (length 358)
prokka_out/CA140717:NODE_1_length_379410_cov_119.795087_> (length 309)
prokka_out/CA140717:NODE_1_length_379410_cov_119.795087_> (length 365)
prokka_out/CA140717:NODE_1_length_379410_cov_119.795087_> (length 714)
prokka_out/CA140717:NODE_1_length_379410_cov_119.795087_> (length 376)
prokka_out/CA140717:NODE_1_length_379410_cov_119.795087_> (length 200)
prokka_out/CA140717:NODE_1_length_379410_cov_119.795087_> (length 195)
prokka_out/CA140717:NODE_1_length_379410_cov_119.795087_> (length 386)
prokka_out/CA140717:NODE_1_length_379410_cov_119.795087_> (length 590)
prokka_out/CA140717:NODE_1_length_379410_cov_119.795087_> (length 130)
prokka_out/CA140717:NODE_1_length_379410_cov_119.795087_> (length 282)
prokka_out/CA140717:NODE_1_length_379410_cov_119.795087_> (length 648)
prokka_out/CA140717:NODE_1_length_379410_cov_119.795087_> (length 204)
prokka_out/CA140717:NODE_1_length_379410_cov_119.795087_> (length 241)
prokka_out/CA140717:NODE_1_length_379410_cov_119.795087_> (length 265)
prokka_out/CA140717:NODE_1_length_379410_cov_119.795087_> (length 118)
prokka_out/CA140717:NODE_1_length_379410_cov_119.795087_> (length 212)
prokka_out/CA140717:NODE_1_length_379410_cov_119.795087_> (length 217)
prokka_out/CA140717:NODE_1_length_379410_cov_119.795087_> (length 705)
prokka_out/CA140717:NODE_1_length_379410_cov_119.795087_> (length 96)
prokka_out/CA140717:NODE_1_length_379410_cov_119.795087_> (length 201)
prokka_out/CA140717:NODE_1_length_379410_cov_119.795087_> (length 150)
prokka_out/CA140717:NODE_1_length_379410_cov_119.795087_> (length 256)
prokka_out/CA140717:NODE_1_length_379410_cov_119.795087_> (length 75)
prokka_out/CA140717:NODE_1_length_379410_cov_119.795087_> (length 272)
prokka_out/CA140717:NODE_1_length_379410_cov_119.795087_> (length 686)
prokka_out/CA140717:NODE_1_length_379410_cov_119.795087_> (length 145)
prokka_out/CA140717:NODE_1_length_379410_cov_119.795087_> (length 571)
prokka_out/CA140717:NODE_1_length_379410_cov_119.795087_> (length 293)
prokka_out/CA140717:NODE_1_length_379410_cov_119.795087_> (length 407)
prokka_out/CA140717:NODE_1_length_379410_cov_119.795087_> (length 399)
prokka_out/CA140717:NODE_1_length_379410_cov_119.795087_> (length 382)
prokka_out/CA140717:NODE_1_length_379410_cov_119.795087_> (length 72)
prokka_out/CA140717:NODE_1_length_379410_cov_119.795087_> (length 134)
prokka_out/CA140717:NODE_1_length_379410_cov_119.795087_> (length 404)
prokka_out/CA140717:NODE_1_length_379410_cov_119.795087_> (length 90)
prokka_out/CA140717:NODE_1_length_379410_cov_119.795087_> (length 526)
prokka_out/CA140717:NODE_1_length_379410_cov_119.795087_> (length 323)
prokka_out/CA140717:NODE_1_length_379410_cov_119.795087_> (length 810)
prokka_out/CA140717:NODE_1_length_379410_cov_119.795087_> (length 170)
prokka_out/CA140717:NODE_1_length_379410_cov_119.795087_> (length 467)
prokka_out/CA140717:NODE_1_length_379410_cov_119.795087_> (length 391)
prokka_out/CA140717:NODE_1_length_379410_cov_119.795087_> (length 300)
prokka_out/CA140717:NODE_1_length_379410_cov_119.795087_> (length 95)
prokka_out/CA140717:NODE_1_length_379410_cov_119.795087_> (length 978)
prokka_out/CA140717:NODE_1_length_379410_cov_119.795087_> (length 254)
prokka_out/CA140717:NODE_1_length_379410_cov_119.795087_> (length 227)
prokka_out/CA140717:NODE_1_length_379410_cov_119.795087_> (length 270)
prokka_out/CA140717:NODE_1_length_379410_cov_119.795087_> (length 210)
prokka_out/CA140717:NODE_1_length_379410_cov_119.795087_> (length 209)
prokka_out/CA140717:NODE_1_length_379410_cov_119.795087_> (length 150)
prokka_out/CA140717:NODE_1_length_379410_cov_119.795087_> (length 222)
prokka_out/CA140717:NODE_1_length_379410_cov_119.795087_> (length 101)
prokka_out/CA140717:NODE_1_length_379410_cov_119.795087_> (length 245)
prokka_out/CA140717:NODE_1_length_379410_cov_119.795087_> (length 129)
prokka_out/CA140717:NODE_1_length_379410_cov_119.795087_> (length 215)
prokka_out/CA140717:NODE_1_length_379410_cov_119.795087_> (length 791)
prokka_out/CA140717:NODE_1_length_379410_cov_119.795087_> (length 86)
prokka_out/CA140717:NODE_1_length_379410_cov_119.795087_> (length 182)
prokka_out/CA140717:NODE_1_length_379410_cov_119.795087_> (length 125)
prokka_out/CA140717:NODE_1_length_379410_cov_119.795087_> (length 421)
prokka_out/CA140717:NODE_1_length_379410_cov_119.795087_> (length 333)
prokka_out/CA140717:NODE_1_length_379410_cov_119.795087_> (length 94)
prokka_out/CA140717:NODE_1_length_379410_cov_119.795087_> (length 146)
prokka_out/CA140717:NODE_1_length_379410_cov_119.795087_> (length 367)
prokka_out/CA140717:NODE_1_length_379410_cov_119.795087_> (length 178)
prokka_out/CA140717:NODE_1_length_379410_cov_119.795087_> (length 201)
prokka_out/CA140717:NODE_1_length_379410_cov_119.795087_> (length 206)
prokka_out/CA140717:NODE_1_length_379410_cov_119.795087_> (length 141)
prokka_out/CA140717:NODE_1_length_379410_cov_119.795087_> (length 362)
prokka_out/CA140717:NODE_1_length_379410_cov_119.795087_> (length 918)
prokka_out/CA140717:NODE_1_length_379410_cov_119.795087_> (length 454)
prokka_out/CA140717:NODE_1_length_379410_cov_119.795087_> (length 484)
prokka_out/CA140717:NODE_1_length_379410_cov_119.795087_> (length 57)
prokka_out/CA140717:NODE_1_length_379410_cov_119.795087_> (length 259)
prokka_out/CA140717:NODE_1_length_379410_cov_119.795087_> (length 85)
prokka_out/CA140717:NODE_1_length_379410_cov_119.795087_> (length 507)
prokka_out/CA140717:NODE_1_length_379410_cov_119.795087_> (length 117)
prokka_out/CA140717:NODE_1_length_379410_cov_119.795087_> (length 68)
prokka_out/CA140717:NODE_1_length_379410_cov_119.795087_> (length 83)
prokka_out/CA140717:NODE_1_length_379410_cov_119.795087_> (length 431)
prokka_out/CA140717:NODE_1_length_379410_cov_119.795087_> (length 116)
prokka_out/CA140717:NODE_1_length_379410_cov_119.795087_> (length 735)
prokka_out/CA140717:NODE_1_length_379410_cov_119.795087_> (length 1320)
prokka_out/CA140717:NODE_1_length_379410_cov_119.795087_> (length 233)
prokka_out/CA140717:NODE_1_length_379410_cov_119.795087_> (length 200)
prokka_out/CA140717:NODE_1_length_379410_cov_119.795087_> (length 366)
prokka_out/CA140717:NODE_1_length_379410_cov_119.795087_> (length 1028)
prokka_out/CA140717:NODE_1_length_379410_cov_119.795087_> (length 63)
prokka_out/CA140717:NODE_1_length_379410_cov_119.795087_> (length 266)
prokka_out/CA140717:NODE_1_length_379410_cov_119.795087_> (length 258)
prokka_out/CA140717:NODE_1_length_379410_cov_119.795087_> (length 381)
prokka_out/CA140717:NODE_1_length_379410_cov_119.795087_> (length 201)
prokka_out/CA140717:NODE_1_length_379410_cov_119.795087_> (length 296)
prokka_out/CA140717:NODE_1_length_379410_cov_119.795087_> (length 284)
prokka_out/CA140717:NODE_1_length_379410_cov_119.795087_> (length 386)
prokka_out/CA140717:NODE_1_length_379410_cov_119.795087_> (length 338)
prokka_out/CA140717:NODE_1_length_379410_cov_119.795087_> (length 387)
prokka_out/CA140717:NODE_1_length_379410_cov_119.795087_> (length 480)
prokka_out/CA140717:NODE_1_length_379410_cov_119.795087_> (length 78)
prokka_out/CA140717:NODE_1_length_379410_cov_119.795087_> (length 239)
prokka_out/CA140717:NODE_1_length_379410_cov_119.795087_> (length 276)
prokka_out/CA140717:NODE_1_length_379410_cov_119.795087_> (length 1005)
prokka_out/CA140717:NODE_1_length_379410_cov_119.795087_> (length 246)
prokka_out/CA140717:NODE_1_length_379410_cov_119.795087_> (length 424)
prokka_out/CA140717:NODE_1_length_379410_cov_119.795087_> (length 598)
prokka_out/CA140717:NODE_1_length_379410_cov_119.795087_> (length 214)
prokka_out/CA140717:NODE_1_length_379410_cov_119.795087_> (length 191)
prokka_out/CA140717:NODE_1_length_379410_cov_119.795087_> (length 855)
prokka_out/CA140717:NODE_1_length_379410_cov_119.795087_> (length 173)
prokka_out/CA140717:NODE_1_length_379410_cov_119.795087_> (length 149)
prokka_out/CA140717:NODE_1_length_379410_cov_119.795087_> (length 432)
prokka_out/CA140717:NODE_1_length_379410_cov_119.795087_> (length 343)
prokka_out/CA140717:NODE_1_length_379410_cov_119.795087_> (length 168)
prokka_out/CA140717:NODE_1_length_379410_cov_119.795087_> (length 66)
prokka_out/CA140717:NODE_1_length_379410_cov_119.795087_> (length 143)
prokka_out/CA140717:NODE_1_length_379410_cov_119.795087_> (length 371)
prokka_out/CA140717:NODE_1_length_379410_cov_119.795087_> (length 369)
prokka_out/CA140717:NODE_1_length_379410_cov_119.795087_> (length 319)
prokka_out/CA140717:NODE_1_length_379410_cov_119.795087_> (length 346)
prokka_out/CA140717:NODE_1_length_379410_cov_119.795087_> (length 256)
prokka_out/CA140717:NODE_1_length_379410_cov_119.795087_> (length 231)
prokka_out/CA140717:NODE_1_length_379410_cov_119.795087_> (length 1086)
prokka_out/CA140717:NODE_1_length_379410_cov_119.795087_> (length 151)
prokka_out/CA140717:NODE_1_length_379410_cov_119.795087_> (length 56)
prokka_out/CA140717:NODE_1_length_379410_cov_119.795087_> (length 559)
prokka_out/CA140717:NODE_1_length_379410_cov_119.795087_> (length 94)
prokka_out/CA140717:NODE_1_length_379410_cov_119.795087_> (length 226)
prokka_out/CA140717:NODE_1_length_379410_cov_119.795087_> (length 256)
prokka_out/CA140717:NODE_1_length_379410_cov_119.795087_> (length 377)
prokka_out/CA140717:NODE_1_length_379410_cov_119.795087_> (length 466)
prokka_out/CA140717:NODE_1_length_379410_cov_119.795087_> (length 351)
prokka_out/CA140717:NODE_1_length_379410_cov_119.795087_> (length 523)
prokka_out/CA140717:NODE_1_length_379410_cov_119.795087_> (length 418)
prokka_out/CA140717:NODE_1_length_379410_cov_119.795087_> (length 534)
prokka_out/CA140717:NODE_1_length_379410_cov_119.795087_> (length 138)
prokka_out/CA140717:NODE_1_length_379410_cov_119.795087_> (length 172)
prokka_out/CA140717:NODE_1_length_379410_cov_119.795087_> (length 169)
prokka_out/CA140717:NODE_1_length_379410_cov_119.795087_> (length 621)
prokka_out/CA140717:NODE_1_length_379410_cov_119.795087_> (length 293)
prokka_out/CA140717:NODE_1_length_379410_cov_119.795087_> (length 364)
prokka_out/CA140717:NODE_1_length_379410_cov_119.795087_> (length 190)
prokka_out/CA140717:NODE_1_length_379410_cov_119.795087_> (length 199)
prokka_out/CA140717:NODE_1_length_379410_cov_119.795087_> (length 186)
prokka_out/CA140717:NODE_1_length_379410_cov_119.795087_> (length 327)
prokka_out/CA140717:NODE_1_length_379410_cov_119.795087_> (length 303)
prokka_out/CA140717:NODE_1_length_379410_cov_119.795087_> (length 163)
prokka_out/CA140717:NODE_1_length_379410_cov_119.795087_> (length 451)
prokka_out/CA140717:NODE_1_length_379410_cov_119.795087_> (length 421)
prokka_out/CA140717:NODE_1_length_379410_cov_119.795087_> (length 246)
prokka_out/CA140717:NODE_1_length_379410_cov_119.795087_> (length 67)
prokka_out/CA140717:NODE_1_length_379410_cov_119.795087_> (length 246)
prokka_out/CA140717:NODE_1_length_379410_cov_119.795087_> (length 367)
prokka_out/CA140717:NODE_1_length_379410_cov_119.795087_> (length 279)
prokka_out/CA140717:NODE_1_length_379410_cov_119.795087_> (length 415)
prokka_out/CA140717:NODE_1_length_379410_cov_119.795087_> (length 422)
prokka_out/CA140717:NODE_1_length_379410_cov_119.795087_> (length 175)
prokka_out/CA140717:NODE_1_length_379410_cov_119.795087_> (length 57)
prokka_out/CA140717:NODE_1_length_379410_cov_119.795087_> (length 191)
prokka_out/CA140717:NODE_1_length_379410_cov_119.795087_> (length 291)
prokka_out/CA140717:NODE_1_length_379410_cov_119.795087_> (length 303)
prokka_out/CA140717:NODE_1_length_379410_cov_119.795087_> (length 60)
prokka_out/CA140717:NODE_1_length_379410_cov_119.795087_> (length 112)
prokka_out/CA140717:NODE_1_length_379410_cov_119.795087_> (length 444)
prokka_out/CA140717:NODE_1_length_379410_cov_119.795087_> (length 449)
prokka_out/CA140717:NODE_1_length_379410_cov_119.795087_> (length 597)
prokka_out/CA140717:NODE_1_length_379410_cov_119.795087_> (length 524)
prokka_out/CA140717:NODE_1_length_379410_cov_119.795087_> (length 461)
prokka_out/CA140717:NODE_1_length_379410_cov_119.795087_> (length 367)
prokka_out/CA140717:NODE_1_length_379410_cov_119.795087_> (length 483)
prokka_out/CA140717:NODE_1_length_379410_cov_119.795087_> (length 231)
prokka_out/CA140717:NODE_1_length_379410_cov_119.795087_> (length 182)
prokka_out/CA140717:NODE_1_length_379410_cov_119.795087_> (length 110)
prokka_out/CA140717:NODE_1_length_379410_cov_119.795087_> (length 145)
prokka_out/CA140717:NODE_1_length_379410_cov_119.795087_> (length 184)
prokka_out/CA140717:NODE_1_length_379410_cov_119.795087_> (length 262)
prokka_out/CA140717:NODE_1_length_379410_cov_119.795087_> (length 242)
prokka_out/CA140717:NODE_1_length_379410_cov_119.795087_> (length 259)
prokka_out/CA140717:NODE_1_length_379410_cov_119.795087_> (length 250)
prokka_out/CA140717:NODE_1_length_379410_cov_119.795087_> (length 219)
prokka_out/CA140717:NODE_1_length_379410_cov_119.795087_> (length 309)
prokka_out/CA140717:NODE_1_length_379410_cov_119.795087_> (length 703)
prokka_out/CA140717:NODE_1_length_379410_cov_119.795087_> (length 137)
prokka_out/CA140717:NODE_1_length_379410_cov_119.795087_> (length 613)
prokka_out/CA140717:NODE_1_length_379410_cov_119.795087_> (length 96)
prokka_out/CA140717:NODE_1_length_379410_cov_119.795087_> (length 299)
prokka_out/CA140717:NODE_1_length_379410_cov_119.795087_> (length 184)
prokka_out/CA140717:NODE_1_length_379410_cov_119.795087_> (length 150)
prokka_out/CA140717:NODE_1_length_379410_cov_119.795087_> (length 138)
prokka_out/CA140717:NODE_1_length_379410_cov_119.795087_> (length 97)
prokka_out/CA140717:NODE_1_length_379410_cov_119.795087_> (length 325)
prokka_out/CA140717:NODE_1_length_379410_cov_119.795087_> (length 329)
prokka_out/CA140717:NODE_1_length_379410_cov_119.795087_> (length 155)
prokka_out/CA140717:NODE_1_length_379410_cov_119.795087_> (length 494)
prokka_out/CA140717:NODE_1_length_379410_cov_119.795087_> (length 242)
prokka_out/CA140717:NODE_1_length_379410_cov_119.795087_> (length 247)
prokka_out/CA140717:NODE_1_length_379410_cov_119.795087_> (length 45)
prokka_out/CA140717:NODE_1_length_379410_cov_119.795087_> (length 189)
prokka_out/CA140717:NODE_1_length_379410_cov_119.795087_> (length 121)
prokka_out/CA140717:NODE_1_length_379410_cov_119.795087_> (length 330)
prokka_out/CA140717:NODE_1_length_379410_cov_119.795087_> (length 773)
prokka_out/CA140717:NODE_1_length_379410_cov_119.795087_> (length 426)
prokka_out/CA140717:NODE_1_length_379410_cov_119.795087_> (length 276)
prokka_out/CA140717:NODE_1_length_379410_cov_119.795087_> (length 556)
prokka_out/CA140717:NODE_1_length_379410_cov_119.795087_> (length 163)
prokka_out/CA140717:NODE_1_length_379410_cov_119.795087_> (length 527)
prokka_out/CA140717:NODE_1_length_379410_cov_119.795087_> (length 223)
prokka_out/CA140717:NODE_1_length_379410_cov_119.795087_> (length 427)
prokka_out/CA140717:NODE_1_length_379410_cov_119.795087_> (length 643)
prokka_out/CA140717:NODE_1_length_379410_cov_119.795087_> (length 388)
prokka_out/CA140717:NODE_1_length_379410_cov_119.795087_> (length 418)
prokka_out/CA140717:NODE_1_length_379410_cov_119.795087_> (length 286)
prokka_out/CA140717:NODE_1_length_379410_cov_119.795087_> (length 192)
prokka_out/CA140717:NODE_1_length_379410_cov_119.795087_> (length 592)
prokka_out/CA140717:NODE_1_length_379410_cov_119.795087_> (length 354)
prokka_out/CA140717:NODE_1_length_379410_cov_119.795087_> (length 231)
prokka_out/CA140717:NODE_1_length_379410_cov_119.795087_> (length 212)
prokka_out/CA140717:NODE_1_length_379410_cov_119.795087_> (length 46)
prokka_out/CA140717:NODE_1_length_379410_cov_119.795087_> (length 210)
prokka_out/CA140717:NODE_1_length_379410_cov_119.795087_> (length 80)
prokka_out/CA140717:NODE_1_length_379410_cov_119.795087_> (length 350)
prokka_out/CA140717:NODE_1_length_379410_cov_119.795087_> (length 725)
prokka_out/CA140717:NODE_1_length_379410_cov_119.795087_> (length 136)
prokka_out/CA140717:NODE_1_length_379410_cov_119.795087_> (length 90)
prokka_out/CA140717:NODE_1_length_379410_cov_119.795087_> (length 989)
prokka_out/CA140717:NODE_1_length_379410_cov_119.795087_> (length 750)
prokka_out/CA140717:NODE_1_length_379410_cov_119.795087_> (length 231)
prokka_out/CA140717:NODE_1_length_379410_cov_119.795087_> (length 339)
prokka_out/CA140717:NODE_1_length_379410_cov_119.795087_> (length 248)
prokka_out/CA140717:NODE_1_length_379410_cov_119.795087_> (length 422)
prokka_out/CA140717:NODE_1_length_379410_cov_119.795087_> (length 261)
prokka_out/CA140717:NODE_1_length_379410_cov_119.795087_> (length 125)
prokka_out/CA140717:NODE_1_length_379410_cov_119.795087_> (length 372)
prokka_out/CA140717:NODE_1_length_379410_cov_119.795087_> (length 401)
prokka_out/CA140717:NODE_1_length_379410_cov_119.795087_> (length 862)
prokka_out/CA140717:NODE_1_length_379410_cov_119.795087_> (length 169)
prokka_out/CA140717:NODE_1_length_379410_cov_119.795087_> (length 232)
prokka_out/CA140717:NODE_1_length_379410_cov_119.795087_> (length 447)
prokka_out/CA140717:NODE_1_length_379410_cov_119.795087_> (length 454)
prokka_out/CA140717:NODE_1_length_379410_cov_119.795087_> (length 290)
prokka_out/CA140717:NODE_1_length_379410_cov_119.795087_> (length 295)
prokka_out/CA140717:NODE_1_length_379410_cov_119.795087_> (length 325)
prokka_out/CA140717:NODE_1_length_379410_cov_119.795087_> (length 145)
prokka_out/CA140717:NODE_1_length_379410_cov_119.795087_> (length 530)
prokka_out/CA140717:NODE_1_length_379410_cov_119.795087_> (length 510)
prokka_out/CA140717:NODE_1_length_379410_cov_119.795087_> (length 256)
prokka_out/CA140717:NODE_1_length_379410_cov_119.795087_> (length 728)
prokka_out/CA140717:NODE_1_length_379410_cov_119.795087_> (length 442)
prokka_out/CA140717:NODE_1_length_379410_cov_119.795087_> (length 283)
prokka_out/CA140717:NODE_1_length_379410_cov_119.795087_> (length 531)
prokka_out/CA140717:NODE_1_length_379410_cov_119.795087_> (length 124)
prokka_out/CA140717:NODE_1_length_379410_cov_119.795087_> (length 108)
prokka_out/CA140717:NODE_1_length_379410_cov_119.795087_> (length 44)
prokka_out/CA140717:NODE_1_length_379410_cov_119.795087_> (length 159)
prokka_out/CA140717:NODE_1_length_379410_cov_119.795087_> (length 202)
prokka_out/CA140717:NODE_1_length_379410_cov_119.795087_> (length 398)
prokka_out/CA140717:NODE_1_length_379410_cov_119.795087_> (length 124)
prokka_out/CA140717:NODE_1_length_379410_cov_119.795087_> (length 428)
prokka_out/CA140717:NODE_1_length_379410_cov_119.795087_> (length 166)
prokka_out/CA140717:NODE_1_length_379410_cov_119.795087_> (length 75)
prokka_out/CA140717:NODE_1_length_379410_cov_119.795087_> (length 227)
prokka_out/CA140717:NODE_1_length_379410_cov_119.795087_> (length 245)
prokka_out/CA140717:NODE_1_length_379410_cov_119.795087_> (length 468)
prokka_out/CA140717:NODE_1_length_379410_cov_119.795087_> (length 93)
prokka_out/CA140717:NODE_1_length_379410_cov_119.795087_> (length 104)
prokka_out/CA140717:NODE_1_length_379410_cov_119.795087_> (length 72)
prokka_out/CA140717:NODE_1_length_379410_cov_119.795087_> (length 49)
prokka_out/CA140717:NODE_2_length_256043_cov_128.365530_1 (length 256)
prokka_out/CA140717:NODE_2_length_256043_cov_128.365530_2 (length 212)
prokka_out/CA140717:NODE_2_length_256043_cov_128.365530_3 (length 329)
prokka_out/CA140717:NODE_2_length_256043_cov_128.365530_4 (length 259)
prokka_out/CA140717:NODE_2_length_256043_cov_128.365530_5 (length 279)
prokka_out/CA140717:NODE_2_length_256043_cov_128.365530_6 (length 207)
prokka_out/CA140717:NODE_2_length_256043_cov_128.365530_7 (length 65)
prokka_out/CA140717:NODE_2_length_256043_cov_128.365530_8 (length 441)
prokka_out/CA140717:NODE_2_length_256043_cov_128.365530_9 (length 348)
prokka_out/CA140717:NODE_2_length_256043_cov_128.365530_> (length 327)
prokka_out/CA140717:NODE_2_length_256043_cov_128.365530_> (length 180)
prokka_out/CA140717:NODE_2_length_256043_cov_128.365530_> (length 61)
prokka_out/CA140717:NODE_2_length_256043_cov_128.365530_> (length 395)
prokka_out/CA140717:NODE_2_length_256043_cov_128.365530_> (length 266)
prokka_out/CA140717:NODE_2_length_256043_cov_128.365530_> (length 157)
prokka_out/CA140717:NODE_2_length_256043_cov_128.365530_> (length 249)
prokka_out/CA140717:NODE_2_length_256043_cov_128.365530_> (length 210)
prokka_out/CA140717:NODE_2_length_256043_cov_128.365530_> (length 1200)
prokka_out/CA140717:NODE_2_length_256043_cov_128.365530_> (length 109)
prokka_out/CA140717:NODE_2_length_256043_cov_128.365530_> (length 447)
prokka_out/CA140717:NODE_2_length_256043_cov_128.365530_> (length 137)
prokka_out/CA140717:NODE_2_length_256043_cov_128.365530_> (length 118)
prokka_out/CA140717:NODE_2_length_256043_cov_128.365530_> (length 234)
prokka_out/CA140717:NODE_2_length_256043_cov_128.365530_> (length 179)
prokka_out/CA140717:NODE_2_length_256043_cov_128.365530_> (length 80)
prokka_out/CA140717:NODE_2_length_256043_cov_128.365530_> (length 75)
prokka_out/CA140717:NODE_2_length_256043_cov_128.365530_> (length 445)
prokka_out/CA140717:NODE_2_length_256043_cov_128.365530_> (length 250)
prokka_out/CA140717:NODE_2_length_256043_cov_128.365530_> (length 385)
prokka_out/CA140717:NODE_2_length_256043_cov_128.365530_> (length 238)
prokka_out/CA140717:NODE_2_length_256043_cov_128.365530_> (length 241)
prokka_out/CA140717:NODE_2_length_256043_cov_128.365530_> (length 287)
prokka_out/CA140717:NODE_2_length_256043_cov_128.365530_> (length 184)
prokka_out/CA140717:NODE_2_length_256043_cov_128.365530_> (length 164)
prokka_out/CA140717:NODE_2_length_256043_cov_128.365530_> (length 418)
prokka_out/CA140717:NODE_2_length_256043_cov_128.365530_> (length 234)
prokka_out/CA140717:NODE_2_length_256043_cov_128.365530_> (length 476)
prokka_out/CA140717:NODE_2_length_256043_cov_128.365530_> (length 263)
prokka_out/CA140717:NODE_2_length_256043_cov_128.365530_> (length 270)
prokka_out/CA140717:NODE_2_length_256043_cov_128.365530_> (length 370)
prokka_out/CA140717:NODE_2_length_256043_cov_128.365530_> (length 460)
prokka_out/CA140717:NODE_2_length_256043_cov_128.365530_> (length 495)
prokka_out/CA140717:NODE_2_length_256043_cov_128.365530_> (length 311)
prokka_out/CA140717:NODE_2_length_256043_cov_128.365530_> (length 295)
prokka_out/CA140717:NODE_2_length_256043_cov_128.365530_> (length 163)
prokka_out/CA140717:NODE_2_length_256043_cov_128.365530_> (length 396)
prokka_out/CA140717:NODE_2_length_256043_cov_128.365530_> (length 500)
prokka_out/CA140717:NODE_2_length_256043_cov_128.365530_> (length 232)
prokka_out/CA140717:NODE_2_length_256043_cov_128.365530_> (length 357)
prokka_out/CA140717:NODE_2_length_256043_cov_128.365530_> (length 612)
prokka_out/CA140717:NODE_2_length_256043_cov_128.365530_> (length 148)
prokka_out/CA140717:NODE_2_length_256043_cov_128.365530_> (length 81)
prokka_out/CA140717:NODE_2_length_256043_cov_128.365530_> (length 76)
prokka_out/CA140717:NODE_2_length_256043_cov_128.365530_> (length 657)
prokka_out/CA140717:NODE_2_length_256043_cov_128.365530_> (length 474)
prokka_out/CA140717:NODE_2_length_256043_cov_128.365530_> (length 416)
prokka_out/CA140717:NODE_2_length_256043_cov_128.365530_> (length 242)
prokka_out/CA140717:NODE_2_length_256043_cov_128.365530_> (length 135)
prokka_out/CA140717:NODE_2_length_256043_cov_128.365530_> (length 81)
prokka_out/CA140717:NODE_2_length_256043_cov_128.365530_> (length 406)
prokka_out/CA140717:NODE_2_length_256043_cov_128.365530_> (length 147)
prokka_out/CA140717:NODE_2_length_256043_cov_128.365530_> (length 180)
prokka_out/CA140717:NODE_2_length_256043_cov_128.365530_> (length 439)
prokka_out/CA140717:NODE_2_length_256043_cov_128.365530_> (length 291)
prokka_out/CA140717:NODE_2_length_256043_cov_128.365530_> (length 358)
prokka_out/CA140717:NODE_2_length_256043_cov_128.365530_> (length 185)
prokka_out/CA140717:NODE_2_length_256043_cov_128.365530_> (length 595)
prokka_out/CA140717:NODE_2_length_256043_cov_128.365530_> (length 611)
prokka_out/CA140717:NODE_2_length_256043_cov_128.365530_> (length 164)
prokka_out/CA140717:NODE_2_length_256043_cov_128.365530_> (length 196)
prokka_out/CA140717:NODE_2_length_256043_cov_128.365530_> (length 152)
prokka_out/CA140717:NODE_2_length_256043_cov_128.365530_> (length 170)
prokka_out/CA140717:NODE_2_length_256043_cov_128.365530_> (length 162)
prokka_out/CA140717:NODE_2_length_256043_cov_128.365530_> (length 279)
prokka_out/CA140717:NODE_2_length_256043_cov_128.365530_> (length 377)
prokka_out/CA140717:NODE_2_length_256043_cov_128.365530_> (length 270)
prokka_out/CA140717:NODE_2_length_256043_cov_128.365530_> (length 414)
prokka_out/CA140717:NODE_2_length_256043_cov_128.365530_> (length 507)
prokka_out/CA140717:NODE_2_length_256043_cov_128.365530_> (length 286)
prokka_out/CA140717:NODE_2_length_256043_cov_128.365530_> (length 583)
prokka_out/CA140717:NODE_2_length_256043_cov_128.365530_> (length 191)
prokka_out/CA140717:NODE_2_length_256043_cov_128.365530_> (length 172)
prokka_out/CA140717:NODE_2_length_256043_cov_128.365530_> (length 166)
prokka_out/CA140717:NODE_2_length_256043_cov_128.365530_> (length 291)
prokka_out/CA140717:NODE_2_length_256043_cov_128.365530_> (length 126)
prokka_out/CA140717:NODE_2_length_256043_cov_128.365530_> (length 256)
prokka_out/CA140717:NODE_2_length_256043_cov_128.365530_> (length 343)
prokka_out/CA140717:NODE_2_length_256043_cov_128.365530_> (length 340)
prokka_out/CA140717:NODE_2_length_256043_cov_128.365530_> (length 644)
prokka_out/CA140717:NODE_2_length_256043_cov_128.365530_> (length 321)
prokka_out/CA140717:NODE_2_length_256043_cov_128.365530_> (length 114)
prokka_out/CA140717:NODE_2_length_256043_cov_128.365530_> (length 324)
prokka_out/CA140717:NODE_2_length_256043_cov_128.365530_> (length 363)
prokka_out/CA140717:NODE_2_length_256043_cov_128.365530_> (length 93)
prokka_out/CA140717:NODE_2_length_256043_cov_128.365530_> (length 247)
prokka_out/CA140717:NODE_2_length_256043_cov_128.365530_> (length 728)
prokka_out/CA140717:NODE_2_length_256043_cov_128.365530_> (length 506)
prokka_out/CA140717:NODE_2_length_256043_cov_128.365530_> (length 215)
prokka_out/CA140717:NODE_2_length_256043_cov_128.365530_> (length 438)
prokka_out/CA140717:NODE_2_length_256043_cov_128.365530_> (length 408)
prokka_out/CA140717:NODE_2_length_256043_cov_128.365530_> (length 246)
prokka_out/CA140717:NODE_2_length_256043_cov_128.365530_> (length 362)
prokka_out/CA140717:NODE_2_length_256043_cov_128.365530_> (length 304)
prokka_out/CA140717:NODE_2_length_256043_cov_128.365530_> (length 331)
prokka_out/CA140717:NODE_2_length_256043_cov_128.365530_> (length 166)
prokka_out/CA140717:NODE_2_length_256043_cov_128.365530_> (length 458)
prokka_out/CA140717:NODE_2_length_256043_cov_128.365530_> (length 326)
prokka_out/CA140717:NODE_2_length_256043_cov_128.365530_> (length 389)
prokka_out/CA140717:NODE_2_length_256043_cov_128.365530_> (length 454)
prokka_out/CA140717:NODE_2_length_256043_cov_128.365530_> (length 641)
prokka_out/CA140717:NODE_2_length_256043_cov_128.365530_> (length 390)
prokka_out/CA140717:NODE_2_length_256043_cov_128.365530_> (length 396)
prokka_out/CA140717:NODE_2_length_256043_cov_128.365530_> (length 293)
prokka_out/CA140717:NODE_2_length_256043_cov_128.365530_> (length 566)
prokka_out/CA140717:NODE_2_length_256043_cov_128.365530_> (length 222)
prokka_out/CA140717:NODE_2_length_256043_cov_128.365530_> (length 447)
prokka_out/CA140717:NODE_2_length_256043_cov_128.365530_> (length 451)
prokka_out/CA140717:NODE_2_length_256043_cov_128.365530_> (length 374)
prokka_out/CA140717:NODE_2_length_256043_cov_128.365530_> (length 223)
prokka_out/CA140717:NODE_2_length_256043_cov_128.365530_> (length 416)
prokka_out/CA140717:NODE_2_length_256043_cov_128.365530_> (length 191)
prokka_out/CA140717:NODE_2_length_256043_cov_128.365530_> (length 166)
prokka_out/CA140717:NODE_2_length_256043_cov_128.365530_> (length 230)
prokka_out/CA140717:NODE_2_length_256043_cov_128.365530_> (length 571)
prokka_out/CA140717:NODE_2_length_256043_cov_128.365530_> (length 379)
prokka_out/CA140717:NODE_2_length_256043_cov_128.365530_> (length 611)
prokka_out/CA140717:NODE_2_length_256043_cov_128.365530_> (length 656)
prokka_out/CA140717:NODE_2_length_256043_cov_128.365530_> (length 363)
prokka_out/CA140717:NODE_2_length_256043_cov_128.365530_> (length 401)
prokka_out/CA140717:NODE_2_length_256043_cov_128.365530_> (length 731)
prokka_out/CA140717:NODE_2_length_256043_cov_128.365530_> (length 74)
prokka_out/CA140717:NODE_2_length_256043_cov_128.365530_> (length 238)
prokka_out/CA140717:NODE_2_length_256043_cov_128.365530_> (length 400)
prokka_out/CA140717:NODE_2_length_256043_cov_128.365530_> (length 268)
prokka_out/CA140717:NODE_2_length_256043_cov_128.365530_> (length 221)
prokka_out/CA140717:NODE_2_length_256043_cov_128.365530_> (length 398)
prokka_out/CA140717:NODE_2_length_256043_cov_128.365530_> (length 410)
prokka_out/CA140717:NODE_2_length_256043_cov_128.365530_> (length 321)
prokka_out/CA140717:NODE_2_length_256043_cov_128.365530_> (length 366)
prokka_out/CA140717:NODE_2_length_256043_cov_128.365530_> (length 78)
prokka_out/CA140717:NODE_2_length_256043_cov_128.365530_> (length 46)
prokka_out/CA140717:NODE_2_length_256043_cov_128.365530_> (length 457)
prokka_out/CA140717:NODE_2_length_256043_cov_128.365530_> (length 309)
prokka_out/CA140717:NODE_2_length_256043_cov_128.365530_> (length 443)
prokka_out/CA140717:NODE_2_length_256043_cov_128.365530_> (length 311)
prokka_out/CA140717:NODE_2_length_256043_cov_128.365530_> (length 410)
prokka_out/CA140717:NODE_2_length_256043_cov_128.365530_> (length 361)
prokka_out/CA140717:NODE_2_length_256043_cov_128.365530_> (length 189)
prokka_out/CA140717:NODE_2_length_256043_cov_128.365530_> (length 91)
prokka_out/CA140717:NODE_2_length_256043_cov_128.365530_> (length 128)
prokka_out/CA140717:NODE_2_length_256043_cov_128.365530_> (length 637)
prokka_out/CA140717:NODE_2_length_256043_cov_128.365530_> (length 121)
prokka_out/CA140717:NODE_2_length_256043_cov_128.365530_> (length 600)
prokka_out/CA140717:NODE_2_length_256043_cov_128.365530_> (length 308)
prokka_out/CA140717:NODE_2_length_256043_cov_128.365530_> (length 128)
prokka_out/CA140717:NODE_2_length_256043_cov_128.365530_> (length 568)
prokka_out/CA140717:NODE_2_length_256043_cov_128.365530_> (length 431)
prokka_out/CA140717:NODE_2_length_256043_cov_128.365530_> (length 297)
prokka_out/CA140717:NODE_2_length_256043_cov_128.365530_> (length 176)
prokka_out/CA140717:NODE_2_length_256043_cov_128.365530_> (length 87)
prokka_out/CA140717:NODE_2_length_256043_cov_128.365530_> (length 185)
prokka_out/CA140717:NODE_2_length_256043_cov_128.365530_> (length 281)
prokka_out/CA140717:NODE_2_length_256043_cov_128.365530_> (length 374)
prokka_out/CA140717:NODE_2_length_256043_cov_128.365530_> (length 103)
prokka_out/CA140717:NODE_2_length_256043_cov_128.365530_> (length 289)
prokka_out/CA140717:NODE_2_length_256043_cov_128.365530_> (length 387)
prokka_out/CA140717:NODE_2_length_256043_cov_128.365530_> (length 302)
prokka_out/CA140717:NODE_2_length_256043_cov_128.365530_> (length 734)
prokka_out/CA140717:NODE_2_length_256043_cov_128.365530_> (length 856)
prokka_out/CA140717:NODE_2_length_256043_cov_128.365530_> (length 300)
prokka_out/CA140717:NODE_2_length_256043_cov_128.365530_> (length 143)
prokka_out/CA140717:NODE_2_length_256043_cov_128.365530_> (length 164)
prokka_out/CA140717:NODE_2_length_256043_cov_128.365530_> (length 99)
prokka_out/CA140717:NODE_2_length_256043_cov_128.365530_> (length 601)
prokka_out/CA140717:NODE_2_length_256043_cov_128.365530_> (length 602)
prokka_out/CA140717:NODE_2_length_256043_cov_128.365530_> (length 144)
prokka_out/CA140717:NODE_2_length_256043_cov_128.365530_> (length 106)
prokka_out/CA140717:NODE_2_length_256043_cov_128.365530_> (length 609)
prokka_out/CA140717:NODE_2_length_256043_cov_128.365530_> (length 122)
prokka_out/CA140717:NODE_2_length_256043_cov_128.365530_> (length 233)
prokka_out/CA140717:NODE_2_length_256043_cov_128.365530_> (length 399)
prokka_out/CA140717:NODE_2_length_256043_cov_128.365530_> (length 214)
prokka_out/CA140717:NODE_2_length_256043_cov_128.365530_> (length 81)
prokka_out/CA140717:NODE_2_length_256043_cov_128.365530_> (length 236)
prokka_out/CA140717:NODE_2_length_256043_cov_128.365530_> (length 440)
prokka_out/CA140717:NODE_2_length_256043_cov_128.365530_> (length 93)
prokka_out/CA140717:NODE_2_length_256043_cov_128.365530_> (length 857)
prokka_out/CA140717:NODE_2_length_256043_cov_128.365530_> (length 643)
prokka_out/CA140717:NODE_2_length_256043_cov_128.365530_> (length 183)
prokka_out/CA140717:NODE_2_length_256043_cov_128.365530_> (length 842)
prokka_out/CA140717:NODE_2_length_256043_cov_128.365530_> (length 359)
prokka_out/CA140717:NODE_2_length_256043_cov_128.365530_> (length 370)
prokka_out/CA140717:NODE_2_length_256043_cov_128.365530_> (length 284)
prokka_out/CA140717:NODE_2_length_256043_cov_128.365530_> (length 303)
prokka_out/CA140717:NODE_2_length_256043_cov_128.365530_> (length 411)
prokka_out/CA140717:NODE_2_length_256043_cov_128.365530_> (length 332)
prokka_out/CA140717:NODE_2_length_256043_cov_128.365530_> (length 161)
prokka_out/CA140717:NODE_2_length_256043_cov_128.365530_> (length 258)
prokka_out/CA140717:NODE_2_length_256043_cov_128.365530_> (length 425)
prokka_out/CA140717:NODE_2_length_256043_cov_128.365530_> (length 124)
prokka_out/CA140717:NODE_2_length_256043_cov_128.365530_> (length 233)
prokka_out/CA140717:NODE_2_length_256043_cov_128.365530_> (length 50)
prokka_out/CA140717:NODE_2_length_256043_cov_128.365530_> (length 691)
prokka_out/CA140717:NODE_2_length_256043_cov_128.365530_> (length 156)
prokka_out/CA140717:NODE_2_length_256043_cov_128.365530_> (length 128)
prokka_out/CA140717:NODE_2_length_256043_cov_128.365530_> (length 1516)
prokka_out/CA140717:NODE_2_length_256043_cov_128.365530_> (length 1375)
prokka_out/CA140717:NODE_2_length_256043_cov_128.365530_> (length 125)
prokka_out/CA140717:NODE_2_length_256043_cov_128.365530_> (length 159)
prokka_out/CA140717:NODE_2_length_256043_cov_128.365530_> (length 233)
prokka_out/CA140717:NODE_2_length_256043_cov_128.365530_> (length 141)
prokka_out/CA140717:NODE_2_length_256043_cov_128.365530_> (length 177)
prokka_out/CA140717:NODE_2_length_256043_cov_128.365530_> (length 59)
prokka_out/CA140717:NODE_2_length_256043_cov_128.365530_> (length 52)
prokka_out/CA140717:NODE_2_length_256043_cov_128.365530_> (length 399)
prokka_out/CA140717:NODE_2_length_256043_cov_128.365530_> (length 245)
prokka_out/CA140717:NODE_2_length_256043_cov_128.365530_> (length 218)
prokka_out/CA140717:NODE_2_length_256043_cov_128.365530_> (length 233)
prokka_out/CA140717:NODE_2_length_256043_cov_128.365530_> (length 198)
prokka_out/CA140717:NODE_2_length_256043_cov_128.365530_> (length 128)
prokka_out/CA140717:NODE_2_length_256043_cov_128.365530_> (length 604)
prokka_out/CA140717:NODE_2_length_256043_cov_128.365530_> (length 406)
prokka_out/CA140717:NODE_2_length_256043_cov_128.365530_> (length 348)
prokka_out/CA140717:NODE_2_length_256043_cov_128.365530_> (length 395)
prokka_out/CA140717:NODE_2_length_256043_cov_128.365530_> (length 362)
prokka_out/CA140717:NODE_2_length_256043_cov_128.365530_> (length 80)
prokka_out/CA140717:NODE_2_length_256043_cov_128.365530_> (length 433)
prokka_out/CA140717:NODE_2_length_256043_cov_128.365530_> (length 207)
prokka_out/CA140717:NODE_2_length_256043_cov_128.365530_> (length 328)
prokka_out/CA140717:NODE_2_length_256043_cov_128.365530_> (length 174)
prokka_out/CA140717:NODE_2_length_256043_cov_128.365530_> (length 172)
prokka_out/CA140717:NODE_2_length_256043_cov_128.365530_> (length 430)
prokka_out/CA140717:NODE_2_length_256043_cov_128.365530_> (length 253)
prokka_out/CA140717:NODE_2_length_256043_cov_128.365530_> (length 215)
prokka_out/CA140717:NODE_2_length_256043_cov_128.365530_> (length 64)
prokka_out/CA140717:NODE_2_length_256043_cov_128.365530_> (length 71)
prokka_out/CA140717:NODE_2_length_256043_cov_128.365530_> (length 364)
prokka_out/CA140717:NODE_2_length_256043_cov_128.365530_> (length 197)
prokka_out/CA140717:NODE_2_length_256043_cov_128.365530_> (length 687)
prokka_out/CA140717:NODE_2_length_256043_cov_128.365530_> (length 277)
prokka_out/CA140717:NODE_2_length_256043_cov_128.365530_> (length 390)
prokka_out/CA140717:NODE_2_length_256043_cov_128.365530_> (length 276)
prokka_out/CA140717:NODE_2_length_256043_cov_128.365530_> (length 414)
prokka_out/CA140717:NODE_2_length_256043_cov_128.365530_> (length 312)
prokka_out/CA140717:NODE_2_length_256043_cov_128.365530_> (length 404)
prokka_out/CA140717:NODE_2_length_256043_cov_128.365530_> (length 77)
prokka_out/CA140717:NODE_2_length_256043_cov_128.365530_> (length 221)
prokka_out/CA140717:NODE_2_length_256043_cov_128.365530_> (length 135)
prokka_out/CA140717:NODE_2_length_256043_cov_128.365530_> (length 247)
prokka_out/CA140717:NODE_2_length_256043_cov_128.365530_> (length 492)
prokka_out/CA140717:NODE_2_length_256043_cov_128.365530_> (length 353)
prokka_out/CA140717:NODE_2_length_256043_cov_128.365530_> (length 402)
prokka_out/CA140717:NODE_2_length_256043_cov_128.365530_> (length 100)
prokka_out/CA140717:NODE_3_length_238243_cov_132.438963_1 (length 605)
prokka_out/CA140717:NODE_3_length_238243_cov_132.438963_2 (length 607)
prokka_out/CA140717:NODE_3_length_238243_cov_132.438963_3 (length 416)
prokka_out/CA140717:NODE_3_length_238243_cov_132.438963_4 (length 171)
prokka_out/CA140717:NODE_3_length_238243_cov_132.438963_5 (length 335)
prokka_out/CA140717:NODE_3_length_238243_cov_132.438963_6 (length 464)
prokka_out/CA140717:NODE_3_length_238243_cov_132.438963_7 (length 358)
prokka_out/CA140717:NODE_3_length_238243_cov_132.438963_8 (length 241)
prokka_out/CA140717:NODE_3_length_238243_cov_132.438963_9 (length 112)
prokka_out/CA140717:NODE_3_length_238243_cov_132.438963_> (length 435)
prokka_out/CA140717:NODE_3_length_238243_cov_132.438963_> (length 191)
prokka_out/CA140717:NODE_3_length_238243_cov_132.438963_> (length 331)
prokka_out/CA140717:NODE_3_length_238243_cov_132.438963_> (length 322)
prokka_out/CA140717:NODE_3_length_238243_cov_132.438963_> (length 312)
prokka_out/CA140717:NODE_3_length_238243_cov_132.438963_> (length 251)
prokka_out/CA140717:NODE_3_length_238243_cov_132.438963_> (length 329)
prokka_out/CA140717:NODE_3_length_238243_cov_132.438963_> (length 210)
prokka_out/CA140717:NODE_3_length_238243_cov_132.438963_> (length 610)
prokka_out/CA140717:NODE_3_length_238243_cov_132.438963_> (length 163)
prokka_out/CA140717:NODE_3_length_238243_cov_132.438963_> (length 694)
prokka_out/CA140717:NODE_3_length_238243_cov_132.438963_> (length 753)
prokka_out/CA140717:NODE_3_length_238243_cov_132.438963_> (length 136)
prokka_out/CA140717:NODE_3_length_238243_cov_132.438963_> (length 336)
prokka_out/CA140717:NODE_3_length_238243_cov_132.438963_> (length 347)
prokka_out/CA140717:NODE_3_length_238243_cov_132.438963_> (length 463)
prokka_out/CA140717:NODE_3_length_238243_cov_132.438963_> (length 598)
prokka_out/CA140717:NODE_3_length_238243_cov_132.438963_> (length 782)
prokka_out/CA140717:NODE_3_length_238243_cov_132.438963_> (length 354)
prokka_out/CA140717:NODE_3_length_238243_cov_132.438963_> (length 439)
prokka_out/CA140717:NODE_3_length_238243_cov_132.438963_> (length 147)
prokka_out/CA140717:NODE_3_length_238243_cov_132.438963_> (length 232)
prokka_out/CA140717:NODE_3_length_238243_cov_132.438963_> (length 189)
prokka_out/CA140717:NODE_3_length_238243_cov_132.438963_> (length 820)
prokka_out/CA140717:NODE_3_length_238243_cov_132.438963_> (length 202)
prokka_out/CA140717:NODE_3_length_238243_cov_132.438963_> (length 151)
prokka_out/CA140717:NODE_3_length_238243_cov_132.438963_> (length 431)
prokka_out/CA140717:NODE_3_length_238243_cov_132.438963_> (length 175)
prokka_out/CA140717:NODE_3_length_238243_cov_132.438963_> (length 236)
prokka_out/CA140717:NODE_3_length_238243_cov_132.438963_> (length 599)
prokka_out/CA140717:NODE_3_length_238243_cov_132.438963_> (length 440)
prokka_out/CA140717:NODE_3_length_238243_cov_132.438963_> (length 553)
prokka_out/CA140717:NODE_3_length_238243_cov_132.438963_> (length 292)
prokka_out/CA140717:NODE_3_length_238243_cov_132.438963_> (length 163)
prokka_out/CA140717:NODE_3_length_238243_cov_132.438963_> (length 231)
prokka_out/CA140717:NODE_3_length_238243_cov_132.438963_> (length 105)
prokka_out/CA140717:NODE_3_length_238243_cov_132.438963_> (length 474)
prokka_out/CA140717:NODE_3_length_238243_cov_132.438963_> (length 155)
prokka_out/CA140717:NODE_3_length_238243_cov_132.438963_> (length 222)
prokka_out/CA140717:NODE_3_length_238243_cov_132.438963_> (length 120)
prokka_out/CA140717:NODE_3_length_238243_cov_132.438963_> (length 479)
prokka_out/CA140717:NODE_3_length_238243_cov_132.438963_> (length 387)
prokka_out/CA140717:NODE_3_length_238243_cov_132.438963_> (length 455)
prokka_out/CA140717:NODE_3_length_238243_cov_132.438963_> (length 446)
prokka_out/CA140717:NODE_3_length_238243_cov_132.438963_> (length 74)
prokka_out/CA140717:NODE_3_length_238243_cov_132.438963_> (length 613)
prokka_out/CA140717:NODE_3_length_238243_cov_132.438963_> (length 499)
prokka_out/CA140717:NODE_3_length_238243_cov_132.438963_> (length 274)
prokka_out/CA140717:NODE_3_length_238243_cov_132.438963_> (length 223)
prokka_out/CA140717:NODE_3_length_238243_cov_132.438963_> (length 400)
prokka_out/CA140717:NODE_3_length_238243_cov_132.438963_> (length 332)
prokka_out/CA140717:NODE_3_length_238243_cov_132.438963_> (length 181)
prokka_out/CA140717:NODE_3_length_238243_cov_132.438963_> (length 108)
prokka_out/CA140717:NODE_3_length_238243_cov_132.438963_> (length 454)
prokka_out/CA140717:NODE_3_length_238243_cov_132.438963_> (length 178)
prokka_out/CA140717:NODE_3_length_238243_cov_132.438963_> (length 115)
prokka_out/CA140717:NODE_3_length_238243_cov_132.438963_> (length 140)
prokka_out/CA140717:NODE_3_length_238243_cov_132.438963_> (length 456)
prokka_out/CA140717:NODE_3_length_238243_cov_132.438963_> (length 373)
prokka_out/CA140717:NODE_3_length_238243_cov_132.438963_> (length 393)
prokka_out/CA140717:NODE_3_length_238243_cov_132.438963_> (length 675)
prokka_out/CA140717:NODE_3_length_238243_cov_132.438963_> (length 498)
prokka_out/CA140717:NODE_3_length_238243_cov_132.438963_> (length 243)
prokka_out/CA140717:NODE_3_length_238243_cov_132.438963_> (length 431)
prokka_out/CA140717:NODE_3_length_238243_cov_132.438963_> (length 197)
prokka_out/CA140717:NODE_3_length_238243_cov_132.438963_> (length 666)
prokka_out/CA140717:NODE_3_length_238243_cov_132.438963_> (length 563)
prokka_out/CA140717:NODE_3_length_238243_cov_132.438963_> (length 667)
prokka_out/CA140717:NODE_3_length_238243_cov_132.438963_> (length 1088)
prokka_out/CA140717:NODE_3_length_238243_cov_132.438963_> (length 238)
prokka_out/CA140717:NODE_3_length_238243_cov_132.438963_> (length 164)
prokka_out/CA140717:NODE_3_length_238243_cov_132.438963_> (length 310)
prokka_out/CA140717:NODE_3_length_238243_cov_132.438963_> (length 236)
prokka_out/CA140717:NODE_3_length_238243_cov_132.438963_> (length 335)
prokka_out/CA140717:NODE_3_length_238243_cov_132.438963_> (length 190)
prokka_out/CA140717:NODE_3_length_238243_cov_132.438963_> (length 236)
prokka_out/CA140717:NODE_3_length_238243_cov_132.438963_> (length 966)
prokka_out/CA140717:NODE_3_length_238243_cov_132.438963_> (length 670)
prokka_out/CA140717:NODE_3_length_238243_cov_132.438963_> (length 458)
prokka_out/CA140717:NODE_3_length_238243_cov_132.438963_> (length 545)
prokka_out/CA140717:NODE_3_length_238243_cov_132.438963_> (length 317)
prokka_out/CA140717:NODE_3_length_238243_cov_132.438963_> (length 543)
prokka_out/CA140717:NODE_3_length_238243_cov_132.438963_> (length 371)
prokka_out/CA140717:NODE_3_length_238243_cov_132.438963_> (length 220)
prokka_out/CA140717:NODE_3_length_238243_cov_132.438963_> (length 260)
prokka_out/CA140717:NODE_3_length_238243_cov_132.438963_> (length 138)
prokka_out/CA140717:NODE_3_length_238243_cov_132.438963_> (length 187)
prokka_out/CA140717:NODE_3_length_238243_cov_132.438963_> (length 229)
prokka_out/CA140717:NODE_3_length_238243_cov_132.438963_> (length 236)
prokka_out/CA140717:NODE_3_length_238243_cov_132.438963_> (length 321)
prokka_out/CA140717:NODE_3_length_238243_cov_132.438963_> (length 439)
prokka_out/CA140717:NODE_3_length_238243_cov_132.438963_> (length 365)
prokka_out/CA140717:NODE_3_length_238243_cov_132.438963_> (length 90)
prokka_out/CA140717:NODE_3_length_238243_cov_132.438963_> (length 34)
prokka_out/CA140717:NODE_3_length_238243_cov_132.438963_> (length 372)
prokka_out/CA140717:NODE_3_length_238243_cov_132.438963_> (length 273)
prokka_out/CA140717:NODE_3_length_238243_cov_132.438963_> (length 357)
prokka_out/CA140717:NODE_3_length_238243_cov_132.438963_> (length 127)
prokka_out/CA140717:NODE_3_length_238243_cov_132.438963_> (length 229)
prokka_out/CA140717:NODE_3_length_238243_cov_132.438963_> (length 348)
prokka_out/CA140717:NODE_3_length_238243_cov_132.438963_> (length 113)
prokka_out/CA140717:NODE_3_length_238243_cov_132.438963_> (length 65)
prokka_out/CA140717:NODE_3_length_238243_cov_132.438963_> (length 144)
prokka_out/CA140717:NODE_3_length_238243_cov_132.438963_> (length 608)
prokka_out/CA140717:NODE_3_length_238243_cov_132.438963_> (length 254)
prokka_out/CA140717:NODE_3_length_238243_cov_132.438963_> (length 254)
prokka_out/CA140717:NODE_3_length_238243_cov_132.438963_> (length 391)
prokka_out/CA140717:NODE_3_length_238243_cov_132.438963_> (length 520)
prokka_out/CA140717:NODE_3_length_238243_cov_132.438963_> (length 198)
prokka_out/CA140717:NODE_3_length_238243_cov_132.438963_> (length 198)
prokka_out/CA140717:NODE_3_length_238243_cov_132.438963_> (length 472)
prokka_out/CA140717:NODE_3_length_238243_cov_132.438963_> (length 98)
prokka_out/CA140717:NODE_3_length_238243_cov_132.438963_> (length 1186)
prokka_out/CA140717:NODE_3_length_238243_cov_132.438963_> (length 212)
prokka_out/CA140717:NODE_3_length_238243_cov_132.438963_> (length 332)
prokka_out/CA140717:NODE_3_length_238243_cov_132.438963_> (length 129)
prokka_out/CA140717:NODE_3_length_238243_cov_132.438963_> (length 141)
prokka_out/CA140717:NODE_3_length_238243_cov_132.438963_> (length 186)
prokka_out/CA140717:NODE_3_length_238243_cov_132.438963_> (length 214)
prokka_out/CA140717:NODE_3_length_238243_cov_132.438963_> (length 920)
prokka_out/CA140717:NODE_3_length_238243_cov_132.438963_> (length 788)
prokka_out/CA140717:NODE_3_length_238243_cov_132.438963_> (length 174)
prokka_out/CA140717:NODE_3_length_238243_cov_132.438963_> (length 196)
prokka_out/CA140717:NODE_3_length_238243_cov_132.438963_> (length 33)
prokka_out/CA140717:NODE_3_length_238243_cov_132.438963_> (length 73)
prokka_out/CA140717:NODE_3_length_238243_cov_132.438963_> (length 287)
prokka_out/CA140717:NODE_3_length_238243_cov_132.438963_> (length 83)
prokka_out/CA140717:NODE_3_length_238243_cov_132.438963_> (length 221)
prokka_out/CA140717:NODE_3_length_238243_cov_132.438963_> (length 488)
prokka_out/CA140717:NODE_3_length_238243_cov_132.438963_> (length 222)
prokka_out/CA140717:NODE_3_length_238243_cov_132.438963_> (length 404)
prokka_out/CA140717:NODE_3_length_238243_cov_132.438963_> (length 223)
prokka_out/CA140717:NODE_3_length_238243_cov_132.438963_> (length 372)
prokka_out/CA140717:NODE_3_length_238243_cov_132.438963_> (length 183)
prokka_out/CA140717:NODE_3_length_238243_cov_132.438963_> (length 172)
prokka_out/CA140717:NODE_3_length_238243_cov_132.438963_> (length 142)
prokka_out/CA140717:NODE_3_length_238243_cov_132.438963_> (length 416)
prokka_out/CA140717:NODE_3_length_238243_cov_132.438963_> (length 403)
prokka_out/CA140717:NODE_3_length_238243_cov_132.438963_> (length 75)
prokka_out/CA140717:NODE_3_length_238243_cov_132.438963_> (length 493)
prokka_out/CA140717:NODE_3_length_238243_cov_132.438963_> (length 1167)
prokka_out/CA140717:NODE_3_length_238243_cov_132.438963_> (length 308)
prokka_out/CA140717:NODE_3_length_238243_cov_132.438963_> (length 190)
prokka_out/CA140717:NODE_3_length_238243_cov_132.438963_> (length 243)
prokka_out/CA140717:NODE_3_length_238243_cov_132.438963_> (length 260)
prokka_out/CA140717:NODE_3_length_238243_cov_132.438963_> (length 746)
prokka_out/CA140717:NODE_3_length_238243_cov_132.438963_> (length 310)
prokka_out/CA140717:NODE_3_length_238243_cov_132.438963_> (length 213)
prokka_out/CA140717:NODE_3_length_238243_cov_132.438963_> (length 746)
prokka_out/CA140717:NODE_3_length_238243_cov_132.438963_> (length 180)
prokka_out/CA140717:NODE_3_length_238243_cov_132.438963_> (length 63)
prokka_out/CA140717:NODE_3_length_238243_cov_132.438963_> (length 233)
prokka_out/CA140717:NODE_3_length_238243_cov_132.438963_> (length 382)
prokka_out/CA140717:NODE_3_length_238243_cov_132.438963_> (length 513)
prokka_out/CA140717:NODE_3_length_238243_cov_132.438963_> (length 73)
prokka_out/CA140717:NODE_3_length_238243_cov_132.438963_> (length 148)
prokka_out/CA140717:NODE_3_length_238243_cov_132.438963_> (length 396)
prokka_out/CA140717:NODE_3_length_238243_cov_132.438963_> (length 118)
prokka_out/CA140717:NODE_3_length_238243_cov_132.438963_> (length 108)
prokka_out/CA140717:NODE_3_length_238243_cov_132.438963_> (length 100)
prokka_out/CA140717:NODE_3_length_238243_cov_132.438963_> (length 507)
prokka_out/CA140717:NODE_3_length_238243_cov_132.438963_> (length 325)
prokka_out/CA140717:NODE_3_length_238243_cov_132.438963_> (length 329)
prokka_out/CA140717:NODE_3_length_238243_cov_132.438963_> (length 201)
prokka_out/CA140717:NODE_3_length_238243_cov_132.438963_> (length 249)
prokka_out/CA140717:NODE_3_length_238243_cov_132.438963_> (length 243)
prokka_out/CA140717:NODE_3_length_238243_cov_132.438963_> (length 345)
prokka_out/CA140717:NODE_3_length_238243_cov_132.438963_> (length 105)
prokka_out/CA140717:NODE_3_length_238243_cov_132.438963_> (length 149)
prokka_out/CA140717:NODE_3_length_238243_cov_132.438963_> (length 406)
prokka_out/CA140717:NODE_3_length_238243_cov_132.438963_> (length 274)
prokka_out/CA140717:NODE_3_length_238243_cov_132.438963_> (length 656)
prokka_out/CA140717:NODE_3_length_238243_cov_132.438963_> (length 331)
prokka_out/CA140717:NODE_3_length_238243_cov_132.438963_> (length 228)
prokka_out/CA140717:NODE_3_length_238243_cov_132.438963_> (length 269)
prokka_out/CA140717:NODE_3_length_238243_cov_132.438963_> (length 256)
prokka_out/CA140717:NODE_3_length_238243_cov_132.438963_> (length 389)
prokka_out/CA140717:NODE_3_length_238243_cov_132.438963_> (length 246)
prokka_out/CA140717:NODE_3_length_238243_cov_132.438963_> (length 321)
prokka_out/CA140717:NODE_3_length_238243_cov_132.438963_> (length 254)
prokka_out/CA140717:NODE_3_length_238243_cov_132.438963_> (length 299)
prokka_out/CA140717:NODE_3_length_238243_cov_132.438963_> (length 161)
prokka_out/CA140717:NODE_3_length_238243_cov_132.438963_> (length 295)
prokka_out/CA140717:NODE_3_length_238243_cov_132.438963_> (length 288)
prokka_out/CA140717:NODE_3_length_238243_cov_132.438963_> (length 137)
prokka_out/CA140717:NODE_3_length_238243_cov_132.438963_> (length 119)
prokka_out/CA140717:NODE_3_length_238243_cov_132.438963_> (length 221)
prokka_out/CA140717:NODE_3_length_238243_cov_132.438963_> (length 131)
prokka_out/CA140717:NODE_3_length_238243_cov_132.438963_> (length 211)
prokka_out/CA140717:NODE_3_length_238243_cov_132.438963_> (length 264)
prokka_out/CA140717:NODE_3_length_238243_cov_132.438963_> (length 181)
prokka_out/CA140717:NODE_3_length_238243_cov_132.438963_> (length 258)
prokka_out/CA140717:NODE_3_length_238243_cov_132.438963_> (length 74)
prokka_out/CA140717:NODE_3_length_238243_cov_132.438963_> (length 639)
prokka_out/CA140717:NODE_3_length_238243_cov_132.438963_> (length 124)
prokka_out/CA140717:NODE_3_length_238243_cov_132.438963_> (length 73)
prokka_out/CA140717:NODE_3_length_238243_cov_132.438963_> (length 396)
prokka_out/CA140717:NODE_3_length_238243_cov_132.438963_> (length 150)
prokka_out/CA140717:NODE_3_length_238243_cov_132.438963_> (length 358)
prokka_out/CA140717:NODE_3_length_238243_cov_132.438963_> (length 769)
prokka_out/CA140717:NODE_3_length_238243_cov_132.438963_> (length 531)
prokka_out/CA140717:NODE_3_length_238243_cov_132.438963_> (length 199)
prokka_out/CA140717:NODE_3_length_238243_cov_132.438963_> (length 254)
prokka_out/CA140717:NODE_3_length_238243_cov_132.438963_> (length 410)
prokka_out/CA140717:NODE_3_length_238243_cov_132.438963_> (length 356)
prokka_out/CA140717:NODE_3_length_238243_cov_132.438963_> (length 495)
prokka_out/CA140717:NODE_3_length_238243_cov_132.438963_> (length 200)
prokka_out/CA140717:NODE_3_length_238243_cov_132.438963_> (length 371)
prokka_out/CA140717:NODE_3_length_238243_cov_132.438963_> (length 169)
prokka_out/CA140717:NODE_3_length_238243_cov_132.438963_> (length 323)
prokka_out/CA140717:NODE_3_length_238243_cov_132.438963_> (length 315)
prokka_out/CA140717:NODE_3_length_238243_cov_132.438963_> (length 105)
prokka_out/CA140717:NODE_3_length_238243_cov_132.438963_> (length 140)
prokka_out/CA140717:NODE_3_length_238243_cov_132.438963_> (length 130)
prokka_out/CA140717:NODE_3_length_238243_cov_132.438963_> (length 190)
prokka_out/CA140717:NODE_3_length_238243_cov_132.438963_> (length 142)
prokka_out/CA140717:NODE_3_length_238243_cov_132.438963_> (length 462)
prokka_out/CA140717:NODE_4_length_171631_cov_131.281562_1 (length 66)
prokka_out/CA140717:NODE_4_length_171631_cov_131.281562_2 (length 788)
prokka_out/CA140717:NODE_4_length_171631_cov_131.281562_3 (length 457)
prokka_out/CA140717:NODE_4_length_171631_cov_131.281562_4 (length 496)
prokka_out/CA140717:NODE_4_length_171631_cov_131.281562_5 (length 596)
prokka_out/CA140717:NODE_4_length_171631_cov_131.281562_6 (length 97)
prokka_out/CA140717:NODE_4_length_171631_cov_131.281562_7 (length 171)
prokka_out/CA140717:NODE_4_length_171631_cov_131.281562_8 (length 221)
prokka_out/CA140717:NODE_4_length_171631_cov_131.281562_9 (length 332)
prokka_out/CA140717:NODE_4_length_171631_cov_131.281562_> (length 820)
prokka_out/CA140717:NODE_4_length_171631_cov_131.281562_> (length 230)
prokka_out/CA140717:NODE_4_length_171631_cov_131.281562_> (length 75)
prokka_out/CA140717:NODE_4_length_171631_cov_131.281562_> (length 408)
prokka_out/CA140717:NODE_4_length_171631_cov_131.281562_> (length 263)
prokka_out/CA140717:NODE_4_length_171631_cov_131.281562_> (length 167)
prokka_out/CA140717:NODE_4_length_171631_cov_131.281562_> (length 129)
prokka_out/CA140717:NODE_4_length_171631_cov_131.281562_> (length 221)
prokka_out/CA140717:NODE_4_length_171631_cov_131.281562_> (length 236)
prokka_out/CA140717:NODE_4_length_171631_cov_131.281562_> (length 251)
prokka_out/CA140717:NODE_4_length_171631_cov_131.281562_> (length 314)
prokka_out/CA140717:NODE_4_length_171631_cov_131.281562_> (length 512)
prokka_out/CA140717:NODE_4_length_171631_cov_131.281562_> (length 925)
prokka_out/CA140717:NODE_4_length_171631_cov_131.281562_> (length 140)
prokka_out/CA140717:NODE_4_length_171631_cov_131.281562_> (length 543)
prokka_out/CA140717:NODE_4_length_171631_cov_131.281562_> (length 435)
prokka_out/CA140717:NODE_4_length_171631_cov_131.281562_> (length 72)
prokka_out/CA140717:NODE_4_length_171631_cov_131.281562_> (length 144)
prokka_out/CA140717:NODE_4_length_171631_cov_131.281562_> (length 52)
prokka_out/CA140717:NODE_4_length_171631_cov_131.281562_> (length 386)
prokka_out/CA140717:NODE_4_length_171631_cov_131.281562_> (length 205)
prokka_out/CA140717:NODE_4_length_171631_cov_131.281562_> (length 261)
prokka_out/CA140717:NODE_4_length_171631_cov_131.281562_> (length 162)
prokka_out/CA140717:NODE_4_length_171631_cov_131.281562_> (length 286)
prokka_out/CA140717:NODE_4_length_171631_cov_131.281562_> (length 72)
prokka_out/CA140717:NODE_4_length_171631_cov_131.281562_> (length 121)
prokka_out/CA140717:NODE_4_length_171631_cov_131.281562_> (length 130)
prokka_out/CA140717:NODE_4_length_171631_cov_131.281562_> (length 208)
prokka_out/CA140717:NODE_4_length_171631_cov_131.281562_> (length 337)
prokka_out/CA140717:NODE_4_length_171631_cov_131.281562_> (length 117)
prokka_out/CA140717:NODE_4_length_171631_cov_131.281562_> (length 299)
prokka_out/CA140717:NODE_4_length_171631_cov_131.281562_> (length 428)
prokka_out/CA140717:NODE_4_length_171631_cov_131.281562_> (length 353)
prokka_out/CA140717:NODE_4_length_171631_cov_131.281562_> (length 195)
prokka_out/CA140717:NODE_4_length_171631_cov_131.281562_> (length 242)
prokka_out/CA140717:NODE_4_length_171631_cov_131.281562_> (length 255)
prokka_out/CA140717:NODE_4_length_171631_cov_131.281562_> (length 207)
prokka_out/CA140717:NODE_4_length_171631_cov_131.281562_> (length 171)
prokka_out/CA140717:NODE_4_length_171631_cov_131.281562_> (length 387)
prokka_out/CA140717:NODE_4_length_171631_cov_131.281562_> (length 368)
prokka_out/CA140717:NODE_4_length_171631_cov_131.281562_> (length 371)
prokka_out/CA140717:NODE_4_length_171631_cov_131.281562_> (length 295)
prokka_out/CA140717:NODE_4_length_171631_cov_131.281562_> (length 386)
prokka_out/CA140717:NODE_4_length_171631_cov_131.281562_> (length 166)
prokka_out/CA140717:NODE_4_length_171631_cov_131.281562_> (length 87)
prokka_out/CA140717:NODE_4_length_171631_cov_131.281562_> (length 355)
prokka_out/CA140717:NODE_4_length_171631_cov_131.281562_> (length 251)
prokka_out/CA140717:NODE_4_length_171631_cov_131.281562_> (length 702)
prokka_out/CA140717:NODE_4_length_171631_cov_131.281562_> (length 333)
prokka_out/CA140717:NODE_4_length_171631_cov_131.281562_> (length 259)
prokka_out/CA140717:NODE_4_length_171631_cov_131.281562_> (length 268)
prokka_out/CA140717:NODE_4_length_171631_cov_131.281562_> (length 285)
prokka_out/CA140717:NODE_4_length_171631_cov_131.281562_> (length 420)
prokka_out/CA140717:NODE_4_length_171631_cov_131.281562_> (length 339)
prokka_out/CA140717:NODE_4_length_171631_cov_131.281562_> (length 228)
prokka_out/CA140717:NODE_4_length_171631_cov_131.281562_> (length 112)
prokka_out/CA140717:NODE_4_length_171631_cov_131.281562_> (length 78)
prokka_out/CA140717:NODE_4_length_171631_cov_131.281562_> (length 252)
prokka_out/CA140717:NODE_4_length_171631_cov_131.281562_> (length 109)
prokka_out/CA140717:NODE_4_length_171631_cov_131.281562_> (length 577)
prokka_out/CA140717:NODE_4_length_171631_cov_131.281562_> (length 326)
prokka_out/CA140717:NODE_4_length_171631_cov_131.281562_> (length 173)
prokka_out/CA140717:NODE_4_length_171631_cov_131.281562_> (length 454)
prokka_out/CA140717:NODE_4_length_171631_cov_131.281562_> (length 440)
prokka_out/CA140717:NODE_4_length_171631_cov_131.281562_> (length 138)
prokka_out/CA140717:NODE_4_length_171631_cov_131.281562_> (length 245)
prokka_out/CA140717:NODE_4_length_171631_cov_131.281562_> (length 141)
prokka_out/CA140717:NODE_4_length_171631_cov_131.281562_> (length 129)
prokka_out/CA140717:NODE_4_length_171631_cov_131.281562_> (length 289)
prokka_out/CA140717:NODE_4_length_171631_cov_131.281562_> (length 53)
prokka_out/CA140717:NODE_4_length_171631_cov_131.281562_> (length 327)
prokka_out/CA140717:NODE_4_length_171631_cov_131.281562_> (length 447)
prokka_out/CA140717:NODE_4_length_171631_cov_131.281562_> (length 546)
prokka_out/CA140717:NODE_4_length_171631_cov_131.281562_> (length 283)
prokka_out/CA140717:NODE_4_length_171631_cov_131.281562_> (length 330)
prokka_out/CA140717:NODE_4_length_171631_cov_131.281562_> (length 379)
prokka_out/CA140717:NODE_4_length_171631_cov_131.281562_> (length 182)
prokka_out/CA140717:NODE_4_length_171631_cov_131.281562_> (length 363)
prokka_out/CA140717:NODE_4_length_171631_cov_131.281562_> (length 224)
prokka_out/CA140717:NODE_4_length_171631_cov_131.281562_> (length 146)
prokka_out/CA140717:NODE_4_length_171631_cov_131.281562_> (length 327)
prokka_out/CA140717:NODE_4_length_171631_cov_131.281562_> (length 608)
prokka_out/CA140717:NODE_4_length_171631_cov_131.281562_> (length 89)
prokka_out/CA140717:NODE_4_length_171631_cov_131.281562_> (length 185)
prokka_out/CA140717:NODE_4_length_171631_cov_131.281562_> (length 427)
prokka_out/CA140717:NODE_4_length_171631_cov_131.281562_> (length 101)
prokka_out/CA140717:NODE_4_length_171631_cov_131.281562_> (length 363)
prokka_out/CA140717:NODE_4_length_171631_cov_131.281562_> (length 279)
prokka_out/CA140717:NODE_4_length_171631_cov_131.281562_> (length 632)
prokka_out/CA140717:NODE_4_length_171631_cov_131.281562_> (length 371)
prokka_out/CA140717:NODE_4_length_171631_cov_131.281562_> (length 240)
prokka_out/CA140717:NODE_4_length_171631_cov_131.281562_> (length 298)
prokka_out/CA140717:NODE_4_length_171631_cov_131.281562_> (length 200)
prokka_out/CA140717:NODE_4_length_171631_cov_131.281562_> (length 166)
prokka_out/CA140717:NODE_4_length_171631_cov_131.281562_> (length 252)
prokka_out/CA140717:NODE_4_length_171631_cov_131.281562_> (length 247)
prokka_out/CA140717:NODE_4_length_171631_cov_131.281562_> (length 154)
prokka_out/CA140717:NODE_4_length_171631_cov_131.281562_> (length 389)
prokka_out/CA140717:NODE_4_length_171631_cov_131.281562_> (length 382)
prokka_out/CA140717:NODE_4_length_171631_cov_131.281562_> (length 60)
prokka_out/CA140717:NODE_4_length_171631_cov_131.281562_> (length 689)
prokka_out/CA140717:NODE_4_length_171631_cov_131.281562_> (length 179)
prokka_out/CA140717:NODE_4_length_171631_cov_131.281562_> (length 467)
prokka_out/CA140717:NODE_4_length_171631_cov_131.281562_> (length 431)
prokka_out/CA140717:NODE_4_length_171631_cov_131.281562_> (length 372)
prokka_out/CA140717:NODE_4_length_171631_cov_131.281562_> (length 215)
prokka_out/CA140717:NODE_4_length_171631_cov_131.281562_> (length 162)
prokka_out/CA140717:NODE_4_length_171631_cov_131.281562_> (length 167)
prokka_out/CA140717:NODE_4_length_171631_cov_131.281562_> (length 351)
prokka_out/CA140717:NODE_4_length_171631_cov_131.281562_> (length 84)
prokka_out/CA140717:NODE_4_length_171631_cov_131.281562_> (length 102)
prokka_out/CA140717:NODE_4_length_171631_cov_131.281562_> (length 328)
prokka_out/CA140717:NODE_4_length_171631_cov_131.281562_> (length 207)
prokka_out/CA140717:NODE_4_length_171631_cov_131.281562_> (length 450)
prokka_out/CA140717:NODE_4_length_171631_cov_131.281562_> (length 442)
prokka_out/CA140717:NODE_4_length_171631_cov_131.281562_> (length 468)
prokka_out/CA140717:NODE_4_length_171631_cov_131.281562_> (length 231)
prokka_out/CA140717:NODE_4_length_171631_cov_131.281562_> (length 230)
prokka_out/CA140717:NODE_4_length_171631_cov_131.281562_> (length 66)
prokka_out/CA140717:NODE_4_length_171631_cov_131.281562_> (length 207)
prokka_out/CA140717:NODE_4_length_171631_cov_131.281562_> (length 34)
prokka_out/CA140717:NODE_4_length_171631_cov_131.281562_> (length 374)
prokka_out/CA140717:NODE_4_length_171631_cov_131.281562_> (length 520)
prokka_out/CA140717:NODE_4_length_171631_cov_131.281562_> (length 76)
prokka_out/CA140717:NODE_4_length_171631_cov_131.281562_> (length 555)
prokka_out/CA140717:NODE_4_length_171631_cov_131.281562_> (length 245)
prokka_out/CA140717:NODE_4_length_171631_cov_131.281562_> (length 479)
prokka_out/CA140717:NODE_4_length_171631_cov_131.281562_> (length 218)
prokka_out/CA140717:NODE_4_length_171631_cov_131.281562_> (length 229)
prokka_out/CA140717:NODE_4_length_171631_cov_131.281562_> (length 203)
prokka_out/CA140717:NODE_4_length_171631_cov_131.281562_> (length 343)
prokka_out/CA140717:NODE_4_length_171631_cov_131.281562_> (length 298)
prokka_out/CA140717:NODE_4_length_171631_cov_131.281562_> (length 409)
prokka_out/CA140717:NODE_4_length_171631_cov_131.281562_> (length 162)
prokka_out/CA140717:NODE_4_length_171631_cov_131.281562_> (length 160)
prokka_out/CA140717:NODE_4_length_171631_cov_131.281562_> (length 476)
prokka_out/CA140717:NODE_4_length_171631_cov_131.281562_> (length 288)
prokka_out/CA140717:NODE_4_length_171631_cov_131.281562_> (length 118)
prokka_out/CA140717:NODE_4_length_171631_cov_131.281562_> (length 230)
prokka_out/CA140717:NODE_4_length_171631_cov_131.281562_> (length 358)
prokka_out/CA140717:NODE_4_length_171631_cov_131.281562_> (length 278)
prokka_out/CA140717:NODE_4_length_171631_cov_131.281562_> (length 199)
prokka_out/CA140717:NODE_4_length_171631_cov_131.281562_> (length 192)
prokka_out/CA140717:NODE_4_length_171631_cov_131.281562_> (length 94)
prokka_out/CA140717:NODE_4_length_171631_cov_131.281562_> (length 174)
prokka_out/CA140717:NODE_4_length_171631_cov_131.281562_> (length 318)
prokka_out/CA140717:NODE_4_length_171631_cov_131.281562_> (length 107)
prokka_out/CA140717:NODE_4_length_171631_cov_131.281562_> (length 195)
prokka_out/CA140717:NODE_4_length_171631_cov_131.281562_> (length 258)
prokka_out/CA140717:NODE_4_length_171631_cov_131.281562_> (length 201)
prokka_out/CA140717:NODE_4_length_171631_cov_131.281562_> (length 338)
prokka_out/CA140717:NODE_4_length_171631_cov_131.281562_> (length 602)
prokka_out/CA140717:NODE_4_length_171631_cov_131.281562_> (length 268)
prokka_out/CA140717:NODE_4_length_171631_cov_131.281562_> (length 552)
prokka_out/CA140717:NODE_4_length_171631_cov_131.281562_> (length 545)
prokka_out/CA140717:NODE_4_length_171631_cov_131.281562_> (length 287)
prokka_out/CA140717:NODE_4_length_171631_cov_131.281562_> (length 628)
prokka_out/CA140717:NODE_4_length_171631_cov_131.281562_> (length 107)
prokka_out/CA140717:NODE_4_length_171631_cov_131.281562_> (length 602)
prokka_out/CA140717:NODE_4_length_171631_cov_131.281562_> (length 216)
prokka_out/CA140717:NODE_4_length_171631_cov_131.281562_> (length 449)
prokka_out/CA140717:NODE_4_length_171631_cov_131.281562_> (length 402)
prokka_out/CA140717:NODE_4_length_171631_cov_131.281562_> (length 233)
prokka_out/CA140717:NODE_4_length_171631_cov_131.281562_> (length 822)
prokka_out/CA140717:NODE_4_length_171631_cov_131.281562_> (length 1248)
prokka_out/CA140717:NODE_4_length_171631_cov_131.281562_> (length 365)
prokka_out/CA140717:NODE_4_length_171631_cov_131.281562_> (length 340)
prokka_out/CA140717:NODE_4_length_171631_cov_131.281562_> (length 235)
prokka_out/CA140717:NODE_5_length_162390_cov_131.001288_1 (length 545)
prokka_out/CA140717:NODE_5_length_162390_cov_131.001288_2 (length 255)
prokka_out/CA140717:NODE_5_length_162390_cov_131.001288_3 (length 407)
prokka_out/CA140717:NODE_5_length_162390_cov_131.001288_4 (length 194)
prokka_out/CA140717:NODE_5_length_162390_cov_131.001288_5 (length 125)
prokka_out/CA140717:NODE_5_length_162390_cov_131.001288_6 (length 110)
prokka_out/CA140717:NODE_5_length_162390_cov_131.001288_7 (length 525)
prokka_out/CA140717:NODE_5_length_162390_cov_131.001288_8 (length 99)
prokka_out/CA140717:NODE_5_length_162390_cov_131.001288_9 (length 68)
prokka_out/CA140717:NODE_5_length_162390_cov_131.001288_> (length 117)
prokka_out/CA140717:NODE_5_length_162390_cov_131.001288_> (length 140)
prokka_out/CA140717:NODE_5_length_162390_cov_131.001288_> (length 69)
prokka_out/CA140717:NODE_5_length_162390_cov_131.001288_> (length 318)
prokka_out/CA140717:NODE_5_length_162390_cov_131.001288_> (length 190)
prokka_out/CA140717:NODE_5_length_162390_cov_131.001288_> (length 120)
prokka_out/CA140717:NODE_5_length_162390_cov_131.001288_> (length 226)
prokka_out/CA140717:NODE_5_length_162390_cov_131.001288_> (length 234)
prokka_out/CA140717:NODE_5_length_162390_cov_131.001288_> (length 610)
prokka_out/CA140717:NODE_5_length_162390_cov_131.001288_> (length 728)
prokka_out/CA140717:NODE_5_length_162390_cov_131.001288_> (length 241)
prokka_out/CA140717:NODE_5_length_162390_cov_131.001288_> (length 663)
prokka_out/CA140717:NODE_5_length_162390_cov_131.001288_> (length 261)
prokka_out/CA140717:NODE_5_length_162390_cov_131.001288_> (length 271)
prokka_out/CA140717:NODE_5_length_162390_cov_131.001288_> (length 301)
prokka_out/CA140717:NODE_5_length_162390_cov_131.001288_> (length 263)
prokka_out/CA140717:NODE_5_length_162390_cov_131.001288_> (length 275)
prokka_out/CA140717:NODE_5_length_162390_cov_131.001288_> (length 157)
prokka_out/CA140717:NODE_5_length_162390_cov_131.001288_> (length 414)
prokka_out/CA140717:NODE_5_length_162390_cov_131.001288_> (length 502)
prokka_out/CA140717:NODE_5_length_162390_cov_131.001288_> (length 156)
prokka_out/CA140717:NODE_5_length_162390_cov_131.001288_> (length 186)
prokka_out/CA140717:NODE_5_length_162390_cov_131.001288_> (length 95)
prokka_out/CA140717:NODE_5_length_162390_cov_131.001288_> (length 192)
prokka_out/CA140717:NODE_5_length_162390_cov_131.001288_> (length 332)
prokka_out/CA140717:NODE_5_length_162390_cov_131.001288_> (length 95)
prokka_out/CA140717:NODE_5_length_162390_cov_131.001288_> (length 209)
prokka_out/CA140717:NODE_5_length_162390_cov_131.001288_> (length 448)
prokka_out/CA140717:NODE_5_length_162390_cov_131.001288_> (length 480)
prokka_out/CA140717:NODE_5_length_162390_cov_131.001288_> (length 208)
prokka_out/CA140717:NODE_5_length_162390_cov_131.001288_> (length 820)
prokka_out/CA140717:NODE_5_length_162390_cov_131.001288_> (length 411)
prokka_out/CA140717:NODE_5_length_162390_cov_131.001288_> (length 319)
prokka_out/CA140717:NODE_5_length_162390_cov_131.001288_> (length 165)
prokka_out/CA140717:NODE_5_length_162390_cov_131.001288_> (length 460)
prokka_out/CA140717:NODE_5_length_162390_cov_131.001288_> (length 310)
prokka_out/CA140717:NODE_5_length_162390_cov_131.001288_> (length 270)
prokka_out/CA140717:NODE_5_length_162390_cov_131.001288_> (length 154)
prokka_out/CA140717:NODE_5_length_162390_cov_131.001288_> (length 132)
prokka_out/CA140717:NODE_5_length_162390_cov_131.001288_> (length 279)
prokka_out/CA140717:NODE_5_length_162390_cov_131.001288_> (length 259)
prokka_out/CA140717:NODE_5_length_162390_cov_131.001288_> (length 297)
prokka_out/CA140717:NODE_5_length_162390_cov_131.001288_> (length 182)
prokka_out/CA140717:NODE_5_length_162390_cov_131.001288_> (length 570)
prokka_out/CA140717:NODE_5_length_162390_cov_131.001288_> (length 273)
prokka_out/CA140717:NODE_5_length_162390_cov_131.001288_> (length 161)
prokka_out/CA140717:NODE_5_length_162390_cov_131.001288_> (length 163)
prokka_out/CA140717:NODE_5_length_162390_cov_131.001288_> (length 311)
prokka_out/CA140717:NODE_5_length_162390_cov_131.001288_> (length 389)
prokka_out/CA140717:NODE_5_length_162390_cov_131.001288_> (length 201)
prokka_out/CA140717:NODE_5_length_162390_cov_131.001288_> (length 70)
prokka_out/CA140717:NODE_5_length_162390_cov_131.001288_> (length 458)
prokka_out/CA140717:NODE_5_length_162390_cov_131.001288_> (length 211)
prokka_out/CA140717:NODE_5_length_162390_cov_131.001288_> (length 367)
prokka_out/CA140717:NODE_5_length_162390_cov_131.001288_> (length 1040)
prokka_out/CA140717:NODE_5_length_162390_cov_131.001288_> (length 492)
prokka_out/CA140717:NODE_5_length_162390_cov_131.001288_> (length 83)
prokka_out/CA140717:NODE_5_length_162390_cov_131.001288_> (length 436)
prokka_out/CA140717:NODE_5_length_162390_cov_131.001288_> (length 150)
prokka_out/CA140717:NODE_5_length_162390_cov_131.001288_> (length 156)
prokka_out/CA140717:NODE_5_length_162390_cov_131.001288_> (length 446)
prokka_out/CA140717:NODE_5_length_162390_cov_131.001288_> (length 341)
prokka_out/CA140717:NODE_5_length_162390_cov_131.001288_> (length 203)
prokka_out/CA140717:NODE_5_length_162390_cov_131.001288_> (length 105)
prokka_out/CA140717:NODE_5_length_162390_cov_131.001288_> (length 223)
prokka_out/CA140717:NODE_5_length_162390_cov_131.001288_> (length 81)
prokka_out/CA140717:NODE_5_length_162390_cov_131.001288_> (length 486)
prokka_out/CA140717:NODE_5_length_162390_cov_131.001288_> (length 263)
prokka_out/CA140717:NODE_5_length_162390_cov_131.001288_> (length 102)
prokka_out/CA140717:NODE_5_length_162390_cov_131.001288_> (length 140)
prokka_out/CA140717:NODE_5_length_162390_cov_131.001288_> (length 249)
prokka_out/CA140717:NODE_5_length_162390_cov_131.001288_> (length 392)
prokka_out/CA140717:NODE_5_length_162390_cov_131.001288_> (length 199)
prokka_out/CA140717:NODE_5_length_162390_cov_131.001288_> (length 530)
prokka_out/CA140717:NODE_5_length_162390_cov_131.001288_> (length 413)
prokka_out/CA140717:NODE_5_length_162390_cov_131.001288_> (length 261)
prokka_out/CA140717:NODE_5_length_162390_cov_131.001288_> (length 940)
prokka_out/CA140717:NODE_5_length_162390_cov_131.001288_> (length 177)
prokka_out/CA140717:NODE_5_length_162390_cov_131.001288_> (length 225)
prokka_out/CA140717:NODE_5_length_162390_cov_131.001288_> (length 196)
prokka_out/CA140717:NODE_5_length_162390_cov_131.001288_> (length 147)
prokka_out/CA140717:NODE_5_length_162390_cov_131.001288_> (length 879)
prokka_out/CA140717:NODE_5_length_162390_cov_131.001288_> (length 258)
prokka_out/CA140717:NODE_5_length_162390_cov_131.001288_> (length 243)
prokka_out/CA140717:NODE_5_length_162390_cov_131.001288_> (length 362)
prokka_out/CA140717:NODE_5_length_162390_cov_131.001288_> (length 198)
prokka_out/CA140717:NODE_5_length_162390_cov_131.001288_> (length 94)
prokka_out/CA140717:NODE_5_length_162390_cov_131.001288_> (length 137)
prokka_out/CA140717:NODE_5_length_162390_cov_131.001288_> (length 119)
prokka_out/CA140717:NODE_5_length_162390_cov_131.001288_> (length 48)
prokka_out/CA140717:NODE_5_length_162390_cov_131.001288_> (length 328)
prokka_out/CA140717:NODE_5_length_162390_cov_131.001288_> (length 325)
prokka_out/CA140717:NODE_5_length_162390_cov_131.001288_> (length 358)
prokka_out/CA140717:NODE_5_length_162390_cov_131.001288_> (length 387)
prokka_out/CA140717:NODE_5_length_162390_cov_131.001288_> (length 321)
prokka_out/CA140717:NODE_5_length_162390_cov_131.001288_> (length 147)
prokka_out/CA140717:NODE_5_length_162390_cov_131.001288_> (length 497)
prokka_out/CA140717:NODE_5_length_162390_cov_131.001288_> (length 235)
prokka_out/CA140717:NODE_5_length_162390_cov_131.001288_> (length 400)
prokka_out/CA140717:NODE_5_length_162390_cov_131.001288_> (length 136)
prokka_out/CA140717:NODE_5_length_162390_cov_131.001288_> (length 625)
prokka_out/CA140717:NODE_5_length_162390_cov_131.001288_> (length 276)
prokka_out/CA140717:NODE_5_length_162390_cov_131.001288_> (length 342)
prokka_out/CA140717:NODE_5_length_162390_cov_131.001288_> (length 560)
prokka_out/CA140717:NODE_5_length_162390_cov_131.001288_> (length 364)
prokka_out/CA140717:NODE_5_length_162390_cov_131.001288_> (length 359)
prokka_out/CA140717:NODE_5_length_162390_cov_131.001288_> (length 255)
prokka_out/CA140717:NODE_5_length_162390_cov_131.001288_> (length 402)
prokka_out/CA140717:NODE_5_length_162390_cov_131.001288_> (length 352)
prokka_out/CA140717:NODE_5_length_162390_cov_131.001288_> (length 180)
prokka_out/CA140717:NODE_5_length_162390_cov_131.001288_> (length 178)
prokka_out/CA140717:NODE_5_length_162390_cov_131.001288_> (length 108)
prokka_out/CA140717:NODE_5_length_162390_cov_131.001288_> (length 104)
prokka_out/CA140717:NODE_5_length_162390_cov_131.001288_> (length 201)
prokka_out/CA140717:NODE_5_length_162390_cov_131.001288_> (length 427)
prokka_out/CA140717:NODE_5_length_162390_cov_131.001288_> (length 380)
prokka_out/CA140717:NODE_5_length_162390_cov_131.001288_> (length 203)
prokka_out/CA140717:NODE_5_length_162390_cov_131.001288_> (length 228)
prokka_out/CA140717:NODE_5_length_162390_cov_131.001288_> (length 249)
prokka_out/CA140717:NODE_5_length_162390_cov_131.001288_> (length 133)
prokka_out/CA140717:NODE_5_length_162390_cov_131.001288_> (length 222)
prokka_out/CA140717:NODE_5_length_162390_cov_131.001288_> (length 294)
prokka_out/CA140717:NODE_5_length_162390_cov_131.001288_> (length 257)
prokka_out/CA140717:NODE_5_length_162390_cov_131.001288_> (length 274)
prokka_out/CA140717:NODE_5_length_162390_cov_131.001288_> (length 282)
prokka_out/CA140717:NODE_5_length_162390_cov_131.001288_> (length 126)
prokka_out/CA140717:NODE_5_length_162390_cov_131.001288_> (length 150)
prokka_out/CA140717:NODE_5_length_162390_cov_131.001288_> (length 218)
prokka_out/CA140717:NODE_5_length_162390_cov_131.001288_> (length 257)
prokka_out/CA140717:NODE_5_length_162390_cov_131.001288_> (length 144)
prokka_out/CA140717:NODE_5_length_162390_cov_131.001288_> (length 126)
prokka_out/CA140717:NODE_5_length_162390_cov_131.001288_> (length 80)
prokka_out/CA140717:NODE_5_length_162390_cov_131.001288_> (length 258)
prokka_out/CA140717:NODE_5_length_162390_cov_131.001288_> (length 267)
prokka_out/CA140717:NODE_5_length_162390_cov_131.001288_> (length 125)
prokka_out/CA140717:NODE_5_length_162390_cov_131.001288_> (length 65)
prokka_out/CA140717:NODE_5_length_162390_cov_131.001288_> (length 294)
prokka_out/CA140717:NODE_5_length_162390_cov_131.001288_> (length 363)
prokka_out/CA140717:NODE_5_length_162390_cov_131.001288_> (length 161)
prokka_out/CA140717:NODE_5_length_162390_cov_131.001288_> (length 211)
prokka_out/CA140717:NODE_5_length_162390_cov_131.001288_> (length 318)
prokka_out/CA140717:NODE_5_length_162390_cov_131.001288_> (length 764)
prokka_out/CA140717:NODE_5_length_162390_cov_131.001288_> (length 173)
prokka_out/CA140717:NODE_5_length_162390_cov_131.001288_> (length 207)
prokka_out/CA140717:NODE_5_length_162390_cov_131.001288_> (length 328)
prokka_out/CA140717:NODE_5_length_162390_cov_131.001288_> (length 140)
prokka_out/CA140717:NODE_5_length_162390_cov_131.001288_> (length 1089)
prokka_out/CA140717:NODE_5_length_162390_cov_131.001288_> (length 84)
prokka_out/CA140717:NODE_5_length_162390_cov_131.001288_> (length 238)
prokka_out/CA140717:NODE_5_length_162390_cov_131.001288_> (length 188)
prokka_out/CA140717:NODE_5_length_162390_cov_131.001288_> (length 484)
prokka_out/CA140717:NODE_5_length_162390_cov_131.001288_> (length 375)
prokka_out/CA140717:NODE_5_length_162390_cov_131.001288_> (length 291)
prokka_out/CA140717:NODE_5_length_162390_cov_131.001288_> (length 635)
prokka_out/CA140717:NODE_5_length_162390_cov_131.001288_> (length 307)
prokka_out/CA140717:NODE_5_length_162390_cov_131.001288_> (length 249)
prokka_out/CA140717:NODE_5_length_162390_cov_131.001288_> (length 346)
prokka_out/CA140717:NODE_5_length_162390_cov_131.001288_> (length 407)
prokka_out/CA140717:NODE_5_length_162390_cov_131.001288_> (length 263)
prokka_out/CA140717:NODE_5_length_162390_cov_131.001288_> (length 146)
prokka_out/CA140717:NODE_5_length_162390_cov_131.001288_> (length 363)
prokka_out/CA140717:NODE_5_length_162390_cov_131.001288_> (length 152)
prokka_out/CA140717:NODE_5_length_162390_cov_131.001288_> (length 68)
prokka_out/CA140717:NODE_5_length_162390_cov_131.001288_> (length 304)
prokka_out/CA140717:NODE_5_length_162390_cov_131.001288_> (length 360)
prokka_out/CA140717:NODE_5_length_162390_cov_131.001288_> (length 176)
prokka_out/CA140717:NODE_5_length_162390_cov_131.001288_> (length 169)
prokka_out/CA140717:NODE_6_length_129369_cov_135.307400_1 (length 284)
prokka_out/CA140717:NODE_6_length_129369_cov_135.307400_2 (length 284)
prokka_out/CA140717:NODE_6_length_129369_cov_135.307400_3 (length 268)
prokka_out/CA140717:NODE_6_length_129369_cov_135.307400_4 (length 565)
prokka_out/CA140717:NODE_6_length_129369_cov_135.307400_5 (length 126)
prokka_out/CA140717:NODE_6_length_129369_cov_135.307400_6 (length 95)
prokka_out/CA140717:NODE_6_length_129369_cov_135.307400_7 (length 147)
prokka_out/CA140717:NODE_6_length_129369_cov_135.307400_8 (length 120)
prokka_out/CA140717:NODE_6_length_129369_cov_135.307400_9 (length 856)
prokka_out/CA140717:NODE_6_length_129369_cov_135.307400_> (length 97)
prokka_out/CA140717:NODE_6_length_129369_cov_135.307400_> (length 292)
prokka_out/CA140717:NODE_6_length_129369_cov_135.307400_> (length 133)
prokka_out/CA140717:NODE_6_length_129369_cov_135.307400_> (length 294)
prokka_out/CA140717:NODE_6_length_129369_cov_135.307400_> (length 457)
prokka_out/CA140717:NODE_6_length_129369_cov_135.307400_> (length 275)
prokka_out/CA140717:NODE_6_length_129369_cov_135.307400_> (length 738)
prokka_out/CA140717:NODE_6_length_129369_cov_135.307400_> (length 238)
prokka_out/CA140717:NODE_6_length_129369_cov_135.307400_> (length 280)
prokka_out/CA140717:NODE_6_length_129369_cov_135.307400_> (length 149)
prokka_out/CA140717:NODE_6_length_129369_cov_135.307400_> (length 117)
prokka_out/CA140717:NODE_6_length_129369_cov_135.307400_> (length 328)
prokka_out/CA140717:NODE_6_length_129369_cov_135.307400_> (length 308)
prokka_out/CA140717:NODE_6_length_129369_cov_135.307400_> (length 412)
prokka_out/CA140717:NODE_6_length_129369_cov_135.307400_> (length 230)
prokka_out/CA140717:NODE_6_length_129369_cov_135.307400_> (length 135)
prokka_out/CA140717:NODE_6_length_129369_cov_135.307400_> (length 204)
prokka_out/CA140717:NODE_6_length_129369_cov_135.307400_> (length 173)
prokka_out/CA140717:NODE_6_length_129369_cov_135.307400_> (length 251)
prokka_out/CA140717:NODE_6_length_129369_cov_135.307400_> (length 228)
prokka_out/CA140717:NODE_6_length_129369_cov_135.307400_> (length 324)
prokka_out/CA140717:NODE_6_length_129369_cov_135.307400_> (length 190)
prokka_out/CA140717:NODE_6_length_129369_cov_135.307400_> (length 317)
prokka_out/CA140717:NODE_6_length_129369_cov_135.307400_> (length 165)
prokka_out/CA140717:NODE_6_length_129369_cov_135.307400_> (length 403)
prokka_out/CA140717:NODE_6_length_129369_cov_135.307400_> (length 258)
prokka_out/CA140717:NODE_6_length_129369_cov_135.307400_> (length 129)
prokka_out/CA140717:NODE_6_length_129369_cov_135.307400_> (length 184)
prokka_out/CA140717:NODE_6_length_129369_cov_135.307400_> (length 129)
prokka_out/CA140717:NODE_6_length_129369_cov_135.307400_> (length 465)
prokka_out/CA140717:NODE_6_length_129369_cov_135.307400_> (length 294)
prokka_out/CA140717:NODE_6_length_129369_cov_135.307400_> (length 501)
prokka_out/CA140717:NODE_6_length_129369_cov_135.307400_> (length 173)
prokka_out/CA140717:NODE_6_length_129369_cov_135.307400_> (length 170)
prokka_out/CA140717:NODE_6_length_129369_cov_135.307400_> (length 141)
prokka_out/CA140717:NODE_6_length_129369_cov_135.307400_> (length 278)
prokka_out/CA140717:NODE_6_length_129369_cov_135.307400_> (length 261)
prokka_out/CA140717:NODE_6_length_129369_cov_135.307400_> (length 217)
prokka_out/CA140717:NODE_6_length_129369_cov_135.307400_> (length 306)
prokka_out/CA140717:NODE_6_length_129369_cov_135.307400_> (length 242)
prokka_out/CA140717:NODE_6_length_129369_cov_135.307400_> (length 44)
prokka_out/CA140717:NODE_6_length_129369_cov_135.307400_> (length 251)
prokka_out/CA140717:NODE_6_length_129369_cov_135.307400_> (length 279)
prokka_out/CA140717:NODE_6_length_129369_cov_135.307400_> (length 220)
prokka_out/CA140717:NODE_6_length_129369_cov_135.307400_> (length 67)
prokka_out/CA140717:NODE_6_length_129369_cov_135.307400_> (length 414)
prokka_out/CA140717:NODE_6_length_129369_cov_135.307400_> (length 343)
prokka_out/CA140717:NODE_6_length_129369_cov_135.307400_> (length 287)
prokka_out/CA140717:NODE_6_length_129369_cov_135.307400_> (length 89)
prokka_out/CA140717:NODE_6_length_129369_cov_135.307400_> (length 258)
prokka_out/CA140717:NODE_6_length_129369_cov_135.307400_> (length 57)
prokka_out/CA140717:NODE_6_length_129369_cov_135.307400_> (length 253)
prokka_out/CA140717:NODE_6_length_129369_cov_135.307400_> (length 254)
prokka_out/CA140717:NODE_6_length_129369_cov_135.307400_> (length 422)
prokka_out/CA140717:NODE_6_length_129369_cov_135.307400_> (length 391)
prokka_out/CA140717:NODE_6_length_129369_cov_135.307400_> (length 278)
prokka_out/CA140717:NODE_6_length_129369_cov_135.307400_> (length 700)
prokka_out/CA140717:NODE_6_length_129369_cov_135.307400_> (length 419)
prokka_out/CA140717:NODE_6_length_129369_cov_135.307400_> (length 421)
prokka_out/CA140717:NODE_6_length_129369_cov_135.307400_> (length 130)
prokka_out/CA140717:NODE_6_length_129369_cov_135.307400_> (length 147)
prokka_out/CA140717:NODE_6_length_129369_cov_135.307400_> (length 118)
prokka_out/CA140717:NODE_6_length_129369_cov_135.307400_> (length 178)
prokka_out/CA140717:NODE_6_length_129369_cov_135.307400_> (length 131)
prokka_out/CA140717:NODE_6_length_129369_cov_135.307400_> (length 61)
prokka_out/CA140717:NODE_6_length_129369_cov_135.307400_> (length 180)
prokka_out/CA140717:NODE_6_length_129369_cov_135.307400_> (length 77)
prokka_out/CA140717:NODE_6_length_129369_cov_135.307400_> (length 122)
prokka_out/CA140717:NODE_6_length_129369_cov_135.307400_> (length 83)
prokka_out/CA140717:NODE_6_length_129369_cov_135.307400_> (length 61)
prokka_out/CA140717:NODE_6_length_129369_cov_135.307400_> (length 141)
prokka_out/CA140717:NODE_6_length_129369_cov_135.307400_> (length 233)
prokka_out/CA140717:NODE_6_length_129369_cov_135.307400_> (length 135)
prokka_out/CA140717:NODE_6_length_129369_cov_135.307400_> (length 93)
prokka_out/CA140717:NODE_6_length_129369_cov_135.307400_> (length 276)
prokka_out/CA140717:NODE_6_length_129369_cov_135.307400_> (length 93)
prokka_out/CA140717:NODE_6_length_129369_cov_135.307400_> (length 204)
prokka_out/CA140717:NODE_6_length_129369_cov_135.307400_> (length 191)
prokka_out/CA140717:NODE_6_length_129369_cov_135.307400_> (length 103)
prokka_out/CA140717:NODE_6_length_129369_cov_135.307400_> (length 253)
prokka_out/CA140717:NODE_6_length_129369_cov_135.307400_> (length 676)
prokka_out/CA140717:NODE_6_length_129369_cov_135.307400_> (length 264)
prokka_out/CA140717:NODE_6_length_129369_cov_135.307400_> (length 178)
prokka_out/CA140717:NODE_6_length_129369_cov_135.307400_> (length 356)
prokka_out/CA140717:NODE_6_length_129369_cov_135.307400_> (length 34)
prokka_out/CA140717:NODE_6_length_129369_cov_135.307400_> (length 189)
prokka_out/CA140717:NODE_6_length_129369_cov_135.307400_> (length 137)
prokka_out/CA140717:NODE_6_length_129369_cov_135.307400_> (length 176)
prokka_out/CA140717:NODE_6_length_129369_cov_135.307400_> (length 200)
prokka_out/CA140717:NODE_6_length_129369_cov_135.307400_> (length 468)
prokka_out/CA140717:NODE_6_length_129369_cov_135.307400_> (length 358)
prokka_out/CA140717:NODE_6_length_129369_cov_135.307400_> (length 511)
prokka_out/CA140717:NODE_6_length_129369_cov_135.307400_> (length 209)
prokka_out/CA140717:NODE_6_length_129369_cov_135.307400_> (length 214)
prokka_out/CA140717:NODE_6_length_129369_cov_135.307400_> (length 108)
prokka_out/CA140717:NODE_6_length_129369_cov_135.307400_> (length 127)
prokka_out/CA140717:NODE_6_length_129369_cov_135.307400_> (length 199)
prokka_out/CA140717:NODE_6_length_129369_cov_135.307400_> (length 293)
prokka_out/CA140717:NODE_6_length_129369_cov_135.307400_> (length 73)
prokka_out/CA140717:NODE_6_length_129369_cov_135.307400_> (length 344)
prokka_out/CA140717:NODE_6_length_129369_cov_135.307400_> (length 423)
prokka_out/CA140717:NODE_6_length_129369_cov_135.307400_> (length 854)
prokka_out/CA140717:NODE_6_length_129369_cov_135.307400_> (length 158)
prokka_out/CA140717:NODE_6_length_129369_cov_135.307400_> (length 440)
prokka_out/CA140717:NODE_6_length_129369_cov_135.307400_> (length 355)
prokka_out/CA140717:NODE_6_length_129369_cov_135.307400_> (length 770)
prokka_out/CA140717:NODE_6_length_129369_cov_135.307400_> (length 125)
prokka_out/CA140717:NODE_6_length_129369_cov_135.307400_> (length 320)
prokka_out/CA140717:NODE_6_length_129369_cov_135.307400_> (length 54)
prokka_out/CA140717:NODE_6_length_129369_cov_135.307400_> (length 99)
prokka_out/CA140717:NODE_6_length_129369_cov_135.307400_> (length 548)
prokka_out/CA140717:NODE_6_length_129369_cov_135.307400_> (length 119)
prokka_out/CA140717:NODE_6_length_129369_cov_135.307400_> (length 433)
prokka_out/CA140717:NODE_6_length_129369_cov_135.307400_> (length 1496)
prokka_out/CA140717:NODE_6_length_129369_cov_135.307400_> (length 481)
prokka_out/CA140717:NODE_6_length_129369_cov_135.307400_> (length 202)
prokka_out/CA140717:NODE_6_length_129369_cov_135.307400_> (length 215)
prokka_out/CA140717:NODE_6_length_129369_cov_135.307400_> (length 558)
prokka_out/CA140717:NODE_6_length_129369_cov_135.307400_> (length 408)
prokka_out/CA140717:NODE_6_length_129369_cov_135.307400_> (length 224)
prokka_out/CA140717:NODE_6_length_129369_cov_135.307400_> (length 505)
prokka_out/CA140717:NODE_6_length_129369_cov_135.307400_> (length 55)
prokka_out/CA140717:NODE_6_length_129369_cov_135.307400_> (length 288)
prokka_out/CA140717:NODE_6_length_129369_cov_135.307400_> (length 311)
prokka_out/CA140717:NODE_6_length_129369_cov_135.307400_> (length 442)
prokka_out/CA140717:NODE_6_length_129369_cov_135.307400_> (length 789)
prokka_out/CA140717:NODE_6_length_129369_cov_135.307400_> (length 461)
prokka_out/CA140717:NODE_6_length_129369_cov_135.307400_> (length 207)
prokka_out/CA140717:NODE_6_length_129369_cov_135.307400_> (length 544)
prokka_out/CA140717:NODE_6_length_129369_cov_135.307400_> (length 523)
prokka_out/CA140717:NODE_6_length_129369_cov_135.307400_> (length 331)
prokka_out/CA140717:NODE_7_length_107807_cov_120.511413_1 (length 440)
prokka_out/CA140717:NODE_7_length_107807_cov_120.511413_2 (length 289)
prokka_out/CA140717:NODE_7_length_107807_cov_120.511413_3 (length 114)
prokka_out/CA140717:NODE_7_length_107807_cov_120.511413_4 (length 282)
prokka_out/CA140717:NODE_7_length_107807_cov_120.511413_5 (length 285)
prokka_out/CA140717:NODE_7_length_107807_cov_120.511413_6 (length 115)
prokka_out/CA140717:NODE_7_length_107807_cov_120.511413_7 (length 424)
prokka_out/CA140717:NODE_7_length_107807_cov_120.511413_8 (length 101)
prokka_out/CA140717:NODE_7_length_107807_cov_120.511413_9 (length 167)
prokka_out/CA140717:NODE_7_length_107807_cov_120.511413_> (length 395)
prokka_out/CA140717:NODE_7_length_107807_cov_120.511413_> (length 769)
prokka_out/CA140717:NODE_7_length_107807_cov_120.511413_> (length 93)
prokka_out/CA140717:NODE_7_length_107807_cov_120.511413_> (length 266)
prokka_out/CA140717:NODE_7_length_107807_cov_120.511413_> (length 374)
prokka_out/CA140717:NODE_7_length_107807_cov_120.511413_> (length 431)
prokka_out/CA140717:NODE_7_length_107807_cov_120.511413_> (length 93)
prokka_out/CA140717:NODE_7_length_107807_cov_120.511413_> (length 542)
prokka_out/CA140717:NODE_7_length_107807_cov_120.511413_> (length 161)
prokka_out/CA140717:NODE_7_length_107807_cov_120.511413_> (length 164)
prokka_out/CA140717:NODE_7_length_107807_cov_120.511413_> (length 280)
prokka_out/CA140717:NODE_7_length_107807_cov_120.511413_> (length 65)
prokka_out/CA140717:NODE_7_length_107807_cov_120.511413_> (length 628)
prokka_out/CA140717:NODE_7_length_107807_cov_120.511413_> (length 315)
prokka_out/CA140717:NODE_7_length_107807_cov_120.511413_> (length 158)
prokka_out/CA140717:NODE_7_length_107807_cov_120.511413_> (length 848)
prokka_out/CA140717:NODE_7_length_107807_cov_120.511413_> (length 413)
prokka_out/CA140717:NODE_7_length_107807_cov_120.511413_> (length 249)
prokka_out/CA140717:NODE_7_length_107807_cov_120.511413_> (length 576)
prokka_out/CA140717:NODE_7_length_107807_cov_120.511413_> (length 362)
prokka_out/CA140717:NODE_7_length_107807_cov_120.511413_> (length 136)
prokka_out/CA140717:NODE_7_length_107807_cov_120.511413_> (length 152)
prokka_out/CA140717:NODE_7_length_107807_cov_120.511413_> (length 403)
prokka_out/CA140717:NODE_7_length_107807_cov_120.511413_> (length 240)
prokka_out/CA140717:NODE_7_length_107807_cov_120.511413_> (length 341)
prokka_out/CA140717:NODE_7_length_107807_cov_120.511413_> (length 259)
prokka_out/CA140717:NODE_7_length_107807_cov_120.511413_> (length 222)
prokka_out/CA140717:NODE_7_length_107807_cov_120.511413_> (length 205)
prokka_out/CA140717:NODE_7_length_107807_cov_120.511413_> (length 384)
prokka_out/CA140717:NODE_7_length_107807_cov_120.511413_> (length 429)
prokka_out/CA140717:NODE_7_length_107807_cov_120.511413_> (length 247)
prokka_out/CA140717:NODE_7_length_107807_cov_120.511413_> (length 86)
prokka_out/CA140717:NODE_7_length_107807_cov_120.511413_> (length 256)
prokka_out/CA140717:NODE_7_length_107807_cov_120.511413_> (length 441)
prokka_out/CA140717:NODE_7_length_107807_cov_120.511413_> (length 445)
prokka_out/CA140717:NODE_7_length_107807_cov_120.511413_> (length 239)
prokka_out/CA140717:NODE_7_length_107807_cov_120.511413_> (length 470)
prokka_out/CA140717:NODE_7_length_107807_cov_120.511413_> (length 310)
prokka_out/CA140717:NODE_7_length_107807_cov_120.511413_> (length 248)
prokka_out/CA140717:NODE_7_length_107807_cov_120.511413_> (length 198)
prokka_out/CA140717:NODE_7_length_107807_cov_120.511413_> (length 101)
prokka_out/CA140717:NODE_7_length_107807_cov_120.511413_> (length 259)
prokka_out/CA140717:NODE_7_length_107807_cov_120.511413_> (length 298)
prokka_out/CA140717:NODE_7_length_107807_cov_120.511413_> (length 413)
prokka_out/CA140717:NODE_7_length_107807_cov_120.511413_> (length 352)
prokka_out/CA140717:NODE_7_length_107807_cov_120.511413_> (length 577)
prokka_out/CA140717:NODE_7_length_107807_cov_120.511413_> (length 460)
prokka_out/CA140717:NODE_7_length_107807_cov_120.511413_> (length 483)
prokka_out/CA140717:NODE_7_length_107807_cov_120.511413_> (length 621)
prokka_out/CA140717:NODE_7_length_107807_cov_120.511413_> (length 183)
prokka_out/CA140717:NODE_7_length_107807_cov_120.511413_> (length 346)
prokka_out/CA140717:NODE_7_length_107807_cov_120.511413_> (length 71)
prokka_out/CA140717:NODE_7_length_107807_cov_120.511413_> (length 243)
prokka_out/CA140717:NODE_7_length_107807_cov_120.511413_> (length 475)
prokka_out/CA140717:NODE_7_length_107807_cov_120.511413_> (length 1169)
prokka_out/CA140717:NODE_7_length_107807_cov_120.511413_> (length 303)
prokka_out/CA140717:NODE_7_length_107807_cov_120.511413_> (length 274)
prokka_out/CA140717:NODE_7_length_107807_cov_120.511413_> (length 371)
prokka_out/CA140717:NODE_7_length_107807_cov_120.511413_> (length 165)
prokka_out/CA140717:NODE_7_length_107807_cov_120.511413_> (length 81)
prokka_out/CA140717:NODE_7_length_107807_cov_120.511413_> (length 193)
prokka_out/CA140717:NODE_7_length_107807_cov_120.511413_> (length 106)
prokka_out/CA140717:NODE_7_length_107807_cov_120.511413_> (length 226)
prokka_out/CA140717:NODE_7_length_107807_cov_120.511413_> (length 58)
prokka_out/CA140717:NODE_7_length_107807_cov_120.511413_> (length 111)
prokka_out/CA140717:NODE_7_length_107807_cov_120.511413_> (length 306)
prokka_out/CA140717:NODE_7_length_107807_cov_120.511413_> (length 173)
prokka_out/CA140717:NODE_7_length_107807_cov_120.511413_> (length 260)
prokka_out/CA140717:NODE_7_length_107807_cov_120.511413_> (length 246)
prokka_out/CA140717:NODE_7_length_107807_cov_120.511413_> (length 924)
prokka_out/CA140717:NODE_7_length_107807_cov_120.511413_> (length 175)
prokka_out/CA140717:NODE_7_length_107807_cov_120.511413_> (length 94)
prokka_out/CA140717:NODE_7_length_107807_cov_120.511413_> (length 86)
prokka_out/CA140717:NODE_7_length_107807_cov_120.511413_> (length 676)
prokka_out/CA140717:NODE_7_length_107807_cov_120.511413_> (length 309)
prokka_out/CA140717:NODE_7_length_107807_cov_120.511413_> (length 870)
prokka_out/CA140717:NODE_7_length_107807_cov_120.511413_> (length 336)
prokka_out/CA140717:NODE_7_length_107807_cov_120.511413_> (length 301)
prokka_out/CA140717:NODE_7_length_107807_cov_120.511413_> (length 257)
prokka_out/CA140717:NODE_7_length_107807_cov_120.511413_> (length 256)
prokka_out/CA140717:NODE_7_length_107807_cov_120.511413_> (length 258)
prokka_out/CA140717:NODE_7_length_107807_cov_120.511413_> (length 220)
prokka_out/CA140717:NODE_7_length_107807_cov_120.511413_> (length 187)
prokka_out/CA140717:NODE_7_length_107807_cov_120.511413_> (length 158)
prokka_out/CA140717:NODE_7_length_107807_cov_120.511413_> (length 192)
prokka_out/CA140717:NODE_7_length_107807_cov_120.511413_> (length 408)
prokka_out/CA140717:NODE_7_length_107807_cov_120.511413_> (length 611)
prokka_out/CA140717:NODE_7_length_107807_cov_120.511413_> (length 210)
prokka_out/CA140717:NODE_7_length_107807_cov_120.511413_> (length 389)
prokka_out/CA140717:NODE_7_length_107807_cov_120.511413_> (length 113)
prokka_out/CA140717:NODE_7_length_107807_cov_120.511413_> (length 340)
prokka_out/CA140717:NODE_7_length_107807_cov_120.511413_> (length 76)
prokka_out/CA140717:NODE_7_length_107807_cov_120.511413_> (length 95)
prokka_out/CA140717:NODE_7_length_107807_cov_120.511413_> (length 623)
prokka_out/CA140717:NODE_7_length_107807_cov_120.511413_> (length 176)
prokka_out/CA140717:NODE_7_length_107807_cov_120.511413_> (length 263)
prokka_out/CA140717:NODE_7_length_107807_cov_120.511413_> (length 696)
prokka_out/CA140717:NODE_7_length_107807_cov_120.511413_> (length 232)
prokka_out/CA140717:NODE_7_length_107807_cov_120.511413_> (length 127)
prokka_out/CA140717:NODE_7_length_107807_cov_120.511413_> (length 94)
prokka_out/CA140717:NODE_8_length_68092_cov_124.923578_1 (length 73)
prokka_out/CA140717:NODE_8_length_68092_cov_124.923578_2 (length 353)
prokka_out/CA140717:NODE_8_length_68092_cov_124.923578_3 (length 520)
prokka_out/CA140717:NODE_8_length_68092_cov_124.923578_4 (length 138)
prokka_out/CA140717:NODE_8_length_68092_cov_124.923578_5 (length 297)
prokka_out/CA140717:NODE_8_length_68092_cov_124.923578_6 (length 76)
prokka_out/CA140717:NODE_8_length_68092_cov_124.923578_7 (length 247)
prokka_out/CA140717:NODE_8_length_68092_cov_124.923578_8 (length 438)
prokka_out/CA140717:NODE_8_length_68092_cov_124.923578_9 (length 376)
prokka_out/CA140717:NODE_8_length_68092_cov_124.923578_10 (length 334)
prokka_out/CA140717:NODE_8_length_68092_cov_124.923578_11 (length 186)
prokka_out/CA140717:NODE_8_length_68092_cov_124.923578_12 (length 151)
prokka_out/CA140717:NODE_8_length_68092_cov_124.923578_13 (length 443)
prokka_out/CA140717:NODE_8_length_68092_cov_124.923578_14 (length 271)
prokka_out/CA140717:NODE_8_length_68092_cov_124.923578_15 (length 463)
prokka_out/CA140717:NODE_8_length_68092_cov_124.923578_16 (length 411)
prokka_out/CA140717:NODE_8_length_68092_cov_124.923578_17 (length 208)
prokka_out/CA140717:NODE_8_length_68092_cov_124.923578_18 (length 223)
prokka_out/CA140717:NODE_8_length_68092_cov_124.923578_19 (length 216)
prokka_out/CA140717:NODE_8_length_68092_cov_124.923578_20 (length 447)
prokka_out/CA140717:NODE_8_length_68092_cov_124.923578_21 (length 339)
prokka_out/CA140717:NODE_8_length_68092_cov_124.923578_22 (length 147)
prokka_out/CA140717:NODE_8_length_68092_cov_124.923578_23 (length 566)
prokka_out/CA140717:NODE_8_length_68092_cov_124.923578_24 (length 154)
prokka_out/CA140717:NODE_8_length_68092_cov_124.923578_25 (length 317)
prokka_out/CA140717:NODE_8_length_68092_cov_124.923578_26 (length 341)
prokka_out/CA140717:NODE_8_length_68092_cov_124.923578_27 (length 248)
prokka_out/CA140717:NODE_8_length_68092_cov_124.923578_28 (length 134)
prokka_out/CA140717:NODE_8_length_68092_cov_124.923578_29 (length 355)
prokka_out/CA140717:NODE_8_length_68092_cov_124.923578_30 (length 156)
prokka_out/CA140717:NODE_8_length_68092_cov_124.923578_31 (length 400)
prokka_out/CA140717:NODE_8_length_68092_cov_124.923578_32 (length 177)
prokka_out/CA140717:NODE_8_length_68092_cov_124.923578_33 (length 203)
prokka_out/CA140717:NODE_8_length_68092_cov_124.923578_34 (length 380)
prokka_out/CA140717:NODE_8_length_68092_cov_124.923578_35 (length 646)
prokka_out/CA140717:NODE_8_length_68092_cov_124.923578_36 (length 334)
prokka_out/CA140717:NODE_8_length_68092_cov_124.923578_37 (length 249)
prokka_out/CA140717:NODE_8_length_68092_cov_124.923578_38 (length 278)
prokka_out/CA140717:NODE_8_length_68092_cov_124.923578_39 (length 234)
prokka_out/CA140717:NODE_8_length_68092_cov_124.923578_40 (length 67)
prokka_out/CA140717:NODE_8_length_68092_cov_124.923578_41 (length 210)
prokka_out/CA140717:NODE_8_length_68092_cov_124.923578_42 (length 216)
prokka_out/CA140717:NODE_8_length_68092_cov_124.923578_43 (length 208)
prokka_out/CA140717:NODE_8_length_68092_cov_124.923578_44 (length 273)
prokka_out/CA140717:NODE_8_length_68092_cov_124.923578_45 (length 354)
prokka_out/CA140717:NODE_8_length_68092_cov_124.923578_46 (length 484)
prokka_out/CA140717:NODE_8_length_68092_cov_124.923578_47 (length 316)
prokka_out/CA140717:NODE_8_length_68092_cov_124.923578_48 (length 289)
prokka_out/CA140717:NODE_8_length_68092_cov_124.923578_49 (length 151)
prokka_out/CA140717:NODE_8_length_68092_cov_124.923578_50 (length 394)
prokka_out/CA140717:NODE_8_length_68092_cov_124.923578_51 (length 218)
prokka_out/CA140717:NODE_8_length_68092_cov_124.923578_52 (length 69)
prokka_out/CA140717:NODE_8_length_68092_cov_124.923578_53 (length 89)
prokka_out/CA140717:NODE_8_length_68092_cov_124.923578_54 (length 160)
prokka_out/CA140717:NODE_8_length_68092_cov_124.923578_55 (length 738)
prokka_out/CA140717:NODE_8_length_68092_cov_124.923578_56 (length 682)
prokka_out/CA140717:NODE_8_length_68092_cov_124.923578_57 (length 150)
prokka_out/CA140717:NODE_8_length_68092_cov_124.923578_58 (length 416)
prokka_out/CA140717:NODE_8_length_68092_cov_124.923578_59 (length 486)
prokka_out/CA140717:NODE_8_length_68092_cov_124.923578_60 (length 185)
prokka_out/CA140717:NODE_8_length_68092_cov_124.923578_61 (length 202)
prokka_out/CA140717:NODE_8_length_68092_cov_124.923578_62 (length 511)
prokka_out/CA140717:NODE_8_length_68092_cov_124.923578_63 (length 158)
prokka_out/CA140717:NODE_8_length_68092_cov_124.923578_64 (length 604)
prokka_out/CA140717:NODE_8_length_68092_cov_124.923578_65 (length 397)
prokka_out/CA140717:NODE_8_length_68092_cov_124.923578_66 (length 300)
prokka_out/CA140717:NODE_8_length_68092_cov_124.923578_67 (length 340)
prokka_out/CA140717:NODE_8_length_68092_cov_124.923578_68 (length 103)
prokka_out/CA140717:NODE_8_length_68092_cov_124.923578_69 (length 201)
prokka_out/CA140717:NODE_8_length_68092_cov_124.923578_70 (length 366)
prokka_out/CA140717:NODE_8_length_68092_cov_124.923578_71 (length 255)
prokka_out/CA140717:NODE_8_length_68092_cov_124.923578_72 (length 325)
prokka_out/CA140717:NODE_9_length_52770_cov_129.889729_1 (length 115)
prokka_out/CA140717:NODE_9_length_52770_cov_129.889729_2 (length 108)
prokka_out/CA140717:NODE_9_length_52770_cov_129.889729_3 (length 366)
prokka_out/CA140717:NODE_9_length_52770_cov_129.889729_4 (length 253)
prokka_out/CA140717:NODE_9_length_52770_cov_129.889729_5 (length 81)
prokka_out/CA140717:NODE_9_length_52770_cov_129.889729_6 (length 83)
prokka_out/CA140717:NODE_9_length_52770_cov_129.889729_7 (length 107)
prokka_out/CA140717:NODE_9_length_52770_cov_129.889729_8 (length 242)
prokka_out/CA140717:NODE_9_length_52770_cov_129.889729_9 (length 445)
prokka_out/CA140717:NODE_9_length_52770_cov_129.889729_10 (length 242)
prokka_out/CA140717:NODE_9_length_52770_cov_129.889729_11 (length 393)
prokka_out/CA140717:NODE_9_length_52770_cov_129.889729_12 (length 382)
prokka_out/CA140717:NODE_9_length_52770_cov_129.889729_13 (length 117)
prokka_out/CA140717:NODE_9_length_52770_cov_129.889729_14 (length 1750)
prokka_out/CA140717:NODE_9_length_52770_cov_129.889729_15 (length 740)
prokka_out/CA140717:NODE_9_length_52770_cov_129.889729_16 (length 173)
prokka_out/CA140717:NODE_9_length_52770_cov_129.889729_17 (length 133)
prokka_out/CA140717:NODE_9_length_52770_cov_129.889729_18 (length 344)
prokka_out/CA140717:NODE_9_length_52770_cov_129.889729_19 (length 267)
prokka_out/CA140717:NODE_9_length_52770_cov_129.889729_20 (length 602)
prokka_out/CA140717:NODE_9_length_52770_cov_129.889729_21 (length 172)
prokka_out/CA140717:NODE_9_length_52770_cov_129.889729_22 (length 367)
prokka_out/CA140717:NODE_9_length_52770_cov_129.889729_23 (length 342)
prokka_out/CA140717:NODE_9_length_52770_cov_129.889729_24 (length 148)
prokka_out/CA140717:NODE_9_length_52770_cov_129.889729_25 (length 279)
prokka_out/CA140717:NODE_9_length_52770_cov_129.889729_26 (length 394)
prokka_out/CA140717:NODE_9_length_52770_cov_129.889729_27 (length 209)
prokka_out/CA140717:NODE_9_length_52770_cov_129.889729_28 (length 179)
prokka_out/CA140717:NODE_9_length_52770_cov_129.889729_29 (length 462)
prokka_out/CA140717:NODE_9_length_52770_cov_129.889729_30 (length 340)
prokka_out/CA140717:NODE_9_length_52770_cov_129.889729_31 (length 136)
prokka_out/CA140717:NODE_9_length_52770_cov_129.889729_32 (length 202)
prokka_out/CA140717:NODE_9_length_52770_cov_129.889729_33 (length 185)
prokka_out/CA140717:NODE_9_length_52770_cov_129.889729_34 (length 118)
prokka_out/CA140717:NODE_9_length_52770_cov_129.889729_35 (length 231)
prokka_out/CA140717:NODE_9_length_52770_cov_129.889729_36 (length 211)
prokka_out/CA140717:NODE_9_length_52770_cov_129.889729_37 (length 627)
prokka_out/CA140717:NODE_9_length_52770_cov_129.889729_38 (length 323)
prokka_out/CA140717:NODE_9_length_52770_cov_129.889729_39 (length 393)
prokka_out/CA140717:NODE_9_length_52770_cov_129.889729_40 (length 388)
prokka_out/CA140717:NODE_9_length_52770_cov_129.889729_41 (length 63)
prokka_out/CA140717:NODE_9_length_52770_cov_129.889729_42 (length 117)
prokka_out/CA140717:NODE_9_length_52770_cov_129.889729_43 (length 287)
prokka_out/CA140717:NODE_9_length_52770_cov_129.889729_44 (length 158)
prokka_out/CA140717:NODE_9_length_52770_cov_129.889729_45 (length 436)
prokka_out/CA140717:NODE_9_length_52770_cov_129.889729_46 (length 50)
prokka_out/CA140717:NODE_9_length_52770_cov_129.889729_47 (length 157)
prokka_out/CA140717:NODE_9_length_52770_cov_129.889729_48 (length 87)
prokka_out/CA140717:NODE_9_length_52770_cov_129.889729_49 (length 378)
prokka_out/CA140717:NODE_9_length_52770_cov_129.889729_50 (length 252)
prokka_out/CA140717:NODE_9_length_52770_cov_129.889729_51 (length 515)
prokka_out/CA140717:NODE_9_length_52770_cov_129.889729_52 (length 118)
prokka_out/CA140717:NODE_9_length_52770_cov_129.889729_53 (length 80)
prokka_out/CA140717:NODE_9_length_52770_cov_129.889729_54 (length 334)
prokka_out/CA140717:NODE_9_length_52770_cov_129.889729_55 (length 124)
prokka_out/CA140717:NODE_9_length_52770_cov_129.889729_56 (length 236)
prokka_out/CA140717:NODE_9_length_52770_cov_129.889729_57 (length 66)
prokka_out/CA140717:NODE_10_length_45711_cov_128.792800_1 (length 461)
prokka_out/CA140717:NODE_10_length_45711_cov_128.792800_2 (length 200)
prokka_out/CA140717:NODE_10_length_45711_cov_128.792800_3 (length 441)
prokka_out/CA140717:NODE_10_length_45711_cov_128.792800_4 (length 194)
prokka_out/CA140717:NODE_10_length_45711_cov_128.792800_5 (length 175)
prokka_out/CA140717:NODE_10_length_45711_cov_128.792800_6 (length 501)
prokka_out/CA140717:NODE_10_length_45711_cov_128.792800_7 (length 232)
prokka_out/CA140717:NODE_10_length_45711_cov_128.792800_8 (length 456)
prokka_out/CA140717:NODE_10_length_45711_cov_128.792800_9 (length 191)
prokka_out/CA140717:NODE_10_length_45711_cov_128.792800_> (length 29)
prokka_out/CA140717:NODE_10_length_45711_cov_128.792800_> (length 130)
prokka_out/CA140717:NODE_10_length_45711_cov_128.792800_> (length 238)
prokka_out/CA140717:NODE_10_length_45711_cov_128.792800_> (length 246)
prokka_out/CA140717:NODE_10_length_45711_cov_128.792800_> (length 69)
prokka_out/CA140717:NODE_10_length_45711_cov_128.792800_> (length 394)
prokka_out/CA140717:NODE_10_length_45711_cov_128.792800_> (length 453)
prokka_out/CA140717:NODE_10_length_45711_cov_128.792800_> (length 377)
prokka_out/CA140717:NODE_10_length_45711_cov_128.792800_> (length 406)
prokka_out/CA140717:NODE_10_length_45711_cov_128.792800_> (length 248)
prokka_out/CA140717:NODE_10_length_45711_cov_128.792800_> (length 136)
prokka_out/CA140717:NODE_10_length_45711_cov_128.792800_> (length 253)
prokka_out/CA140717:NODE_10_length_45711_cov_128.792800_> (length 758)
prokka_out/CA140717:NODE_10_length_45711_cov_128.792800_> (length 280)
prokka_out/CA140717:NODE_10_length_45711_cov_128.792800_> (length 40)
prokka_out/CA140717:NODE_10_length_45711_cov_128.792800_> (length 334)
prokka_out/CA140717:NODE_10_length_45711_cov_128.792800_> (length 538)
prokka_out/CA140717:NODE_10_length_45711_cov_128.792800_> (length 301)
prokka_out/CA140717:NODE_10_length_45711_cov_128.792800_> (length 401)
prokka_out/CA140717:NODE_10_length_45711_cov_128.792800_> (length 220)
prokka_out/CA140717:NODE_10_length_45711_cov_128.792800_> (length 97)
prokka_out/CA140717:NODE_10_length_45711_cov_128.792800_> (length 135)
prokka_out/CA140717:NODE_10_length_45711_cov_128.792800_> (length 187)
prokka_out/CA140717:NODE_10_length_45711_cov_128.792800_> (length 289)
prokka_out/CA140717:NODE_10_length_45711_cov_128.792800_> (length 294)
prokka_out/CA140717:NODE_10_length_45711_cov_128.792800_> (length 166)
prokka_out/CA140717:NODE_10_length_45711_cov_128.792800_> (length 172)
prokka_out/CA140717:NODE_10_length_45711_cov_128.792800_> (length 320)
prokka_out/CA140717:NODE_10_length_45711_cov_128.792800_> (length 247)
prokka_out/CA140717:NODE_10_length_45711_cov_128.792800_> (length 193)
prokka_out/CA140717:NODE_10_length_45711_cov_128.792800_> (length 140)
prokka_out/CA140717:NODE_10_length_45711_cov_128.792800_> (length 135)
prokka_out/CA140717:NODE_10_length_45711_cov_128.792800_> (length 217)
prokka_out/CA140717:NODE_10_length_45711_cov_128.792800_> (length 66)
prokka_out/CA140717:NODE_10_length_45711_cov_128.792800_> (length 274)
prokka_out/CA140717:NODE_10_length_45711_cov_128.792800_> (length 227)
prokka_out/CA140717:NODE_10_length_45711_cov_128.792800_> (length 315)
prokka_out/CA140717:NODE_10_length_45711_cov_128.792800_> (length 268)
prokka_out/CA140717:NODE_10_length_45711_cov_128.792800_> (length 401)
prokka_out/CA140717:NODE_10_length_45711_cov_128.792800_> (length 416)
prokka_out/CA140717:NODE_10_length_45711_cov_128.792800_> (length 112)
prokka_out/CA140717:NODE_10_length_45711_cov_128.792800_> (length 104)
prokka_out/CA140717:NODE_10_length_45711_cov_128.792800_> (length 312)
prokka_out/CA140717:NODE_10_length_45711_cov_128.792800_> (length 593)
prokka_out/CA140717:NODE_11_length_26788_cov_120.546041_1 (length 256)
prokka_out/CA140717:NODE_11_length_26788_cov_120.546041_2 (length 235)
prokka_out/CA140717:NODE_11_length_26788_cov_120.546041_3 (length 301)
prokka_out/CA140717:NODE_11_length_26788_cov_120.546041_4 (length 341)
prokka_out/CA140717:NODE_11_length_26788_cov_120.546041_5 (length 384)
prokka_out/CA140717:NODE_11_length_26788_cov_120.546041_6 (length 334)
prokka_out/CA140717:NODE_11_length_26788_cov_120.546041_7 (length 119)
prokka_out/CA140717:NODE_11_length_26788_cov_120.546041_8 (length 89)
prokka_out/CA140717:NODE_11_length_26788_cov_120.546041_9 (length 373)
prokka_out/CA140717:NODE_11_length_26788_cov_120.546041_> (length 128)
prokka_out/CA140717:NODE_11_length_26788_cov_120.546041_> (length 105)
prokka_out/CA140717:NODE_11_length_26788_cov_120.546041_> (length 75)
prokka_out/CA140717:NODE_11_length_26788_cov_120.546041_> (length 82)
prokka_out/CA140717:NODE_11_length_26788_cov_120.546041_> (length 384)
prokka_out/CA140717:NODE_11_length_26788_cov_120.546041_> (length 330)
prokka_out/CA140717:NODE_11_length_26788_cov_120.546041_> (length 648)
prokka_out/CA140717:NODE_11_length_26788_cov_120.546041_> (length 343)
prokka_out/CA140717:NODE_11_length_26788_cov_120.546041_> (length 378)
prokka_out/CA140717:NODE_11_length_26788_cov_120.546041_> (length 201)
prokka_out/CA140717:NODE_11_length_26788_cov_120.546041_> (length 248)
prokka_out/CA140717:NODE_11_length_26788_cov_120.546041_> (length 157)
prokka_out/CA140717:NODE_11_length_26788_cov_120.546041_> (length 274)
prokka_out/CA140717:NODE_11_length_26788_cov_120.546041_> (length 232)
prokka_out/CA140717:NODE_11_length_26788_cov_120.546041_> (length 403)
prokka_out/CA140717:NODE_11_length_26788_cov_120.546041_> (length 310)
prokka_out/CA140717:NODE_11_length_26788_cov_120.546041_> (length 101)
prokka_out/CA140717:NODE_11_length_26788_cov_120.546041_> (length 238)
prokka_out/CA140717:NODE_11_length_26788_cov_120.546041_> (length 75)
prokka_out/CA140717:NODE_11_length_26788_cov_120.546041_> (length 239)
prokka_out/CA140717:NODE_11_length_26788_cov_120.546041_> (length 241)
prokka_out/CA140717:NODE_11_length_26788_cov_120.546041_> (length 502)
prokka_out/CA140717:NODE_13_length_4677_cov_136.050989_1 (length 626)
prokka_out/CA140717:NODE_13_length_4677_cov_136.050989_2 (length 363)
prokka_out/CA140717:NODE_14_length_2416_cov_115.372652_1 (length 111)
prokka_out/CA140717:NODE_14_length_2416_cov_115.372652_2 (length 635)
prokka_out/CA140717:NODE_14_length_2416_cov_115.372652_3 (length 40)
prokka_out/CA140717:NODE_15_length_1759_cov_164.042279_1 (length 111)
prokka_out/CA140717:NODE_55_length_433_cov_226.591503_1 (length 86)

DiscRep_ALL:DISC_SOURCE_QUALS_ASNDISC::strain (all present, all same)
DiscRep_SUB:DISC_SOURCE_QUALS_ASNDISC::27 sources have 'strain' for strain
DiscRep_ALL:DISC_SOURCE_QUALS_ASNDISC::taxname (all present, all same)
DiscRep_SUB:DISC_SOURCE_QUALS_ASNDISC::27 sources have 'Genus species' for taxname
DiscRep_ALL:DISC_FEATURE_COUNT::CDS: 1673 present
DiscRep_ALL:DISC_FEATURE_COUNT::tRNA: 40 present
DiscRep_ALL:DISC_FEATURE_COUNT::rRNA: 2 present
DiscRep_ALL:DISC_FEATURE_COUNT::tmRNA: 1 present
DiscRep_ALL:DISC_COUNT_NUCLEOTIDES::27 nucleotide Bioseqs are present
prokka_out/CA140717:NODE_1_length_379410_cov_119.795087 (length 379410)
prokka_out/CA140717:NODE_2_length_256043_cov_128.365530 (length 256043)
prokka_out/CA140717:NODE_3_length_238243_cov_132.438963 (length 238243)
prokka_out/CA140717:NODE_4_length_171631_cov_131.281562 (length 171631)
prokka_out/CA140717:NODE_5_length_162390_cov_131.001288 (length 162390)
prokka_out/CA140717:NODE_6_length_129369_cov_135.307400 (length 129369)
prokka_out/CA140717:NODE_7_length_107807_cov_120.511413 (length 107807)
prokka_out/CA140717:NODE_8_length_68092_cov_124.923578 (length 68092)
prokka_out/CA140717:NODE_9_length_52770_cov_129.889729 (length 52770)
prokka_out/CA140717:NODE_10_length_45711_cov_128.792800 (length 45711)
prokka_out/CA140717:NODE_11_length_26788_cov_120.546041 (length 26788)
prokka_out/CA140717:NODE_12_length_6753_cov_462.150468 (length 6753)
prokka_out/CA140717:NODE_13_length_4677_cov_136.050989 (length 4677)
prokka_out/CA140717:NODE_14_length_2416_cov_115.372652 (length 2416)
prokka_out/CA140717:NODE_15_length_1759_cov_164.042279 (length 1759)
prokka_out/CA140717:NODE_20_length_770_cov_115.970451 (length 770)
prokka_out/CA140717:NODE_21_length_767_cov_120.664062 (length 767)
prokka_out/CA140717:NODE_24_length_592_cov_2.060215 (length 592)
prokka_out/CA140717:NODE_25_length_579_cov_2.035398 (length 579)
prokka_out/CA140717:NODE_36_length_470_cov_2.023324 (length 470)
prokka_out/CA140717:NODE_37_length_467_cov_595.732353 (length 467)
prokka_out/CA140717:NODE_55_length_433_cov_226.591503 (length 433)
prokka_out/CA140717:NODE_60_length_423_cov_317.250000 (length 423)
prokka_out/CA140717:NODE_61_length_367_cov_287.687500 (length 367)
prokka_out/CA140717:NODE_62_length_294_cov_226.598802 (length 294)
prokka_out/CA140717:NODE_63_length_255_cov_149.015625 (length 255)
prokka_out/CA140717:NODE_64_length_252_cov_150.904000 (length 252)

DiscRep_ALL:FEATURE_LOCATION_CONFLICT::1716 features have inconsistent gene locations.
DiscRep_SUB:FEATURE_LOCATION_CONFLICT::Coding region xref gene does not exist
prokka_out/CA140717:CDS	hypothetical protein	NODE_1_length_379410_cov_119.795087:c1013-63	DOCPNFPP_00001

DiscRep_SUB:FEATURE_LOCATION_CONFLICT::Coding region xref gene does not exist
prokka_out/CA140717:CDS	hypothetical protein	NODE_1_length_379410_cov_119.795087:c1831-1010	DOCPNFPP_00002

DiscRep_SUB:FEATURE_LOCATION_CONFLICT::Coding region xref gene does not exist
prokka_out/CA140717:CDS	Glycine--tRNA ligase beta subunit	NODE_1_length_379410_cov_119.795087:c3822-1828	DOCPNFPP_00003

DiscRep_SUB:FEATURE_LOCATION_CONFLICT::Coding region xref gene does not exist
prokka_out/CA140717:CDS	Phosphoglycolate phosphatase	NODE_1_length_379410_cov_119.795087:c4495-3875	DOCPNFPP_00004

DiscRep_SUB:FEATURE_LOCATION_CONFLICT::Coding region xref gene does not exist
prokka_out/CA140717:CDS	hypothetical protein	NODE_1_length_379410_cov_119.795087:c4820-4488	DOCPNFPP_00005

DiscRep_SUB:FEATURE_LOCATION_CONFLICT::Coding region xref gene does not exist
prokka_out/CA140717:CDS	Glutathione-regulated potassium-efflux system protein KefC	NODE_1_length_379410_cov_119.795087:c6452-4830	DOCPNFPP_00006

DiscRep_SUB:FEATURE_LOCATION_CONFLICT::Coding region xref gene does not exist
prokka_out/CA140717:CDS	hypothetical protein	NODE_1_length_379410_cov_119.795087:c6827-6453	DOCPNFPP_00007

DiscRep_SUB:FEATURE_LOCATION_CONFLICT::Coding region xref gene does not exist
prokka_out/CA140717:CDS	Curved DNA-binding protein	NODE_1_length_379410_cov_119.795087:c7742-6843	DOCPNFPP_00008

DiscRep_SUB:FEATURE_LOCATION_CONFLICT::Coding region xref gene does not exist
prokka_out/CA140717:CDS	Periplasmic serine endoprotease DegP	NODE_1_length_379410_cov_119.795087:7948-9366	DOCPNFPP_00009

DiscRep_SUB:FEATURE_LOCATION_CONFLICT::Coding region xref gene does not exist
prokka_out/CA140717:CDS	Sensory transduction protein regX3	NODE_1_length_379410_cov_119.795087:9449-10123	DOCPNFPP_00010

DiscRep_SUB:FEATURE_LOCATION_CONFLICT::Coding region xref gene does not exist
prokka_out/CA140717:CDS	hypothetical protein	NODE_1_length_379410_cov_119.795087:10120-11370	DOCPNFPP_00011

DiscRep_SUB:FEATURE_LOCATION_CONFLICT::Coding region xref gene does not exist
prokka_out/CA140717:CDS	hypothetical protein	NODE_1_length_379410_cov_119.795087:11941-15138	DOCPNFPP_00013

DiscRep_SUB:FEATURE_LOCATION_CONFLICT::Coding region xref gene does not exist
prokka_out/CA140717:CDS	hypothetical protein	NODE_1_length_379410_cov_119.795087:15226-17541	DOCPNFPP_00014

DiscRep_SUB:FEATURE_LOCATION_CONFLICT::Coding region xref gene does not exist
prokka_out/CA140717:CDS	hypothetical protein	NODE_1_length_379410_cov_119.795087:18315-18545	DOCPNFPP_00015

DiscRep_SUB:FEATURE_LOCATION_CONFLICT::Coding region xref gene does not exist
prokka_out/CA140717:CDS	Heme/hemopexin transporter protein HuxB	NODE_1_length_379410_cov_119.795087:18623-19978	DOCPNFPP_00016

DiscRep_SUB:FEATURE_LOCATION_CONFLICT::Coding region xref gene does not exist
prokka_out/CA140717:CDS	hypothetical protein	NODE_1_length_379410_cov_119.795087:c20410-20045	DOCPNFPP_00017

DiscRep_SUB:FEATURE_LOCATION_CONFLICT::Coding region xref gene does not exist
prokka_out/CA140717:CDS	Bacteriohemerythrin	NODE_1_length_379410_cov_119.795087:c21023-20424	DOCPNFPP_00018

DiscRep_SUB:FEATURE_LOCATION_CONFLICT::Coding region xref gene does not exist
prokka_out/CA140717:CDS	Response regulator MprA	NODE_1_length_379410_cov_119.795087:21158-21823	DOCPNFPP_00019

DiscRep_SUB:FEATURE_LOCATION_CONFLICT::Coding region xref gene does not exist
prokka_out/CA140717:CDS	Adaptive-response sensory-kinase SasA	NODE_1_length_379410_cov_119.795087:21816-23021	DOCPNFPP_00020

DiscRep_SUB:FEATURE_LOCATION_CONFLICT::Coding region xref gene does not exist
prokka_out/CA140717:CDS	hypothetical protein	NODE_1_length_379410_cov_119.795087:23245-23466	DOCPNFPP_00021

DiscRep_SUB:FEATURE_LOCATION_CONFLICT::Coding region xref gene does not exist
prokka_out/CA140717:CDS	60 kDa chaperonin	NODE_1_length_379410_cov_119.795087:c25372-23735	DOCPNFPP_00022

DiscRep_SUB:FEATURE_LOCATION_CONFLICT::Coding region xref gene does not exist
prokka_out/CA140717:CDS	10 kDa chaperonin	NODE_1_length_379410_cov_119.795087:c25653-25393	DOCPNFPP_00023

DiscRep_SUB:FEATURE_LOCATION_CONFLICT::Coding region xref gene does not exist
prokka_out/CA140717:CDS	hypothetical protein	NODE_1_length_379410_cov_119.795087:25816-28356	DOCPNFPP_00024

DiscRep_SUB:FEATURE_LOCATION_CONFLICT::Coding region xref gene does not exist
prokka_out/CA140717:CDS	Riboflavin synthase	NODE_1_length_379410_cov_119.795087:28366-28977	DOCPNFPP_00025

DiscRep_SUB:FEATURE_LOCATION_CONFLICT::Coding region xref gene does not exist
prokka_out/CA140717:CDS	hypothetical protein	NODE_1_length_379410_cov_119.795087:28941-29621	DOCPNFPP_00026

DiscRep_SUB:FEATURE_LOCATION_CONFLICT::Coding region xref gene does not exist
prokka_out/CA140717:CDS	hypothetical protein	NODE_1_length_379410_cov_119.795087:29626-29832	DOCPNFPP_00027

DiscRep_SUB:FEATURE_LOCATION_CONFLICT::Coding region xref gene does not exist
prokka_out/CA140717:CDS	Murein DD-endopeptidase MepM	NODE_1_length_379410_cov_119.795087:c30989-29829	DOCPNFPP_00028

DiscRep_SUB:FEATURE_LOCATION_CONFLICT::Coding region xref gene does not exist
prokka_out/CA140717:CDS	Plasminogen-binding protein PgbA	NODE_1_length_379410_cov_119.795087:31113-31841	DOCPNFPP_00029

DiscRep_SUB:FEATURE_LOCATION_CONFLICT::Coding region xref gene does not exist
prokka_out/CA140717:CDS	putative FAD-linked oxidoreductase	NODE_1_length_379410_cov_119.795087:31838-33220	DOCPNFPP_00030

DiscRep_SUB:FEATURE_LOCATION_CONFLICT::Coding region xref gene does not exist
prokka_out/CA140717:CDS	hypothetical protein	NODE_1_length_379410_cov_119.795087:33232-34038	DOCPNFPP_00031

DiscRep_SUB:FEATURE_LOCATION_CONFLICT::Coding region xref gene does not exist
prokka_out/CA140717:CDS	hypothetical protein	NODE_1_length_379410_cov_119.795087:c35241-33982	DOCPNFPP_00032

DiscRep_SUB:FEATURE_LOCATION_CONFLICT::Coding region xref gene does not exist
prokka_out/CA140717:CDS	Inner membrane protein YohD	NODE_1_length_379410_cov_119.795087:c35798-35241	DOCPNFPP_00033

DiscRep_SUB:FEATURE_LOCATION_CONFLICT::Coding region xref gene does not exist
prokka_out/CA140717:CDS	Ribonuclease Y	NODE_1_length_379410_cov_119.795087:c37425-35809	DOCPNFPP_00034

DiscRep_SUB:FEATURE_LOCATION_CONFLICT::Coding region xref gene does not exist
prokka_out/CA140717:CDS	Thiol-disulfide oxidoreductase ResA	NODE_1_length_379410_cov_119.795087:37990-38547	DOCPNFPP_00035

DiscRep_SUB:FEATURE_LOCATION_CONFLICT::Coding region xref gene does not exist
prokka_out/CA140717:CDS	Signal recognition particle receptor FtsY	NODE_1_length_379410_cov_119.795087:38547-39413	DOCPNFPP_00036

DiscRep_SUB:FEATURE_LOCATION_CONFLICT::Coding region xref gene does not exist
prokka_out/CA140717:CDS	P-loop guanosine triphosphatase YjiA	NODE_1_length_379410_cov_119.795087:c40354-39410	DOCPNFPP_00037

DiscRep_SUB:FEATURE_LOCATION_CONFLICT::Coding region xref gene does not exist
prokka_out/CA140717:CDS	hypothetical protein	NODE_1_length_379410_cov_119.795087:c40682-40347	DOCPNFPP_00038

DiscRep_SUB:FEATURE_LOCATION_CONFLICT::Coding region xref gene does not exist
prokka_out/CA140717:CDS	Peptidoglycan deacetylase	NODE_1_length_379410_cov_119.795087:c41605-40724	DOCPNFPP_00039

DiscRep_SUB:FEATURE_LOCATION_CONFLICT::Coding region xref gene does not exist
prokka_out/CA140717:CDS	(R)-stereoselective amidase	NODE_1_length_379410_cov_119.795087:c42459-41608	DOCPNFPP_00040

DiscRep_SUB:FEATURE_LOCATION_CONFLICT::Coding region xref gene does not exist
prokka_out/CA140717:CDS	DNA repair protein RadA	NODE_1_length_379410_cov_119.795087:42595-43935	DOCPNFPP_00041

DiscRep_SUB:FEATURE_LOCATION_CONFLICT::Coding region xref gene does not exist
prokka_out/CA140717:CDS	ATP synthase subunit a	NODE_1_length_379410_cov_119.795087:44087-44767	DOCPNFPP_00042

DiscRep_SUB:FEATURE_LOCATION_CONFLICT::Coding region xref gene does not exist
prokka_out/CA140717:CDS	hypothetical protein	NODE_1_length_379410_cov_119.795087:44764-44964	DOCPNFPP_00043

DiscRep_SUB:FEATURE_LOCATION_CONFLICT::Coding region xref gene does not exist
prokka_out/CA140717:CDS	5,10-methylenetetrahydrofolate reductase	NODE_1_length_379410_cov_119.795087:c45822-44974	DOCPNFPP_00044

DiscRep_SUB:FEATURE_LOCATION_CONFLICT::Coding region xref gene does not exist
prokka_out/CA140717:CDS	5-methyltetrahydropteroyltriglutamate--homocysteine methyltransferase	NODE_1_length_379410_cov_119.795087:c48096-45832	DOCPNFPP_00045

DiscRep_SUB:FEATURE_LOCATION_CONFLICT::Coding region xref gene does not exist
prokka_out/CA140717:CDS	Membrane lipoprotein TpN32	NODE_1_length_379410_cov_119.795087:c48889-48119	DOCPNFPP_00046

DiscRep_SUB:FEATURE_LOCATION_CONFLICT::Coding region xref gene does not exist
prokka_out/CA140717:CDS	Validamycin A dioxygenase	NODE_1_length_379410_cov_119.795087:c49895-48903	DOCPNFPP_00047

DiscRep_SUB:FEATURE_LOCATION_CONFLICT::Coding region xref gene does not exist
prokka_out/CA140717:CDS	S-ribosylhomocysteine lyase	NODE_1_length_379410_cov_119.795087:c50705-50211	DOCPNFPP_00048

DiscRep_SUB:FEATURE_LOCATION_CONFLICT::Coding region xref gene does not exist
prokka_out/CA140717:CDS	Aspartyl/glutamyl-tRNA(Asn/Gln) amidotransferase subunit B	NODE_1_length_379410_cov_119.795087:50820-52238	DOCPNFPP_00049

DiscRep_SUB:FEATURE_LOCATION_CONFLICT::Coding region xref gene does not exist
prokka_out/CA140717:CDS	Glycerol-3-phosphate dehydrogenase [NAD(P)+]	NODE_1_length_379410_cov_119.795087:52238-53137	DOCPNFPP_00050

DiscRep_SUB:FEATURE_LOCATION_CONFLICT::Coding region xref gene does not exist
prokka_out/CA140717:CDS	Dihydroorotase	NODE_1_length_379410_cov_119.795087:53146-54327	DOCPNFPP_00051

DiscRep_SUB:FEATURE_LOCATION_CONFLICT::Coding region xref gene does not exist
prokka_out/CA140717:CDS	hypothetical protein	NODE_1_length_379410_cov_119.795087:c55856-54330	DOCPNFPP_00052

DiscRep_SUB:FEATURE_LOCATION_CONFLICT::Coding region xref gene does not exist
prokka_out/CA140717:CDS	hypothetical protein	NODE_1_length_379410_cov_119.795087:56000-56803	DOCPNFPP_00053

DiscRep_SUB:FEATURE_LOCATION_CONFLICT::Coding region xref gene does not exist
prokka_out/CA140717:CDS	Aerobic C4-dicarboxylate transport protein	NODE_1_length_379410_cov_119.795087:c58176-56800	DOCPNFPP_00054

DiscRep_SUB:FEATURE_LOCATION_CONFLICT::Coding region xref gene does not exist
prokka_out/CA140717:CDS	Aerotaxis receptor	NODE_1_length_379410_cov_119.795087:58433-58927	DOCPNFPP_00055

DiscRep_SUB:FEATURE_LOCATION_CONFLICT::Coding region xref gene does not exist
prokka_out/CA140717:CDS	hypothetical protein	NODE_1_length_379410_cov_119.795087:59048-60427	DOCPNFPP_00056

DiscRep_SUB:FEATURE_LOCATION_CONFLICT::Coding region xref gene does not exist
prokka_out/CA140717:CDS	Aerotaxis receptor	NODE_1_length_379410_cov_119.795087:60445-60942	DOCPNFPP_00057

DiscRep_SUB:FEATURE_LOCATION_CONFLICT::Coding region xref gene does not exist
prokka_out/CA140717:CDS	tRNA uridine 5-carboxymethylaminomethyl modification enzyme MnmG	NODE_1_length_379410_cov_119.795087:61029-62888	DOCPNFPP_00058

DiscRep_SUB:FEATURE_LOCATION_CONFLICT::Coding region xref gene does not exist
prokka_out/CA140717:CDS	Arsenical pump membrane protein	NODE_1_length_379410_cov_119.795087:62888-64156	DOCPNFPP_00059

DiscRep_SUB:FEATURE_LOCATION_CONFLICT::Coding region xref gene does not exist
prokka_out/CA140717:CDS	Ubiquinol-cytochrome c reductase iron-sulfur subunit	NODE_1_length_379410_cov_119.795087:64246-64749	DOCPNFPP_00060

DiscRep_SUB:FEATURE_LOCATION_CONFLICT::Coding region xref gene does not exist
prokka_out/CA140717:CDS	Cytochrome b	NODE_1_length_379410_cov_119.795087:64751-66001	DOCPNFPP_00061

DiscRep_SUB:FEATURE_LOCATION_CONFLICT::Coding region xref gene does not exist
prokka_out/CA140717:CDS	hypothetical protein	NODE_1_length_379410_cov_119.795087:65998-67122	DOCPNFPP_00062

DiscRep_SUB:FEATURE_LOCATION_CONFLICT::Coding region xref gene does not exist
prokka_out/CA140717:CDS	Ubiquinone biosynthesis O-methyltransferase, mitochondrial	NODE_1_length_379410_cov_119.795087:67249-68412	DOCPNFPP_00063

DiscRep_SUB:FEATURE_LOCATION_CONFLICT::Coding region xref gene does not exist
prokka_out/CA140717:CDS	30S ribosomal protein S2	NODE_1_length_379410_cov_119.795087:68529-69320	DOCPNFPP_00064

DiscRep_SUB:FEATURE_LOCATION_CONFLICT::Coding region xref gene does not exist
prokka_out/CA140717:CDS	Elongation factor Ts	NODE_1_length_379410_cov_119.795087:69320-70393	DOCPNFPP_00065

DiscRep_SUB:FEATURE_LOCATION_CONFLICT::Coding region xref gene does not exist
prokka_out/CA140717:CDS	Lipoprotein-releasing system ATP-binding protein LolD	NODE_1_length_379410_cov_119.795087:70403-71038	DOCPNFPP_00066

DiscRep_SUB:FEATURE_LOCATION_CONFLICT::Coding region xref gene does not exist
prokka_out/CA140717:CDS	Flagellar biosynthetic protein FliR	NODE_1_length_379410_cov_119.795087:71025-71792	DOCPNFPP_00067

DiscRep_SUB:FEATURE_LOCATION_CONFLICT::Coding region xref gene does not exist
prokka_out/CA140717:CDS	hypothetical protein	NODE_1_length_379410_cov_119.795087:71848-73395	DOCPNFPP_00068

DiscRep_SUB:FEATURE_LOCATION_CONFLICT::Coding region xref gene does not exist
prokka_out/CA140717:CDS	Guanylate kinase	NODE_1_length_379410_cov_119.795087:73398-74015	DOCPNFPP_00069

DiscRep_SUB:FEATURE_LOCATION_CONFLICT::Coding region xref gene does not exist
prokka_out/CA140717:CDS	Sec-independent protein translocase protein TatA	NODE_1_length_379410_cov_119.795087:74017-74256	DOCPNFPP_00070

DiscRep_SUB:FEATURE_LOCATION_CONFLICT::Coding region xref gene does not exist
prokka_out/CA140717:CDS	Arginine--tRNA ligase	NODE_1_length_379410_cov_119.795087:74267-75859	DOCPNFPP_00071

DiscRep_SUB:FEATURE_LOCATION_CONFLICT::Coding region xref gene does not exist
prokka_out/CA140717:CDS	Spermidine export protein MdtI	NODE_1_length_379410_cov_119.795087:c76185-75877	DOCPNFPP_00072

DiscRep_SUB:FEATURE_LOCATION_CONFLICT::Coding region xref gene does not exist
prokka_out/CA140717:CDS	Spermidine export protein MdtJ	NODE_1_length_379410_cov_119.795087:c76526-76185	DOCPNFPP_00073

DiscRep_SUB:FEATURE_LOCATION_CONFLICT::Coding region xref gene does not exist
prokka_out/CA140717:CDS	putative transcriptional regulatory protein	NODE_1_length_379410_cov_119.795087:76635-77342	DOCPNFPP_00074

DiscRep_SUB:FEATURE_LOCATION_CONFLICT::Coding region xref gene does not exist
prokka_out/CA140717:CDS	Peptidyl-prolyl cis-trans isomerase B	NODE_1_length_379410_cov_119.795087:77352-77834	DOCPNFPP_00075

DiscRep_SUB:FEATURE_LOCATION_CONFLICT::Coding region xref gene does not exist
prokka_out/CA140717:CDS	Protein DedA	NODE_1_length_379410_cov_119.795087:77999-78604	DOCPNFPP_00076

DiscRep_SUB:FEATURE_LOCATION_CONFLICT::Coding region xref gene does not exist
prokka_out/CA140717:CDS	L-lactate dehydrogenase	NODE_1_length_379410_cov_119.795087:c79524-78601	DOCPNFPP_00077

DiscRep_SUB:FEATURE_LOCATION_CONFLICT::Coding region xref gene does not exist
prokka_out/CA140717:CDS	Inner membrane protein YjjP	NODE_1_length_379410_cov_119.795087:79590-80366	DOCPNFPP_00078

DiscRep_SUB:FEATURE_LOCATION_CONFLICT::Coding region xref gene does not exist
prokka_out/CA140717:CDS	hypothetical protein	NODE_1_length_379410_cov_119.795087:80363-80857	DOCPNFPP_00079

DiscRep_SUB:FEATURE_LOCATION_CONFLICT::Coding region xref gene does not exist
prokka_out/CA140717:CDS	hypothetical protein	NODE_1_length_379410_cov_119.795087:80915-81184	DOCPNFPP_00080

DiscRep_SUB:FEATURE_LOCATION_CONFLICT::Coding region xref gene does not exist
prokka_out/CA140717:CDS	Cadmium, cobalt and zinc/H(+)-K(+) antiporter	NODE_1_length_379410_cov_119.795087:81259-82200	DOCPNFPP_00081

DiscRep_SUB:FEATURE_LOCATION_CONFLICT::Coding region xref gene does not exist
prokka_out/CA140717:CDS	hypothetical protein	NODE_1_length_379410_cov_119.795087:82190-82393	DOCPNFPP_00082

DiscRep_SUB:FEATURE_LOCATION_CONFLICT::Coding region xref gene does not exist
prokka_out/CA140717:CDS	Copper-exporting P-type ATPase	NODE_1_length_379410_cov_119.795087:82393-84516	DOCPNFPP_00083

DiscRep_SUB:FEATURE_LOCATION_CONFLICT::Coding region xref gene does not exist
prokka_out/CA140717:CDS	hypothetical protein	NODE_1_length_379410_cov_119.795087:c86084-84528	DOCPNFPP_00084

DiscRep_SUB:FEATURE_LOCATION_CONFLICT::Coding region xref gene does not exist
prokka_out/CA140717:CDS	Transcription termination factor Rho	NODE_1_length_379410_cov_119.795087:c87385-86087	DOCPNFPP_00085

DiscRep_SUB:FEATURE_LOCATION_CONFLICT::Coding region xref gene does not exist
prokka_out/CA140717:CDS	Copper-exporting P-type ATPase	NODE_1_length_379410_cov_119.795087:87504-89861	DOCPNFPP_00086

DiscRep_SUB:FEATURE_LOCATION_CONFLICT::Coding region xref gene does not exist
prokka_out/CA140717:CDS	hypothetical protein	NODE_1_length_379410_cov_119.795087:89854-90054	DOCPNFPP_00087

DiscRep_SUB:FEATURE_LOCATION_CONFLICT::Coding region xref gene does not exist
prokka_out/CA140717:CDS	Cytochrome c-553	NODE_1_length_379410_cov_119.795087:c90383-90084	DOCPNFPP_00088

DiscRep_SUB:FEATURE_LOCATION_CONFLICT::Coding region xref gene does not exist
prokka_out/CA140717:CDS	D-glycero-alpha-D-manno-heptose-1,7-bisphosphate 7-phosphatase	NODE_1_length_379410_cov_119.795087:90460-91023	DOCPNFPP_00089

DiscRep_SUB:FEATURE_LOCATION_CONFLICT::Coding region xref gene does not exist
prokka_out/CA140717:CDS	ADP-L-glycero-D-manno-heptose-6-epimerase	NODE_1_length_379410_cov_119.795087:91020-91973	DOCPNFPP_00090

DiscRep_SUB:FEATURE_LOCATION_CONFLICT::Coding region xref gene does not exist
prokka_out/CA140717:CDS	Bifunctional protein HldE	NODE_1_length_379410_cov_119.795087:91966-93351	DOCPNFPP_00091

DiscRep_SUB:FEATURE_LOCATION_CONFLICT::Coding region xref gene does not exist
prokka_out/CA140717:CDS	Phosphoheptose isomerase 1	NODE_1_length_379410_cov_119.795087:93348-93908	DOCPNFPP_00092

DiscRep_SUB:FEATURE_LOCATION_CONFLICT::Coding region xref gene does not exist
prokka_out/CA140717:CDS	hypothetical protein	NODE_1_length_379410_cov_119.795087:93920-95374	DOCPNFPP_00093

DiscRep_SUB:FEATURE_LOCATION_CONFLICT::Coding region xref gene does not exist
prokka_out/CA140717:CDS	ADP-heptose--LPS heptosyltransferase 2	NODE_1_length_379410_cov_119.795087:c96301-95357	DOCPNFPP_00094

DiscRep_SUB:FEATURE_LOCATION_CONFLICT::Coding region xref gene does not exist
prokka_out/CA140717:CDS	putative glycosyltransferase EpsJ	NODE_1_length_379410_cov_119.795087:96360-97175	DOCPNFPP_00095

DiscRep_SUB:FEATURE_LOCATION_CONFLICT::Coding region xref gene does not exist
prokka_out/CA140717:CDS	Glycerol-3-phosphate cytidylyltransferase	NODE_1_length_379410_cov_119.795087:c97610-97194	DOCPNFPP_00096

DiscRep_SUB:FEATURE_LOCATION_CONFLICT::Coding region xref gene does not exist
prokka_out/CA140717:CDS	hypothetical protein	NODE_1_length_379410_cov_119.795087:c98662-97613	DOCPNFPP_00097

DiscRep_SUB:FEATURE_LOCATION_CONFLICT::Coding region xref gene does not exist
prokka_out/CA140717:CDS	hypothetical protein	NODE_1_length_379410_cov_119.795087:c99729-98659	DOCPNFPP_00098

DiscRep_SUB:FEATURE_LOCATION_CONFLICT::Coding region xref gene does not exist
prokka_out/CA140717:CDS	hypothetical protein	NODE_1_length_379410_cov_119.795087:100090-101289	DOCPNFPP_00099

DiscRep_SUB:FEATURE_LOCATION_CONFLICT::Coding region xref gene does not exist
prokka_out/CA140717:CDS	UDP-N-acetylglucosamine--peptide N-acetylglucosaminyltransferase GtfA subunit	NODE_1_length_379410_cov_119.795087:c102338-101286	DOCPNFPP_00100

DiscRep_SUB:FEATURE_LOCATION_CONFLICT::Coding region xref gene does not exist
prokka_out/CA140717:CDS	hypothetical protein	NODE_1_length_379410_cov_119.795087:c103888-102335	DOCPNFPP_00101

DiscRep_SUB:FEATURE_LOCATION_CONFLICT::Coding region xref gene does not exist
prokka_out/CA140717:CDS	Lipid A biosynthesis lauroyltransferase	NODE_1_length_379410_cov_119.795087:c104772-103885	DOCPNFPP_00102

DiscRep_SUB:FEATURE_LOCATION_CONFLICT::Coding region xref gene does not exist
prokka_out/CA140717:CDS	Lipopolysaccharide heptosyltransferase 1	NODE_1_length_379410_cov_119.795087:c105793-104765	DOCPNFPP_00103

DiscRep_SUB:FEATURE_LOCATION_CONFLICT::Coding region xref gene does not exist
prokka_out/CA140717:CDS	hypothetical protein	NODE_1_length_379410_cov_119.795087:105858-106649	DOCPNFPP_00104

DiscRep_SUB:FEATURE_LOCATION_CONFLICT::Coding region xref gene does not exist
prokka_out/CA140717:CDS	UDP-glucose 4-epimerase	NODE_1_length_379410_cov_119.795087:106706-107692	DOCPNFPP_00105

DiscRep_SUB:FEATURE_LOCATION_CONFLICT::Coding region xref gene does not exist
prokka_out/CA140717:CDS	Protein glycosylation K	NODE_1_length_379410_cov_119.795087:107686-109386	DOCPNFPP_00106

DiscRep_SUB:FEATURE_LOCATION_CONFLICT::Coding region xref gene does not exist
prokka_out/CA140717:CDS	GalNAc-alpha-(1->4)-GalNAc-alpha-(1->3)-diNAcBac-PP-undecaprenol alpha-1,4-N-acetyl-D-galactosaminyltransferase	NODE_1_length_379410_cov_119.795087:109383-110459	DOCPNFPP_00107

DiscRep_SUB:FEATURE_LOCATION_CONFLICT::Coding region xref gene does not exist
prokka_out/CA140717:CDS	GalNAc(5)-diNAcBac-PP-undecaprenol beta-1,3-glucosyltransferase	NODE_1_length_379410_cov_119.795087:110452-111381	DOCPNFPP_00108

DiscRep_SUB:FEATURE_LOCATION_CONFLICT::Coding region xref gene does not exist
prokka_out/CA140717:CDS	N-acetylgalactosamine-N,N'-diacetylbacillosaminyl-diphospho-undecaprenol 4-alpha-N-acetylgalactosaminyltransferase	NODE_1_length_379410_cov_119.795087:111369-112466	DOCPNFPP_00109

DiscRep_SUB:FEATURE_LOCATION_CONFLICT::Coding region xref gene does not exist
prokka_out/CA140717:CDS	Undecaprenyl-diphosphooligosaccharide--protein glycotransferase	NODE_1_length_379410_cov_119.795087:112470-114614	DOCPNFPP_00110

DiscRep_SUB:FEATURE_LOCATION_CONFLICT::Coding region xref gene does not exist
prokka_out/CA140717:CDS	N,N'-diacetylbacillosaminyl-diphospho-undecaprenol alpha-1,3-N-acetylgalactosaminyltransferase	NODE_1_length_379410_cov_119.795087:114626-115756	DOCPNFPP_00111

DiscRep_SUB:FEATURE_LOCATION_CONFLICT::Coding region xref gene does not exist
prokka_out/CA140717:CDS	Undecaprenyl phosphate N,N'-diacetylbacillosamine 1-phosphate transferase	NODE_1_length_379410_cov_119.795087:115749-116351	DOCPNFPP_00112

DiscRep_SUB:FEATURE_LOCATION_CONFLICT::Coding region xref gene does not exist
prokka_out/CA140717:CDS	UDP-N-acetylbacillosamine N-acetyltransferase	NODE_1_length_379410_cov_119.795087:116338-116925	DOCPNFPP_00113

DiscRep_SUB:FEATURE_LOCATION_CONFLICT::Coding region xref gene does not exist
prokka_out/CA140717:CDS	UDP-N-acetylbacillosamine transaminase	NODE_1_length_379410_cov_119.795087:117080-118240	DOCPNFPP_00114

DiscRep_SUB:FEATURE_LOCATION_CONFLICT::Coding region xref gene does not exist
prokka_out/CA140717:CDS	UDP-N-acetyl-alpha-D-glucosamine C6 dehydratase	NODE_1_length_379410_cov_119.795087:118243-120015	DOCPNFPP_00115

DiscRep_SUB:FEATURE_LOCATION_CONFLICT::Coding region xref gene does not exist
prokka_out/CA140717:CDS	Chemotaxis protein CheY	NODE_1_length_379410_cov_119.795087:120230-120622	DOCPNFPP_00116

DiscRep_SUB:FEATURE_LOCATION_CONFLICT::Coding region xref gene does not exist
prokka_out/CA140717:CDS	Ribosomal protein L11 methyltransferase	NODE_1_length_379410_cov_119.795087:120636-121484	DOCPNFPP_00117

DiscRep_SUB:FEATURE_LOCATION_CONFLICT::Coding region xref gene does not exist
prokka_out/CA140717:CDS	ATP-dependent zinc metalloprotease FtsH	NODE_1_length_379410_cov_119.795087:121484-123430	DOCPNFPP_00118

DiscRep_SUB:FEATURE_LOCATION_CONFLICT::Coding region xref gene does not exist
prokka_out/CA140717:CDS	Phosphatidylserine decarboxylase proenzyme	NODE_1_length_379410_cov_119.795087:123430-124044	DOCPNFPP_00119

DiscRep_SUB:FEATURE_LOCATION_CONFLICT::Coding region xref gene does not exist
prokka_out/CA140717:CDS	hypothetical protein	NODE_1_length_379410_cov_119.795087:124054-124779	DOCPNFPP_00120

DiscRep_SUB:FEATURE_LOCATION_CONFLICT::Coding region xref gene does not exist
prokka_out/CA140717:CDS	hypothetical protein	NODE_1_length_379410_cov_119.795087:c125573-124776	DOCPNFPP_00121

DiscRep_SUB:FEATURE_LOCATION_CONFLICT::Coding region xref gene does not exist
prokka_out/CA140717:CDS	Peptide methionine sulfoxide reductase MsrB	NODE_1_length_379410_cov_119.795087:125737-126093	DOCPNFPP_00122

DiscRep_SUB:FEATURE_LOCATION_CONFLICT::Coding region xref gene does not exist
prokka_out/CA140717:CDS	hypothetical protein	NODE_1_length_379410_cov_119.795087:126097-126735	DOCPNFPP_00123

DiscRep_SUB:FEATURE_LOCATION_CONFLICT::Coding region xref gene does not exist
prokka_out/CA140717:CDS	Leucyl/phenylalanyl-tRNA--protein transferase	NODE_1_length_379410_cov_119.795087:c127474-126821	DOCPNFPP_00124

DiscRep_SUB:FEATURE_LOCATION_CONFLICT::Coding region xref gene does not exist
prokka_out/CA140717:CDS	ATP-dependent Clp protease ATP-binding subunit ClpA	NODE_1_length_379410_cov_119.795087:c129566-127449	DOCPNFPP_00125

DiscRep_SUB:FEATURE_LOCATION_CONFLICT::Coding region xref gene does not exist
prokka_out/CA140717:CDS	ATP-dependent Clp protease adapter protein ClpS	NODE_1_length_379410_cov_119.795087:c129853-129563	DOCPNFPP_00126

DiscRep_SUB:FEATURE_LOCATION_CONFLICT::Coding region xref gene does not exist
prokka_out/CA140717:CDS	hypothetical protein	NODE_1_length_379410_cov_119.795087:c130458-129853	DOCPNFPP_00127

DiscRep_SUB:FEATURE_LOCATION_CONFLICT::Coding region xref gene does not exist
prokka_out/CA140717:CDS	SsrA-binding protein	NODE_1_length_379410_cov_119.795087:c130920-130468	DOCPNFPP_00128

DiscRep_SUB:FEATURE_LOCATION_CONFLICT::Coding region xref gene does not exist
prokka_out/CA140717:CDS	4-diphosphocytidyl-2-C-methyl-D-erythritol kinase	NODE_1_length_379410_cov_119.795087:c131687-130917	DOCPNFPP_00129

DiscRep_SUB:FEATURE_LOCATION_CONFLICT::Coding region xref gene does not exist
prokka_out/CA140717:CDS	Translational regulator CsrA	NODE_1_length_379410_cov_119.795087:c131911-131684	DOCPNFPP_00130

DiscRep_SUB:FEATURE_LOCATION_CONFLICT::Coding region xref gene does not exist
prokka_out/CA140717:CDS	tRNA pseudouridine synthase B	NODE_1_length_379410_cov_119.795087:c132723-131905	DOCPNFPP_00131

DiscRep_SUB:FEATURE_LOCATION_CONFLICT::Coding region xref gene does not exist
prokka_out/CA140717:CDS	ATP-dependent DNA helicase PcrA	NODE_1_length_379410_cov_119.795087:c134780-132720	DOCPNFPP_00132

DiscRep_SUB:FEATURE_LOCATION_CONFLICT::Coding region xref gene does not exist
prokka_out/CA140717:CDS	hypothetical protein	NODE_1_length_379410_cov_119.795087:c135214-134777	DOCPNFPP_00133

DiscRep_SUB:FEATURE_LOCATION_CONFLICT::Coding region xref gene does not exist
prokka_out/CA140717:CDS	Oligoendopeptidase F, plasmid	NODE_1_length_379410_cov_119.795087:c136929-135214	DOCPNFPP_00134

DiscRep_SUB:FEATURE_LOCATION_CONFLICT::Coding region xref gene does not exist
prokka_out/CA140717:CDS	Aspartate carbamoyltransferase	NODE_1_length_379410_cov_119.795087:c137820-136939	DOCPNFPP_00135

DiscRep_SUB:FEATURE_LOCATION_CONFLICT::Coding region xref gene does not exist
prokka_out/CA140717:CDS	Serine/threonine transporter SstT	NODE_1_length_379410_cov_119.795087:c139049-137826	DOCPNFPP_00136

DiscRep_SUB:FEATURE_LOCATION_CONFLICT::Coding region xref gene does not exist
prokka_out/CA140717:CDS	S-adenosylmethionine synthase	NODE_1_length_379410_cov_119.795087:139201-140400	DOCPNFPP_00137

DiscRep_SUB:FEATURE_LOCATION_CONFLICT::Coding region xref gene does not exist
prokka_out/CA140717:CDS	hypothetical protein	NODE_1_length_379410_cov_119.795087:c141915-140767	DOCPNFPP_00138

DiscRep_SUB:FEATURE_LOCATION_CONFLICT::Coding region xref gene does not exist
prokka_out/CA140717:CDS	hypothetical protein	NODE_1_length_379410_cov_119.795087:c142211-141993	DOCPNFPP_00139

DiscRep_SUB:FEATURE_LOCATION_CONFLICT::Coding region xref gene does not exist
prokka_out/CA140717:CDS	Sulfoquinovose 1-dehydrogenase	NODE_1_length_379410_cov_119.795087:c142754-142350	DOCPNFPP_00140

DiscRep_SUB:FEATURE_LOCATION_CONFLICT::Coding region xref gene does not exist
prokka_out/CA140717:CDS	Apolipoprotein N-acyltransferase	NODE_1_length_379410_cov_119.795087:c144110-142896	DOCPNFPP_00141

DiscRep_SUB:FEATURE_LOCATION_CONFLICT::Coding region xref gene does not exist
prokka_out/CA140717:CDS	Sec translocon accessory complex subunit YajC	NODE_1_length_379410_cov_119.795087:144188-144460	DOCPNFPP_00142

DiscRep_SUB:FEATURE_LOCATION_CONFLICT::Coding region xref gene does not exist
prokka_out/CA140717:CDS	Protein translocase subunit SecD	NODE_1_length_379410_cov_119.795087:144453-146033	DOCPNFPP_00143

DiscRep_SUB:FEATURE_LOCATION_CONFLICT::Coding region xref gene does not exist
prokka_out/CA140717:CDS	Protein translocase subunit SecF	NODE_1_length_379410_cov_119.795087:146033-147004	DOCPNFPP_00144

DiscRep_SUB:FEATURE_LOCATION_CONFLICT::Coding region xref gene does not exist
prokka_out/CA140717:CDS	Leucine--tRNA ligase	NODE_1_length_379410_cov_119.795087:147014-149446	DOCPNFPP_00145

DiscRep_SUB:FEATURE_LOCATION_CONFLICT::Coding region xref gene does not exist
prokka_out/CA140717:CDS	hypothetical protein	NODE_1_length_379410_cov_119.795087:149443-149955	DOCPNFPP_00146

DiscRep_SUB:FEATURE_LOCATION_CONFLICT::Coding region xref gene does not exist
prokka_out/CA140717:CDS	hypothetical protein	NODE_1_length_379410_cov_119.795087:149939-151342	DOCPNFPP_00147

DiscRep_SUB:FEATURE_LOCATION_CONFLICT::Coding region xref gene does not exist
prokka_out/CA140717:CDS	hypothetical protein	NODE_1_length_379410_cov_119.795087:151326-152501	DOCPNFPP_00148

DiscRep_SUB:FEATURE_LOCATION_CONFLICT::Coding region xref gene does not exist
prokka_out/CA140717:CDS	hypothetical protein	NODE_1_length_379410_cov_119.795087:152488-153390	DOCPNFPP_00149

DiscRep_SUB:FEATURE_LOCATION_CONFLICT::Coding region xref gene does not exist
prokka_out/CA140717:CDS	hypothetical protein	NODE_1_length_379410_cov_119.795087:153435-153722	DOCPNFPP_00150

DiscRep_SUB:FEATURE_LOCATION_CONFLICT::Coding region xref gene does not exist
prokka_out/CA140717:CDS	Transcription-repair-coupling factor	NODE_1_length_379410_cov_119.795087:153722-156658	DOCPNFPP_00151

DiscRep_SUB:FEATURE_LOCATION_CONFLICT::Coding region xref gene does not exist
prokka_out/CA140717:CDS	hypothetical protein	NODE_1_length_379410_cov_119.795087:156659-157423	DOCPNFPP_00152

DiscRep_SUB:FEATURE_LOCATION_CONFLICT::Coding region xref gene does not exist
prokka_out/CA140717:CDS	Endonuclease III	NODE_1_length_379410_cov_119.795087:157420-158103	DOCPNFPP_00153

DiscRep_SUB:FEATURE_LOCATION_CONFLICT::Coding region xref gene does not exist
prokka_out/CA140717:CDS	Hydroxymethylpyrimidine/phosphomethylpyrimidine kinase	NODE_1_length_379410_cov_119.795087:158103-158915	DOCPNFPP_00154

DiscRep_SUB:FEATURE_LOCATION_CONFLICT::Coding region xref gene does not exist
prokka_out/CA140717:CDS	Thiamine-phosphate synthase	NODE_1_length_379410_cov_119.795087:158905-159537	DOCPNFPP_00155

DiscRep_SUB:FEATURE_LOCATION_CONFLICT::Coding region xref gene does not exist
prokka_out/CA140717:CDS	hypothetical protein	NODE_1_length_379410_cov_119.795087:159515-160144	DOCPNFPP_00156

DiscRep_SUB:FEATURE_LOCATION_CONFLICT::Coding region xref gene does not exist
prokka_out/CA140717:CDS	hypothetical protein	NODE_1_length_379410_cov_119.795087:c160589-160137	DOCPNFPP_00157

DiscRep_SUB:FEATURE_LOCATION_CONFLICT::Coding region xref gene does not exist
prokka_out/CA140717:CDS	hypothetical protein	NODE_1_length_379410_cov_119.795087:c161254-160586	DOCPNFPP_00158

DiscRep_SUB:FEATURE_LOCATION_CONFLICT::Coding region xref gene does not exist
prokka_out/CA140717:CDS	hypothetical protein	NODE_1_length_379410_cov_119.795087:c161552-161247	DOCPNFPP_00159

DiscRep_SUB:FEATURE_LOCATION_CONFLICT::Coding region xref gene does not exist
prokka_out/CA140717:CDS	Pyrroline-5-carboxylate reductase	NODE_1_length_379410_cov_119.795087:c162286-161549	DOCPNFPP_00160

DiscRep_SUB:FEATURE_LOCATION_CONFLICT::Coding region xref gene does not exist
prokka_out/CA140717:CDS	Flagellar assembly factor FliW	NODE_1_length_379410_cov_119.795087:c162675-162286	DOCPNFPP_00161

DiscRep_SUB:FEATURE_LOCATION_CONFLICT::Coding region xref gene does not exist
prokka_out/CA140717:CDS	Outer membrane protein assembly factor BamD	NODE_1_length_379410_cov_119.795087:162839-163486	DOCPNFPP_00162

DiscRep_SUB:FEATURE_LOCATION_CONFLICT::Coding region xref gene does not exist
prokka_out/CA140717:CDS	Lon protease	NODE_1_length_379410_cov_119.795087:163502-165877	DOCPNFPP_00163

DiscRep_SUB:FEATURE_LOCATION_CONFLICT::Coding region xref gene does not exist
prokka_out/CA140717:CDS	30S ribosomal protein S18	NODE_1_length_379410_cov_119.795087:c166193-165933	DOCPNFPP_00164

DiscRep_SUB:FEATURE_LOCATION_CONFLICT::Coding region xref gene does not exist
prokka_out/CA140717:CDS	Single-stranded DNA-binding protein	NODE_1_length_379410_cov_119.795087:c166752-166204	DOCPNFPP_00165

DiscRep_SUB:FEATURE_LOCATION_CONFLICT::Coding region xref gene does not exist
prokka_out/CA140717:CDS	30S ribosomal protein S6	NODE_1_length_379410_cov_119.795087:c167138-166761	DOCPNFPP_00166

DiscRep_SUB:FEATURE_LOCATION_CONFLICT::Coding region xref gene does not exist
prokka_out/CA140717:CDS	Inner membrane protein YihN	NODE_1_length_379410_cov_119.795087:167425-168690	DOCPNFPP_00167

DiscRep_SUB:FEATURE_LOCATION_CONFLICT::Coding region xref gene does not exist
prokka_out/CA140717:CDS	hypothetical protein	NODE_1_length_379410_cov_119.795087:168690-169691	DOCPNFPP_00168

DiscRep_SUB:FEATURE_LOCATION_CONFLICT::Coding region xref gene does not exist
prokka_out/CA140717:CDS	hypothetical protein	NODE_1_length_379410_cov_119.795087:c169968-169684	DOCPNFPP_00169

DiscRep_SUB:FEATURE_LOCATION_CONFLICT::Coding region xref gene does not exist
prokka_out/CA140717:CDS	hypothetical protein	NODE_1_length_379410_cov_119.795087:c170541-170101	DOCPNFPP_00170

DiscRep_SUB:FEATURE_LOCATION_CONFLICT::Coding region xref gene does not exist
prokka_out/CA140717:CDS	Metalloprotease MmpA	NODE_1_length_379410_cov_119.795087:c171641-170538	DOCPNFPP_00171

DiscRep_SUB:FEATURE_LOCATION_CONFLICT::Coding region xref gene does not exist
prokka_out/CA140717:CDS	CDP-diacylglycerol--glycerol-3-phosphate 3-phosphatidyltransferase	NODE_1_length_379410_cov_119.795087:c172174-171638	DOCPNFPP_00172

DiscRep_SUB:FEATURE_LOCATION_CONFLICT::Coding region xref gene does not exist
prokka_out/CA140717:CDS	Putative NAD(P)H nitroreductase	NODE_1_length_379410_cov_119.795087:c172930-172325	DOCPNFPP_00173

DiscRep_SUB:FEATURE_LOCATION_CONFLICT::Coding region xref gene does not exist
prokka_out/CA140717:CDS	Putative NAD(P)H nitroreductase YfkO	NODE_1_length_379410_cov_119.795087:c173550-172930	DOCPNFPP_00174

DiscRep_SUB:FEATURE_LOCATION_CONFLICT::Coding region xref gene does not exist
prokka_out/CA140717:CDS	hypothetical protein	NODE_1_length_379410_cov_119.795087:c174042-173617	DOCPNFPP_00175

DiscRep_SUB:FEATURE_LOCATION_CONFLICT::Coding region xref gene does not exist
prokka_out/CA140717:CDS	Putative competence-damage inducible protein	NODE_1_length_379410_cov_119.795087:c175142-174054	DOCPNFPP_00176

DiscRep_SUB:FEATURE_LOCATION_CONFLICT::Coding region xref gene does not exist
prokka_out/CA140717:CDS	Isoleucine--tRNA ligase	NODE_1_length_379410_cov_119.795087:175233-177989	DOCPNFPP_00177

DiscRep_SUB:FEATURE_LOCATION_CONFLICT::Coding region xref gene does not exist
prokka_out/CA140717:CDS	Glutamyl-tRNA(Gln) amidotransferase subunit A	NODE_1_length_379410_cov_119.795087:178101-179465	DOCPNFPP_00178

DiscRep_SUB:FEATURE_LOCATION_CONFLICT::Coding region xref gene does not exist
prokka_out/CA140717:CDS	Inosine-5'-monophosphate dehydrogenase	NODE_1_length_379410_cov_119.795087:179466-180920	DOCPNFPP_00179

DiscRep_SUB:FEATURE_LOCATION_CONFLICT::Coding region xref gene does not exist
prokka_out/CA140717:CDS	Exodeoxyribonuclease 7 small subunit	NODE_1_length_379410_cov_119.795087:180917-181090	DOCPNFPP_00180

DiscRep_SUB:FEATURE_LOCATION_CONFLICT::Coding region xref gene does not exist
prokka_out/CA140717:CDS	hypothetical protein	NODE_1_length_379410_cov_119.795087:181083-181862	DOCPNFPP_00181

DiscRep_SUB:FEATURE_LOCATION_CONFLICT::Coding region xref gene does not exist
prokka_out/CA140717:CDS	hypothetical protein	NODE_1_length_379410_cov_119.795087:181926-182183	DOCPNFPP_00182

DiscRep_SUB:FEATURE_LOCATION_CONFLICT::Coding region xref gene does not exist
prokka_out/CA140717:CDS	hypothetical protein	NODE_1_length_379410_cov_119.795087:182371-183894	DOCPNFPP_00183

DiscRep_SUB:FEATURE_LOCATION_CONFLICT::Coding region xref gene does not exist
prokka_out/CA140717:CDS	hypothetical protein	NODE_1_length_379410_cov_119.795087:184157-184510	DOCPNFPP_00184

DiscRep_SUB:FEATURE_LOCATION_CONFLICT::Coding region xref gene does not exist
prokka_out/CA140717:CDS	hypothetical protein	NODE_1_length_379410_cov_119.795087:184520-184726	DOCPNFPP_00185

DiscRep_SUB:FEATURE_LOCATION_CONFLICT::Coding region xref gene does not exist
prokka_out/CA140717:CDS	hypothetical protein	NODE_1_length_379410_cov_119.795087:184901-185152	DOCPNFPP_00186

DiscRep_SUB:FEATURE_LOCATION_CONFLICT::Coding region xref gene does not exist
prokka_out/CA140717:CDS	UDP-N-acetylmuramate--L-alanine ligase	NODE_1_length_379410_cov_119.795087:185334-186629	DOCPNFPP_00187

DiscRep_SUB:FEATURE_LOCATION_CONFLICT::Coding region xref gene does not exist
prokka_out/CA140717:CDS	hypothetical protein	NODE_1_length_379410_cov_119.795087:186622-186972	DOCPNFPP_00188

DiscRep_SUB:FEATURE_LOCATION_CONFLICT::Coding region xref gene does not exist
prokka_out/CA140717:CDS	Endonuclease MutS2	NODE_1_length_379410_cov_119.795087:186965-189172	DOCPNFPP_00189

DiscRep_SUB:FEATURE_LOCATION_CONFLICT::Coding region xref gene does not exist
prokka_out/CA140717:CDS	hypothetical protein	NODE_1_length_379410_cov_119.795087:189181-193143	DOCPNFPP_00190

DiscRep_SUB:FEATURE_LOCATION_CONFLICT::Coding region xref gene does not exist
prokka_out/CA140717:CDS	NAD-dependent protein deacylase	NODE_1_length_379410_cov_119.795087:193186-193887	DOCPNFPP_00191

DiscRep_SUB:FEATURE_LOCATION_CONFLICT::Coding region xref gene does not exist
prokka_out/CA140717:CDS	hypothetical protein	NODE_1_length_379410_cov_119.795087:193880-194482	DOCPNFPP_00192

DiscRep_SUB:FEATURE_LOCATION_CONFLICT::Coding region xref gene does not exist
prokka_out/CA140717:CDS	Succinyl-diaminopimelate desuccinylase	NODE_1_length_379410_cov_119.795087:194487-195587	DOCPNFPP_00193

DiscRep_SUB:FEATURE_LOCATION_CONFLICT::Coding region xref gene does not exist
prokka_out/CA140717:CDS	hypothetical protein	NODE_1_length_379410_cov_119.795087:195596-198682	DOCPNFPP_00194

DiscRep_SUB:FEATURE_LOCATION_CONFLICT::Coding region xref gene does not exist
prokka_out/CA140717:CDS	hypothetical protein	NODE_1_length_379410_cov_119.795087:198672-198863	DOCPNFPP_00195

DiscRep_SUB:FEATURE_LOCATION_CONFLICT::Coding region xref gene does not exist
prokka_out/CA140717:CDS	hypothetical protein	NODE_1_length_379410_cov_119.795087:198863-199663	DOCPNFPP_00196

DiscRep_SUB:FEATURE_LOCATION_CONFLICT::Coding region xref gene does not exist
prokka_out/CA140717:CDS	Thiazole synthase	NODE_1_length_379410_cov_119.795087:199667-200443	DOCPNFPP_00197

DiscRep_SUB:FEATURE_LOCATION_CONFLICT::Coding region xref gene does not exist
prokka_out/CA140717:CDS	2-iminoacetate synthase	NODE_1_length_379410_cov_119.795087:200446-201591	DOCPNFPP_00198

DiscRep_SUB:FEATURE_LOCATION_CONFLICT::Coding region xref gene does not exist
prokka_out/CA140717:CDS	Thiamine-phosphate synthase	NODE_1_length_379410_cov_119.795087:201581-202186	DOCPNFPP_00199

DiscRep_SUB:FEATURE_LOCATION_CONFLICT::Coding region xref gene does not exist
prokka_out/CA140717:CDS	HTH-type transcriptional activator RhaS	NODE_1_length_379410_cov_119.795087:202201-203091	DOCPNFPP_00200

DiscRep_SUB:FEATURE_LOCATION_CONFLICT::Coding region xref gene does not exist
prokka_out/CA140717:CDS	hypothetical protein	NODE_1_length_379410_cov_119.795087:203154-204008	DOCPNFPP_00201

DiscRep_SUB:FEATURE_LOCATION_CONFLICT::Coding region xref gene does not exist
prokka_out/CA140717:CDS	putative transporter YycB	NODE_1_length_379410_cov_119.795087:204016-205176	DOCPNFPP_00202

DiscRep_SUB:FEATURE_LOCATION_CONFLICT::Coding region xref gene does not exist
prokka_out/CA140717:CDS	UDP-N-acetylglucosamine--N-acetylmuramyl-(pentapeptide) pyrophosphoryl-undecaprenol N-acetylglucosamine transferase	NODE_1_length_379410_cov_119.795087:c206185-205169	DOCPNFPP_00203

DiscRep_SUB:FEATURE_LOCATION_CONFLICT::Coding region xref gene does not exist
prokka_out/CA140717:CDS	putative peptidoglycan glycosyltransferase FtsW	NODE_1_length_379410_cov_119.795087:c207345-206182	DOCPNFPP_00204

DiscRep_SUB:FEATURE_LOCATION_CONFLICT::Coding region xref gene does not exist
prokka_out/CA140717:CDS	2-oxoglutarate carboxylase small subunit	NODE_1_length_379410_cov_119.795087:207480-208922	DOCPNFPP_00205

DiscRep_SUB:FEATURE_LOCATION_CONFLICT::Coding region xref gene does not exist
prokka_out/CA140717:CDS	hypothetical protein	NODE_1_length_379410_cov_119.795087:208922-209158	DOCPNFPP_00206

DiscRep_SUB:FEATURE_LOCATION_CONFLICT::Coding region xref gene does not exist
prokka_out/CA140717:CDS	Aspartate/glutamate leucyltransferase	NODE_1_length_379410_cov_119.795087:209158-209877	DOCPNFPP_00207

DiscRep_SUB:FEATURE_LOCATION_CONFLICT::Coding region xref gene does not exist
prokka_out/CA140717:CDS	hypothetical protein	NODE_1_length_379410_cov_119.795087:209855-210685	DOCPNFPP_00208

DiscRep_SUB:FEATURE_LOCATION_CONFLICT::Coding region xref gene does not exist
prokka_out/CA140717:CDS	Multidrug resistance protein MdtC	NODE_1_length_379410_cov_119.795087:c213726-210709	DOCPNFPP_00209

DiscRep_SUB:FEATURE_LOCATION_CONFLICT::Coding region xref gene does not exist
prokka_out/CA140717:CDS	Cobalt-zinc-cadmium resistance protein CzcB	NODE_1_length_379410_cov_119.795087:c214469-213729	DOCPNFPP_00210

DiscRep_SUB:FEATURE_LOCATION_CONFLICT::Coding region xref gene does not exist
prokka_out/CA140717:CDS	hypothetical protein	NODE_1_length_379410_cov_119.795087:c215740-214466	DOCPNFPP_00211

DiscRep_SUB:FEATURE_LOCATION_CONFLICT::Coding region xref gene does not exist
prokka_out/CA140717:CDS	Elongation factor 4	NODE_1_length_379410_cov_119.795087:215866-217662	DOCPNFPP_00212

DiscRep_SUB:FEATURE_LOCATION_CONFLICT::Coding region xref gene does not exist
prokka_out/CA140717:CDS	hypothetical protein	NODE_1_length_379410_cov_119.795087:217753-218397	DOCPNFPP_00213

DiscRep_SUB:FEATURE_LOCATION_CONFLICT::Coding region xref gene does not exist
prokka_out/CA140717:CDS	hypothetical protein	NODE_1_length_379410_cov_119.795087:218394-218969	DOCPNFPP_00214

DiscRep_SUB:FEATURE_LOCATION_CONFLICT::Coding region xref gene does not exist
prokka_out/CA140717:CDS	DNA gyrase subunit A	NODE_1_length_379410_cov_119.795087:219009-221576	DOCPNFPP_00215

DiscRep_SUB:FEATURE_LOCATION_CONFLICT::Coding region xref gene does not exist
prokka_out/CA140717:CDS	hypothetical protein	NODE_1_length_379410_cov_119.795087:221644-222165	DOCPNFPP_00216

DiscRep_SUB:FEATURE_LOCATION_CONFLICT::Coding region xref gene does not exist
prokka_out/CA140717:CDS	hypothetical protein	NODE_1_length_379410_cov_119.795087:222141-222590	DOCPNFPP_00217

DiscRep_SUB:FEATURE_LOCATION_CONFLICT::Coding region xref gene does not exist
prokka_out/CA140717:CDS	Regulatory protein AtoC	NODE_1_length_379410_cov_119.795087:222639-223937	DOCPNFPP_00218

DiscRep_SUB:FEATURE_LOCATION_CONFLICT::Coding region xref gene does not exist
prokka_out/CA140717:CDS	Aspartate-semialdehyde dehydrogenase	NODE_1_length_379410_cov_119.795087:223937-224968	DOCPNFPP_00219

DiscRep_SUB:FEATURE_LOCATION_CONFLICT::Coding region xref gene does not exist
prokka_out/CA140717:CDS	hypothetical protein	NODE_1_length_379410_cov_119.795087:224982-225488	DOCPNFPP_00220

DiscRep_SUB:FEATURE_LOCATION_CONFLICT::Coding region xref gene does not exist
prokka_out/CA140717:CDS	hypothetical protein	NODE_1_length_379410_cov_119.795087:225542-225742	DOCPNFPP_00221

DiscRep_SUB:FEATURE_LOCATION_CONFLICT::Coding region xref gene does not exist
prokka_out/CA140717:CDS	hypothetical protein	NODE_1_length_379410_cov_119.795087:225752-226183	DOCPNFPP_00222

DiscRep_SUB:FEATURE_LOCATION_CONFLICT::Coding region xref gene does not exist
prokka_out/CA140717:CDS	Leu/Ile/Val-binding protein	NODE_1_length_379410_cov_119.795087:226219-227334	DOCPNFPP_00223

DiscRep_SUB:FEATURE_LOCATION_CONFLICT::Coding region xref gene does not exist
prokka_out/CA140717:CDS	hypothetical protein	NODE_1_length_379410_cov_119.795087:227344-228453	DOCPNFPP_00224

DiscRep_SUB:FEATURE_LOCATION_CONFLICT::Coding region xref gene does not exist
prokka_out/CA140717:CDS	High-affinity branched-chain amino acid transport system permease protein LivH	NODE_1_length_379410_cov_119.795087:228461-229420	DOCPNFPP_00225

DiscRep_SUB:FEATURE_LOCATION_CONFLICT::Coding region xref gene does not exist
prokka_out/CA140717:CDS	hypothetical protein	NODE_1_length_379410_cov_119.795087:229423-230463	DOCPNFPP_00226

DiscRep_SUB:FEATURE_LOCATION_CONFLICT::Coding region xref gene does not exist
prokka_out/CA140717:CDS	Lipopolysaccharide export system ATP-binding protein LptB	NODE_1_length_379410_cov_119.795087:230463-231233	DOCPNFPP_00227

DiscRep_SUB:FEATURE_LOCATION_CONFLICT::Coding region xref gene does not exist
prokka_out/CA140717:CDS	High-affinity branched-chain amino acid transport ATP-binding protein LivF	NODE_1_length_379410_cov_119.795087:231220-231915	DOCPNFPP_00228

DiscRep_SUB:FEATURE_LOCATION_CONFLICT::Coding region xref gene does not exist
prokka_out/CA140717:CDS	Cytochrome c biogenesis protein CcsA	NODE_1_length_379410_cov_119.795087:231931-235191	DOCPNFPP_00229

DiscRep_SUB:FEATURE_LOCATION_CONFLICT::Coding region xref gene does not exist
prokka_out/CA140717:CDS	hypothetical protein	NODE_1_length_379410_cov_119.795087:235191-235646	DOCPNFPP_00230

DiscRep_SUB:FEATURE_LOCATION_CONFLICT::Coding region xref gene does not exist
prokka_out/CA140717:CDS	hypothetical protein	NODE_1_length_379410_cov_119.795087:236022-236192	DOCPNFPP_00231

DiscRep_SUB:FEATURE_LOCATION_CONFLICT::Coding region xref gene does not exist
prokka_out/CA140717:CDS	hypothetical protein	NODE_1_length_379410_cov_119.795087:236607-238286	DOCPNFPP_00232

DiscRep_SUB:FEATURE_LOCATION_CONFLICT::Coding region xref gene does not exist
prokka_out/CA140717:CDS	hypothetical protein	NODE_1_length_379410_cov_119.795087:238297-238581	DOCPNFPP_00233

DiscRep_SUB:FEATURE_LOCATION_CONFLICT::Coding region xref gene does not exist
prokka_out/CA140717:CDS	hypothetical protein	NODE_1_length_379410_cov_119.795087:238593-239273	DOCPNFPP_00234

DiscRep_SUB:FEATURE_LOCATION_CONFLICT::Coding region xref gene does not exist
prokka_out/CA140717:CDS	hypothetical protein	NODE_1_length_379410_cov_119.795087:c240680-239910	DOCPNFPP_00236

DiscRep_SUB:FEATURE_LOCATION_CONFLICT::Coding region xref gene does not exist
prokka_out/CA140717:CDS	Queuine tRNA-ribosyltransferase	NODE_1_length_379410_cov_119.795087:c241800-240667	DOCPNFPP_00237

DiscRep_SUB:FEATURE_LOCATION_CONFLICT::Coding region xref gene does not exist
prokka_out/CA140717:CDS	hypothetical protein	NODE_1_length_379410_cov_119.795087:241830-243230	DOCPNFPP_00238

DiscRep_SUB:FEATURE_LOCATION_CONFLICT::Coding region xref gene does not exist
prokka_out/CA140717:CDS	3-dehydroquinate synthase	NODE_1_length_379410_cov_119.795087:243398-244453	DOCPNFPP_00239

DiscRep_SUB:FEATURE_LOCATION_CONFLICT::Coding region xref gene does not exist
prokka_out/CA140717:CDS	hypothetical protein	NODE_1_length_379410_cov_119.795087:244450-246021	DOCPNFPP_00240

DiscRep_SUB:FEATURE_LOCATION_CONFLICT::Coding region xref gene does not exist
prokka_out/CA140717:CDS	Threonylcarbamoyladenosine tRNA methylthiotransferase MtaB	NODE_1_length_379410_cov_119.795087:246018-247274	DOCPNFPP_00241

DiscRep_SUB:FEATURE_LOCATION_CONFLICT::Coding region xref gene does not exist
prokka_out/CA140717:CDS	ATP-dependent zinc metalloprotease FtsH 3	NODE_1_length_379410_cov_119.795087:247271-248875	DOCPNFPP_00242

DiscRep_SUB:FEATURE_LOCATION_CONFLICT::Coding region xref gene does not exist
prokka_out/CA140717:CDS	hypothetical protein	NODE_1_length_379410_cov_119.795087:c249346-248930	DOCPNFPP_00243

DiscRep_SUB:FEATURE_LOCATION_CONFLICT::Coding region xref gene does not exist
prokka_out/CA140717:CDS	hypothetical protein	NODE_1_length_379410_cov_119.795087:249446-249964	DOCPNFPP_00244

DiscRep_SUB:FEATURE_LOCATION_CONFLICT::Coding region xref gene does not exist
prokka_out/CA140717:CDS	hypothetical protein	NODE_1_length_379410_cov_119.795087:249961-250470	DOCPNFPP_00245

DiscRep_SUB:FEATURE_LOCATION_CONFLICT::Coding region xref gene does not exist
prokka_out/CA140717:CDS	RNA polymerase sigma factor RpoD	NODE_1_length_379410_cov_119.795087:c252336-250471	DOCPNFPP_00246

DiscRep_SUB:FEATURE_LOCATION_CONFLICT::Coding region xref gene does not exist
prokka_out/CA140717:CDS	HTH-type transcriptional regulator CysL	NODE_1_length_379410_cov_119.795087:c253292-252411	DOCPNFPP_00247

DiscRep_SUB:FEATURE_LOCATION_CONFLICT::Coding region xref gene does not exist
prokka_out/CA140717:CDS	hypothetical protein	NODE_1_length_379410_cov_119.795087:253436-254530	DOCPNFPP_00248

DiscRep_SUB:FEATURE_LOCATION_CONFLICT::Coding region xref gene does not exist
prokka_out/CA140717:CDS	hypothetical protein	NODE_1_length_379410_cov_119.795087:254622-255194	DOCPNFPP_00249

DiscRep_SUB:FEATURE_LOCATION_CONFLICT::Coding region xref gene does not exist
prokka_out/CA140717:CDS	Ribosomal RNA small subunit methyltransferase G	NODE_1_length_379410_cov_119.795087:c255794-255195	DOCPNFPP_00250

DiscRep_SUB:FEATURE_LOCATION_CONFLICT::Coding region xref gene does not exist
prokka_out/CA140717:CDS	GTP cyclohydrolase-2	NODE_1_length_379410_cov_119.795087:c256351-255791	DOCPNFPP_00251

DiscRep_SUB:FEATURE_LOCATION_CONFLICT::Coding region xref gene does not exist
prokka_out/CA140717:CDS	Delta-aminolevulinic acid dehydratase	NODE_1_length_379410_cov_119.795087:256408-257391	DOCPNFPP_00252

DiscRep_SUB:FEATURE_LOCATION_CONFLICT::Coding region xref gene does not exist
prokka_out/CA140717:CDS	Ornithine carbamoyltransferase, anabolic	NODE_1_length_379410_cov_119.795087:257388-258299	DOCPNFPP_00253

DiscRep_SUB:FEATURE_LOCATION_CONFLICT::Coding region xref gene does not exist
prokka_out/CA140717:CDS	hypothetical protein	NODE_1_length_379410_cov_119.795087:258349-258840	DOCPNFPP_00254

DiscRep_SUB:FEATURE_LOCATION_CONFLICT::Coding region xref gene does not exist
prokka_out/CA140717:CDS	Oxygen-independent coproporphyrinogen III oxidase	NODE_1_length_379410_cov_119.795087:258827-260182	DOCPNFPP_00255

DiscRep_SUB:FEATURE_LOCATION_CONFLICT::Coding region xref gene does not exist
prokka_out/CA140717:CDS	Lactate utilization protein A	NODE_1_length_379410_cov_119.795087:260193-261458	DOCPNFPP_00256

DiscRep_SUB:FEATURE_LOCATION_CONFLICT::Coding region xref gene does not exist
prokka_out/CA140717:CDS	hypothetical protein	NODE_1_length_379410_cov_119.795087:261459-262199	DOCPNFPP_00257

DiscRep_SUB:FEATURE_LOCATION_CONFLICT::Coding region xref gene does not exist
prokka_out/CA140717:CDS	hypothetical protein	NODE_1_length_379410_cov_119.795087:c262405-262202	DOCPNFPP_00258

DiscRep_SUB:FEATURE_LOCATION_CONFLICT::Coding region xref gene does not exist
prokka_out/CA140717:CDS	hypothetical protein	NODE_1_length_379410_cov_119.795087:c263344-262604	DOCPNFPP_00259

DiscRep_SUB:FEATURE_LOCATION_CONFLICT::Coding region xref gene does not exist
prokka_out/CA140717:CDS	hypothetical protein	NODE_1_length_379410_cov_119.795087:c264557-263454	DOCPNFPP_00260

DiscRep_SUB:FEATURE_LOCATION_CONFLICT::Coding region xref gene does not exist
prokka_out/CA140717:CDS	ABC transporter glutamine-binding protein GlnH	NODE_1_length_379410_cov_119.795087:264755-265594	DOCPNFPP_00261

DiscRep_SUB:FEATURE_LOCATION_CONFLICT::Coding region xref gene does not exist
prokka_out/CA140717:CDS	Proline/betaine transporter	NODE_1_length_379410_cov_119.795087:265637-266884	DOCPNFPP_00262

DiscRep_SUB:FEATURE_LOCATION_CONFLICT::Coding region xref gene does not exist
prokka_out/CA140717:CDS	Cytosol non-specific dipeptidase	NODE_1_length_379410_cov_119.795087:c268135-266867	DOCPNFPP_00263

DiscRep_SUB:FEATURE_LOCATION_CONFLICT::Coding region xref gene does not exist
prokka_out/CA140717:CDS	hypothetical protein	NODE_1_length_379410_cov_119.795087:268192-268719	DOCPNFPP_00264

DiscRep_SUB:FEATURE_LOCATION_CONFLICT::Coding region xref gene does not exist
prokka_out/CA140717:CDS	hypothetical protein	NODE_1_length_379410_cov_119.795087:268729-268902	DOCPNFPP_00265

DiscRep_SUB:FEATURE_LOCATION_CONFLICT::Coding region xref gene does not exist
prokka_out/CA140717:CDS	hypothetical protein	NODE_1_length_379410_cov_119.795087:c269482-268907	DOCPNFPP_00266

DiscRep_SUB:FEATURE_LOCATION_CONFLICT::Coding region xref gene does not exist
prokka_out/CA140717:CDS	tRNA U34 carboxymethyltransferase	NODE_1_length_379410_cov_119.795087:c270434-269559	DOCPNFPP_00267

DiscRep_SUB:FEATURE_LOCATION_CONFLICT::Coding region xref gene does not exist
prokka_out/CA140717:CDS	hypothetical protein	NODE_1_length_379410_cov_119.795087:c271959-271048	DOCPNFPP_00268

DiscRep_SUB:FEATURE_LOCATION_CONFLICT::Coding region xref gene does not exist
prokka_out/CA140717:CDS	hypothetical protein	NODE_1_length_379410_cov_119.795087:c272321-272139	DOCPNFPP_00269

DiscRep_SUB:FEATURE_LOCATION_CONFLICT::Coding region xref gene does not exist
prokka_out/CA140717:CDS	ATP synthase subunit c	NODE_1_length_379410_cov_119.795087:c273309-272971	DOCPNFPP_00271

DiscRep_SUB:FEATURE_LOCATION_CONFLICT::Coding region xref gene does not exist
prokka_out/CA140717:CDS	hypothetical protein	NODE_1_length_379410_cov_119.795087:273553-274887	DOCPNFPP_00272

DiscRep_SUB:FEATURE_LOCATION_CONFLICT::Coding region xref gene does not exist
prokka_out/CA140717:CDS	hypothetical protein	NODE_1_length_379410_cov_119.795087:274901-276250	DOCPNFPP_00273

DiscRep_SUB:FEATURE_LOCATION_CONFLICT::Coding region xref gene does not exist
prokka_out/CA140717:CDS	Oxaloacetate decarboxylase alpha chain	NODE_1_length_379410_cov_119.795087:276273-278066	DOCPNFPP_00274

DiscRep_SUB:FEATURE_LOCATION_CONFLICT::Coding region xref gene does not exist
prokka_out/CA140717:CDS	Phosphoenolpyruvate carboxykinase (ATP)	NODE_1_length_379410_cov_119.795087:278075-279649	DOCPNFPP_00275

DiscRep_SUB:FEATURE_LOCATION_CONFLICT::Coding region xref gene does not exist
prokka_out/CA140717:CDS	Argininosuccinate lyase	NODE_1_length_379410_cov_119.795087:279659-281044	DOCPNFPP_00276

DiscRep_SUB:FEATURE_LOCATION_CONFLICT::Coding region xref gene does not exist
prokka_out/CA140717:CDS	Ribosome-binding ATPase YchF	NODE_1_length_379410_cov_119.795087:c282154-281051	DOCPNFPP_00277

DiscRep_SUB:FEATURE_LOCATION_CONFLICT::Coding region xref gene does not exist
prokka_out/CA140717:CDS	Cytosol aminopeptidase	NODE_1_length_379410_cov_119.795087:c283602-282151	DOCPNFPP_00278

DiscRep_SUB:FEATURE_LOCATION_CONFLICT::Coding region xref gene does not exist
prokka_out/CA140717:CDS	hypothetical protein	NODE_1_length_379410_cov_119.795087:c284287-283592	DOCPNFPP_00279

DiscRep_SUB:FEATURE_LOCATION_CONFLICT::Coding region xref gene does not exist
prokka_out/CA140717:CDS	Adenine phosphoribosyltransferase	NODE_1_length_379410_cov_119.795087:c284845-284297	DOCPNFPP_00280

DiscRep_SUB:FEATURE_LOCATION_CONFLICT::Coding region xref gene does not exist
prokka_out/CA140717:CDS	hypothetical protein	NODE_1_length_379410_cov_119.795087:c285174-284842	DOCPNFPP_00281

DiscRep_SUB:FEATURE_LOCATION_CONFLICT::Coding region xref gene does not exist
prokka_out/CA140717:CDS	Ribose-5-phosphate isomerase B	NODE_1_length_379410_cov_119.795087:c285611-285174	DOCPNFPP_00282

DiscRep_SUB:FEATURE_LOCATION_CONFLICT::Coding region xref gene does not exist
prokka_out/CA140717:CDS	Protein-glutamate methylesterase/protein-glutamine glutaminase	NODE_1_length_379410_cov_119.795087:285780-286334	DOCPNFPP_00283

DiscRep_SUB:FEATURE_LOCATION_CONFLICT::Coding region xref gene does not exist
prokka_out/CA140717:CDS	Chemotaxis protein methyltransferase	NODE_1_length_379410_cov_119.795087:286347-287135	DOCPNFPP_00284

DiscRep_SUB:FEATURE_LOCATION_CONFLICT::Coding region xref gene does not exist
prokka_out/CA140717:CDS	Glutamine transport ATP-binding protein GlnQ	NODE_1_length_379410_cov_119.795087:287298-288026	DOCPNFPP_00285

DiscRep_SUB:FEATURE_LOCATION_CONFLICT::Coding region xref gene does not exist
prokka_out/CA140717:CDS	Major cell-binding factor	NODE_1_length_379410_cov_119.795087:288051-288830	DOCPNFPP_00286

DiscRep_SUB:FEATURE_LOCATION_CONFLICT::Coding region xref gene does not exist
prokka_out/CA140717:CDS	putative glutamine ABC transporter permease protein GlnM	NODE_1_length_379410_cov_119.795087:288832-289584	DOCPNFPP_00287

DiscRep_SUB:FEATURE_LOCATION_CONFLICT::Coding region xref gene does not exist
prokka_out/CA140717:CDS	putative glutamine ABC transporter permease protein GlnP	NODE_1_length_379410_cov_119.795087:289595-290254	DOCPNFPP_00288

DiscRep_SUB:FEATURE_LOCATION_CONFLICT::Coding region xref gene does not exist
prokka_out/CA140717:CDS	Ribose-phosphate pyrophosphokinase	NODE_1_length_379410_cov_119.795087:290355-291284	DOCPNFPP_00289

DiscRep_SUB:FEATURE_LOCATION_CONFLICT::Coding region xref gene does not exist
prokka_out/CA140717:CDS	Peptide transporter CstA	NODE_1_length_379410_cov_119.795087:291671-293782	DOCPNFPP_00290

DiscRep_SUB:FEATURE_LOCATION_CONFLICT::Coding region xref gene does not exist
prokka_out/CA140717:CDS	putative acyl-CoA thioester hydrolase	NODE_1_length_379410_cov_119.795087:c294419-294006	DOCPNFPP_00291

DiscRep_SUB:FEATURE_LOCATION_CONFLICT::Coding region xref gene does not exist
prokka_out/CA140717:CDS	hypothetical protein	NODE_1_length_379410_cov_119.795087:294484-296325	DOCPNFPP_00292

DiscRep_SUB:FEATURE_LOCATION_CONFLICT::Coding region xref gene does not exist
prokka_out/CA140717:CDS	DNA-binding protein HU	NODE_1_length_379410_cov_119.795087:296402-296692	DOCPNFPP_00293

DiscRep_SUB:FEATURE_LOCATION_CONFLICT::Coding region xref gene does not exist
prokka_out/CA140717:CDS	Cysteine synthase	NODE_1_length_379410_cov_119.795087:296820-297719	DOCPNFPP_00294

DiscRep_SUB:FEATURE_LOCATION_CONFLICT::Coding region xref gene does not exist
prokka_out/CA140717:CDS	hypothetical protein	NODE_1_length_379410_cov_119.795087:c298279-297725	DOCPNFPP_00295

DiscRep_SUB:FEATURE_LOCATION_CONFLICT::Coding region xref gene does not exist
prokka_out/CA140717:CDS	hypothetical protein	NODE_1_length_379410_cov_119.795087:c298728-298276	DOCPNFPP_00296

DiscRep_SUB:FEATURE_LOCATION_CONFLICT::Coding region xref gene does not exist
prokka_out/CA140717:CDS	hypothetical protein	NODE_1_length_379410_cov_119.795087:c299148-298732	DOCPNFPP_00297

DiscRep_SUB:FEATURE_LOCATION_CONFLICT::Coding region xref gene does not exist
prokka_out/CA140717:CDS	hypothetical protein	NODE_1_length_379410_cov_119.795087:c299542-299249	DOCPNFPP_00298

DiscRep_SUB:FEATURE_LOCATION_CONFLICT::Coding region xref gene does not exist
prokka_out/CA140717:CDS	hypothetical protein	NODE_1_length_379410_cov_119.795087:299863-300840	DOCPNFPP_00299

DiscRep_SUB:FEATURE_LOCATION_CONFLICT::Coding region xref gene does not exist
prokka_out/CA140717:CDS	Alanine racemase	NODE_1_length_379410_cov_119.795087:300840-301829	DOCPNFPP_00300

DiscRep_SUB:FEATURE_LOCATION_CONFLICT::Coding region xref gene does not exist
prokka_out/CA140717:CDS	tRNA (cytidine(34)-2'-O)-methyltransferase	NODE_1_length_379410_cov_119.795087:301832-302299	DOCPNFPP_00301

DiscRep_SUB:FEATURE_LOCATION_CONFLICT::Coding region xref gene does not exist
prokka_out/CA140717:CDS	Amino-acid carrier protein AlsT	NODE_1_length_379410_cov_119.795087:302405-303889	DOCPNFPP_00302

DiscRep_SUB:FEATURE_LOCATION_CONFLICT::Coding region xref gene does not exist
prokka_out/CA140717:CDS	Glutamine transport ATP-binding protein GlnQ	NODE_1_length_379410_cov_119.795087:c304644-303916	DOCPNFPP_00303

DiscRep_SUB:FEATURE_LOCATION_CONFLICT::Coding region xref gene does not exist
prokka_out/CA140717:CDS	hypothetical protein	NODE_1_length_379410_cov_119.795087:c305380-304637	DOCPNFPP_00304

DiscRep_SUB:FEATURE_LOCATION_CONFLICT::Coding region xref gene does not exist
prokka_out/CA140717:CDS	hypothetical protein	NODE_1_length_379410_cov_119.795087:305491-305628	DOCPNFPP_00305

DiscRep_SUB:FEATURE_LOCATION_CONFLICT::Coding region xref gene does not exist
prokka_out/CA140717:CDS	Protein/nucleic acid deglycase 3	NODE_1_length_379410_cov_119.795087:305625-306194	DOCPNFPP_00306

DiscRep_SUB:FEATURE_LOCATION_CONFLICT::Coding region xref gene does not exist
prokka_out/CA140717:CDS	putative HIT-like protein	NODE_1_length_379410_cov_119.795087:c306598-306233	DOCPNFPP_00307

DiscRep_SUB:FEATURE_LOCATION_CONFLICT::Coding region xref gene does not exist
prokka_out/CA140717:CDS	Phenylalanine--tRNA ligase alpha subunit	NODE_1_length_379410_cov_119.795087:306719-307711	DOCPNFPP_00308

DiscRep_SUB:FEATURE_LOCATION_CONFLICT::Coding region xref gene does not exist
prokka_out/CA140717:CDS	Phenylalanine--tRNA ligase beta subunit	NODE_1_length_379410_cov_119.795087:307708-310029	DOCPNFPP_00309

DiscRep_SUB:FEATURE_LOCATION_CONFLICT::Coding region xref gene does not exist
prokka_out/CA140717:CDS	3-phosphoshikimate 1-carboxyvinyltransferase	NODE_1_length_379410_cov_119.795087:310026-311306	DOCPNFPP_00310

DiscRep_SUB:FEATURE_LOCATION_CONFLICT::Coding region xref gene does not exist
prokka_out/CA140717:CDS	4-hydroxy-3-methylbut-2-enyl diphosphate reductase	NODE_1_length_379410_cov_119.795087:311296-312126	DOCPNFPP_00311

DiscRep_SUB:FEATURE_LOCATION_CONFLICT::Coding region xref gene does not exist
prokka_out/CA140717:CDS	30S ribosomal protein S1	NODE_1_length_379410_cov_119.795087:312266-313936	DOCPNFPP_00312

DiscRep_SUB:FEATURE_LOCATION_CONFLICT::Coding region xref gene does not exist
prokka_out/CA140717:CDS	hypothetical protein	NODE_1_length_379410_cov_119.795087:313936-314427	DOCPNFPP_00313

DiscRep_SUB:FEATURE_LOCATION_CONFLICT::Coding region xref gene does not exist
prokka_out/CA140717:CDS	D-3-phosphoglycerate dehydrogenase	NODE_1_length_379410_cov_119.795087:314424-316007	DOCPNFPP_00314

DiscRep_SUB:FEATURE_LOCATION_CONFLICT::Coding region xref gene does not exist
prokka_out/CA140717:CDS	Transcriptional regulatory protein WalR	NODE_1_length_379410_cov_119.795087:315985-316656	DOCPNFPP_00315

DiscRep_SUB:FEATURE_LOCATION_CONFLICT::Coding region xref gene does not exist
prokka_out/CA140717:CDS	Adaptive-response sensory-kinase SasA	NODE_1_length_379410_cov_119.795087:316650-317933	DOCPNFPP_00316

DiscRep_SUB:FEATURE_LOCATION_CONFLICT::Coding region xref gene does not exist
prokka_out/CA140717:CDS	ABC transporter ATP-binding protein uup	NODE_1_length_379410_cov_119.795087:317943-319874	DOCPNFPP_00317

DiscRep_SUB:FEATURE_LOCATION_CONFLICT::Coding region xref gene does not exist
prokka_out/CA140717:CDS	Molybdopterin molybdenumtransferase	NODE_1_length_379410_cov_119.795087:c321270-320104	DOCPNFPP_00319

DiscRep_SUB:FEATURE_LOCATION_CONFLICT::Coding region xref gene does not exist
prokka_out/CA140717:CDS	UDP-N-acetylglucosamine 1-carboxyvinyltransferase	NODE_1_length_379410_cov_119.795087:c322523-321267	DOCPNFPP_00320

DiscRep_SUB:FEATURE_LOCATION_CONFLICT::Coding region xref gene does not exist
prokka_out/CA140717:CDS	putative inner membrane transporter YicL	NODE_1_length_379410_cov_119.795087:322718-323578	DOCPNFPP_00321

DiscRep_SUB:FEATURE_LOCATION_CONFLICT::Coding region xref gene does not exist
prokka_out/CA140717:CDS	Anthranilate synthase component 2	NODE_1_length_379410_cov_119.795087:c324153-323575	DOCPNFPP_00322

DiscRep_SUB:FEATURE_LOCATION_CONFLICT::Coding region xref gene does not exist
prokka_out/CA140717:CDS	Isochorismate synthase MenF	NODE_1_length_379410_cov_119.795087:c325928-324150	DOCPNFPP_00323

DiscRep_SUB:FEATURE_LOCATION_CONFLICT::Coding region xref gene does not exist
prokka_out/CA140717:CDS	Tyrosine recombinase XerH	NODE_1_length_379410_cov_119.795087:c326982-325918	DOCPNFPP_00324

DiscRep_SUB:FEATURE_LOCATION_CONFLICT::Coding region xref gene does not exist
prokka_out/CA140717:CDS	Protein-disulfide oxidoreductase DsbI	NODE_1_length_379410_cov_119.795087:327607-328302	DOCPNFPP_00325

DiscRep_SUB:FEATURE_LOCATION_CONFLICT::Coding region xref gene does not exist
prokka_out/CA140717:CDS	Thiol:disulfide interchange protein DsbL	NODE_1_length_379410_cov_119.795087:328391-329029	DOCPNFPP_00326

DiscRep_SUB:FEATURE_LOCATION_CONFLICT::Coding region xref gene does not exist
prokka_out/CA140717:CDS	hypothetical protein	NODE_1_length_379410_cov_119.795087:329154-329294	DOCPNFPP_00327

DiscRep_SUB:FEATURE_LOCATION_CONFLICT::Coding region xref gene does not exist
prokka_out/CA140717:CDS	hypothetical protein	NODE_1_length_379410_cov_119.795087:c329914-329282	DOCPNFPP_00328

DiscRep_SUB:FEATURE_LOCATION_CONFLICT::Coding region xref gene does not exist
prokka_out/CA140717:CDS	hypothetical protein	NODE_1_length_379410_cov_119.795087:c330153-329911	DOCPNFPP_00329

DiscRep_SUB:FEATURE_LOCATION_CONFLICT::Coding region xref gene does not exist
prokka_out/CA140717:CDS	3',5'-cyclic-nucleotide phosphodiesterase	NODE_1_length_379410_cov_119.795087:c331186-330134	DOCPNFPP_00330

DiscRep_SUB:FEATURE_LOCATION_CONFLICT::Coding region xref gene does not exist
prokka_out/CA140717:CDS	Flagellar biosynthesis protein FlhA	NODE_1_length_379410_cov_119.795087:c333372-331195	DOCPNFPP_00331

DiscRep_SUB:FEATURE_LOCATION_CONFLICT::Coding region xref gene does not exist
prokka_out/CA140717:CDS	HTH-type transcriptional regulator CymR	NODE_1_length_379410_cov_119.795087:c333769-333359	DOCPNFPP_00332

DiscRep_SUB:FEATURE_LOCATION_CONFLICT::Coding region xref gene does not exist
prokka_out/CA140717:CDS	30S ribosomal protein S15	NODE_1_length_379410_cov_119.795087:333935-334207	DOCPNFPP_00333

DiscRep_SUB:FEATURE_LOCATION_CONFLICT::Coding region xref gene does not exist
prokka_out/CA140717:CDS	hypothetical protein	NODE_1_length_379410_cov_119.795087:c337247-334278	DOCPNFPP_00334

DiscRep_SUB:FEATURE_LOCATION_CONFLICT::Coding region xref gene does not exist
prokka_out/CA140717:CDS	hypothetical protein	NODE_1_length_379410_cov_119.795087:c339610-337358	DOCPNFPP_00335

DiscRep_SUB:FEATURE_LOCATION_CONFLICT::Coding region xref gene does not exist
prokka_out/CA140717:CDS	hypothetical protein	NODE_1_length_379410_cov_119.795087:340428-341123	DOCPNFPP_00337

DiscRep_SUB:FEATURE_LOCATION_CONFLICT::Coding region xref gene does not exist
prokka_out/CA140717:CDS	Adaptive-response sensory-kinase SasA	NODE_1_length_379410_cov_119.795087:c342470-341451	DOCPNFPP_00338

DiscRep_SUB:FEATURE_LOCATION_CONFLICT::Coding region xref gene does not exist
prokka_out/CA140717:CDS	hypothetical protein	NODE_1_length_379410_cov_119.795087:c343213-342467	DOCPNFPP_00339

DiscRep_SUB:FEATURE_LOCATION_CONFLICT::Coding region xref gene does not exist
prokka_out/CA140717:CDS	Cysteine desulfurase	NODE_1_length_379410_cov_119.795087:343392-344660	DOCPNFPP_00340

DiscRep_SUB:FEATURE_LOCATION_CONFLICT::Coding region xref gene does not exist
prokka_out/CA140717:CDS	hypothetical protein	NODE_1_length_379410_cov_119.795087:c346122-345337	DOCPNFPP_00348

DiscRep_SUB:FEATURE_LOCATION_CONFLICT::Coding region xref gene does not exist
prokka_out/CA140717:CDS	hypothetical protein	NODE_1_length_379410_cov_119.795087:346246-346623	DOCPNFPP_00349

DiscRep_SUB:FEATURE_LOCATION_CONFLICT::Coding region xref gene does not exist
prokka_out/CA140717:CDS	hypothetical protein	NODE_1_length_379410_cov_119.795087:c347750-346632	DOCPNFPP_00350

DiscRep_SUB:FEATURE_LOCATION_CONFLICT::Coding region xref gene does not exist
prokka_out/CA140717:CDS	Lipoprotein-releasing system transmembrane protein LolE	NODE_1_length_379410_cov_119.795087:c348965-347760	DOCPNFPP_00351

DiscRep_SUB:FEATURE_LOCATION_CONFLICT::Coding region xref gene does not exist
prokka_out/CA140717:CDS	Protein translocase subunit SecA	NODE_1_length_379410_cov_119.795087:c351550-348962	DOCPNFPP_00352

DiscRep_SUB:FEATURE_LOCATION_CONFLICT::Coding region xref gene does not exist
prokka_out/CA140717:CDS	Outer-membrane lipoprotein carrier protein	NODE_1_length_379410_cov_119.795087:351659-352168	DOCPNFPP_00353

DiscRep_SUB:FEATURE_LOCATION_CONFLICT::Coding region xref gene does not exist
prokka_out/CA140717:CDS	hypothetical protein	NODE_1_length_379410_cov_119.795087:c352869-352171	DOCPNFPP_00354

DiscRep_SUB:FEATURE_LOCATION_CONFLICT::Coding region xref gene does not exist
prokka_out/CA140717:CDS	ATP-dependent RecD-like DNA helicase	NODE_1_length_379410_cov_119.795087:c354223-352880	DOCPNFPP_00355

DiscRep_SUB:FEATURE_LOCATION_CONFLICT::Coding region xref gene does not exist
prokka_out/CA140717:CDS	hypothetical protein	NODE_1_length_379410_cov_119.795087:354272-355636	DOCPNFPP_00356

DiscRep_SUB:FEATURE_LOCATION_CONFLICT::Coding region xref gene does not exist
prokka_out/CA140717:CDS	N-carbamoyl-D-amino acid hydrolase	NODE_1_length_379410_cov_119.795087:c356545-355673	DOCPNFPP_00357

DiscRep_SUB:FEATURE_LOCATION_CONFLICT::Coding region xref gene does not exist
prokka_out/CA140717:CDS	Ferrous-iron efflux pump FieF	NODE_1_length_379410_cov_119.795087:c357429-356542	DOCPNFPP_00358

DiscRep_SUB:FEATURE_LOCATION_CONFLICT::Coding region xref gene does not exist
prokka_out/CA140717:CDS	Agmatine deiminase	NODE_1_length_379410_cov_119.795087:c358403-357426	DOCPNFPP_00359

DiscRep_SUB:FEATURE_LOCATION_CONFLICT::Coding region xref gene does not exist
prokka_out/CA140717:CDS	hypothetical protein	NODE_1_length_379410_cov_119.795087:c358937-358500	DOCPNFPP_00360

DiscRep_SUB:FEATURE_LOCATION_CONFLICT::Coding region xref gene does not exist
prokka_out/CA140717:CDS	hypothetical protein	NODE_1_length_379410_cov_119.795087:c360539-358947	DOCPNFPP_00361

DiscRep_SUB:FEATURE_LOCATION_CONFLICT::Coding region xref gene does not exist
prokka_out/CA140717:CDS	Bifunctional purine biosynthesis protein PurH	NODE_1_length_379410_cov_119.795087:c362166-360634	DOCPNFPP_00362

DiscRep_SUB:FEATURE_LOCATION_CONFLICT::Coding region xref gene does not exist
prokka_out/CA140717:CDS	Co-chaperone protein DjlA	NODE_1_length_379410_cov_119.795087:c363052-362282	DOCPNFPP_00363

DiscRep_SUB:FEATURE_LOCATION_CONFLICT::Coding region xref gene does not exist
prokka_out/CA140717:CDS	Phosphoribosylformylglycinamidine synthase subunit PurL	NODE_1_length_379410_cov_119.795087:c365235-363049	DOCPNFPP_00364

DiscRep_SUB:FEATURE_LOCATION_CONFLICT::Coding region xref gene does not exist
prokka_out/CA140717:CDS	tRNA modification GTPase MnmE	NODE_1_length_379410_cov_119.795087:c366574-365246	DOCPNFPP_00365

DiscRep_SUB:FEATURE_LOCATION_CONFLICT::Coding region xref gene does not exist
prokka_out/CA140717:CDS	hypothetical protein	NODE_1_length_379410_cov_119.795087:c367418-366567	DOCPNFPP_00366

DiscRep_SUB:FEATURE_LOCATION_CONFLICT::Coding region xref gene does not exist
prokka_out/CA140717:CDS	Membrane protein insertase YidC	NODE_1_length_379410_cov_119.795087:c369018-367423	DOCPNFPP_00367

DiscRep_SUB:FEATURE_LOCATION_CONFLICT::Coding region xref gene does not exist
prokka_out/CA140717:CDS	Putative membrane protein insertion efficiency factor	NODE_1_length_379410_cov_119.795087:c369389-369015	DOCPNFPP_00368

DiscRep_SUB:FEATURE_LOCATION_CONFLICT::Coding region xref gene does not exist
prokka_out/CA140717:CDS	Ribonuclease P protein component	NODE_1_length_379410_cov_119.795087:c369682-369356	DOCPNFPP_00369

DiscRep_SUB:FEATURE_LOCATION_CONFLICT::Coding region xref gene does not exist
prokka_out/CA140717:CDS	50S ribosomal protein L34	NODE_1_length_379410_cov_119.795087:c369813-369679	DOCPNFPP_00370

DiscRep_SUB:FEATURE_LOCATION_CONFLICT::Coding region xref gene does not exist
prokka_out/CA140717:CDS	hypothetical protein	NODE_1_length_379410_cov_119.795087:369952-370431	DOCPNFPP_00371

DiscRep_SUB:FEATURE_LOCATION_CONFLICT::Coding region xref gene does not exist
prokka_out/CA140717:CDS	hypothetical protein	NODE_1_length_379410_cov_119.795087:370428-371036	DOCPNFPP_00372

DiscRep_SUB:FEATURE_LOCATION_CONFLICT::Coding region xref gene does not exist
prokka_out/CA140717:CDS	hypothetical protein	NODE_1_length_379410_cov_119.795087:371033-372229	DOCPNFPP_00373

DiscRep_SUB:FEATURE_LOCATION_CONFLICT::Coding region xref gene does not exist
prokka_out/CA140717:CDS	Acyl-CoA thioesterase YbgC	NODE_1_length_379410_cov_119.795087:c372595-372221	DOCPNFPP_00374

DiscRep_SUB:FEATURE_LOCATION_CONFLICT::Coding region xref gene does not exist
prokka_out/CA140717:CDS	hypothetical protein	NODE_1_length_379410_cov_119.795087:c374157-372871	DOCPNFPP_00375

DiscRep_SUB:FEATURE_LOCATION_CONFLICT::Coding region xref gene does not exist
prokka_out/CA140717:CDS	hypothetical protein	NODE_1_length_379410_cov_119.795087:c374699-374199	DOCPNFPP_00376

DiscRep_SUB:FEATURE_LOCATION_CONFLICT::Coding region xref gene does not exist
prokka_out/CA140717:CDS	hypothetical protein	NODE_1_length_379410_cov_119.795087:c374938-374711	DOCPNFPP_00377

DiscRep_SUB:FEATURE_LOCATION_CONFLICT::Coding region xref gene does not exist
prokka_out/CA140717:CDS	hypothetical protein	NODE_1_length_379410_cov_119.795087:c375575-374892	DOCPNFPP_00378

DiscRep_SUB:FEATURE_LOCATION_CONFLICT::Coding region xref gene does not exist
prokka_out/CA140717:CDS	hypothetical protein	NODE_1_length_379410_cov_119.795087:c376322-375585	DOCPNFPP_00379

DiscRep_SUB:FEATURE_LOCATION_CONFLICT::Coding region xref gene does not exist
prokka_out/CA140717:CDS	hypothetical protein	NODE_1_length_379410_cov_119.795087:c377718-376312	DOCPNFPP_00380

DiscRep_SUB:FEATURE_LOCATION_CONFLICT::Coding region xref gene does not exist
prokka_out/CA140717:CDS	hypothetical protein	NODE_1_length_379410_cov_119.795087:c378055-377774	DOCPNFPP_00381

DiscRep_SUB:FEATURE_LOCATION_CONFLICT::Coding region xref gene does not exist
prokka_out/CA140717:CDS	hypothetical protein	NODE_1_length_379410_cov_119.795087:c378727-378413	DOCPNFPP_00382

DiscRep_SUB:FEATURE_LOCATION_CONFLICT::Coding region xref gene does not exist
prokka_out/CA140717:CDS	hypothetical protein	NODE_1_length_379410_cov_119.795087:c378973-378755	DOCPNFPP_00383

DiscRep_SUB:FEATURE_LOCATION_CONFLICT::Coding region xref gene does not exist
prokka_out/CA140717:CDS	hypothetical protein	NODE_1_length_379410_cov_119.795087:c379269-379120	DOCPNFPP_00384

DiscRep_SUB:FEATURE_LOCATION_CONFLICT::RNA feature xref gene does not exist
prokka_out/CA140717:tRNA	Asn	NODE_1_length_379410_cov_119.795087:11452-11526	DOCPNFPP_00012

DiscRep_SUB:FEATURE_LOCATION_CONFLICT::RNA feature xref gene does not exist
prokka_out/CA140717:tRNA	Arg	NODE_1_length_379410_cov_119.795087:c239855-239779	DOCPNFPP_00235

DiscRep_SUB:FEATURE_LOCATION_CONFLICT::RNA feature xref gene does not exist
prokka_out/CA140717:tRNA	Leu	NODE_1_length_379410_cov_119.795087:c272914-272829	DOCPNFPP_00270

DiscRep_SUB:FEATURE_LOCATION_CONFLICT::RNA feature xref gene does not exist
prokka_out/CA140717:tRNA	Gly	NODE_1_length_379410_cov_119.795087:319945-320019	DOCPNFPP_00318

DiscRep_SUB:FEATURE_LOCATION_CONFLICT::RNA feature xref gene does not exist
prokka_out/CA140717:tRNA	Leu	NODE_1_length_379410_cov_119.795087:339861-339947	DOCPNFPP_00336

DiscRep_SUB:FEATURE_LOCATION_CONFLICT::RNA feature xref gene does not exist
prokka_out/CA140717:tRNA	Asp	NODE_1_length_379410_cov_119.795087:c344740-344664	DOCPNFPP_00341

DiscRep_SUB:FEATURE_LOCATION_CONFLICT::RNA feature xref gene does not exist
prokka_out/CA140717:tRNA	Val	NODE_1_length_379410_cov_119.795087:c344837-344762	DOCPNFPP_00342

DiscRep_SUB:FEATURE_LOCATION_CONFLICT::RNA feature xref gene does not exist
prokka_out/CA140717:tRNA	Glu	NODE_1_length_379410_cov_119.795087:c344921-344846	DOCPNFPP_00343

DiscRep_SUB:FEATURE_LOCATION_CONFLICT::RNA feature xref gene does not exist
prokka_out/CA140717:tRNA	Lys	NODE_1_length_379410_cov_119.795087:c345010-344935	DOCPNFPP_00344

DiscRep_SUB:FEATURE_LOCATION_CONFLICT::RNA feature xref gene does not exist
prokka_out/CA140717:tRNA	Asp	NODE_1_length_379410_cov_119.795087:c345090-345014	DOCPNFPP_00345

DiscRep_SUB:FEATURE_LOCATION_CONFLICT::RNA feature xref gene does not exist
prokka_out/CA140717:tRNA	Val	NODE_1_length_379410_cov_119.795087:c345187-345112	DOCPNFPP_00346

DiscRep_SUB:FEATURE_LOCATION_CONFLICT::RNA feature xref gene does not exist
prokka_out/CA140717:tRNA	Lys	NODE_1_length_379410_cov_119.795087:c345275-345200	DOCPNFPP_00347

DiscRep_SUB:FEATURE_LOCATION_CONFLICT::Coding region xref gene does not exist
prokka_out/CA140717:CDS	putative histidine-binding protein	NODE_2_length_256043_cov_128.365530:237-1007	DOCPNFPP_00385

DiscRep_SUB:FEATURE_LOCATION_CONFLICT::Coding region xref gene does not exist
prokka_out/CA140717:CDS	putative phosphatase	NODE_2_length_256043_cov_128.365530:c1669-1031	DOCPNFPP_00386

DiscRep_SUB:FEATURE_LOCATION_CONFLICT::Coding region xref gene does not exist
prokka_out/CA140717:CDS	Vitamin B12 import ATP-binding protein BtuD	NODE_2_length_256043_cov_128.365530:c2655-1666	DOCPNFPP_00387

DiscRep_SUB:FEATURE_LOCATION_CONFLICT::Coding region xref gene does not exist
prokka_out/CA140717:CDS	hypothetical protein	NODE_2_length_256043_cov_128.365530:c3438-2659	DOCPNFPP_00388

DiscRep_SUB:FEATURE_LOCATION_CONFLICT::Coding region xref gene does not exist
prokka_out/CA140717:CDS	hypothetical protein	NODE_2_length_256043_cov_128.365530:c4278-3439	DOCPNFPP_00389

DiscRep_SUB:FEATURE_LOCATION_CONFLICT::Coding region xref gene does not exist
prokka_out/CA140717:CDS	hypothetical protein	NODE_2_length_256043_cov_128.365530:c4898-4275	DOCPNFPP_00390

DiscRep_SUB:FEATURE_LOCATION_CONFLICT::Coding region xref gene does not exist
prokka_out/CA140717:CDS	hypothetical protein	NODE_2_length_256043_cov_128.365530:c5082-4885	DOCPNFPP_00391

DiscRep_SUB:FEATURE_LOCATION_CONFLICT::Coding region xref gene does not exist
prokka_out/CA140717:CDS	hypothetical protein	NODE_2_length_256043_cov_128.365530:c6407-5082	DOCPNFPP_00392

DiscRep_SUB:FEATURE_LOCATION_CONFLICT::Coding region xref gene does not exist
prokka_out/CA140717:CDS	hypothetical protein	NODE_2_length_256043_cov_128.365530:c7464-6418	DOCPNFPP_00393

DiscRep_SUB:FEATURE_LOCATION_CONFLICT::Coding region xref gene does not exist
prokka_out/CA140717:CDS	Magnesium transport protein CorA	NODE_2_length_256043_cov_128.365530:7581-8564	DOCPNFPP_00394

DiscRep_SUB:FEATURE_LOCATION_CONFLICT::Coding region xref gene does not exist
prokka_out/CA140717:CDS	Molybdopterin adenylyltransferase	NODE_2_length_256043_cov_128.365530:8583-9125	DOCPNFPP_00395

DiscRep_SUB:FEATURE_LOCATION_CONFLICT::Coding region xref gene does not exist
prokka_out/CA140717:CDS	hypothetical protein	NODE_2_length_256043_cov_128.365530:c9307-9122	DOCPNFPP_00396

DiscRep_SUB:FEATURE_LOCATION_CONFLICT::Coding region xref gene does not exist
prokka_out/CA140717:CDS	Protease HtpX	NODE_2_length_256043_cov_128.365530:9436-10623	DOCPNFPP_00397

DiscRep_SUB:FEATURE_LOCATION_CONFLICT::Coding region xref gene does not exist
prokka_out/CA140717:CDS	Release factor glutamine methyltransferase	NODE_2_length_256043_cov_128.365530:10620-11420	DOCPNFPP_00398

DiscRep_SUB:FEATURE_LOCATION_CONFLICT::Coding region xref gene does not exist
prokka_out/CA140717:CDS	hypothetical protein	NODE_2_length_256043_cov_128.365530:11462-11935	DOCPNFPP_00399

DiscRep_SUB:FEATURE_LOCATION_CONFLICT::Coding region xref gene does not exist
prokka_out/CA140717:CDS	Secreted flagellin C	NODE_2_length_256043_cov_128.365530:11969-12718	DOCPNFPP_00400

DiscRep_SUB:FEATURE_LOCATION_CONFLICT::Coding region xref gene does not exist
prokka_out/CA140717:CDS	Pyridoxal phosphate homeostasis protein	NODE_2_length_256043_cov_128.365530:12755-13387	DOCPNFPP_00401

DiscRep_SUB:FEATURE_LOCATION_CONFLICT::Coding region xref gene does not exist
prokka_out/CA140717:CDS	DNA polymerase III subunit alpha	NODE_2_length_256043_cov_128.365530:c17006-13404	DOCPNFPP_00402

DiscRep_SUB:FEATURE_LOCATION_CONFLICT::Coding region xref gene does not exist
prokka_out/CA140717:CDS	hypothetical protein	NODE_2_length_256043_cov_128.365530:c17535-17206	DOCPNFPP_00403

DiscRep_SUB:FEATURE_LOCATION_CONFLICT::Coding region xref gene does not exist
prokka_out/CA140717:CDS	Phospho-2-dehydro-3-deoxyheptonate aldolase	NODE_2_length_256043_cov_128.365530:c18875-17532	DOCPNFPP_00404

DiscRep_SUB:FEATURE_LOCATION_CONFLICT::Coding region xref gene does not exist
prokka_out/CA140717:CDS	5-hydroxyisourate hydrolase	NODE_2_length_256043_cov_128.365530:c19312-18899	DOCPNFPP_00405

DiscRep_SUB:FEATURE_LOCATION_CONFLICT::Coding region xref gene does not exist
prokka_out/CA140717:CDS	50S ribosomal protein L19	NODE_2_length_256043_cov_128.365530:c19820-19464	DOCPNFPP_00406

DiscRep_SUB:FEATURE_LOCATION_CONFLICT::Coding region xref gene does not exist
prokka_out/CA140717:CDS	tRNA (guanine-N(1)-)-methyltransferase	NODE_2_length_256043_cov_128.365530:c20535-19831	DOCPNFPP_00407

DiscRep_SUB:FEATURE_LOCATION_CONFLICT::Coding region xref gene does not exist
prokka_out/CA140717:CDS	Ribosome maturation factor RimM	NODE_2_length_256043_cov_128.365530:c21071-20532	DOCPNFPP_00408

DiscRep_SUB:FEATURE_LOCATION_CONFLICT::Coding region xref gene does not exist
prokka_out/CA140717:CDS	hypothetical protein	NODE_2_length_256043_cov_128.365530:c21306-21064	DOCPNFPP_00409

DiscRep_SUB:FEATURE_LOCATION_CONFLICT::Coding region xref gene does not exist
prokka_out/CA140717:CDS	30S ribosomal protein S16	NODE_2_length_256043_cov_128.365530:c21539-21312	DOCPNFPP_00410

DiscRep_SUB:FEATURE_LOCATION_CONFLICT::Coding region xref gene does not exist
prokka_out/CA140717:CDS	Signal recognition particle protein	NODE_2_length_256043_cov_128.365530:c22944-21607	DOCPNFPP_00411

DiscRep_SUB:FEATURE_LOCATION_CONFLICT::Coding region xref gene does not exist
prokka_out/CA140717:CDS	hypothetical protein	NODE_2_length_256043_cov_128.365530:c23764-23012	DOCPNFPP_00412

DiscRep_SUB:FEATURE_LOCATION_CONFLICT::Coding region xref gene does not exist
prokka_out/CA140717:CDS	3-deoxy-D-manno-octulosonic acid transferase	NODE_2_length_256043_cov_128.365530:c24902-23745	DOCPNFPP_00413

DiscRep_SUB:FEATURE_LOCATION_CONFLICT::Coding region xref gene does not exist
prokka_out/CA140717:CDS	hypothetical protein	NODE_2_length_256043_cov_128.365530:c25615-24899	DOCPNFPP_00414

DiscRep_SUB:FEATURE_LOCATION_CONFLICT::Coding region xref gene does not exist
prokka_out/CA140717:CDS	GTP cyclohydrolase 1 type 2	NODE_2_length_256043_cov_128.365530:c26350-25625	DOCPNFPP_00415

DiscRep_SUB:FEATURE_LOCATION_CONFLICT::Coding region xref gene does not exist
prokka_out/CA140717:CDS	Glycine--tRNA ligase alpha subunit	NODE_2_length_256043_cov_128.365530:c27200-26337	DOCPNFPP_00416

DiscRep_SUB:FEATURE_LOCATION_CONFLICT::Coding region xref gene does not exist
prokka_out/CA140717:CDS	hypothetical protein	NODE_2_length_256043_cov_128.365530:c27756-27202	DOCPNFPP_00417

DiscRep_SUB:FEATURE_LOCATION_CONFLICT::Coding region xref gene does not exist
prokka_out/CA140717:CDS	N5-carboxyaminoimidazole ribonucleotide mutase	NODE_2_length_256043_cov_128.365530:c28263-27769	DOCPNFPP_00418

DiscRep_SUB:FEATURE_LOCATION_CONFLICT::Coding region xref gene does not exist
prokka_out/CA140717:CDS	hypothetical protein	NODE_2_length_256043_cov_128.365530:c29516-28260	DOCPNFPP_00419

DiscRep_SUB:FEATURE_LOCATION_CONFLICT::Coding region xref gene does not exist
prokka_out/CA140717:CDS	hypothetical protein	NODE_2_length_256043_cov_128.365530:c30217-29513	DOCPNFPP_00420

DiscRep_SUB:FEATURE_LOCATION_CONFLICT::Coding region xref gene does not exist
prokka_out/CA140717:CDS	Glutamine synthetase	NODE_2_length_256043_cov_128.365530:30416-31846	DOCPNFPP_00421

DiscRep_SUB:FEATURE_LOCATION_CONFLICT::Coding region xref gene does not exist
prokka_out/CA140717:CDS	Flagellar basal-body rod protein FlgG	NODE_2_length_256043_cov_128.365530:c32881-32090	DOCPNFPP_00422

DiscRep_SUB:FEATURE_LOCATION_CONFLICT::Coding region xref gene does not exist
prokka_out/CA140717:CDS	Flagellar basal-body rod protein FlgG	NODE_2_length_256043_cov_128.365530:c33724-32912	DOCPNFPP_00423

DiscRep_SUB:FEATURE_LOCATION_CONFLICT::Coding region xref gene does not exist
prokka_out/CA140717:CDS	Cell division protein FtsZ	NODE_2_length_256043_cov_128.365530:c35159-34047	DOCPNFPP_00424

DiscRep_SUB:FEATURE_LOCATION_CONFLICT::Coding region xref gene does not exist
prokka_out/CA140717:CDS	Cell division protein FtsA	NODE_2_length_256043_cov_128.365530:c36558-35176	DOCPNFPP_00425

DiscRep_SUB:FEATURE_LOCATION_CONFLICT::Coding region xref gene does not exist
prokka_out/CA140717:CDS	Peptidyl-prolyl cis-trans isomerase D	NODE_2_length_256043_cov_128.365530:c38048-36561	DOCPNFPP_00426

DiscRep_SUB:FEATURE_LOCATION_CONFLICT::Coding region xref gene does not exist
prokka_out/CA140717:CDS	Ribosomal RNA small subunit methyltransferase H	NODE_2_length_256043_cov_128.365530:38201-39136	DOCPNFPP_00427

DiscRep_SUB:FEATURE_LOCATION_CONFLICT::Coding region xref gene does not exist
prokka_out/CA140717:CDS	hypothetical protein	NODE_2_length_256043_cov_128.365530:39136-40023	DOCPNFPP_00428

DiscRep_SUB:FEATURE_LOCATION_CONFLICT::Coding region xref gene does not exist
prokka_out/CA140717:CDS	hypothetical protein	NODE_2_length_256043_cov_128.365530:c40502-40011	DOCPNFPP_00429

DiscRep_SUB:FEATURE_LOCATION_CONFLICT::Coding region xref gene does not exist
prokka_out/CA140717:CDS	Acetate kinase	NODE_2_length_256043_cov_128.365530:c41766-40576	DOCPNFPP_00430

DiscRep_SUB:FEATURE_LOCATION_CONFLICT::Coding region xref gene does not exist
prokka_out/CA140717:CDS	hypothetical protein	NODE_2_length_256043_cov_128.365530:c43282-41780	DOCPNFPP_00431

DiscRep_SUB:FEATURE_LOCATION_CONFLICT::Coding region xref gene does not exist
prokka_out/CA140717:CDS	Flagellar L-ring protein	NODE_2_length_256043_cov_128.365530:43387-44085	DOCPNFPP_00432

DiscRep_SUB:FEATURE_LOCATION_CONFLICT::Coding region xref gene does not exist
prokka_out/CA140717:CDS	4-hydroxy-3-methylbut-2-en-1-yl diphosphate synthase (flavodoxin)	NODE_2_length_256043_cov_128.365530:c45242-44169	DOCPNFPP_00433

DiscRep_SUB:FEATURE_LOCATION_CONFLICT::Coding region xref gene does not exist
prokka_out/CA140717:CDS	Primosomal protein N'	NODE_2_length_256043_cov_128.365530:c47140-45302	DOCPNFPP_00434

DiscRep_SUB:FEATURE_LOCATION_CONFLICT::Coding region xref gene does not exist
prokka_out/CA140717:CDS	hypothetical protein	NODE_2_length_256043_cov_128.365530:c47583-47137	DOCPNFPP_00435

DiscRep_SUB:FEATURE_LOCATION_CONFLICT::Coding region xref gene does not exist
prokka_out/CA140717:CDS	hypothetical protein	NODE_2_length_256043_cov_128.365530:c47825-47580	DOCPNFPP_00436

DiscRep_SUB:FEATURE_LOCATION_CONFLICT::Coding region xref gene does not exist
prokka_out/CA140717:CDS	hypothetical protein	NODE_2_length_256043_cov_128.365530:c48045-47815	DOCPNFPP_00437

DiscRep_SUB:FEATURE_LOCATION_CONFLICT::Coding region xref gene does not exist
prokka_out/CA140717:CDS	UvrABC system protein B	NODE_2_length_256043_cov_128.365530:48199-50172	DOCPNFPP_00438

DiscRep_SUB:FEATURE_LOCATION_CONFLICT::Coding region xref gene does not exist
prokka_out/CA140717:CDS	Anaerobic C4-dicarboxylate transporter DcuB	NODE_2_length_256043_cov_128.365530:c51631-50207	DOCPNFPP_00439

DiscRep_SUB:FEATURE_LOCATION_CONFLICT::Coding region xref gene does not exist
prokka_out/CA140717:CDS	RNA polymerase sigma-54 factor	NODE_2_length_256043_cov_128.365530:c53068-51818	DOCPNFPP_00440

DiscRep_SUB:FEATURE_LOCATION_CONFLICT::Coding region xref gene does not exist
prokka_out/CA140717:CDS	Lipopolysaccharide export system ATP-binding protein LptB	NODE_2_length_256043_cov_128.365530:c53796-53068	DOCPNFPP_00441

DiscRep_SUB:FEATURE_LOCATION_CONFLICT::Coding region xref gene does not exist
prokka_out/CA140717:CDS	tRNA threonylcarbamoyladenosine biosynthesis protein TsaE	NODE_2_length_256043_cov_128.365530:c54196-53789	DOCPNFPP_00442

DiscRep_SUB:FEATURE_LOCATION_CONFLICT::Coding region xref gene does not exist
prokka_out/CA140717:CDS	hypothetical protein	NODE_2_length_256043_cov_128.365530:c54438-54193	DOCPNFPP_00443

DiscRep_SUB:FEATURE_LOCATION_CONFLICT::Coding region xref gene does not exist
prokka_out/CA140717:CDS	Argininosuccinate synthase	NODE_2_length_256043_cov_128.365530:54578-55798	DOCPNFPP_00444

DiscRep_SUB:FEATURE_LOCATION_CONFLICT::Coding region xref gene does not exist
prokka_out/CA140717:CDS	50S ribosomal protein L9	NODE_2_length_256043_cov_128.365530:55814-56257	DOCPNFPP_00445

DiscRep_SUB:FEATURE_LOCATION_CONFLICT::Coding region xref gene does not exist
prokka_out/CA140717:CDS	ATP-dependent protease subunit HslV	NODE_2_length_256043_cov_128.365530:56257-56799	DOCPNFPP_00446

DiscRep_SUB:FEATURE_LOCATION_CONFLICT::Coding region xref gene does not exist
prokka_out/CA140717:CDS	ATP-dependent protease ATPase subunit ClpY	NODE_2_length_256043_cov_128.365530:56796-58115	DOCPNFPP_00447

DiscRep_SUB:FEATURE_LOCATION_CONFLICT::Coding region xref gene does not exist
prokka_out/CA140717:CDS	GTPase Era	NODE_2_length_256043_cov_128.365530:58112-58987	DOCPNFPP_00448

DiscRep_SUB:FEATURE_LOCATION_CONFLICT::Coding region xref gene does not exist
prokka_out/CA140717:CDS	hypothetical protein	NODE_2_length_256043_cov_128.365530:58977-60053	DOCPNFPP_00449

DiscRep_SUB:FEATURE_LOCATION_CONFLICT::Coding region xref gene does not exist
prokka_out/CA140717:CDS	hypothetical protein	NODE_2_length_256043_cov_128.365530:60050-60607	DOCPNFPP_00450

DiscRep_SUB:FEATURE_LOCATION_CONFLICT::Coding region xref gene does not exist
prokka_out/CA140717:CDS	hypothetical protein	NODE_2_length_256043_cov_128.365530:60692-62479	DOCPNFPP_00451

DiscRep_SUB:FEATURE_LOCATION_CONFLICT::Coding region xref gene does not exist
prokka_out/CA140717:CDS	Peptidoglycan D,D-transpeptidase MrdA	NODE_2_length_256043_cov_128.365530:c64347-62512	DOCPNFPP_00452

DiscRep_SUB:FEATURE_LOCATION_CONFLICT::Coding region xref gene does not exist
prokka_out/CA140717:CDS	hypothetical protein	NODE_2_length_256043_cov_128.365530:c64841-64347	DOCPNFPP_00453

DiscRep_SUB:FEATURE_LOCATION_CONFLICT::Coding region xref gene does not exist
prokka_out/CA140717:CDS	putative GTP-binding protein EngB	NODE_2_length_256043_cov_128.365530:c65433-64843	DOCPNFPP_00454

DiscRep_SUB:FEATURE_LOCATION_CONFLICT::Coding region xref gene does not exist
prokka_out/CA140717:CDS	Lipopolysaccharide export system protein LptA	NODE_2_length_256043_cov_128.365530:c65888-65430	DOCPNFPP_00455

DiscRep_SUB:FEATURE_LOCATION_CONFLICT::Coding region xref gene does not exist
prokka_out/CA140717:CDS	hypothetical protein	NODE_2_length_256043_cov_128.365530:c66385-65873	DOCPNFPP_00456

DiscRep_SUB:FEATURE_LOCATION_CONFLICT::Coding region xref gene does not exist
prokka_out/CA140717:CDS	2-keto-3-deoxy-D-glycero-D-galacto-9-phosphonononic acid phosphatase	NODE_2_length_256043_cov_128.365530:c66864-66376	DOCPNFPP_00457

DiscRep_SUB:FEATURE_LOCATION_CONFLICT::Coding region xref gene does not exist
prokka_out/CA140717:CDS	Endolytic peptidoglycan transglycosylase RlpA	NODE_2_length_256043_cov_128.365530:c67707-66868	DOCPNFPP_00458

DiscRep_SUB:FEATURE_LOCATION_CONFLICT::Coding region xref gene does not exist
prokka_out/CA140717:CDS	hypothetical protein	NODE_2_length_256043_cov_128.365530:c68785-67652	DOCPNFPP_00459

DiscRep_SUB:FEATURE_LOCATION_CONFLICT::Coding region xref gene does not exist
prokka_out/CA140717:CDS	putative metal-dependent hydrolase YcfH	NODE_2_length_256043_cov_128.365530:c69600-68788	DOCPNFPP_00460

DiscRep_SUB:FEATURE_LOCATION_CONFLICT::Coding region xref gene does not exist
prokka_out/CA140717:CDS	Response regulator PleD	NODE_2_length_256043_cov_128.365530:c70835-69591	DOCPNFPP_00461

DiscRep_SUB:FEATURE_LOCATION_CONFLICT::Coding region xref gene does not exist
prokka_out/CA140717:CDS	DNA repair protein RecN	NODE_2_length_256043_cov_128.365530:c72447-70924	DOCPNFPP_00462

DiscRep_SUB:FEATURE_LOCATION_CONFLICT::Coding region xref gene does not exist
prokka_out/CA140717:CDS	NAD kinase	NODE_2_length_256043_cov_128.365530:c73307-72447	DOCPNFPP_00463

DiscRep_SUB:FEATURE_LOCATION_CONFLICT::Coding region xref gene does not exist
prokka_out/CA140717:CDS	Aspartate--tRNA(Asp/Asn) ligase	NODE_2_length_256043_cov_128.365530:73400-75151	DOCPNFPP_00464

DiscRep_SUB:FEATURE_LOCATION_CONFLICT::Coding region xref gene does not exist
prokka_out/CA140717:CDS	Adenylate kinase	NODE_2_length_256043_cov_128.365530:75148-75723	DOCPNFPP_00465

DiscRep_SUB:FEATURE_LOCATION_CONFLICT::Coding region xref gene does not exist
prokka_out/CA140717:CDS	Inorganic pyrophosphatase	NODE_2_length_256043_cov_128.365530:75733-76251	DOCPNFPP_00466

DiscRep_SUB:FEATURE_LOCATION_CONFLICT::Coding region xref gene does not exist
prokka_out/CA140717:CDS	Peptide methionine sulfoxide reductase MsrA	NODE_2_length_256043_cov_128.365530:76299-76799	DOCPNFPP_00467

DiscRep_SUB:FEATURE_LOCATION_CONFLICT::Coding region xref gene does not exist
prokka_out/CA140717:CDS	Ribosomal RNA small subunit methyltransferase F	NODE_2_length_256043_cov_128.365530:c77897-77022	DOCPNFPP_00468

DiscRep_SUB:FEATURE_LOCATION_CONFLICT::Coding region xref gene does not exist
prokka_out/CA140717:CDS	Putative pre-16S rRNA nuclease	NODE_2_length_256043_cov_128.365530:c78267-77887	DOCPNFPP_00469

DiscRep_SUB:FEATURE_LOCATION_CONFLICT::Coding region xref gene does not exist
prokka_out/CA140717:CDS	hypothetical protein	NODE_2_length_256043_cov_128.365530:c79034-78264	DOCPNFPP_00470

DiscRep_SUB:FEATURE_LOCATION_CONFLICT::Coding region xref gene does not exist
prokka_out/CA140717:CDS	hypothetical protein	NODE_2_length_256043_cov_128.365530:c80055-79024	DOCPNFPP_00471

DiscRep_SUB:FEATURE_LOCATION_CONFLICT::Coding region xref gene does not exist
prokka_out/CA140717:CDS	Ketol-acid reductoisomerase (NADP(+))	NODE_2_length_256043_cov_128.365530:c81080-80058	DOCPNFPP_00472

DiscRep_SUB:FEATURE_LOCATION_CONFLICT::Coding region xref gene does not exist
prokka_out/CA140717:CDS	Ribonuclease R	NODE_2_length_256043_cov_128.365530:81203-83137	DOCPNFPP_00473

DiscRep_SUB:FEATURE_LOCATION_CONFLICT::Coding region xref gene does not exist
prokka_out/CA140717:CDS	hypothetical protein	NODE_2_length_256043_cov_128.365530:83130-84095	DOCPNFPP_00474

DiscRep_SUB:FEATURE_LOCATION_CONFLICT::Coding region xref gene does not exist
prokka_out/CA140717:CDS	Hydrogenase/urease maturation factor HypA	NODE_2_length_256043_cov_128.365530:c84547-84203	DOCPNFPP_00475

DiscRep_SUB:FEATURE_LOCATION_CONFLICT::Coding region xref gene does not exist
prokka_out/CA140717:CDS	Carbamoyl dehydratase HypE	NODE_2_length_256043_cov_128.365530:c85521-84547	DOCPNFPP_00476

DiscRep_SUB:FEATURE_LOCATION_CONFLICT::Coding region xref gene does not exist
prokka_out/CA140717:CDS	Hydrogenase maturation factor HypD	NODE_2_length_256043_cov_128.365530:c86609-85518	DOCPNFPP_00477

DiscRep_SUB:FEATURE_LOCATION_CONFLICT::Coding region xref gene does not exist
prokka_out/CA140717:CDS	hypothetical protein	NODE_2_length_256043_cov_128.365530:c86874-86593	DOCPNFPP_00478

DiscRep_SUB:FEATURE_LOCATION_CONFLICT::Coding region xref gene does not exist
prokka_out/CA140717:CDS	Hydrogenase maturation factor HypB	NODE_2_length_256043_cov_128.365530:c87617-86874	DOCPNFPP_00479

DiscRep_SUB:FEATURE_LOCATION_CONFLICT::Coding region xref gene does not exist
prokka_out/CA140717:CDS	Carbamoyltransferase HypF	NODE_2_length_256043_cov_128.365530:c89880-87694	DOCPNFPP_00480

DiscRep_SUB:FEATURE_LOCATION_CONFLICT::Coding region xref gene does not exist
prokka_out/CA140717:CDS	hypothetical protein	NODE_2_length_256043_cov_128.365530:c91381-89861	DOCPNFPP_00481

DiscRep_SUB:FEATURE_LOCATION_CONFLICT::Coding region xref gene does not exist
prokka_out/CA140717:CDS	hypothetical protein	NODE_2_length_256043_cov_128.365530:c92070-91423	DOCPNFPP_00482

DiscRep_SUB:FEATURE_LOCATION_CONFLICT::Coding region xref gene does not exist
prokka_out/CA140717:CDS	putative FMN/FAD exporter YeeO	NODE_2_length_256043_cov_128.365530:c93362-92046	DOCPNFPP_00483

DiscRep_SUB:FEATURE_LOCATION_CONFLICT::Coding region xref gene does not exist
prokka_out/CA140717:CDS	hypothetical protein	NODE_2_length_256043_cov_128.365530:c94678-93452	DOCPNFPP_00484

DiscRep_SUB:FEATURE_LOCATION_CONFLICT::Coding region xref gene does not exist
prokka_out/CA140717:CDS	Phosphate import ATP-binding protein PstB	NODE_2_length_256043_cov_128.365530:c95481-94741	DOCPNFPP_00485

DiscRep_SUB:FEATURE_LOCATION_CONFLICT::Coding region xref gene does not exist
prokka_out/CA140717:CDS	hypothetical protein	NODE_2_length_256043_cov_128.365530:c96566-95478	DOCPNFPP_00486

DiscRep_SUB:FEATURE_LOCATION_CONFLICT::Coding region xref gene does not exist
prokka_out/CA140717:CDS	Phosphate transport system permease protein PstC 1	NODE_2_length_256043_cov_128.365530:c97477-96563	DOCPNFPP_00487

DiscRep_SUB:FEATURE_LOCATION_CONFLICT::Coding region xref gene does not exist
prokka_out/CA140717:CDS	Protein SphX	NODE_2_length_256043_cov_128.365530:c98482-97487	DOCPNFPP_00488

DiscRep_SUB:FEATURE_LOCATION_CONFLICT::Coding region xref gene does not exist
prokka_out/CA140717:CDS	Bacterial non-heme ferritin	NODE_2_length_256043_cov_128.365530:98821-99321	DOCPNFPP_00489

DiscRep_SUB:FEATURE_LOCATION_CONFLICT::Coding region xref gene does not exist
prokka_out/CA140717:CDS	hypothetical protein	NODE_2_length_256043_cov_128.365530:99371-100747	DOCPNFPP_00490

DiscRep_SUB:FEATURE_LOCATION_CONFLICT::Coding region xref gene does not exist
prokka_out/CA140717:CDS	hypothetical protein	NODE_2_length_256043_cov_128.365530:100748-101728	DOCPNFPP_00491

DiscRep_SUB:FEATURE_LOCATION_CONFLICT::Coding region xref gene does not exist
prokka_out/CA140717:CDS	hypothetical protein	NODE_2_length_256043_cov_128.365530:101718-102887	DOCPNFPP_00492

DiscRep_SUB:FEATURE_LOCATION_CONFLICT::Coding region xref gene does not exist
prokka_out/CA140717:CDS	Toxin and drug export protein A	NODE_2_length_256043_cov_128.365530:c104322-102958	DOCPNFPP_00493

DiscRep_SUB:FEATURE_LOCATION_CONFLICT::Coding region xref gene does not exist
prokka_out/CA140717:CDS	Macrolide export ATP-binding/permease protein MacB	NODE_2_length_256043_cov_128.365530:c106249-104324	DOCPNFPP_00494

DiscRep_SUB:FEATURE_LOCATION_CONFLICT::Coding region xref gene does not exist
prokka_out/CA140717:CDS	Macrolide export protein MacA	NODE_2_length_256043_cov_128.365530:c107421-106249	DOCPNFPP_00495

DiscRep_SUB:FEATURE_LOCATION_CONFLICT::Coding region xref gene does not exist
prokka_out/CA140717:CDS	N-acetyldiaminopimelate deacetylase	NODE_2_length_256043_cov_128.365530:c108693-107503	DOCPNFPP_00496

DiscRep_SUB:FEATURE_LOCATION_CONFLICT::Coding region xref gene does not exist
prokka_out/CA140717:CDS	hypothetical protein	NODE_2_length_256043_cov_128.365530:c109579-108698	DOCPNFPP_00497

DiscRep_SUB:FEATURE_LOCATION_CONFLICT::Coding region xref gene does not exist
prokka_out/CA140717:CDS	Thiol:disulfide interchange protein DsbD	NODE_2_length_256043_cov_128.365530:109674-111374	DOCPNFPP_00498

DiscRep_SUB:FEATURE_LOCATION_CONFLICT::Coding region xref gene does not exist
prokka_out/CA140717:CDS	Protein YiiM	NODE_2_length_256043_cov_128.365530:111371-112039	DOCPNFPP_00499

DiscRep_SUB:FEATURE_LOCATION_CONFLICT::Coding region xref gene does not exist
prokka_out/CA140717:CDS	hypothetical protein	NODE_2_length_256043_cov_128.365530:112090-113433	DOCPNFPP_00500

DiscRep_SUB:FEATURE_LOCATION_CONFLICT::Coding region xref gene does not exist
prokka_out/CA140717:CDS	Major outer membrane protein	NODE_2_length_256043_cov_128.365530:113715-115070	DOCPNFPP_00501

DiscRep_SUB:FEATURE_LOCATION_CONFLICT::Coding region xref gene does not exist
prokka_out/CA140717:CDS	Chaperone protein DnaJ	NODE_2_length_256043_cov_128.365530:c116335-115211	DOCPNFPP_00502

DiscRep_SUB:FEATURE_LOCATION_CONFLICT::Coding region xref gene does not exist
prokka_out/CA140717:CDS	Sensory transduction protein regX3	NODE_2_length_256043_cov_128.365530:116482-117153	DOCPNFPP_00503

DiscRep_SUB:FEATURE_LOCATION_CONFLICT::Coding region xref gene does not exist
prokka_out/CA140717:CDS	Sensor protein CzcS	NODE_2_length_256043_cov_128.365530:117150-118400	DOCPNFPP_00504

DiscRep_SUB:FEATURE_LOCATION_CONFLICT::Coding region xref gene does not exist
prokka_out/CA140717:CDS	Recombination protein RecR	NODE_2_length_256043_cov_128.365530:118390-118965	DOCPNFPP_00505

DiscRep_SUB:FEATURE_LOCATION_CONFLICT::Coding region xref gene does not exist
prokka_out/CA140717:CDS	hypothetical protein	NODE_2_length_256043_cov_128.365530:c119467-118967	DOCPNFPP_00506

DiscRep_SUB:FEATURE_LOCATION_CONFLICT::Coding region xref gene does not exist
prokka_out/CA140717:CDS	Quinone-reactive Ni/Fe-hydrogenase B-type cytochrome subunit	NODE_2_length_256043_cov_128.365530:c120189-119497	DOCPNFPP_00507

DiscRep_SUB:FEATURE_LOCATION_CONFLICT::Coding region xref gene does not exist
prokka_out/CA140717:CDS	Quinone-reactive Ni/Fe-hydrogenase large chain	NODE_2_length_256043_cov_128.365530:c121916-120201	DOCPNFPP_00508

DiscRep_SUB:FEATURE_LOCATION_CONFLICT::Coding region xref gene does not exist
prokka_out/CA140717:CDS	Quinone-reactive Ni/Fe-hydrogenase small chain	NODE_2_length_256043_cov_128.365530:c123061-121922	DOCPNFPP_00509

DiscRep_SUB:FEATURE_LOCATION_CONFLICT::Coding region xref gene does not exist
prokka_out/CA140717:CDS	tRNA 5-methylaminomethyl-2-thiouridine biosynthesis bifunctional protein MnmC	NODE_2_length_256043_cov_128.365530:c125029-123194	DOCPNFPP_00510

DiscRep_SUB:FEATURE_LOCATION_CONFLICT::Coding region xref gene does not exist
prokka_out/CA140717:CDS	hypothetical protein	NODE_2_length_256043_cov_128.365530:c126996-125026	DOCPNFPP_00511

DiscRep_SUB:FEATURE_LOCATION_CONFLICT::Coding region xref gene does not exist
prokka_out/CA140717:CDS	hypothetical protein	NODE_2_length_256043_cov_128.365530:c128087-126996	DOCPNFPP_00512

DiscRep_SUB:FEATURE_LOCATION_CONFLICT::Coding region xref gene does not exist
prokka_out/CA140717:CDS	Tyrosine--tRNA ligase	NODE_2_length_256043_cov_128.365530:c129289-128084	DOCPNFPP_00513

DiscRep_SUB:FEATURE_LOCATION_CONFLICT::Coding region xref gene does not exist
prokka_out/CA140717:CDS	GTP pyrophosphokinase	NODE_2_length_256043_cov_128.365530:c131500-129305	DOCPNFPP_00514

DiscRep_SUB:FEATURE_LOCATION_CONFLICT::Coding region xref gene does not exist
prokka_out/CA140717:CDS	DNA-directed RNA polymerase subunit omega	NODE_2_length_256043_cov_128.365530:c131708-131484	DOCPNFPP_00515

DiscRep_SUB:FEATURE_LOCATION_CONFLICT::Coding region xref gene does not exist
prokka_out/CA140717:CDS	Uridylate kinase	NODE_2_length_256043_cov_128.365530:c132438-131722	DOCPNFPP_00516

DiscRep_SUB:FEATURE_LOCATION_CONFLICT::Coding region xref gene does not exist
prokka_out/CA140717:CDS	hypothetical protein	NODE_2_length_256043_cov_128.365530:c133692-132490	DOCPNFPP_00517

DiscRep_SUB:FEATURE_LOCATION_CONFLICT::Coding region xref gene does not exist
prokka_out/CA140717:CDS	hypothetical protein	NODE_2_length_256043_cov_128.365530:c134495-133689	DOCPNFPP_00518

DiscRep_SUB:FEATURE_LOCATION_CONFLICT::Coding region xref gene does not exist
prokka_out/CA140717:CDS	Cell division ATP-binding protein FtsE	NODE_2_length_256043_cov_128.365530:c135147-134482	DOCPNFPP_00519

DiscRep_SUB:FEATURE_LOCATION_CONFLICT::Coding region xref gene does not exist
prokka_out/CA140717:CDS	tRNA (guanine-N(7)-)-methyltransferase	NODE_2_length_256043_cov_128.365530:c136392-135196	DOCPNFPP_00520

DiscRep_SUB:FEATURE_LOCATION_CONFLICT::Coding region xref gene does not exist
prokka_out/CA140717:CDS	hypothetical protein	NODE_2_length_256043_cov_128.365530:c137624-136392	DOCPNFPP_00521

DiscRep_SUB:FEATURE_LOCATION_CONFLICT::Coding region xref gene does not exist
prokka_out/CA140717:CDS	Ribosomal large subunit pseudouridine synthase D	NODE_2_length_256043_cov_128.365530:c138537-137572	DOCPNFPP_00522

DiscRep_SUB:FEATURE_LOCATION_CONFLICT::Coding region xref gene does not exist
prokka_out/CA140717:CDS	Peptidoglycan glycosyltransferase MrdB	NODE_2_length_256043_cov_128.365530:138616-139716	DOCPNFPP_00523

DiscRep_SUB:FEATURE_LOCATION_CONFLICT::Coding region xref gene does not exist
prokka_out/CA140717:CDS	hypothetical protein	NODE_2_length_256043_cov_128.365530:140364-140600	DOCPNFPP_00525

DiscRep_SUB:FEATURE_LOCATION_CONFLICT::Coding region xref gene does not exist
prokka_out/CA140717:CDS	hypothetical protein	NODE_2_length_256043_cov_128.365530:140563-140703	DOCPNFPP_00526

DiscRep_SUB:FEATURE_LOCATION_CONFLICT::Coding region xref gene does not exist
prokka_out/CA140717:CDS	Replicative DNA helicase	NODE_2_length_256043_cov_128.365530:c142210-140837	DOCPNFPP_00527

DiscRep_SUB:FEATURE_LOCATION_CONFLICT::Coding region xref gene does not exist
prokka_out/CA140717:CDS	hypothetical protein	NODE_2_length_256043_cov_128.365530:142355-143284	DOCPNFPP_00528

DiscRep_SUB:FEATURE_LOCATION_CONFLICT::Coding region xref gene does not exist
prokka_out/CA140717:CDS	Multidrug export protein MepA	NODE_2_length_256043_cov_128.365530:c144638-143307	DOCPNFPP_00529

DiscRep_SUB:FEATURE_LOCATION_CONFLICT::Coding region xref gene does not exist
prokka_out/CA140717:CDS	Ferredoxin--NADP reductase	NODE_2_length_256043_cov_128.365530:c145799-144864	DOCPNFPP_00530

DiscRep_SUB:FEATURE_LOCATION_CONFLICT::Coding region xref gene does not exist
prokka_out/CA140717:CDS	Gamma-glutamyl phosphate reductase	NODE_2_length_256043_cov_128.365530:145870-147102	DOCPNFPP_00531

DiscRep_SUB:FEATURE_LOCATION_CONFLICT::Coding region xref gene does not exist
prokka_out/CA140717:CDS	hypothetical protein	NODE_2_length_256043_cov_128.365530:147099-148184	DOCPNFPP_00532

DiscRep_SUB:FEATURE_LOCATION_CONFLICT::Coding region xref gene does not exist
prokka_out/CA140717:CDS	Elongation factor P	NODE_2_length_256043_cov_128.365530:c148915-148346	DOCPNFPP_00533

DiscRep_SUB:FEATURE_LOCATION_CONFLICT::Coding region xref gene does not exist
prokka_out/CA140717:CDS	hypothetical protein	NODE_2_length_256043_cov_128.365530:c149619-149344	DOCPNFPP_00534

DiscRep_SUB:FEATURE_LOCATION_CONFLICT::Coding region xref gene does not exist
prokka_out/CA140717:CDS	Flagellar secretion chaperone FliS	NODE_2_length_256043_cov_128.365530:c149986-149600	DOCPNFPP_00535

DiscRep_SUB:FEATURE_LOCATION_CONFLICT::Coding region xref gene does not exist
prokka_out/CA140717:CDS	hypothetical protein	NODE_2_length_256043_cov_128.365530:c151911-149998	DOCPNFPP_00536

DiscRep_SUB:FEATURE_LOCATION_CONFLICT::Coding region xref gene does not exist
prokka_out/CA140717:CDS	hypothetical protein	NODE_2_length_256043_cov_128.365530:c152279-151914	DOCPNFPP_00537

DiscRep_SUB:FEATURE_LOCATION_CONFLICT::Coding region xref gene does not exist
prokka_out/CA140717:CDS	3-octaprenyl-4-hydroxybenzoate carboxy-lyase	NODE_2_length_256043_cov_128.365530:c154238-152436	DOCPNFPP_00538

DiscRep_SUB:FEATURE_LOCATION_CONFLICT::Coding region xref gene does not exist
prokka_out/CA140717:CDS	Porphobilinogen deaminase	NODE_2_length_256043_cov_128.365530:c155161-154235	DOCPNFPP_00539

DiscRep_SUB:FEATURE_LOCATION_CONFLICT::Coding region xref gene does not exist
prokka_out/CA140717:CDS	hypothetical protein	NODE_2_length_256043_cov_128.365530:c155544-155158	DOCPNFPP_00540

DiscRep_SUB:FEATURE_LOCATION_CONFLICT::Coding region xref gene does not exist
prokka_out/CA140717:CDS	Proline--tRNA ligase	NODE_2_length_256043_cov_128.365530:c157247-155541	DOCPNFPP_00541

DiscRep_SUB:FEATURE_LOCATION_CONFLICT::Coding region xref gene does not exist
prokka_out/CA140717:CDS	Glutamyl-tRNA reductase	NODE_2_length_256043_cov_128.365530:c158532-157237	DOCPNFPP_00542

DiscRep_SUB:FEATURE_LOCATION_CONFLICT::Coding region xref gene does not exist
prokka_out/CA140717:CDS	Octaprenyl diphosphate synthase	NODE_2_length_256043_cov_128.365530:c159425-158532	DOCPNFPP_00543

DiscRep_SUB:FEATURE_LOCATION_CONFLICT::Coding region xref gene does not exist
prokka_out/CA140717:CDS	hypothetical protein	NODE_2_length_256043_cov_128.365530:c159972-159442	DOCPNFPP_00544

DiscRep_SUB:FEATURE_LOCATION_CONFLICT::Coding region xref gene does not exist
prokka_out/CA140717:CDS	hypothetical protein	NODE_2_length_256043_cov_128.365530:c160235-159972	DOCPNFPP_00545

DiscRep_SUB:FEATURE_LOCATION_CONFLICT::Coding region xref gene does not exist
prokka_out/CA140717:CDS	hypothetical protein	NODE_2_length_256043_cov_128.365530:c160921-160364	DOCPNFPP_00546

DiscRep_SUB:FEATURE_LOCATION_CONFLICT::Coding region xref gene does not exist
prokka_out/CA140717:CDS	hypothetical protein	NODE_2_length_256043_cov_128.365530:c161763-160918	DOCPNFPP_00547

DiscRep_SUB:FEATURE_LOCATION_CONFLICT::Coding region xref gene does not exist
prokka_out/CA140717:CDS	2-oxoglutarate oxidoreductase subunit KorA	NODE_2_length_256043_cov_128.365530:c162888-161764	DOCPNFPP_00548

DiscRep_SUB:FEATURE_LOCATION_CONFLICT::Coding region xref gene does not exist
prokka_out/CA140717:CDS	Ion-translocating oxidoreductase complex subunit B	NODE_2_length_256043_cov_128.365530:c163208-162897	DOCPNFPP_00549

DiscRep_SUB:FEATURE_LOCATION_CONFLICT::Coding region xref gene does not exist
prokka_out/CA140717:CDS	Succinate--CoA ligase [ADP-forming] subunit alpha	NODE_2_length_256043_cov_128.365530:c164092-163223	DOCPNFPP_00550

DiscRep_SUB:FEATURE_LOCATION_CONFLICT::Coding region xref gene does not exist
prokka_out/CA140717:CDS	Succinate--CoA ligase [ADP-forming] subunit beta	NODE_2_length_256043_cov_128.365530:c165265-164102	DOCPNFPP_00551

DiscRep_SUB:FEATURE_LOCATION_CONFLICT::Coding region xref gene does not exist
prokka_out/CA140717:CDS	Malate dehydrogenase	NODE_2_length_256043_cov_128.365530:c166170-165262	DOCPNFPP_00552

DiscRep_SUB:FEATURE_LOCATION_CONFLICT::Coding region xref gene does not exist
prokka_out/CA140717:CDS	Isocitrate dehydrogenase [NADP] 2	NODE_2_length_256043_cov_128.365530:c168371-166167	DOCPNFPP_00553

DiscRep_SUB:FEATURE_LOCATION_CONFLICT::Coding region xref gene does not exist
prokka_out/CA140717:CDS	hypothetical protein	NODE_2_length_256043_cov_128.365530:c171058-168488	DOCPNFPP_00554

DiscRep_SUB:FEATURE_LOCATION_CONFLICT::Coding region xref gene does not exist
prokka_out/CA140717:CDS	Endolytic murein transglycosylase	NODE_2_length_256043_cov_128.365530:171072-171974	DOCPNFPP_00555

DiscRep_SUB:FEATURE_LOCATION_CONFLICT::Coding region xref gene does not exist
prokka_out/CA140717:CDS	hypothetical protein	NODE_2_length_256043_cov_128.365530:172050-172481	DOCPNFPP_00556

DiscRep_SUB:FEATURE_LOCATION_CONFLICT::Coding region xref gene does not exist
prokka_out/CA140717:CDS	Flagellar basal-body rod protein FlgC	NODE_2_length_256043_cov_128.365530:172491-172985	DOCPNFPP_00557

DiscRep_SUB:FEATURE_LOCATION_CONFLICT::Coding region xref gene does not exist
prokka_out/CA140717:CDS	Flagellar hook-basal body complex protein FliE	NODE_2_length_256043_cov_128.365530:172992-173291	DOCPNFPP_00558

DiscRep_SUB:FEATURE_LOCATION_CONFLICT::Coding region xref gene does not exist
prokka_out/CA140717:CDS	Peptidoglycan D,D-transpeptidase FtsI	NODE_2_length_256043_cov_128.365530:173297-175102	DOCPNFPP_00559

DiscRep_SUB:FEATURE_LOCATION_CONFLICT::Coding region xref gene does not exist
prokka_out/CA140717:CDS	hypothetical protein	NODE_2_length_256043_cov_128.365530:c176903-175095	DOCPNFPP_00560

DiscRep_SUB:FEATURE_LOCATION_CONFLICT::Coding region xref gene does not exist
prokka_out/CA140717:CDS	hypothetical protein	NODE_2_length_256043_cov_128.365530:c177312-176878	DOCPNFPP_00561

DiscRep_SUB:FEATURE_LOCATION_CONFLICT::Coding region xref gene does not exist
prokka_out/CA140717:CDS	hypothetical protein	NODE_2_length_256043_cov_128.365530:c177629-177309	DOCPNFPP_00562

DiscRep_SUB:FEATURE_LOCATION_CONFLICT::Coding region xref gene does not exist
prokka_out/CA140717:CDS	Chaperone protein HtpG	NODE_2_length_256043_cov_128.365530:c179455-177626	DOCPNFPP_00563

DiscRep_SUB:FEATURE_LOCATION_CONFLICT::Coding region xref gene does not exist
prokka_out/CA140717:CDS	Putative fluoride ion transporter CrcB	NODE_2_length_256043_cov_128.365530:c179896-179528	DOCPNFPP_00564

DiscRep_SUB:FEATURE_LOCATION_CONFLICT::Coding region xref gene does not exist
prokka_out/CA140717:CDS	hypothetical protein	NODE_2_length_256043_cov_128.365530:c180591-179890	DOCPNFPP_00565

DiscRep_SUB:FEATURE_LOCATION_CONFLICT::Coding region xref gene does not exist
prokka_out/CA140717:CDS	hypothetical protein	NODE_2_length_256043_cov_128.365530:c181762-180563	DOCPNFPP_00566

DiscRep_SUB:FEATURE_LOCATION_CONFLICT::Coding region xref gene does not exist
prokka_out/CA140717:CDS	Phosphoribosylformylglycinamidine synthase subunit PurQ	NODE_2_length_256043_cov_128.365530:c182403-181759	DOCPNFPP_00567

DiscRep_SUB:FEATURE_LOCATION_CONFLICT::Coding region xref gene does not exist
prokka_out/CA140717:CDS	Phosphoribosylformylglycinamidine synthase subunit PurS	NODE_2_length_256043_cov_128.365530:c182648-182403	DOCPNFPP_00568

DiscRep_SUB:FEATURE_LOCATION_CONFLICT::Coding region xref gene does not exist
prokka_out/CA140717:CDS	Phosphoribosylaminoimidazole-succinocarboxamide synthase	NODE_2_length_256043_cov_128.365530:c183367-182657	DOCPNFPP_00569

DiscRep_SUB:FEATURE_LOCATION_CONFLICT::Coding region xref gene does not exist
prokka_out/CA140717:CDS	Carboxy-terminal processing protease CtpA	NODE_2_length_256043_cov_128.365530:c184692-183370	DOCPNFPP_00570

DiscRep_SUB:FEATURE_LOCATION_CONFLICT::Coding region xref gene does not exist
prokka_out/CA140717:CDS	Copper-sensing transcriptional repressor CsoR	NODE_2_length_256043_cov_128.365530:184850-185131	DOCPNFPP_00571

DiscRep_SUB:FEATURE_LOCATION_CONFLICT::Coding region xref gene does not exist
prokka_out/CA140717:CDS	Chaperone protein ClpB	NODE_2_length_256043_cov_128.365530:185266-187839	DOCPNFPP_00572

DiscRep_SUB:FEATURE_LOCATION_CONFLICT::Coding region xref gene does not exist
prokka_out/CA140717:CDS	Penicillin-binding protein 1F	NODE_2_length_256043_cov_128.365530:c189813-187882	DOCPNFPP_00573

DiscRep_SUB:FEATURE_LOCATION_CONFLICT::Coding region xref gene does not exist
prokka_out/CA140717:CDS	dTTP/UTP pyrophosphatase	NODE_2_length_256043_cov_128.365530:c190361-189810	DOCPNFPP_00574

DiscRep_SUB:FEATURE_LOCATION_CONFLICT::Coding region xref gene does not exist
prokka_out/CA140717:CDS	Alanine--tRNA ligase	NODE_2_length_256043_cov_128.365530:c192893-190365	DOCPNFPP_00575

DiscRep_SUB:FEATURE_LOCATION_CONFLICT::Coding region xref gene does not exist
prokka_out/CA140717:CDS	UDP-2-acetamido-2-deoxy-3-oxo-D-glucuronate aminotransferase	NODE_2_length_256043_cov_128.365530:193010-194089	DOCPNFPP_00576

DiscRep_SUB:FEATURE_LOCATION_CONFLICT::Coding region xref gene does not exist
prokka_out/CA140717:CDS	hypothetical protein	NODE_2_length_256043_cov_128.365530:194086-195198	DOCPNFPP_00577

DiscRep_SUB:FEATURE_LOCATION_CONFLICT::Coding region xref gene does not exist
prokka_out/CA140717:CDS	Putative 4,5-dihydroxyphthalate dehydrogenase	NODE_2_length_256043_cov_128.365530:195195-196049	DOCPNFPP_00578

DiscRep_SUB:FEATURE_LOCATION_CONFLICT::Coding region xref gene does not exist
prokka_out/CA140717:CDS	Ferrochelatase	NODE_2_length_256043_cov_128.365530:196169-197080	DOCPNFPP_00579

DiscRep_SUB:FEATURE_LOCATION_CONFLICT::Coding region xref gene does not exist
prokka_out/CA140717:CDS	Ammonium transporter	NODE_2_length_256043_cov_128.365530:c198375-197140	DOCPNFPP_00580

DiscRep_SUB:FEATURE_LOCATION_CONFLICT::Coding region xref gene does not exist
prokka_out/CA140717:CDS	tRNA 2-selenouridine synthase	NODE_2_length_256043_cov_128.365530:c199676-198678	DOCPNFPP_00581

DiscRep_SUB:FEATURE_LOCATION_CONFLICT::Coding region xref gene does not exist
prokka_out/CA140717:CDS	AP-4-A phosphorylase	NODE_2_length_256043_cov_128.365530:c200151-199666	DOCPNFPP_00582

DiscRep_SUB:FEATURE_LOCATION_CONFLICT::Coding region xref gene does not exist
prokka_out/CA140717:CDS	Indole-3-glycerol phosphate synthase	NODE_2_length_256043_cov_128.365530:c200938-200162	DOCPNFPP_00583

DiscRep_SUB:FEATURE_LOCATION_CONFLICT::Coding region xref gene does not exist
prokka_out/CA140717:CDS	hypothetical protein	NODE_2_length_256043_cov_128.365530:c202212-200935	DOCPNFPP_00584

DiscRep_SUB:FEATURE_LOCATION_CONFLICT::Coding region xref gene does not exist
prokka_out/CA140717:CDS	hypothetical protein	NODE_2_length_256043_cov_128.365530:c202559-202185	DOCPNFPP_00585

DiscRep_SUB:FEATURE_LOCATION_CONFLICT::Coding region xref gene does not exist
prokka_out/CA140717:CDS	tRNA1(Val) (adenine(37)-N6)-methyltransferase	NODE_2_length_256043_cov_128.365530:c203250-202549	DOCPNFPP_00586

DiscRep_SUB:FEATURE_LOCATION_CONFLICT::Coding region xref gene does not exist
prokka_out/CA140717:CDS	hypothetical protein	NODE_2_length_256043_cov_128.365530:c203405-203253	DOCPNFPP_00587

DiscRep_SUB:FEATURE_LOCATION_CONFLICT::Coding region xref gene does not exist
prokka_out/CA140717:CDS	Elongation factor G	NODE_2_length_256043_cov_128.365530:c205636-203561	DOCPNFPP_00589

DiscRep_SUB:FEATURE_LOCATION_CONFLICT::Coding region xref gene does not exist
prokka_out/CA140717:CDS	30S ribosomal protein S7	NODE_2_length_256043_cov_128.365530:c206119-205649	DOCPNFPP_00590

DiscRep_SUB:FEATURE_LOCATION_CONFLICT::Coding region xref gene does not exist
prokka_out/CA140717:CDS	30S ribosomal protein S12	NODE_2_length_256043_cov_128.365530:c206575-206189	DOCPNFPP_00591

DiscRep_SUB:FEATURE_LOCATION_CONFLICT::Coding region xref gene does not exist
prokka_out/CA140717:CDS	Bifunctional DNA-directed RNA polymerase subunit beta-beta'	NODE_2_length_256043_cov_128.365530:c211423-206873	DOCPNFPP_00592

DiscRep_SUB:FEATURE_LOCATION_CONFLICT::Coding region xref gene does not exist
prokka_out/CA140717:CDS	Bifunctional DNA-directed RNA polymerase subunit beta-beta'	NODE_2_length_256043_cov_128.365530:c215543-211416	DOCPNFPP_00593

DiscRep_SUB:FEATURE_LOCATION_CONFLICT::Coding region xref gene does not exist
prokka_out/CA140717:CDS	50S ribosomal protein L7/L12	NODE_2_length_256043_cov_128.365530:c216040-215663	DOCPNFPP_00594

DiscRep_SUB:FEATURE_LOCATION_CONFLICT::Coding region xref gene does not exist
prokka_out/CA140717:CDS	50S ribosomal protein L10	NODE_2_length_256043_cov_128.365530:c216537-216058	DOCPNFPP_00595

DiscRep_SUB:FEATURE_LOCATION_CONFLICT::Coding region xref gene does not exist
prokka_out/CA140717:CDS	50S ribosomal protein L1	NODE_2_length_256043_cov_128.365530:c217387-216686	DOCPNFPP_00596

DiscRep_SUB:FEATURE_LOCATION_CONFLICT::Coding region xref gene does not exist
prokka_out/CA140717:CDS	50S ribosomal protein L11	NODE_2_length_256043_cov_128.365530:c217870-217445	DOCPNFPP_00597

DiscRep_SUB:FEATURE_LOCATION_CONFLICT::Coding region xref gene does not exist
prokka_out/CA140717:CDS	Transcription termination/antitermination protein NusG	NODE_2_length_256043_cov_128.365530:c218429-217896	DOCPNFPP_00598

DiscRep_SUB:FEATURE_LOCATION_CONFLICT::Coding region xref gene does not exist
prokka_out/CA140717:CDS	hypothetical protein	NODE_2_length_256043_cov_128.365530:c218622-218443	DOCPNFPP_00599

DiscRep_SUB:FEATURE_LOCATION_CONFLICT::Coding region xref gene does not exist
prokka_out/CA140717:CDS	50S ribosomal protein L33 2	NODE_2_length_256043_cov_128.365530:c218886-218728	DOCPNFPP_00601

DiscRep_SUB:FEATURE_LOCATION_CONFLICT::Coding region xref gene does not exist
prokka_out/CA140717:CDS	Elongation factor Tu	NODE_2_length_256043_cov_128.365530:c220138-218939	DOCPNFPP_00602

DiscRep_SUB:FEATURE_LOCATION_CONFLICT::Coding region xref gene does not exist
prokka_out/CA140717:CDS	Glutamine transport ATP-binding protein GlnQ	NODE_2_length_256043_cov_128.365530:c221545-220808	DOCPNFPP_00607

DiscRep_SUB:FEATURE_LOCATION_CONFLICT::Coding region xref gene does not exist
prokka_out/CA140717:CDS	putative glutamine ABC transporter permease protein GlnP	NODE_2_length_256043_cov_128.365530:c222203-221547	DOCPNFPP_00608

DiscRep_SUB:FEATURE_LOCATION_CONFLICT::Coding region xref gene does not exist
prokka_out/CA140717:CDS	L-cystine transport system permease protein YecS	NODE_2_length_256043_cov_128.365530:c222897-222196	DOCPNFPP_00609

DiscRep_SUB:FEATURE_LOCATION_CONFLICT::Coding region xref gene does not exist
prokka_out/CA140717:CDS	cAMP-activated global transcriptional regulator CRP	NODE_2_length_256043_cov_128.365530:c223504-222908	DOCPNFPP_00610

DiscRep_SUB:FEATURE_LOCATION_CONFLICT::Coding region xref gene does not exist
prokka_out/CA140717:CDS	Group 3 truncated hemoglobin ctb	NODE_2_length_256043_cov_128.365530:223586-223972	DOCPNFPP_00611

DiscRep_SUB:FEATURE_LOCATION_CONFLICT::Coding region xref gene does not exist
prokka_out/CA140717:CDS	ATP-dependent DNA helicase RecG	NODE_2_length_256043_cov_128.365530:c225789-223975	DOCPNFPP_00612

DiscRep_SUB:FEATURE_LOCATION_CONFLICT::Coding region xref gene does not exist
prokka_out/CA140717:CDS	hypothetical protein	NODE_2_length_256043_cov_128.365530:c226999-225779	DOCPNFPP_00613

DiscRep_SUB:FEATURE_LOCATION_CONFLICT::Coding region xref gene does not exist
prokka_out/CA140717:CDS	Cyclic dehypoxanthine futalosine synthase	NODE_2_length_256043_cov_128.365530:c228045-226999	DOCPNFPP_00614

DiscRep_SUB:FEATURE_LOCATION_CONFLICT::Coding region xref gene does not exist
prokka_out/CA140717:CDS	hypothetical protein	NODE_2_length_256043_cov_128.365530:228117-229304	DOCPNFPP_00615

DiscRep_SUB:FEATURE_LOCATION_CONFLICT::Coding region xref gene does not exist
prokka_out/CA140717:CDS	Transcription termination/antitermination protein NusA	NODE_2_length_256043_cov_128.365530:c230419-229331	DOCPNFPP_00616

DiscRep_SUB:FEATURE_LOCATION_CONFLICT::Coding region xref gene does not exist
prokka_out/CA140717:CDS	hypothetical protein	NODE_2_length_256043_cov_128.365530:230544-230786	DOCPNFPP_00617

DiscRep_SUB:FEATURE_LOCATION_CONFLICT::Coding region xref gene does not exist
prokka_out/CA140717:CDS	tRNA-2-methylthio-N(6)-dimethylallyladenosine synthase	NODE_2_length_256043_cov_128.365530:230783-232084	DOCPNFPP_00618

DiscRep_SUB:FEATURE_LOCATION_CONFLICT::Coding region xref gene does not exist
prokka_out/CA140717:CDS	hypothetical protein	NODE_2_length_256043_cov_128.365530:232068-232691	DOCPNFPP_00619

DiscRep_SUB:FEATURE_LOCATION_CONFLICT::Coding region xref gene does not exist
prokka_out/CA140717:CDS	hypothetical protein	NODE_2_length_256043_cov_128.365530:232700-233686	DOCPNFPP_00620

DiscRep_SUB:FEATURE_LOCATION_CONFLICT::Coding region xref gene does not exist
prokka_out/CA140717:CDS	hypothetical protein	NODE_2_length_256043_cov_128.365530:233683-234207	DOCPNFPP_00621

DiscRep_SUB:FEATURE_LOCATION_CONFLICT::Coding region xref gene does not exist
prokka_out/CA140717:CDS	hypothetical protein	NODE_2_length_256043_cov_128.365530:234204-234722	DOCPNFPP_00622

DiscRep_SUB:FEATURE_LOCATION_CONFLICT::Coding region xref gene does not exist
prokka_out/CA140717:CDS	5-hydroxybenzimidazole synthase	NODE_2_length_256043_cov_128.365530:c236006-234714	DOCPNFPP_00623

DiscRep_SUB:FEATURE_LOCATION_CONFLICT::Coding region xref gene does not exist
prokka_out/CA140717:CDS	3'-5' exonuclease DinG	NODE_2_length_256043_cov_128.365530:c236939-236178	DOCPNFPP_00624

DiscRep_SUB:FEATURE_LOCATION_CONFLICT::Coding region xref gene does not exist
prokka_out/CA140717:CDS	Ribulose-phosphate 3-epimerase	NODE_2_length_256043_cov_128.365530:c237583-236936	DOCPNFPP_00625

DiscRep_SUB:FEATURE_LOCATION_CONFLICT::Coding region xref gene does not exist
prokka_out/CA140717:CDS	50S ribosomal protein L28	NODE_2_length_256043_cov_128.365530:237721-237915	DOCPNFPP_00626

DiscRep_SUB:FEATURE_LOCATION_CONFLICT::Coding region xref gene does not exist
prokka_out/CA140717:CDS	hypothetical protein	NODE_2_length_256043_cov_128.365530:238112-238327	DOCPNFPP_00627

DiscRep_SUB:FEATURE_LOCATION_CONFLICT::Coding region xref gene does not exist
prokka_out/CA140717:CDS	hypothetical protein	NODE_2_length_256043_cov_128.365530:238339-239433	DOCPNFPP_00628

DiscRep_SUB:FEATURE_LOCATION_CONFLICT::Coding region xref gene does not exist
prokka_out/CA140717:CDS	hypothetical protein	NODE_2_length_256043_cov_128.365530:c240047-239454	DOCPNFPP_00629

DiscRep_SUB:FEATURE_LOCATION_CONFLICT::Coding region xref gene does not exist
prokka_out/CA140717:CDS	Colicin I receptor	NODE_2_length_256043_cov_128.365530:c242187-240124	DOCPNFPP_00630

DiscRep_SUB:FEATURE_LOCATION_CONFLICT::Coding region xref gene does not exist
prokka_out/CA140717:CDS	Citrate lyase subunit beta-like protein	NODE_2_length_256043_cov_128.365530:c243263-242430	DOCPNFPP_00631

DiscRep_SUB:FEATURE_LOCATION_CONFLICT::Coding region xref gene does not exist
prokka_out/CA140717:CDS	Acetyl-CoA:oxalate CoA-transferase	NODE_2_length_256043_cov_128.365530:c244445-243273	DOCPNFPP_00632

DiscRep_SUB:FEATURE_LOCATION_CONFLICT::Coding region xref gene does not exist
prokka_out/CA140717:CDS	Mesaconyl-C(4)-CoA hydratase	NODE_2_length_256043_cov_128.365530:c245288-244458	DOCPNFPP_00633

DiscRep_SUB:FEATURE_LOCATION_CONFLICT::Coding region xref gene does not exist
prokka_out/CA140717:CDS	hypothetical protein	NODE_2_length_256043_cov_128.365530:c246543-245299	DOCPNFPP_00634

DiscRep_SUB:FEATURE_LOCATION_CONFLICT::Coding region xref gene does not exist
prokka_out/CA140717:CDS	Acetyl-coenzyme A carboxylase carboxyl transferase subunit alpha	NODE_2_length_256043_cov_128.365530:c247998-247060	DOCPNFPP_00635

DiscRep_SUB:FEATURE_LOCATION_CONFLICT::Coding region xref gene does not exist
prokka_out/CA140717:CDS	3-oxoacyl-[acyl-carrier-protein] synthase 2	NODE_2_length_256043_cov_128.365530:c249214-248000	DOCPNFPP_00636

DiscRep_SUB:FEATURE_LOCATION_CONFLICT::Coding region xref gene does not exist
prokka_out/CA140717:CDS	Acyl carrier protein	NODE_2_length_256043_cov_128.365530:c249481-249248	DOCPNFPP_00637

DiscRep_SUB:FEATURE_LOCATION_CONFLICT::Coding region xref gene does not exist
prokka_out/CA140717:CDS	Aminopyrimidine aminohydrolase	NODE_2_length_256043_cov_128.365530:249595-250260	DOCPNFPP_00638

DiscRep_SUB:FEATURE_LOCATION_CONFLICT::Coding region xref gene does not exist
prokka_out/CA140717:CDS	hypothetical protein	NODE_2_length_256043_cov_128.365530:c250687-250280	DOCPNFPP_00639

DiscRep_SUB:FEATURE_LOCATION_CONFLICT::Coding region xref gene does not exist
prokka_out/CA140717:CDS	3-oxoacyl-[acyl-carrier-protein] reductase FabG	NODE_2_length_256043_cov_128.365530:c251440-250697	DOCPNFPP_00640

DiscRep_SUB:FEATURE_LOCATION_CONFLICT::Coding region xref gene does not exist
prokka_out/CA140717:CDS	2,3-bisphosphoglycerate-independent phosphoglycerate mutase	NODE_2_length_256043_cov_128.365530:c252983-251505	DOCPNFPP_00641

DiscRep_SUB:FEATURE_LOCATION_CONFLICT::Coding region xref gene does not exist
prokka_out/CA140717:CDS	Phospho-N-acetylmuramoyl-pentapeptide-transferase	NODE_2_length_256043_cov_128.365530:253063-254124	DOCPNFPP_00642

DiscRep_SUB:FEATURE_LOCATION_CONFLICT::Coding region xref gene does not exist
prokka_out/CA140717:CDS	UDP-N-acetylmuramoylalanine--D-glutamate ligase	NODE_2_length_256043_cov_128.365530:254124-255332	DOCPNFPP_00643

DiscRep_SUB:FEATURE_LOCATION_CONFLICT::Coding region xref gene does not exist
prokka_out/CA140717:CDS	hypothetical protein	NODE_2_length_256043_cov_128.365530:c255712-255410	DOCPNFPP_00644

DiscRep_SUB:FEATURE_LOCATION_CONFLICT::RNA feature xref gene does not exist
prokka_out/CA140717:tRNA	Met	NODE_2_length_256043_cov_128.365530:139767-139843	DOCPNFPP_00524

DiscRep_SUB:FEATURE_LOCATION_CONFLICT::RNA feature xref gene does not exist
prokka_out/CA140717:tRNA	Arg	NODE_2_length_256043_cov_128.365530:c203532-203456	DOCPNFPP_00588

DiscRep_SUB:FEATURE_LOCATION_CONFLICT::RNA feature xref gene does not exist
prokka_out/CA140717:tRNA	Trp	NODE_2_length_256043_cov_128.365530:c218716-218641	DOCPNFPP_00600

DiscRep_SUB:FEATURE_LOCATION_CONFLICT::RNA feature xref gene does not exist
prokka_out/CA140717:tRNA	Thr	NODE_2_length_256043_cov_128.365530:c220273-220199	DOCPNFPP_00603

DiscRep_SUB:FEATURE_LOCATION_CONFLICT::RNA feature xref gene does not exist
prokka_out/CA140717:tRNA	Gly	NODE_2_length_256043_cov_128.365530:c220445-220369	DOCPNFPP_00604

DiscRep_SUB:FEATURE_LOCATION_CONFLICT::RNA feature xref gene does not exist
prokka_out/CA140717:tRNA	Tyr	NODE_2_length_256043_cov_128.365530:c220537-220452	DOCPNFPP_00605

DiscRep_SUB:FEATURE_LOCATION_CONFLICT::RNA feature xref gene does not exist
prokka_out/CA140717:tRNA	Thr	NODE_2_length_256043_cov_128.365530:c220673-220598	DOCPNFPP_00606

DiscRep_SUB:FEATURE_LOCATION_CONFLICT::Coding region xref gene does not exist
prokka_out/CA140717:CDS	hypothetical protein	NODE_3_length_238243_cov_132.438963:c3155-1338	DOCPNFPP_00645

DiscRep_SUB:FEATURE_LOCATION_CONFLICT::Coding region xref gene does not exist
prokka_out/CA140717:CDS	hypothetical protein	NODE_3_length_238243_cov_132.438963:c4975-3152	DOCPNFPP_00646

DiscRep_SUB:FEATURE_LOCATION_CONFLICT::Coding region xref gene does not exist
prokka_out/CA140717:CDS	hypothetical protein	NODE_3_length_238243_cov_132.438963:c6236-4986	DOCPNFPP_00647

DiscRep_SUB:FEATURE_LOCATION_CONFLICT::Coding region xref gene does not exist
prokka_out/CA140717:CDS	hypothetical protein	NODE_3_length_238243_cov_132.438963:c6751-6236	DOCPNFPP_00648

DiscRep_SUB:FEATURE_LOCATION_CONFLICT::Coding region xref gene does not exist
prokka_out/CA140717:CDS	tRNA N6-adenosine threonylcarbamoyltransferase	NODE_3_length_238243_cov_132.438963:c7762-6755	DOCPNFPP_00649

DiscRep_SUB:FEATURE_LOCATION_CONFLICT::Coding region xref gene does not exist
prokka_out/CA140717:CDS	hypothetical protein	NODE_3_length_238243_cov_132.438963:c9153-7759	DOCPNFPP_00650

DiscRep_SUB:FEATURE_LOCATION_CONFLICT::Coding region xref gene does not exist
prokka_out/CA140717:CDS	1-deoxy-D-xylulose 5-phosphate reductoisomerase	NODE_3_length_238243_cov_132.438963:c10226-9150	DOCPNFPP_00651

DiscRep_SUB:FEATURE_LOCATION_CONFLICT::Coding region xref gene does not exist
prokka_out/CA140717:CDS	hypothetical protein	NODE_3_length_238243_cov_132.438963:c10948-10223	DOCPNFPP_00652

DiscRep_SUB:FEATURE_LOCATION_CONFLICT::Coding region xref gene does not exist
prokka_out/CA140717:CDS	hypothetical protein	NODE_3_length_238243_cov_132.438963:c11295-10957	DOCPNFPP_00653

DiscRep_SUB:FEATURE_LOCATION_CONFLICT::Coding region xref gene does not exist
prokka_out/CA140717:CDS	hypothetical protein	NODE_3_length_238243_cov_132.438963:c12604-11297	DOCPNFPP_00654

DiscRep_SUB:FEATURE_LOCATION_CONFLICT::Coding region xref gene does not exist
prokka_out/CA140717:CDS	putative molybdenum cofactor guanylyltransferase	NODE_3_length_238243_cov_132.438963:12667-13242	DOCPNFPP_00655

DiscRep_SUB:FEATURE_LOCATION_CONFLICT::Coding region xref gene does not exist
prokka_out/CA140717:CDS	hypothetical protein	NODE_3_length_238243_cov_132.438963:13239-14234	DOCPNFPP_00656

DiscRep_SUB:FEATURE_LOCATION_CONFLICT::Coding region xref gene does not exist
prokka_out/CA140717:CDS	Petrobactin import system permease protein YclN	NODE_3_length_238243_cov_132.438963:14367-15335	DOCPNFPP_00657

DiscRep_SUB:FEATURE_LOCATION_CONFLICT::Coding region xref gene does not exist
prokka_out/CA140717:CDS	Petrobactin import system permease protein YclO	NODE_3_length_238243_cov_132.438963:15328-16266	DOCPNFPP_00658

DiscRep_SUB:FEATURE_LOCATION_CONFLICT::Coding region xref gene does not exist
prokka_out/CA140717:CDS	Petrobactin import ATP-binding protein YclP	NODE_3_length_238243_cov_132.438963:16263-17018	DOCPNFPP_00659

DiscRep_SUB:FEATURE_LOCATION_CONFLICT::Coding region xref gene does not exist
prokka_out/CA140717:CDS	Petrobactin-binding protein YclQ	NODE_3_length_238243_cov_132.438963:17033-18022	DOCPNFPP_00660

DiscRep_SUB:FEATURE_LOCATION_CONFLICT::Coding region xref gene does not exist
prokka_out/CA140717:CDS	hypothetical protein	NODE_3_length_238243_cov_132.438963:18188-18820	DOCPNFPP_00661

DiscRep_SUB:FEATURE_LOCATION_CONFLICT::Coding region xref gene does not exist
prokka_out/CA140717:CDS	Cytochrome c-552	NODE_3_length_238243_cov_132.438963:c21324-19492	DOCPNFPP_00663

DiscRep_SUB:FEATURE_LOCATION_CONFLICT::Coding region xref gene does not exist
prokka_out/CA140717:CDS	Cytochrome c-type protein NrfH	NODE_3_length_238243_cov_132.438963:c21831-21340	DOCPNFPP_00664

DiscRep_SUB:FEATURE_LOCATION_CONFLICT::Coding region xref gene does not exist
prokka_out/CA140717:CDS	Polyphosphate kinase	NODE_3_length_238243_cov_132.438963:22014-24098	DOCPNFPP_00665

DiscRep_SUB:FEATURE_LOCATION_CONFLICT::Coding region xref gene does not exist
prokka_out/CA140717:CDS	hypothetical protein	NODE_3_length_238243_cov_132.438963:c26501-24240	DOCPNFPP_00666

DiscRep_SUB:FEATURE_LOCATION_CONFLICT::Coding region xref gene does not exist
prokka_out/CA140717:CDS	hypothetical protein	NODE_3_length_238243_cov_132.438963:c27477-27067	DOCPNFPP_00668

DiscRep_SUB:FEATURE_LOCATION_CONFLICT::Coding region xref gene does not exist
prokka_out/CA140717:CDS	Holliday junction ATP-dependent DNA helicase RuvB	NODE_3_length_238243_cov_132.438963:27569-28579	DOCPNFPP_00669

DiscRep_SUB:FEATURE_LOCATION_CONFLICT::Coding region xref gene does not exist
prokka_out/CA140717:CDS	hypothetical protein	NODE_3_length_238243_cov_132.438963:28589-29632	DOCPNFPP_00670

DiscRep_SUB:FEATURE_LOCATION_CONFLICT::Coding region xref gene does not exist
prokka_out/CA140717:CDS	Fumarate hydratase class II	NODE_3_length_238243_cov_132.438963:c31070-29679	DOCPNFPP_00671

DiscRep_SUB:FEATURE_LOCATION_CONFLICT::Coding region xref gene does not exist
prokka_out/CA140717:CDS	Glutamine--fructose-6-phosphate aminotransferase [isomerizing]	NODE_3_length_238243_cov_132.438963:c33001-31205	DOCPNFPP_00672

DiscRep_SUB:FEATURE_LOCATION_CONFLICT::Coding region xref gene does not exist
prokka_out/CA140717:CDS	Bifunctional uridylyltransferase/uridylyl-removing enzyme	NODE_3_length_238243_cov_132.438963:c35353-33005	DOCPNFPP_00673

DiscRep_SUB:FEATURE_LOCATION_CONFLICT::Coding region xref gene does not exist
prokka_out/CA140717:CDS	Aminodeoxyfutalosine synthase	NODE_3_length_238243_cov_132.438963:35496-36560	DOCPNFPP_00674

DiscRep_SUB:FEATURE_LOCATION_CONFLICT::Coding region xref gene does not exist
prokka_out/CA140717:CDS	Nucleobase transporter PlAzg1	NODE_3_length_238243_cov_132.438963:36570-37889	DOCPNFPP_00675

DiscRep_SUB:FEATURE_LOCATION_CONFLICT::Coding region xref gene does not exist
prokka_out/CA140717:CDS	Xanthine phosphoribosyltransferase	NODE_3_length_238243_cov_132.438963:37907-38350	DOCPNFPP_00676

DiscRep_SUB:FEATURE_LOCATION_CONFLICT::Coding region xref gene does not exist
prokka_out/CA140717:CDS	Intermembrane phospholipid transport system lipoprotein MlaA	NODE_3_length_238243_cov_132.438963:38391-39089	DOCPNFPP_00677

DiscRep_SUB:FEATURE_LOCATION_CONFLICT::Coding region xref gene does not exist
prokka_out/CA140717:CDS	hypothetical protein	NODE_3_length_238243_cov_132.438963:39099-39668	DOCPNFPP_00678

DiscRep_SUB:FEATURE_LOCATION_CONFLICT::Coding region xref gene does not exist
prokka_out/CA140717:CDS	hypothetical protein	NODE_3_length_238243_cov_132.438963:39668-42130	DOCPNFPP_00679

DiscRep_SUB:FEATURE_LOCATION_CONFLICT::Coding region xref gene does not exist
prokka_out/CA140717:CDS	dITP/XTP pyrophosphatase	NODE_3_length_238243_cov_132.438963:c42772-42164	DOCPNFPP_00680

DiscRep_SUB:FEATURE_LOCATION_CONFLICT::Coding region xref gene does not exist
prokka_out/CA140717:CDS	hypothetical protein	NODE_3_length_238243_cov_132.438963:c43199-42744	DOCPNFPP_00681

DiscRep_SUB:FEATURE_LOCATION_CONFLICT::Coding region xref gene does not exist
prokka_out/CA140717:CDS	Inner membrane transport protein YajR	NODE_3_length_238243_cov_132.438963:43341-44636	DOCPNFPP_00682

DiscRep_SUB:FEATURE_LOCATION_CONFLICT::Coding region xref gene does not exist
prokka_out/CA140717:CDS	hypothetical protein	NODE_3_length_238243_cov_132.438963:c45165-44638	DOCPNFPP_00683

DiscRep_SUB:FEATURE_LOCATION_CONFLICT::Coding region xref gene does not exist
prokka_out/CA140717:CDS	hypothetical protein	NODE_3_length_238243_cov_132.438963:c45875-45165	DOCPNFPP_00684

DiscRep_SUB:FEATURE_LOCATION_CONFLICT::Coding region xref gene does not exist
prokka_out/CA140717:CDS	Elongation factor Tu	NODE_3_length_238243_cov_132.438963:c47723-45924	DOCPNFPP_00685

DiscRep_SUB:FEATURE_LOCATION_CONFLICT::Coding region xref gene does not exist
prokka_out/CA140717:CDS	L-seryl-tRNA(Sec) selenium transferase	NODE_3_length_238243_cov_132.438963:c49042-47720	DOCPNFPP_00686

DiscRep_SUB:FEATURE_LOCATION_CONFLICT::Coding region xref gene does not exist
prokka_out/CA140717:CDS	Ion-translocating oxidoreductase complex subunit B	NODE_3_length_238243_cov_132.438963:49112-50773	DOCPNFPP_00687

DiscRep_SUB:FEATURE_LOCATION_CONFLICT::Coding region xref gene does not exist
prokka_out/CA140717:CDS	hypothetical protein	NODE_3_length_238243_cov_132.438963:c51656-50778	DOCPNFPP_00688

DiscRep_SUB:FEATURE_LOCATION_CONFLICT::Coding region xref gene does not exist
prokka_out/CA140717:CDS	Flavodoxin	NODE_3_length_238243_cov_132.438963:c52114-51623	DOCPNFPP_00689

DiscRep_SUB:FEATURE_LOCATION_CONFLICT::Coding region xref gene does not exist
prokka_out/CA140717:CDS	hypothetical protein	NODE_3_length_238243_cov_132.438963:c52809-52114	DOCPNFPP_00690

DiscRep_SUB:FEATURE_LOCATION_CONFLICT::Coding region xref gene does not exist
prokka_out/CA140717:CDS	hypothetical protein	NODE_3_length_238243_cov_132.438963:c53126-52809	DOCPNFPP_00691

DiscRep_SUB:FEATURE_LOCATION_CONFLICT::Coding region xref gene does not exist
prokka_out/CA140717:CDS	Catalase	NODE_3_length_238243_cov_132.438963:53313-54737	DOCPNFPP_00692

DiscRep_SUB:FEATURE_LOCATION_CONFLICT::Coding region xref gene does not exist
prokka_out/CA140717:CDS	hypothetical protein	NODE_3_length_238243_cov_132.438963:54794-55261	DOCPNFPP_00693

DiscRep_SUB:FEATURE_LOCATION_CONFLICT::Coding region xref gene does not exist
prokka_out/CA140717:CDS	hypothetical protein	NODE_3_length_238243_cov_132.438963:c55933-55265	DOCPNFPP_00694

DiscRep_SUB:FEATURE_LOCATION_CONFLICT::Coding region xref gene does not exist
prokka_out/CA140717:CDS	2-iminobutanoate/2-iminopropanoate deaminase	NODE_3_length_238243_cov_132.438963:56109-56471	DOCPNFPP_00695

DiscRep_SUB:FEATURE_LOCATION_CONFLICT::Coding region xref gene does not exist
prokka_out/CA140717:CDS	Putative cryptic C4-dicarboxylate transporter DcuD	NODE_3_length_238243_cov_132.438963:56475-57914	DOCPNFPP_00696

DiscRep_SUB:FEATURE_LOCATION_CONFLICT::Coding region xref gene does not exist
prokka_out/CA140717:CDS	Cystathionine beta-lyase	NODE_3_length_238243_cov_132.438963:57927-59090	DOCPNFPP_00697

DiscRep_SUB:FEATURE_LOCATION_CONFLICT::Coding region xref gene does not exist
prokka_out/CA140717:CDS	3-carboxy-cis,cis-muconate cycloisomerase	NODE_3_length_238243_cov_132.438963:59100-60467	DOCPNFPP_00698

DiscRep_SUB:FEATURE_LOCATION_CONFLICT::Coding region xref gene does not exist
prokka_out/CA140717:CDS	hypothetical protein	NODE_3_length_238243_cov_132.438963:60476-61816	DOCPNFPP_00699

DiscRep_SUB:FEATURE_LOCATION_CONFLICT::Coding region xref gene does not exist
prokka_out/CA140717:CDS	Putative Fe(2+) transport protein A	NODE_3_length_238243_cov_132.438963:61898-62122	DOCPNFPP_00700

DiscRep_SUB:FEATURE_LOCATION_CONFLICT::Coding region xref gene does not exist
prokka_out/CA140717:CDS	Fe(2+) transporter FeoB	NODE_3_length_238243_cov_132.438963:62119-63960	DOCPNFPP_00701

DiscRep_SUB:FEATURE_LOCATION_CONFLICT::Coding region xref gene does not exist
prokka_out/CA140717:CDS	hypothetical protein	NODE_3_length_238243_cov_132.438963:c65456-63957	DOCPNFPP_00702

DiscRep_SUB:FEATURE_LOCATION_CONFLICT::Coding region xref gene does not exist
prokka_out/CA140717:CDS	Enoyl-[acyl-carrier-protein] reductase [NADH] FabI	NODE_3_length_238243_cov_132.438963:c66284-65460	DOCPNFPP_00703

DiscRep_SUB:FEATURE_LOCATION_CONFLICT::Coding region xref gene does not exist
prokka_out/CA140717:CDS	Triosephosphate isomerase	NODE_3_length_238243_cov_132.438963:c66959-66288	DOCPNFPP_00704

DiscRep_SUB:FEATURE_LOCATION_CONFLICT::Coding region xref gene does not exist
prokka_out/CA140717:CDS	Phosphoglycerate kinase	NODE_3_length_238243_cov_132.438963:c68158-66956	DOCPNFPP_00705

DiscRep_SUB:FEATURE_LOCATION_CONFLICT::Coding region xref gene does not exist
prokka_out/CA140717:CDS	Glyceraldehyde-3-phosphate dehydrogenase	NODE_3_length_238243_cov_132.438963:c69159-68161	DOCPNFPP_00706

DiscRep_SUB:FEATURE_LOCATION_CONFLICT::Coding region xref gene does not exist
prokka_out/CA140717:CDS	putative nicotinate-nucleotide adenylyltransferase	NODE_3_length_238243_cov_132.438963:69221-69766	DOCPNFPP_00707

DiscRep_SUB:FEATURE_LOCATION_CONFLICT::Coding region xref gene does not exist
prokka_out/CA140717:CDS	Ribosomal silencing factor RsfS	NODE_3_length_238243_cov_132.438963:69795-70121	DOCPNFPP_00708

DiscRep_SUB:FEATURE_LOCATION_CONFLICT::Coding region xref gene does not exist
prokka_out/CA140717:CDS	Phosphomannomutase/phosphoglucomutase	NODE_3_length_238243_cov_132.438963:c72116-70752	DOCPNFPP_00709

DiscRep_SUB:FEATURE_LOCATION_CONFLICT::Coding region xref gene does not exist
prokka_out/CA140717:CDS	hypothetical protein	NODE_3_length_238243_cov_132.438963:72228-72764	DOCPNFPP_00710

DiscRep_SUB:FEATURE_LOCATION_CONFLICT::Coding region xref gene does not exist
prokka_out/CA140717:CDS	Holo-[acyl-carrier-protein] synthase	NODE_3_length_238243_cov_132.438963:72764-73111	DOCPNFPP_00711

DiscRep_SUB:FEATURE_LOCATION_CONFLICT::Coding region xref gene does not exist
prokka_out/CA140717:CDS	hypothetical protein	NODE_3_length_238243_cov_132.438963:c73536-73114	DOCPNFPP_00712

DiscRep_SUB:FEATURE_LOCATION_CONFLICT::Coding region xref gene does not exist
prokka_out/CA140717:CDS	hypothetical protein	NODE_3_length_238243_cov_132.438963:c74903-73533	DOCPNFPP_00713

DiscRep_SUB:FEATURE_LOCATION_CONFLICT::Coding region xref gene does not exist
prokka_out/CA140717:CDS	hypothetical protein	NODE_3_length_238243_cov_132.438963:c76021-74900	DOCPNFPP_00714

DiscRep_SUB:FEATURE_LOCATION_CONFLICT::Coding region xref gene does not exist
prokka_out/CA140717:CDS	hypothetical protein	NODE_3_length_238243_cov_132.438963:c77271-76090	DOCPNFPP_00715

DiscRep_SUB:FEATURE_LOCATION_CONFLICT::Coding region xref gene does not exist
prokka_out/CA140717:CDS	hypothetical protein	NODE_3_length_238243_cov_132.438963:c79295-77268	DOCPNFPP_00716

DiscRep_SUB:FEATURE_LOCATION_CONFLICT::Coding region xref gene does not exist
prokka_out/CA140717:CDS	Bifunctional protein GlmU	NODE_3_length_238243_cov_132.438963:c80829-79333	DOCPNFPP_00717

DiscRep_SUB:FEATURE_LOCATION_CONFLICT::Coding region xref gene does not exist
prokka_out/CA140717:CDS	hypothetical protein	NODE_3_length_238243_cov_132.438963:c81557-80826	DOCPNFPP_00718

DiscRep_SUB:FEATURE_LOCATION_CONFLICT::Coding region xref gene does not exist
prokka_out/CA140717:CDS	Uridine kinase	NODE_3_length_238243_cov_132.438963:c82845-81550	DOCPNFPP_00719

DiscRep_SUB:FEATURE_LOCATION_CONFLICT::Coding region xref gene does not exist
prokka_out/CA140717:CDS	hypothetical protein	NODE_3_length_238243_cov_132.438963:c83431-82838	DOCPNFPP_00720

DiscRep_SUB:FEATURE_LOCATION_CONFLICT::Coding region xref gene does not exist
prokka_out/CA140717:CDS	hypothetical protein	NODE_3_length_238243_cov_132.438963:c85406-83406	DOCPNFPP_00721

DiscRep_SUB:FEATURE_LOCATION_CONFLICT::Coding region xref gene does not exist
prokka_out/CA140717:CDS	hypothetical protein	NODE_3_length_238243_cov_132.438963:c87090-85399	DOCPNFPP_00722

DiscRep_SUB:FEATURE_LOCATION_CONFLICT::Coding region xref gene does not exist
prokka_out/CA140717:CDS	hypothetical protein	NODE_3_length_238243_cov_132.438963:c89090-87087	DOCPNFPP_00723

DiscRep_SUB:FEATURE_LOCATION_CONFLICT::Coding region xref gene does not exist
prokka_out/CA140717:CDS	hypothetical protein	NODE_3_length_238243_cov_132.438963:c92366-89100	DOCPNFPP_00724

DiscRep_SUB:FEATURE_LOCATION_CONFLICT::Coding region xref gene does not exist
prokka_out/CA140717:CDS	Inositol-1-monophosphatase	NODE_3_length_238243_cov_132.438963:c93098-92382	DOCPNFPP_00725

DiscRep_SUB:FEATURE_LOCATION_CONFLICT::Coding region xref gene does not exist
prokka_out/CA140717:CDS	hypothetical protein	NODE_3_length_238243_cov_132.438963:c93589-93095	DOCPNFPP_00726

DiscRep_SUB:FEATURE_LOCATION_CONFLICT::Coding region xref gene does not exist
prokka_out/CA140717:CDS	Putative 2-hydroxyacid dehydrogenase YoaD	NODE_3_length_238243_cov_132.438963:c94521-93589	DOCPNFPP_00727

DiscRep_SUB:FEATURE_LOCATION_CONFLICT::Coding region xref gene does not exist
prokka_out/CA140717:CDS	8-amino-3,8-dideoxy-manno-octulosonate cytidylyltransferase	NODE_3_length_238243_cov_132.438963:c95221-94511	DOCPNFPP_00728

DiscRep_SUB:FEATURE_LOCATION_CONFLICT::Coding region xref gene does not exist
prokka_out/CA140717:CDS	Inositol 2-dehydrogenase/D-chiro-inositol 3-dehydrogenase	NODE_3_length_238243_cov_132.438963:c96221-95214	DOCPNFPP_00729

DiscRep_SUB:FEATURE_LOCATION_CONFLICT::Coding region xref gene does not exist
prokka_out/CA140717:CDS	Phosphoheptose isomerase	NODE_3_length_238243_cov_132.438963:c96797-96225	DOCPNFPP_00730

DiscRep_SUB:FEATURE_LOCATION_CONFLICT::Coding region xref gene does not exist
prokka_out/CA140717:CDS	hypothetical protein	NODE_3_length_238243_cov_132.438963:c97504-96794	DOCPNFPP_00731

DiscRep_SUB:FEATURE_LOCATION_CONFLICT::Coding region xref gene does not exist
prokka_out/CA140717:CDS	hypothetical protein	NODE_3_length_238243_cov_132.438963:c100382-97482	DOCPNFPP_00732

DiscRep_SUB:FEATURE_LOCATION_CONFLICT::Coding region xref gene does not exist
prokka_out/CA140717:CDS	hypothetical protein	NODE_3_length_238243_cov_132.438963:c102381-100369	DOCPNFPP_00733

DiscRep_SUB:FEATURE_LOCATION_CONFLICT::Coding region xref gene does not exist
prokka_out/CA140717:CDS	hypothetical protein	NODE_3_length_238243_cov_132.438963:c103761-102385	DOCPNFPP_00734

DiscRep_SUB:FEATURE_LOCATION_CONFLICT::Coding region xref gene does not exist
prokka_out/CA140717:CDS	hypothetical protein	NODE_3_length_238243_cov_132.438963:c105388-103751	DOCPNFPP_00735

DiscRep_SUB:FEATURE_LOCATION_CONFLICT::Coding region xref gene does not exist
prokka_out/CA140717:CDS	Arabinose 5-phosphate isomerase KdsD	NODE_3_length_238243_cov_132.438963:c106347-105394	DOCPNFPP_00736

DiscRep_SUB:FEATURE_LOCATION_CONFLICT::Coding region xref gene does not exist
prokka_out/CA140717:CDS	Polysialic acid transport protein KpsD	NODE_3_length_238243_cov_132.438963:c107999-106368	DOCPNFPP_00737

DiscRep_SUB:FEATURE_LOCATION_CONFLICT::Coding region xref gene does not exist
prokka_out/CA140717:CDS	hypothetical protein	NODE_3_length_238243_cov_132.438963:c109116-108001	DOCPNFPP_00738

DiscRep_SUB:FEATURE_LOCATION_CONFLICT::Coding region xref gene does not exist
prokka_out/CA140717:CDS	Polysialic acid transport ATP-binding protein KpsT	NODE_3_length_238243_cov_132.438963:c109778-109116	DOCPNFPP_00739

DiscRep_SUB:FEATURE_LOCATION_CONFLICT::Coding region xref gene does not exist
prokka_out/CA140717:CDS	Polysialic acid transport protein KpsM	NODE_3_length_238243_cov_132.438963:c110557-109775	DOCPNFPP_00740

DiscRep_SUB:FEATURE_LOCATION_CONFLICT::Coding region xref gene does not exist
prokka_out/CA140717:CDS	hypothetical protein	NODE_3_length_238243_cov_132.438963:c111032-110616	DOCPNFPP_00741

DiscRep_SUB:FEATURE_LOCATION_CONFLICT::Coding region xref gene does not exist
prokka_out/CA140717:CDS	hypothetical protein	NODE_3_length_238243_cov_132.438963:111109-111672	DOCPNFPP_00742

DiscRep_SUB:FEATURE_LOCATION_CONFLICT::Coding region xref gene does not exist
prokka_out/CA140717:CDS	hypothetical protein	NODE_3_length_238243_cov_132.438963:111712-112401	DOCPNFPP_00743

DiscRep_SUB:FEATURE_LOCATION_CONFLICT::Coding region xref gene does not exist
prokka_out/CA140717:CDS	hypothetical protein	NODE_3_length_238243_cov_132.438963:112403-113113	DOCPNFPP_00744

DiscRep_SUB:FEATURE_LOCATION_CONFLICT::Coding region xref gene does not exist
prokka_out/CA140717:CDS	tRNA(Ile)-lysidine synthase	NODE_3_length_238243_cov_132.438963:c114061-113096	DOCPNFPP_00745

DiscRep_SUB:FEATURE_LOCATION_CONFLICT::Coding region xref gene does not exist
prokka_out/CA140717:CDS	Ribosomal protein S12 methylthiotransferase RimO	NODE_3_length_238243_cov_132.438963:c115370-114051	DOCPNFPP_00746

DiscRep_SUB:FEATURE_LOCATION_CONFLICT::Coding region xref gene does not exist
prokka_out/CA140717:CDS	Peptide chain release factor 2	NODE_3_length_238243_cov_132.438963:115444-116541	DOCPNFPP_00747

DiscRep_SUB:FEATURE_LOCATION_CONFLICT::Coding region xref gene does not exist
prokka_out/CA140717:CDS	hypothetical protein	NODE_3_length_238243_cov_132.438963:c116897-116625	DOCPNFPP_00748

DiscRep_SUB:FEATURE_LOCATION_CONFLICT::Coding region xref gene does not exist
prokka_out/CA140717:CDS	hypothetical protein	NODE_3_length_238243_cov_132.438963:c117010-116906	DOCPNFPP_00749

DiscRep_SUB:FEATURE_LOCATION_CONFLICT::Coding region xref gene does not exist
prokka_out/CA140717:CDS	tRNA pseudouridine synthase D	NODE_3_length_238243_cov_132.438963:c118248-117130	DOCPNFPP_00750

DiscRep_SUB:FEATURE_LOCATION_CONFLICT::Coding region xref gene does not exist
prokka_out/CA140717:CDS	Thiamine-monophosphate kinase	NODE_3_length_238243_cov_132.438963:c119038-118217	DOCPNFPP_00751

DiscRep_SUB:FEATURE_LOCATION_CONFLICT::Coding region xref gene does not exist
prokka_out/CA140717:CDS	hypothetical protein	NODE_3_length_238243_cov_132.438963:119120-120193	DOCPNFPP_00752

DiscRep_SUB:FEATURE_LOCATION_CONFLICT::Coding region xref gene does not exist
prokka_out/CA140717:CDS	hypothetical protein	NODE_3_length_238243_cov_132.438963:120190-120573	DOCPNFPP_00753

DiscRep_SUB:FEATURE_LOCATION_CONFLICT::Coding region xref gene does not exist
prokka_out/CA140717:CDS	hypothetical protein	NODE_3_length_238243_cov_132.438963:120566-121255	DOCPNFPP_00754

DiscRep_SUB:FEATURE_LOCATION_CONFLICT::Coding region xref gene does not exist
prokka_out/CA140717:CDS	Flagellar P-ring protein	NODE_3_length_238243_cov_132.438963:121318-122364	DOCPNFPP_00755

DiscRep_SUB:FEATURE_LOCATION_CONFLICT::Coding region xref gene does not exist
prokka_out/CA140717:CDS	hypothetical protein	NODE_3_length_238243_cov_132.438963:122364-122705	DOCPNFPP_00756

DiscRep_SUB:FEATURE_LOCATION_CONFLICT::Coding region xref gene does not exist
prokka_out/CA140717:CDS	hypothetical protein	NODE_3_length_238243_cov_132.438963:122768-122965	DOCPNFPP_00757

DiscRep_SUB:FEATURE_LOCATION_CONFLICT::Coding region xref gene does not exist
prokka_out/CA140717:CDS	hypothetical protein	NODE_3_length_238243_cov_132.438963:123008-123442	DOCPNFPP_00758

DiscRep_SUB:FEATURE_LOCATION_CONFLICT::Coding region xref gene does not exist
prokka_out/CA140717:CDS	hypothetical protein	NODE_3_length_238243_cov_132.438963:123452-125278	DOCPNFPP_00759

DiscRep_SUB:FEATURE_LOCATION_CONFLICT::Coding region xref gene does not exist
prokka_out/CA140717:CDS	hypothetical protein	NODE_3_length_238243_cov_132.438963:125295-126059	DOCPNFPP_00760

DiscRep_SUB:FEATURE_LOCATION_CONFLICT::Coding region xref gene does not exist
prokka_out/CA140717:CDS	putative membrane transporter protein YfcA	NODE_3_length_238243_cov_132.438963:126062-126826	DOCPNFPP_00761

DiscRep_SUB:FEATURE_LOCATION_CONFLICT::Coding region xref gene does not exist
prokka_out/CA140717:CDS	Putative type II secretion system protein F	NODE_3_length_238243_cov_132.438963:c127998-126823	DOCPNFPP_00762

DiscRep_SUB:FEATURE_LOCATION_CONFLICT::Coding region xref gene does not exist
prokka_out/CA140717:CDS	hypothetical protein	NODE_3_length_238243_cov_132.438963:c129547-127985	DOCPNFPP_00763

DiscRep_SUB:FEATURE_LOCATION_CONFLICT::Coding region xref gene does not exist
prokka_out/CA140717:CDS	hypothetical protein	NODE_3_length_238243_cov_132.438963:c130136-129540	DOCPNFPP_00764

DiscRep_SUB:FEATURE_LOCATION_CONFLICT::Coding region xref gene does not exist
prokka_out/CA140717:CDS	hypothetical protein	NODE_3_length_238243_cov_132.438963:c130729-130133	DOCPNFPP_00765

DiscRep_SUB:FEATURE_LOCATION_CONFLICT::Coding region xref gene does not exist
prokka_out/CA140717:CDS	Type 3 secretion system secretin	NODE_3_length_238243_cov_132.438963:c132140-130722	DOCPNFPP_00766

DiscRep_SUB:FEATURE_LOCATION_CONFLICT::Coding region xref gene does not exist
prokka_out/CA140717:CDS	hypothetical protein	NODE_3_length_238243_cov_132.438963:c132414-132118	DOCPNFPP_00767

DiscRep_SUB:FEATURE_LOCATION_CONFLICT::Coding region xref gene does not exist
prokka_out/CA140717:CDS	Pyruvate:ferredoxin oxidoreductase	NODE_3_length_238243_cov_132.438963:c136013-132453	DOCPNFPP_00768

DiscRep_SUB:FEATURE_LOCATION_CONFLICT::Coding region xref gene does not exist
prokka_out/CA140717:CDS	Phosphoglycolate phosphatase	NODE_3_length_238243_cov_132.438963:c136755-136117	DOCPNFPP_00769

DiscRep_SUB:FEATURE_LOCATION_CONFLICT::Coding region xref gene does not exist
prokka_out/CA140717:CDS	Outer membrane porin F	NODE_3_length_238243_cov_132.438963:c137753-136755	DOCPNFPP_00770

DiscRep_SUB:FEATURE_LOCATION_CONFLICT::Coding region xref gene does not exist
prokka_out/CA140717:CDS	30S ribosomal protein S9	NODE_3_length_238243_cov_132.438963:c138265-137876	DOCPNFPP_00771

DiscRep_SUB:FEATURE_LOCATION_CONFLICT::Coding region xref gene does not exist
prokka_out/CA140717:CDS	50S ribosomal protein L13	NODE_3_length_238243_cov_132.438963:c138693-138268	DOCPNFPP_00772

DiscRep_SUB:FEATURE_LOCATION_CONFLICT::Coding region xref gene does not exist
prokka_out/CA140717:CDS	Co-chaperone protein DjlA	NODE_3_length_238243_cov_132.438963:139059-139619	DOCPNFPP_00773

DiscRep_SUB:FEATURE_LOCATION_CONFLICT::Coding region xref gene does not exist
prokka_out/CA140717:CDS	hypothetical protein	NODE_3_length_238243_cov_132.438963:139684-140328	DOCPNFPP_00774

DiscRep_SUB:FEATURE_LOCATION_CONFLICT::Coding region xref gene does not exist
prokka_out/CA140717:CDS	ATP-dependent helicase/nuclease subunit A	NODE_3_length_238243_cov_132.438963:c143087-140325	DOCPNFPP_00775

DiscRep_SUB:FEATURE_LOCATION_CONFLICT::Coding region xref gene does not exist
prokka_out/CA140717:CDS	hypothetical protein	NODE_3_length_238243_cov_132.438963:c145450-143084	DOCPNFPP_00776

DiscRep_SUB:FEATURE_LOCATION_CONFLICT::Coding region xref gene does not exist
prokka_out/CA140717:CDS	hypothetical protein	NODE_3_length_238243_cov_132.438963:c145971-145447	DOCPNFPP_00777

DiscRep_SUB:FEATURE_LOCATION_CONFLICT::Coding region xref gene does not exist
prokka_out/CA140717:CDS	hypothetical protein	NODE_3_length_238243_cov_132.438963:c146554-145964	DOCPNFPP_00778

DiscRep_SUB:FEATURE_LOCATION_CONFLICT::Coding region xref gene does not exist
prokka_out/CA140717:CDS	hypothetical protein	NODE_3_length_238243_cov_132.438963:c146652-146551	DOCPNFPP_00779

DiscRep_SUB:FEATURE_LOCATION_CONFLICT::Coding region xref gene does not exist
prokka_out/CA140717:CDS	hypothetical protein	NODE_3_length_238243_cov_132.438963:c146870-146649	DOCPNFPP_00780

DiscRep_SUB:FEATURE_LOCATION_CONFLICT::Coding region xref gene does not exist
prokka_out/CA140717:CDS	Cbb3-type cytochrome c oxidase subunit CcoP	NODE_3_length_238243_cov_132.438963:c147733-146870	DOCPNFPP_00781

DiscRep_SUB:FEATURE_LOCATION_CONFLICT::Coding region xref gene does not exist
prokka_out/CA140717:CDS	hypothetical protein	NODE_3_length_238243_cov_132.438963:c147984-147733	DOCPNFPP_00782

DiscRep_SUB:FEATURE_LOCATION_CONFLICT::Coding region xref gene does not exist
prokka_out/CA140717:CDS	hypothetical protein	NODE_3_length_238243_cov_132.438963:c148666-148001	DOCPNFPP_00783

DiscRep_SUB:FEATURE_LOCATION_CONFLICT::Coding region xref gene does not exist
prokka_out/CA140717:CDS	Cbb3-type cytochrome c oxidase subunit CcoN1	NODE_3_length_238243_cov_132.438963:c150145-148679	DOCPNFPP_00784

DiscRep_SUB:FEATURE_LOCATION_CONFLICT::Coding region xref gene does not exist
prokka_out/CA140717:CDS	Response regulator MprA	NODE_3_length_238243_cov_132.438963:c150942-150274	DOCPNFPP_00785

DiscRep_SUB:FEATURE_LOCATION_CONFLICT::Coding region xref gene does not exist
prokka_out/CA140717:CDS	Adaptive-response sensory-kinase SasA	NODE_3_length_238243_cov_132.438963:c152160-150946	DOCPNFPP_00786

DiscRep_SUB:FEATURE_LOCATION_CONFLICT::Coding region xref gene does not exist
prokka_out/CA140717:CDS	hypothetical protein	NODE_3_length_238243_cov_132.438963:c152832-152161	DOCPNFPP_00787

DiscRep_SUB:FEATURE_LOCATION_CONFLICT::Coding region xref gene does not exist
prokka_out/CA140717:CDS	Carbamoyl-phosphate synthase small chain	NODE_3_length_238243_cov_132.438963:c153947-152829	DOCPNFPP_00788

DiscRep_SUB:FEATURE_LOCATION_CONFLICT::Coding region xref gene does not exist
prokka_out/CA140717:CDS	hypothetical protein	NODE_3_length_238243_cov_132.438963:c154502-153951	DOCPNFPP_00789

DiscRep_SUB:FEATURE_LOCATION_CONFLICT::Coding region xref gene does not exist
prokka_out/CA140717:CDS	hypothetical protein	NODE_3_length_238243_cov_132.438963:c155094-154576	DOCPNFPP_00790

DiscRep_SUB:FEATURE_LOCATION_CONFLICT::Coding region xref gene does not exist
prokka_out/CA140717:CDS	hypothetical protein	NODE_3_length_238243_cov_132.438963:c155515-155087	DOCPNFPP_00791

DiscRep_SUB:FEATURE_LOCATION_CONFLICT::Coding region xref gene does not exist
prokka_out/CA140717:CDS	Adenylosuccinate synthetase	NODE_3_length_238243_cov_132.438963:c156762-155512	DOCPNFPP_00792

DiscRep_SUB:FEATURE_LOCATION_CONFLICT::Coding region xref gene does not exist
prokka_out/CA140717:CDS	hypothetical protein	NODE_3_length_238243_cov_132.438963:157035-158246	DOCPNFPP_00794

DiscRep_SUB:FEATURE_LOCATION_CONFLICT::Coding region xref gene does not exist
prokka_out/CA140717:CDS	Putative sulfur carrier protein YedF	NODE_3_length_238243_cov_132.438963:158250-158477	DOCPNFPP_00795

DiscRep_SUB:FEATURE_LOCATION_CONFLICT::Coding region xref gene does not exist
prokka_out/CA140717:CDS	High-affinity proline transporter PutP	NODE_3_length_238243_cov_132.438963:c160100-158619	DOCPNFPP_00796

DiscRep_SUB:FEATURE_LOCATION_CONFLICT::Coding region xref gene does not exist
prokka_out/CA140717:CDS	1-pyrroline-5-carboxylate dehydrogenase	NODE_3_length_238243_cov_132.438963:c163618-160115	DOCPNFPP_00797

DiscRep_SUB:FEATURE_LOCATION_CONFLICT::Coding region xref gene does not exist
prokka_out/CA140717:CDS	Selenide, water dikinase	NODE_3_length_238243_cov_132.438963:c164682-163756	DOCPNFPP_00798

DiscRep_SUB:FEATURE_LOCATION_CONFLICT::Coding region xref gene does not exist
prokka_out/CA140717:CDS	hypothetical protein	NODE_3_length_238243_cov_132.438963:c165358-164786	DOCPNFPP_00799

DiscRep_SUB:FEATURE_LOCATION_CONFLICT::Coding region xref gene does not exist
prokka_out/CA140717:CDS	hypothetical protein	NODE_3_length_238243_cov_132.438963:c166214-165483	DOCPNFPP_00800

DiscRep_SUB:FEATURE_LOCATION_CONFLICT::Coding region xref gene does not exist
prokka_out/CA140717:CDS	Sulfur carrier protein FdhD	NODE_3_length_238243_cov_132.438963:c166989-166207	DOCPNFPP_00801

DiscRep_SUB:FEATURE_LOCATION_CONFLICT::Coding region xref gene does not exist
prokka_out/CA140717:CDS	hypothetical protein	NODE_3_length_238243_cov_132.438963:167142-169382	DOCPNFPP_00802

DiscRep_SUB:FEATURE_LOCATION_CONFLICT::Coding region xref gene does not exist
prokka_out/CA140717:CDS	hypothetical protein	NODE_3_length_238243_cov_132.438963:c171659-170727	DOCPNFPP_00803

DiscRep_SUB:FEATURE_LOCATION_CONFLICT::Coding region xref gene does not exist
prokka_out/CA140717:CDS	Formate dehydrogenase iron-sulfur subunit	NODE_3_length_238243_cov_132.438963:c172297-171656	DOCPNFPP_00804

DiscRep_SUB:FEATURE_LOCATION_CONFLICT::Coding region xref gene does not exist
prokka_out/CA140717:CDS	Periplasmic nitrate reductase	NODE_3_length_238243_cov_132.438963:c174541-172301	DOCPNFPP_00805

DiscRep_SUB:FEATURE_LOCATION_CONFLICT::Coding region xref gene does not exist
prokka_out/CA140717:CDS	Formate dehydrogenase 2 subunit alpha (cytochrome c-553)	NODE_3_length_238243_cov_132.438963:c175105-174563	DOCPNFPP_00806

DiscRep_SUB:FEATURE_LOCATION_CONFLICT::Coding region xref gene does not exist
prokka_out/CA140717:CDS	hypothetical protein	NODE_3_length_238243_cov_132.438963:c175296-175105	DOCPNFPP_00807

DiscRep_SUB:FEATURE_LOCATION_CONFLICT::Coding region xref gene does not exist
prokka_out/CA140717:CDS	hypothetical protein	NODE_3_length_238243_cov_132.438963:c175972-175271	DOCPNFPP_00808

DiscRep_SUB:FEATURE_LOCATION_CONFLICT::Coding region xref gene does not exist
prokka_out/CA140717:CDS	Carboxynorspermidine/carboxyspermidine decarboxylase	NODE_3_length_238243_cov_132.438963:c177452-176304	DOCPNFPP_00809

DiscRep_SUB:FEATURE_LOCATION_CONFLICT::Coding region xref gene does not exist
prokka_out/CA140717:CDS	Multicopper oxidase mco	NODE_3_length_238243_cov_132.438963:177575-179116	DOCPNFPP_00810

DiscRep_SUB:FEATURE_LOCATION_CONFLICT::Coding region xref gene does not exist
prokka_out/CA140717:CDS	hypothetical protein	NODE_3_length_238243_cov_132.438963:179118-179339	DOCPNFPP_00811

DiscRep_SUB:FEATURE_LOCATION_CONFLICT::Coding region xref gene does not exist
prokka_out/CA140717:CDS	Molybdopterin synthase catalytic subunit	NODE_3_length_238243_cov_132.438963:179340-179786	DOCPNFPP_00812

DiscRep_SUB:FEATURE_LOCATION_CONFLICT::Coding region xref gene does not exist
prokka_out/CA140717:CDS	Molybdopterin molybdenumtransferase	NODE_3_length_238243_cov_132.438963:179831-181021	DOCPNFPP_00813

DiscRep_SUB:FEATURE_LOCATION_CONFLICT::Coding region xref gene does not exist
prokka_out/CA140717:CDS	hypothetical protein	NODE_3_length_238243_cov_132.438963:c181444-181088	DOCPNFPP_00814

DiscRep_SUB:FEATURE_LOCATION_CONFLICT::Coding region xref gene does not exist
prokka_out/CA140717:CDS	hypothetical protein	NODE_3_length_238243_cov_132.438963:c181830-181504	DOCPNFPP_00815

DiscRep_SUB:FEATURE_LOCATION_CONFLICT::Coding region xref gene does not exist
prokka_out/CA140717:CDS	hypothetical protein	NODE_3_length_238243_cov_132.438963:c182300-181998	DOCPNFPP_00816

DiscRep_SUB:FEATURE_LOCATION_CONFLICT::Coding region xref gene does not exist
prokka_out/CA140717:CDS	Putative cryptic C4-dicarboxylate transporter DcuD	NODE_3_length_238243_cov_132.438963:182610-184133	DOCPNFPP_00817

DiscRep_SUB:FEATURE_LOCATION_CONFLICT::Coding region xref gene does not exist
prokka_out/CA140717:CDS	hypothetical protein	NODE_3_length_238243_cov_132.438963:c185062-184085	DOCPNFPP_00818

DiscRep_SUB:FEATURE_LOCATION_CONFLICT::Coding region xref gene does not exist
prokka_out/CA140717:CDS	Phosphoribosylformylglycinamidine cyclo-ligase	NODE_3_length_238243_cov_132.438963:c186111-185122	DOCPNFPP_00819

DiscRep_SUB:FEATURE_LOCATION_CONFLICT::Coding region xref gene does not exist
prokka_out/CA140717:CDS	Dephospho-CoA kinase	NODE_3_length_238243_cov_132.438963:186172-186777	DOCPNFPP_00820

DiscRep_SUB:FEATURE_LOCATION_CONFLICT::Coding region xref gene does not exist
prokka_out/CA140717:CDS	Diaminopimelate epimerase	NODE_3_length_238243_cov_132.438963:186774-187523	DOCPNFPP_00821

DiscRep_SUB:FEATURE_LOCATION_CONFLICT::Coding region xref gene does not exist
prokka_out/CA140717:CDS	hypothetical protein	NODE_3_length_238243_cov_132.438963:187498-188229	DOCPNFPP_00822

DiscRep_SUB:FEATURE_LOCATION_CONFLICT::Coding region xref gene does not exist
prokka_out/CA140717:CDS	hypothetical protein	NODE_3_length_238243_cov_132.438963:c189273-188236	DOCPNFPP_00823

DiscRep_SUB:FEATURE_LOCATION_CONFLICT::Coding region xref gene does not exist
prokka_out/CA140717:CDS	hypothetical protein	NODE_3_length_238243_cov_132.438963:c189902-189585	DOCPNFPP_00824

DiscRep_SUB:FEATURE_LOCATION_CONFLICT::Coding region xref gene does not exist
prokka_out/CA140717:CDS	DNA protection during starvation protein	NODE_3_length_238243_cov_132.438963:c190643-190194	DOCPNFPP_00825

DiscRep_SUB:FEATURE_LOCATION_CONFLICT::Coding region xref gene does not exist
prokka_out/CA140717:CDS	Glucose-6-phosphate isomerase	NODE_3_length_238243_cov_132.438963:c191988-190768	DOCPNFPP_00826

DiscRep_SUB:FEATURE_LOCATION_CONFLICT::Coding region xref gene does not exist
prokka_out/CA140717:CDS	UTP--glucose-1-phosphate uridylyltransferase	NODE_3_length_238243_cov_132.438963:c192806-191982	DOCPNFPP_00827

DiscRep_SUB:FEATURE_LOCATION_CONFLICT::Coding region xref gene does not exist
prokka_out/CA140717:CDS	Acetyl-coenzyme A synthetase	NODE_3_length_238243_cov_132.438963:c194887-192917	DOCPNFPP_00828

DiscRep_SUB:FEATURE_LOCATION_CONFLICT::Coding region xref gene does not exist
prokka_out/CA140717:CDS	Tungstate uptake system ATP-binding protein TupC	NODE_3_length_238243_cov_132.438963:c196023-195028	DOCPNFPP_00829

DiscRep_SUB:FEATURE_LOCATION_CONFLICT::Coding region xref gene does not exist
prokka_out/CA140717:CDS	Tungstate uptake system permease protein TupB	NODE_3_length_238243_cov_132.438963:c196710-196024	DOCPNFPP_00830

DiscRep_SUB:FEATURE_LOCATION_CONFLICT::Coding region xref gene does not exist
prokka_out/CA140717:CDS	Tungstate-binding protein TupA	NODE_3_length_238243_cov_132.438963:196793-197602	DOCPNFPP_00831

DiscRep_SUB:FEATURE_LOCATION_CONFLICT::Coding region xref gene does not exist
prokka_out/CA140717:CDS	5-oxoprolinase subunit A	NODE_3_length_238243_cov_132.438963:197961-198731	DOCPNFPP_00832

DiscRep_SUB:FEATURE_LOCATION_CONFLICT::Coding region xref gene does not exist
prokka_out/CA140717:CDS	hypothetical protein	NODE_3_length_238243_cov_132.438963:198753-199922	DOCPNFPP_00833

DiscRep_SUB:FEATURE_LOCATION_CONFLICT::Coding region xref gene does not exist
prokka_out/CA140717:CDS	5-oxoprolinase subunit B	NODE_3_length_238243_cov_132.438963:199924-200664	DOCPNFPP_00834

DiscRep_SUB:FEATURE_LOCATION_CONFLICT::Coding region xref gene does not exist
prokka_out/CA140717:CDS	5-oxoprolinase subunit C	NODE_3_length_238243_cov_132.438963:200645-201610	DOCPNFPP_00835

DiscRep_SUB:FEATURE_LOCATION_CONFLICT::Coding region xref gene does not exist
prokka_out/CA140717:CDS	Putative hydro-lyase	NODE_3_length_238243_cov_132.438963:201619-202383	DOCPNFPP_00836

DiscRep_SUB:FEATURE_LOCATION_CONFLICT::Coding region xref gene does not exist
prokka_out/CA140717:CDS	hypothetical protein	NODE_3_length_238243_cov_132.438963:c203279-202380	DOCPNFPP_00837

DiscRep_SUB:FEATURE_LOCATION_CONFLICT::Coding region xref gene does not exist
prokka_out/CA140717:CDS	NADPH:quinone oxidoreductase MdaB	NODE_3_length_238243_cov_132.438963:c203898-203413	DOCPNFPP_00838

DiscRep_SUB:FEATURE_LOCATION_CONFLICT::Coding region xref gene does not exist
prokka_out/CA140717:CDS	Tetracycline resistance protein TetO	NODE_3_length_238243_cov_132.438963:c206436-205549	DOCPNFPP_00839

DiscRep_SUB:FEATURE_LOCATION_CONFLICT::Coding region xref gene does not exist
prokka_out/CA140717:CDS	Aminoglycoside 6-adenylyltransferase	NODE_3_length_238243_cov_132.438963:c207517-206651	DOCPNFPP_00840

DiscRep_SUB:FEATURE_LOCATION_CONFLICT::Coding region xref gene does not exist
prokka_out/CA140717:CDS	hypothetical protein	NODE_3_length_238243_cov_132.438963:c208116-207703	DOCPNFPP_00841

DiscRep_SUB:FEATURE_LOCATION_CONFLICT::Coding region xref gene does not exist
prokka_out/CA140717:CDS	hypothetical protein	NODE_3_length_238243_cov_132.438963:208453-208812	DOCPNFPP_00842

DiscRep_SUB:FEATURE_LOCATION_CONFLICT::Coding region xref gene does not exist
prokka_out/CA140717:CDS	Bifunctional AAC/APH	NODE_3_length_238243_cov_132.438963:208819-209484	DOCPNFPP_00843

DiscRep_SUB:FEATURE_LOCATION_CONFLICT::Coding region xref gene does not exist
prokka_out/CA140717:CDS	hypothetical protein	NODE_3_length_238243_cov_132.438963:209584-209979	DOCPNFPP_00844

DiscRep_SUB:FEATURE_LOCATION_CONFLICT::Coding region xref gene does not exist
prokka_out/CA140717:CDS	hypothetical protein	NODE_3_length_238243_cov_132.438963:c210616-209981	DOCPNFPP_00845

DiscRep_SUB:FEATURE_LOCATION_CONFLICT::Coding region xref gene does not exist
prokka_out/CA140717:CDS	rRNA adenine N-6-methyltransferase	NODE_3_length_238243_cov_132.438963:c212014-211220	DOCPNFPP_00846

DiscRep_SUB:FEATURE_LOCATION_CONFLICT::Coding region xref gene does not exist
prokka_out/CA140717:CDS	hypothetical protein	NODE_3_length_238243_cov_132.438963:c212593-212048	DOCPNFPP_00847

DiscRep_SUB:FEATURE_LOCATION_CONFLICT::Coding region xref gene does not exist
prokka_out/CA140717:CDS	Streptomycin 3''-adenylyltransferase	NODE_3_length_238243_cov_132.438963:c213569-212793	DOCPNFPP_00848

DiscRep_SUB:FEATURE_LOCATION_CONFLICT::Coding region xref gene does not exist
prokka_out/CA140717:CDS	hypothetical protein	NODE_3_length_238243_cov_132.438963:c213818-213594	DOCPNFPP_00849

DiscRep_SUB:FEATURE_LOCATION_CONFLICT::Coding region xref gene does not exist
prokka_out/CA140717:CDS	tetracycline resistance ribosomal protection protein Tet(O)	NODE_3_length_238243_cov_132.438963:c216186-214267	DOCPNFPP_00850

DiscRep_SUB:FEATURE_LOCATION_CONFLICT::Coding region xref gene does not exist
prokka_out/CA140717:CDS	hypothetical protein	NODE_3_length_238243_cov_132.438963:c216927-216553	DOCPNFPP_00851

DiscRep_SUB:FEATURE_LOCATION_CONFLICT::Coding region xref gene does not exist
prokka_out/CA140717:CDS	hypothetical protein	NODE_3_length_238243_cov_132.438963:c217088-216867	DOCPNFPP_00852

DiscRep_SUB:FEATURE_LOCATION_CONFLICT::Coding region xref gene does not exist
prokka_out/CA140717:CDS	sugar efflux transporter	NODE_3_length_238243_cov_132.438963:c218295-217105	DOCPNFPP_00853

DiscRep_SUB:FEATURE_LOCATION_CONFLICT::Coding region xref gene does not exist
prokka_out/CA140717:CDS	Outer membrane lipoprotein Blc	NODE_3_length_238243_cov_132.438963:218419-218871	DOCPNFPP_00854

DiscRep_SUB:FEATURE_LOCATION_CONFLICT::Coding region xref gene does not exist
prokka_out/CA140717:CDS	putative formaldehyde dehydrogenase AdhA	NODE_3_length_238243_cov_132.438963:c219948-218872	DOCPNFPP_00855

DiscRep_SUB:FEATURE_LOCATION_CONFLICT::Coding region xref gene does not exist
prokka_out/CA140717:CDS	hypothetical protein	NODE_3_length_238243_cov_132.438963:220078-222387	DOCPNFPP_00856

DiscRep_SUB:FEATURE_LOCATION_CONFLICT::Coding region xref gene does not exist
prokka_out/CA140717:CDS	hypothetical protein	NODE_3_length_238243_cov_132.438963:222377-223972	DOCPNFPP_00857

DiscRep_SUB:FEATURE_LOCATION_CONFLICT::Coding region xref gene does not exist
prokka_out/CA140717:CDS	hypothetical protein	NODE_3_length_238243_cov_132.438963:224064-224663	DOCPNFPP_00858

DiscRep_SUB:FEATURE_LOCATION_CONFLICT::Coding region xref gene does not exist
prokka_out/CA140717:CDS	hypothetical protein	NODE_3_length_238243_cov_132.438963:224668-225432	DOCPNFPP_00859

DiscRep_SUB:FEATURE_LOCATION_CONFLICT::Coding region xref gene does not exist
prokka_out/CA140717:CDS	Type-1 restriction enzyme EcoKI specificity protein	NODE_3_length_238243_cov_132.438963:225446-226678	DOCPNFPP_00860

DiscRep_SUB:FEATURE_LOCATION_CONFLICT::Coding region xref gene does not exist
prokka_out/CA140717:CDS	hypothetical protein	NODE_3_length_238243_cov_132.438963:226799-227869	DOCPNFPP_00861

DiscRep_SUB:FEATURE_LOCATION_CONFLICT::Coding region xref gene does not exist
prokka_out/CA140717:CDS	hypothetical protein	NODE_3_length_238243_cov_132.438963:227870-229357	DOCPNFPP_00862

DiscRep_SUB:FEATURE_LOCATION_CONFLICT::Coding region xref gene does not exist
prokka_out/CA140717:CDS	Putative hydrolase YdeN	NODE_3_length_238243_cov_132.438963:229384-229986	DOCPNFPP_00863

DiscRep_SUB:FEATURE_LOCATION_CONFLICT::Coding region xref gene does not exist
prokka_out/CA140717:CDS	N-methyl-L-tryptophan oxidase	NODE_3_length_238243_cov_132.438963:c231128-230013	DOCPNFPP_00864

DiscRep_SUB:FEATURE_LOCATION_CONFLICT::Coding region xref gene does not exist
prokka_out/CA140717:CDS	General stress protein 14	NODE_3_length_238243_cov_132.438963:c231876-231367	DOCPNFPP_00865

DiscRep_SUB:FEATURE_LOCATION_CONFLICT::Coding region xref gene does not exist
prokka_out/CA140717:CDS	Catalase-related peroxidase	NODE_3_length_238243_cov_132.438963:c233113-232142	DOCPNFPP_00866

DiscRep_SUB:FEATURE_LOCATION_CONFLICT::Coding region xref gene does not exist
prokka_out/CA140717:CDS	Putative two-component membrane permease complex subunit SMU_747c	NODE_3_length_238243_cov_132.438963:233437-234384	DOCPNFPP_00867

DiscRep_SUB:FEATURE_LOCATION_CONFLICT::Coding region xref gene does not exist
prokka_out/CA140717:CDS	hypothetical protein	NODE_3_length_238243_cov_132.438963:234394-234711	DOCPNFPP_00868

DiscRep_SUB:FEATURE_LOCATION_CONFLICT::Coding region xref gene does not exist
prokka_out/CA140717:CDS	Arsenate reductase	NODE_3_length_238243_cov_132.438963:234708-235130	DOCPNFPP_00869

DiscRep_SUB:FEATURE_LOCATION_CONFLICT::Coding region xref gene does not exist
prokka_out/CA140717:CDS	hypothetical protein	NODE_3_length_238243_cov_132.438963:235124-235516	DOCPNFPP_00870

DiscRep_SUB:FEATURE_LOCATION_CONFLICT::Coding region xref gene does not exist
prokka_out/CA140717:CDS	Arsenical-resistance protein Acr3	NODE_3_length_238243_cov_132.438963:235580-236152	DOCPNFPP_00871

DiscRep_SUB:FEATURE_LOCATION_CONFLICT::Coding region xref gene does not exist
prokka_out/CA140717:CDS	putative HTH-type transcriptional regulator	NODE_3_length_238243_cov_132.438963:c236589-236161	DOCPNFPP_00872

DiscRep_SUB:FEATURE_LOCATION_CONFLICT::Coding region xref gene does not exist
prokka_out/CA140717:CDS	hypothetical protein	NODE_3_length_238243_cov_132.438963:236702-238090	DOCPNFPP_00873

DiscRep_SUB:FEATURE_LOCATION_CONFLICT::RNA feature xref gene does not exist
prokka_out/CA140717:tRNA	Ser	NODE_3_length_238243_cov_132.438963:18888-18978	DOCPNFPP_00662

DiscRep_SUB:FEATURE_LOCATION_CONFLICT::RNA feature xref gene does not exist
prokka_out/CA140717:tmRNA	transfer-messenger RNA, SsrA	NODE_3_length_238243_cov_132.438963:c27066-26708	DOCPNFPP_00667

DiscRep_SUB:FEATURE_LOCATION_CONFLICT::RNA feature xref gene does not exist
prokka_out/CA140717:tRNA	Sec	NODE_3_length_238243_cov_132.438963:c156878-156785	DOCPNFPP_00793

DiscRep_SUB:FEATURE_LOCATION_CONFLICT::Coding region xref gene does not exist
prokka_out/CA140717:CDS	hypothetical protein	NODE_4_length_171631_cov_131.281562:18-218	DOCPNFPP_00874

DiscRep_SUB:FEATURE_LOCATION_CONFLICT::Coding region xref gene does not exist
prokka_out/CA140717:CDS	hypothetical protein	NODE_4_length_171631_cov_131.281562:c3212-846	DOCPNFPP_00875

DiscRep_SUB:FEATURE_LOCATION_CONFLICT::Coding region xref gene does not exist
prokka_out/CA140717:CDS	NAD(P)H-quinone oxidoreductase subunit 2, chloroplastic	NODE_4_length_171631_cov_131.281562:c4598-3225	DOCPNFPP_00876

DiscRep_SUB:FEATURE_LOCATION_CONFLICT::Coding region xref gene does not exist
prokka_out/CA140717:CDS	NAD(P)H-quinone oxidoreductase chain 4	NODE_4_length_171631_cov_131.281562:c6078-4588	DOCPNFPP_00877

DiscRep_SUB:FEATURE_LOCATION_CONFLICT::Coding region xref gene does not exist
prokka_out/CA140717:CDS	NADH-quinone oxidoreductase subunit L	NODE_4_length_171631_cov_131.281562:c7870-6080	DOCPNFPP_00878

DiscRep_SUB:FEATURE_LOCATION_CONFLICT::Coding region xref gene does not exist
prokka_out/CA140717:CDS	NADH-quinone oxidoreductase subunit K	NODE_4_length_171631_cov_131.281562:c8166-7873	DOCPNFPP_00879

DiscRep_SUB:FEATURE_LOCATION_CONFLICT::Coding region xref gene does not exist
prokka_out/CA140717:CDS	hypothetical protein	NODE_4_length_171631_cov_131.281562:c8681-8166	DOCPNFPP_00880

DiscRep_SUB:FEATURE_LOCATION_CONFLICT::Coding region xref gene does not exist
prokka_out/CA140717:CDS	NAD(P)H-quinone oxidoreductase subunit I, chloroplastic	NODE_4_length_171631_cov_131.281562:c9343-8678	DOCPNFPP_00881

DiscRep_SUB:FEATURE_LOCATION_CONFLICT::Coding region xref gene does not exist
prokka_out/CA140717:CDS	NADH-quinone oxidoreductase subunit H	NODE_4_length_171631_cov_131.281562:c10351-9353	DOCPNFPP_00882

DiscRep_SUB:FEATURE_LOCATION_CONFLICT::Coding region xref gene does not exist
prokka_out/CA140717:CDS	hypothetical protein	NODE_4_length_171631_cov_131.281562:c12806-10344	DOCPNFPP_00883

DiscRep_SUB:FEATURE_LOCATION_CONFLICT::Coding region xref gene does not exist
prokka_out/CA140717:CDS	hypothetical protein	NODE_4_length_171631_cov_131.281562:c13495-12803	DOCPNFPP_00884

DiscRep_SUB:FEATURE_LOCATION_CONFLICT::Coding region xref gene does not exist
prokka_out/CA140717:CDS	hypothetical protein	NODE_4_length_171631_cov_131.281562:c13719-13492	DOCPNFPP_00885

DiscRep_SUB:FEATURE_LOCATION_CONFLICT::Coding region xref gene does not exist
prokka_out/CA140717:CDS	NADH-quinone oxidoreductase subunit D	NODE_4_length_171631_cov_131.281562:c14942-13716	DOCPNFPP_00886

DiscRep_SUB:FEATURE_LOCATION_CONFLICT::Coding region xref gene does not exist
prokka_out/CA140717:CDS	NAD(P)H-quinone oxidoreductase subunit J, chloroplastic	NODE_4_length_171631_cov_131.281562:c15735-14944	DOCPNFPP_00887

DiscRep_SUB:FEATURE_LOCATION_CONFLICT::Coding region xref gene does not exist
prokka_out/CA140717:CDS	NADH-quinone oxidoreductase subunit 6	NODE_4_length_171631_cov_131.281562:c16238-15735	DOCPNFPP_00888

DiscRep_SUB:FEATURE_LOCATION_CONFLICT::Coding region xref gene does not exist
prokka_out/CA140717:CDS	NAD(P)H-quinone oxidoreductase subunit 3, chloroplastic	NODE_4_length_171631_cov_131.281562:c16609-16220	DOCPNFPP_00889

DiscRep_SUB:FEATURE_LOCATION_CONFLICT::Coding region xref gene does not exist
prokka_out/CA140717:CDS	Nickel import ATP-binding protein NikE	NODE_4_length_171631_cov_131.281562:c17392-16727	DOCPNFPP_00890

DiscRep_SUB:FEATURE_LOCATION_CONFLICT::Coding region xref gene does not exist
prokka_out/CA140717:CDS	Dipeptide transport ATP-binding protein DppD	NODE_4_length_171631_cov_131.281562:c18095-17385	DOCPNFPP_00891

DiscRep_SUB:FEATURE_LOCATION_CONFLICT::Coding region xref gene does not exist
prokka_out/CA140717:CDS	Dipeptide transport system permease protein DppC	NODE_4_length_171631_cov_131.281562:c18847-18092	DOCPNFPP_00892

DiscRep_SUB:FEATURE_LOCATION_CONFLICT::Coding region xref gene does not exist
prokka_out/CA140717:CDS	Metal-staphylopine import system permease protein CntB	NODE_4_length_171631_cov_131.281562:c19817-18873	DOCPNFPP_00893

DiscRep_SUB:FEATURE_LOCATION_CONFLICT::Coding region xref gene does not exist
prokka_out/CA140717:CDS	Oligopeptide-binding protein AppA	NODE_4_length_171631_cov_131.281562:c21356-19818	DOCPNFPP_00894

DiscRep_SUB:FEATURE_LOCATION_CONFLICT::Coding region xref gene does not exist
prokka_out/CA140717:CDS	hypothetical protein	NODE_4_length_171631_cov_131.281562:c24238-21461	DOCPNFPP_00895

DiscRep_SUB:FEATURE_LOCATION_CONFLICT::Coding region xref gene does not exist
prokka_out/CA140717:CDS	Bacterial hemoglobin	NODE_4_length_171631_cov_131.281562:24390-24812	DOCPNFPP_00896

DiscRep_SUB:FEATURE_LOCATION_CONFLICT::Coding region xref gene does not exist
prokka_out/CA140717:CDS	ABC transporter ATP-binding/permease protein YojI	NODE_4_length_171631_cov_131.281562:c26463-24832	DOCPNFPP_00897

DiscRep_SUB:FEATURE_LOCATION_CONFLICT::Coding region xref gene does not exist
prokka_out/CA140717:CDS	Proline/betaine transporter	NODE_4_length_171631_cov_131.281562:c27807-26500	DOCPNFPP_00898

DiscRep_SUB:FEATURE_LOCATION_CONFLICT::Coding region xref gene does not exist
prokka_out/CA140717:CDS	hypothetical protein	NODE_4_length_171631_cov_131.281562:28118-28336	DOCPNFPP_00899

DiscRep_SUB:FEATURE_LOCATION_CONFLICT::Coding region xref gene does not exist
prokka_out/CA140717:CDS	hypothetical protein	NODE_4_length_171631_cov_131.281562:28333-28767	DOCPNFPP_00900

DiscRep_SUB:FEATURE_LOCATION_CONFLICT::Coding region xref gene does not exist
prokka_out/CA140717:CDS	hypothetical protein	NODE_4_length_171631_cov_131.281562:29028-29186	DOCPNFPP_00901

DiscRep_SUB:FEATURE_LOCATION_CONFLICT::Coding region xref gene does not exist
prokka_out/CA140717:CDS	hypothetical protein	NODE_4_length_171631_cov_131.281562:29267-30427	DOCPNFPP_00902

DiscRep_SUB:FEATURE_LOCATION_CONFLICT::Coding region xref gene does not exist
prokka_out/CA140717:CDS	hypothetical protein	NODE_4_length_171631_cov_131.281562:30415-31032	DOCPNFPP_00903

DiscRep_SUB:FEATURE_LOCATION_CONFLICT::Coding region xref gene does not exist
prokka_out/CA140717:CDS	hypothetical protein	NODE_4_length_171631_cov_131.281562:31035-31820	DOCPNFPP_00904

DiscRep_SUB:FEATURE_LOCATION_CONFLICT::Coding region xref gene does not exist
prokka_out/CA140717:CDS	hypothetical protein	NODE_4_length_171631_cov_131.281562:31888-32376	DOCPNFPP_00905

DiscRep_SUB:FEATURE_LOCATION_CONFLICT::Coding region xref gene does not exist
prokka_out/CA140717:CDS	hypothetical protein	NODE_4_length_171631_cov_131.281562:32379-33239	DOCPNFPP_00906

DiscRep_SUB:FEATURE_LOCATION_CONFLICT::Coding region xref gene does not exist
prokka_out/CA140717:CDS	Translation initiation factor IF-1	NODE_4_length_171631_cov_131.281562:33305-33523	DOCPNFPP_00907

DiscRep_SUB:FEATURE_LOCATION_CONFLICT::Coding region xref gene does not exist
prokka_out/CA140717:CDS	30S ribosomal protein S13	NODE_4_length_171631_cov_131.281562:33811-34176	DOCPNFPP_00908

DiscRep_SUB:FEATURE_LOCATION_CONFLICT::Coding region xref gene does not exist
prokka_out/CA140717:CDS	30S ribosomal protein S11	NODE_4_length_171631_cov_131.281562:34186-34578	DOCPNFPP_00909

DiscRep_SUB:FEATURE_LOCATION_CONFLICT::Coding region xref gene does not exist
prokka_out/CA140717:CDS	30S ribosomal protein S4	NODE_4_length_171631_cov_131.281562:34608-35234	DOCPNFPP_00910

DiscRep_SUB:FEATURE_LOCATION_CONFLICT::Coding region xref gene does not exist
prokka_out/CA140717:CDS	DNA-directed RNA polymerase subunit alpha	NODE_4_length_171631_cov_131.281562:35248-36261	DOCPNFPP_00911

DiscRep_SUB:FEATURE_LOCATION_CONFLICT::Coding region xref gene does not exist
prokka_out/CA140717:CDS	50S ribosomal protein L17	NODE_4_length_171631_cov_131.281562:36265-36618	DOCPNFPP_00912

DiscRep_SUB:FEATURE_LOCATION_CONFLICT::Coding region xref gene does not exist
prokka_out/CA140717:CDS	ATP phosphoribosyltransferase	NODE_4_length_171631_cov_131.281562:36836-37735	DOCPNFPP_00913

DiscRep_SUB:FEATURE_LOCATION_CONFLICT::Coding region xref gene does not exist
prokka_out/CA140717:CDS	Histidinol dehydrogenase	NODE_4_length_171631_cov_131.281562:37743-39029	DOCPNFPP_00914

DiscRep_SUB:FEATURE_LOCATION_CONFLICT::Coding region xref gene does not exist
prokka_out/CA140717:CDS	Histidine biosynthesis bifunctional protein HisB	NODE_4_length_171631_cov_131.281562:39026-40087	DOCPNFPP_00915

DiscRep_SUB:FEATURE_LOCATION_CONFLICT::Coding region xref gene does not exist
prokka_out/CA140717:CDS	Imidazole glycerol phosphate synthase subunit HisH	NODE_4_length_171631_cov_131.281562:40084-40671	DOCPNFPP_00916

DiscRep_SUB:FEATURE_LOCATION_CONFLICT::Coding region xref gene does not exist
prokka_out/CA140717:CDS	1-(5-phosphoribosyl)-5-[(5-phosphoribosylamino)methylideneamino] imidazole-4-carboxamide isomerase	NODE_4_length_171631_cov_131.281562:40668-41396	DOCPNFPP_00917

DiscRep_SUB:FEATURE_LOCATION_CONFLICT::Coding region xref gene does not exist
prokka_out/CA140717:CDS	Imidazole glycerol phosphate synthase subunit HisF	NODE_4_length_171631_cov_131.281562:41378-42145	DOCPNFPP_00918

DiscRep_SUB:FEATURE_LOCATION_CONFLICT::Coding region xref gene does not exist
prokka_out/CA140717:CDS	Histidine biosynthesis bifunctional protein HisIE	NODE_4_length_171631_cov_131.281562:42148-42771	DOCPNFPP_00919

DiscRep_SUB:FEATURE_LOCATION_CONFLICT::Coding region xref gene does not exist
prokka_out/CA140717:CDS	hypothetical protein	NODE_4_length_171631_cov_131.281562:42824-43339	DOCPNFPP_00920

DiscRep_SUB:FEATURE_LOCATION_CONFLICT::Coding region xref gene does not exist
prokka_out/CA140717:CDS	2,3,4,5-tetrahydropyridine-2,6-dicarboxylate N-succinyltransferase	NODE_4_length_171631_cov_131.281562:c44560-43397	DOCPNFPP_00921

DiscRep_SUB:FEATURE_LOCATION_CONFLICT::Coding region xref gene does not exist
prokka_out/CA140717:CDS	Iron-sulfur cluster carrier protein	NODE_4_length_171631_cov_131.281562:c45685-44579	DOCPNFPP_00922

DiscRep_SUB:FEATURE_LOCATION_CONFLICT::Coding region xref gene does not exist
prokka_out/CA140717:CDS	Bifunctional enzyme IspD/IspF	NODE_4_length_171631_cov_131.281562:45805-46920	DOCPNFPP_00923

DiscRep_SUB:FEATURE_LOCATION_CONFLICT::Coding region xref gene does not exist
prokka_out/CA140717:CDS	hypothetical protein	NODE_4_length_171631_cov_131.281562:46917-47804	DOCPNFPP_00924

DiscRep_SUB:FEATURE_LOCATION_CONFLICT::Coding region xref gene does not exist
prokka_out/CA140717:CDS	Sulfate adenylyltransferase	NODE_4_length_171631_cov_131.281562:47782-48942	DOCPNFPP_00925

DiscRep_SUB:FEATURE_LOCATION_CONFLICT::Coding region xref gene does not exist
prokka_out/CA140717:CDS	Phosphatidylglycerophosphatase A	NODE_4_length_171631_cov_131.281562:48952-49452	DOCPNFPP_00926

DiscRep_SUB:FEATURE_LOCATION_CONFLICT::Coding region xref gene does not exist
prokka_out/CA140717:CDS	hypothetical protein	NODE_4_length_171631_cov_131.281562:49529-49792	DOCPNFPP_00927

DiscRep_SUB:FEATURE_LOCATION_CONFLICT::Coding region xref gene does not exist
prokka_out/CA140717:CDS	Peptide chain release factor RF1	NODE_4_length_171631_cov_131.281562:49809-50876	DOCPNFPP_00928

DiscRep_SUB:FEATURE_LOCATION_CONFLICT::Coding region xref gene does not exist
prokka_out/CA140717:CDS	Heme oxygenase HugZ	NODE_4_length_171631_cov_131.281562:c51662-50907	DOCPNFPP_00929

DiscRep_SUB:FEATURE_LOCATION_CONFLICT::Coding region xref gene does not exist
prokka_out/CA140717:CDS	Vitamin B12 transporter BtuB	NODE_4_length_171631_cov_131.281562:51866-53974	DOCPNFPP_00930

DiscRep_SUB:FEATURE_LOCATION_CONFLICT::Coding region xref gene does not exist
prokka_out/CA140717:CDS	Hemin transport system permease protein HmuU	NODE_4_length_171631_cov_131.281562:53934-54935	DOCPNFPP_00931

DiscRep_SUB:FEATURE_LOCATION_CONFLICT::Coding region xref gene does not exist
prokka_out/CA140717:CDS	Ferric enterobactin transport ATP-binding protein FepC	NODE_4_length_171631_cov_131.281562:54932-55711	DOCPNFPP_00932

DiscRep_SUB:FEATURE_LOCATION_CONFLICT::Coding region xref gene does not exist
prokka_out/CA140717:CDS	Vitamin B12-binding protein	NODE_4_length_171631_cov_131.281562:55708-56514	DOCPNFPP_00933

DiscRep_SUB:FEATURE_LOCATION_CONFLICT::Coding region xref gene does not exist
prokka_out/CA140717:CDS	GTP 3',8-cyclase	NODE_4_length_171631_cov_131.281562:c57368-56511	DOCPNFPP_00934

DiscRep_SUB:FEATURE_LOCATION_CONFLICT::Coding region xref gene does not exist
prokka_out/CA140717:CDS	Alpha-ketoglutarate permease	NODE_4_length_171631_cov_131.281562:57538-58800	DOCPNFPP_00935

DiscRep_SUB:FEATURE_LOCATION_CONFLICT::Coding region xref gene does not exist
prokka_out/CA140717:CDS	Adenine DNA glycosylase	NODE_4_length_171631_cov_131.281562:c59805-58786	DOCPNFPP_00936

DiscRep_SUB:FEATURE_LOCATION_CONFLICT::Coding region xref gene does not exist
prokka_out/CA140717:CDS	Bacteriohemerythrin	NODE_4_length_171631_cov_131.281562:60129-60815	DOCPNFPP_00937

DiscRep_SUB:FEATURE_LOCATION_CONFLICT::Coding region xref gene does not exist
prokka_out/CA140717:CDS	Bacteriohemerythrin	NODE_4_length_171631_cov_131.281562:60767-61105	DOCPNFPP_00938

DiscRep_SUB:FEATURE_LOCATION_CONFLICT::Coding region xref gene does not exist
prokka_out/CA140717:CDS	hypothetical protein	NODE_4_length_171631_cov_131.281562:61126-61362	DOCPNFPP_00939

DiscRep_SUB:FEATURE_LOCATION_CONFLICT::Coding region xref gene does not exist
prokka_out/CA140717:CDS	hypothetical protein	NODE_4_length_171631_cov_131.281562:61415-62173	DOCPNFPP_00940

DiscRep_SUB:FEATURE_LOCATION_CONFLICT::Coding region xref gene does not exist
prokka_out/CA140717:CDS	hypothetical protein	NODE_4_length_171631_cov_131.281562:62694-63023	DOCPNFPP_00945

DiscRep_SUB:FEATURE_LOCATION_CONFLICT::Coding region xref gene does not exist
prokka_out/CA140717:CDS	hypothetical protein	NODE_4_length_171631_cov_131.281562:63118-64851	DOCPNFPP_00946

DiscRep_SUB:FEATURE_LOCATION_CONFLICT::Coding region xref gene does not exist
prokka_out/CA140717:CDS	Riboflavin biosynthesis protein RibD	NODE_4_length_171631_cov_131.281562:64861-65841	DOCPNFPP_00947

DiscRep_SUB:FEATURE_LOCATION_CONFLICT::Coding region xref gene does not exist
prokka_out/CA140717:CDS	hypothetical protein	NODE_4_length_171631_cov_131.281562:65822-66343	DOCPNFPP_00948

DiscRep_SUB:FEATURE_LOCATION_CONFLICT::Coding region xref gene does not exist
prokka_out/CA140717:CDS	L-serine dehydratase TdcG	NODE_4_length_171631_cov_131.281562:c67767-66403	DOCPNFPP_00949

DiscRep_SUB:FEATURE_LOCATION_CONFLICT::Coding region xref gene does not exist
prokka_out/CA140717:CDS	Serine transporter	NODE_4_length_171631_cov_131.281562:c69100-67778	DOCPNFPP_00950

DiscRep_SUB:FEATURE_LOCATION_CONFLICT::Coding region xref gene does not exist
prokka_out/CA140717:CDS	hypothetical protein	NODE_4_length_171631_cov_131.281562:c69786-69370	DOCPNFPP_00951

DiscRep_SUB:FEATURE_LOCATION_CONFLICT::Coding region xref gene does not exist
prokka_out/CA140717:CDS	hypothetical protein	NODE_4_length_171631_cov_131.281562:c70592-69855	DOCPNFPP_00952

DiscRep_SUB:FEATURE_LOCATION_CONFLICT::Coding region xref gene does not exist
prokka_out/CA140717:CDS	Tol-Pal system protein TolQ	NODE_4_length_171631_cov_131.281562:70745-71170	DOCPNFPP_00953

DiscRep_SUB:FEATURE_LOCATION_CONFLICT::Coding region xref gene does not exist
prokka_out/CA140717:CDS	Tol-Pal system protein TolR	NODE_4_length_171631_cov_131.281562:71163-71552	DOCPNFPP_00954

DiscRep_SUB:FEATURE_LOCATION_CONFLICT::Coding region xref gene does not exist
prokka_out/CA140717:CDS	hypothetical protein	NODE_4_length_171631_cov_131.281562:c72656-71787	DOCPNFPP_00955

DiscRep_SUB:FEATURE_LOCATION_CONFLICT::Coding region xref gene does not exist
prokka_out/CA140717:CDS	hypothetical protein	NODE_4_length_171631_cov_131.281562:c72821-72660	DOCPNFPP_00956

DiscRep_SUB:FEATURE_LOCATION_CONFLICT::Coding region xref gene does not exist
prokka_out/CA140717:CDS	tRNA-specific 2-thiouridylase MnmA	NODE_4_length_171631_cov_131.281562:72916-73899	DOCPNFPP_00957

DiscRep_SUB:FEATURE_LOCATION_CONFLICT::Coding region xref gene does not exist
prokka_out/CA140717:CDS	Filamentous hemagglutinin transporter protein FhaC	NODE_4_length_171631_cov_131.281562:c75245-73902	DOCPNFPP_00958

DiscRep_SUB:FEATURE_LOCATION_CONFLICT::Coding region xref gene does not exist
prokka_out/CA140717:CDS	Filamentous hemagglutinin	NODE_4_length_171631_cov_131.281562:c77192-75552	DOCPNFPP_00959

DiscRep_SUB:FEATURE_LOCATION_CONFLICT::Coding region xref gene does not exist
prokka_out/CA140717:CDS	hypothetical protein	NODE_4_length_171631_cov_131.281562:c78502-77651	DOCPNFPP_00960

DiscRep_SUB:FEATURE_LOCATION_CONFLICT::Coding region xref gene does not exist
prokka_out/CA140717:CDS	hypothetical protein	NODE_4_length_171631_cov_131.281562:c79458-78466	DOCPNFPP_00961

DiscRep_SUB:FEATURE_LOCATION_CONFLICT::Coding region xref gene does not exist
prokka_out/CA140717:CDS	hypothetical protein	NODE_4_length_171631_cov_131.281562:c80621-79482	DOCPNFPP_00962

DiscRep_SUB:FEATURE_LOCATION_CONFLICT::Coding region xref gene does not exist
prokka_out/CA140717:CDS	hypothetical protein	NODE_4_length_171631_cov_131.281562:c81169-80621	DOCPNFPP_00963

DiscRep_SUB:FEATURE_LOCATION_CONFLICT::Coding region xref gene does not exist
prokka_out/CA140717:CDS	Chorismate synthase	NODE_4_length_171631_cov_131.281562:c82516-81425	DOCPNFPP_00964

DiscRep_SUB:FEATURE_LOCATION_CONFLICT::Coding region xref gene does not exist
prokka_out/CA140717:CDS	Ribonuclease 3	NODE_4_length_171631_cov_131.281562:c83190-82516	DOCPNFPP_00965

DiscRep_SUB:FEATURE_LOCATION_CONFLICT::Coding region xref gene does not exist
prokka_out/CA140717:CDS	Ribonuclease H	NODE_4_length_171631_cov_131.281562:c83617-83177	DOCPNFPP_00966

DiscRep_SUB:FEATURE_LOCATION_CONFLICT::Coding region xref gene does not exist
prokka_out/CA140717:CDS	Lipopolysaccharide assembly protein B	NODE_4_length_171631_cov_131.281562:c84587-83604	DOCPNFPP_00967

DiscRep_SUB:FEATURE_LOCATION_CONFLICT::Coding region xref gene does not exist
prokka_out/CA140717:CDS	DNA primase	NODE_4_length_171631_cov_131.281562:84657-86483	DOCPNFPP_00968

DiscRep_SUB:FEATURE_LOCATION_CONFLICT::Coding region xref gene does not exist
prokka_out/CA140717:CDS	hypothetical protein	NODE_4_length_171631_cov_131.281562:86581-86850	DOCPNFPP_00969

DiscRep_SUB:FEATURE_LOCATION_CONFLICT::Coding region xref gene does not exist
prokka_out/CA140717:CDS	hypothetical protein	NODE_4_length_171631_cov_131.281562:86837-87394	DOCPNFPP_00970

DiscRep_SUB:FEATURE_LOCATION_CONFLICT::Coding region xref gene does not exist
prokka_out/CA140717:CDS	UDP-N-acetylmuramoyl-L-alanyl-D-glutamate--2,6-diaminopimelate ligase	NODE_4_length_171631_cov_131.281562:87378-88661	DOCPNFPP_00971

DiscRep_SUB:FEATURE_LOCATION_CONFLICT::Coding region xref gene does not exist
prokka_out/CA140717:CDS	Nucleoid-associated protein	NODE_4_length_171631_cov_131.281562:88665-88970	DOCPNFPP_00972

DiscRep_SUB:FEATURE_LOCATION_CONFLICT::Coding region xref gene does not exist
prokka_out/CA140717:CDS	hypothetical protein	NODE_4_length_171631_cov_131.281562:88967-90058	DOCPNFPP_00973

DiscRep_SUB:FEATURE_LOCATION_CONFLICT::Coding region xref gene does not exist
prokka_out/CA140717:CDS	Farnesyl diphosphate synthase	NODE_4_length_171631_cov_131.281562:90055-90894	DOCPNFPP_00974

DiscRep_SUB:FEATURE_LOCATION_CONFLICT::Coding region xref gene does not exist
prokka_out/CA140717:CDS	Transketolase	NODE_4_length_171631_cov_131.281562:90904-92802	DOCPNFPP_00975

DiscRep_SUB:FEATURE_LOCATION_CONFLICT::Coding region xref gene does not exist
prokka_out/CA140717:CDS	hypothetical protein	NODE_4_length_171631_cov_131.281562:92804-93919	DOCPNFPP_00976

DiscRep_SUB:FEATURE_LOCATION_CONFLICT::Coding region xref gene does not exist
prokka_out/CA140717:CDS	putative ribonucleotide transport ATP-binding protein mkl	NODE_4_length_171631_cov_131.281562:93920-94642	DOCPNFPP_00977

DiscRep_SUB:FEATURE_LOCATION_CONFLICT::Coding region xref gene does not exist
prokka_out/CA140717:CDS	hypothetical protein	NODE_4_length_171631_cov_131.281562:94645-95541	DOCPNFPP_00978

DiscRep_SUB:FEATURE_LOCATION_CONFLICT::Coding region xref gene does not exist
prokka_out/CA140717:CDS	hypothetical protein	NODE_4_length_171631_cov_131.281562:95538-96140	DOCPNFPP_00979

DiscRep_SUB:FEATURE_LOCATION_CONFLICT::Coding region xref gene does not exist
prokka_out/CA140717:CDS	hypothetical protein	NODE_4_length_171631_cov_131.281562:96192-96692	DOCPNFPP_00980

DiscRep_SUB:FEATURE_LOCATION_CONFLICT::Coding region xref gene does not exist
prokka_out/CA140717:CDS	Methionine aminopeptidase 1	NODE_4_length_171631_cov_131.281562:c97772-97014	DOCPNFPP_00981

DiscRep_SUB:FEATURE_LOCATION_CONFLICT::Coding region xref gene does not exist
prokka_out/CA140717:CDS	Glutamate racemase	NODE_4_length_171631_cov_131.281562:c98525-97782	DOCPNFPP_00982

DiscRep_SUB:FEATURE_LOCATION_CONFLICT::Coding region xref gene does not exist
prokka_out/CA140717:CDS	hypothetical protein	NODE_4_length_171631_cov_131.281562:c98991-98527	DOCPNFPP_00983

DiscRep_SUB:FEATURE_LOCATION_CONFLICT::Coding region xref gene does not exist
prokka_out/CA140717:CDS	Na(+)/H(+) antiporter NhaA	NODE_4_length_171631_cov_131.281562:c100169-99000	DOCPNFPP_00984

DiscRep_SUB:FEATURE_LOCATION_CONFLICT::Coding region xref gene does not exist
prokka_out/CA140717:CDS	Na(+)/H(+) antiporter NhaA	NODE_4_length_171631_cov_131.281562:c101314-100166	DOCPNFPP_00985

DiscRep_SUB:FEATURE_LOCATION_CONFLICT::Coding region xref gene does not exist
prokka_out/CA140717:CDS	hypothetical protein	NODE_4_length_171631_cov_131.281562:c101622-101440	DOCPNFPP_00986

DiscRep_SUB:FEATURE_LOCATION_CONFLICT::Coding region xref gene does not exist
prokka_out/CA140717:CDS	hypothetical protein	NODE_4_length_171631_cov_131.281562:101800-103869	DOCPNFPP_00987

DiscRep_SUB:FEATURE_LOCATION_CONFLICT::Coding region xref gene does not exist
prokka_out/CA140717:CDS	34 kDa membrane antigen	NODE_4_length_171631_cov_131.281562:103866-104405	DOCPNFPP_00988

DiscRep_SUB:FEATURE_LOCATION_CONFLICT::Coding region xref gene does not exist
prokka_out/CA140717:CDS	hypothetical protein	NODE_4_length_171631_cov_131.281562:104487-105890	DOCPNFPP_00989

DiscRep_SUB:FEATURE_LOCATION_CONFLICT::Coding region xref gene does not exist
prokka_out/CA140717:CDS	hypothetical protein	NODE_4_length_171631_cov_131.281562:105880-107175	DOCPNFPP_00990

DiscRep_SUB:FEATURE_LOCATION_CONFLICT::Coding region xref gene does not exist
prokka_out/CA140717:CDS	hypothetical protein	NODE_4_length_171631_cov_131.281562:107165-108283	DOCPNFPP_00991

DiscRep_SUB:FEATURE_LOCATION_CONFLICT::Coding region xref gene does not exist
prokka_out/CA140717:CDS	putative ABC transporter ATP-binding protein YknY	NODE_4_length_171631_cov_131.281562:108283-108930	DOCPNFPP_00992

DiscRep_SUB:FEATURE_LOCATION_CONFLICT::Coding region xref gene does not exist
prokka_out/CA140717:CDS	Thiol-disulfide oxidoreductase ResA	NODE_4_length_171631_cov_131.281562:108927-109415	DOCPNFPP_00993

DiscRep_SUB:FEATURE_LOCATION_CONFLICT::Coding region xref gene does not exist
prokka_out/CA140717:CDS	hypothetical protein	NODE_4_length_171631_cov_131.281562:109376-109879	DOCPNFPP_00994

DiscRep_SUB:FEATURE_LOCATION_CONFLICT::Coding region xref gene does not exist
prokka_out/CA140717:CDS	GTPase Obg	NODE_4_length_171631_cov_131.281562:c110978-109923	DOCPNFPP_00995

DiscRep_SUB:FEATURE_LOCATION_CONFLICT::Coding region xref gene does not exist
prokka_out/CA140717:CDS	50S ribosomal protein L27	NODE_4_length_171631_cov_131.281562:c111337-111083	DOCPNFPP_00996

DiscRep_SUB:FEATURE_LOCATION_CONFLICT::Coding region xref gene does not exist
prokka_out/CA140717:CDS	50S ribosomal protein L21	NODE_4_length_171631_cov_131.281562:c111656-111348	DOCPNFPP_00997

DiscRep_SUB:FEATURE_LOCATION_CONFLICT::Coding region xref gene does not exist
prokka_out/CA140717:CDS	hypothetical protein	NODE_4_length_171631_cov_131.281562:c112799-111813	DOCPNFPP_00998

DiscRep_SUB:FEATURE_LOCATION_CONFLICT::Coding region xref gene does not exist
prokka_out/CA140717:CDS	hypothetical protein	NODE_4_length_171631_cov_131.281562:c113422-112799	DOCPNFPP_00999

DiscRep_SUB:FEATURE_LOCATION_CONFLICT::Coding region xref gene does not exist
prokka_out/CA140717:CDS	hypothetical protein	NODE_4_length_171631_cov_131.281562:c114805-113453	DOCPNFPP_01000

DiscRep_SUB:FEATURE_LOCATION_CONFLICT::Coding region xref gene does not exist
prokka_out/CA140717:CDS	Anaerobic C4-dicarboxylate transporter DcuA	NODE_4_length_171631_cov_131.281562:c116203-114875	DOCPNFPP_01001

DiscRep_SUB:FEATURE_LOCATION_CONFLICT::Coding region xref gene does not exist
prokka_out/CA140717:CDS	Aspartate ammonia-lyase	NODE_4_length_171631_cov_131.281562:c117637-116231	DOCPNFPP_01002

DiscRep_SUB:FEATURE_LOCATION_CONFLICT::Coding region xref gene does not exist
prokka_out/CA140717:CDS	Uracil-DNA glycosylase	NODE_4_length_171631_cov_131.281562:117901-118596	DOCPNFPP_01003

DiscRep_SUB:FEATURE_LOCATION_CONFLICT::Coding region xref gene does not exist
prokka_out/CA140717:CDS	L-aspartate/glutamate-specific racemase	NODE_4_length_171631_cov_131.281562:118731-119423	DOCPNFPP_01004

DiscRep_SUB:FEATURE_LOCATION_CONFLICT::Coding region xref gene does not exist
prokka_out/CA140717:CDS	hypothetical protein	NODE_4_length_171631_cov_131.281562:c119620-119420	DOCPNFPP_01005

DiscRep_SUB:FEATURE_LOCATION_CONFLICT::Coding region xref gene does not exist
prokka_out/CA140717:CDS	hypothetical protein	NODE_4_length_171631_cov_131.281562:119751-120374	DOCPNFPP_01006

DiscRep_SUB:FEATURE_LOCATION_CONFLICT::Coding region xref gene does not exist
prokka_out/CA140717:CDS	hypothetical protein	NODE_4_length_171631_cov_131.281562:c120560-120456	DOCPNFPP_01007

DiscRep_SUB:FEATURE_LOCATION_CONFLICT::Coding region xref gene does not exist
prokka_out/CA140717:CDS	Cytochrome bd-I ubiquinol oxidase subunit 2	NODE_4_length_171631_cov_131.281562:c121698-120574	DOCPNFPP_01008

DiscRep_SUB:FEATURE_LOCATION_CONFLICT::Coding region xref gene does not exist
prokka_out/CA140717:CDS	Cytochrome bd-I ubiquinol oxidase subunit 1	NODE_4_length_171631_cov_131.281562:c123260-121698	DOCPNFPP_01009

DiscRep_SUB:FEATURE_LOCATION_CONFLICT::Coding region xref gene does not exist
prokka_out/CA140717:CDS	hypothetical protein	NODE_4_length_171631_cov_131.281562:c123490-123260	DOCPNFPP_01010

DiscRep_SUB:FEATURE_LOCATION_CONFLICT::Coding region xref gene does not exist
prokka_out/CA140717:CDS	L-lactate permease	NODE_4_length_171631_cov_131.281562:123890-125557	DOCPNFPP_01011

DiscRep_SUB:FEATURE_LOCATION_CONFLICT::Coding region xref gene does not exist
prokka_out/CA140717:CDS	Lactate utilization protein A	NODE_4_length_171631_cov_131.281562:125710-126447	DOCPNFPP_01012

DiscRep_SUB:FEATURE_LOCATION_CONFLICT::Coding region xref gene does not exist
prokka_out/CA140717:CDS	Lactate utilization protein B	NODE_4_length_171631_cov_131.281562:126444-127883	DOCPNFPP_01013

DiscRep_SUB:FEATURE_LOCATION_CONFLICT::Coding region xref gene does not exist
prokka_out/CA140717:CDS	Lactate utilization protein C	NODE_4_length_171631_cov_131.281562:127876-128532	DOCPNFPP_01014

DiscRep_SUB:FEATURE_LOCATION_CONFLICT::Coding region xref gene does not exist
prokka_out/CA140717:CDS	Bacteriohemerythrin	NODE_4_length_171631_cov_131.281562:128755-129444	DOCPNFPP_01015

DiscRep_SUB:FEATURE_LOCATION_CONFLICT::Coding region xref gene does not exist
prokka_out/CA140717:CDS	Bacteriohemerythrin	NODE_4_length_171631_cov_131.281562:129425-130036	DOCPNFPP_01016

DiscRep_SUB:FEATURE_LOCATION_CONFLICT::Coding region xref gene does not exist
prokka_out/CA140717:CDS	hypothetical protein	NODE_4_length_171631_cov_131.281562:c131295-130264	DOCPNFPP_01017

DiscRep_SUB:FEATURE_LOCATION_CONFLICT::Coding region xref gene does not exist
prokka_out/CA140717:CDS	hypothetical protein	NODE_4_length_171631_cov_131.281562:c132299-131403	DOCPNFPP_01018

DiscRep_SUB:FEATURE_LOCATION_CONFLICT::Coding region xref gene does not exist
prokka_out/CA140717:CDS	Aminodeoxyfutalosine deaminase	NODE_4_length_171631_cov_131.281562:c133516-132287	DOCPNFPP_01019

DiscRep_SUB:FEATURE_LOCATION_CONFLICT::Coding region xref gene does not exist
prokka_out/CA140717:CDS	3-dehydroquinate dehydratase	NODE_4_length_171631_cov_131.281562:133609-134097	DOCPNFPP_01020

DiscRep_SUB:FEATURE_LOCATION_CONFLICT::Coding region xref gene does not exist
prokka_out/CA140717:CDS	hypothetical protein	NODE_4_length_171631_cov_131.281562:134100-134582	DOCPNFPP_01021

DiscRep_SUB:FEATURE_LOCATION_CONFLICT::Coding region xref gene does not exist
prokka_out/CA140717:CDS	Signal recognition particle 54 kDa protein	NODE_4_length_171631_cov_131.281562:134583-136013	DOCPNFPP_01022

DiscRep_SUB:FEATURE_LOCATION_CONFLICT::Coding region xref gene does not exist
prokka_out/CA140717:CDS	Flagellum site-determining protein YlxH	NODE_4_length_171631_cov_131.281562:136006-136872	DOCPNFPP_01023

DiscRep_SUB:FEATURE_LOCATION_CONFLICT::Coding region xref gene does not exist
prokka_out/CA140717:CDS	hypothetical protein	NODE_4_length_171631_cov_131.281562:136892-137248	DOCPNFPP_01024

DiscRep_SUB:FEATURE_LOCATION_CONFLICT::Coding region xref gene does not exist
prokka_out/CA140717:CDS	RNA polymerase sigma factor FliA	NODE_4_length_171631_cov_131.281562:137229-137921	DOCPNFPP_01025

DiscRep_SUB:FEATURE_LOCATION_CONFLICT::Coding region xref gene does not exist
prokka_out/CA140717:CDS	Flagellar motor switch protein FliM	NODE_4_length_171631_cov_131.281562:137921-138997	DOCPNFPP_01026

DiscRep_SUB:FEATURE_LOCATION_CONFLICT::Coding region xref gene does not exist
prokka_out/CA140717:CDS	hypothetical protein	NODE_4_length_171631_cov_131.281562:138994-139830	DOCPNFPP_01027

DiscRep_SUB:FEATURE_LOCATION_CONFLICT::Coding region xref gene does not exist
prokka_out/CA140717:CDS	hypothetical protein	NODE_4_length_171631_cov_131.281562:c140478-139879	DOCPNFPP_01028

DiscRep_SUB:FEATURE_LOCATION_CONFLICT::Coding region xref gene does not exist
prokka_out/CA140717:CDS	hypothetical protein	NODE_4_length_171631_cov_131.281562:c141041-140463	DOCPNFPP_01029

DiscRep_SUB:FEATURE_LOCATION_CONFLICT::Coding region xref gene does not exist
prokka_out/CA140717:CDS	hypothetical protein	NODE_4_length_171631_cov_131.281562:c141282-140998	DOCPNFPP_01030

DiscRep_SUB:FEATURE_LOCATION_CONFLICT::Coding region xref gene does not exist
prokka_out/CA140717:CDS	hypothetical protein	NODE_4_length_171631_cov_131.281562:141562-142086	DOCPNFPP_01031

DiscRep_SUB:FEATURE_LOCATION_CONFLICT::Coding region xref gene does not exist
prokka_out/CA140717:CDS	hypothetical protein	NODE_4_length_171631_cov_131.281562:142136-143092	DOCPNFPP_01032

DiscRep_SUB:FEATURE_LOCATION_CONFLICT::Coding region xref gene does not exist
prokka_out/CA140717:CDS	hypothetical protein	NODE_4_length_171631_cov_131.281562:c143445-143122	DOCPNFPP_01033

DiscRep_SUB:FEATURE_LOCATION_CONFLICT::Coding region xref gene does not exist
prokka_out/CA140717:CDS	hypothetical protein	NODE_4_length_171631_cov_131.281562:143574-144161	DOCPNFPP_01034

DiscRep_SUB:FEATURE_LOCATION_CONFLICT::Coding region xref gene does not exist
prokka_out/CA140717:CDS	hypothetical protein	NODE_4_length_171631_cov_131.281562:144182-144958	DOCPNFPP_01035

DiscRep_SUB:FEATURE_LOCATION_CONFLICT::Coding region xref gene does not exist
prokka_out/CA140717:CDS	hypothetical protein	NODE_4_length_171631_cov_131.281562:145080-145685	DOCPNFPP_01036

DiscRep_SUB:FEATURE_LOCATION_CONFLICT::Coding region xref gene does not exist
prokka_out/CA140717:CDS	tRNA-specific 2-thiouridylase MnmA	NODE_4_length_171631_cov_131.281562:145685-146701	DOCPNFPP_01037

DiscRep_SUB:FEATURE_LOCATION_CONFLICT::Coding region xref gene does not exist
prokka_out/CA140717:CDS	hypothetical protein	NODE_4_length_171631_cov_131.281562:c148544-146736	DOCPNFPP_01038

DiscRep_SUB:FEATURE_LOCATION_CONFLICT::Coding region xref gene does not exist
prokka_out/CA140717:CDS	Bacteriohemerythrin	NODE_4_length_171631_cov_131.281562:148979-149785	DOCPNFPP_01039

DiscRep_SUB:FEATURE_LOCATION_CONFLICT::Coding region xref gene does not exist
prokka_out/CA140717:CDS	hypothetical protein	NODE_4_length_171631_cov_131.281562:149913-151571	DOCPNFPP_01040

DiscRep_SUB:FEATURE_LOCATION_CONFLICT::Coding region xref gene does not exist
prokka_out/CA140717:CDS	hypothetical protein	NODE_4_length_171631_cov_131.281562:c153212-151575	DOCPNFPP_01041

DiscRep_SUB:FEATURE_LOCATION_CONFLICT::Coding region xref gene does not exist
prokka_out/CA140717:CDS	hypothetical protein	NODE_4_length_171631_cov_131.281562:c154079-153216	DOCPNFPP_01042

DiscRep_SUB:FEATURE_LOCATION_CONFLICT::Coding region xref gene does not exist
prokka_out/CA140717:CDS	hypothetical protein	NODE_4_length_171631_cov_131.281562:c156018-154132	DOCPNFPP_01043

DiscRep_SUB:FEATURE_LOCATION_CONFLICT::Coding region xref gene does not exist
prokka_out/CA140717:CDS	hypothetical protein	NODE_4_length_171631_cov_131.281562:c156355-156032	DOCPNFPP_01044

DiscRep_SUB:FEATURE_LOCATION_CONFLICT::Coding region xref gene does not exist
prokka_out/CA140717:CDS	GTP-binding protein TypA/BipA	NODE_4_length_171631_cov_131.281562:156484-158292	DOCPNFPP_01045

DiscRep_SUB:FEATURE_LOCATION_CONFLICT::Coding region xref gene does not exist
prokka_out/CA140717:CDS	hypothetical protein	NODE_4_length_171631_cov_131.281562:158292-158942	DOCPNFPP_01046

DiscRep_SUB:FEATURE_LOCATION_CONFLICT::Coding region xref gene does not exist
prokka_out/CA140717:CDS	hypothetical protein	NODE_4_length_171631_cov_131.281562:c160288-158939	DOCPNFPP_01047

DiscRep_SUB:FEATURE_LOCATION_CONFLICT::Coding region xref gene does not exist
prokka_out/CA140717:CDS	Bicyclomycin resistance protein	NODE_4_length_171631_cov_131.281562:160394-161602	DOCPNFPP_01048

DiscRep_SUB:FEATURE_LOCATION_CONFLICT::Coding region xref gene does not exist
prokka_out/CA140717:CDS	hypothetical protein	NODE_4_length_171631_cov_131.281562:161599-162300	DOCPNFPP_01049

DiscRep_SUB:FEATURE_LOCATION_CONFLICT::Coding region xref gene does not exist
prokka_out/CA140717:CDS	hypothetical protein	NODE_4_length_171631_cov_131.281562:c164798-162330	DOCPNFPP_01050

DiscRep_SUB:FEATURE_LOCATION_CONFLICT::Coding region xref gene does not exist
prokka_out/CA140717:CDS	hypothetical protein	NODE_4_length_171631_cov_131.281562:c168546-164800	DOCPNFPP_01051

DiscRep_SUB:FEATURE_LOCATION_CONFLICT::Coding region xref gene does not exist
prokka_out/CA140717:CDS	hypothetical protein	NODE_4_length_171631_cov_131.281562:168650-169747	DOCPNFPP_01052

DiscRep_SUB:FEATURE_LOCATION_CONFLICT::Coding region xref gene does not exist
prokka_out/CA140717:CDS	hypothetical protein	NODE_4_length_171631_cov_131.281562:169744-170766	DOCPNFPP_01053

DiscRep_SUB:FEATURE_LOCATION_CONFLICT::Coding region xref gene does not exist
prokka_out/CA140717:CDS	hypothetical protein	NODE_4_length_171631_cov_131.281562:170763-171470	DOCPNFPP_01054

DiscRep_SUB:FEATURE_LOCATION_CONFLICT::RNA feature xref gene does not exist
prokka_out/CA140717:tRNA	Gly	NODE_4_length_171631_cov_131.281562:62233-62307	DOCPNFPP_00941

DiscRep_SUB:FEATURE_LOCATION_CONFLICT::RNA feature xref gene does not exist
prokka_out/CA140717:tRNA	Leu	NODE_4_length_171631_cov_131.281562:62317-62405	DOCPNFPP_00942

DiscRep_SUB:FEATURE_LOCATION_CONFLICT::RNA feature xref gene does not exist
prokka_out/CA140717:tRNA	Cys	NODE_4_length_171631_cov_131.281562:62426-62499	DOCPNFPP_00943

DiscRep_SUB:FEATURE_LOCATION_CONFLICT::RNA feature xref gene does not exist
prokka_out/CA140717:tRNA	Ser	NODE_4_length_171631_cov_131.281562:62531-62618	DOCPNFPP_00944

DiscRep_SUB:FEATURE_LOCATION_CONFLICT::Coding region xref gene does not exist
prokka_out/CA140717:CDS	hypothetical protein	NODE_5_length_162390_cov_131.001288:c1812-175	DOCPNFPP_01055

DiscRep_SUB:FEATURE_LOCATION_CONFLICT::Coding region xref gene does not exist
prokka_out/CA140717:CDS	hypothetical protein	NODE_5_length_162390_cov_131.001288:c2646-1879	DOCPNFPP_01056

DiscRep_SUB:FEATURE_LOCATION_CONFLICT::Coding region xref gene does not exist
prokka_out/CA140717:CDS	hypothetical protein	NODE_5_length_162390_cov_131.001288:c3838-2615	DOCPNFPP_01057

DiscRep_SUB:FEATURE_LOCATION_CONFLICT::Coding region xref gene does not exist
prokka_out/CA140717:CDS	hypothetical protein	NODE_5_length_162390_cov_131.001288:4119-4703	DOCPNFPP_01058

DiscRep_SUB:FEATURE_LOCATION_CONFLICT::Coding region xref gene does not exist
prokka_out/CA140717:CDS	hypothetical protein	NODE_5_length_162390_cov_131.001288:c5112-4735	DOCPNFPP_01059

DiscRep_SUB:FEATURE_LOCATION_CONFLICT::Coding region xref gene does not exist
prokka_out/CA140717:CDS	hypothetical protein	NODE_5_length_162390_cov_131.001288:c5495-5163	DOCPNFPP_01060

DiscRep_SUB:FEATURE_LOCATION_CONFLICT::Coding region xref gene does not exist
prokka_out/CA140717:CDS	putative ABC transporter ATP-binding protein YbiT	NODE_5_length_162390_cov_131.001288:c7065-5488	DOCPNFPP_01061

DiscRep_SUB:FEATURE_LOCATION_CONFLICT::Coding region xref gene does not exist
prokka_out/CA140717:CDS	hypothetical protein	NODE_5_length_162390_cov_131.001288:c7442-7143	DOCPNFPP_01062

DiscRep_SUB:FEATURE_LOCATION_CONFLICT::Coding region xref gene does not exist
prokka_out/CA140717:CDS	hypothetical protein	NODE_5_length_162390_cov_131.001288:c7611-7405	DOCPNFPP_01063

DiscRep_SUB:FEATURE_LOCATION_CONFLICT::Coding region xref gene does not exist
prokka_out/CA140717:CDS	hypothetical protein	NODE_5_length_162390_cov_131.001288:c8014-7661	DOCPNFPP_01064

DiscRep_SUB:FEATURE_LOCATION_CONFLICT::Coding region xref gene does not exist
prokka_out/CA140717:CDS	hypothetical protein	NODE_5_length_162390_cov_131.001288:c8688-8266	DOCPNFPP_01065

DiscRep_SUB:FEATURE_LOCATION_CONFLICT::Coding region xref gene does not exist
prokka_out/CA140717:CDS	hypothetical protein	NODE_5_length_162390_cov_131.001288:8855-9064	DOCPNFPP_01066

DiscRep_SUB:FEATURE_LOCATION_CONFLICT::Coding region xref gene does not exist
prokka_out/CA140717:CDS	hypothetical protein	NODE_5_length_162390_cov_131.001288:9125-10081	DOCPNFPP_01067

DiscRep_SUB:FEATURE_LOCATION_CONFLICT::Coding region xref gene does not exist
prokka_out/CA140717:CDS	Protein YceI	NODE_5_length_162390_cov_131.001288:c10658-10086	DOCPNFPP_01068

DiscRep_SUB:FEATURE_LOCATION_CONFLICT::Coding region xref gene does not exist
prokka_out/CA140717:CDS	hypothetical protein	NODE_5_length_162390_cov_131.001288:c11095-10733	DOCPNFPP_01069

DiscRep_SUB:FEATURE_LOCATION_CONFLICT::Coding region xref gene does not exist
prokka_out/CA140717:CDS	hypothetical protein	NODE_5_length_162390_cov_131.001288:11205-11885	DOCPNFPP_01070

DiscRep_SUB:FEATURE_LOCATION_CONFLICT::Coding region xref gene does not exist
prokka_out/CA140717:CDS	Putative beta-lactamase HcpC	NODE_5_length_162390_cov_131.001288:c12608-11904	DOCPNFPP_01071

DiscRep_SUB:FEATURE_LOCATION_CONFLICT::Coding region xref gene does not exist
prokka_out/CA140717:CDS	GTPase Der	NODE_5_length_162390_cov_131.001288:c14437-12605	DOCPNFPP_01072

DiscRep_SUB:FEATURE_LOCATION_CONFLICT::Coding region xref gene does not exist
prokka_out/CA140717:CDS	GTPase Der	NODE_5_length_162390_cov_131.001288:c16613-14427	DOCPNFPP_01073

DiscRep_SUB:FEATURE_LOCATION_CONFLICT::Coding region xref gene does not exist
prokka_out/CA140717:CDS	Fumarate reductase iron-sulfur subunit	NODE_5_length_162390_cov_131.001288:c17366-16641	DOCPNFPP_01074

DiscRep_SUB:FEATURE_LOCATION_CONFLICT::Coding region xref gene does not exist
prokka_out/CA140717:CDS	Fumarate reductase flavoprotein subunit	NODE_5_length_162390_cov_131.001288:c19350-17359	DOCPNFPP_01075

DiscRep_SUB:FEATURE_LOCATION_CONFLICT::Coding region xref gene does not exist
prokka_out/CA140717:CDS	Fumarate reductase cytochrome b subunit	NODE_5_length_162390_cov_131.001288:c20119-19334	DOCPNFPP_01076

DiscRep_SUB:FEATURE_LOCATION_CONFLICT::Coding region xref gene does not exist
prokka_out/CA140717:CDS	Phosphatidylglycerol--prolipoprotein diacylglyceryl transferase	NODE_5_length_162390_cov_131.001288:c21002-20187	DOCPNFPP_01077

DiscRep_SUB:FEATURE_LOCATION_CONFLICT::Coding region xref gene does not exist
prokka_out/CA140717:CDS	hypothetical protein	NODE_5_length_162390_cov_131.001288:21093-21998	DOCPNFPP_01078

DiscRep_SUB:FEATURE_LOCATION_CONFLICT::Coding region xref gene does not exist
prokka_out/CA140717:CDS	Shikimate dehydrogenase (NADP(+))	NODE_5_length_162390_cov_131.001288:c22862-22071	DOCPNFPP_01079

DiscRep_SUB:FEATURE_LOCATION_CONFLICT::Coding region xref gene does not exist
prokka_out/CA140717:CDS	hypothetical protein	NODE_5_length_162390_cov_131.001288:c23686-22859	DOCPNFPP_01080

DiscRep_SUB:FEATURE_LOCATION_CONFLICT::Coding region xref gene does not exist
prokka_out/CA140717:CDS	hypothetical protein	NODE_5_length_162390_cov_131.001288:c24172-23699	DOCPNFPP_01081

DiscRep_SUB:FEATURE_LOCATION_CONFLICT::Coding region xref gene does not exist
prokka_out/CA140717:CDS	Serine hydroxymethyltransferase	NODE_5_length_162390_cov_131.001288:c25484-24240	DOCPNFPP_01082

DiscRep_SUB:FEATURE_LOCATION_CONFLICT::Coding region xref gene does not exist
prokka_out/CA140717:CDS	Lysine--tRNA ligase	NODE_5_length_162390_cov_131.001288:c26989-25481	DOCPNFPP_01083

DiscRep_SUB:FEATURE_LOCATION_CONFLICT::Coding region xref gene does not exist
prokka_out/CA140717:CDS	Ferric uptake regulation protein	NODE_5_length_162390_cov_131.001288:c27459-26989	DOCPNFPP_01084

DiscRep_SUB:FEATURE_LOCATION_CONFLICT::Coding region xref gene does not exist
prokka_out/CA140717:CDS	hypothetical protein	NODE_5_length_162390_cov_131.001288:c28023-27463	DOCPNFPP_01085

DiscRep_SUB:FEATURE_LOCATION_CONFLICT::Coding region xref gene does not exist
prokka_out/CA140717:CDS	Glutamyl-tRNA(Gln) amidotransferase subunit C	NODE_5_length_162390_cov_131.001288:c28391-28104	DOCPNFPP_01086

DiscRep_SUB:FEATURE_LOCATION_CONFLICT::Coding region xref gene does not exist
prokka_out/CA140717:CDS	hypothetical protein	NODE_5_length_162390_cov_131.001288:28523-29101	DOCPNFPP_01087

DiscRep_SUB:FEATURE_LOCATION_CONFLICT::Coding region xref gene does not exist
prokka_out/CA140717:CDS	Plasminogen-binding protein PgbB	NODE_5_length_162390_cov_131.001288:29098-30096	DOCPNFPP_01088

DiscRep_SUB:FEATURE_LOCATION_CONFLICT::Coding region xref gene does not exist
prokka_out/CA140717:CDS	hypothetical protein	NODE_5_length_162390_cov_131.001288:30093-30380	DOCPNFPP_01089

DiscRep_SUB:FEATURE_LOCATION_CONFLICT::Coding region xref gene does not exist
prokka_out/CA140717:CDS	Type III pantothenate kinase	NODE_5_length_162390_cov_131.001288:30367-30996	DOCPNFPP_01090

DiscRep_SUB:FEATURE_LOCATION_CONFLICT::Coding region xref gene does not exist
prokka_out/CA140717:CDS	Malate:quinone oxidoreductase	NODE_5_length_162390_cov_131.001288:31123-32469	DOCPNFPP_01091

DiscRep_SUB:FEATURE_LOCATION_CONFLICT::Coding region xref gene does not exist
prokka_out/CA140717:CDS	Pyruvate kinase	NODE_5_length_162390_cov_131.001288:32518-33960	DOCPNFPP_01092

DiscRep_SUB:FEATURE_LOCATION_CONFLICT::Coding region xref gene does not exist
prokka_out/CA140717:CDS	hypothetical protein	NODE_5_length_162390_cov_131.001288:34052-34678	DOCPNFPP_01093

DiscRep_SUB:FEATURE_LOCATION_CONFLICT::Coding region xref gene does not exist
prokka_out/CA140717:CDS	hypothetical protein	NODE_5_length_162390_cov_131.001288:c37168-34706	DOCPNFPP_01094

DiscRep_SUB:FEATURE_LOCATION_CONFLICT::Coding region xref gene does not exist
prokka_out/CA140717:CDS	Serine--tRNA ligase	NODE_5_length_162390_cov_131.001288:c38413-37178	DOCPNFPP_01095

DiscRep_SUB:FEATURE_LOCATION_CONFLICT::Coding region xref gene does not exist
prokka_out/CA140717:CDS	Tryptophan--tRNA ligase	NODE_5_length_162390_cov_131.001288:c39382-38423	DOCPNFPP_01096

DiscRep_SUB:FEATURE_LOCATION_CONFLICT::Coding region xref gene does not exist
prokka_out/CA140717:CDS	Shikimate kinase	NODE_5_length_162390_cov_131.001288:c39876-39379	DOCPNFPP_01097

DiscRep_SUB:FEATURE_LOCATION_CONFLICT::Coding region xref gene does not exist
prokka_out/CA140717:CDS	GTPase Der	NODE_5_length_162390_cov_131.001288:c41245-39863	DOCPNFPP_01098

DiscRep_SUB:FEATURE_LOCATION_CONFLICT::Coding region xref gene does not exist
prokka_out/CA140717:CDS	Pseudopaline exporter CntI	NODE_5_length_162390_cov_131.001288:41361-42293	DOCPNFPP_01099

DiscRep_SUB:FEATURE_LOCATION_CONFLICT::Coding region xref gene does not exist
prokka_out/CA140717:CDS	2-dehydro-3-deoxyphosphooctonate aldolase	NODE_5_length_162390_cov_131.001288:42290-43102	DOCPNFPP_01100

DiscRep_SUB:FEATURE_LOCATION_CONFLICT::Coding region xref gene does not exist
prokka_out/CA140717:CDS	6,7-dimethyl-8-ribityllumazine synthase	NODE_5_length_162390_cov_131.001288:43104-43568	DOCPNFPP_01101

DiscRep_SUB:FEATURE_LOCATION_CONFLICT::Coding region xref gene does not exist
prokka_out/CA140717:CDS	Transcription antitermination protein NusB	NODE_5_length_162390_cov_131.001288:43568-43966	DOCPNFPP_01102

DiscRep_SUB:FEATURE_LOCATION_CONFLICT::Coding region xref gene does not exist
prokka_out/CA140717:CDS	Orotidine 5'-phosphate decarboxylase	NODE_5_length_162390_cov_131.001288:43963-44802	DOCPNFPP_01103

DiscRep_SUB:FEATURE_LOCATION_CONFLICT::Coding region xref gene does not exist
prokka_out/CA140717:CDS	hypothetical protein	NODE_5_length_162390_cov_131.001288:44799-45578	DOCPNFPP_01104

DiscRep_SUB:FEATURE_LOCATION_CONFLICT::Coding region xref gene does not exist
prokka_out/CA140717:CDS	Protein-methionine-sulfoxide reductase catalytic subunit MsrP	NODE_5_length_162390_cov_131.001288:45640-46533	DOCPNFPP_01105

DiscRep_SUB:FEATURE_LOCATION_CONFLICT::Coding region xref gene does not exist
prokka_out/CA140717:CDS	Protein-methionine-sulfoxide reductase heme-binding subunit MsrQ	NODE_5_length_162390_cov_131.001288:46533-47081	DOCPNFPP_01106

DiscRep_SUB:FEATURE_LOCATION_CONFLICT::Coding region xref gene does not exist
prokka_out/CA140717:CDS	ATP-dependent zinc metalloprotease FtsH	NODE_5_length_162390_cov_131.001288:c48790-47078	DOCPNFPP_01107

DiscRep_SUB:FEATURE_LOCATION_CONFLICT::Coding region xref gene does not exist
prokka_out/CA140717:CDS	hypothetical protein	NODE_5_length_162390_cov_131.001288:c49613-48792	DOCPNFPP_01108

DiscRep_SUB:FEATURE_LOCATION_CONFLICT::Coding region xref gene does not exist
prokka_out/CA140717:CDS	hypothetical protein	NODE_5_length_162390_cov_131.001288:c50095-49610	DOCPNFPP_01109

DiscRep_SUB:FEATURE_LOCATION_CONFLICT::Coding region xref gene does not exist
prokka_out/CA140717:CDS	hypothetical protein	NODE_5_length_162390_cov_131.001288:c50594-50103	DOCPNFPP_01110

DiscRep_SUB:FEATURE_LOCATION_CONFLICT::Coding region xref gene does not exist
prokka_out/CA140717:CDS	Hydroxypyruvate reductase	NODE_5_length_162390_cov_131.001288:c51519-50584	DOCPNFPP_01111

DiscRep_SUB:FEATURE_LOCATION_CONFLICT::Coding region xref gene does not exist
prokka_out/CA140717:CDS	Putative acid--amine ligase YgiC	NODE_5_length_162390_cov_131.001288:c52691-51522	DOCPNFPP_01112

DiscRep_SUB:FEATURE_LOCATION_CONFLICT::Coding region xref gene does not exist
prokka_out/CA140717:CDS	hypothetical protein	NODE_5_length_162390_cov_131.001288:c53306-52701	DOCPNFPP_01113

DiscRep_SUB:FEATURE_LOCATION_CONFLICT::Coding region xref gene does not exist
prokka_out/CA140717:CDS	30S ribosomal protein S21	NODE_5_length_162390_cov_131.001288:c53721-53509	DOCPNFPP_01114

DiscRep_SUB:FEATURE_LOCATION_CONFLICT::Coding region xref gene does not exist
prokka_out/CA140717:CDS	hypothetical protein	NODE_5_length_162390_cov_131.001288:53867-55243	DOCPNFPP_01115

DiscRep_SUB:FEATURE_LOCATION_CONFLICT::Coding region xref gene does not exist
prokka_out/CA140717:CDS	hypothetical protein	NODE_5_length_162390_cov_131.001288:55230-55865	DOCPNFPP_01116

DiscRep_SUB:FEATURE_LOCATION_CONFLICT::Coding region xref gene does not exist
prokka_out/CA140717:CDS	Multidrug resistance protein MdtE	NODE_5_length_162390_cov_131.001288:55973-57076	DOCPNFPP_01117

DiscRep_SUB:FEATURE_LOCATION_CONFLICT::Coding region xref gene does not exist
prokka_out/CA140717:CDS	Efflux pump membrane transporter BepE	NODE_5_length_162390_cov_131.001288:57076-60198	DOCPNFPP_01118

DiscRep_SUB:FEATURE_LOCATION_CONFLICT::Coding region xref gene does not exist
prokka_out/CA140717:CDS	Toluene efflux pump outer membrane protein TtgC	NODE_5_length_162390_cov_131.001288:60191-61669	DOCPNFPP_01119

DiscRep_SUB:FEATURE_LOCATION_CONFLICT::Coding region xref gene does not exist
prokka_out/CA140717:CDS	hypothetical protein	NODE_5_length_162390_cov_131.001288:c61949-61698	DOCPNFPP_01120

DiscRep_SUB:FEATURE_LOCATION_CONFLICT::Coding region xref gene does not exist
prokka_out/CA140717:CDS	hypothetical protein	NODE_5_length_162390_cov_131.001288:62074-63384	DOCPNFPP_01121

DiscRep_SUB:FEATURE_LOCATION_CONFLICT::Coding region xref gene does not exist
prokka_out/CA140717:CDS	hypothetical protein	NODE_5_length_162390_cov_131.001288:c63870-63418	DOCPNFPP_01122

DiscRep_SUB:FEATURE_LOCATION_CONFLICT::Coding region xref gene does not exist
prokka_out/CA140717:CDS	Lipoprotein signal peptidase	NODE_5_length_162390_cov_131.001288:c64324-63854	DOCPNFPP_01123

DiscRep_SUB:FEATURE_LOCATION_CONFLICT::Coding region xref gene does not exist
prokka_out/CA140717:CDS	Phosphoglucosamine mutase	NODE_5_length_162390_cov_131.001288:c65657-64317	DOCPNFPP_01124

DiscRep_SUB:FEATURE_LOCATION_CONFLICT::Coding region xref gene does not exist
prokka_out/CA140717:CDS	Cytochrome c551 peroxidase	NODE_5_length_162390_cov_131.001288:c66775-65750	DOCPNFPP_01125

DiscRep_SUB:FEATURE_LOCATION_CONFLICT::Coding region xref gene does not exist
prokka_out/CA140717:CDS	Glycerol-3-phosphate acyltransferase	NODE_5_length_162390_cov_131.001288:66955-67566	DOCPNFPP_01126

DiscRep_SUB:FEATURE_LOCATION_CONFLICT::Coding region xref gene does not exist
prokka_out/CA140717:CDS	hypothetical protein	NODE_5_length_162390_cov_131.001288:67551-67868	DOCPNFPP_01127

DiscRep_SUB:FEATURE_LOCATION_CONFLICT::Coding region xref gene does not exist
prokka_out/CA140717:CDS	Transcriptional regulatory protein CusR	NODE_5_length_162390_cov_131.001288:67947-68618	DOCPNFPP_01128

DiscRep_SUB:FEATURE_LOCATION_CONFLICT::Coding region xref gene does not exist
prokka_out/CA140717:CDS	Ferredoxin	NODE_5_length_162390_cov_131.001288:68733-68978	DOCPNFPP_01129

DiscRep_SUB:FEATURE_LOCATION_CONFLICT::Coding region xref gene does not exist
prokka_out/CA140717:CDS	Guanosine-5'-triphosphate,3'-diphosphate pyrophosphatase	NODE_5_length_162390_cov_131.001288:68978-70438	DOCPNFPP_01130

DiscRep_SUB:FEATURE_LOCATION_CONFLICT::Coding region xref gene does not exist
prokka_out/CA140717:CDS	hypothetical protein	NODE_5_length_162390_cov_131.001288:c71226-70435	DOCPNFPP_01131

DiscRep_SUB:FEATURE_LOCATION_CONFLICT::Coding region xref gene does not exist
prokka_out/CA140717:CDS	Flagellar motor switch protein FliN	NODE_5_length_162390_cov_131.001288:c71534-71226	DOCPNFPP_01132

DiscRep_SUB:FEATURE_LOCATION_CONFLICT::Coding region xref gene does not exist
prokka_out/CA140717:CDS	hypothetical protein	NODE_5_length_162390_cov_131.001288:c71956-71534	DOCPNFPP_01133

DiscRep_SUB:FEATURE_LOCATION_CONFLICT::Coding region xref gene does not exist
prokka_out/CA140717:CDS	Tryptophan synthase alpha chain	NODE_5_length_162390_cov_131.001288:c72775-72026	DOCPNFPP_01134

DiscRep_SUB:FEATURE_LOCATION_CONFLICT::Coding region xref gene does not exist
prokka_out/CA140717:CDS	Tryptophan synthase beta chain	NODE_5_length_162390_cov_131.001288:c73946-72768	DOCPNFPP_01135

DiscRep_SUB:FEATURE_LOCATION_CONFLICT::Coding region xref gene does not exist
prokka_out/CA140717:CDS	Tryptophan biosynthesis protein TrpCF	NODE_5_length_162390_cov_131.001288:c74542-73943	DOCPNFPP_01136

DiscRep_SUB:FEATURE_LOCATION_CONFLICT::Coding region xref gene does not exist
prokka_out/CA140717:CDS	Bifunctional protein TrpGD	NODE_5_length_162390_cov_131.001288:c76121-74529	DOCPNFPP_01137

DiscRep_SUB:FEATURE_LOCATION_CONFLICT::Coding region xref gene does not exist
prokka_out/CA140717:CDS	Isochorismate synthase MenF	NODE_5_length_162390_cov_131.001288:c77364-76123	DOCPNFPP_01138

DiscRep_SUB:FEATURE_LOCATION_CONFLICT::Coding region xref gene does not exist
prokka_out/CA140717:CDS	hypothetical protein	NODE_5_length_162390_cov_131.001288:77748-78533	DOCPNFPP_01139

DiscRep_SUB:FEATURE_LOCATION_CONFLICT::Coding region xref gene does not exist
prokka_out/CA140717:CDS	UvrABC system protein A	NODE_5_length_162390_cov_131.001288:78621-81443	DOCPNFPP_01140

DiscRep_SUB:FEATURE_LOCATION_CONFLICT::Coding region xref gene does not exist
prokka_out/CA140717:CDS	hypothetical protein	NODE_5_length_162390_cov_131.001288:81445-81978	DOCPNFPP_01141

DiscRep_SUB:FEATURE_LOCATION_CONFLICT::Coding region xref gene does not exist
prokka_out/CA140717:CDS	hypothetical protein	NODE_5_length_162390_cov_131.001288:82000-82677	DOCPNFPP_01142

DiscRep_SUB:FEATURE_LOCATION_CONFLICT::Coding region xref gene does not exist
prokka_out/CA140717:CDS	hypothetical protein	NODE_5_length_162390_cov_131.001288:82690-83280	DOCPNFPP_01143

DiscRep_SUB:FEATURE_LOCATION_CONFLICT::Coding region xref gene does not exist
prokka_out/CA140717:CDS	Inner membrane protein YqaA	NODE_5_length_162390_cov_131.001288:83273-83716	DOCPNFPP_01144

DiscRep_SUB:FEATURE_LOCATION_CONFLICT::Coding region xref gene does not exist
prokka_out/CA140717:CDS	DNA polymerase I	NODE_5_length_162390_cov_131.001288:83780-86419	DOCPNFPP_01145

DiscRep_SUB:FEATURE_LOCATION_CONFLICT::Coding region xref gene does not exist
prokka_out/CA140717:CDS	Chemotaxis protein PomA	NODE_5_length_162390_cov_131.001288:86435-87211	DOCPNFPP_01146

DiscRep_SUB:FEATURE_LOCATION_CONFLICT::Coding region xref gene does not exist
prokka_out/CA140717:CDS	Motility protein B	NODE_5_length_162390_cov_131.001288:87214-87945	DOCPNFPP_01147

DiscRep_SUB:FEATURE_LOCATION_CONFLICT::Coding region xref gene does not exist
prokka_out/CA140717:CDS	Flagellar biosynthetic protein FlhB	NODE_5_length_162390_cov_131.001288:c89048-87960	DOCPNFPP_01148

DiscRep_SUB:FEATURE_LOCATION_CONFLICT::Coding region xref gene does not exist
prokka_out/CA140717:CDS	Alkyl hydroperoxide reductase C	NODE_5_length_162390_cov_131.001288:c89766-89170	DOCPNFPP_01149

DiscRep_SUB:FEATURE_LOCATION_CONFLICT::Coding region xref gene does not exist
prokka_out/CA140717:CDS	hypothetical protein	NODE_5_length_162390_cov_131.001288:90022-90306	DOCPNFPP_01150

DiscRep_SUB:FEATURE_LOCATION_CONFLICT::Coding region xref gene does not exist
prokka_out/CA140717:CDS	Nucleoside diphosphate kinase	NODE_5_length_162390_cov_131.001288:90407-90820	DOCPNFPP_01151

DiscRep_SUB:FEATURE_LOCATION_CONFLICT::Coding region xref gene does not exist
prokka_out/CA140717:CDS	hypothetical protein	NODE_5_length_162390_cov_131.001288:90820-91179	DOCPNFPP_01152

DiscRep_SUB:FEATURE_LOCATION_CONFLICT::Coding region xref gene does not exist
prokka_out/CA140717:CDS	50S ribosomal protein L32	NODE_5_length_162390_cov_131.001288:91203-91349	DOCPNFPP_01153

DiscRep_SUB:FEATURE_LOCATION_CONFLICT::Coding region xref gene does not exist
prokka_out/CA140717:CDS	Phosphate acyltransferase	NODE_5_length_162390_cov_131.001288:91355-92341	DOCPNFPP_01154

DiscRep_SUB:FEATURE_LOCATION_CONFLICT::Coding region xref gene does not exist
prokka_out/CA140717:CDS	3-oxoacyl-[acyl-carrier-protein] synthase 3	NODE_5_length_162390_cov_131.001288:92334-93311	DOCPNFPP_01155

DiscRep_SUB:FEATURE_LOCATION_CONFLICT::Coding region xref gene does not exist
prokka_out/CA140717:CDS	Phosphoserine aminotransferase	NODE_5_length_162390_cov_131.001288:c94615-93539	DOCPNFPP_01156

DiscRep_SUB:FEATURE_LOCATION_CONFLICT::Coding region xref gene does not exist
prokka_out/CA140717:CDS	Exodeoxyribonuclease 7 large subunit	NODE_5_length_162390_cov_131.001288:c95788-94625	DOCPNFPP_01157

DiscRep_SUB:FEATURE_LOCATION_CONFLICT::Coding region xref gene does not exist
prokka_out/CA140717:CDS	hypothetical protein	NODE_5_length_162390_cov_131.001288:95961-96926	DOCPNFPP_01158

DiscRep_SUB:FEATURE_LOCATION_CONFLICT::Coding region xref gene does not exist
prokka_out/CA140717:CDS	hypothetical protein	NODE_5_length_162390_cov_131.001288:96931-97374	DOCPNFPP_01159

DiscRep_SUB:FEATURE_LOCATION_CONFLICT::Coding region xref gene does not exist
prokka_out/CA140717:CDS	hypothetical protein	NODE_5_length_162390_cov_131.001288:97388-98881	DOCPNFPP_01160

DiscRep_SUB:FEATURE_LOCATION_CONFLICT::Coding region xref gene does not exist
prokka_out/CA140717:CDS	Ubiquinone/menaquinone biosynthesis C-methyltransferase UbiE	NODE_5_length_162390_cov_131.001288:c99585-98878	DOCPNFPP_01161

DiscRep_SUB:FEATURE_LOCATION_CONFLICT::Coding region xref gene does not exist
prokka_out/CA140717:CDS	hypothetical protein	NODE_5_length_162390_cov_131.001288:c100787-99585	DOCPNFPP_01162

DiscRep_SUB:FEATURE_LOCATION_CONFLICT::Coding region xref gene does not exist
prokka_out/CA140717:CDS	hypothetical protein	NODE_5_length_162390_cov_131.001288:c101243-100833	DOCPNFPP_01163

DiscRep_SUB:FEATURE_LOCATION_CONFLICT::Coding region xref gene does not exist
prokka_out/CA140717:CDS	1-deoxy-D-xylulose-5-phosphate synthase	NODE_5_length_162390_cov_131.001288:c103257-101380	DOCPNFPP_01164

DiscRep_SUB:FEATURE_LOCATION_CONFLICT::Coding region xref gene does not exist
prokka_out/CA140717:CDS	hypothetical protein	NODE_5_length_162390_cov_131.001288:c104080-103250	DOCPNFPP_01165

DiscRep_SUB:FEATURE_LOCATION_CONFLICT::Coding region xref gene does not exist
prokka_out/CA140717:CDS	Flagellar motor switch protein FliG	NODE_5_length_162390_cov_131.001288:c105116-104088	DOCPNFPP_01166

DiscRep_SUB:FEATURE_LOCATION_CONFLICT::Coding region xref gene does not exist
prokka_out/CA140717:CDS	Flagellar M-ring protein	NODE_5_length_162390_cov_131.001288:c106798-105116	DOCPNFPP_01167

DiscRep_SUB:FEATURE_LOCATION_CONFLICT::Coding region xref gene does not exist
prokka_out/CA140717:CDS	Histidinol-phosphate aminotransferase	NODE_5_length_162390_cov_131.001288:c107976-106882	DOCPNFPP_01168

DiscRep_SUB:FEATURE_LOCATION_CONFLICT::Coding region xref gene does not exist
prokka_out/CA140717:CDS	Bifunctional chorismate mutase/prephenate dehydratase	NODE_5_length_162390_cov_131.001288:c109045-107966	DOCPNFPP_01169

DiscRep_SUB:FEATURE_LOCATION_CONFLICT::Coding region xref gene does not exist
prokka_out/CA140717:CDS	Ribonucleotide monophosphatase NagD	NODE_5_length_162390_cov_131.001288:c109800-109033	DOCPNFPP_01170

DiscRep_SUB:FEATURE_LOCATION_CONFLICT::Coding region xref gene does not exist
prokka_out/CA140717:CDS	Diaminopimelate decarboxylase	NODE_5_length_162390_cov_131.001288:c111010-109802	DOCPNFPP_01171

DiscRep_SUB:FEATURE_LOCATION_CONFLICT::Coding region xref gene does not exist
prokka_out/CA140717:CDS	hypothetical protein	NODE_5_length_162390_cov_131.001288:c112110-111052	DOCPNFPP_01172

DiscRep_SUB:FEATURE_LOCATION_CONFLICT::Coding region xref gene does not exist
prokka_out/CA140717:CDS	Peptidyl-tRNA hydrolase	NODE_5_length_162390_cov_131.001288:c112654-112112	DOCPNFPP_01173

DiscRep_SUB:FEATURE_LOCATION_CONFLICT::Coding region xref gene does not exist
prokka_out/CA140717:CDS	50S ribosomal protein L25	NODE_5_length_162390_cov_131.001288:c113187-112651	DOCPNFPP_01174

DiscRep_SUB:FEATURE_LOCATION_CONFLICT::Coding region xref gene does not exist
prokka_out/CA140717:CDS	putative guanidinium efflux system subunit GdnC	NODE_5_length_162390_cov_131.001288:113320-113646	DOCPNFPP_01175

DiscRep_SUB:FEATURE_LOCATION_CONFLICT::Coding region xref gene does not exist
prokka_out/CA140717:CDS	putative guanidinium efflux system subunit GdnD	NODE_5_length_162390_cov_131.001288:113650-113964	DOCPNFPP_01176

DiscRep_SUB:FEATURE_LOCATION_CONFLICT::Coding region xref gene does not exist
prokka_out/CA140717:CDS	ATP-dependent dethiobiotin synthetase BioD	NODE_5_length_162390_cov_131.001288:113974-114579	DOCPNFPP_01177

DiscRep_SUB:FEATURE_LOCATION_CONFLICT::Coding region xref gene does not exist
prokka_out/CA140717:CDS	Adenosylmethionine-8-amino-7-oxononanoate aminotransferase	NODE_5_length_162390_cov_131.001288:c115849-114566	DOCPNFPP_01178

DiscRep_SUB:FEATURE_LOCATION_CONFLICT::Coding region xref gene does not exist
prokka_out/CA140717:CDS	8-amino-7-oxononanoate synthase	NODE_5_length_162390_cov_131.001288:115917-117059	DOCPNFPP_01179

DiscRep_SUB:FEATURE_LOCATION_CONFLICT::Coding region xref gene does not exist
prokka_out/CA140717:CDS	hypothetical protein	NODE_5_length_162390_cov_131.001288:117056-117667	DOCPNFPP_01180

DiscRep_SUB:FEATURE_LOCATION_CONFLICT::Coding region xref gene does not exist
prokka_out/CA140717:CDS	hypothetical protein	NODE_5_length_162390_cov_131.001288:117664-118350	DOCPNFPP_01181

DiscRep_SUB:FEATURE_LOCATION_CONFLICT::Coding region xref gene does not exist
prokka_out/CA140717:CDS	Molybdate-binding protein ModA	NODE_5_length_162390_cov_131.001288:118404-119153	DOCPNFPP_01182

DiscRep_SUB:FEATURE_LOCATION_CONFLICT::Coding region xref gene does not exist
prokka_out/CA140717:CDS	hypothetical protein	NODE_5_length_162390_cov_131.001288:119150-119551	DOCPNFPP_01183

DiscRep_SUB:FEATURE_LOCATION_CONFLICT::Coding region xref gene does not exist
prokka_out/CA140717:CDS	hypothetical protein	NODE_5_length_162390_cov_131.001288:119544-120212	DOCPNFPP_01184

DiscRep_SUB:FEATURE_LOCATION_CONFLICT::Coding region xref gene does not exist
prokka_out/CA140717:CDS	Vitamin B12 import ATP-binding protein BtuD	NODE_5_length_162390_cov_131.001288:120222-121106	DOCPNFPP_01185

DiscRep_SUB:FEATURE_LOCATION_CONFLICT::Coding region xref gene does not exist
prokka_out/CA140717:CDS	Beta-lactamase OXA-133	NODE_5_length_162390_cov_131.001288:c121964-121191	DOCPNFPP_01186

DiscRep_SUB:FEATURE_LOCATION_CONFLICT::Coding region xref gene does not exist
prokka_out/CA140717:CDS	3-methyl-2-oxobutanoate hydroxymethyltransferase	NODE_5_length_162390_cov_131.001288:122184-123008	DOCPNFPP_01187

DiscRep_SUB:FEATURE_LOCATION_CONFLICT::Coding region xref gene does not exist
prokka_out/CA140717:CDS	Pantothenate synthetase	NODE_5_length_162390_cov_131.001288:123019-123867	DOCPNFPP_01188

DiscRep_SUB:FEATURE_LOCATION_CONFLICT::Coding region xref gene does not exist
prokka_out/CA140717:CDS	Aspartate 1-decarboxylase	NODE_5_length_162390_cov_131.001288:123864-124244	DOCPNFPP_01189

DiscRep_SUB:FEATURE_LOCATION_CONFLICT::Coding region xref gene does not exist
prokka_out/CA140717:CDS	putative N-acetyltransferase YafP	NODE_5_length_162390_cov_131.001288:c124814-124362	DOCPNFPP_01190

DiscRep_SUB:FEATURE_LOCATION_CONFLICT::Coding region xref gene does not exist
prokka_out/CA140717:CDS	tRNA threonylcarbamoyladenosine dehydratase	NODE_5_length_162390_cov_131.001288:c125454-124798	DOCPNFPP_01191

DiscRep_SUB:FEATURE_LOCATION_CONFLICT::Coding region xref gene does not exist
prokka_out/CA140717:CDS	5'-nucleotidase SurE	NODE_5_length_162390_cov_131.001288:c126224-125451	DOCPNFPP_01192

DiscRep_SUB:FEATURE_LOCATION_CONFLICT::Coding region xref gene does not exist
prokka_out/CA140717:CDS	Phosphoglycerate transporter protein	NODE_5_length_162390_cov_131.001288:126404-126838	DOCPNFPP_01193

DiscRep_SUB:FEATURE_LOCATION_CONFLICT::Coding region xref gene does not exist
prokka_out/CA140717:CDS	Phosphoglycerate transporter protein	NODE_5_length_162390_cov_131.001288:126952-127332	DOCPNFPP_01194

DiscRep_SUB:FEATURE_LOCATION_CONFLICT::Coding region xref gene does not exist
prokka_out/CA140717:CDS	Phosphoglycerate transporter protein	NODE_5_length_162390_cov_131.001288:127396-127638	DOCPNFPP_01195

DiscRep_SUB:FEATURE_LOCATION_CONFLICT::Coding region xref gene does not exist
prokka_out/CA140717:CDS	hypothetical protein	NODE_5_length_162390_cov_131.001288:127751-128527	DOCPNFPP_01196

DiscRep_SUB:FEATURE_LOCATION_CONFLICT::Coding region xref gene does not exist
prokka_out/CA140717:CDS	Cytolethal distending toxin subunit B	NODE_5_length_162390_cov_131.001288:128552-129355	DOCPNFPP_01197

DiscRep_SUB:FEATURE_LOCATION_CONFLICT::Coding region xref gene does not exist
prokka_out/CA140717:CDS	hypothetical protein	NODE_5_length_162390_cov_131.001288:129365-129742	DOCPNFPP_01198

DiscRep_SUB:FEATURE_LOCATION_CONFLICT::Coding region xref gene does not exist
prokka_out/CA140717:CDS	hypothetical protein	NODE_5_length_162390_cov_131.001288:129739-129936	DOCPNFPP_01199

DiscRep_SUB:FEATURE_LOCATION_CONFLICT::Coding region xref gene does not exist
prokka_out/CA140717:CDS	Zinc transporter ZupT	NODE_5_length_162390_cov_131.001288:c130874-129990	DOCPNFPP_01200

DiscRep_SUB:FEATURE_LOCATION_CONFLICT::Coding region xref gene does not exist
prokka_out/CA140717:CDS	Lipid-A-disaccharide synthase	NODE_5_length_162390_cov_131.001288:131013-132104	DOCPNFPP_01201

DiscRep_SUB:FEATURE_LOCATION_CONFLICT::Coding region xref gene does not exist
prokka_out/CA140717:CDS	Transcription elongation factor GreA	NODE_5_length_162390_cov_131.001288:132122-132607	DOCPNFPP_01202

DiscRep_SUB:FEATURE_LOCATION_CONFLICT::Coding region xref gene does not exist
prokka_out/CA140717:CDS	hypothetical protein	NODE_5_length_162390_cov_131.001288:132740-133375	DOCPNFPP_01203

DiscRep_SUB:FEATURE_LOCATION_CONFLICT::Coding region xref gene does not exist
prokka_out/CA140717:CDS	Chemotaxis protein CheV	NODE_5_length_162390_cov_131.001288:133368-134324	DOCPNFPP_01204

DiscRep_SUB:FEATURE_LOCATION_CONFLICT::Coding region xref gene does not exist
prokka_out/CA140717:CDS	Sensor histidine kinase RcsC	NODE_5_length_162390_cov_131.001288:134328-136622	DOCPNFPP_01205

DiscRep_SUB:FEATURE_LOCATION_CONFLICT::Coding region xref gene does not exist
prokka_out/CA140717:CDS	Chemotaxis protein CheW	NODE_5_length_162390_cov_131.001288:136627-137148	DOCPNFPP_01206

DiscRep_SUB:FEATURE_LOCATION_CONFLICT::Coding region xref gene does not exist
prokka_out/CA140717:CDS	Phosphoserine phosphatase	NODE_5_length_162390_cov_131.001288:137148-137771	DOCPNFPP_01207

DiscRep_SUB:FEATURE_LOCATION_CONFLICT::Coding region xref gene does not exist
prokka_out/CA140717:CDS	Transaldolase	NODE_5_length_162390_cov_131.001288:137773-138759	DOCPNFPP_01208

DiscRep_SUB:FEATURE_LOCATION_CONFLICT::Coding region xref gene does not exist
prokka_out/CA140717:CDS	hypothetical protein	NODE_5_length_162390_cov_131.001288:c139178-138756	DOCPNFPP_01209

DiscRep_SUB:FEATURE_LOCATION_CONFLICT::Coding region xref gene does not exist
prokka_out/CA140717:CDS	Carbamoyl-phosphate synthase large chain	NODE_5_length_162390_cov_131.001288:c142444-139175	DOCPNFPP_01210

DiscRep_SUB:FEATURE_LOCATION_CONFLICT::Coding region xref gene does not exist
prokka_out/CA140717:CDS	hypothetical protein	NODE_5_length_162390_cov_131.001288:142551-142805	DOCPNFPP_01211

DiscRep_SUB:FEATURE_LOCATION_CONFLICT::Coding region xref gene does not exist
prokka_out/CA140717:CDS	hypothetical protein	NODE_5_length_162390_cov_131.001288:142793-143509	DOCPNFPP_01212

DiscRep_SUB:FEATURE_LOCATION_CONFLICT::Coding region xref gene does not exist
prokka_out/CA140717:CDS	hypothetical protein	NODE_5_length_162390_cov_131.001288:c144280-143714	DOCPNFPP_01213

DiscRep_SUB:FEATURE_LOCATION_CONFLICT::Coding region xref gene does not exist
prokka_out/CA140717:CDS	2-methylcitrate dehydratase	NODE_5_length_162390_cov_131.001288:c146002-144548	DOCPNFPP_01214

DiscRep_SUB:FEATURE_LOCATION_CONFLICT::Coding region xref gene does not exist
prokka_out/CA140717:CDS	2-methylcitrate synthase	NODE_5_length_162390_cov_131.001288:c147139-146012	DOCPNFPP_01215

DiscRep_SUB:FEATURE_LOCATION_CONFLICT::Coding region xref gene does not exist
prokka_out/CA140717:CDS	2-methylisocitrate lyase	NODE_5_length_162390_cov_131.001288:c148011-147136	DOCPNFPP_01216

DiscRep_SUB:FEATURE_LOCATION_CONFLICT::Coding region xref gene does not exist
prokka_out/CA140717:CDS	Acetyl-coenzyme A synthetase	NODE_5_length_162390_cov_131.001288:c149918-148011	DOCPNFPP_01217

DiscRep_SUB:FEATURE_LOCATION_CONFLICT::Coding region xref gene does not exist
prokka_out/CA140717:CDS	hypothetical protein	NODE_5_length_162390_cov_131.001288:150166-151089	DOCPNFPP_01218

DiscRep_SUB:FEATURE_LOCATION_CONFLICT::Coding region xref gene does not exist
prokka_out/CA140717:CDS	hypothetical protein	NODE_5_length_162390_cov_131.001288:c151833-151084	DOCPNFPP_01219

DiscRep_SUB:FEATURE_LOCATION_CONFLICT::Coding region xref gene does not exist
prokka_out/CA140717:CDS	Cell shape-determining protein MreB	NODE_5_length_162390_cov_131.001288:c152863-151823	DOCPNFPP_01220

DiscRep_SUB:FEATURE_LOCATION_CONFLICT::Coding region xref gene does not exist
prokka_out/CA140717:CDS	ATP-dependent Clp protease ATP-binding subunit ClpX	NODE_5_length_162390_cov_131.001288:c154100-152877	DOCPNFPP_01221

DiscRep_SUB:FEATURE_LOCATION_CONFLICT::Coding region xref gene does not exist
prokka_out/CA140717:CDS	Acyl-[acyl-carrier-protein]--UDP-N-acetylglucosamine O-acyltransferase	NODE_5_length_162390_cov_131.001288:c154884-154093	DOCPNFPP_01222

DiscRep_SUB:FEATURE_LOCATION_CONFLICT::Coding region xref gene does not exist
prokka_out/CA140717:CDS	3-hydroxyacyl-[acyl-carrier-protein] dehydratase FabZ	NODE_5_length_162390_cov_131.001288:c155335-154895	DOCPNFPP_01223

DiscRep_SUB:FEATURE_LOCATION_CONFLICT::Coding region xref gene does not exist
prokka_out/CA140717:CDS	Epoxyqueuosine reductase QueH	NODE_5_length_162390_cov_131.001288:c156541-155450	DOCPNFPP_01224

DiscRep_SUB:FEATURE_LOCATION_CONFLICT::Coding region xref gene does not exist
prokka_out/CA140717:CDS	Putative peroxiredoxin bcp	NODE_5_length_162390_cov_131.001288:c156999-156541	DOCPNFPP_01225

DiscRep_SUB:FEATURE_LOCATION_CONFLICT::Coding region xref gene does not exist
prokka_out/CA140717:CDS	putative tautomerase	NODE_5_length_162390_cov_131.001288:c157202-156996	DOCPNFPP_01226

DiscRep_SUB:FEATURE_LOCATION_CONFLICT::Coding region xref gene does not exist
prokka_out/CA140717:CDS	Branched-chain-amino-acid aminotransferase	NODE_5_length_162390_cov_131.001288:157529-158443	DOCPNFPP_01227

DiscRep_SUB:FEATURE_LOCATION_CONFLICT::Coding region xref gene does not exist
prokka_out/CA140717:CDS	hypothetical protein	NODE_5_length_162390_cov_131.001288:158459-159541	DOCPNFPP_01228

DiscRep_SUB:FEATURE_LOCATION_CONFLICT::Coding region xref gene does not exist
prokka_out/CA140717:CDS	hypothetical protein	NODE_5_length_162390_cov_131.001288:159552-160082	DOCPNFPP_01229

DiscRep_SUB:FEATURE_LOCATION_CONFLICT::Coding region xref gene does not exist
prokka_out/CA140717:CDS	hypothetical protein	NODE_5_length_162390_cov_131.001288:160082-160591	DOCPNFPP_01230

DiscRep_SUB:FEATURE_LOCATION_CONFLICT::Coding region xref gene does not exist
prokka_out/CA140717:CDS	hypothetical protein	NODE_6_length_129369_cov_135.307400:1566-2420	DOCPNFPP_01231

DiscRep_SUB:FEATURE_LOCATION_CONFLICT::Coding region xref gene does not exist
prokka_out/CA140717:CDS	Vitamin B12 import ATP-binding protein BtuD	NODE_6_length_129369_cov_135.307400:2433-3287	DOCPNFPP_01232

DiscRep_SUB:FEATURE_LOCATION_CONFLICT::Coding region xref gene does not exist
prokka_out/CA140717:CDS	High-affinity zinc uptake system membrane protein ZnuB	NODE_6_length_129369_cov_135.307400:3280-4086	DOCPNFPP_01233

DiscRep_SUB:FEATURE_LOCATION_CONFLICT::Coding region xref gene does not exist
prokka_out/CA140717:CDS	hypothetical protein	NODE_6_length_129369_cov_135.307400:c6026-4329	DOCPNFPP_01234

DiscRep_SUB:FEATURE_LOCATION_CONFLICT::Coding region xref gene does not exist
prokka_out/CA140717:CDS	hypothetical protein	NODE_6_length_129369_cov_135.307400:c6463-6083	DOCPNFPP_01235

DiscRep_SUB:FEATURE_LOCATION_CONFLICT::Coding region xref gene does not exist
prokka_out/CA140717:CDS	hypothetical protein	NODE_6_length_129369_cov_135.307400:c6822-6535	DOCPNFPP_01236

DiscRep_SUB:FEATURE_LOCATION_CONFLICT::Coding region xref gene does not exist
prokka_out/CA140717:CDS	Ribosome maturation factor RimP	NODE_6_length_129369_cov_135.307400:c7339-6896	DOCPNFPP_01237

DiscRep_SUB:FEATURE_LOCATION_CONFLICT::Coding region xref gene does not exist
prokka_out/CA140717:CDS	Ribosome-binding factor A	NODE_6_length_129369_cov_135.307400:c7691-7329	DOCPNFPP_01238

DiscRep_SUB:FEATURE_LOCATION_CONFLICT::Coding region xref gene does not exist
prokka_out/CA140717:CDS	Translation initiation factor IF-2	NODE_6_length_129369_cov_135.307400:c10258-7688	DOCPNFPP_01239

DiscRep_SUB:FEATURE_LOCATION_CONFLICT::Coding region xref gene does not exist
prokka_out/CA140717:CDS	hypothetical protein	NODE_6_length_129369_cov_135.307400:c10538-10245	DOCPNFPP_01240

DiscRep_SUB:FEATURE_LOCATION_CONFLICT::Coding region xref gene does not exist
prokka_out/CA140717:CDS	Homoserine kinase	NODE_6_length_129369_cov_135.307400:c11410-10532	DOCPNFPP_01241

DiscRep_SUB:FEATURE_LOCATION_CONFLICT::Coding region xref gene does not exist
prokka_out/CA140717:CDS	hypothetical protein	NODE_6_length_129369_cov_135.307400:c11829-11428	DOCPNFPP_01242

DiscRep_SUB:FEATURE_LOCATION_CONFLICT::Coding region xref gene does not exist
prokka_out/CA140717:CDS	UDP-3-O-acyl-N-acetylglucosamine deacetylase	NODE_6_length_129369_cov_135.307400:c12752-11868	DOCPNFPP_01243

DiscRep_SUB:FEATURE_LOCATION_CONFLICT::Coding region xref gene does not exist
prokka_out/CA140717:CDS	hypothetical protein	NODE_6_length_129369_cov_135.307400:c14125-12752	DOCPNFPP_01244

DiscRep_SUB:FEATURE_LOCATION_CONFLICT::Coding region xref gene does not exist
prokka_out/CA140717:CDS	Cyclohexadienyl dehydrogenase	NODE_6_length_129369_cov_135.307400:c15050-14223	DOCPNFPP_01245

DiscRep_SUB:FEATURE_LOCATION_CONFLICT::Coding region xref gene does not exist
prokka_out/CA140717:CDS	Outer membrane protein assembly factor BamA	NODE_6_length_129369_cov_135.307400:15126-17342	DOCPNFPP_01246

DiscRep_SUB:FEATURE_LOCATION_CONFLICT::Coding region xref gene does not exist
prokka_out/CA140717:CDS	hypothetical protein	NODE_6_length_129369_cov_135.307400:17342-18058	DOCPNFPP_01247

DiscRep_SUB:FEATURE_LOCATION_CONFLICT::Coding region xref gene does not exist
prokka_out/CA140717:CDS	Acetyl-coenzyme A carboxylase carboxyl transferase subunit beta	NODE_6_length_129369_cov_135.307400:18073-18915	DOCPNFPP_01248

DiscRep_SUB:FEATURE_LOCATION_CONFLICT::Coding region xref gene does not exist
prokka_out/CA140717:CDS	Ribosomal RNA large subunit methyltransferase H	NODE_6_length_129369_cov_135.307400:18917-19366	DOCPNFPP_01249

DiscRep_SUB:FEATURE_LOCATION_CONFLICT::Coding region xref gene does not exist
prokka_out/CA140717:CDS	RNA polymerase-binding transcription factor DksA	NODE_6_length_129369_cov_135.307400:19378-19731	DOCPNFPP_01250

DiscRep_SUB:FEATURE_LOCATION_CONFLICT::Coding region xref gene does not exist
prokka_out/CA140717:CDS	hypothetical protein	NODE_6_length_129369_cov_135.307400:19728-20714	DOCPNFPP_01251

DiscRep_SUB:FEATURE_LOCATION_CONFLICT::Coding region xref gene does not exist
prokka_out/CA140717:CDS	tRNA-dihydrouridine synthase B	NODE_6_length_129369_cov_135.307400:20711-21637	DOCPNFPP_01252

DiscRep_SUB:FEATURE_LOCATION_CONFLICT::Coding region xref gene does not exist
prokka_out/CA140717:CDS	hypothetical protein	NODE_6_length_129369_cov_135.307400:c22896-21658	DOCPNFPP_01253

DiscRep_SUB:FEATURE_LOCATION_CONFLICT::Coding region xref gene does not exist
prokka_out/CA140717:CDS	hypothetical protein	NODE_6_length_129369_cov_135.307400:c23624-22932	DOCPNFPP_01254

DiscRep_SUB:FEATURE_LOCATION_CONFLICT::Coding region xref gene does not exist
prokka_out/CA140717:CDS	Endoribonuclease YbeY	NODE_6_length_129369_cov_135.307400:c24154-23747	DOCPNFPP_01255

DiscRep_SUB:FEATURE_LOCATION_CONFLICT::Coding region xref gene does not exist
prokka_out/CA140717:CDS	hypothetical protein	NODE_6_length_129369_cov_135.307400:c24765-24151	DOCPNFPP_01256

DiscRep_SUB:FEATURE_LOCATION_CONFLICT::Coding region xref gene does not exist
prokka_out/CA140717:CDS	hypothetical protein	NODE_6_length_129369_cov_135.307400:c25286-24765	DOCPNFPP_01257

DiscRep_SUB:FEATURE_LOCATION_CONFLICT::Coding region xref gene does not exist
prokka_out/CA140717:CDS	tRNA-cytidine(32) 2-sulfurtransferase	NODE_6_length_129369_cov_135.307400:c26046-25291	DOCPNFPP_01258

DiscRep_SUB:FEATURE_LOCATION_CONFLICT::Coding region xref gene does not exist
prokka_out/CA140717:CDS	Aminodeoxyfutalosine nucleosidase	NODE_6_length_129369_cov_135.307400:c26729-26043	DOCPNFPP_01259

DiscRep_SUB:FEATURE_LOCATION_CONFLICT::Coding region xref gene does not exist
prokka_out/CA140717:CDS	Malonyl CoA-acyl carrier protein transacylase	NODE_6_length_129369_cov_135.307400:c27704-26730	DOCPNFPP_01260

DiscRep_SUB:FEATURE_LOCATION_CONFLICT::Coding region xref gene does not exist
prokka_out/CA140717:CDS	hypothetical protein	NODE_6_length_129369_cov_135.307400:c28224-27652	DOCPNFPP_01261

DiscRep_SUB:FEATURE_LOCATION_CONFLICT::Coding region xref gene does not exist
prokka_out/CA140717:CDS	Cell division coordinator CpoB	NODE_6_length_129369_cov_135.307400:c29193-28240	DOCPNFPP_01262

DiscRep_SUB:FEATURE_LOCATION_CONFLICT::Coding region xref gene does not exist
prokka_out/CA140717:CDS	Peptidoglycan-associated lipoprotein	NODE_6_length_129369_cov_135.307400:c29694-29197	DOCPNFPP_01263

DiscRep_SUB:FEATURE_LOCATION_CONFLICT::Coding region xref gene does not exist
prokka_out/CA140717:CDS	Tol-Pal system protein TolB	NODE_6_length_129369_cov_135.307400:c30982-29771	DOCPNFPP_01264

DiscRep_SUB:FEATURE_LOCATION_CONFLICT::Coding region xref gene does not exist
prokka_out/CA140717:CDS	hypothetical protein	NODE_6_length_129369_cov_135.307400:c31772-30996	DOCPNFPP_01265

DiscRep_SUB:FEATURE_LOCATION_CONFLICT::Coding region xref gene does not exist
prokka_out/CA140717:CDS	Biopolymer transport protein ExbD	NODE_6_length_129369_cov_135.307400:c32165-31776	DOCPNFPP_01266

DiscRep_SUB:FEATURE_LOCATION_CONFLICT::Coding region xref gene does not exist
prokka_out/CA140717:CDS	Tol-Pal system protein TolQ	NODE_6_length_129369_cov_135.307400:c32730-32176	DOCPNFPP_01267

DiscRep_SUB:FEATURE_LOCATION_CONFLICT::Coding region xref gene does not exist
prokka_out/CA140717:CDS	ATP synthase epsilon chain	NODE_6_length_129369_cov_135.307400:c33120-32731	DOCPNFPP_01268

DiscRep_SUB:FEATURE_LOCATION_CONFLICT::Coding region xref gene does not exist
prokka_out/CA140717:CDS	ATP synthase subunit beta	NODE_6_length_129369_cov_135.307400:c34521-33124	DOCPNFPP_01269

DiscRep_SUB:FEATURE_LOCATION_CONFLICT::Coding region xref gene does not exist
prokka_out/CA140717:CDS	ATP synthase gamma chain, sodium ion specific	NODE_6_length_129369_cov_135.307400:c35432-34548	DOCPNFPP_01270

DiscRep_SUB:FEATURE_LOCATION_CONFLICT::Coding region xref gene does not exist
prokka_out/CA140717:CDS	ATP synthase subunit alpha	NODE_6_length_129369_cov_135.307400:c36947-35442	DOCPNFPP_01271

DiscRep_SUB:FEATURE_LOCATION_CONFLICT::Coding region xref gene does not exist
prokka_out/CA140717:CDS	ATP synthase subunit delta	NODE_6_length_129369_cov_135.307400:c37481-36960	DOCPNFPP_01272

DiscRep_SUB:FEATURE_LOCATION_CONFLICT::Coding region xref gene does not exist
prokka_out/CA140717:CDS	ATP synthase subunit b	NODE_6_length_129369_cov_135.307400:c37993-37481	DOCPNFPP_01273

DiscRep_SUB:FEATURE_LOCATION_CONFLICT::Coding region xref gene does not exist
prokka_out/CA140717:CDS	ATP synthase subunit b'	NODE_6_length_129369_cov_135.307400:c38431-38006	DOCPNFPP_01274

DiscRep_SUB:FEATURE_LOCATION_CONFLICT::Coding region xref gene does not exist
prokka_out/CA140717:CDS	putative chromosome-partitioning protein ParB	NODE_6_length_129369_cov_135.307400:c39326-38490	DOCPNFPP_01275

DiscRep_SUB:FEATURE_LOCATION_CONFLICT::Coding region xref gene does not exist
prokka_out/CA140717:CDS	Sporulation initiation inhibitor protein Soj	NODE_6_length_129369_cov_135.307400:c40116-39331	DOCPNFPP_01276

DiscRep_SUB:FEATURE_LOCATION_CONFLICT::Coding region xref gene does not exist
prokka_out/CA140717:CDS	Bifunctional ligase/repressor BirA	NODE_6_length_129369_cov_135.307400:c40766-40113	DOCPNFPP_01277

DiscRep_SUB:FEATURE_LOCATION_CONFLICT::Coding region xref gene does not exist
prokka_out/CA140717:CDS	Methionyl-tRNA formyltransferase	NODE_6_length_129369_cov_135.307400:c41649-40729	DOCPNFPP_01278

DiscRep_SUB:FEATURE_LOCATION_CONFLICT::Coding region xref gene does not exist
prokka_out/CA140717:CDS	hypothetical protein	NODE_6_length_129369_cov_135.307400:c42823-42095	DOCPNFPP_01279

DiscRep_SUB:FEATURE_LOCATION_CONFLICT::Coding region xref gene does not exist
prokka_out/CA140717:CDS	hypothetical protein	NODE_6_length_129369_cov_135.307400:c43011-42877	DOCPNFPP_01280

DiscRep_SUB:FEATURE_LOCATION_CONFLICT::Coding region xref gene does not exist
prokka_out/CA140717:CDS	Glutamate 5-kinase	NODE_6_length_129369_cov_135.307400:c43845-43090	DOCPNFPP_01281

DiscRep_SUB:FEATURE_LOCATION_CONFLICT::Coding region xref gene does not exist
prokka_out/CA140717:CDS	DNA ligase	NODE_6_length_129369_cov_135.307400:c45373-44534	DOCPNFPP_01287

DiscRep_SUB:FEATURE_LOCATION_CONFLICT::Coding region xref gene does not exist
prokka_out/CA140717:CDS	hypothetical protein	NODE_6_length_129369_cov_135.307400:c46035-45373	DOCPNFPP_01288

DiscRep_SUB:FEATURE_LOCATION_CONFLICT::Coding region xref gene does not exist
prokka_out/CA140717:CDS	hypothetical protein	NODE_6_length_129369_cov_135.307400:c46228-46025	DOCPNFPP_01289

DiscRep_SUB:FEATURE_LOCATION_CONFLICT::Coding region xref gene does not exist
prokka_out/CA140717:CDS	Enolase	NODE_6_length_129369_cov_135.307400:c47538-46294	DOCPNFPP_01290

DiscRep_SUB:FEATURE_LOCATION_CONFLICT::Coding region xref gene does not exist
prokka_out/CA140717:CDS	Protein RecA	NODE_6_length_129369_cov_135.307400:c48569-47538	DOCPNFPP_01291

DiscRep_SUB:FEATURE_LOCATION_CONFLICT::Coding region xref gene does not exist
prokka_out/CA140717:CDS	1,4-dihydroxy-6-naphtoate synthase	NODE_6_length_129369_cov_135.307400:48679-49542	DOCPNFPP_01292

DiscRep_SUB:FEATURE_LOCATION_CONFLICT::Coding region xref gene does not exist
prokka_out/CA140717:CDS	Flagellar biosynthetic protein FliQ	NODE_6_length_129369_cov_135.307400:49554-49823	DOCPNFPP_01293

DiscRep_SUB:FEATURE_LOCATION_CONFLICT::Coding region xref gene does not exist
prokka_out/CA140717:CDS	UDP-N-acetylenolpyruvoylglucosamine reductase	NODE_6_length_129369_cov_135.307400:49820-50596	DOCPNFPP_01294

DiscRep_SUB:FEATURE_LOCATION_CONFLICT::Coding region xref gene does not exist
prokka_out/CA140717:CDS	hypothetical protein	NODE_6_length_129369_cov_135.307400:50705-50878	DOCPNFPP_01295

DiscRep_SUB:FEATURE_LOCATION_CONFLICT::Coding region xref gene does not exist
prokka_out/CA140717:CDS	hypothetical protein	NODE_6_length_129369_cov_135.307400:c51644-50883	DOCPNFPP_01296

DiscRep_SUB:FEATURE_LOCATION_CONFLICT::Coding region xref gene does not exist
prokka_out/CA140717:CDS	3'(2'),5'-bisphosphate nucleotidase CysQ	NODE_6_length_129369_cov_135.307400:c52445-51681	DOCPNFPP_01297

DiscRep_SUB:FEATURE_LOCATION_CONFLICT::Coding region xref gene does not exist
prokka_out/CA140717:CDS	Citrate synthase	NODE_6_length_129369_cov_135.307400:c53787-52519	DOCPNFPP_01298

DiscRep_SUB:FEATURE_LOCATION_CONFLICT::Coding region xref gene does not exist
prokka_out/CA140717:CDS	hypothetical protein	NODE_6_length_129369_cov_135.307400:c55092-53917	DOCPNFPP_01299

DiscRep_SUB:FEATURE_LOCATION_CONFLICT::Coding region xref gene does not exist
prokka_out/CA140717:CDS	Biotin synthase	NODE_6_length_129369_cov_135.307400:c55909-55073	DOCPNFPP_01300

DiscRep_SUB:FEATURE_LOCATION_CONFLICT::Coding region xref gene does not exist
prokka_out/CA140717:CDS	DNA topoisomerase 1	NODE_6_length_129369_cov_135.307400:c58014-55912	DOCPNFPP_01301

DiscRep_SUB:FEATURE_LOCATION_CONFLICT::Coding region xref gene does not exist
prokka_out/CA140717:CDS	hypothetical protein	NODE_6_length_129369_cov_135.307400:58243-59502	DOCPNFPP_01302

DiscRep_SUB:FEATURE_LOCATION_CONFLICT::Coding region xref gene does not exist
prokka_out/CA140717:CDS	Protein translocase subunit SecY	NODE_6_length_129369_cov_135.307400:c60829-59564	DOCPNFPP_01303

DiscRep_SUB:FEATURE_LOCATION_CONFLICT::Coding region xref gene does not exist
prokka_out/CA140717:CDS	50S ribosomal protein L15	NODE_6_length_129369_cov_135.307400:c61221-60829	DOCPNFPP_01304

DiscRep_SUB:FEATURE_LOCATION_CONFLICT::Coding region xref gene does not exist
prokka_out/CA140717:CDS	30S ribosomal protein S5	NODE_6_length_129369_cov_135.307400:c61669-61226	DOCPNFPP_01305

DiscRep_SUB:FEATURE_LOCATION_CONFLICT::Coding region xref gene does not exist
prokka_out/CA140717:CDS	50S ribosomal protein L18	NODE_6_length_129369_cov_135.307400:c62037-61681	DOCPNFPP_01306

DiscRep_SUB:FEATURE_LOCATION_CONFLICT::Coding region xref gene does not exist
prokka_out/CA140717:CDS	50S ribosomal protein L6	NODE_6_length_129369_cov_135.307400:c62583-62047	DOCPNFPP_01307

DiscRep_SUB:FEATURE_LOCATION_CONFLICT::Coding region xref gene does not exist
prokka_out/CA140717:CDS	30S ribosomal protein S8	NODE_6_length_129369_cov_135.307400:c63056-62661	DOCPNFPP_01308

DiscRep_SUB:FEATURE_LOCATION_CONFLICT::Coding region xref gene does not exist
prokka_out/CA140717:CDS	30S ribosomal protein S14 type Z	NODE_6_length_129369_cov_135.307400:c63251-63066	DOCPNFPP_01309

DiscRep_SUB:FEATURE_LOCATION_CONFLICT::Coding region xref gene does not exist
prokka_out/CA140717:CDS	50S ribosomal protein L5	NODE_6_length_129369_cov_135.307400:c63795-63253	DOCPNFPP_01310

DiscRep_SUB:FEATURE_LOCATION_CONFLICT::Coding region xref gene does not exist
prokka_out/CA140717:CDS	50S ribosomal protein L24	NODE_6_length_129369_cov_135.307400:c64035-63802	DOCPNFPP_01311

DiscRep_SUB:FEATURE_LOCATION_CONFLICT::Coding region xref gene does not exist
prokka_out/CA140717:CDS	50S ribosomal protein L14	NODE_6_length_129369_cov_135.307400:c64403-64035	DOCPNFPP_01312

DiscRep_SUB:FEATURE_LOCATION_CONFLICT::Coding region xref gene does not exist
prokka_out/CA140717:CDS	30S ribosomal protein S17	NODE_6_length_129369_cov_135.307400:c64654-64403	DOCPNFPP_01313

DiscRep_SUB:FEATURE_LOCATION_CONFLICT::Coding region xref gene does not exist
prokka_out/CA140717:CDS	hypothetical protein	NODE_6_length_129369_cov_135.307400:c64849-64664	DOCPNFPP_01314

DiscRep_SUB:FEATURE_LOCATION_CONFLICT::Coding region xref gene does not exist
prokka_out/CA140717:CDS	50S ribosomal protein L16	NODE_6_length_129369_cov_135.307400:c65261-64836	DOCPNFPP_01315

DiscRep_SUB:FEATURE_LOCATION_CONFLICT::Coding region xref gene does not exist
prokka_out/CA140717:CDS	30S ribosomal protein S3	NODE_6_length_129369_cov_135.307400:c65965-65264	DOCPNFPP_01316

DiscRep_SUB:FEATURE_LOCATION_CONFLICT::Coding region xref gene does not exist
prokka_out/CA140717:CDS	hypothetical protein	NODE_6_length_129369_cov_135.307400:c66372-65965	DOCPNFPP_01317

DiscRep_SUB:FEATURE_LOCATION_CONFLICT::Coding region xref gene does not exist
prokka_out/CA140717:CDS	30S ribosomal protein S19	NODE_6_length_129369_cov_135.307400:c66664-66383	DOCPNFPP_01318

DiscRep_SUB:FEATURE_LOCATION_CONFLICT::Coding region xref gene does not exist
prokka_out/CA140717:CDS	50S ribosomal protein L2	NODE_6_length_129369_cov_135.307400:c67496-66666	DOCPNFPP_01319

DiscRep_SUB:FEATURE_LOCATION_CONFLICT::Coding region xref gene does not exist
prokka_out/CA140717:CDS	50S ribosomal protein L23	NODE_6_length_129369_cov_135.307400:c67779-67498	DOCPNFPP_01320

DiscRep_SUB:FEATURE_LOCATION_CONFLICT::Coding region xref gene does not exist
prokka_out/CA140717:CDS	50S ribosomal protein L4	NODE_6_length_129369_cov_135.307400:c68396-67782	DOCPNFPP_01321

DiscRep_SUB:FEATURE_LOCATION_CONFLICT::Coding region xref gene does not exist
prokka_out/CA140717:CDS	hypothetical protein	NODE_6_length_129369_cov_135.307400:c68968-68393	DOCPNFPP_01322

DiscRep_SUB:FEATURE_LOCATION_CONFLICT::Coding region xref gene does not exist
prokka_out/CA140717:CDS	30S ribosomal protein S10	NODE_6_length_129369_cov_135.307400:c69289-68978	DOCPNFPP_01323

DiscRep_SUB:FEATURE_LOCATION_CONFLICT::Coding region xref gene does not exist
prokka_out/CA140717:CDS	Ribosomal large subunit pseudouridine synthase B	NODE_6_length_129369_cov_135.307400:c70248-69487	DOCPNFPP_01324

DiscRep_SUB:FEATURE_LOCATION_CONFLICT::Coding region xref gene does not exist
prokka_out/CA140717:CDS	Ribonuclease J	NODE_6_length_129369_cov_135.307400:c72320-70290	DOCPNFPP_01325

DiscRep_SUB:FEATURE_LOCATION_CONFLICT::Coding region xref gene does not exist
prokka_out/CA140717:CDS	Ribosomal RNA small subunit methyltransferase A	NODE_6_length_129369_cov_135.307400:c73089-72295	DOCPNFPP_01326

DiscRep_SUB:FEATURE_LOCATION_CONFLICT::Coding region xref gene does not exist
prokka_out/CA140717:CDS	hypothetical protein	NODE_6_length_129369_cov_135.307400:73174-73710	DOCPNFPP_01327

DiscRep_SUB:FEATURE_LOCATION_CONFLICT::Coding region xref gene does not exist
prokka_out/CA140717:CDS	putative dual-specificity RNA methyltransferase RlmN	NODE_6_length_129369_cov_135.307400:73730-74800	DOCPNFPP_01328

DiscRep_SUB:FEATURE_LOCATION_CONFLICT::Coding region xref gene does not exist
prokka_out/CA140717:CDS	hypothetical protein	NODE_6_length_129369_cov_135.307400:74797-74901	DOCPNFPP_01329

DiscRep_SUB:FEATURE_LOCATION_CONFLICT::Coding region xref gene does not exist
prokka_out/CA140717:CDS	hypothetical protein	NODE_6_length_129369_cov_135.307400:75608-76177	DOCPNFPP_01332

DiscRep_SUB:FEATURE_LOCATION_CONFLICT::Coding region xref gene does not exist
prokka_out/CA140717:CDS	hypothetical protein	NODE_6_length_129369_cov_135.307400:76159-76572	DOCPNFPP_01333

DiscRep_SUB:FEATURE_LOCATION_CONFLICT::Coding region xref gene does not exist
prokka_out/CA140717:CDS	hypothetical protein	NODE_6_length_129369_cov_135.307400:77064-77594	DOCPNFPP_01336

DiscRep_SUB:FEATURE_LOCATION_CONFLICT::Coding region xref gene does not exist
prokka_out/CA140717:CDS	3-isopropylmalate dehydratase small subunit 1	NODE_6_length_129369_cov_135.307400:c78176-77574	DOCPNFPP_01337

DiscRep_SUB:FEATURE_LOCATION_CONFLICT::Coding region xref gene does not exist
prokka_out/CA140717:CDS	3-isopropylmalate dehydratase large subunit	NODE_6_length_129369_cov_135.307400:c79584-78178	DOCPNFPP_01338

DiscRep_SUB:FEATURE_LOCATION_CONFLICT::Coding region xref gene does not exist
prokka_out/CA140717:CDS	3-isopropylmalate dehydrogenase	NODE_6_length_129369_cov_135.307400:c80653-79577	DOCPNFPP_01339

DiscRep_SUB:FEATURE_LOCATION_CONFLICT::Coding region xref gene does not exist
prokka_out/CA140717:CDS	2-isopropylmalate synthase	NODE_6_length_129369_cov_135.307400:c82185-80650	DOCPNFPP_01340

DiscRep_SUB:FEATURE_LOCATION_CONFLICT::Coding region xref gene does not exist
prokka_out/CA140717:CDS	hypothetical protein	NODE_6_length_129369_cov_135.307400:82538-83167	DOCPNFPP_01341

DiscRep_SUB:FEATURE_LOCATION_CONFLICT::Coding region xref gene does not exist
prokka_out/CA140717:CDS	hypothetical protein	NODE_6_length_129369_cov_135.307400:c83835-83191	DOCPNFPP_01342

DiscRep_SUB:FEATURE_LOCATION_CONFLICT::Coding region xref gene does not exist
prokka_out/CA140717:CDS	hypothetical protein	NODE_6_length_129369_cov_135.307400:c84575-84249	DOCPNFPP_01343

DiscRep_SUB:FEATURE_LOCATION_CONFLICT::Coding region xref gene does not exist
prokka_out/CA140717:CDS	NADPH-dependent 7-cyano-7-deazaguanine reductase	NODE_6_length_129369_cov_135.307400:c85144-84761	DOCPNFPP_01344

DiscRep_SUB:FEATURE_LOCATION_CONFLICT::Coding region xref gene does not exist
prokka_out/CA140717:CDS	hypothetical protein	NODE_6_length_129369_cov_135.307400:85305-85904	DOCPNFPP_01345

DiscRep_SUB:FEATURE_LOCATION_CONFLICT::Coding region xref gene does not exist
prokka_out/CA140717:CDS	Homoserine O-acetyltransferase 1	NODE_6_length_129369_cov_135.307400:c86790-85909	DOCPNFPP_01346

DiscRep_SUB:FEATURE_LOCATION_CONFLICT::Coding region xref gene does not exist
prokka_out/CA140717:CDS	Putative sulfur carrier protein YeeD	NODE_6_length_129369_cov_135.307400:c87022-86801	DOCPNFPP_01347

DiscRep_SUB:FEATURE_LOCATION_CONFLICT::Coding region xref gene does not exist
prokka_out/CA140717:CDS	hypothetical protein	NODE_6_length_129369_cov_135.307400:c88066-87032	DOCPNFPP_01348

DiscRep_SUB:FEATURE_LOCATION_CONFLICT::Coding region xref gene does not exist
prokka_out/CA140717:CDS	O-acetyl-L-homoserine sulfhydrylase	NODE_6_length_129369_cov_135.307400:c89349-88078	DOCPNFPP_01349

DiscRep_SUB:FEATURE_LOCATION_CONFLICT::Coding region xref gene does not exist
prokka_out/CA140717:CDS	Flagellar hook protein FlgE	NODE_6_length_129369_cov_135.307400:c92339-89775	DOCPNFPP_01350

DiscRep_SUB:FEATURE_LOCATION_CONFLICT::Coding region xref gene does not exist
prokka_out/CA140717:CDS	Crossover junction endodeoxyribonuclease RuvC	NODE_6_length_129369_cov_135.307400:c93019-92543	DOCPNFPP_01351

DiscRep_SUB:FEATURE_LOCATION_CONFLICT::Coding region xref gene does not exist
prokka_out/CA140717:CDS	Chromosomal replication initiator protein DnaA	NODE_6_length_129369_cov_135.307400:93122-94444	DOCPNFPP_01352

DiscRep_SUB:FEATURE_LOCATION_CONFLICT::Coding region xref gene does not exist
prokka_out/CA140717:CDS	Beta sliding clamp	NODE_6_length_129369_cov_135.307400:94609-95676	DOCPNFPP_01353

DiscRep_SUB:FEATURE_LOCATION_CONFLICT::Coding region xref gene does not exist
prokka_out/CA140717:CDS	DNA gyrase subunit B	NODE_6_length_129369_cov_135.307400:95708-98020	DOCPNFPP_01354

DiscRep_SUB:FEATURE_LOCATION_CONFLICT::Coding region xref gene does not exist
prokka_out/CA140717:CDS	hypothetical protein	NODE_6_length_129369_cov_135.307400:98183-98560	DOCPNFPP_01355

DiscRep_SUB:FEATURE_LOCATION_CONFLICT::Coding region xref gene does not exist
prokka_out/CA140717:CDS	hypothetical protein	NODE_6_length_129369_cov_135.307400:98623-99585	DOCPNFPP_01356

DiscRep_SUB:FEATURE_LOCATION_CONFLICT::Coding region xref gene does not exist
prokka_out/CA140717:CDS	hypothetical protein	NODE_6_length_129369_cov_135.307400:99597-99761	DOCPNFPP_01357

DiscRep_SUB:FEATURE_LOCATION_CONFLICT::Coding region xref gene does not exist
prokka_out/CA140717:CDS	hypothetical protein	NODE_6_length_129369_cov_135.307400:99859-100158	DOCPNFPP_01358

DiscRep_SUB:FEATURE_LOCATION_CONFLICT::Coding region xref gene does not exist
prokka_out/CA140717:CDS	Cation/acetate symporter ActP	NODE_6_length_129369_cov_135.307400:c102060-100414	DOCPNFPP_01359

DiscRep_SUB:FEATURE_LOCATION_CONFLICT::Coding region xref gene does not exist
prokka_out/CA140717:CDS	hypothetical protein	NODE_6_length_129369_cov_135.307400:c102416-102057	DOCPNFPP_01360

DiscRep_SUB:FEATURE_LOCATION_CONFLICT::Coding region xref gene does not exist
prokka_out/CA140717:CDS	hypothetical protein	NODE_6_length_129369_cov_135.307400:102647-103948	DOCPNFPP_01361

DiscRep_SUB:FEATURE_LOCATION_CONFLICT::Coding region xref gene does not exist
prokka_out/CA140717:CDS	Ferredoxin-dependent glutamate synthase 1	NODE_6_length_129369_cov_135.307400:104082-108572	DOCPNFPP_01362

DiscRep_SUB:FEATURE_LOCATION_CONFLICT::Coding region xref gene does not exist
prokka_out/CA140717:CDS	Glutamate synthase [NADPH] small chain	NODE_6_length_129369_cov_135.307400:108582-110027	DOCPNFPP_01363

DiscRep_SUB:FEATURE_LOCATION_CONFLICT::Coding region xref gene does not exist
prokka_out/CA140717:CDS	Ribonuclease HII	NODE_6_length_129369_cov_135.307400:c110636-110028	DOCPNFPP_01364

DiscRep_SUB:FEATURE_LOCATION_CONFLICT::Coding region xref gene does not exist
prokka_out/CA140717:CDS	Rubrerythrin-1	NODE_6_length_129369_cov_135.307400:c111288-110641	DOCPNFPP_01365

DiscRep_SUB:FEATURE_LOCATION_CONFLICT::Coding region xref gene does not exist
prokka_out/CA140717:CDS	Dihydroxy-acid dehydratase	NODE_6_length_129369_cov_135.307400:111439-113115	DOCPNFPP_01366

DiscRep_SUB:FEATURE_LOCATION_CONFLICT::Coding region xref gene does not exist
prokka_out/CA140717:CDS	5'-deoxynucleotidase YfbR	NODE_6_length_129369_cov_135.307400:c114388-113162	DOCPNFPP_01367

DiscRep_SUB:FEATURE_LOCATION_CONFLICT::Coding region xref gene does not exist
prokka_out/CA140717:CDS	7-cyano-7-deazaguanine synthase	NODE_6_length_129369_cov_135.307400:114464-115138	DOCPNFPP_01368

DiscRep_SUB:FEATURE_LOCATION_CONFLICT::Coding region xref gene does not exist
prokka_out/CA140717:CDS	hypothetical protein	NODE_6_length_129369_cov_135.307400:c116676-115159	DOCPNFPP_01369

DiscRep_SUB:FEATURE_LOCATION_CONFLICT::Coding region xref gene does not exist
prokka_out/CA140717:CDS	hypothetical protein	NODE_6_length_129369_cov_135.307400:c116858-116691	DOCPNFPP_01370

DiscRep_SUB:FEATURE_LOCATION_CONFLICT::Coding region xref gene does not exist
prokka_out/CA140717:CDS	putative protein YisK	NODE_6_length_129369_cov_135.307400:c117772-116906	DOCPNFPP_01371

DiscRep_SUB:FEATURE_LOCATION_CONFLICT::Coding region xref gene does not exist
prokka_out/CA140717:CDS	putative RNA pseudouridine synthase	NODE_6_length_129369_cov_135.307400:c118828-117893	DOCPNFPP_01372

DiscRep_SUB:FEATURE_LOCATION_CONFLICT::Coding region xref gene does not exist
prokka_out/CA140717:CDS	Adenylosuccinate lyase	NODE_6_length_129369_cov_135.307400:118869-120197	DOCPNFPP_01373

DiscRep_SUB:FEATURE_LOCATION_CONFLICT::Coding region xref gene does not exist
prokka_out/CA140717:CDS	Ribonucleoside-diphosphate reductase 1 subunit alpha	NODE_6_length_129369_cov_135.307400:120212-122581	DOCPNFPP_01374

DiscRep_SUB:FEATURE_LOCATION_CONFLICT::Coding region xref gene does not exist
prokka_out/CA140717:CDS	L-cystine uptake protein TcyP	NODE_6_length_129369_cov_135.307400:c123998-122613	DOCPNFPP_01375

DiscRep_SUB:FEATURE_LOCATION_CONFLICT::Coding region xref gene does not exist
prokka_out/CA140717:CDS	Flavin-dependent thymidylate synthase	NODE_6_length_129369_cov_135.307400:c124739-124116	DOCPNFPP_01376

DiscRep_SUB:FEATURE_LOCATION_CONFLICT::Coding region xref gene does not exist
prokka_out/CA140717:CDS	CTP synthase	NODE_6_length_129369_cov_135.307400:124852-126486	DOCPNFPP_01377

DiscRep_SUB:FEATURE_LOCATION_CONFLICT::Coding region xref gene does not exist
prokka_out/CA140717:CDS	Single-stranded-DNA-specific exonuclease RecJ	NODE_6_length_129369_cov_135.307400:126473-128044	DOCPNFPP_01378

DiscRep_SUB:FEATURE_LOCATION_CONFLICT::Coding region xref gene does not exist
prokka_out/CA140717:CDS	L-asparaginase 2	NODE_6_length_129369_cov_135.307400:128181-129176	DOCPNFPP_01379

DiscRep_SUB:FEATURE_LOCATION_CONFLICT::RNA feature xref gene does not exist
prokka_out/CA140717:tRNA	Leu	NODE_6_length_129369_cov_135.307400:c44131-44047	DOCPNFPP_01282

DiscRep_SUB:FEATURE_LOCATION_CONFLICT::RNA feature xref gene does not exist
prokka_out/CA140717:tRNA	Arg	NODE_6_length_129369_cov_135.307400:c44213-44137	DOCPNFPP_01283

DiscRep_SUB:FEATURE_LOCATION_CONFLICT::RNA feature xref gene does not exist
prokka_out/CA140717:tRNA	Arg	NODE_6_length_129369_cov_135.307400:c44304-44228	DOCPNFPP_01284

DiscRep_SUB:FEATURE_LOCATION_CONFLICT::RNA feature xref gene does not exist
prokka_out/CA140717:tRNA	His	NODE_6_length_129369_cov_135.307400:c44385-44309	DOCPNFPP_01285

DiscRep_SUB:FEATURE_LOCATION_CONFLICT::RNA feature xref gene does not exist
prokka_out/CA140717:tRNA	Pro	NODE_6_length_129369_cov_135.307400:c44487-44410	DOCPNFPP_01286

DiscRep_SUB:FEATURE_LOCATION_CONFLICT::RNA feature xref gene does not exist
prokka_out/CA140717:tRNA	Met	NODE_6_length_129369_cov_135.307400:c75312-75236	DOCPNFPP_01330

DiscRep_SUB:FEATURE_LOCATION_CONFLICT::RNA feature xref gene does not exist
prokka_out/CA140717:tRNA	Ser	NODE_6_length_129369_cov_135.307400:75417-75504	DOCPNFPP_01331

DiscRep_SUB:FEATURE_LOCATION_CONFLICT::RNA feature xref gene does not exist
prokka_out/CA140717:tRNA	Ala	NODE_6_length_129369_cov_135.307400:76681-76756	DOCPNFPP_01334

DiscRep_SUB:FEATURE_LOCATION_CONFLICT::RNA feature xref gene does not exist
prokka_out/CA140717:tRNA	Val	NODE_6_length_129369_cov_135.307400:76758-76833	DOCPNFPP_01335

DiscRep_SUB:FEATURE_LOCATION_CONFLICT::Coding region xref gene does not exist
prokka_out/CA140717:CDS	hypothetical protein	NODE_7_length_107807_cov_120.511413:c1880-558	DOCPNFPP_01380

DiscRep_SUB:FEATURE_LOCATION_CONFLICT::Coding region xref gene does not exist
prokka_out/CA140717:CDS	High-affinity zinc uptake system binding-protein ZnuA	NODE_7_length_107807_cov_120.511413:c2746-1877	DOCPNFPP_01381

DiscRep_SUB:FEATURE_LOCATION_CONFLICT::Coding region xref gene does not exist
prokka_out/CA140717:CDS	hypothetical protein	NODE_7_length_107807_cov_120.511413:2879-3223	DOCPNFPP_01382

DiscRep_SUB:FEATURE_LOCATION_CONFLICT::Coding region xref gene does not exist
prokka_out/CA140717:CDS	Signal peptidase I	NODE_7_length_107807_cov_120.511413:c4126-3278	DOCPNFPP_01383

DiscRep_SUB:FEATURE_LOCATION_CONFLICT::Coding region xref gene does not exist
prokka_out/CA140717:CDS	Bifunctional protein FolD protein	NODE_7_length_107807_cov_120.511413:c4984-4127	DOCPNFPP_01384

DiscRep_SUB:FEATURE_LOCATION_CONFLICT::Coding region xref gene does not exist
prokka_out/CA140717:CDS	hypothetical protein	NODE_7_length_107807_cov_120.511413:5062-5409	DOCPNFPP_01385

DiscRep_SUB:FEATURE_LOCATION_CONFLICT::Coding region xref gene does not exist
prokka_out/CA140717:CDS	Glutamate-1-semialdehyde 2,1-aminomutase 1	NODE_7_length_107807_cov_120.511413:5406-6680	DOCPNFPP_01386

DiscRep_SUB:FEATURE_LOCATION_CONFLICT::Coding region xref gene does not exist
prokka_out/CA140717:CDS	hypothetical protein	NODE_7_length_107807_cov_120.511413:6677-6982	DOCPNFPP_01387

DiscRep_SUB:FEATURE_LOCATION_CONFLICT::Coding region xref gene does not exist
prokka_out/CA140717:CDS	hypothetical protein	NODE_7_length_107807_cov_120.511413:6972-7475	DOCPNFPP_01388

DiscRep_SUB:FEATURE_LOCATION_CONFLICT::Coding region xref gene does not exist
prokka_out/CA140717:CDS	putative MFS-type transporter YcaD	NODE_7_length_107807_cov_120.511413:7453-8640	DOCPNFPP_01389

DiscRep_SUB:FEATURE_LOCATION_CONFLICT::Coding region xref gene does not exist
prokka_out/CA140717:CDS	hypothetical protein	NODE_7_length_107807_cov_120.511413:8633-10942	DOCPNFPP_01390

DiscRep_SUB:FEATURE_LOCATION_CONFLICT::Coding region xref gene does not exist
prokka_out/CA140717:CDS	hypothetical protein	NODE_7_length_107807_cov_120.511413:10939-11220	DOCPNFPP_01391

DiscRep_SUB:FEATURE_LOCATION_CONFLICT::Coding region xref gene does not exist
prokka_out/CA140717:CDS	Phosphatidylserine decarboxylase proenzyme	NODE_7_length_107807_cov_120.511413:c12017-11217	DOCPNFPP_01392

DiscRep_SUB:FEATURE_LOCATION_CONFLICT::Coding region xref gene does not exist
prokka_out/CA140717:CDS	3',5'-cyclic adenosine monophosphate phosphodiesterase CpdA	NODE_7_length_107807_cov_120.511413:c13138-12014	DOCPNFPP_01393

DiscRep_SUB:FEATURE_LOCATION_CONFLICT::Coding region xref gene does not exist
prokka_out/CA140717:CDS	Glutamate--tRNA ligase	NODE_7_length_107807_cov_120.511413:13223-14518	DOCPNFPP_01394

DiscRep_SUB:FEATURE_LOCATION_CONFLICT::Coding region xref gene does not exist
prokka_out/CA140717:CDS	hypothetical protein	NODE_7_length_107807_cov_120.511413:14522-14803	DOCPNFPP_01395

DiscRep_SUB:FEATURE_LOCATION_CONFLICT::Coding region xref gene does not exist
prokka_out/CA140717:CDS	hypothetical protein	NODE_7_length_107807_cov_120.511413:14800-16428	DOCPNFPP_01396

DiscRep_SUB:FEATURE_LOCATION_CONFLICT::Coding region xref gene does not exist
prokka_out/CA140717:CDS	hypothetical protein	NODE_7_length_107807_cov_120.511413:c16810-16325	DOCPNFPP_01397

DiscRep_SUB:FEATURE_LOCATION_CONFLICT::Coding region xref gene does not exist
prokka_out/CA140717:CDS	Molybdopterin-guanine dinucleotide biosynthesis adapter protein	NODE_7_length_107807_cov_120.511413:16903-17397	DOCPNFPP_01398

DiscRep_SUB:FEATURE_LOCATION_CONFLICT::Coding region xref gene does not exist
prokka_out/CA140717:CDS	Fructose-1,6-bisphosphatase class 1	NODE_7_length_107807_cov_120.511413:17399-18241	DOCPNFPP_01399

DiscRep_SUB:FEATURE_LOCATION_CONFLICT::Coding region xref gene does not exist
prokka_out/CA140717:CDS	hypothetical protein	NODE_7_length_107807_cov_120.511413:18234-18431	DOCPNFPP_01400

DiscRep_SUB:FEATURE_LOCATION_CONFLICT::Coding region xref gene does not exist
prokka_out/CA140717:CDS	Methionine--tRNA ligase	NODE_7_length_107807_cov_120.511413:18441-20327	DOCPNFPP_01401

DiscRep_SUB:FEATURE_LOCATION_CONFLICT::Coding region xref gene does not exist
prokka_out/CA140717:CDS	hypothetical protein	NODE_7_length_107807_cov_120.511413:20329-21276	DOCPNFPP_01402

DiscRep_SUB:FEATURE_LOCATION_CONFLICT::Coding region xref gene does not exist
prokka_out/CA140717:CDS	Methylated-DNA--protein-cysteine methyltransferase, constitutive	NODE_7_length_107807_cov_120.511413:c21725-21249	DOCPNFPP_01403

DiscRep_SUB:FEATURE_LOCATION_CONFLICT::Coding region xref gene does not exist
prokka_out/CA140717:CDS	Aconitate hydratase B	NODE_7_length_107807_cov_120.511413:21780-24326	DOCPNFPP_01404

DiscRep_SUB:FEATURE_LOCATION_CONFLICT::Coding region xref gene does not exist
prokka_out/CA140717:CDS	hypothetical protein	NODE_7_length_107807_cov_120.511413:24385-25626	DOCPNFPP_01405

DiscRep_SUB:FEATURE_LOCATION_CONFLICT::Coding region xref gene does not exist
prokka_out/CA140717:CDS	NADP-dependent 3-hydroxy acid dehydrogenase YdfG	NODE_7_length_107807_cov_120.511413:25623-26372	DOCPNFPP_01406

DiscRep_SUB:FEATURE_LOCATION_CONFLICT::Coding region xref gene does not exist
prokka_out/CA140717:CDS	hypothetical protein	NODE_7_length_107807_cov_120.511413:26369-28099	DOCPNFPP_01407

DiscRep_SUB:FEATURE_LOCATION_CONFLICT::Coding region xref gene does not exist
prokka_out/CA140717:CDS	tRNA/tmRNA (uracil-C(5))-methyltransferase	NODE_7_length_107807_cov_120.511413:28096-29184	DOCPNFPP_01408

DiscRep_SUB:FEATURE_LOCATION_CONFLICT::Coding region xref gene does not exist
prokka_out/CA140717:CDS	hypothetical protein	NODE_7_length_107807_cov_120.511413:c29606-29196	DOCPNFPP_01409

DiscRep_SUB:FEATURE_LOCATION_CONFLICT::Coding region xref gene does not exist
prokka_out/CA140717:CDS	putative protein YccU	NODE_7_length_107807_cov_120.511413:29731-30189	DOCPNFPP_01410

DiscRep_SUB:FEATURE_LOCATION_CONFLICT::Coding region xref gene does not exist
prokka_out/CA140717:CDS	L-threonine ammonia-lyase	NODE_7_length_107807_cov_120.511413:30183-31394	DOCPNFPP_01411

DiscRep_SUB:FEATURE_LOCATION_CONFLICT::Coding region xref gene does not exist
prokka_out/CA140717:CDS	tRNA pseudouridine synthase A	NODE_7_length_107807_cov_120.511413:c32113-31391	DOCPNFPP_01412

DiscRep_SUB:FEATURE_LOCATION_CONFLICT::Coding region xref gene does not exist
prokka_out/CA140717:CDS	hypothetical protein	NODE_7_length_107807_cov_120.511413:c33138-32113	DOCPNFPP_01413

DiscRep_SUB:FEATURE_LOCATION_CONFLICT::Coding region xref gene does not exist
prokka_out/CA140717:CDS	hypothetical protein	NODE_7_length_107807_cov_120.511413:c33914-33135	DOCPNFPP_01414

DiscRep_SUB:FEATURE_LOCATION_CONFLICT::Coding region xref gene does not exist
prokka_out/CA140717:CDS	Isoprenyl transferase	NODE_7_length_107807_cov_120.511413:c34572-33904	DOCPNFPP_01415

DiscRep_SUB:FEATURE_LOCATION_CONFLICT::Coding region xref gene does not exist
prokka_out/CA140717:CDS	hypothetical protein	NODE_7_length_107807_cov_120.511413:c35192-34575	DOCPNFPP_01416

DiscRep_SUB:FEATURE_LOCATION_CONFLICT::Coding region xref gene does not exist
prokka_out/CA140717:CDS	Coenzyme A biosynthesis bifunctional protein CoaBC	NODE_7_length_107807_cov_120.511413:c36343-35189	DOCPNFPP_01417

DiscRep_SUB:FEATURE_LOCATION_CONFLICT::Coding region xref gene does not exist
prokka_out/CA140717:CDS	Bifunctional protein GlmU	NODE_7_length_107807_cov_120.511413:c37629-36340	DOCPNFPP_01418

DiscRep_SUB:FEATURE_LOCATION_CONFLICT::Coding region xref gene does not exist
prokka_out/CA140717:CDS	Flagellar biosynthetic protein FliP	NODE_7_length_107807_cov_120.511413:37770-38513	DOCPNFPP_01419

DiscRep_SUB:FEATURE_LOCATION_CONFLICT::Coding region xref gene does not exist
prokka_out/CA140717:CDS	hypothetical protein	NODE_7_length_107807_cov_120.511413:c38988-38728	DOCPNFPP_01420

DiscRep_SUB:FEATURE_LOCATION_CONFLICT::Coding region xref gene does not exist
prokka_out/CA140717:CDS	L-cystine-binding protein FliY	NODE_7_length_107807_cov_120.511413:c39851-39081	DOCPNFPP_01421

DiscRep_SUB:FEATURE_LOCATION_CONFLICT::Coding region xref gene does not exist
prokka_out/CA140717:CDS	hypothetical protein	NODE_7_length_107807_cov_120.511413:c41271-39946	DOCPNFPP_01422

DiscRep_SUB:FEATURE_LOCATION_CONFLICT::Coding region xref gene does not exist
prokka_out/CA140717:CDS	hypothetical protein	NODE_7_length_107807_cov_120.511413:c42684-41347	DOCPNFPP_01423

DiscRep_SUB:FEATURE_LOCATION_CONFLICT::Coding region xref gene does not exist
prokka_out/CA140717:CDS	3-deoxy-manno-octulosonate cytidylyltransferase	NODE_7_length_107807_cov_120.511413:c43492-42773	DOCPNFPP_01424

DiscRep_SUB:FEATURE_LOCATION_CONFLICT::Coding region xref gene does not exist
prokka_out/CA140717:CDS	Threonine synthase	NODE_7_length_107807_cov_120.511413:c44901-43489	DOCPNFPP_01425

DiscRep_SUB:FEATURE_LOCATION_CONFLICT::Coding region xref gene does not exist
prokka_out/CA140717:CDS	Tetraacyldisaccharide 4'-kinase	NODE_7_length_107807_cov_120.511413:c45820-44888	DOCPNFPP_01426

DiscRep_SUB:FEATURE_LOCATION_CONFLICT::Coding region xref gene does not exist
prokka_out/CA140717:CDS	NH(3)-dependent NAD(+) synthetase	NODE_7_length_107807_cov_120.511413:c46566-45820	DOCPNFPP_01427

DiscRep_SUB:FEATURE_LOCATION_CONFLICT::Coding region xref gene does not exist
prokka_out/CA140717:CDS	hypothetical protein	NODE_7_length_107807_cov_120.511413:46640-47236	DOCPNFPP_01428

DiscRep_SUB:FEATURE_LOCATION_CONFLICT::Coding region xref gene does not exist
prokka_out/CA140717:CDS	hypothetical protein	NODE_7_length_107807_cov_120.511413:47248-47553	DOCPNFPP_01429

DiscRep_SUB:FEATURE_LOCATION_CONFLICT::Coding region xref gene does not exist
prokka_out/CA140717:CDS	Enoyl-[acyl-carrier-protein] reductase [NADPH] FabL	NODE_7_length_107807_cov_120.511413:c48440-47661	DOCPNFPP_01430

DiscRep_SUB:FEATURE_LOCATION_CONFLICT::Coding region xref gene does not exist
prokka_out/CA140717:CDS	4-hydroxy-tetrahydrodipicolinate synthase	NODE_7_length_107807_cov_120.511413:c49336-48440	DOCPNFPP_01431

DiscRep_SUB:FEATURE_LOCATION_CONFLICT::Coding region xref gene does not exist
prokka_out/CA140717:CDS	putative zinc protease	NODE_7_length_107807_cov_120.511413:c50580-49339	DOCPNFPP_01432

DiscRep_SUB:FEATURE_LOCATION_CONFLICT::Coding region xref gene does not exist
prokka_out/CA140717:CDS	Dihydroorotate dehydrogenase (quinone)	NODE_7_length_107807_cov_120.511413:c51635-50577	DOCPNFPP_01433

DiscRep_SUB:FEATURE_LOCATION_CONFLICT::Coding region xref gene does not exist
prokka_out/CA140717:CDS	Lipid A export ATP-binding/permease protein MsbA	NODE_7_length_107807_cov_120.511413:c53414-51681	DOCPNFPP_01434

DiscRep_SUB:FEATURE_LOCATION_CONFLICT::Coding region xref gene does not exist
prokka_out/CA140717:CDS	Cysteine--tRNA ligase	NODE_7_length_107807_cov_120.511413:c54797-53415	DOCPNFPP_01435

DiscRep_SUB:FEATURE_LOCATION_CONFLICT::Coding region xref gene does not exist
prokka_out/CA140717:CDS	Lipid II flippase MurJ	NODE_7_length_107807_cov_120.511413:c56248-54797	DOCPNFPP_01436

DiscRep_SUB:FEATURE_LOCATION_CONFLICT::Coding region xref gene does not exist
prokka_out/CA140717:CDS	hypothetical protein	NODE_7_length_107807_cov_120.511413:56352-58217	DOCPNFPP_01437

DiscRep_SUB:FEATURE_LOCATION_CONFLICT::Coding region xref gene does not exist
prokka_out/CA140717:CDS	Holliday junction ATP-dependent DNA helicase RuvA	NODE_7_length_107807_cov_120.511413:58193-58744	DOCPNFPP_01438

DiscRep_SUB:FEATURE_LOCATION_CONFLICT::Coding region xref gene does not exist
prokka_out/CA140717:CDS	D-alanine--D-alanine ligase	NODE_7_length_107807_cov_120.511413:58754-59794	DOCPNFPP_01439

DiscRep_SUB:FEATURE_LOCATION_CONFLICT::Coding region xref gene does not exist
prokka_out/CA140717:CDS	hypothetical protein	NODE_7_length_107807_cov_120.511413:59854-60069	DOCPNFPP_01440

DiscRep_SUB:FEATURE_LOCATION_CONFLICT::Coding region xref gene does not exist
prokka_out/CA140717:CDS	2-succinyl-6-hydroxy-2,4-cyclohexadiene-1-carboxylate synthase	NODE_7_length_107807_cov_120.511413:60071-60802	DOCPNFPP_01441

DiscRep_SUB:FEATURE_LOCATION_CONFLICT::Coding region xref gene does not exist
prokka_out/CA140717:CDS	UDP-N-acetylmuramoyl-tripeptide--D-alanyl-D-alanine ligase	NODE_7_length_107807_cov_120.511413:60796-62223	DOCPNFPP_01442

DiscRep_SUB:FEATURE_LOCATION_CONFLICT::Coding region xref gene does not exist
prokka_out/CA140717:CDS	Bifunctional protein Aas	NODE_7_length_107807_cov_120.511413:62372-65881	DOCPNFPP_01443

DiscRep_SUB:FEATURE_LOCATION_CONFLICT::Coding region xref gene does not exist
prokka_out/CA140717:CDS	hypothetical protein	NODE_7_length_107807_cov_120.511413:c66871-65960	DOCPNFPP_01444

DiscRep_SUB:FEATURE_LOCATION_CONFLICT::Coding region xref gene does not exist
prokka_out/CA140717:CDS	Formyltetrahydrofolate deformylase	NODE_7_length_107807_cov_120.511413:c67852-67028	DOCPNFPP_01445

DiscRep_SUB:FEATURE_LOCATION_CONFLICT::Coding region xref gene does not exist
prokka_out/CA140717:CDS	CCA-adding enzyme	NODE_7_length_107807_cov_120.511413:c68968-67853	DOCPNFPP_01446

DiscRep_SUB:FEATURE_LOCATION_CONFLICT::Coding region xref gene does not exist
prokka_out/CA140717:CDS	hypothetical protein	NODE_7_length_107807_cov_120.511413:c69434-68937	DOCPNFPP_01447

DiscRep_SUB:FEATURE_LOCATION_CONFLICT::Coding region xref gene does not exist
prokka_out/CA140717:CDS	hypothetical protein	NODE_7_length_107807_cov_120.511413:c69676-69431	DOCPNFPP_01448

DiscRep_SUB:FEATURE_LOCATION_CONFLICT::Coding region xref gene does not exist
prokka_out/CA140717:CDS	hypothetical protein	NODE_7_length_107807_cov_120.511413:c70304-69723	DOCPNFPP_01449

DiscRep_SUB:FEATURE_LOCATION_CONFLICT::Coding region xref gene does not exist
prokka_out/CA140717:CDS	hypothetical protein	NODE_7_length_107807_cov_120.511413:c70624-70304	DOCPNFPP_01450

DiscRep_SUB:FEATURE_LOCATION_CONFLICT::Coding region xref gene does not exist
prokka_out/CA140717:CDS	hypothetical protein	NODE_7_length_107807_cov_120.511413:c71294-70614	DOCPNFPP_01451

DiscRep_SUB:FEATURE_LOCATION_CONFLICT::Coding region xref gene does not exist
prokka_out/CA140717:CDS	hypothetical protein	NODE_7_length_107807_cov_120.511413:c71467-71291	DOCPNFPP_01452

DiscRep_SUB:FEATURE_LOCATION_CONFLICT::Coding region xref gene does not exist
prokka_out/CA140717:CDS	Chaperone NapD	NODE_7_length_107807_cov_120.511413:c71816-71481	DOCPNFPP_01453

DiscRep_SUB:FEATURE_LOCATION_CONFLICT::Coding region xref gene does not exist
prokka_out/CA140717:CDS	hypothetical protein	NODE_7_length_107807_cov_120.511413:c72723-71803	DOCPNFPP_01454

DiscRep_SUB:FEATURE_LOCATION_CONFLICT::Coding region xref gene does not exist
prokka_out/CA140717:CDS	Periplasmic nitrate reductase, electron transfer subunit	NODE_7_length_107807_cov_120.511413:c73249-72728	DOCPNFPP_01455

DiscRep_SUB:FEATURE_LOCATION_CONFLICT::Coding region xref gene does not exist
prokka_out/CA140717:CDS	Ferredoxin-type protein NapH	NODE_7_length_107807_cov_120.511413:c74031-73249	DOCPNFPP_01456

DiscRep_SUB:FEATURE_LOCATION_CONFLICT::Coding region xref gene does not exist
prokka_out/CA140717:CDS	Ferredoxin-type protein NapG	NODE_7_length_107807_cov_120.511413:c74771-74031	DOCPNFPP_01457

DiscRep_SUB:FEATURE_LOCATION_CONFLICT::Coding region xref gene does not exist
prokka_out/CA140717:CDS	Periplasmic nitrate reductase	NODE_7_length_107807_cov_120.511413:c77563-74789	DOCPNFPP_01458

DiscRep_SUB:FEATURE_LOCATION_CONFLICT::Coding region xref gene does not exist
prokka_out/CA140717:CDS	Thiol peroxidase	NODE_7_length_107807_cov_120.511413:c78359-77832	DOCPNFPP_01459

DiscRep_SUB:FEATURE_LOCATION_CONFLICT::Coding region xref gene does not exist
prokka_out/CA140717:CDS	hypothetical protein	NODE_7_length_107807_cov_120.511413:c78837-78553	DOCPNFPP_01460

DiscRep_SUB:FEATURE_LOCATION_CONFLICT::Coding region xref gene does not exist
prokka_out/CA140717:CDS	hypothetical protein	NODE_7_length_107807_cov_120.511413:c79115-78855	DOCPNFPP_01461

DiscRep_SUB:FEATURE_LOCATION_CONFLICT::Coding region xref gene does not exist
prokka_out/CA140717:CDS	DNA helicase II	NODE_7_length_107807_cov_120.511413:c81285-79255	DOCPNFPP_01462

DiscRep_SUB:FEATURE_LOCATION_CONFLICT::Coding region xref gene does not exist
prokka_out/CA140717:CDS	hypothetical protein	NODE_7_length_107807_cov_120.511413:81407-82336	DOCPNFPP_01463

DiscRep_SUB:FEATURE_LOCATION_CONFLICT::Coding region xref gene does not exist
prokka_out/CA140717:CDS	Valine--tRNA ligase	NODE_7_length_107807_cov_120.511413:82361-84973	DOCPNFPP_01464

DiscRep_SUB:FEATURE_LOCATION_CONFLICT::Coding region xref gene does not exist
prokka_out/CA140717:CDS	Methionine import ATP-binding protein MetN	NODE_7_length_107807_cov_120.511413:84979-85989	DOCPNFPP_01465

DiscRep_SUB:FEATURE_LOCATION_CONFLICT::Coding region xref gene does not exist
prokka_out/CA140717:CDS	hypothetical protein	NODE_7_length_107807_cov_120.511413:85986-86891	DOCPNFPP_01466

DiscRep_SUB:FEATURE_LOCATION_CONFLICT::Coding region xref gene does not exist
prokka_out/CA140717:CDS	Membrane lipoprotein TpN32	NODE_7_length_107807_cov_120.511413:87085-87858	DOCPNFPP_01467

DiscRep_SUB:FEATURE_LOCATION_CONFLICT::Coding region xref gene does not exist
prokka_out/CA140717:CDS	D-methionine-binding lipoprotein MetQ	NODE_7_length_107807_cov_120.511413:87913-88683	DOCPNFPP_01468

DiscRep_SUB:FEATURE_LOCATION_CONFLICT::Coding region xref gene does not exist
prokka_out/CA140717:CDS	Methionine-binding lipoprotein MetQ	NODE_7_length_107807_cov_120.511413:88693-89469	DOCPNFPP_01469

DiscRep_SUB:FEATURE_LOCATION_CONFLICT::Coding region xref gene does not exist
prokka_out/CA140717:CDS	hypothetical protein	NODE_7_length_107807_cov_120.511413:89547-90209	DOCPNFPP_01470

DiscRep_SUB:FEATURE_LOCATION_CONFLICT::Coding region xref gene does not exist
prokka_out/CA140717:CDS	putative UbiX-like flavin prenyltransferase	NODE_7_length_107807_cov_120.511413:90206-90769	DOCPNFPP_01471

DiscRep_SUB:FEATURE_LOCATION_CONFLICT::Coding region xref gene does not exist
prokka_out/CA140717:CDS	Phosphopantetheine adenylyltransferase	NODE_7_length_107807_cov_120.511413:90809-91285	DOCPNFPP_01472

DiscRep_SUB:FEATURE_LOCATION_CONFLICT::Coding region xref gene does not exist
prokka_out/CA140717:CDS	Thymidylate kinase	NODE_7_length_107807_cov_120.511413:91276-91854	DOCPNFPP_01473

DiscRep_SUB:FEATURE_LOCATION_CONFLICT::Coding region xref gene does not exist
prokka_out/CA140717:CDS	Histidine--tRNA ligase	NODE_7_length_107807_cov_120.511413:91851-93077	DOCPNFPP_01474

DiscRep_SUB:FEATURE_LOCATION_CONFLICT::Coding region xref gene does not exist
prokka_out/CA140717:CDS	Biosynthetic arginine decarboxylase	NODE_7_length_107807_cov_120.511413:93074-94909	DOCPNFPP_01475

DiscRep_SUB:FEATURE_LOCATION_CONFLICT::Coding region xref gene does not exist
prokka_out/CA140717:CDS	Serine acetyltransferase	NODE_7_length_107807_cov_120.511413:94910-95542	DOCPNFPP_01476

DiscRep_SUB:FEATURE_LOCATION_CONFLICT::Coding region xref gene does not exist
prokka_out/CA140717:CDS	Aspartate aminotransferase	NODE_7_length_107807_cov_120.511413:95693-96862	DOCPNFPP_01477

DiscRep_SUB:FEATURE_LOCATION_CONFLICT::Coding region xref gene does not exist
prokka_out/CA140717:CDS	hypothetical protein	NODE_7_length_107807_cov_120.511413:c97313-96972	DOCPNFPP_01478

DiscRep_SUB:FEATURE_LOCATION_CONFLICT::Coding region xref gene does not exist
prokka_out/CA140717:CDS	hypothetical protein	NODE_7_length_107807_cov_120.511413:c98405-97383	DOCPNFPP_01479

DiscRep_SUB:FEATURE_LOCATION_CONFLICT::Coding region xref gene does not exist
prokka_out/CA140717:CDS	hypothetical protein	NODE_7_length_107807_cov_120.511413:98606-98836	DOCPNFPP_01480

DiscRep_SUB:FEATURE_LOCATION_CONFLICT::Coding region xref gene does not exist
prokka_out/CA140717:CDS	hypothetical protein	NODE_7_length_107807_cov_120.511413:98784-99071	DOCPNFPP_01481

DiscRep_SUB:FEATURE_LOCATION_CONFLICT::Coding region xref gene does not exist
prokka_out/CA140717:CDS	Chaperone protein DnaK	NODE_7_length_107807_cov_120.511413:c101283-99412	DOCPNFPP_01482

DiscRep_SUB:FEATURE_LOCATION_CONFLICT::Coding region xref gene does not exist
prokka_out/CA140717:CDS	Protein GrpE	NODE_7_length_107807_cov_120.511413:c101836-101306	DOCPNFPP_01483

DiscRep_SUB:FEATURE_LOCATION_CONFLICT::Coding region xref gene does not exist
prokka_out/CA140717:CDS	Heat-inducible transcription repressor HrcA	NODE_7_length_107807_cov_120.511413:c102624-101833	DOCPNFPP_01484

DiscRep_SUB:FEATURE_LOCATION_CONFLICT::Coding region xref gene does not exist
prokka_out/CA140717:CDS	Colicin I receptor	NODE_7_length_107807_cov_120.511413:c105017-102927	DOCPNFPP_01485

DiscRep_SUB:FEATURE_LOCATION_CONFLICT::Coding region xref gene does not exist
prokka_out/CA140717:CDS	hypothetical protein	NODE_7_length_107807_cov_120.511413:105342-106040	DOCPNFPP_01486

DiscRep_SUB:FEATURE_LOCATION_CONFLICT::Coding region xref gene does not exist
prokka_out/CA140717:CDS	IS200/IS605 family transposase ISCco1	NODE_7_length_107807_cov_120.511413:c106496-106113	DOCPNFPP_01487

DiscRep_SUB:FEATURE_LOCATION_CONFLICT::Coding region xref gene does not exist
prokka_out/CA140717:CDS	IS200/IS605 family transposase ISCco1	NODE_7_length_107807_cov_120.511413:c106946-106662	DOCPNFPP_01488

DiscRep_SUB:FEATURE_LOCATION_CONFLICT::Coding region xref gene does not exist
prokka_out/CA140717:CDS	hypothetical protein	NODE_8_length_68092_cov_124.923578:c396-175	DOCPNFPP_01489

DiscRep_SUB:FEATURE_LOCATION_CONFLICT::Coding region xref gene does not exist
prokka_out/CA140717:CDS	3-oxoacyl-[acyl-carrier-protein] synthase 3	NODE_8_length_68092_cov_124.923578:c1457-396	DOCPNFPP_01490

DiscRep_SUB:FEATURE_LOCATION_CONFLICT::Coding region xref gene does not exist
prokka_out/CA140717:CDS	hypothetical protein	NODE_8_length_68092_cov_124.923578:c3009-1447	DOCPNFPP_01491

DiscRep_SUB:FEATURE_LOCATION_CONFLICT::Coding region xref gene does not exist
prokka_out/CA140717:CDS	hypothetical protein	NODE_8_length_68092_cov_124.923578:c3422-3006	DOCPNFPP_01492

DiscRep_SUB:FEATURE_LOCATION_CONFLICT::Coding region xref gene does not exist
prokka_out/CA140717:CDS	hypothetical protein	NODE_8_length_68092_cov_124.923578:c4308-3415	DOCPNFPP_01493

DiscRep_SUB:FEATURE_LOCATION_CONFLICT::Coding region xref gene does not exist
prokka_out/CA140717:CDS	hypothetical protein	NODE_8_length_68092_cov_124.923578:c4535-4305	DOCPNFPP_01494

DiscRep_SUB:FEATURE_LOCATION_CONFLICT::Coding region xref gene does not exist
prokka_out/CA140717:CDS	hypothetical protein	NODE_8_length_68092_cov_124.923578:4626-5369	DOCPNFPP_01495

DiscRep_SUB:FEATURE_LOCATION_CONFLICT::Coding region xref gene does not exist
prokka_out/CA140717:CDS	Putative polysaccharide biosynthesis protein with aminopeptidase-like domain protein	NODE_8_length_68092_cov_124.923578:c6668-5352	DOCPNFPP_01496

DiscRep_SUB:FEATURE_LOCATION_CONFLICT::Coding region xref gene does not exist
prokka_out/CA140717:CDS	UDP-4-amino-4,6-dideoxy-N-acetyl-beta-L-altrosamine transaminase	NODE_8_length_68092_cov_124.923578:c7791-6661	DOCPNFPP_01497

DiscRep_SUB:FEATURE_LOCATION_CONFLICT::Coding region xref gene does not exist
prokka_out/CA140717:CDS	UDP-N-acetylglucosamine 4,6-dehydratase (inverting)	NODE_8_length_68092_cov_124.923578:c8797-7793	DOCPNFPP_01498

DiscRep_SUB:FEATURE_LOCATION_CONFLICT::Coding region xref gene does not exist
prokka_out/CA140717:CDS	dCTP deaminase	NODE_8_length_68092_cov_124.923578:c9407-8847	DOCPNFPP_01499

DiscRep_SUB:FEATURE_LOCATION_CONFLICT::Coding region xref gene does not exist
prokka_out/CA140717:CDS	Biotin carboxyl carrier protein of acetyl-CoA carboxylase	NODE_8_length_68092_cov_124.923578:9566-10021	DOCPNFPP_01500

DiscRep_SUB:FEATURE_LOCATION_CONFLICT::Coding region xref gene does not exist
prokka_out/CA140717:CDS	Biotin carboxylase	NODE_8_length_68092_cov_124.923578:10023-11354	DOCPNFPP_01501

DiscRep_SUB:FEATURE_LOCATION_CONFLICT::Coding region xref gene does not exist
prokka_out/CA140717:CDS	Chaperone SurA	NODE_8_length_68092_cov_124.923578:c12197-11382	DOCPNFPP_01502

DiscRep_SUB:FEATURE_LOCATION_CONFLICT::Coding region xref gene does not exist
prokka_out/CA140717:CDS	Glutamate--tRNA ligase 1	NODE_8_length_68092_cov_124.923578:12262-13653	DOCPNFPP_01503

DiscRep_SUB:FEATURE_LOCATION_CONFLICT::Coding region xref gene does not exist
prokka_out/CA140717:CDS	NADP-dependent malic enzyme	NODE_8_length_68092_cov_124.923578:13653-14888	DOCPNFPP_01504

DiscRep_SUB:FEATURE_LOCATION_CONFLICT::Coding region xref gene does not exist
prokka_out/CA140717:CDS	Uracil phosphoribosyltransferase	NODE_8_length_68092_cov_124.923578:14885-15511	DOCPNFPP_01505

DiscRep_SUB:FEATURE_LOCATION_CONFLICT::Coding region xref gene does not exist
prokka_out/CA140717:CDS	Chorismate dehydratase	NODE_8_length_68092_cov_124.923578:15517-16188	DOCPNFPP_01506

DiscRep_SUB:FEATURE_LOCATION_CONFLICT::Coding region xref gene does not exist
prokka_out/CA140717:CDS	Ktr system potassium uptake protein A	NODE_8_length_68092_cov_124.923578:c16839-16189	DOCPNFPP_01507

DiscRep_SUB:FEATURE_LOCATION_CONFLICT::Coding region xref gene does not exist
prokka_out/CA140717:CDS	Ktr system potassium uptake protein B	NODE_8_length_68092_cov_124.923578:c18195-16852	DOCPNFPP_01508

DiscRep_SUB:FEATURE_LOCATION_CONFLICT::Coding region xref gene does not exist
prokka_out/CA140717:CDS	Riboflavin biosynthesis protein RibBA	NODE_8_length_68092_cov_124.923578:18917-19936	DOCPNFPP_01512

DiscRep_SUB:FEATURE_LOCATION_CONFLICT::Coding region xref gene does not exist
prokka_out/CA140717:CDS	putative protein YqeY	NODE_8_length_68092_cov_124.923578:19953-20396	DOCPNFPP_01513

DiscRep_SUB:FEATURE_LOCATION_CONFLICT::Coding region xref gene does not exist
prokka_out/CA140717:CDS	Acetolactate synthase large subunit	NODE_8_length_68092_cov_124.923578:20474-22174	DOCPNFPP_01514

DiscRep_SUB:FEATURE_LOCATION_CONFLICT::Coding region xref gene does not exist
prokka_out/CA140717:CDS	Acetolactate synthase isozyme 3 small subunit	NODE_8_length_68092_cov_124.923578:22171-22635	DOCPNFPP_01515

DiscRep_SUB:FEATURE_LOCATION_CONFLICT::Coding region xref gene does not exist
prokka_out/CA140717:CDS	UDP-3-O-acylglucosamine N-acyltransferase	NODE_8_length_68092_cov_124.923578:22632-23585	DOCPNFPP_01516

DiscRep_SUB:FEATURE_LOCATION_CONFLICT::Coding region xref gene does not exist
prokka_out/CA140717:CDS	S-adenosylmethionine:tRNA ribosyltransferase-isomerase	NODE_8_length_68092_cov_124.923578:c24613-23588	DOCPNFPP_01517

DiscRep_SUB:FEATURE_LOCATION_CONFLICT::Coding region xref gene does not exist
prokka_out/CA140717:CDS	Sec-independent protein translocase protein TatC	NODE_8_length_68092_cov_124.923578:c25356-24610	DOCPNFPP_01518

DiscRep_SUB:FEATURE_LOCATION_CONFLICT::Coding region xref gene does not exist
prokka_out/CA140717:CDS	Sec-independent protein translocase protein TatB	NODE_8_length_68092_cov_124.923578:c25761-25357	DOCPNFPP_01519

DiscRep_SUB:FEATURE_LOCATION_CONFLICT::Coding region xref gene does not exist
prokka_out/CA140717:CDS	Heme chaperone HemW	NODE_8_length_68092_cov_124.923578:c26891-25824	DOCPNFPP_01520

DiscRep_SUB:FEATURE_LOCATION_CONFLICT::Coding region xref gene does not exist
prokka_out/CA140717:CDS	RNA pyrophosphohydrolase	NODE_8_length_68092_cov_124.923578:26986-27456	DOCPNFPP_01521

DiscRep_SUB:FEATURE_LOCATION_CONFLICT::Coding region xref gene does not exist
prokka_out/CA140717:CDS	Aspartate kinase	NODE_8_length_68092_cov_124.923578:27456-28658	DOCPNFPP_01522

DiscRep_SUB:FEATURE_LOCATION_CONFLICT::Coding region xref gene does not exist
prokka_out/CA140717:CDS	hypothetical protein	NODE_8_length_68092_cov_124.923578:28659-29192	DOCPNFPP_01523

DiscRep_SUB:FEATURE_LOCATION_CONFLICT::Coding region xref gene does not exist
prokka_out/CA140717:CDS	hypothetical protein	NODE_8_length_68092_cov_124.923578:29192-29803	DOCPNFPP_01524

DiscRep_SUB:FEATURE_LOCATION_CONFLICT::Coding region xref gene does not exist
prokka_out/CA140717:CDS	Bifunctional dihydropteroate synthase/dihydropteroate reductase	NODE_8_length_68092_cov_124.923578:29800-30942	DOCPNFPP_01525

DiscRep_SUB:FEATURE_LOCATION_CONFLICT::Coding region xref gene does not exist
prokka_out/CA140717:CDS	DNA ligase	NODE_8_length_68092_cov_124.923578:30943-32883	DOCPNFPP_01526

DiscRep_SUB:FEATURE_LOCATION_CONFLICT::Coding region xref gene does not exist
prokka_out/CA140717:CDS	hypothetical protein	NODE_8_length_68092_cov_124.923578:32864-33868	DOCPNFPP_01527

DiscRep_SUB:FEATURE_LOCATION_CONFLICT::Coding region xref gene does not exist
prokka_out/CA140717:CDS	16S/23S rRNA (cytidine-2'-O)-methyltransferase TlyA	NODE_8_length_68092_cov_124.923578:33865-34614	DOCPNFPP_01528

DiscRep_SUB:FEATURE_LOCATION_CONFLICT::Coding region xref gene does not exist
prokka_out/CA140717:CDS	Bifunctional riboflavin kinase/FMN adenylyltransferase	NODE_8_length_68092_cov_124.923578:34583-35419	DOCPNFPP_01529

DiscRep_SUB:FEATURE_LOCATION_CONFLICT::Coding region xref gene does not exist
prokka_out/CA140717:CDS	Carboxy-S-adenosyl-L-methionine synthase	NODE_8_length_68092_cov_124.923578:35423-36127	DOCPNFPP_01530

DiscRep_SUB:FEATURE_LOCATION_CONFLICT::Coding region xref gene does not exist
prokka_out/CA140717:CDS	hypothetical protein	NODE_8_length_68092_cov_124.923578:c36350-36147	DOCPNFPP_01531

DiscRep_SUB:FEATURE_LOCATION_CONFLICT::Coding region xref gene does not exist
prokka_out/CA140717:CDS	hypothetical protein	NODE_8_length_68092_cov_124.923578:c37061-36429	DOCPNFPP_01532

DiscRep_SUB:FEATURE_LOCATION_CONFLICT::Coding region xref gene does not exist
prokka_out/CA140717:CDS	hypothetical protein	NODE_8_length_68092_cov_124.923578:c37721-37071	DOCPNFPP_01533

DiscRep_SUB:FEATURE_LOCATION_CONFLICT::Coding region xref gene does not exist
prokka_out/CA140717:CDS	Endonuclease III	NODE_8_length_68092_cov_124.923578:c38344-37718	DOCPNFPP_01534

DiscRep_SUB:FEATURE_LOCATION_CONFLICT::Coding region xref gene does not exist
prokka_out/CA140717:CDS	Putative peptidyl-prolyl cis-trans isomerase Cbf2	NODE_8_length_68092_cov_124.923578:38427-39248	DOCPNFPP_01535

DiscRep_SUB:FEATURE_LOCATION_CONFLICT::Coding region xref gene does not exist
prokka_out/CA140717:CDS	Fructose-bisphosphate aldolase	NODE_8_length_68092_cov_124.923578:39248-40312	DOCPNFPP_01536

DiscRep_SUB:FEATURE_LOCATION_CONFLICT::Coding region xref gene does not exist
prokka_out/CA140717:CDS	hypothetical protein	NODE_8_length_68092_cov_124.923578:40411-41865	DOCPNFPP_01537

DiscRep_SUB:FEATURE_LOCATION_CONFLICT::Coding region xref gene does not exist
prokka_out/CA140717:CDS	Peptidoglycan-associated lipoprotein	NODE_8_length_68092_cov_124.923578:41862-42812	DOCPNFPP_01538

DiscRep_SUB:FEATURE_LOCATION_CONFLICT::Coding region xref gene does not exist
prokka_out/CA140717:CDS	hypothetical protein	NODE_8_length_68092_cov_124.923578:42822-43691	DOCPNFPP_01539

DiscRep_SUB:FEATURE_LOCATION_CONFLICT::Coding region xref gene does not exist
prokka_out/CA140717:CDS	Low molecular weight protein-tyrosine-phosphatase YfkJ	NODE_8_length_68092_cov_124.923578:c44148-43693	DOCPNFPP_01540

DiscRep_SUB:FEATURE_LOCATION_CONFLICT::Coding region xref gene does not exist
prokka_out/CA140717:CDS	Staphyloferrin B transporter	NODE_8_length_68092_cov_124.923578:44202-45386	DOCPNFPP_01541

DiscRep_SUB:FEATURE_LOCATION_CONFLICT::Coding region xref gene does not exist
prokka_out/CA140717:CDS	hypothetical protein	NODE_8_length_68092_cov_124.923578:45407-46063	DOCPNFPP_01542

DiscRep_SUB:FEATURE_LOCATION_CONFLICT::Coding region xref gene does not exist
prokka_out/CA140717:CDS	putative tautomerase	NODE_8_length_68092_cov_124.923578:c46269-46060	DOCPNFPP_01543

DiscRep_SUB:FEATURE_LOCATION_CONFLICT::Coding region xref gene does not exist
prokka_out/CA140717:CDS	hypothetical protein	NODE_8_length_68092_cov_124.923578:46516-46785	DOCPNFPP_01544

DiscRep_SUB:FEATURE_LOCATION_CONFLICT::Coding region xref gene does not exist
prokka_out/CA140717:CDS	hypothetical protein	NODE_8_length_68092_cov_124.923578:c47205-46723	DOCPNFPP_01545

DiscRep_SUB:FEATURE_LOCATION_CONFLICT::Coding region xref gene does not exist
prokka_out/CA140717:CDS	Polyribonucleotide nucleotidyltransferase	NODE_8_length_68092_cov_124.923578:c49418-47202	DOCPNFPP_01546

DiscRep_SUB:FEATURE_LOCATION_CONFLICT::Coding region xref gene does not exist
prokka_out/CA140717:CDS	LPS-assembly protein LptD	NODE_8_length_68092_cov_124.923578:c51483-49435	DOCPNFPP_01547

DiscRep_SUB:FEATURE_LOCATION_CONFLICT::Coding region xref gene does not exist
prokka_out/CA140717:CDS	hypothetical protein	NODE_8_length_68092_cov_124.923578:c51925-51473	DOCPNFPP_01548

DiscRep_SUB:FEATURE_LOCATION_CONFLICT::Coding region xref gene does not exist
prokka_out/CA140717:CDS	Phosphoribosylamine--glycine ligase	NODE_8_length_68092_cov_124.923578:c53172-51922	DOCPNFPP_01549

DiscRep_SUB:FEATURE_LOCATION_CONFLICT::Coding region xref gene does not exist
prokka_out/CA140717:CDS	hypothetical protein	NODE_8_length_68092_cov_124.923578:c54873-53413	DOCPNFPP_01550

DiscRep_SUB:FEATURE_LOCATION_CONFLICT::Coding region xref gene does not exist
prokka_out/CA140717:CDS	Ornithine lipid N-methyltransferase	NODE_8_length_68092_cov_124.923578:55009-55566	DOCPNFPP_01551

DiscRep_SUB:FEATURE_LOCATION_CONFLICT::Coding region xref gene does not exist
prokka_out/CA140717:CDS	Ubiquinone biosynthesis O-methyltransferase, mitochondrial	NODE_8_length_68092_cov_124.923578:c56297-55689	DOCPNFPP_01552

DiscRep_SUB:FEATURE_LOCATION_CONFLICT::Coding region xref gene does not exist
prokka_out/CA140717:CDS	GMP synthase [glutamine-hydrolyzing]	NODE_8_length_68092_cov_124.923578:c58006-56471	DOCPNFPP_01553

DiscRep_SUB:FEATURE_LOCATION_CONFLICT::Coding region xref gene does not exist
prokka_out/CA140717:CDS	hypothetical protein	NODE_8_length_68092_cov_124.923578:58143-58619	DOCPNFPP_01554

DiscRep_SUB:FEATURE_LOCATION_CONFLICT::Coding region xref gene does not exist
prokka_out/CA140717:CDS	UvrABC system protein C	NODE_8_length_68092_cov_124.923578:58612-60426	DOCPNFPP_01555

DiscRep_SUB:FEATURE_LOCATION_CONFLICT::Coding region xref gene does not exist
prokka_out/CA140717:CDS	hypothetical protein	NODE_8_length_68092_cov_124.923578:60428-61621	DOCPNFPP_01556

DiscRep_SUB:FEATURE_LOCATION_CONFLICT::Coding region xref gene does not exist
prokka_out/CA140717:CDS	GTP 3',8-cyclase	NODE_8_length_68092_cov_124.923578:c62520-61618	DOCPNFPP_01557

DiscRep_SUB:FEATURE_LOCATION_CONFLICT::Coding region xref gene does not exist
prokka_out/CA140717:CDS	Uroporphyrinogen decarboxylase	NODE_8_length_68092_cov_124.923578:c63539-62517	DOCPNFPP_01558

DiscRep_SUB:FEATURE_LOCATION_CONFLICT::Coding region xref gene does not exist
prokka_out/CA140717:CDS	hypothetical protein	NODE_8_length_68092_cov_124.923578:c63998-63687	DOCPNFPP_01559

DiscRep_SUB:FEATURE_LOCATION_CONFLICT::Coding region xref gene does not exist
prokka_out/CA140717:CDS	hypothetical protein	NODE_8_length_68092_cov_124.923578:64241-64846	DOCPNFPP_01560

DiscRep_SUB:FEATURE_LOCATION_CONFLICT::Coding region xref gene does not exist
prokka_out/CA140717:CDS	4-hydroxythreonine-4-phosphate dehydrogenase	NODE_8_length_68092_cov_124.923578:c65930-64830	DOCPNFPP_01561

DiscRep_SUB:FEATURE_LOCATION_CONFLICT::Coding region xref gene does not exist
prokka_out/CA140717:CDS	Pyridoxine 5'-phosphate synthase	NODE_8_length_68092_cov_124.923578:c66700-65933	DOCPNFPP_01562

DiscRep_SUB:FEATURE_LOCATION_CONFLICT::Coding region xref gene does not exist
prokka_out/CA140717:CDS	hypothetical protein	NODE_8_length_68092_cov_124.923578:66756-67733	DOCPNFPP_01563

DiscRep_SUB:FEATURE_LOCATION_CONFLICT::RNA feature xref gene does not exist
prokka_out/CA140717:tRNA	Phe	NODE_8_length_68092_cov_124.923578:18336-18411	DOCPNFPP_01509

DiscRep_SUB:FEATURE_LOCATION_CONFLICT::RNA feature xref gene does not exist
prokka_out/CA140717:tRNA	Met	NODE_8_length_68092_cov_124.923578:c18704-18629	DOCPNFPP_01510

DiscRep_SUB:FEATURE_LOCATION_CONFLICT::RNA feature xref gene does not exist
prokka_out/CA140717:tRNA	Gln	NODE_8_length_68092_cov_124.923578:c18810-18736	DOCPNFPP_01511

DiscRep_SUB:FEATURE_LOCATION_CONFLICT::Coding region xref gene does not exist
prokka_out/CA140717:CDS	hypothetical protein	NODE_9_length_52770_cov_129.889729:c891-544	DOCPNFPP_01564

DiscRep_SUB:FEATURE_LOCATION_CONFLICT::Coding region xref gene does not exist
prokka_out/CA140717:CDS	Trimethylamine-N-oxide reductase 1	NODE_9_length_52770_cov_129.889729:c1387-1061	DOCPNFPP_01565

DiscRep_SUB:FEATURE_LOCATION_CONFLICT::Coding region xref gene does not exist
prokka_out/CA140717:CDS	Trimethylamine-N-oxide reductase 2	NODE_9_length_52770_cov_129.889729:c2632-1532	DOCPNFPP_01566

DiscRep_SUB:FEATURE_LOCATION_CONFLICT::Coding region xref gene does not exist
prokka_out/CA140717:CDS	Trimethylamine-N-oxide reductase 2	NODE_9_length_52770_cov_129.889729:c3359-2598	DOCPNFPP_01567

DiscRep_SUB:FEATURE_LOCATION_CONFLICT::Coding region xref gene does not exist
prokka_out/CA140717:CDS	hypothetical protein	NODE_9_length_52770_cov_129.889729:c3550-3305	DOCPNFPP_01568

DiscRep_SUB:FEATURE_LOCATION_CONFLICT::Coding region xref gene does not exist
prokka_out/CA140717:CDS	hypothetical protein	NODE_9_length_52770_cov_129.889729:c3813-3562	DOCPNFPP_01569

DiscRep_SUB:FEATURE_LOCATION_CONFLICT::Coding region xref gene does not exist
prokka_out/CA140717:CDS	hypothetical protein	NODE_9_length_52770_cov_129.889729:c4133-3810	DOCPNFPP_01570

DiscRep_SUB:FEATURE_LOCATION_CONFLICT::Coding region xref gene does not exist
prokka_out/CA140717:CDS	hypothetical protein	NODE_9_length_52770_cov_129.889729:4563-5291	DOCPNFPP_01571

DiscRep_SUB:FEATURE_LOCATION_CONFLICT::Coding region xref gene does not exist
prokka_out/CA140717:CDS	Amidophosphoribosyltransferase	NODE_9_length_52770_cov_129.889729:c6632-5295	DOCPNFPP_01572

DiscRep_SUB:FEATURE_LOCATION_CONFLICT::Coding region xref gene does not exist
prokka_out/CA140717:CDS	4-hydroxy-tetrahydrodipicolinate reductase	NODE_9_length_52770_cov_129.889729:c7362-6634	DOCPNFPP_01573

DiscRep_SUB:FEATURE_LOCATION_CONFLICT::Coding region xref gene does not exist
prokka_out/CA140717:CDS	putative AAA domain-containing protein	NODE_9_length_52770_cov_129.889729:c8613-7432	DOCPNFPP_01574

DiscRep_SUB:FEATURE_LOCATION_CONFLICT::Coding region xref gene does not exist
prokka_out/CA140717:CDS	hypothetical protein	NODE_9_length_52770_cov_129.889729:c9761-8613	DOCPNFPP_01575

DiscRep_SUB:FEATURE_LOCATION_CONFLICT::Coding region xref gene does not exist
prokka_out/CA140717:CDS	hypothetical protein	NODE_9_length_52770_cov_129.889729:c10217-9864	DOCPNFPP_01576

DiscRep_SUB:FEATURE_LOCATION_CONFLICT::Coding region xref gene does not exist
prokka_out/CA140717:CDS	Alpha-2-macroglobulin	NODE_9_length_52770_cov_129.889729:10401-15653	DOCPNFPP_01577

DiscRep_SUB:FEATURE_LOCATION_CONFLICT::Coding region xref gene does not exist
prokka_out/CA140717:CDS	Biosynthetic peptidoglycan transglycosylase	NODE_9_length_52770_cov_129.889729:15661-17883	DOCPNFPP_01578

DiscRep_SUB:FEATURE_LOCATION_CONFLICT::Coding region xref gene does not exist
prokka_out/CA140717:CDS	hypothetical protein	NODE_9_length_52770_cov_129.889729:17987-18508	DOCPNFPP_01579

DiscRep_SUB:FEATURE_LOCATION_CONFLICT::Coding region xref gene does not exist
prokka_out/CA140717:CDS	hypothetical protein	NODE_9_length_52770_cov_129.889729:18502-18903	DOCPNFPP_01580

DiscRep_SUB:FEATURE_LOCATION_CONFLICT::Coding region xref gene does not exist
prokka_out/CA140717:CDS	hypothetical protein	NODE_9_length_52770_cov_129.889729:18943-19977	DOCPNFPP_01581

DiscRep_SUB:FEATURE_LOCATION_CONFLICT::Coding region xref gene does not exist
prokka_out/CA140717:CDS	Undecaprenyl-diphosphatase	NODE_9_length_52770_cov_129.889729:20264-21067	DOCPNFPP_01582

DiscRep_SUB:FEATURE_LOCATION_CONFLICT::Coding region xref gene does not exist
prokka_out/CA140717:CDS	Threonine--tRNA ligase 2	NODE_9_length_52770_cov_129.889729:21199-23007	DOCPNFPP_01583

DiscRep_SUB:FEATURE_LOCATION_CONFLICT::Coding region xref gene does not exist
prokka_out/CA140717:CDS	Translation initiation factor IF-3	NODE_9_length_52770_cov_129.889729:23004-23522	DOCPNFPP_01584

DiscRep_SUB:FEATURE_LOCATION_CONFLICT::Coding region xref gene does not exist
prokka_out/CA140717:CDS	Modification methylase FokI	NODE_9_length_52770_cov_129.889729:23562-24665	DOCPNFPP_01585

DiscRep_SUB:FEATURE_LOCATION_CONFLICT::Coding region xref gene does not exist
prokka_out/CA140717:CDS	N-acetyl-gamma-glutamyl-phosphate reductase	NODE_9_length_52770_cov_129.889729:24858-25886	DOCPNFPP_01586

DiscRep_SUB:FEATURE_LOCATION_CONFLICT::Coding region xref gene does not exist
prokka_out/CA140717:CDS	Acetyltransferase YpeA	NODE_9_length_52770_cov_129.889729:25897-26343	DOCPNFPP_01587

DiscRep_SUB:FEATURE_LOCATION_CONFLICT::Coding region xref gene does not exist
prokka_out/CA140717:CDS	Acetylglutamate kinase	NODE_9_length_52770_cov_129.889729:26353-27192	DOCPNFPP_01588

DiscRep_SUB:FEATURE_LOCATION_CONFLICT::Coding region xref gene does not exist
prokka_out/CA140717:CDS	Acetylornithine aminotransferase	NODE_9_length_52770_cov_129.889729:27202-28386	DOCPNFPP_01589

DiscRep_SUB:FEATURE_LOCATION_CONFLICT::Coding region xref gene does not exist
prokka_out/CA140717:CDS	Protein-L-isoaspartate O-methyltransferase	NODE_9_length_52770_cov_129.889729:c29035-28406	DOCPNFPP_01590

DiscRep_SUB:FEATURE_LOCATION_CONFLICT::Coding region xref gene does not exist
prokka_out/CA140717:CDS	Protein YrdA	NODE_9_length_52770_cov_129.889729:29154-29693	DOCPNFPP_01591

DiscRep_SUB:FEATURE_LOCATION_CONFLICT::Coding region xref gene does not exist
prokka_out/CA140717:CDS	Nicotinate phosphoribosyltransferase pncB2	NODE_9_length_52770_cov_129.889729:c31175-29787	DOCPNFPP_01592

DiscRep_SUB:FEATURE_LOCATION_CONFLICT::Coding region xref gene does not exist
prokka_out/CA140717:CDS	Ribonucleoside-diphosphate reductase subunit beta	NODE_9_length_52770_cov_129.889729:c32219-31197	DOCPNFPP_01593

DiscRep_SUB:FEATURE_LOCATION_CONFLICT::Coding region xref gene does not exist
prokka_out/CA140717:CDS	hypothetical protein	NODE_9_length_52770_cov_129.889729:c32644-32234	DOCPNFPP_01594

DiscRep_SUB:FEATURE_LOCATION_CONFLICT::Coding region xref gene does not exist
prokka_out/CA140717:CDS	Orotate phosphoribosyltransferase	NODE_9_length_52770_cov_129.889729:c33253-32645	DOCPNFPP_01595

DiscRep_SUB:FEATURE_LOCATION_CONFLICT::Coding region xref gene does not exist
prokka_out/CA140717:CDS	Ribosome-recycling factor	NODE_9_length_52770_cov_129.889729:c33813-33256	DOCPNFPP_01596

DiscRep_SUB:FEATURE_LOCATION_CONFLICT::Coding region xref gene does not exist
prokka_out/CA140717:CDS	hypothetical protein	NODE_9_length_52770_cov_129.889729:c34186-33830	DOCPNFPP_01597

DiscRep_SUB:FEATURE_LOCATION_CONFLICT::Coding region xref gene does not exist
prokka_out/CA140717:CDS	Modulator of FtsH protease YccA	NODE_9_length_52770_cov_129.889729:c34988-34293	DOCPNFPP_01598

DiscRep_SUB:FEATURE_LOCATION_CONFLICT::Coding region xref gene does not exist
prokka_out/CA140717:CDS	Carbonic anhydrase 1	NODE_9_length_52770_cov_129.889729:35147-35782	DOCPNFPP_01599

DiscRep_SUB:FEATURE_LOCATION_CONFLICT::Coding region xref gene does not exist
prokka_out/CA140717:CDS	hypothetical protein	NODE_9_length_52770_cov_129.889729:35779-37662	DOCPNFPP_01600

DiscRep_SUB:FEATURE_LOCATION_CONFLICT::Coding region xref gene does not exist
prokka_out/CA140717:CDS	hypothetical protein	NODE_9_length_52770_cov_129.889729:c38657-37686	DOCPNFPP_01601

DiscRep_SUB:FEATURE_LOCATION_CONFLICT::Coding region xref gene does not exist
prokka_out/CA140717:CDS	Cysteine desulfurase IscS	NODE_9_length_52770_cov_129.889729:c39848-38667	DOCPNFPP_01602

DiscRep_SUB:FEATURE_LOCATION_CONFLICT::Coding region xref gene does not exist
prokka_out/CA140717:CDS	hypothetical protein	NODE_9_length_52770_cov_129.889729:c41189-40023	DOCPNFPP_01603

DiscRep_SUB:FEATURE_LOCATION_CONFLICT::Coding region xref gene does not exist
prokka_out/CA140717:CDS	hypothetical protein	NODE_9_length_52770_cov_129.889729:41342-41533	DOCPNFPP_01604

DiscRep_SUB:FEATURE_LOCATION_CONFLICT::Coding region xref gene does not exist
prokka_out/CA140717:CDS	50S ribosomal protein L20	NODE_9_length_52770_cov_129.889729:41627-41980	DOCPNFPP_01605

DiscRep_SUB:FEATURE_LOCATION_CONFLICT::Coding region xref gene does not exist
prokka_out/CA140717:CDS	hypothetical protein	NODE_9_length_52770_cov_129.889729:42267-43130	DOCPNFPP_01606

DiscRep_SUB:FEATURE_LOCATION_CONFLICT::Coding region xref gene does not exist
prokka_out/CA140717:CDS	hypothetical protein	NODE_9_length_52770_cov_129.889729:43152-43628	DOCPNFPP_01607

DiscRep_SUB:FEATURE_LOCATION_CONFLICT::Coding region xref gene does not exist
prokka_out/CA140717:CDS	Proline/betaine transporter	NODE_9_length_52770_cov_129.889729:c44907-43597	DOCPNFPP_01608

DiscRep_SUB:FEATURE_LOCATION_CONFLICT::Coding region xref gene does not exist
prokka_out/CA140717:CDS	hypothetical protein	NODE_9_length_52770_cov_129.889729:c45062-44910	DOCPNFPP_01609

DiscRep_SUB:FEATURE_LOCATION_CONFLICT::Coding region xref gene does not exist
prokka_out/CA140717:CDS	Cyclic pyranopterin monophosphate synthase	NODE_9_length_52770_cov_129.889729:45157-45630	DOCPNFPP_01610

DiscRep_SUB:FEATURE_LOCATION_CONFLICT::Coding region xref gene does not exist
prokka_out/CA140717:CDS	hypothetical protein	NODE_9_length_52770_cov_129.889729:45608-45871	DOCPNFPP_01611

DiscRep_SUB:FEATURE_LOCATION_CONFLICT::Coding region xref gene does not exist
prokka_out/CA140717:CDS	hypothetical protein	NODE_9_length_52770_cov_129.889729:45886-47022	DOCPNFPP_01612

DiscRep_SUB:FEATURE_LOCATION_CONFLICT::Coding region xref gene does not exist
prokka_out/CA140717:CDS	Exodeoxyribonuclease	NODE_9_length_52770_cov_129.889729:c47798-47040	DOCPNFPP_01613

DiscRep_SUB:FEATURE_LOCATION_CONFLICT::Coding region xref gene does not exist
prokka_out/CA140717:CDS	Phosphoethanolamine transferase EptA	NODE_9_length_52770_cov_129.889729:47914-49461	DOCPNFPP_01614

DiscRep_SUB:FEATURE_LOCATION_CONFLICT::Coding region xref gene does not exist
prokka_out/CA140717:CDS	Diacylglycerol kinase	NODE_9_length_52770_cov_129.889729:49461-49817	DOCPNFPP_01615

DiscRep_SUB:FEATURE_LOCATION_CONFLICT::Coding region xref gene does not exist
prokka_out/CA140717:CDS	hypothetical protein	NODE_9_length_52770_cov_129.889729:49808-50050	DOCPNFPP_01616

DiscRep_SUB:FEATURE_LOCATION_CONFLICT::Coding region xref gene does not exist
prokka_out/CA140717:CDS	Dihydroorotase	NODE_9_length_52770_cov_129.889729:50152-51156	DOCPNFPP_01617

DiscRep_SUB:FEATURE_LOCATION_CONFLICT::Coding region xref gene does not exist
prokka_out/CA140717:CDS	hypothetical protein	NODE_9_length_52770_cov_129.889729:c51571-51197	DOCPNFPP_01618

DiscRep_SUB:FEATURE_LOCATION_CONFLICT::Coding region xref gene does not exist
prokka_out/CA140717:CDS	Ubiquinone biosynthesis O-methyltransferase, mitochondrial	NODE_9_length_52770_cov_129.889729:c52434-51724	DOCPNFPP_01619

DiscRep_SUB:FEATURE_LOCATION_CONFLICT::Coding region xref gene does not exist
prokka_out/CA140717:CDS	hypothetical protein	NODE_9_length_52770_cov_129.889729:c52753-52553	DOCPNFPP_01620

DiscRep_SUB:FEATURE_LOCATION_CONFLICT::Coding region xref gene does not exist
prokka_out/CA140717:CDS	Flagellum-specific ATP synthase	NODE_10_length_45711_cov_128.792800:c1563-178	DOCPNFPP_01621

DiscRep_SUB:FEATURE_LOCATION_CONFLICT::Coding region xref gene does not exist
prokka_out/CA140717:CDS	GTP cyclohydrolase 1	NODE_10_length_45711_cov_128.792800:c2165-1563	DOCPNFPP_01622

DiscRep_SUB:FEATURE_LOCATION_CONFLICT::Coding region xref gene does not exist
prokka_out/CA140717:CDS	Trigger factor	NODE_10_length_45711_cov_128.792800:2256-3581	DOCPNFPP_01623

DiscRep_SUB:FEATURE_LOCATION_CONFLICT::Coding region xref gene does not exist
prokka_out/CA140717:CDS	ATP-dependent Clp protease proteolytic subunit	NODE_10_length_45711_cov_128.792800:3581-4165	DOCPNFPP_01624

DiscRep_SUB:FEATURE_LOCATION_CONFLICT::Coding region xref gene does not exist
prokka_out/CA140717:CDS	Peptide deformylase	NODE_10_length_45711_cov_128.792800:4193-4720	DOCPNFPP_01625

DiscRep_SUB:FEATURE_LOCATION_CONFLICT::Coding region xref gene does not exist
prokka_out/CA140717:CDS	Competence protein ComM	NODE_10_length_45711_cov_128.792800:4717-6222	DOCPNFPP_01626

DiscRep_SUB:FEATURE_LOCATION_CONFLICT::Coding region xref gene does not exist
prokka_out/CA140717:CDS	hypothetical protein	NODE_10_length_45711_cov_128.792800:6224-6922	DOCPNFPP_01627

DiscRep_SUB:FEATURE_LOCATION_CONFLICT::Coding region xref gene does not exist
prokka_out/CA140717:CDS	Bifunctional NAD(P)H-hydrate repair enzyme Nnr	NODE_10_length_45711_cov_128.792800:6906-8276	DOCPNFPP_01628

DiscRep_SUB:FEATURE_LOCATION_CONFLICT::Coding region xref gene does not exist
prokka_out/CA140717:CDS	Phosphoribosylglycinamide formyltransferase	NODE_10_length_45711_cov_128.792800:8267-8842	DOCPNFPP_01629

DiscRep_SUB:FEATURE_LOCATION_CONFLICT::Coding region xref gene does not exist
prokka_out/CA140717:CDS	hypothetical protein	NODE_10_length_45711_cov_128.792800:c8983-8894	DOCPNFPP_01630

DiscRep_SUB:FEATURE_LOCATION_CONFLICT::Coding region xref gene does not exist
prokka_out/CA140717:CDS	hypothetical protein	NODE_10_length_45711_cov_128.792800:c9372-8980	DOCPNFPP_01631

DiscRep_SUB:FEATURE_LOCATION_CONFLICT::Coding region xref gene does not exist
prokka_out/CA140717:CDS	hypothetical protein	NODE_10_length_45711_cov_128.792800:c10099-9383	DOCPNFPP_01632

DiscRep_SUB:FEATURE_LOCATION_CONFLICT::Coding region xref gene does not exist
prokka_out/CA140717:CDS	hypothetical protein	NODE_10_length_45711_cov_128.792800:10240-10980	DOCPNFPP_01633

DiscRep_SUB:FEATURE_LOCATION_CONFLICT::Coding region xref gene does not exist
prokka_out/CA140717:CDS	hypothetical protein	NODE_10_length_45711_cov_128.792800:11030-11239	DOCPNFPP_01634

DiscRep_SUB:FEATURE_LOCATION_CONFLICT::Coding region xref gene does not exist
prokka_out/CA140717:CDS	Bis(5'-nucleosyl)-tetraphosphatase, symmetrical	NODE_10_length_45711_cov_128.792800:11248-12432	DOCPNFPP_01635

DiscRep_SUB:FEATURE_LOCATION_CONFLICT::Coding region xref gene does not exist
prokka_out/CA140717:CDS	hypothetical protein	NODE_10_length_45711_cov_128.792800:c13805-12444	DOCPNFPP_01636

DiscRep_SUB:FEATURE_LOCATION_CONFLICT::Coding region xref gene does not exist
prokka_out/CA140717:CDS	Inner membrane transport protein YnfM	NODE_10_length_45711_cov_128.792800:13917-15050	DOCPNFPP_01637

DiscRep_SUB:FEATURE_LOCATION_CONFLICT::Coding region xref gene does not exist
prokka_out/CA140717:CDS	hypothetical protein	NODE_10_length_45711_cov_128.792800:c16261-15041	DOCPNFPP_01638

DiscRep_SUB:FEATURE_LOCATION_CONFLICT::Coding region xref gene does not exist
prokka_out/CA140717:CDS	hypothetical protein	NODE_10_length_45711_cov_128.792800:c17063-16317	DOCPNFPP_01639

DiscRep_SUB:FEATURE_LOCATION_CONFLICT::Coding region xref gene does not exist
prokka_out/CA140717:CDS	Biopolymer transport protein ExbD	NODE_10_length_45711_cov_128.792800:c17476-17066	DOCPNFPP_01640

DiscRep_SUB:FEATURE_LOCATION_CONFLICT::Coding region xref gene does not exist
prokka_out/CA140717:CDS	Biopolymer transport protein ExbB	NODE_10_length_45711_cov_128.792800:c18224-17463	DOCPNFPP_01641

DiscRep_SUB:FEATURE_LOCATION_CONFLICT::Coding region xref gene does not exist
prokka_out/CA140717:CDS	putative TonB-dependent receptor	NODE_10_length_45711_cov_128.792800:c20513-18237	DOCPNFPP_01642

DiscRep_SUB:FEATURE_LOCATION_CONFLICT::Coding region xref gene does not exist
prokka_out/CA140717:CDS	hypothetical protein	NODE_10_length_45711_cov_128.792800:c21365-20523	DOCPNFPP_01643

DiscRep_SUB:FEATURE_LOCATION_CONFLICT::Coding region xref gene does not exist
prokka_out/CA140717:CDS	hypothetical protein	NODE_10_length_45711_cov_128.792800:21611-21733	DOCPNFPP_01644

DiscRep_SUB:FEATURE_LOCATION_CONFLICT::Coding region xref gene does not exist
prokka_out/CA140717:CDS	Iron uptake protein A1	NODE_10_length_45711_cov_128.792800:21734-22738	DOCPNFPP_01645

DiscRep_SUB:FEATURE_LOCATION_CONFLICT::Coding region xref gene does not exist
prokka_out/CA140717:CDS	hypothetical protein	NODE_10_length_45711_cov_128.792800:22738-24354	DOCPNFPP_01646

DiscRep_SUB:FEATURE_LOCATION_CONFLICT::Coding region xref gene does not exist
prokka_out/CA140717:CDS	Vitamin B12 import ATP-binding protein BtuD	NODE_10_length_45711_cov_128.792800:24341-25246	DOCPNFPP_01647

DiscRep_SUB:FEATURE_LOCATION_CONFLICT::Coding region xref gene does not exist
prokka_out/CA140717:CDS	Carboxynorspermidine synthase	NODE_10_length_45711_cov_128.792800:25282-26487	DOCPNFPP_01648

DiscRep_SUB:FEATURE_LOCATION_CONFLICT::Coding region xref gene does not exist
prokka_out/CA140717:CDS	Superoxide dismutase [Fe]	NODE_10_length_45711_cov_128.792800:c27176-26514	DOCPNFPP_01649

DiscRep_SUB:FEATURE_LOCATION_CONFLICT::Coding region xref gene does not exist
prokka_out/CA140717:CDS	hypothetical protein	NODE_10_length_45711_cov_128.792800:c27575-27282	DOCPNFPP_01650

DiscRep_SUB:FEATURE_LOCATION_CONFLICT::Coding region xref gene does not exist
prokka_out/CA140717:CDS	hypothetical protein	NODE_10_length_45711_cov_128.792800:c28113-27706	DOCPNFPP_01651

DiscRep_SUB:FEATURE_LOCATION_CONFLICT::Coding region xref gene does not exist
prokka_out/CA140717:CDS	putative manganese efflux pump MntP	NODE_10_length_45711_cov_128.792800:28522-29085	DOCPNFPP_01653

DiscRep_SUB:FEATURE_LOCATION_CONFLICT::Coding region xref gene does not exist
prokka_out/CA140717:CDS	tRNA dimethylallyltransferase	NODE_10_length_45711_cov_128.792800:c29940-29071	DOCPNFPP_01654

DiscRep_SUB:FEATURE_LOCATION_CONFLICT::Coding region xref gene does not exist
prokka_out/CA140717:CDS	4-hydroxybenzoate polyprenyltransferase, mitochondrial	NODE_10_length_45711_cov_128.792800:30012-30896	DOCPNFPP_01655

DiscRep_SUB:FEATURE_LOCATION_CONFLICT::Coding region xref gene does not exist
prokka_out/CA140717:CDS	hypothetical protein	NODE_10_length_45711_cov_128.792800:30887-31387	DOCPNFPP_01656

DiscRep_SUB:FEATURE_LOCATION_CONFLICT::Coding region xref gene does not exist
prokka_out/CA140717:CDS	hypothetical protein	NODE_10_length_45711_cov_128.792800:31380-31898	DOCPNFPP_01657

DiscRep_SUB:FEATURE_LOCATION_CONFLICT::Coding region xref gene does not exist
prokka_out/CA140717:CDS	GTP 3',8-cyclase	NODE_10_length_45711_cov_128.792800:31914-32876	DOCPNFPP_01658

DiscRep_SUB:FEATURE_LOCATION_CONFLICT::Coding region xref gene does not exist
prokka_out/CA140717:CDS	7-carboxy-7-deazaguanine synthase	NODE_10_length_45711_cov_128.792800:32879-33622	DOCPNFPP_01659

DiscRep_SUB:FEATURE_LOCATION_CONFLICT::Coding region xref gene does not exist
prokka_out/CA140717:CDS	hypothetical protein	NODE_10_length_45711_cov_128.792800:33619-34200	DOCPNFPP_01660

DiscRep_SUB:FEATURE_LOCATION_CONFLICT::Coding region xref gene does not exist
prokka_out/CA140717:CDS	hypothetical protein	NODE_10_length_45711_cov_128.792800:34200-34622	DOCPNFPP_01661

DiscRep_SUB:FEATURE_LOCATION_CONFLICT::Coding region xref gene does not exist
prokka_out/CA140717:CDS	hypothetical protein	NODE_10_length_45711_cov_128.792800:34623-35030	DOCPNFPP_01662

DiscRep_SUB:FEATURE_LOCATION_CONFLICT::Coding region xref gene does not exist
prokka_out/CA140717:CDS	Ribosomal RNA small subunit methyltransferase E	NODE_10_length_45711_cov_128.792800:35031-35684	DOCPNFPP_01663

DiscRep_SUB:FEATURE_LOCATION_CONFLICT::Coding region xref gene does not exist
prokka_out/CA140717:CDS	50S ribosomal protein L31	NODE_10_length_45711_cov_128.792800:35763-35963	DOCPNFPP_01664

DiscRep_SUB:FEATURE_LOCATION_CONFLICT::Coding region xref gene does not exist
prokka_out/CA140717:CDS	Ribosomal RNA small subunit methyltransferase I	NODE_10_length_45711_cov_128.792800:35966-36790	DOCPNFPP_01665

DiscRep_SUB:FEATURE_LOCATION_CONFLICT::Coding region xref gene does not exist
prokka_out/CA140717:CDS	23S rRNA (guanosine-2'-O-)-methyltransferase RlmB	NODE_10_length_45711_cov_128.792800:36803-37486	DOCPNFPP_01666

DiscRep_SUB:FEATURE_LOCATION_CONFLICT::Coding region xref gene does not exist
prokka_out/CA140717:CDS	hypothetical protein	NODE_10_length_45711_cov_128.792800:37479-38426	DOCPNFPP_01667

DiscRep_SUB:FEATURE_LOCATION_CONFLICT::Coding region xref gene does not exist
prokka_out/CA140717:CDS	hypothetical protein	NODE_10_length_45711_cov_128.792800:38420-39226	DOCPNFPP_01668

DiscRep_SUB:FEATURE_LOCATION_CONFLICT::Coding region xref gene does not exist
prokka_out/CA140717:CDS	Glutamate-pyruvate aminotransferase AlaC	NODE_10_length_45711_cov_128.792800:39239-40444	DOCPNFPP_01669

DiscRep_SUB:FEATURE_LOCATION_CONFLICT::Coding region xref gene does not exist
prokka_out/CA140717:CDS	Homoserine dehydrogenase	NODE_10_length_45711_cov_128.792800:40446-41696	DOCPNFPP_01670

DiscRep_SUB:FEATURE_LOCATION_CONFLICT::Coding region xref gene does not exist
prokka_out/CA140717:CDS	hypothetical protein	NODE_10_length_45711_cov_128.792800:41696-42034	DOCPNFPP_01671

DiscRep_SUB:FEATURE_LOCATION_CONFLICT::Coding region xref gene does not exist
prokka_out/CA140717:CDS	Thioredoxin	NODE_10_length_45711_cov_128.792800:42089-42403	DOCPNFPP_01672

DiscRep_SUB:FEATURE_LOCATION_CONFLICT::Coding region xref gene does not exist
prokka_out/CA140717:CDS	Thioredoxin reductase	NODE_10_length_45711_cov_128.792800:42539-43477	DOCPNFPP_01673

DiscRep_SUB:FEATURE_LOCATION_CONFLICT::Coding region xref gene does not exist
prokka_out/CA140717:CDS	hypothetical protein	NODE_10_length_45711_cov_128.792800:c45383-43602	DOCPNFPP_01674

DiscRep_SUB:FEATURE_LOCATION_CONFLICT::RNA feature xref gene does not exist
prokka_out/CA140717:tRNA	Glu	NODE_10_length_45711_cov_128.792800:c28349-28275	DOCPNFPP_01652

DiscRep_SUB:FEATURE_LOCATION_CONFLICT::Coding region xref gene does not exist
prokka_out/CA140717:CDS	Dihydroanticapsin 7-dehydrogenase	NODE_11_length_26788_cov_120.546041:c908-138	DOCPNFPP_01675

DiscRep_SUB:FEATURE_LOCATION_CONFLICT::Coding region xref gene does not exist
prokka_out/CA140717:CDS	CMP-N,N'-diacetyllegionaminic acid synthase	NODE_11_length_26788_cov_120.546041:c1615-908	DOCPNFPP_01676

DiscRep_SUB:FEATURE_LOCATION_CONFLICT::Coding region xref gene does not exist
prokka_out/CA140717:CDS	hypothetical protein	NODE_11_length_26788_cov_120.546041:c2513-1608	DOCPNFPP_01677

DiscRep_SUB:FEATURE_LOCATION_CONFLICT::Coding region xref gene does not exist
prokka_out/CA140717:CDS	UTP--glucose-1-phosphate uridylyltransferase	NODE_11_length_26788_cov_120.546041:c3535-2510	DOCPNFPP_01678

DiscRep_SUB:FEATURE_LOCATION_CONFLICT::Coding region xref gene does not exist
prokka_out/CA140717:CDS	GDP/UDP-N,N'-diacetylbacillosamine 2-epimerase (hydrolyzing)	NODE_11_length_26788_cov_120.546041:c4698-3544	DOCPNFPP_01679

DiscRep_SUB:FEATURE_LOCATION_CONFLICT::Coding region xref gene does not exist
prokka_out/CA140717:CDS	N,N'-diacetyllegionaminic acid synthase	NODE_11_length_26788_cov_120.546041:c5695-4691	DOCPNFPP_01680

DiscRep_SUB:FEATURE_LOCATION_CONFLICT::Coding region xref gene does not exist
prokka_out/CA140717:CDS	hypothetical protein	NODE_11_length_26788_cov_120.546041:c6094-5735	DOCPNFPP_01681

DiscRep_SUB:FEATURE_LOCATION_CONFLICT::Coding region xref gene does not exist
prokka_out/CA140717:CDS	hypothetical protein	NODE_11_length_26788_cov_120.546041:c6410-6141	DOCPNFPP_01682

DiscRep_SUB:FEATURE_LOCATION_CONFLICT::Coding region xref gene does not exist
prokka_out/CA140717:CDS	hypothetical protein	NODE_11_length_26788_cov_120.546041:c7549-6428	DOCPNFPP_01683

DiscRep_SUB:FEATURE_LOCATION_CONFLICT::Coding region xref gene does not exist
prokka_out/CA140717:CDS	hypothetical protein	NODE_11_length_26788_cov_120.546041:c8052-7666	DOCPNFPP_01684

DiscRep_SUB:FEATURE_LOCATION_CONFLICT::Coding region xref gene does not exist
prokka_out/CA140717:CDS	hypothetical protein	NODE_11_length_26788_cov_120.546041:c8372-8055	DOCPNFPP_01685

DiscRep_SUB:FEATURE_LOCATION_CONFLICT::Coding region xref gene does not exist
prokka_out/CA140717:CDS	UDP-N-acetylbacillosamine N-acetyltransferase	NODE_11_length_26788_cov_120.546041:c8672-8445	DOCPNFPP_01686

DiscRep_SUB:FEATURE_LOCATION_CONFLICT::Coding region xref gene does not exist
prokka_out/CA140717:CDS	hypothetical protein	NODE_11_length_26788_cov_120.546041:c8988-8740	DOCPNFPP_01687

DiscRep_SUB:FEATURE_LOCATION_CONFLICT::Coding region xref gene does not exist
prokka_out/CA140717:CDS	Putative pyridoxal phosphate-dependent aminotransferase EpsN	NODE_11_length_26788_cov_120.546041:c10252-9098	DOCPNFPP_01688

DiscRep_SUB:FEATURE_LOCATION_CONFLICT::Coding region xref gene does not exist
prokka_out/CA140717:CDS	GDP-6-deoxy-D-mannose reductase	NODE_11_length_26788_cov_120.546041:c11237-10245	DOCPNFPP_01689

DiscRep_SUB:FEATURE_LOCATION_CONFLICT::Coding region xref gene does not exist
prokka_out/CA140717:CDS	hypothetical protein	NODE_11_length_26788_cov_120.546041:c13159-11213	DOCPNFPP_01690

DiscRep_SUB:FEATURE_LOCATION_CONFLICT::Coding region xref gene does not exist
prokka_out/CA140717:CDS	Pseudaminic acid synthase	NODE_11_length_26788_cov_120.546041:c14187-13156	DOCPNFPP_01691

DiscRep_SUB:FEATURE_LOCATION_CONFLICT::Coding region xref gene does not exist
prokka_out/CA140717:CDS	hypothetical protein	NODE_11_length_26788_cov_120.546041:14443-15579	DOCPNFPP_01692

DiscRep_SUB:FEATURE_LOCATION_CONFLICT::Coding region xref gene does not exist
prokka_out/CA140717:CDS	Imidazole glycerol phosphate synthase subunit HisH	NODE_11_length_26788_cov_120.546041:15576-16181	DOCPNFPP_01693

DiscRep_SUB:FEATURE_LOCATION_CONFLICT::Coding region xref gene does not exist
prokka_out/CA140717:CDS	Imidazole glycerol phosphate synthase subunit HisF	NODE_11_length_26788_cov_120.546041:16182-16928	DOCPNFPP_01694

DiscRep_SUB:FEATURE_LOCATION_CONFLICT::Coding region xref gene does not exist
prokka_out/CA140717:CDS	UDP-4-amino-4,6-dideoxy-N-acetyl-beta-L-altrosamine N-acetyltransferase	NODE_11_length_26788_cov_120.546041:c17366-16893	DOCPNFPP_01695

DiscRep_SUB:FEATURE_LOCATION_CONFLICT::Coding region xref gene does not exist
prokka_out/CA140717:CDS	UDP-2,4-diacetamido-2,4,6-trideoxy-beta-L-altropyranose hydrolase	NODE_11_length_26788_cov_120.546041:c18187-17363	DOCPNFPP_01696

DiscRep_SUB:FEATURE_LOCATION_CONFLICT::Coding region xref gene does not exist
prokka_out/CA140717:CDS	CMP-N,N'-diacetyllegionaminic acid synthase	NODE_11_length_26788_cov_120.546041:c18869-18171	DOCPNFPP_01697

DiscRep_SUB:FEATURE_LOCATION_CONFLICT::Coding region xref gene does not exist
prokka_out/CA140717:CDS	hypothetical protein	NODE_11_length_26788_cov_120.546041:18949-20160	DOCPNFPP_01698

DiscRep_SUB:FEATURE_LOCATION_CONFLICT::Coding region xref gene does not exist
prokka_out/CA140717:CDS	hypothetical protein	NODE_11_length_26788_cov_120.546041:c21499-20567	DOCPNFPP_01699

DiscRep_SUB:FEATURE_LOCATION_CONFLICT::Coding region xref gene does not exist
prokka_out/CA140717:CDS	hypothetical protein	NODE_11_length_26788_cov_120.546041:21600-21905	DOCPNFPP_01700

DiscRep_SUB:FEATURE_LOCATION_CONFLICT::Coding region xref gene does not exist
prokka_out/CA140717:CDS	hypothetical protein	NODE_11_length_26788_cov_120.546041:21953-22669	DOCPNFPP_01701

DiscRep_SUB:FEATURE_LOCATION_CONFLICT::Coding region xref gene does not exist
prokka_out/CA140717:CDS	hypothetical protein	NODE_11_length_26788_cov_120.546041:c22893-22666	DOCPNFPP_01702

DiscRep_SUB:FEATURE_LOCATION_CONFLICT::Coding region xref gene does not exist
prokka_out/CA140717:CDS	Methionyl-tRNA formyltransferase	NODE_11_length_26788_cov_120.546041:c23614-22895	DOCPNFPP_01703

DiscRep_SUB:FEATURE_LOCATION_CONFLICT::Coding region xref gene does not exist
prokka_out/CA140717:CDS	hypothetical protein	NODE_11_length_26788_cov_120.546041:c24339-23614	DOCPNFPP_01704

DiscRep_SUB:FEATURE_LOCATION_CONFLICT::Coding region xref gene does not exist
prokka_out/CA140717:CDS	D-alanine--D-alanyl carrier protein ligase	NODE_11_length_26788_cov_120.546041:c25840-24332	DOCPNFPP_01705

DiscRep_SUB:FEATURE_LOCATION_CONFLICT::RNA feature xref gene does not exist
prokka_out/CA140717:rRNA	23S ribosomal RNA	NODE_12_length_6753_cov_462.150468:c3939-890	DOCPNFPP_01706

DiscRep_SUB:FEATURE_LOCATION_CONFLICT::RNA feature xref gene does not exist
prokka_out/CA140717:tRNA	Ile	NODE_12_length_6753_cov_462.150468:c4628-4552	DOCPNFPP_01707

DiscRep_SUB:FEATURE_LOCATION_CONFLICT::RNA feature xref gene does not exist
prokka_out/CA140717:tRNA	Ala	NODE_12_length_6753_cov_462.150468:c4711-4636	DOCPNFPP_01708

DiscRep_SUB:FEATURE_LOCATION_CONFLICT::RNA feature xref gene does not exist
prokka_out/CA140717:rRNA	16S ribosomal RNA	NODE_12_length_6753_cov_462.150468:c6320-4811	DOCPNFPP_01709

DiscRep_SUB:FEATURE_LOCATION_CONFLICT::Coding region xref gene does not exist
prokka_out/CA140717:CDS	hypothetical protein	NODE_13_length_4677_cov_136.050989:c3545-1665	DOCPNFPP_01710

DiscRep_SUB:FEATURE_LOCATION_CONFLICT::Coding region xref gene does not exist
prokka_out/CA140717:CDS	hypothetical protein	NODE_13_length_4677_cov_136.050989:c4612-3521	DOCPNFPP_01711

DiscRep_SUB:FEATURE_LOCATION_CONFLICT::Coding region xref gene does not exist
prokka_out/CA140717:CDS	Flagellin B	NODE_14_length_2416_cov_115.372652:36-371	DOCPNFPP_01712

DiscRep_SUB:FEATURE_LOCATION_CONFLICT::Coding region xref gene does not exist
prokka_out/CA140717:CDS	hypothetical protein	NODE_14_length_2416_cov_115.372652:c2309-402	DOCPNFPP_01713

DiscRep_SUB:FEATURE_LOCATION_CONFLICT::Coding region xref gene does not exist
prokka_out/CA140717:CDS	hypothetical protein	NODE_14_length_2416_cov_115.372652:c2407-2285	DOCPNFPP_01714

DiscRep_SUB:FEATURE_LOCATION_CONFLICT::Coding region xref gene does not exist
prokka_out/CA140717:CDS	Flagellin A	NODE_15_length_1759_cov_164.042279:c1724-1389	DOCPNFPP_01715

DiscRep_SUB:FEATURE_LOCATION_CONFLICT::Coding region xref gene does not exist
prokka_out/CA140717:CDS	hypothetical protein	NODE_55_length_433_cov_226.591503:136-396	DOCPNFPP_01716

DiscRep_ALL:OVERLAPPING_CDS::12 coding regions overlap another coding region with a similar or identical name.
DiscRep_SUB:OVERLAPPING_CDS::12 coding regions overlap another coding region with a similar or identical name that do not have the appropriate note text
prokka_out/CA140717:CDS	Bifunctional DNA-directed RNA polymerase subunit beta-beta'	NODE_2_length_256043_cov_128.365530:c211423-206873	DOCPNFPP_00592
prokka_out/CA140717:CDS	Bifunctional DNA-directed RNA polymerase subunit beta-beta'	NODE_2_length_256043_cov_128.365530:c215543-211416	DOCPNFPP_00593
prokka_out/CA140717:CDS	Bacteriohemerythrin	NODE_4_length_171631_cov_131.281562:60129-60815	DOCPNFPP_00937
prokka_out/CA140717:CDS	Bacteriohemerythrin	NODE_4_length_171631_cov_131.281562:60767-61105	DOCPNFPP_00938
prokka_out/CA140717:CDS	Na(+)/H(+) antiporter NhaA	NODE_4_length_171631_cov_131.281562:c100169-99000	DOCPNFPP_00984
prokka_out/CA140717:CDS	Na(+)/H(+) antiporter NhaA	NODE_4_length_171631_cov_131.281562:c101314-100166	DOCPNFPP_00985
prokka_out/CA140717:CDS	Bacteriohemerythrin	NODE_4_length_171631_cov_131.281562:128755-129444	DOCPNFPP_01015
prokka_out/CA140717:CDS	Bacteriohemerythrin	NODE_4_length_171631_cov_131.281562:129425-130036	DOCPNFPP_01016
prokka_out/CA140717:CDS	GTPase Der	NODE_5_length_162390_cov_131.001288:c14437-12605	DOCPNFPP_01072
prokka_out/CA140717:CDS	GTPase Der	NODE_5_length_162390_cov_131.001288:c16613-14427	DOCPNFPP_01073
prokka_out/CA140717:CDS	Trimethylamine-N-oxide reductase 2	NODE_9_length_52770_cov_129.889729:c2632-1532	DOCPNFPP_01566
prokka_out/CA140717:CDS	Trimethylamine-N-oxide reductase 2	NODE_9_length_52770_cov_129.889729:c3359-2598	DOCPNFPP_01567

DiscRep_ALL:SUSPECT_PRODUCT_NAMES::6 product_names contain suspect phrase or characters
DiscRep_SUB:SUSPECT_PRODUCT_NAMES::Suspicious phrase; should this be nonfunctional?
DiscRep_SUB:SUSPECT_PRODUCT_NAMES::1 features contains 'truncat'
prokka_out/CA140717:CDS	Group 3 truncated hemoglobin ctb	NODE_2_length_256043_cov_128.365530:223586-223972	DOCPNFPP_00611

DiscRep_SUB:SUSPECT_PRODUCT_NAMES::May contain database identifier more appropriate in note; remove from product name
DiscRep_SUB:SUSPECT_PRODUCT_NAMES::2 features contains three or more numbers together that may be identifiers more appropriate in note
prokka_out/CA140717:CDS	Putative two-component membrane permease complex subunit SMU_747c	NODE_3_length_238243_cov_132.438963:233437-234384	DOCPNFPP_00867
prokka_out/CA140717:CDS	Beta-lactamase OXA-133	NODE_5_length_162390_cov_131.001288:c121964-121191	DOCPNFPP_01186

DiscRep_SUB:SUSPECT_PRODUCT_NAMES::1 features Contains underscore
prokka_out/CA140717:CDS	Putative two-component membrane permease complex subunit SMU_747c	NODE_3_length_238243_cov_132.438963:233437-234384	DOCPNFPP_00867

DiscRep_SUB:SUSPECT_PRODUCT_NAMES::Use short product name instead of descriptive phrase
DiscRep_SUB:SUSPECT_PRODUCT_NAMES::2 features Is longer than 100 characters. Remove descriptive phrases or synonyms from product names. Keep valid long product names, eg long enzyme names
prokka_out/CA140717:CDS	GalNAc-alpha-(1->4)-GalNAc-alpha-(1->3)-diNAcBac-PP-undecaprenol alpha-1,4-N-acetyl-D-galactosaminyltransferase	NODE_1_length_379410_cov_119.795087:109383-110459	DOCPNFPP_00107
prokka_out/CA140717:CDS	N-acetylgalactosamine-N,N'-diacetylbacillosaminyl-diphospho-undecaprenol 4-alpha-N-acetylgalactosaminyltransferase	NODE_1_length_379410_cov_119.795087:111369-112466	DOCPNFPP_00109

FATAL: DiscRep_ALL:EC_NUMBER_ON_UNKNOWN_PROTEIN::1 protein features have an EC number and a protein name of 'unknown protein' or 'hypothetical protein'
prokka_out/CA140717:CDS	hypothetical protein	NODE_7_length_107807_cov_120.511413:46640-47236	DOCPNFPP_01428

DiscRep_ALL:NO_ANNOTATION::11 bioseqs have no features
prokka_out/CA140717:NODE_20_length_770_cov_115.970451 (length 770)
prokka_out/CA140717:NODE_21_length_767_cov_120.664062 (length 767)
prokka_out/CA140717:NODE_24_length_592_cov_2.060215 (length 592)
prokka_out/CA140717:NODE_25_length_579_cov_2.035398 (length 579)
prokka_out/CA140717:NODE_36_length_470_cov_2.023324 (length 470)
prokka_out/CA140717:NODE_37_length_467_cov_595.732353 (length 467)
prokka_out/CA140717:NODE_60_length_423_cov_317.250000 (length 423)
prokka_out/CA140717:NODE_61_length_367_cov_287.687500 (length 367)
prokka_out/CA140717:NODE_62_length_294_cov_226.598802 (length 294)
prokka_out/CA140717:NODE_63_length_255_cov_149.015625 (length 255)
prokka_out/CA140717:NODE_64_length_252_cov_150.904000 (length 252)

DiscRep_ALL:DISC_QUALITY_SCORES::Quality scores are missing on all sequences.

DiscRep_ALL:ONCALLER_COMMENT_PRESENT::27 comment descriptors were found (all same)
prokka_out/CA140717:NODE_1_length_379410_cov_119.795087:Annotated using prokka 1.14.6 from https://github.com/tseemann/prokka
prokka_out/CA140717:NODE_2_length_256043_cov_128.365530:Annotated using prokka 1.14.6 from https://github.com/tseemann/prokka
prokka_out/CA140717:NODE_3_length_238243_cov_132.438963:Annotated using prokka 1.14.6 from https://github.com/tseemann/prokka
prokka_out/CA140717:NODE_4_length_171631_cov_131.281562:Annotated using prokka 1.14.6 from https://github.com/tseemann/prokka
prokka_out/CA140717:NODE_5_length_162390_cov_131.001288:Annotated using prokka 1.14.6 from https://github.com/tseemann/prokka
prokka_out/CA140717:NODE_6_length_129369_cov_135.307400:Annotated using prokka 1.14.6 from https://github.com/tseemann/prokka
prokka_out/CA140717:NODE_7_length_107807_cov_120.511413:Annotated using prokka 1.14.6 from https://github.com/tseemann/prokka
prokka_out/CA140717:NODE_8_length_68092_cov_124.923578:Annotated using prokka 1.14.6 from https://github.com/tseemann/prokka
prokka_out/CA140717:NODE_9_length_52770_cov_129.889729:Annotated using prokka 1.14.6 from https://github.com/tseemann/prokka
prokka_out/CA140717:NODE_10_length_45711_cov_128.792800:Annotated using prokka 1.14.6 from https://github.com/tseemann/prokka
prokka_out/CA140717:NODE_11_length_26788_cov_120.546041:Annotated using prokka 1.14.6 from https://github.com/tseemann/prokka
prokka_out/CA140717:NODE_12_length_6753_cov_462.150468:Annotated using prokka 1.14.6 from https://github.com/tseemann/prokka
prokka_out/CA140717:NODE_13_length_4677_cov_136.050989:Annotated using prokka 1.14.6 from https://github.com/tseemann/prokka
prokka_out/CA140717:NODE_14_length_2416_cov_115.372652:Annotated using prokka 1.14.6 from https://github.com/tseemann/prokka
prokka_out/CA140717:NODE_15_length_1759_cov_164.042279:Annotated using prokka 1.14.6 from https://github.com/tseemann/prokka
prokka_out/CA140717:NODE_20_length_770_cov_115.970451:Annotated using prokka 1.14.6 from https://github.com/tseemann/prokka
prokka_out/CA140717:NODE_21_length_767_cov_120.664062:Annotated using prokka 1.14.6 from https://github.com/tseemann/prokka
prokka_out/CA140717:NODE_24_length_592_cov_2.060215:Annotated using prokka 1.14.6 from https://github.com/tseemann/prokka
prokka_out/CA140717:NODE_25_length_579_cov_2.035398:Annotated using prokka 1.14.6 from https://github.com/tseemann/prokka
prokka_out/CA140717:NODE_36_length_470_cov_2.023324:Annotated using prokka 1.14.6 from https://github.com/tseemann/prokka
prokka_out/CA140717:NODE_37_length_467_cov_595.732353:Annotated using prokka 1.14.6 from https://github.com/tseemann/prokka
prokka_out/CA140717:NODE_55_length_433_cov_226.591503:Annotated using prokka 1.14.6 from https://github.com/tseemann/prokka
prokka_out/CA140717:NODE_60_length_423_cov_317.250000:Annotated using prokka 1.14.6 from https://github.com/tseemann/prokka
prokka_out/CA140717:NODE_61_length_367_cov_287.687500:Annotated using prokka 1.14.6 from https://github.com/tseemann/prokka
prokka_out/CA140717:NODE_62_length_294_cov_226.598802:Annotated using prokka 1.14.6 from https://github.com/tseemann/prokka
prokka_out/CA140717:NODE_63_length_255_cov_149.015625:Annotated using prokka 1.14.6 from https://github.com/tseemann/prokka
prokka_out/CA140717:NODE_64_length_252_cov_150.904000:Annotated using prokka 1.14.6 from https://github.com/tseemann/prokka

DiscRep_ALL:SHORT_PROT_SEQUENCES::14 protein sequences are shorter than 50 aa.
prokka_out/CA140717:NODE_1_length_379410_cov_119.795087_> (length 45)
prokka_out/CA140717:NODE_1_length_379410_cov_119.795087_> (length 46)
prokka_out/CA140717:NODE_1_length_379410_cov_119.795087_> (length 44)
prokka_out/CA140717:NODE_1_length_379410_cov_119.795087_> (length 49)
prokka_out/CA140717:NODE_2_length_256043_cov_128.365530_> (length 46)
prokka_out/CA140717:NODE_3_length_238243_cov_132.438963_> (length 34)
prokka_out/CA140717:NODE_3_length_238243_cov_132.438963_> (length 33)
prokka_out/CA140717:NODE_4_length_171631_cov_131.281562_> (length 34)
prokka_out/CA140717:NODE_5_length_162390_cov_131.001288_> (length 48)
prokka_out/CA140717:NODE_6_length_129369_cov_135.307400_> (length 44)
prokka_out/CA140717:NODE_6_length_129369_cov_135.307400_> (length 34)
prokka_out/CA140717:NODE_10_length_45711_cov_128.792800_> (length 29)
prokka_out/CA140717:NODE_10_length_45711_cov_128.792800_> (length 40)
prokka_out/CA140717:NODE_14_length_2416_cov_115.372652_3 (length 40)

DiscRep_ALL:MISSING_GENOMEASSEMBLY_COMMENTS::27 bioseqs are missing GenomeAssembly structured comments
prokka_out/CA140717:NODE_1_length_379410_cov_119.795087 (length 379410)
prokka_out/CA140717:NODE_2_length_256043_cov_128.365530 (length 256043)
prokka_out/CA140717:NODE_3_length_238243_cov_132.438963 (length 238243)
prokka_out/CA140717:NODE_4_length_171631_cov_131.281562 (length 171631)
prokka_out/CA140717:NODE_5_length_162390_cov_131.001288 (length 162390)
prokka_out/CA140717:NODE_6_length_129369_cov_135.307400 (length 129369)
prokka_out/CA140717:NODE_7_length_107807_cov_120.511413 (length 107807)
prokka_out/CA140717:NODE_8_length_68092_cov_124.923578 (length 68092)
prokka_out/CA140717:NODE_9_length_52770_cov_129.889729 (length 52770)
prokka_out/CA140717:NODE_10_length_45711_cov_128.792800 (length 45711)
prokka_out/CA140717:NODE_11_length_26788_cov_120.546041 (length 26788)
prokka_out/CA140717:NODE_12_length_6753_cov_462.150468 (length 6753)
prokka_out/CA140717:NODE_13_length_4677_cov_136.050989 (length 4677)
prokka_out/CA140717:NODE_14_length_2416_cov_115.372652 (length 2416)
prokka_out/CA140717:NODE_15_length_1759_cov_164.042279 (length 1759)
prokka_out/CA140717:NODE_20_length_770_cov_115.970451 (length 770)
prokka_out/CA140717:NODE_21_length_767_cov_120.664062 (length 767)
prokka_out/CA140717:NODE_24_length_592_cov_2.060215 (length 592)
prokka_out/CA140717:NODE_25_length_579_cov_2.035398 (length 579)
prokka_out/CA140717:NODE_36_length_470_cov_2.023324 (length 470)
prokka_out/CA140717:NODE_37_length_467_cov_595.732353 (length 467)
prokka_out/CA140717:NODE_55_length_433_cov_226.591503 (length 433)
prokka_out/CA140717:NODE_60_length_423_cov_317.250000 (length 423)
prokka_out/CA140717:NODE_61_length_367_cov_287.687500 (length 367)
prokka_out/CA140717:NODE_62_length_294_cov_226.598802 (length 294)
prokka_out/CA140717:NODE_63_length_255_cov_149.015625 (length 255)
prokka_out/CA140717:NODE_64_length_252_cov_150.904000 (length 252)

DiscRep_ALL:MOLTYPE_NOT_MRNA::27 molecule types are not set as mRNA.
prokka_out/CA140717:NODE_1_length_379410_cov_119.795087 (length 379410)
prokka_out/CA140717:NODE_2_length_256043_cov_128.365530 (length 256043)
prokka_out/CA140717:NODE_3_length_238243_cov_132.438963 (length 238243)
prokka_out/CA140717:NODE_4_length_171631_cov_131.281562 (length 171631)
prokka_out/CA140717:NODE_5_length_162390_cov_131.001288 (length 162390)
prokka_out/CA140717:NODE_6_length_129369_cov_135.307400 (length 129369)
prokka_out/CA140717:NODE_7_length_107807_cov_120.511413 (length 107807)
prokka_out/CA140717:NODE_8_length_68092_cov_124.923578 (length 68092)
prokka_out/CA140717:NODE_9_length_52770_cov_129.889729 (length 52770)
prokka_out/CA140717:NODE_10_length_45711_cov_128.792800 (length 45711)
prokka_out/CA140717:NODE_11_length_26788_cov_120.546041 (length 26788)
prokka_out/CA140717:NODE_12_length_6753_cov_462.150468 (length 6753)
prokka_out/CA140717:NODE_13_length_4677_cov_136.050989 (length 4677)
prokka_out/CA140717:NODE_14_length_2416_cov_115.372652 (length 2416)
prokka_out/CA140717:NODE_15_length_1759_cov_164.042279 (length 1759)
prokka_out/CA140717:NODE_20_length_770_cov_115.970451 (length 770)
prokka_out/CA140717:NODE_21_length_767_cov_120.664062 (length 767)
prokka_out/CA140717:NODE_24_length_592_cov_2.060215 (length 592)
prokka_out/CA140717:NODE_25_length_579_cov_2.035398 (length 579)
prokka_out/CA140717:NODE_36_length_470_cov_2.023324 (length 470)
prokka_out/CA140717:NODE_37_length_467_cov_595.732353 (length 467)
prokka_out/CA140717:NODE_55_length_433_cov_226.591503 (length 433)
prokka_out/CA140717:NODE_60_length_423_cov_317.250000 (length 423)
prokka_out/CA140717:NODE_61_length_367_cov_287.687500 (length 367)
prokka_out/CA140717:NODE_62_length_294_cov_226.598802 (length 294)
prokka_out/CA140717:NODE_63_length_255_cov_149.015625 (length 255)
prokka_out/CA140717:NODE_64_length_252_cov_150.904000 (length 252)

DiscRep_ALL:TECHNIQUE_NOT_TSA::27 technique are not set as TSA
prokka_out/CA140717:NODE_1_length_379410_cov_119.795087 (length 379410)
prokka_out/CA140717:NODE_2_length_256043_cov_128.365530 (length 256043)
prokka_out/CA140717:NODE_3_length_238243_cov_132.438963 (length 238243)
prokka_out/CA140717:NODE_4_length_171631_cov_131.281562 (length 171631)
prokka_out/CA140717:NODE_5_length_162390_cov_131.001288 (length 162390)
prokka_out/CA140717:NODE_6_length_129369_cov_135.307400 (length 129369)
prokka_out/CA140717:NODE_7_length_107807_cov_120.511413 (length 107807)
prokka_out/CA140717:NODE_8_length_68092_cov_124.923578 (length 68092)
prokka_out/CA140717:NODE_9_length_52770_cov_129.889729 (length 52770)
prokka_out/CA140717:NODE_10_length_45711_cov_128.792800 (length 45711)
prokka_out/CA140717:NODE_11_length_26788_cov_120.546041 (length 26788)
prokka_out/CA140717:NODE_12_length_6753_cov_462.150468 (length 6753)
prokka_out/CA140717:NODE_13_length_4677_cov_136.050989 (length 4677)
prokka_out/CA140717:NODE_14_length_2416_cov_115.372652 (length 2416)
prokka_out/CA140717:NODE_15_length_1759_cov_164.042279 (length 1759)
prokka_out/CA140717:NODE_20_length_770_cov_115.970451 (length 770)
prokka_out/CA140717:NODE_21_length_767_cov_120.664062 (length 767)
prokka_out/CA140717:NODE_24_length_592_cov_2.060215 (length 592)
prokka_out/CA140717:NODE_25_length_579_cov_2.035398 (length 579)
prokka_out/CA140717:NODE_36_length_470_cov_2.023324 (length 470)
prokka_out/CA140717:NODE_37_length_467_cov_595.732353 (length 467)
prokka_out/CA140717:NODE_55_length_433_cov_226.591503 (length 433)
prokka_out/CA140717:NODE_60_length_423_cov_317.250000 (length 423)
prokka_out/CA140717:NODE_61_length_367_cov_287.687500 (length 367)
prokka_out/CA140717:NODE_62_length_294_cov_226.598802 (length 294)
prokka_out/CA140717:NODE_63_length_255_cov_149.015625 (length 255)
prokka_out/CA140717:NODE_64_length_252_cov_150.904000 (length 252)

DiscRep_ALL:MISSING_STRUCTURED_COMMENT::27 sequences do not include structured comments.
prokka_out/CA140717:NODE_1_length_379410_cov_119.795087 (length 379410)
prokka_out/CA140717:NODE_2_length_256043_cov_128.365530 (length 256043)
prokka_out/CA140717:NODE_3_length_238243_cov_132.438963 (length 238243)
prokka_out/CA140717:NODE_4_length_171631_cov_131.281562 (length 171631)
prokka_out/CA140717:NODE_5_length_162390_cov_131.001288 (length 162390)
prokka_out/CA140717:NODE_6_length_129369_cov_135.307400 (length 129369)
prokka_out/CA140717:NODE_7_length_107807_cov_120.511413 (length 107807)
prokka_out/CA140717:NODE_8_length_68092_cov_124.923578 (length 68092)
prokka_out/CA140717:NODE_9_length_52770_cov_129.889729 (length 52770)
prokka_out/CA140717:NODE_10_length_45711_cov_128.792800 (length 45711)
prokka_out/CA140717:NODE_11_length_26788_cov_120.546041 (length 26788)
prokka_out/CA140717:NODE_12_length_6753_cov_462.150468 (length 6753)
prokka_out/CA140717:NODE_13_length_4677_cov_136.050989 (length 4677)
prokka_out/CA140717:NODE_14_length_2416_cov_115.372652 (length 2416)
prokka_out/CA140717:NODE_15_length_1759_cov_164.042279 (length 1759)
prokka_out/CA140717:NODE_20_length_770_cov_115.970451 (length 770)
prokka_out/CA140717:NODE_21_length_767_cov_120.664062 (length 767)
prokka_out/CA140717:NODE_24_length_592_cov_2.060215 (length 592)
prokka_out/CA140717:NODE_25_length_579_cov_2.035398 (length 579)
prokka_out/CA140717:NODE_36_length_470_cov_2.023324 (length 470)
prokka_out/CA140717:NODE_37_length_467_cov_595.732353 (length 467)
prokka_out/CA140717:NODE_55_length_433_cov_226.591503 (length 433)
prokka_out/CA140717:NODE_60_length_423_cov_317.250000 (length 423)
prokka_out/CA140717:NODE_61_length_367_cov_287.687500 (length 367)
prokka_out/CA140717:NODE_62_length_294_cov_226.598802 (length 294)
prokka_out/CA140717:NODE_63_length_255_cov_149.015625 (length 255)
prokka_out/CA140717:NODE_64_length_252_cov_150.904000 (length 252)

DiscRep_ALL:MISSING_PROJECT::1700 sequences do not include project.
prokka_out/CA140717:NODE_1_length_379410_cov_119.795087 (length 379410)
prokka_out/CA140717:NODE_1_length_379410_cov_119.795087_1 (length 316)
prokka_out/CA140717:NODE_1_length_379410_cov_119.795087_2 (length 273)
prokka_out/CA140717:NODE_1_length_379410_cov_119.795087_3 (length 664)
prokka_out/CA140717:NODE_1_length_379410_cov_119.795087_4 (length 206)
prokka_out/CA140717:NODE_1_length_379410_cov_119.795087_5 (length 110)
prokka_out/CA140717:NODE_1_length_379410_cov_119.795087_6 (length 540)
prokka_out/CA140717:NODE_1_length_379410_cov_119.795087_7 (length 124)
prokka_out/CA140717:NODE_1_length_379410_cov_119.795087_8 (length 299)
prokka_out/CA140717:NODE_1_length_379410_cov_119.795087_9 (length 472)
prokka_out/CA140717:NODE_1_length_379410_cov_119.795087_> (length 224)
prokka_out/CA140717:NODE_1_length_379410_cov_119.795087_> (length 416)
prokka_out/CA140717:NODE_1_length_379410_cov_119.795087_> (length 1065)
prokka_out/CA140717:NODE_1_length_379410_cov_119.795087_> (length 771)
prokka_out/CA140717:NODE_1_length_379410_cov_119.795087_> (length 76)
prokka_out/CA140717:NODE_1_length_379410_cov_119.795087_> (length 451)
prokka_out/CA140717:NODE_1_length_379410_cov_119.795087_> (length 121)
prokka_out/CA140717:NODE_1_length_379410_cov_119.795087_> (length 199)
prokka_out/CA140717:NODE_1_length_379410_cov_119.795087_> (length 221)
prokka_out/CA140717:NODE_1_length_379410_cov_119.795087_> (length 401)
prokka_out/CA140717:NODE_1_length_379410_cov_119.795087_> (length 73)
prokka_out/CA140717:NODE_1_length_379410_cov_119.795087_> (length 545)
prokka_out/CA140717:NODE_1_length_379410_cov_119.795087_> (length 86)
prokka_out/CA140717:NODE_1_length_379410_cov_119.795087_> (length 846)
prokka_out/CA140717:NODE_1_length_379410_cov_119.795087_> (length 203)
prokka_out/CA140717:NODE_1_length_379410_cov_119.795087_> (length 226)
prokka_out/CA140717:NODE_1_length_379410_cov_119.795087_> (length 68)
prokka_out/CA140717:NODE_1_length_379410_cov_119.795087_> (length 386)
prokka_out/CA140717:NODE_1_length_379410_cov_119.795087_> (length 242)
prokka_out/CA140717:NODE_1_length_379410_cov_119.795087_> (length 460)
prokka_out/CA140717:NODE_1_length_379410_cov_119.795087_> (length 268)
prokka_out/CA140717:NODE_1_length_379410_cov_119.795087_> (length 419)
prokka_out/CA140717:NODE_1_length_379410_cov_119.795087_> (length 185)
prokka_out/CA140717:NODE_1_length_379410_cov_119.795087_> (length 538)
prokka_out/CA140717:NODE_1_length_379410_cov_119.795087_> (length 185)
prokka_out/CA140717:NODE_1_length_379410_cov_119.795087_> (length 288)
prokka_out/CA140717:NODE_1_length_379410_cov_119.795087_> (length 314)
prokka_out/CA140717:NODE_1_length_379410_cov_119.795087_> (length 111)
prokka_out/CA140717:NODE_1_length_379410_cov_119.795087_> (length 293)
prokka_out/CA140717:NODE_1_length_379410_cov_119.795087_> (length 283)
prokka_out/CA140717:NODE_1_length_379410_cov_119.795087_> (length 446)
prokka_out/CA140717:NODE_1_length_379410_cov_119.795087_> (length 226)
prokka_out/CA140717:NODE_1_length_379410_cov_119.795087_> (length 66)
prokka_out/CA140717:NODE_1_length_379410_cov_119.795087_> (length 282)
prokka_out/CA140717:NODE_1_length_379410_cov_119.795087_> (length 754)
prokka_out/CA140717:NODE_1_length_379410_cov_119.795087_> (length 256)
prokka_out/CA140717:NODE_1_length_379410_cov_119.795087_> (length 330)
prokka_out/CA140717:NODE_1_length_379410_cov_119.795087_> (length 164)
prokka_out/CA140717:NODE_1_length_379410_cov_119.795087_> (length 472)
prokka_out/CA140717:NODE_1_length_379410_cov_119.795087_> (length 299)
prokka_out/CA140717:NODE_1_length_379410_cov_119.795087_> (length 393)
prokka_out/CA140717:NODE_1_length_379410_cov_119.795087_> (length 508)
prokka_out/CA140717:NODE_1_length_379410_cov_119.795087_> (length 267)
prokka_out/CA140717:NODE_1_length_379410_cov_119.795087_> (length 458)
prokka_out/CA140717:NODE_1_length_379410_cov_119.795087_> (length 164)
prokka_out/CA140717:NODE_1_length_379410_cov_119.795087_> (length 459)
prokka_out/CA140717:NODE_1_length_379410_cov_119.795087_> (length 165)
prokka_out/CA140717:NODE_1_length_379410_cov_119.795087_> (length 619)
prokka_out/CA140717:NODE_1_length_379410_cov_119.795087_> (length 422)
prokka_out/CA140717:NODE_1_length_379410_cov_119.795087_> (length 167)
prokka_out/CA140717:NODE_1_length_379410_cov_119.795087_> (length 416)
prokka_out/CA140717:NODE_1_length_379410_cov_119.795087_> (length 374)
prokka_out/CA140717:NODE_1_length_379410_cov_119.795087_> (length 387)
prokka_out/CA140717:NODE_1_length_379410_cov_119.795087_> (length 263)
prokka_out/CA140717:NODE_1_length_379410_cov_119.795087_> (length 357)
prokka_out/CA140717:NODE_1_length_379410_cov_119.795087_> (length 211)
prokka_out/CA140717:NODE_1_length_379410_cov_119.795087_> (length 255)
prokka_out/CA140717:NODE_1_length_379410_cov_119.795087_> (length 515)
prokka_out/CA140717:NODE_1_length_379410_cov_119.795087_> (length 205)
prokka_out/CA140717:NODE_1_length_379410_cov_119.795087_> (length 79)
prokka_out/CA140717:NODE_1_length_379410_cov_119.795087_> (length 530)
prokka_out/CA140717:NODE_1_length_379410_cov_119.795087_> (length 102)
prokka_out/CA140717:NODE_1_length_379410_cov_119.795087_> (length 113)
prokka_out/CA140717:NODE_1_length_379410_cov_119.795087_> (length 235)
prokka_out/CA140717:NODE_1_length_379410_cov_119.795087_> (length 160)
prokka_out/CA140717:NODE_1_length_379410_cov_119.795087_> (length 201)
prokka_out/CA140717:NODE_1_length_379410_cov_119.795087_> (length 307)
prokka_out/CA140717:NODE_1_length_379410_cov_119.795087_> (length 258)
prokka_out/CA140717:NODE_1_length_379410_cov_119.795087_> (length 164)
prokka_out/CA140717:NODE_1_length_379410_cov_119.795087_> (length 89)
prokka_out/CA140717:NODE_1_length_379410_cov_119.795087_> (length 313)
prokka_out/CA140717:NODE_1_length_379410_cov_119.795087_> (length 67)
prokka_out/CA140717:NODE_1_length_379410_cov_119.795087_> (length 707)
prokka_out/CA140717:NODE_1_length_379410_cov_119.795087_> (length 518)
prokka_out/CA140717:NODE_1_length_379410_cov_119.795087_> (length 432)
prokka_out/CA140717:NODE_1_length_379410_cov_119.795087_> (length 785)
prokka_out/CA140717:NODE_1_length_379410_cov_119.795087_> (length 66)
prokka_out/CA140717:NODE_1_length_379410_cov_119.795087_> (length 99)
prokka_out/CA140717:NODE_1_length_379410_cov_119.795087_> (length 187)
prokka_out/CA140717:NODE_1_length_379410_cov_119.795087_> (length 317)
prokka_out/CA140717:NODE_1_length_379410_cov_119.795087_> (length 461)
prokka_out/CA140717:NODE_1_length_379410_cov_119.795087_> (length 186)
prokka_out/CA140717:NODE_1_length_379410_cov_119.795087_> (length 484)
prokka_out/CA140717:NODE_1_length_379410_cov_119.795087_> (length 314)
prokka_out/CA140717:NODE_1_length_379410_cov_119.795087_> (length 271)
prokka_out/CA140717:NODE_1_length_379410_cov_119.795087_> (length 138)
prokka_out/CA140717:NODE_1_length_379410_cov_119.795087_> (length 349)
prokka_out/CA140717:NODE_1_length_379410_cov_119.795087_> (length 356)
prokka_out/CA140717:NODE_1_length_379410_cov_119.795087_> (length 399)
prokka_out/CA140717:NODE_1_length_379410_cov_119.795087_> (length 350)
prokka_out/CA140717:NODE_1_length_379410_cov_119.795087_> (length 517)
prokka_out/CA140717:NODE_1_length_379410_cov_119.795087_> (length 295)
prokka_out/CA140717:NODE_1_length_379410_cov_119.795087_> (length 342)
prokka_out/CA140717:NODE_1_length_379410_cov_119.795087_> (length 263)
prokka_out/CA140717:NODE_1_length_379410_cov_119.795087_> (length 328)
prokka_out/CA140717:NODE_1_length_379410_cov_119.795087_> (length 566)
prokka_out/CA140717:NODE_1_length_379410_cov_119.795087_> (length 358)
prokka_out/CA140717:NODE_1_length_379410_cov_119.795087_> (length 309)
prokka_out/CA140717:NODE_1_length_379410_cov_119.795087_> (length 365)
prokka_out/CA140717:NODE_1_length_379410_cov_119.795087_> (length 714)
prokka_out/CA140717:NODE_1_length_379410_cov_119.795087_> (length 376)
prokka_out/CA140717:NODE_1_length_379410_cov_119.795087_> (length 200)
prokka_out/CA140717:NODE_1_length_379410_cov_119.795087_> (length 195)
prokka_out/CA140717:NODE_1_length_379410_cov_119.795087_> (length 386)
prokka_out/CA140717:NODE_1_length_379410_cov_119.795087_> (length 590)
prokka_out/CA140717:NODE_1_length_379410_cov_119.795087_> (length 130)
prokka_out/CA140717:NODE_1_length_379410_cov_119.795087_> (length 282)
prokka_out/CA140717:NODE_1_length_379410_cov_119.795087_> (length 648)
prokka_out/CA140717:NODE_1_length_379410_cov_119.795087_> (length 204)
prokka_out/CA140717:NODE_1_length_379410_cov_119.795087_> (length 241)
prokka_out/CA140717:NODE_1_length_379410_cov_119.795087_> (length 265)
prokka_out/CA140717:NODE_1_length_379410_cov_119.795087_> (length 118)
prokka_out/CA140717:NODE_1_length_379410_cov_119.795087_> (length 212)
prokka_out/CA140717:NODE_1_length_379410_cov_119.795087_> (length 217)
prokka_out/CA140717:NODE_1_length_379410_cov_119.795087_> (length 705)
prokka_out/CA140717:NODE_1_length_379410_cov_119.795087_> (length 96)
prokka_out/CA140717:NODE_1_length_379410_cov_119.795087_> (length 201)
prokka_out/CA140717:NODE_1_length_379410_cov_119.795087_> (length 150)
prokka_out/CA140717:NODE_1_length_379410_cov_119.795087_> (length 256)
prokka_out/CA140717:NODE_1_length_379410_cov_119.795087_> (length 75)
prokka_out/CA140717:NODE_1_length_379410_cov_119.795087_> (length 272)
prokka_out/CA140717:NODE_1_length_379410_cov_119.795087_> (length 686)
prokka_out/CA140717:NODE_1_length_379410_cov_119.795087_> (length 145)
prokka_out/CA140717:NODE_1_length_379410_cov_119.795087_> (length 571)
prokka_out/CA140717:NODE_1_length_379410_cov_119.795087_> (length 293)
prokka_out/CA140717:NODE_1_length_379410_cov_119.795087_> (length 407)
prokka_out/CA140717:NODE_1_length_379410_cov_119.795087_> (length 399)
prokka_out/CA140717:NODE_1_length_379410_cov_119.795087_> (length 382)
prokka_out/CA140717:NODE_1_length_379410_cov_119.795087_> (length 72)
prokka_out/CA140717:NODE_1_length_379410_cov_119.795087_> (length 134)
prokka_out/CA140717:NODE_1_length_379410_cov_119.795087_> (length 404)
prokka_out/CA140717:NODE_1_length_379410_cov_119.795087_> (length 90)
prokka_out/CA140717:NODE_1_length_379410_cov_119.795087_> (length 526)
prokka_out/CA140717:NODE_1_length_379410_cov_119.795087_> (length 323)
prokka_out/CA140717:NODE_1_length_379410_cov_119.795087_> (length 810)
prokka_out/CA140717:NODE_1_length_379410_cov_119.795087_> (length 170)
prokka_out/CA140717:NODE_1_length_379410_cov_119.795087_> (length 467)
prokka_out/CA140717:NODE_1_length_379410_cov_119.795087_> (length 391)
prokka_out/CA140717:NODE_1_length_379410_cov_119.795087_> (length 300)
prokka_out/CA140717:NODE_1_length_379410_cov_119.795087_> (length 95)
prokka_out/CA140717:NODE_1_length_379410_cov_119.795087_> (length 978)
prokka_out/CA140717:NODE_1_length_379410_cov_119.795087_> (length 254)
prokka_out/CA140717:NODE_1_length_379410_cov_119.795087_> (length 227)
prokka_out/CA140717:NODE_1_length_379410_cov_119.795087_> (length 270)
prokka_out/CA140717:NODE_1_length_379410_cov_119.795087_> (length 210)
prokka_out/CA140717:NODE_1_length_379410_cov_119.795087_> (length 209)
prokka_out/CA140717:NODE_1_length_379410_cov_119.795087_> (length 150)
prokka_out/CA140717:NODE_1_length_379410_cov_119.795087_> (length 222)
prokka_out/CA140717:NODE_1_length_379410_cov_119.795087_> (length 101)
prokka_out/CA140717:NODE_1_length_379410_cov_119.795087_> (length 245)
prokka_out/CA140717:NODE_1_length_379410_cov_119.795087_> (length 129)
prokka_out/CA140717:NODE_1_length_379410_cov_119.795087_> (length 215)
prokka_out/CA140717:NODE_1_length_379410_cov_119.795087_> (length 791)
prokka_out/CA140717:NODE_1_length_379410_cov_119.795087_> (length 86)
prokka_out/CA140717:NODE_1_length_379410_cov_119.795087_> (length 182)
prokka_out/CA140717:NODE_1_length_379410_cov_119.795087_> (length 125)
prokka_out/CA140717:NODE_1_length_379410_cov_119.795087_> (length 421)
prokka_out/CA140717:NODE_1_length_379410_cov_119.795087_> (length 333)
prokka_out/CA140717:NODE_1_length_379410_cov_119.795087_> (length 94)
prokka_out/CA140717:NODE_1_length_379410_cov_119.795087_> (length 146)
prokka_out/CA140717:NODE_1_length_379410_cov_119.795087_> (length 367)
prokka_out/CA140717:NODE_1_length_379410_cov_119.795087_> (length 178)
prokka_out/CA140717:NODE_1_length_379410_cov_119.795087_> (length 201)
prokka_out/CA140717:NODE_1_length_379410_cov_119.795087_> (length 206)
prokka_out/CA140717:NODE_1_length_379410_cov_119.795087_> (length 141)
prokka_out/CA140717:NODE_1_length_379410_cov_119.795087_> (length 362)
prokka_out/CA140717:NODE_1_length_379410_cov_119.795087_> (length 918)
prokka_out/CA140717:NODE_1_length_379410_cov_119.795087_> (length 454)
prokka_out/CA140717:NODE_1_length_379410_cov_119.795087_> (length 484)
prokka_out/CA140717:NODE_1_length_379410_cov_119.795087_> (length 57)
prokka_out/CA140717:NODE_1_length_379410_cov_119.795087_> (length 259)
prokka_out/CA140717:NODE_1_length_379410_cov_119.795087_> (length 85)
prokka_out/CA140717:NODE_1_length_379410_cov_119.795087_> (length 507)
prokka_out/CA140717:NODE_1_length_379410_cov_119.795087_> (length 117)
prokka_out/CA140717:NODE_1_length_379410_cov_119.795087_> (length 68)
prokka_out/CA140717:NODE_1_length_379410_cov_119.795087_> (length 83)
prokka_out/CA140717:NODE_1_length_379410_cov_119.795087_> (length 431)
prokka_out/CA140717:NODE_1_length_379410_cov_119.795087_> (length 116)
prokka_out/CA140717:NODE_1_length_379410_cov_119.795087_> (length 735)
prokka_out/CA140717:NODE_1_length_379410_cov_119.795087_> (length 1320)
prokka_out/CA140717:NODE_1_length_379410_cov_119.795087_> (length 233)
prokka_out/CA140717:NODE_1_length_379410_cov_119.795087_> (length 200)
prokka_out/CA140717:NODE_1_length_379410_cov_119.795087_> (length 366)
prokka_out/CA140717:NODE_1_length_379410_cov_119.795087_> (length 1028)
prokka_out/CA140717:NODE_1_length_379410_cov_119.795087_> (length 63)
prokka_out/CA140717:NODE_1_length_379410_cov_119.795087_> (length 266)
prokka_out/CA140717:NODE_1_length_379410_cov_119.795087_> (length 258)
prokka_out/CA140717:NODE_1_length_379410_cov_119.795087_> (length 381)
prokka_out/CA140717:NODE_1_length_379410_cov_119.795087_> (length 201)
prokka_out/CA140717:NODE_1_length_379410_cov_119.795087_> (length 296)
prokka_out/CA140717:NODE_1_length_379410_cov_119.795087_> (length 284)
prokka_out/CA140717:NODE_1_length_379410_cov_119.795087_> (length 386)
prokka_out/CA140717:NODE_1_length_379410_cov_119.795087_> (length 338)
prokka_out/CA140717:NODE_1_length_379410_cov_119.795087_> (length 387)
prokka_out/CA140717:NODE_1_length_379410_cov_119.795087_> (length 480)
prokka_out/CA140717:NODE_1_length_379410_cov_119.795087_> (length 78)
prokka_out/CA140717:NODE_1_length_379410_cov_119.795087_> (length 239)
prokka_out/CA140717:NODE_1_length_379410_cov_119.795087_> (length 276)
prokka_out/CA140717:NODE_1_length_379410_cov_119.795087_> (length 1005)
prokka_out/CA140717:NODE_1_length_379410_cov_119.795087_> (length 246)
prokka_out/CA140717:NODE_1_length_379410_cov_119.795087_> (length 424)
prokka_out/CA140717:NODE_1_length_379410_cov_119.795087_> (length 598)
prokka_out/CA140717:NODE_1_length_379410_cov_119.795087_> (length 214)
prokka_out/CA140717:NODE_1_length_379410_cov_119.795087_> (length 191)
prokka_out/CA140717:NODE_1_length_379410_cov_119.795087_> (length 855)
prokka_out/CA140717:NODE_1_length_379410_cov_119.795087_> (length 173)
prokka_out/CA140717:NODE_1_length_379410_cov_119.795087_> (length 149)
prokka_out/CA140717:NODE_1_length_379410_cov_119.795087_> (length 432)
prokka_out/CA140717:NODE_1_length_379410_cov_119.795087_> (length 343)
prokka_out/CA140717:NODE_1_length_379410_cov_119.795087_> (length 168)
prokka_out/CA140717:NODE_1_length_379410_cov_119.795087_> (length 66)
prokka_out/CA140717:NODE_1_length_379410_cov_119.795087_> (length 143)
prokka_out/CA140717:NODE_1_length_379410_cov_119.795087_> (length 371)
prokka_out/CA140717:NODE_1_length_379410_cov_119.795087_> (length 369)
prokka_out/CA140717:NODE_1_length_379410_cov_119.795087_> (length 319)
prokka_out/CA140717:NODE_1_length_379410_cov_119.795087_> (length 346)
prokka_out/CA140717:NODE_1_length_379410_cov_119.795087_> (length 256)
prokka_out/CA140717:NODE_1_length_379410_cov_119.795087_> (length 231)
prokka_out/CA140717:NODE_1_length_379410_cov_119.795087_> (length 1086)
prokka_out/CA140717:NODE_1_length_379410_cov_119.795087_> (length 151)
prokka_out/CA140717:NODE_1_length_379410_cov_119.795087_> (length 56)
prokka_out/CA140717:NODE_1_length_379410_cov_119.795087_> (length 559)
prokka_out/CA140717:NODE_1_length_379410_cov_119.795087_> (length 94)
prokka_out/CA140717:NODE_1_length_379410_cov_119.795087_> (length 226)
prokka_out/CA140717:NODE_1_length_379410_cov_119.795087_> (length 256)
prokka_out/CA140717:NODE_1_length_379410_cov_119.795087_> (length 377)
prokka_out/CA140717:NODE_1_length_379410_cov_119.795087_> (length 466)
prokka_out/CA140717:NODE_1_length_379410_cov_119.795087_> (length 351)
prokka_out/CA140717:NODE_1_length_379410_cov_119.795087_> (length 523)
prokka_out/CA140717:NODE_1_length_379410_cov_119.795087_> (length 418)
prokka_out/CA140717:NODE_1_length_379410_cov_119.795087_> (length 534)
prokka_out/CA140717:NODE_1_length_379410_cov_119.795087_> (length 138)
prokka_out/CA140717:NODE_1_length_379410_cov_119.795087_> (length 172)
prokka_out/CA140717:NODE_1_length_379410_cov_119.795087_> (length 169)
prokka_out/CA140717:NODE_1_length_379410_cov_119.795087_> (length 621)
prokka_out/CA140717:NODE_1_length_379410_cov_119.795087_> (length 293)
prokka_out/CA140717:NODE_1_length_379410_cov_119.795087_> (length 364)
prokka_out/CA140717:NODE_1_length_379410_cov_119.795087_> (length 190)
prokka_out/CA140717:NODE_1_length_379410_cov_119.795087_> (length 199)
prokka_out/CA140717:NODE_1_length_379410_cov_119.795087_> (length 186)
prokka_out/CA140717:NODE_1_length_379410_cov_119.795087_> (length 327)
prokka_out/CA140717:NODE_1_length_379410_cov_119.795087_> (length 303)
prokka_out/CA140717:NODE_1_length_379410_cov_119.795087_> (length 163)
prokka_out/CA140717:NODE_1_length_379410_cov_119.795087_> (length 451)
prokka_out/CA140717:NODE_1_length_379410_cov_119.795087_> (length 421)
prokka_out/CA140717:NODE_1_length_379410_cov_119.795087_> (length 246)
prokka_out/CA140717:NODE_1_length_379410_cov_119.795087_> (length 67)
prokka_out/CA140717:NODE_1_length_379410_cov_119.795087_> (length 246)
prokka_out/CA140717:NODE_1_length_379410_cov_119.795087_> (length 367)
prokka_out/CA140717:NODE_1_length_379410_cov_119.795087_> (length 279)
prokka_out/CA140717:NODE_1_length_379410_cov_119.795087_> (length 415)
prokka_out/CA140717:NODE_1_length_379410_cov_119.795087_> (length 422)
prokka_out/CA140717:NODE_1_length_379410_cov_119.795087_> (length 175)
prokka_out/CA140717:NODE_1_length_379410_cov_119.795087_> (length 57)
prokka_out/CA140717:NODE_1_length_379410_cov_119.795087_> (length 191)
prokka_out/CA140717:NODE_1_length_379410_cov_119.795087_> (length 291)
prokka_out/CA140717:NODE_1_length_379410_cov_119.795087_> (length 303)
prokka_out/CA140717:NODE_1_length_379410_cov_119.795087_> (length 60)
prokka_out/CA140717:NODE_1_length_379410_cov_119.795087_> (length 112)
prokka_out/CA140717:NODE_1_length_379410_cov_119.795087_> (length 444)
prokka_out/CA140717:NODE_1_length_379410_cov_119.795087_> (length 449)
prokka_out/CA140717:NODE_1_length_379410_cov_119.795087_> (length 597)
prokka_out/CA140717:NODE_1_length_379410_cov_119.795087_> (length 524)
prokka_out/CA140717:NODE_1_length_379410_cov_119.795087_> (length 461)
prokka_out/CA140717:NODE_1_length_379410_cov_119.795087_> (length 367)
prokka_out/CA140717:NODE_1_length_379410_cov_119.795087_> (length 483)
prokka_out/CA140717:NODE_1_length_379410_cov_119.795087_> (length 231)
prokka_out/CA140717:NODE_1_length_379410_cov_119.795087_> (length 182)
prokka_out/CA140717:NODE_1_length_379410_cov_119.795087_> (length 110)
prokka_out/CA140717:NODE_1_length_379410_cov_119.795087_> (length 145)
prokka_out/CA140717:NODE_1_length_379410_cov_119.795087_> (length 184)
prokka_out/CA140717:NODE_1_length_379410_cov_119.795087_> (length 262)
prokka_out/CA140717:NODE_1_length_379410_cov_119.795087_> (length 242)
prokka_out/CA140717:NODE_1_length_379410_cov_119.795087_> (length 259)
prokka_out/CA140717:NODE_1_length_379410_cov_119.795087_> (length 250)
prokka_out/CA140717:NODE_1_length_379410_cov_119.795087_> (length 219)
prokka_out/CA140717:NODE_1_length_379410_cov_119.795087_> (length 309)
prokka_out/CA140717:NODE_1_length_379410_cov_119.795087_> (length 703)
prokka_out/CA140717:NODE_1_length_379410_cov_119.795087_> (length 137)
prokka_out/CA140717:NODE_1_length_379410_cov_119.795087_> (length 613)
prokka_out/CA140717:NODE_1_length_379410_cov_119.795087_> (length 96)
prokka_out/CA140717:NODE_1_length_379410_cov_119.795087_> (length 299)
prokka_out/CA140717:NODE_1_length_379410_cov_119.795087_> (length 184)
prokka_out/CA140717:NODE_1_length_379410_cov_119.795087_> (length 150)
prokka_out/CA140717:NODE_1_length_379410_cov_119.795087_> (length 138)
prokka_out/CA140717:NODE_1_length_379410_cov_119.795087_> (length 97)
prokka_out/CA140717:NODE_1_length_379410_cov_119.795087_> (length 325)
prokka_out/CA140717:NODE_1_length_379410_cov_119.795087_> (length 329)
prokka_out/CA140717:NODE_1_length_379410_cov_119.795087_> (length 155)
prokka_out/CA140717:NODE_1_length_379410_cov_119.795087_> (length 494)
prokka_out/CA140717:NODE_1_length_379410_cov_119.795087_> (length 242)
prokka_out/CA140717:NODE_1_length_379410_cov_119.795087_> (length 247)
prokka_out/CA140717:NODE_1_length_379410_cov_119.795087_> (length 45)
prokka_out/CA140717:NODE_1_length_379410_cov_119.795087_> (length 189)
prokka_out/CA140717:NODE_1_length_379410_cov_119.795087_> (length 121)
prokka_out/CA140717:NODE_1_length_379410_cov_119.795087_> (length 330)
prokka_out/CA140717:NODE_1_length_379410_cov_119.795087_> (length 773)
prokka_out/CA140717:NODE_1_length_379410_cov_119.795087_> (length 426)
prokka_out/CA140717:NODE_1_length_379410_cov_119.795087_> (length 276)
prokka_out/CA140717:NODE_1_length_379410_cov_119.795087_> (length 556)
prokka_out/CA140717:NODE_1_length_379410_cov_119.795087_> (length 163)
prokka_out/CA140717:NODE_1_length_379410_cov_119.795087_> (length 527)
prokka_out/CA140717:NODE_1_length_379410_cov_119.795087_> (length 223)
prokka_out/CA140717:NODE_1_length_379410_cov_119.795087_> (length 427)
prokka_out/CA140717:NODE_1_length_379410_cov_119.795087_> (length 643)
prokka_out/CA140717:NODE_1_length_379410_cov_119.795087_> (length 388)
prokka_out/CA140717:NODE_1_length_379410_cov_119.795087_> (length 418)
prokka_out/CA140717:NODE_1_length_379410_cov_119.795087_> (length 286)
prokka_out/CA140717:NODE_1_length_379410_cov_119.795087_> (length 192)
prokka_out/CA140717:NODE_1_length_379410_cov_119.795087_> (length 592)
prokka_out/CA140717:NODE_1_length_379410_cov_119.795087_> (length 354)
prokka_out/CA140717:NODE_1_length_379410_cov_119.795087_> (length 231)
prokka_out/CA140717:NODE_1_length_379410_cov_119.795087_> (length 212)
prokka_out/CA140717:NODE_1_length_379410_cov_119.795087_> (length 46)
prokka_out/CA140717:NODE_1_length_379410_cov_119.795087_> (length 210)
prokka_out/CA140717:NODE_1_length_379410_cov_119.795087_> (length 80)
prokka_out/CA140717:NODE_1_length_379410_cov_119.795087_> (length 350)
prokka_out/CA140717:NODE_1_length_379410_cov_119.795087_> (length 725)
prokka_out/CA140717:NODE_1_length_379410_cov_119.795087_> (length 136)
prokka_out/CA140717:NODE_1_length_379410_cov_119.795087_> (length 90)
prokka_out/CA140717:NODE_1_length_379410_cov_119.795087_> (length 989)
prokka_out/CA140717:NODE_1_length_379410_cov_119.795087_> (length 750)
prokka_out/CA140717:NODE_1_length_379410_cov_119.795087_> (length 231)
prokka_out/CA140717:NODE_1_length_379410_cov_119.795087_> (length 339)
prokka_out/CA140717:NODE_1_length_379410_cov_119.795087_> (length 248)
prokka_out/CA140717:NODE_1_length_379410_cov_119.795087_> (length 422)
prokka_out/CA140717:NODE_1_length_379410_cov_119.795087_> (length 261)
prokka_out/CA140717:NODE_1_length_379410_cov_119.795087_> (length 125)
prokka_out/CA140717:NODE_1_length_379410_cov_119.795087_> (length 372)
prokka_out/CA140717:NODE_1_length_379410_cov_119.795087_> (length 401)
prokka_out/CA140717:NODE_1_length_379410_cov_119.795087_> (length 862)
prokka_out/CA140717:NODE_1_length_379410_cov_119.795087_> (length 169)
prokka_out/CA140717:NODE_1_length_379410_cov_119.795087_> (length 232)
prokka_out/CA140717:NODE_1_length_379410_cov_119.795087_> (length 447)
prokka_out/CA140717:NODE_1_length_379410_cov_119.795087_> (length 454)
prokka_out/CA140717:NODE_1_length_379410_cov_119.795087_> (length 290)
prokka_out/CA140717:NODE_1_length_379410_cov_119.795087_> (length 295)
prokka_out/CA140717:NODE_1_length_379410_cov_119.795087_> (length 325)
prokka_out/CA140717:NODE_1_length_379410_cov_119.795087_> (length 145)
prokka_out/CA140717:NODE_1_length_379410_cov_119.795087_> (length 530)
prokka_out/CA140717:NODE_1_length_379410_cov_119.795087_> (length 510)
prokka_out/CA140717:NODE_1_length_379410_cov_119.795087_> (length 256)
prokka_out/CA140717:NODE_1_length_379410_cov_119.795087_> (length 728)
prokka_out/CA140717:NODE_1_length_379410_cov_119.795087_> (length 442)
prokka_out/CA140717:NODE_1_length_379410_cov_119.795087_> (length 283)
prokka_out/CA140717:NODE_1_length_379410_cov_119.795087_> (length 531)
prokka_out/CA140717:NODE_1_length_379410_cov_119.795087_> (length 124)
prokka_out/CA140717:NODE_1_length_379410_cov_119.795087_> (length 108)
prokka_out/CA140717:NODE_1_length_379410_cov_119.795087_> (length 44)
prokka_out/CA140717:NODE_1_length_379410_cov_119.795087_> (length 159)
prokka_out/CA140717:NODE_1_length_379410_cov_119.795087_> (length 202)
prokka_out/CA140717:NODE_1_length_379410_cov_119.795087_> (length 398)
prokka_out/CA140717:NODE_1_length_379410_cov_119.795087_> (length 124)
prokka_out/CA140717:NODE_1_length_379410_cov_119.795087_> (length 428)
prokka_out/CA140717:NODE_1_length_379410_cov_119.795087_> (length 166)
prokka_out/CA140717:NODE_1_length_379410_cov_119.795087_> (length 75)
prokka_out/CA140717:NODE_1_length_379410_cov_119.795087_> (length 227)
prokka_out/CA140717:NODE_1_length_379410_cov_119.795087_> (length 245)
prokka_out/CA140717:NODE_1_length_379410_cov_119.795087_> (length 468)
prokka_out/CA140717:NODE_1_length_379410_cov_119.795087_> (length 93)
prokka_out/CA140717:NODE_1_length_379410_cov_119.795087_> (length 104)
prokka_out/CA140717:NODE_1_length_379410_cov_119.795087_> (length 72)
prokka_out/CA140717:NODE_1_length_379410_cov_119.795087_> (length 49)
prokka_out/CA140717:NODE_2_length_256043_cov_128.365530 (length 256043)
prokka_out/CA140717:NODE_2_length_256043_cov_128.365530_1 (length 256)
prokka_out/CA140717:NODE_2_length_256043_cov_128.365530_2 (length 212)
prokka_out/CA140717:NODE_2_length_256043_cov_128.365530_3 (length 329)
prokka_out/CA140717:NODE_2_length_256043_cov_128.365530_4 (length 259)
prokka_out/CA140717:NODE_2_length_256043_cov_128.365530_5 (length 279)
prokka_out/CA140717:NODE_2_length_256043_cov_128.365530_6 (length 207)
prokka_out/CA140717:NODE_2_length_256043_cov_128.365530_7 (length 65)
prokka_out/CA140717:NODE_2_length_256043_cov_128.365530_8 (length 441)
prokka_out/CA140717:NODE_2_length_256043_cov_128.365530_9 (length 348)
prokka_out/CA140717:NODE_2_length_256043_cov_128.365530_> (length 327)
prokka_out/CA140717:NODE_2_length_256043_cov_128.365530_> (length 180)
prokka_out/CA140717:NODE_2_length_256043_cov_128.365530_> (length 61)
prokka_out/CA140717:NODE_2_length_256043_cov_128.365530_> (length 395)
prokka_out/CA140717:NODE_2_length_256043_cov_128.365530_> (length 266)
prokka_out/CA140717:NODE_2_length_256043_cov_128.365530_> (length 157)
prokka_out/CA140717:NODE_2_length_256043_cov_128.365530_> (length 249)
prokka_out/CA140717:NODE_2_length_256043_cov_128.365530_> (length 210)
prokka_out/CA140717:NODE_2_length_256043_cov_128.365530_> (length 1200)
prokka_out/CA140717:NODE_2_length_256043_cov_128.365530_> (length 109)
prokka_out/CA140717:NODE_2_length_256043_cov_128.365530_> (length 447)
prokka_out/CA140717:NODE_2_length_256043_cov_128.365530_> (length 137)
prokka_out/CA140717:NODE_2_length_256043_cov_128.365530_> (length 118)
prokka_out/CA140717:NODE_2_length_256043_cov_128.365530_> (length 234)
prokka_out/CA140717:NODE_2_length_256043_cov_128.365530_> (length 179)
prokka_out/CA140717:NODE_2_length_256043_cov_128.365530_> (length 80)
prokka_out/CA140717:NODE_2_length_256043_cov_128.365530_> (length 75)
prokka_out/CA140717:NODE_2_length_256043_cov_128.365530_> (length 445)
prokka_out/CA140717:NODE_2_length_256043_cov_128.365530_> (length 250)
prokka_out/CA140717:NODE_2_length_256043_cov_128.365530_> (length 385)
prokka_out/CA140717:NODE_2_length_256043_cov_128.365530_> (length 238)
prokka_out/CA140717:NODE_2_length_256043_cov_128.365530_> (length 241)
prokka_out/CA140717:NODE_2_length_256043_cov_128.365530_> (length 287)
prokka_out/CA140717:NODE_2_length_256043_cov_128.365530_> (length 184)
prokka_out/CA140717:NODE_2_length_256043_cov_128.365530_> (length 164)
prokka_out/CA140717:NODE_2_length_256043_cov_128.365530_> (length 418)
prokka_out/CA140717:NODE_2_length_256043_cov_128.365530_> (length 234)
prokka_out/CA140717:NODE_2_length_256043_cov_128.365530_> (length 476)
prokka_out/CA140717:NODE_2_length_256043_cov_128.365530_> (length 263)
prokka_out/CA140717:NODE_2_length_256043_cov_128.365530_> (length 270)
prokka_out/CA140717:NODE_2_length_256043_cov_128.365530_> (length 370)
prokka_out/CA140717:NODE_2_length_256043_cov_128.365530_> (length 460)
prokka_out/CA140717:NODE_2_length_256043_cov_128.365530_> (length 495)
prokka_out/CA140717:NODE_2_length_256043_cov_128.365530_> (length 311)
prokka_out/CA140717:NODE_2_length_256043_cov_128.365530_> (length 295)
prokka_out/CA140717:NODE_2_length_256043_cov_128.365530_> (length 163)
prokka_out/CA140717:NODE_2_length_256043_cov_128.365530_> (length 396)
prokka_out/CA140717:NODE_2_length_256043_cov_128.365530_> (length 500)
prokka_out/CA140717:NODE_2_length_256043_cov_128.365530_> (length 232)
prokka_out/CA140717:NODE_2_length_256043_cov_128.365530_> (length 357)
prokka_out/CA140717:NODE_2_length_256043_cov_128.365530_> (length 612)
prokka_out/CA140717:NODE_2_length_256043_cov_128.365530_> (length 148)
prokka_out/CA140717:NODE_2_length_256043_cov_128.365530_> (length 81)
prokka_out/CA140717:NODE_2_length_256043_cov_128.365530_> (length 76)
prokka_out/CA140717:NODE_2_length_256043_cov_128.365530_> (length 657)
prokka_out/CA140717:NODE_2_length_256043_cov_128.365530_> (length 474)
prokka_out/CA140717:NODE_2_length_256043_cov_128.365530_> (length 416)
prokka_out/CA140717:NODE_2_length_256043_cov_128.365530_> (length 242)
prokka_out/CA140717:NODE_2_length_256043_cov_128.365530_> (length 135)
prokka_out/CA140717:NODE_2_length_256043_cov_128.365530_> (length 81)
prokka_out/CA140717:NODE_2_length_256043_cov_128.365530_> (length 406)
prokka_out/CA140717:NODE_2_length_256043_cov_128.365530_> (length 147)
prokka_out/CA140717:NODE_2_length_256043_cov_128.365530_> (length 180)
prokka_out/CA140717:NODE_2_length_256043_cov_128.365530_> (length 439)
prokka_out/CA140717:NODE_2_length_256043_cov_128.365530_> (length 291)
prokka_out/CA140717:NODE_2_length_256043_cov_128.365530_> (length 358)
prokka_out/CA140717:NODE_2_length_256043_cov_128.365530_> (length 185)
prokka_out/CA140717:NODE_2_length_256043_cov_128.365530_> (length 595)
prokka_out/CA140717:NODE_2_length_256043_cov_128.365530_> (length 611)
prokka_out/CA140717:NODE_2_length_256043_cov_128.365530_> (length 164)
prokka_out/CA140717:NODE_2_length_256043_cov_128.365530_> (length 196)
prokka_out/CA140717:NODE_2_length_256043_cov_128.365530_> (length 152)
prokka_out/CA140717:NODE_2_length_256043_cov_128.365530_> (length 170)
prokka_out/CA140717:NODE_2_length_256043_cov_128.365530_> (length 162)
prokka_out/CA140717:NODE_2_length_256043_cov_128.365530_> (length 279)
prokka_out/CA140717:NODE_2_length_256043_cov_128.365530_> (length 377)
prokka_out/CA140717:NODE_2_length_256043_cov_128.365530_> (length 270)
prokka_out/CA140717:NODE_2_length_256043_cov_128.365530_> (length 414)
prokka_out/CA140717:NODE_2_length_256043_cov_128.365530_> (length 507)
prokka_out/CA140717:NODE_2_length_256043_cov_128.365530_> (length 286)
prokka_out/CA140717:NODE_2_length_256043_cov_128.365530_> (length 583)
prokka_out/CA140717:NODE_2_length_256043_cov_128.365530_> (length 191)
prokka_out/CA140717:NODE_2_length_256043_cov_128.365530_> (length 172)
prokka_out/CA140717:NODE_2_length_256043_cov_128.365530_> (length 166)
prokka_out/CA140717:NODE_2_length_256043_cov_128.365530_> (length 291)
prokka_out/CA140717:NODE_2_length_256043_cov_128.365530_> (length 126)
prokka_out/CA140717:NODE_2_length_256043_cov_128.365530_> (length 256)
prokka_out/CA140717:NODE_2_length_256043_cov_128.365530_> (length 343)
prokka_out/CA140717:NODE_2_length_256043_cov_128.365530_> (length 340)
prokka_out/CA140717:NODE_2_length_256043_cov_128.365530_> (length 644)
prokka_out/CA140717:NODE_2_length_256043_cov_128.365530_> (length 321)
prokka_out/CA140717:NODE_2_length_256043_cov_128.365530_> (length 114)
prokka_out/CA140717:NODE_2_length_256043_cov_128.365530_> (length 324)
prokka_out/CA140717:NODE_2_length_256043_cov_128.365530_> (length 363)
prokka_out/CA140717:NODE_2_length_256043_cov_128.365530_> (length 93)
prokka_out/CA140717:NODE_2_length_256043_cov_128.365530_> (length 247)
prokka_out/CA140717:NODE_2_length_256043_cov_128.365530_> (length 728)
prokka_out/CA140717:NODE_2_length_256043_cov_128.365530_> (length 506)
prokka_out/CA140717:NODE_2_length_256043_cov_128.365530_> (length 215)
prokka_out/CA140717:NODE_2_length_256043_cov_128.365530_> (length 438)
prokka_out/CA140717:NODE_2_length_256043_cov_128.365530_> (length 408)
prokka_out/CA140717:NODE_2_length_256043_cov_128.365530_> (length 246)
prokka_out/CA140717:NODE_2_length_256043_cov_128.365530_> (length 362)
prokka_out/CA140717:NODE_2_length_256043_cov_128.365530_> (length 304)
prokka_out/CA140717:NODE_2_length_256043_cov_128.365530_> (length 331)
prokka_out/CA140717:NODE_2_length_256043_cov_128.365530_> (length 166)
prokka_out/CA140717:NODE_2_length_256043_cov_128.365530_> (length 458)
prokka_out/CA140717:NODE_2_length_256043_cov_128.365530_> (length 326)
prokka_out/CA140717:NODE_2_length_256043_cov_128.365530_> (length 389)
prokka_out/CA140717:NODE_2_length_256043_cov_128.365530_> (length 454)
prokka_out/CA140717:NODE_2_length_256043_cov_128.365530_> (length 641)
prokka_out/CA140717:NODE_2_length_256043_cov_128.365530_> (length 390)
prokka_out/CA140717:NODE_2_length_256043_cov_128.365530_> (length 396)
prokka_out/CA140717:NODE_2_length_256043_cov_128.365530_> (length 293)
prokka_out/CA140717:NODE_2_length_256043_cov_128.365530_> (length 566)
prokka_out/CA140717:NODE_2_length_256043_cov_128.365530_> (length 222)
prokka_out/CA140717:NODE_2_length_256043_cov_128.365530_> (length 447)
prokka_out/CA140717:NODE_2_length_256043_cov_128.365530_> (length 451)
prokka_out/CA140717:NODE_2_length_256043_cov_128.365530_> (length 374)
prokka_out/CA140717:NODE_2_length_256043_cov_128.365530_> (length 223)
prokka_out/CA140717:NODE_2_length_256043_cov_128.365530_> (length 416)
prokka_out/CA140717:NODE_2_length_256043_cov_128.365530_> (length 191)
prokka_out/CA140717:NODE_2_length_256043_cov_128.365530_> (length 166)
prokka_out/CA140717:NODE_2_length_256043_cov_128.365530_> (length 230)
prokka_out/CA140717:NODE_2_length_256043_cov_128.365530_> (length 571)
prokka_out/CA140717:NODE_2_length_256043_cov_128.365530_> (length 379)
prokka_out/CA140717:NODE_2_length_256043_cov_128.365530_> (length 611)
prokka_out/CA140717:NODE_2_length_256043_cov_128.365530_> (length 656)
prokka_out/CA140717:NODE_2_length_256043_cov_128.365530_> (length 363)
prokka_out/CA140717:NODE_2_length_256043_cov_128.365530_> (length 401)
prokka_out/CA140717:NODE_2_length_256043_cov_128.365530_> (length 731)
prokka_out/CA140717:NODE_2_length_256043_cov_128.365530_> (length 74)
prokka_out/CA140717:NODE_2_length_256043_cov_128.365530_> (length 238)
prokka_out/CA140717:NODE_2_length_256043_cov_128.365530_> (length 400)
prokka_out/CA140717:NODE_2_length_256043_cov_128.365530_> (length 268)
prokka_out/CA140717:NODE_2_length_256043_cov_128.365530_> (length 221)
prokka_out/CA140717:NODE_2_length_256043_cov_128.365530_> (length 398)
prokka_out/CA140717:NODE_2_length_256043_cov_128.365530_> (length 410)
prokka_out/CA140717:NODE_2_length_256043_cov_128.365530_> (length 321)
prokka_out/CA140717:NODE_2_length_256043_cov_128.365530_> (length 366)
prokka_out/CA140717:NODE_2_length_256043_cov_128.365530_> (length 78)
prokka_out/CA140717:NODE_2_length_256043_cov_128.365530_> (length 46)
prokka_out/CA140717:NODE_2_length_256043_cov_128.365530_> (length 457)
prokka_out/CA140717:NODE_2_length_256043_cov_128.365530_> (length 309)
prokka_out/CA140717:NODE_2_length_256043_cov_128.365530_> (length 443)
prokka_out/CA140717:NODE_2_length_256043_cov_128.365530_> (length 311)
prokka_out/CA140717:NODE_2_length_256043_cov_128.365530_> (length 410)
prokka_out/CA140717:NODE_2_length_256043_cov_128.365530_> (length 361)
prokka_out/CA140717:NODE_2_length_256043_cov_128.365530_> (length 189)
prokka_out/CA140717:NODE_2_length_256043_cov_128.365530_> (length 91)
prokka_out/CA140717:NODE_2_length_256043_cov_128.365530_> (length 128)
prokka_out/CA140717:NODE_2_length_256043_cov_128.365530_> (length 637)
prokka_out/CA140717:NODE_2_length_256043_cov_128.365530_> (length 121)
prokka_out/CA140717:NODE_2_length_256043_cov_128.365530_> (length 600)
prokka_out/CA140717:NODE_2_length_256043_cov_128.365530_> (length 308)
prokka_out/CA140717:NODE_2_length_256043_cov_128.365530_> (length 128)
prokka_out/CA140717:NODE_2_length_256043_cov_128.365530_> (length 568)
prokka_out/CA140717:NODE_2_length_256043_cov_128.365530_> (length 431)
prokka_out/CA140717:NODE_2_length_256043_cov_128.365530_> (length 297)
prokka_out/CA140717:NODE_2_length_256043_cov_128.365530_> (length 176)
prokka_out/CA140717:NODE_2_length_256043_cov_128.365530_> (length 87)
prokka_out/CA140717:NODE_2_length_256043_cov_128.365530_> (length 185)
prokka_out/CA140717:NODE_2_length_256043_cov_128.365530_> (length 281)
prokka_out/CA140717:NODE_2_length_256043_cov_128.365530_> (length 374)
prokka_out/CA140717:NODE_2_length_256043_cov_128.365530_> (length 103)
prokka_out/CA140717:NODE_2_length_256043_cov_128.365530_> (length 289)
prokka_out/CA140717:NODE_2_length_256043_cov_128.365530_> (length 387)
prokka_out/CA140717:NODE_2_length_256043_cov_128.365530_> (length 302)
prokka_out/CA140717:NODE_2_length_256043_cov_128.365530_> (length 734)
prokka_out/CA140717:NODE_2_length_256043_cov_128.365530_> (length 856)
prokka_out/CA140717:NODE_2_length_256043_cov_128.365530_> (length 300)
prokka_out/CA140717:NODE_2_length_256043_cov_128.365530_> (length 143)
prokka_out/CA140717:NODE_2_length_256043_cov_128.365530_> (length 164)
prokka_out/CA140717:NODE_2_length_256043_cov_128.365530_> (length 99)
prokka_out/CA140717:NODE_2_length_256043_cov_128.365530_> (length 601)
prokka_out/CA140717:NODE_2_length_256043_cov_128.365530_> (length 602)
prokka_out/CA140717:NODE_2_length_256043_cov_128.365530_> (length 144)
prokka_out/CA140717:NODE_2_length_256043_cov_128.365530_> (length 106)
prokka_out/CA140717:NODE_2_length_256043_cov_128.365530_> (length 609)
prokka_out/CA140717:NODE_2_length_256043_cov_128.365530_> (length 122)
prokka_out/CA140717:NODE_2_length_256043_cov_128.365530_> (length 233)
prokka_out/CA140717:NODE_2_length_256043_cov_128.365530_> (length 399)
prokka_out/CA140717:NODE_2_length_256043_cov_128.365530_> (length 214)
prokka_out/CA140717:NODE_2_length_256043_cov_128.365530_> (length 81)
prokka_out/CA140717:NODE_2_length_256043_cov_128.365530_> (length 236)
prokka_out/CA140717:NODE_2_length_256043_cov_128.365530_> (length 440)
prokka_out/CA140717:NODE_2_length_256043_cov_128.365530_> (length 93)
prokka_out/CA140717:NODE_2_length_256043_cov_128.365530_> (length 857)
prokka_out/CA140717:NODE_2_length_256043_cov_128.365530_> (length 643)
prokka_out/CA140717:NODE_2_length_256043_cov_128.365530_> (length 183)
prokka_out/CA140717:NODE_2_length_256043_cov_128.365530_> (length 842)
prokka_out/CA140717:NODE_2_length_256043_cov_128.365530_> (length 359)
prokka_out/CA140717:NODE_2_length_256043_cov_128.365530_> (length 370)
prokka_out/CA140717:NODE_2_length_256043_cov_128.365530_> (length 284)
prokka_out/CA140717:NODE_2_length_256043_cov_128.365530_> (length 303)
prokka_out/CA140717:NODE_2_length_256043_cov_128.365530_> (length 411)
prokka_out/CA140717:NODE_2_length_256043_cov_128.365530_> (length 332)
prokka_out/CA140717:NODE_2_length_256043_cov_128.365530_> (length 161)
prokka_out/CA140717:NODE_2_length_256043_cov_128.365530_> (length 258)
prokka_out/CA140717:NODE_2_length_256043_cov_128.365530_> (length 425)
prokka_out/CA140717:NODE_2_length_256043_cov_128.365530_> (length 124)
prokka_out/CA140717:NODE_2_length_256043_cov_128.365530_> (length 233)
prokka_out/CA140717:NODE_2_length_256043_cov_128.365530_> (length 50)
prokka_out/CA140717:NODE_2_length_256043_cov_128.365530_> (length 691)
prokka_out/CA140717:NODE_2_length_256043_cov_128.365530_> (length 156)
prokka_out/CA140717:NODE_2_length_256043_cov_128.365530_> (length 128)
prokka_out/CA140717:NODE_2_length_256043_cov_128.365530_> (length 1516)
prokka_out/CA140717:NODE_2_length_256043_cov_128.365530_> (length 1375)
prokka_out/CA140717:NODE_2_length_256043_cov_128.365530_> (length 125)
prokka_out/CA140717:NODE_2_length_256043_cov_128.365530_> (length 159)
prokka_out/CA140717:NODE_2_length_256043_cov_128.365530_> (length 233)
prokka_out/CA140717:NODE_2_length_256043_cov_128.365530_> (length 141)
prokka_out/CA140717:NODE_2_length_256043_cov_128.365530_> (length 177)
prokka_out/CA140717:NODE_2_length_256043_cov_128.365530_> (length 59)
prokka_out/CA140717:NODE_2_length_256043_cov_128.365530_> (length 52)
prokka_out/CA140717:NODE_2_length_256043_cov_128.365530_> (length 399)
prokka_out/CA140717:NODE_2_length_256043_cov_128.365530_> (length 245)
prokka_out/CA140717:NODE_2_length_256043_cov_128.365530_> (length 218)
prokka_out/CA140717:NODE_2_length_256043_cov_128.365530_> (length 233)
prokka_out/CA140717:NODE_2_length_256043_cov_128.365530_> (length 198)
prokka_out/CA140717:NODE_2_length_256043_cov_128.365530_> (length 128)
prokka_out/CA140717:NODE_2_length_256043_cov_128.365530_> (length 604)
prokka_out/CA140717:NODE_2_length_256043_cov_128.365530_> (length 406)
prokka_out/CA140717:NODE_2_length_256043_cov_128.365530_> (length 348)
prokka_out/CA140717:NODE_2_length_256043_cov_128.365530_> (length 395)
prokka_out/CA140717:NODE_2_length_256043_cov_128.365530_> (length 362)
prokka_out/CA140717:NODE_2_length_256043_cov_128.365530_> (length 80)
prokka_out/CA140717:NODE_2_length_256043_cov_128.365530_> (length 433)
prokka_out/CA140717:NODE_2_length_256043_cov_128.365530_> (length 207)
prokka_out/CA140717:NODE_2_length_256043_cov_128.365530_> (length 328)
prokka_out/CA140717:NODE_2_length_256043_cov_128.365530_> (length 174)
prokka_out/CA140717:NODE_2_length_256043_cov_128.365530_> (length 172)
prokka_out/CA140717:NODE_2_length_256043_cov_128.365530_> (length 430)
prokka_out/CA140717:NODE_2_length_256043_cov_128.365530_> (length 253)
prokka_out/CA140717:NODE_2_length_256043_cov_128.365530_> (length 215)
prokka_out/CA140717:NODE_2_length_256043_cov_128.365530_> (length 64)
prokka_out/CA140717:NODE_2_length_256043_cov_128.365530_> (length 71)
prokka_out/CA140717:NODE_2_length_256043_cov_128.365530_> (length 364)
prokka_out/CA140717:NODE_2_length_256043_cov_128.365530_> (length 197)
prokka_out/CA140717:NODE_2_length_256043_cov_128.365530_> (length 687)
prokka_out/CA140717:NODE_2_length_256043_cov_128.365530_> (length 277)
prokka_out/CA140717:NODE_2_length_256043_cov_128.365530_> (length 390)
prokka_out/CA140717:NODE_2_length_256043_cov_128.365530_> (length 276)
prokka_out/CA140717:NODE_2_length_256043_cov_128.365530_> (length 414)
prokka_out/CA140717:NODE_2_length_256043_cov_128.365530_> (length 312)
prokka_out/CA140717:NODE_2_length_256043_cov_128.365530_> (length 404)
prokka_out/CA140717:NODE_2_length_256043_cov_128.365530_> (length 77)
prokka_out/CA140717:NODE_2_length_256043_cov_128.365530_> (length 221)
prokka_out/CA140717:NODE_2_length_256043_cov_128.365530_> (length 135)
prokka_out/CA140717:NODE_2_length_256043_cov_128.365530_> (length 247)
prokka_out/CA140717:NODE_2_length_256043_cov_128.365530_> (length 492)
prokka_out/CA140717:NODE_2_length_256043_cov_128.365530_> (length 353)
prokka_out/CA140717:NODE_2_length_256043_cov_128.365530_> (length 402)
prokka_out/CA140717:NODE_2_length_256043_cov_128.365530_> (length 100)
prokka_out/CA140717:NODE_3_length_238243_cov_132.438963 (length 238243)
prokka_out/CA140717:NODE_3_length_238243_cov_132.438963_1 (length 605)
prokka_out/CA140717:NODE_3_length_238243_cov_132.438963_2 (length 607)
prokka_out/CA140717:NODE_3_length_238243_cov_132.438963_3 (length 416)
prokka_out/CA140717:NODE_3_length_238243_cov_132.438963_4 (length 171)
prokka_out/CA140717:NODE_3_length_238243_cov_132.438963_5 (length 335)
prokka_out/CA140717:NODE_3_length_238243_cov_132.438963_6 (length 464)
prokka_out/CA140717:NODE_3_length_238243_cov_132.438963_7 (length 358)
prokka_out/CA140717:NODE_3_length_238243_cov_132.438963_8 (length 241)
prokka_out/CA140717:NODE_3_length_238243_cov_132.438963_9 (length 112)
prokka_out/CA140717:NODE_3_length_238243_cov_132.438963_> (length 435)
prokka_out/CA140717:NODE_3_length_238243_cov_132.438963_> (length 191)
prokka_out/CA140717:NODE_3_length_238243_cov_132.438963_> (length 331)
prokka_out/CA140717:NODE_3_length_238243_cov_132.438963_> (length 322)
prokka_out/CA140717:NODE_3_length_238243_cov_132.438963_> (length 312)
prokka_out/CA140717:NODE_3_length_238243_cov_132.438963_> (length 251)
prokka_out/CA140717:NODE_3_length_238243_cov_132.438963_> (length 329)
prokka_out/CA140717:NODE_3_length_238243_cov_132.438963_> (length 210)
prokka_out/CA140717:NODE_3_length_238243_cov_132.438963_> (length 610)
prokka_out/CA140717:NODE_3_length_238243_cov_132.438963_> (length 163)
prokka_out/CA140717:NODE_3_length_238243_cov_132.438963_> (length 694)
prokka_out/CA140717:NODE_3_length_238243_cov_132.438963_> (length 753)
prokka_out/CA140717:NODE_3_length_238243_cov_132.438963_> (length 136)
prokka_out/CA140717:NODE_3_length_238243_cov_132.438963_> (length 336)
prokka_out/CA140717:NODE_3_length_238243_cov_132.438963_> (length 347)
prokka_out/CA140717:NODE_3_length_238243_cov_132.438963_> (length 463)
prokka_out/CA140717:NODE_3_length_238243_cov_132.438963_> (length 598)
prokka_out/CA140717:NODE_3_length_238243_cov_132.438963_> (length 782)
prokka_out/CA140717:NODE_3_length_238243_cov_132.438963_> (length 354)
prokka_out/CA140717:NODE_3_length_238243_cov_132.438963_> (length 439)
prokka_out/CA140717:NODE_3_length_238243_cov_132.438963_> (length 147)
prokka_out/CA140717:NODE_3_length_238243_cov_132.438963_> (length 232)
prokka_out/CA140717:NODE_3_length_238243_cov_132.438963_> (length 189)
prokka_out/CA140717:NODE_3_length_238243_cov_132.438963_> (length 820)
prokka_out/CA140717:NODE_3_length_238243_cov_132.438963_> (length 202)
prokka_out/CA140717:NODE_3_length_238243_cov_132.438963_> (length 151)
prokka_out/CA140717:NODE_3_length_238243_cov_132.438963_> (length 431)
prokka_out/CA140717:NODE_3_length_238243_cov_132.438963_> (length 175)
prokka_out/CA140717:NODE_3_length_238243_cov_132.438963_> (length 236)
prokka_out/CA140717:NODE_3_length_238243_cov_132.438963_> (length 599)
prokka_out/CA140717:NODE_3_length_238243_cov_132.438963_> (length 440)
prokka_out/CA140717:NODE_3_length_238243_cov_132.438963_> (length 553)
prokka_out/CA140717:NODE_3_length_238243_cov_132.438963_> (length 292)
prokka_out/CA140717:NODE_3_length_238243_cov_132.438963_> (length 163)
prokka_out/CA140717:NODE_3_length_238243_cov_132.438963_> (length 231)
prokka_out/CA140717:NODE_3_length_238243_cov_132.438963_> (length 105)
prokka_out/CA140717:NODE_3_length_238243_cov_132.438963_> (length 474)
prokka_out/CA140717:NODE_3_length_238243_cov_132.438963_> (length 155)
prokka_out/CA140717:NODE_3_length_238243_cov_132.438963_> (length 222)
prokka_out/CA140717:NODE_3_length_238243_cov_132.438963_> (length 120)
prokka_out/CA140717:NODE_3_length_238243_cov_132.438963_> (length 479)
prokka_out/CA140717:NODE_3_length_238243_cov_132.438963_> (length 387)
prokka_out/CA140717:NODE_3_length_238243_cov_132.438963_> (length 455)
prokka_out/CA140717:NODE_3_length_238243_cov_132.438963_> (length 446)
prokka_out/CA140717:NODE_3_length_238243_cov_132.438963_> (length 74)
prokka_out/CA140717:NODE_3_length_238243_cov_132.438963_> (length 613)
prokka_out/CA140717:NODE_3_length_238243_cov_132.438963_> (length 499)
prokka_out/CA140717:NODE_3_length_238243_cov_132.438963_> (length 274)
prokka_out/CA140717:NODE_3_length_238243_cov_132.438963_> (length 223)
prokka_out/CA140717:NODE_3_length_238243_cov_132.438963_> (length 400)
prokka_out/CA140717:NODE_3_length_238243_cov_132.438963_> (length 332)
prokka_out/CA140717:NODE_3_length_238243_cov_132.438963_> (length 181)
prokka_out/CA140717:NODE_3_length_238243_cov_132.438963_> (length 108)
prokka_out/CA140717:NODE_3_length_238243_cov_132.438963_> (length 454)
prokka_out/CA140717:NODE_3_length_238243_cov_132.438963_> (length 178)
prokka_out/CA140717:NODE_3_length_238243_cov_132.438963_> (length 115)
prokka_out/CA140717:NODE_3_length_238243_cov_132.438963_> (length 140)
prokka_out/CA140717:NODE_3_length_238243_cov_132.438963_> (length 456)
prokka_out/CA140717:NODE_3_length_238243_cov_132.438963_> (length 373)
prokka_out/CA140717:NODE_3_length_238243_cov_132.438963_> (length 393)
prokka_out/CA140717:NODE_3_length_238243_cov_132.438963_> (length 675)
prokka_out/CA140717:NODE_3_length_238243_cov_132.438963_> (length 498)
prokka_out/CA140717:NODE_3_length_238243_cov_132.438963_> (length 243)
prokka_out/CA140717:NODE_3_length_238243_cov_132.438963_> (length 431)
prokka_out/CA140717:NODE_3_length_238243_cov_132.438963_> (length 197)
prokka_out/CA140717:NODE_3_length_238243_cov_132.438963_> (length 666)
prokka_out/CA140717:NODE_3_length_238243_cov_132.438963_> (length 563)
prokka_out/CA140717:NODE_3_length_238243_cov_132.438963_> (length 667)
prokka_out/CA140717:NODE_3_length_238243_cov_132.438963_> (length 1088)
prokka_out/CA140717:NODE_3_length_238243_cov_132.438963_> (length 238)
prokka_out/CA140717:NODE_3_length_238243_cov_132.438963_> (length 164)
prokka_out/CA140717:NODE_3_length_238243_cov_132.438963_> (length 310)
prokka_out/CA140717:NODE_3_length_238243_cov_132.438963_> (length 236)
prokka_out/CA140717:NODE_3_length_238243_cov_132.438963_> (length 335)
prokka_out/CA140717:NODE_3_length_238243_cov_132.438963_> (length 190)
prokka_out/CA140717:NODE_3_length_238243_cov_132.438963_> (length 236)
prokka_out/CA140717:NODE_3_length_238243_cov_132.438963_> (length 966)
prokka_out/CA140717:NODE_3_length_238243_cov_132.438963_> (length 670)
prokka_out/CA140717:NODE_3_length_238243_cov_132.438963_> (length 458)
prokka_out/CA140717:NODE_3_length_238243_cov_132.438963_> (length 545)
prokka_out/CA140717:NODE_3_length_238243_cov_132.438963_> (length 317)
prokka_out/CA140717:NODE_3_length_238243_cov_132.438963_> (length 543)
prokka_out/CA140717:NODE_3_length_238243_cov_132.438963_> (length 371)
prokka_out/CA140717:NODE_3_length_238243_cov_132.438963_> (length 220)
prokka_out/CA140717:NODE_3_length_238243_cov_132.438963_> (length 260)
prokka_out/CA140717:NODE_3_length_238243_cov_132.438963_> (length 138)
prokka_out/CA140717:NODE_3_length_238243_cov_132.438963_> (length 187)
prokka_out/CA140717:NODE_3_length_238243_cov_132.438963_> (length 229)
prokka_out/CA140717:NODE_3_length_238243_cov_132.438963_> (length 236)
prokka_out/CA140717:NODE_3_length_238243_cov_132.438963_> (length 321)
prokka_out/CA140717:NODE_3_length_238243_cov_132.438963_> (length 439)
prokka_out/CA140717:NODE_3_length_238243_cov_132.438963_> (length 365)
prokka_out/CA140717:NODE_3_length_238243_cov_132.438963_> (length 90)
prokka_out/CA140717:NODE_3_length_238243_cov_132.438963_> (length 34)
prokka_out/CA140717:NODE_3_length_238243_cov_132.438963_> (length 372)
prokka_out/CA140717:NODE_3_length_238243_cov_132.438963_> (length 273)
prokka_out/CA140717:NODE_3_length_238243_cov_132.438963_> (length 357)
prokka_out/CA140717:NODE_3_length_238243_cov_132.438963_> (length 127)
prokka_out/CA140717:NODE_3_length_238243_cov_132.438963_> (length 229)
prokka_out/CA140717:NODE_3_length_238243_cov_132.438963_> (length 348)
prokka_out/CA140717:NODE_3_length_238243_cov_132.438963_> (length 113)
prokka_out/CA140717:NODE_3_length_238243_cov_132.438963_> (length 65)
prokka_out/CA140717:NODE_3_length_238243_cov_132.438963_> (length 144)
prokka_out/CA140717:NODE_3_length_238243_cov_132.438963_> (length 608)
prokka_out/CA140717:NODE_3_length_238243_cov_132.438963_> (length 254)
prokka_out/CA140717:NODE_3_length_238243_cov_132.438963_> (length 254)
prokka_out/CA140717:NODE_3_length_238243_cov_132.438963_> (length 391)
prokka_out/CA140717:NODE_3_length_238243_cov_132.438963_> (length 520)
prokka_out/CA140717:NODE_3_length_238243_cov_132.438963_> (length 198)
prokka_out/CA140717:NODE_3_length_238243_cov_132.438963_> (length 198)
prokka_out/CA140717:NODE_3_length_238243_cov_132.438963_> (length 472)
prokka_out/CA140717:NODE_3_length_238243_cov_132.438963_> (length 98)
prokka_out/CA140717:NODE_3_length_238243_cov_132.438963_> (length 1186)
prokka_out/CA140717:NODE_3_length_238243_cov_132.438963_> (length 212)
prokka_out/CA140717:NODE_3_length_238243_cov_132.438963_> (length 332)
prokka_out/CA140717:NODE_3_length_238243_cov_132.438963_> (length 129)
prokka_out/CA140717:NODE_3_length_238243_cov_132.438963_> (length 141)
prokka_out/CA140717:NODE_3_length_238243_cov_132.438963_> (length 186)
prokka_out/CA140717:NODE_3_length_238243_cov_132.438963_> (length 214)
prokka_out/CA140717:NODE_3_length_238243_cov_132.438963_> (length 920)
prokka_out/CA140717:NODE_3_length_238243_cov_132.438963_> (length 788)
prokka_out/CA140717:NODE_3_length_238243_cov_132.438963_> (length 174)
prokka_out/CA140717:NODE_3_length_238243_cov_132.438963_> (length 196)
prokka_out/CA140717:NODE_3_length_238243_cov_132.438963_> (length 33)
prokka_out/CA140717:NODE_3_length_238243_cov_132.438963_> (length 73)
prokka_out/CA140717:NODE_3_length_238243_cov_132.438963_> (length 287)
prokka_out/CA140717:NODE_3_length_238243_cov_132.438963_> (length 83)
prokka_out/CA140717:NODE_3_length_238243_cov_132.438963_> (length 221)
prokka_out/CA140717:NODE_3_length_238243_cov_132.438963_> (length 488)
prokka_out/CA140717:NODE_3_length_238243_cov_132.438963_> (length 222)
prokka_out/CA140717:NODE_3_length_238243_cov_132.438963_> (length 404)
prokka_out/CA140717:NODE_3_length_238243_cov_132.438963_> (length 223)
prokka_out/CA140717:NODE_3_length_238243_cov_132.438963_> (length 372)
prokka_out/CA140717:NODE_3_length_238243_cov_132.438963_> (length 183)
prokka_out/CA140717:NODE_3_length_238243_cov_132.438963_> (length 172)
prokka_out/CA140717:NODE_3_length_238243_cov_132.438963_> (length 142)
prokka_out/CA140717:NODE_3_length_238243_cov_132.438963_> (length 416)
prokka_out/CA140717:NODE_3_length_238243_cov_132.438963_> (length 403)
prokka_out/CA140717:NODE_3_length_238243_cov_132.438963_> (length 75)
prokka_out/CA140717:NODE_3_length_238243_cov_132.438963_> (length 493)
prokka_out/CA140717:NODE_3_length_238243_cov_132.438963_> (length 1167)
prokka_out/CA140717:NODE_3_length_238243_cov_132.438963_> (length 308)
prokka_out/CA140717:NODE_3_length_238243_cov_132.438963_> (length 190)
prokka_out/CA140717:NODE_3_length_238243_cov_132.438963_> (length 243)
prokka_out/CA140717:NODE_3_length_238243_cov_132.438963_> (length 260)
prokka_out/CA140717:NODE_3_length_238243_cov_132.438963_> (length 746)
prokka_out/CA140717:NODE_3_length_238243_cov_132.438963_> (length 310)
prokka_out/CA140717:NODE_3_length_238243_cov_132.438963_> (length 213)
prokka_out/CA140717:NODE_3_length_238243_cov_132.438963_> (length 746)
prokka_out/CA140717:NODE_3_length_238243_cov_132.438963_> (length 180)
prokka_out/CA140717:NODE_3_length_238243_cov_132.438963_> (length 63)
prokka_out/CA140717:NODE_3_length_238243_cov_132.438963_> (length 233)
prokka_out/CA140717:NODE_3_length_238243_cov_132.438963_> (length 382)
prokka_out/CA140717:NODE_3_length_238243_cov_132.438963_> (length 513)
prokka_out/CA140717:NODE_3_length_238243_cov_132.438963_> (length 73)
prokka_out/CA140717:NODE_3_length_238243_cov_132.438963_> (length 148)
prokka_out/CA140717:NODE_3_length_238243_cov_132.438963_> (length 396)
prokka_out/CA140717:NODE_3_length_238243_cov_132.438963_> (length 118)
prokka_out/CA140717:NODE_3_length_238243_cov_132.438963_> (length 108)
prokka_out/CA140717:NODE_3_length_238243_cov_132.438963_> (length 100)
prokka_out/CA140717:NODE_3_length_238243_cov_132.438963_> (length 507)
prokka_out/CA140717:NODE_3_length_238243_cov_132.438963_> (length 325)
prokka_out/CA140717:NODE_3_length_238243_cov_132.438963_> (length 329)
prokka_out/CA140717:NODE_3_length_238243_cov_132.438963_> (length 201)
prokka_out/CA140717:NODE_3_length_238243_cov_132.438963_> (length 249)
prokka_out/CA140717:NODE_3_length_238243_cov_132.438963_> (length 243)
prokka_out/CA140717:NODE_3_length_238243_cov_132.438963_> (length 345)
prokka_out/CA140717:NODE_3_length_238243_cov_132.438963_> (length 105)
prokka_out/CA140717:NODE_3_length_238243_cov_132.438963_> (length 149)
prokka_out/CA140717:NODE_3_length_238243_cov_132.438963_> (length 406)
prokka_out/CA140717:NODE_3_length_238243_cov_132.438963_> (length 274)
prokka_out/CA140717:NODE_3_length_238243_cov_132.438963_> (length 656)
prokka_out/CA140717:NODE_3_length_238243_cov_132.438963_> (length 331)
prokka_out/CA140717:NODE_3_length_238243_cov_132.438963_> (length 228)
prokka_out/CA140717:NODE_3_length_238243_cov_132.438963_> (length 269)
prokka_out/CA140717:NODE_3_length_238243_cov_132.438963_> (length 256)
prokka_out/CA140717:NODE_3_length_238243_cov_132.438963_> (length 389)
prokka_out/CA140717:NODE_3_length_238243_cov_132.438963_> (length 246)
prokka_out/CA140717:NODE_3_length_238243_cov_132.438963_> (length 321)
prokka_out/CA140717:NODE_3_length_238243_cov_132.438963_> (length 254)
prokka_out/CA140717:NODE_3_length_238243_cov_132.438963_> (length 299)
prokka_out/CA140717:NODE_3_length_238243_cov_132.438963_> (length 161)
prokka_out/CA140717:NODE_3_length_238243_cov_132.438963_> (length 295)
prokka_out/CA140717:NODE_3_length_238243_cov_132.438963_> (length 288)
prokka_out/CA140717:NODE_3_length_238243_cov_132.438963_> (length 137)
prokka_out/CA140717:NODE_3_length_238243_cov_132.438963_> (length 119)
prokka_out/CA140717:NODE_3_length_238243_cov_132.438963_> (length 221)
prokka_out/CA140717:NODE_3_length_238243_cov_132.438963_> (length 131)
prokka_out/CA140717:NODE_3_length_238243_cov_132.438963_> (length 211)
prokka_out/CA140717:NODE_3_length_238243_cov_132.438963_> (length 264)
prokka_out/CA140717:NODE_3_length_238243_cov_132.438963_> (length 181)
prokka_out/CA140717:NODE_3_length_238243_cov_132.438963_> (length 258)
prokka_out/CA140717:NODE_3_length_238243_cov_132.438963_> (length 74)
prokka_out/CA140717:NODE_3_length_238243_cov_132.438963_> (length 639)
prokka_out/CA140717:NODE_3_length_238243_cov_132.438963_> (length 124)
prokka_out/CA140717:NODE_3_length_238243_cov_132.438963_> (length 73)
prokka_out/CA140717:NODE_3_length_238243_cov_132.438963_> (length 396)
prokka_out/CA140717:NODE_3_length_238243_cov_132.438963_> (length 150)
prokka_out/CA140717:NODE_3_length_238243_cov_132.438963_> (length 358)
prokka_out/CA140717:NODE_3_length_238243_cov_132.438963_> (length 769)
prokka_out/CA140717:NODE_3_length_238243_cov_132.438963_> (length 531)
prokka_out/CA140717:NODE_3_length_238243_cov_132.438963_> (length 199)
prokka_out/CA140717:NODE_3_length_238243_cov_132.438963_> (length 254)
prokka_out/CA140717:NODE_3_length_238243_cov_132.438963_> (length 410)
prokka_out/CA140717:NODE_3_length_238243_cov_132.438963_> (length 356)
prokka_out/CA140717:NODE_3_length_238243_cov_132.438963_> (length 495)
prokka_out/CA140717:NODE_3_length_238243_cov_132.438963_> (length 200)
prokka_out/CA140717:NODE_3_length_238243_cov_132.438963_> (length 371)
prokka_out/CA140717:NODE_3_length_238243_cov_132.438963_> (length 169)
prokka_out/CA140717:NODE_3_length_238243_cov_132.438963_> (length 323)
prokka_out/CA140717:NODE_3_length_238243_cov_132.438963_> (length 315)
prokka_out/CA140717:NODE_3_length_238243_cov_132.438963_> (length 105)
prokka_out/CA140717:NODE_3_length_238243_cov_132.438963_> (length 140)
prokka_out/CA140717:NODE_3_length_238243_cov_132.438963_> (length 130)
prokka_out/CA140717:NODE_3_length_238243_cov_132.438963_> (length 190)
prokka_out/CA140717:NODE_3_length_238243_cov_132.438963_> (length 142)
prokka_out/CA140717:NODE_3_length_238243_cov_132.438963_> (length 462)
prokka_out/CA140717:NODE_4_length_171631_cov_131.281562 (length 171631)
prokka_out/CA140717:NODE_4_length_171631_cov_131.281562_1 (length 66)
prokka_out/CA140717:NODE_4_length_171631_cov_131.281562_2 (length 788)
prokka_out/CA140717:NODE_4_length_171631_cov_131.281562_3 (length 457)
prokka_out/CA140717:NODE_4_length_171631_cov_131.281562_4 (length 496)
prokka_out/CA140717:NODE_4_length_171631_cov_131.281562_5 (length 596)
prokka_out/CA140717:NODE_4_length_171631_cov_131.281562_6 (length 97)
prokka_out/CA140717:NODE_4_length_171631_cov_131.281562_7 (length 171)
prokka_out/CA140717:NODE_4_length_171631_cov_131.281562_8 (length 221)
prokka_out/CA140717:NODE_4_length_171631_cov_131.281562_9 (length 332)
prokka_out/CA140717:NODE_4_length_171631_cov_131.281562_> (length 820)
prokka_out/CA140717:NODE_4_length_171631_cov_131.281562_> (length 230)
prokka_out/CA140717:NODE_4_length_171631_cov_131.281562_> (length 75)
prokka_out/CA140717:NODE_4_length_171631_cov_131.281562_> (length 408)
prokka_out/CA140717:NODE_4_length_171631_cov_131.281562_> (length 263)
prokka_out/CA140717:NODE_4_length_171631_cov_131.281562_> (length 167)
prokka_out/CA140717:NODE_4_length_171631_cov_131.281562_> (length 129)
prokka_out/CA140717:NODE_4_length_171631_cov_131.281562_> (length 221)
prokka_out/CA140717:NODE_4_length_171631_cov_131.281562_> (length 236)
prokka_out/CA140717:NODE_4_length_171631_cov_131.281562_> (length 251)
prokka_out/CA140717:NODE_4_length_171631_cov_131.281562_> (length 314)
prokka_out/CA140717:NODE_4_length_171631_cov_131.281562_> (length 512)
prokka_out/CA140717:NODE_4_length_171631_cov_131.281562_> (length 925)
prokka_out/CA140717:NODE_4_length_171631_cov_131.281562_> (length 140)
prokka_out/CA140717:NODE_4_length_171631_cov_131.281562_> (length 543)
prokka_out/CA140717:NODE_4_length_171631_cov_131.281562_> (length 435)
prokka_out/CA140717:NODE_4_length_171631_cov_131.281562_> (length 72)
prokka_out/CA140717:NODE_4_length_171631_cov_131.281562_> (length 144)
prokka_out/CA140717:NODE_4_length_171631_cov_131.281562_> (length 52)
prokka_out/CA140717:NODE_4_length_171631_cov_131.281562_> (length 386)
prokka_out/CA140717:NODE_4_length_171631_cov_131.281562_> (length 205)
prokka_out/CA140717:NODE_4_length_171631_cov_131.281562_> (length 261)
prokka_out/CA140717:NODE_4_length_171631_cov_131.281562_> (length 162)
prokka_out/CA140717:NODE_4_length_171631_cov_131.281562_> (length 286)
prokka_out/CA140717:NODE_4_length_171631_cov_131.281562_> (length 72)
prokka_out/CA140717:NODE_4_length_171631_cov_131.281562_> (length 121)
prokka_out/CA140717:NODE_4_length_171631_cov_131.281562_> (length 130)
prokka_out/CA140717:NODE_4_length_171631_cov_131.281562_> (length 208)
prokka_out/CA140717:NODE_4_length_171631_cov_131.281562_> (length 337)
prokka_out/CA140717:NODE_4_length_171631_cov_131.281562_> (length 117)
prokka_out/CA140717:NODE_4_length_171631_cov_131.281562_> (length 299)
prokka_out/CA140717:NODE_4_length_171631_cov_131.281562_> (length 428)
prokka_out/CA140717:NODE_4_length_171631_cov_131.281562_> (length 353)
prokka_out/CA140717:NODE_4_length_171631_cov_131.281562_> (length 195)
prokka_out/CA140717:NODE_4_length_171631_cov_131.281562_> (length 242)
prokka_out/CA140717:NODE_4_length_171631_cov_131.281562_> (length 255)
prokka_out/CA140717:NODE_4_length_171631_cov_131.281562_> (length 207)
prokka_out/CA140717:NODE_4_length_171631_cov_131.281562_> (length 171)
prokka_out/CA140717:NODE_4_length_171631_cov_131.281562_> (length 387)
prokka_out/CA140717:NODE_4_length_171631_cov_131.281562_> (length 368)
prokka_out/CA140717:NODE_4_length_171631_cov_131.281562_> (length 371)
prokka_out/CA140717:NODE_4_length_171631_cov_131.281562_> (length 295)
prokka_out/CA140717:NODE_4_length_171631_cov_131.281562_> (length 386)
prokka_out/CA140717:NODE_4_length_171631_cov_131.281562_> (length 166)
prokka_out/CA140717:NODE_4_length_171631_cov_131.281562_> (length 87)
prokka_out/CA140717:NODE_4_length_171631_cov_131.281562_> (length 355)
prokka_out/CA140717:NODE_4_length_171631_cov_131.281562_> (length 251)
prokka_out/CA140717:NODE_4_length_171631_cov_131.281562_> (length 702)
prokka_out/CA140717:NODE_4_length_171631_cov_131.281562_> (length 333)
prokka_out/CA140717:NODE_4_length_171631_cov_131.281562_> (length 259)
prokka_out/CA140717:NODE_4_length_171631_cov_131.281562_> (length 268)
prokka_out/CA140717:NODE_4_length_171631_cov_131.281562_> (length 285)
prokka_out/CA140717:NODE_4_length_171631_cov_131.281562_> (length 420)
prokka_out/CA140717:NODE_4_length_171631_cov_131.281562_> (length 339)
prokka_out/CA140717:NODE_4_length_171631_cov_131.281562_> (length 228)
prokka_out/CA140717:NODE_4_length_171631_cov_131.281562_> (length 112)
prokka_out/CA140717:NODE_4_length_171631_cov_131.281562_> (length 78)
prokka_out/CA140717:NODE_4_length_171631_cov_131.281562_> (length 252)
prokka_out/CA140717:NODE_4_length_171631_cov_131.281562_> (length 109)
prokka_out/CA140717:NODE_4_length_171631_cov_131.281562_> (length 577)
prokka_out/CA140717:NODE_4_length_171631_cov_131.281562_> (length 326)
prokka_out/CA140717:NODE_4_length_171631_cov_131.281562_> (length 173)
prokka_out/CA140717:NODE_4_length_171631_cov_131.281562_> (length 454)
prokka_out/CA140717:NODE_4_length_171631_cov_131.281562_> (length 440)
prokka_out/CA140717:NODE_4_length_171631_cov_131.281562_> (length 138)
prokka_out/CA140717:NODE_4_length_171631_cov_131.281562_> (length 245)
prokka_out/CA140717:NODE_4_length_171631_cov_131.281562_> (length 141)
prokka_out/CA140717:NODE_4_length_171631_cov_131.281562_> (length 129)
prokka_out/CA140717:NODE_4_length_171631_cov_131.281562_> (length 289)
prokka_out/CA140717:NODE_4_length_171631_cov_131.281562_> (length 53)
prokka_out/CA140717:NODE_4_length_171631_cov_131.281562_> (length 327)
prokka_out/CA140717:NODE_4_length_171631_cov_131.281562_> (length 447)
prokka_out/CA140717:NODE_4_length_171631_cov_131.281562_> (length 546)
prokka_out/CA140717:NODE_4_length_171631_cov_131.281562_> (length 283)
prokka_out/CA140717:NODE_4_length_171631_cov_131.281562_> (length 330)
prokka_out/CA140717:NODE_4_length_171631_cov_131.281562_> (length 379)
prokka_out/CA140717:NODE_4_length_171631_cov_131.281562_> (length 182)
prokka_out/CA140717:NODE_4_length_171631_cov_131.281562_> (length 363)
prokka_out/CA140717:NODE_4_length_171631_cov_131.281562_> (length 224)
prokka_out/CA140717:NODE_4_length_171631_cov_131.281562_> (length 146)
prokka_out/CA140717:NODE_4_length_171631_cov_131.281562_> (length 327)
prokka_out/CA140717:NODE_4_length_171631_cov_131.281562_> (length 608)
prokka_out/CA140717:NODE_4_length_171631_cov_131.281562_> (length 89)
prokka_out/CA140717:NODE_4_length_171631_cov_131.281562_> (length 185)
prokka_out/CA140717:NODE_4_length_171631_cov_131.281562_> (length 427)
prokka_out/CA140717:NODE_4_length_171631_cov_131.281562_> (length 101)
prokka_out/CA140717:NODE_4_length_171631_cov_131.281562_> (length 363)
prokka_out/CA140717:NODE_4_length_171631_cov_131.281562_> (length 279)
prokka_out/CA140717:NODE_4_length_171631_cov_131.281562_> (length 632)
prokka_out/CA140717:NODE_4_length_171631_cov_131.281562_> (length 371)
prokka_out/CA140717:NODE_4_length_171631_cov_131.281562_> (length 240)
prokka_out/CA140717:NODE_4_length_171631_cov_131.281562_> (length 298)
prokka_out/CA140717:NODE_4_length_171631_cov_131.281562_> (length 200)
prokka_out/CA140717:NODE_4_length_171631_cov_131.281562_> (length 166)
prokka_out/CA140717:NODE_4_length_171631_cov_131.281562_> (length 252)
prokka_out/CA140717:NODE_4_length_171631_cov_131.281562_> (length 247)
prokka_out/CA140717:NODE_4_length_171631_cov_131.281562_> (length 154)
prokka_out/CA140717:NODE_4_length_171631_cov_131.281562_> (length 389)
prokka_out/CA140717:NODE_4_length_171631_cov_131.281562_> (length 382)
prokka_out/CA140717:NODE_4_length_171631_cov_131.281562_> (length 60)
prokka_out/CA140717:NODE_4_length_171631_cov_131.281562_> (length 689)
prokka_out/CA140717:NODE_4_length_171631_cov_131.281562_> (length 179)
prokka_out/CA140717:NODE_4_length_171631_cov_131.281562_> (length 467)
prokka_out/CA140717:NODE_4_length_171631_cov_131.281562_> (length 431)
prokka_out/CA140717:NODE_4_length_171631_cov_131.281562_> (length 372)
prokka_out/CA140717:NODE_4_length_171631_cov_131.281562_> (length 215)
prokka_out/CA140717:NODE_4_length_171631_cov_131.281562_> (length 162)
prokka_out/CA140717:NODE_4_length_171631_cov_131.281562_> (length 167)
prokka_out/CA140717:NODE_4_length_171631_cov_131.281562_> (length 351)
prokka_out/CA140717:NODE_4_length_171631_cov_131.281562_> (length 84)
prokka_out/CA140717:NODE_4_length_171631_cov_131.281562_> (length 102)
prokka_out/CA140717:NODE_4_length_171631_cov_131.281562_> (length 328)
prokka_out/CA140717:NODE_4_length_171631_cov_131.281562_> (length 207)
prokka_out/CA140717:NODE_4_length_171631_cov_131.281562_> (length 450)
prokka_out/CA140717:NODE_4_length_171631_cov_131.281562_> (length 442)
prokka_out/CA140717:NODE_4_length_171631_cov_131.281562_> (length 468)
prokka_out/CA140717:NODE_4_length_171631_cov_131.281562_> (length 231)
prokka_out/CA140717:NODE_4_length_171631_cov_131.281562_> (length 230)
prokka_out/CA140717:NODE_4_length_171631_cov_131.281562_> (length 66)
prokka_out/CA140717:NODE_4_length_171631_cov_131.281562_> (length 207)
prokka_out/CA140717:NODE_4_length_171631_cov_131.281562_> (length 34)
prokka_out/CA140717:NODE_4_length_171631_cov_131.281562_> (length 374)
prokka_out/CA140717:NODE_4_length_171631_cov_131.281562_> (length 520)
prokka_out/CA140717:NODE_4_length_171631_cov_131.281562_> (length 76)
prokka_out/CA140717:NODE_4_length_171631_cov_131.281562_> (length 555)
prokka_out/CA140717:NODE_4_length_171631_cov_131.281562_> (length 245)
prokka_out/CA140717:NODE_4_length_171631_cov_131.281562_> (length 479)
prokka_out/CA140717:NODE_4_length_171631_cov_131.281562_> (length 218)
prokka_out/CA140717:NODE_4_length_171631_cov_131.281562_> (length 229)
prokka_out/CA140717:NODE_4_length_171631_cov_131.281562_> (length 203)
prokka_out/CA140717:NODE_4_length_171631_cov_131.281562_> (length 343)
prokka_out/CA140717:NODE_4_length_171631_cov_131.281562_> (length 298)
prokka_out/CA140717:NODE_4_length_171631_cov_131.281562_> (length 409)
prokka_out/CA140717:NODE_4_length_171631_cov_131.281562_> (length 162)
prokka_out/CA140717:NODE_4_length_171631_cov_131.281562_> (length 160)
prokka_out/CA140717:NODE_4_length_171631_cov_131.281562_> (length 476)
prokka_out/CA140717:NODE_4_length_171631_cov_131.281562_> (length 288)
prokka_out/CA140717:NODE_4_length_171631_cov_131.281562_> (length 118)
prokka_out/CA140717:NODE_4_length_171631_cov_131.281562_> (length 230)
prokka_out/CA140717:NODE_4_length_171631_cov_131.281562_> (length 358)
prokka_out/CA140717:NODE_4_length_171631_cov_131.281562_> (length 278)
prokka_out/CA140717:NODE_4_length_171631_cov_131.281562_> (length 199)
prokka_out/CA140717:NODE_4_length_171631_cov_131.281562_> (length 192)
prokka_out/CA140717:NODE_4_length_171631_cov_131.281562_> (length 94)
prokka_out/CA140717:NODE_4_length_171631_cov_131.281562_> (length 174)
prokka_out/CA140717:NODE_4_length_171631_cov_131.281562_> (length 318)
prokka_out/CA140717:NODE_4_length_171631_cov_131.281562_> (length 107)
prokka_out/CA140717:NODE_4_length_171631_cov_131.281562_> (length 195)
prokka_out/CA140717:NODE_4_length_171631_cov_131.281562_> (length 258)
prokka_out/CA140717:NODE_4_length_171631_cov_131.281562_> (length 201)
prokka_out/CA140717:NODE_4_length_171631_cov_131.281562_> (length 338)
prokka_out/CA140717:NODE_4_length_171631_cov_131.281562_> (length 602)
prokka_out/CA140717:NODE_4_length_171631_cov_131.281562_> (length 268)
prokka_out/CA140717:NODE_4_length_171631_cov_131.281562_> (length 552)
prokka_out/CA140717:NODE_4_length_171631_cov_131.281562_> (length 545)
prokka_out/CA140717:NODE_4_length_171631_cov_131.281562_> (length 287)
prokka_out/CA140717:NODE_4_length_171631_cov_131.281562_> (length 628)
prokka_out/CA140717:NODE_4_length_171631_cov_131.281562_> (length 107)
prokka_out/CA140717:NODE_4_length_171631_cov_131.281562_> (length 602)
prokka_out/CA140717:NODE_4_length_171631_cov_131.281562_> (length 216)
prokka_out/CA140717:NODE_4_length_171631_cov_131.281562_> (length 449)
prokka_out/CA140717:NODE_4_length_171631_cov_131.281562_> (length 402)
prokka_out/CA140717:NODE_4_length_171631_cov_131.281562_> (length 233)
prokka_out/CA140717:NODE_4_length_171631_cov_131.281562_> (length 822)
prokka_out/CA140717:NODE_4_length_171631_cov_131.281562_> (length 1248)
prokka_out/CA140717:NODE_4_length_171631_cov_131.281562_> (length 365)
prokka_out/CA140717:NODE_4_length_171631_cov_131.281562_> (length 340)
prokka_out/CA140717:NODE_4_length_171631_cov_131.281562_> (length 235)
prokka_out/CA140717:NODE_5_length_162390_cov_131.001288 (length 162390)
prokka_out/CA140717:NODE_5_length_162390_cov_131.001288_1 (length 545)
prokka_out/CA140717:NODE_5_length_162390_cov_131.001288_2 (length 255)
prokka_out/CA140717:NODE_5_length_162390_cov_131.001288_3 (length 407)
prokka_out/CA140717:NODE_5_length_162390_cov_131.001288_4 (length 194)
prokka_out/CA140717:NODE_5_length_162390_cov_131.001288_5 (length 125)
prokka_out/CA140717:NODE_5_length_162390_cov_131.001288_6 (length 110)
prokka_out/CA140717:NODE_5_length_162390_cov_131.001288_7 (length 525)
prokka_out/CA140717:NODE_5_length_162390_cov_131.001288_8 (length 99)
prokka_out/CA140717:NODE_5_length_162390_cov_131.001288_9 (length 68)
prokka_out/CA140717:NODE_5_length_162390_cov_131.001288_> (length 117)
prokka_out/CA140717:NODE_5_length_162390_cov_131.001288_> (length 140)
prokka_out/CA140717:NODE_5_length_162390_cov_131.001288_> (length 69)
prokka_out/CA140717:NODE_5_length_162390_cov_131.001288_> (length 318)
prokka_out/CA140717:NODE_5_length_162390_cov_131.001288_> (length 190)
prokka_out/CA140717:NODE_5_length_162390_cov_131.001288_> (length 120)
prokka_out/CA140717:NODE_5_length_162390_cov_131.001288_> (length 226)
prokka_out/CA140717:NODE_5_length_162390_cov_131.001288_> (length 234)
prokka_out/CA140717:NODE_5_length_162390_cov_131.001288_> (length 610)
prokka_out/CA140717:NODE_5_length_162390_cov_131.001288_> (length 728)
prokka_out/CA140717:NODE_5_length_162390_cov_131.001288_> (length 241)
prokka_out/CA140717:NODE_5_length_162390_cov_131.001288_> (length 663)
prokka_out/CA140717:NODE_5_length_162390_cov_131.001288_> (length 261)
prokka_out/CA140717:NODE_5_length_162390_cov_131.001288_> (length 271)
prokka_out/CA140717:NODE_5_length_162390_cov_131.001288_> (length 301)
prokka_out/CA140717:NODE_5_length_162390_cov_131.001288_> (length 263)
prokka_out/CA140717:NODE_5_length_162390_cov_131.001288_> (length 275)
prokka_out/CA140717:NODE_5_length_162390_cov_131.001288_> (length 157)
prokka_out/CA140717:NODE_5_length_162390_cov_131.001288_> (length 414)
prokka_out/CA140717:NODE_5_length_162390_cov_131.001288_> (length 502)
prokka_out/CA140717:NODE_5_length_162390_cov_131.001288_> (length 156)
prokka_out/CA140717:NODE_5_length_162390_cov_131.001288_> (length 186)
prokka_out/CA140717:NODE_5_length_162390_cov_131.001288_> (length 95)
prokka_out/CA140717:NODE_5_length_162390_cov_131.001288_> (length 192)
prokka_out/CA140717:NODE_5_length_162390_cov_131.001288_> (length 332)
prokka_out/CA140717:NODE_5_length_162390_cov_131.001288_> (length 95)
prokka_out/CA140717:NODE_5_length_162390_cov_131.001288_> (length 209)
prokka_out/CA140717:NODE_5_length_162390_cov_131.001288_> (length 448)
prokka_out/CA140717:NODE_5_length_162390_cov_131.001288_> (length 480)
prokka_out/CA140717:NODE_5_length_162390_cov_131.001288_> (length 208)
prokka_out/CA140717:NODE_5_length_162390_cov_131.001288_> (length 820)
prokka_out/CA140717:NODE_5_length_162390_cov_131.001288_> (length 411)
prokka_out/CA140717:NODE_5_length_162390_cov_131.001288_> (length 319)
prokka_out/CA140717:NODE_5_length_162390_cov_131.001288_> (length 165)
prokka_out/CA140717:NODE_5_length_162390_cov_131.001288_> (length 460)
prokka_out/CA140717:NODE_5_length_162390_cov_131.001288_> (length 310)
prokka_out/CA140717:NODE_5_length_162390_cov_131.001288_> (length 270)
prokka_out/CA140717:NODE_5_length_162390_cov_131.001288_> (length 154)
prokka_out/CA140717:NODE_5_length_162390_cov_131.001288_> (length 132)
prokka_out/CA140717:NODE_5_length_162390_cov_131.001288_> (length 279)
prokka_out/CA140717:NODE_5_length_162390_cov_131.001288_> (length 259)
prokka_out/CA140717:NODE_5_length_162390_cov_131.001288_> (length 297)
prokka_out/CA140717:NODE_5_length_162390_cov_131.001288_> (length 182)
prokka_out/CA140717:NODE_5_length_162390_cov_131.001288_> (length 570)
prokka_out/CA140717:NODE_5_length_162390_cov_131.001288_> (length 273)
prokka_out/CA140717:NODE_5_length_162390_cov_131.001288_> (length 161)
prokka_out/CA140717:NODE_5_length_162390_cov_131.001288_> (length 163)
prokka_out/CA140717:NODE_5_length_162390_cov_131.001288_> (length 311)
prokka_out/CA140717:NODE_5_length_162390_cov_131.001288_> (length 389)
prokka_out/CA140717:NODE_5_length_162390_cov_131.001288_> (length 201)
prokka_out/CA140717:NODE_5_length_162390_cov_131.001288_> (length 70)
prokka_out/CA140717:NODE_5_length_162390_cov_131.001288_> (length 458)
prokka_out/CA140717:NODE_5_length_162390_cov_131.001288_> (length 211)
prokka_out/CA140717:NODE_5_length_162390_cov_131.001288_> (length 367)
prokka_out/CA140717:NODE_5_length_162390_cov_131.001288_> (length 1040)
prokka_out/CA140717:NODE_5_length_162390_cov_131.001288_> (length 492)
prokka_out/CA140717:NODE_5_length_162390_cov_131.001288_> (length 83)
prokka_out/CA140717:NODE_5_length_162390_cov_131.001288_> (length 436)
prokka_out/CA140717:NODE_5_length_162390_cov_131.001288_> (length 150)
prokka_out/CA140717:NODE_5_length_162390_cov_131.001288_> (length 156)
prokka_out/CA140717:NODE_5_length_162390_cov_131.001288_> (length 446)
prokka_out/CA140717:NODE_5_length_162390_cov_131.001288_> (length 341)
prokka_out/CA140717:NODE_5_length_162390_cov_131.001288_> (length 203)
prokka_out/CA140717:NODE_5_length_162390_cov_131.001288_> (length 105)
prokka_out/CA140717:NODE_5_length_162390_cov_131.001288_> (length 223)
prokka_out/CA140717:NODE_5_length_162390_cov_131.001288_> (length 81)
prokka_out/CA140717:NODE_5_length_162390_cov_131.001288_> (length 486)
prokka_out/CA140717:NODE_5_length_162390_cov_131.001288_> (length 263)
prokka_out/CA140717:NODE_5_length_162390_cov_131.001288_> (length 102)
prokka_out/CA140717:NODE_5_length_162390_cov_131.001288_> (length 140)
prokka_out/CA140717:NODE_5_length_162390_cov_131.001288_> (length 249)
prokka_out/CA140717:NODE_5_length_162390_cov_131.001288_> (length 392)
prokka_out/CA140717:NODE_5_length_162390_cov_131.001288_> (length 199)
prokka_out/CA140717:NODE_5_length_162390_cov_131.001288_> (length 530)
prokka_out/CA140717:NODE_5_length_162390_cov_131.001288_> (length 413)
prokka_out/CA140717:NODE_5_length_162390_cov_131.001288_> (length 261)
prokka_out/CA140717:NODE_5_length_162390_cov_131.001288_> (length 940)
prokka_out/CA140717:NODE_5_length_162390_cov_131.001288_> (length 177)
prokka_out/CA140717:NODE_5_length_162390_cov_131.001288_> (length 225)
prokka_out/CA140717:NODE_5_length_162390_cov_131.001288_> (length 196)
prokka_out/CA140717:NODE_5_length_162390_cov_131.001288_> (length 147)
prokka_out/CA140717:NODE_5_length_162390_cov_131.001288_> (length 879)
prokka_out/CA140717:NODE_5_length_162390_cov_131.001288_> (length 258)
prokka_out/CA140717:NODE_5_length_162390_cov_131.001288_> (length 243)
prokka_out/CA140717:NODE_5_length_162390_cov_131.001288_> (length 362)
prokka_out/CA140717:NODE_5_length_162390_cov_131.001288_> (length 198)
prokka_out/CA140717:NODE_5_length_162390_cov_131.001288_> (length 94)
prokka_out/CA140717:NODE_5_length_162390_cov_131.001288_> (length 137)
prokka_out/CA140717:NODE_5_length_162390_cov_131.001288_> (length 119)
prokka_out/CA140717:NODE_5_length_162390_cov_131.001288_> (length 48)
prokka_out/CA140717:NODE_5_length_162390_cov_131.001288_> (length 328)
prokka_out/CA140717:NODE_5_length_162390_cov_131.001288_> (length 325)
prokka_out/CA140717:NODE_5_length_162390_cov_131.001288_> (length 358)
prokka_out/CA140717:NODE_5_length_162390_cov_131.001288_> (length 387)
prokka_out/CA140717:NODE_5_length_162390_cov_131.001288_> (length 321)
prokka_out/CA140717:NODE_5_length_162390_cov_131.001288_> (length 147)
prokka_out/CA140717:NODE_5_length_162390_cov_131.001288_> (length 497)
prokka_out/CA140717:NODE_5_length_162390_cov_131.001288_> (length 235)
prokka_out/CA140717:NODE_5_length_162390_cov_131.001288_> (length 400)
prokka_out/CA140717:NODE_5_length_162390_cov_131.001288_> (length 136)
prokka_out/CA140717:NODE_5_length_162390_cov_131.001288_> (length 625)
prokka_out/CA140717:NODE_5_length_162390_cov_131.001288_> (length 276)
prokka_out/CA140717:NODE_5_length_162390_cov_131.001288_> (length 342)
prokka_out/CA140717:NODE_5_length_162390_cov_131.001288_> (length 560)
prokka_out/CA140717:NODE_5_length_162390_cov_131.001288_> (length 364)
prokka_out/CA140717:NODE_5_length_162390_cov_131.001288_> (length 359)
prokka_out/CA140717:NODE_5_length_162390_cov_131.001288_> (length 255)
prokka_out/CA140717:NODE_5_length_162390_cov_131.001288_> (length 402)
prokka_out/CA140717:NODE_5_length_162390_cov_131.001288_> (length 352)
prokka_out/CA140717:NODE_5_length_162390_cov_131.001288_> (length 180)
prokka_out/CA140717:NODE_5_length_162390_cov_131.001288_> (length 178)
prokka_out/CA140717:NODE_5_length_162390_cov_131.001288_> (length 108)
prokka_out/CA140717:NODE_5_length_162390_cov_131.001288_> (length 104)
prokka_out/CA140717:NODE_5_length_162390_cov_131.001288_> (length 201)
prokka_out/CA140717:NODE_5_length_162390_cov_131.001288_> (length 427)
prokka_out/CA140717:NODE_5_length_162390_cov_131.001288_> (length 380)
prokka_out/CA140717:NODE_5_length_162390_cov_131.001288_> (length 203)
prokka_out/CA140717:NODE_5_length_162390_cov_131.001288_> (length 228)
prokka_out/CA140717:NODE_5_length_162390_cov_131.001288_> (length 249)
prokka_out/CA140717:NODE_5_length_162390_cov_131.001288_> (length 133)
prokka_out/CA140717:NODE_5_length_162390_cov_131.001288_> (length 222)
prokka_out/CA140717:NODE_5_length_162390_cov_131.001288_> (length 294)
prokka_out/CA140717:NODE_5_length_162390_cov_131.001288_> (length 257)
prokka_out/CA140717:NODE_5_length_162390_cov_131.001288_> (length 274)
prokka_out/CA140717:NODE_5_length_162390_cov_131.001288_> (length 282)
prokka_out/CA140717:NODE_5_length_162390_cov_131.001288_> (length 126)
prokka_out/CA140717:NODE_5_length_162390_cov_131.001288_> (length 150)
prokka_out/CA140717:NODE_5_length_162390_cov_131.001288_> (length 218)
prokka_out/CA140717:NODE_5_length_162390_cov_131.001288_> (length 257)
prokka_out/CA140717:NODE_5_length_162390_cov_131.001288_> (length 144)
prokka_out/CA140717:NODE_5_length_162390_cov_131.001288_> (length 126)
prokka_out/CA140717:NODE_5_length_162390_cov_131.001288_> (length 80)
prokka_out/CA140717:NODE_5_length_162390_cov_131.001288_> (length 258)
prokka_out/CA140717:NODE_5_length_162390_cov_131.001288_> (length 267)
prokka_out/CA140717:NODE_5_length_162390_cov_131.001288_> (length 125)
prokka_out/CA140717:NODE_5_length_162390_cov_131.001288_> (length 65)
prokka_out/CA140717:NODE_5_length_162390_cov_131.001288_> (length 294)
prokka_out/CA140717:NODE_5_length_162390_cov_131.001288_> (length 363)
prokka_out/CA140717:NODE_5_length_162390_cov_131.001288_> (length 161)
prokka_out/CA140717:NODE_5_length_162390_cov_131.001288_> (length 211)
prokka_out/CA140717:NODE_5_length_162390_cov_131.001288_> (length 318)
prokka_out/CA140717:NODE_5_length_162390_cov_131.001288_> (length 764)
prokka_out/CA140717:NODE_5_length_162390_cov_131.001288_> (length 173)
prokka_out/CA140717:NODE_5_length_162390_cov_131.001288_> (length 207)
prokka_out/CA140717:NODE_5_length_162390_cov_131.001288_> (length 328)
prokka_out/CA140717:NODE_5_length_162390_cov_131.001288_> (length 140)
prokka_out/CA140717:NODE_5_length_162390_cov_131.001288_> (length 1089)
prokka_out/CA140717:NODE_5_length_162390_cov_131.001288_> (length 84)
prokka_out/CA140717:NODE_5_length_162390_cov_131.001288_> (length 238)
prokka_out/CA140717:NODE_5_length_162390_cov_131.001288_> (length 188)
prokka_out/CA140717:NODE_5_length_162390_cov_131.001288_> (length 484)
prokka_out/CA140717:NODE_5_length_162390_cov_131.001288_> (length 375)
prokka_out/CA140717:NODE_5_length_162390_cov_131.001288_> (length 291)
prokka_out/CA140717:NODE_5_length_162390_cov_131.001288_> (length 635)
prokka_out/CA140717:NODE_5_length_162390_cov_131.001288_> (length 307)
prokka_out/CA140717:NODE_5_length_162390_cov_131.001288_> (length 249)
prokka_out/CA140717:NODE_5_length_162390_cov_131.001288_> (length 346)
prokka_out/CA140717:NODE_5_length_162390_cov_131.001288_> (length 407)
prokka_out/CA140717:NODE_5_length_162390_cov_131.001288_> (length 263)
prokka_out/CA140717:NODE_5_length_162390_cov_131.001288_> (length 146)
prokka_out/CA140717:NODE_5_length_162390_cov_131.001288_> (length 363)
prokka_out/CA140717:NODE_5_length_162390_cov_131.001288_> (length 152)
prokka_out/CA140717:NODE_5_length_162390_cov_131.001288_> (length 68)
prokka_out/CA140717:NODE_5_length_162390_cov_131.001288_> (length 304)
prokka_out/CA140717:NODE_5_length_162390_cov_131.001288_> (length 360)
prokka_out/CA140717:NODE_5_length_162390_cov_131.001288_> (length 176)
prokka_out/CA140717:NODE_5_length_162390_cov_131.001288_> (length 169)
prokka_out/CA140717:NODE_6_length_129369_cov_135.307400 (length 129369)
prokka_out/CA140717:NODE_6_length_129369_cov_135.307400_1 (length 284)
prokka_out/CA140717:NODE_6_length_129369_cov_135.307400_2 (length 284)
prokka_out/CA140717:NODE_6_length_129369_cov_135.307400_3 (length 268)
prokka_out/CA140717:NODE_6_length_129369_cov_135.307400_4 (length 565)
prokka_out/CA140717:NODE_6_length_129369_cov_135.307400_5 (length 126)
prokka_out/CA140717:NODE_6_length_129369_cov_135.307400_6 (length 95)
prokka_out/CA140717:NODE_6_length_129369_cov_135.307400_7 (length 147)
prokka_out/CA140717:NODE_6_length_129369_cov_135.307400_8 (length 120)
prokka_out/CA140717:NODE_6_length_129369_cov_135.307400_9 (length 856)
prokka_out/CA140717:NODE_6_length_129369_cov_135.307400_> (length 97)
prokka_out/CA140717:NODE_6_length_129369_cov_135.307400_> (length 292)
prokka_out/CA140717:NODE_6_length_129369_cov_135.307400_> (length 133)
prokka_out/CA140717:NODE_6_length_129369_cov_135.307400_> (length 294)
prokka_out/CA140717:NODE_6_length_129369_cov_135.307400_> (length 457)
prokka_out/CA140717:NODE_6_length_129369_cov_135.307400_> (length 275)
prokka_out/CA140717:NODE_6_length_129369_cov_135.307400_> (length 738)
prokka_out/CA140717:NODE_6_length_129369_cov_135.307400_> (length 238)
prokka_out/CA140717:NODE_6_length_129369_cov_135.307400_> (length 280)
prokka_out/CA140717:NODE_6_length_129369_cov_135.307400_> (length 149)
prokka_out/CA140717:NODE_6_length_129369_cov_135.307400_> (length 117)
prokka_out/CA140717:NODE_6_length_129369_cov_135.307400_> (length 328)
prokka_out/CA140717:NODE_6_length_129369_cov_135.307400_> (length 308)
prokka_out/CA140717:NODE_6_length_129369_cov_135.307400_> (length 412)
prokka_out/CA140717:NODE_6_length_129369_cov_135.307400_> (length 230)
prokka_out/CA140717:NODE_6_length_129369_cov_135.307400_> (length 135)
prokka_out/CA140717:NODE_6_length_129369_cov_135.307400_> (length 204)
prokka_out/CA140717:NODE_6_length_129369_cov_135.307400_> (length 173)
prokka_out/CA140717:NODE_6_length_129369_cov_135.307400_> (length 251)
prokka_out/CA140717:NODE_6_length_129369_cov_135.307400_> (length 228)
prokka_out/CA140717:NODE_6_length_129369_cov_135.307400_> (length 324)
prokka_out/CA140717:NODE_6_length_129369_cov_135.307400_> (length 190)
prokka_out/CA140717:NODE_6_length_129369_cov_135.307400_> (length 317)
prokka_out/CA140717:NODE_6_length_129369_cov_135.307400_> (length 165)
prokka_out/CA140717:NODE_6_length_129369_cov_135.307400_> (length 403)
prokka_out/CA140717:NODE_6_length_129369_cov_135.307400_> (length 258)
prokka_out/CA140717:NODE_6_length_129369_cov_135.307400_> (length 129)
prokka_out/CA140717:NODE_6_length_129369_cov_135.307400_> (length 184)
prokka_out/CA140717:NODE_6_length_129369_cov_135.307400_> (length 129)
prokka_out/CA140717:NODE_6_length_129369_cov_135.307400_> (length 465)
prokka_out/CA140717:NODE_6_length_129369_cov_135.307400_> (length 294)
prokka_out/CA140717:NODE_6_length_129369_cov_135.307400_> (length 501)
prokka_out/CA140717:NODE_6_length_129369_cov_135.307400_> (length 173)
prokka_out/CA140717:NODE_6_length_129369_cov_135.307400_> (length 170)
prokka_out/CA140717:NODE_6_length_129369_cov_135.307400_> (length 141)
prokka_out/CA140717:NODE_6_length_129369_cov_135.307400_> (length 278)
prokka_out/CA140717:NODE_6_length_129369_cov_135.307400_> (length 261)
prokka_out/CA140717:NODE_6_length_129369_cov_135.307400_> (length 217)
prokka_out/CA140717:NODE_6_length_129369_cov_135.307400_> (length 306)
prokka_out/CA140717:NODE_6_length_129369_cov_135.307400_> (length 242)
prokka_out/CA140717:NODE_6_length_129369_cov_135.307400_> (length 44)
prokka_out/CA140717:NODE_6_length_129369_cov_135.307400_> (length 251)
prokka_out/CA140717:NODE_6_length_129369_cov_135.307400_> (length 279)
prokka_out/CA140717:NODE_6_length_129369_cov_135.307400_> (length 220)
prokka_out/CA140717:NODE_6_length_129369_cov_135.307400_> (length 67)
prokka_out/CA140717:NODE_6_length_129369_cov_135.307400_> (length 414)
prokka_out/CA140717:NODE_6_length_129369_cov_135.307400_> (length 343)
prokka_out/CA140717:NODE_6_length_129369_cov_135.307400_> (length 287)
prokka_out/CA140717:NODE_6_length_129369_cov_135.307400_> (length 89)
prokka_out/CA140717:NODE_6_length_129369_cov_135.307400_> (length 258)
prokka_out/CA140717:NODE_6_length_129369_cov_135.307400_> (length 57)
prokka_out/CA140717:NODE_6_length_129369_cov_135.307400_> (length 253)
prokka_out/CA140717:NODE_6_length_129369_cov_135.307400_> (length 254)
prokka_out/CA140717:NODE_6_length_129369_cov_135.307400_> (length 422)
prokka_out/CA140717:NODE_6_length_129369_cov_135.307400_> (length 391)
prokka_out/CA140717:NODE_6_length_129369_cov_135.307400_> (length 278)
prokka_out/CA140717:NODE_6_length_129369_cov_135.307400_> (length 700)
prokka_out/CA140717:NODE_6_length_129369_cov_135.307400_> (length 419)
prokka_out/CA140717:NODE_6_length_129369_cov_135.307400_> (length 421)
prokka_out/CA140717:NODE_6_length_129369_cov_135.307400_> (length 130)
prokka_out/CA140717:NODE_6_length_129369_cov_135.307400_> (length 147)
prokka_out/CA140717:NODE_6_length_129369_cov_135.307400_> (length 118)
prokka_out/CA140717:NODE_6_length_129369_cov_135.307400_> (length 178)
prokka_out/CA140717:NODE_6_length_129369_cov_135.307400_> (length 131)
prokka_out/CA140717:NODE_6_length_129369_cov_135.307400_> (length 61)
prokka_out/CA140717:NODE_6_length_129369_cov_135.307400_> (length 180)
prokka_out/CA140717:NODE_6_length_129369_cov_135.307400_> (length 77)
prokka_out/CA140717:NODE_6_length_129369_cov_135.307400_> (length 122)
prokka_out/CA140717:NODE_6_length_129369_cov_135.307400_> (length 83)
prokka_out/CA140717:NODE_6_length_129369_cov_135.307400_> (length 61)
prokka_out/CA140717:NODE_6_length_129369_cov_135.307400_> (length 141)
prokka_out/CA140717:NODE_6_length_129369_cov_135.307400_> (length 233)
prokka_out/CA140717:NODE_6_length_129369_cov_135.307400_> (length 135)
prokka_out/CA140717:NODE_6_length_129369_cov_135.307400_> (length 93)
prokka_out/CA140717:NODE_6_length_129369_cov_135.307400_> (length 276)
prokka_out/CA140717:NODE_6_length_129369_cov_135.307400_> (length 93)
prokka_out/CA140717:NODE_6_length_129369_cov_135.307400_> (length 204)
prokka_out/CA140717:NODE_6_length_129369_cov_135.307400_> (length 191)
prokka_out/CA140717:NODE_6_length_129369_cov_135.307400_> (length 103)
prokka_out/CA140717:NODE_6_length_129369_cov_135.307400_> (length 253)
prokka_out/CA140717:NODE_6_length_129369_cov_135.307400_> (length 676)
prokka_out/CA140717:NODE_6_length_129369_cov_135.307400_> (length 264)
prokka_out/CA140717:NODE_6_length_129369_cov_135.307400_> (length 178)
prokka_out/CA140717:NODE_6_length_129369_cov_135.307400_> (length 356)
prokka_out/CA140717:NODE_6_length_129369_cov_135.307400_> (length 34)
prokka_out/CA140717:NODE_6_length_129369_cov_135.307400_> (length 189)
prokka_out/CA140717:NODE_6_length_129369_cov_135.307400_> (length 137)
prokka_out/CA140717:NODE_6_length_129369_cov_135.307400_> (length 176)
prokka_out/CA140717:NODE_6_length_129369_cov_135.307400_> (length 200)
prokka_out/CA140717:NODE_6_length_129369_cov_135.307400_> (length 468)
prokka_out/CA140717:NODE_6_length_129369_cov_135.307400_> (length 358)
prokka_out/CA140717:NODE_6_length_129369_cov_135.307400_> (length 511)
prokka_out/CA140717:NODE_6_length_129369_cov_135.307400_> (length 209)
prokka_out/CA140717:NODE_6_length_129369_cov_135.307400_> (length 214)
prokka_out/CA140717:NODE_6_length_129369_cov_135.307400_> (length 108)
prokka_out/CA140717:NODE_6_length_129369_cov_135.307400_> (length 127)
prokka_out/CA140717:NODE_6_length_129369_cov_135.307400_> (length 199)
prokka_out/CA140717:NODE_6_length_129369_cov_135.307400_> (length 293)
prokka_out/CA140717:NODE_6_length_129369_cov_135.307400_> (length 73)
prokka_out/CA140717:NODE_6_length_129369_cov_135.307400_> (length 344)
prokka_out/CA140717:NODE_6_length_129369_cov_135.307400_> (length 423)
prokka_out/CA140717:NODE_6_length_129369_cov_135.307400_> (length 854)
prokka_out/CA140717:NODE_6_length_129369_cov_135.307400_> (length 158)
prokka_out/CA140717:NODE_6_length_129369_cov_135.307400_> (length 440)
prokka_out/CA140717:NODE_6_length_129369_cov_135.307400_> (length 355)
prokka_out/CA140717:NODE_6_length_129369_cov_135.307400_> (length 770)
prokka_out/CA140717:NODE_6_length_129369_cov_135.307400_> (length 125)
prokka_out/CA140717:NODE_6_length_129369_cov_135.307400_> (length 320)
prokka_out/CA140717:NODE_6_length_129369_cov_135.307400_> (length 54)
prokka_out/CA140717:NODE_6_length_129369_cov_135.307400_> (length 99)
prokka_out/CA140717:NODE_6_length_129369_cov_135.307400_> (length 548)
prokka_out/CA140717:NODE_6_length_129369_cov_135.307400_> (length 119)
prokka_out/CA140717:NODE_6_length_129369_cov_135.307400_> (length 433)
prokka_out/CA140717:NODE_6_length_129369_cov_135.307400_> (length 1496)
prokka_out/CA140717:NODE_6_length_129369_cov_135.307400_> (length 481)
prokka_out/CA140717:NODE_6_length_129369_cov_135.307400_> (length 202)
prokka_out/CA140717:NODE_6_length_129369_cov_135.307400_> (length 215)
prokka_out/CA140717:NODE_6_length_129369_cov_135.307400_> (length 558)
prokka_out/CA140717:NODE_6_length_129369_cov_135.307400_> (length 408)
prokka_out/CA140717:NODE_6_length_129369_cov_135.307400_> (length 224)
prokka_out/CA140717:NODE_6_length_129369_cov_135.307400_> (length 505)
prokka_out/CA140717:NODE_6_length_129369_cov_135.307400_> (length 55)
prokka_out/CA140717:NODE_6_length_129369_cov_135.307400_> (length 288)
prokka_out/CA140717:NODE_6_length_129369_cov_135.307400_> (length 311)
prokka_out/CA140717:NODE_6_length_129369_cov_135.307400_> (length 442)
prokka_out/CA140717:NODE_6_length_129369_cov_135.307400_> (length 789)
prokka_out/CA140717:NODE_6_length_129369_cov_135.307400_> (length 461)
prokka_out/CA140717:NODE_6_length_129369_cov_135.307400_> (length 207)
prokka_out/CA140717:NODE_6_length_129369_cov_135.307400_> (length 544)
prokka_out/CA140717:NODE_6_length_129369_cov_135.307400_> (length 523)
prokka_out/CA140717:NODE_6_length_129369_cov_135.307400_> (length 331)
prokka_out/CA140717:NODE_7_length_107807_cov_120.511413 (length 107807)
prokka_out/CA140717:NODE_7_length_107807_cov_120.511413_1 (length 440)
prokka_out/CA140717:NODE_7_length_107807_cov_120.511413_2 (length 289)
prokka_out/CA140717:NODE_7_length_107807_cov_120.511413_3 (length 114)
prokka_out/CA140717:NODE_7_length_107807_cov_120.511413_4 (length 282)
prokka_out/CA140717:NODE_7_length_107807_cov_120.511413_5 (length 285)
prokka_out/CA140717:NODE_7_length_107807_cov_120.511413_6 (length 115)
prokka_out/CA140717:NODE_7_length_107807_cov_120.511413_7 (length 424)
prokka_out/CA140717:NODE_7_length_107807_cov_120.511413_8 (length 101)
prokka_out/CA140717:NODE_7_length_107807_cov_120.511413_9 (length 167)
prokka_out/CA140717:NODE_7_length_107807_cov_120.511413_> (length 395)
prokka_out/CA140717:NODE_7_length_107807_cov_120.511413_> (length 769)
prokka_out/CA140717:NODE_7_length_107807_cov_120.511413_> (length 93)
prokka_out/CA140717:NODE_7_length_107807_cov_120.511413_> (length 266)
prokka_out/CA140717:NODE_7_length_107807_cov_120.511413_> (length 374)
prokka_out/CA140717:NODE_7_length_107807_cov_120.511413_> (length 431)
prokka_out/CA140717:NODE_7_length_107807_cov_120.511413_> (length 93)
prokka_out/CA140717:NODE_7_length_107807_cov_120.511413_> (length 542)
prokka_out/CA140717:NODE_7_length_107807_cov_120.511413_> (length 161)
prokka_out/CA140717:NODE_7_length_107807_cov_120.511413_> (length 164)
prokka_out/CA140717:NODE_7_length_107807_cov_120.511413_> (length 280)
prokka_out/CA140717:NODE_7_length_107807_cov_120.511413_> (length 65)
prokka_out/CA140717:NODE_7_length_107807_cov_120.511413_> (length 628)
prokka_out/CA140717:NODE_7_length_107807_cov_120.511413_> (length 315)
prokka_out/CA140717:NODE_7_length_107807_cov_120.511413_> (length 158)
prokka_out/CA140717:NODE_7_length_107807_cov_120.511413_> (length 848)
prokka_out/CA140717:NODE_7_length_107807_cov_120.511413_> (length 413)
prokka_out/CA140717:NODE_7_length_107807_cov_120.511413_> (length 249)
prokka_out/CA140717:NODE_7_length_107807_cov_120.511413_> (length 576)
prokka_out/CA140717:NODE_7_length_107807_cov_120.511413_> (length 362)
prokka_out/CA140717:NODE_7_length_107807_cov_120.511413_> (length 136)
prokka_out/CA140717:NODE_7_length_107807_cov_120.511413_> (length 152)
prokka_out/CA140717:NODE_7_length_107807_cov_120.511413_> (length 403)
prokka_out/CA140717:NODE_7_length_107807_cov_120.511413_> (length 240)
prokka_out/CA140717:NODE_7_length_107807_cov_120.511413_> (length 341)
prokka_out/CA140717:NODE_7_length_107807_cov_120.511413_> (length 259)
prokka_out/CA140717:NODE_7_length_107807_cov_120.511413_> (length 222)
prokka_out/CA140717:NODE_7_length_107807_cov_120.511413_> (length 205)
prokka_out/CA140717:NODE_7_length_107807_cov_120.511413_> (length 384)
prokka_out/CA140717:NODE_7_length_107807_cov_120.511413_> (length 429)
prokka_out/CA140717:NODE_7_length_107807_cov_120.511413_> (length 247)
prokka_out/CA140717:NODE_7_length_107807_cov_120.511413_> (length 86)
prokka_out/CA140717:NODE_7_length_107807_cov_120.511413_> (length 256)
prokka_out/CA140717:NODE_7_length_107807_cov_120.511413_> (length 441)
prokka_out/CA140717:NODE_7_length_107807_cov_120.511413_> (length 445)
prokka_out/CA140717:NODE_7_length_107807_cov_120.511413_> (length 239)
prokka_out/CA140717:NODE_7_length_107807_cov_120.511413_> (length 470)
prokka_out/CA140717:NODE_7_length_107807_cov_120.511413_> (length 310)
prokka_out/CA140717:NODE_7_length_107807_cov_120.511413_> (length 248)
prokka_out/CA140717:NODE_7_length_107807_cov_120.511413_> (length 198)
prokka_out/CA140717:NODE_7_length_107807_cov_120.511413_> (length 101)
prokka_out/CA140717:NODE_7_length_107807_cov_120.511413_> (length 259)
prokka_out/CA140717:NODE_7_length_107807_cov_120.511413_> (length 298)
prokka_out/CA140717:NODE_7_length_107807_cov_120.511413_> (length 413)
prokka_out/CA140717:NODE_7_length_107807_cov_120.511413_> (length 352)
prokka_out/CA140717:NODE_7_length_107807_cov_120.511413_> (length 577)
prokka_out/CA140717:NODE_7_length_107807_cov_120.511413_> (length 460)
prokka_out/CA140717:NODE_7_length_107807_cov_120.511413_> (length 483)
prokka_out/CA140717:NODE_7_length_107807_cov_120.511413_> (length 621)
prokka_out/CA140717:NODE_7_length_107807_cov_120.511413_> (length 183)
prokka_out/CA140717:NODE_7_length_107807_cov_120.511413_> (length 346)
prokka_out/CA140717:NODE_7_length_107807_cov_120.511413_> (length 71)
prokka_out/CA140717:NODE_7_length_107807_cov_120.511413_> (length 243)
prokka_out/CA140717:NODE_7_length_107807_cov_120.511413_> (length 475)
prokka_out/CA140717:NODE_7_length_107807_cov_120.511413_> (length 1169)
prokka_out/CA140717:NODE_7_length_107807_cov_120.511413_> (length 303)
prokka_out/CA140717:NODE_7_length_107807_cov_120.511413_> (length 274)
prokka_out/CA140717:NODE_7_length_107807_cov_120.511413_> (length 371)
prokka_out/CA140717:NODE_7_length_107807_cov_120.511413_> (length 165)
prokka_out/CA140717:NODE_7_length_107807_cov_120.511413_> (length 81)
prokka_out/CA140717:NODE_7_length_107807_cov_120.511413_> (length 193)
prokka_out/CA140717:NODE_7_length_107807_cov_120.511413_> (length 106)
prokka_out/CA140717:NODE_7_length_107807_cov_120.511413_> (length 226)
prokka_out/CA140717:NODE_7_length_107807_cov_120.511413_> (length 58)
prokka_out/CA140717:NODE_7_length_107807_cov_120.511413_> (length 111)
prokka_out/CA140717:NODE_7_length_107807_cov_120.511413_> (length 306)
prokka_out/CA140717:NODE_7_length_107807_cov_120.511413_> (length 173)
prokka_out/CA140717:NODE_7_length_107807_cov_120.511413_> (length 260)
prokka_out/CA140717:NODE_7_length_107807_cov_120.511413_> (length 246)
prokka_out/CA140717:NODE_7_length_107807_cov_120.511413_> (length 924)
prokka_out/CA140717:NODE_7_length_107807_cov_120.511413_> (length 175)
prokka_out/CA140717:NODE_7_length_107807_cov_120.511413_> (length 94)
prokka_out/CA140717:NODE_7_length_107807_cov_120.511413_> (length 86)
prokka_out/CA140717:NODE_7_length_107807_cov_120.511413_> (length 676)
prokka_out/CA140717:NODE_7_length_107807_cov_120.511413_> (length 309)
prokka_out/CA140717:NODE_7_length_107807_cov_120.511413_> (length 870)
prokka_out/CA140717:NODE_7_length_107807_cov_120.511413_> (length 336)
prokka_out/CA140717:NODE_7_length_107807_cov_120.511413_> (length 301)
prokka_out/CA140717:NODE_7_length_107807_cov_120.511413_> (length 257)
prokka_out/CA140717:NODE_7_length_107807_cov_120.511413_> (length 256)
prokka_out/CA140717:NODE_7_length_107807_cov_120.511413_> (length 258)
prokka_out/CA140717:NODE_7_length_107807_cov_120.511413_> (length 220)
prokka_out/CA140717:NODE_7_length_107807_cov_120.511413_> (length 187)
prokka_out/CA140717:NODE_7_length_107807_cov_120.511413_> (length 158)
prokka_out/CA140717:NODE_7_length_107807_cov_120.511413_> (length 192)
prokka_out/CA140717:NODE_7_length_107807_cov_120.511413_> (length 408)
prokka_out/CA140717:NODE_7_length_107807_cov_120.511413_> (length 611)
prokka_out/CA140717:NODE_7_length_107807_cov_120.511413_> (length 210)
prokka_out/CA140717:NODE_7_length_107807_cov_120.511413_> (length 389)
prokka_out/CA140717:NODE_7_length_107807_cov_120.511413_> (length 113)
prokka_out/CA140717:NODE_7_length_107807_cov_120.511413_> (length 340)
prokka_out/CA140717:NODE_7_length_107807_cov_120.511413_> (length 76)
prokka_out/CA140717:NODE_7_length_107807_cov_120.511413_> (length 95)
prokka_out/CA140717:NODE_7_length_107807_cov_120.511413_> (length 623)
prokka_out/CA140717:NODE_7_length_107807_cov_120.511413_> (length 176)
prokka_out/CA140717:NODE_7_length_107807_cov_120.511413_> (length 263)
prokka_out/CA140717:NODE_7_length_107807_cov_120.511413_> (length 696)
prokka_out/CA140717:NODE_7_length_107807_cov_120.511413_> (length 232)
prokka_out/CA140717:NODE_7_length_107807_cov_120.511413_> (length 127)
prokka_out/CA140717:NODE_7_length_107807_cov_120.511413_> (length 94)
prokka_out/CA140717:NODE_8_length_68092_cov_124.923578 (length 68092)
prokka_out/CA140717:NODE_8_length_68092_cov_124.923578_1 (length 73)
prokka_out/CA140717:NODE_8_length_68092_cov_124.923578_2 (length 353)
prokka_out/CA140717:NODE_8_length_68092_cov_124.923578_3 (length 520)
prokka_out/CA140717:NODE_8_length_68092_cov_124.923578_4 (length 138)
prokka_out/CA140717:NODE_8_length_68092_cov_124.923578_5 (length 297)
prokka_out/CA140717:NODE_8_length_68092_cov_124.923578_6 (length 76)
prokka_out/CA140717:NODE_8_length_68092_cov_124.923578_7 (length 247)
prokka_out/CA140717:NODE_8_length_68092_cov_124.923578_8 (length 438)
prokka_out/CA140717:NODE_8_length_68092_cov_124.923578_9 (length 376)
prokka_out/CA140717:NODE_8_length_68092_cov_124.923578_10 (length 334)
prokka_out/CA140717:NODE_8_length_68092_cov_124.923578_11 (length 186)
prokka_out/CA140717:NODE_8_length_68092_cov_124.923578_12 (length 151)
prokka_out/CA140717:NODE_8_length_68092_cov_124.923578_13 (length 443)
prokka_out/CA140717:NODE_8_length_68092_cov_124.923578_14 (length 271)
prokka_out/CA140717:NODE_8_length_68092_cov_124.923578_15 (length 463)
prokka_out/CA140717:NODE_8_length_68092_cov_124.923578_16 (length 411)
prokka_out/CA140717:NODE_8_length_68092_cov_124.923578_17 (length 208)
prokka_out/CA140717:NODE_8_length_68092_cov_124.923578_18 (length 223)
prokka_out/CA140717:NODE_8_length_68092_cov_124.923578_19 (length 216)
prokka_out/CA140717:NODE_8_length_68092_cov_124.923578_20 (length 447)
prokka_out/CA140717:NODE_8_length_68092_cov_124.923578_21 (length 339)
prokka_out/CA140717:NODE_8_length_68092_cov_124.923578_22 (length 147)
prokka_out/CA140717:NODE_8_length_68092_cov_124.923578_23 (length 566)
prokka_out/CA140717:NODE_8_length_68092_cov_124.923578_24 (length 154)
prokka_out/CA140717:NODE_8_length_68092_cov_124.923578_25 (length 317)
prokka_out/CA140717:NODE_8_length_68092_cov_124.923578_26 (length 341)
prokka_out/CA140717:NODE_8_length_68092_cov_124.923578_27 (length 248)
prokka_out/CA140717:NODE_8_length_68092_cov_124.923578_28 (length 134)
prokka_out/CA140717:NODE_8_length_68092_cov_124.923578_29 (length 355)
prokka_out/CA140717:NODE_8_length_68092_cov_124.923578_30 (length 156)
prokka_out/CA140717:NODE_8_length_68092_cov_124.923578_31 (length 400)
prokka_out/CA140717:NODE_8_length_68092_cov_124.923578_32 (length 177)
prokka_out/CA140717:NODE_8_length_68092_cov_124.923578_33 (length 203)
prokka_out/CA140717:NODE_8_length_68092_cov_124.923578_34 (length 380)
prokka_out/CA140717:NODE_8_length_68092_cov_124.923578_35 (length 646)
prokka_out/CA140717:NODE_8_length_68092_cov_124.923578_36 (length 334)
prokka_out/CA140717:NODE_8_length_68092_cov_124.923578_37 (length 249)
prokka_out/CA140717:NODE_8_length_68092_cov_124.923578_38 (length 278)
prokka_out/CA140717:NODE_8_length_68092_cov_124.923578_39 (length 234)
prokka_out/CA140717:NODE_8_length_68092_cov_124.923578_40 (length 67)
prokka_out/CA140717:NODE_8_length_68092_cov_124.923578_41 (length 210)
prokka_out/CA140717:NODE_8_length_68092_cov_124.923578_42 (length 216)
prokka_out/CA140717:NODE_8_length_68092_cov_124.923578_43 (length 208)
prokka_out/CA140717:NODE_8_length_68092_cov_124.923578_44 (length 273)
prokka_out/CA140717:NODE_8_length_68092_cov_124.923578_45 (length 354)
prokka_out/CA140717:NODE_8_length_68092_cov_124.923578_46 (length 484)
prokka_out/CA140717:NODE_8_length_68092_cov_124.923578_47 (length 316)
prokka_out/CA140717:NODE_8_length_68092_cov_124.923578_48 (length 289)
prokka_out/CA140717:NODE_8_length_68092_cov_124.923578_49 (length 151)
prokka_out/CA140717:NODE_8_length_68092_cov_124.923578_50 (length 394)
prokka_out/CA140717:NODE_8_length_68092_cov_124.923578_51 (length 218)
prokka_out/CA140717:NODE_8_length_68092_cov_124.923578_52 (length 69)
prokka_out/CA140717:NODE_8_length_68092_cov_124.923578_53 (length 89)
prokka_out/CA140717:NODE_8_length_68092_cov_124.923578_54 (length 160)
prokka_out/CA140717:NODE_8_length_68092_cov_124.923578_55 (length 738)
prokka_out/CA140717:NODE_8_length_68092_cov_124.923578_56 (length 682)
prokka_out/CA140717:NODE_8_length_68092_cov_124.923578_57 (length 150)
prokka_out/CA140717:NODE_8_length_68092_cov_124.923578_58 (length 416)
prokka_out/CA140717:NODE_8_length_68092_cov_124.923578_59 (length 486)
prokka_out/CA140717:NODE_8_length_68092_cov_124.923578_60 (length 185)
prokka_out/CA140717:NODE_8_length_68092_cov_124.923578_61 (length 202)
prokka_out/CA140717:NODE_8_length_68092_cov_124.923578_62 (length 511)
prokka_out/CA140717:NODE_8_length_68092_cov_124.923578_63 (length 158)
prokka_out/CA140717:NODE_8_length_68092_cov_124.923578_64 (length 604)
prokka_out/CA140717:NODE_8_length_68092_cov_124.923578_65 (length 397)
prokka_out/CA140717:NODE_8_length_68092_cov_124.923578_66 (length 300)
prokka_out/CA140717:NODE_8_length_68092_cov_124.923578_67 (length 340)
prokka_out/CA140717:NODE_8_length_68092_cov_124.923578_68 (length 103)
prokka_out/CA140717:NODE_8_length_68092_cov_124.923578_69 (length 201)
prokka_out/CA140717:NODE_8_length_68092_cov_124.923578_70 (length 366)
prokka_out/CA140717:NODE_8_length_68092_cov_124.923578_71 (length 255)
prokka_out/CA140717:NODE_8_length_68092_cov_124.923578_72 (length 325)
prokka_out/CA140717:NODE_9_length_52770_cov_129.889729 (length 52770)
prokka_out/CA140717:NODE_9_length_52770_cov_129.889729_1 (length 115)
prokka_out/CA140717:NODE_9_length_52770_cov_129.889729_2 (length 108)
prokka_out/CA140717:NODE_9_length_52770_cov_129.889729_3 (length 366)
prokka_out/CA140717:NODE_9_length_52770_cov_129.889729_4 (length 253)
prokka_out/CA140717:NODE_9_length_52770_cov_129.889729_5 (length 81)
prokka_out/CA140717:NODE_9_length_52770_cov_129.889729_6 (length 83)
prokka_out/CA140717:NODE_9_length_52770_cov_129.889729_7 (length 107)
prokka_out/CA140717:NODE_9_length_52770_cov_129.889729_8 (length 242)
prokka_out/CA140717:NODE_9_length_52770_cov_129.889729_9 (length 445)
prokka_out/CA140717:NODE_9_length_52770_cov_129.889729_10 (length 242)
prokka_out/CA140717:NODE_9_length_52770_cov_129.889729_11 (length 393)
prokka_out/CA140717:NODE_9_length_52770_cov_129.889729_12 (length 382)
prokka_out/CA140717:NODE_9_length_52770_cov_129.889729_13 (length 117)
prokka_out/CA140717:NODE_9_length_52770_cov_129.889729_14 (length 1750)
prokka_out/CA140717:NODE_9_length_52770_cov_129.889729_15 (length 740)
prokka_out/CA140717:NODE_9_length_52770_cov_129.889729_16 (length 173)
prokka_out/CA140717:NODE_9_length_52770_cov_129.889729_17 (length 133)
prokka_out/CA140717:NODE_9_length_52770_cov_129.889729_18 (length 344)
prokka_out/CA140717:NODE_9_length_52770_cov_129.889729_19 (length 267)
prokka_out/CA140717:NODE_9_length_52770_cov_129.889729_20 (length 602)
prokka_out/CA140717:NODE_9_length_52770_cov_129.889729_21 (length 172)
prokka_out/CA140717:NODE_9_length_52770_cov_129.889729_22 (length 367)
prokka_out/CA140717:NODE_9_length_52770_cov_129.889729_23 (length 342)
prokka_out/CA140717:NODE_9_length_52770_cov_129.889729_24 (length 148)
prokka_out/CA140717:NODE_9_length_52770_cov_129.889729_25 (length 279)
prokka_out/CA140717:NODE_9_length_52770_cov_129.889729_26 (length 394)
prokka_out/CA140717:NODE_9_length_52770_cov_129.889729_27 (length 209)
prokka_out/CA140717:NODE_9_length_52770_cov_129.889729_28 (length 179)
prokka_out/CA140717:NODE_9_length_52770_cov_129.889729_29 (length 462)
prokka_out/CA140717:NODE_9_length_52770_cov_129.889729_30 (length 340)
prokka_out/CA140717:NODE_9_length_52770_cov_129.889729_31 (length 136)
prokka_out/CA140717:NODE_9_length_52770_cov_129.889729_32 (length 202)
prokka_out/CA140717:NODE_9_length_52770_cov_129.889729_33 (length 185)
prokka_out/CA140717:NODE_9_length_52770_cov_129.889729_34 (length 118)
prokka_out/CA140717:NODE_9_length_52770_cov_129.889729_35 (length 231)
prokka_out/CA140717:NODE_9_length_52770_cov_129.889729_36 (length 211)
prokka_out/CA140717:NODE_9_length_52770_cov_129.889729_37 (length 627)
prokka_out/CA140717:NODE_9_length_52770_cov_129.889729_38 (length 323)
prokka_out/CA140717:NODE_9_length_52770_cov_129.889729_39 (length 393)
prokka_out/CA140717:NODE_9_length_52770_cov_129.889729_40 (length 388)
prokka_out/CA140717:NODE_9_length_52770_cov_129.889729_41 (length 63)
prokka_out/CA140717:NODE_9_length_52770_cov_129.889729_42 (length 117)
prokka_out/CA140717:NODE_9_length_52770_cov_129.889729_43 (length 287)
prokka_out/CA140717:NODE_9_length_52770_cov_129.889729_44 (length 158)
prokka_out/CA140717:NODE_9_length_52770_cov_129.889729_45 (length 436)
prokka_out/CA140717:NODE_9_length_52770_cov_129.889729_46 (length 50)
prokka_out/CA140717:NODE_9_length_52770_cov_129.889729_47 (length 157)
prokka_out/CA140717:NODE_9_length_52770_cov_129.889729_48 (length 87)
prokka_out/CA140717:NODE_9_length_52770_cov_129.889729_49 (length 378)
prokka_out/CA140717:NODE_9_length_52770_cov_129.889729_50 (length 252)
prokka_out/CA140717:NODE_9_length_52770_cov_129.889729_51 (length 515)
prokka_out/CA140717:NODE_9_length_52770_cov_129.889729_52 (length 118)
prokka_out/CA140717:NODE_9_length_52770_cov_129.889729_53 (length 80)
prokka_out/CA140717:NODE_9_length_52770_cov_129.889729_54 (length 334)
prokka_out/CA140717:NODE_9_length_52770_cov_129.889729_55 (length 124)
prokka_out/CA140717:NODE_9_length_52770_cov_129.889729_56 (length 236)
prokka_out/CA140717:NODE_9_length_52770_cov_129.889729_57 (length 66)
prokka_out/CA140717:NODE_10_length_45711_cov_128.792800 (length 45711)
prokka_out/CA140717:NODE_10_length_45711_cov_128.792800_1 (length 461)
prokka_out/CA140717:NODE_10_length_45711_cov_128.792800_2 (length 200)
prokka_out/CA140717:NODE_10_length_45711_cov_128.792800_3 (length 441)
prokka_out/CA140717:NODE_10_length_45711_cov_128.792800_4 (length 194)
prokka_out/CA140717:NODE_10_length_45711_cov_128.792800_5 (length 175)
prokka_out/CA140717:NODE_10_length_45711_cov_128.792800_6 (length 501)
prokka_out/CA140717:NODE_10_length_45711_cov_128.792800_7 (length 232)
prokka_out/CA140717:NODE_10_length_45711_cov_128.792800_8 (length 456)
prokka_out/CA140717:NODE_10_length_45711_cov_128.792800_9 (length 191)
prokka_out/CA140717:NODE_10_length_45711_cov_128.792800_> (length 29)
prokka_out/CA140717:NODE_10_length_45711_cov_128.792800_> (length 130)
prokka_out/CA140717:NODE_10_length_45711_cov_128.792800_> (length 238)
prokka_out/CA140717:NODE_10_length_45711_cov_128.792800_> (length 246)
prokka_out/CA140717:NODE_10_length_45711_cov_128.792800_> (length 69)
prokka_out/CA140717:NODE_10_length_45711_cov_128.792800_> (length 394)
prokka_out/CA140717:NODE_10_length_45711_cov_128.792800_> (length 453)
prokka_out/CA140717:NODE_10_length_45711_cov_128.792800_> (length 377)
prokka_out/CA140717:NODE_10_length_45711_cov_128.792800_> (length 406)
prokka_out/CA140717:NODE_10_length_45711_cov_128.792800_> (length 248)
prokka_out/CA140717:NODE_10_length_45711_cov_128.792800_> (length 136)
prokka_out/CA140717:NODE_10_length_45711_cov_128.792800_> (length 253)
prokka_out/CA140717:NODE_10_length_45711_cov_128.792800_> (length 758)
prokka_out/CA140717:NODE_10_length_45711_cov_128.792800_> (length 280)
prokka_out/CA140717:NODE_10_length_45711_cov_128.792800_> (length 40)
prokka_out/CA140717:NODE_10_length_45711_cov_128.792800_> (length 334)
prokka_out/CA140717:NODE_10_length_45711_cov_128.792800_> (length 538)
prokka_out/CA140717:NODE_10_length_45711_cov_128.792800_> (length 301)
prokka_out/CA140717:NODE_10_length_45711_cov_128.792800_> (length 401)
prokka_out/CA140717:NODE_10_length_45711_cov_128.792800_> (length 220)
prokka_out/CA140717:NODE_10_length_45711_cov_128.792800_> (length 97)
prokka_out/CA140717:NODE_10_length_45711_cov_128.792800_> (length 135)
prokka_out/CA140717:NODE_10_length_45711_cov_128.792800_> (length 187)
prokka_out/CA140717:NODE_10_length_45711_cov_128.792800_> (length 289)
prokka_out/CA140717:NODE_10_length_45711_cov_128.792800_> (length 294)
prokka_out/CA140717:NODE_10_length_45711_cov_128.792800_> (length 166)
prokka_out/CA140717:NODE_10_length_45711_cov_128.792800_> (length 172)
prokka_out/CA140717:NODE_10_length_45711_cov_128.792800_> (length 320)
prokka_out/CA140717:NODE_10_length_45711_cov_128.792800_> (length 247)
prokka_out/CA140717:NODE_10_length_45711_cov_128.792800_> (length 193)
prokka_out/CA140717:NODE_10_length_45711_cov_128.792800_> (length 140)
prokka_out/CA140717:NODE_10_length_45711_cov_128.792800_> (length 135)
prokka_out/CA140717:NODE_10_length_45711_cov_128.792800_> (length 217)
prokka_out/CA140717:NODE_10_length_45711_cov_128.792800_> (length 66)
prokka_out/CA140717:NODE_10_length_45711_cov_128.792800_> (length 274)
prokka_out/CA140717:NODE_10_length_45711_cov_128.792800_> (length 227)
prokka_out/CA140717:NODE_10_length_45711_cov_128.792800_> (length 315)
prokka_out/CA140717:NODE_10_length_45711_cov_128.792800_> (length 268)
prokka_out/CA140717:NODE_10_length_45711_cov_128.792800_> (length 401)
prokka_out/CA140717:NODE_10_length_45711_cov_128.792800_> (length 416)
prokka_out/CA140717:NODE_10_length_45711_cov_128.792800_> (length 112)
prokka_out/CA140717:NODE_10_length_45711_cov_128.792800_> (length 104)
prokka_out/CA140717:NODE_10_length_45711_cov_128.792800_> (length 312)
prokka_out/CA140717:NODE_10_length_45711_cov_128.792800_> (length 593)
prokka_out/CA140717:NODE_11_length_26788_cov_120.546041 (length 26788)
prokka_out/CA140717:NODE_11_length_26788_cov_120.546041_1 (length 256)
prokka_out/CA140717:NODE_11_length_26788_cov_120.546041_2 (length 235)
prokka_out/CA140717:NODE_11_length_26788_cov_120.546041_3 (length 301)
prokka_out/CA140717:NODE_11_length_26788_cov_120.546041_4 (length 341)
prokka_out/CA140717:NODE_11_length_26788_cov_120.546041_5 (length 384)
prokka_out/CA140717:NODE_11_length_26788_cov_120.546041_6 (length 334)
prokka_out/CA140717:NODE_11_length_26788_cov_120.546041_7 (length 119)
prokka_out/CA140717:NODE_11_length_26788_cov_120.546041_8 (length 89)
prokka_out/CA140717:NODE_11_length_26788_cov_120.546041_9 (length 373)
prokka_out/CA140717:NODE_11_length_26788_cov_120.546041_> (length 128)
prokka_out/CA140717:NODE_11_length_26788_cov_120.546041_> (length 105)
prokka_out/CA140717:NODE_11_length_26788_cov_120.546041_> (length 75)
prokka_out/CA140717:NODE_11_length_26788_cov_120.546041_> (length 82)
prokka_out/CA140717:NODE_11_length_26788_cov_120.546041_> (length 384)
prokka_out/CA140717:NODE_11_length_26788_cov_120.546041_> (length 330)
prokka_out/CA140717:NODE_11_length_26788_cov_120.546041_> (length 648)
prokka_out/CA140717:NODE_11_length_26788_cov_120.546041_> (length 343)
prokka_out/CA140717:NODE_11_length_26788_cov_120.546041_> (length 378)
prokka_out/CA140717:NODE_11_length_26788_cov_120.546041_> (length 201)
prokka_out/CA140717:NODE_11_length_26788_cov_120.546041_> (length 248)
prokka_out/CA140717:NODE_11_length_26788_cov_120.546041_> (length 157)
prokka_out/CA140717:NODE_11_length_26788_cov_120.546041_> (length 274)
prokka_out/CA140717:NODE_11_length_26788_cov_120.546041_> (length 232)
prokka_out/CA140717:NODE_11_length_26788_cov_120.546041_> (length 403)
prokka_out/CA140717:NODE_11_length_26788_cov_120.546041_> (length 310)
prokka_out/CA140717:NODE_11_length_26788_cov_120.546041_> (length 101)
prokka_out/CA140717:NODE_11_length_26788_cov_120.546041_> (length 238)
prokka_out/CA140717:NODE_11_length_26788_cov_120.546041_> (length 75)
prokka_out/CA140717:NODE_11_length_26788_cov_120.546041_> (length 239)
prokka_out/CA140717:NODE_11_length_26788_cov_120.546041_> (length 241)
prokka_out/CA140717:NODE_11_length_26788_cov_120.546041_> (length 502)
prokka_out/CA140717:NODE_12_length_6753_cov_462.150468 (length 6753)
prokka_out/CA140717:NODE_13_length_4677_cov_136.050989 (length 4677)
prokka_out/CA140717:NODE_13_length_4677_cov_136.050989_1 (length 626)
prokka_out/CA140717:NODE_13_length_4677_cov_136.050989_2 (length 363)
prokka_out/CA140717:NODE_14_length_2416_cov_115.372652 (length 2416)
prokka_out/CA140717:NODE_14_length_2416_cov_115.372652_1 (length 111)
prokka_out/CA140717:NODE_14_length_2416_cov_115.372652_2 (length 635)
prokka_out/CA140717:NODE_14_length_2416_cov_115.372652_3 (length 40)
prokka_out/CA140717:NODE_15_length_1759_cov_164.042279 (length 1759)
prokka_out/CA140717:NODE_15_length_1759_cov_164.042279_1 (length 111)
prokka_out/CA140717:NODE_20_length_770_cov_115.970451 (length 770)
prokka_out/CA140717:NODE_21_length_767_cov_120.664062 (length 767)
prokka_out/CA140717:NODE_24_length_592_cov_2.060215 (length 592)
prokka_out/CA140717:NODE_25_length_579_cov_2.035398 (length 579)
prokka_out/CA140717:NODE_36_length_470_cov_2.023324 (length 470)
prokka_out/CA140717:NODE_37_length_467_cov_595.732353 (length 467)
prokka_out/CA140717:NODE_55_length_433_cov_226.591503 (length 433)
prokka_out/CA140717:NODE_55_length_433_cov_226.591503_1 (length 86)
prokka_out/CA140717:NODE_60_length_423_cov_317.250000 (length 423)
prokka_out/CA140717:NODE_61_length_367_cov_287.687500 (length 367)
prokka_out/CA140717:NODE_62_length_294_cov_226.598802 (length 294)
prokka_out/CA140717:NODE_63_length_255_cov_149.015625 (length 255)
prokka_out/CA140717:NODE_64_length_252_cov_150.904000 (length 252)

DiscRep_ALL:DISC_INCONSISTENT_MOLINFO_TECH::Molinfo Technique Report (some missing, all same)
DiscRep_SUB:DISC_INCONSISTENT_MOLINFO_TECH::technique (all missing)
DiscRep_SUB:DISC_INCONSISTENT_MOLINFO_TECH::27 Molinfos are missing field technique
prokka_out/CA140717:NODE_1_length_379410_cov_119.795087 (length 379410)
prokka_out/CA140717:NODE_2_length_256043_cov_128.365530 (length 256043)
prokka_out/CA140717:NODE_3_length_238243_cov_132.438963 (length 238243)
prokka_out/CA140717:NODE_4_length_171631_cov_131.281562 (length 171631)
prokka_out/CA140717:NODE_5_length_162390_cov_131.001288 (length 162390)
prokka_out/CA140717:NODE_6_length_129369_cov_135.307400 (length 129369)
prokka_out/CA140717:NODE_7_length_107807_cov_120.511413 (length 107807)
prokka_out/CA140717:NODE_8_length_68092_cov_124.923578 (length 68092)
prokka_out/CA140717:NODE_9_length_52770_cov_129.889729 (length 52770)
prokka_out/CA140717:NODE_10_length_45711_cov_128.792800 (length 45711)
prokka_out/CA140717:NODE_11_length_26788_cov_120.546041 (length 26788)
prokka_out/CA140717:NODE_12_length_6753_cov_462.150468 (length 6753)
prokka_out/CA140717:NODE_13_length_4677_cov_136.050989 (length 4677)
prokka_out/CA140717:NODE_14_length_2416_cov_115.372652 (length 2416)
prokka_out/CA140717:NODE_15_length_1759_cov_164.042279 (length 1759)
prokka_out/CA140717:NODE_20_length_770_cov_115.970451 (length 770)
prokka_out/CA140717:NODE_21_length_767_cov_120.664062 (length 767)
prokka_out/CA140717:NODE_24_length_592_cov_2.060215 (length 592)
prokka_out/CA140717:NODE_25_length_579_cov_2.035398 (length 579)
prokka_out/CA140717:NODE_36_length_470_cov_2.023324 (length 470)
prokka_out/CA140717:NODE_37_length_467_cov_595.732353 (length 467)
prokka_out/CA140717:NODE_55_length_433_cov_226.591503 (length 433)
prokka_out/CA140717:NODE_60_length_423_cov_317.250000 (length 423)
prokka_out/CA140717:NODE_61_length_367_cov_287.687500 (length 367)
prokka_out/CA140717:NODE_62_length_294_cov_226.598802 (length 294)
prokka_out/CA140717:NODE_63_length_255_cov_149.015625 (length 255)
prokka_out/CA140717:NODE_64_length_252_cov_150.904000 (length 252)

DiscRep_ALL:SEQ_ID_PHRASES::Sequence Ids contain unacceptable phrases (cov_, length, node, paired, or trimmed)

